metric_sample_size,n_labels,ari,nmi,homogeneity,completeness,silhouette_label,trustworthiness_k30,work_package,dataset_id,method,environment,workflow,dimension,seed,pca_components,metric_sample_size_requested,n_cells,n_genes,runtime_seconds,max_rss_mb,matrix_path,label_path,embedding_path,analysis_inclusion,method_raw,method_id,parent_method,control_layer,source_file
2000,5,0.978061411049076,0.9678438440715608,0.9705520638751144,0.9651506961960976,0.6464115424307186,0.6345326426195959,WP3_visualization_workflow,default,UMAP,scrna-dr-py-modern-min,direct_2d,2,0,0,5000,2000,3000,29.34915876388549,605.5,datasets/simulate/default/counts_matrix.csv,datasets/simulate/default/cell_metadata.csv,revision_benchmark/results/embeddings/WP3_visualization_workflow/default/UMAP/direct_2d/seed_0.csv,planned_workflow_grid,UMAP,UMAP,UMAP,revision_visualization_workflow,revision_benchmark\results\source_data\wp3_visualization_workflow_long.csv
2000,5,0.9802512947093184,0.96995950438894,0.9723571122654632,0.967573691322764,0.6456031705319405,0.6351778630510787,WP3_visualization_workflow,default,UMAP,scrna-dr-py-modern-min,direct_2d,2,1,0,5000,2000,3000,13.04574489593506,680.36328125,datasets/simulate/default/counts_matrix.csv,datasets/simulate/default/cell_metadata.csv,revision_benchmark/results/embeddings/WP3_visualization_workflow/default/UMAP/direct_2d/seed_1.csv,planned_workflow_grid,UMAP,UMAP,UMAP,revision_visualization_workflow,revision_benchmark\results\source_data\wp3_visualization_workflow_long.csv
2000,5,0.9879151772438706,0.9805235565906144,0.9822828188103454,0.9787705847595112,0.6583705751524341,0.6364430715442995,WP3_visualization_workflow,default,UMAP,scrna-dr-py-modern-min,direct_2d,2,2,0,5000,2000,3000,12.233392715454102,680.36328125,datasets/simulate/default/counts_matrix.csv,datasets/simulate/default/cell_metadata.csv,revision_benchmark/results/embeddings/WP3_visualization_workflow/default/UMAP/direct_2d/seed_2.csv,planned_workflow_grid,UMAP,UMAP,UMAP,revision_visualization_workflow,revision_benchmark\results\source_data\wp3_visualization_workflow_long.csv
2000,5,1.0,1.0,1.0,1.0,0.9257566599789558,0.6478142832779057,WP3_visualization_workflow,default,UMAP,scrna-dr-py-modern-min,pca50_to_2d,2,0,50,5000,2000,3000,10.166799545288086,686.65234375,datasets/simulate/default/counts_matrix.csv,datasets/simulate/default/cell_metadata.csv,revision_benchmark/results/embeddings/WP3_visualization_workflow/default/UMAP/pca50_to_2d/seed_0.csv,planned_workflow_grid,UMAP,UMAP,UMAP,revision_visualization_workflow,revision_benchmark\results\source_data\wp3_visualization_workflow_long.csv
2000,5,1.0,1.0,1.0,1.0,0.918246577941244,0.6461626332395327,WP3_visualization_workflow,default,UMAP,scrna-dr-py-modern-min,pca50_to_2d,2,1,50,5000,2000,3000,13.206660270690918,686.65234375,datasets/simulate/default/counts_matrix.csv,datasets/simulate/default/cell_metadata.csv,revision_benchmark/results/embeddings/WP3_visualization_workflow/default/UMAP/pca50_to_2d/seed_1.csv,planned_workflow_grid,UMAP,UMAP,UMAP,revision_visualization_workflow,revision_benchmark\results\source_data\wp3_visualization_workflow_long.csv
2000,5,1.0,1.0,1.0,1.0,0.926541099566584,0.6460446746823569,WP3_visualization_workflow,default,UMAP,scrna-dr-py-modern-min,pca50_to_2d,2,2,50,5000,2000,3000,10.77532124519348,686.671875,datasets/simulate/default/counts_matrix.csv,datasets/simulate/default/cell_metadata.csv,revision_benchmark/results/embeddings/WP3_visualization_workflow/default/UMAP/pca50_to_2d/seed_2.csv,planned_workflow_grid,UMAP,UMAP,UMAP,revision_visualization_workflow,revision_benchmark\results\source_data\wp3_visualization_workflow_long.csv
2000,5,1.0,1.0,1.0,1.0,0.9340000483291364,0.6643044342116483,WP3_visualization_workflow,default,PaCMAP,scrna-dr-py-modern-min,direct_2d,2,0,0,5000,2000,3000,25.22335314750672,710.734375,datasets/simulate/default/counts_matrix.csv,datasets/simulate/default/cell_metadata.csv,revision_benchmark/results/embeddings/WP3_visualization_workflow/default/PaCMAP/direct_2d/seed_0.csv,planned_workflow_grid,PaCMAP,PaCMAP,PaCMAP,revision_visualization_workflow,revision_benchmark\results\source_data\wp3_visualization_workflow_long.csv
2000,5,1.0,1.0,1.0,1.0,0.9323736426595112,0.6640092009891703,WP3_visualization_workflow,default,PaCMAP,scrna-dr-py-modern-min,direct_2d,2,1,0,5000,2000,3000,13.00953221321106,784.23046875,datasets/simulate/default/counts_matrix.csv,datasets/simulate/default/cell_metadata.csv,revision_benchmark/results/embeddings/WP3_visualization_workflow/default/PaCMAP/direct_2d/seed_1.csv,planned_workflow_grid,PaCMAP,PaCMAP,PaCMAP,revision_visualization_workflow,revision_benchmark\results\source_data\wp3_visualization_workflow_long.csv
2000,5,1.0,1.0,1.0,1.0,0.9333258022001738,0.6615417156988147,WP3_visualization_workflow,default,PaCMAP,scrna-dr-py-modern-min,direct_2d,2,2,0,5000,2000,3000,16.06196427345276,786.03515625,datasets/simulate/default/counts_matrix.csv,datasets/simulate/default/cell_metadata.csv,revision_benchmark/results/embeddings/WP3_visualization_workflow/default/PaCMAP/direct_2d/seed_2.csv,planned_workflow_grid,PaCMAP,PaCMAP,PaCMAP,revision_visualization_workflow,revision_benchmark\results\source_data\wp3_visualization_workflow_long.csv
2000,5,0.9973165400901818,0.995374857810189,0.9951854119184588,0.995564375842404,0.9179253437711428,0.6550914044512663,WP3_visualization_workflow,default,PaCMAP,scrna-dr-py-modern-min,pca50_to_2d,2,0,50,5000,2000,3000,13.20291781425476,786.03515625,datasets/simulate/default/counts_matrix.csv,datasets/simulate/default/cell_metadata.csv,revision_benchmark/results/embeddings/WP3_visualization_workflow/default/PaCMAP/pca50_to_2d/seed_0.csv,planned_workflow_grid,PaCMAP,PaCMAP,PaCMAP,revision_visualization_workflow,revision_benchmark\results\source_data\wp3_visualization_workflow_long.csv
2000,5,0.9878943172148812,0.9845936880448724,0.9843641270898034,0.9848233560955232,0.9081377764468004,0.6554542679287115,WP3_visualization_workflow,default,PaCMAP,scrna-dr-py-modern-min,pca50_to_2d,2,1,50,5000,2000,3000,14.45078182220459,786.03515625,datasets/simulate/default/counts_matrix.csv,datasets/simulate/default/cell_metadata.csv,revision_benchmark/results/embeddings/WP3_visualization_workflow/default/PaCMAP/pca50_to_2d/seed_1.csv,planned_workflow_grid,PaCMAP,PaCMAP,PaCMAP,revision_visualization_workflow,revision_benchmark\results\source_data\wp3_visualization_workflow_long.csv
2000,5,0.9968074299128272,0.9956842249165052,0.9956362705638936,0.9957321838887369,0.9149089200379584,0.6571181291037775,WP3_visualization_workflow,default,PaCMAP,scrna-dr-py-modern-min,pca50_to_2d,2,2,50,5000,2000,3000,11.939814567565918,786.03515625,datasets/simulate/default/counts_matrix.csv,datasets/simulate/default/cell_metadata.csv,revision_benchmark/results/embeddings/WP3_visualization_workflow/default/PaCMAP/pca50_to_2d/seed_2.csv,planned_workflow_grid,PaCMAP,PaCMAP,PaCMAP,revision_visualization_workflow,revision_benchmark\results\source_data\wp3_visualization_workflow_long.csv
2000,5,0.9991581860451372,0.9978442880500716,0.9979590264233552,0.997729576057392,0.858822892918844,0.6472329581308092,WP3_visualization_workflow,default,PHATE,scrna-dr-py-modern-min,direct_2d,2,0,0,5000,2000,3000,30.53532838821411,1003.2421875,datasets/simulate/default/counts_matrix.csv,datasets/simulate/default/cell_metadata.csv,revision_benchmark/results/embeddings/WP3_visualization_workflow/default/PHATE/direct_2d/seed_0.csv,planned_workflow_grid,PHATE,PHATE,PHATE,revision_visualization_workflow,revision_benchmark\results\source_data\wp3_visualization_workflow_long.csv
2000,5,0.9983491330394484,0.995681547086411,0.9957960367742204,0.995567083722028,0.852990509395725,0.6472728830903044,WP3_visualization_workflow,default,PHATE,scrna-dr-py-modern-min,direct_2d,2,1,0,5000,2000,3000,19.52112364768982,1043.41015625,datasets/simulate/default/counts_matrix.csv,datasets/simulate/default/cell_metadata.csv,revision_benchmark/results/embeddings/WP3_visualization_workflow/default/PHATE/direct_2d/seed_1.csv,planned_workflow_grid,PHATE,PHATE,PHATE,revision_visualization_workflow,revision_benchmark\results\source_data\wp3_visualization_workflow_long.csv
2000,5,0.9986383104727556,0.996247090992974,0.996367252169814,0.9961269587953424,0.8599050344336571,0.647353483414343,WP3_visualization_workflow,default,PHATE,scrna-dr-py-modern-min,direct_2d,2,2,0,5000,2000,3000,32.8187038898468,1044.15234375,datasets/simulate/default/counts_matrix.csv,datasets/simulate/default/cell_metadata.csv,revision_benchmark/results/embeddings/WP3_visualization_workflow/default/PHATE/direct_2d/seed_2.csv,planned_workflow_grid,PHATE,PHATE,PHATE,revision_visualization_workflow,revision_benchmark\results\source_data\wp3_visualization_workflow_long.csv
2000,5,0.9989819793880592,0.9977999598906452,0.9976399312177318,0.9979600399113122,0.9136488936235684,0.6438351496546431,WP3_visualization_workflow,default,PHATE,scrna-dr-py-modern-min,pca50_to_2d,2,0,50,5000,2000,3000,31.04092764854431,1044.25390625,datasets/simulate/default/counts_matrix.csv,datasets/simulate/default/cell_metadata.csv,revision_benchmark/results/embeddings/WP3_visualization_workflow/default/PHATE/pca50_to_2d/seed_0.csv,planned_workflow_grid,PHATE,PHATE,PHATE,revision_visualization_workflow,revision_benchmark\results\source_data\wp3_visualization_workflow_long.csv
2000,5,0.99773701283858,0.996003623104475,0.9956362705638936,0.9963712468238034,0.8980778135628125,0.6401832608510275,WP3_visualization_workflow,default,PHATE,scrna-dr-py-modern-min,pca50_to_2d,2,1,50,5000,2000,3000,30.97318983078003,1044.25390625,datasets/simulate/default/counts_matrix.csv,datasets/simulate/default/cell_metadata.csv,revision_benchmark/results/embeddings/WP3_visualization_workflow/default/PHATE/pca50_to_2d/seed_1.csv,planned_workflow_grid,PHATE,PHATE,PHATE,revision_visualization_workflow,revision_benchmark\results\source_data\wp3_visualization_workflow_long.csv
2000,5,0.997011911213037,0.9934221956913876,0.9931952775341956,0.993649217561552,0.8970018545457034,0.6419007418777181,WP3_visualization_workflow,default,PHATE,scrna-dr-py-modern-min,pca50_to_2d,2,2,50,5000,2000,3000,34.81195902824402,1044.25390625,datasets/simulate/default/counts_matrix.csv,datasets/simulate/default/cell_metadata.csv,revision_benchmark/results/embeddings/WP3_visualization_workflow/default/PHATE/pca50_to_2d/seed_2.csv,planned_workflow_grid,PHATE,PHATE,PHATE,revision_visualization_workflow,revision_benchmark\results\source_data\wp3_visualization_workflow_long.csv
2000,7,0.9036134180095168,0.8815746433446305,0.8801333596212326,0.8830206552289585,0.5300397056096697,0.6397252153150847,WP3_visualization_workflow,celltype_7,UMAP,scrna-dr-py-modern-min,direct_2d,2,0,0,5000,2000,3000,16.29461979866028,1044.25390625,datasets/simulate/celltype_7/counts_matrix.csv,datasets/simulate/celltype_7/cell_metadata.csv,revision_benchmark/results/embeddings/WP3_visualization_workflow/celltype_7/UMAP/direct_2d/seed_0.csv,planned_workflow_grid,UMAP,UMAP,UMAP,revision_visualization_workflow,revision_benchmark\results\source_data\wp3_visualization_workflow_long.csv
2000,7,0.938304159664224,0.9217061946416422,0.9214350532936652,0.9219774956086176,0.5647895273102425,0.6449792956425343,WP3_visualization_workflow,celltype_7,UMAP,scrna-dr-py-modern-min,direct_2d,2,1,0,5000,2000,3000,14.40675163269043,1044.25390625,datasets/simulate/celltype_7/counts_matrix.csv,datasets/simulate/celltype_7/cell_metadata.csv,revision_benchmark/results/embeddings/WP3_visualization_workflow/celltype_7/UMAP/direct_2d/seed_1.csv,planned_workflow_grid,UMAP,UMAP,UMAP,revision_visualization_workflow,revision_benchmark\results\source_data\wp3_visualization_workflow_long.csv
2000,7,0.9324231321664536,0.916579375301612,0.9143157737283588,0.9188542128375408,0.5746583057730008,0.64375229811546,WP3_visualization_workflow,celltype_7,UMAP,scrna-dr-py-modern-min,direct_2d,2,2,0,5000,2000,3000,16.338985204696655,1044.25390625,datasets/simulate/celltype_7/counts_matrix.csv,datasets/simulate/celltype_7/cell_metadata.csv,revision_benchmark/results/embeddings/WP3_visualization_workflow/celltype_7/UMAP/direct_2d/seed_2.csv,planned_workflow_grid,UMAP,UMAP,UMAP,revision_visualization_workflow,revision_benchmark\results\source_data\wp3_visualization_workflow_long.csv
2000,7,1.0,1.0,1.0,1.0,0.941166104718244,0.6588902703163639,WP3_visualization_workflow,celltype_7,UMAP,scrna-dr-py-modern-min,pca50_to_2d,2,0,50,5000,2000,3000,12.746489524841309,1044.25390625,datasets/simulate/celltype_7/counts_matrix.csv,datasets/simulate/celltype_7/cell_metadata.csv,revision_benchmark/results/embeddings/WP3_visualization_workflow/celltype_7/UMAP/pca50_to_2d/seed_0.csv,planned_workflow_grid,UMAP,UMAP,UMAP,revision_visualization_workflow,revision_benchmark\results\source_data\wp3_visualization_workflow_long.csv
2000,7,1.0,1.0,1.0,1.0,0.9423926367048718,0.658939080753816,WP3_visualization_workflow,celltype_7,UMAP,scrna-dr-py-modern-min,pca50_to_2d,2,1,50,5000,2000,3000,13.495034456253052,1044.25390625,datasets/simulate/celltype_7/counts_matrix.csv,datasets/simulate/celltype_7/cell_metadata.csv,revision_benchmark/results/embeddings/WP3_visualization_workflow/celltype_7/UMAP/pca50_to_2d/seed_1.csv,planned_workflow_grid,UMAP,UMAP,UMAP,revision_visualization_workflow,revision_benchmark\results\source_data\wp3_visualization_workflow_long.csv
2000,7,1.0,1.0,1.0,1.0,0.946666289179688,0.6566061140956767,WP3_visualization_workflow,celltype_7,UMAP,scrna-dr-py-modern-min,pca50_to_2d,2,2,50,5000,2000,3000,12.36352252960205,1044.25390625,datasets/simulate/celltype_7/counts_matrix.csv,datasets/simulate/celltype_7/cell_metadata.csv,revision_benchmark/results/embeddings/WP3_visualization_workflow/celltype_7/UMAP/pca50_to_2d/seed_2.csv,planned_workflow_grid,UMAP,UMAP,UMAP,revision_visualization_workflow,revision_benchmark\results\source_data\wp3_visualization_workflow_long.csv
2000,7,1.0,1.0,1.0,1.0,0.9470884366154888,0.6811140530399932,WP3_visualization_workflow,celltype_7,PaCMAP,scrna-dr-py-modern-min,direct_2d,2,0,0,5000,2000,3000,24.66331267356873,1044.25390625,datasets/simulate/celltype_7/counts_matrix.csv,datasets/simulate/celltype_7/cell_metadata.csv,revision_benchmark/results/embeddings/WP3_visualization_workflow/celltype_7/PaCMAP/direct_2d/seed_0.csv,planned_workflow_grid,PaCMAP,PaCMAP,PaCMAP,revision_visualization_workflow,revision_benchmark\results\source_data\wp3_visualization_workflow_long.csv
2000,7,1.0,1.0,1.0,1.0,0.9476520370618386,0.6807815383303488,WP3_visualization_workflow,celltype_7,PaCMAP,scrna-dr-py-modern-min,direct_2d,2,1,0,5000,2000,3000,21.243018865585327,1044.25390625,datasets/simulate/celltype_7/counts_matrix.csv,datasets/simulate/celltype_7/cell_metadata.csv,revision_benchmark/results/embeddings/WP3_visualization_workflow/celltype_7/PaCMAP/direct_2d/seed_1.csv,planned_workflow_grid,PaCMAP,PaCMAP,PaCMAP,revision_visualization_workflow,revision_benchmark\results\source_data\wp3_visualization_workflow_long.csv
2000,7,1.0,1.0,1.0,1.0,0.9464100570266852,0.6823746141383134,WP3_visualization_workflow,celltype_7,PaCMAP,scrna-dr-py-modern-min,direct_2d,2,2,0,5000,2000,3000,21.82042551040649,1044.25390625,datasets/simulate/celltype_7/counts_matrix.csv,datasets/simulate/celltype_7/cell_metadata.csv,revision_benchmark/results/embeddings/WP3_visualization_workflow/celltype_7/PaCMAP/direct_2d/seed_2.csv,planned_workflow_grid,PaCMAP,PaCMAP,PaCMAP,revision_visualization_workflow,revision_benchmark\results\source_data\wp3_visualization_workflow_long.csv
2000,7,0.9975576108623464,0.996531531976555,0.9965260486986112,0.9965370153148416,0.9342995307263812,0.6716267672891618,WP3_visualization_workflow,celltype_7,PaCMAP,scrna-dr-py-modern-min,pca50_to_2d,2,0,50,5000,2000,3000,23.49288988113404,1044.25390625,datasets/simulate/celltype_7/counts_matrix.csv,datasets/simulate/celltype_7/cell_metadata.csv,revision_benchmark/results/embeddings/WP3_visualization_workflow/celltype_7/PaCMAP/pca50_to_2d/seed_0.csv,planned_workflow_grid,PaCMAP,PaCMAP,PaCMAP,revision_visualization_workflow,revision_benchmark\results\source_data\wp3_visualization_workflow_long.csv
2000,7,1.0,1.0,1.0,1.0,0.9386685365932034,0.6710136096188284,WP3_visualization_workflow,celltype_7,PaCMAP,scrna-dr-py-modern-min,pca50_to_2d,2,1,50,5000,2000,3000,20.60172462463379,1044.25390625,datasets/simulate/celltype_7/counts_matrix.csv,datasets/simulate/celltype_7/cell_metadata.csv,revision_benchmark/results/embeddings/WP3_visualization_workflow/celltype_7/PaCMAP/pca50_to_2d/seed_1.csv,planned_workflow_grid,PaCMAP,PaCMAP,PaCMAP,revision_visualization_workflow,revision_benchmark\results\source_data\wp3_visualization_workflow_long.csv
2000,7,0.9987495738321134,0.9982597605770028,0.998251453876326,0.9982680674159256,0.93551822633043,0.6710192120746994,WP3_visualization_workflow,celltype_7,PaCMAP,scrna-dr-py-modern-min,pca50_to_2d,2,2,50,5000,2000,3000,22.31196236610413,1044.25390625,datasets/simulate/celltype_7/counts_matrix.csv,datasets/simulate/celltype_7/cell_metadata.csv,revision_benchmark/results/embeddings/WP3_visualization_workflow/celltype_7/PaCMAP/pca50_to_2d/seed_2.csv,planned_workflow_grid,PaCMAP,PaCMAP,PaCMAP,revision_visualization_workflow,revision_benchmark\results\source_data\wp3_visualization_workflow_long.csv
2000,7,0.9946509127753328,0.9918801382050264,0.9919092252929524,0.9918510528229698,0.795465032555219,0.6661444614991046,WP3_visualization_workflow,celltype_7,PHATE,scrna-dr-py-modern-min,direct_2d,2,0,0,5000,2000,3000,39.66463470458984,1044.25390625,datasets/simulate/celltype_7/counts_matrix.csv,datasets/simulate/celltype_7/cell_metadata.csv,revision_benchmark/results/embeddings/WP3_visualization_workflow/celltype_7/PHATE/direct_2d/seed_0.csv,planned_workflow_grid,PHATE,PHATE,PHATE,revision_visualization_workflow,revision_benchmark\results\source_data\wp3_visualization_workflow_long.csv
2000,7,0.9978274688300232,0.9966000069087744,0.996659547784856,0.9965404731462634,0.8389216162054786,0.6655831499957363,WP3_visualization_workflow,celltype_7,PHATE,scrna-dr-py-modern-min,direct_2d,2,1,0,5000,2000,3000,39.37645483016968,1044.25390625,datasets/simulate/celltype_7/counts_matrix.csv,datasets/simulate/celltype_7/cell_metadata.csv,revision_benchmark/results/embeddings/WP3_visualization_workflow/celltype_7/PHATE/direct_2d/seed_1.csv,planned_workflow_grid,PHATE,PHATE,PHATE,revision_visualization_workflow,revision_benchmark\results\source_data\wp3_visualization_workflow_long.csv
2000,7,0.9886605564706904,0.9842219223922526,0.9843807650681228,0.9840631309707872,0.7545029908343011,0.6665716039907905,WP3_visualization_workflow,celltype_7,PHATE,scrna-dr-py-modern-min,direct_2d,2,2,0,5000,2000,3000,42.47632694244385,1044.25390625,datasets/simulate/celltype_7/counts_matrix.csv,datasets/simulate/celltype_7/cell_metadata.csv,revision_benchmark/results/embeddings/WP3_visualization_workflow/celltype_7/PHATE/direct_2d/seed_2.csv,planned_workflow_grid,PHATE,PHATE,PHATE,revision_visualization_workflow,revision_benchmark\results\source_data\wp3_visualization_workflow_long.csv
2000,7,0.9979958583667322,0.996646217791336,0.9965309726696858,0.9967614895714134,0.8800372803874177,0.6604218811290186,WP3_visualization_workflow,celltype_7,PHATE,scrna-dr-py-modern-min,pca50_to_2d,2,0,50,5000,2000,3000,30.55774068832397,1044.25390625,datasets/simulate/celltype_7/counts_matrix.csv,datasets/simulate/celltype_7/cell_metadata.csv,revision_benchmark/results/embeddings/WP3_visualization_workflow/celltype_7/PHATE/pca50_to_2d/seed_0.csv,planned_workflow_grid,PHATE,PHATE,PHATE,revision_visualization_workflow,revision_benchmark\results\source_data\wp3_visualization_workflow_long.csv
2000,7,0.9980341134474822,0.9966541372521304,0.9965467569477456,0.9967615406999798,0.8975362123904579,0.6581146584804298,WP3_visualization_workflow,celltype_7,PHATE,scrna-dr-py-modern-min,pca50_to_2d,2,1,50,5000,2000,3000,39.09742641448975,1044.25390625,datasets/simulate/celltype_7/counts_matrix.csv,datasets/simulate/celltype_7/cell_metadata.csv,revision_benchmark/results/embeddings/WP3_visualization_workflow/celltype_7/PHATE/pca50_to_2d/seed_1.csv,planned_workflow_grid,PHATE,PHATE,PHATE,revision_visualization_workflow,revision_benchmark\results\source_data\wp3_visualization_workflow_long.csv
2000,7,0.9978120831137433,0.9965966060292172,0.9965327757022732,0.9966604445336577,0.8899060162887932,0.6617749125948665,WP3_visualization_workflow,celltype_7,PHATE,scrna-dr-py-modern-min,pca50_to_2d,2,2,50,5000,2000,3000,37.19150996208191,1044.25390625,datasets/simulate/celltype_7/counts_matrix.csv,datasets/simulate/celltype_7/cell_metadata.csv,revision_benchmark/results/embeddings/WP3_visualization_workflow/celltype_7/PHATE/pca50_to_2d/seed_2.csv,planned_workflow_grid,PHATE,PHATE,PHATE,revision_visualization_workflow,revision_benchmark\results\source_data\wp3_visualization_workflow_long.csv
2000,11,0.1143270178133789,0.1690476720288582,0.169559534897486,0.1685388902614588,-0.121227899512773,0.5316951053125266,WP3_visualization_workflow,celltype_11,UMAP,scrna-dr-py-modern-min,direct_2d,2,0,0,5000,2000,3000,18.16124963760376,1044.25390625,datasets/simulate/celltype_11/counts_matrix.csv,datasets/simulate/celltype_11/cell_metadata.csv,revision_benchmark/results/embeddings/WP3_visualization_workflow/celltype_11/UMAP/direct_2d/seed_0.csv,planned_workflow_grid,UMAP,UMAP,UMAP,revision_visualization_workflow,revision_benchmark\results\source_data\wp3_visualization_workflow_long.csv
2000,11,0.1481621212627218,0.2100673031722603,0.2107531360711567,0.2093859194699099,-0.093449447321792,0.5372735055854012,WP3_visualization_workflow,celltype_11,UMAP,scrna-dr-py-modern-min,direct_2d,2,1,0,5000,2000,3000,18.121856212615967,1044.25390625,datasets/simulate/celltype_11/counts_matrix.csv,datasets/simulate/celltype_11/cell_metadata.csv,revision_benchmark/results/embeddings/WP3_visualization_workflow/celltype_11/UMAP/direct_2d/seed_1.csv,planned_workflow_grid,UMAP,UMAP,UMAP,revision_visualization_workflow,revision_benchmark\results\source_data\wp3_visualization_workflow_long.csv
2000,11,0.1122318437642172,0.1651958909915704,0.1656011328413681,0.1647926276315402,-0.1177352273124265,0.529812663085188,WP3_visualization_workflow,celltype_11,UMAP,scrna-dr-py-modern-min,direct_2d,2,2,0,5000,2000,3000,15.791366815567017,1044.25390625,datasets/simulate/celltype_11/counts_matrix.csv,datasets/simulate/celltype_11/cell_metadata.csv,revision_benchmark/results/embeddings/WP3_visualization_workflow/celltype_11/UMAP/direct_2d/seed_2.csv,planned_workflow_grid,UMAP,UMAP,UMAP,revision_visualization_workflow,revision_benchmark\results\source_data\wp3_visualization_workflow_long.csv
2000,11,1.0,0.9999999999999998,1.0,0.9999999999999998,0.9497089424839174,0.6575821522981155,WP3_visualization_workflow,celltype_11,UMAP,scrna-dr-py-modern-min,pca50_to_2d,2,0,50,5000,2000,3000,14.626096963882446,1044.25390625,datasets/simulate/celltype_11/counts_matrix.csv,datasets/simulate/celltype_11/cell_metadata.csv,revision_benchmark/results/embeddings/WP3_visualization_workflow/celltype_11/UMAP/pca50_to_2d/seed_0.csv,planned_workflow_grid,UMAP,UMAP,UMAP,revision_visualization_workflow,revision_benchmark\results\source_data\wp3_visualization_workflow_long.csv
2000,11,1.0,1.0,1.0,1.0,0.9539169813806097,0.6593938176856826,WP3_visualization_workflow,celltype_11,UMAP,scrna-dr-py-modern-min,pca50_to_2d,2,1,50,5000,2000,3000,14.2785382270813,1044.25390625,datasets/simulate/celltype_11/counts_matrix.csv,datasets/simulate/celltype_11/cell_metadata.csv,revision_benchmark/results/embeddings/WP3_visualization_workflow/celltype_11/UMAP/pca50_to_2d/seed_1.csv,planned_workflow_grid,UMAP,UMAP,UMAP,revision_visualization_workflow,revision_benchmark\results\source_data\wp3_visualization_workflow_long.csv
2000,11,1.0,1.0,1.0,1.0,0.9536550371662144,0.6570045791762599,WP3_visualization_workflow,celltype_11,UMAP,scrna-dr-py-modern-min,pca50_to_2d,2,2,50,5000,2000,3000,13.942094326019289,1044.25390625,datasets/simulate/celltype_11/counts_matrix.csv,datasets/simulate/celltype_11/cell_metadata.csv,revision_benchmark/results/embeddings/WP3_visualization_workflow/celltype_11/UMAP/pca50_to_2d/seed_2.csv,planned_workflow_grid,UMAP,UMAP,UMAP,revision_visualization_workflow,revision_benchmark\results\source_data\wp3_visualization_workflow_long.csv
2000,11,1.0,0.9999999999999998,1.0,0.9999999999999998,0.95021235629959,0.6900947301100026,WP3_visualization_workflow,celltype_11,PaCMAP,scrna-dr-py-modern-min,direct_2d,2,0,0,5000,2000,3000,38.65825319290161,1044.25390625,datasets/simulate/celltype_11/counts_matrix.csv,datasets/simulate/celltype_11/cell_metadata.csv,revision_benchmark/results/embeddings/WP3_visualization_workflow/celltype_11/PaCMAP/direct_2d/seed_0.csv,planned_workflow_grid,PaCMAP,PaCMAP,PaCMAP,revision_visualization_workflow,revision_benchmark\results\source_data\wp3_visualization_workflow_long.csv
2000,11,1.0,0.9999999999999998,1.0,0.9999999999999998,0.9519161405350984,0.6843822802080668,WP3_visualization_workflow,celltype_11,PaCMAP,scrna-dr-py-modern-min,direct_2d,2,1,0,5000,2000,3000,29.013925790786743,1044.25390625,datasets/simulate/celltype_11/counts_matrix.csv,datasets/simulate/celltype_11/cell_metadata.csv,revision_benchmark/results/embeddings/WP3_visualization_workflow/celltype_11/PaCMAP/direct_2d/seed_1.csv,planned_workflow_grid,PaCMAP,PaCMAP,PaCMAP,revision_visualization_workflow,revision_benchmark\results\source_data\wp3_visualization_workflow_long.csv
2000,11,1.0,0.9999999999999998,1.0,0.9999999999999998,0.9512014965366924,0.6892379125095932,WP3_visualization_workflow,celltype_11,PaCMAP,scrna-dr-py-modern-min,direct_2d,2,2,0,5000,2000,3000,27.27378940582276,1044.25390625,datasets/simulate/celltype_11/counts_matrix.csv,datasets/simulate/celltype_11/cell_metadata.csv,revision_benchmark/results/embeddings/WP3_visualization_workflow/celltype_11/PaCMAP/direct_2d/seed_2.csv,planned_workflow_grid,PaCMAP,PaCMAP,PaCMAP,revision_visualization_workflow,revision_benchmark\results\source_data\wp3_visualization_workflow_long.csv
2000,11,0.9988782244587848,0.9986774254102933,0.9986741566118984,0.9986806942300864,0.9425722441445692,0.6718641766862795,WP3_visualization_workflow,celltype_11,PaCMAP,scrna-dr-py-modern-min,pca50_to_2d,2,0,50,5000,2000,3000,28.508952617645264,1044.25390625,datasets/simulate/celltype_11/counts_matrix.csv,datasets/simulate/celltype_11/cell_metadata.csv,revision_benchmark/results/embeddings/WP3_visualization_workflow/celltype_11/PaCMAP/pca50_to_2d/seed_0.csv,planned_workflow_grid,PaCMAP,PaCMAP,PaCMAP,revision_visualization_workflow,revision_benchmark\results\source_data\wp3_visualization_workflow_long.csv
2000,11,0.997721682299249,0.9973485240765826,0.9973346053721934,0.9973624431694736,0.935900514752744,0.6744604928796794,WP3_visualization_workflow,celltype_11,PaCMAP,scrna-dr-py-modern-min,pca50_to_2d,2,1,50,5000,2000,3000,25.05030202865601,1044.25390625,datasets/simulate/celltype_11/counts_matrix.csv,datasets/simulate/celltype_11/cell_metadata.csv,revision_benchmark/results/embeddings/WP3_visualization_workflow/celltype_11/PaCMAP/pca50_to_2d/seed_1.csv,planned_workflow_grid,PaCMAP,PaCMAP,PaCMAP,revision_visualization_workflow,revision_benchmark\results\source_data\wp3_visualization_workflow_long.csv
2000,11,0.997762303354396,0.9976475070583204,0.997639887456441,0.9976551267765916,0.9360746253846204,0.6708815809669992,WP3_visualization_workflow,celltype_11,PaCMAP,scrna-dr-py-modern-min,pca50_to_2d,2,2,50,5000,2000,3000,30.994446516036987,1044.25390625,datasets/simulate/celltype_11/counts_matrix.csv,datasets/simulate/celltype_11/cell_metadata.csv,revision_benchmark/results/embeddings/WP3_visualization_workflow/celltype_11/PaCMAP/pca50_to_2d/seed_2.csv,planned_workflow_grid,PaCMAP,PaCMAP,PaCMAP,revision_visualization_workflow,revision_benchmark\results\source_data\wp3_visualization_workflow_long.csv
2000,11,0.9168130548639888,0.9277763507307164,0.924542626785592,0.9310327749244134,0.6800623400932059,0.6701532617037605,WP3_visualization_workflow,celltype_11,PHATE,scrna-dr-py-modern-min,direct_2d,2,0,0,5000,2000,3000,39.192957162857056,1044.33984375,datasets/simulate/celltype_11/counts_matrix.csv,datasets/simulate/celltype_11/cell_metadata.csv,revision_benchmark/results/embeddings/WP3_visualization_workflow/celltype_11/PHATE/direct_2d/seed_0.csv,planned_workflow_grid,PHATE,PHATE,PHATE,revision_visualization_workflow,revision_benchmark\results\source_data\wp3_visualization_workflow_long.csv
2000,11,0.945447681045178,0.941931110731838,0.9417310438182452,0.9421312626702912,0.6957800429818048,0.660016329837128,WP3_visualization_workflow,celltype_11,PHATE,scrna-dr-py-modern-min,direct_2d,2,1,0,5000,2000,3000,38.96812605857849,1044.33984375,datasets/simulate/celltype_11/counts_matrix.csv,datasets/simulate/celltype_11/cell_metadata.csv,revision_benchmark/results/embeddings/WP3_visualization_workflow/celltype_11/PHATE/direct_2d/seed_1.csv,planned_workflow_grid,PHATE,PHATE,PHATE,revision_visualization_workflow,revision_benchmark\results\source_data\wp3_visualization_workflow_long.csv
2000,11,0.9736770288125164,0.968304139364654,0.9676978790077227,0.9689111598390612,0.7234566051120874,0.6738692163383644,WP3_visualization_workflow,celltype_11,PHATE,scrna-dr-py-modern-min,direct_2d,2,2,0,5000,2000,3000,28.348915100097656,1044.33984375,datasets/simulate/celltype_11/counts_matrix.csv,datasets/simulate/celltype_11/cell_metadata.csv,revision_benchmark/results/embeddings/WP3_visualization_workflow/celltype_11/PHATE/direct_2d/seed_2.csv,planned_workflow_grid,PHATE,PHATE,PHATE,revision_visualization_workflow,revision_benchmark\results\source_data\wp3_visualization_workflow_long.csv
2000,11,0.9861309114152488,0.98386758033438,0.983611312767838,0.9841239814703098,0.8148196094105978,0.6645441715698814,WP3_visualization_workflow,celltype_11,PHATE,scrna-dr-py-modern-min,pca50_to_2d,2,0,50,5000,2000,3000,34.47391319274902,1044.33984375,datasets/simulate/celltype_11/counts_matrix.csv,datasets/simulate/celltype_11/cell_metadata.csv,revision_benchmark/results/embeddings/WP3_visualization_workflow/celltype_11/PHATE/pca50_to_2d/seed_0.csv,planned_workflow_grid,PHATE,PHATE,PHATE,revision_visualization_workflow,revision_benchmark\results\source_data\wp3_visualization_workflow_long.csv
2000,11,0.9951473221716056,0.9935914190234736,0.993358413049956,0.9938245343321938,0.804048951383695,0.6671946363093715,WP3_visualization_workflow,celltype_11,PHATE,scrna-dr-py-modern-min,pca50_to_2d,2,1,50,5000,2000,3000,27.066972017288208,1044.33984375,datasets/simulate/celltype_11/counts_matrix.csv,datasets/simulate/celltype_11/cell_metadata.csv,revision_benchmark/results/embeddings/WP3_visualization_workflow/celltype_11/PHATE/pca50_to_2d/seed_1.csv,planned_workflow_grid,PHATE,PHATE,PHATE,revision_visualization_workflow,revision_benchmark\results\source_data\wp3_visualization_workflow_long.csv
2000,11,0.9857585902348776,0.983472833954792,0.9829666176824974,0.9839795718866144,0.8089625424566363,0.664310821181888,WP3_visualization_workflow,celltype_11,PHATE,scrna-dr-py-modern-min,pca50_to_2d,2,2,50,5000,2000,3000,30.118826150894165,1044.33984375,datasets/simulate/celltype_11/counts_matrix.csv,datasets/simulate/celltype_11/cell_metadata.csv,revision_benchmark/results/embeddings/WP3_visualization_workflow/celltype_11/PHATE/pca50_to_2d/seed_2.csv,planned_workflow_grid,PHATE,PHATE,PHATE,revision_visualization_workflow,revision_benchmark\results\source_data\wp3_visualization_workflow_long.csv
2000,15,0.0471648018975442,0.0896788076963499,0.0905047448668867,0.088867809037044,-0.1356307021234991,0.5162903555896649,WP3_visualization_workflow,celltype_15,UMAP,scrna-dr-py-modern-min,direct_2d,2,0,0,5000,2000,3000,12.336729764938354,1044.33984375,datasets/simulate/celltype_15/counts_matrix.csv,datasets/simulate/celltype_15/cell_metadata.csv,revision_benchmark/results/embeddings/WP3_visualization_workflow/celltype_15/UMAP/direct_2d/seed_0.csv,planned_workflow_grid,UMAP,UMAP,UMAP,revision_visualization_workflow,revision_benchmark\results\source_data\wp3_visualization_workflow_long.csv
2000,15,0.0388755968973413,0.0806354882537879,0.081292733850676,0.079988784984733,-0.1530445493561536,0.5132098831755777,WP3_visualization_workflow,celltype_15,UMAP,scrna-dr-py-modern-min,direct_2d,2,1,0,5000,2000,3000,14.777769327163696,1044.33984375,datasets/simulate/celltype_15/counts_matrix.csv,datasets/simulate/celltype_15/cell_metadata.csv,revision_benchmark/results/embeddings/WP3_visualization_workflow/celltype_15/UMAP/direct_2d/seed_1.csv,planned_workflow_grid,UMAP,UMAP,UMAP,revision_visualization_workflow,revision_benchmark\results\source_data\wp3_visualization_workflow_long.csv
2000,15,0.0836045808606028,0.1276773755179593,0.128773984881105,0.126599285390863,-0.1284231479830918,0.5221365310821182,WP3_visualization_workflow,celltype_15,UMAP,scrna-dr-py-modern-min,direct_2d,2,2,0,5000,2000,3000,14.776858568191528,1044.33984375,datasets/simulate/celltype_15/counts_matrix.csv,datasets/simulate/celltype_15/cell_metadata.csv,revision_benchmark/results/embeddings/WP3_visualization_workflow/celltype_15/UMAP/direct_2d/seed_2.csv,planned_workflow_grid,UMAP,UMAP,UMAP,revision_visualization_workflow,revision_benchmark\results\source_data\wp3_visualization_workflow_long.csv
2000,15,1.0,1.0,1.0,1.0000000000000002,0.949836868124908,0.650362854950115,WP3_visualization_workflow,celltype_15,UMAP,scrna-dr-py-modern-min,pca50_to_2d,2,0,50,5000,2000,3000,11.506390571594238,1044.33984375,datasets/simulate/celltype_15/counts_matrix.csv,datasets/simulate/celltype_15/cell_metadata.csv,revision_benchmark/results/embeddings/WP3_visualization_workflow/celltype_15/UMAP/pca50_to_2d/seed_0.csv,planned_workflow_grid,UMAP,UMAP,UMAP,revision_visualization_workflow,revision_benchmark\results\source_data\wp3_visualization_workflow_long.csv
2000,15,1.0,1.0,1.0,1.0000000000000002,0.9462846136943406,0.646260731644922,WP3_visualization_workflow,celltype_15,UMAP,scrna-dr-py-modern-min,pca50_to_2d,2,1,50,5000,2000,3000,12.254462003707886,1044.33984375,datasets/simulate/celltype_15/counts_matrix.csv,datasets/simulate/celltype_15/cell_metadata.csv,revision_benchmark/results/embeddings/WP3_visualization_workflow/celltype_15/UMAP/pca50_to_2d/seed_1.csv,planned_workflow_grid,UMAP,UMAP,UMAP,revision_visualization_workflow,revision_benchmark\results\source_data\wp3_visualization_workflow_long.csv
2000,15,1.0,1.0,1.0,1.0,0.9545087934795286,0.6460756118359341,WP3_visualization_workflow,celltype_15,UMAP,scrna-dr-py-modern-min,pca50_to_2d,2,2,50,5000,2000,3000,11.525641441345217,1044.33984375,datasets/simulate/celltype_15/counts_matrix.csv,datasets/simulate/celltype_15/cell_metadata.csv,revision_benchmark/results/embeddings/WP3_visualization_workflow/celltype_15/UMAP/pca50_to_2d/seed_2.csv,planned_workflow_grid,UMAP,UMAP,UMAP,revision_visualization_workflow,revision_benchmark\results\source_data\wp3_visualization_workflow_long.csv
2000,15,1.0,1.0,1.0,1.0,0.9577667532117085,0.686684036838066,WP3_visualization_workflow,celltype_15,PaCMAP,scrna-dr-py-modern-min,direct_2d,2,0,0,5000,2000,3000,20.708037853240967,1044.33984375,datasets/simulate/celltype_15/counts_matrix.csv,datasets/simulate/celltype_15/cell_metadata.csv,revision_benchmark/results/embeddings/WP3_visualization_workflow/celltype_15/PaCMAP/direct_2d/seed_0.csv,planned_workflow_grid,PaCMAP,PaCMAP,PaCMAP,revision_visualization_workflow,revision_benchmark\results\source_data\wp3_visualization_workflow_long.csv
2000,15,0.9993431127140432,0.9989511769443522,0.9989460846946931,0.9989562692459282,0.956580469494608,0.6824397203035729,WP3_visualization_workflow,celltype_15,PaCMAP,scrna-dr-py-modern-min,direct_2d,2,1,0,5000,2000,3000,23.391252279281616,1044.33984375,datasets/simulate/celltype_15/counts_matrix.csv,datasets/simulate/celltype_15/cell_metadata.csv,revision_benchmark/results/embeddings/WP3_visualization_workflow/celltype_15/PaCMAP/direct_2d/seed_1.csv,planned_workflow_grid,PaCMAP,PaCMAP,PaCMAP,revision_visualization_workflow,revision_benchmark\results\source_data\wp3_visualization_workflow_long.csv
2000,15,0.9993111290868828,0.9989423232498628,0.9989500972218386,0.9989345493988824,0.9553427511130262,0.6863741536624883,WP3_visualization_workflow,celltype_15,PaCMAP,scrna-dr-py-modern-min,direct_2d,2,2,0,5000,2000,3000,15.957660913467407,1044.33984375,datasets/simulate/celltype_15/counts_matrix.csv,datasets/simulate/celltype_15/cell_metadata.csv,revision_benchmark/results/embeddings/WP3_visualization_workflow/celltype_15/PaCMAP/direct_2d/seed_2.csv,planned_workflow_grid,PaCMAP,PaCMAP,PaCMAP,revision_visualization_workflow,revision_benchmark\results\source_data\wp3_visualization_workflow_long.csv
2000,15,1.0,1.0,1.0,1.0000000000000002,0.9525774043148016,0.6660774281572439,WP3_visualization_workflow,celltype_15,PaCMAP,scrna-dr-py-modern-min,pca50_to_2d,2,0,50,5000,2000,3000,17.76113510131836,1044.33984375,datasets/simulate/celltype_15/counts_matrix.csv,datasets/simulate/celltype_15/cell_metadata.csv,revision_benchmark/results/embeddings/WP3_visualization_workflow/celltype_15/PaCMAP/pca50_to_2d/seed_0.csv,planned_workflow_grid,PaCMAP,PaCMAP,PaCMAP,revision_visualization_workflow,revision_benchmark\results\source_data\wp3_visualization_workflow_long.csv
2000,15,1.0,1.0,1.0,1.0,0.9521341643001818,0.6565733265114693,WP3_visualization_workflow,celltype_15,PaCMAP,scrna-dr-py-modern-min,pca50_to_2d,2,1,50,5000,2000,3000,21.82874250411988,1044.33984375,datasets/simulate/celltype_15/counts_matrix.csv,datasets/simulate/celltype_15/cell_metadata.csv,revision_benchmark/results/embeddings/WP3_visualization_workflow/celltype_15/PaCMAP/pca50_to_2d/seed_1.csv,planned_workflow_grid,PaCMAP,PaCMAP,PaCMAP,revision_visualization_workflow,revision_benchmark\results\source_data\wp3_visualization_workflow_long.csv
2000,15,1.0,1.0,1.0,1.0000000000000002,0.9509854319763236,0.6631560842500213,WP3_visualization_workflow,celltype_15,PaCMAP,scrna-dr-py-modern-min,pca50_to_2d,2,2,50,5000,2000,3000,9.349806308746338,1044.33984375,datasets/simulate/celltype_15/counts_matrix.csv,datasets/simulate/celltype_15/cell_metadata.csv,revision_benchmark/results/embeddings/WP3_visualization_workflow/celltype_15/PaCMAP/pca50_to_2d/seed_2.csv,planned_workflow_grid,PaCMAP,PaCMAP,PaCMAP,revision_visualization_workflow,revision_benchmark\results\source_data\wp3_visualization_workflow_long.csv
2000,15,0.8398225362761521,0.8461572941726186,0.8452900751856527,0.8470262944206339,0.5245721553766279,0.6464244308007163,WP3_visualization_workflow,celltype_15,PHATE,scrna-dr-py-modern-min,direct_2d,2,0,0,5000,2000,3000,35.60402321815491,1044.33984375,datasets/simulate/celltype_15/counts_matrix.csv,datasets/simulate/celltype_15/cell_metadata.csv,revision_benchmark/results/embeddings/WP3_visualization_workflow/celltype_15/PHATE/direct_2d/seed_0.csv,planned_workflow_grid,PHATE,PHATE,PHATE,revision_visualization_workflow,revision_benchmark\results\source_data\wp3_visualization_workflow_long.csv
2000,15,0.8328249146351938,0.8560384985931112,0.8545497310808776,0.8575324625187317,0.5352322269649382,0.6476589750149229,WP3_visualization_workflow,celltype_15,PHATE,scrna-dr-py-modern-min,direct_2d,2,1,0,5000,2000,3000,30.31098890304565,1044.33984375,datasets/simulate/celltype_15/counts_matrix.csv,datasets/simulate/celltype_15/cell_metadata.csv,revision_benchmark/results/embeddings/WP3_visualization_workflow/celltype_15/PHATE/direct_2d/seed_1.csv,planned_workflow_grid,PHATE,PHATE,PHATE,revision_visualization_workflow,revision_benchmark\results\source_data\wp3_visualization_workflow_long.csv
2000,15,0.8438287029375948,0.854792418658224,0.853955622763946,0.8556308561230468,0.5431966290637745,0.6479825530826298,WP3_visualization_workflow,celltype_15,PHATE,scrna-dr-py-modern-min,direct_2d,2,2,0,5000,2000,3000,35.552042961120605,1044.35546875,datasets/simulate/celltype_15/counts_matrix.csv,datasets/simulate/celltype_15/cell_metadata.csv,revision_benchmark/results/embeddings/WP3_visualization_workflow/celltype_15/PHATE/direct_2d/seed_2.csv,planned_workflow_grid,PHATE,PHATE,PHATE,revision_visualization_workflow,revision_benchmark\results\source_data\wp3_visualization_workflow_long.csv
2000,15,0.807272686867477,0.8612770100855947,0.8622760055992251,0.8602803266788478,0.5462250624599488,0.6368787328387482,WP3_visualization_workflow,celltype_15,PHATE,scrna-dr-py-modern-min,pca50_to_2d,2,0,50,5000,2000,3000,30.275254726409912,1044.35546875,datasets/simulate/celltype_15/counts_matrix.csv,datasets/simulate/celltype_15/cell_metadata.csv,revision_benchmark/results/embeddings/WP3_visualization_workflow/celltype_15/PHATE/pca50_to_2d/seed_0.csv,planned_workflow_grid,PHATE,PHATE,PHATE,revision_visualization_workflow,revision_benchmark\results\source_data\wp3_visualization_workflow_long.csv
2000,15,0.8374778439126489,0.8714483643835227,0.8742022497744512,0.8687117749198185,0.5654707792016381,0.633884045365396,WP3_visualization_workflow,celltype_15,PHATE,scrna-dr-py-modern-min,pca50_to_2d,2,1,50,5000,2000,3000,33.43447995185852,1044.35546875,datasets/simulate/celltype_15/counts_matrix.csv,datasets/simulate/celltype_15/cell_metadata.csv,revision_benchmark/results/embeddings/WP3_visualization_workflow/celltype_15/PHATE/pca50_to_2d/seed_1.csv,planned_workflow_grid,PHATE,PHATE,PHATE,revision_visualization_workflow,revision_benchmark\results\source_data\wp3_visualization_workflow_long.csv
2000,15,0.8562691538110969,0.8953832349274082,0.8928086947644849,0.8979726661322363,0.5442270672781306,0.6391496290611409,WP3_visualization_workflow,celltype_15,PHATE,scrna-dr-py-modern-min,pca50_to_2d,2,2,50,5000,2000,3000,38.3368456363678,1044.35546875,datasets/simulate/celltype_15/counts_matrix.csv,datasets/simulate/celltype_15/cell_metadata.csv,revision_benchmark/results/embeddings/WP3_visualization_workflow/celltype_15/PHATE/pca50_to_2d/seed_2.csv,planned_workflow_grid,PHATE,PHATE,PHATE,revision_visualization_workflow,revision_benchmark\results\source_data\wp3_visualization_workflow_long.csv
2000,5,0.4121669551430451,0.4055492985265197,0.4148146917737205,0.3966887699030422,0.1744716815846786,0.5598644154515221,WP3_visualization_workflow,dropout_0,UMAP,scrna-dr-py-modern-min,direct_2d,2,0,0,5000,2000,3000,18.2331702709198,1044.35546875,datasets/simulate/dropout_0/counts_matrix.csv,datasets/simulate/dropout_0/cell_metadata.csv,revision_benchmark/results/embeddings/WP3_visualization_workflow/dropout_0/UMAP/direct_2d/seed_0.csv,planned_workflow_grid,UMAP,UMAP,UMAP,revision_visualization_workflow,revision_benchmark\results\source_data\wp3_visualization_workflow_long.csv
2000,5,0.3953354561926751,0.4034991548411113,0.4124167782018979,0.3949590178954377,0.1684725931052166,0.5609032403854353,WP3_visualization_workflow,dropout_0,UMAP,scrna-dr-py-modern-min,direct_2d,2,1,0,5000,2000,3000,19.492292881011963,1044.35546875,datasets/simulate/dropout_0/counts_matrix.csv,datasets/simulate/dropout_0/cell_metadata.csv,revision_benchmark/results/embeddings/WP3_visualization_workflow/dropout_0/UMAP/direct_2d/seed_1.csv,planned_workflow_grid,UMAP,UMAP,UMAP,revision_visualization_workflow,revision_benchmark\results\source_data\wp3_visualization_workflow_long.csv
2000,5,0.4204690763473652,0.4261311986052925,0.4360867831086736,0.4166200277720054,0.1882859815747289,0.5620618572524942,WP3_visualization_workflow,dropout_0,UMAP,scrna-dr-py-modern-min,direct_2d,2,2,0,5000,2000,3000,17.0045382976532,1044.35546875,datasets/simulate/dropout_0/counts_matrix.csv,datasets/simulate/dropout_0/cell_metadata.csv,revision_benchmark/results/embeddings/WP3_visualization_workflow/dropout_0/UMAP/direct_2d/seed_2.csv,planned_workflow_grid,UMAP,UMAP,UMAP,revision_visualization_workflow,revision_benchmark\results\source_data\wp3_visualization_workflow_long.csv
2000,5,0.9978507370171538,0.9955764594234958,0.9952329068501912,0.9959202492661412,0.8285920826203128,0.6041959751001962,WP3_visualization_workflow,dropout_0,UMAP,scrna-dr-py-modern-min,pca50_to_2d,2,0,50,5000,2000,3000,17.875183582305908,1044.35546875,datasets/simulate/dropout_0/counts_matrix.csv,datasets/simulate/dropout_0/cell_metadata.csv,revision_benchmark/results/embeddings/WP3_visualization_workflow/dropout_0/UMAP/pca50_to_2d/seed_0.csv,planned_workflow_grid,UMAP,UMAP,UMAP,revision_visualization_workflow,revision_benchmark\results\source_data\wp3_visualization_workflow_long.csv
2000,5,0.9918143544827084,0.9834661227029896,0.9829390082954846,0.983993802758366,0.8430431637003811,0.6034920866376737,WP3_visualization_workflow,dropout_0,UMAP,scrna-dr-py-modern-min,pca50_to_2d,2,1,50,5000,2000,3000,12.196918964385986,1044.35546875,datasets/simulate/dropout_0/counts_matrix.csv,datasets/simulate/dropout_0/cell_metadata.csv,revision_benchmark/results/embeddings/WP3_visualization_workflow/dropout_0/UMAP/pca50_to_2d/seed_1.csv,planned_workflow_grid,UMAP,UMAP,UMAP,revision_visualization_workflow,revision_benchmark\results\source_data\wp3_visualization_workflow_long.csv
2000,5,0.9930806677376895,0.9850285609779138,0.9845609864762664,0.9854965797989969,0.812079298227878,0.6033167306216424,WP3_visualization_workflow,dropout_0,UMAP,scrna-dr-py-modern-min,pca50_to_2d,2,2,50,5000,2000,3000,13.934680461883543,1044.35546875,datasets/simulate/dropout_0/counts_matrix.csv,datasets/simulate/dropout_0/cell_metadata.csv,revision_benchmark/results/embeddings/WP3_visualization_workflow/dropout_0/UMAP/pca50_to_2d/seed_2.csv,planned_workflow_grid,UMAP,UMAP,UMAP,revision_visualization_workflow,revision_benchmark\results\source_data\wp3_visualization_workflow_long.csv
2000,5,0.9935263940717628,0.9852467601354667,0.9854562660877486,0.98503734324531,0.8303803319572791,0.621670921804383,WP3_visualization_workflow,dropout_0,PaCMAP,scrna-dr-py-modern-min,direct_2d,2,0,0,5000,2000,3000,28.423064470291138,1044.35546875,datasets/simulate/dropout_0/counts_matrix.csv,datasets/simulate/dropout_0/cell_metadata.csv,revision_benchmark/results/embeddings/WP3_visualization_workflow/dropout_0/PaCMAP/direct_2d/seed_0.csv,planned_workflow_grid,PaCMAP,PaCMAP,PaCMAP,revision_visualization_workflow,revision_benchmark\results\source_data\wp3_visualization_workflow_long.csv
2000,5,0.990589190273091,0.9819500308397828,0.9822111026310758,0.9816890977974172,0.8454318790348335,0.6233758591285068,WP3_visualization_workflow,dropout_0,PaCMAP,scrna-dr-py-modern-min,direct_2d,2,1,0,5000,2000,3000,36.34648585319519,1044.35546875,datasets/simulate/dropout_0/counts_matrix.csv,datasets/simulate/dropout_0/cell_metadata.csv,revision_benchmark/results/embeddings/WP3_visualization_workflow/dropout_0/PaCMAP/direct_2d/seed_1.csv,planned_workflow_grid,PaCMAP,PaCMAP,PaCMAP,revision_visualization_workflow,revision_benchmark\results\source_data\wp3_visualization_workflow_long.csv
2000,5,0.9909304734219524,0.979849908117569,0.9795376822281096,0.980162333113384,0.8249398914693734,0.62336421932293,WP3_visualization_workflow,dropout_0,PaCMAP,scrna-dr-py-modern-min,direct_2d,2,2,0,5000,2000,3000,32.73106598854065,1044.35546875,datasets/simulate/dropout_0/counts_matrix.csv,datasets/simulate/dropout_0/cell_metadata.csv,revision_benchmark/results/embeddings/WP3_visualization_workflow/dropout_0/PaCMAP/direct_2d/seed_2.csv,planned_workflow_grid,PaCMAP,PaCMAP,PaCMAP,revision_visualization_workflow,revision_benchmark\results\source_data\wp3_visualization_workflow_long.csv
2000,5,0.998866722464744,0.9977764261190204,0.9975929756324592,0.9979599440885564,0.8834065814948397,0.6190065745715017,WP3_visualization_workflow,dropout_0,PaCMAP,scrna-dr-py-modern-min,pca50_to_2d,2,0,50,5000,2000,3000,33.23884606361389,1044.35546875,datasets/simulate/dropout_0/counts_matrix.csv,datasets/simulate/dropout_0/cell_metadata.csv,revision_benchmark/results/embeddings/WP3_visualization_workflow/dropout_0/PaCMAP/pca50_to_2d/seed_0.csv,planned_workflow_grid,PaCMAP,PaCMAP,PaCMAP,revision_visualization_workflow,revision_benchmark\results\source_data\wp3_visualization_workflow_long.csv
2000,5,0.9981860596862684,0.995675159541157,0.995553669887566,0.9957966788496784,0.8792872859815448,0.6205191523833887,WP3_visualization_workflow,dropout_0,PaCMAP,scrna-dr-py-modern-min,pca50_to_2d,2,1,50,5000,2000,3000,40.66970181465149,1044.35546875,datasets/simulate/dropout_0/counts_matrix.csv,datasets/simulate/dropout_0/cell_metadata.csv,revision_benchmark/results/embeddings/WP3_visualization_workflow/dropout_0/PaCMAP/pca50_to_2d/seed_1.csv,planned_workflow_grid,PaCMAP,PaCMAP,PaCMAP,revision_visualization_workflow,revision_benchmark\results\source_data\wp3_visualization_workflow_long.csv
2000,5,0.9963362935399462,0.9931694690959668,0.9930716026069548,0.9932673548762236,0.8821445550139303,0.6167128933231005,WP3_visualization_workflow,dropout_0,PaCMAP,scrna-dr-py-modern-min,pca50_to_2d,2,2,50,5000,2000,3000,37.45547151565552,1044.35546875,datasets/simulate/dropout_0/counts_matrix.csv,datasets/simulate/dropout_0/cell_metadata.csv,revision_benchmark/results/embeddings/WP3_visualization_workflow/dropout_0/PaCMAP/pca50_to_2d/seed_2.csv,planned_workflow_grid,PaCMAP,PaCMAP,PaCMAP,revision_visualization_workflow,revision_benchmark\results\source_data\wp3_visualization_workflow_long.csv
2000,5,0.8296179747165294,0.8798699335875306,0.8804366658832735,0.879303930427443,0.6084670345848822,0.5804466189136182,WP3_visualization_workflow,dropout_0,PHATE,scrna-dr-py-modern-min,direct_2d,2,0,0,5000,2000,3000,44.6485595703125,1044.35546875,datasets/simulate/dropout_0/counts_matrix.csv,datasets/simulate/dropout_0/cell_metadata.csv,revision_benchmark/results/embeddings/WP3_visualization_workflow/dropout_0/PHATE/direct_2d/seed_0.csv,planned_workflow_grid,PHATE,PHATE,PHATE,revision_visualization_workflow,revision_benchmark\results\source_data\wp3_visualization_workflow_long.csv
2000,5,0.9683284360726292,0.949072964830276,0.9516157679075596,0.9465437147360846,0.6991414290409861,0.58744496461158,WP3_visualization_workflow,dropout_0,PHATE,scrna-dr-py-modern-min,direct_2d,2,1,0,5000,2000,3000,56.36527299880981,1044.35546875,datasets/simulate/dropout_0/counts_matrix.csv,datasets/simulate/dropout_0/cell_metadata.csv,revision_benchmark/results/embeddings/WP3_visualization_workflow/dropout_0/PHATE/direct_2d/seed_1.csv,planned_workflow_grid,PHATE,PHATE,PHATE,revision_visualization_workflow,revision_benchmark\results\source_data\wp3_visualization_workflow_long.csv
2000,5,0.9592377326626028,0.9312870877276354,0.9317241971657444,0.9308503882285776,0.6451666794156616,0.5863588641596316,WP3_visualization_workflow,dropout_0,PHATE,scrna-dr-py-modern-min,direct_2d,2,2,0,5000,2000,3000,61.636857748031616,1044.35546875,datasets/simulate/dropout_0/counts_matrix.csv,datasets/simulate/dropout_0/cell_metadata.csv,revision_benchmark/results/embeddings/WP3_visualization_workflow/dropout_0/PHATE/direct_2d/seed_2.csv,planned_workflow_grid,PHATE,PHATE,PHATE,revision_visualization_workflow,revision_benchmark\results\source_data\wp3_visualization_workflow_long.csv
2000,5,0.9934224495886758,0.9853625202475328,0.9857975808484352,0.984927843486545,0.76857000003737,0.5886757653278758,WP3_visualization_workflow,dropout_0,PHATE,scrna-dr-py-modern-min,pca50_to_2d,2,0,50,5000,2000,3000,55.87552309036255,1044.35546875,datasets/simulate/dropout_0/counts_matrix.csv,datasets/simulate/dropout_0/cell_metadata.csv,revision_benchmark/results/embeddings/WP3_visualization_workflow/dropout_0/PHATE/pca50_to_2d/seed_0.csv,planned_workflow_grid,PHATE,PHATE,PHATE,revision_visualization_workflow,revision_benchmark\results\source_data\wp3_visualization_workflow_long.csv
2000,5,0.9900388957735596,0.9801103806066536,0.9811656651107622,0.9790573636684832,0.7658661797489648,0.5912087490406753,WP3_visualization_workflow,dropout_0,PHATE,scrna-dr-py-modern-min,pca50_to_2d,2,1,50,5000,2000,3000,54.68909525871277,1044.35546875,datasets/simulate/dropout_0/counts_matrix.csv,datasets/simulate/dropout_0/cell_metadata.csv,revision_benchmark/results/embeddings/WP3_visualization_workflow/dropout_0/PHATE/pca50_to_2d/seed_1.csv,planned_workflow_grid,PHATE,PHATE,PHATE,revision_visualization_workflow,revision_benchmark\results\source_data\wp3_visualization_workflow_long.csv
2000,5,0.9711912575062605,0.9477964168737036,0.9474591107825968,0.948133963219862,0.6705632371118532,0.5876648332906966,WP3_visualization_workflow,dropout_0,PHATE,scrna-dr-py-modern-min,pca50_to_2d,2,2,50,5000,2000,3000,45.06208205223084,1044.35546875,datasets/simulate/dropout_0/counts_matrix.csv,datasets/simulate/dropout_0/cell_metadata.csv,revision_benchmark/results/embeddings/WP3_visualization_workflow/dropout_0/PHATE/pca50_to_2d/seed_2.csv,planned_workflow_grid,PHATE,PHATE,PHATE,revision_visualization_workflow,revision_benchmark\results\source_data\wp3_visualization_workflow_long.csv
2000,5,0.0113046323274632,0.0164269940690224,0.0167014646799431,0.01616139885907,-0.0651166096811744,0.7688517182570137,WP3_visualization_workflow,batch_1.0,UMAP,scrna-dr-py-modern-min,direct_2d,2,0,0,5000,2000,3000,10.879019975662231,1044.35546875,datasets/simulate/batch_1.0/counts_matrix.csv,datasets/simulate/batch_1.0/cell_metadata.csv,revision_benchmark/results/embeddings/WP3_visualization_workflow/batch_1.0/UMAP/direct_2d/seed_0.csv,planned_workflow_grid,UMAP,UMAP,UMAP,revision_visualization_workflow,revision_benchmark\results\source_data\wp3_visualization_workflow_long.csv
2000,5,0.0095490671455129,0.0142619950470405,0.0144884181224265,0.0140425400942971,-0.0571217422483158,0.7670338364458088,WP3_visualization_workflow,batch_1.0,UMAP,scrna-dr-py-modern-min,direct_2d,2,1,0,5000,2000,3000,9.778233051300049,1044.35546875,datasets/simulate/batch_1.0/counts_matrix.csv,datasets/simulate/batch_1.0/cell_metadata.csv,revision_benchmark/results/embeddings/WP3_visualization_workflow/batch_1.0/UMAP/direct_2d/seed_1.csv,planned_workflow_grid,UMAP,UMAP,UMAP,revision_visualization_workflow,revision_benchmark\results\source_data\wp3_visualization_workflow_long.csv
2000,5,0.0190168044028781,0.0206659527379562,0.0210022675528793,0.020340239157247,-0.0579962459395822,0.7690754498166624,WP3_visualization_workflow,batch_1.0,UMAP,scrna-dr-py-modern-min,direct_2d,2,2,0,5000,2000,3000,8.195333480834961,1044.35546875,datasets/simulate/batch_1.0/counts_matrix.csv,datasets/simulate/batch_1.0/cell_metadata.csv,revision_benchmark/results/embeddings/WP3_visualization_workflow/batch_1.0/UMAP/direct_2d/seed_2.csv,planned_workflow_grid,UMAP,UMAP,UMAP,revision_visualization_workflow,revision_benchmark\results\source_data\wp3_visualization_workflow_long.csv
2000,5,0.2995665383208329,0.3744143844523133,0.379069178895438,0.369872520724042,-0.0025535269356386,0.7878784173275347,WP3_visualization_workflow,batch_1.0,UMAP,scrna-dr-py-modern-min,pca50_to_2d,2,0,50,5000,2000,3000,7.62443470954895,1044.35546875,datasets/simulate/batch_1.0/counts_matrix.csv,datasets/simulate/batch_1.0/cell_metadata.csv,revision_benchmark/results/embeddings/WP3_visualization_workflow/batch_1.0/UMAP/pca50_to_2d/seed_0.csv,planned_workflow_grid,UMAP,UMAP,UMAP,revision_visualization_workflow,revision_benchmark\results\source_data\wp3_visualization_workflow_long.csv
2000,5,0.3038714665419818,0.381010407566331,0.3868674408835545,0.3753280760644137,-0.0311903574884493,0.7884416986441545,WP3_visualization_workflow,batch_1.0,UMAP,scrna-dr-py-modern-min,pca50_to_2d,2,1,50,5000,2000,3000,6.667505025863648,1044.35546875,datasets/simulate/batch_1.0/counts_matrix.csv,datasets/simulate/batch_1.0/cell_metadata.csv,revision_benchmark/results/embeddings/WP3_visualization_workflow/batch_1.0/UMAP/pca50_to_2d/seed_1.csv,planned_workflow_grid,UMAP,UMAP,UMAP,revision_visualization_workflow,revision_benchmark\results\source_data\wp3_visualization_workflow_long.csv
2000,5,0.2846237931282134,0.3649791044274368,0.3699138726551345,0.3601742656422135,-0.0165715090383708,0.7878109576191694,WP3_visualization_workflow,batch_1.0,UMAP,scrna-dr-py-modern-min,pca50_to_2d,2,2,50,5000,2000,3000,6.365848779678345,1044.35546875,datasets/simulate/batch_1.0/counts_matrix.csv,datasets/simulate/batch_1.0/cell_metadata.csv,revision_benchmark/results/embeddings/WP3_visualization_workflow/batch_1.0/UMAP/pca50_to_2d/seed_2.csv,planned_workflow_grid,UMAP,UMAP,UMAP,revision_visualization_workflow,revision_benchmark\results\source_data\wp3_visualization_workflow_long.csv
2000,5,0.2232645015636833,0.2558391873800743,0.2599671958884334,0.2518402266844841,-0.0574045074648032,0.7858765498422444,WP3_visualization_workflow,batch_1.0,PaCMAP,scrna-dr-py-modern-min,direct_2d,2,0,0,5000,2000,3000,17.270429611206055,1044.35546875,datasets/simulate/batch_1.0/counts_matrix.csv,datasets/simulate/batch_1.0/cell_metadata.csv,revision_benchmark/results/embeddings/WP3_visualization_workflow/batch_1.0/PaCMAP/direct_2d/seed_0.csv,planned_workflow_grid,PaCMAP,PaCMAP,PaCMAP,revision_visualization_workflow,revision_benchmark\results\source_data\wp3_visualization_workflow_long.csv
2000,5,0.2063160907956865,0.2321999434756636,0.236013508550149,0.2285076597757746,-0.0557592334404411,0.7844163468917882,WP3_visualization_workflow,batch_1.0,PaCMAP,scrna-dr-py-modern-min,direct_2d,2,1,0,5000,2000,3000,16.246759176254272,1044.35546875,datasets/simulate/batch_1.0/counts_matrix.csv,datasets/simulate/batch_1.0/cell_metadata.csv,revision_benchmark/results/embeddings/WP3_visualization_workflow/batch_1.0/PaCMAP/direct_2d/seed_1.csv,planned_workflow_grid,PaCMAP,PaCMAP,PaCMAP,revision_visualization_workflow,revision_benchmark\results\source_data\wp3_visualization_workflow_long.csv
2000,5,0.20148073828454,0.2293736698436494,0.2327945003185677,0.2260519191456349,-0.0498305207969612,0.7860941417242262,WP3_visualization_workflow,batch_1.0,PaCMAP,scrna-dr-py-modern-min,direct_2d,2,2,0,5000,2000,3000,8.815797328948975,1044.35546875,datasets/simulate/batch_1.0/counts_matrix.csv,datasets/simulate/batch_1.0/cell_metadata.csv,revision_benchmark/results/embeddings/WP3_visualization_workflow/batch_1.0/PaCMAP/direct_2d/seed_2.csv,planned_workflow_grid,PaCMAP,PaCMAP,PaCMAP,revision_visualization_workflow,revision_benchmark\results\source_data\wp3_visualization_workflow_long.csv
2000,5,0.2950804336596422,0.3665098745464283,0.3721598364103283,0.3610288975485077,-0.0220082927489048,0.7930746653022939,WP3_visualization_workflow,batch_1.0,PaCMAP,scrna-dr-py-modern-min,pca50_to_2d,2,0,50,5000,2000,3000,12.6449933052063,1044.35546875,datasets/simulate/batch_1.0/counts_matrix.csv,datasets/simulate/batch_1.0/cell_metadata.csv,revision_benchmark/results/embeddings/WP3_visualization_workflow/batch_1.0/PaCMAP/pca50_to_2d/seed_0.csv,planned_workflow_grid,PaCMAP,PaCMAP,PaCMAP,revision_visualization_workflow,revision_benchmark\results\source_data\wp3_visualization_workflow_long.csv
2000,5,0.29918237763666,0.369708707840618,0.3756563051490746,0.3639465065069704,-0.0316624169665539,0.7916372985418265,WP3_visualization_workflow,batch_1.0,PaCMAP,scrna-dr-py-modern-min,pca50_to_2d,2,1,50,5000,2000,3000,5.29230260848999,1044.35546875,datasets/simulate/batch_1.0/counts_matrix.csv,datasets/simulate/batch_1.0/cell_metadata.csv,revision_benchmark/results/embeddings/WP3_visualization_workflow/batch_1.0/PaCMAP/pca50_to_2d/seed_1.csv,planned_workflow_grid,PaCMAP,PaCMAP,PaCMAP,revision_visualization_workflow,revision_benchmark\results\source_data\wp3_visualization_workflow_long.csv
2000,5,0.2985617255450976,0.3667277427338403,0.3726177256842251,0.3610210685952151,-0.0241246444350988,0.7936670418691907,WP3_visualization_workflow,batch_1.0,PaCMAP,scrna-dr-py-modern-min,pca50_to_2d,2,2,50,5000,2000,3000,14.71271538734436,1044.35546875,datasets/simulate/batch_1.0/counts_matrix.csv,datasets/simulate/batch_1.0/cell_metadata.csv,revision_benchmark/results/embeddings/WP3_visualization_workflow/batch_1.0/PaCMAP/pca50_to_2d/seed_2.csv,planned_workflow_grid,PaCMAP,PaCMAP,PaCMAP,revision_visualization_workflow,revision_benchmark\results\source_data\wp3_visualization_workflow_long.csv
2000,5,0.1427085307747262,0.2193349510009945,0.2213640914255089,0.217342673025967,-0.0663724254078931,0.7729661294448709,WP3_visualization_workflow,batch_1.0,PHATE,scrna-dr-py-modern-min,direct_2d,2,0,0,5000,2000,3000,23.232451677322388,1044.35546875,datasets/simulate/batch_1.0/counts_matrix.csv,datasets/simulate/batch_1.0/cell_metadata.csv,revision_benchmark/results/embeddings/WP3_visualization_workflow/batch_1.0/PHATE/direct_2d/seed_0.csv,planned_workflow_grid,PHATE,PHATE,PHATE,revision_visualization_workflow,revision_benchmark\results\source_data\wp3_visualization_workflow_long.csv
2000,5,0.1552010846380642,0.2215121704663246,0.2241870855224056,0.2189003349082556,-0.0661101584948771,0.77446147352264,WP3_visualization_workflow,batch_1.0,PHATE,scrna-dr-py-modern-min,direct_2d,2,1,0,5000,2000,3000,14.277997493743896,1044.35546875,datasets/simulate/batch_1.0/counts_matrix.csv,datasets/simulate/batch_1.0/cell_metadata.csv,revision_benchmark/results/embeddings/WP3_visualization_workflow/batch_1.0/PHATE/direct_2d/seed_1.csv,planned_workflow_grid,PHATE,PHATE,PHATE,revision_visualization_workflow,revision_benchmark\results\source_data\wp3_visualization_workflow_long.csv
2000,5,0.1726887036880837,0.2266395854627441,0.2296245289982878,0.2237312500533727,-0.0663964739805985,0.7745159461072738,WP3_visualization_workflow,batch_1.0,PHATE,scrna-dr-py-modern-min,direct_2d,2,2,0,5000,2000,3000,20.52261710166931,1044.35546875,datasets/simulate/batch_1.0/counts_matrix.csv,datasets/simulate/batch_1.0/cell_metadata.csv,revision_benchmark/results/embeddings/WP3_visualization_workflow/batch_1.0/PHATE/direct_2d/seed_2.csv,planned_workflow_grid,PHATE,PHATE,PHATE,revision_visualization_workflow,revision_benchmark\results\source_data\wp3_visualization_workflow_long.csv
2000,5,0.2534790468436281,0.3358171645024675,0.3401864120000425,0.3315587282666951,-0.0634190469725479,0.7738251812057645,WP3_visualization_workflow,batch_1.0,PHATE,scrna-dr-py-modern-min,pca50_to_2d,2,0,50,5000,2000,3000,21.899497032165527,1044.35546875,datasets/simulate/batch_1.0/counts_matrix.csv,datasets/simulate/batch_1.0/cell_metadata.csv,revision_benchmark/results/embeddings/WP3_visualization_workflow/batch_1.0/PHATE/pca50_to_2d/seed_0.csv,planned_workflow_grid,PHATE,PHATE,PHATE,revision_visualization_workflow,revision_benchmark\results\source_data\wp3_visualization_workflow_long.csv
2000,5,0.2681887064291321,0.3598317644784436,0.36273134944079,0.3569781690217041,-0.062327049562673,0.7746409823484267,WP3_visualization_workflow,batch_1.0,PHATE,scrna-dr-py-modern-min,pca50_to_2d,2,1,50,5000,2000,3000,12.488842010498049,1044.35546875,datasets/simulate/batch_1.0/counts_matrix.csv,datasets/simulate/batch_1.0/cell_metadata.csv,revision_benchmark/results/embeddings/WP3_visualization_workflow/batch_1.0/PHATE/pca50_to_2d/seed_1.csv,planned_workflow_grid,PHATE,PHATE,PHATE,revision_visualization_workflow,revision_benchmark\results\source_data\wp3_visualization_workflow_long.csv
2000,5,0.2526251211853734,0.3354991371815117,0.3398139303024142,0.3312925445007875,-0.0626932791121996,0.7754313294107615,WP3_visualization_workflow,batch_1.0,PHATE,scrna-dr-py-modern-min,pca50_to_2d,2,2,50,5000,2000,3000,20.942381620407104,1044.35546875,datasets/simulate/batch_1.0/counts_matrix.csv,datasets/simulate/batch_1.0/cell_metadata.csv,revision_benchmark/results/embeddings/WP3_visualization_workflow/batch_1.0/PHATE/pca50_to_2d/seed_2.csv,planned_workflow_grid,PHATE,PHATE,PHATE,revision_visualization_workflow,revision_benchmark\results\source_data\wp3_visualization_workflow_long.csv
2000,5,0.3050016302611143,0.2757994389316824,0.2780221192470978,0.2736120157043005,0.0645336180581548,0.5679352690372644,WP3_visualization_workflow,gene_5k,UMAP,scrna-dr-py-modern-min,direct_2d,2,0,0,5000,2000,3000,8.516098976135254,1044.35546875,datasets/simulate/gene_5k/counts_matrix.csv,datasets/simulate/gene_5k/cell_metadata.csv,revision_benchmark/results/embeddings/WP3_visualization_workflow/gene_5k/UMAP/direct_2d/seed_0.csv,planned_workflow_grid,UMAP,UMAP,UMAP,revision_visualization_workflow,revision_benchmark\results\source_data\wp3_visualization_workflow_long.csv
2000,5,0.2933462037485628,0.2747813668475642,0.2792080321822186,0.2704928747770173,0.0884540355618621,0.5667000255819903,WP3_visualization_workflow,gene_5k,UMAP,scrna-dr-py-modern-min,direct_2d,2,1,0,5000,2000,3000,8.893317937850952,1044.35546875,datasets/simulate/gene_5k/counts_matrix.csv,datasets/simulate/gene_5k/cell_metadata.csv,revision_benchmark/results/embeddings/WP3_visualization_workflow/gene_5k/UMAP/direct_2d/seed_1.csv,planned_workflow_grid,UMAP,UMAP,UMAP,revision_visualization_workflow,revision_benchmark\results\source_data\wp3_visualization_workflow_long.csv
2000,5,0.8739335217387927,0.8138914710379982,0.8147159170840219,0.8130686918899321,0.4814783350116778,0.608676507205594,WP3_visualization_workflow,gene_5k,UMAP,scrna-dr-py-modern-min,direct_2d,2,2,0,5000,2000,3000,8.817942380905151,1044.35546875,datasets/simulate/gene_5k/counts_matrix.csv,datasets/simulate/gene_5k/cell_metadata.csv,revision_benchmark/results/embeddings/WP3_visualization_workflow/gene_5k/UMAP/direct_2d/seed_2.csv,planned_workflow_grid,UMAP,UMAP,UMAP,revision_visualization_workflow,revision_benchmark\results\source_data\wp3_visualization_workflow_long.csv
2000,5,1.0,1.0,1.0,1.0,0.9419029419015612,0.632462300673659,WP3_visualization_workflow,gene_5k,UMAP,scrna-dr-py-modern-min,pca50_to_2d,2,0,50,5000,2000,3000,6.74452805519104,1044.35546875,datasets/simulate/gene_5k/counts_matrix.csv,datasets/simulate/gene_5k/cell_metadata.csv,revision_benchmark/results/embeddings/WP3_visualization_workflow/gene_5k/UMAP/pca50_to_2d/seed_0.csv,planned_workflow_grid,UMAP,UMAP,UMAP,revision_visualization_workflow,revision_benchmark\results\source_data\wp3_visualization_workflow_long.csv
2000,5,1.0,1.0,1.0,1.0,0.9304846624071216,0.6304621386543873,WP3_visualization_workflow,gene_5k,UMAP,scrna-dr-py-modern-min,pca50_to_2d,2,1,50,5000,2000,3000,7.554934024810791,1044.35546875,datasets/simulate/gene_5k/counts_matrix.csv,datasets/simulate/gene_5k/cell_metadata.csv,revision_benchmark/results/embeddings/WP3_visualization_workflow/gene_5k/UMAP/pca50_to_2d/seed_1.csv,planned_workflow_grid,UMAP,UMAP,UMAP,revision_visualization_workflow,revision_benchmark\results\source_data\wp3_visualization_workflow_long.csv
2000,5,1.0,1.0,1.0,1.0,0.9434854133822552,0.6320821352434552,WP3_visualization_workflow,gene_5k,UMAP,scrna-dr-py-modern-min,pca50_to_2d,2,2,50,5000,2000,3000,7.276596784591675,1044.35546875,datasets/simulate/gene_5k/counts_matrix.csv,datasets/simulate/gene_5k/cell_metadata.csv,revision_benchmark/results/embeddings/WP3_visualization_workflow/gene_5k/UMAP/pca50_to_2d/seed_2.csv,planned_workflow_grid,UMAP,UMAP,UMAP,revision_visualization_workflow,revision_benchmark\results\source_data\wp3_visualization_workflow_long.csv
2000,5,0.9877140699527832,0.9844800809049752,0.9849351694765716,0.9840254126858358,0.9193236572826202,0.65037522810608,WP3_visualization_workflow,gene_5k,PaCMAP,scrna-dr-py-modern-min,direct_2d,2,0,0,5000,2000,3000,11.718693017959597,1044.35546875,datasets/simulate/gene_5k/counts_matrix.csv,datasets/simulate/gene_5k/cell_metadata.csv,revision_benchmark/results/embeddings/WP3_visualization_workflow/gene_5k/PaCMAP/direct_2d/seed_0.csv,planned_workflow_grid,PaCMAP,PaCMAP,PaCMAP,revision_visualization_workflow,revision_benchmark\results\source_data\wp3_visualization_workflow_long.csv
2000,5,0.9973185294633194,0.9953758869113384,0.9953217505878186,0.9954300291242116,0.9276200276006856,0.6506087831499957,WP3_visualization_workflow,gene_5k,PaCMAP,scrna-dr-py-modern-min,direct_2d,2,1,0,5000,2000,3000,14.203998804092407,1044.35546875,datasets/simulate/gene_5k/counts_matrix.csv,datasets/simulate/gene_5k/cell_metadata.csv,revision_benchmark/results/embeddings/WP3_visualization_workflow/gene_5k/PaCMAP/direct_2d/seed_1.csv,planned_workflow_grid,PaCMAP,PaCMAP,PaCMAP,revision_visualization_workflow,revision_benchmark\results\source_data\wp3_visualization_workflow_long.csv
2000,5,1.0,1.0,1.0,1.0,0.931355107949286,0.651845791762599,WP3_visualization_workflow,gene_5k,PaCMAP,scrna-dr-py-modern-min,direct_2d,2,2,0,5000,2000,3000,11.009920835494995,1044.35546875,datasets/simulate/gene_5k/counts_matrix.csv,datasets/simulate/gene_5k/cell_metadata.csv,revision_benchmark/results/embeddings/WP3_visualization_workflow/gene_5k/PaCMAP/direct_2d/seed_2.csv,planned_workflow_grid,PaCMAP,PaCMAP,PaCMAP,revision_visualization_workflow,revision_benchmark\results\source_data\wp3_visualization_workflow_long.csv
2000,5,0.9945276202354734,0.991199197271036,0.991187194819748,0.9912112000130064,0.9126681744110032,0.6406088769506267,WP3_visualization_workflow,gene_5k,PaCMAP,scrna-dr-py-modern-min,pca50_to_2d,2,0,50,5000,2000,3000,13.984465837478638,1044.35546875,datasets/simulate/gene_5k/counts_matrix.csv,datasets/simulate/gene_5k/cell_metadata.csv,revision_benchmark/results/embeddings/WP3_visualization_workflow/gene_5k/PaCMAP/pca50_to_2d/seed_0.csv,planned_workflow_grid,PaCMAP,PaCMAP,PaCMAP,revision_visualization_workflow,revision_benchmark\results\source_data\wp3_visualization_workflow_long.csv
2000,5,0.9887403980241553,0.981997781622768,0.9812664193765174,0.9827302348870935,0.9057000711962788,0.6372689264091413,WP3_visualization_workflow,gene_5k,PaCMAP,scrna-dr-py-modern-min,pca50_to_2d,2,1,50,5000,2000,3000,5.6700215339660645,1044.35546875,datasets/simulate/gene_5k/counts_matrix.csv,datasets/simulate/gene_5k/cell_metadata.csv,revision_benchmark/results/embeddings/WP3_visualization_workflow/gene_5k/PaCMAP/pca50_to_2d/seed_1.csv,planned_workflow_grid,PaCMAP,PaCMAP,PaCMAP,revision_visualization_workflow,revision_benchmark\results\source_data\wp3_visualization_workflow_long.csv
2000,5,0.9922960480480352,0.9871122555739048,0.9870824276200466,0.9871420853305176,0.9083306526992,0.638188351667093,WP3_visualization_workflow,gene_5k,PaCMAP,scrna-dr-py-modern-min,pca50_to_2d,2,2,50,5000,2000,3000,14.424564123153688,1044.35546875,datasets/simulate/gene_5k/counts_matrix.csv,datasets/simulate/gene_5k/cell_metadata.csv,revision_benchmark/results/embeddings/WP3_visualization_workflow/gene_5k/PaCMAP/pca50_to_2d/seed_2.csv,planned_workflow_grid,PaCMAP,PaCMAP,PaCMAP,revision_visualization_workflow,revision_benchmark\results\source_data\wp3_visualization_workflow_long.csv
2000,5,0.9983494228435544,0.9956812396190758,0.99568726113633,0.9956752181746524,0.8631247632454471,0.633222665643387,WP3_visualization_workflow,gene_5k,PHATE,scrna-dr-py-modern-min,direct_2d,2,0,0,5000,2000,3000,25.67171025276184,1044.35546875,datasets/simulate/gene_5k/counts_matrix.csv,datasets/simulate/gene_5k/cell_metadata.csv,revision_benchmark/results/embeddings/WP3_visualization_workflow/gene_5k/PHATE/direct_2d/seed_0.csv,planned_workflow_grid,PHATE,PHATE,PHATE,revision_visualization_workflow,revision_benchmark\results\source_data\wp3_visualization_workflow_long.csv
2000,5,0.9993177769851946,0.9978981466170576,0.9979590264233552,0.9978372742381684,0.8635135004047315,0.6343282766265882,WP3_visualization_workflow,gene_5k,PHATE,scrna-dr-py-modern-min,direct_2d,2,1,0,5000,2000,3000,23.00225687026977,1044.35546875,datasets/simulate/gene_5k/counts_matrix.csv,datasets/simulate/gene_5k/cell_metadata.csv,revision_benchmark/results/embeddings/WP3_visualization_workflow/gene_5k/PHATE/direct_2d/seed_1.csv,planned_workflow_grid,PHATE,PHATE,PHATE,revision_visualization_workflow,revision_benchmark\results\source_data\wp3_visualization_workflow_long.csv
2000,5,0.9978973567126582,0.9955583992770768,0.995321210345434,0.9957957012817624,0.8588495956555852,0.6310612603393877,WP3_visualization_workflow,gene_5k,PHATE,scrna-dr-py-modern-min,direct_2d,2,2,0,5000,2000,3000,16.270540952682495,1044.35546875,datasets/simulate/gene_5k/counts_matrix.csv,datasets/simulate/gene_5k/cell_metadata.csv,revision_benchmark/results/embeddings/WP3_visualization_workflow/gene_5k/PHATE/direct_2d/seed_2.csv,planned_workflow_grid,PHATE,PHATE,PHATE,revision_visualization_workflow,revision_benchmark\results\source_data\wp3_visualization_workflow_long.csv
2000,5,0.9983200157140676,0.9961393149859183,0.995906510920359,0.9963722279179316,0.8978991412919224,0.6289306386970239,WP3_visualization_workflow,gene_5k,PHATE,scrna-dr-py-modern-min,pca50_to_2d,2,0,50,5000,2000,3000,23.294071912765503,1044.35546875,datasets/simulate/gene_5k/counts_matrix.csv,datasets/simulate/gene_5k/cell_metadata.csv,revision_benchmark/results/embeddings/WP3_visualization_workflow/gene_5k/PHATE/pca50_to_2d/seed_0.csv,planned_workflow_grid,PHATE,PHATE,PHATE,revision_visualization_workflow,revision_benchmark\results\source_data\wp3_visualization_workflow_long.csv
2000,5,1.0,1.0,1.0,1.0,0.9091133116471296,0.6302166197663511,WP3_visualization_workflow,gene_5k,PHATE,scrna-dr-py-modern-min,pca50_to_2d,2,1,50,5000,2000,3000,21.18700337409973,1044.35546875,datasets/simulate/gene_5k/counts_matrix.csv,datasets/simulate/gene_5k/cell_metadata.csv,revision_benchmark/results/embeddings/WP3_visualization_workflow/gene_5k/PHATE/pca50_to_2d/seed_1.csv,planned_workflow_grid,PHATE,PHATE,PHATE,revision_visualization_workflow,revision_benchmark\results\source_data\wp3_visualization_workflow_long.csv
2000,5,0.9989819793880592,0.9977999598906452,0.9976399312177318,0.9979600399113122,0.8944082867653549,0.630260373497058,WP3_visualization_workflow,gene_5k,PHATE,scrna-dr-py-modern-min,pca50_to_2d,2,2,50,5000,2000,3000,22.7402126789093,1044.35546875,datasets/simulate/gene_5k/counts_matrix.csv,datasets/simulate/gene_5k/cell_metadata.csv,revision_benchmark/results/embeddings/WP3_visualization_workflow/gene_5k/PHATE/pca50_to_2d/seed_2.csv,planned_workflow_grid,PHATE,PHATE,PHATE,revision_visualization_workflow,revision_benchmark\results\source_data\wp3_visualization_workflow_long.csv
2000,5,0.7155739721073224,0.6544772191661915,0.6633126550583847,0.6458740681780428,0.3363171403318836,0.5733732412381682,WP3_visualization_workflow,gene_5w,UMAP,scrna-dr-py-modern-min,direct_2d,2,0,0,5000,2000,3000,11.10405158996582,1044.35546875,datasets/simulate/gene_5w/counts_matrix.csv,datasets/simulate/gene_5w/cell_metadata.csv,revision_benchmark/results/embeddings/WP3_visualization_workflow/gene_5w/UMAP/direct_2d/seed_0.csv,planned_workflow_grid,UMAP,UMAP,UMAP,revision_visualization_workflow,revision_benchmark\results\source_data\wp3_visualization_workflow_long.csv
2000,5,0.7116056476793222,0.6414982160059928,0.6487345077592503,0.6344215774518628,0.3232841994686848,0.5718176259913021,WP3_visualization_workflow,gene_5w,UMAP,scrna-dr-py-modern-min,direct_2d,2,1,0,5000,2000,3000,11.943167686462402,1044.35546875,datasets/simulate/gene_5w/counts_matrix.csv,datasets/simulate/gene_5w/cell_metadata.csv,revision_benchmark/results/embeddings/WP3_visualization_workflow/gene_5w/UMAP/direct_2d/seed_1.csv,planned_workflow_grid,UMAP,UMAP,UMAP,revision_visualization_workflow,revision_benchmark\results\source_data\wp3_visualization_workflow_long.csv
2000,5,0.6020158760019195,0.6039161173405441,0.6162047657028115,0.5921080177801956,0.3174650339429882,0.5712536624882749,WP3_visualization_workflow,gene_5w,UMAP,scrna-dr-py-modern-min,direct_2d,2,2,0,5000,2000,3000,11.485611200332642,1044.35546875,datasets/simulate/gene_5w/counts_matrix.csv,datasets/simulate/gene_5w/cell_metadata.csv,revision_benchmark/results/embeddings/WP3_visualization_workflow/gene_5w/UMAP/direct_2d/seed_2.csv,planned_workflow_grid,UMAP,UMAP,UMAP,revision_visualization_workflow,revision_benchmark\results\source_data\wp3_visualization_workflow_long.csv
2000,5,1.0,1.0,1.0,1.0,0.9376361852158696,0.5925616867058924,WP3_visualization_workflow,gene_5w,UMAP,scrna-dr-py-modern-min,pca50_to_2d,2,0,50,5000,2000,3000,9.791662454605104,1044.35546875,datasets/simulate/gene_5w/counts_matrix.csv,datasets/simulate/gene_5w/cell_metadata.csv,revision_benchmark/results/embeddings/WP3_visualization_workflow/gene_5w/UMAP/pca50_to_2d/seed_0.csv,planned_workflow_grid,UMAP,UMAP,UMAP,revision_visualization_workflow,revision_benchmark\results\source_data\wp3_visualization_workflow_long.csv
2000,5,0.9986941659244372,0.9976843893832852,0.997639931217732,0.9977288515114238,0.9287021219977608,0.5913050140700946,WP3_visualization_workflow,gene_5w,UMAP,scrna-dr-py-modern-min,pca50_to_2d,2,1,50,5000,2000,3000,9.99486255645752,1044.35546875,datasets/simulate/gene_5w/counts_matrix.csv,datasets/simulate/gene_5w/cell_metadata.csv,revision_benchmark/results/embeddings/WP3_visualization_workflow/gene_5w/UMAP/pca50_to_2d/seed_1.csv,planned_workflow_grid,UMAP,UMAP,UMAP,revision_visualization_workflow,revision_benchmark\results\source_data\wp3_visualization_workflow_long.csv
2000,5,1.0,1.0,1.0,1.0,0.933870891496015,0.5950798499189903,WP3_visualization_workflow,gene_5w,UMAP,scrna-dr-py-modern-min,pca50_to_2d,2,2,50,5000,2000,3000,7.2866716384887695,1044.35546875,datasets/simulate/gene_5w/counts_matrix.csv,datasets/simulate/gene_5w/cell_metadata.csv,revision_benchmark/results/embeddings/WP3_visualization_workflow/gene_5w/UMAP/pca50_to_2d/seed_2.csv,planned_workflow_grid,UMAP,UMAP,UMAP,revision_visualization_workflow,revision_benchmark\results\source_data\wp3_visualization_workflow_long.csv
2000,5,0.9987384999074048,0.9977147141471177,0.9975929756324596,0.9978364823774516,0.93141657456351,0.6224740598618572,WP3_visualization_workflow,gene_5w,PaCMAP,scrna-dr-py-modern-min,direct_2d,2,0,0,5000,2000,3000,23.95598697662353,1044.35546875,datasets/simulate/gene_5w/counts_matrix.csv,datasets/simulate/gene_5w/cell_metadata.csv,revision_benchmark/results/embeddings/WP3_visualization_workflow/gene_5w/PaCMAP/direct_2d/seed_0.csv,planned_workflow_grid,PaCMAP,PaCMAP,PaCMAP,revision_visualization_workflow,revision_benchmark\results\source_data\wp3_visualization_workflow_long.csv
2000,5,1.0,1.0,1.0,1.0,0.9279042802457556,0.621364134049629,WP3_visualization_workflow,gene_5w,PaCMAP,scrna-dr-py-modern-min,direct_2d,2,1,0,5000,2000,3000,14.99286150932312,1044.35546875,datasets/simulate/gene_5w/counts_matrix.csv,datasets/simulate/gene_5w/cell_metadata.csv,revision_benchmark/results/embeddings/WP3_visualization_workflow/gene_5w/PaCMAP/direct_2d/seed_1.csv,planned_workflow_grid,PaCMAP,PaCMAP,PaCMAP,revision_visualization_workflow,revision_benchmark\results\source_data\wp3_visualization_workflow_long.csv
2000,5,1.0,1.0,1.0,1.0,0.9306699550950708,0.6240878997185981,WP3_visualization_workflow,gene_5w,PaCMAP,scrna-dr-py-modern-min,direct_2d,2,2,0,5000,2000,3000,9.892482042312622,1044.35546875,datasets/simulate/gene_5w/counts_matrix.csv,datasets/simulate/gene_5w/cell_metadata.csv,revision_benchmark/results/embeddings/WP3_visualization_workflow/gene_5w/PaCMAP/direct_2d/seed_2.csv,planned_workflow_grid,PaCMAP,PaCMAP,PaCMAP,revision_visualization_workflow,revision_benchmark\results\source_data\wp3_visualization_workflow_long.csv
2000,5,1.0,1.0,1.0,1.0,0.9291193998951088,0.6198142918052358,WP3_visualization_workflow,gene_5w,PaCMAP,scrna-dr-py-modern-min,pca50_to_2d,2,0,50,5000,2000,3000,16.871687650680542,1044.35546875,datasets/simulate/gene_5w/counts_matrix.csv,datasets/simulate/gene_5w/cell_metadata.csv,revision_benchmark/results/embeddings/WP3_visualization_workflow/gene_5w/PaCMAP/pca50_to_2d/seed_0.csv,planned_workflow_grid,PaCMAP,PaCMAP,PaCMAP,revision_visualization_workflow,revision_benchmark\results\source_data\wp3_visualization_workflow_long.csv
2000,5,0.9977256322743372,0.9954674030083608,0.9954758004232168,0.9954590057351776,0.9251491267503608,0.6176584889571075,WP3_visualization_workflow,gene_5w,PaCMAP,scrna-dr-py-modern-min,pca50_to_2d,2,1,50,5000,2000,3000,17.16136884689331,1044.35546875,datasets/simulate/gene_5w/counts_matrix.csv,datasets/simulate/gene_5w/cell_metadata.csv,revision_benchmark/results/embeddings/WP3_visualization_workflow/gene_5w/PaCMAP/pca50_to_2d/seed_1.csv,planned_workflow_grid,PaCMAP,PaCMAP,PaCMAP,revision_visualization_workflow,revision_benchmark\results\source_data\wp3_visualization_workflow_long.csv
2000,5,0.996980020366528,0.9952770756709822,0.995185411918459,0.9953687563108462,0.9241228133358196,0.6168606037349706,WP3_visualization_workflow,gene_5w,PaCMAP,scrna-dr-py-modern-min,pca50_to_2d,2,2,50,5000,2000,3000,15.824674606323242,1044.35546875,datasets/simulate/gene_5w/counts_matrix.csv,datasets/simulate/gene_5w/cell_metadata.csv,revision_benchmark/results/embeddings/WP3_visualization_workflow/gene_5w/PaCMAP/pca50_to_2d/seed_2.csv,planned_workflow_grid,PaCMAP,PaCMAP,PaCMAP,revision_visualization_workflow,revision_benchmark\results\source_data\wp3_visualization_workflow_long.csv
2000,5,0.976545449335228,0.9597539347041674,0.9607316739109386,0.958778183569767,0.7524753920805849,0.6079488616014326,WP3_visualization_workflow,gene_5w,PHATE,scrna-dr-py-modern-min,direct_2d,2,0,0,5000,2000,3000,39.85091948509216,1044.35546875,datasets/simulate/gene_5w/counts_matrix.csv,datasets/simulate/gene_5w/cell_metadata.csv,revision_benchmark/results/embeddings/WP3_visualization_workflow/gene_5w/PHATE/direct_2d/seed_0.csv,planned_workflow_grid,PHATE,PHATE,PHATE,revision_visualization_workflow,revision_benchmark\results\source_data\wp3_visualization_workflow_long.csv
2000,5,0.977224682509207,0.9590669528614292,0.9597370383207076,0.9583978024525304,0.7524290446655801,0.6055371194678946,WP3_visualization_workflow,gene_5w,PHATE,scrna-dr-py-modern-min,direct_2d,2,1,0,5000,2000,3000,27.172719478607178,1044.4609375,datasets/simulate/gene_5w/counts_matrix.csv,datasets/simulate/gene_5w/cell_metadata.csv,revision_benchmark/results/embeddings/WP3_visualization_workflow/gene_5w/PHATE/direct_2d/seed_1.csv,planned_workflow_grid,PHATE,PHATE,PHATE,revision_visualization_workflow,revision_benchmark\results\source_data\wp3_visualization_workflow_long.csv
2000,5,0.9821248332231348,0.9668974242061724,0.967065840011288,0.9667290670505166,0.7562077212720005,0.6040714846081692,WP3_visualization_workflow,gene_5w,PHATE,scrna-dr-py-modern-min,direct_2d,2,2,0,5000,2000,3000,27.95776915550232,1044.4609375,datasets/simulate/gene_5w/counts_matrix.csv,datasets/simulate/gene_5w/cell_metadata.csv,revision_benchmark/results/embeddings/WP3_visualization_workflow/gene_5w/PHATE/direct_2d/seed_2.csv,planned_workflow_grid,PHATE,PHATE,PHATE,revision_visualization_workflow,revision_benchmark\results\source_data\wp3_visualization_workflow_long.csv
2000,5,0.9800040216825006,0.9610025022762873,0.961651852376516,0.960354028524444,0.7746547359078447,0.5936991472669907,WP3_visualization_workflow,gene_5w,PHATE,scrna-dr-py-modern-min,pca50_to_2d,2,0,50,5000,2000,3000,15.9536235332489,1044.4609375,datasets/simulate/gene_5w/counts_matrix.csv,datasets/simulate/gene_5w/cell_metadata.csv,revision_benchmark/results/embeddings/WP3_visualization_workflow/gene_5w/PHATE/pca50_to_2d/seed_0.csv,planned_workflow_grid,PHATE,PHATE,PHATE,revision_visualization_workflow,revision_benchmark\results\source_data\wp3_visualization_workflow_long.csv
2000,5,0.9780075463594472,0.9574252871448165,0.9577873276882258,0.9570635201983207,0.7759613510510738,0.5962049458514539,WP3_visualization_workflow,gene_5w,PHATE,scrna-dr-py-modern-min,pca50_to_2d,2,1,50,5000,2000,3000,17.60872459411621,1044.4609375,datasets/simulate/gene_5w/counts_matrix.csv,datasets/simulate/gene_5w/cell_metadata.csv,revision_benchmark/results/embeddings/WP3_visualization_workflow/gene_5w/PHATE/pca50_to_2d/seed_1.csv,planned_workflow_grid,PHATE,PHATE,PHATE,revision_visualization_workflow,revision_benchmark\results\source_data\wp3_visualization_workflow_long.csv
2000,5,0.9906941627075488,0.9811235677376356,0.9813071565211544,0.980940047635032,0.8165863078314294,0.5971016031380574,WP3_visualization_workflow,gene_5w,PHATE,scrna-dr-py-modern-min,pca50_to_2d,2,2,50,5000,2000,3000,17.61258339881897,1044.4609375,datasets/simulate/gene_5w/counts_matrix.csv,datasets/simulate/gene_5w/cell_metadata.csv,revision_benchmark/results/embeddings/WP3_visualization_workflow/gene_5w/PHATE/pca50_to_2d/seed_2.csv,planned_workflow_grid,PHATE,PHATE,PHATE,revision_visualization_workflow,revision_benchmark\results\source_data\wp3_visualization_workflow_long.csv
2000,5,0.9871365576356884,0.9764428664457446,0.9777024128544264,0.9751865611377832,0.5838177984066253,0.6479973138910207,WP3_visualization_workflow,default,t-SNE,scrna-dr-py-modern-min,direct_2d,2,0,0,5000,2000,3000,9.6061053276062,372.68359375,datasets/simulate/default/counts_matrix.csv,datasets/simulate/default/cell_metadata.csv,revision_benchmark/results/embeddings/WP3_visualization_workflow/default/t-SNE/direct_2d/seed_0.csv,planned_workflow_grid,t-SNE,t-SNE,t-SNE,revision_visualization_workflow,revision_benchmark\results\source_data\wp3_visualization_workflow_long.csv
2000,5,0.9791671177709396,0.9634032276939792,0.9654461321111116,0.9613689506789156,0.5780209797815875,0.6459794576618061,WP3_visualization_workflow,default,t-SNE,scrna-dr-py-modern-min,direct_2d,2,1,0,5000,2000,3000,8.164714574813843,396.26171875,datasets/simulate/default/counts_matrix.csv,datasets/simulate/default/cell_metadata.csv,revision_benchmark/results/embeddings/WP3_visualization_workflow/default/t-SNE/direct_2d/seed_1.csv,planned_workflow_grid,t-SNE,t-SNE,t-SNE,revision_visualization_workflow,revision_benchmark\results\source_data\wp3_visualization_workflow_long.csv
2000,5,0.9847133092639392,0.9732380494360964,0.974574941675942,0.9719048199879068,0.5841114643196511,0.6465508655240044,WP3_visualization_workflow,default,t-SNE,scrna-dr-py-modern-min,direct_2d,2,2,0,5000,2000,3000,7.828842401504517,401.47265625,datasets/simulate/default/counts_matrix.csv,datasets/simulate/default/cell_metadata.csv,revision_benchmark/results/embeddings/WP3_visualization_workflow/default/t-SNE/direct_2d/seed_2.csv,planned_workflow_grid,t-SNE,t-SNE,t-SNE,revision_visualization_workflow,revision_benchmark\results\source_data\wp3_visualization_workflow_long.csv
2000,5,1.0,1.0,1.0,1.0,0.8385875818576228,0.6785789289673403,WP3_visualization_workflow,default,t-SNE,scrna-dr-py-modern-min,pca50_to_2d,2,0,50,5000,2000,3000,5.093891620635986,401.47265625,datasets/simulate/default/counts_matrix.csv,datasets/simulate/default/cell_metadata.csv,revision_benchmark/results/embeddings/WP3_visualization_workflow/default/t-SNE/pca50_to_2d/seed_0.csv,planned_workflow_grid,t-SNE,t-SNE,t-SNE,revision_visualization_workflow,revision_benchmark\results\source_data\wp3_visualization_workflow_long.csv
2000,5,1.0,1.0,1.0,1.0,0.8365835465961654,0.6795747846849152,WP3_visualization_workflow,default,t-SNE,scrna-dr-py-modern-min,pca50_to_2d,2,1,50,5000,2000,3000,8.805766105651855,401.47265625,datasets/simulate/default/counts_matrix.csv,datasets/simulate/default/cell_metadata.csv,revision_benchmark/results/embeddings/WP3_visualization_workflow/default/t-SNE/pca50_to_2d/seed_1.csv,planned_workflow_grid,t-SNE,t-SNE,t-SNE,revision_visualization_workflow,revision_benchmark\results\source_data\wp3_visualization_workflow_long.csv
2000,5,1.0,1.0,1.0,1.0,0.8341815702247464,0.6795709729683637,WP3_visualization_workflow,default,t-SNE,scrna-dr-py-modern-min,pca50_to_2d,2,2,50,5000,2000,3000,9.127793073654177,403.76953125,datasets/simulate/default/counts_matrix.csv,datasets/simulate/default/cell_metadata.csv,revision_benchmark/results/embeddings/WP3_visualization_workflow/default/t-SNE/pca50_to_2d/seed_2.csv,planned_workflow_grid,t-SNE,t-SNE,t-SNE,revision_visualization_workflow,revision_benchmark\results\source_data\wp3_visualization_workflow_long.csv
2000,7,0.9001361647150113,0.8856081806103447,0.8825003398470114,0.8887379880705065,0.4920012973158403,0.6568110599471305,WP3_visualization_workflow,celltype_7,t-SNE,scrna-dr-py-modern-min,direct_2d,2,0,0,5000,2000,3000,8.601711988449097,407.15625,datasets/simulate/celltype_7/counts_matrix.csv,datasets/simulate/celltype_7/cell_metadata.csv,revision_benchmark/results/embeddings/WP3_visualization_workflow/celltype_7/t-SNE/direct_2d/seed_0.csv,planned_workflow_grid,t-SNE,t-SNE,t-SNE,revision_visualization_workflow,revision_benchmark\results\source_data\wp3_visualization_workflow_long.csv
2000,7,0.9307765968737683,0.9093688835177568,0.9074062280312276,0.9113400475777096,0.5114538752114464,0.6585499360450242,WP3_visualization_workflow,celltype_7,t-SNE,scrna-dr-py-modern-min,direct_2d,2,1,0,5000,2000,3000,7.755093812942505,407.296875,datasets/simulate/celltype_7/counts_matrix.csv,datasets/simulate/celltype_7/cell_metadata.csv,revision_benchmark/results/embeddings/WP3_visualization_workflow/celltype_7/t-SNE/direct_2d/seed_1.csv,planned_workflow_grid,t-SNE,t-SNE,t-SNE,revision_visualization_workflow,revision_benchmark\results\source_data\wp3_visualization_workflow_long.csv
2000,7,0.9416405610768454,0.9264589623318644,0.9244132298936752,0.928513769290178,0.5222525009186539,0.6585406071459026,WP3_visualization_workflow,celltype_7,t-SNE,scrna-dr-py-modern-min,direct_2d,2,2,0,5000,2000,3000,8.62453317642212,407.421875,datasets/simulate/celltype_7/counts_matrix.csv,datasets/simulate/celltype_7/cell_metadata.csv,revision_benchmark/results/embeddings/WP3_visualization_workflow/celltype_7/t-SNE/direct_2d/seed_2.csv,planned_workflow_grid,t-SNE,t-SNE,t-SNE,revision_visualization_workflow,revision_benchmark\results\source_data\wp3_visualization_workflow_long.csv
2000,7,1.0,1.0,1.0,1.0,0.8645812053175116,0.699575407180012,WP3_visualization_workflow,celltype_7,t-SNE,scrna-dr-py-modern-min,pca50_to_2d,2,0,50,5000,2000,3000,7.415694236755371,407.421875,datasets/simulate/celltype_7/counts_matrix.csv,datasets/simulate/celltype_7/cell_metadata.csv,revision_benchmark/results/embeddings/WP3_visualization_workflow/celltype_7/t-SNE/pca50_to_2d/seed_0.csv,planned_workflow_grid,t-SNE,t-SNE,t-SNE,revision_visualization_workflow,revision_benchmark\results\source_data\wp3_visualization_workflow_long.csv
2000,7,1.0,1.0,1.0,1.0,0.8632139703456861,0.7008594696000683,WP3_visualization_workflow,celltype_7,t-SNE,scrna-dr-py-modern-min,pca50_to_2d,2,1,50,5000,2000,3000,7.981976509094238,407.421875,datasets/simulate/celltype_7/counts_matrix.csv,datasets/simulate/celltype_7/cell_metadata.csv,revision_benchmark/results/embeddings/WP3_visualization_workflow/celltype_7/t-SNE/pca50_to_2d/seed_1.csv,planned_workflow_grid,t-SNE,t-SNE,t-SNE,revision_visualization_workflow,revision_benchmark\results\source_data\wp3_visualization_workflow_long.csv
2000,7,1.0,1.0,1.0,1.0,0.8638900272240421,0.7017762769676814,WP3_visualization_workflow,celltype_7,t-SNE,scrna-dr-py-modern-min,pca50_to_2d,2,2,50,5000,2000,3000,7.838461875915527,407.421875,datasets/simulate/celltype_7/counts_matrix.csv,datasets/simulate/celltype_7/cell_metadata.csv,revision_benchmark/results/embeddings/WP3_visualization_workflow/celltype_7/t-SNE/pca50_to_2d/seed_2.csv,planned_workflow_grid,t-SNE,t-SNE,t-SNE,revision_visualization_workflow,revision_benchmark\results\source_data\wp3_visualization_workflow_long.csv
2000,11,0.8258473661909668,0.8145559549326911,0.814715325340987,0.8143966468626349,0.3715375880870676,0.6492750063954975,WP3_visualization_workflow,celltype_11,t-SNE,scrna-dr-py-modern-min,direct_2d,2,0,0,5000,2000,3000,9.045365571975708,407.44140625,datasets/simulate/celltype_11/counts_matrix.csv,datasets/simulate/celltype_11/cell_metadata.csv,revision_benchmark/results/embeddings/WP3_visualization_workflow/celltype_11/t-SNE/direct_2d/seed_0.csv,planned_workflow_grid,t-SNE,t-SNE,t-SNE,revision_visualization_workflow,revision_benchmark\results\source_data\wp3_visualization_workflow_long.csv
2000,11,0.7234984919926948,0.7532809585982558,0.7519739928576833,0.7545924753831272,0.3462064765585274,0.6463991216850005,WP3_visualization_workflow,celltype_11,t-SNE,scrna-dr-py-modern-min,direct_2d,2,1,0,5000,2000,3000,11.959694385528564,407.6015625,datasets/simulate/celltype_11/counts_matrix.csv,datasets/simulate/celltype_11/cell_metadata.csv,revision_benchmark/results/embeddings/WP3_visualization_workflow/celltype_11/t-SNE/direct_2d/seed_1.csv,planned_workflow_grid,t-SNE,t-SNE,t-SNE,revision_visualization_workflow,revision_benchmark\results\source_data\wp3_visualization_workflow_long.csv
2000,11,0.8024873281732362,0.7908428513134501,0.788268705728806,0.7934338640773446,0.3636133148759368,0.6435669054319093,WP3_visualization_workflow,celltype_11,t-SNE,scrna-dr-py-modern-min,direct_2d,2,2,0,5000,2000,3000,9.82943630218506,407.6015625,datasets/simulate/celltype_11/counts_matrix.csv,datasets/simulate/celltype_11/cell_metadata.csv,revision_benchmark/results/embeddings/WP3_visualization_workflow/celltype_11/t-SNE/direct_2d/seed_2.csv,planned_workflow_grid,t-SNE,t-SNE,t-SNE,revision_visualization_workflow,revision_benchmark\results\source_data\wp3_visualization_workflow_long.csv
2000,11,1.0,0.9999999999999998,1.0,0.9999999999999998,0.8666615826557492,0.7148778374690884,WP3_visualization_workflow,celltype_11,t-SNE,scrna-dr-py-modern-min,pca50_to_2d,2,0,50,5000,2000,3000,9.936450958251951,407.6015625,datasets/simulate/celltype_11/counts_matrix.csv,datasets/simulate/celltype_11/cell_metadata.csv,revision_benchmark/results/embeddings/WP3_visualization_workflow/celltype_11/t-SNE/pca50_to_2d/seed_0.csv,planned_workflow_grid,t-SNE,t-SNE,t-SNE,revision_visualization_workflow,revision_benchmark\results\source_data\wp3_visualization_workflow_long.csv
2000,11,1.0,0.9999999999999998,1.0,0.9999999999999998,0.8634977297606715,0.7150857167220943,WP3_visualization_workflow,celltype_11,t-SNE,scrna-dr-py-modern-min,pca50_to_2d,2,1,50,5000,2000,3000,7.829478740692139,407.6015625,datasets/simulate/celltype_11/counts_matrix.csv,datasets/simulate/celltype_11/cell_metadata.csv,revision_benchmark/results/embeddings/WP3_visualization_workflow/celltype_11/t-SNE/pca50_to_2d/seed_1.csv,planned_workflow_grid,t-SNE,t-SNE,t-SNE,revision_visualization_workflow,revision_benchmark\results\source_data\wp3_visualization_workflow_long.csv
2000,11,1.0,0.9999999999999998,1.0,0.9999999999999998,0.8645006592649809,0.7148871663682101,WP3_visualization_workflow,celltype_11,t-SNE,scrna-dr-py-modern-min,pca50_to_2d,2,2,50,5000,2000,3000,8.15133810043335,407.6015625,datasets/simulate/celltype_11/counts_matrix.csv,datasets/simulate/celltype_11/cell_metadata.csv,revision_benchmark/results/embeddings/WP3_visualization_workflow/celltype_11/t-SNE/pca50_to_2d/seed_2.csv,planned_workflow_grid,t-SNE,t-SNE,t-SNE,revision_visualization_workflow,revision_benchmark\results\source_data\wp3_visualization_workflow_long.csv
2000,15,0.5047888586779057,0.5403120207386908,0.5382663330637922,0.5423733170556633,0.1853131337012507,0.5978305704783833,WP3_visualization_workflow,celltype_15,t-SNE,scrna-dr-py-modern-min,direct_2d,2,0,0,5000,2000,3000,11.994994640350342,413.34765625,datasets/simulate/celltype_15/counts_matrix.csv,datasets/simulate/celltype_15/cell_metadata.csv,revision_benchmark/results/embeddings/WP3_visualization_workflow/celltype_15/t-SNE/direct_2d/seed_0.csv,planned_workflow_grid,t-SNE,t-SNE,t-SNE,revision_visualization_workflow,revision_benchmark\results\source_data\wp3_visualization_workflow_long.csv
2000,15,0.4929651168196721,0.5271677638311622,0.5242117079950882,0.5301573474230304,0.1721019805675756,0.5996088428413064,WP3_visualization_workflow,celltype_15,t-SNE,scrna-dr-py-modern-min,direct_2d,2,1,0,5000,2000,3000,11.154390096664429,413.375,datasets/simulate/celltype_15/counts_matrix.csv,datasets/simulate/celltype_15/cell_metadata.csv,revision_benchmark/results/embeddings/WP3_visualization_workflow/celltype_15/t-SNE/direct_2d/seed_1.csv,planned_workflow_grid,t-SNE,t-SNE,t-SNE,revision_visualization_workflow,revision_benchmark\results\source_data\wp3_visualization_workflow_long.csv
2000,15,0.492506298959309,0.5460833566038766,0.5434879238537204,0.548703697339525,0.1810915165956736,0.6004246013473181,WP3_visualization_workflow,celltype_15,t-SNE,scrna-dr-py-modern-min,direct_2d,2,2,0,5000,2000,3000,10.846315622329712,413.375,datasets/simulate/celltype_15/counts_matrix.csv,datasets/simulate/celltype_15/cell_metadata.csv,revision_benchmark/results/embeddings/WP3_visualization_workflow/celltype_15/t-SNE/direct_2d/seed_2.csv,planned_workflow_grid,t-SNE,t-SNE,t-SNE,revision_visualization_workflow,revision_benchmark\results\source_data\wp3_visualization_workflow_long.csv
2000,15,1.0,1.0,1.0,1.0,0.8533235586708704,0.7165927688240812,WP3_visualization_workflow,celltype_15,t-SNE,scrna-dr-py-modern-min,pca50_to_2d,2,0,50,5000,2000,3000,5.612033843994141,413.375,datasets/simulate/celltype_15/counts_matrix.csv,datasets/simulate/celltype_15/cell_metadata.csv,revision_benchmark/results/embeddings/WP3_visualization_workflow/celltype_15/t-SNE/pca50_to_2d/seed_0.csv,planned_workflow_grid,t-SNE,t-SNE,t-SNE,revision_visualization_workflow,revision_benchmark\results\source_data\wp3_visualization_workflow_long.csv
2000,15,1.0,1.0,1.0,1.0000000000000002,0.857144935160033,0.7147971774537392,WP3_visualization_workflow,celltype_15,t-SNE,scrna-dr-py-modern-min,pca50_to_2d,2,1,50,5000,2000,3000,13.787229061126707,413.375,datasets/simulate/celltype_15/counts_matrix.csv,datasets/simulate/celltype_15/cell_metadata.csv,revision_benchmark/results/embeddings/WP3_visualization_workflow/celltype_15/t-SNE/pca50_to_2d/seed_1.csv,planned_workflow_grid,t-SNE,t-SNE,t-SNE,revision_visualization_workflow,revision_benchmark\results\source_data\wp3_visualization_workflow_long.csv
2000,15,1.0,1.0,1.0,1.0,0.8542628972566482,0.7158790057133111,WP3_visualization_workflow,celltype_15,t-SNE,scrna-dr-py-modern-min,pca50_to_2d,2,2,50,5000,2000,3000,8.82498049736023,413.375,datasets/simulate/celltype_15/counts_matrix.csv,datasets/simulate/celltype_15/cell_metadata.csv,revision_benchmark/results/embeddings/WP3_visualization_workflow/celltype_15/t-SNE/pca50_to_2d/seed_2.csv,planned_workflow_grid,t-SNE,t-SNE,t-SNE,revision_visualization_workflow,revision_benchmark\results\source_data\wp3_visualization_workflow_long.csv
2000,5,0.4078097073198894,0.4023846048410626,0.4099357903699602,0.395106579464139,0.2037580433167643,0.581891199795344,WP3_visualization_workflow,dropout_0,t-SNE,scrna-dr-py-modern-min,direct_2d,2,0,0,5000,2000,3000,11.48567032814026,413.375,datasets/simulate/dropout_0/counts_matrix.csv,datasets/simulate/dropout_0/cell_metadata.csv,revision_benchmark/results/embeddings/WP3_visualization_workflow/dropout_0/t-SNE/direct_2d/seed_0.csv,planned_workflow_grid,t-SNE,t-SNE,t-SNE,revision_visualization_workflow,revision_benchmark\results\source_data\wp3_visualization_workflow_long.csv
2000,5,0.4915775600674464,0.486899718934765,0.4934164580568454,0.4805528740666564,0.2295038132341079,0.5826640658309883,WP3_visualization_workflow,dropout_0,t-SNE,scrna-dr-py-modern-min,direct_2d,2,1,0,5000,2000,3000,9.417154788970947,413.375,datasets/simulate/dropout_0/counts_matrix.csv,datasets/simulate/dropout_0/cell_metadata.csv,revision_benchmark/results/embeddings/WP3_visualization_workflow/dropout_0/t-SNE/direct_2d/seed_1.csv,planned_workflow_grid,t-SNE,t-SNE,t-SNE,revision_visualization_workflow,revision_benchmark\results\source_data\wp3_visualization_workflow_long.csv
2000,5,0.4618555828957537,0.4545779526446429,0.4633572323659476,0.4461251706647824,0.2155373263093584,0.5807720474119553,WP3_visualization_workflow,dropout_0,t-SNE,scrna-dr-py-modern-min,direct_2d,2,2,0,5000,2000,3000,24.02963399887085,413.4921875,datasets/simulate/dropout_0/counts_matrix.csv,datasets/simulate/dropout_0/cell_metadata.csv,revision_benchmark/results/embeddings/WP3_visualization_workflow/dropout_0/t-SNE/direct_2d/seed_2.csv,planned_workflow_grid,t-SNE,t-SNE,t-SNE,revision_visualization_workflow,revision_benchmark\results\source_data\wp3_visualization_workflow_long.csv
2000,5,0.9938935383544568,0.9879085936811284,0.9883877741900156,0.9874298775703264,0.645258955477489,0.6289720303572951,WP3_visualization_workflow,dropout_0,t-SNE,scrna-dr-py-modern-min,pca50_to_2d,2,0,50,5000,2000,3000,21.526010751724243,413.4921875,datasets/simulate/dropout_0/counts_matrix.csv,datasets/simulate/dropout_0/cell_metadata.csv,revision_benchmark/results/embeddings/WP3_visualization_workflow/dropout_0/t-SNE/pca50_to_2d/seed_0.csv,planned_workflow_grid,t-SNE,t-SNE,t-SNE,revision_visualization_workflow,revision_benchmark\results\source_data\wp3_visualization_workflow_long.csv
2000,5,0.9881920712446524,0.9764746766917336,0.9772616642109074,0.9756889556726556,0.6374450069602974,0.6296222733862027,WP3_visualization_workflow,dropout_0,t-SNE,scrna-dr-py-modern-min,pca50_to_2d,2,1,50,5000,2000,3000,14.673630714416504,413.4921875,datasets/simulate/dropout_0/counts_matrix.csv,datasets/simulate/dropout_0/cell_metadata.csv,revision_benchmark/results/embeddings/WP3_visualization_workflow/dropout_0/t-SNE/pca50_to_2d/seed_1.csv,planned_workflow_grid,t-SNE,t-SNE,t-SNE,revision_visualization_workflow,revision_benchmark\results\source_data\wp3_visualization_workflow_long.csv
2000,5,0.9903973380238752,0.9818573943696336,0.9827384792616312,0.980977887954956,0.6307569897823883,0.6315121258633922,WP3_visualization_workflow,dropout_0,t-SNE,scrna-dr-py-modern-min,pca50_to_2d,2,2,50,5000,2000,3000,11.97001814842224,413.4921875,datasets/simulate/dropout_0/counts_matrix.csv,datasets/simulate/dropout_0/cell_metadata.csv,revision_benchmark/results/embeddings/WP3_visualization_workflow/dropout_0/t-SNE/pca50_to_2d/seed_2.csv,planned_workflow_grid,t-SNE,t-SNE,t-SNE,revision_visualization_workflow,revision_benchmark\results\source_data\wp3_visualization_workflow_long.csv
2000,5,0.0854912518049888,0.0926207951977253,0.094126675504769,0.0911623396505845,-0.053969727263404,0.7817156647053807,WP3_visualization_workflow,batch_1.0,t-SNE,scrna-dr-py-modern-min,direct_2d,2,0,0,5000,2000,3000,13.847140789031982,413.4921875,datasets/simulate/batch_1.0/counts_matrix.csv,datasets/simulate/batch_1.0/cell_metadata.csv,revision_benchmark/results/embeddings/WP3_visualization_workflow/batch_1.0/t-SNE/direct_2d/seed_0.csv,planned_workflow_grid,t-SNE,t-SNE,t-SNE,revision_visualization_workflow,revision_benchmark\results\source_data\wp3_visualization_workflow_long.csv
2000,5,0.086330841359061,0.0884532980983043,0.0898778093630906,0.0870732376717781,-0.0504994961610189,0.781896427048691,WP3_visualization_workflow,batch_1.0,t-SNE,scrna-dr-py-modern-min,direct_2d,2,1,0,5000,2000,3000,6.232086896896362,413.4921875,datasets/simulate/batch_1.0/counts_matrix.csv,datasets/simulate/batch_1.0/cell_metadata.csv,revision_benchmark/results/embeddings/WP3_visualization_workflow/batch_1.0/t-SNE/direct_2d/seed_1.csv,planned_workflow_grid,t-SNE,t-SNE,t-SNE,revision_visualization_workflow,revision_benchmark\results\source_data\wp3_visualization_workflow_long.csv
2000,5,0.0844781322160172,0.0898549783092283,0.0913280378782244,0.0884286833702527,-0.0520272247933234,0.7825093544811119,WP3_visualization_workflow,batch_1.0,t-SNE,scrna-dr-py-modern-min,direct_2d,2,2,0,5000,2000,3000,21.38858222961425,413.49609375,datasets/simulate/batch_1.0/counts_matrix.csv,datasets/simulate/batch_1.0/cell_metadata.csv,revision_benchmark/results/embeddings/WP3_visualization_workflow/batch_1.0/t-SNE/direct_2d/seed_2.csv,planned_workflow_grid,t-SNE,t-SNE,t-SNE,revision_visualization_workflow,revision_benchmark\results\source_data\wp3_visualization_workflow_long.csv
2000,5,0.283778670095797,0.3503225443632585,0.3550675525401442,0.3457026852503957,-0.0124993420021418,0.799642568431824,WP3_visualization_workflow,batch_1.0,t-SNE,scrna-dr-py-modern-min,pca50_to_2d,2,0,50,5000,2000,3000,20.03248786926269,413.49609375,datasets/simulate/batch_1.0/counts_matrix.csv,datasets/simulate/batch_1.0/cell_metadata.csv,revision_benchmark/results/embeddings/WP3_visualization_workflow/batch_1.0/t-SNE/pca50_to_2d/seed_0.csv,planned_workflow_grid,t-SNE,t-SNE,t-SNE,revision_visualization_workflow,revision_benchmark\results\source_data\wp3_visualization_workflow_long.csv
2000,5,0.2625924172623757,0.3270187595669958,0.3317517324222452,0.3224189341130825,-0.0016442452315414,0.8002822716807367,WP3_visualization_workflow,batch_1.0,t-SNE,scrna-dr-py-modern-min,pca50_to_2d,2,1,50,5000,2000,3000,13.877863883972168,413.49609375,datasets/simulate/batch_1.0/counts_matrix.csv,datasets/simulate/batch_1.0/cell_metadata.csv,revision_benchmark/results/embeddings/WP3_visualization_workflow/batch_1.0/t-SNE/pca50_to_2d/seed_1.csv,planned_workflow_grid,t-SNE,t-SNE,t-SNE,revision_visualization_workflow,revision_benchmark\results\source_data\wp3_visualization_workflow_long.csv
2000,5,0.2983750254102157,0.3684541703344796,0.3744285047625378,0.3626674931380773,-0.0436572889045098,0.7984484437622581,WP3_visualization_workflow,batch_1.0,t-SNE,scrna-dr-py-modern-min,pca50_to_2d,2,2,50,5000,2000,3000,13.489566802978516,413.49609375,datasets/simulate/batch_1.0/counts_matrix.csv,datasets/simulate/batch_1.0/cell_metadata.csv,revision_benchmark/results/embeddings/WP3_visualization_workflow/batch_1.0/t-SNE/pca50_to_2d/seed_2.csv,planned_workflow_grid,t-SNE,t-SNE,t-SNE,revision_visualization_workflow,revision_benchmark\results\source_data\wp3_visualization_workflow_long.csv
2000,5,0.9753997088103692,0.9656514170869978,0.9676465384167524,0.9636645060256044,0.5470540716625121,0.6307946618913618,WP3_visualization_workflow,gene_5k,t-SNE,scrna-dr-py-modern-min,direct_2d,2,0,0,5000,2000,3000,13.880833864212036,413.6171875,datasets/simulate/gene_5k/counts_matrix.csv,datasets/simulate/gene_5k/cell_metadata.csv,revision_benchmark/results/embeddings/WP3_visualization_workflow/gene_5k/t-SNE/direct_2d/seed_0.csv,planned_workflow_grid,t-SNE,t-SNE,t-SNE,revision_visualization_workflow,revision_benchmark\results\source_data\wp3_visualization_workflow_long.csv
2000,5,0.9706912518785368,0.953802187858114,0.9550441193584516,0.952563482157944,0.5564810472899735,0.6309736846593331,WP3_visualization_workflow,gene_5k,t-SNE,scrna-dr-py-modern-min,direct_2d,2,1,0,5000,2000,3000,7.25914192199707,413.67578125,datasets/simulate/gene_5k/counts_matrix.csv,datasets/simulate/gene_5k/cell_metadata.csv,revision_benchmark/results/embeddings/WP3_visualization_workflow/gene_5k/t-SNE/direct_2d/seed_1.csv,planned_workflow_grid,t-SNE,t-SNE,t-SNE,revision_visualization_workflow,revision_benchmark\results\source_data\wp3_visualization_workflow_long.csv
2000,5,0.964335885508314,0.9471508504561256,0.9492388025528422,0.9450720635467368,0.5354379635513984,0.6296933316278672,WP3_visualization_workflow,gene_5k,t-SNE,scrna-dr-py-modern-min,direct_2d,2,2,0,5000,2000,3000,31.102614402771,413.67578125,datasets/simulate/gene_5k/counts_matrix.csv,datasets/simulate/gene_5k/cell_metadata.csv,revision_benchmark/results/embeddings/WP3_visualization_workflow/gene_5k/t-SNE/direct_2d/seed_2.csv,planned_workflow_grid,t-SNE,t-SNE,t-SNE,revision_visualization_workflow,revision_benchmark\results\source_data\wp3_visualization_workflow_long.csv
2000,5,1.0,1.0,1.0,1.0,0.8493695193084397,0.6654602200051164,WP3_visualization_workflow,gene_5k,t-SNE,scrna-dr-py-modern-min,pca50_to_2d,2,0,50,5000,2000,3000,13.072552680969238,413.67578125,datasets/simulate/gene_5k/counts_matrix.csv,datasets/simulate/gene_5k/cell_metadata.csv,revision_benchmark/results/embeddings/WP3_visualization_workflow/gene_5k/t-SNE/pca50_to_2d/seed_0.csv,planned_workflow_grid,t-SNE,t-SNE,t-SNE,revision_visualization_workflow,revision_benchmark\results\source_data\wp3_visualization_workflow_long.csv
2000,5,1.0,1.0,1.0,1.0,0.8409344779827275,0.666959998294534,WP3_visualization_workflow,gene_5k,t-SNE,scrna-dr-py-modern-min,pca50_to_2d,2,1,50,5000,2000,3000,10.718348741531372,413.67578125,datasets/simulate/gene_5k/counts_matrix.csv,datasets/simulate/gene_5k/cell_metadata.csv,revision_benchmark/results/embeddings/WP3_visualization_workflow/gene_5k/t-SNE/pca50_to_2d/seed_1.csv,planned_workflow_grid,t-SNE,t-SNE,t-SNE,revision_visualization_workflow,revision_benchmark\results\source_data\wp3_visualization_workflow_long.csv
2000,5,1.0,1.0,1.0,1.0,0.8375137391857609,0.6667311247548393,WP3_visualization_workflow,gene_5k,t-SNE,scrna-dr-py-modern-min,pca50_to_2d,2,2,50,5000,2000,3000,10.937926530838013,413.67578125,datasets/simulate/gene_5k/counts_matrix.csv,datasets/simulate/gene_5k/cell_metadata.csv,revision_benchmark/results/embeddings/WP3_visualization_workflow/gene_5k/t-SNE/pca50_to_2d/seed_2.csv,planned_workflow_grid,t-SNE,t-SNE,t-SNE,revision_visualization_workflow,revision_benchmark\results\source_data\wp3_visualization_workflow_long.csv
2000,5,0.6944456780456275,0.6378271881656755,0.6448930464875932,0.6309144878218362,0.3071799659175965,0.5927616184872516,WP3_visualization_workflow,gene_5w,t-SNE,scrna-dr-py-modern-min,direct_2d,2,0,0,5000,2000,3000,13.110332250595093,413.67578125,datasets/simulate/gene_5w/counts_matrix.csv,datasets/simulate/gene_5w/cell_metadata.csv,revision_benchmark/results/embeddings/WP3_visualization_workflow/gene_5w/t-SNE/direct_2d/seed_0.csv,planned_workflow_grid,t-SNE,t-SNE,t-SNE,revision_visualization_workflow,revision_benchmark\results\source_data\wp3_visualization_workflow_long.csv
2000,5,0.6924031728845831,0.6077522196932611,0.6122214998244067,0.6033477190773602,0.2587940379779483,0.5903243284727552,WP3_visualization_workflow,gene_5w,t-SNE,scrna-dr-py-modern-min,direct_2d,2,1,0,5000,2000,3000,5.499597072601318,413.69140625,datasets/simulate/gene_5w/counts_matrix.csv,datasets/simulate/gene_5w/cell_metadata.csv,revision_benchmark/results/embeddings/WP3_visualization_workflow/gene_5w/t-SNE/direct_2d/seed_1.csv,planned_workflow_grid,t-SNE,t-SNE,t-SNE,revision_visualization_workflow,revision_benchmark\results\source_data\wp3_visualization_workflow_long.csv
2000,5,0.6220829616954549,0.5840447309271646,0.5910977492859678,0.5771580420981737,0.2919099051723395,0.5919308859895966,WP3_visualization_workflow,gene_5w,t-SNE,scrna-dr-py-modern-min,direct_2d,2,2,0,5000,2000,3000,7.058776140213013,413.7890625,datasets/simulate/gene_5w/counts_matrix.csv,datasets/simulate/gene_5w/cell_metadata.csv,revision_benchmark/results/embeddings/WP3_visualization_workflow/gene_5w/t-SNE/direct_2d/seed_2.csv,planned_workflow_grid,t-SNE,t-SNE,t-SNE,revision_visualization_workflow,revision_benchmark\results\source_data\wp3_visualization_workflow_long.csv
2000,5,1.0,1.0,1.0,1.0,0.8439058897419289,0.6291949859299053,WP3_visualization_workflow,gene_5w,t-SNE,scrna-dr-py-modern-min,pca50_to_2d,2,0,50,5000,2000,3000,6.452061176300049,413.7890625,datasets/simulate/gene_5w/counts_matrix.csv,datasets/simulate/gene_5w/cell_metadata.csv,revision_benchmark/results/embeddings/WP3_visualization_workflow/gene_5w/t-SNE/pca50_to_2d/seed_0.csv,planned_workflow_grid,t-SNE,t-SNE,t-SNE,revision_visualization_workflow,revision_benchmark\results\source_data\wp3_visualization_workflow_long.csv
2000,5,1.0,1.0,1.0,1.0,0.8315667667088872,0.6281177283192632,WP3_visualization_workflow,gene_5w,t-SNE,scrna-dr-py-modern-min,pca50_to_2d,2,1,50,5000,2000,3000,6.713168144226074,413.7890625,datasets/simulate/gene_5w/counts_matrix.csv,datasets/simulate/gene_5w/cell_metadata.csv,revision_benchmark/results/embeddings/WP3_visualization_workflow/gene_5w/t-SNE/pca50_to_2d/seed_1.csv,planned_workflow_grid,t-SNE,t-SNE,t-SNE,revision_visualization_workflow,revision_benchmark\results\source_data\wp3_visualization_workflow_long.csv
2000,5,0.9993177769851946,0.9978981466170576,0.9979590264233552,0.9978372742381684,0.8292229141788107,0.6267378528182825,WP3_visualization_workflow,gene_5w,t-SNE,scrna-dr-py-modern-min,pca50_to_2d,2,2,50,5000,2000,3000,4.680262804031372,413.7890625,datasets/simulate/gene_5w/counts_matrix.csv,datasets/simulate/gene_5w/cell_metadata.csv,revision_benchmark/results/embeddings/WP3_visualization_workflow/gene_5w/t-SNE/pca50_to_2d/seed_2.csv,planned_workflow_grid,t-SNE,t-SNE,t-SNE,revision_visualization_workflow,revision_benchmark\results\source_data\wp3_visualization_workflow_long.csv
