metric_sample_size,n_labels,ari,nmi,homogeneity,completeness,silhouette_label,trustworthiness_k30,work_package,dataset_id,method,environment,dimension,seed,standardized,explained_variance_ratio_sum,metric_sample_size_requested,n_cells,n_genes,runtime_seconds,max_rss_mb,matrix_path,label_path,embedding_path,analysis_inclusion,method_class,max_epochs,max_iter,min_iter,iter_max,iter_min,pseudocount,zero_inflation,sparsity,training_steps,layers,method_raw,method_id,parent_method,control_layer,source_file
2000.0,5,0.9690758982736636,0.9461016650587116,0.9462163868491634,0.9459869710832371,0.6935544013977051,0.6455163468917882,WP2_dimension_sensitivity,default,PCA,scrna-dr-py-modern-min,2,0,True,0.0216311961412429,5000.0,2000,3000,2.097842216491699,364.63671875,datasets/simulate/default/counts_matrix.csv,datasets/simulate/default/cell_metadata.csv,revision_benchmark/results/embeddings/WP2_dimension_sensitivity/default/PCA/dim_2/seed_0.csv,planned_full_grid,linear baseline,,,,,,,,,,,PCA,PCA,PCA,revision_dimension_sensitivity,revision_benchmark\results\source_data\wp2_dimension_sensitivity_long.csv
2000.0,5,1.0,1.0,1.0,1.0,0.7353349328041077,0.660174690884284,WP2_dimension_sensitivity,default,PCA,scrna-dr-py-modern-min,5,0,True,0.0370758920907974,5000.0,2000,3000,2.3631696701049805,370.7421875,datasets/simulate/default/counts_matrix.csv,datasets/simulate/default/cell_metadata.csv,revision_benchmark/results/embeddings/WP2_dimension_sensitivity/default/PCA/dim_5/seed_0.csv,planned_full_grid,linear baseline,,,,,,,,,,,PCA,PCA,PCA,revision_dimension_sensitivity,revision_benchmark\results\source_data\wp2_dimension_sensitivity_long.csv
2000.0,5,1.0,1.0,1.0,1.0,0.5470049977302551,0.7139643472328814,WP2_dimension_sensitivity,default,PCA,scrna-dr-py-modern-min,10,0,True,0.0446978397667408,5000.0,2000,3000,1.983109474182129,371.10546875,datasets/simulate/default/counts_matrix.csv,datasets/simulate/default/cell_metadata.csv,revision_benchmark/results/embeddings/WP2_dimension_sensitivity/default/PCA/dim_10/seed_0.csv,planned_full_grid,linear baseline,,,,,,,,,,,PCA,PCA,PCA,revision_dimension_sensitivity,revision_benchmark\results\source_data\wp2_dimension_sensitivity_long.csv
2000.0,5,1.0,1.0,1.0,1.0,0.3812664747238159,0.787158804468321,WP2_dimension_sensitivity,default,PCA,scrna-dr-py-modern-min,20,0,True,0.059592492878437,5000.0,2000,3000,1.9326329231262207,380.8046875,datasets/simulate/default/counts_matrix.csv,datasets/simulate/default/cell_metadata.csv,revision_benchmark/results/embeddings/WP2_dimension_sensitivity/default/PCA/dim_20/seed_0.csv,planned_full_grid,linear baseline,,,,,,,,,,,PCA,PCA,PCA,revision_dimension_sensitivity,revision_benchmark\results\source_data\wp2_dimension_sensitivity_long.csv
2000.0,5,1.0,1.0,1.0,1.0,0.2101390957832336,0.8820688752451608,WP2_dimension_sensitivity,default,PCA,scrna-dr-py-modern-min,50,0,True,0.1024625599384307,5000.0,2000,3000,1.916241884231568,387.37109375,datasets/simulate/default/counts_matrix.csv,datasets/simulate/default/cell_metadata.csv,revision_benchmark/results/embeddings/WP2_dimension_sensitivity/default/PCA/dim_50/seed_0.csv,planned_full_grid,linear baseline,,,,,,,,,,,PCA,PCA,PCA,revision_dimension_sensitivity,revision_benchmark\results\source_data\wp2_dimension_sensitivity_long.csv
2000.0,7,0.7318653835962803,0.7833355679922808,0.7848557044003814,0.7818213087095426,0.4427891671657562,0.6199731900741878,WP2_dimension_sensitivity,celltype_7,PCA,scrna-dr-py-modern-min,2,0,True,0.0148782525211572,5000.0,2000,3000,1.515361785888672,387.37109375,datasets/simulate/celltype_7/counts_matrix.csv,datasets/simulate/celltype_7/cell_metadata.csv,revision_benchmark/results/embeddings/WP2_dimension_sensitivity/celltype_7/PCA/dim_2/seed_0.csv,planned_full_grid,linear baseline,,,,,,,,,,,PCA,PCA,PCA,revision_dimension_sensitivity,revision_benchmark\results\source_data\wp2_dimension_sensitivity_long.csv
2000.0,7,1.0,1.0,1.0,1.0,0.7315359711647034,0.679598806173787,WP2_dimension_sensitivity,celltype_7,PCA,scrna-dr-py-modern-min,5,0,True,0.0341569371521472,5000.0,2000,3000,1.385772466659546,387.92578125,datasets/simulate/celltype_7/counts_matrix.csv,datasets/simulate/celltype_7/cell_metadata.csv,revision_benchmark/results/embeddings/WP2_dimension_sensitivity/celltype_7/PCA/dim_5/seed_0.csv,planned_full_grid,linear baseline,,,,,,,,,,,PCA,PCA,PCA,revision_dimension_sensitivity,revision_benchmark\results\source_data\wp2_dimension_sensitivity_long.csv
2000.0,7,1.0,1.0,1.0,1.0,0.5845479965209961,0.7051901679884028,WP2_dimension_sensitivity,celltype_7,PCA,scrna-dr-py-modern-min,10,0,True,0.0454661846160888,5000.0,2000,3000,2.6509594917297363,387.92578125,datasets/simulate/celltype_7/counts_matrix.csv,datasets/simulate/celltype_7/cell_metadata.csv,revision_benchmark/results/embeddings/WP2_dimension_sensitivity/celltype_7/PCA/dim_10/seed_0.csv,planned_full_grid,linear baseline,,,,,,,,,,,PCA,PCA,PCA,revision_dimension_sensitivity,revision_benchmark\results\source_data\wp2_dimension_sensitivity_long.csv
2000.0,7,1.0,1.0,1.0,1.0,0.3929446935653686,0.7737015093374264,WP2_dimension_sensitivity,celltype_7,PCA,scrna-dr-py-modern-min,20,0,True,0.0603330135345459,5000.0,2000,3000,2.220533609390259,388.08984375,datasets/simulate/celltype_7/counts_matrix.csv,datasets/simulate/celltype_7/cell_metadata.csv,revision_benchmark/results/embeddings/WP2_dimension_sensitivity/celltype_7/PCA/dim_20/seed_0.csv,planned_full_grid,linear baseline,,,,,,,,,,,PCA,PCA,PCA,revision_dimension_sensitivity,revision_benchmark\results\source_data\wp2_dimension_sensitivity_long.csv
2000.0,7,1.0,1.0,1.0,1.0,0.2083937972784042,0.8664427475057559,WP2_dimension_sensitivity,celltype_7,PCA,scrna-dr-py-modern-min,50,0,True,0.1031941697001457,5000.0,2000,3000,3.1275038719177246,388.08984375,datasets/simulate/celltype_7/counts_matrix.csv,datasets/simulate/celltype_7/cell_metadata.csv,revision_benchmark/results/embeddings/WP2_dimension_sensitivity/celltype_7/PCA/dim_50/seed_0.csv,planned_full_grid,linear baseline,,,,,,,,,,,PCA,PCA,PCA,revision_dimension_sensitivity,revision_benchmark\results\source_data\wp2_dimension_sensitivity_long.csv
2000.0,11,0.4383959364906355,0.5682870240090013,0.5697223760067059,0.5668588862544253,0.1979825794696808,0.5820713481708877,WP2_dimension_sensitivity,celltype_11,PCA,scrna-dr-py-modern-min,2,0,True,0.0106249507516622,5000.0,2000,3000,1.87264084815979,388.08984375,datasets/simulate/celltype_11/counts_matrix.csv,datasets/simulate/celltype_11/cell_metadata.csv,revision_benchmark/results/embeddings/WP2_dimension_sensitivity/celltype_11/PCA/dim_2/seed_0.csv,planned_full_grid,linear baseline,,,,,,,,,,,PCA,PCA,PCA,revision_dimension_sensitivity,revision_benchmark\results\source_data\wp2_dimension_sensitivity_long.csv
2000.0,11,0.9444318021607464,0.9412918524600656,0.942821198949181,0.9397674594295892,0.5263160467147827,0.6652339814104204,WP2_dimension_sensitivity,celltype_11,PCA,scrna-dr-py-modern-min,5,0,True,0.0245251841843128,5000.0,2000,3000,2.3059606552124023,388.08984375,datasets/simulate/celltype_11/counts_matrix.csv,datasets/simulate/celltype_11/cell_metadata.csv,revision_benchmark/results/embeddings/WP2_dimension_sensitivity/celltype_11/PCA/dim_5/seed_0.csv,planned_full_grid,linear baseline,,,,,,,,,,,PCA,PCA,PCA,revision_dimension_sensitivity,revision_benchmark\results\source_data\wp2_dimension_sensitivity_long.csv
2000.0,11,1.0,1.0,1.0,1.0,0.6887689828872681,0.6958192376566896,WP2_dimension_sensitivity,celltype_11,PCA,scrna-dr-py-modern-min,10,0,True,0.0424936078488826,5000.0,2000,3000,1.8648812770843504,388.08984375,datasets/simulate/celltype_11/counts_matrix.csv,datasets/simulate/celltype_11/cell_metadata.csv,revision_benchmark/results/embeddings/WP2_dimension_sensitivity/celltype_11/PCA/dim_10/seed_0.csv,planned_full_grid,linear baseline,,,,,,,,,,,PCA,PCA,PCA,revision_dimension_sensitivity,revision_benchmark\results\source_data\wp2_dimension_sensitivity_long.csv
2000.0,11,1.0,1.0000000000000002,1.0,1.0000000000000002,0.4178636968135834,0.7546557687388079,WP2_dimension_sensitivity,celltype_11,PCA,scrna-dr-py-modern-min,20,0,True,0.0585125759243965,5000.0,2000,3000,1.6482243537902832,388.08984375,datasets/simulate/celltype_11/counts_matrix.csv,datasets/simulate/celltype_11/cell_metadata.csv,revision_benchmark/results/embeddings/WP2_dimension_sensitivity/celltype_11/PCA/dim_20/seed_0.csv,planned_full_grid,linear baseline,,,,,,,,,,,PCA,PCA,PCA,revision_dimension_sensitivity,revision_benchmark\results\source_data\wp2_dimension_sensitivity_long.csv
2000.0,11,1.0,1.0,1.0,1.0,0.2087124586105346,0.853333393024644,WP2_dimension_sensitivity,celltype_11,PCA,scrna-dr-py-modern-min,50,0,True,0.1014804318547248,5000.0,2000,3000,2.0972900390625,388.08984375,datasets/simulate/celltype_11/counts_matrix.csv,datasets/simulate/celltype_11/cell_metadata.csv,revision_benchmark/results/embeddings/WP2_dimension_sensitivity/celltype_11/PCA/dim_50/seed_0.csv,planned_full_grid,linear baseline,,,,,,,,,,,PCA,PCA,PCA,revision_dimension_sensitivity,revision_benchmark\results\source_data\wp2_dimension_sensitivity_long.csv
2000.0,15,0.2491164929907982,0.4558411217971343,0.4549773165197233,0.4567082132994156,0.1323944628238678,0.5663214121258634,WP2_dimension_sensitivity,celltype_15,PCA,scrna-dr-py-modern-min,2,0,True,0.010118106380105,5000.0,2000,3000,1.6221163272857666,388.08984375,datasets/simulate/celltype_15/counts_matrix.csv,datasets/simulate/celltype_15/cell_metadata.csv,revision_benchmark/results/embeddings/WP2_dimension_sensitivity/celltype_15/PCA/dim_2/seed_0.csv,planned_full_grid,linear baseline,,,,,,,,,,,PCA,PCA,PCA,revision_dimension_sensitivity,revision_benchmark\results\source_data\wp2_dimension_sensitivity_long.csv
2000.0,15,0.6364971173363464,0.6759015037555558,0.6791946455715611,0.6726401420921649,0.3616761565208435,0.6235389784258549,WP2_dimension_sensitivity,celltype_15,PCA,scrna-dr-py-modern-min,5,0,True,0.022140884771943,5000.0,2000,3000,1.9224936962127688,388.08984375,datasets/simulate/celltype_15/counts_matrix.csv,datasets/simulate/celltype_15/cell_metadata.csv,revision_benchmark/results/embeddings/WP2_dimension_sensitivity/celltype_15/PCA/dim_5/seed_0.csv,planned_full_grid,linear baseline,,,,,,,,,,,PCA,PCA,PCA,revision_dimension_sensitivity,revision_benchmark\results\source_data\wp2_dimension_sensitivity_long.csv
2000.0,15,0.9058741614333012,0.94337793758049,0.9458704075151294,0.94089856897346,0.4752700328826904,0.6886810607998636,WP2_dimension_sensitivity,celltype_15,PCA,scrna-dr-py-modern-min,10,0,True,0.0354381017386913,5000.0,2000,3000,2.275522470474243,388.08984375,datasets/simulate/celltype_15/counts_matrix.csv,datasets/simulate/celltype_15/cell_metadata.csv,revision_benchmark/results/embeddings/WP2_dimension_sensitivity/celltype_15/PCA/dim_10/seed_0.csv,planned_full_grid,linear baseline,,,,,,,,,,,PCA,PCA,PCA,revision_dimension_sensitivity,revision_benchmark\results\source_data\wp2_dimension_sensitivity_long.csv
2000.0,15,1.0,1.0,1.0,1.0,0.4316062927246094,0.7387942611068474,WP2_dimension_sensitivity,celltype_15,PCA,scrna-dr-py-modern-min,20,0,True,0.0543096363544464,5000.0,2000,3000,2.497345209121704,388.08984375,datasets/simulate/celltype_15/counts_matrix.csv,datasets/simulate/celltype_15/cell_metadata.csv,revision_benchmark/results/embeddings/WP2_dimension_sensitivity/celltype_15/PCA/dim_20/seed_0.csv,planned_full_grid,linear baseline,,,,,,,,,,,PCA,PCA,PCA,revision_dimension_sensitivity,revision_benchmark\results\source_data\wp2_dimension_sensitivity_long.csv
2000.0,15,1.0,1.0,1.0,1.0000000000000002,0.1991935223340988,0.833912935959751,WP2_dimension_sensitivity,celltype_15,PCA,scrna-dr-py-modern-min,50,0,True,0.0976806655526161,5000.0,2000,3000,3.0683741569519043,388.08984375,datasets/simulate/celltype_15/counts_matrix.csv,datasets/simulate/celltype_15/cell_metadata.csv,revision_benchmark/results/embeddings/WP2_dimension_sensitivity/celltype_15/PCA/dim_50/seed_0.csv,planned_full_grid,linear baseline,,,,,,,,,,,PCA,PCA,PCA,revision_dimension_sensitivity,revision_benchmark\results\source_data\wp2_dimension_sensitivity_long.csv
2000.0,5,0.7850070278044011,0.8790277245136016,0.8922208880001512,0.8662190471359146,0.5680153965950012,0.6451393792103692,WP2_dimension_sensitivity,dropout_0,PCA,scrna-dr-py-modern-min,2,0,True,0.0128077771514654,5000.0,2000,3000,2.0807387828826904,388.08984375,datasets/simulate/dropout_0/counts_matrix.csv,datasets/simulate/dropout_0/cell_metadata.csv,revision_benchmark/results/embeddings/WP2_dimension_sensitivity/dropout_0/PCA/dim_2/seed_0.csv,planned_full_grid,linear baseline,,,,,,,,,,,PCA,PCA,PCA,revision_dimension_sensitivity,revision_benchmark\results\source_data\wp2_dimension_sensitivity_long.csv
2000.0,5,1.0,1.0,1.0,1.0,0.6013971567153931,0.6798328984394986,WP2_dimension_sensitivity,dropout_0,PCA,scrna-dr-py-modern-min,5,0,True,0.0235246997326612,5000.0,2000,3000,2.519254207611084,388.08984375,datasets/simulate/dropout_0/counts_matrix.csv,datasets/simulate/dropout_0/cell_metadata.csv,revision_benchmark/results/embeddings/WP2_dimension_sensitivity/dropout_0/PCA/dim_5/seed_0.csv,planned_full_grid,linear baseline,,,,,,,,,,,PCA,PCA,PCA,revision_dimension_sensitivity,revision_benchmark\results\source_data\wp2_dimension_sensitivity_long.csv
2000.0,5,1.0,1.0,1.0,1.0,0.4090262651443481,0.7169365566641084,WP2_dimension_sensitivity,dropout_0,PCA,scrna-dr-py-modern-min,10,0,True,0.0311406608670949,5000.0,2000,3000,1.689662218093872,388.08984375,datasets/simulate/dropout_0/counts_matrix.csv,datasets/simulate/dropout_0/cell_metadata.csv,revision_benchmark/results/embeddings/WP2_dimension_sensitivity/dropout_0/PCA/dim_10/seed_0.csv,planned_full_grid,linear baseline,,,,,,,,,,,PCA,PCA,PCA,revision_dimension_sensitivity,revision_benchmark\results\source_data\wp2_dimension_sensitivity_long.csv
2000.0,5,1.0,1.0,1.0,1.0,0.2600392401218414,0.7649321053978,WP2_dimension_sensitivity,dropout_0,PCA,scrna-dr-py-modern-min,20,0,True,0.0458623506128788,5000.0,2000,3000,1.5143048763275146,388.08984375,datasets/simulate/dropout_0/counts_matrix.csv,datasets/simulate/dropout_0/cell_metadata.csv,revision_benchmark/results/embeddings/WP2_dimension_sensitivity/dropout_0/PCA/dim_20/seed_0.csv,planned_full_grid,linear baseline,,,,,,,,,,,PCA,PCA,PCA,revision_dimension_sensitivity,revision_benchmark\results\source_data\wp2_dimension_sensitivity_long.csv
2000.0,5,1.0,1.0,1.0,1.0,0.1289357542991638,0.8390489127654132,WP2_dimension_sensitivity,dropout_0,PCA,scrna-dr-py-modern-min,50,0,True,0.088720679283142,5000.0,2000,3000,2.081681489944458,388.08984375,datasets/simulate/dropout_0/counts_matrix.csv,datasets/simulate/dropout_0/cell_metadata.csv,revision_benchmark/results/embeddings/WP2_dimension_sensitivity/dropout_0/PCA/dim_50/seed_0.csv,planned_full_grid,linear baseline,,,,,,,,,,,PCA,PCA,PCA,revision_dimension_sensitivity,revision_benchmark\results\source_data\wp2_dimension_sensitivity_long.csv
2000.0,5,0.3069187191767673,0.4222605815095788,0.4259089516737296,0.418674184936276,-0.0483604744076728,0.7947533299224012,WP2_dimension_sensitivity,batch_1.0,PCA,scrna-dr-py-modern-min,2,0,True,0.3993496000766754,5000.0,2000,3000,1.4369285106658936,388.08984375,datasets/simulate/batch_1.0/counts_matrix.csv,datasets/simulate/batch_1.0/cell_metadata.csv,revision_benchmark/results/embeddings/WP2_dimension_sensitivity/batch_1.0/PCA/dim_2/seed_0.csv,planned_full_grid,linear baseline,,,,,,,,,,,PCA,PCA,PCA,revision_dimension_sensitivity,revision_benchmark\results\source_data\wp2_dimension_sensitivity_long.csv
2000.0,5,0.3260479331671533,0.5089097322203509,0.5070223778997899,0.5108111901217962,-0.0176653321832418,0.8267820499701544,WP2_dimension_sensitivity,batch_1.0,PCA,scrna-dr-py-modern-min,5,0,True,0.4039047360420227,5000.0,2000,3000,2.0432798862457275,388.08984375,datasets/simulate/batch_1.0/counts_matrix.csv,datasets/simulate/batch_1.0/cell_metadata.csv,revision_benchmark/results/embeddings/WP2_dimension_sensitivity/batch_1.0/PCA/dim_5/seed_0.csv,planned_full_grid,linear baseline,,,,,,,,,,,PCA,PCA,PCA,revision_dimension_sensitivity,revision_benchmark\results\source_data\wp2_dimension_sensitivity_long.csv
2000.0,5,0.3200758694118688,0.4809842850894343,0.4801533793950823,0.4818180715344741,-0.0198234822601079,0.8457023194337853,WP2_dimension_sensitivity,batch_1.0,PCA,scrna-dr-py-modern-min,10,0,True,0.4095478951931,5000.0,2000,3000,2.23733901977539,388.08984375,datasets/simulate/batch_1.0/counts_matrix.csv,datasets/simulate/batch_1.0/cell_metadata.csv,revision_benchmark/results/embeddings/WP2_dimension_sensitivity/batch_1.0/PCA/dim_10/seed_0.csv,planned_full_grid,linear baseline,,,,,,,,,,,PCA,PCA,PCA,revision_dimension_sensitivity,revision_benchmark\results\source_data\wp2_dimension_sensitivity_long.csv
2000.0,5,0.3335622056293574,0.4987970940456867,0.4997499409521743,0.4978478737106872,-0.023477554321289,0.8618528865012365,WP2_dimension_sensitivity,batch_1.0,PCA,scrna-dr-py-modern-min,20,0,True,0.4203314483165741,5000.0,2000,3000,2.0420382022857666,388.08984375,datasets/simulate/batch_1.0/counts_matrix.csv,datasets/simulate/batch_1.0/cell_metadata.csv,revision_benchmark/results/embeddings/WP2_dimension_sensitivity/batch_1.0/PCA/dim_20/seed_0.csv,planned_full_grid,linear baseline,,,,,,,,,,,PCA,PCA,PCA,revision_dimension_sensitivity,revision_benchmark\results\source_data\wp2_dimension_sensitivity_long.csv
2000.0,5,0.3318023719113417,0.4959813411987593,0.4969194211641162,0.4950467963574868,-0.022710109129548,0.8913628293681248,WP2_dimension_sensitivity,batch_1.0,PCA,scrna-dr-py-modern-min,50,0,True,0.4507597684860229,5000.0,2000,3000,2.919319868087769,388.08984375,datasets/simulate/batch_1.0/counts_matrix.csv,datasets/simulate/batch_1.0/cell_metadata.csv,revision_benchmark/results/embeddings/WP2_dimension_sensitivity/batch_1.0/PCA/dim_50/seed_0.csv,planned_full_grid,linear baseline,,,,,,,,,,,PCA,PCA,PCA,revision_dimension_sensitivity,revision_benchmark\results\source_data\wp2_dimension_sensitivity_long.csv
2000.0,5,0.9276662031667372,0.9034434928485588,0.9046806316901818,0.9022097329284304,0.6565139293670654,0.6265271680736761,WP2_dimension_sensitivity,gene_5k,PCA,scrna-dr-py-modern-min,2,0,True,0.023636020720005,5000.0,2000,3000,2.1403489112854004,388.08984375,datasets/simulate/gene_5k/counts_matrix.csv,datasets/simulate/gene_5k/cell_metadata.csv,revision_benchmark/results/embeddings/WP2_dimension_sensitivity/gene_5k/PCA/dim_2/seed_0.csv,planned_full_grid,linear baseline,,,,,,,,,,,PCA,PCA,PCA,revision_dimension_sensitivity,revision_benchmark\results\source_data\wp2_dimension_sensitivity_long.csv
2000.0,5,1.0,1.0,1.0,1.0,0.7450265288352966,0.6525844461499104,WP2_dimension_sensitivity,gene_5k,PCA,scrna-dr-py-modern-min,5,0,True,0.0397215001285076,5000.0,2000,3000,2.34328031539917,388.08984375,datasets/simulate/gene_5k/counts_matrix.csv,datasets/simulate/gene_5k/cell_metadata.csv,revision_benchmark/results/embeddings/WP2_dimension_sensitivity/gene_5k/PCA/dim_5/seed_0.csv,planned_full_grid,linear baseline,,,,,,,,,,,PCA,PCA,PCA,revision_dimension_sensitivity,revision_benchmark\results\source_data\wp2_dimension_sensitivity_long.csv
2000.0,5,1.0,1.0,1.0,1.0,0.5631515979766846,0.7078406071459027,WP2_dimension_sensitivity,gene_5k,PCA,scrna-dr-py-modern-min,10,0,True,0.0473538823425769,5000.0,2000,3000,1.7694463729858398,388.08984375,datasets/simulate/gene_5k/counts_matrix.csv,datasets/simulate/gene_5k/cell_metadata.csv,revision_benchmark/results/embeddings/WP2_dimension_sensitivity/gene_5k/PCA/dim_10/seed_0.csv,planned_full_grid,linear baseline,,,,,,,,,,,PCA,PCA,PCA,revision_dimension_sensitivity,revision_benchmark\results\source_data\wp2_dimension_sensitivity_long.csv
2000.0,5,1.0,1.0,1.0,1.0,0.3992540240287781,0.7857561951053125,WP2_dimension_sensitivity,gene_5k,PCA,scrna-dr-py-modern-min,20,0,True,0.0622158162295818,5000.0,2000,3000,1.664921760559082,388.08984375,datasets/simulate/gene_5k/counts_matrix.csv,datasets/simulate/gene_5k/cell_metadata.csv,revision_benchmark/results/embeddings/WP2_dimension_sensitivity/gene_5k/PCA/dim_20/seed_0.csv,planned_full_grid,linear baseline,,,,,,,,,,,PCA,PCA,PCA,revision_dimension_sensitivity,revision_benchmark\results\source_data\wp2_dimension_sensitivity_long.csv
2000.0,5,1.0,1.0,1.0,1.0,0.2230731695890426,0.8839836275262215,WP2_dimension_sensitivity,gene_5k,PCA,scrna-dr-py-modern-min,50,0,True,0.1050716489553451,5000.0,2000,3000,2.1300532817840576,388.08984375,datasets/simulate/gene_5k/counts_matrix.csv,datasets/simulate/gene_5k/cell_metadata.csv,revision_benchmark/results/embeddings/WP2_dimension_sensitivity/gene_5k/PCA/dim_50/seed_0.csv,planned_full_grid,linear baseline,,,,,,,,,,,PCA,PCA,PCA,revision_dimension_sensitivity,revision_benchmark\results\source_data\wp2_dimension_sensitivity_long.csv
2000.0,5,0.9276653027628472,0.9032281298529392,0.9044747660072708,0.9019849254419616,0.6092091798782349,0.6850300844205679,WP2_dimension_sensitivity,gene_5w,PCA,scrna-dr-py-modern-min,2,0,True,0.0154992155730724,5000.0,2000,3000,1.1674091815948486,388.08984375,datasets/simulate/gene_5w/counts_matrix.csv,datasets/simulate/gene_5w/cell_metadata.csv,revision_benchmark/results/embeddings/WP2_dimension_sensitivity/gene_5w/PCA/dim_2/seed_0.csv,planned_full_grid,linear baseline,,,,,,,,,,,PCA,PCA,PCA,revision_dimension_sensitivity,revision_benchmark\results\source_data\wp2_dimension_sensitivity_long.csv
2000.0,5,1.0,1.0,1.0,1.0,0.6992168426513672,0.7298148290270317,WP2_dimension_sensitivity,gene_5w,PCA,scrna-dr-py-modern-min,5,0,True,0.0252809338271617,5000.0,2000,3000,1.7582073211669922,388.08984375,datasets/simulate/gene_5w/counts_matrix.csv,datasets/simulate/gene_5w/cell_metadata.csv,revision_benchmark/results/embeddings/WP2_dimension_sensitivity/gene_5w/PCA/dim_5/seed_0.csv,planned_full_grid,linear baseline,,,,,,,,,,,PCA,PCA,PCA,revision_dimension_sensitivity,revision_benchmark\results\source_data\wp2_dimension_sensitivity_long.csv
2000.0,5,1.0,1.0,1.0,1.0,0.477374792098999,0.7742199539524175,WP2_dimension_sensitivity,gene_5w,PCA,scrna-dr-py-modern-min,10,0,True,0.0329682454466819,5000.0,2000,3000,2.628596782684326,388.08984375,datasets/simulate/gene_5w/counts_matrix.csv,datasets/simulate/gene_5w/cell_metadata.csv,revision_benchmark/results/embeddings/WP2_dimension_sensitivity/gene_5w/PCA/dim_10/seed_0.csv,planned_full_grid,linear baseline,,,,,,,,,,,PCA,PCA,PCA,revision_dimension_sensitivity,revision_benchmark\results\source_data\wp2_dimension_sensitivity_long.csv
2000.0,5,1.0,1.0,1.0,1.0,0.3111582398414612,0.8203658224609874,WP2_dimension_sensitivity,gene_5w,PCA,scrna-dr-py-modern-min,20,0,True,0.0479271821677684,5000.0,2000,3000,1.9458398818969729,388.08984375,datasets/simulate/gene_5w/counts_matrix.csv,datasets/simulate/gene_5w/cell_metadata.csv,revision_benchmark/results/embeddings/WP2_dimension_sensitivity/gene_5w/PCA/dim_20/seed_0.csv,planned_full_grid,linear baseline,,,,,,,,,,,PCA,PCA,PCA,revision_dimension_sensitivity,revision_benchmark\results\source_data\wp2_dimension_sensitivity_long.csv
2000.0,5,1.0,1.0,1.0,1.0,0.1560017466545105,0.8839271936556664,WP2_dimension_sensitivity,gene_5w,PCA,scrna-dr-py-modern-min,50,0,True,0.0910267904400825,5000.0,2000,3000,3.2701635360717773,388.08984375,datasets/simulate/gene_5w/counts_matrix.csv,datasets/simulate/gene_5w/cell_metadata.csv,revision_benchmark/results/embeddings/WP2_dimension_sensitivity/gene_5w/PCA/dim_50/seed_0.csv,planned_full_grid,linear baseline,,,,,,,,,,,PCA,PCA,PCA,revision_dimension_sensitivity,revision_benchmark\results\source_data\wp2_dimension_sensitivity_long.csv
2000.0,5,0.0012722538805938,0.0087191685424943,0.0087388324066482,0.0086995929737604,-0.0660289525985717,0.7658272277649868,WP2_dimension_sensitivity,batch_1.0,scVI,scrna-dr-py-modern-min,2,0,,,5000.0,2000,3000,11.419896602630615,792.12890625,datasets/simulate/batch_1.0/counts_matrix.csv,datasets/simulate/batch_1.0/cell_metadata.csv,revision_benchmark/results/embeddings/WP1_scVI_local/batch_1.0/scVI/dim_2/seed_0.csv,planned_full_grid,deep generative model,20.0,,,,,,,,,,scVI,scVI,scVI,revision_dimension_sensitivity,revision_benchmark\results\source_data\wp2_dimension_sensitivity_long.csv
2000.0,5,0.0010213109659249,0.0051208066866755,0.0051700230760553,0.0050725184988085,-0.0664234980940818,0.7646378272362924,WP2_dimension_sensitivity,batch_1.0,scVI,scrna-dr-py-modern-min,2,1,,,5000.0,2000,3000,10.86912488937378,800.88671875,datasets/simulate/batch_1.0/counts_matrix.csv,datasets/simulate/batch_1.0/cell_metadata.csv,revision_benchmark/results/embeddings/WP1_scVI_local/batch_1.0/scVI/dim_2/seed_1.csv,planned_full_grid,deep generative model,20.0,,,,,,,,,,scVI,scVI,scVI,revision_dimension_sensitivity,revision_benchmark\results\source_data\wp2_dimension_sensitivity_long.csv
2000.0,5,0.0094438002303516,0.0160220198249044,0.0152795753472886,0.0168403009730825,-0.0688894242048263,0.7656325488189648,WP2_dimension_sensitivity,batch_1.0,scVI,scrna-dr-py-modern-min,2,2,,,5000.0,2000,3000,11.2125825881958,797.0703125,datasets/simulate/batch_1.0/counts_matrix.csv,datasets/simulate/batch_1.0/cell_metadata.csv,revision_benchmark/results/embeddings/WP1_scVI_local/batch_1.0/scVI/dim_2/seed_2.csv,planned_full_grid,deep generative model,20.0,,,,,,,,,,scVI,scVI,scVI,revision_dimension_sensitivity,revision_benchmark\results\source_data\wp2_dimension_sensitivity_long.csv
2000.0,5,0.0241015576992715,0.0266481325844947,0.0253342587009299,0.028105739767508,-0.0649238750338554,0.7754162957278077,WP2_dimension_sensitivity,batch_1.0,scVI,scrna-dr-py-modern-min,5,0,,,5000.0,2000,3000,11.189039707183838,798.30859375,datasets/simulate/batch_1.0/counts_matrix.csv,datasets/simulate/batch_1.0/cell_metadata.csv,revision_benchmark/results/embeddings/WP1_scVI_local/batch_1.0/scVI/dim_5/seed_0.csv,planned_full_grid,deep generative model,20.0,,,,,,,,,,scVI,scVI,scVI,revision_dimension_sensitivity,revision_benchmark\results\source_data\wp2_dimension_sensitivity_long.csv
2000.0,5,0.0056859352941532,0.0083694601996292,0.0083646114792226,0.0083743145446187,-0.066679336130619,0.774941468406242,WP2_dimension_sensitivity,batch_1.0,scVI,scrna-dr-py-modern-min,5,1,,,5000.0,2000,3000,10.984483480453491,798.0390625,datasets/simulate/batch_1.0/counts_matrix.csv,datasets/simulate/batch_1.0/cell_metadata.csv,revision_benchmark/results/embeddings/WP1_scVI_local/batch_1.0/scVI/dim_5/seed_1.csv,planned_full_grid,deep generative model,20.0,,,,,,,,,,scVI,scVI,scVI,revision_dimension_sensitivity,revision_benchmark\results\source_data\wp2_dimension_sensitivity_long.csv
2000.0,5,0.0015419849784931,0.005439369555555,0.0054912139828275,0.005388494933917,-0.0666817426681518,0.7743438219493477,WP2_dimension_sensitivity,batch_1.0,scVI,scrna-dr-py-modern-min,5,2,,,5000.0,2000,3000,10.735790252685549,795.34765625,datasets/simulate/batch_1.0/counts_matrix.csv,datasets/simulate/batch_1.0/cell_metadata.csv,revision_benchmark/results/embeddings/WP1_scVI_local/batch_1.0/scVI/dim_5/seed_2.csv,planned_full_grid,deep generative model,20.0,,,,,,,,,,scVI,scVI,scVI,revision_dimension_sensitivity,revision_benchmark\results\source_data\wp2_dimension_sensitivity_long.csv
2000.0,5,0.0059757297426415,0.0093618597971075,0.0094474840571219,0.0092777736532372,-0.0655470564961433,0.7843216679457662,WP2_dimension_sensitivity,batch_1.0,scVI,scrna-dr-py-modern-min,10,0,,,5000.0,2000,3000,11.718225717544556,802.4921875,datasets/simulate/batch_1.0/counts_matrix.csv,datasets/simulate/batch_1.0/cell_metadata.csv,revision_benchmark/results/embeddings/WP1_scVI_local/batch_1.0/scVI/dim_10/seed_0.csv,planned_full_grid,deep generative model,20.0,,,,,,,,,,scVI,scVI,scVI,revision_dimension_sensitivity,revision_benchmark\results\source_data\wp2_dimension_sensitivity_long.csv
2000.0,5,0.0031673540147499,0.0084882684483328,0.0085269968954504,0.0084498902091792,-0.0652186647057533,0.7860471817174043,WP2_dimension_sensitivity,batch_1.0,scVI,scrna-dr-py-modern-min,10,1,,,5000.0,2000,3000,11.040719509124756,793.75,datasets/simulate/batch_1.0/counts_matrix.csv,datasets/simulate/batch_1.0/cell_metadata.csv,revision_benchmark/results/embeddings/WP1_scVI_local/batch_1.0/scVI/dim_10/seed_1.csv,planned_full_grid,deep generative model,20.0,,,,,,,,,,scVI,scVI,scVI,revision_dimension_sensitivity,revision_benchmark\results\source_data\wp2_dimension_sensitivity_long.csv
2000.0,5,0.0048935789476513,0.0082375532087982,0.0083047465578773,0.0081714384499171,-0.066371813416481,0.7827601773684659,WP2_dimension_sensitivity,batch_1.0,scVI,scrna-dr-py-modern-min,10,2,,,5000.0,2000,3000,11.130346059799194,791.31640625,datasets/simulate/batch_1.0/counts_matrix.csv,datasets/simulate/batch_1.0/cell_metadata.csv,revision_benchmark/results/embeddings/WP1_scVI_local/batch_1.0/scVI/dim_10/seed_2.csv,planned_full_grid,deep generative model,20.0,,,,,,,,,,scVI,scVI,scVI,revision_dimension_sensitivity,revision_benchmark\results\source_data\wp2_dimension_sensitivity_long.csv
2000.0,5,0.0012059438926805,0.0051240515060253,0.004876823662838,0.0053976840760303,-0.0653420537710189,0.7918526818453142,WP2_dimension_sensitivity,batch_1.0,scVI,scrna-dr-py-modern-min,20,0,,,5000.0,2000,3000,11.102096796035768,791.96484375,datasets/simulate/batch_1.0/counts_matrix.csv,datasets/simulate/batch_1.0/cell_metadata.csv,revision_benchmark/results/embeddings/WP1_scVI_local/batch_1.0/scVI/dim_20/seed_0.csv,planned_full_grid,deep generative model,20.0,,,,,,,,,,scVI,scVI,scVI,revision_dimension_sensitivity,revision_benchmark\results\source_data\wp2_dimension_sensitivity_long.csv
2000.0,5,0.0090384757714857,0.0194708373204659,0.0196278051012745,0.0193163602312977,-0.0646352991461753,0.7950823057900571,WP2_dimension_sensitivity,batch_1.0,scVI,scrna-dr-py-modern-min,20,1,,,5000.0,2000,3000,11.12125039100647,798.25390625,datasets/simulate/batch_1.0/counts_matrix.csv,datasets/simulate/batch_1.0/cell_metadata.csv,revision_benchmark/results/embeddings/WP1_scVI_local/batch_1.0/scVI/dim_20/seed_1.csv,planned_full_grid,deep generative model,20.0,,,,,,,,,,scVI,scVI,scVI,revision_dimension_sensitivity,revision_benchmark\results\source_data\wp2_dimension_sensitivity_long.csv
2000.0,5,0.0056752135904457,0.0110133020491876,0.0111098935912062,0.0109183756012425,-0.0665481388568878,0.7872970921804383,WP2_dimension_sensitivity,batch_1.0,scVI,scrna-dr-py-modern-min,20,2,,,5000.0,2000,3000,11.475329399108888,804.41015625,datasets/simulate/batch_1.0/counts_matrix.csv,datasets/simulate/batch_1.0/cell_metadata.csv,revision_benchmark/results/embeddings/WP1_scVI_local/batch_1.0/scVI/dim_20/seed_2.csv,planned_full_grid,deep generative model,20.0,,,,,,,,,,scVI,scVI,scVI,revision_dimension_sensitivity,revision_benchmark\results\source_data\wp2_dimension_sensitivity_long.csv
2000.0,5,0.0026240214593156,0.0064593647632861,0.0065113658540861,0.0064081876743946,-0.0660852193832397,0.8017784088002047,WP2_dimension_sensitivity,batch_1.0,scVI,scrna-dr-py-modern-min,50,0,,,5000.0,2000,3000,11.094819784164429,802.4375,datasets/simulate/batch_1.0/counts_matrix.csv,datasets/simulate/batch_1.0/cell_metadata.csv,revision_benchmark/results/embeddings/WP1_scVI_local/batch_1.0/scVI/dim_50/seed_0.csv,planned_full_grid,deep generative model,20.0,,,,,,,,,,scVI,scVI,scVI,revision_dimension_sensitivity,revision_benchmark\results\source_data\wp2_dimension_sensitivity_long.csv
2000.0,5,0.0020493858326758,0.0073758149751726,0.0074339818882754,0.00731855124482,-0.0646656528115272,0.813687251641511,WP2_dimension_sensitivity,batch_1.0,scVI,scrna-dr-py-modern-min,50,1,,,5000.0,2000,3000,11.56608247756958,797.01171875,datasets/simulate/batch_1.0/counts_matrix.csv,datasets/simulate/batch_1.0/cell_metadata.csv,revision_benchmark/results/embeddings/WP1_scVI_local/batch_1.0/scVI/dim_50/seed_1.csv,planned_full_grid,deep generative model,20.0,,,,,,,,,,scVI,scVI,scVI,revision_dimension_sensitivity,revision_benchmark\results\source_data\wp2_dimension_sensitivity_long.csv
2000.0,5,0.0090195767651867,0.012311040983623,0.012376086979656,0.0122466751477664,-0.0653350949287414,0.8013557943207982,WP2_dimension_sensitivity,batch_1.0,scVI,scrna-dr-py-modern-min,50,2,,,5000.0,2000,3000,11.333298683166504,804.08984375,datasets/simulate/batch_1.0/counts_matrix.csv,datasets/simulate/batch_1.0/cell_metadata.csv,revision_benchmark/results/embeddings/WP1_scVI_local/batch_1.0/scVI/dim_50/seed_2.csv,planned_full_grid,deep generative model,20.0,,,,,,,,,,scVI,scVI,scVI,revision_dimension_sensitivity,revision_benchmark\results\source_data\wp2_dimension_sensitivity_long.csv
2000.0,11,0.0124910516838532,0.0373458374763853,0.0374702956508993,0.0372222033443573,-0.1490885019302368,0.5125627440948239,WP2_dimension_sensitivity,celltype_11,scVI,scrna-dr-py-modern-min,2,0,,,5000.0,2000,3000,11.263659238815308,803.95703125,datasets/simulate/celltype_11/counts_matrix.csv,datasets/simulate/celltype_11/cell_metadata.csv,revision_benchmark/results/embeddings/WP1_scVI_local/celltype_11/scVI/dim_2/seed_0.csv,planned_full_grid,deep generative model,20.0,,,,,,,,,,scVI,scVI,scVI,revision_dimension_sensitivity,revision_benchmark\results\source_data\wp2_dimension_sensitivity_long.csv
2000.0,11,0.0203483155583047,0.0474245975986067,0.0471562911371207,0.0476959747127459,-0.1657743155956268,0.5124814018930672,WP2_dimension_sensitivity,celltype_11,scVI,scrna-dr-py-modern-min,2,1,,,5000.0,2000,3000,11.131956815719604,795.34765625,datasets/simulate/celltype_11/counts_matrix.csv,datasets/simulate/celltype_11/cell_metadata.csv,revision_benchmark/results/embeddings/WP1_scVI_local/celltype_11/scVI/dim_2/seed_1.csv,planned_full_grid,deep generative model,20.0,,,,,,,,,,scVI,scVI,scVI,revision_dimension_sensitivity,revision_benchmark\results\source_data\wp2_dimension_sensitivity_long.csv
2000.0,11,0.0115014531820673,0.0344730400669832,0.0344340869731718,0.0345120813909217,-0.1324062794446945,0.5083912935959751,WP2_dimension_sensitivity,celltype_11,scVI,scrna-dr-py-modern-min,2,2,,,5000.0,2000,3000,10.936314344406128,798.171875,datasets/simulate/celltype_11/counts_matrix.csv,datasets/simulate/celltype_11/cell_metadata.csv,revision_benchmark/results/embeddings/WP1_scVI_local/celltype_11/scVI/dim_2/seed_2.csv,planned_full_grid,deep generative model,20.0,,,,,,,,,,scVI,scVI,scVI,revision_dimension_sensitivity,revision_benchmark\results\source_data\wp2_dimension_sensitivity_long.csv
2000.0,11,0.049696877318729,0.0975893395025458,0.0978031651556262,0.0973764467777166,-0.0694577395915985,0.535919357039311,WP2_dimension_sensitivity,celltype_11,scVI,scrna-dr-py-modern-min,5,0,,,5000.0,2000,3000,10.955814123153688,796.6484375,datasets/simulate/celltype_11/counts_matrix.csv,datasets/simulate/celltype_11/cell_metadata.csv,revision_benchmark/results/embeddings/WP1_scVI_local/celltype_11/scVI/dim_5/seed_0.csv,planned_full_grid,deep generative model,20.0,,,,,,,,,,scVI,scVI,scVI,revision_dimension_sensitivity,revision_benchmark\results\source_data\wp2_dimension_sensitivity_long.csv
2000.0,11,0.0418741394042072,0.0839197969860977,0.084283231968046,0.0835594828591307,-0.0646441876888275,0.5394734714760808,WP2_dimension_sensitivity,celltype_11,scVI,scrna-dr-py-modern-min,5,1,,,5000.0,2000,3000,11.376818895339966,804.0390625,datasets/simulate/celltype_11/counts_matrix.csv,datasets/simulate/celltype_11/cell_metadata.csv,revision_benchmark/results/embeddings/WP1_scVI_local/celltype_11/scVI/dim_5/seed_1.csv,planned_full_grid,deep generative model,20.0,,,,,,,,,,scVI,scVI,scVI,revision_dimension_sensitivity,revision_benchmark\results\source_data\wp2_dimension_sensitivity_long.csv
2000.0,11,0.0322231085848163,0.0805761646863182,0.0804625686042852,0.0806900819689701,-0.0805224180221557,0.5317769932634092,WP2_dimension_sensitivity,celltype_11,scVI,scrna-dr-py-modern-min,5,2,,,5000.0,2000,3000,11.254981517791748,796.8046875,datasets/simulate/celltype_11/counts_matrix.csv,datasets/simulate/celltype_11/cell_metadata.csv,revision_benchmark/results/embeddings/WP1_scVI_local/celltype_11/scVI/dim_5/seed_2.csv,planned_full_grid,deep generative model,20.0,,,,,,,,,,scVI,scVI,scVI,revision_dimension_sensitivity,revision_benchmark\results\source_data\wp2_dimension_sensitivity_long.csv
2000.0,11,0.0492642760277788,0.0984902670847195,0.0990020321036942,0.0979837657265078,-0.0268451664596796,0.5532715954634604,WP2_dimension_sensitivity,celltype_11,scVI,scrna-dr-py-modern-min,10,0,,,5000.0,2000,3000,11.134673357009888,791.3203125,datasets/simulate/celltype_11/counts_matrix.csv,datasets/simulate/celltype_11/cell_metadata.csv,revision_benchmark/results/embeddings/WP1_scVI_local/celltype_11/scVI/dim_10/seed_0.csv,planned_full_grid,deep generative model,20.0,,,,,,,,,,scVI,scVI,scVI,revision_dimension_sensitivity,revision_benchmark\results\source_data\wp2_dimension_sensitivity_long.csv
2000.0,11,0.0481702156194061,0.1023690248672555,0.1025992013175384,0.1021398788851018,-0.0303043089807033,0.5557031551121343,WP2_dimension_sensitivity,celltype_11,scVI,scrna-dr-py-modern-min,10,1,,,5000.0,2000,3000,11.33718991279602,797.03125,datasets/simulate/celltype_11/counts_matrix.csv,datasets/simulate/celltype_11/cell_metadata.csv,revision_benchmark/results/embeddings/WP1_scVI_local/celltype_11/scVI/dim_10/seed_1.csv,planned_full_grid,deep generative model,20.0,,,,,,,,,,scVI,scVI,scVI,revision_dimension_sensitivity,revision_benchmark\results\source_data\wp2_dimension_sensitivity_long.csv
2000.0,11,0.0915212318792831,0.1583323280005368,0.1590903270690682,0.1575815177791052,-0.0206440184265375,0.5614647650720559,WP2_dimension_sensitivity,celltype_11,scVI,scrna-dr-py-modern-min,10,2,,,5000.0,2000,3000,11.462984800338743,791.0625,datasets/simulate/celltype_11/counts_matrix.csv,datasets/simulate/celltype_11/cell_metadata.csv,revision_benchmark/results/embeddings/WP1_scVI_local/celltype_11/scVI/dim_10/seed_2.csv,planned_full_grid,deep generative model,20.0,,,,,,,,,,scVI,scVI,scVI,revision_dimension_sensitivity,revision_benchmark\results\source_data\wp2_dimension_sensitivity_long.csv
2000.0,11,0.0970801915737472,0.1581786232577665,0.1590147084192091,0.1573512842324116,0.004696060437709,0.5827791677325829,WP2_dimension_sensitivity,celltype_11,scVI,scrna-dr-py-modern-min,20,0,,,5000.0,2000,3000,13.83955430984497,792.46484375,datasets/simulate/celltype_11/counts_matrix.csv,datasets/simulate/celltype_11/cell_metadata.csv,revision_benchmark/results/embeddings/WP1_scVI_local/celltype_11/scVI/dim_20/seed_0.csv,planned_full_grid,deep generative model,20.0,,,,,,,,,,scVI,scVI,scVI,revision_dimension_sensitivity,revision_benchmark\results\source_data\wp2_dimension_sensitivity_long.csv
2000.0,11,0.0621261678402671,0.1157288119762695,0.1161498562085569,0.1153108092962885,-0.0083626480773091,0.5795315937579943,WP2_dimension_sensitivity,celltype_11,scVI,scrna-dr-py-modern-min,20,1,,,5000.0,2000,3000,17.32054090499878,798.5234375,datasets/simulate/celltype_11/counts_matrix.csv,datasets/simulate/celltype_11/cell_metadata.csv,revision_benchmark/results/embeddings/WP1_scVI_local/celltype_11/scVI/dim_20/seed_1.csv,planned_full_grid,deep generative model,20.0,,,,,,,,,,scVI,scVI,scVI,revision_dimension_sensitivity,revision_benchmark\results\source_data\wp2_dimension_sensitivity_long.csv
2000.0,11,0.1204275975463078,0.1907065495490719,0.1910177963349384,0.1903963154119923,0.0076328772120177,0.5718145390978084,WP2_dimension_sensitivity,celltype_11,scVI,scrna-dr-py-modern-min,20,2,,,5000.0,2000,3000,18.75624632835388,797.8359375,datasets/simulate/celltype_11/counts_matrix.csv,datasets/simulate/celltype_11/cell_metadata.csv,revision_benchmark/results/embeddings/WP1_scVI_local/celltype_11/scVI/dim_20/seed_2.csv,planned_full_grid,deep generative model,20.0,,,,,,,,,,scVI,scVI,scVI,revision_dimension_sensitivity,revision_benchmark\results\source_data\wp2_dimension_sensitivity_long.csv
2000.0,11,0.277791296335173,0.3622083567479664,0.3634601110370634,0.3609651949339121,0.0308148376643657,0.6049935448111197,WP2_dimension_sensitivity,celltype_11,scVI,scrna-dr-py-modern-min,50,0,,,5000.0,2000,3000,18.33203077316284,801.08984375,datasets/simulate/celltype_11/counts_matrix.csv,datasets/simulate/celltype_11/cell_metadata.csv,revision_benchmark/results/embeddings/WP1_scVI_local/celltype_11/scVI/dim_50/seed_0.csv,planned_full_grid,deep generative model,20.0,,,,,,,,,,scVI,scVI,scVI,revision_dimension_sensitivity,revision_benchmark\results\source_data\wp2_dimension_sensitivity_long.csv
2000.0,11,0.3306575217387711,0.3829595742410323,0.3850720050688994,0.3808701937405481,0.0323245152831077,0.6235673488530741,WP2_dimension_sensitivity,celltype_11,scVI,scrna-dr-py-modern-min,50,1,,,5000.0,2000,3000,16.907621145248413,797.9140625,datasets/simulate/celltype_11/counts_matrix.csv,datasets/simulate/celltype_11/cell_metadata.csv,revision_benchmark/results/embeddings/WP1_scVI_local/celltype_11/scVI/dim_50/seed_1.csv,planned_full_grid,deep generative model,20.0,,,,,,,,,,scVI,scVI,scVI,revision_dimension_sensitivity,revision_benchmark\results\source_data\wp2_dimension_sensitivity_long.csv
2000.0,11,0.2735842002082869,0.344263340339163,0.3452580343191717,0.3432743613530475,0.025169514119625,0.6050423552485716,WP2_dimension_sensitivity,celltype_11,scVI,scrna-dr-py-modern-min,50,2,,,5000.0,2000,3000,11.475603580474854,794.36328125,datasets/simulate/celltype_11/counts_matrix.csv,datasets/simulate/celltype_11/cell_metadata.csv,revision_benchmark/results/embeddings/WP1_scVI_local/celltype_11/scVI/dim_50/seed_2.csv,planned_full_grid,deep generative model,20.0,,,,,,,,,,scVI,scVI,scVI,revision_dimension_sensitivity,revision_benchmark\results\source_data\wp2_dimension_sensitivity_long.csv
2000.0,15,0.0073727970598826,0.0393512498490554,0.0395999682029011,0.0391056362810826,-0.1569538414478302,0.5098728489809841,WP2_dimension_sensitivity,celltype_15,scVI,scrna-dr-py-modern-min,2,0,,,5000.0,2000,3000,11.037426710128784,795.2265625,datasets/simulate/celltype_15/counts_matrix.csv,datasets/simulate/celltype_15/cell_metadata.csv,revision_benchmark/results/embeddings/WP1_scVI_local/celltype_15/scVI/dim_2/seed_0.csv,planned_full_grid,deep generative model,20.0,,,,,,,,,,scVI,scVI,scVI,revision_dimension_sensitivity,revision_benchmark\results\source_data\wp2_dimension_sensitivity_long.csv
2000.0,15,0.0187847068326935,0.0523389322475144,0.0524020683864827,0.0522759480634304,-0.16951285302639,0.5157355589664876,WP2_dimension_sensitivity,celltype_15,scVI,scrna-dr-py-modern-min,2,1,,,5000.0,2000,3000,11.201677799224854,797.17578125,datasets/simulate/celltype_15/counts_matrix.csv,datasets/simulate/celltype_15/cell_metadata.csv,revision_benchmark/results/embeddings/WP1_scVI_local/celltype_15/scVI/dim_2/seed_1.csv,planned_full_grid,deep generative model,20.0,,,,,,,,,,scVI,scVI,scVI,revision_dimension_sensitivity,revision_benchmark\results\source_data\wp2_dimension_sensitivity_long.csv
2000.0,15,0.0047839633761179,0.0298457394703898,0.0294382136706026,0.0302647067681003,-0.1396980285644531,0.513141016457747,WP2_dimension_sensitivity,celltype_15,scVI,scrna-dr-py-modern-min,2,2,,,5000.0,2000,3000,11.324715375900269,802.875,datasets/simulate/celltype_15/counts_matrix.csv,datasets/simulate/celltype_15/cell_metadata.csv,revision_benchmark/results/embeddings/WP1_scVI_local/celltype_15/scVI/dim_2/seed_2.csv,planned_full_grid,deep generative model,20.0,,,,,,,,,,scVI,scVI,scVI,revision_dimension_sensitivity,revision_benchmark\results\source_data\wp2_dimension_sensitivity_long.csv
2000.0,15,0.0299324480415338,0.0764314118199485,0.0772033673180541,0.0756747410367895,-0.067542016506195,0.525231286774111,WP2_dimension_sensitivity,celltype_15,scVI,scrna-dr-py-modern-min,5,0,,,5000.0,2000,3000,11.211285591125488,800.6640625,datasets/simulate/celltype_15/counts_matrix.csv,datasets/simulate/celltype_15/cell_metadata.csv,revision_benchmark/results/embeddings/WP1_scVI_local/celltype_15/scVI/dim_5/seed_0.csv,planned_full_grid,deep generative model,20.0,,,,,,,,,,scVI,scVI,scVI,revision_dimension_sensitivity,revision_benchmark\results\source_data\wp2_dimension_sensitivity_long.csv
2000.0,15,0.0310156815280899,0.0757574444235959,0.0763539488838899,0.0751701879288613,-0.0785350799560546,0.5301319689605184,WP2_dimension_sensitivity,celltype_15,scVI,scrna-dr-py-modern-min,5,1,,,5000.0,2000,3000,11.347704648971558,798.59375,datasets/simulate/celltype_15/counts_matrix.csv,datasets/simulate/celltype_15/cell_metadata.csv,revision_benchmark/results/embeddings/WP1_scVI_local/celltype_15/scVI/dim_5/seed_1.csv,planned_full_grid,deep generative model,20.0,,,,,,,,,,scVI,scVI,scVI,revision_dimension_sensitivity,revision_benchmark\results\source_data\wp2_dimension_sensitivity_long.csv
2000.0,15,0.0252276575250702,0.0720053727017208,0.0726196665452903,0.0714013843755436,-0.0746150761842727,0.5292038202438816,WP2_dimension_sensitivity,celltype_15,scVI,scrna-dr-py-modern-min,5,2,,,5000.0,2000,3000,11.556303262710571,790.86328125,datasets/simulate/celltype_15/counts_matrix.csv,datasets/simulate/celltype_15/cell_metadata.csv,revision_benchmark/results/embeddings/WP1_scVI_local/celltype_15/scVI/dim_5/seed_2.csv,planned_full_grid,deep generative model,20.0,,,,,,,,,,scVI,scVI,scVI,revision_dimension_sensitivity,revision_benchmark\results\source_data\wp2_dimension_sensitivity_long.csv
2000.0,15,0.0646001820127456,0.123413972476345,0.1248893966675494,0.1219730021233085,-0.0240279119461774,0.5539845314232114,WP2_dimension_sensitivity,celltype_15,scVI,scrna-dr-py-modern-min,10,0,,,5000.0,2000,3000,11.455483198165894,803.35546875,datasets/simulate/celltype_15/counts_matrix.csv,datasets/simulate/celltype_15/cell_metadata.csv,revision_benchmark/results/embeddings/WP1_scVI_local/celltype_15/scVI/dim_10/seed_0.csv,planned_full_grid,deep generative model,20.0,,,,,,,,,,scVI,scVI,scVI,revision_dimension_sensitivity,revision_benchmark\results\source_data\wp2_dimension_sensitivity_long.csv
2000.0,15,0.0456862678961838,0.0970669900344661,0.0979790933640689,0.0961717119130048,-0.0439645312726497,0.5505243199454251,WP2_dimension_sensitivity,celltype_15,scVI,scrna-dr-py-modern-min,10,1,,,5000.0,2000,3000,10.739529609680176,799.4609375,datasets/simulate/celltype_15/counts_matrix.csv,datasets/simulate/celltype_15/cell_metadata.csv,revision_benchmark/results/embeddings/WP1_scVI_local/celltype_15/scVI/dim_10/seed_1.csv,planned_full_grid,deep generative model,20.0,,,,,,,,,,scVI,scVI,scVI,revision_dimension_sensitivity,revision_benchmark\results\source_data\wp2_dimension_sensitivity_long.csv
2000.0,15,0.0408127303227377,0.0993126604411179,0.1003612055652655,0.0982857985746433,-0.0567107833921909,0.5391058923850942,WP2_dimension_sensitivity,celltype_15,scVI,scrna-dr-py-modern-min,10,2,,,5000.0,2000,3000,11.34933876991272,799.89453125,datasets/simulate/celltype_15/counts_matrix.csv,datasets/simulate/celltype_15/cell_metadata.csv,revision_benchmark/results/embeddings/WP1_scVI_local/celltype_15/scVI/dim_10/seed_2.csv,planned_full_grid,deep generative model,20.0,,,,,,,,,,scVI,scVI,scVI,revision_dimension_sensitivity,revision_benchmark\results\source_data\wp2_dimension_sensitivity_long.csv
2000.0,15,0.0493989138065919,0.110751100197049,0.1119766066912839,0.1095521279454206,-0.027676835656166,0.5551151445382451,WP2_dimension_sensitivity,celltype_15,scVI,scrna-dr-py-modern-min,20,0,,,5000.0,2000,3000,11.34435510635376,799.93359375,datasets/simulate/celltype_15/counts_matrix.csv,datasets/simulate/celltype_15/cell_metadata.csv,revision_benchmark/results/embeddings/WP1_scVI_local/celltype_15/scVI/dim_20/seed_0.csv,planned_full_grid,deep generative model,20.0,,,,,,,,,,scVI,scVI,scVI,revision_dimension_sensitivity,revision_benchmark\results\source_data\wp2_dimension_sensitivity_long.csv
2000.0,15,0.0994001072866771,0.1619335704182497,0.1635162053725425,0.1603812776928131,-0.0109098311513662,0.5745370853585743,WP2_dimension_sensitivity,celltype_15,scVI,scrna-dr-py-modern-min,20,1,,,5000.0,2000,3000,11.402583360671995,811.71875,datasets/simulate/celltype_15/counts_matrix.csv,datasets/simulate/celltype_15/cell_metadata.csv,revision_benchmark/results/embeddings/WP1_scVI_local/celltype_15/scVI/dim_20/seed_1.csv,planned_full_grid,deep generative model,20.0,,,,,,,,,,scVI,scVI,scVI,revision_dimension_sensitivity,revision_benchmark\results\source_data\wp2_dimension_sensitivity_long.csv
2000.0,15,0.0571327470916239,0.1143343075525793,0.1155294222816036,0.1131636658135895,-0.0194532349705696,0.5471660953355504,WP2_dimension_sensitivity,celltype_15,scVI,scrna-dr-py-modern-min,20,2,,,5000.0,2000,3000,11.195108652114868,799.89453125,datasets/simulate/celltype_15/counts_matrix.csv,datasets/simulate/celltype_15/cell_metadata.csv,revision_benchmark/results/embeddings/WP1_scVI_local/celltype_15/scVI/dim_20/seed_2.csv,planned_full_grid,deep generative model,20.0,,,,,,,,,,scVI,scVI,scVI,revision_dimension_sensitivity,revision_benchmark\results\source_data\wp2_dimension_sensitivity_long.csv
2000.0,15,0.0889071201949417,0.1369001861464638,0.138552214441209,0.1352870895906357,-0.0055616372264921,0.5699842329666581,WP2_dimension_sensitivity,celltype_15,scVI,scrna-dr-py-modern-min,50,0,,,5000.0,2000,3000,11.846994400024414,795.33984375,datasets/simulate/celltype_15/counts_matrix.csv,datasets/simulate/celltype_15/cell_metadata.csv,revision_benchmark/results/embeddings/WP1_scVI_local/celltype_15/scVI/dim_50/seed_0.csv,planned_full_grid,deep generative model,20.0,,,,,,,,,,scVI,scVI,scVI,revision_dimension_sensitivity,revision_benchmark\results\source_data\wp2_dimension_sensitivity_long.csv
2000.0,15,0.1030733658368952,0.1686326602931707,0.1704547731516259,0.1668490911458986,-0.0046624997630715,0.5934332395327022,WP2_dimension_sensitivity,celltype_15,scVI,scrna-dr-py-modern-min,50,1,,,5000.0,2000,3000,11.3247652053833,805.2578125,datasets/simulate/celltype_15/counts_matrix.csv,datasets/simulate/celltype_15/cell_metadata.csv,revision_benchmark/results/embeddings/WP1_scVI_local/celltype_15/scVI/dim_50/seed_1.csv,planned_full_grid,deep generative model,20.0,,,,,,,,,,scVI,scVI,scVI,revision_dimension_sensitivity,revision_benchmark\results\source_data\wp2_dimension_sensitivity_long.csv
2000.0,15,0.0674478111551454,0.131548039044961,0.132941748117604,0.1301832489936962,-0.0159592814743518,0.5634477274665302,WP2_dimension_sensitivity,celltype_15,scVI,scrna-dr-py-modern-min,50,2,,,5000.0,2000,3000,11.620352983474731,806.53125,datasets/simulate/celltype_15/counts_matrix.csv,datasets/simulate/celltype_15/cell_metadata.csv,revision_benchmark/results/embeddings/WP1_scVI_local/celltype_15/scVI/dim_50/seed_2.csv,planned_full_grid,deep generative model,20.0,,,,,,,,,,scVI,scVI,scVI,revision_dimension_sensitivity,revision_benchmark\results\source_data\wp2_dimension_sensitivity_long.csv
2000.0,7,0.0334630061289514,0.0570293035414113,0.0571633396648562,0.0568958945211151,-0.11126509308815,0.5189370427219238,WP2_dimension_sensitivity,celltype_7,scVI,scrna-dr-py-modern-min,2,0,,,5000.0,2000,3000,11.360024213790894,790.4296875,datasets/simulate/celltype_7/counts_matrix.csv,datasets/simulate/celltype_7/cell_metadata.csv,revision_benchmark/results/embeddings/WP1_scVI_local/celltype_7/scVI/dim_2/seed_0.csv,planned_full_grid,deep generative model,20.0,,,,,,,,,,scVI,scVI,scVI,revision_dimension_sensitivity,revision_benchmark\results\source_data\wp2_dimension_sensitivity_long.csv
2000.0,7,0.0689294553893571,0.1039966638565546,0.1039556883866626,0.1040376716411993,-0.1163878738880157,0.5193991472669908,WP2_dimension_sensitivity,celltype_7,scVI,scrna-dr-py-modern-min,2,1,,,5000.0,2000,3000,11.4533953666687,790.82421875,datasets/simulate/celltype_7/counts_matrix.csv,datasets/simulate/celltype_7/cell_metadata.csv,revision_benchmark/results/embeddings/WP1_scVI_local/celltype_7/scVI/dim_2/seed_1.csv,planned_full_grid,deep generative model,20.0,,,,,,,,,,scVI,scVI,scVI,revision_dimension_sensitivity,revision_benchmark\results\source_data\wp2_dimension_sensitivity_long.csv
2000.0,7,0.0429763347600244,0.069578204117082,0.069548748231337,0.0696076849642206,-0.1142452880740165,0.5218809414172423,WP2_dimension_sensitivity,celltype_7,scVI,scrna-dr-py-modern-min,2,2,,,5000.0,2000,3000,11.278473377227783,791.00390625,datasets/simulate/celltype_7/counts_matrix.csv,datasets/simulate/celltype_7/cell_metadata.csv,revision_benchmark/results/embeddings/WP1_scVI_local/celltype_7/scVI/dim_2/seed_2.csv,planned_full_grid,deep generative model,20.0,,,,,,,,,,scVI,scVI,scVI,revision_dimension_sensitivity,revision_benchmark\results\source_data\wp2_dimension_sensitivity_long.csv
2000.0,7,0.2149856284256607,0.2539251405816602,0.2531503257998799,0.2547047128610571,0.0209825932979583,0.5708297518546943,WP2_dimension_sensitivity,celltype_7,scVI,scrna-dr-py-modern-min,5,0,,,5000.0,2000,3000,11.234334468841553,790.80859375,datasets/simulate/celltype_7/counts_matrix.csv,datasets/simulate/celltype_7/cell_metadata.csv,revision_benchmark/results/embeddings/WP1_scVI_local/celltype_7/scVI/dim_5/seed_0.csv,planned_full_grid,deep generative model,20.0,,,,,,,,,,scVI,scVI,scVI,revision_dimension_sensitivity,revision_benchmark\results\source_data\wp2_dimension_sensitivity_long.csv
2000.0,7,0.2115074639433309,0.2595205392328369,0.2595688235322924,0.2594722728934733,0.0243339352309703,0.5723729257269549,WP2_dimension_sensitivity,celltype_7,scVI,scrna-dr-py-modern-min,5,1,,,5000.0,2000,3000,11.153053998947144,802.46875,datasets/simulate/celltype_7/counts_matrix.csv,datasets/simulate/celltype_7/cell_metadata.csv,revision_benchmark/results/embeddings/WP1_scVI_local/celltype_7/scVI/dim_5/seed_1.csv,planned_full_grid,deep generative model,20.0,,,,,,,,,,scVI,scVI,scVI,revision_dimension_sensitivity,revision_benchmark\results\source_data\wp2_dimension_sensitivity_long.csv
2000.0,7,0.1530257177099902,0.202527816790437,0.202524428001997,0.2025312056922864,-0.0115353809669613,0.5582329325488189,WP2_dimension_sensitivity,celltype_7,scVI,scrna-dr-py-modern-min,5,2,,,5000.0,2000,3000,10.941205263137816,796.67578125,datasets/simulate/celltype_7/counts_matrix.csv,datasets/simulate/celltype_7/cell_metadata.csv,revision_benchmark/results/embeddings/WP1_scVI_local/celltype_7/scVI/dim_5/seed_2.csv,planned_full_grid,deep generative model,20.0,,,,,,,,,,scVI,scVI,scVI,revision_dimension_sensitivity,revision_benchmark\results\source_data\wp2_dimension_sensitivity_long.csv
2000.0,7,0.562998167693665,0.5668762007218449,0.5674171025549991,0.5663363291577981,0.1263503134250641,0.6285024047070862,WP2_dimension_sensitivity,celltype_7,scVI,scrna-dr-py-modern-min,10,0,,,5000.0,2000,3000,11.266916036605837,790.4375,datasets/simulate/celltype_7/counts_matrix.csv,datasets/simulate/celltype_7/cell_metadata.csv,revision_benchmark/results/embeddings/WP1_scVI_local/celltype_7/scVI/dim_10/seed_0.csv,planned_full_grid,deep generative model,20.0,,,,,,,,,,scVI,scVI,scVI,revision_dimension_sensitivity,revision_benchmark\results\source_data\wp2_dimension_sensitivity_long.csv
2000.0,7,0.4288463512986132,0.446347019201574,0.4465846320655145,0.4461096590550116,0.1032657772302627,0.6146610897927859,WP2_dimension_sensitivity,celltype_7,scVI,scrna-dr-py-modern-min,10,1,,,5000.0,2000,3000,10.894822359085085,792.44140625,datasets/simulate/celltype_7/counts_matrix.csv,datasets/simulate/celltype_7/cell_metadata.csv,revision_benchmark/results/embeddings/WP1_scVI_local/celltype_7/scVI/dim_10/seed_1.csv,planned_full_grid,deep generative model,20.0,,,,,,,,,,scVI,scVI,scVI,revision_dimension_sensitivity,revision_benchmark\results\source_data\wp2_dimension_sensitivity_long.csv
2000.0,7,0.6286510028383195,0.6160458838942707,0.6159946850978949,0.616097091202196,0.1523146331310272,0.6325766436428755,WP2_dimension_sensitivity,celltype_7,scVI,scrna-dr-py-modern-min,10,2,,,5000.0,2000,3000,11.010151863098145,795.07421875,datasets/simulate/celltype_7/counts_matrix.csv,datasets/simulate/celltype_7/cell_metadata.csv,revision_benchmark/results/embeddings/WP1_scVI_local/celltype_7/scVI/dim_10/seed_2.csv,planned_full_grid,deep generative model,20.0,,,,,,,,,,scVI,scVI,scVI,revision_dimension_sensitivity,revision_benchmark\results\source_data\wp2_dimension_sensitivity_long.csv
2000.0,7,0.6869114171702442,0.6879176998680112,0.6891658901454949,0.6866740227631668,0.1410319209098816,0.6372616867058924,WP2_dimension_sensitivity,celltype_7,scVI,scrna-dr-py-modern-min,20,0,,,5000.0,2000,3000,11.068583726882936,798.21875,datasets/simulate/celltype_7/counts_matrix.csv,datasets/simulate/celltype_7/cell_metadata.csv,revision_benchmark/results/embeddings/WP1_scVI_local/celltype_7/scVI/dim_20/seed_0.csv,planned_full_grid,deep generative model,20.0,,,,,,,,,,scVI,scVI,scVI,revision_dimension_sensitivity,revision_benchmark\results\source_data\wp2_dimension_sensitivity_long.csv
2000.0,7,0.5958831596981773,0.6005029839641836,0.6013853728047395,0.5996231807179946,0.130693644285202,0.659814308859896,WP2_dimension_sensitivity,celltype_7,scVI,scrna-dr-py-modern-min,20,1,,,5000.0,2000,3000,10.757355451583862,794.31640625,datasets/simulate/celltype_7/counts_matrix.csv,datasets/simulate/celltype_7/cell_metadata.csv,revision_benchmark/results/embeddings/WP1_scVI_local/celltype_7/scVI/dim_20/seed_1.csv,planned_full_grid,deep generative model,20.0,,,,,,,,,,scVI,scVI,scVI,revision_dimension_sensitivity,revision_benchmark\results\source_data\wp2_dimension_sensitivity_long.csv
2000.0,7,0.7677735516070493,0.7420316811381692,0.7426494090265697,0.7414149800346892,0.1780174225568771,0.6539266479065404,WP2_dimension_sensitivity,celltype_7,scVI,scrna-dr-py-modern-min,20,2,,,5000.0,2000,3000,11.277416944503784,798.6015625,datasets/simulate/celltype_7/counts_matrix.csv,datasets/simulate/celltype_7/cell_metadata.csv,revision_benchmark/results/embeddings/WP1_scVI_local/celltype_7/scVI/dim_20/seed_2.csv,planned_full_grid,deep generative model,20.0,,,,,,,,,,scVI,scVI,scVI,revision_dimension_sensitivity,revision_benchmark\results\source_data\wp2_dimension_sensitivity_long.csv
2000.0,7,0.90217987148124,0.876209254681627,0.8765244187853531,0.8758943171379564,0.1772754788398742,0.671296154174128,WP2_dimension_sensitivity,celltype_7,scVI,scrna-dr-py-modern-min,50,0,,,5000.0,2000,3000,11.377150535583496,796.1953125,datasets/simulate/celltype_7/counts_matrix.csv,datasets/simulate/celltype_7/cell_metadata.csv,revision_benchmark/results/embeddings/WP1_scVI_local/celltype_7/scVI/dim_50/seed_0.csv,planned_full_grid,deep generative model,20.0,,,,,,,,,,scVI,scVI,scVI,revision_dimension_sensitivity,revision_benchmark\results\source_data\wp2_dimension_sensitivity_long.csv
2000.0,7,0.874398264796352,0.8480213614342967,0.8486913496586139,0.8473524302023355,0.1847773194313049,0.6907433103095421,WP2_dimension_sensitivity,celltype_7,scVI,scrna-dr-py-modern-min,50,1,,,5000.0,2000,3000,11.111038208007812,809.28125,datasets/simulate/celltype_7/counts_matrix.csv,datasets/simulate/celltype_7/cell_metadata.csv,revision_benchmark/results/embeddings/WP1_scVI_local/celltype_7/scVI/dim_50/seed_1.csv,planned_full_grid,deep generative model,20.0,,,,,,,,,,scVI,scVI,scVI,revision_dimension_sensitivity,revision_benchmark\results\source_data\wp2_dimension_sensitivity_long.csv
2000.0,7,0.7923321961734976,0.7834984562793591,0.7834632037080819,0.7835337120232161,0.1663276553153991,0.6753636053551633,WP2_dimension_sensitivity,celltype_7,scVI,scrna-dr-py-modern-min,50,2,,,5000.0,2000,3000,11.449679374694824,811.1015625,datasets/simulate/celltype_7/counts_matrix.csv,datasets/simulate/celltype_7/cell_metadata.csv,revision_benchmark/results/embeddings/WP1_scVI_local/celltype_7/scVI/dim_50/seed_2.csv,planned_full_grid,deep generative model,20.0,,,,,,,,,,scVI,scVI,scVI,revision_dimension_sensitivity,revision_benchmark\results\source_data\wp2_dimension_sensitivity_long.csv
2000.0,5,0.2668037992318133,0.2783223742898773,0.283892177592483,0.2729669183688087,0.0895898714661598,0.5631675961456468,WP2_dimension_sensitivity,default,scVI,scrna-dr-py-modern-min,2,0,,,5000.0,2000,3000,11.776190996170044,790.74609375,datasets/simulate/default/counts_matrix.csv,datasets/simulate/default/cell_metadata.csv,revision_benchmark/results/embeddings/WP1_scVI_local/default/scVI/dim_2/seed_0.csv,planned_full_grid,deep generative model,20.0,,,,,,,,,,scVI,scVI,scVI,revision_dimension_sensitivity,revision_benchmark\results\source_data\wp2_dimension_sensitivity_long.csv
2000.0,5,0.2916573405962032,0.3499704848997518,0.3521157251986482,0.3478512257638297,0.0258470643311738,0.5621066513174725,WP2_dimension_sensitivity,default,scVI,scrna-dr-py-modern-min,2,1,,,5000.0,2000,3000,11.348794221878052,794.24609375,datasets/simulate/default/counts_matrix.csv,datasets/simulate/default/cell_metadata.csv,revision_benchmark/results/embeddings/WP1_scVI_local/default/scVI/dim_2/seed_1.csv,planned_full_grid,deep generative model,20.0,,,,,,,,,,scVI,scVI,scVI,revision_dimension_sensitivity,revision_benchmark\results\source_data\wp2_dimension_sensitivity_long.csv
2000.0,5,0.1994740178881533,0.2154432167563114,0.2175315007225325,0.2133946462424075,0.0136831980198621,0.5459645348341434,WP2_dimension_sensitivity,default,scVI,scrna-dr-py-modern-min,2,2,,,5000.0,2000,3000,11.080135583877563,792.0625,datasets/simulate/default/counts_matrix.csv,datasets/simulate/default/cell_metadata.csv,revision_benchmark/results/embeddings/WP1_scVI_local/default/scVI/dim_2/seed_2.csv,planned_full_grid,deep generative model,20.0,,,,,,,,,,scVI,scVI,scVI,revision_dimension_sensitivity,revision_benchmark\results\source_data\wp2_dimension_sensitivity_long.csv
2000.0,5,0.5903216097348729,0.5365741285808228,0.5393080110955322,0.5338678236895124,0.2333566099405288,0.6313240044342117,WP2_dimension_sensitivity,default,scVI,scrna-dr-py-modern-min,5,0,,,5000.0,2000,3000,11.495447874069214,796.984375,datasets/simulate/default/counts_matrix.csv,datasets/simulate/default/cell_metadata.csv,revision_benchmark/results/embeddings/WP1_scVI_local/default/scVI/dim_5/seed_0.csv,planned_full_grid,deep generative model,20.0,,,,,,,,,,scVI,scVI,scVI,revision_dimension_sensitivity,revision_benchmark\results\source_data\wp2_dimension_sensitivity_long.csv
2000.0,5,0.7142995563770914,0.6350960503868315,0.6395789856371646,0.6306755212741908,0.2654597163200378,0.6235758335465166,WP2_dimension_sensitivity,default,scVI,scrna-dr-py-modern-min,5,1,,,5000.0,2000,3000,11.162031888961792,794.109375,datasets/simulate/default/counts_matrix.csv,datasets/simulate/default/cell_metadata.csv,revision_benchmark/results/embeddings/WP1_scVI_local/default/scVI/dim_5/seed_1.csv,planned_full_grid,deep generative model,20.0,,,,,,,,,,scVI,scVI,scVI,revision_dimension_sensitivity,revision_benchmark\results\source_data\wp2_dimension_sensitivity_long.csv
2000.0,5,0.5778495353339731,0.5573166689011959,0.5568873373884384,0.5577466629097604,0.2422599196434021,0.6126663511554532,WP2_dimension_sensitivity,default,scVI,scrna-dr-py-modern-min,5,2,,,5000.0,2000,3000,11.042961597442629,795.375,datasets/simulate/default/counts_matrix.csv,datasets/simulate/default/cell_metadata.csv,revision_benchmark/results/embeddings/WP1_scVI_local/default/scVI/dim_5/seed_2.csv,planned_full_grid,deep generative model,20.0,,,,,,,,,,scVI,scVI,scVI,revision_dimension_sensitivity,revision_benchmark\results\source_data\wp2_dimension_sensitivity_long.csv
2000.0,5,0.787915344888505,0.8222218162577285,0.8271988026040815,0.8173043615474086,0.3754907250404358,0.6642649356186578,WP2_dimension_sensitivity,default,scVI,scrna-dr-py-modern-min,10,0,,,5000.0,2000,3000,11.22153377532959,810.02734375,datasets/simulate/default/counts_matrix.csv,datasets/simulate/default/cell_metadata.csv,revision_benchmark/results/embeddings/WP1_scVI_local/default/scVI/dim_10/seed_0.csv,planned_full_grid,deep generative model,20.0,,,,,,,,,,scVI,scVI,scVI,revision_dimension_sensitivity,revision_benchmark\results\source_data\wp2_dimension_sensitivity_long.csv
2000.0,5,0.9101324230597002,0.8553065147751536,0.8533643584814816,0.8572575314698332,0.3617574572563171,0.6625429095250277,WP2_dimension_sensitivity,default,scVI,scrna-dr-py-modern-min,10,1,,,5000.0,2000,3000,11.18135380744934,795.6171875,datasets/simulate/default/counts_matrix.csv,datasets/simulate/default/cell_metadata.csv,revision_benchmark/results/embeddings/WP1_scVI_local/default/scVI/dim_10/seed_1.csv,planned_full_grid,deep generative model,20.0,,,,,,,,,,scVI,scVI,scVI,revision_dimension_sensitivity,revision_benchmark\results\source_data\wp2_dimension_sensitivity_long.csv
2000.0,5,0.9273624249759262,0.8747276491207828,0.8731790479699407,0.8762817529833147,0.4257475733757019,0.6628856826127739,WP2_dimension_sensitivity,default,scVI,scrna-dr-py-modern-min,10,2,,,5000.0,2000,3000,11.704265356063845,796.3828125,datasets/simulate/default/counts_matrix.csv,datasets/simulate/default/cell_metadata.csv,revision_benchmark/results/embeddings/WP1_scVI_local/default/scVI/dim_10/seed_2.csv,planned_full_grid,deep generative model,20.0,,,,,,,,,,scVI,scVI,scVI,revision_dimension_sensitivity,revision_benchmark\results\source_data\wp2_dimension_sensitivity_long.csv
2000.0,5,0.9687974340634952,0.93912182006228,0.9397365333441045,0.9385079104640158,0.4620646238327026,0.6771730962735567,WP2_dimension_sensitivity,default,scVI,scrna-dr-py-modern-min,20,0,,,5000.0,2000,3000,11.351761817932127,792.70703125,datasets/simulate/default/counts_matrix.csv,datasets/simulate/default/cell_metadata.csv,revision_benchmark/results/embeddings/WP1_scVI_local/default/scVI/dim_20/seed_0.csv,planned_full_grid,deep generative model,20.0,,,,,,,,,,scVI,scVI,scVI,revision_dimension_sensitivity,revision_benchmark\results\source_data\wp2_dimension_sensitivity_long.csv
2000.0,5,0.9825537077885996,0.9638873274428612,0.9637772788498776,0.9639974011704396,0.4087841808795929,0.6914317643045962,WP2_dimension_sensitivity,default,scVI,scrna-dr-py-modern-min,20,1,,,5000.0,2000,3000,11.173397302627563,799.83984375,datasets/simulate/default/counts_matrix.csv,datasets/simulate/default/cell_metadata.csv,revision_benchmark/results/embeddings/WP1_scVI_local/default/scVI/dim_20/seed_1.csv,planned_full_grid,deep generative model,20.0,,,,,,,,,,scVI,scVI,scVI,revision_dimension_sensitivity,revision_benchmark\results\source_data\wp2_dimension_sensitivity_long.csv
2000.0,5,0.9419920261959818,0.9029434335343774,0.9011654403515766,0.9047284565234494,0.4239408671855926,0.6765220943122708,WP2_dimension_sensitivity,default,scVI,scrna-dr-py-modern-min,20,2,,,5000.0,2000,3000,11.237035036087036,804.5,datasets/simulate/default/counts_matrix.csv,datasets/simulate/default/cell_metadata.csv,revision_benchmark/results/embeddings/WP1_scVI_local/default/scVI/dim_20/seed_2.csv,planned_full_grid,deep generative model,20.0,,,,,,,,,,scVI,scVI,scVI,revision_dimension_sensitivity,revision_benchmark\results\source_data\wp2_dimension_sensitivity_long.csv
2000.0,5,0.9889347000843912,0.9764835914490324,0.9764615254219776,0.9765056584734036,0.3950360417366028,0.7041842329666581,WP2_dimension_sensitivity,default,scVI,scrna-dr-py-modern-min,50,0,,,5000.0,2000,3000,11.29883623123169,798.09765625,datasets/simulate/default/counts_matrix.csv,datasets/simulate/default/cell_metadata.csv,revision_benchmark/results/embeddings/WP1_scVI_local/default/scVI/dim_50/seed_0.csv,planned_full_grid,deep generative model,20.0,,,,,,,,,,scVI,scVI,scVI,revision_dimension_sensitivity,revision_benchmark\results\source_data\wp2_dimension_sensitivity_long.csv
2000.0,5,0.988731680113994,0.9762015592817578,0.976622524867871,0.9757809564472036,0.3997319936752319,0.7060803786134562,WP2_dimension_sensitivity,default,scVI,scrna-dr-py-modern-min,50,1,,,5000.0,2000,3000,11.687365055084229,806.6640625,datasets/simulate/default/counts_matrix.csv,datasets/simulate/default/cell_metadata.csv,revision_benchmark/results/embeddings/WP1_scVI_local/default/scVI/dim_50/seed_1.csv,planned_full_grid,deep generative model,20.0,,,,,,,,,,scVI,scVI,scVI,revision_dimension_sensitivity,revision_benchmark\results\source_data\wp2_dimension_sensitivity_long.csv
2000.0,5,0.9662399759628316,0.937876637442021,0.9356523496664886,0.940111525833306,0.4170249104499817,0.7108028822375714,WP2_dimension_sensitivity,default,scVI,scrna-dr-py-modern-min,50,2,,,5000.0,2000,3000,11.633833408355711,795.26953125,datasets/simulate/default/counts_matrix.csv,datasets/simulate/default/cell_metadata.csv,revision_benchmark/results/embeddings/WP1_scVI_local/default/scVI/dim_50/seed_2.csv,planned_full_grid,deep generative model,20.0,,,,,,,,,,scVI,scVI,scVI,revision_dimension_sensitivity,revision_benchmark\results\source_data\wp2_dimension_sensitivity_long.csv
2000.0,5,0.0306540850813009,0.0445410864475926,0.0455081028733598,0.0436143118020213,-0.088686965405941,0.5210684318239959,WP2_dimension_sensitivity,dropout_0,scVI,scrna-dr-py-modern-min,2,0,,,5000.0,2000,3000,11.337135314941406,792.26953125,datasets/simulate/dropout_0/counts_matrix.csv,datasets/simulate/dropout_0/cell_metadata.csv,revision_benchmark/results/embeddings/WP1_scVI_local/dropout_0/scVI/dim_2/seed_0.csv,planned_full_grid,deep generative model,20.0,,,,,,,,,,scVI,scVI,scVI,revision_dimension_sensitivity,revision_benchmark\results\source_data\wp2_dimension_sensitivity_long.csv
2000.0,5,0.1692089627579717,0.1848698276575388,0.186251901488244,0.1835081139782431,-0.018375027924776,0.5480589153236122,WP2_dimension_sensitivity,dropout_0,scVI,scrna-dr-py-modern-min,2,1,,,5000.0,2000,3000,11.340956926345823,790.77734375,datasets/simulate/dropout_0/counts_matrix.csv,datasets/simulate/dropout_0/cell_metadata.csv,revision_benchmark/results/embeddings/WP1_scVI_local/dropout_0/scVI/dim_2/seed_1.csv,planned_full_grid,deep generative model,20.0,,,,,,,,,,scVI,scVI,scVI,revision_dimension_sensitivity,revision_benchmark\results\source_data\wp2_dimension_sensitivity_long.csv
2000.0,5,0.0801181935781352,0.087480650137668,0.0893381967422208,0.0856987754726478,-0.0549152754247188,0.5297950370938859,WP2_dimension_sensitivity,dropout_0,scVI,scrna-dr-py-modern-min,2,2,,,5000.0,2000,3000,11.231960773468018,804.07421875,datasets/simulate/dropout_0/counts_matrix.csv,datasets/simulate/dropout_0/cell_metadata.csv,revision_benchmark/results/embeddings/WP1_scVI_local/dropout_0/scVI/dim_2/seed_2.csv,planned_full_grid,deep generative model,20.0,,,,,,,,,,scVI,scVI,scVI,revision_dimension_sensitivity,revision_benchmark\results\source_data\wp2_dimension_sensitivity_long.csv
2000.0,5,0.3003424542517477,0.304227497552242,0.3094409905906229,0.2991867686794802,0.0910840854048729,0.5938653278758421,WP2_dimension_sensitivity,dropout_0,scVI,scrna-dr-py-modern-min,5,0,,,5000.0,2000,3000,11.397860050201416,791.04296875,datasets/simulate/dropout_0/counts_matrix.csv,datasets/simulate/dropout_0/cell_metadata.csv,revision_benchmark/results/embeddings/WP1_scVI_local/dropout_0/scVI/dim_5/seed_0.csv,planned_full_grid,deep generative model,20.0,,,,,,,,,,scVI,scVI,scVI,revision_dimension_sensitivity,revision_benchmark\results\source_data\wp2_dimension_sensitivity_long.csv
2000.0,5,0.4265399397641953,0.3985664966465266,0.4050475819481834,0.3922895500600074,0.1353024244308471,0.6029496972797816,WP2_dimension_sensitivity,dropout_0,scVI,scrna-dr-py-modern-min,5,1,,,5000.0,2000,3000,10.98138952255249,797.07421875,datasets/simulate/dropout_0/counts_matrix.csv,datasets/simulate/dropout_0/cell_metadata.csv,revision_benchmark/results/embeddings/WP1_scVI_local/dropout_0/scVI/dim_5/seed_1.csv,planned_full_grid,deep generative model,20.0,,,,,,,,,,scVI,scVI,scVI,revision_dimension_sensitivity,revision_benchmark\results\source_data\wp2_dimension_sensitivity_long.csv
2000.0,5,0.4504209866132158,0.402933135351928,0.409462592275857,0.3966086525749974,0.1370308399200439,0.6054229982092607,WP2_dimension_sensitivity,dropout_0,scVI,scrna-dr-py-modern-min,5,2,,,5000.0,2000,3000,10.880648612976074,796.58984375,datasets/simulate/dropout_0/counts_matrix.csv,datasets/simulate/dropout_0/cell_metadata.csv,revision_benchmark/results/embeddings/WP1_scVI_local/dropout_0/scVI/dim_5/seed_2.csv,planned_full_grid,deep generative model,20.0,,,,,,,,,,scVI,scVI,scVI,revision_dimension_sensitivity,revision_benchmark\results\source_data\wp2_dimension_sensitivity_long.csv
2000.0,5,0.7375838065054562,0.6761706290094299,0.6843401673456998,0.6681938427922428,0.2187408059835434,0.6533126971945085,WP2_dimension_sensitivity,dropout_0,scVI,scrna-dr-py-modern-min,10,0,,,5000.0,2000,3000,11.382285356521606,791.04296875,datasets/simulate/dropout_0/counts_matrix.csv,datasets/simulate/dropout_0/cell_metadata.csv,revision_benchmark/results/embeddings/WP1_scVI_local/dropout_0/scVI/dim_10/seed_0.csv,planned_full_grid,deep generative model,20.0,,,,,,,,,,scVI,scVI,scVI,revision_dimension_sensitivity,revision_benchmark\results\source_data\wp2_dimension_sensitivity_long.csv
2000.0,5,0.7525456080462997,0.667992061575849,0.6705266658081565,0.665476546894227,0.2091997116804123,0.6474919843097127,WP2_dimension_sensitivity,dropout_0,scVI,scrna-dr-py-modern-min,10,1,,,5000.0,2000,3000,11.128441333770752,792.3359375,datasets/simulate/dropout_0/counts_matrix.csv,datasets/simulate/dropout_0/cell_metadata.csv,revision_benchmark/results/embeddings/WP1_scVI_local/dropout_0/scVI/dim_10/seed_1.csv,planned_full_grid,deep generative model,20.0,,,,,,,,,,scVI,scVI,scVI,revision_dimension_sensitivity,revision_benchmark\results\source_data\wp2_dimension_sensitivity_long.csv
2000.0,5,0.72962099697509,0.6671645098519271,0.6726944580893746,0.6617247392230221,0.2215186506509781,0.6475211136693102,WP2_dimension_sensitivity,dropout_0,scVI,scrna-dr-py-modern-min,10,2,,,5000.0,2000,3000,10.965211391448976,795.45703125,datasets/simulate/dropout_0/counts_matrix.csv,datasets/simulate/dropout_0/cell_metadata.csv,revision_benchmark/results/embeddings/WP1_scVI_local/dropout_0/scVI/dim_10/seed_2.csv,planned_full_grid,deep generative model,20.0,,,,,,,,,,scVI,scVI,scVI,revision_dimension_sensitivity,revision_benchmark\results\source_data\wp2_dimension_sensitivity_long.csv
2000.0,5,0.8255411514419618,0.7568040818549724,0.7604106591526981,0.7532315545738794,0.2418694496154785,0.6518676728916176,WP2_dimension_sensitivity,dropout_0,scVI,scrna-dr-py-modern-min,20,0,,,5000.0,2000,3000,10.902674913406372,800.3828125,datasets/simulate/dropout_0/counts_matrix.csv,datasets/simulate/dropout_0/cell_metadata.csv,revision_benchmark/results/embeddings/WP1_scVI_local/dropout_0/scVI/dim_20/seed_0.csv,planned_full_grid,deep generative model,20.0,,,,,,,,,,scVI,scVI,scVI,revision_dimension_sensitivity,revision_benchmark\results\source_data\wp2_dimension_sensitivity_long.csv
2000.0,5,0.7325252868212349,0.7742848797782964,0.7877748611897598,0.7612491291999014,0.2243044525384903,0.6765374776157584,WP2_dimension_sensitivity,dropout_0,scVI,scrna-dr-py-modern-min,20,1,,,5000.0,2000,3000,11.533573627471924,804.515625,datasets/simulate/dropout_0/counts_matrix.csv,datasets/simulate/dropout_0/cell_metadata.csv,revision_benchmark/results/embeddings/WP1_scVI_local/dropout_0/scVI/dim_20/seed_1.csv,planned_full_grid,deep generative model,20.0,,,,,,,,,,scVI,scVI,scVI,revision_dimension_sensitivity,revision_benchmark\results\source_data\wp2_dimension_sensitivity_long.csv
2000.0,5,0.8290633878672211,0.7665832951359216,0.7714041180542079,0.7618223526269928,0.2302893102169037,0.6667655581137546,WP2_dimension_sensitivity,dropout_0,scVI,scrna-dr-py-modern-min,20,2,,,5000.0,2000,3000,11.2193124294281,792.93359375,datasets/simulate/dropout_0/counts_matrix.csv,datasets/simulate/dropout_0/cell_metadata.csv,revision_benchmark/results/embeddings/WP1_scVI_local/dropout_0/scVI/dim_20/seed_2.csv,planned_full_grid,deep generative model,20.0,,,,,,,,,,scVI,scVI,scVI,revision_dimension_sensitivity,revision_benchmark\results\source_data\wp2_dimension_sensitivity_long.csv
2000.0,5,0.7460765776991145,0.7923677486405849,0.8056824338561785,0.7794859851978817,0.1871270984411239,0.6782207811034364,WP2_dimension_sensitivity,dropout_0,scVI,scrna-dr-py-modern-min,50,0,,,5000.0,2000,3000,11.199163436889648,796.85546875,datasets/simulate/dropout_0/counts_matrix.csv,datasets/simulate/dropout_0/cell_metadata.csv,revision_benchmark/results/embeddings/WP1_scVI_local/dropout_0/scVI/dim_50/seed_0.csv,planned_full_grid,deep generative model,20.0,,,,,,,,,,scVI,scVI,scVI,revision_dimension_sensitivity,revision_benchmark\results\source_data\wp2_dimension_sensitivity_long.csv
2000.0,5,0.880477182491667,0.8213712929717804,0.8238443917888237,0.8189129977086455,0.2047007381916046,0.6946325999829454,WP2_dimension_sensitivity,dropout_0,scVI,scrna-dr-py-modern-min,50,1,,,5000.0,2000,3000,11.532982110977173,795.1328125,datasets/simulate/dropout_0/counts_matrix.csv,datasets/simulate/dropout_0/cell_metadata.csv,revision_benchmark/results/embeddings/WP1_scVI_local/dropout_0/scVI/dim_50/seed_1.csv,planned_full_grid,deep generative model,20.0,,,,,,,,,,scVI,scVI,scVI,revision_dimension_sensitivity,revision_benchmark\results\source_data\wp2_dimension_sensitivity_long.csv
2000.0,5,0.9352622687781252,0.8913846104651403,0.8941503505292843,0.8886359273323696,0.233523428440094,0.6870892811460731,WP2_dimension_sensitivity,dropout_0,scVI,scrna-dr-py-modern-min,50,2,,,5000.0,2000,3000,11.3625168800354,806.9296875,datasets/simulate/dropout_0/counts_matrix.csv,datasets/simulate/dropout_0/cell_metadata.csv,revision_benchmark/results/embeddings/WP1_scVI_local/dropout_0/scVI/dim_50/seed_2.csv,planned_full_grid,deep generative model,20.0,,,,,,,,,,scVI,scVI,scVI,revision_dimension_sensitivity,revision_benchmark\results\source_data\wp2_dimension_sensitivity_long.csv
2000.0,5,0.2084307632451873,0.212366585907003,0.2158005719948426,0.2090401764763712,0.0309556927531957,0.545908169182229,WP2_dimension_sensitivity,gene_5k,scVI,scrna-dr-py-modern-min,2,0,,,5000.0,2000,3000,11.26980209350586,802.13671875,datasets/simulate/gene_5k/counts_matrix.csv,datasets/simulate/gene_5k/cell_metadata.csv,revision_benchmark/results/embeddings/WP1_scVI_local/gene_5k/scVI/dim_2/seed_0.csv,planned_full_grid,deep generative model,20.0,,,,,,,,,,scVI,scVI,scVI,revision_dimension_sensitivity,revision_benchmark\results\source_data\wp2_dimension_sensitivity_long.csv
2000.0,5,0.4484634614898179,0.3792397819380787,0.3819111218318939,0.376605552716426,0.2203629463911056,0.5722158864159632,WP2_dimension_sensitivity,gene_5k,scVI,scrna-dr-py-modern-min,2,1,,,5000.0,2000,3000,11.57987904548645,790.71875,datasets/simulate/gene_5k/counts_matrix.csv,datasets/simulate/gene_5k/cell_metadata.csv,revision_benchmark/results/embeddings/WP1_scVI_local/gene_5k/scVI/dim_2/seed_1.csv,planned_full_grid,deep generative model,20.0,,,,,,,,,,scVI,scVI,scVI,revision_dimension_sensitivity,revision_benchmark\results\source_data\wp2_dimension_sensitivity_long.csv
2000.0,5,0.3001244938157977,0.2941402139329975,0.2924971142339952,0.2958018781109888,0.0823681056499481,0.5536973480003411,WP2_dimension_sensitivity,gene_5k,scVI,scrna-dr-py-modern-min,2,2,,,5000.0,2000,3000,11.251975774765016,794.03125,datasets/simulate/gene_5k/counts_matrix.csv,datasets/simulate/gene_5k/cell_metadata.csv,revision_benchmark/results/embeddings/WP1_scVI_local/gene_5k/scVI/dim_2/seed_2.csv,planned_full_grid,deep generative model,20.0,,,,,,,,,,scVI,scVI,scVI,revision_dimension_sensitivity,revision_benchmark\results\source_data\wp2_dimension_sensitivity_long.csv
2000.0,5,0.7023158745122816,0.6954964538427693,0.7003821871543842,0.6906784122247634,0.3824772238731384,0.6301888462522385,WP2_dimension_sensitivity,gene_5k,scVI,scrna-dr-py-modern-min,5,0,,,5000.0,2000,3000,11.11396622657776,801.25390625,datasets/simulate/gene_5k/counts_matrix.csv,datasets/simulate/gene_5k/cell_metadata.csv,revision_benchmark/results/embeddings/WP1_scVI_local/gene_5k/scVI/dim_5/seed_0.csv,planned_full_grid,deep generative model,20.0,,,,,,,,,,scVI,scVI,scVI,revision_dimension_sensitivity,revision_benchmark\results\source_data\wp2_dimension_sensitivity_long.csv
2000.0,5,0.8565361239595576,0.805788541934129,0.8106065205899228,0.8010274978402698,0.4068909883499145,0.6419748017395753,WP2_dimension_sensitivity,gene_5k,scVI,scrna-dr-py-modern-min,5,1,,,5000.0,2000,3000,11.47171688079834,790.96875,datasets/simulate/gene_5k/counts_matrix.csv,datasets/simulate/gene_5k/cell_metadata.csv,revision_benchmark/results/embeddings/WP1_scVI_local/gene_5k/scVI/dim_5/seed_1.csv,planned_full_grid,deep generative model,20.0,,,,,,,,,,scVI,scVI,scVI,revision_dimension_sensitivity,revision_benchmark\results\source_data\wp2_dimension_sensitivity_long.csv
2000.0,5,0.6424658802689002,0.6756484831161298,0.6773403445727952,0.6739650524677916,0.3333176970481872,0.6322192802933402,WP2_dimension_sensitivity,gene_5k,scVI,scrna-dr-py-modern-min,5,2,,,5000.0,2000,3000,11.441307306289673,791.1484375,datasets/simulate/gene_5k/counts_matrix.csv,datasets/simulate/gene_5k/cell_metadata.csv,revision_benchmark/results/embeddings/WP1_scVI_local/gene_5k/scVI/dim_5/seed_2.csv,planned_full_grid,deep generative model,20.0,,,,,,,,,,scVI,scVI,scVI,revision_dimension_sensitivity,revision_benchmark\results\source_data\wp2_dimension_sensitivity_long.csv
2000.0,5,0.932075626190004,0.8853694344512049,0.8871583061513313,0.8835877624183687,0.3889455497264862,0.6675343736676047,WP2_dimension_sensitivity,gene_5k,scVI,scrna-dr-py-modern-min,10,0,,,5000.0,2000,3000,11.473785877227783,796.85546875,datasets/simulate/gene_5k/counts_matrix.csv,datasets/simulate/gene_5k/cell_metadata.csv,revision_benchmark/results/embeddings/WP1_scVI_local/gene_5k/scVI/dim_10/seed_0.csv,planned_full_grid,deep generative model,20.0,,,,,,,,,,scVI,scVI,scVI,revision_dimension_sensitivity,revision_benchmark\results\source_data\wp2_dimension_sensitivity_long.csv
2000.0,5,0.8716043287292295,0.812069657144786,0.8146246087375681,0.8095306819125454,0.3451907932758331,0.6602066768994628,WP2_dimension_sensitivity,gene_5k,scVI,scrna-dr-py-modern-min,10,1,,,5000.0,2000,3000,11.349714994430542,799.61328125,datasets/simulate/gene_5k/counts_matrix.csv,datasets/simulate/gene_5k/cell_metadata.csv,revision_benchmark/results/embeddings/WP1_scVI_local/gene_5k/scVI/dim_10/seed_1.csv,planned_full_grid,deep generative model,20.0,,,,,,,,,,scVI,scVI,scVI,revision_dimension_sensitivity,revision_benchmark\results\source_data\wp2_dimension_sensitivity_long.csv
2000.0,5,0.9175428004217212,0.874134540076649,0.8749869046172996,0.8732838345739882,0.3686179220676422,0.67322018419033,WP2_dimension_sensitivity,gene_5k,scVI,scrna-dr-py-modern-min,10,2,,,5000.0,2000,3000,11.390432834625244,800.04296875,datasets/simulate/gene_5k/counts_matrix.csv,datasets/simulate/gene_5k/cell_metadata.csv,revision_benchmark/results/embeddings/WP1_scVI_local/gene_5k/scVI/dim_10/seed_2.csv,planned_full_grid,deep generative model,20.0,,,,,,,,,,scVI,scVI,scVI,revision_dimension_sensitivity,revision_benchmark\results\source_data\wp2_dimension_sensitivity_long.csv
2000.0,5,0.981360367804002,0.9621726633235002,0.9629016173483644,0.9614448121569018,0.448366641998291,0.6896886074869958,WP2_dimension_sensitivity,gene_5k,scVI,scrna-dr-py-modern-min,20,0,,,5000.0,2000,3000,11.330560207366943,792.66015625,datasets/simulate/gene_5k/counts_matrix.csv,datasets/simulate/gene_5k/cell_metadata.csv,revision_benchmark/results/embeddings/WP1_scVI_local/gene_5k/scVI/dim_20/seed_0.csv,planned_full_grid,deep generative model,20.0,,,,,,,,,,scVI,scVI,scVI,revision_dimension_sensitivity,revision_benchmark\results\source_data\wp2_dimension_sensitivity_long.csv
2000.0,5,0.9827851611198786,0.9684537946055676,0.9686991554747644,0.968208557999329,0.4395324289798736,0.6947774963758847,WP2_dimension_sensitivity,gene_5k,scVI,scrna-dr-py-modern-min,20,1,,,5000.0,2000,3000,11.326323509216309,797.546875,datasets/simulate/gene_5k/counts_matrix.csv,datasets/simulate/gene_5k/cell_metadata.csv,revision_benchmark/results/embeddings/WP1_scVI_local/gene_5k/scVI/dim_20/seed_1.csv,planned_full_grid,deep generative model,20.0,,,,,,,,,,scVI,scVI,scVI,revision_dimension_sensitivity,revision_benchmark\results\source_data\wp2_dimension_sensitivity_long.csv
2000.0,5,0.9808425483523008,0.9624842609985796,0.9636381349704258,0.9613331470519628,0.3976616263389587,0.6721588812142918,WP2_dimension_sensitivity,gene_5k,scVI,scrna-dr-py-modern-min,20,2,,,5000.0,2000,3000,11.65561819076538,804.265625,datasets/simulate/gene_5k/counts_matrix.csv,datasets/simulate/gene_5k/cell_metadata.csv,revision_benchmark/results/embeddings/WP1_scVI_local/gene_5k/scVI/dim_20/seed_2.csv,planned_full_grid,deep generative model,20.0,,,,,,,,,,scVI,scVI,scVI,revision_dimension_sensitivity,revision_benchmark\results\source_data\wp2_dimension_sensitivity_long.csv
2000.0,5,0.9879355735275114,0.9760567924190264,0.976330490603768,0.9757832476448424,0.4704244136810303,0.7090674426537051,WP2_dimension_sensitivity,gene_5k,scVI,scrna-dr-py-modern-min,50,0,,,5000.0,2000,3000,11.52713918685913,809.84375,datasets/simulate/gene_5k/counts_matrix.csv,datasets/simulate/gene_5k/cell_metadata.csv,revision_benchmark/results/embeddings/WP1_scVI_local/gene_5k/scVI/dim_50/seed_0.csv,planned_full_grid,deep generative model,20.0,,,,,,,,,,scVI,scVI,scVI,revision_dimension_sensitivity,revision_benchmark\results\source_data\wp2_dimension_sensitivity_long.csv
2000.0,5,0.9748633415748666,0.9517987355827128,0.9529143878278784,0.9506856926472752,0.4396351277828216,0.7107968107785452,WP2_dimension_sensitivity,gene_5k,scVI,scrna-dr-py-modern-min,50,1,,,5000.0,2000,3000,11.285032510757446,804.265625,datasets/simulate/gene_5k/counts_matrix.csv,datasets/simulate/gene_5k/cell_metadata.csv,revision_benchmark/results/embeddings/WP1_scVI_local/gene_5k/scVI/dim_50/seed_1.csv,planned_full_grid,deep generative model,20.0,,,,,,,,,,scVI,scVI,scVI,revision_dimension_sensitivity,revision_benchmark\results\source_data\wp2_dimension_sensitivity_long.csv
2000.0,5,0.9829309674911912,0.9662668208861264,0.9664661082804988,0.9660676156617904,0.4561794400215149,0.6980241067621727,WP2_dimension_sensitivity,gene_5k,scVI,scrna-dr-py-modern-min,50,2,,,5000.0,2000,3000,11.296269178390505,806.453125,datasets/simulate/gene_5k/counts_matrix.csv,datasets/simulate/gene_5k/cell_metadata.csv,revision_benchmark/results/embeddings/WP1_scVI_local/gene_5k/scVI/dim_50/seed_2.csv,planned_full_grid,deep generative model,20.0,,,,,,,,,,scVI,scVI,scVI,revision_dimension_sensitivity,revision_benchmark\results\source_data\wp2_dimension_sensitivity_long.csv
2000.0,5,0.0419102662123343,0.0539618240965039,0.0551669652641721,0.0528082107260368,-0.0904068648815155,0.5228809584719024,WP2_dimension_sensitivity,gene_5w,scVI,scrna-dr-py-modern-min,2,0,,,5000.0,2000,3000,11.194408655166626,791.02734375,datasets/simulate/gene_5w/counts_matrix.csv,datasets/simulate/gene_5w/cell_metadata.csv,revision_benchmark/results/embeddings/WP1_scVI_local/gene_5w/scVI/dim_2/seed_0.csv,planned_full_grid,deep generative model,20.0,,,,,,,,,,scVI,scVI,scVI,revision_dimension_sensitivity,revision_benchmark\results\source_data\wp2_dimension_sensitivity_long.csv
2000.0,5,0.1246499168971877,0.1373120793953688,0.1393770278469744,0.1353074243901555,-0.0321010276675224,0.5472447087916773,WP2_dimension_sensitivity,gene_5w,scVI,scrna-dr-py-modern-min,2,1,,,5000.0,2000,3000,11.053529977798462,792.31640625,datasets/simulate/gene_5w/counts_matrix.csv,datasets/simulate/gene_5w/cell_metadata.csv,revision_benchmark/results/embeddings/WP1_scVI_local/gene_5w/scVI/dim_2/seed_1.csv,planned_full_grid,deep generative model,20.0,,,,,,,,,,scVI,scVI,scVI,revision_dimension_sensitivity,revision_benchmark\results\source_data\wp2_dimension_sensitivity_long.csv
2000.0,5,0.1975088345759429,0.244889198615789,0.2499144331490102,0.2400620735595548,0.033787053078413,0.5732635968278332,WP2_dimension_sensitivity,gene_5w,scVI,scrna-dr-py-modern-min,2,2,,,5000.0,2000,3000,10.840243339538574,796.796875,datasets/simulate/gene_5w/counts_matrix.csv,datasets/simulate/gene_5w/cell_metadata.csv,revision_benchmark/results/embeddings/WP1_scVI_local/gene_5w/scVI/dim_2/seed_2.csv,planned_full_grid,deep generative model,20.0,,,,,,,,,,scVI,scVI,scVI,revision_dimension_sensitivity,revision_benchmark\results\source_data\wp2_dimension_sensitivity_long.csv
2000.0,5,0.673984270369306,0.6860687988332606,0.6961029481265443,0.6763198183900706,0.3093490600585937,0.6721577811887098,WP2_dimension_sensitivity,gene_5w,scVI,scrna-dr-py-modern-min,5,0,,,5000.0,2000,3000,11.252058744430542,796.80859375,datasets/simulate/gene_5w/counts_matrix.csv,datasets/simulate/gene_5w/cell_metadata.csv,revision_benchmark/results/embeddings/WP1_scVI_local/gene_5w/scVI/dim_5/seed_0.csv,planned_full_grid,deep generative model,20.0,,,,,,,,,,scVI,scVI,scVI,revision_dimension_sensitivity,revision_benchmark\results\source_data\wp2_dimension_sensitivity_long.csv
2000.0,5,0.7300263731831096,0.6587014790025976,0.6593009789430253,0.6581030683178685,0.2943046987056732,0.6676964867400017,WP2_dimension_sensitivity,gene_5w,scVI,scrna-dr-py-modern-min,5,1,,,5000.0,2000,3000,11.23579239845276,796.4140625,datasets/simulate/gene_5w/counts_matrix.csv,datasets/simulate/gene_5w/cell_metadata.csv,revision_benchmark/results/embeddings/WP1_scVI_local/gene_5w/scVI/dim_5/seed_1.csv,planned_full_grid,deep generative model,20.0,,,,,,,,,,scVI,scVI,scVI,revision_dimension_sensitivity,revision_benchmark\results\source_data\wp2_dimension_sensitivity_long.csv
2000.0,5,0.606890939632825,0.5923204640149415,0.6003396077572564,0.5845127306162812,0.2834918797016144,0.6585898695318495,WP2_dimension_sensitivity,gene_5w,scVI,scrna-dr-py-modern-min,5,2,,,5000.0,2000,3000,11.041177749633787,798.390625,datasets/simulate/gene_5w/counts_matrix.csv,datasets/simulate/gene_5w/cell_metadata.csv,revision_benchmark/results/embeddings/WP1_scVI_local/gene_5w/scVI/dim_5/seed_2.csv,planned_full_grid,deep generative model,20.0,,,,,,,,,,scVI,scVI,scVI,revision_dimension_sensitivity,revision_benchmark\results\source_data\wp2_dimension_sensitivity_long.csv
2000.0,5,0.9104678627810184,0.8633537362761722,0.8647078280991195,0.862003878710898,0.3890040218830108,0.7009366675193996,WP2_dimension_sensitivity,gene_5w,scVI,scrna-dr-py-modern-min,10,0,,,5000.0,2000,3000,11.244914531707764,797.05859375,datasets/simulate/gene_5w/counts_matrix.csv,datasets/simulate/gene_5w/cell_metadata.csv,revision_benchmark/results/embeddings/WP1_scVI_local/gene_5w/scVI/dim_10/seed_0.csv,planned_full_grid,deep generative model,20.0,,,,,,,,,,scVI,scVI,scVI,revision_dimension_sensitivity,revision_benchmark\results\source_data\wp2_dimension_sensitivity_long.csv
2000.0,5,0.9041579879038872,0.8425338475184297,0.8436433380728505,0.8414272713532804,0.3432938754558563,0.7008060288223756,WP2_dimension_sensitivity,gene_5w,scVI,scrna-dr-py-modern-min,10,1,,,5000.0,2000,3000,11.283455610275269,791.16796875,datasets/simulate/gene_5w/counts_matrix.csv,datasets/simulate/gene_5w/cell_metadata.csv,revision_benchmark/results/embeddings/WP1_scVI_local/gene_5w/scVI/dim_10/seed_1.csv,planned_full_grid,deep generative model,20.0,,,,,,,,,,scVI,scVI,scVI,revision_dimension_sensitivity,revision_benchmark\results\source_data\wp2_dimension_sensitivity_long.csv
2000.0,5,0.8991086747236587,0.8396243203228285,0.8397272315733104,0.8395214342934596,0.3272477388381958,0.7016366589920695,WP2_dimension_sensitivity,gene_5w,scVI,scrna-dr-py-modern-min,10,2,,,5000.0,2000,3000,11.120140552520752,791.55078125,datasets/simulate/gene_5w/counts_matrix.csv,datasets/simulate/gene_5w/cell_metadata.csv,revision_benchmark/results/embeddings/WP1_scVI_local/gene_5w/scVI/dim_10/seed_2.csv,planned_full_grid,deep generative model,20.0,,,,,,,,,,scVI,scVI,scVI,revision_dimension_sensitivity,revision_benchmark\results\source_data\wp2_dimension_sensitivity_long.csv
2000.0,5,0.9516475367666816,0.9154400939588478,0.91548205507097,0.9153981366931236,0.297714501619339,0.716571834228703,WP2_dimension_sensitivity,gene_5w,scVI,scrna-dr-py-modern-min,20,0,,,5000.0,2000,3000,11.463371276855469,792.52734375,datasets/simulate/gene_5w/counts_matrix.csv,datasets/simulate/gene_5w/cell_metadata.csv,revision_benchmark/results/embeddings/WP1_scVI_local/gene_5w/scVI/dim_20/seed_0.csv,planned_full_grid,deep generative model,20.0,,,,,,,,,,scVI,scVI,scVI,revision_dimension_sensitivity,revision_benchmark\results\source_data\wp2_dimension_sensitivity_long.csv
2000.0,5,0.9263170784538266,0.8783219233102005,0.8792150005568746,0.8774306585385819,0.2725983262062073,0.7286663426281231,WP2_dimension_sensitivity,gene_5w,scVI,scrna-dr-py-modern-min,20,1,,,5000.0,2000,3000,11.2593252658844,801.55078125,datasets/simulate/gene_5w/counts_matrix.csv,datasets/simulate/gene_5w/cell_metadata.csv,revision_benchmark/results/embeddings/WP1_scVI_local/gene_5w/scVI/dim_20/seed_1.csv,planned_full_grid,deep generative model,20.0,,,,,,,,,,scVI,scVI,scVI,revision_dimension_sensitivity,revision_benchmark\results\source_data\wp2_dimension_sensitivity_long.csv
2000.0,5,0.916231709718038,0.8581101528300901,0.857376650757616,0.8588449110272203,0.3006138205528259,0.7171748443762258,WP2_dimension_sensitivity,gene_5w,scVI,scrna-dr-py-modern-min,20,2,,,5000.0,2000,3000,11.150748491287231,798.66015625,datasets/simulate/gene_5w/counts_matrix.csv,datasets/simulate/gene_5w/cell_metadata.csv,revision_benchmark/results/embeddings/WP1_scVI_local/gene_5w/scVI/dim_20/seed_2.csv,planned_full_grid,deep generative model,20.0,,,,,,,,,,scVI,scVI,scVI,revision_dimension_sensitivity,revision_benchmark\results\source_data\wp2_dimension_sensitivity_long.csv
2000.0,5,0.966095387890849,0.9370960263809748,0.937227225401778,0.9369648640871752,0.254714161157608,0.7374787072567579,WP2_dimension_sensitivity,gene_5w,scVI,scrna-dr-py-modern-min,50,0,,,5000.0,2000,3000,11.342050075531006,800.16015625,datasets/simulate/gene_5w/counts_matrix.csv,datasets/simulate/gene_5w/cell_metadata.csv,revision_benchmark/results/embeddings/WP1_scVI_local/gene_5w/scVI/dim_50/seed_0.csv,planned_full_grid,deep generative model,20.0,,,,,,,,,,scVI,scVI,scVI,revision_dimension_sensitivity,revision_benchmark\results\source_data\wp2_dimension_sensitivity_long.csv
2000.0,5,0.9748614907793578,0.9491591523473748,0.9494986547527592,0.9488198926399334,0.2576135993003845,0.7493733350387993,WP2_dimension_sensitivity,gene_5w,scVI,scrna-dr-py-modern-min,50,1,,,5000.0,2000,3000,11.254790544509888,800.77734375,datasets/simulate/gene_5w/counts_matrix.csv,datasets/simulate/gene_5w/cell_metadata.csv,revision_benchmark/results/embeddings/WP1_scVI_local/gene_5w/scVI/dim_50/seed_1.csv,planned_full_grid,deep generative model,20.0,,,,,,,,,,scVI,scVI,scVI,revision_dimension_sensitivity,revision_benchmark\results\source_data\wp2_dimension_sensitivity_long.csv
2000.0,5,0.9440854244839968,0.9036376004410684,0.9066133995045896,0.90068127254119,0.2114532887935638,0.735007887780336,WP2_dimension_sensitivity,gene_5w,scVI,scrna-dr-py-modern-min,50,2,,,5000.0,2000,3000,11.39531636238098,806.69140625,datasets/simulate/gene_5w/counts_matrix.csv,datasets/simulate/gene_5w/cell_metadata.csv,revision_benchmark/results/embeddings/WP1_scVI_local/gene_5w/scVI/dim_50/seed_2.csv,planned_full_grid,deep generative model,20.0,,,,,,,,,,scVI,scVI,scVI,revision_dimension_sensitivity,revision_benchmark\results\source_data\wp2_dimension_sensitivity_long.csv
2000.0,5,0.0137283487575518,0.0185189460765059,0.0188494900513432,0.0181997951283079,-0.0489125507889037,0.5100138142747506,WP2_dimension_sensitivity,default,GLMPCA,scrna-dr-r,2,0,,,5000.0,2000,3000,11.103135347366331,336.13671875,datasets/simulate/default/counts_matrix.csv,datasets/simulate/default/cell_metadata.csv,revision_benchmark/results/embeddings/WP2_dimension_sensitivity/default/GLMPCA/dim_2/seed_0.csv,planned_full_grid,count-aware generalized linear PCA,,25.0,5.0,,,,,,,,GLMPCA,GLMPCA,GLMPCA,revision_dimension_sensitivity,revision_benchmark\results\source_data\wp2_dimension_sensitivity_long.csv
2000.0,5,0.015617400077254,0.0226846836143019,0.0230373829112186,0.0223426210302397,-0.0614610682704702,0.5122682442227338,WP2_dimension_sensitivity,default,GLMPCA,scrna-dr-r,2,1,,,5000.0,2000,3000,10.978582620620728,342.6953125,datasets/simulate/default/counts_matrix.csv,datasets/simulate/default/cell_metadata.csv,revision_benchmark/results/embeddings/WP2_dimension_sensitivity/default/GLMPCA/dim_2/seed_1.csv,planned_full_grid,count-aware generalized linear PCA,,25.0,5.0,,,,,,,,GLMPCA,GLMPCA,GLMPCA,revision_dimension_sensitivity,revision_benchmark\results\source_data\wp2_dimension_sensitivity_long.csv
2000.0,5,0.0058375357604728,0.0125386515185418,0.0126831283442122,0.0123974291667782,-0.0486723371176144,0.5108666240300161,WP2_dimension_sensitivity,default,GLMPCA,scrna-dr-r,2,2,,,5000.0,2000,3000,10.90248441696167,342.6953125,datasets/simulate/default/counts_matrix.csv,datasets/simulate/default/cell_metadata.csv,revision_benchmark/results/embeddings/WP2_dimension_sensitivity/default/GLMPCA/dim_2/seed_2.csv,planned_full_grid,count-aware generalized linear PCA,,25.0,5.0,,,,,,,,GLMPCA,GLMPCA,GLMPCA,revision_dimension_sensitivity,revision_benchmark\results\source_data\wp2_dimension_sensitivity_long.csv
2000.0,5,0.0285635228190678,0.0358503798789843,0.0366807277848393,0.0350567932566736,-0.03415292751153,0.5259553423723032,WP2_dimension_sensitivity,default,GLMPCA,scrna-dr-r,5,0,,,5000.0,2000,3000,11.184258222579956,342.6953125,datasets/simulate/default/counts_matrix.csv,datasets/simulate/default/cell_metadata.csv,revision_benchmark/results/embeddings/WP2_dimension_sensitivity/default/GLMPCA/dim_5/seed_0.csv,planned_full_grid,count-aware generalized linear PCA,,25.0,5.0,,,,,,,,GLMPCA,GLMPCA,GLMPCA,revision_dimension_sensitivity,revision_benchmark\results\source_data\wp2_dimension_sensitivity_long.csv
2000.0,5,0.0097574641816595,0.016529420042402,0.0169107159954819,0.0161649395535107,-0.0264255444832209,0.521113302634945,WP2_dimension_sensitivity,default,GLMPCA,scrna-dr-r,5,1,,,5000.0,2000,3000,11.073559045791626,342.6953125,datasets/simulate/default/counts_matrix.csv,datasets/simulate/default/cell_metadata.csv,revision_benchmark/results/embeddings/WP2_dimension_sensitivity/default/GLMPCA/dim_5/seed_1.csv,planned_full_grid,count-aware generalized linear PCA,,25.0,5.0,,,,,,,,GLMPCA,GLMPCA,GLMPCA,revision_dimension_sensitivity,revision_benchmark\results\source_data\wp2_dimension_sensitivity_long.csv
2000.0,5,0.0512217100986428,0.0531339657274071,0.0542167477144474,0.0520935861563652,-0.0219601621147895,0.5307169523322248,WP2_dimension_sensitivity,default,GLMPCA,scrna-dr-r,5,2,,,5000.0,2000,3000,10.995773077011108,342.6953125,datasets/simulate/default/counts_matrix.csv,datasets/simulate/default/cell_metadata.csv,revision_benchmark/results/embeddings/WP2_dimension_sensitivity/default/GLMPCA/dim_5/seed_2.csv,planned_full_grid,count-aware generalized linear PCA,,25.0,5.0,,,,,,,,GLMPCA,GLMPCA,GLMPCA,revision_dimension_sensitivity,revision_benchmark\results\source_data\wp2_dimension_sensitivity_long.csv
2000.0,5,0.0465628205238815,0.0531147286090743,0.0543404021093835,0.0519431267887561,-0.0152587229291846,0.54557522810608,WP2_dimension_sensitivity,default,GLMPCA,scrna-dr-r,10,0,,,5000.0,2000,3000,11.17406439781189,342.6953125,datasets/simulate/default/counts_matrix.csv,datasets/simulate/default/cell_metadata.csv,revision_benchmark/results/embeddings/WP2_dimension_sensitivity/default/GLMPCA/dim_10/seed_0.csv,planned_full_grid,count-aware generalized linear PCA,,25.0,5.0,,,,,,,,GLMPCA,GLMPCA,GLMPCA,revision_dimension_sensitivity,revision_benchmark\results\source_data\wp2_dimension_sensitivity_long.csv
2000.0,5,0.0579403829270018,0.066038108070151,0.0675240279708825,0.0646161777251137,-0.0129351975114186,0.5542431141809498,WP2_dimension_sensitivity,default,GLMPCA,scrna-dr-r,10,1,,,5000.0,2000,3000,11.095580101013184,342.6953125,datasets/simulate/default/counts_matrix.csv,datasets/simulate/default/cell_metadata.csv,revision_benchmark/results/embeddings/WP2_dimension_sensitivity/default/GLMPCA/dim_10/seed_1.csv,planned_full_grid,count-aware generalized linear PCA,,25.0,5.0,,,,,,,,GLMPCA,GLMPCA,GLMPCA,revision_dimension_sensitivity,revision_benchmark\results\source_data\wp2_dimension_sensitivity_long.csv
2000.0,5,0.0284569142429314,0.0331196616476732,0.0338780577635884,0.0323944770533899,-0.0115201054494726,0.5481496120064808,WP2_dimension_sensitivity,default,GLMPCA,scrna-dr-r,10,2,,,5000.0,2000,3000,11.073742866516112,342.6953125,datasets/simulate/default/counts_matrix.csv,datasets/simulate/default/cell_metadata.csv,revision_benchmark/results/embeddings/WP2_dimension_sensitivity/default/GLMPCA/dim_10/seed_2.csv,planned_full_grid,count-aware generalized linear PCA,,25.0,5.0,,,,,,,,GLMPCA,GLMPCA,GLMPCA,revision_dimension_sensitivity,revision_benchmark\results\source_data\wp2_dimension_sensitivity_long.csv
2000.0,5,0.1044354982547001,0.1145137112484229,0.1170490104608961,0.1120859134650975,-0.0037952019972679,0.5845753730706915,WP2_dimension_sensitivity,default,GLMPCA,scrna-dr-r,20,0,,,5000.0,2000,3000,11.230302333831789,343.05078125,datasets/simulate/default/counts_matrix.csv,datasets/simulate/default/cell_metadata.csv,revision_benchmark/results/embeddings/WP2_dimension_sensitivity/default/GLMPCA/dim_20/seed_0.csv,planned_full_grid,count-aware generalized linear PCA,,25.0,5.0,,,,,,,,GLMPCA,GLMPCA,GLMPCA,revision_dimension_sensitivity,revision_benchmark\results\source_data\wp2_dimension_sensitivity_long.csv
2000.0,5,0.1276468690652985,0.1295125917512847,0.1323864709005367,0.1267608353284853,0.0008777246831648,0.5790495608425001,WP2_dimension_sensitivity,default,GLMPCA,scrna-dr-r,20,1,,,5000.0,2000,3000,11.167165279388428,343.05078125,datasets/simulate/default/counts_matrix.csv,datasets/simulate/default/cell_metadata.csv,revision_benchmark/results/embeddings/WP2_dimension_sensitivity/default/GLMPCA/dim_20/seed_1.csv,planned_full_grid,count-aware generalized linear PCA,,25.0,5.0,,,,,,,,GLMPCA,GLMPCA,GLMPCA,revision_dimension_sensitivity,revision_benchmark\results\source_data\wp2_dimension_sensitivity_long.csv
2000.0,5,0.100094316629749,0.1008683440031359,0.1031967575513361,0.0986426833734092,0.0026828079184438,0.5810739660612262,WP2_dimension_sensitivity,default,GLMPCA,scrna-dr-r,20,2,,,5000.0,2000,3000,11.116435766220093,343.91015625,datasets/simulate/default/counts_matrix.csv,datasets/simulate/default/cell_metadata.csv,revision_benchmark/results/embeddings/WP2_dimension_sensitivity/default/GLMPCA/dim_20/seed_2.csv,planned_full_grid,count-aware generalized linear PCA,,25.0,5.0,,,,,,,,GLMPCA,GLMPCA,GLMPCA,revision_dimension_sensitivity,revision_benchmark\results\source_data\wp2_dimension_sensitivity_long.csv
2000.0,5,0.30216723916025,0.2802317440318134,0.2854384344012403,0.275211601602074,0.0143634159346465,0.6522283618998892,WP2_dimension_sensitivity,default,GLMPCA,scrna-dr-r,50,0,,,5000.0,2000,3000,11.4138765335083,343.91015625,datasets/simulate/default/counts_matrix.csv,datasets/simulate/default/cell_metadata.csv,revision_benchmark/results/embeddings/WP2_dimension_sensitivity/default/GLMPCA/dim_50/seed_0.csv,planned_full_grid,count-aware generalized linear PCA,,25.0,5.0,,,,,,,,GLMPCA,GLMPCA,GLMPCA,revision_dimension_sensitivity,revision_benchmark\results\source_data\wp2_dimension_sensitivity_long.csv
2000.0,5,0.2833723115231087,0.2699319324276021,0.2755979131349623,0.2644942308422978,0.0146147602840951,0.6402031551121343,WP2_dimension_sensitivity,default,GLMPCA,scrna-dr-r,50,1,,,5000.0,2000,3000,11.38804817199707,343.91015625,datasets/simulate/default/counts_matrix.csv,datasets/simulate/default/cell_metadata.csv,revision_benchmark/results/embeddings/WP2_dimension_sensitivity/default/GLMPCA/dim_50/seed_1.csv,planned_full_grid,count-aware generalized linear PCA,,25.0,5.0,,,,,,,,GLMPCA,GLMPCA,GLMPCA,revision_dimension_sensitivity,revision_benchmark\results\source_data\wp2_dimension_sensitivity_long.csv
2000.0,5,0.3455041211135291,0.3548332845600543,0.3630308165786472,0.3469977913321398,0.0264552352207176,0.6581430203803189,WP2_dimension_sensitivity,default,GLMPCA,scrna-dr-r,50,2,,,5000.0,2000,3000,11.443254232406616,343.91015625,datasets/simulate/default/counts_matrix.csv,datasets/simulate/default/cell_metadata.csv,revision_benchmark/results/embeddings/WP2_dimension_sensitivity/default/GLMPCA/dim_50/seed_2.csv,planned_full_grid,count-aware generalized linear PCA,,25.0,5.0,,,,,,,,GLMPCA,GLMPCA,GLMPCA,revision_dimension_sensitivity,revision_benchmark\results\source_data\wp2_dimension_sensitivity_long.csv
2000.0,7,0.0113067161888371,0.0243107914297688,0.0240673636872152,0.0245591937546905,-0.0631676289639399,0.5108784088002046,WP2_dimension_sensitivity,celltype_7,GLMPCA,scrna-dr-r,2,0,,,5000.0,2000,3000,11.018958806991575,343.93359375,datasets/simulate/celltype_7/counts_matrix.csv,datasets/simulate/celltype_7/cell_metadata.csv,revision_benchmark/results/embeddings/WP2_dimension_sensitivity/celltype_7/GLMPCA/dim_2/seed_0.csv,planned_full_grid,count-aware generalized linear PCA,,25.0,5.0,,,,,,,,GLMPCA,GLMPCA,GLMPCA,revision_dimension_sensitivity,revision_benchmark\results\source_data\wp2_dimension_sensitivity_long.csv
2000.0,7,0.0130408703466156,0.0282631787730159,0.0280129904180582,0.02851787634234,-0.0748310278360464,0.5107600750405048,WP2_dimension_sensitivity,celltype_7,GLMPCA,scrna-dr-r,2,1,,,5000.0,2000,3000,10.98070240020752,344.0,datasets/simulate/celltype_7/counts_matrix.csv,datasets/simulate/celltype_7/cell_metadata.csv,revision_benchmark/results/embeddings/WP2_dimension_sensitivity/celltype_7/GLMPCA/dim_2/seed_1.csv,planned_full_grid,count-aware generalized linear PCA,,25.0,5.0,,,,,,,,GLMPCA,GLMPCA,GLMPCA,revision_dimension_sensitivity,revision_benchmark\results\source_data\wp2_dimension_sensitivity_long.csv
2000.0,7,0.0037397771992934,0.0105873568926357,0.01055149966226,0.0106234586617505,-0.0541940020431939,0.5096612603393877,WP2_dimension_sensitivity,celltype_7,GLMPCA,scrna-dr-r,2,2,,,5000.0,2000,3000,10.94573712348938,344.0,datasets/simulate/celltype_7/counts_matrix.csv,datasets/simulate/celltype_7/cell_metadata.csv,revision_benchmark/results/embeddings/WP2_dimension_sensitivity/celltype_7/GLMPCA/dim_2/seed_2.csv,planned_full_grid,count-aware generalized linear PCA,,25.0,5.0,,,,,,,,GLMPCA,GLMPCA,GLMPCA,revision_dimension_sensitivity,revision_benchmark\results\source_data\wp2_dimension_sensitivity_long.csv
2000.0,7,0.0113502338992079,0.0223681649404632,0.0223997783132597,0.0223366406754094,-0.0401420716543995,0.5234492197492965,WP2_dimension_sensitivity,celltype_7,GLMPCA,scrna-dr-r,5,0,,,5000.0,2000,3000,10.905774593353271,344.109375,datasets/simulate/celltype_7/counts_matrix.csv,datasets/simulate/celltype_7/cell_metadata.csv,revision_benchmark/results/embeddings/WP2_dimension_sensitivity/celltype_7/GLMPCA/dim_5/seed_0.csv,planned_full_grid,count-aware generalized linear PCA,,25.0,5.0,,,,,,,,GLMPCA,GLMPCA,GLMPCA,revision_dimension_sensitivity,revision_benchmark\results\source_data\wp2_dimension_sensitivity_long.csv
2000.0,7,0.0142860128260179,0.0281254572750366,0.0281496149938588,0.0281013409844877,-0.0382719274158445,0.5174357039310992,WP2_dimension_sensitivity,celltype_7,GLMPCA,scrna-dr-r,5,1,,,5000.0,2000,3000,10.954966068267822,344.109375,datasets/simulate/celltype_7/counts_matrix.csv,datasets/simulate/celltype_7/cell_metadata.csv,revision_benchmark/results/embeddings/WP2_dimension_sensitivity/celltype_7/GLMPCA/dim_5/seed_1.csv,planned_full_grid,count-aware generalized linear PCA,,25.0,5.0,,,,,,,,GLMPCA,GLMPCA,GLMPCA,revision_dimension_sensitivity,revision_benchmark\results\source_data\wp2_dimension_sensitivity_long.csv
2000.0,7,0.0271111420286157,0.0447678407806339,0.0448230092388624,0.0447128079588746,-0.0397982587025045,0.5214430544896393,WP2_dimension_sensitivity,celltype_7,GLMPCA,scrna-dr-r,5,2,,,5000.0,2000,3000,10.887649774551392,344.109375,datasets/simulate/celltype_7/counts_matrix.csv,datasets/simulate/celltype_7/cell_metadata.csv,revision_benchmark/results/embeddings/WP2_dimension_sensitivity/celltype_7/GLMPCA/dim_5/seed_2.csv,planned_full_grid,count-aware generalized linear PCA,,25.0,5.0,,,,,,,,GLMPCA,GLMPCA,GLMPCA,revision_dimension_sensitivity,revision_benchmark\results\source_data\wp2_dimension_sensitivity_long.csv
2000.0,7,0.025026787118407,0.040543885515033,0.040579367536198,0.0405084654896079,-0.0253610039706826,0.5455423637759018,WP2_dimension_sensitivity,celltype_7,GLMPCA,scrna-dr-r,10,0,,,5000.0,2000,3000,11.285078763961792,344.109375,datasets/simulate/celltype_7/counts_matrix.csv,datasets/simulate/celltype_7/cell_metadata.csv,revision_benchmark/results/embeddings/WP2_dimension_sensitivity/celltype_7/GLMPCA/dim_10/seed_0.csv,planned_full_grid,count-aware generalized linear PCA,,25.0,5.0,,,,,,,,GLMPCA,GLMPCA,GLMPCA,revision_dimension_sensitivity,revision_benchmark\results\source_data\wp2_dimension_sensitivity_long.csv
2000.0,7,0.0153746426150156,0.0280567136842144,0.0281139866193235,0.0279996736239677,-0.0231888281989487,0.5454425513771638,WP2_dimension_sensitivity,celltype_7,GLMPCA,scrna-dr-r,10,1,,,5000.0,2000,3000,11.18972635269165,344.109375,datasets/simulate/celltype_7/counts_matrix.csv,datasets/simulate/celltype_7/cell_metadata.csv,revision_benchmark/results/embeddings/WP2_dimension_sensitivity/celltype_7/GLMPCA/dim_10/seed_1.csv,planned_full_grid,count-aware generalized linear PCA,,25.0,5.0,,,,,,,,GLMPCA,GLMPCA,GLMPCA,revision_dimension_sensitivity,revision_benchmark\results\source_data\wp2_dimension_sensitivity_long.csv
2000.0,7,0.0244834586314438,0.0411293420055125,0.0412171528722394,0.0410419044957682,-0.0217620405179996,0.5386314232113925,WP2_dimension_sensitivity,celltype_7,GLMPCA,scrna-dr-r,10,2,,,5000.0,2000,3000,11.12863302230835,344.109375,datasets/simulate/celltype_7/counts_matrix.csv,datasets/simulate/celltype_7/cell_metadata.csv,revision_benchmark/results/embeddings/WP2_dimension_sensitivity/celltype_7/GLMPCA/dim_10/seed_2.csv,planned_full_grid,count-aware generalized linear PCA,,25.0,5.0,,,,,,,,GLMPCA,GLMPCA,GLMPCA,revision_dimension_sensitivity,revision_benchmark\results\source_data\wp2_dimension_sensitivity_long.csv
2000.0,7,0.0161639395329148,0.0296975222877327,0.0297374800094285,0.0296576718029011,-0.0152074323843045,0.5739226656433871,WP2_dimension_sensitivity,celltype_7,GLMPCA,scrna-dr-r,20,0,,,5000.0,2000,3000,11.055557250976562,344.25,datasets/simulate/celltype_7/counts_matrix.csv,datasets/simulate/celltype_7/cell_metadata.csv,revision_benchmark/results/embeddings/WP2_dimension_sensitivity/celltype_7/GLMPCA/dim_20/seed_0.csv,planned_full_grid,count-aware generalized linear PCA,,25.0,5.0,,,,,,,,GLMPCA,GLMPCA,GLMPCA,revision_dimension_sensitivity,revision_benchmark\results\source_data\wp2_dimension_sensitivity_long.csv
2000.0,7,0.031878897545833,0.0500062135876716,0.0500991401043742,0.0499136311626986,-0.0107241740972705,0.571373028054916,WP2_dimension_sensitivity,celltype_7,GLMPCA,scrna-dr-r,20,1,,,5000.0,2000,3000,11.060724973678589,344.4375,datasets/simulate/celltype_7/counts_matrix.csv,datasets/simulate/celltype_7/cell_metadata.csv,revision_benchmark/results/embeddings/WP2_dimension_sensitivity/celltype_7/GLMPCA/dim_20/seed_1.csv,planned_full_grid,count-aware generalized linear PCA,,25.0,5.0,,,,,,,,GLMPCA,GLMPCA,GLMPCA,revision_dimension_sensitivity,revision_benchmark\results\source_data\wp2_dimension_sensitivity_long.csv
2000.0,7,0.0502547966484343,0.0701971255368385,0.0703248015009518,0.0700699123286821,-0.0101625104253217,0.5846995139421847,WP2_dimension_sensitivity,celltype_7,GLMPCA,scrna-dr-r,20,2,,,5000.0,2000,3000,11.061683893203735,344.4375,datasets/simulate/celltype_7/counts_matrix.csv,datasets/simulate/celltype_7/cell_metadata.csv,revision_benchmark/results/embeddings/WP2_dimension_sensitivity/celltype_7/GLMPCA/dim_20/seed_2.csv,planned_full_grid,count-aware generalized linear PCA,,25.0,5.0,,,,,,,,GLMPCA,GLMPCA,GLMPCA,revision_dimension_sensitivity,revision_benchmark\results\source_data\wp2_dimension_sensitivity_long.csv
2000.0,7,0.1651559781428284,0.1917670620772006,0.1921756453753904,0.191360212465229,0.0036393265843523,0.6383945680907308,WP2_dimension_sensitivity,celltype_7,GLMPCA,scrna-dr-r,50,0,,,5000.0,2000,3000,11.406593799591064,344.4375,datasets/simulate/celltype_7/counts_matrix.csv,datasets/simulate/celltype_7/cell_metadata.csv,revision_benchmark/results/embeddings/WP2_dimension_sensitivity/celltype_7/GLMPCA/dim_50/seed_0.csv,planned_full_grid,count-aware generalized linear PCA,,25.0,5.0,,,,,,,,GLMPCA,GLMPCA,GLMPCA,revision_dimension_sensitivity,revision_benchmark\results\source_data\wp2_dimension_sensitivity_long.csv
2000.0,7,0.0734071819975015,0.0974318532438593,0.097574264686904,0.0972898568992382,-0.0005476110459043,0.6216146073164492,WP2_dimension_sensitivity,celltype_7,GLMPCA,scrna-dr-r,50,1,,,5000.0,2000,3000,11.259159088134766,344.4375,datasets/simulate/celltype_7/counts_matrix.csv,datasets/simulate/celltype_7/cell_metadata.csv,revision_benchmark/results/embeddings/WP2_dimension_sensitivity/celltype_7/GLMPCA/dim_50/seed_1.csv,planned_full_grid,count-aware generalized linear PCA,,25.0,5.0,,,,,,,,GLMPCA,GLMPCA,GLMPCA,revision_dimension_sensitivity,revision_benchmark\results\source_data\wp2_dimension_sensitivity_long.csv
2000.0,7,0.1234328554773404,0.1459078866971618,0.1461495128915884,0.1456670581359553,0.0020191767427263,0.6364662658821523,WP2_dimension_sensitivity,celltype_7,GLMPCA,scrna-dr-r,50,2,,,5000.0,2000,3000,11.22947072982788,344.4375,datasets/simulate/celltype_7/counts_matrix.csv,datasets/simulate/celltype_7/cell_metadata.csv,revision_benchmark/results/embeddings/WP2_dimension_sensitivity/celltype_7/GLMPCA/dim_50/seed_2.csv,planned_full_grid,count-aware generalized linear PCA,,25.0,5.0,,,,,,,,GLMPCA,GLMPCA,GLMPCA,revision_dimension_sensitivity,revision_benchmark\results\source_data\wp2_dimension_sensitivity_long.csv
2000.0,11,0.0085880157754564,0.0321467684188394,0.0319787745489034,0.0323165366520404,-0.1192569283957131,0.5108677496375884,WP2_dimension_sensitivity,celltype_11,GLMPCA,scrna-dr-r,2,0,,,5000.0,2000,3000,11.140103578567505,347.43359375,datasets/simulate/celltype_11/counts_matrix.csv,datasets/simulate/celltype_11/cell_metadata.csv,revision_benchmark/results/embeddings/WP2_dimension_sensitivity/celltype_11/GLMPCA/dim_2/seed_0.csv,planned_full_grid,count-aware generalized linear PCA,,25.0,5.0,,,,,,,,GLMPCA,GLMPCA,GLMPCA,revision_dimension_sensitivity,revision_benchmark\results\source_data\wp2_dimension_sensitivity_long.csv
2000.0,11,0.0023433669955657,0.017443863622811,0.0173381381498049,0.0175508864040759,-0.0784342252150555,0.5078175151360109,WP2_dimension_sensitivity,celltype_11,GLMPCA,scrna-dr-r,2,1,,,5000.0,2000,3000,11.246748924255373,347.69140625,datasets/simulate/celltype_11/counts_matrix.csv,datasets/simulate/celltype_11/cell_metadata.csv,revision_benchmark/results/embeddings/WP2_dimension_sensitivity/celltype_11/GLMPCA/dim_2/seed_1.csv,planned_full_grid,count-aware generalized linear PCA,,25.0,5.0,,,,,,,,GLMPCA,GLMPCA,GLMPCA,revision_dimension_sensitivity,revision_benchmark\results\source_data\wp2_dimension_sensitivity_long.csv
2000.0,11,0.0056440887736784,0.0227480313433639,0.0224669882844376,0.0230361946940035,-0.0791897757303796,0.5095634262812313,WP2_dimension_sensitivity,celltype_11,GLMPCA,scrna-dr-r,2,2,,,5000.0,2000,3000,11.04706621170044,348.01171875,datasets/simulate/celltype_11/counts_matrix.csv,datasets/simulate/celltype_11/cell_metadata.csv,revision_benchmark/results/embeddings/WP2_dimension_sensitivity/celltype_11/GLMPCA/dim_2/seed_2.csv,planned_full_grid,count-aware generalized linear PCA,,25.0,5.0,,,,,,,,GLMPCA,GLMPCA,GLMPCA,revision_dimension_sensitivity,revision_benchmark\results\source_data\wp2_dimension_sensitivity_long.csv
2000.0,11,0.0069831955462047,0.0239319926939128,0.0240488954634965,0.0238162209655969,-0.0526822748274187,0.5200121599727126,WP2_dimension_sensitivity,celltype_11,GLMPCA,scrna-dr-r,5,0,,,5000.0,2000,3000,10.897427082061768,348.0625,datasets/simulate/celltype_11/counts_matrix.csv,datasets/simulate/celltype_11/cell_metadata.csv,revision_benchmark/results/embeddings/WP2_dimension_sensitivity/celltype_11/GLMPCA/dim_5/seed_0.csv,planned_full_grid,count-aware generalized linear PCA,,25.0,5.0,,,,,,,,GLMPCA,GLMPCA,GLMPCA,revision_dimension_sensitivity,revision_benchmark\results\source_data\wp2_dimension_sensitivity_long.csv
2000.0,11,0.0076401440551564,0.0252044240108524,0.0253280197002624,0.0250820287084674,-0.0475958482597115,0.5221153236121769,WP2_dimension_sensitivity,celltype_11,GLMPCA,scrna-dr-r,5,1,,,5000.0,2000,3000,10.874905109405518,348.0625,datasets/simulate/celltype_11/counts_matrix.csv,datasets/simulate/celltype_11/cell_metadata.csv,revision_benchmark/results/embeddings/WP2_dimension_sensitivity/celltype_11/GLMPCA/dim_5/seed_1.csv,planned_full_grid,count-aware generalized linear PCA,,25.0,5.0,,,,,,,,GLMPCA,GLMPCA,GLMPCA,revision_dimension_sensitivity,revision_benchmark\results\source_data\wp2_dimension_sensitivity_long.csv
2000.0,11,0.008132925050649,0.0267654527184312,0.0268899195821493,0.0266421327991528,-0.0508006347695226,0.5200030357295131,WP2_dimension_sensitivity,celltype_11,GLMPCA,scrna-dr-r,5,2,,,5000.0,2000,3000,10.950393199920654,348.0625,datasets/simulate/celltype_11/counts_matrix.csv,datasets/simulate/celltype_11/cell_metadata.csv,revision_benchmark/results/embeddings/WP2_dimension_sensitivity/celltype_11/GLMPCA/dim_5/seed_2.csv,planned_full_grid,count-aware generalized linear PCA,,25.0,5.0,,,,,,,,GLMPCA,GLMPCA,GLMPCA,revision_dimension_sensitivity,revision_benchmark\results\source_data\wp2_dimension_sensitivity_long.csv
2000.0,11,0.0126160472145249,0.0362748412582386,0.0364843741361947,0.0360677013675938,-0.0433190334957352,0.5390608169182229,WP2_dimension_sensitivity,celltype_11,GLMPCA,scrna-dr-r,10,0,,,5000.0,2000,3000,11.24599313735962,348.18359375,datasets/simulate/celltype_11/counts_matrix.csv,datasets/simulate/celltype_11/cell_metadata.csv,revision_benchmark/results/embeddings/WP2_dimension_sensitivity/celltype_11/GLMPCA/dim_10/seed_0.csv,planned_full_grid,count-aware generalized linear PCA,,25.0,5.0,,,,,,,,GLMPCA,GLMPCA,GLMPCA,revision_dimension_sensitivity,revision_benchmark\results\source_data\wp2_dimension_sensitivity_long.csv
2000.0,11,0.0114234197359416,0.0298934073056392,0.0300623602743494,0.0297263427832168,-0.0318258164731341,0.5488257866462011,WP2_dimension_sensitivity,celltype_11,GLMPCA,scrna-dr-r,10,1,,,5000.0,2000,3000,11.300806045532228,348.18359375,datasets/simulate/celltype_11/counts_matrix.csv,datasets/simulate/celltype_11/cell_metadata.csv,revision_benchmark/results/embeddings/WP2_dimension_sensitivity/celltype_11/GLMPCA/dim_10/seed_1.csv,planned_full_grid,count-aware generalized linear PCA,,25.0,5.0,,,,,,,,GLMPCA,GLMPCA,GLMPCA,revision_dimension_sensitivity,revision_benchmark\results\source_data\wp2_dimension_sensitivity_long.csv
2000.0,11,0.0117903775035726,0.0346825200907872,0.0348629347357096,0.0345039631132784,-0.0323419003241075,0.5450893493647139,WP2_dimension_sensitivity,celltype_11,GLMPCA,scrna-dr-r,10,2,,,5000.0,2000,3000,11.242505073547363,348.18359375,datasets/simulate/celltype_11/counts_matrix.csv,datasets/simulate/celltype_11/cell_metadata.csv,revision_benchmark/results/embeddings/WP2_dimension_sensitivity/celltype_11/GLMPCA/dim_10/seed_2.csv,planned_full_grid,count-aware generalized linear PCA,,25.0,5.0,,,,,,,,GLMPCA,GLMPCA,GLMPCA,revision_dimension_sensitivity,revision_benchmark\results\source_data\wp2_dimension_sensitivity_long.csv
2000.0,11,0.0217954375675781,0.051955775312191,0.0522369768045609,0.0516775851306425,-0.0210820740312205,0.5805807197066598,WP2_dimension_sensitivity,celltype_11,GLMPCA,scrna-dr-r,20,0,,,5000.0,2000,3000,11.075277090072632,348.18359375,datasets/simulate/celltype_11/counts_matrix.csv,datasets/simulate/celltype_11/cell_metadata.csv,revision_benchmark/results/embeddings/WP2_dimension_sensitivity/celltype_11/GLMPCA/dim_20/seed_0.csv,planned_full_grid,count-aware generalized linear PCA,,25.0,5.0,,,,,,,,GLMPCA,GLMPCA,GLMPCA,revision_dimension_sensitivity,revision_benchmark\results\source_data\wp2_dimension_sensitivity_long.csv
2000.0,11,0.0143974017200903,0.0399606531878755,0.0401729569259219,0.0397505815947477,-0.0194157197932057,0.5792027799096102,WP2_dimension_sensitivity,celltype_11,GLMPCA,scrna-dr-r,20,1,,,5000.0,2000,3000,10.98054313659668,348.3046875,datasets/simulate/celltype_11/counts_matrix.csv,datasets/simulate/celltype_11/cell_metadata.csv,revision_benchmark/results/embeddings/WP2_dimension_sensitivity/celltype_11/GLMPCA/dim_20/seed_1.csv,planned_full_grid,count-aware generalized linear PCA,,25.0,5.0,,,,,,,,GLMPCA,GLMPCA,GLMPCA,revision_dimension_sensitivity,revision_benchmark\results\source_data\wp2_dimension_sensitivity_long.csv
2000.0,11,0.0161116600623576,0.0428659340549837,0.0430972313951113,0.0426371061483269,-0.0188265178258034,0.5692997782894176,WP2_dimension_sensitivity,celltype_11,GLMPCA,scrna-dr-r,20,2,,,5000.0,2000,3000,10.996514558792114,348.3046875,datasets/simulate/celltype_11/counts_matrix.csv,datasets/simulate/celltype_11/cell_metadata.csv,revision_benchmark/results/embeddings/WP2_dimension_sensitivity/celltype_11/GLMPCA/dim_20/seed_2.csv,planned_full_grid,count-aware generalized linear PCA,,25.0,5.0,,,,,,,,GLMPCA,GLMPCA,GLMPCA,revision_dimension_sensitivity,revision_benchmark\results\source_data\wp2_dimension_sensitivity_long.csv
2000.0,11,0.0269437984277567,0.0640686083665327,0.0643559111668621,0.0637838593655586,-0.0068554238220348,0.6413699582160826,WP2_dimension_sensitivity,celltype_11,GLMPCA,scrna-dr-r,50,0,,,5000.0,2000,3000,11.234135150909424,348.3046875,datasets/simulate/celltype_11/counts_matrix.csv,datasets/simulate/celltype_11/cell_metadata.csv,revision_benchmark/results/embeddings/WP2_dimension_sensitivity/celltype_11/GLMPCA/dim_50/seed_0.csv,planned_full_grid,count-aware generalized linear PCA,,25.0,5.0,,,,,,,,GLMPCA,GLMPCA,GLMPCA,revision_dimension_sensitivity,revision_benchmark\results\source_data\wp2_dimension_sensitivity_long.csv
2000.0,11,0.0205779283709281,0.0514208061976652,0.0517037479796867,0.051140944282909,-0.0072363077965368,0.6240778630510787,WP2_dimension_sensitivity,celltype_11,GLMPCA,scrna-dr-r,50,1,,,5000.0,2000,3000,11.232536315917969,351.0390625,datasets/simulate/celltype_11/counts_matrix.csv,datasets/simulate/celltype_11/cell_metadata.csv,revision_benchmark/results/embeddings/WP2_dimension_sensitivity/celltype_11/GLMPCA/dim_50/seed_1.csv,planned_full_grid,count-aware generalized linear PCA,,25.0,5.0,,,,,,,,GLMPCA,GLMPCA,GLMPCA,revision_dimension_sensitivity,revision_benchmark\results\source_data\wp2_dimension_sensitivity_long.csv
2000.0,11,0.0217919407061382,0.048620601720711,0.0488782607458083,0.0483656449213388,-0.0078228182042562,0.6400034876780081,WP2_dimension_sensitivity,celltype_11,GLMPCA,scrna-dr-r,50,2,,,5000.0,2000,3000,11.450751543045044,351.0390625,datasets/simulate/celltype_11/counts_matrix.csv,datasets/simulate/celltype_11/cell_metadata.csv,revision_benchmark/results/embeddings/WP2_dimension_sensitivity/celltype_11/GLMPCA/dim_50/seed_2.csv,planned_full_grid,count-aware generalized linear PCA,,25.0,5.0,,,,,,,,GLMPCA,GLMPCA,GLMPCA,revision_dimension_sensitivity,revision_benchmark\results\source_data\wp2_dimension_sensitivity_long.csv
2000.0,15,0.001594401889735,0.0242638625543944,0.0240913319919032,0.0244388821040601,-0.0904866852568607,0.510040001705466,WP2_dimension_sensitivity,celltype_15,GLMPCA,scrna-dr-r,2,0,,,5000.0,2000,3000,11.047486305236816,351.0390625,datasets/simulate/celltype_15/counts_matrix.csv,datasets/simulate/celltype_15/cell_metadata.csv,revision_benchmark/results/embeddings/WP2_dimension_sensitivity/celltype_15/GLMPCA/dim_2/seed_0.csv,planned_full_grid,count-aware generalized linear PCA,,25.0,5.0,,,,,,,,GLMPCA,GLMPCA,GLMPCA,revision_dimension_sensitivity,revision_benchmark\results\source_data\wp2_dimension_sensitivity_long.csv
2000.0,15,0.002807445671534,0.0249972382642787,0.0248772459491239,0.0251183937258721,-0.0935069815855082,0.5078449731389102,WP2_dimension_sensitivity,celltype_15,GLMPCA,scrna-dr-r,2,1,,,5000.0,2000,3000,11.131003856658936,351.0390625,datasets/simulate/celltype_15/counts_matrix.csv,datasets/simulate/celltype_15/cell_metadata.csv,revision_benchmark/results/embeddings/WP2_dimension_sensitivity/celltype_15/GLMPCA/dim_2/seed_1.csv,planned_full_grid,count-aware generalized linear PCA,,25.0,5.0,,,,,,,,GLMPCA,GLMPCA,GLMPCA,revision_dimension_sensitivity,revision_benchmark\results\source_data\wp2_dimension_sensitivity_long.csv
2000.0,15,-0.0002426851698406,0.0195438182968384,0.0195250407496641,0.0195626319961218,-0.074840761537537,0.5082377504903215,WP2_dimension_sensitivity,celltype_15,GLMPCA,scrna-dr-r,2,2,,,5000.0,2000,3000,10.99966049194336,351.0390625,datasets/simulate/celltype_15/counts_matrix.csv,datasets/simulate/celltype_15/cell_metadata.csv,revision_benchmark/results/embeddings/WP2_dimension_sensitivity/celltype_15/GLMPCA/dim_2/seed_2.csv,planned_full_grid,count-aware generalized linear PCA,,25.0,5.0,,,,,,,,GLMPCA,GLMPCA,GLMPCA,revision_dimension_sensitivity,revision_benchmark\results\source_data\wp2_dimension_sensitivity_long.csv
2000.0,15,0.0053210770375307,0.030426167487918,0.0307882157200009,0.0300725351666958,-0.057264354799359,0.521827423893579,WP2_dimension_sensitivity,celltype_15,GLMPCA,scrna-dr-r,5,0,,,5000.0,2000,3000,10.935320615768433,351.0390625,datasets/simulate/celltype_15/counts_matrix.csv,datasets/simulate/celltype_15/cell_metadata.csv,revision_benchmark/results/embeddings/WP2_dimension_sensitivity/celltype_15/GLMPCA/dim_5/seed_0.csv,planned_full_grid,count-aware generalized linear PCA,,25.0,5.0,,,,,,,,GLMPCA,GLMPCA,GLMPCA,revision_dimension_sensitivity,revision_benchmark\results\source_data\wp2_dimension_sensitivity_long.csv
2000.0,15,0.0074122385846933,0.0344597654001503,0.0348433364868444,0.034084547404243,-0.0604566178529102,0.5221538927261874,WP2_dimension_sensitivity,celltype_15,GLMPCA,scrna-dr-r,5,1,,,5000.0,2000,3000,10.955060243606567,351.0390625,datasets/simulate/celltype_15/counts_matrix.csv,datasets/simulate/celltype_15/cell_metadata.csv,revision_benchmark/results/embeddings/WP2_dimension_sensitivity/celltype_15/GLMPCA/dim_5/seed_1.csv,planned_full_grid,count-aware generalized linear PCA,,25.0,5.0,,,,,,,,GLMPCA,GLMPCA,GLMPCA,revision_dimension_sensitivity,revision_benchmark\results\source_data\wp2_dimension_sensitivity_long.csv
2000.0,15,0.0072020969605605,0.0356484605023962,0.0360833325939682,0.0352239456415619,-0.0602237500669583,0.5204498422443933,WP2_dimension_sensitivity,celltype_15,GLMPCA,scrna-dr-r,5,2,,,5000.0,2000,3000,10.959193706512451,351.1640625,datasets/simulate/celltype_15/counts_matrix.csv,datasets/simulate/celltype_15/cell_metadata.csv,revision_benchmark/results/embeddings/WP2_dimension_sensitivity/celltype_15/GLMPCA/dim_5/seed_2.csv,planned_full_grid,count-aware generalized linear PCA,,25.0,5.0,,,,,,,,GLMPCA,GLMPCA,GLMPCA,revision_dimension_sensitivity,revision_benchmark\results\source_data\wp2_dimension_sensitivity_long.csv
2000.0,15,0.0120961077523661,0.04525283384867,0.0458047256316114,0.0447140829960666,-0.0394815033494134,0.5449673659077343,WP2_dimension_sensitivity,celltype_15,GLMPCA,scrna-dr-r,10,0,,,5000.0,2000,3000,11.279583930969238,351.23046875,datasets/simulate/celltype_15/counts_matrix.csv,datasets/simulate/celltype_15/cell_metadata.csv,revision_benchmark/results/embeddings/WP2_dimension_sensitivity/celltype_15/GLMPCA/dim_10/seed_0.csv,planned_full_grid,count-aware generalized linear PCA,,25.0,5.0,,,,,,,,GLMPCA,GLMPCA,GLMPCA,revision_dimension_sensitivity,revision_benchmark\results\source_data\wp2_dimension_sensitivity_long.csv
2000.0,15,0.0083585985765578,0.0355714761202432,0.0360268759980201,0.0351274455468039,-0.0382177662008266,0.5453275091668799,WP2_dimension_sensitivity,celltype_15,GLMPCA,scrna-dr-r,10,1,,,5000.0,2000,3000,11.266846418380736,351.23046875,datasets/simulate/celltype_15/counts_matrix.csv,datasets/simulate/celltype_15/cell_metadata.csv,revision_benchmark/results/embeddings/WP2_dimension_sensitivity/celltype_15/GLMPCA/dim_10/seed_1.csv,planned_full_grid,count-aware generalized linear PCA,,25.0,5.0,,,,,,,,GLMPCA,GLMPCA,GLMPCA,revision_dimension_sensitivity,revision_benchmark\results\source_data\wp2_dimension_sensitivity_long.csv
2000.0,15,0.0057633252397819,0.0306864760927342,0.0310885320708235,0.0302946866113687,-0.0361057511038564,0.5405315170120235,WP2_dimension_sensitivity,celltype_15,GLMPCA,scrna-dr-r,10,2,,,5000.0,2000,3000,11.202863931655884,351.23046875,datasets/simulate/celltype_15/counts_matrix.csv,datasets/simulate/celltype_15/cell_metadata.csv,revision_benchmark/results/embeddings/WP2_dimension_sensitivity/celltype_15/GLMPCA/dim_10/seed_2.csv,planned_full_grid,count-aware generalized linear PCA,,25.0,5.0,,,,,,,,GLMPCA,GLMPCA,GLMPCA,revision_dimension_sensitivity,revision_benchmark\results\source_data\wp2_dimension_sensitivity_long.csv
2000.0,15,0.0101156151738934,0.0420823627327336,0.0426207344264272,0.041557422460894,-0.0253550705677366,0.5691422614479407,WP2_dimension_sensitivity,celltype_15,GLMPCA,scrna-dr-r,20,0,,,5000.0,2000,3000,11.028146028518677,351.23046875,datasets/simulate/celltype_15/counts_matrix.csv,datasets/simulate/celltype_15/cell_metadata.csv,revision_benchmark/results/embeddings/WP2_dimension_sensitivity/celltype_15/GLMPCA/dim_20/seed_0.csv,planned_full_grid,count-aware generalized linear PCA,,25.0,5.0,,,,,,,,GLMPCA,GLMPCA,GLMPCA,revision_dimension_sensitivity,revision_benchmark\results\source_data\wp2_dimension_sensitivity_long.csv
2000.0,15,0.0134436607708495,0.0467707821369523,0.0473574647194113,0.0461984577805514,-0.0236326697472331,0.5674433614735226,WP2_dimension_sensitivity,celltype_15,GLMPCA,scrna-dr-r,20,1,,,5000.0,2000,3000,11.033038139343262,351.23046875,datasets/simulate/celltype_15/counts_matrix.csv,datasets/simulate/celltype_15/cell_metadata.csv,revision_benchmark/results/embeddings/WP2_dimension_sensitivity/celltype_15/GLMPCA/dim_20/seed_1.csv,planned_full_grid,count-aware generalized linear PCA,,25.0,5.0,,,,,,,,GLMPCA,GLMPCA,GLMPCA,revision_dimension_sensitivity,revision_benchmark\results\source_data\wp2_dimension_sensitivity_long.csv
2000.0,15,0.0100503389494438,0.0408358879833562,0.041318122416612,0.0403647802516955,-0.0244370299707126,0.5706920695830136,WP2_dimension_sensitivity,celltype_15,GLMPCA,scrna-dr-r,20,2,,,5000.0,2000,3000,11.062763452529907,351.23046875,datasets/simulate/celltype_15/counts_matrix.csv,datasets/simulate/celltype_15/cell_metadata.csv,revision_benchmark/results/embeddings/WP2_dimension_sensitivity/celltype_15/GLMPCA/dim_20/seed_2.csv,planned_full_grid,count-aware generalized linear PCA,,25.0,5.0,,,,,,,,GLMPCA,GLMPCA,GLMPCA,revision_dimension_sensitivity,revision_benchmark\results\source_data\wp2_dimension_sensitivity_long.csv
2000.0,15,0.0180532728252427,0.055882194493122,0.0565747718715029,0.0552063688391121,-0.011644702592058,0.6397568346550695,WP2_dimension_sensitivity,celltype_15,GLMPCA,scrna-dr-r,50,0,,,5000.0,2000,3000,11.19550371170044,351.23046875,datasets/simulate/celltype_15/counts_matrix.csv,datasets/simulate/celltype_15/cell_metadata.csv,revision_benchmark/results/embeddings/WP2_dimension_sensitivity/celltype_15/GLMPCA/dim_50/seed_0.csv,planned_full_grid,count-aware generalized linear PCA,,25.0,5.0,,,,,,,,GLMPCA,GLMPCA,GLMPCA,revision_dimension_sensitivity,revision_benchmark\results\source_data\wp2_dimension_sensitivity_long.csv
2000.0,15,0.0182597942283195,0.0600001249770131,0.0607498757845939,0.0592686548096448,-0.0117245646807775,0.6239088172593161,WP2_dimension_sensitivity,celltype_15,GLMPCA,scrna-dr-r,50,1,,,5000.0,2000,3000,11.169989824295044,351.23046875,datasets/simulate/celltype_15/counts_matrix.csv,datasets/simulate/celltype_15/cell_metadata.csv,revision_benchmark/results/embeddings/WP2_dimension_sensitivity/celltype_15/GLMPCA/dim_50/seed_1.csv,planned_full_grid,count-aware generalized linear PCA,,25.0,5.0,,,,,,,,GLMPCA,GLMPCA,GLMPCA,revision_dimension_sensitivity,revision_benchmark\results\source_data\wp2_dimension_sensitivity_long.csv
2000.0,15,0.0186172869154067,0.0593867203372427,0.0601304820103634,0.0586611332283688,-0.0109642384439791,0.6476872175321906,WP2_dimension_sensitivity,celltype_15,GLMPCA,scrna-dr-r,50,2,,,5000.0,2000,3000,11.222951650619509,351.23046875,datasets/simulate/celltype_15/counts_matrix.csv,datasets/simulate/celltype_15/cell_metadata.csv,revision_benchmark/results/embeddings/WP2_dimension_sensitivity/celltype_15/GLMPCA/dim_50/seed_2.csv,planned_full_grid,count-aware generalized linear PCA,,25.0,5.0,,,,,,,,GLMPCA,GLMPCA,GLMPCA,revision_dimension_sensitivity,revision_benchmark\results\source_data\wp2_dimension_sensitivity_long.csv
2000.0,5,0.0135103862274886,0.0204750703216162,0.0207635565095775,0.0201944906614765,-0.0484616147509858,0.5107654643131235,WP2_dimension_sensitivity,dropout_0,GLMPCA,scrna-dr-r,2,0,,,5000.0,2000,3000,10.516363382339478,351.23046875,datasets/simulate/dropout_0/counts_matrix.csv,datasets/simulate/dropout_0/cell_metadata.csv,revision_benchmark/results/embeddings/WP2_dimension_sensitivity/dropout_0/GLMPCA/dim_2/seed_0.csv,planned_full_grid,count-aware generalized linear PCA,,25.0,5.0,,,,,,,,GLMPCA,GLMPCA,GLMPCA,revision_dimension_sensitivity,revision_benchmark\results\source_data\wp2_dimension_sensitivity_long.csv
2000.0,5,0.0141869328657582,0.0260565905272425,0.026415735808162,0.0257070800478655,-0.0574169825718367,0.5130154429947983,WP2_dimension_sensitivity,dropout_0,GLMPCA,scrna-dr-r,2,1,,,5000.0,2000,3000,10.876495122909546,351.23046875,datasets/simulate/dropout_0/counts_matrix.csv,datasets/simulate/dropout_0/cell_metadata.csv,revision_benchmark/results/embeddings/WP2_dimension_sensitivity/dropout_0/GLMPCA/dim_2/seed_1.csv,planned_full_grid,count-aware generalized linear PCA,,25.0,5.0,,,,,,,,GLMPCA,GLMPCA,GLMPCA,revision_dimension_sensitivity,revision_benchmark\results\source_data\wp2_dimension_sensitivity_long.csv
2000.0,5,0.0113431203830582,0.019089959521451,0.0194312366803575,0.0187604633733091,-0.0576149937216906,0.5107888291975782,WP2_dimension_sensitivity,dropout_0,GLMPCA,scrna-dr-r,2,2,,,5000.0,2000,3000,10.629110097885132,351.23046875,datasets/simulate/dropout_0/counts_matrix.csv,datasets/simulate/dropout_0/cell_metadata.csv,revision_benchmark/results/embeddings/WP2_dimension_sensitivity/dropout_0/GLMPCA/dim_2/seed_2.csv,planned_full_grid,count-aware generalized linear PCA,,25.0,5.0,,,,,,,,GLMPCA,GLMPCA,GLMPCA,revision_dimension_sensitivity,revision_benchmark\results\source_data\wp2_dimension_sensitivity_long.csv
2000.0,5,0.042544313632831,0.0504175830664079,0.051566458329773,0.0493187848595956,-0.0255295776793713,0.5298202268269805,WP2_dimension_sensitivity,dropout_0,GLMPCA,scrna-dr-r,5,0,,,5000.0,2000,3000,10.569464683532717,351.23046875,datasets/simulate/dropout_0/counts_matrix.csv,datasets/simulate/dropout_0/cell_metadata.csv,revision_benchmark/results/embeddings/WP2_dimension_sensitivity/dropout_0/GLMPCA/dim_5/seed_0.csv,planned_full_grid,count-aware generalized linear PCA,,25.0,5.0,,,,,,,,GLMPCA,GLMPCA,GLMPCA,revision_dimension_sensitivity,revision_benchmark\results\source_data\wp2_dimension_sensitivity_long.csv
2000.0,5,0.008018326497392,0.0127103007241275,0.01299969283867,0.0124335126069639,-0.0249105269565258,0.5223902958983542,WP2_dimension_sensitivity,dropout_0,GLMPCA,scrna-dr-r,5,1,,,5000.0,2000,3000,10.627009630203249,351.23046875,datasets/simulate/dropout_0/counts_matrix.csv,datasets/simulate/dropout_0/cell_metadata.csv,revision_benchmark/results/embeddings/WP2_dimension_sensitivity/dropout_0/GLMPCA/dim_5/seed_1.csv,planned_full_grid,count-aware generalized linear PCA,,25.0,5.0,,,,,,,,GLMPCA,GLMPCA,GLMPCA,revision_dimension_sensitivity,revision_benchmark\results\source_data\wp2_dimension_sensitivity_long.csv
2000.0,5,0.0205255162173533,0.028467538403939,0.0291272195233025,0.0278370767850844,-0.0287886226981148,0.526471288479577,WP2_dimension_sensitivity,dropout_0,GLMPCA,scrna-dr-r,5,2,,,5000.0,2000,3000,10.628254175186155,351.23046875,datasets/simulate/dropout_0/counts_matrix.csv,datasets/simulate/dropout_0/cell_metadata.csv,revision_benchmark/results/embeddings/WP2_dimension_sensitivity/dropout_0/GLMPCA/dim_5/seed_2.csv,planned_full_grid,count-aware generalized linear PCA,,25.0,5.0,,,,,,,,GLMPCA,GLMPCA,GLMPCA,revision_dimension_sensitivity,revision_benchmark\results\source_data\wp2_dimension_sensitivity_long.csv
2000.0,5,0.0477914889241105,0.0514738379189512,0.0526688035908815,0.0503318927829632,-0.0131373420383872,0.5520402831073591,WP2_dimension_sensitivity,dropout_0,GLMPCA,scrna-dr-r,10,0,,,5000.0,2000,3000,10.752447366714478,351.23046875,datasets/simulate/dropout_0/counts_matrix.csv,datasets/simulate/dropout_0/cell_metadata.csv,revision_benchmark/results/embeddings/WP2_dimension_sensitivity/dropout_0/GLMPCA/dim_10/seed_0.csv,planned_full_grid,count-aware generalized linear PCA,,25.0,5.0,,,,,,,,GLMPCA,GLMPCA,GLMPCA,revision_dimension_sensitivity,revision_benchmark\results\source_data\wp2_dimension_sensitivity_long.csv
2000.0,5,0.0277802924180715,0.032585402150279,0.0333456965496534,0.0318590048791003,-0.013493009093659,0.5415599471305534,WP2_dimension_sensitivity,dropout_0,GLMPCA,scrna-dr-r,10,1,,,5000.0,2000,3000,10.62048602104187,351.23046875,datasets/simulate/dropout_0/counts_matrix.csv,datasets/simulate/dropout_0/cell_metadata.csv,revision_benchmark/results/embeddings/WP2_dimension_sensitivity/dropout_0/GLMPCA/dim_10/seed_1.csv,planned_full_grid,count-aware generalized linear PCA,,25.0,5.0,,,,,,,,GLMPCA,GLMPCA,GLMPCA,revision_dimension_sensitivity,revision_benchmark\results\source_data\wp2_dimension_sensitivity_long.csv
2000.0,5,0.0127281334734976,0.019329615298236,0.0197269472652711,0.0189479731047531,-0.0121003896844322,0.5464078195616953,WP2_dimension_sensitivity,dropout_0,GLMPCA,scrna-dr-r,10,2,,,5000.0,2000,3000,10.647778272628784,351.23046875,datasets/simulate/dropout_0/counts_matrix.csv,datasets/simulate/dropout_0/cell_metadata.csv,revision_benchmark/results/embeddings/WP2_dimension_sensitivity/dropout_0/GLMPCA/dim_10/seed_2.csv,planned_full_grid,count-aware generalized linear PCA,,25.0,5.0,,,,,,,,GLMPCA,GLMPCA,GLMPCA,revision_dimension_sensitivity,revision_benchmark\results\source_data\wp2_dimension_sensitivity_long.csv
2000.0,5,0.0873407639100817,0.0915131391818728,0.0934364249106712,0.0896674339736065,-0.0053367068461504,0.5717789119126802,WP2_dimension_sensitivity,dropout_0,GLMPCA,scrna-dr-r,20,0,,,5000.0,2000,3000,10.681602239608765,351.23046875,datasets/simulate/dropout_0/counts_matrix.csv,datasets/simulate/dropout_0/cell_metadata.csv,revision_benchmark/results/embeddings/WP2_dimension_sensitivity/dropout_0/GLMPCA/dim_20/seed_0.csv,planned_full_grid,count-aware generalized linear PCA,,25.0,5.0,,,,,,,,GLMPCA,GLMPCA,GLMPCA,revision_dimension_sensitivity,revision_benchmark\results\source_data\wp2_dimension_sensitivity_long.csv
2000.0,5,0.1252614525463751,0.124925883491376,0.1278200657578967,0.1221598630911925,0.0027140066241904,0.5781375799437196,WP2_dimension_sensitivity,dropout_0,GLMPCA,scrna-dr-r,20,1,,,5000.0,2000,3000,10.683870315551758,351.23046875,datasets/simulate/dropout_0/counts_matrix.csv,datasets/simulate/dropout_0/cell_metadata.csv,revision_benchmark/results/embeddings/WP2_dimension_sensitivity/dropout_0/GLMPCA/dim_20/seed_1.csv,planned_full_grid,count-aware generalized linear PCA,,25.0,5.0,,,,,,,,GLMPCA,GLMPCA,GLMPCA,revision_dimension_sensitivity,revision_benchmark\results\source_data\wp2_dimension_sensitivity_long.csv
2000.0,5,0.1096875937685341,0.1169789132292895,0.1196679509922188,0.1144080693540003,0.001210666913954,0.5721040504817941,WP2_dimension_sensitivity,dropout_0,GLMPCA,scrna-dr-r,20,2,,,5000.0,2000,3000,10.923794984817505,351.23046875,datasets/simulate/dropout_0/counts_matrix.csv,datasets/simulate/dropout_0/cell_metadata.csv,revision_benchmark/results/embeddings/WP2_dimension_sensitivity/dropout_0/GLMPCA/dim_20/seed_2.csv,planned_full_grid,count-aware generalized linear PCA,,25.0,5.0,,,,,,,,GLMPCA,GLMPCA,GLMPCA,revision_dimension_sensitivity,revision_benchmark\results\source_data\wp2_dimension_sensitivity_long.csv
2000.0,5,0.2407979430593131,0.2271890280074987,0.2322083953267311,0.2223820645654886,0.0072243332960834,0.6327041101731048,WP2_dimension_sensitivity,dropout_0,GLMPCA,scrna-dr-r,50,0,,,5000.0,2000,3000,11.011074542999268,351.23046875,datasets/simulate/dropout_0/counts_matrix.csv,datasets/simulate/dropout_0/cell_metadata.csv,revision_benchmark/results/embeddings/WP2_dimension_sensitivity/dropout_0/GLMPCA/dim_50/seed_0.csv,planned_full_grid,count-aware generalized linear PCA,,25.0,5.0,,,,,,,,GLMPCA,GLMPCA,GLMPCA,revision_dimension_sensitivity,revision_benchmark\results\source_data\wp2_dimension_sensitivity_long.csv
2000.0,5,0.3010984896919156,0.2868662038284,0.2928828227789781,0.2810918048256879,0.0186988956449331,0.6488350643813422,WP2_dimension_sensitivity,dropout_0,GLMPCA,scrna-dr-r,50,1,,,5000.0,2000,3000,10.93213438987732,351.23046875,datasets/simulate/dropout_0/counts_matrix.csv,datasets/simulate/dropout_0/cell_metadata.csv,revision_benchmark/results/embeddings/WP2_dimension_sensitivity/dropout_0/GLMPCA/dim_50/seed_1.csv,planned_full_grid,count-aware generalized linear PCA,,25.0,5.0,,,,,,,,GLMPCA,GLMPCA,GLMPCA,revision_dimension_sensitivity,revision_benchmark\results\source_data\wp2_dimension_sensitivity_long.csv
2000.0,5,0.2645671673619396,0.269254923703493,0.2753880518536605,0.2633890241924344,0.0143140870000045,0.6460499445723544,WP2_dimension_sensitivity,dropout_0,GLMPCA,scrna-dr-r,50,2,,,5000.0,2000,3000,10.97347617149353,351.23046875,datasets/simulate/dropout_0/counts_matrix.csv,datasets/simulate/dropout_0/cell_metadata.csv,revision_benchmark/results/embeddings/WP2_dimension_sensitivity/dropout_0/GLMPCA/dim_50/seed_2.csv,planned_full_grid,count-aware generalized linear PCA,,25.0,5.0,,,,,,,,GLMPCA,GLMPCA,GLMPCA,revision_dimension_sensitivity,revision_benchmark\results\source_data\wp2_dimension_sensitivity_long.csv
2000.0,5,0.0047383605678403,0.0110230782992809,0.0111405473953436,0.0109080606099185,-0.0688867263314571,0.7597910633580626,WP2_dimension_sensitivity,batch_1.0,GLMPCA,scrna-dr-r,2,0,,,5000.0,2000,3000,12.852500438690186,351.23046875,datasets/simulate/batch_1.0/counts_matrix.csv,datasets/simulate/batch_1.0/cell_metadata.csv,revision_benchmark/results/embeddings/WP2_dimension_sensitivity/batch_1.0/GLMPCA/dim_2/seed_0.csv,planned_full_grid,count-aware generalized linear PCA,,25.0,5.0,,,,,,,,GLMPCA,GLMPCA,GLMPCA,revision_dimension_sensitivity,revision_benchmark\results\source_data\wp2_dimension_sensitivity_long.csv
2000.0,5,0.0038220805264903,0.0099911137671402,0.0101038881353615,0.0098808290687349,-0.0687291189555349,0.7596814018930673,WP2_dimension_sensitivity,batch_1.0,GLMPCA,scrna-dr-r,2,1,,,5000.0,2000,3000,12.87116241455078,351.23046875,datasets/simulate/batch_1.0/counts_matrix.csv,datasets/simulate/batch_1.0/cell_metadata.csv,revision_benchmark/results/embeddings/WP2_dimension_sensitivity/batch_1.0/GLMPCA/dim_2/seed_1.csv,planned_full_grid,count-aware generalized linear PCA,,25.0,5.0,,,,,,,,GLMPCA,GLMPCA,GLMPCA,revision_dimension_sensitivity,revision_benchmark\results\source_data\wp2_dimension_sensitivity_long.csv
2000.0,5,0.006520354176138,0.014208219019137,0.014385605719873,0.0140351536887195,-0.0695979088535567,0.7592072908672295,WP2_dimension_sensitivity,batch_1.0,GLMPCA,scrna-dr-r,2,2,,,5000.0,2000,3000,12.34843683242798,351.23046875,datasets/simulate/batch_1.0/counts_matrix.csv,datasets/simulate/batch_1.0/cell_metadata.csv,revision_benchmark/results/embeddings/WP2_dimension_sensitivity/batch_1.0/GLMPCA/dim_2/seed_2.csv,planned_full_grid,count-aware generalized linear PCA,,25.0,5.0,,,,,,,,GLMPCA,GLMPCA,GLMPCA,revision_dimension_sensitivity,revision_benchmark\results\source_data\wp2_dimension_sensitivity_long.csv
2000.0,5,0.0053260298878618,0.0134157964365032,0.0135723012224992,0.0132628598774928,-0.0692226952035277,0.7604940735055854,WP2_dimension_sensitivity,batch_1.0,GLMPCA,scrna-dr-r,5,0,,,5000.0,2000,3000,12.813117027282717,351.23046875,datasets/simulate/batch_1.0/counts_matrix.csv,datasets/simulate/batch_1.0/cell_metadata.csv,revision_benchmark/results/embeddings/WP2_dimension_sensitivity/batch_1.0/GLMPCA/dim_5/seed_0.csv,planned_full_grid,count-aware generalized linear PCA,,25.0,5.0,,,,,,,,GLMPCA,GLMPCA,GLMPCA,revision_dimension_sensitivity,revision_benchmark\results\source_data\wp2_dimension_sensitivity_long.csv
2000.0,5,0.0030124659648802,0.0077737085682534,0.0078647943076273,0.007684708484236,-0.0691980625977436,0.7600651999658907,WP2_dimension_sensitivity,batch_1.0,GLMPCA,scrna-dr-r,5,1,,,5000.0,2000,3000,12.869637250900269,351.23046875,datasets/simulate/batch_1.0/counts_matrix.csv,datasets/simulate/batch_1.0/cell_metadata.csv,revision_benchmark/results/embeddings/WP2_dimension_sensitivity/batch_1.0/GLMPCA/dim_5/seed_1.csv,planned_full_grid,count-aware generalized linear PCA,,25.0,5.0,,,,,,,,GLMPCA,GLMPCA,GLMPCA,revision_dimension_sensitivity,revision_benchmark\results\source_data\wp2_dimension_sensitivity_long.csv
2000.0,5,0.004768733751062,0.0096474877614272,0.009724808134716,0.0095713872130204,-0.0692792868232488,0.759555410590944,WP2_dimension_sensitivity,batch_1.0,GLMPCA,scrna-dr-r,5,2,,,5000.0,2000,3000,12.888311386108398,351.23046875,datasets/simulate/batch_1.0/counts_matrix.csv,datasets/simulate/batch_1.0/cell_metadata.csv,revision_benchmark/results/embeddings/WP2_dimension_sensitivity/batch_1.0/GLMPCA/dim_5/seed_2.csv,planned_full_grid,count-aware generalized linear PCA,,25.0,5.0,,,,,,,,GLMPCA,GLMPCA,GLMPCA,revision_dimension_sensitivity,revision_benchmark\results\source_data\wp2_dimension_sensitivity_long.csv
2000.0,5,0.0041984174559478,0.0112232566351473,0.0113217202473786,0.0111264909085286,-0.0690615462928676,0.7600226230067366,WP2_dimension_sensitivity,batch_1.0,GLMPCA,scrna-dr-r,10,0,,,5000.0,2000,3000,12.85785698890686,351.23046875,datasets/simulate/batch_1.0/counts_matrix.csv,datasets/simulate/batch_1.0/cell_metadata.csv,revision_benchmark/results/embeddings/WP2_dimension_sensitivity/batch_1.0/GLMPCA/dim_10/seed_0.csv,planned_full_grid,count-aware generalized linear PCA,,25.0,5.0,,,,,,,,GLMPCA,GLMPCA,GLMPCA,revision_dimension_sensitivity,revision_benchmark\results\source_data\wp2_dimension_sensitivity_long.csv
2000.0,5,0.0053628586580402,0.0113804707572545,0.0115230486744784,0.011241378030015,-0.0691216141652723,0.7598872772235012,WP2_dimension_sensitivity,batch_1.0,GLMPCA,scrna-dr-r,10,1,,,5000.0,2000,3000,12.93284559249878,351.23046875,datasets/simulate/batch_1.0/counts_matrix.csv,datasets/simulate/batch_1.0/cell_metadata.csv,revision_benchmark/results/embeddings/WP2_dimension_sensitivity/batch_1.0/GLMPCA/dim_10/seed_1.csv,planned_full_grid,count-aware generalized linear PCA,,25.0,5.0,,,,,,,,GLMPCA,GLMPCA,GLMPCA,revision_dimension_sensitivity,revision_benchmark\results\source_data\wp2_dimension_sensitivity_long.csv
2000.0,5,0.0064498454063847,0.0105248462176043,0.0106267162809994,0.0104249107072777,-0.0692978886120777,0.7593283874818795,WP2_dimension_sensitivity,batch_1.0,GLMPCA,scrna-dr-r,10,2,,,5000.0,2000,3000,13.108264923095703,351.23046875,datasets/simulate/batch_1.0/counts_matrix.csv,datasets/simulate/batch_1.0/cell_metadata.csv,revision_benchmark/results/embeddings/WP2_dimension_sensitivity/batch_1.0/GLMPCA/dim_10/seed_2.csv,planned_full_grid,count-aware generalized linear PCA,,25.0,5.0,,,,,,,,GLMPCA,GLMPCA,GLMPCA,revision_dimension_sensitivity,revision_benchmark\results\source_data\wp2_dimension_sensitivity_long.csv
2000.0,5,0.004885292516574,0.0127573906426801,0.0128894255503619,0.0126280333481435,-0.0690741658149746,0.7591811631278247,WP2_dimension_sensitivity,batch_1.0,GLMPCA,scrna-dr-r,20,0,,,5000.0,2000,3000,12.945556640625,351.23046875,datasets/simulate/batch_1.0/counts_matrix.csv,datasets/simulate/batch_1.0/cell_metadata.csv,revision_benchmark/results/embeddings/WP2_dimension_sensitivity/batch_1.0/GLMPCA/dim_20/seed_0.csv,planned_full_grid,count-aware generalized linear PCA,,25.0,5.0,,,,,,,,GLMPCA,GLMPCA,GLMPCA,revision_dimension_sensitivity,revision_benchmark\results\source_data\wp2_dimension_sensitivity_long.csv
2000.0,5,0.0043017892528334,0.0110096169608225,0.0111261859897548,0.0108954651932257,-0.0691931820290833,0.7597912680139848,WP2_dimension_sensitivity,batch_1.0,GLMPCA,scrna-dr-r,20,1,,,5000.0,2000,3000,13.023674011230469,351.23046875,datasets/simulate/batch_1.0/counts_matrix.csv,datasets/simulate/batch_1.0/cell_metadata.csv,revision_benchmark/results/embeddings/WP2_dimension_sensitivity/batch_1.0/GLMPCA/dim_20/seed_1.csv,planned_full_grid,count-aware generalized linear PCA,,25.0,5.0,,,,,,,,GLMPCA,GLMPCA,GLMPCA,revision_dimension_sensitivity,revision_benchmark\results\source_data\wp2_dimension_sensitivity_long.csv
2000.0,5,0.0080436282945751,0.0121295226914961,0.0122617662734669,0.0120001011768265,-0.0693151892621468,0.7596625138569114,WP2_dimension_sensitivity,batch_1.0,GLMPCA,scrna-dr-r,20,2,,,5000.0,2000,3000,12.911122798919678,351.23046875,datasets/simulate/batch_1.0/counts_matrix.csv,datasets/simulate/batch_1.0/cell_metadata.csv,revision_benchmark/results/embeddings/WP2_dimension_sensitivity/batch_1.0/GLMPCA/dim_20/seed_2.csv,planned_full_grid,count-aware generalized linear PCA,,25.0,5.0,,,,,,,,GLMPCA,GLMPCA,GLMPCA,revision_dimension_sensitivity,revision_benchmark\results\source_data\wp2_dimension_sensitivity_long.csv
2000.0,5,0.0054615242942597,0.0122373529674574,0.0123808234110634,0.0120971695384213,-0.0692856948221298,0.760008169182229,WP2_dimension_sensitivity,batch_1.0,GLMPCA,scrna-dr-r,50,0,,,5000.0,2000,3000,13.291013717651367,351.23046875,datasets/simulate/batch_1.0/counts_matrix.csv,datasets/simulate/batch_1.0/cell_metadata.csv,revision_benchmark/results/embeddings/WP2_dimension_sensitivity/batch_1.0/GLMPCA/dim_50/seed_0.csv,planned_full_grid,count-aware generalized linear PCA,,25.0,5.0,,,,,,,,GLMPCA,GLMPCA,GLMPCA,revision_dimension_sensitivity,revision_benchmark\results\source_data\wp2_dimension_sensitivity_long.csv
2000.0,5,0.004472343383398,0.0114269219541333,0.0115575942526696,0.0112991714318124,-0.0691600532225662,0.7594321565617805,WP2_dimension_sensitivity,batch_1.0,GLMPCA,scrna-dr-r,50,1,,,5000.0,2000,3000,13.193904876708984,351.23046875,datasets/simulate/batch_1.0/counts_matrix.csv,datasets/simulate/batch_1.0/cell_metadata.csv,revision_benchmark/results/embeddings/WP2_dimension_sensitivity/batch_1.0/GLMPCA/dim_50/seed_1.csv,planned_full_grid,count-aware generalized linear PCA,,25.0,5.0,,,,,,,,GLMPCA,GLMPCA,GLMPCA,revision_dimension_sensitivity,revision_benchmark\results\source_data\wp2_dimension_sensitivity_long.csv
2000.0,5,0.0066125875764927,0.010567417016205,0.0106836321742545,0.0104537029977632,-0.0692353009292419,0.759596060373497,WP2_dimension_sensitivity,batch_1.0,GLMPCA,scrna-dr-r,50,2,,,5000.0,2000,3000,13.193548679351808,351.23046875,datasets/simulate/batch_1.0/counts_matrix.csv,datasets/simulate/batch_1.0/cell_metadata.csv,revision_benchmark/results/embeddings/WP2_dimension_sensitivity/batch_1.0/GLMPCA/dim_50/seed_2.csv,planned_full_grid,count-aware generalized linear PCA,,25.0,5.0,,,,,,,,GLMPCA,GLMPCA,GLMPCA,revision_dimension_sensitivity,revision_benchmark\results\source_data\wp2_dimension_sensitivity_long.csv
2000.0,5,0.0013251521584082,0.00473246364693,0.0048256706038721,0.0046427890148792,-0.0422869298005516,0.5057825360279696,WP2_dimension_sensitivity,gene_5k,GLMPCA,scrna-dr-r,2,0,,,5000.0,2000,3000,19.02271151542664,351.23046875,datasets/simulate/gene_5k/counts_matrix.csv,datasets/simulate/gene_5k/cell_metadata.csv,revision_benchmark/results/embeddings/WP2_dimension_sensitivity/gene_5k/GLMPCA/dim_2/seed_0.csv,planned_full_grid,count-aware generalized linear PCA,,25.0,5.0,,,,,,,,GLMPCA,GLMPCA,GLMPCA,revision_dimension_sensitivity,revision_benchmark\results\source_data\wp2_dimension_sensitivity_long.csv
2000.0,5,0.0231299348280318,0.0330145326374503,0.0336948700128555,0.0323611250745199,-0.0620227497501397,0.5134068218640744,WP2_dimension_sensitivity,gene_5k,GLMPCA,scrna-dr-r,2,1,,,5000.0,2000,3000,11.70647954940796,351.23046875,datasets/simulate/gene_5k/counts_matrix.csv,datasets/simulate/gene_5k/cell_metadata.csv,revision_benchmark/results/embeddings/WP2_dimension_sensitivity/gene_5k/GLMPCA/dim_2/seed_1.csv,planned_full_grid,count-aware generalized linear PCA,,25.0,5.0,,,,,,,,GLMPCA,GLMPCA,GLMPCA,revision_dimension_sensitivity,revision_benchmark\results\source_data\wp2_dimension_sensitivity_long.csv
2000.0,5,0.0006167581342473,0.0049853205708464,0.0050432401928754,0.0049287162115176,-0.0255662170410831,0.5048077939797049,WP2_dimension_sensitivity,gene_5k,GLMPCA,scrna-dr-r,2,2,,,5000.0,2000,3000,19.152836561203003,351.3828125,datasets/simulate/gene_5k/counts_matrix.csv,datasets/simulate/gene_5k/cell_metadata.csv,revision_benchmark/results/embeddings/WP2_dimension_sensitivity/gene_5k/GLMPCA/dim_2/seed_2.csv,planned_full_grid,count-aware generalized linear PCA,,25.0,5.0,,,,,,,,GLMPCA,GLMPCA,GLMPCA,revision_dimension_sensitivity,revision_benchmark\results\source_data\wp2_dimension_sensitivity_long.csv
2000.0,5,0.0166208130335934,0.0222540614349893,0.0227611817040124,0.0217690459991897,-0.0289658754281588,0.5237252579517353,WP2_dimension_sensitivity,gene_5k,GLMPCA,scrna-dr-r,5,0,,,5000.0,2000,3000,11.815969467163086,351.4140625,datasets/simulate/gene_5k/counts_matrix.csv,datasets/simulate/gene_5k/cell_metadata.csv,revision_benchmark/results/embeddings/WP2_dimension_sensitivity/gene_5k/GLMPCA/dim_5/seed_0.csv,planned_full_grid,count-aware generalized linear PCA,,25.0,5.0,,,,,,,,GLMPCA,GLMPCA,GLMPCA,revision_dimension_sensitivity,revision_benchmark\results\source_data\wp2_dimension_sensitivity_long.csv
2000.0,5,0.0143163272629367,0.0184063578257586,0.0188319083307982,0.0179996149145851,-0.0294957481203197,0.5280462692930843,WP2_dimension_sensitivity,gene_5k,GLMPCA,scrna-dr-r,5,1,,,5000.0,2000,3000,11.779138326644896,351.515625,datasets/simulate/gene_5k/counts_matrix.csv,datasets/simulate/gene_5k/cell_metadata.csv,revision_benchmark/results/embeddings/WP2_dimension_sensitivity/gene_5k/GLMPCA/dim_5/seed_1.csv,planned_full_grid,count-aware generalized linear PCA,,25.0,5.0,,,,,,,,GLMPCA,GLMPCA,GLMPCA,revision_dimension_sensitivity,revision_benchmark\results\source_data\wp2_dimension_sensitivity_long.csv
2000.0,5,0.0291968529025465,0.0321259368595411,0.0328094465368155,0.0314703247184496,-0.0234116052018228,0.5246395071203206,WP2_dimension_sensitivity,gene_5k,GLMPCA,scrna-dr-r,5,2,,,5000.0,2000,3000,11.7664897441864,351.65234375,datasets/simulate/gene_5k/counts_matrix.csv,datasets/simulate/gene_5k/cell_metadata.csv,revision_benchmark/results/embeddings/WP2_dimension_sensitivity/gene_5k/GLMPCA/dim_5/seed_2.csv,planned_full_grid,count-aware generalized linear PCA,,25.0,5.0,,,,,,,,GLMPCA,GLMPCA,GLMPCA,revision_dimension_sensitivity,revision_benchmark\results\source_data\wp2_dimension_sensitivity_long.csv
2000.0,5,0.0794448058261933,0.0833022504685799,0.0852371695915938,0.0814532283813675,-0.010488576910633,0.5546502345015776,WP2_dimension_sensitivity,gene_5k,GLMPCA,scrna-dr-r,10,0,,,5000.0,2000,3000,11.814890384674072,351.65234375,datasets/simulate/gene_5k/counts_matrix.csv,datasets/simulate/gene_5k/cell_metadata.csv,revision_benchmark/results/embeddings/WP2_dimension_sensitivity/gene_5k/GLMPCA/dim_10/seed_0.csv,planned_full_grid,count-aware generalized linear PCA,,25.0,5.0,,,,,,,,GLMPCA,GLMPCA,GLMPCA,revision_dimension_sensitivity,revision_benchmark\results\source_data\wp2_dimension_sensitivity_long.csv
2000.0,5,0.0447469730429808,0.0472007892278844,0.0482980687031171,0.0461522601832557,-0.0128631853488939,0.5578764986782638,WP2_dimension_sensitivity,gene_5k,GLMPCA,scrna-dr-r,10,1,,,5000.0,2000,3000,11.892682790756226,351.67578125,datasets/simulate/gene_5k/counts_matrix.csv,datasets/simulate/gene_5k/cell_metadata.csv,revision_benchmark/results/embeddings/WP2_dimension_sensitivity/gene_5k/GLMPCA/dim_10/seed_1.csv,planned_full_grid,count-aware generalized linear PCA,,25.0,5.0,,,,,,,,GLMPCA,GLMPCA,GLMPCA,revision_dimension_sensitivity,revision_benchmark\results\source_data\wp2_dimension_sensitivity_long.csv
2000.0,5,0.1176978053722662,0.1162336662611692,0.1186960120403625,0.1138714067962083,-0.0016213786792711,0.5657422870299309,WP2_dimension_sensitivity,gene_5k,GLMPCA,scrna-dr-r,10,2,,,5000.0,2000,3000,11.893872499465942,351.67578125,datasets/simulate/gene_5k/counts_matrix.csv,datasets/simulate/gene_5k/cell_metadata.csv,revision_benchmark/results/embeddings/WP2_dimension_sensitivity/gene_5k/GLMPCA/dim_10/seed_2.csv,planned_full_grid,count-aware generalized linear PCA,,25.0,5.0,,,,,,,,GLMPCA,GLMPCA,GLMPCA,revision_dimension_sensitivity,revision_benchmark\results\source_data\wp2_dimension_sensitivity_long.csv
2000.0,5,0.0797603030640792,0.0933062226720112,0.0954619597294576,0.0912456979052418,-0.0032231214762017,0.5845521616781786,WP2_dimension_sensitivity,gene_5k,GLMPCA,scrna-dr-r,20,0,,,5000.0,2000,3000,11.933347463607788,351.67578125,datasets/simulate/gene_5k/counts_matrix.csv,datasets/simulate/gene_5k/cell_metadata.csv,revision_benchmark/results/embeddings/WP2_dimension_sensitivity/gene_5k/GLMPCA/dim_20/seed_0.csv,planned_full_grid,count-aware generalized linear PCA,,25.0,5.0,,,,,,,,GLMPCA,GLMPCA,GLMPCA,revision_dimension_sensitivity,revision_benchmark\results\source_data\wp2_dimension_sensitivity_long.csv
2000.0,5,0.0667163831371827,0.0811871836315177,0.083077070536494,0.0793813687616278,-0.0040374915244088,0.5867181717404281,WP2_dimension_sensitivity,gene_5k,GLMPCA,scrna-dr-r,20,1,,,5000.0,2000,3000,11.806257724761965,351.67578125,datasets/simulate/gene_5k/counts_matrix.csv,datasets/simulate/gene_5k/cell_metadata.csv,revision_benchmark/results/embeddings/WP2_dimension_sensitivity/gene_5k/GLMPCA/dim_20/seed_1.csv,planned_full_grid,count-aware generalized linear PCA,,25.0,5.0,,,,,,,,GLMPCA,GLMPCA,GLMPCA,revision_dimension_sensitivity,revision_benchmark\results\source_data\wp2_dimension_sensitivity_long.csv
2000.0,5,0.1012172624166109,0.1093361077143237,0.111795848371171,0.1069822756462888,0.0035901594383351,0.5897150677922742,WP2_dimension_sensitivity,gene_5k,GLMPCA,scrna-dr-r,20,2,,,5000.0,2000,3000,11.877983331680298,351.67578125,datasets/simulate/gene_5k/counts_matrix.csv,datasets/simulate/gene_5k/cell_metadata.csv,revision_benchmark/results/embeddings/WP2_dimension_sensitivity/gene_5k/GLMPCA/dim_20/seed_2.csv,planned_full_grid,count-aware generalized linear PCA,,25.0,5.0,,,,,,,,GLMPCA,GLMPCA,GLMPCA,revision_dimension_sensitivity,revision_benchmark\results\source_data\wp2_dimension_sensitivity_long.csv
2000.0,5,0.2819901020669113,0.2661549873178455,0.2715906792467522,0.2609326089924097,0.0133088428927673,0.6630848213524345,WP2_dimension_sensitivity,gene_5k,GLMPCA,scrna-dr-r,50,0,,,5000.0,2000,3000,12.25187873840332,351.74609375,datasets/simulate/gene_5k/counts_matrix.csv,datasets/simulate/gene_5k/cell_metadata.csv,revision_benchmark/results/embeddings/WP2_dimension_sensitivity/gene_5k/GLMPCA/dim_50/seed_0.csv,planned_full_grid,count-aware generalized linear PCA,,25.0,5.0,,,,,,,,GLMPCA,GLMPCA,GLMPCA,revision_dimension_sensitivity,revision_benchmark\results\source_data\wp2_dimension_sensitivity_long.csv
2000.0,5,0.2696835631852515,0.2785545916471803,0.2842888072447427,0.2730471251414457,0.0106422609705272,0.6598448196469685,WP2_dimension_sensitivity,gene_5k,GLMPCA,scrna-dr-r,50,1,,,5000.0,2000,3000,12.093635559082031,351.74609375,datasets/simulate/gene_5k/counts_matrix.csv,datasets/simulate/gene_5k/cell_metadata.csv,revision_benchmark/results/embeddings/WP2_dimension_sensitivity/gene_5k/GLMPCA/dim_50/seed_1.csv,planned_full_grid,count-aware generalized linear PCA,,25.0,5.0,,,,,,,,GLMPCA,GLMPCA,GLMPCA,revision_dimension_sensitivity,revision_benchmark\results\source_data\wp2_dimension_sensitivity_long.csv
2000.0,5,0.2863401285176932,0.2914306112744567,0.2979389476736169,0.2852005394215784,0.0199009694596853,0.6616454762513857,WP2_dimension_sensitivity,gene_5k,GLMPCA,scrna-dr-r,50,2,,,5000.0,2000,3000,12.04660987854004,351.74609375,datasets/simulate/gene_5k/counts_matrix.csv,datasets/simulate/gene_5k/cell_metadata.csv,revision_benchmark/results/embeddings/WP2_dimension_sensitivity/gene_5k/GLMPCA/dim_50/seed_2.csv,planned_full_grid,count-aware generalized linear PCA,,25.0,5.0,,,,,,,,GLMPCA,GLMPCA,GLMPCA,revision_dimension_sensitivity,revision_benchmark\results\source_data\wp2_dimension_sensitivity_long.csv
2000.0,5,0.0184989930821431,0.0254850485595496,0.0259806902619786,0.0250079638609772,-0.057800575982183,0.5123477871578408,WP2_dimension_sensitivity,gene_5w,GLMPCA,scrna-dr-r,2,0,,,5000.0,2000,3000,10.005040884017944,351.74609375,datasets/simulate/gene_5w/counts_matrix.csv,datasets/simulate/gene_5w/cell_metadata.csv,revision_benchmark/results/embeddings/WP2_dimension_sensitivity/gene_5w/GLMPCA/dim_2/seed_0.csv,planned_full_grid,count-aware generalized linear PCA,,25.0,5.0,,,,,,,,GLMPCA,GLMPCA,GLMPCA,revision_dimension_sensitivity,revision_benchmark\results\source_data\wp2_dimension_sensitivity_long.csv
2000.0,5,0.015800877933735,0.0234606509712462,0.0238250780093988,0.0231072044856825,-0.0501568372336966,0.5125678775475399,WP2_dimension_sensitivity,gene_5w,GLMPCA,scrna-dr-r,2,1,,,5000.0,2000,3000,9.8719220161438,351.74609375,datasets/simulate/gene_5w/counts_matrix.csv,datasets/simulate/gene_5w/cell_metadata.csv,revision_benchmark/results/embeddings/WP2_dimension_sensitivity/gene_5w/GLMPCA/dim_2/seed_1.csv,planned_full_grid,count-aware generalized linear PCA,,25.0,5.0,,,,,,,,GLMPCA,GLMPCA,GLMPCA,revision_dimension_sensitivity,revision_benchmark\results\source_data\wp2_dimension_sensitivity_long.csv
2000.0,5,0.0075256940574732,0.0164095539591957,0.0167514053825514,0.0160813760442858,-0.0550580809453006,0.510765319348512,WP2_dimension_sensitivity,gene_5w,GLMPCA,scrna-dr-r,2,2,,,5000.0,2000,3000,9.965215921401978,351.74609375,datasets/simulate/gene_5w/counts_matrix.csv,datasets/simulate/gene_5w/cell_metadata.csv,revision_benchmark/results/embeddings/WP2_dimension_sensitivity/gene_5w/GLMPCA/dim_2/seed_2.csv,planned_full_grid,count-aware generalized linear PCA,,25.0,5.0,,,,,,,,GLMPCA,GLMPCA,GLMPCA,revision_dimension_sensitivity,revision_benchmark\results\source_data\wp2_dimension_sensitivity_long.csv
2000.0,5,0.0346801824324678,0.0372763399332004,0.0381307313202927,0.0364593979417566,-0.0239569536213593,0.5267235951223672,WP2_dimension_sensitivity,gene_5w,GLMPCA,scrna-dr-r,5,0,,,5000.0,2000,3000,10.00301480293274,351.74609375,datasets/simulate/gene_5w/counts_matrix.csv,datasets/simulate/gene_5w/cell_metadata.csv,revision_benchmark/results/embeddings/WP2_dimension_sensitivity/gene_5w/GLMPCA/dim_5/seed_0.csv,planned_full_grid,count-aware generalized linear PCA,,25.0,5.0,,,,,,,,GLMPCA,GLMPCA,GLMPCA,revision_dimension_sensitivity,revision_benchmark\results\source_data\wp2_dimension_sensitivity_long.csv
2000.0,5,0.0111421674156112,0.019910803866556,0.0203723192210021,0.0194697356767084,-0.0340186227236859,0.5157081180182485,WP2_dimension_sensitivity,gene_5w,GLMPCA,scrna-dr-r,5,1,,,5000.0,2000,3000,10.051874160766602,351.74609375,datasets/simulate/gene_5w/counts_matrix.csv,datasets/simulate/gene_5w/cell_metadata.csv,revision_benchmark/results/embeddings/WP2_dimension_sensitivity/gene_5w/GLMPCA/dim_5/seed_1.csv,planned_full_grid,count-aware generalized linear PCA,,25.0,5.0,,,,,,,,GLMPCA,GLMPCA,GLMPCA,revision_dimension_sensitivity,revision_benchmark\results\source_data\wp2_dimension_sensitivity_long.csv
2000.0,5,0.025391488950537,0.0300249003258039,0.0307194165710936,0.0293610935633282,-0.0252029587393896,0.5249621812910378,WP2_dimension_sensitivity,gene_5w,GLMPCA,scrna-dr-r,5,2,,,5000.0,2000,3000,10.034237623214722,351.74609375,datasets/simulate/gene_5w/counts_matrix.csv,datasets/simulate/gene_5w/cell_metadata.csv,revision_benchmark/results/embeddings/WP2_dimension_sensitivity/gene_5w/GLMPCA/dim_5/seed_2.csv,planned_full_grid,count-aware generalized linear PCA,,25.0,5.0,,,,,,,,GLMPCA,GLMPCA,GLMPCA,revision_dimension_sensitivity,revision_benchmark\results\source_data\wp2_dimension_sensitivity_long.csv
2000.0,5,0.0130674822328922,0.0200275090384787,0.0204662948889038,0.0196071429229433,-0.0188786243754276,0.5366304681504221,WP2_dimension_sensitivity,gene_5w,GLMPCA,scrna-dr-r,10,0,,,5000.0,2000,3000,10.156126022338867,351.74609375,datasets/simulate/gene_5w/counts_matrix.csv,datasets/simulate/gene_5w/cell_metadata.csv,revision_benchmark/results/embeddings/WP2_dimension_sensitivity/gene_5w/GLMPCA/dim_10/seed_0.csv,planned_full_grid,count-aware generalized linear PCA,,25.0,5.0,,,,,,,,GLMPCA,GLMPCA,GLMPCA,revision_dimension_sensitivity,revision_benchmark\results\source_data\wp2_dimension_sensitivity_long.csv
2000.0,5,0.0468014798972676,0.0591776193139146,0.060544534582417,0.0578710630696561,-0.008617557602847,0.5439972030357295,WP2_dimension_sensitivity,gene_5w,GLMPCA,scrna-dr-r,10,1,,,5000.0,2000,3000,10.146049976348875,351.74609375,datasets/simulate/gene_5w/counts_matrix.csv,datasets/simulate/gene_5w/cell_metadata.csv,revision_benchmark/results/embeddings/WP2_dimension_sensitivity/gene_5w/GLMPCA/dim_10/seed_1.csv,planned_full_grid,count-aware generalized linear PCA,,25.0,5.0,,,,,,,,GLMPCA,GLMPCA,GLMPCA,revision_dimension_sensitivity,revision_benchmark\results\source_data\wp2_dimension_sensitivity_long.csv
2000.0,5,0.0241771736885085,0.0321163918967718,0.032822223631417,0.0314402784641392,-0.0161308668042928,0.5277225462607658,WP2_dimension_sensitivity,gene_5w,GLMPCA,scrna-dr-r,10,2,,,5000.0,2000,3000,10.084916114807127,351.74609375,datasets/simulate/gene_5w/counts_matrix.csv,datasets/simulate/gene_5w/cell_metadata.csv,revision_benchmark/results/embeddings/WP2_dimension_sensitivity/gene_5w/GLMPCA/dim_10/seed_2.csv,planned_full_grid,count-aware generalized linear PCA,,25.0,5.0,,,,,,,,GLMPCA,GLMPCA,GLMPCA,revision_dimension_sensitivity,revision_benchmark\results\source_data\wp2_dimension_sensitivity_long.csv
2000.0,5,0.0796589171511233,0.0842112805386897,0.0861598101572403,0.0823489349904332,-0.0060000106149321,0.5586104886160144,WP2_dimension_sensitivity,gene_5w,GLMPCA,scrna-dr-r,20,0,,,5000.0,2000,3000,10.082062005996704,351.74609375,datasets/simulate/gene_5w/counts_matrix.csv,datasets/simulate/gene_5w/cell_metadata.csv,revision_benchmark/results/embeddings/WP2_dimension_sensitivity/gene_5w/GLMPCA/dim_20/seed_0.csv,planned_full_grid,count-aware generalized linear PCA,,25.0,5.0,,,,,,,,GLMPCA,GLMPCA,GLMPCA,revision_dimension_sensitivity,revision_benchmark\results\source_data\wp2_dimension_sensitivity_long.csv
2000.0,5,0.0939421535019669,0.0985669565203837,0.1008196161512985,0.0964127612995005,-0.0017045693917084,0.5603152383388761,WP2_dimension_sensitivity,gene_5w,GLMPCA,scrna-dr-r,20,1,,,5000.0,2000,3000,10.170504808425903,351.74609375,datasets/simulate/gene_5w/counts_matrix.csv,datasets/simulate/gene_5w/cell_metadata.csv,revision_benchmark/results/embeddings/WP2_dimension_sensitivity/gene_5w/GLMPCA/dim_20/seed_1.csv,planned_full_grid,count-aware generalized linear PCA,,25.0,5.0,,,,,,,,GLMPCA,GLMPCA,GLMPCA,revision_dimension_sensitivity,revision_benchmark\results\source_data\wp2_dimension_sensitivity_long.csv
2000.0,5,0.1544154118526904,0.1632260754157011,0.1669956549386379,0.1596229200460709,0.0069639409546858,0.5718647309627356,WP2_dimension_sensitivity,gene_5w,GLMPCA,scrna-dr-r,20,2,,,5000.0,2000,3000,10.107172966003418,351.74609375,datasets/simulate/gene_5w/counts_matrix.csv,datasets/simulate/gene_5w/cell_metadata.csv,revision_benchmark/results/embeddings/WP2_dimension_sensitivity/gene_5w/GLMPCA/dim_20/seed_2.csv,planned_full_grid,count-aware generalized linear PCA,,25.0,5.0,,,,,,,,GLMPCA,GLMPCA,GLMPCA,revision_dimension_sensitivity,revision_benchmark\results\source_data\wp2_dimension_sensitivity_long.csv
2000.0,5,0.9076663870285162,0.8754025424954014,0.8782397279734501,0.8725836292506026,0.4646459491270185,0.7389324123816833,WP2_dimension_sensitivity,gene_5w,GLMPCA,scrna-dr-r,50,0,,,5000.0,2000,3000,6.809028387069702,351.74609375,datasets/simulate/gene_5w/counts_matrix.csv,datasets/simulate/gene_5w/cell_metadata.csv,revision_benchmark/results/embeddings/WP2_dimension_sensitivity/gene_5w/GLMPCA/dim_50/seed_0.csv,planned_full_grid,count-aware generalized linear PCA,,25.0,5.0,,,,,,,,GLMPCA,GLMPCA,GLMPCA,revision_dimension_sensitivity,revision_benchmark\results\source_data\wp2_dimension_sensitivity_long.csv
2000.0,5,0.9610067122924392,0.93286797013546,0.9339250538566992,0.9318132766759142,0.3960563195888024,0.7363211307239703,WP2_dimension_sensitivity,gene_5w,GLMPCA,scrna-dr-r,50,1,,,5000.0,2000,3000,6.758248567581177,351.74609375,datasets/simulate/gene_5w/counts_matrix.csv,datasets/simulate/gene_5w/cell_metadata.csv,revision_benchmark/results/embeddings/WP2_dimension_sensitivity/gene_5w/GLMPCA/dim_50/seed_1.csv,planned_full_grid,count-aware generalized linear PCA,,25.0,5.0,,,,,,,,GLMPCA,GLMPCA,GLMPCA,revision_dimension_sensitivity,revision_benchmark\results\source_data\wp2_dimension_sensitivity_long.csv
2000.0,5,0.2472955902804785,0.2367620344862004,0.2421705260700915,0.2315898454895819,0.0131406666477345,0.6092925471134987,WP2_dimension_sensitivity,gene_5w,GLMPCA,scrna-dr-r,50,2,,,5000.0,2000,3000,10.23196291923523,351.74609375,datasets/simulate/gene_5w/counts_matrix.csv,datasets/simulate/gene_5w/cell_metadata.csv,revision_benchmark/results/embeddings/WP2_dimension_sensitivity/gene_5w/GLMPCA/dim_50/seed_2.csv,planned_full_grid,count-aware generalized linear PCA,,25.0,5.0,,,,,,,,GLMPCA,GLMPCA,GLMPCA,revision_dimension_sensitivity,revision_benchmark\results\source_data\wp2_dimension_sensitivity_long.csv
2000.0,5,-0.0004113634753628,0.0020132192153888,0.0018080998914755,0.0022708331707332,-0.031620331291118,0.5050779483243797,WP2_dimension_sensitivity,default,pCMF,scrna-dr-r,2,0,,,5000.0,2000,3000,11.493176460266112,336.4453125,datasets/simulate/default/counts_matrix.csv,datasets/simulate/default/cell_metadata.csv,revision_benchmark/results/embeddings/WP2_dimension_sensitivity/default/pCMF/dim_2/seed_0.csv,planned_full_grid,probabilistic count matrix factorization,,,,100.0,20.0,1.0,False,False,,,pCMF,pCMF,pCMF,revision_dimension_sensitivity,revision_benchmark\results\source_data\wp2_dimension_sensitivity_long.csv
2000.0,5,-0.0003779489271571,0.0037383543316927,0.0035014508009311,0.0040096413638974,-0.0464050314263587,0.5061708194764218,WP2_dimension_sensitivity,default,pCMF,scrna-dr-r,2,1,,,5000.0,2000,3000,11.304891586303713,343.546875,datasets/simulate/default/counts_matrix.csv,datasets/simulate/default/cell_metadata.csv,revision_benchmark/results/embeddings/WP2_dimension_sensitivity/default/pCMF/dim_2/seed_1.csv,planned_full_grid,probabilistic count matrix factorization,,,,100.0,20.0,1.0,False,False,,,pCMF,pCMF,pCMF,revision_dimension_sensitivity,revision_benchmark\results\source_data\wp2_dimension_sensitivity_long.csv
2000.0,5,-0.001823591824879,0.0033240977165622,0.0031533990966696,0.003514334348441,-0.0483606087233897,0.506394593672721,WP2_dimension_sensitivity,default,pCMF,scrna-dr-r,2,2,,,5000.0,2000,3000,11.33794116973877,344.32421875,datasets/simulate/default/counts_matrix.csv,datasets/simulate/default/cell_metadata.csv,revision_benchmark/results/embeddings/WP2_dimension_sensitivity/default/pCMF/dim_2/seed_2.csv,planned_full_grid,probabilistic count matrix factorization,,,,100.0,20.0,1.0,False,False,,,pCMF,pCMF,pCMF,revision_dimension_sensitivity,revision_benchmark\results\source_data\wp2_dimension_sensitivity_long.csv
2000.0,5,-0.0025088606536652,0.0019293748187891,0.0018350456706075,0.002033927329686,-0.0248708710459726,0.5013820073335038,WP2_dimension_sensitivity,default,pCMF,scrna-dr-r,5,0,,,5000.0,2000,3000,16.890723705291748,344.703125,datasets/simulate/default/counts_matrix.csv,datasets/simulate/default/cell_metadata.csv,revision_benchmark/results/embeddings/WP2_dimension_sensitivity/default/pCMF/dim_5/seed_0.csv,planned_full_grid,probabilistic count matrix factorization,,,,100.0,20.0,1.0,False,False,,,pCMF,pCMF,pCMF,revision_dimension_sensitivity,revision_benchmark\results\source_data\wp2_dimension_sensitivity_long.csv
2000.0,5,0.0016688010726451,0.0024136638124368,0.0022740091965941,0.0025715941280177,-0.0211915529314644,0.5036819050055428,WP2_dimension_sensitivity,default,pCMF,scrna-dr-r,5,1,,,5000.0,2000,3000,16.000373363494873,345.0,datasets/simulate/default/counts_matrix.csv,datasets/simulate/default/cell_metadata.csv,revision_benchmark/results/embeddings/WP2_dimension_sensitivity/default/pCMF/dim_5/seed_1.csv,planned_full_grid,probabilistic count matrix factorization,,,,100.0,20.0,1.0,False,False,,,pCMF,pCMF,pCMF,revision_dimension_sensitivity,revision_benchmark\results\source_data\wp2_dimension_sensitivity_long.csv
2000.0,5,-0.0024189656116825,0.0021824342768331,0.0020827410254307,0.002292151234679,-0.0176509562820565,0.5090116398055768,WP2_dimension_sensitivity,default,pCMF,scrna-dr-r,5,2,,,5000.0,2000,3000,16.3607759475708,345.0,datasets/simulate/default/counts_matrix.csv,datasets/simulate/default/cell_metadata.csv,revision_benchmark/results/embeddings/WP2_dimension_sensitivity/default/pCMF/dim_5/seed_2.csv,planned_full_grid,probabilistic count matrix factorization,,,,100.0,20.0,1.0,False,False,,,pCMF,pCMF,pCMF,revision_dimension_sensitivity,revision_benchmark\results\source_data\wp2_dimension_sensitivity_long.csv
2000.0,5,0.0001645606928826,0.0048208139711018,0.0048258616499574,0.0048157768405965,-0.0139068671598874,0.4984287115204229,WP2_dimension_sensitivity,default,pCMF,scrna-dr-r,10,0,,,5000.0,2000,3000,30.137973070144653,345.1171875,datasets/simulate/default/counts_matrix.csv,datasets/simulate/default/cell_metadata.csv,revision_benchmark/results/embeddings/WP2_dimension_sensitivity/default/pCMF/dim_10/seed_0.csv,planned_full_grid,probabilistic count matrix factorization,,,,100.0,20.0,1.0,False,False,,,pCMF,pCMF,pCMF,revision_dimension_sensitivity,revision_benchmark\results\source_data\wp2_dimension_sensitivity_long.csv
2000.0,5,-5.28562375275082e-05,0.0018238491065813,0.001826608946946,0.0018210975933716,-0.0121820965272368,0.5065020039225718,WP2_dimension_sensitivity,default,pCMF,scrna-dr-r,10,1,,,5000.0,2000,3000,29.968499422073364,345.1796875,datasets/simulate/default/counts_matrix.csv,datasets/simulate/default/cell_metadata.csv,revision_benchmark/results/embeddings/WP2_dimension_sensitivity/default/pCMF/dim_10/seed_1.csv,planned_full_grid,probabilistic count matrix factorization,,,,100.0,20.0,1.0,False,False,,,pCMF,pCMF,pCMF,revision_dimension_sensitivity,revision_benchmark\results\source_data\wp2_dimension_sensitivity_long.csv
2000.0,5,0.0006191294485332,0.0024115826249187,0.0024201365783854,0.0024030889262427,-0.0112213251334695,0.5010074955231516,WP2_dimension_sensitivity,default,pCMF,scrna-dr-r,10,2,,,5000.0,2000,3000,30.186294317245483,345.28515625,datasets/simulate/default/counts_matrix.csv,datasets/simulate/default/cell_metadata.csv,revision_benchmark/results/embeddings/WP2_dimension_sensitivity/default/pCMF/dim_10/seed_2.csv,planned_full_grid,probabilistic count matrix factorization,,,,100.0,20.0,1.0,False,False,,,pCMF,pCMF,pCMF,revision_dimension_sensitivity,revision_benchmark\results\source_data\wp2_dimension_sensitivity_long.csv
2000.0,5,-0.0001251828395502,0.0024364522698457,0.0024824059967515,0.002392168989591,-0.0064750637271705,0.5003073164492198,WP2_dimension_sensitivity,default,pCMF,scrna-dr-r,20,0,,,5000.0,2000,3000,74.80660223960876,346.50390625,datasets/simulate/default/counts_matrix.csv,datasets/simulate/default/cell_metadata.csv,revision_benchmark/results/embeddings/WP2_dimension_sensitivity/default/pCMF/dim_20/seed_0.csv,planned_full_grid,probabilistic count matrix factorization,,,,100.0,20.0,1.0,False,False,,,pCMF,pCMF,pCMF,revision_dimension_sensitivity,revision_benchmark\results\source_data\wp2_dimension_sensitivity_long.csv
2000.0,5,-0.001152477840372,0.0016977122960299,0.0017339057561673,0.0016629989411258,-0.0084786133632997,0.5015524516074017,WP2_dimension_sensitivity,default,pCMF,scrna-dr-r,20,1,,,5000.0,2000,3000,74.31438779830933,346.546875,datasets/simulate/default/counts_matrix.csv,datasets/simulate/default/cell_metadata.csv,revision_benchmark/results/embeddings/WP2_dimension_sensitivity/default/pCMF/dim_20/seed_1.csv,planned_full_grid,probabilistic count matrix factorization,,,,100.0,20.0,1.0,False,False,,,pCMF,pCMF,pCMF,revision_dimension_sensitivity,revision_benchmark\results\source_data\wp2_dimension_sensitivity_long.csv
2000.0,5,0.0011316785570778,0.0032409866007211,0.0033144643304141,0.0031706960428657,-0.0073351369401937,0.4987264176686279,WP2_dimension_sensitivity,default,pCMF,scrna-dr-r,20,2,,,5000.0,2000,3000,74.71429181098938,346.546875,datasets/simulate/default/counts_matrix.csv,datasets/simulate/default/cell_metadata.csv,revision_benchmark/results/embeddings/WP2_dimension_sensitivity/default/pCMF/dim_20/seed_2.csv,planned_full_grid,probabilistic count matrix factorization,,,,100.0,20.0,1.0,False,False,,,pCMF,pCMF,pCMF,revision_dimension_sensitivity,revision_benchmark\results\source_data\wp2_dimension_sensitivity_long.csv
2000.0,5,-0.0002044846198417,0.0020429446813424,0.0020898276030404,0.0019981191355233,-0.0041619938737612,0.4942017992666496,WP2_dimension_sensitivity,default,pCMF,scrna-dr-r,50,0,,,5000.0,2000,3000,349.16363644599915,347.21875,datasets/simulate/default/counts_matrix.csv,datasets/simulate/default/cell_metadata.csv,revision_benchmark/results/embeddings/WP2_dimension_sensitivity/default/pCMF/dim_50/seed_0.csv,planned_full_grid,probabilistic count matrix factorization,,,,100.0,20.0,1.0,False,False,,,pCMF,pCMF,pCMF,revision_dimension_sensitivity,revision_benchmark\results\source_data\wp2_dimension_sensitivity_long.csv
2000.0,5,-4.6073941429050457e-05,0.002494006548278,0.0025517690830728,0.0024388011853551,-0.003950969986537,0.500914863136352,WP2_dimension_sensitivity,default,pCMF,scrna-dr-r,50,1,,,5000.0,2000,3000,349.4407866001129,347.3984375,datasets/simulate/default/counts_matrix.csv,datasets/simulate/default/cell_metadata.csv,revision_benchmark/results/embeddings/WP2_dimension_sensitivity/default/pCMF/dim_50/seed_1.csv,planned_full_grid,probabilistic count matrix factorization,,,,100.0,20.0,1.0,False,False,,,pCMF,pCMF,pCMF,revision_dimension_sensitivity,revision_benchmark\results\source_data\wp2_dimension_sensitivity_long.csv
2000.0,5,-0.0002519278450686,0.0022624974545334,0.0023152512664322,0.0022120941145109,-0.0041081570209935,0.4970962565020892,WP2_dimension_sensitivity,default,pCMF,scrna-dr-r,50,2,,,5000.0,2000,3000,355.7405138015747,347.3984375,datasets/simulate/default/counts_matrix.csv,datasets/simulate/default/cell_metadata.csv,revision_benchmark/results/embeddings/WP2_dimension_sensitivity/default/pCMF/dim_50/seed_2.csv,planned_full_grid,probabilistic count matrix factorization,,,,100.0,20.0,1.0,False,False,,,pCMF,pCMF,pCMF,revision_dimension_sensitivity,revision_benchmark\results\source_data\wp2_dimension_sensitivity_long.csv
2000.0,7,4.674873676735122e-05,0.0041969244819063,0.0037901373284971,0.0047015293483014,-0.0489168826771384,0.5051864415451521,WP2_dimension_sensitivity,celltype_7,pCMF,scrna-dr-r,2,0,,,5000.0,2000,3000,11.404946088790894,347.3984375,datasets/simulate/celltype_7/counts_matrix.csv,datasets/simulate/celltype_7/cell_metadata.csv,revision_benchmark/results/embeddings/WP2_dimension_sensitivity/celltype_7/pCMF/dim_2/seed_0.csv,planned_full_grid,probabilistic count matrix factorization,,,,100.0,20.0,1.0,False,False,,,pCMF,pCMF,pCMF,revision_dimension_sensitivity,revision_benchmark\results\source_data\wp2_dimension_sensitivity_long.csv
2000.0,7,0.0012086196900364,0.006982716248967,0.0063973904921125,0.0076859368529173,-0.0622701898101037,0.5051586509763792,WP2_dimension_sensitivity,celltype_7,pCMF,scrna-dr-r,2,1,,,5000.0,2000,3000,11.417595148086548,347.3984375,datasets/simulate/celltype_7/counts_matrix.csv,datasets/simulate/celltype_7/cell_metadata.csv,revision_benchmark/results/embeddings/WP2_dimension_sensitivity/celltype_7/pCMF/dim_2/seed_1.csv,planned_full_grid,probabilistic count matrix factorization,,,,100.0,20.0,1.0,False,False,,,pCMF,pCMF,pCMF,revision_dimension_sensitivity,revision_benchmark\results\source_data\wp2_dimension_sensitivity_long.csv
2000.0,7,0.0015055545490253,0.0081142123562395,0.0075930695853095,0.008712162988682,-0.0639196683309809,0.5063706404024899,WP2_dimension_sensitivity,celltype_7,pCMF,scrna-dr-r,2,2,,,5000.0,2000,3000,11.338011741638184,347.484375,datasets/simulate/celltype_7/counts_matrix.csv,datasets/simulate/celltype_7/cell_metadata.csv,revision_benchmark/results/embeddings/WP2_dimension_sensitivity/celltype_7/pCMF/dim_2/seed_2.csv,planned_full_grid,probabilistic count matrix factorization,,,,100.0,20.0,1.0,False,False,,,pCMF,pCMF,pCMF,revision_dimension_sensitivity,revision_benchmark\results\source_data\wp2_dimension_sensitivity_long.csv
2000.0,7,-0.0003067839213786,0.004378537825466,0.0040928699080018,0.0047070751043515,-0.0279758729539251,0.5018542935107018,WP2_dimension_sensitivity,celltype_7,pCMF,scrna-dr-r,5,0,,,5000.0,2000,3000,16.174763202667236,347.484375,datasets/simulate/celltype_7/counts_matrix.csv,datasets/simulate/celltype_7/cell_metadata.csv,revision_benchmark/results/embeddings/WP2_dimension_sensitivity/celltype_7/pCMF/dim_5/seed_0.csv,planned_full_grid,probabilistic count matrix factorization,,,,100.0,20.0,1.0,False,False,,,pCMF,pCMF,pCMF,revision_dimension_sensitivity,revision_benchmark\results\source_data\wp2_dimension_sensitivity_long.csv
2000.0,7,0.0005683102406173,0.0054095380274777,0.0049837600230799,0.0059148630367939,-0.0374544178626064,0.5008739916432166,WP2_dimension_sensitivity,celltype_7,pCMF,scrna-dr-r,5,1,,,5000.0,2000,3000,16.175328254699707,347.484375,datasets/simulate/celltype_7/counts_matrix.csv,datasets/simulate/celltype_7/cell_metadata.csv,revision_benchmark/results/embeddings/WP2_dimension_sensitivity/celltype_7/pCMF/dim_5/seed_1.csv,planned_full_grid,probabilistic count matrix factorization,,,,100.0,20.0,1.0,False,False,,,pCMF,pCMF,pCMF,revision_dimension_sensitivity,revision_benchmark\results\source_data\wp2_dimension_sensitivity_long.csv
2000.0,7,-0.000342948999454,0.0037873343911233,0.0035368766345144,0.004075966884536,-0.0223594078669509,0.5061443080071629,WP2_dimension_sensitivity,celltype_7,pCMF,scrna-dr-r,5,2,,,5000.0,2000,3000,16.219274044036865,347.484375,datasets/simulate/celltype_7/counts_matrix.csv,datasets/simulate/celltype_7/cell_metadata.csv,revision_benchmark/results/embeddings/WP2_dimension_sensitivity/celltype_7/pCMF/dim_5/seed_2.csv,planned_full_grid,probabilistic count matrix factorization,,,,100.0,20.0,1.0,False,False,,,pCMF,pCMF,pCMF,revision_dimension_sensitivity,revision_benchmark\results\source_data\wp2_dimension_sensitivity_long.csv
2000.0,7,0.0017178186866582,0.0077179301004167,0.0077045545716202,0.0077313521512796,-0.0177736447984842,0.4978560075040504,WP2_dimension_sensitivity,celltype_7,pCMF,scrna-dr-r,10,0,,,5000.0,2000,3000,29.907378435134888,347.484375,datasets/simulate/celltype_7/counts_matrix.csv,datasets/simulate/celltype_7/cell_metadata.csv,revision_benchmark/results/embeddings/WP2_dimension_sensitivity/celltype_7/pCMF/dim_10/seed_0.csv,planned_full_grid,probabilistic count matrix factorization,,,,100.0,20.0,1.0,False,False,,,pCMF,pCMF,pCMF,revision_dimension_sensitivity,revision_benchmark\results\source_data\wp2_dimension_sensitivity_long.csv
2000.0,7,-0.0003602540663945,0.0038797163597206,0.0038438094504033,0.0039163004429532,-0.0161215130997027,0.5056186919075637,WP2_dimension_sensitivity,celltype_7,pCMF,scrna-dr-r,10,1,,,5000.0,2000,3000,29.974314212799072,347.51953125,datasets/simulate/celltype_7/counts_matrix.csv,datasets/simulate/celltype_7/cell_metadata.csv,revision_benchmark/results/embeddings/WP2_dimension_sensitivity/celltype_7/pCMF/dim_10/seed_1.csv,planned_full_grid,probabilistic count matrix factorization,,,,100.0,20.0,1.0,False,False,,,pCMF,pCMF,pCMF,revision_dimension_sensitivity,revision_benchmark\results\source_data\wp2_dimension_sensitivity_long.csv
2000.0,7,-4.202026952765789e-05,0.0042788273396421,0.0042488122448972,0.0043092695257501,-0.0160102962851825,0.5010277308774622,WP2_dimension_sensitivity,celltype_7,pCMF,scrna-dr-r,10,2,,,5000.0,2000,3000,29.957108736038208,347.51953125,datasets/simulate/celltype_7/counts_matrix.csv,datasets/simulate/celltype_7/cell_metadata.csv,revision_benchmark/results/embeddings/WP2_dimension_sensitivity/celltype_7/pCMF/dim_10/seed_2.csv,planned_full_grid,probabilistic count matrix factorization,,,,100.0,20.0,1.0,False,False,,,pCMF,pCMF,pCMF,revision_dimension_sensitivity,revision_benchmark\results\source_data\wp2_dimension_sensitivity_long.csv
2000.0,7,-4.6178049468597015e-05,0.0047053871151585,0.00470539314001,0.0047053810903224,-0.0099855720329881,0.5021661635541912,WP2_dimension_sensitivity,celltype_7,pCMF,scrna-dr-r,20,0,,,5000.0,2000,3000,74.50416135787964,347.56640625,datasets/simulate/celltype_7/counts_matrix.csv,datasets/simulate/celltype_7/cell_metadata.csv,revision_benchmark/results/embeddings/WP2_dimension_sensitivity/celltype_7/pCMF/dim_20/seed_0.csv,planned_full_grid,probabilistic count matrix factorization,,,,100.0,20.0,1.0,False,False,,,pCMF,pCMF,pCMF,revision_dimension_sensitivity,revision_benchmark\results\source_data\wp2_dimension_sensitivity_long.csv
2000.0,7,0.0004335483295147,0.0056587363759113,0.005666794086937,0.005650701547142,-0.0103293428557228,0.5005124328472754,WP2_dimension_sensitivity,celltype_7,pCMF,scrna-dr-r,20,1,,,5000.0,2000,3000,75.01648879051208,347.56640625,datasets/simulate/celltype_7/counts_matrix.csv,datasets/simulate/celltype_7/cell_metadata.csv,revision_benchmark/results/embeddings/WP2_dimension_sensitivity/celltype_7/pCMF/dim_20/seed_1.csv,planned_full_grid,probabilistic count matrix factorization,,,,100.0,20.0,1.0,False,False,,,pCMF,pCMF,pCMF,revision_dimension_sensitivity,revision_benchmark\results\source_data\wp2_dimension_sensitivity_long.csv
2000.0,7,-0.0001689357771159,0.0046632092531294,0.0046629239806013,0.0046634945605649,-0.0088865903752619,0.4983233648844546,WP2_dimension_sensitivity,celltype_7,pCMF,scrna-dr-r,20,2,,,5000.0,2000,3000,74.15981578826904,347.56640625,datasets/simulate/celltype_7/counts_matrix.csv,datasets/simulate/celltype_7/cell_metadata.csv,revision_benchmark/results/embeddings/WP2_dimension_sensitivity/celltype_7/pCMF/dim_20/seed_2.csv,planned_full_grid,probabilistic count matrix factorization,,,,100.0,20.0,1.0,False,False,,,pCMF,pCMF,pCMF,revision_dimension_sensitivity,revision_benchmark\results\source_data\wp2_dimension_sensitivity_long.csv
2000.0,7,0.0013045733141338,0.0064269308149191,0.0064385684191902,0.0064153352042937,-0.0053598608908259,0.4948834143429692,WP2_dimension_sensitivity,celltype_7,pCMF,scrna-dr-r,50,0,,,5000.0,2000,3000,349.4593319892884,347.70703125,datasets/simulate/celltype_7/counts_matrix.csv,datasets/simulate/celltype_7/cell_metadata.csv,revision_benchmark/results/embeddings/WP2_dimension_sensitivity/celltype_7/pCMF/dim_50/seed_0.csv,planned_full_grid,probabilistic count matrix factorization,,,,100.0,20.0,1.0,False,False,,,pCMF,pCMF,pCMF,revision_dimension_sensitivity,revision_benchmark\results\source_data\wp2_dimension_sensitivity_long.csv
2000.0,7,-0.0009323530584256,0.0033776705807221,0.0033851157192519,0.0033702581196239,-0.0055541426323021,0.5022668286859384,WP2_dimension_sensitivity,celltype_7,pCMF,scrna-dr-r,50,1,,,5000.0,2000,3000,349.51813554763794,347.71484375,datasets/simulate/celltype_7/counts_matrix.csv,datasets/simulate/celltype_7/cell_metadata.csv,revision_benchmark/results/embeddings/WP2_dimension_sensitivity/celltype_7/pCMF/dim_50/seed_1.csv,planned_full_grid,probabilistic count matrix factorization,,,,100.0,20.0,1.0,False,False,,,pCMF,pCMF,pCMF,revision_dimension_sensitivity,revision_benchmark\results\source_data\wp2_dimension_sensitivity_long.csv
2000.0,7,-0.0003652976361931,0.0039219507953828,0.0039300747000881,0.003913860407437,-0.0054185004250739,0.4976135925641681,WP2_dimension_sensitivity,celltype_7,pCMF,scrna-dr-r,50,2,,,5000.0,2000,3000,349.1105959415436,347.8203125,datasets/simulate/celltype_7/counts_matrix.csv,datasets/simulate/celltype_7/cell_metadata.csv,revision_benchmark/results/embeddings/WP2_dimension_sensitivity/celltype_7/pCMF/dim_50/seed_2.csv,planned_full_grid,probabilistic count matrix factorization,,,,100.0,20.0,1.0,False,False,,,pCMF,pCMF,pCMF,revision_dimension_sensitivity,revision_benchmark\results\source_data\wp2_dimension_sensitivity_long.csv
2000.0,11,-0.0001490554830198,0.0102335130168122,0.0097098852096902,0.0108168356633832,-0.0774355000024898,0.5058402319433786,WP2_dimension_sensitivity,celltype_11,pCMF,scrna-dr-r,2,0,,,5000.0,2000,3000,11.46108889579773,347.8203125,datasets/simulate/celltype_11/counts_matrix.csv,datasets/simulate/celltype_11/cell_metadata.csv,revision_benchmark/results/embeddings/WP2_dimension_sensitivity/celltype_11/pCMF/dim_2/seed_0.csv,planned_full_grid,probabilistic count matrix factorization,,,,100.0,20.0,1.0,False,False,,,pCMF,pCMF,pCMF,revision_dimension_sensitivity,revision_benchmark\results\source_data\wp2_dimension_sensitivity_long.csv
2000.0,11,0.0002895157169716,0.0124846216370263,0.0117350897721537,0.0133364328801883,-0.0897134529769225,0.5053828089025326,WP2_dimension_sensitivity,celltype_11,pCMF,scrna-dr-r,2,1,,,5000.0,2000,3000,11.419520854949951,347.8203125,datasets/simulate/celltype_11/counts_matrix.csv,datasets/simulate/celltype_11/cell_metadata.csv,revision_benchmark/results/embeddings/WP2_dimension_sensitivity/celltype_11/pCMF/dim_2/seed_1.csv,planned_full_grid,probabilistic count matrix factorization,,,,100.0,20.0,1.0,False,False,,,pCMF,pCMF,pCMF,revision_dimension_sensitivity,revision_benchmark\results\source_data\wp2_dimension_sensitivity_long.csv
2000.0,11,-0.0001229042247954,0.0128854389340624,0.0122211244446543,0.0136261263572726,-0.1335659541401029,0.5060006821864074,WP2_dimension_sensitivity,celltype_11,pCMF,scrna-dr-r,2,2,,,5000.0,2000,3000,11.310359954833984,347.8203125,datasets/simulate/celltype_11/counts_matrix.csv,datasets/simulate/celltype_11/cell_metadata.csv,revision_benchmark/results/embeddings/WP2_dimension_sensitivity/celltype_11/pCMF/dim_2/seed_2.csv,planned_full_grid,probabilistic count matrix factorization,,,,100.0,20.0,1.0,False,False,,,pCMF,pCMF,pCMF,revision_dimension_sensitivity,revision_benchmark\results\source_data\wp2_dimension_sensitivity_long.csv
2000.0,11,0.0001589905842636,0.0120398262372673,0.0111599650797379,0.0130702998131899,-0.0496122166810468,0.4994898951138398,WP2_dimension_sensitivity,celltype_11,pCMF,scrna-dr-r,5,0,,,5000.0,2000,3000,16.31191062927246,350.859375,datasets/simulate/celltype_11/counts_matrix.csv,datasets/simulate/celltype_11/cell_metadata.csv,revision_benchmark/results/embeddings/WP2_dimension_sensitivity/celltype_11/pCMF/dim_5/seed_0.csv,planned_full_grid,probabilistic count matrix factorization,,,,100.0,20.0,1.0,False,False,,,pCMF,pCMF,pCMF,revision_dimension_sensitivity,revision_benchmark\results\source_data\wp2_dimension_sensitivity_long.csv
2000.0,11,0.0014930126847634,0.0137324152464011,0.0127415705285937,0.0148903599834951,-0.0503086311317353,0.5003951308945169,WP2_dimension_sensitivity,celltype_11,pCMF,scrna-dr-r,5,1,,,5000.0,2000,3000,16.083429098129272,350.859375,datasets/simulate/celltype_11/counts_matrix.csv,datasets/simulate/celltype_11/cell_metadata.csv,revision_benchmark/results/embeddings/WP2_dimension_sensitivity/celltype_11/pCMF/dim_5/seed_1.csv,planned_full_grid,probabilistic count matrix factorization,,,,100.0,20.0,1.0,False,False,,,pCMF,pCMF,pCMF,revision_dimension_sensitivity,revision_benchmark\results\source_data\wp2_dimension_sensitivity_long.csv
2000.0,11,-3.643282042955812e-05,0.0110386005442357,0.0102282435099079,0.0119884110588719,-0.0531700370719936,0.503776046729769,WP2_dimension_sensitivity,celltype_11,pCMF,scrna-dr-r,5,2,,,5000.0,2000,3000,16.22816777229309,350.859375,datasets/simulate/celltype_11/counts_matrix.csv,datasets/simulate/celltype_11/cell_metadata.csv,revision_benchmark/results/embeddings/WP2_dimension_sensitivity/celltype_11/pCMF/dim_5/seed_2.csv,planned_full_grid,probabilistic count matrix factorization,,,,100.0,20.0,1.0,False,False,,,pCMF,pCMF,pCMF,revision_dimension_sensitivity,revision_benchmark\results\source_data\wp2_dimension_sensitivity_long.csv
2000.0,11,0.0019137138052909,0.0155857221373088,0.015515988341386,0.0156560855748421,-0.0227251157005409,0.4975534919416731,WP2_dimension_sensitivity,celltype_11,pCMF,scrna-dr-r,10,0,,,5000.0,2000,3000,30.326322317123413,350.859375,datasets/simulate/celltype_11/counts_matrix.csv,datasets/simulate/celltype_11/cell_metadata.csv,revision_benchmark/results/embeddings/WP2_dimension_sensitivity/celltype_11/pCMF/dim_10/seed_0.csv,planned_full_grid,probabilistic count matrix factorization,,,,100.0,20.0,1.0,False,False,,,pCMF,pCMF,pCMF,revision_dimension_sensitivity,revision_benchmark\results\source_data\wp2_dimension_sensitivity_long.csv
2000.0,11,-0.0001639781231228,0.0110729048125852,0.0110247138191828,0.0111215189585437,-0.0269381718438391,0.5063931099172849,WP2_dimension_sensitivity,celltype_11,pCMF,scrna-dr-r,10,1,,,5000.0,2000,3000,30.062310218811035,350.859375,datasets/simulate/celltype_11/counts_matrix.csv,datasets/simulate/celltype_11/cell_metadata.csv,revision_benchmark/results/embeddings/WP2_dimension_sensitivity/celltype_11/pCMF/dim_10/seed_1.csv,planned_full_grid,probabilistic count matrix factorization,,,,100.0,20.0,1.0,False,False,,,pCMF,pCMF,pCMF,revision_dimension_sensitivity,revision_benchmark\results\source_data\wp2_dimension_sensitivity_long.csv
2000.0,11,-0.0004156844193774,0.0096544020110098,0.0096238034796522,0.0096851957368047,-0.025578454306705,0.5020336829538672,WP2_dimension_sensitivity,celltype_11,pCMF,scrna-dr-r,10,2,,,5000.0,2000,3000,29.537050247192383,350.859375,datasets/simulate/celltype_11/counts_matrix.csv,datasets/simulate/celltype_11/cell_metadata.csv,revision_benchmark/results/embeddings/WP2_dimension_sensitivity/celltype_11/pCMF/dim_10/seed_2.csv,planned_full_grid,probabilistic count matrix factorization,,,,100.0,20.0,1.0,False,False,,,pCMF,pCMF,pCMF,revision_dimension_sensitivity,revision_benchmark\results\source_data\wp2_dimension_sensitivity_long.csv
2000.0,11,-0.0009647872074998,0.0092964936546871,0.0093337875193587,0.0092594966249879,-0.0146991054924899,0.5025470964441033,WP2_dimension_sensitivity,celltype_11,pCMF,scrna-dr-r,20,0,,,5000.0,2000,3000,75.48506808280945,351.13671875,datasets/simulate/celltype_11/counts_matrix.csv,datasets/simulate/celltype_11/cell_metadata.csv,revision_benchmark/results/embeddings/WP2_dimension_sensitivity/celltype_11/pCMF/dim_20/seed_0.csv,planned_full_grid,probabilistic count matrix factorization,,,,100.0,20.0,1.0,False,False,,,pCMF,pCMF,pCMF,revision_dimension_sensitivity,revision_benchmark\results\source_data\wp2_dimension_sensitivity_long.csv
2000.0,11,-0.0007082519107487,0.0091492470526508,0.0092024913522131,0.0090966153365811,-0.0169791903630865,0.5002800119382621,WP2_dimension_sensitivity,celltype_11,pCMF,scrna-dr-r,20,1,,,5000.0,2000,3000,75.6304235458374,351.13671875,datasets/simulate/celltype_11/counts_matrix.csv,datasets/simulate/celltype_11/cell_metadata.csv,revision_benchmark/results/embeddings/WP2_dimension_sensitivity/celltype_11/pCMF/dim_20/seed_1.csv,planned_full_grid,probabilistic count matrix factorization,,,,100.0,20.0,1.0,False,False,,,pCMF,pCMF,pCMF,revision_dimension_sensitivity,revision_benchmark\results\source_data\wp2_dimension_sensitivity_long.csv
2000.0,11,0.0004989759693243,0.0116718757238715,0.0117382151960308,0.0116062818834942,-0.0149787381677142,0.4998191694380489,WP2_dimension_sensitivity,celltype_11,pCMF,scrna-dr-r,20,2,,,5000.0,2000,3000,75.00634789466858,351.13671875,datasets/simulate/celltype_11/counts_matrix.csv,datasets/simulate/celltype_11/cell_metadata.csv,revision_benchmark/results/embeddings/WP2_dimension_sensitivity/celltype_11/pCMF/dim_20/seed_2.csv,planned_full_grid,probabilistic count matrix factorization,,,,100.0,20.0,1.0,False,False,,,pCMF,pCMF,pCMF,revision_dimension_sensitivity,revision_benchmark\results\source_data\wp2_dimension_sensitivity_long.csv
2000.0,11,0.0008744763476229,0.0120171340500744,0.0120823162731406,0.0119526513491699,-0.0083868293608813,0.4941909525027713,WP2_dimension_sensitivity,celltype_11,pCMF,scrna-dr-r,50,0,,,5000.0,2000,3000,351.13891792297363,351.13671875,datasets/simulate/celltype_11/counts_matrix.csv,datasets/simulate/celltype_11/cell_metadata.csv,revision_benchmark/results/embeddings/WP2_dimension_sensitivity/celltype_11/pCMF/dim_50/seed_0.csv,planned_full_grid,probabilistic count matrix factorization,,,,100.0,20.0,1.0,False,False,,,pCMF,pCMF,pCMF,revision_dimension_sensitivity,revision_benchmark\results\source_data\wp2_dimension_sensitivity_long.csv
2000.0,11,-0.0003778094091481,0.0094656697325629,0.0095193810742156,0.0094125611027815,-0.0087310649611046,0.5020012364628634,WP2_dimension_sensitivity,celltype_11,pCMF,scrna-dr-r,50,1,,,5000.0,2000,3000,352.6391406059265,351.13671875,datasets/simulate/celltype_11/counts_matrix.csv,datasets/simulate/celltype_11/cell_metadata.csv,revision_benchmark/results/embeddings/WP2_dimension_sensitivity/celltype_11/pCMF/dim_50/seed_1.csv,planned_full_grid,probabilistic count matrix factorization,,,,100.0,20.0,1.0,False,False,,,pCMF,pCMF,pCMF,revision_dimension_sensitivity,revision_benchmark\results\source_data\wp2_dimension_sensitivity_long.csv
2000.0,11,-0.0005116926908213,0.0097224213819392,0.009774599680378,0.0096707971969308,-0.0087030514573592,0.4953713993348682,WP2_dimension_sensitivity,celltype_11,pCMF,scrna-dr-r,50,2,,,5000.0,2000,3000,352.14968848228455,351.13671875,datasets/simulate/celltype_11/counts_matrix.csv,datasets/simulate/celltype_11/cell_metadata.csv,revision_benchmark/results/embeddings/WP2_dimension_sensitivity/celltype_11/pCMF/dim_50/seed_2.csv,planned_full_grid,probabilistic count matrix factorization,,,,100.0,20.0,1.0,False,False,,,pCMF,pCMF,pCMF,revision_dimension_sensitivity,revision_benchmark\results\source_data\wp2_dimension_sensitivity_long.csv
2000.0,15,0.0001535363783284,0.0187112788214749,0.0180312484528475,0.0194446128025646,-0.1508282757115605,0.5052783746908842,WP2_dimension_sensitivity,celltype_15,pCMF,scrna-dr-r,2,0,,,5000.0,2000,3000,11.52531623840332,351.13671875,datasets/simulate/celltype_15/counts_matrix.csv,datasets/simulate/celltype_15/cell_metadata.csv,revision_benchmark/results/embeddings/WP2_dimension_sensitivity/celltype_15/pCMF/dim_2/seed_0.csv,planned_full_grid,probabilistic count matrix factorization,,,,100.0,20.0,1.0,False,False,,,pCMF,pCMF,pCMF,revision_dimension_sensitivity,revision_benchmark\results\source_data\wp2_dimension_sensitivity_long.csv
2000.0,15,-0.0004759927483936,0.021956125641967,0.0212632896978889,0.0226956325687228,-0.115361438749879,0.5067838833461242,WP2_dimension_sensitivity,celltype_15,pCMF,scrna-dr-r,2,1,,,5000.0,2000,3000,11.449426889419556,351.13671875,datasets/simulate/celltype_15/counts_matrix.csv,datasets/simulate/celltype_15/cell_metadata.csv,revision_benchmark/results/embeddings/WP2_dimension_sensitivity/celltype_15/pCMF/dim_2/seed_1.csv,planned_full_grid,probabilistic count matrix factorization,,,,100.0,20.0,1.0,False,False,,,pCMF,pCMF,pCMF,revision_dimension_sensitivity,revision_benchmark\results\source_data\wp2_dimension_sensitivity_long.csv
2000.0,15,-1.9620512463415515e-08,0.0195119987713263,0.0187897928981727,0.0202919413331142,-0.1500652202064976,0.5069876353713652,WP2_dimension_sensitivity,celltype_15,pCMF,scrna-dr-r,2,2,,,5000.0,2000,3000,11.437854528427124,351.13671875,datasets/simulate/celltype_15/counts_matrix.csv,datasets/simulate/celltype_15/cell_metadata.csv,revision_benchmark/results/embeddings/WP2_dimension_sensitivity/celltype_15/pCMF/dim_2/seed_2.csv,planned_full_grid,probabilistic count matrix factorization,,,,100.0,20.0,1.0,False,False,,,pCMF,pCMF,pCMF,revision_dimension_sensitivity,revision_benchmark\results\source_data\wp2_dimension_sensitivity_long.csv
2000.0,15,-0.000935539987465,0.01992236197936,0.0186778957375725,0.0213444979363717,-0.0756831985603202,0.5002159802165942,WP2_dimension_sensitivity,celltype_15,pCMF,scrna-dr-r,5,0,,,5000.0,2000,3000,16.403502225875854,351.13671875,datasets/simulate/celltype_15/counts_matrix.csv,datasets/simulate/celltype_15/cell_metadata.csv,revision_benchmark/results/embeddings/WP2_dimension_sensitivity/celltype_15/pCMF/dim_5/seed_0.csv,planned_full_grid,probabilistic count matrix factorization,,,,100.0,20.0,1.0,False,False,,,pCMF,pCMF,pCMF,revision_dimension_sensitivity,revision_benchmark\results\source_data\wp2_dimension_sensitivity_long.csv
2000.0,15,0.0011484774995594,0.0235947943704066,0.0220359273343109,0.0253910066504812,-0.0543942814182199,0.5024987294278161,WP2_dimension_sensitivity,celltype_15,pCMF,scrna-dr-r,5,1,,,5000.0,2000,3000,16.381282806396484,351.13671875,datasets/simulate/celltype_15/counts_matrix.csv,datasets/simulate/celltype_15/cell_metadata.csv,revision_benchmark/results/embeddings/WP2_dimension_sensitivity/celltype_15/pCMF/dim_5/seed_1.csv,planned_full_grid,probabilistic count matrix factorization,,,,100.0,20.0,1.0,False,False,,,pCMF,pCMF,pCMF,revision_dimension_sensitivity,revision_benchmark\results\source_data\wp2_dimension_sensitivity_long.csv
2000.0,15,-0.0018967770199399,0.0210911694466119,0.0196567814755138,0.0227513750471157,-0.0609161957631207,0.5072136352008185,WP2_dimension_sensitivity,celltype_15,pCMF,scrna-dr-r,5,2,,,5000.0,2000,3000,16.33666706085205,351.13671875,datasets/simulate/celltype_15/counts_matrix.csv,datasets/simulate/celltype_15/cell_metadata.csv,revision_benchmark/results/embeddings/WP2_dimension_sensitivity/celltype_15/pCMF/dim_5/seed_2.csv,planned_full_grid,probabilistic count matrix factorization,,,,100.0,20.0,1.0,False,False,,,pCMF,pCMF,pCMF,revision_dimension_sensitivity,revision_benchmark\results\source_data\wp2_dimension_sensitivity_long.csv
2000.0,15,0.0014617205801975,0.0239077357432191,0.023896275859193,0.0239192066241013,-0.0377094404942444,0.4976543276200221,WP2_dimension_sensitivity,celltype_15,pCMF,scrna-dr-r,10,0,,,5000.0,2000,3000,30.355778455734253,351.13671875,datasets/simulate/celltype_15/counts_matrix.csv,datasets/simulate/celltype_15/cell_metadata.csv,revision_benchmark/results/embeddings/WP2_dimension_sensitivity/celltype_15/pCMF/dim_10/seed_0.csv,planned_full_grid,probabilistic count matrix factorization,,,,100.0,20.0,1.0,False,False,,,pCMF,pCMF,pCMF,revision_dimension_sensitivity,revision_benchmark\results\source_data\wp2_dimension_sensitivity_long.csv
2000.0,15,-0.000252471101155,0.0196327884356322,0.0196127454878478,0.0196528723904962,-0.0341596455350645,0.505410190159461,WP2_dimension_sensitivity,celltype_15,pCMF,scrna-dr-r,10,1,,,5000.0,2000,3000,30.50860977172852,351.13671875,datasets/simulate/celltype_15/counts_matrix.csv,datasets/simulate/celltype_15/cell_metadata.csv,revision_benchmark/results/embeddings/WP2_dimension_sensitivity/celltype_15/pCMF/dim_10/seed_1.csv,planned_full_grid,probabilistic count matrix factorization,,,,100.0,20.0,1.0,False,False,,,pCMF,pCMF,pCMF,revision_dimension_sensitivity,revision_benchmark\results\source_data\wp2_dimension_sensitivity_long.csv
2000.0,15,-0.0007191905051221,0.01870202053591,0.0185702089031147,0.0188357167475312,-0.0347037210369215,0.4996529035558966,WP2_dimension_sensitivity,celltype_15,pCMF,scrna-dr-r,10,2,,,5000.0,2000,3000,30.175387382507324,351.13671875,datasets/simulate/celltype_15/counts_matrix.csv,datasets/simulate/celltype_15/cell_metadata.csv,revision_benchmark/results/embeddings/WP2_dimension_sensitivity/celltype_15/pCMF/dim_10/seed_2.csv,planned_full_grid,probabilistic count matrix factorization,,,,100.0,20.0,1.0,False,False,,,pCMF,pCMF,pCMF,revision_dimension_sensitivity,revision_benchmark\results\source_data\wp2_dimension_sensitivity_long.csv
2000.0,15,-0.0001364059510674,0.0181668453995851,0.0184008661918533,0.0179387023710254,-0.0195677383719637,0.5011320542338193,WP2_dimension_sensitivity,celltype_15,pCMF,scrna-dr-r,20,0,,,5000.0,2000,3000,75.15692114830017,351.13671875,datasets/simulate/celltype_15/counts_matrix.csv,datasets/simulate/celltype_15/cell_metadata.csv,revision_benchmark/results/embeddings/WP2_dimension_sensitivity/celltype_15/pCMF/dim_20/seed_0.csv,planned_full_grid,probabilistic count matrix factorization,,,,100.0,20.0,1.0,False,False,,,pCMF,pCMF,pCMF,revision_dimension_sensitivity,revision_benchmark\results\source_data\wp2_dimension_sensitivity_long.csv
2000.0,15,-0.000259520264168,0.0184928323666309,0.0187315734021557,0.0182601004336152,-0.0196252437329728,0.4998733265114692,WP2_dimension_sensitivity,celltype_15,pCMF,scrna-dr-r,20,1,,,5000.0,2000,3000,75.22719693183899,351.13671875,datasets/simulate/celltype_15/counts_matrix.csv,datasets/simulate/celltype_15/cell_metadata.csv,revision_benchmark/results/embeddings/WP2_dimension_sensitivity/celltype_15/pCMF/dim_20/seed_1.csv,planned_full_grid,probabilistic count matrix factorization,,,,100.0,20.0,1.0,False,False,,,pCMF,pCMF,pCMF,revision_dimension_sensitivity,revision_benchmark\results\source_data\wp2_dimension_sensitivity_long.csv
2000.0,15,6.417955734261994e-05,0.0193014906490885,0.0195460780233542,0.0190629488505979,-0.0202609835712235,0.4987684659333162,WP2_dimension_sensitivity,celltype_15,pCMF,scrna-dr-r,20,2,,,5000.0,2000,3000,75.38749623298645,351.13671875,datasets/simulate/celltype_15/counts_matrix.csv,datasets/simulate/celltype_15/cell_metadata.csv,revision_benchmark/results/embeddings/WP2_dimension_sensitivity/celltype_15/pCMF/dim_20/seed_2.csv,planned_full_grid,probabilistic count matrix factorization,,,,100.0,20.0,1.0,False,False,,,pCMF,pCMF,pCMF,revision_dimension_sensitivity,revision_benchmark\results\source_data\wp2_dimension_sensitivity_long.csv
2000.0,15,-0.0011140363595708,0.01528155685713,0.015480176052916,0.015087969882801,-0.0113812167966407,0.4935971007077684,WP2_dimension_sensitivity,celltype_15,pCMF,scrna-dr-r,50,0,,,5000.0,2000,3000,353.3949840068817,351.13671875,datasets/simulate/celltype_15/counts_matrix.csv,datasets/simulate/celltype_15/cell_metadata.csv,revision_benchmark/results/embeddings/WP2_dimension_sensitivity/celltype_15/pCMF/dim_50/seed_0.csv,planned_full_grid,probabilistic count matrix factorization,,,,100.0,20.0,1.0,False,False,,,pCMF,pCMF,pCMF,revision_dimension_sensitivity,revision_benchmark\results\source_data\wp2_dimension_sensitivity_long.csv
2000.0,15,1.7876349837897627e-05,0.0185268517561197,0.0187656197459452,0.0182940834494999,-0.0113600468171391,0.5020288394303744,WP2_dimension_sensitivity,celltype_15,pCMF,scrna-dr-r,50,1,,,5000.0,2000,3000,352.42250537872314,351.13671875,datasets/simulate/celltype_15/counts_matrix.csv,datasets/simulate/celltype_15/cell_metadata.csv,revision_benchmark/results/embeddings/WP2_dimension_sensitivity/celltype_15/pCMF/dim_50/seed_1.csv,planned_full_grid,probabilistic count matrix factorization,,,,100.0,20.0,1.0,False,False,,,pCMF,pCMF,pCMF,revision_dimension_sensitivity,revision_benchmark\results\source_data\wp2_dimension_sensitivity_long.csv
2000.0,15,-6.914529707614372e-05,0.0175562259135713,0.0177840260137732,0.017334187903823,-0.0115662279941607,0.4956274665302294,WP2_dimension_sensitivity,celltype_15,pCMF,scrna-dr-r,50,2,,,5000.0,2000,3000,357.0552773475647,351.13671875,datasets/simulate/celltype_15/counts_matrix.csv,datasets/simulate/celltype_15/cell_metadata.csv,revision_benchmark/results/embeddings/WP2_dimension_sensitivity/celltype_15/pCMF/dim_50/seed_2.csv,planned_full_grid,probabilistic count matrix factorization,,,,100.0,20.0,1.0,False,False,,,pCMF,pCMF,pCMF,revision_dimension_sensitivity,revision_benchmark\results\source_data\wp2_dimension_sensitivity_long.csv
2000.0,5,-0.0001541829364903,0.0027040858235068,0.0024291651490463,0.0030491762285967,-0.0353079649136246,0.5127826298286007,WP2_dimension_sensitivity,dropout_0,pCMF,scrna-dr-r,2,0,,,5000.0,2000,3000,10.87247395515442,351.13671875,datasets/simulate/dropout_0/counts_matrix.csv,datasets/simulate/dropout_0/cell_metadata.csv,revision_benchmark/results/embeddings/WP2_dimension_sensitivity/dropout_0/pCMF/dim_2/seed_0.csv,planned_full_grid,probabilistic count matrix factorization,,,,100.0,20.0,1.0,False,False,,,pCMF,pCMF,pCMF,revision_dimension_sensitivity,revision_benchmark\results\source_data\wp2_dimension_sensitivity_long.csv
2000.0,5,-0.0011001964640308,0.0036889977882157,0.0034722536392843,0.0039346025663268,-0.0464441361204938,0.5123567323271083,WP2_dimension_sensitivity,dropout_0,pCMF,scrna-dr-r,2,1,,,5000.0,2000,3000,10.970571279525757,351.13671875,datasets/simulate/dropout_0/counts_matrix.csv,datasets/simulate/dropout_0/cell_metadata.csv,revision_benchmark/results/embeddings/WP2_dimension_sensitivity/dropout_0/pCMF/dim_2/seed_1.csv,planned_full_grid,probabilistic count matrix factorization,,,,100.0,20.0,1.0,False,False,,,pCMF,pCMF,pCMF,revision_dimension_sensitivity,revision_benchmark\results\source_data\wp2_dimension_sensitivity_long.csv
2000.0,5,-0.0007883954744414,0.0032755554097425,0.0030738340228244,0.0035056123970347,-0.0423475208776967,0.5120900656604417,WP2_dimension_sensitivity,dropout_0,pCMF,scrna-dr-r,2,2,,,5000.0,2000,3000,10.993299722671509,351.13671875,datasets/simulate/dropout_0/counts_matrix.csv,datasets/simulate/dropout_0/cell_metadata.csv,revision_benchmark/results/embeddings/WP2_dimension_sensitivity/dropout_0/pCMF/dim_2/seed_2.csv,planned_full_grid,probabilistic count matrix factorization,,,,100.0,20.0,1.0,False,False,,,pCMF,pCMF,pCMF,revision_dimension_sensitivity,revision_benchmark\results\source_data\wp2_dimension_sensitivity_long.csv
2000.0,5,-0.0010182550328905,0.002149988263582,0.0020554431219165,0.0022536504362227,-0.0233696551008331,0.4994441033512407,WP2_dimension_sensitivity,dropout_0,pCMF,scrna-dr-r,5,0,,,5000.0,2000,3000,15.508246660232544,351.13671875,datasets/simulate/dropout_0/counts_matrix.csv,datasets/simulate/dropout_0/cell_metadata.csv,revision_benchmark/results/embeddings/WP2_dimension_sensitivity/dropout_0/pCMF/dim_5/seed_0.csv,planned_full_grid,probabilistic count matrix factorization,,,,100.0,20.0,1.0,False,False,,,pCMF,pCMF,pCMF,revision_dimension_sensitivity,revision_benchmark\results\source_data\wp2_dimension_sensitivity_long.csv
2000.0,5,0.0041316282683896,0.0028758308224203,0.0026983598366972,0.0030782897807479,-0.0201129220789168,0.5033825104459794,WP2_dimension_sensitivity,dropout_0,pCMF,scrna-dr-r,5,1,,,5000.0,2000,3000,15.37929654121399,351.13671875,datasets/simulate/dropout_0/counts_matrix.csv,datasets/simulate/dropout_0/cell_metadata.csv,revision_benchmark/results/embeddings/WP2_dimension_sensitivity/dropout_0/pCMF/dim_5/seed_1.csv,planned_full_grid,probabilistic count matrix factorization,,,,100.0,20.0,1.0,False,False,,,pCMF,pCMF,pCMF,revision_dimension_sensitivity,revision_benchmark\results\source_data\wp2_dimension_sensitivity_long.csv
2000.0,5,-0.0025171776554576,0.0025930183290668,0.0024863791717826,0.0027092147571429,-0.0183608432406854,0.5061435490747846,WP2_dimension_sensitivity,dropout_0,pCMF,scrna-dr-r,5,2,,,5000.0,2000,3000,15.496230363845823,351.13671875,datasets/simulate/dropout_0/counts_matrix.csv,datasets/simulate/dropout_0/cell_metadata.csv,revision_benchmark/results/embeddings/WP2_dimension_sensitivity/dropout_0/pCMF/dim_5/seed_2.csv,planned_full_grid,probabilistic count matrix factorization,,,,100.0,20.0,1.0,False,False,,,pCMF,pCMF,pCMF,revision_dimension_sensitivity,revision_benchmark\results\source_data\wp2_dimension_sensitivity_long.csv
2000.0,5,0.0002726853510203,0.0052506251562417,0.0052803849173763,0.0052211989616808,-0.0143519054437252,0.4989968448878655,WP2_dimension_sensitivity,dropout_0,pCMF,scrna-dr-r,10,0,,,5000.0,2000,3000,28.31605291366577,351.17578125,datasets/simulate/dropout_0/counts_matrix.csv,datasets/simulate/dropout_0/cell_metadata.csv,revision_benchmark/results/embeddings/WP2_dimension_sensitivity/dropout_0/pCMF/dim_10/seed_0.csv,planned_full_grid,probabilistic count matrix factorization,,,,100.0,20.0,1.0,False,False,,,pCMF,pCMF,pCMF,revision_dimension_sensitivity,revision_benchmark\results\source_data\wp2_dimension_sensitivity_long.csv
2000.0,5,0.0007153571576111,0.0014009650540451,0.0014044573257112,0.001397490106808,-0.0119225567885333,0.5055909098661209,WP2_dimension_sensitivity,dropout_0,pCMF,scrna-dr-r,10,1,,,5000.0,2000,3000,28.27822637557984,351.17578125,datasets/simulate/dropout_0/counts_matrix.csv,datasets/simulate/dropout_0/cell_metadata.csv,revision_benchmark/results/embeddings/WP2_dimension_sensitivity/dropout_0/pCMF/dim_10/seed_1.csv,planned_full_grid,probabilistic count matrix factorization,,,,100.0,20.0,1.0,False,False,,,pCMF,pCMF,pCMF,revision_dimension_sensitivity,revision_benchmark\results\source_data\wp2_dimension_sensitivity_long.csv
2000.0,5,0.0009885113863776,0.0024832654629364,0.0024964462840706,0.0024702230958741,-0.0117429704333906,0.5015619084164749,WP2_dimension_sensitivity,dropout_0,pCMF,scrna-dr-r,10,2,,,5000.0,2000,3000,28.278924703598022,351.19921875,datasets/simulate/dropout_0/counts_matrix.csv,datasets/simulate/dropout_0/cell_metadata.csv,revision_benchmark/results/embeddings/WP2_dimension_sensitivity/dropout_0/pCMF/dim_10/seed_2.csv,planned_full_grid,probabilistic count matrix factorization,,,,100.0,20.0,1.0,False,False,,,pCMF,pCMF,pCMF,revision_dimension_sensitivity,revision_benchmark\results\source_data\wp2_dimension_sensitivity_long.csv
2000.0,5,-0.0009486537426206,0.0012948193498429,0.0013200047639406,0.0012705770069832,-0.006555811690695,0.5009327278928968,WP2_dimension_sensitivity,dropout_0,pCMF,scrna-dr-r,20,0,,,5000.0,2000,3000,69.79690074920654,351.45703125,datasets/simulate/dropout_0/counts_matrix.csv,datasets/simulate/dropout_0/cell_metadata.csv,revision_benchmark/results/embeddings/WP2_dimension_sensitivity/dropout_0/pCMF/dim_20/seed_0.csv,planned_full_grid,probabilistic count matrix factorization,,,,100.0,20.0,1.0,False,False,,,pCMF,pCMF,pCMF,revision_dimension_sensitivity,revision_benchmark\results\source_data\wp2_dimension_sensitivity_long.csv
2000.0,5,0.00032622623087,0.0027901612884938,0.0028224741331361,0.0027585799309551,-0.0082886928102899,0.5019003581478638,WP2_dimension_sensitivity,dropout_0,pCMF,scrna-dr-r,20,1,,,5000.0,2000,3000,70.09522342681885,351.45703125,datasets/simulate/dropout_0/counts_matrix.csv,datasets/simulate/dropout_0/cell_metadata.csv,revision_benchmark/results/embeddings/WP2_dimension_sensitivity/dropout_0/pCMF/dim_20/seed_1.csv,planned_full_grid,probabilistic count matrix factorization,,,,100.0,20.0,1.0,False,False,,,pCMF,pCMF,pCMF,revision_dimension_sensitivity,revision_benchmark\results\source_data\wp2_dimension_sensitivity_long.csv
2000.0,5,0.0008158382525265,0.0026214047466798,0.0026639787767739,0.0025801700941392,-0.007402286398378,0.499413311162275,WP2_dimension_sensitivity,dropout_0,pCMF,scrna-dr-r,20,2,,,5000.0,2000,3000,69.61848664283752,351.45703125,datasets/simulate/dropout_0/counts_matrix.csv,datasets/simulate/dropout_0/cell_metadata.csv,revision_benchmark/results/embeddings/WP2_dimension_sensitivity/dropout_0/pCMF/dim_20/seed_2.csv,planned_full_grid,probabilistic count matrix factorization,,,,100.0,20.0,1.0,False,False,,,pCMF,pCMF,pCMF,revision_dimension_sensitivity,revision_benchmark\results\source_data\wp2_dimension_sensitivity_long.csv
2000.0,5,-0.0007270668795682,0.0017637411100658,0.0018048488443282,0.0017244642377379,-0.0041138635543947,0.4963293851795003,WP2_dimension_sensitivity,dropout_0,pCMF,scrna-dr-r,50,0,,,5000.0,2000,3000,323.6563000679016,351.45703125,datasets/simulate/dropout_0/counts_matrix.csv,datasets/simulate/dropout_0/cell_metadata.csv,revision_benchmark/results/embeddings/WP2_dimension_sensitivity/dropout_0/pCMF/dim_50/seed_0.csv,planned_full_grid,probabilistic count matrix factorization,,,,100.0,20.0,1.0,False,False,,,pCMF,pCMF,pCMF,revision_dimension_sensitivity,revision_benchmark\results\source_data\wp2_dimension_sensitivity_long.csv
2000.0,5,-0.0005296752872943,0.0018827671992034,0.0019268033072362,0.001840698962115,-0.0041227593095112,0.500754583439925,WP2_dimension_sensitivity,dropout_0,pCMF,scrna-dr-r,50,1,,,5000.0,2000,3000,324.98371839523315,351.45703125,datasets/simulate/dropout_0/counts_matrix.csv,datasets/simulate/dropout_0/cell_metadata.csv,revision_benchmark/results/embeddings/WP2_dimension_sensitivity/dropout_0/pCMF/dim_50/seed_1.csv,planned_full_grid,probabilistic count matrix factorization,,,,100.0,20.0,1.0,False,False,,,pCMF,pCMF,pCMF,revision_dimension_sensitivity,revision_benchmark\results\source_data\wp2_dimension_sensitivity_long.csv
2000.0,5,0.0008503918045765,0.0033463105565199,0.0034235570853184,0.0032724729742772,-0.0041153239956051,0.4961271851283363,WP2_dimension_sensitivity,dropout_0,pCMF,scrna-dr-r,50,2,,,5000.0,2000,3000,322.76266717910767,351.45703125,datasets/simulate/dropout_0/counts_matrix.csv,datasets/simulate/dropout_0/cell_metadata.csv,revision_benchmark/results/embeddings/WP2_dimension_sensitivity/dropout_0/pCMF/dim_50/seed_2.csv,planned_full_grid,probabilistic count matrix factorization,,,,100.0,20.0,1.0,False,False,,,pCMF,pCMF,pCMF,revision_dimension_sensitivity,revision_benchmark\results\source_data\wp2_dimension_sensitivity_long.csv
2000.0,5,0.0004936742043788,0.0026791874699044,0.002713807913824,0.0026454392154555,-0.0667121688396756,0.7618997782894176,WP2_dimension_sensitivity,batch_1.0,pCMF,scrna-dr-r,2,0,,,5000.0,2000,3000,14.242160320281982,351.45703125,datasets/simulate/batch_1.0/counts_matrix.csv,datasets/simulate/batch_1.0/cell_metadata.csv,revision_benchmark/results/embeddings/WP2_dimension_sensitivity/batch_1.0/pCMF/dim_2/seed_0.csv,planned_full_grid,probabilistic count matrix factorization,,,,100.0,20.0,1.0,False,False,,,pCMF,pCMF,pCMF,revision_dimension_sensitivity,revision_benchmark\results\source_data\wp2_dimension_sensitivity_long.csv
2000.0,5,0.0015382890308913,0.0028210706862241,0.0028483007547615,0.0027943563322996,-0.0666091199869167,0.7621664023194338,WP2_dimension_sensitivity,batch_1.0,pCMF,scrna-dr-r,2,1,,,5000.0,2000,3000,14.652780055999756,351.45703125,datasets/simulate/batch_1.0/counts_matrix.csv,datasets/simulate/batch_1.0/cell_metadata.csv,revision_benchmark/results/embeddings/WP2_dimension_sensitivity/batch_1.0/pCMF/dim_2/seed_1.csv,planned_full_grid,probabilistic count matrix factorization,,,,100.0,20.0,1.0,False,False,,,pCMF,pCMF,pCMF,revision_dimension_sensitivity,revision_benchmark\results\source_data\wp2_dimension_sensitivity_long.csv
2000.0,5,0.0021304143571331,0.0038122842275156,0.0038588638075872,0.003766815741404,-0.0665262156191789,0.7619865353457832,WP2_dimension_sensitivity,batch_1.0,pCMF,scrna-dr-r,2,2,,,5000.0,2000,3000,14.254885911941528,351.45703125,datasets/simulate/batch_1.0/counts_matrix.csv,datasets/simulate/batch_1.0/cell_metadata.csv,revision_benchmark/results/embeddings/WP2_dimension_sensitivity/batch_1.0/pCMF/dim_2/seed_2.csv,planned_full_grid,probabilistic count matrix factorization,,,,100.0,20.0,1.0,False,False,,,pCMF,pCMF,pCMF,revision_dimension_sensitivity,revision_benchmark\results\source_data\wp2_dimension_sensitivity_long.csv
2000.0,5,-0.0012865669019601,0.0022754363934328,0.0022503255327685,0.0023011139907191,-0.0223213055372388,0.7578232625564936,WP2_dimension_sensitivity,batch_1.0,pCMF,scrna-dr-r,5,0,,,5000.0,2000,3000,21.74034595489502,351.45703125,datasets/simulate/batch_1.0/counts_matrix.csv,datasets/simulate/batch_1.0/cell_metadata.csv,revision_benchmark/results/embeddings/WP2_dimension_sensitivity/batch_1.0/pCMF/dim_5/seed_0.csv,planned_full_grid,probabilistic count matrix factorization,,,,100.0,20.0,1.0,False,False,,,pCMF,pCMF,pCMF,revision_dimension_sensitivity,revision_benchmark\results\source_data\wp2_dimension_sensitivity_long.csv
2000.0,5,0.0017288313117088,0.0034276794492135,0.0031675306009741,0.0037343838783818,-0.0264854952575079,0.7562880276285495,WP2_dimension_sensitivity,batch_1.0,pCMF,scrna-dr-r,5,1,,,5000.0,2000,3000,20.26827120780945,351.45703125,datasets/simulate/batch_1.0/counts_matrix.csv,datasets/simulate/batch_1.0/cell_metadata.csv,revision_benchmark/results/embeddings/WP2_dimension_sensitivity/batch_1.0/pCMF/dim_5/seed_1.csv,planned_full_grid,probabilistic count matrix factorization,,,,100.0,20.0,1.0,False,False,,,pCMF,pCMF,pCMF,revision_dimension_sensitivity,revision_benchmark\results\source_data\wp2_dimension_sensitivity_long.csv
2000.0,5,5.801012533313093e-05,0.0022296364436443,0.0021699546420865,0.0022926940337437,-0.0319929011007893,0.7594045706489299,WP2_dimension_sensitivity,batch_1.0,pCMF,scrna-dr-r,5,2,,,5000.0,2000,3000,22.88928461074829,351.45703125,datasets/simulate/batch_1.0/counts_matrix.csv,datasets/simulate/batch_1.0/cell_metadata.csv,revision_benchmark/results/embeddings/WP2_dimension_sensitivity/batch_1.0/pCMF/dim_5/seed_2.csv,planned_full_grid,probabilistic count matrix factorization,,,,100.0,20.0,1.0,False,False,,,pCMF,pCMF,pCMF,revision_dimension_sensitivity,revision_benchmark\results\source_data\wp2_dimension_sensitivity_long.csv
2000.0,5,0.002243088957445,0.005488465514473,0.0055893817702848,0.0053911287164121,-0.0163227351957017,0.7141356357124584,WP2_dimension_sensitivity,batch_1.0,pCMF,scrna-dr-r,10,0,,,5000.0,2000,3000,36.11699652671814,351.45703125,datasets/simulate/batch_1.0/counts_matrix.csv,datasets/simulate/batch_1.0/cell_metadata.csv,revision_benchmark/results/embeddings/WP2_dimension_sensitivity/batch_1.0/pCMF/dim_10/seed_0.csv,planned_full_grid,probabilistic count matrix factorization,,,,100.0,20.0,1.0,False,False,,,pCMF,pCMF,pCMF,revision_dimension_sensitivity,revision_benchmark\results\source_data\wp2_dimension_sensitivity_long.csv
2000.0,5,-0.0010167629578185,0.0024432266337659,0.0024835557204293,0.0024041863818595,-0.0121897231569046,0.689098072823399,WP2_dimension_sensitivity,batch_1.0,pCMF,scrna-dr-r,10,1,,,5000.0,2000,3000,36.5440309047699,351.45703125,datasets/simulate/batch_1.0/counts_matrix.csv,datasets/simulate/batch_1.0/cell_metadata.csv,revision_benchmark/results/embeddings/WP2_dimension_sensitivity/batch_1.0/pCMF/dim_10/seed_1.csv,planned_full_grid,probabilistic count matrix factorization,,,,100.0,20.0,1.0,False,False,,,pCMF,pCMF,pCMF,revision_dimension_sensitivity,revision_benchmark\results\source_data\wp2_dimension_sensitivity_long.csv
2000.0,5,0.000738426172597,0.0031593665561483,0.0032185798782703,0.0031022926109194,-0.0108285226877257,0.6917787072567578,WP2_dimension_sensitivity,batch_1.0,pCMF,scrna-dr-r,10,2,,,5000.0,2000,3000,35.98535704612732,351.45703125,datasets/simulate/batch_1.0/counts_matrix.csv,datasets/simulate/batch_1.0/cell_metadata.csv,revision_benchmark/results/embeddings/WP2_dimension_sensitivity/batch_1.0/pCMF/dim_10/seed_2.csv,planned_full_grid,probabilistic count matrix factorization,,,,100.0,20.0,1.0,False,False,,,pCMF,pCMF,pCMF,revision_dimension_sensitivity,revision_benchmark\results\source_data\wp2_dimension_sensitivity_long.csv
2000.0,5,-0.0002622651516061,0.0018053317049723,0.0018458230673048,0.0017665787065073,-0.0066859712788957,0.6049461072738125,WP2_dimension_sensitivity,batch_1.0,pCMF,scrna-dr-r,20,0,,,5000.0,2000,3000,80.01483798027039,351.45703125,datasets/simulate/batch_1.0/counts_matrix.csv,datasets/simulate/batch_1.0/cell_metadata.csv,revision_benchmark/results/embeddings/WP2_dimension_sensitivity/batch_1.0/pCMF/dim_20/seed_0.csv,planned_full_grid,probabilistic count matrix factorization,,,,100.0,20.0,1.0,False,False,,,pCMF,pCMF,pCMF,revision_dimension_sensitivity,revision_benchmark\results\source_data\wp2_dimension_sensitivity_long.csv
2000.0,5,-0.0009851164198652,0.0017305451187621,0.0017688360029054,0.0016938769118298,-0.0076245319692384,0.6007815809669992,WP2_dimension_sensitivity,batch_1.0,pCMF,scrna-dr-r,20,1,,,5000.0,2000,3000,79.80214262008667,351.45703125,datasets/simulate/batch_1.0/counts_matrix.csv,datasets/simulate/batch_1.0/cell_metadata.csv,revision_benchmark/results/embeddings/WP2_dimension_sensitivity/batch_1.0/pCMF/dim_20/seed_1.csv,planned_full_grid,probabilistic count matrix factorization,,,,100.0,20.0,1.0,False,False,,,pCMF,pCMF,pCMF,revision_dimension_sensitivity,revision_benchmark\results\source_data\wp2_dimension_sensitivity_long.csv
2000.0,5,0.0006454317740683,0.003808349860166,0.003891241309823,0.0037289162680302,-0.007698043919268,0.6023291208322674,WP2_dimension_sensitivity,batch_1.0,pCMF,scrna-dr-r,20,2,,,5000.0,2000,3000,80.18521571159363,351.45703125,datasets/simulate/batch_1.0/counts_matrix.csv,datasets/simulate/batch_1.0/cell_metadata.csv,revision_benchmark/results/embeddings/WP2_dimension_sensitivity/batch_1.0/pCMF/dim_20/seed_2.csv,planned_full_grid,probabilistic count matrix factorization,,,,100.0,20.0,1.0,False,False,,,pCMF,pCMF,pCMF,revision_dimension_sensitivity,revision_benchmark\results\source_data\wp2_dimension_sensitivity_long.csv
2000.0,5,-0.0013932427209295,0.0009140359046755,0.0009334250399076,0.0008954358814756,-0.0041653853079383,0.5978776925044769,WP2_dimension_sensitivity,batch_1.0,pCMF,scrna-dr-r,50,0,,,5000.0,2000,3000,334.02445125579834,351.45703125,datasets/simulate/batch_1.0/counts_matrix.csv,datasets/simulate/batch_1.0/cell_metadata.csv,revision_benchmark/results/embeddings/WP2_dimension_sensitivity/batch_1.0/pCMF/dim_50/seed_0.csv,planned_full_grid,probabilistic count matrix factorization,,,,100.0,20.0,1.0,False,False,,,pCMF,pCMF,pCMF,revision_dimension_sensitivity,revision_benchmark\results\source_data\wp2_dimension_sensitivity_long.csv
2000.0,5,0.0003475382297662,0.0032801477616872,0.0033497704051125,0.0032133603070856,-0.0040999760380214,0.5976830647224354,WP2_dimension_sensitivity,batch_1.0,pCMF,scrna-dr-r,50,1,,,5000.0,2000,3000,332.3738236427307,351.45703125,datasets/simulate/batch_1.0/counts_matrix.csv,datasets/simulate/batch_1.0/cell_metadata.csv,revision_benchmark/results/embeddings/WP2_dimension_sensitivity/batch_1.0/pCMF/dim_50/seed_1.csv,planned_full_grid,probabilistic count matrix factorization,,,,100.0,20.0,1.0,False,False,,,pCMF,pCMF,pCMF,revision_dimension_sensitivity,revision_benchmark\results\source_data\wp2_dimension_sensitivity_long.csv
2000.0,5,-0.0004099943904505,0.0016381471164006,0.001673129325264,0.0016045977822793,-0.0041226372454177,0.5935153662488275,WP2_dimension_sensitivity,batch_1.0,pCMF,scrna-dr-r,50,2,,,5000.0,2000,3000,334.1319508552551,351.45703125,datasets/simulate/batch_1.0/counts_matrix.csv,datasets/simulate/batch_1.0/cell_metadata.csv,revision_benchmark/results/embeddings/WP2_dimension_sensitivity/batch_1.0/pCMF/dim_50/seed_2.csv,planned_full_grid,probabilistic count matrix factorization,,,,100.0,20.0,1.0,False,False,,,pCMF,pCMF,pCMF,revision_dimension_sensitivity,revision_benchmark\results\source_data\wp2_dimension_sensitivity_long.csv
2000.0,5,-0.0012051640595105,0.003496274756779,0.0031605791076536,0.0039117553389796,-0.0389243205262864,0.505419450839942,WP2_dimension_sensitivity,gene_5k,pCMF,scrna-dr-r,2,0,,,5000.0,2000,3000,11.946772813796995,351.45703125,datasets/simulate/gene_5k/counts_matrix.csv,datasets/simulate/gene_5k/cell_metadata.csv,revision_benchmark/results/embeddings/WP2_dimension_sensitivity/gene_5k/pCMF/dim_2/seed_0.csv,planned_full_grid,probabilistic count matrix factorization,,,,100.0,20.0,1.0,False,False,,,pCMF,pCMF,pCMF,revision_dimension_sensitivity,revision_benchmark\results\source_data\wp2_dimension_sensitivity_long.csv
2000.0,5,-0.0025703760699489,0.0022421257433108,0.0020438759035835,0.0024829660077418,-0.043539530924808,0.5073352093459538,WP2_dimension_sensitivity,gene_5k,pCMF,scrna-dr-r,2,1,,,5000.0,2000,3000,11.887543439865112,351.45703125,datasets/simulate/gene_5k/counts_matrix.csv,datasets/simulate/gene_5k/cell_metadata.csv,revision_benchmark/results/embeddings/WP2_dimension_sensitivity/gene_5k/pCMF/dim_2/seed_1.csv,planned_full_grid,probabilistic count matrix factorization,,,,100.0,20.0,1.0,False,False,,,pCMF,pCMF,pCMF,revision_dimension_sensitivity,revision_benchmark\results\source_data\wp2_dimension_sensitivity_long.csv
2000.0,5,-0.0012090447383349,0.0031135123146063,0.0029033296629049,0.0033565017510042,-0.0456431639428097,0.509235141127313,WP2_dimension_sensitivity,gene_5k,pCMF,scrna-dr-r,2,2,,,5000.0,2000,3000,11.86378526687622,351.45703125,datasets/simulate/gene_5k/counts_matrix.csv,datasets/simulate/gene_5k/cell_metadata.csv,revision_benchmark/results/embeddings/WP2_dimension_sensitivity/gene_5k/pCMF/dim_2/seed_2.csv,planned_full_grid,probabilistic count matrix factorization,,,,100.0,20.0,1.0,False,False,,,pCMF,pCMF,pCMF,revision_dimension_sensitivity,revision_benchmark\results\source_data\wp2_dimension_sensitivity_long.csv
2000.0,5,-0.0032051976207695,0.0020988762495879,0.0019845146428245,0.0022272244947165,-0.0226837119219199,0.4998936386117506,WP2_dimension_sensitivity,gene_5k,pCMF,scrna-dr-r,5,0,,,5000.0,2000,3000,17.111197233200073,351.45703125,datasets/simulate/gene_5k/counts_matrix.csv,datasets/simulate/gene_5k/cell_metadata.csv,revision_benchmark/results/embeddings/WP2_dimension_sensitivity/gene_5k/pCMF/dim_5/seed_0.csv,planned_full_grid,probabilistic count matrix factorization,,,,100.0,20.0,1.0,False,False,,,pCMF,pCMF,pCMF,revision_dimension_sensitivity,revision_benchmark\results\source_data\wp2_dimension_sensitivity_long.csv
2000.0,5,0.004250701881512,0.0029047940222076,0.0026799322242543,0.0031708463519168,-0.020119438020427,0.5036575680054575,WP2_dimension_sensitivity,gene_5k,pCMF,scrna-dr-r,5,1,,,5000.0,2000,3000,16.94760274887085,351.45703125,datasets/simulate/gene_5k/counts_matrix.csv,datasets/simulate/gene_5k/cell_metadata.csv,revision_benchmark/results/embeddings/WP2_dimension_sensitivity/gene_5k/pCMF/dim_5/seed_1.csv,planned_full_grid,probabilistic count matrix factorization,,,,100.0,20.0,1.0,False,False,,,pCMF,pCMF,pCMF,revision_dimension_sensitivity,revision_benchmark\results\source_data\wp2_dimension_sensitivity_long.csv
2000.0,5,-0.0022045795912705,0.0024488124134194,0.0023144718769725,0.0025997091815001,-0.0164508441768139,0.5059130382877122,WP2_dimension_sensitivity,gene_5k,pCMF,scrna-dr-r,5,2,,,5000.0,2000,3000,17.01635432243347,351.45703125,datasets/simulate/gene_5k/counts_matrix.csv,datasets/simulate/gene_5k/cell_metadata.csv,revision_benchmark/results/embeddings/WP2_dimension_sensitivity/gene_5k/pCMF/dim_5/seed_2.csv,planned_full_grid,probabilistic count matrix factorization,,,,100.0,20.0,1.0,False,False,,,pCMF,pCMF,pCMF,revision_dimension_sensitivity,revision_benchmark\results\source_data\wp2_dimension_sensitivity_long.csv
2000.0,5,0.0013743369604818,0.005069882367164,0.005061847849442,0.0050779424313281,-0.0135508032260336,0.4974927432420909,WP2_dimension_sensitivity,gene_5k,pCMF,scrna-dr-r,10,0,,,5000.0,2000,3000,31.824958562850952,351.45703125,datasets/simulate/gene_5k/counts_matrix.csv,datasets/simulate/gene_5k/cell_metadata.csv,revision_benchmark/results/embeddings/WP2_dimension_sensitivity/gene_5k/pCMF/dim_10/seed_0.csv,planned_full_grid,probabilistic count matrix factorization,,,,100.0,20.0,1.0,False,False,,,pCMF,pCMF,pCMF,revision_dimension_sensitivity,revision_benchmark\results\source_data\wp2_dimension_sensitivity_long.csv
2000.0,5,-0.0015533139924149,0.0019809527724211,0.0019811403669421,0.0019807652134234,-0.0117800772827443,0.5057133879082458,WP2_dimension_sensitivity,gene_5k,pCMF,scrna-dr-r,10,1,,,5000.0,2000,3000,31.6971402168274,351.45703125,datasets/simulate/gene_5k/counts_matrix.csv,datasets/simulate/gene_5k/cell_metadata.csv,revision_benchmark/results/embeddings/WP2_dimension_sensitivity/gene_5k/pCMF/dim_10/seed_1.csv,planned_full_grid,probabilistic count matrix factorization,,,,100.0,20.0,1.0,False,False,,,pCMF,pCMF,pCMF,revision_dimension_sensitivity,revision_benchmark\results\source_data\wp2_dimension_sensitivity_long.csv
2000.0,5,-0.0003391744665499,0.0020831872200925,0.0020896391759427,0.0020767749836359,-0.0111968783968649,0.5000601688411358,WP2_dimension_sensitivity,gene_5k,pCMF,scrna-dr-r,10,2,,,5000.0,2000,3000,31.477013111114506,351.45703125,datasets/simulate/gene_5k/counts_matrix.csv,datasets/simulate/gene_5k/cell_metadata.csv,revision_benchmark/results/embeddings/WP2_dimension_sensitivity/gene_5k/pCMF/dim_10/seed_2.csv,planned_full_grid,probabilistic count matrix factorization,,,,100.0,20.0,1.0,False,False,,,pCMF,pCMF,pCMF,revision_dimension_sensitivity,revision_benchmark\results\source_data\wp2_dimension_sensitivity_long.csv
2000.0,5,0.0001329663455556,0.0021031225880162,0.0021420104471193,0.0020656215570667,-0.0067446899955662,0.503144128933231,WP2_dimension_sensitivity,gene_5k,pCMF,scrna-dr-r,20,0,,,5000.0,2000,3000,79.42072916030884,351.45703125,datasets/simulate/gene_5k/counts_matrix.csv,datasets/simulate/gene_5k/cell_metadata.csv,revision_benchmark/results/embeddings/WP2_dimension_sensitivity/gene_5k/pCMF/dim_20/seed_0.csv,planned_full_grid,probabilistic count matrix factorization,,,,100.0,20.0,1.0,False,False,,,pCMF,pCMF,pCMF,revision_dimension_sensitivity,revision_benchmark\results\source_data\wp2_dimension_sensitivity_long.csv
2000.0,5,-0.001570443507581,0.0016960866602817,0.0017302586649404,0.0016632382847374,-0.0092088879897844,0.4995191268013984,WP2_dimension_sensitivity,gene_5k,pCMF,scrna-dr-r,20,1,,,5000.0,2000,3000,79.41804122924805,351.45703125,datasets/simulate/gene_5k/counts_matrix.csv,datasets/simulate/gene_5k/cell_metadata.csv,revision_benchmark/results/embeddings/WP2_dimension_sensitivity/gene_5k/pCMF/dim_20/seed_1.csv,planned_full_grid,probabilistic count matrix factorization,,,,100.0,20.0,1.0,False,False,,,pCMF,pCMF,pCMF,revision_dimension_sensitivity,revision_benchmark\results\source_data\wp2_dimension_sensitivity_long.csv
2000.0,5,0.0009613749345708,0.0034279775834451,0.003500245553721,0.0033586334142929,-0.0070534019190809,0.4978464910036667,WP2_dimension_sensitivity,gene_5k,pCMF,scrna-dr-r,20,2,,,5000.0,2000,3000,79.46890878677368,351.45703125,datasets/simulate/gene_5k/counts_matrix.csv,datasets/simulate/gene_5k/cell_metadata.csv,revision_benchmark/results/embeddings/WP2_dimension_sensitivity/gene_5k/pCMF/dim_20/seed_2.csv,planned_full_grid,probabilistic count matrix factorization,,,,100.0,20.0,1.0,False,False,,,pCMF,pCMF,pCMF,revision_dimension_sensitivity,revision_benchmark\results\source_data\wp2_dimension_sensitivity_long.csv
2000.0,5,-0.0009670730548956,0.0011655102602471,0.0011925452646092,0.0011396738509745,-0.0040415489484118,0.4971671271424916,WP2_dimension_sensitivity,gene_5k,pCMF,scrna-dr-r,50,0,,,5000.0,2000,3000,380.5281834602356,351.45703125,datasets/simulate/gene_5k/counts_matrix.csv,datasets/simulate/gene_5k/cell_metadata.csv,revision_benchmark/results/embeddings/WP2_dimension_sensitivity/gene_5k/pCMF/dim_50/seed_0.csv,planned_full_grid,probabilistic count matrix factorization,,,,100.0,20.0,1.0,False,False,,,pCMF,pCMF,pCMF,revision_dimension_sensitivity,revision_benchmark\results\source_data\wp2_dimension_sensitivity_long.csv
2000.0,5,0.0002224168318131,0.0023255728928128,0.0023792467770986,0.002274267261549,-0.0038870031682153,0.5043213097979022,WP2_dimension_sensitivity,gene_5k,pCMF,scrna-dr-r,50,1,,,5000.0,2000,3000,375.5900299549103,351.45703125,datasets/simulate/gene_5k/counts_matrix.csv,datasets/simulate/gene_5k/cell_metadata.csv,revision_benchmark/results/embeddings/WP2_dimension_sensitivity/gene_5k/pCMF/dim_50/seed_1.csv,planned_full_grid,probabilistic count matrix factorization,,,,100.0,20.0,1.0,False,False,,,pCMF,pCMF,pCMF,revision_dimension_sensitivity,revision_benchmark\results\source_data\wp2_dimension_sensitivity_long.csv
2000.0,5,8.113636244716412e-05,0.002990864801585,0.0030598615939878,0.002924911008752,-0.0040430014967465,0.4996144367698473,WP2_dimension_sensitivity,gene_5k,pCMF,scrna-dr-r,50,2,,,5000.0,2000,3000,376.2464499473572,351.45703125,datasets/simulate/gene_5k/counts_matrix.csv,datasets/simulate/gene_5k/cell_metadata.csv,revision_benchmark/results/embeddings/WP2_dimension_sensitivity/gene_5k/pCMF/dim_50/seed_2.csv,planned_full_grid,probabilistic count matrix factorization,,,,100.0,20.0,1.0,False,False,,,pCMF,pCMF,pCMF,revision_dimension_sensitivity,revision_benchmark\results\source_data\wp2_dimension_sensitivity_long.csv
2000.0,5,-0.0013352153570776,0.0021902528342486,0.0019861944567591,0.0024410414495781,-0.0343228487136636,0.5009137886927603,WP2_dimension_sensitivity,gene_5w,pCMF,scrna-dr-r,2,0,,,5000.0,2000,3000,10.341658115386965,351.45703125,datasets/simulate/gene_5w/counts_matrix.csv,datasets/simulate/gene_5w/cell_metadata.csv,revision_benchmark/results/embeddings/WP2_dimension_sensitivity/gene_5w/pCMF/dim_2/seed_0.csv,planned_full_grid,probabilistic count matrix factorization,,,,100.0,20.0,1.0,False,False,,,pCMF,pCMF,pCMF,revision_dimension_sensitivity,revision_benchmark\results\source_data\wp2_dimension_sensitivity_long.csv
2000.0,5,9.429145014623716e-05,0.0042109416826553,0.0039299590511847,0.0045351974023056,-0.0471615575205928,0.5015055342372303,WP2_dimension_sensitivity,gene_5w,pCMF,scrna-dr-r,2,1,,,5000.0,2000,3000,10.26156210899353,351.45703125,datasets/simulate/gene_5w/counts_matrix.csv,datasets/simulate/gene_5w/cell_metadata.csv,revision_benchmark/results/embeddings/WP2_dimension_sensitivity/gene_5w/pCMF/dim_2/seed_1.csv,planned_full_grid,probabilistic count matrix factorization,,,,100.0,20.0,1.0,False,False,,,pCMF,pCMF,pCMF,revision_dimension_sensitivity,revision_benchmark\results\source_data\wp2_dimension_sensitivity_long.csv
2000.0,5,0.000135007188927,0.0038079923438678,0.0036218578559107,0.0040142949559121,-0.0395558585995658,0.5032424575765327,WP2_dimension_sensitivity,gene_5w,pCMF,scrna-dr-r,2,2,,,5000.0,2000,3000,10.309488534927368,351.45703125,datasets/simulate/gene_5w/counts_matrix.csv,datasets/simulate/gene_5w/cell_metadata.csv,revision_benchmark/results/embeddings/WP2_dimension_sensitivity/gene_5w/pCMF/dim_2/seed_2.csv,planned_full_grid,probabilistic count matrix factorization,,,,100.0,20.0,1.0,False,False,,,pCMF,pCMF,pCMF,revision_dimension_sensitivity,revision_benchmark\results\source_data\wp2_dimension_sensitivity_long.csv
2000.0,5,-0.0019070690576208,0.0017922937413127,0.001722035660079,0.0018685286538607,-0.0252437411692094,0.5037316790312953,WP2_dimension_sensitivity,gene_5w,pCMF,scrna-dr-r,5,0,,,5000.0,2000,3000,14.745412588119509,351.45703125,datasets/simulate/gene_5w/counts_matrix.csv,datasets/simulate/gene_5w/cell_metadata.csv,revision_benchmark/results/embeddings/WP2_dimension_sensitivity/gene_5w/pCMF/dim_5/seed_0.csv,planned_full_grid,probabilistic count matrix factorization,,,,100.0,20.0,1.0,False,False,,,pCMF,pCMF,pCMF,revision_dimension_sensitivity,revision_benchmark\results\source_data\wp2_dimension_sensitivity_long.csv
2000.0,5,0.0001378306972101,0.0024030063961167,0.0022963315634194,0.0025200751136373,-0.0200766560583118,0.4991042977743668,WP2_dimension_sensitivity,gene_5w,pCMF,scrna-dr-r,5,1,,,5000.0,2000,3000,14.441745281219482,351.45703125,datasets/simulate/gene_5w/counts_matrix.csv,datasets/simulate/gene_5w/cell_metadata.csv,revision_benchmark/results/embeddings/WP2_dimension_sensitivity/gene_5w/pCMF/dim_5/seed_1.csv,planned_full_grid,probabilistic count matrix factorization,,,,100.0,20.0,1.0,False,False,,,pCMF,pCMF,pCMF,revision_dimension_sensitivity,revision_benchmark\results\source_data\wp2_dimension_sensitivity_long.csv
2000.0,5,-0.0026819904560631,0.0028151892677021,0.0027128297567891,0.0029255760445767,-0.0193032616486062,0.5054455700520166,WP2_dimension_sensitivity,gene_5w,pCMF,scrna-dr-r,5,2,,,5000.0,2000,3000,14.57214069366455,351.45703125,datasets/simulate/gene_5w/counts_matrix.csv,datasets/simulate/gene_5w/cell_metadata.csv,revision_benchmark/results/embeddings/WP2_dimension_sensitivity/gene_5w/pCMF/dim_5/seed_2.csv,planned_full_grid,probabilistic count matrix factorization,,,,100.0,20.0,1.0,False,False,,,pCMF,pCMF,pCMF,revision_dimension_sensitivity,revision_benchmark\results\source_data\wp2_dimension_sensitivity_long.csv
2000.0,5,0.0012566202475506,0.0034616968736329,0.0034933220377535,0.0034306391795756,-0.0136153496425203,0.4998358830050311,WP2_dimension_sensitivity,gene_5w,pCMF,scrna-dr-r,10,0,,,5000.0,2000,3000,26.545473337173465,351.45703125,datasets/simulate/gene_5w/counts_matrix.csv,datasets/simulate/gene_5w/cell_metadata.csv,revision_benchmark/results/embeddings/WP2_dimension_sensitivity/gene_5w/pCMF/dim_10/seed_0.csv,planned_full_grid,probabilistic count matrix factorization,,,,100.0,20.0,1.0,False,False,,,pCMF,pCMF,pCMF,revision_dimension_sensitivity,revision_benchmark\results\source_data\wp2_dimension_sensitivity_long.csv
2000.0,5,0.0008713492561988,0.0024282223439251,0.0024544945412942,0.0024025066102847,-0.0115833579693424,0.5061937921036923,WP2_dimension_sensitivity,gene_5w,pCMF,scrna-dr-r,10,1,,,5000.0,2000,3000,26.385490894317627,351.45703125,datasets/simulate/gene_5w/counts_matrix.csv,datasets/simulate/gene_5w/cell_metadata.csv,revision_benchmark/results/embeddings/WP2_dimension_sensitivity/gene_5w/pCMF/dim_10/seed_1.csv,planned_full_grid,probabilistic count matrix factorization,,,,100.0,20.0,1.0,False,False,,,pCMF,pCMF,pCMF,revision_dimension_sensitivity,revision_benchmark\results\source_data\wp2_dimension_sensitivity_long.csv
2000.0,5,0.0003736272480247,0.0026098115916925,0.0026492129544292,0.0025715650746885,-0.0117192166420776,0.5008784343821949,WP2_dimension_sensitivity,gene_5w,pCMF,scrna-dr-r,10,2,,,5000.0,2000,3000,26.48887729644776,351.45703125,datasets/simulate/gene_5w/counts_matrix.csv,datasets/simulate/gene_5w/cell_metadata.csv,revision_benchmark/results/embeddings/WP2_dimension_sensitivity/gene_5w/pCMF/dim_10/seed_2.csv,planned_full_grid,probabilistic count matrix factorization,,,,100.0,20.0,1.0,False,False,,,pCMF,pCMF,pCMF,revision_dimension_sensitivity,revision_benchmark\results\source_data\wp2_dimension_sensitivity_long.csv
2000.0,5,-0.0011137598603821,0.0020963376885064,0.0021265227452865,0.0020669975655202,-0.0065939424153605,0.5040614991046304,WP2_dimension_sensitivity,gene_5w,pCMF,scrna-dr-r,20,0,,,5000.0,2000,3000,63.854642152786255,351.45703125,datasets/simulate/gene_5w/counts_matrix.csv,datasets/simulate/gene_5w/cell_metadata.csv,revision_benchmark/results/embeddings/WP2_dimension_sensitivity/gene_5w/pCMF/dim_20/seed_0.csv,planned_full_grid,probabilistic count matrix factorization,,,,100.0,20.0,1.0,False,False,,,pCMF,pCMF,pCMF,revision_dimension_sensitivity,revision_benchmark\results\source_data\wp2_dimension_sensitivity_long.csv
2000.0,5,-0.0015433701777647,0.0026840933869819,0.0027284305462663,0.002641174149357,-0.0087306258612665,0.5014434723288138,WP2_dimension_sensitivity,gene_5w,pCMF,scrna-dr-r,20,1,,,5000.0,2000,3000,63.83149576187134,351.45703125,datasets/simulate/gene_5w/counts_matrix.csv,datasets/simulate/gene_5w/cell_metadata.csv,revision_benchmark/results/embeddings/WP2_dimension_sensitivity/gene_5w/pCMF/dim_20/seed_1.csv,planned_full_grid,probabilistic count matrix factorization,,,,100.0,20.0,1.0,False,False,,,pCMF,pCMF,pCMF,revision_dimension_sensitivity,revision_benchmark\results\source_data\wp2_dimension_sensitivity_long.csv
2000.0,5,-0.000427623913222,0.002249927577897,0.0022937931418217,0.0022077082660053,-0.0074996571771082,0.5004425257951735,WP2_dimension_sensitivity,gene_5w,pCMF,scrna-dr-r,20,2,,,5000.0,2000,3000,64.25848746299744,351.45703125,datasets/simulate/gene_5w/counts_matrix.csv,datasets/simulate/gene_5w/cell_metadata.csv,revision_benchmark/results/embeddings/WP2_dimension_sensitivity/gene_5w/pCMF/dim_20/seed_2.csv,planned_full_grid,probabilistic count matrix factorization,,,,100.0,20.0,1.0,False,False,,,pCMF,pCMF,pCMF,revision_dimension_sensitivity,revision_benchmark\results\source_data\wp2_dimension_sensitivity_long.csv
2000.0,5,-0.0002293940742139,0.0027879455454656,0.0028511934642379,0.0027274427834511,-0.0040449500925698,0.4987283277905687,WP2_dimension_sensitivity,gene_5w,pCMF,scrna-dr-r,50,0,,,5000.0,2000,3000,289.84437918663025,351.45703125,datasets/simulate/gene_5w/counts_matrix.csv,datasets/simulate/gene_5w/cell_metadata.csv,revision_benchmark/results/embeddings/WP2_dimension_sensitivity/gene_5w/pCMF/dim_50/seed_0.csv,planned_full_grid,probabilistic count matrix factorization,,,,100.0,20.0,1.0,False,False,,,pCMF,pCMF,pCMF,revision_dimension_sensitivity,revision_benchmark\results\source_data\wp2_dimension_sensitivity_long.csv
2000.0,5,-0.0002169076077782,0.0019272574528142,0.0019722606957582,0.0018842621691032,-0.004186030488462,0.5026347232881385,WP2_dimension_sensitivity,gene_5w,pCMF,scrna-dr-r,50,1,,,5000.0,2000,3000,290.3657202720642,351.45703125,datasets/simulate/gene_5w/counts_matrix.csv,datasets/simulate/gene_5w/cell_metadata.csv,revision_benchmark/results/embeddings/WP2_dimension_sensitivity/gene_5w/pCMF/dim_50/seed_1.csv,planned_full_grid,probabilistic count matrix factorization,,,,100.0,20.0,1.0,False,False,,,pCMF,pCMF,pCMF,revision_dimension_sensitivity,revision_benchmark\results\source_data\wp2_dimension_sensitivity_long.csv
2000.0,5,-0.0004853630136594,0.0020556818542966,0.0021035768684717,0.0020099192708555,-0.0039247654815496,0.4977985588812142,WP2_dimension_sensitivity,gene_5w,pCMF,scrna-dr-r,50,2,,,5000.0,2000,3000,289.94695258140564,351.45703125,datasets/simulate/gene_5w/counts_matrix.csv,datasets/simulate/gene_5w/cell_metadata.csv,revision_benchmark/results/embeddings/WP2_dimension_sensitivity/gene_5w/pCMF/dim_50/seed_2.csv,planned_full_grid,probabilistic count matrix factorization,,,,100.0,20.0,1.0,False,False,,,pCMF,pCMF,pCMF,revision_dimension_sensitivity,revision_benchmark\results\source_data\wp2_dimension_sensitivity_long.csv
2000.0,5,0.7789969111242826,0.8612280687101206,0.8739829147800885,0.8488401543429653,0.5162028814695896,0.6341884881043744,WP2_dimension_sensitivity,default,scGBM,scrna-dr-r,2,0,,,5000.0,2000,3000,20.76799511909485,336.6328125,datasets/simulate/default/counts_matrix.csv,datasets/simulate/default/cell_metadata.csv,revision_benchmark/results/embeddings/WP2_dimension_sensitivity/default/scGBM/dim_2/seed_0.csv,planned_full_grid,gradient-boosted latent factor model,,25.0,5.0,,,,,,,,scGBM,scGBM,scGBM,revision_dimension_sensitivity,revision_benchmark\results\source_data\wp2_dimension_sensitivity_long.csv
2000.0,5,0.7789969111242826,0.8612280687101204,0.8739829147800883,0.8488401543429652,0.5162432460360085,0.6341334271339644,WP2_dimension_sensitivity,default,scGBM,scrna-dr-r,2,1,,,5000.0,2000,3000,20.30330991744995,343.6328125,datasets/simulate/default/counts_matrix.csv,datasets/simulate/default/cell_metadata.csv,revision_benchmark/results/embeddings/WP2_dimension_sensitivity/default/scGBM/dim_2/seed_1.csv,planned_full_grid,gradient-boosted latent factor model,,25.0,5.0,,,,,,,,scGBM,scGBM,scGBM,revision_dimension_sensitivity,revision_benchmark\results\source_data\wp2_dimension_sensitivity_long.csv
2000.0,5,0.7778342071066399,0.8609106199251884,0.8740235813746565,0.8481853096425357,0.516296490270044,0.6342066257354821,WP2_dimension_sensitivity,default,scGBM,scrna-dr-r,2,2,,,5000.0,2000,3000,20.382713079452515,345.125,datasets/simulate/default/counts_matrix.csv,datasets/simulate/default/cell_metadata.csv,revision_benchmark/results/embeddings/WP2_dimension_sensitivity/default/scGBM/dim_2/seed_2.csv,planned_full_grid,gradient-boosted latent factor model,,25.0,5.0,,,,,,,,scGBM,scGBM,scGBM,revision_dimension_sensitivity,revision_benchmark\results\source_data\wp2_dimension_sensitivity_long.csv
2000.0,5,0.998182065700542,0.9956745106819492,0.9959163935243792,0.9954327453054096,0.4683735045803235,0.6577868338023365,WP2_dimension_sensitivity,default,scGBM,scrna-dr-r,5,0,,,5000.0,2000,3000,20.84626030921936,345.125,datasets/simulate/default/counts_matrix.csv,datasets/simulate/default/cell_metadata.csv,revision_benchmark/results/embeddings/WP2_dimension_sensitivity/default/scGBM/dim_5/seed_0.csv,planned_full_grid,gradient-boosted latent factor model,,25.0,5.0,,,,,,,,scGBM,scGBM,scGBM,revision_dimension_sensitivity,revision_benchmark\results\source_data\wp2_dimension_sensitivity_long.csv
2000.0,5,0.998182065700542,0.9956745106819492,0.9959163935243792,0.9954327453054096,0.4684466052487765,0.6577592137801654,WP2_dimension_sensitivity,default,scGBM,scrna-dr-r,5,1,,,5000.0,2000,3000,20.77386236190796,345.125,datasets/simulate/default/counts_matrix.csv,datasets/simulate/default/cell_metadata.csv,revision_benchmark/results/embeddings/WP2_dimension_sensitivity/default/scGBM/dim_5/seed_1.csv,planned_full_grid,gradient-boosted latent factor model,,25.0,5.0,,,,,,,,scGBM,scGBM,scGBM,revision_dimension_sensitivity,revision_benchmark\results\source_data\wp2_dimension_sensitivity_long.csv
2000.0,5,0.998182065700542,0.9956745106819492,0.9959163935243792,0.9954327453054096,0.468984893141158,0.6577775816491856,WP2_dimension_sensitivity,default,scGBM,scrna-dr-r,5,2,,,5000.0,2000,3000,20.5787045955658,350.2578125,datasets/simulate/default/counts_matrix.csv,datasets/simulate/default/cell_metadata.csv,revision_benchmark/results/embeddings/WP2_dimension_sensitivity/default/scGBM/dim_5/seed_2.csv,planned_full_grid,gradient-boosted latent factor model,,25.0,5.0,,,,,,,,scGBM,scGBM,scGBM,revision_dimension_sensitivity,revision_benchmark\results\source_data\wp2_dimension_sensitivity_long.csv
2000.0,5,1.0,1.0,1.0,1.0,0.2141385730266901,0.7029330434041101,WP2_dimension_sensitivity,default,scGBM,scrna-dr-r,10,0,,,5000.0,2000,3000,22.288894176483154,350.2578125,datasets/simulate/default/counts_matrix.csv,datasets/simulate/default/cell_metadata.csv,revision_benchmark/results/embeddings/WP2_dimension_sensitivity/default/scGBM/dim_10/seed_0.csv,planned_full_grid,gradient-boosted latent factor model,,25.0,5.0,,,,,,,,scGBM,scGBM,scGBM,revision_dimension_sensitivity,revision_benchmark\results\source_data\wp2_dimension_sensitivity_long.csv
2000.0,5,1.0,1.0,1.0,1.0,0.2174727579039362,0.7049338705551291,WP2_dimension_sensitivity,default,scGBM,scrna-dr-r,10,1,,,5000.0,2000,3000,22.04963517189026,350.2578125,datasets/simulate/default/counts_matrix.csv,datasets/simulate/default/cell_metadata.csv,revision_benchmark/results/embeddings/WP2_dimension_sensitivity/default/scGBM/dim_10/seed_1.csv,planned_full_grid,gradient-boosted latent factor model,,25.0,5.0,,,,,,,,scGBM,scGBM,scGBM,revision_dimension_sensitivity,revision_benchmark\results\source_data\wp2_dimension_sensitivity_long.csv
2000.0,5,0.9993177769851946,0.9978981466170576,0.9979590264233552,0.9978372742381684,0.2049200614505259,0.7017760126204485,WP2_dimension_sensitivity,default,scGBM,scrna-dr-r,10,2,,,5000.0,2000,3000,22.22928667068481,350.2578125,datasets/simulate/default/counts_matrix.csv,datasets/simulate/default/cell_metadata.csv,revision_benchmark/results/embeddings/WP2_dimension_sensitivity/default/scGBM/dim_10/seed_2.csv,planned_full_grid,gradient-boosted latent factor model,,25.0,5.0,,,,,,,,scGBM,scGBM,scGBM,revision_dimension_sensitivity,revision_benchmark\results\source_data\wp2_dimension_sensitivity_long.csv
2000.0,5,0.9991581860451372,0.9978442880500716,0.9979590264233552,0.997729576057392,0.0976375906382983,0.7552456638526477,WP2_dimension_sensitivity,default,scGBM,scrna-dr-r,20,0,,,5000.0,2000,3000,25.402462244033813,350.2578125,datasets/simulate/default/counts_matrix.csv,datasets/simulate/default/cell_metadata.csv,revision_benchmark/results/embeddings/WP2_dimension_sensitivity/default/scGBM/dim_20/seed_0.csv,planned_full_grid,gradient-boosted latent factor model,,25.0,5.0,,,,,,,,scGBM,scGBM,scGBM,revision_dimension_sensitivity,revision_benchmark\results\source_data\wp2_dimension_sensitivity_long.csv
2000.0,5,0.9991581860451372,0.9978442880500716,0.9979590264233552,0.997729576057392,0.0974203959662906,0.7551875500980643,WP2_dimension_sensitivity,default,scGBM,scrna-dr-r,20,1,,,5000.0,2000,3000,25.700065851211548,350.2578125,datasets/simulate/default/counts_matrix.csv,datasets/simulate/default/cell_metadata.csv,revision_benchmark/results/embeddings/WP2_dimension_sensitivity/default/scGBM/dim_20/seed_1.csv,planned_full_grid,gradient-boosted latent factor model,,25.0,5.0,,,,,,,,scGBM,scGBM,scGBM,revision_dimension_sensitivity,revision_benchmark\results\source_data\wp2_dimension_sensitivity_long.csv
2000.0,5,1.0,1.0,1.0,1.0,0.0953177282007745,0.754813942184702,WP2_dimension_sensitivity,default,scGBM,scrna-dr-r,20,2,,,5000.0,2000,3000,28.851449489593502,350.2578125,datasets/simulate/default/counts_matrix.csv,datasets/simulate/default/cell_metadata.csv,revision_benchmark/results/embeddings/WP2_dimension_sensitivity/default/scGBM/dim_20/seed_2.csv,planned_full_grid,gradient-boosted latent factor model,,25.0,5.0,,,,,,,,scGBM,scGBM,scGBM,revision_dimension_sensitivity,revision_benchmark\results\source_data\wp2_dimension_sensitivity_long.csv
2000.0,5,0.5232381047250038,0.5312801516365038,0.5399378002749587,0.522895764032552,0.0357095318546967,0.8132538671441971,WP2_dimension_sensitivity,default,scGBM,scrna-dr-r,50,0,,,5000.0,2000,3000,35.09427571296692,350.2578125,datasets/simulate/default/counts_matrix.csv,datasets/simulate/default/cell_metadata.csv,revision_benchmark/results/embeddings/WP2_dimension_sensitivity/default/scGBM/dim_50/seed_0.csv,planned_full_grid,gradient-boosted latent factor model,,25.0,5.0,,,,,,,,scGBM,scGBM,scGBM,revision_dimension_sensitivity,revision_benchmark\results\source_data\wp2_dimension_sensitivity_long.csv
2000.0,5,0.4986804154866942,0.5176346488883125,0.5249363168803977,0.5105333211837751,0.0355191702642026,0.8131541400187601,WP2_dimension_sensitivity,default,scGBM,scrna-dr-r,50,1,,,5000.0,2000,3000,57.92271614074707,350.2578125,datasets/simulate/default/counts_matrix.csv,datasets/simulate/default/cell_metadata.csv,revision_benchmark/results/embeddings/WP2_dimension_sensitivity/default/scGBM/dim_50/seed_1.csv,planned_full_grid,gradient-boosted latent factor model,,25.0,5.0,,,,,,,,scGBM,scGBM,scGBM,revision_dimension_sensitivity,revision_benchmark\results\source_data\wp2_dimension_sensitivity_long.csv
2000.0,5,0.6978360229516793,0.7408098790437236,0.7555595456488192,0.7266250574683918,0.0363682391438468,0.814265686023706,WP2_dimension_sensitivity,default,scGBM,scrna-dr-r,50,2,,,5000.0,2000,3000,78.48953795433044,350.2578125,datasets/simulate/default/counts_matrix.csv,datasets/simulate/default/cell_metadata.csv,revision_benchmark/results/embeddings/WP2_dimension_sensitivity/default/scGBM/dim_50/seed_2.csv,planned_full_grid,gradient-boosted latent factor model,,25.0,5.0,,,,,,,,scGBM,scGBM,scGBM,revision_dimension_sensitivity,revision_benchmark\results\source_data\wp2_dimension_sensitivity_long.csv
2000.0,7,0.5442809696653984,0.6034640707656563,0.6045373902081517,0.6023945557955961,0.2372896937463747,0.6027773258292828,WP2_dimension_sensitivity,celltype_7,scGBM,scrna-dr-r,2,0,,,5000.0,2000,3000,41.336891651153564,350.2578125,datasets/simulate/celltype_7/counts_matrix.csv,datasets/simulate/celltype_7/cell_metadata.csv,revision_benchmark/results/embeddings/WP2_dimension_sensitivity/celltype_7/scGBM/dim_2/seed_0.csv,planned_full_grid,gradient-boosted latent factor model,,25.0,5.0,,,,,,,,scGBM,scGBM,scGBM,revision_dimension_sensitivity,revision_benchmark\results\source_data\wp2_dimension_sensitivity_long.csv
2000.0,7,0.5406732094906265,0.6120297219238464,0.6130640533002888,0.6109988748144953,0.2368179985804487,0.6022822631534066,WP2_dimension_sensitivity,celltype_7,scGBM,scrna-dr-r,2,1,,,5000.0,2000,3000,39.5240969657898,350.2578125,datasets/simulate/celltype_7/counts_matrix.csv,datasets/simulate/celltype_7/cell_metadata.csv,revision_benchmark/results/embeddings/WP2_dimension_sensitivity/celltype_7/scGBM/dim_2/seed_1.csv,planned_full_grid,gradient-boosted latent factor model,,25.0,5.0,,,,,,,,scGBM,scGBM,scGBM,revision_dimension_sensitivity,revision_benchmark\results\source_data\wp2_dimension_sensitivity_long.csv
2000.0,7,0.5394117365630766,0.6105764170326545,0.6115854119856036,0.6095707458802612,0.2363739431740311,0.6021383644580882,WP2_dimension_sensitivity,celltype_7,scGBM,scrna-dr-r,2,2,,,5000.0,2000,3000,49.43712329864502,350.2578125,datasets/simulate/celltype_7/counts_matrix.csv,datasets/simulate/celltype_7/cell_metadata.csv,revision_benchmark/results/embeddings/WP2_dimension_sensitivity/celltype_7/scGBM/dim_2/seed_2.csv,planned_full_grid,gradient-boosted latent factor model,,25.0,5.0,,,,,,,,scGBM,scGBM,scGBM,revision_dimension_sensitivity,revision_benchmark\results\source_data\wp2_dimension_sensitivity_long.csv
2000.0,7,0.9023904147624484,0.8983590209095321,0.8992060733075448,0.8975135628568853,0.3806250806091585,0.6635741024985077,WP2_dimension_sensitivity,celltype_7,scGBM,scrna-dr-r,5,0,,,5000.0,2000,3000,61.78454828262329,350.2578125,datasets/simulate/celltype_7/counts_matrix.csv,datasets/simulate/celltype_7/cell_metadata.csv,revision_benchmark/results/embeddings/WP2_dimension_sensitivity/celltype_7/scGBM/dim_5/seed_0.csv,planned_full_grid,gradient-boosted latent factor model,,25.0,5.0,,,,,,,,scGBM,scGBM,scGBM,revision_dimension_sensitivity,revision_benchmark\results\source_data\wp2_dimension_sensitivity_long.csv
2000.0,7,0.8860761057395934,0.8878721214640786,0.8889251717277957,0.886821563204841,0.3798927764914638,0.6636706489298201,WP2_dimension_sensitivity,celltype_7,scGBM,scrna-dr-r,5,1,,,5000.0,2000,3000,52.46530771255493,350.2578125,datasets/simulate/celltype_7/counts_matrix.csv,datasets/simulate/celltype_7/cell_metadata.csv,revision_benchmark/results/embeddings/WP2_dimension_sensitivity/celltype_7/scGBM/dim_5/seed_1.csv,planned_full_grid,gradient-boosted latent factor model,,25.0,5.0,,,,,,,,scGBM,scGBM,scGBM,revision_dimension_sensitivity,revision_benchmark\results\source_data\wp2_dimension_sensitivity_long.csv
2000.0,7,0.9054284697363214,0.9014209777523068,0.902391474223467,0.900452566521462,0.3842200740398996,0.6642166368210114,WP2_dimension_sensitivity,celltype_7,scGBM,scrna-dr-r,5,2,,,5000.0,2000,3000,44.49786305427551,350.2578125,datasets/simulate/celltype_7/counts_matrix.csv,datasets/simulate/celltype_7/cell_metadata.csv,revision_benchmark/results/embeddings/WP2_dimension_sensitivity/celltype_7/scGBM/dim_5/seed_2.csv,planned_full_grid,gradient-boosted latent factor model,,25.0,5.0,,,,,,,,scGBM,scGBM,scGBM,revision_dimension_sensitivity,revision_benchmark\results\source_data\wp2_dimension_sensitivity_long.csv
2000.0,7,0.996801283393686,0.9949182083218366,0.9949141355437436,0.9949222811332744,0.2678105600674988,0.699726792871152,WP2_dimension_sensitivity,celltype_7,scGBM,scrna-dr-r,10,0,,,5000.0,2000,3000,57.87725615501404,350.2578125,datasets/simulate/celltype_7/counts_matrix.csv,datasets/simulate/celltype_7/cell_metadata.csv,revision_benchmark/results/embeddings/WP2_dimension_sensitivity/celltype_7/scGBM/dim_10/seed_0.csv,planned_full_grid,gradient-boosted latent factor model,,25.0,5.0,,,,,,,,scGBM,scGBM,scGBM,revision_dimension_sensitivity,revision_benchmark\results\source_data\wp2_dimension_sensitivity_long.csv
2000.0,7,0.996801283393686,0.9949182083218368,0.9949141355437436,0.9949222811332746,0.2677753663190166,0.6999082032915493,WP2_dimension_sensitivity,celltype_7,scGBM,scrna-dr-r,10,1,,,5000.0,2000,3000,64.08347630500793,350.2578125,datasets/simulate/celltype_7/counts_matrix.csv,datasets/simulate/celltype_7/cell_metadata.csv,revision_benchmark/results/embeddings/WP2_dimension_sensitivity/celltype_7/scGBM/dim_10/seed_1.csv,planned_full_grid,gradient-boosted latent factor model,,25.0,5.0,,,,,,,,scGBM,scGBM,scGBM,revision_dimension_sensitivity,revision_benchmark\results\source_data\wp2_dimension_sensitivity_long.csv
2000.0,7,0.996801283393686,0.9949182083218366,0.9949141355437436,0.9949222811332744,0.2600977536669244,0.6993542935107018,WP2_dimension_sensitivity,celltype_7,scGBM,scrna-dr-r,10,2,,,5000.0,2000,3000,49.80468416213989,350.2578125,datasets/simulate/celltype_7/counts_matrix.csv,datasets/simulate/celltype_7/cell_metadata.csv,revision_benchmark/results/embeddings/WP2_dimension_sensitivity/celltype_7/scGBM/dim_10/seed_2.csv,planned_full_grid,gradient-boosted latent factor model,,25.0,5.0,,,,,,,,scGBM,scGBM,scGBM,revision_dimension_sensitivity,revision_benchmark\results\source_data\wp2_dimension_sensitivity_long.csv
2000.0,7,0.9965789308139612,0.994860290875814,0.9949101017182216,0.9948104850207832,0.1106238583566599,0.7541156561780507,WP2_dimension_sensitivity,celltype_7,scGBM,scrna-dr-r,20,0,,,5000.0,2000,3000,80.60814380645752,350.2578125,datasets/simulate/celltype_7/counts_matrix.csv,datasets/simulate/celltype_7/cell_metadata.csv,revision_benchmark/results/embeddings/WP2_dimension_sensitivity/celltype_7/scGBM/dim_20/seed_0.csv,planned_full_grid,gradient-boosted latent factor model,,25.0,5.0,,,,,,,,scGBM,scGBM,scGBM,revision_dimension_sensitivity,revision_benchmark\results\source_data\wp2_dimension_sensitivity_long.csv
2000.0,7,0.9953788847972193,0.993130789055193,0.993170642699144,0.9930909386095834,0.1098589007407346,0.754754310565362,WP2_dimension_sensitivity,celltype_7,scGBM,scrna-dr-r,20,1,,,5000.0,2000,3000,75.12469458580017,350.2578125,datasets/simulate/celltype_7/counts_matrix.csv,datasets/simulate/celltype_7/cell_metadata.csv,revision_benchmark/results/embeddings/WP2_dimension_sensitivity/celltype_7/scGBM/dim_20/seed_1.csv,planned_full_grid,gradient-boosted latent factor model,,25.0,5.0,,,,,,,,scGBM,scGBM,scGBM,revision_dimension_sensitivity,revision_benchmark\results\source_data\wp2_dimension_sensitivity_long.csv
2000.0,7,0.9965789308139612,0.994860290875814,0.9949101017182216,0.9948104850207832,0.1078382134316368,0.7498938432676729,WP2_dimension_sensitivity,celltype_7,scGBM,scrna-dr-r,20,2,,,5000.0,2000,3000,75.05053472518921,350.2578125,datasets/simulate/celltype_7/counts_matrix.csv,datasets/simulate/celltype_7/cell_metadata.csv,revision_benchmark/results/embeddings/WP2_dimension_sensitivity/celltype_7/scGBM/dim_20/seed_2.csv,planned_full_grid,gradient-boosted latent factor model,,25.0,5.0,,,,,,,,scGBM,scGBM,scGBM,revision_dimension_sensitivity,revision_benchmark\results\source_data\wp2_dimension_sensitivity_long.csv
2000.0,7,0.7505382715332547,0.7956545823371355,0.7948776007023559,0.7964330844353079,0.0350136688129021,0.8047645007248231,WP2_dimension_sensitivity,celltype_7,scGBM,scrna-dr-r,50,0,,,5000.0,2000,3000,86.21134972572327,350.2578125,datasets/simulate/celltype_7/counts_matrix.csv,datasets/simulate/celltype_7/cell_metadata.csv,revision_benchmark/results/embeddings/WP2_dimension_sensitivity/celltype_7/scGBM/dim_50/seed_0.csv,planned_full_grid,gradient-boosted latent factor model,,25.0,5.0,,,,,,,,scGBM,scGBM,scGBM,revision_dimension_sensitivity,revision_benchmark\results\source_data\wp2_dimension_sensitivity_long.csv
2000.0,7,0.5463331174296949,0.6301028190593321,0.6252592986237623,0.635021965199581,0.034894477590097,0.805342662232455,WP2_dimension_sensitivity,celltype_7,scGBM,scrna-dr-r,50,1,,,5000.0,2000,3000,138.92548632621765,350.2578125,datasets/simulate/celltype_7/counts_matrix.csv,datasets/simulate/celltype_7/cell_metadata.csv,revision_benchmark/results/embeddings/WP2_dimension_sensitivity/celltype_7/scGBM/dim_50/seed_1.csv,planned_full_grid,gradient-boosted latent factor model,,25.0,5.0,,,,,,,,scGBM,scGBM,scGBM,revision_dimension_sensitivity,revision_benchmark\results\source_data\wp2_dimension_sensitivity_long.csv
2000.0,7,0.5598008555946393,0.6396120399183735,0.6369760443163691,0.6422699432426725,0.0359506940706012,0.8085945339814105,WP2_dimension_sensitivity,celltype_7,scGBM,scrna-dr-r,50,2,,,5000.0,2000,3000,146.035062789917,350.2578125,datasets/simulate/celltype_7/counts_matrix.csv,datasets/simulate/celltype_7/cell_metadata.csv,revision_benchmark/results/embeddings/WP2_dimension_sensitivity/celltype_7/scGBM/dim_50/seed_2.csv,planned_full_grid,gradient-boosted latent factor model,,25.0,5.0,,,,,,,,scGBM,scGBM,scGBM,revision_dimension_sensitivity,revision_benchmark\results\source_data\wp2_dimension_sensitivity_long.csv
2000.0,11,0.0870848940798327,0.2123408385341312,0.2077987282981213,0.2170859509217342,-0.0478189872809073,0.5349867058923851,WP2_dimension_sensitivity,celltype_11,scGBM,scrna-dr-r,2,0,,,5000.0,2000,3000,61.34378099441528,350.2578125,datasets/simulate/celltype_11/counts_matrix.csv,datasets/simulate/celltype_11/cell_metadata.csv,revision_benchmark/results/embeddings/WP2_dimension_sensitivity/celltype_11/scGBM/dim_2/seed_0.csv,planned_full_grid,gradient-boosted latent factor model,,25.0,5.0,,,,,,,,scGBM,scGBM,scGBM,revision_dimension_sensitivity,revision_benchmark\results\source_data\wp2_dimension_sensitivity_long.csv
2000.0,11,0.0866941430302167,0.2124663379067291,0.2080725224350276,0.2170497226730043,-0.0480624470928355,0.534948077087064,WP2_dimension_sensitivity,celltype_11,scGBM,scrna-dr-r,2,1,,,5000.0,2000,3000,56.80838322639465,351.74609375,datasets/simulate/celltype_11/counts_matrix.csv,datasets/simulate/celltype_11/cell_metadata.csv,revision_benchmark/results/embeddings/WP2_dimension_sensitivity/celltype_11/scGBM/dim_2/seed_1.csv,planned_full_grid,gradient-boosted latent factor model,,25.0,5.0,,,,,,,,scGBM,scGBM,scGBM,revision_dimension_sensitivity,revision_benchmark\results\source_data\wp2_dimension_sensitivity_long.csv
2000.0,11,0.0863677246033709,0.2105175837765117,0.2060867992755225,0.2151430746076459,-0.0482337463908816,0.534685145390978,WP2_dimension_sensitivity,celltype_11,scGBM,scrna-dr-r,2,2,,,5000.0,2000,3000,35.20488381385803,351.9140625,datasets/simulate/celltype_11/counts_matrix.csv,datasets/simulate/celltype_11/cell_metadata.csv,revision_benchmark/results/embeddings/WP2_dimension_sensitivity/celltype_11/scGBM/dim_2/seed_2.csv,planned_full_grid,gradient-boosted latent factor model,,25.0,5.0,,,,,,,,scGBM,scGBM,scGBM,revision_dimension_sensitivity,revision_benchmark\results\source_data\wp2_dimension_sensitivity_long.csv
2000.0,11,0.3523172006464318,0.5020988765496421,0.4966593383151748,0.5076588845868306,0.1207383567602875,0.6088545066939541,WP2_dimension_sensitivity,celltype_11,scGBM,scrna-dr-r,5,0,,,5000.0,2000,3000,40.14624571800232,352.0078125,datasets/simulate/celltype_11/counts_matrix.csv,datasets/simulate/celltype_11/cell_metadata.csv,revision_benchmark/results/embeddings/WP2_dimension_sensitivity/celltype_11/scGBM/dim_5/seed_0.csv,planned_full_grid,gradient-boosted latent factor model,,25.0,5.0,,,,,,,,scGBM,scGBM,scGBM,revision_dimension_sensitivity,revision_benchmark\results\source_data\wp2_dimension_sensitivity_long.csv
2000.0,11,0.4228809557812208,0.5439186161860079,0.5391547234527797,0.5487674455336728,0.1208336002800695,0.6090918563997612,WP2_dimension_sensitivity,celltype_11,scGBM,scrna-dr-r,5,1,,,5000.0,2000,3000,49.952510595321655,352.07421875,datasets/simulate/celltype_11/counts_matrix.csv,datasets/simulate/celltype_11/cell_metadata.csv,revision_benchmark/results/embeddings/WP2_dimension_sensitivity/celltype_11/scGBM/dim_5/seed_1.csv,planned_full_grid,gradient-boosted latent factor model,,25.0,5.0,,,,,,,,scGBM,scGBM,scGBM,revision_dimension_sensitivity,revision_benchmark\results\source_data\wp2_dimension_sensitivity_long.csv
2000.0,11,0.4123842550655044,0.5445102960196625,0.5399557027214575,0.5491423800803892,0.1272764669223264,0.6154025411443678,WP2_dimension_sensitivity,celltype_11,scGBM,scrna-dr-r,5,2,,,5000.0,2000,3000,56.71946454048157,352.34765625,datasets/simulate/celltype_11/counts_matrix.csv,datasets/simulate/celltype_11/cell_metadata.csv,revision_benchmark/results/embeddings/WP2_dimension_sensitivity/celltype_11/scGBM/dim_5/seed_2.csv,planned_full_grid,gradient-boosted latent factor model,,25.0,5.0,,,,,,,,scGBM,scGBM,scGBM,revision_dimension_sensitivity,revision_benchmark\results\source_data\wp2_dimension_sensitivity_long.csv
2000.0,11,0.8341357191076079,0.852831634625063,0.8562420922523214,0.8494482372821692,0.2243174655621541,0.6791065575168415,WP2_dimension_sensitivity,celltype_11,scGBM,scrna-dr-r,10,0,,,5000.0,2000,3000,52.584885358810425,352.34765625,datasets/simulate/celltype_11/counts_matrix.csv,datasets/simulate/celltype_11/cell_metadata.csv,revision_benchmark/results/embeddings/WP2_dimension_sensitivity/celltype_11/scGBM/dim_10/seed_0.csv,planned_full_grid,gradient-boosted latent factor model,,25.0,5.0,,,,,,,,scGBM,scGBM,scGBM,revision_dimension_sensitivity,revision_benchmark\results\source_data\wp2_dimension_sensitivity_long.csv
2000.0,11,0.8338667749687839,0.8525017140576548,0.8560459320698598,0.8489867227212483,0.2272625018463276,0.6787636991557944,WP2_dimension_sensitivity,celltype_11,scGBM,scrna-dr-r,10,1,,,5000.0,2000,3000,64.46413922309875,352.375,datasets/simulate/celltype_11/counts_matrix.csv,datasets/simulate/celltype_11/cell_metadata.csv,revision_benchmark/results/embeddings/WP2_dimension_sensitivity/celltype_11/scGBM/dim_10/seed_1.csv,planned_full_grid,gradient-boosted latent factor model,,25.0,5.0,,,,,,,,scGBM,scGBM,scGBM,revision_dimension_sensitivity,revision_benchmark\results\source_data\wp2_dimension_sensitivity_long.csv
2000.0,11,0.8284936549130836,0.8463881912715516,0.8492137822287592,0.8435813411484152,0.2152852812766426,0.6791484011256075,WP2_dimension_sensitivity,celltype_11,scGBM,scrna-dr-r,10,2,,,5000.0,2000,3000,65.40936517715454,352.375,datasets/simulate/celltype_11/counts_matrix.csv,datasets/simulate/celltype_11/cell_metadata.csv,revision_benchmark/results/embeddings/WP2_dimension_sensitivity/celltype_11/scGBM/dim_10/seed_2.csv,planned_full_grid,gradient-boosted latent factor model,,25.0,5.0,,,,,,,,scGBM,scGBM,scGBM,revision_dimension_sensitivity,revision_benchmark\results\source_data\wp2_dimension_sensitivity_long.csv
2000.0,11,0.970050486955769,0.9610829511551156,0.962124687326614,0.9600434684140206,0.1141240411752775,0.7328161848725164,WP2_dimension_sensitivity,celltype_11,scGBM,scrna-dr-r,20,0,,,5000.0,2000,3000,85.87977528572083,352.375,datasets/simulate/celltype_11/counts_matrix.csv,datasets/simulate/celltype_11/cell_metadata.csv,revision_benchmark/results/embeddings/WP2_dimension_sensitivity/celltype_11/scGBM/dim_20/seed_0.csv,planned_full_grid,gradient-boosted latent factor model,,25.0,5.0,,,,,,,,scGBM,scGBM,scGBM,revision_dimension_sensitivity,revision_benchmark\results\source_data\wp2_dimension_sensitivity_long.csv
2000.0,11,0.962134016242769,0.9514081880526404,0.952703821323261,0.9501160739990672,0.1139354352943468,0.7319835251982605,WP2_dimension_sensitivity,celltype_11,scGBM,scrna-dr-r,20,1,,,5000.0,2000,3000,75.45837831497192,352.375,datasets/simulate/celltype_11/counts_matrix.csv,datasets/simulate/celltype_11/cell_metadata.csv,revision_benchmark/results/embeddings/WP2_dimension_sensitivity/celltype_11/scGBM/dim_20/seed_1.csv,planned_full_grid,gradient-boosted latent factor model,,25.0,5.0,,,,,,,,scGBM,scGBM,scGBM,revision_dimension_sensitivity,revision_benchmark\results\source_data\wp2_dimension_sensitivity_long.csv
2000.0,11,0.9591499693686898,0.94779125055726,0.9490805255837343,0.94650547360089,0.1112864227506124,0.7275376396350303,WP2_dimension_sensitivity,celltype_11,scGBM,scrna-dr-r,20,2,,,5000.0,2000,3000,88.06792950630188,352.375,datasets/simulate/celltype_11/counts_matrix.csv,datasets/simulate/celltype_11/cell_metadata.csv,revision_benchmark/results/embeddings/WP2_dimension_sensitivity/celltype_11/scGBM/dim_20/seed_2.csv,planned_full_grid,gradient-boosted latent factor model,,25.0,5.0,,,,,,,,scGBM,scGBM,scGBM,revision_dimension_sensitivity,revision_benchmark\results\source_data\wp2_dimension_sensitivity_long.csv
2000.0,11,0.3507892548319546,0.4514624828644745,0.4472393819851014,0.45576609808067,0.0352018181986737,0.8052315852306643,WP2_dimension_sensitivity,celltype_11,scGBM,scrna-dr-r,50,0,,,5000.0,2000,3000,161.14709544181824,352.45703125,datasets/simulate/celltype_11/counts_matrix.csv,datasets/simulate/celltype_11/cell_metadata.csv,revision_benchmark/results/embeddings/WP2_dimension_sensitivity/celltype_11/scGBM/dim_50/seed_0.csv,planned_full_grid,gradient-boosted latent factor model,,25.0,5.0,,,,,,,,scGBM,scGBM,scGBM,revision_dimension_sensitivity,revision_benchmark\results\source_data\wp2_dimension_sensitivity_long.csv
2000.0,11,0.416598273776646,0.521428997309988,0.517770383190534,0.5251396835977149,0.0349365275249329,0.8053404024899804,WP2_dimension_sensitivity,celltype_11,scGBM,scrna-dr-r,50,1,,,5000.0,2000,3000,175.0232696533203,352.45703125,datasets/simulate/celltype_11/counts_matrix.csv,datasets/simulate/celltype_11/cell_metadata.csv,revision_benchmark/results/embeddings/WP2_dimension_sensitivity/celltype_11/scGBM/dim_50/seed_1.csv,planned_full_grid,gradient-boosted latent factor model,,25.0,5.0,,,,,,,,scGBM,scGBM,scGBM,revision_dimension_sensitivity,revision_benchmark\results\source_data\wp2_dimension_sensitivity_long.csv
2000.0,11,0.3287252712612909,0.4514114585553598,0.4487494568495099,0.4541052309510161,0.0354794725561585,0.8073639549756971,WP2_dimension_sensitivity,celltype_11,scGBM,scrna-dr-r,50,2,,,5000.0,2000,3000,118.17692279815674,352.45703125,datasets/simulate/celltype_11/counts_matrix.csv,datasets/simulate/celltype_11/cell_metadata.csv,revision_benchmark/results/embeddings/WP2_dimension_sensitivity/celltype_11/scGBM/dim_50/seed_2.csv,planned_full_grid,gradient-boosted latent factor model,,25.0,5.0,,,,,,,,scGBM,scGBM,scGBM,revision_dimension_sensitivity,revision_benchmark\results\source_data\wp2_dimension_sensitivity_long.csv
2000.0,15,0.1046302106801126,0.2321471307768263,0.2287132710559266,0.2356856728787118,-0.0338598134887028,0.5373055598192206,WP2_dimension_sensitivity,celltype_15,scGBM,scrna-dr-r,2,0,,,5000.0,2000,3000,23.370241403579712,352.45703125,datasets/simulate/celltype_15/counts_matrix.csv,datasets/simulate/celltype_15/cell_metadata.csv,revision_benchmark/results/embeddings/WP2_dimension_sensitivity/celltype_15/scGBM/dim_2/seed_0.csv,planned_full_grid,gradient-boosted latent factor model,,25.0,5.0,,,,,,,,scGBM,scGBM,scGBM,revision_dimension_sensitivity,revision_benchmark\results\source_data\wp2_dimension_sensitivity_long.csv
2000.0,15,0.1029445676607296,0.2367115635321994,0.2330523737941168,0.2404874931777416,-0.0337332315488664,0.5369169523322248,WP2_dimension_sensitivity,celltype_15,scGBM,scrna-dr-r,2,1,,,5000.0,2000,3000,40.92895221710205,352.55859375,datasets/simulate/celltype_15/counts_matrix.csv,datasets/simulate/celltype_15/cell_metadata.csv,revision_benchmark/results/embeddings/WP2_dimension_sensitivity/celltype_15/scGBM/dim_2/seed_1.csv,planned_full_grid,gradient-boosted latent factor model,,25.0,5.0,,,,,,,,scGBM,scGBM,scGBM,revision_dimension_sensitivity,revision_benchmark\results\source_data\wp2_dimension_sensitivity_long.csv
2000.0,15,0.1037532187067548,0.2355607859595261,0.2318941191441708,0.2393452689744458,-0.0336022387741288,0.536765958898269,WP2_dimension_sensitivity,celltype_15,scGBM,scrna-dr-r,2,2,,,5000.0,2000,3000,42.39181685447693,352.7421875,datasets/simulate/celltype_15/counts_matrix.csv,datasets/simulate/celltype_15/cell_metadata.csv,revision_benchmark/results/embeddings/WP2_dimension_sensitivity/celltype_15/scGBM/dim_2/seed_2.csv,planned_full_grid,gradient-boosted latent factor model,,25.0,5.0,,,,,,,,scGBM,scGBM,scGBM,revision_dimension_sensitivity,revision_benchmark\results\source_data\wp2_dimension_sensitivity_long.csv
2000.0,15,0.3298813549736369,0.4985884453249462,0.4978434397859484,0.4993356839558826,0.1031495587500682,0.589963034024047,WP2_dimension_sensitivity,celltype_15,scGBM,scrna-dr-r,5,0,,,5000.0,2000,3000,35.44503855705261,352.7421875,datasets/simulate/celltype_15/counts_matrix.csv,datasets/simulate/celltype_15/cell_metadata.csv,revision_benchmark/results/embeddings/WP2_dimension_sensitivity/celltype_15/scGBM/dim_5/seed_0.csv,planned_full_grid,gradient-boosted latent factor model,,25.0,5.0,,,,,,,,scGBM,scGBM,scGBM,revision_dimension_sensitivity,revision_benchmark\results\source_data\wp2_dimension_sensitivity_long.csv
2000.0,15,0.3293708972592393,0.4958476808099262,0.4949248235312075,0.4967739861136127,0.1031831188406348,0.5899735823313721,WP2_dimension_sensitivity,celltype_15,scGBM,scrna-dr-r,5,1,,,5000.0,2000,3000,49.58110070228577,352.7421875,datasets/simulate/celltype_15/counts_matrix.csv,datasets/simulate/celltype_15/cell_metadata.csv,revision_benchmark/results/embeddings/WP2_dimension_sensitivity/celltype_15/scGBM/dim_5/seed_1.csv,planned_full_grid,gradient-boosted latent factor model,,25.0,5.0,,,,,,,,scGBM,scGBM,scGBM,revision_dimension_sensitivity,revision_benchmark\results\source_data\wp2_dimension_sensitivity_long.csv
2000.0,15,0.3282408117247963,0.4987186073926807,0.498013408020981,0.4994258067561167,0.1038235147201536,0.5899801142662232,WP2_dimension_sensitivity,celltype_15,scGBM,scrna-dr-r,5,2,,,5000.0,2000,3000,35.01231598854065,352.7421875,datasets/simulate/celltype_15/counts_matrix.csv,datasets/simulate/celltype_15/cell_metadata.csv,revision_benchmark/results/embeddings/WP2_dimension_sensitivity/celltype_15/scGBM/dim_5/seed_2.csv,planned_full_grid,gradient-boosted latent factor model,,25.0,5.0,,,,,,,,scGBM,scGBM,scGBM,revision_dimension_sensitivity,revision_benchmark\results\source_data\wp2_dimension_sensitivity_long.csv
2000.0,15,0.5358983496254641,0.6255295757329388,0.626173350143488,0.6248871237032736,0.1098254003174326,0.6492106335806259,WP2_dimension_sensitivity,celltype_15,scGBM,scrna-dr-r,10,0,,,5000.0,2000,3000,25.443110942840576,352.7421875,datasets/simulate/celltype_15/counts_matrix.csv,datasets/simulate/celltype_15/cell_metadata.csv,revision_benchmark/results/embeddings/WP2_dimension_sensitivity/celltype_15/scGBM/dim_10/seed_0.csv,planned_full_grid,gradient-boosted latent factor model,,25.0,5.0,,,,,,,,scGBM,scGBM,scGBM,revision_dimension_sensitivity,revision_benchmark\results\source_data\wp2_dimension_sensitivity_long.csv
2000.0,15,0.5247477911038401,0.6396180055808575,0.6401093394335672,0.6391274254237488,0.1085700463691728,0.6496889144708792,WP2_dimension_sensitivity,celltype_15,scGBM,scrna-dr-r,10,1,,,5000.0,2000,3000,31.0959370136261,352.83203125,datasets/simulate/celltype_15/counts_matrix.csv,datasets/simulate/celltype_15/cell_metadata.csv,revision_benchmark/results/embeddings/WP2_dimension_sensitivity/celltype_15/scGBM/dim_10/seed_1.csv,planned_full_grid,gradient-boosted latent factor model,,25.0,5.0,,,,,,,,scGBM,scGBM,scGBM,revision_dimension_sensitivity,revision_benchmark\results\source_data\wp2_dimension_sensitivity_long.csv
2000.0,15,0.5669493173571187,0.614916777787723,0.6159342156375772,0.6139026957268434,0.1074138884693962,0.6488429009976976,WP2_dimension_sensitivity,celltype_15,scGBM,scrna-dr-r,10,2,,,5000.0,2000,3000,43.20400953292847,352.89453125,datasets/simulate/celltype_15/counts_matrix.csv,datasets/simulate/celltype_15/cell_metadata.csv,revision_benchmark/results/embeddings/WP2_dimension_sensitivity/celltype_15/scGBM/dim_10/seed_2.csv,planned_full_grid,gradient-boosted latent factor model,,25.0,5.0,,,,,,,,scGBM,scGBM,scGBM,revision_dimension_sensitivity,revision_benchmark\results\source_data\wp2_dimension_sensitivity_long.csv
2000.0,15,0.6484358526137057,0.6937566870916841,0.6917929196729742,0.6957316351990102,0.0839189494622027,0.7179630510787072,WP2_dimension_sensitivity,celltype_15,scGBM,scrna-dr-r,20,0,,,5000.0,2000,3000,53.221643924713135,352.89453125,datasets/simulate/celltype_15/counts_matrix.csv,datasets/simulate/celltype_15/cell_metadata.csv,revision_benchmark/results/embeddings/WP2_dimension_sensitivity/celltype_15/scGBM/dim_20/seed_0.csv,planned_full_grid,gradient-boosted latent factor model,,25.0,5.0,,,,,,,,scGBM,scGBM,scGBM,revision_dimension_sensitivity,revision_benchmark\results\source_data\wp2_dimension_sensitivity_long.csv
2000.0,15,0.6657801060455795,0.7087939889000542,0.705653291470423,0.7119627683325652,0.0838593272906354,0.7183672294704528,WP2_dimension_sensitivity,celltype_15,scGBM,scrna-dr-r,20,1,,,5000.0,2000,3000,60.29735732078552,352.89453125,datasets/simulate/celltype_15/counts_matrix.csv,datasets/simulate/celltype_15/cell_metadata.csv,revision_benchmark/results/embeddings/WP2_dimension_sensitivity/celltype_15/scGBM/dim_20/seed_1.csv,planned_full_grid,gradient-boosted latent factor model,,25.0,5.0,,,,,,,,scGBM,scGBM,scGBM,revision_dimension_sensitivity,revision_benchmark\results\source_data\wp2_dimension_sensitivity_long.csv
2000.0,15,0.6587836819495596,0.6996744548235354,0.6975424269330107,0.7018195556935044,0.079314157730292,0.7177471134987635,WP2_dimension_sensitivity,celltype_15,scGBM,scrna-dr-r,20,2,,,5000.0,2000,3000,47.98995900154114,352.89453125,datasets/simulate/celltype_15/counts_matrix.csv,datasets/simulate/celltype_15/cell_metadata.csv,revision_benchmark/results/embeddings/WP2_dimension_sensitivity/celltype_15/scGBM/dim_20/seed_2.csv,planned_full_grid,gradient-boosted latent factor model,,25.0,5.0,,,,,,,,scGBM,scGBM,scGBM,revision_dimension_sensitivity,revision_benchmark\results\source_data\wp2_dimension_sensitivity_long.csv
2000.0,15,0.2469225865134721,0.2981537980050457,0.2970324795901156,0.2992836146123568,0.026350976406175,0.8030635883005031,WP2_dimension_sensitivity,celltype_15,scGBM,scrna-dr-r,50,0,,,5000.0,2000,3000,57.89145088195801,352.89453125,datasets/simulate/celltype_15/counts_matrix.csv,datasets/simulate/celltype_15/cell_metadata.csv,revision_benchmark/results/embeddings/WP2_dimension_sensitivity/celltype_15/scGBM/dim_50/seed_0.csv,planned_full_grid,gradient-boosted latent factor model,,25.0,5.0,,,,,,,,scGBM,scGBM,scGBM,revision_dimension_sensitivity,revision_benchmark\results\source_data\wp2_dimension_sensitivity_long.csv
2000.0,15,0.2014964558751691,0.2580789965628379,0.2547529456123586,0.2614930461734452,0.0264103071292016,0.8031892470367528,WP2_dimension_sensitivity,celltype_15,scGBM,scrna-dr-r,50,1,,,5000.0,2000,3000,103.30877947807312,352.89453125,datasets/simulate/celltype_15/counts_matrix.csv,datasets/simulate/celltype_15/cell_metadata.csv,revision_benchmark/results/embeddings/WP2_dimension_sensitivity/celltype_15/scGBM/dim_50/seed_1.csv,planned_full_grid,gradient-boosted latent factor model,,25.0,5.0,,,,,,,,scGBM,scGBM,scGBM,revision_dimension_sensitivity,revision_benchmark\results\source_data\wp2_dimension_sensitivity_long.csv
2000.0,15,0.3002372400742047,0.4036691771606429,0.3990557556004383,0.4083905164398921,0.0270949950776176,0.8045496546431312,WP2_dimension_sensitivity,celltype_15,scGBM,scrna-dr-r,50,2,,,5000.0,2000,3000,99.33590388298036,352.89453125,datasets/simulate/celltype_15/counts_matrix.csv,datasets/simulate/celltype_15/cell_metadata.csv,revision_benchmark/results/embeddings/WP2_dimension_sensitivity/celltype_15/scGBM/dim_50/seed_2.csv,planned_full_grid,gradient-boosted latent factor model,,25.0,5.0,,,,,,,,scGBM,scGBM,scGBM,revision_dimension_sensitivity,revision_benchmark\results\source_data\wp2_dimension_sensitivity_long.csv
2000.0,5,0.778814720820782,0.8625498622756431,0.8755206114917053,0.8499578231802779,0.5089017295302039,0.6453170290781955,WP2_dimension_sensitivity,dropout_0,scGBM,scrna-dr-r,2,0,,,5000.0,2000,3000,33.8344087600708,352.89453125,datasets/simulate/dropout_0/counts_matrix.csv,datasets/simulate/dropout_0/cell_metadata.csv,revision_benchmark/results/embeddings/WP2_dimension_sensitivity/dropout_0/scGBM/dim_2/seed_0.csv,planned_full_grid,gradient-boosted latent factor model,,25.0,5.0,,,,,,,,scGBM,scGBM,scGBM,revision_dimension_sensitivity,revision_benchmark\results\source_data\wp2_dimension_sensitivity_long.csv
2000.0,5,0.77888069115191,0.8625681483442317,0.875519601472175,0.8499942880196935,0.5089140939994603,0.6453730536369062,WP2_dimension_sensitivity,dropout_0,scGBM,scrna-dr-r,2,1,,,5000.0,2000,3000,26.86254572868347,352.89453125,datasets/simulate/dropout_0/counts_matrix.csv,datasets/simulate/dropout_0/cell_metadata.csv,revision_benchmark/results/embeddings/WP2_dimension_sensitivity/dropout_0/scGBM/dim_2/seed_1.csv,planned_full_grid,gradient-boosted latent factor model,,25.0,5.0,,,,,,,,scGBM,scGBM,scGBM,revision_dimension_sensitivity,revision_benchmark\results\source_data\wp2_dimension_sensitivity_long.csv
2000.0,5,0.7776307187411224,0.8607443926722977,0.8736443808985471,0.8482198164435364,0.5089312650311799,0.6455165089110599,WP2_dimension_sensitivity,dropout_0,scGBM,scrna-dr-r,2,2,,,5000.0,2000,3000,19.42639541625977,352.89453125,datasets/simulate/dropout_0/counts_matrix.csv,datasets/simulate/dropout_0/cell_metadata.csv,revision_benchmark/results/embeddings/WP2_dimension_sensitivity/dropout_0/scGBM/dim_2/seed_2.csv,planned_full_grid,gradient-boosted latent factor model,,25.0,5.0,,,,,,,,scGBM,scGBM,scGBM,revision_dimension_sensitivity,revision_benchmark\results\source_data\wp2_dimension_sensitivity_long.csv
2000.0,5,1.0,1.0,1.0,1.0,0.4752262013237383,0.6816864074358318,WP2_dimension_sensitivity,dropout_0,scGBM,scrna-dr-r,5,0,,,5000.0,2000,3000,19.54129433631897,352.89453125,datasets/simulate/dropout_0/counts_matrix.csv,datasets/simulate/dropout_0/cell_metadata.csv,revision_benchmark/results/embeddings/WP2_dimension_sensitivity/dropout_0/scGBM/dim_5/seed_0.csv,planned_full_grid,gradient-boosted latent factor model,,25.0,5.0,,,,,,,,scGBM,scGBM,scGBM,revision_dimension_sensitivity,revision_benchmark\results\source_data\wp2_dimension_sensitivity_long.csv
2000.0,5,1.0,1.0,1.0,1.0,0.4751539500137519,0.681644674682357,WP2_dimension_sensitivity,dropout_0,scGBM,scrna-dr-r,5,1,,,5000.0,2000,3000,19.80882740020752,352.89453125,datasets/simulate/dropout_0/counts_matrix.csv,datasets/simulate/dropout_0/cell_metadata.csv,revision_benchmark/results/embeddings/WP2_dimension_sensitivity/dropout_0/scGBM/dim_5/seed_1.csv,planned_full_grid,gradient-boosted latent factor model,,25.0,5.0,,,,,,,,scGBM,scGBM,scGBM,revision_dimension_sensitivity,revision_benchmark\results\source_data\wp2_dimension_sensitivity_long.csv
2000.0,5,1.0,1.0,1.0,1.0,0.4757502951559375,0.6815918905090816,WP2_dimension_sensitivity,dropout_0,scGBM,scrna-dr-r,5,2,,,5000.0,2000,3000,21.51638174057007,352.89453125,datasets/simulate/dropout_0/counts_matrix.csv,datasets/simulate/dropout_0/cell_metadata.csv,revision_benchmark/results/embeddings/WP2_dimension_sensitivity/dropout_0/scGBM/dim_5/seed_2.csv,planned_full_grid,gradient-boosted latent factor model,,25.0,5.0,,,,,,,,scGBM,scGBM,scGBM,revision_dimension_sensitivity,revision_benchmark\results\source_data\wp2_dimension_sensitivity_long.csv
2000.0,5,1.0,1.0,1.0,1.0,0.2232145771172483,0.7275196896051845,WP2_dimension_sensitivity,dropout_0,scGBM,scrna-dr-r,10,0,,,5000.0,2000,3000,30.14173102378845,352.89453125,datasets/simulate/dropout_0/counts_matrix.csv,datasets/simulate/dropout_0/cell_metadata.csv,revision_benchmark/results/embeddings/WP2_dimension_sensitivity/dropout_0/scGBM/dim_10/seed_0.csv,planned_full_grid,gradient-boosted latent factor model,,25.0,5.0,,,,,,,,scGBM,scGBM,scGBM,revision_dimension_sensitivity,revision_benchmark\results\source_data\wp2_dimension_sensitivity_long.csv
2000.0,5,1.0,1.0,1.0,1.0,0.2258185309851341,0.7271863647991814,WP2_dimension_sensitivity,dropout_0,scGBM,scrna-dr-r,10,1,,,5000.0,2000,3000,35.40428447723389,352.89453125,datasets/simulate/dropout_0/counts_matrix.csv,datasets/simulate/dropout_0/cell_metadata.csv,revision_benchmark/results/embeddings/WP2_dimension_sensitivity/dropout_0/scGBM/dim_10/seed_1.csv,planned_full_grid,gradient-boosted latent factor model,,25.0,5.0,,,,,,,,scGBM,scGBM,scGBM,revision_dimension_sensitivity,revision_benchmark\results\source_data\wp2_dimension_sensitivity_long.csv
2000.0,5,1.0,1.0,1.0,1.0,0.2150169546187315,0.726891370341946,WP2_dimension_sensitivity,dropout_0,scGBM,scrna-dr-r,10,2,,,5000.0,2000,3000,35.06256365776062,352.89453125,datasets/simulate/dropout_0/counts_matrix.csv,datasets/simulate/dropout_0/cell_metadata.csv,revision_benchmark/results/embeddings/WP2_dimension_sensitivity/dropout_0/scGBM/dim_10/seed_2.csv,planned_full_grid,gradient-boosted latent factor model,,25.0,5.0,,,,,,,,scGBM,scGBM,scGBM,revision_dimension_sensitivity,revision_benchmark\results\source_data\wp2_dimension_sensitivity_long.csv
2000.0,5,1.0,1.0,1.0,1.0,0.1048599809697295,0.7821041613370854,WP2_dimension_sensitivity,dropout_0,scGBM,scrna-dr-r,20,0,,,5000.0,2000,3000,46.56962561607361,352.89453125,datasets/simulate/dropout_0/counts_matrix.csv,datasets/simulate/dropout_0/cell_metadata.csv,revision_benchmark/results/embeddings/WP2_dimension_sensitivity/dropout_0/scGBM/dim_20/seed_0.csv,planned_full_grid,gradient-boosted latent factor model,,25.0,5.0,,,,,,,,scGBM,scGBM,scGBM,revision_dimension_sensitivity,revision_benchmark\results\source_data\wp2_dimension_sensitivity_long.csv
2000.0,5,1.0,1.0,1.0,1.0,0.1042242862395069,0.7814433700008527,WP2_dimension_sensitivity,dropout_0,scGBM,scrna-dr-r,20,1,,,5000.0,2000,3000,44.45493626594544,352.89453125,datasets/simulate/dropout_0/counts_matrix.csv,datasets/simulate/dropout_0/cell_metadata.csv,revision_benchmark/results/embeddings/WP2_dimension_sensitivity/dropout_0/scGBM/dim_20/seed_1.csv,planned_full_grid,gradient-boosted latent factor model,,25.0,5.0,,,,,,,,scGBM,scGBM,scGBM,revision_dimension_sensitivity,revision_benchmark\results\source_data\wp2_dimension_sensitivity_long.csv
2000.0,5,1.0,1.0,1.0,1.0,0.1013041386329227,0.7813382706574572,WP2_dimension_sensitivity,dropout_0,scGBM,scrna-dr-r,20,2,,,5000.0,2000,3000,48.28382802009583,352.89453125,datasets/simulate/dropout_0/counts_matrix.csv,datasets/simulate/dropout_0/cell_metadata.csv,revision_benchmark/results/embeddings/WP2_dimension_sensitivity/dropout_0/scGBM/dim_20/seed_2.csv,planned_full_grid,gradient-boosted latent factor model,,25.0,5.0,,,,,,,,scGBM,scGBM,scGBM,revision_dimension_sensitivity,revision_benchmark\results\source_data\wp2_dimension_sensitivity_long.csv
2000.0,5,0.7795428985818923,0.7715508630159624,0.7814617415526202,0.7618882253480813,0.0384264453754635,0.8449735396947216,WP2_dimension_sensitivity,dropout_0,scGBM,scrna-dr-r,50,0,,,5000.0,2000,3000,90.93443250656128,352.89453125,datasets/simulate/dropout_0/counts_matrix.csv,datasets/simulate/dropout_0/cell_metadata.csv,revision_benchmark/results/embeddings/WP2_dimension_sensitivity/dropout_0/scGBM/dim_50/seed_0.csv,planned_full_grid,gradient-boosted latent factor model,,25.0,5.0,,,,,,,,scGBM,scGBM,scGBM,revision_dimension_sensitivity,revision_benchmark\results\source_data\wp2_dimension_sensitivity_long.csv
2000.0,5,0.7815656550940463,0.777805379428521,0.7878159905275519,0.7680459816492059,0.038271714499343,0.845204229555726,WP2_dimension_sensitivity,dropout_0,scGBM,scrna-dr-r,50,1,,,5000.0,2000,3000,84.66953253746033,352.89453125,datasets/simulate/dropout_0/counts_matrix.csv,datasets/simulate/dropout_0/cell_metadata.csv,revision_benchmark/results/embeddings/WP2_dimension_sensitivity/dropout_0/scGBM/dim_50/seed_1.csv,planned_full_grid,gradient-boosted latent factor model,,25.0,5.0,,,,,,,,scGBM,scGBM,scGBM,revision_dimension_sensitivity,revision_benchmark\results\source_data\wp2_dimension_sensitivity_long.csv
2000.0,5,0.7767379991834341,0.7752643934205663,0.7851696947239794,0.7656058990080796,0.0394096294519876,0.8466195872772235,WP2_dimension_sensitivity,dropout_0,scGBM,scrna-dr-r,50,2,,,5000.0,2000,3000,86.23511338233948,352.89453125,datasets/simulate/dropout_0/counts_matrix.csv,datasets/simulate/dropout_0/cell_metadata.csv,revision_benchmark/results/embeddings/WP2_dimension_sensitivity/dropout_0/scGBM/dim_50/seed_2.csv,planned_full_grid,gradient-boosted latent factor model,,25.0,5.0,,,,,,,,scGBM,scGBM,scGBM,revision_dimension_sensitivity,revision_benchmark\results\source_data\wp2_dimension_sensitivity_long.csv
2000.0,5,0.2757104003821846,0.3617410439326971,0.3652864088241061,0.3582638380943252,-0.0484904493009845,0.7857057133111622,WP2_dimension_sensitivity,batch_1.0,scGBM,scrna-dr-r,2,0,,,5000.0,2000,3000,26.871614694595337,352.90234375,datasets/simulate/batch_1.0/counts_matrix.csv,datasets/simulate/batch_1.0/cell_metadata.csv,revision_benchmark/results/embeddings/WP2_dimension_sensitivity/batch_1.0/scGBM/dim_2/seed_0.csv,planned_full_grid,gradient-boosted latent factor model,,25.0,5.0,,,,,,,,scGBM,scGBM,scGBM,revision_dimension_sensitivity,revision_benchmark\results\source_data\wp2_dimension_sensitivity_long.csv
2000.0,5,0.2748012527763711,0.3653936406090957,0.3687752734892698,0.3620734626730086,-0.0484637437774704,0.7855940138142747,WP2_dimension_sensitivity,batch_1.0,scGBM,scrna-dr-r,2,1,,,5000.0,2000,3000,21.05010414123535,352.90234375,datasets/simulate/batch_1.0/counts_matrix.csv,datasets/simulate/batch_1.0/cell_metadata.csv,revision_benchmark/results/embeddings/WP2_dimension_sensitivity/batch_1.0/scGBM/dim_2/seed_1.csv,planned_full_grid,gradient-boosted latent factor model,,25.0,5.0,,,,,,,,scGBM,scGBM,scGBM,revision_dimension_sensitivity,revision_benchmark\results\source_data\wp2_dimension_sensitivity_long.csv
2000.0,5,0.2741627403186094,0.3626322511822625,0.3661842971918161,0.3591484539726227,-0.0484325120953277,0.7855753815980216,WP2_dimension_sensitivity,batch_1.0,scGBM,scrna-dr-r,2,2,,,5000.0,2000,3000,19.221762895584103,352.90234375,datasets/simulate/batch_1.0/counts_matrix.csv,datasets/simulate/batch_1.0/cell_metadata.csv,revision_benchmark/results/embeddings/WP2_dimension_sensitivity/batch_1.0/scGBM/dim_2/seed_2.csv,planned_full_grid,gradient-boosted latent factor model,,25.0,5.0,,,,,,,,scGBM,scGBM,scGBM,revision_dimension_sensitivity,revision_benchmark\results\source_data\wp2_dimension_sensitivity_long.csv
2000.0,5,0.0774275776819388,0.1356593271794896,0.1373379687171148,0.1340212252206482,-0.0290971370299362,0.8115879082459282,WP2_dimension_sensitivity,batch_1.0,scGBM,scrna-dr-r,5,0,,,5000.0,2000,3000,19.639148950576782,352.90234375,datasets/simulate/batch_1.0/counts_matrix.csv,datasets/simulate/batch_1.0/cell_metadata.csv,revision_benchmark/results/embeddings/WP2_dimension_sensitivity/batch_1.0/scGBM/dim_5/seed_0.csv,planned_full_grid,gradient-boosted latent factor model,,25.0,5.0,,,,,,,,scGBM,scGBM,scGBM,revision_dimension_sensitivity,revision_benchmark\results\source_data\wp2_dimension_sensitivity_long.csv
2000.0,5,0.0627864814912355,0.1186819433197149,0.1199596757733003,0.117431143151252,-0.0290873597521299,0.8116098746482476,WP2_dimension_sensitivity,batch_1.0,scGBM,scrna-dr-r,5,1,,,5000.0,2000,3000,19.7212188243866,352.90234375,datasets/simulate/batch_1.0/counts_matrix.csv,datasets/simulate/batch_1.0/cell_metadata.csv,revision_benchmark/results/embeddings/WP2_dimension_sensitivity/batch_1.0/scGBM/dim_5/seed_1.csv,planned_full_grid,gradient-boosted latent factor model,,25.0,5.0,,,,,,,,scGBM,scGBM,scGBM,revision_dimension_sensitivity,revision_benchmark\results\source_data\wp2_dimension_sensitivity_long.csv
2000.0,5,0.0601981525070019,0.1171952269957852,0.1183742453396958,0.1160394632952435,-0.0290707294131671,0.8113650720559393,WP2_dimension_sensitivity,batch_1.0,scGBM,scrna-dr-r,5,2,,,5000.0,2000,3000,19.64877963066101,352.90234375,datasets/simulate/batch_1.0/counts_matrix.csv,datasets/simulate/batch_1.0/cell_metadata.csv,revision_benchmark/results/embeddings/WP2_dimension_sensitivity/batch_1.0/scGBM/dim_5/seed_2.csv,planned_full_grid,gradient-boosted latent factor model,,25.0,5.0,,,,,,,,scGBM,scGBM,scGBM,revision_dimension_sensitivity,revision_benchmark\results\source_data\wp2_dimension_sensitivity_long.csv
2000.0,5,0.0568104593674941,0.1103730891416669,0.1113413421808872,0.1094215312734357,-0.0191897966039335,0.8299095591370342,WP2_dimension_sensitivity,batch_1.0,scGBM,scrna-dr-r,10,0,,,5000.0,2000,3000,20.46506810188293,352.90234375,datasets/simulate/batch_1.0/counts_matrix.csv,datasets/simulate/batch_1.0/cell_metadata.csv,revision_benchmark/results/embeddings/WP2_dimension_sensitivity/batch_1.0/scGBM/dim_10/seed_0.csv,planned_full_grid,gradient-boosted latent factor model,,25.0,5.0,,,,,,,,scGBM,scGBM,scGBM,revision_dimension_sensitivity,revision_benchmark\results\source_data\wp2_dimension_sensitivity_long.csv
2000.0,5,0.0550566160039194,0.1092778675245307,0.1100720598365158,0.1084950536332316,-0.0188918588706428,0.8298847019698132,WP2_dimension_sensitivity,batch_1.0,scGBM,scrna-dr-r,10,1,,,5000.0,2000,3000,20.783549785614014,352.90234375,datasets/simulate/batch_1.0/counts_matrix.csv,datasets/simulate/batch_1.0/cell_metadata.csv,revision_benchmark/results/embeddings/WP2_dimension_sensitivity/batch_1.0/scGBM/dim_10/seed_1.csv,planned_full_grid,gradient-boosted latent factor model,,25.0,5.0,,,,,,,,scGBM,scGBM,scGBM,revision_dimension_sensitivity,revision_benchmark\results\source_data\wp2_dimension_sensitivity_long.csv
2000.0,5,0.0605204452088837,0.1146008149875107,0.1156180317482092,0.1136013412324897,-0.0191828921399708,0.8280080412722777,WP2_dimension_sensitivity,batch_1.0,scGBM,scrna-dr-r,10,2,,,5000.0,2000,3000,20.63480353355408,352.90234375,datasets/simulate/batch_1.0/counts_matrix.csv,datasets/simulate/batch_1.0/cell_metadata.csv,revision_benchmark/results/embeddings/WP2_dimension_sensitivity/batch_1.0/scGBM/dim_10/seed_2.csv,planned_full_grid,gradient-boosted latent factor model,,25.0,5.0,,,,,,,,scGBM,scGBM,scGBM,revision_dimension_sensitivity,revision_benchmark\results\source_data\wp2_dimension_sensitivity_long.csv
2000.0,5,0.045336673061674,0.0904763134389906,0.0911320081512443,0.0898299867693452,-0.0229370058575387,0.8502348256160996,WP2_dimension_sensitivity,batch_1.0,scGBM,scrna-dr-r,20,0,,,5000.0,2000,3000,22.863434314727783,352.90234375,datasets/simulate/batch_1.0/counts_matrix.csv,datasets/simulate/batch_1.0/cell_metadata.csv,revision_benchmark/results/embeddings/WP2_dimension_sensitivity/batch_1.0/scGBM/dim_20/seed_0.csv,planned_full_grid,gradient-boosted latent factor model,,25.0,5.0,,,,,,,,scGBM,scGBM,scGBM,revision_dimension_sensitivity,revision_benchmark\results\source_data\wp2_dimension_sensitivity_long.csv
2000.0,5,0.0476037543784099,0.0930895847137034,0.0938364615557128,0.0923545032899268,-0.0228764537470307,0.8500727722350132,WP2_dimension_sensitivity,batch_1.0,scGBM,scrna-dr-r,20,1,,,5000.0,2000,3000,22.87543511390686,352.90234375,datasets/simulate/batch_1.0/counts_matrix.csv,datasets/simulate/batch_1.0/cell_metadata.csv,revision_benchmark/results/embeddings/WP2_dimension_sensitivity/batch_1.0/scGBM/dim_20/seed_1.csv,planned_full_grid,gradient-boosted latent factor model,,25.0,5.0,,,,,,,,scGBM,scGBM,scGBM,revision_dimension_sensitivity,revision_benchmark\results\source_data\wp2_dimension_sensitivity_long.csv
2000.0,5,0.0440761121029759,0.0864444174763387,0.0870147903593538,0.0858814733680987,-0.0231763640511038,0.8481242943634348,WP2_dimension_sensitivity,batch_1.0,scGBM,scrna-dr-r,20,2,,,5000.0,2000,3000,22.56622576713562,352.90234375,datasets/simulate/batch_1.0/counts_matrix.csv,datasets/simulate/batch_1.0/cell_metadata.csv,revision_benchmark/results/embeddings/WP2_dimension_sensitivity/batch_1.0/scGBM/dim_20/seed_2.csv,planned_full_grid,gradient-boosted latent factor model,,25.0,5.0,,,,,,,,scGBM,scGBM,scGBM,revision_dimension_sensitivity,revision_benchmark\results\source_data\wp2_dimension_sensitivity_long.csv
2000.0,5,0.0061626295906551,0.0110649066300185,0.0111526269081347,0.0109785554995033,-0.0217894457591936,0.8882183337596998,WP2_dimension_sensitivity,batch_1.0,scGBM,scrna-dr-r,50,0,,,5000.0,2000,3000,28.24882698059082,352.94140625,datasets/simulate/batch_1.0/counts_matrix.csv,datasets/simulate/batch_1.0/cell_metadata.csv,revision_benchmark/results/embeddings/WP2_dimension_sensitivity/batch_1.0/scGBM/dim_50/seed_0.csv,planned_full_grid,gradient-boosted latent factor model,,25.0,5.0,,,,,,,,scGBM,scGBM,scGBM,revision_dimension_sensitivity,revision_benchmark\results\source_data\wp2_dimension_sensitivity_long.csv
2000.0,5,0.0076496430326455,0.0122374139353636,0.0123547134141245,0.0121223208635131,-0.0218207945715831,0.8881157329240215,WP2_dimension_sensitivity,batch_1.0,scGBM,scrna-dr-r,50,1,,,5000.0,2000,3000,28.388676166534424,352.94140625,datasets/simulate/batch_1.0/counts_matrix.csv,datasets/simulate/batch_1.0/cell_metadata.csv,revision_benchmark/results/embeddings/WP2_dimension_sensitivity/batch_1.0/scGBM/dim_50/seed_1.csv,planned_full_grid,gradient-boosted latent factor model,,25.0,5.0,,,,,,,,scGBM,scGBM,scGBM,revision_dimension_sensitivity,revision_benchmark\results\source_data\wp2_dimension_sensitivity_long.csv
2000.0,5,0.0439812860735981,0.0684380221308176,0.0693254158669474,0.0675730592772397,-0.022001150773795,0.8899108126545578,WP2_dimension_sensitivity,batch_1.0,scGBM,scrna-dr-r,50,2,,,5000.0,2000,3000,28.3825900554657,352.94140625,datasets/simulate/batch_1.0/counts_matrix.csv,datasets/simulate/batch_1.0/cell_metadata.csv,revision_benchmark/results/embeddings/WP2_dimension_sensitivity/batch_1.0/scGBM/dim_50/seed_2.csv,planned_full_grid,gradient-boosted latent factor model,,25.0,5.0,,,,,,,,scGBM,scGBM,scGBM,revision_dimension_sensitivity,revision_benchmark\results\source_data\wp2_dimension_sensitivity_long.csv
2000.0,5,0.7650209751708766,0.8397226935877776,0.8527912989104944,0.827048582672865,0.5261793119947965,0.6206816406583099,WP2_dimension_sensitivity,gene_5k,scGBM,scrna-dr-r,2,0,,,5000.0,2000,3000,20.64188361167908,352.94140625,datasets/simulate/gene_5k/counts_matrix.csv,datasets/simulate/gene_5k/cell_metadata.csv,revision_benchmark/results/embeddings/WP2_dimension_sensitivity/gene_5k/scGBM/dim_2/seed_0.csv,planned_full_grid,gradient-boosted latent factor model,,25.0,5.0,,,,,,,,scGBM,scGBM,scGBM,revision_dimension_sensitivity,revision_benchmark\results\source_data\wp2_dimension_sensitivity_long.csv
2000.0,5,0.7650378821349045,0.8397270027210897,0.8527902395413052,0.8270579391897269,0.5262597109434739,0.6208224609874649,WP2_dimension_sensitivity,gene_5k,scGBM,scrna-dr-r,2,1,,,5000.0,2000,3000,20.22734522819519,352.94140625,datasets/simulate/gene_5k/counts_matrix.csv,datasets/simulate/gene_5k/cell_metadata.csv,revision_benchmark/results/embeddings/WP2_dimension_sensitivity/gene_5k/scGBM/dim_2/seed_1.csv,planned_full_grid,gradient-boosted latent factor model,,25.0,5.0,,,,,,,,scGBM,scGBM,scGBM,revision_dimension_sensitivity,revision_benchmark\results\source_data\wp2_dimension_sensitivity_long.csv
2000.0,5,0.7650378821349045,0.8397270027210897,0.8527902395413052,0.827057939189727,0.5263613641834536,0.620878715784088,WP2_dimension_sensitivity,gene_5k,scGBM,scrna-dr-r,2,2,,,5000.0,2000,3000,20.360564470291138,352.94140625,datasets/simulate/gene_5k/counts_matrix.csv,datasets/simulate/gene_5k/cell_metadata.csv,revision_benchmark/results/embeddings/WP2_dimension_sensitivity/gene_5k/scGBM/dim_2/seed_2.csv,planned_full_grid,gradient-boosted latent factor model,,25.0,5.0,,,,,,,,scGBM,scGBM,scGBM,revision_dimension_sensitivity,revision_benchmark\results\source_data\wp2_dimension_sensitivity_long.csv
2000.0,5,1.0,1.0,1.0,1.0,0.4476615296633772,0.649353943890168,WP2_dimension_sensitivity,gene_5k,scGBM,scrna-dr-r,5,0,,,5000.0,2000,3000,20.53100800514221,352.96484375,datasets/simulate/gene_5k/counts_matrix.csv,datasets/simulate/gene_5k/cell_metadata.csv,revision_benchmark/results/embeddings/WP2_dimension_sensitivity/gene_5k/scGBM/dim_5/seed_0.csv,planned_full_grid,gradient-boosted latent factor model,,25.0,5.0,,,,,,,,scGBM,scGBM,scGBM,revision_dimension_sensitivity,revision_benchmark\results\source_data\wp2_dimension_sensitivity_long.csv
2000.0,5,1.0,1.0,1.0,1.0,0.4477373194955414,0.6493204655922231,WP2_dimension_sensitivity,gene_5k,scGBM,scrna-dr-r,5,1,,,5000.0,2000,3000,20.54353356361389,352.96484375,datasets/simulate/gene_5k/counts_matrix.csv,datasets/simulate/gene_5k/cell_metadata.csv,revision_benchmark/results/embeddings/WP2_dimension_sensitivity/gene_5k/scGBM/dim_5/seed_1.csv,planned_full_grid,gradient-boosted latent factor model,,25.0,5.0,,,,,,,,scGBM,scGBM,scGBM,revision_dimension_sensitivity,revision_benchmark\results\source_data\wp2_dimension_sensitivity_long.csv
2000.0,5,1.0,1.0,1.0,1.0,0.4483528010187435,0.6494066427901424,WP2_dimension_sensitivity,gene_5k,scGBM,scrna-dr-r,5,2,,,5000.0,2000,3000,20.360528469085693,352.96484375,datasets/simulate/gene_5k/counts_matrix.csv,datasets/simulate/gene_5k/cell_metadata.csv,revision_benchmark/results/embeddings/WP2_dimension_sensitivity/gene_5k/scGBM/dim_5/seed_2.csv,planned_full_grid,gradient-boosted latent factor model,,25.0,5.0,,,,,,,,scGBM,scGBM,scGBM,revision_dimension_sensitivity,revision_benchmark\results\source_data\wp2_dimension_sensitivity_long.csv
2000.0,5,1.0,1.0,1.0,1.0,0.1951242047238472,0.6835704869105483,WP2_dimension_sensitivity,gene_5k,scGBM,scrna-dr-r,10,0,,,5000.0,2000,3000,21.60381245613098,352.96484375,datasets/simulate/gene_5k/counts_matrix.csv,datasets/simulate/gene_5k/cell_metadata.csv,revision_benchmark/results/embeddings/WP2_dimension_sensitivity/gene_5k/scGBM/dim_10/seed_0.csv,planned_full_grid,gradient-boosted latent factor model,,25.0,5.0,,,,,,,,scGBM,scGBM,scGBM,revision_dimension_sensitivity,revision_benchmark\results\source_data\wp2_dimension_sensitivity_long.csv
2000.0,5,0.7379742571758132,0.7673300119815559,0.7762787988864642,0.7585851934254894,0.1987098204797131,0.685604314829027,WP2_dimension_sensitivity,gene_5k,scGBM,scrna-dr-r,10,1,,,5000.0,2000,3000,21.637560606002808,352.96484375,datasets/simulate/gene_5k/counts_matrix.csv,datasets/simulate/gene_5k/cell_metadata.csv,revision_benchmark/results/embeddings/WP2_dimension_sensitivity/gene_5k/scGBM/dim_10/seed_1.csv,planned_full_grid,gradient-boosted latent factor model,,25.0,5.0,,,,,,,,scGBM,scGBM,scGBM,revision_dimension_sensitivity,revision_benchmark\results\source_data\wp2_dimension_sensitivity_long.csv
2000.0,5,1.0,1.0,1.0,1.0,0.1864536458533434,0.6831896904579176,WP2_dimension_sensitivity,gene_5k,scGBM,scrna-dr-r,10,2,,,5000.0,2000,3000,21.80517625808716,352.96484375,datasets/simulate/gene_5k/counts_matrix.csv,datasets/simulate/gene_5k/cell_metadata.csv,revision_benchmark/results/embeddings/WP2_dimension_sensitivity/gene_5k/scGBM/dim_10/seed_2.csv,planned_full_grid,gradient-boosted latent factor model,,25.0,5.0,,,,,,,,scGBM,scGBM,scGBM,revision_dimension_sensitivity,revision_benchmark\results\source_data\wp2_dimension_sensitivity_long.csv
2000.0,5,0.7296043885412224,0.7606241351520807,0.769610585532248,0.7518451253007374,0.0879638966992751,0.7275503283022086,WP2_dimension_sensitivity,gene_5k,scGBM,scrna-dr-r,20,0,,,5000.0,2000,3000,24.60480618476868,352.96484375,datasets/simulate/gene_5k/counts_matrix.csv,datasets/simulate/gene_5k/cell_metadata.csv,revision_benchmark/results/embeddings/WP2_dimension_sensitivity/gene_5k/scGBM/dim_20/seed_0.csv,planned_full_grid,gradient-boosted latent factor model,,25.0,5.0,,,,,,,,scGBM,scGBM,scGBM,revision_dimension_sensitivity,revision_benchmark\results\source_data\wp2_dimension_sensitivity_long.csv
2000.0,5,0.7341175252850696,0.7580062744385917,0.7709437267481066,0.7454958707092254,0.0877544509573348,0.7268173275347489,WP2_dimension_sensitivity,gene_5k,scGBM,scrna-dr-r,20,1,,,5000.0,2000,3000,24.480981588363647,352.96484375,datasets/simulate/gene_5k/counts_matrix.csv,datasets/simulate/gene_5k/cell_metadata.csv,revision_benchmark/results/embeddings/WP2_dimension_sensitivity/gene_5k/scGBM/dim_20/seed_1.csv,planned_full_grid,gradient-boosted latent factor model,,25.0,5.0,,,,,,,,scGBM,scGBM,scGBM,revision_dimension_sensitivity,revision_benchmark\results\source_data\wp2_dimension_sensitivity_long.csv
2000.0,5,0.5410051476524181,0.653667022460154,0.663201208571465,0.6444030784247721,0.0841806073316937,0.7196558454847787,WP2_dimension_sensitivity,gene_5k,scGBM,scrna-dr-r,20,2,,,5000.0,2000,3000,23.70413875579834,352.96484375,datasets/simulate/gene_5k/counts_matrix.csv,datasets/simulate/gene_5k/cell_metadata.csv,revision_benchmark/results/embeddings/WP2_dimension_sensitivity/gene_5k/scGBM/dim_20/seed_2.csv,planned_full_grid,gradient-boosted latent factor model,,25.0,5.0,,,,,,,,scGBM,scGBM,scGBM,revision_dimension_sensitivity,revision_benchmark\results\source_data\wp2_dimension_sensitivity_long.csv
2000.0,5,0.2040045065648016,0.2420722628917442,0.243404210708149,0.2407548130146412,0.0284904280978706,0.7872493220772576,WP2_dimension_sensitivity,gene_5k,scGBM,scrna-dr-r,50,0,,,5000.0,2000,3000,30.21933913230896,352.96484375,datasets/simulate/gene_5k/counts_matrix.csv,datasets/simulate/gene_5k/cell_metadata.csv,revision_benchmark/results/embeddings/WP2_dimension_sensitivity/gene_5k/scGBM/dim_50/seed_0.csv,planned_full_grid,gradient-boosted latent factor model,,25.0,5.0,,,,,,,,scGBM,scGBM,scGBM,revision_dimension_sensitivity,revision_benchmark\results\source_data\wp2_dimension_sensitivity_long.csv
2000.0,5,0.1996512832611497,0.2393465428627555,0.2401088930227738,0.2385890183328856,0.028495484933595,0.7875876438986953,WP2_dimension_sensitivity,gene_5k,scGBM,scrna-dr-r,50,1,,,5000.0,2000,3000,30.77957272529602,352.96484375,datasets/simulate/gene_5k/counts_matrix.csv,datasets/simulate/gene_5k/cell_metadata.csv,revision_benchmark/results/embeddings/WP2_dimension_sensitivity/gene_5k/scGBM/dim_50/seed_1.csv,planned_full_grid,gradient-boosted latent factor model,,25.0,5.0,,,,,,,,scGBM,scGBM,scGBM,revision_dimension_sensitivity,revision_benchmark\results\source_data\wp2_dimension_sensitivity_long.csv
2000.0,5,0.1696906320638942,0.2255384618069747,0.2278235354994156,0.2232987715688794,0.0296422195607766,0.7897897416218982,WP2_dimension_sensitivity,gene_5k,scGBM,scrna-dr-r,50,2,,,5000.0,2000,3000,30.525235176086422,353.09375,datasets/simulate/gene_5k/counts_matrix.csv,datasets/simulate/gene_5k/cell_metadata.csv,revision_benchmark/results/embeddings/WP2_dimension_sensitivity/gene_5k/scGBM/dim_50/seed_2.csv,planned_full_grid,gradient-boosted latent factor model,,25.0,5.0,,,,,,,,scGBM,scGBM,scGBM,revision_dimension_sensitivity,revision_benchmark\results\source_data\wp2_dimension_sensitivity_long.csv
2000.0,5,0.7364428439140183,0.8039536949506699,0.8164609840780055,0.7918238202223437,0.472722525628667,0.6787357295130894,WP2_dimension_sensitivity,gene_5w,scGBM,scrna-dr-r,2,0,,,5000.0,2000,3000,18.08551549911499,353.09375,datasets/simulate/gene_5w/counts_matrix.csv,datasets/simulate/gene_5w/cell_metadata.csv,revision_benchmark/results/embeddings/WP2_dimension_sensitivity/gene_5w/scGBM/dim_2/seed_0.csv,planned_full_grid,gradient-boosted latent factor model,,25.0,5.0,,,,,,,,scGBM,scGBM,scGBM,revision_dimension_sensitivity,revision_benchmark\results\source_data\wp2_dimension_sensitivity_long.csv
2000.0,5,0.7364428439140183,0.80395369495067,0.8164609840780056,0.7918238202223438,0.4728060561200256,0.6788212245246013,WP2_dimension_sensitivity,gene_5w,scGBM,scrna-dr-r,2,1,,,5000.0,2000,3000,18.08494710922241,353.19921875,datasets/simulate/gene_5w/counts_matrix.csv,datasets/simulate/gene_5w/cell_metadata.csv,revision_benchmark/results/embeddings/WP2_dimension_sensitivity/gene_5w/scGBM/dim_2/seed_1.csv,planned_full_grid,gradient-boosted latent factor model,,25.0,5.0,,,,,,,,scGBM,scGBM,scGBM,revision_dimension_sensitivity,revision_benchmark\results\source_data\wp2_dimension_sensitivity_long.csv
2000.0,5,0.7396005517923984,0.8067095760839287,0.8189717290500296,0.7948091995049968,0.4729424225888676,0.6786100622495097,WP2_dimension_sensitivity,gene_5w,scGBM,scrna-dr-r,2,2,,,5000.0,2000,3000,18.070230960845947,353.19921875,datasets/simulate/gene_5w/counts_matrix.csv,datasets/simulate/gene_5w/cell_metadata.csv,revision_benchmark/results/embeddings/WP2_dimension_sensitivity/gene_5w/scGBM/dim_2/seed_2.csv,planned_full_grid,gradient-boosted latent factor model,,25.0,5.0,,,,,,,,scGBM,scGBM,scGBM,revision_dimension_sensitivity,revision_benchmark\results\source_data\wp2_dimension_sensitivity_long.csv
2000.0,5,0.990183339123228,0.9826121663009998,0.9837327937071808,0.9814940891337816,0.4389461802593214,0.7198547539865268,WP2_dimension_sensitivity,gene_5w,scGBM,scrna-dr-r,5,0,,,5000.0,2000,3000,18.673092365264893,353.19921875,datasets/simulate/gene_5w/counts_matrix.csv,datasets/simulate/gene_5w/cell_metadata.csv,revision_benchmark/results/embeddings/WP2_dimension_sensitivity/gene_5w/scGBM/dim_5/seed_0.csv,planned_full_grid,gradient-boosted latent factor model,,25.0,5.0,,,,,,,,scGBM,scGBM,scGBM,revision_dimension_sensitivity,revision_benchmark\results\source_data\wp2_dimension_sensitivity_long.csv
2000.0,5,0.990183339123228,0.9826121663009998,0.9837327937071808,0.9814940891337816,0.437782239329346,0.7196601773684659,WP2_dimension_sensitivity,gene_5w,scGBM,scrna-dr-r,5,1,,,5000.0,2000,3000,18.560879707336422,353.19921875,datasets/simulate/gene_5w/counts_matrix.csv,datasets/simulate/gene_5w/cell_metadata.csv,revision_benchmark/results/embeddings/WP2_dimension_sensitivity/gene_5w/scGBM/dim_5/seed_1.csv,planned_full_grid,gradient-boosted latent factor model,,25.0,5.0,,,,,,,,scGBM,scGBM,scGBM,revision_dimension_sensitivity,revision_benchmark\results\source_data\wp2_dimension_sensitivity_long.csv
2000.0,5,0.990183339123228,0.9826121663009998,0.9837327937071808,0.9814940891337816,0.4381431554728952,0.719726247122026,WP2_dimension_sensitivity,gene_5w,scGBM,scrna-dr-r,5,2,,,5000.0,2000,3000,18.50703001022339,353.19921875,datasets/simulate/gene_5w/counts_matrix.csv,datasets/simulate/gene_5w/cell_metadata.csv,revision_benchmark/results/embeddings/WP2_dimension_sensitivity/gene_5w/scGBM/dim_5/seed_2.csv,planned_full_grid,gradient-boosted latent factor model,,25.0,5.0,,,,,,,,scGBM,scGBM,scGBM,revision_dimension_sensitivity,revision_benchmark\results\source_data\wp2_dimension_sensitivity_long.csv
2000.0,5,0.9913162509232196,0.9842124301108855,0.9851593219502508,0.9832673567453176,0.1958012638963823,0.755988897416219,WP2_dimension_sensitivity,gene_5w,scGBM,scrna-dr-r,10,0,,,5000.0,2000,3000,19.812641620635983,353.19921875,datasets/simulate/gene_5w/counts_matrix.csv,datasets/simulate/gene_5w/cell_metadata.csv,revision_benchmark/results/embeddings/WP2_dimension_sensitivity/gene_5w/scGBM/dim_10/seed_0.csv,planned_full_grid,gradient-boosted latent factor model,,25.0,5.0,,,,,,,,scGBM,scGBM,scGBM,revision_dimension_sensitivity,revision_benchmark\results\source_data\wp2_dimension_sensitivity_long.csv
2000.0,5,0.989052597225876,0.9811222777377462,0.9824151504172592,0.979832803464521,0.1918891986405251,0.7518936386117506,WP2_dimension_sensitivity,gene_5w,scGBM,scrna-dr-r,10,1,,,5000.0,2000,3000,19.60097980499268,353.19921875,datasets/simulate/gene_5w/counts_matrix.csv,datasets/simulate/gene_5w/cell_metadata.csv,revision_benchmark/results/embeddings/WP2_dimension_sensitivity/gene_5w/scGBM/dim_10/seed_1.csv,planned_full_grid,gradient-boosted latent factor model,,25.0,5.0,,,,,,,,scGBM,scGBM,scGBM,revision_dimension_sensitivity,revision_benchmark\results\source_data\wp2_dimension_sensitivity_long.csv
2000.0,5,0.990183339123228,0.9826121663009998,0.9837327937071808,0.9814940891337816,0.1945249724593751,0.7568352008186237,WP2_dimension_sensitivity,gene_5w,scGBM,scrna-dr-r,10,2,,,5000.0,2000,3000,19.783005714416504,353.19921875,datasets/simulate/gene_5w/counts_matrix.csv,datasets/simulate/gene_5w/cell_metadata.csv,revision_benchmark/results/embeddings/WP2_dimension_sensitivity/gene_5w/scGBM/dim_10/seed_2.csv,planned_full_grid,gradient-boosted latent factor model,,25.0,5.0,,,,,,,,scGBM,scGBM,scGBM,revision_dimension_sensitivity,revision_benchmark\results\source_data\wp2_dimension_sensitivity_long.csv
2000.0,5,0.9905161267333932,0.982088743621024,0.98311403958413,0.981065584005433,0.0896671101965842,0.7873476848298797,WP2_dimension_sensitivity,gene_5w,scGBM,scrna-dr-r,20,0,,,5000.0,2000,3000,22.264090299606323,353.19921875,datasets/simulate/gene_5w/counts_matrix.csv,datasets/simulate/gene_5w/cell_metadata.csv,revision_benchmark/results/embeddings/WP2_dimension_sensitivity/gene_5w/scGBM/dim_20/seed_0.csv,planned_full_grid,gradient-boosted latent factor model,,25.0,5.0,,,,,,,,scGBM,scGBM,scGBM,revision_dimension_sensitivity,revision_benchmark\results\source_data\wp2_dimension_sensitivity_long.csv
2000.0,5,0.991648731017511,0.9836890683767924,0.9845405678272002,0.9828390405260417,0.0891697537033612,0.7875700349620534,WP2_dimension_sensitivity,gene_5w,scGBM,scrna-dr-r,20,1,,,5000.0,2000,3000,22.18617272377014,353.19921875,datasets/simulate/gene_5w/counts_matrix.csv,datasets/simulate/gene_5w/cell_metadata.csv,revision_benchmark/results/embeddings/WP2_dimension_sensitivity/gene_5w/scGBM/dim_20/seed_1.csv,planned_full_grid,gradient-boosted latent factor model,,25.0,5.0,,,,,,,,scGBM,scGBM,scGBM,revision_dimension_sensitivity,revision_benchmark\results\source_data\wp2_dimension_sensitivity_long.csv
2000.0,5,0.9894947989590688,0.9805107449748058,0.9816858852054546,0.9793384148150134,0.0887433421635054,0.7858480259230834,WP2_dimension_sensitivity,gene_5w,scGBM,scrna-dr-r,20,2,,,5000.0,2000,3000,22.15795850753784,353.19921875,datasets/simulate/gene_5w/counts_matrix.csv,datasets/simulate/gene_5w/cell_metadata.csv,revision_benchmark/results/embeddings/WP2_dimension_sensitivity/gene_5w/scGBM/dim_20/seed_2.csv,planned_full_grid,gradient-boosted latent factor model,,25.0,5.0,,,,,,,,scGBM,scGBM,scGBM,revision_dimension_sensitivity,revision_benchmark\results\source_data\wp2_dimension_sensitivity_long.csv
2000.0,5,0.7202115823904048,0.7473597864627468,0.7604327734053767,0.734728691478427,0.0333662067692766,0.8285623944742901,WP2_dimension_sensitivity,gene_5w,scGBM,scrna-dr-r,50,0,,,5000.0,2000,3000,27.635785341262817,353.19921875,datasets/simulate/gene_5w/counts_matrix.csv,datasets/simulate/gene_5w/cell_metadata.csv,revision_benchmark/results/embeddings/WP2_dimension_sensitivity/gene_5w/scGBM/dim_50/seed_0.csv,planned_full_grid,gradient-boosted latent factor model,,25.0,5.0,,,,,,,,scGBM,scGBM,scGBM,revision_dimension_sensitivity,revision_benchmark\results\source_data\wp2_dimension_sensitivity_long.csv
2000.0,5,0.735292287226341,0.7599777753534812,0.7730316818677466,0.7473574208030266,0.0332505586471588,0.8278374690884284,WP2_dimension_sensitivity,gene_5w,scGBM,scrna-dr-r,50,1,,,5000.0,2000,3000,29.15750765800476,353.19921875,datasets/simulate/gene_5w/counts_matrix.csv,datasets/simulate/gene_5w/cell_metadata.csv,revision_benchmark/results/embeddings/WP2_dimension_sensitivity/gene_5w/scGBM/dim_50/seed_1.csv,planned_full_grid,gradient-boosted latent factor model,,25.0,5.0,,,,,,,,scGBM,scGBM,scGBM,revision_dimension_sensitivity,revision_benchmark\results\source_data\wp2_dimension_sensitivity_long.csv
2000.0,5,0.7119081206418448,0.7367489569466318,0.7462909103554628,0.727447926840349,0.0339867306169299,0.8305766351155452,WP2_dimension_sensitivity,gene_5w,scGBM,scrna-dr-r,50,2,,,5000.0,2000,3000,28.451754808425903,353.19921875,datasets/simulate/gene_5w/counts_matrix.csv,datasets/simulate/gene_5w/cell_metadata.csv,revision_benchmark/results/embeddings/WP2_dimension_sensitivity/gene_5w/scGBM/dim_50/seed_2.csv,planned_full_grid,gradient-boosted latent factor model,,25.0,5.0,,,,,,,,scGBM,scGBM,scGBM,revision_dimension_sensitivity,revision_benchmark\results\source_data\wp2_dimension_sensitivity_long.csv
2000.0,5,0.0036685846194308,0.0062447090758793,0.0062191988538745,0.0062704294380657,-0.0553343222992663,0.5133217702737273,WP2_dimension_sensitivity,default,SAUCIE,scrna-dr-py-legacy,2,0,,,5000.0,2000,3000,20.11299991607666,940.4375,datasets/simulate/default/counts_matrix.csv,datasets/simulate/default/cell_metadata.csv,revision_benchmark/results/embeddings/WP2_dimension_sensitivity/default/SAUCIE/dim_2/seed_0.csv,planned_full_grid,autoencoder representation model,,,,,,,,,100.0,512;256;128;2,SAUCIE,SAUCIE,SAUCIE,revision_dimension_sensitivity,revision_benchmark\results\source_data\wp2_dimension_sensitivity_long.csv
2000.0,5,0.0012860925229766,0.0045615387778047,0.0044894514910165,0.0046359788599144,-0.0483976409371675,0.5120214973991644,WP2_dimension_sensitivity,default,SAUCIE,scrna-dr-py-legacy,2,1,,,5000.0,2000,3000,5.525800943374634,972.04296875,datasets/simulate/default/counts_matrix.csv,datasets/simulate/default/cell_metadata.csv,revision_benchmark/results/embeddings/WP2_dimension_sensitivity/default/SAUCIE/dim_2/seed_1.csv,planned_full_grid,autoencoder representation model,,,,,,,,,100.0,512;256;128;2,SAUCIE,SAUCIE,SAUCIE,revision_dimension_sensitivity,revision_benchmark\results\source_data\wp2_dimension_sensitivity_long.csv
2000.0,5,0.0026918601208219,0.0060784146646893,0.0060332572404838,0.0061242531707149,-0.0504313634008361,0.5123554702822546,WP2_dimension_sensitivity,default,SAUCIE,scrna-dr-py-legacy,2,2,,,5000.0,2000,3000,16.80601978302002,995.48046875,datasets/simulate/default/counts_matrix.csv,datasets/simulate/default/cell_metadata.csv,revision_benchmark/results/embeddings/WP2_dimension_sensitivity/default/SAUCIE/dim_2/seed_2.csv,planned_full_grid,autoencoder representation model,,,,,,,,,100.0,512;256;128;2,SAUCIE,SAUCIE,SAUCIE,revision_dimension_sensitivity,revision_benchmark\results\source_data\wp2_dimension_sensitivity_long.csv
2000.0,5,0.0038763040764855,0.0078400071711967,0.0077045331070648,0.0079803307739432,-0.0446314626709372,0.5194085017481027,WP2_dimension_sensitivity,default,SAUCIE,scrna-dr-py-legacy,5,0,,,5000.0,2000,3000,13.423937797546388,1012.85546875,datasets/simulate/default/counts_matrix.csv,datasets/simulate/default/cell_metadata.csv,revision_benchmark/results/embeddings/WP2_dimension_sensitivity/default/SAUCIE/dim_5/seed_0.csv,planned_full_grid,autoencoder representation model,,,,,,,,,100.0,512;256;128;5,SAUCIE,SAUCIE,SAUCIE,revision_dimension_sensitivity,revision_benchmark\results\source_data\wp2_dimension_sensitivity_long.csv
2000.0,5,0.0016709750162006,0.0072038801052315,0.007115871789137,0.0072940926370828,-0.0372672263731216,0.5230878826639379,WP2_dimension_sensitivity,default,SAUCIE,scrna-dr-py-legacy,5,1,,,5000.0,2000,3000,23.103414058685303,1035.3203125,datasets/simulate/default/counts_matrix.csv,datasets/simulate/default/cell_metadata.csv,revision_benchmark/results/embeddings/WP2_dimension_sensitivity/default/SAUCIE/dim_5/seed_1.csv,planned_full_grid,autoencoder representation model,,,,,,,,,100.0,512;256;128;5,SAUCIE,SAUCIE,SAUCIE,revision_dimension_sensitivity,revision_benchmark\results\source_data\wp2_dimension_sensitivity_long.csv
2000.0,5,0.0034635357301261,0.006677154415547,0.0066396984278748,0.0067150353954927,-0.0358472439830123,0.5212974844376226,WP2_dimension_sensitivity,default,SAUCIE,scrna-dr-py-legacy,5,2,,,5000.0,2000,3000,9.081140756607056,1035.3203125,datasets/simulate/default/counts_matrix.csv,datasets/simulate/default/cell_metadata.csv,revision_benchmark/results/embeddings/WP2_dimension_sensitivity/default/SAUCIE/dim_5/seed_2.csv,planned_full_grid,autoencoder representation model,,,,,,,,,100.0,512;256;128;5,SAUCIE,SAUCIE,SAUCIE,revision_dimension_sensitivity,revision_benchmark\results\source_data\wp2_dimension_sensitivity_long.csv
2000.0,5,0.0039398130091711,0.0065628145608854,0.006493064634021,0.0066340792982547,-0.0316926880072016,0.5331559563400698,WP2_dimension_sensitivity,default,SAUCIE,scrna-dr-py-legacy,10,0,,,5000.0,2000,3000,25.361761808395386,1035.3203125,datasets/simulate/default/counts_matrix.csv,datasets/simulate/default/cell_metadata.csv,revision_benchmark/results/embeddings/WP2_dimension_sensitivity/default/SAUCIE/dim_10/seed_0.csv,planned_full_grid,autoencoder representation model,,,,,,,,,100.0,512;256;128;10,SAUCIE,SAUCIE,SAUCIE,revision_dimension_sensitivity,revision_benchmark\results\source_data\wp2_dimension_sensitivity_long.csv
2000.0,5,0.0034743718429958,0.0060591071376014,0.005988781354051,0.0061311042071057,-0.0356784796655565,0.5324641084676387,WP2_dimension_sensitivity,default,SAUCIE,scrna-dr-py-legacy,10,1,,,5000.0,2000,3000,9.4589741230011,1047.3671875,datasets/simulate/default/counts_matrix.csv,datasets/simulate/default/cell_metadata.csv,revision_benchmark/results/embeddings/WP2_dimension_sensitivity/default/SAUCIE/dim_10/seed_1.csv,planned_full_grid,autoencoder representation model,,,,,,,,,100.0,512;256;128;10,SAUCIE,SAUCIE,SAUCIE,revision_dimension_sensitivity,revision_benchmark\results\source_data\wp2_dimension_sensitivity_long.csv
2000.0,5,0.0040550820511424,0.0071098853780021,0.0069663650476973,0.0072594436839796,-0.031975535826586,0.5321126971945084,WP2_dimension_sensitivity,default,SAUCIE,scrna-dr-py-legacy,10,2,,,5000.0,2000,3000,9.574300050735474,1050.21484375,datasets/simulate/default/counts_matrix.csv,datasets/simulate/default/cell_metadata.csv,revision_benchmark/results/embeddings/WP2_dimension_sensitivity/default/SAUCIE/dim_10/seed_2.csv,planned_full_grid,autoencoder representation model,,,,,,,,,100.0,512;256;128;10,SAUCIE,SAUCIE,SAUCIE,revision_dimension_sensitivity,revision_benchmark\results\source_data\wp2_dimension_sensitivity_long.csv
2000.0,5,0.0032547507947379,0.0051202090635239,0.0050600149901954,0.0051818525193499,-0.0242046177437854,0.5456535431056536,WP2_dimension_sensitivity,default,SAUCIE,scrna-dr-py-legacy,20,0,,,5000.0,2000,3000,7.592723846435547,1056.63671875,datasets/simulate/default/counts_matrix.csv,datasets/simulate/default/cell_metadata.csv,revision_benchmark/results/embeddings/WP2_dimension_sensitivity/default/SAUCIE/dim_20/seed_0.csv,planned_full_grid,autoencoder representation model,,,,,,,,,100.0,512;256;128;20,SAUCIE,SAUCIE,SAUCIE,revision_dimension_sensitivity,revision_benchmark\results\source_data\wp2_dimension_sensitivity_long.csv
2000.0,5,0.0037061046789298,0.0060980314927514,0.0060518643717172,0.0061449084074949,-0.0230416872582549,0.5465676302549671,WP2_dimension_sensitivity,default,SAUCIE,scrna-dr-py-legacy,20,1,,,5000.0,2000,3000,7.266370058059692,1070.8046875,datasets/simulate/default/counts_matrix.csv,datasets/simulate/default/cell_metadata.csv,revision_benchmark/results/embeddings/WP2_dimension_sensitivity/default/SAUCIE/dim_20/seed_1.csv,planned_full_grid,autoencoder representation model,,,,,,,,,100.0,512;256;128;20,SAUCIE,SAUCIE,SAUCIE,revision_dimension_sensitivity,revision_benchmark\results\source_data\wp2_dimension_sensitivity_long.csv
2000.0,5,0.007097309382782,0.0102687084870304,0.0103334423583609,0.0102047806174458,-0.0260459782927441,0.5411444273897843,WP2_dimension_sensitivity,default,SAUCIE,scrna-dr-py-legacy,20,2,,,5000.0,2000,3000,9.52255392074585,1073.4765625,datasets/simulate/default/counts_matrix.csv,datasets/simulate/default/cell_metadata.csv,revision_benchmark/results/embeddings/WP2_dimension_sensitivity/default/SAUCIE/dim_20/seed_2.csv,planned_full_grid,autoencoder representation model,,,,,,,,,100.0,512;256;128;20,SAUCIE,SAUCIE,SAUCIE,revision_dimension_sensitivity,revision_benchmark\results\source_data\wp2_dimension_sensitivity_long.csv
2000.0,5,0.0096131983093187,0.0109034945268305,0.0110158399171669,0.0107934175183338,-0.010391211142026,0.5651233393024644,WP2_dimension_sensitivity,default,SAUCIE,scrna-dr-py-legacy,50,0,,,5000.0,2000,3000,8.51115345954895,1084.86328125,datasets/simulate/default/counts_matrix.csv,datasets/simulate/default/cell_metadata.csv,revision_benchmark/results/embeddings/WP2_dimension_sensitivity/default/SAUCIE/dim_50/seed_0.csv,planned_full_grid,autoencoder representation model,,,,,,,,,100.0,512;256;128;50,SAUCIE,SAUCIE,SAUCIE,revision_dimension_sensitivity,revision_benchmark\results\source_data\wp2_dimension_sensitivity_long.csv
2000.0,5,0.0072099332716644,0.0104352222063322,0.0103656883119966,0.0105056952789795,-0.0204225507703024,0.5571262641766863,WP2_dimension_sensitivity,default,SAUCIE,scrna-dr-py-legacy,50,1,,,5000.0,2000,3000,12.993651628494264,1089.74609375,datasets/simulate/default/counts_matrix.csv,datasets/simulate/default/cell_metadata.csv,revision_benchmark/results/embeddings/WP2_dimension_sensitivity/default/SAUCIE/dim_50/seed_1.csv,planned_full_grid,autoencoder representation model,,,,,,,,,100.0,512;256;128;50,SAUCIE,SAUCIE,SAUCIE,revision_dimension_sensitivity,revision_benchmark\results\source_data\wp2_dimension_sensitivity_long.csv
2000.0,5,0.0023703690102345,0.0064266713526348,0.0063942650977358,0.0064594077517205,-0.017745934879248,0.5548231431738723,WP2_dimension_sensitivity,default,SAUCIE,scrna-dr-py-legacy,50,2,,,5000.0,2000,3000,11.11583662033081,1094.0859375,datasets/simulate/default/counts_matrix.csv,datasets/simulate/default/cell_metadata.csv,revision_benchmark/results/embeddings/WP2_dimension_sensitivity/default/SAUCIE/dim_50/seed_2.csv,planned_full_grid,autoencoder representation model,,,,,,,,,100.0,512;256;128;50,SAUCIE,SAUCIE,SAUCIE,revision_dimension_sensitivity,revision_benchmark\results\source_data\wp2_dimension_sensitivity_long.csv
2000.0,7,0.0052913410358982,0.0137782972743948,0.0134797455563088,0.0140903732801085,-0.0706311706476317,0.512952485716722,WP2_dimension_sensitivity,celltype_7,SAUCIE,scrna-dr-py-legacy,2,0,,,5000.0,2000,3000,6.863501071929932,1094.0859375,datasets/simulate/celltype_7/counts_matrix.csv,datasets/simulate/celltype_7/cell_metadata.csv,revision_benchmark/results/embeddings/WP2_dimension_sensitivity/celltype_7/SAUCIE/dim_2/seed_0.csv,planned_full_grid,autoencoder representation model,,,,,,,,,100.0,512;256;128;2,SAUCIE,SAUCIE,SAUCIE,revision_dimension_sensitivity,revision_benchmark\results\source_data\wp2_dimension_sensitivity_long.csv
2000.0,7,0.0026536683610928,0.0110268569383368,0.0106814767076931,0.011395318900848,-0.0768191744924373,0.512197893749467,WP2_dimension_sensitivity,celltype_7,SAUCIE,scrna-dr-py-legacy,2,1,,,5000.0,2000,3000,6.955974817276001,1097.26171875,datasets/simulate/celltype_7/counts_matrix.csv,datasets/simulate/celltype_7/cell_metadata.csv,revision_benchmark/results/embeddings/WP2_dimension_sensitivity/celltype_7/SAUCIE/dim_2/seed_1.csv,planned_full_grid,autoencoder representation model,,,,,,,,,100.0,512;256;128;2,SAUCIE,SAUCIE,SAUCIE,revision_dimension_sensitivity,revision_benchmark\results\source_data\wp2_dimension_sensitivity_long.csv
2000.0,7,0.0008843756302593,0.0073031972880073,0.0070720360687653,0.0075499809270294,-0.065509062462217,0.5128185043063016,WP2_dimension_sensitivity,celltype_7,SAUCIE,scrna-dr-py-legacy,2,2,,,5000.0,2000,3000,6.404083251953125,1098.10546875,datasets/simulate/celltype_7/counts_matrix.csv,datasets/simulate/celltype_7/cell_metadata.csv,revision_benchmark/results/embeddings/WP2_dimension_sensitivity/celltype_7/SAUCIE/dim_2/seed_2.csv,planned_full_grid,autoencoder representation model,,,,,,,,,100.0,512;256;128;2,SAUCIE,SAUCIE,SAUCIE,revision_dimension_sensitivity,revision_benchmark\results\source_data\wp2_dimension_sensitivity_long.csv
2000.0,7,0.0021954325198728,0.0086207724271197,0.0084798138401431,0.0087664964939228,-0.0485499305721681,0.5229382109661465,WP2_dimension_sensitivity,celltype_7,SAUCIE,scrna-dr-py-legacy,5,0,,,5000.0,2000,3000,25.490948915481567,1101.671875,datasets/simulate/celltype_7/counts_matrix.csv,datasets/simulate/celltype_7/cell_metadata.csv,revision_benchmark/results/embeddings/WP2_dimension_sensitivity/celltype_7/SAUCIE/dim_5/seed_0.csv,planned_full_grid,autoencoder representation model,,,,,,,,,100.0,512;256;128;5,SAUCIE,SAUCIE,SAUCIE,revision_dimension_sensitivity,revision_benchmark\results\source_data\wp2_dimension_sensitivity_long.csv
2000.0,7,0.0040169308155557,0.0115661681266128,0.0113510356083867,0.0117896128580512,-0.0626078091262913,0.521953398141042,WP2_dimension_sensitivity,celltype_7,SAUCIE,scrna-dr-py-legacy,5,1,,,5000.0,2000,3000,22.26797151565552,1101.671875,datasets/simulate/celltype_7/counts_matrix.csv,datasets/simulate/celltype_7/cell_metadata.csv,revision_benchmark/results/embeddings/WP2_dimension_sensitivity/celltype_7/SAUCIE/dim_5/seed_1.csv,planned_full_grid,autoencoder representation model,,,,,,,,,100.0,512;256;128;5,SAUCIE,SAUCIE,SAUCIE,revision_dimension_sensitivity,revision_benchmark\results\source_data\wp2_dimension_sensitivity_long.csv
2000.0,7,0.001259668080146,0.0083375761423245,0.0080757170604555,0.0086169861392332,-0.0608487533799656,0.517840010232796,WP2_dimension_sensitivity,celltype_7,SAUCIE,scrna-dr-py-legacy,5,2,,,5000.0,2000,3000,20.795796632766724,1102.98828125,datasets/simulate/celltype_7/counts_matrix.csv,datasets/simulate/celltype_7/cell_metadata.csv,revision_benchmark/results/embeddings/WP2_dimension_sensitivity/celltype_7/SAUCIE/dim_5/seed_2.csv,planned_full_grid,autoencoder representation model,,,,,,,,,100.0,512;256;128;5,SAUCIE,SAUCIE,SAUCIE,revision_dimension_sensitivity,revision_benchmark\results\source_data\wp2_dimension_sensitivity_long.csv
2000.0,7,0.0045814560039993,0.0122476863590021,0.0121059668546052,0.0123927632694,-0.051265836728853,0.5294071714846081,WP2_dimension_sensitivity,celltype_7,SAUCIE,scrna-dr-py-legacy,10,0,,,5000.0,2000,3000,23.068056106567383,1114.234375,datasets/simulate/celltype_7/counts_matrix.csv,datasets/simulate/celltype_7/cell_metadata.csv,revision_benchmark/results/embeddings/WP2_dimension_sensitivity/celltype_7/SAUCIE/dim_10/seed_0.csv,planned_full_grid,autoencoder representation model,,,,,,,,,100.0,512;256;128;10,SAUCIE,SAUCIE,SAUCIE,revision_dimension_sensitivity,revision_benchmark\results\source_data\wp2_dimension_sensitivity_long.csv
2000.0,7,0.0043695019817648,0.0144191839669797,0.0139849835760707,0.0148812100528157,-0.0512706823683425,0.5297295983627526,WP2_dimension_sensitivity,celltype_7,SAUCIE,scrna-dr-py-legacy,10,1,,,5000.0,2000,3000,21.069887399673465,1114.40625,datasets/simulate/celltype_7/counts_matrix.csv,datasets/simulate/celltype_7/cell_metadata.csv,revision_benchmark/results/embeddings/WP2_dimension_sensitivity/celltype_7/SAUCIE/dim_10/seed_1.csv,planned_full_grid,autoencoder representation model,,,,,,,,,100.0,512;256;128;10,SAUCIE,SAUCIE,SAUCIE,revision_dimension_sensitivity,revision_benchmark\results\source_data\wp2_dimension_sensitivity_long.csv
2000.0,7,0.0017182954327318,0.0084655329107813,0.0083259838201999,0.0086098396154708,-0.0426713999923544,0.5308284471731901,WP2_dimension_sensitivity,celltype_7,SAUCIE,scrna-dr-py-legacy,10,2,,,5000.0,2000,3000,22.41311025619507,1116.55078125,datasets/simulate/celltype_7/counts_matrix.csv,datasets/simulate/celltype_7/cell_metadata.csv,revision_benchmark/results/embeddings/WP2_dimension_sensitivity/celltype_7/SAUCIE/dim_10/seed_2.csv,planned_full_grid,autoencoder representation model,,,,,,,,,100.0,512;256;128;10,SAUCIE,SAUCIE,SAUCIE,revision_dimension_sensitivity,revision_benchmark\results\source_data\wp2_dimension_sensitivity_long.csv
2000.0,7,0.0053068953236308,0.0126859421295992,0.0124425476846557,0.0129390488643493,-0.0371130148351441,0.5388334697706147,WP2_dimension_sensitivity,celltype_7,SAUCIE,scrna-dr-py-legacy,20,0,,,5000.0,2000,3000,8.511715412139893,1119.4609375,datasets/simulate/celltype_7/counts_matrix.csv,datasets/simulate/celltype_7/cell_metadata.csv,revision_benchmark/results/embeddings/WP2_dimension_sensitivity/celltype_7/SAUCIE/dim_20/seed_0.csv,planned_full_grid,autoencoder representation model,,,,,,,,,100.0,512;256;128;20,SAUCIE,SAUCIE,SAUCIE,revision_dimension_sensitivity,revision_benchmark\results\source_data\wp2_dimension_sensitivity_long.csv
2000.0,7,0.0029678520061998,0.0101882156987318,0.0098867243459013,0.0105086731081823,-0.0376569590820702,0.542844308007163,WP2_dimension_sensitivity,celltype_7,SAUCIE,scrna-dr-py-legacy,20,1,,,5000.0,2000,3000,27.939228773117065,1119.7734375,datasets/simulate/celltype_7/counts_matrix.csv,datasets/simulate/celltype_7/cell_metadata.csv,revision_benchmark/results/embeddings/WP2_dimension_sensitivity/celltype_7/SAUCIE/dim_20/seed_1.csv,planned_full_grid,autoencoder representation model,,,,,,,,,100.0,512;256;128;20,SAUCIE,SAUCIE,SAUCIE,revision_dimension_sensitivity,revision_benchmark\results\source_data\wp2_dimension_sensitivity_long.csv
2000.0,7,0.0031994129678494,0.0109162943543676,0.0106168652619346,0.011233103303564,-0.0342170283267233,0.5411728575083141,WP2_dimension_sensitivity,celltype_7,SAUCIE,scrna-dr-py-legacy,20,2,,,5000.0,2000,3000,12.289035081863403,1119.78125,datasets/simulate/celltype_7/counts_matrix.csv,datasets/simulate/celltype_7/cell_metadata.csv,revision_benchmark/results/embeddings/WP2_dimension_sensitivity/celltype_7/SAUCIE/dim_20/seed_2.csv,planned_full_grid,autoencoder representation model,,,,,,,,,100.0,512;256;128;20,SAUCIE,SAUCIE,SAUCIE,revision_dimension_sensitivity,revision_benchmark\results\source_data\wp2_dimension_sensitivity_long.csv
2000.0,7,0.0024617499795535,0.0085477060425391,0.0084453184131947,0.0086526067519784,-0.0282271470915298,0.554527807623433,WP2_dimension_sensitivity,celltype_7,SAUCIE,scrna-dr-py-legacy,50,0,,,5000.0,2000,3000,32.33079481124878,1122.18359375,datasets/simulate/celltype_7/counts_matrix.csv,datasets/simulate/celltype_7/cell_metadata.csv,revision_benchmark/results/embeddings/WP2_dimension_sensitivity/celltype_7/SAUCIE/dim_50/seed_0.csv,planned_full_grid,autoencoder representation model,,,,,,,,,100.0,512;256;128;50,SAUCIE,SAUCIE,SAUCIE,revision_dimension_sensitivity,revision_benchmark\results\source_data\wp2_dimension_sensitivity_long.csv
2000.0,7,0.0041080671560214,0.0108314012067952,0.0105986397007236,0.0110746158394984,-0.0257306596778336,0.5551298030186749,WP2_dimension_sensitivity,celltype_7,SAUCIE,scrna-dr-py-legacy,50,1,,,5000.0,2000,3000,9.032672882080078,1122.31640625,datasets/simulate/celltype_7/counts_matrix.csv,datasets/simulate/celltype_7/cell_metadata.csv,revision_benchmark/results/embeddings/WP2_dimension_sensitivity/celltype_7/SAUCIE/dim_50/seed_1.csv,planned_full_grid,autoencoder representation model,,,,,,,,,100.0,512;256;128;50,SAUCIE,SAUCIE,SAUCIE,revision_dimension_sensitivity,revision_benchmark\results\source_data\wp2_dimension_sensitivity_long.csv
2000.0,7,0.0071409066453248,0.0160280151342917,0.0159011794881694,0.0161568904571561,-0.0234316667073143,0.5587927091327705,WP2_dimension_sensitivity,celltype_7,SAUCIE,scrna-dr-py-legacy,50,2,,,5000.0,2000,3000,32.963157415390015,1122.5703125,datasets/simulate/celltype_7/counts_matrix.csv,datasets/simulate/celltype_7/cell_metadata.csv,revision_benchmark/results/embeddings/WP2_dimension_sensitivity/celltype_7/SAUCIE/dim_50/seed_2.csv,planned_full_grid,autoencoder representation model,,,,,,,,,100.0,512;256;128;50,SAUCIE,SAUCIE,SAUCIE,revision_dimension_sensitivity,revision_benchmark\results\source_data\wp2_dimension_sensitivity_long.csv
2000.0,11,0.0014293464146433,0.0136218070739683,0.0133851680592411,0.0138669638511161,-0.0951911750443776,0.5125437793126972,WP2_dimension_sensitivity,celltype_11,SAUCIE,scrna-dr-py-legacy,2,0,,,5000.0,2000,3000,7.144715785980225,1123.48046875,datasets/simulate/celltype_11/counts_matrix.csv,datasets/simulate/celltype_11/cell_metadata.csv,revision_benchmark/results/embeddings/WP2_dimension_sensitivity/celltype_11/SAUCIE/dim_2/seed_0.csv,planned_full_grid,autoencoder representation model,,,,,,,,,100.0,512;256;128;2,SAUCIE,SAUCIE,SAUCIE,revision_dimension_sensitivity,revision_benchmark\results\source_data\wp2_dimension_sensitivity_long.csv
2000.0,11,0.0016593783177878,0.0146720360283724,0.0144462248612783,0.0149050186722296,-0.112345245587337,0.5133400443421164,WP2_dimension_sensitivity,celltype_11,SAUCIE,scrna-dr-py-legacy,2,1,,,5000.0,2000,3000,24.4856059551239,1124.32421875,datasets/simulate/celltype_11/counts_matrix.csv,datasets/simulate/celltype_11/cell_metadata.csv,revision_benchmark/results/embeddings/WP2_dimension_sensitivity/celltype_11/SAUCIE/dim_2/seed_1.csv,planned_full_grid,autoencoder representation model,,,,,,,,,100.0,512;256;128;2,SAUCIE,SAUCIE,SAUCIE,revision_dimension_sensitivity,revision_benchmark\results\source_data\wp2_dimension_sensitivity_long.csv
2000.0,11,0.0019895801860306,0.0144204807213983,0.014298961448887,0.0145440831529741,-0.0887433438250963,0.5135913362326255,WP2_dimension_sensitivity,celltype_11,SAUCIE,scrna-dr-py-legacy,2,2,,,5000.0,2000,3000,6.752471208572388,1125.0078125,datasets/simulate/celltype_11/counts_matrix.csv,datasets/simulate/celltype_11/cell_metadata.csv,revision_benchmark/results/embeddings/WP2_dimension_sensitivity/celltype_11/SAUCIE/dim_2/seed_2.csv,planned_full_grid,autoencoder representation model,,,,,,,,,100.0,512;256;128;2,SAUCIE,SAUCIE,SAUCIE,revision_dimension_sensitivity,revision_benchmark\results\source_data\wp2_dimension_sensitivity_long.csv
2000.0,11,0.0024438137133479,0.0161121152924348,0.015856641615671,0.0163759558811856,-0.073597987183951,0.5204746141383132,WP2_dimension_sensitivity,celltype_11,SAUCIE,scrna-dr-py-legacy,5,0,,,5000.0,2000,3000,28.16569685935974,1131.30859375,datasets/simulate/celltype_11/counts_matrix.csv,datasets/simulate/celltype_11/cell_metadata.csv,revision_benchmark/results/embeddings/WP2_dimension_sensitivity/celltype_11/SAUCIE/dim_5/seed_0.csv,planned_full_grid,autoencoder representation model,,,,,,,,,100.0,512;256;128;5,SAUCIE,SAUCIE,SAUCIE,revision_dimension_sensitivity,revision_benchmark\results\source_data\wp2_dimension_sensitivity_long.csv
2000.0,11,0.0010318430625888,0.0142461542205587,0.0139773464075235,0.0145255040238797,-0.0867711524677553,0.5198222904408629,WP2_dimension_sensitivity,celltype_11,SAUCIE,scrna-dr-py-legacy,5,1,,,5000.0,2000,3000,11.5847909450531,1131.30859375,datasets/simulate/celltype_11/counts_matrix.csv,datasets/simulate/celltype_11/cell_metadata.csv,revision_benchmark/results/embeddings/WP2_dimension_sensitivity/celltype_11/SAUCIE/dim_5/seed_1.csv,planned_full_grid,autoencoder representation model,,,,,,,,,100.0,512;256;128;5,SAUCIE,SAUCIE,SAUCIE,revision_dimension_sensitivity,revision_benchmark\results\source_data\wp2_dimension_sensitivity_long.csv
2000.0,11,0.0015302810778061,0.015201514005181,0.0148624942031965,0.0155563612080976,-0.0867553730266435,0.5192095250277138,WP2_dimension_sensitivity,celltype_11,SAUCIE,scrna-dr-py-legacy,5,2,,,5000.0,2000,3000,28.386268854141235,1131.30859375,datasets/simulate/celltype_11/counts_matrix.csv,datasets/simulate/celltype_11/cell_metadata.csv,revision_benchmark/results/embeddings/WP2_dimension_sensitivity/celltype_11/SAUCIE/dim_5/seed_2.csv,planned_full_grid,autoencoder representation model,,,,,,,,,100.0,512;256;128;5,SAUCIE,SAUCIE,SAUCIE,revision_dimension_sensitivity,revision_benchmark\results\source_data\wp2_dimension_sensitivity_long.csv
2000.0,11,0.0034180585131281,0.0172840295629892,0.0172150257827414,0.017353588751563,-0.0596109231478785,0.5283075978511128,WP2_dimension_sensitivity,celltype_11,SAUCIE,scrna-dr-py-legacy,10,0,,,5000.0,2000,3000,8.64376974105835,1132.1796875,datasets/simulate/celltype_11/counts_matrix.csv,datasets/simulate/celltype_11/cell_metadata.csv,revision_benchmark/results/embeddings/WP2_dimension_sensitivity/celltype_11/SAUCIE/dim_10/seed_0.csv,planned_full_grid,autoencoder representation model,,,,,,,,,100.0,512;256;128;10,SAUCIE,SAUCIE,SAUCIE,revision_dimension_sensitivity,revision_benchmark\results\source_data\wp2_dimension_sensitivity_long.csv
2000.0,11,0.0035549378971537,0.0180728846100373,0.0179618650810902,0.0181852850635766,-0.0513419833928309,0.5304771297006907,WP2_dimension_sensitivity,celltype_11,SAUCIE,scrna-dr-py-legacy,10,1,,,5000.0,2000,3000,6.111879825592041,1132.41015625,datasets/simulate/celltype_11/counts_matrix.csv,datasets/simulate/celltype_11/cell_metadata.csv,revision_benchmark/results/embeddings/WP2_dimension_sensitivity/celltype_11/SAUCIE/dim_10/seed_1.csv,planned_full_grid,autoencoder representation model,,,,,,,,,100.0,512;256;128;10,SAUCIE,SAUCIE,SAUCIE,revision_dimension_sensitivity,revision_benchmark\results\source_data\wp2_dimension_sensitivity_long.csv
2000.0,11,0.0046007377278973,0.0212076215426661,0.0210363146527015,0.0213817413767602,-0.0604031647016659,0.5342824337000085,WP2_dimension_sensitivity,celltype_11,SAUCIE,scrna-dr-py-legacy,10,2,,,5000.0,2000,3000,21.038621187210083,1134.4921875,datasets/simulate/celltype_11/counts_matrix.csv,datasets/simulate/celltype_11/cell_metadata.csv,revision_benchmark/results/embeddings/WP2_dimension_sensitivity/celltype_11/SAUCIE/dim_10/seed_2.csv,planned_full_grid,autoencoder representation model,,,,,,,,,100.0,512;256;128;10,SAUCIE,SAUCIE,SAUCIE,revision_dimension_sensitivity,revision_benchmark\results\source_data\wp2_dimension_sensitivity_long.csv
2000.0,11,0.0008483179400323,0.0114195112815929,0.0113599765235545,0.0114796733403137,-0.0423710240038292,0.5444179073931952,WP2_dimension_sensitivity,celltype_11,SAUCIE,scrna-dr-py-legacy,20,0,,,5000.0,2000,3000,14.523067474365234,1134.4921875,datasets/simulate/celltype_11/counts_matrix.csv,datasets/simulate/celltype_11/cell_metadata.csv,revision_benchmark/results/embeddings/WP2_dimension_sensitivity/celltype_11/SAUCIE/dim_20/seed_0.csv,planned_full_grid,autoencoder representation model,,,,,,,,,100.0,512;256;128;20,SAUCIE,SAUCIE,SAUCIE,revision_dimension_sensitivity,revision_benchmark\results\source_data\wp2_dimension_sensitivity_long.csv
2000.0,11,0.0041021972595555,0.0176560034546516,0.0176275668202704,0.0176845319847306,-0.0433305729617362,0.5452512577811888,WP2_dimension_sensitivity,celltype_11,SAUCIE,scrna-dr-py-legacy,20,1,,,5000.0,2000,3000,10.037838459014893,1143.29296875,datasets/simulate/celltype_11/counts_matrix.csv,datasets/simulate/celltype_11/cell_metadata.csv,revision_benchmark/results/embeddings/WP2_dimension_sensitivity/celltype_11/SAUCIE/dim_20/seed_1.csv,planned_full_grid,autoencoder representation model,,,,,,,,,100.0,512;256;128;20,SAUCIE,SAUCIE,SAUCIE,revision_dimension_sensitivity,revision_benchmark\results\source_data\wp2_dimension_sensitivity_long.csv
2000.0,11,0.0010790242494264,0.0136857503906722,0.0136581863054002,0.0137134259571054,-0.0511411448542397,0.5384587874136608,WP2_dimension_sensitivity,celltype_11,SAUCIE,scrna-dr-py-legacy,20,2,,,5000.0,2000,3000,12.538705348968506,1143.328125,datasets/simulate/celltype_11/counts_matrix.csv,datasets/simulate/celltype_11/cell_metadata.csv,revision_benchmark/results/embeddings/WP2_dimension_sensitivity/celltype_11/SAUCIE/dim_20/seed_2.csv,planned_full_grid,autoencoder representation model,,,,,,,,,100.0,512;256;128;20,SAUCIE,SAUCIE,SAUCIE,revision_dimension_sensitivity,revision_benchmark\results\source_data\wp2_dimension_sensitivity_long.csv
2000.0,11,0.0073052905891478,0.0229417465245865,0.0228744544905044,0.0230094356460188,-0.031832819842144,0.5585566896904579,WP2_dimension_sensitivity,celltype_11,SAUCIE,scrna-dr-py-legacy,50,0,,,5000.0,2000,3000,13.5952308177948,1143.97265625,datasets/simulate/celltype_11/counts_matrix.csv,datasets/simulate/celltype_11/cell_metadata.csv,revision_benchmark/results/embeddings/WP2_dimension_sensitivity/celltype_11/SAUCIE/dim_50/seed_0.csv,planned_full_grid,autoencoder representation model,,,,,,,,,100.0,512;256;128;50,SAUCIE,SAUCIE,SAUCIE,revision_dimension_sensitivity,revision_benchmark\results\source_data\wp2_dimension_sensitivity_long.csv
2000.0,11,0.0036351737589631,0.0176799745139359,0.0176689095098188,0.0176910533854666,-0.0374940859649285,0.5539275688581905,WP2_dimension_sensitivity,celltype_11,SAUCIE,scrna-dr-py-legacy,50,1,,,5000.0,2000,3000,9.160718202590942,1146.85546875,datasets/simulate/celltype_11/counts_matrix.csv,datasets/simulate/celltype_11/cell_metadata.csv,revision_benchmark/results/embeddings/WP2_dimension_sensitivity/celltype_11/SAUCIE/dim_50/seed_1.csv,planned_full_grid,autoencoder representation model,,,,,,,,,100.0,512;256;128;50,SAUCIE,SAUCIE,SAUCIE,revision_dimension_sensitivity,revision_benchmark\results\source_data\wp2_dimension_sensitivity_long.csv
2000.0,11,0.0032198312051812,0.0168318388247225,0.0168101509485451,0.0168535827350908,-0.0383372031447889,0.5595894261106847,WP2_dimension_sensitivity,celltype_11,SAUCIE,scrna-dr-py-legacy,50,2,,,5000.0,2000,3000,17.098429918289185,1152.95703125,datasets/simulate/celltype_11/counts_matrix.csv,datasets/simulate/celltype_11/cell_metadata.csv,revision_benchmark/results/embeddings/WP2_dimension_sensitivity/celltype_11/SAUCIE/dim_50/seed_2.csv,planned_full_grid,autoencoder representation model,,,,,,,,,100.0,512;256;128;50,SAUCIE,SAUCIE,SAUCIE,revision_dimension_sensitivity,revision_benchmark\results\source_data\wp2_dimension_sensitivity_long.csv
2000.0,15,0.0006325439078597,0.0232023896720306,0.023056531790344,0.0233501047248972,-0.1185957277095998,0.5131061311503369,WP2_dimension_sensitivity,celltype_15,SAUCIE,scrna-dr-py-legacy,2,0,,,5000.0,2000,3000,30.04922819137573,1152.95703125,datasets/simulate/celltype_15/counts_matrix.csv,datasets/simulate/celltype_15/cell_metadata.csv,revision_benchmark/results/embeddings/WP2_dimension_sensitivity/celltype_15/SAUCIE/dim_2/seed_0.csv,planned_full_grid,autoencoder representation model,,,,,,,,,100.0,512;256;128;2,SAUCIE,SAUCIE,SAUCIE,revision_dimension_sensitivity,revision_benchmark\results\source_data\wp2_dimension_sensitivity_long.csv
2000.0,15,0.0020591898245797,0.0225061625780047,0.022326396901221,0.0226888465946679,-0.1175465237809805,0.512009081606549,WP2_dimension_sensitivity,celltype_15,SAUCIE,scrna-dr-py-legacy,2,1,,,5000.0,2000,3000,28.280378818511963,1152.95703125,datasets/simulate/celltype_15/counts_matrix.csv,datasets/simulate/celltype_15/cell_metadata.csv,revision_benchmark/results/embeddings/WP2_dimension_sensitivity/celltype_15/SAUCIE/dim_2/seed_1.csv,planned_full_grid,autoencoder representation model,,,,,,,,,100.0,512;256;128;2,SAUCIE,SAUCIE,SAUCIE,revision_dimension_sensitivity,revision_benchmark\results\source_data\wp2_dimension_sensitivity_long.csv
2000.0,15,0.0019925656163256,0.0227649174350244,0.0226589913302184,0.0228718385566557,-0.1055335053588082,0.5124060117677155,WP2_dimension_sensitivity,celltype_15,SAUCIE,scrna-dr-py-legacy,2,2,,,5000.0,2000,3000,27.577123641967773,1152.95703125,datasets/simulate/celltype_15/counts_matrix.csv,datasets/simulate/celltype_15/cell_metadata.csv,revision_benchmark/results/embeddings/WP2_dimension_sensitivity/celltype_15/SAUCIE/dim_2/seed_2.csv,planned_full_grid,autoencoder representation model,,,,,,,,,100.0,512;256;128;2,SAUCIE,SAUCIE,SAUCIE,revision_dimension_sensitivity,revision_benchmark\results\source_data\wp2_dimension_sensitivity_long.csv
2000.0,15,0.0040395898363176,0.0275319547370669,0.0275460512089394,0.027517872685329,-0.0856006556236157,0.5216203803189221,WP2_dimension_sensitivity,celltype_15,SAUCIE,scrna-dr-py-legacy,5,0,,,5000.0,2000,3000,30.24769949913025,1152.95703125,datasets/simulate/celltype_15/counts_matrix.csv,datasets/simulate/celltype_15/cell_metadata.csv,revision_benchmark/results/embeddings/WP2_dimension_sensitivity/celltype_15/SAUCIE/dim_5/seed_0.csv,planned_full_grid,autoencoder representation model,,,,,,,,,100.0,512;256;128;5,SAUCIE,SAUCIE,SAUCIE,revision_dimension_sensitivity,revision_benchmark\results\source_data\wp2_dimension_sensitivity_long.csv
2000.0,15,0.003746642475561,0.0295360275396486,0.0295616188468591,0.0295104805025806,-0.0964573529932882,0.5192155112134391,WP2_dimension_sensitivity,celltype_15,SAUCIE,scrna-dr-py-legacy,5,1,,,5000.0,2000,3000,33.22775316238403,1152.95703125,datasets/simulate/celltype_15/counts_matrix.csv,datasets/simulate/celltype_15/cell_metadata.csv,revision_benchmark/results/embeddings/WP2_dimension_sensitivity/celltype_15/SAUCIE/dim_5/seed_1.csv,planned_full_grid,autoencoder representation model,,,,,,,,,100.0,512;256;128;5,SAUCIE,SAUCIE,SAUCIE,revision_dimension_sensitivity,revision_benchmark\results\source_data\wp2_dimension_sensitivity_long.csv
2000.0,15,0.0027352186546909,0.0244160569181359,0.0244693587158084,0.0243629868311813,-0.0756425514772444,0.5216795173531168,WP2_dimension_sensitivity,celltype_15,SAUCIE,scrna-dr-py-legacy,5,2,,,5000.0,2000,3000,24.958775520324707,1152.95703125,datasets/simulate/celltype_15/counts_matrix.csv,datasets/simulate/celltype_15/cell_metadata.csv,revision_benchmark/results/embeddings/WP2_dimension_sensitivity/celltype_15/SAUCIE/dim_5/seed_2.csv,planned_full_grid,autoencoder representation model,,,,,,,,,100.0,512;256;128;5,SAUCIE,SAUCIE,SAUCIE,revision_dimension_sensitivity,revision_benchmark\results\source_data\wp2_dimension_sensitivity_long.csv
2000.0,15,0.0022681137043565,0.0237388869153941,0.0238405864065238,0.0236380514007903,-0.0701887688886168,0.529966888377249,WP2_dimension_sensitivity,celltype_15,SAUCIE,scrna-dr-py-legacy,10,0,,,5000.0,2000,3000,15.24784803390503,1152.95703125,datasets/simulate/celltype_15/counts_matrix.csv,datasets/simulate/celltype_15/cell_metadata.csv,revision_benchmark/results/embeddings/WP2_dimension_sensitivity/celltype_15/SAUCIE/dim_10/seed_0.csv,planned_full_grid,autoencoder representation model,,,,,,,,,100.0,512;256;128;10,SAUCIE,SAUCIE,SAUCIE,revision_dimension_sensitivity,revision_benchmark\results\source_data\wp2_dimension_sensitivity_long.csv
2000.0,15,0.0044931710199077,0.0285210975182822,0.0287060597872289,0.0283385035311407,-0.0564383660734092,0.5306201159716892,WP2_dimension_sensitivity,celltype_15,SAUCIE,scrna-dr-py-legacy,10,1,,,5000.0,2000,3000,32.23490762710571,1162.3203125,datasets/simulate/celltype_15/counts_matrix.csv,datasets/simulate/celltype_15/cell_metadata.csv,revision_benchmark/results/embeddings/WP2_dimension_sensitivity/celltype_15/SAUCIE/dim_10/seed_1.csv,planned_full_grid,autoencoder representation model,,,,,,,,,100.0,512;256;128;10,SAUCIE,SAUCIE,SAUCIE,revision_dimension_sensitivity,revision_benchmark\results\source_data\wp2_dimension_sensitivity_long.csv
2000.0,15,0.002514077339272,0.0251145782740433,0.0252705838668678,0.0249604870350909,-0.0513653267610508,0.5328937068303914,WP2_dimension_sensitivity,celltype_15,SAUCIE,scrna-dr-py-legacy,10,2,,,5000.0,2000,3000,23.45160818099976,1162.3203125,datasets/simulate/celltype_15/counts_matrix.csv,datasets/simulate/celltype_15/cell_metadata.csv,revision_benchmark/results/embeddings/WP2_dimension_sensitivity/celltype_15/SAUCIE/dim_10/seed_2.csv,planned_full_grid,autoencoder representation model,,,,,,,,,100.0,512;256;128;10,SAUCIE,SAUCIE,SAUCIE,revision_dimension_sensitivity,revision_benchmark\results\source_data\wp2_dimension_sensitivity_long.csv
2000.0,15,0.0046254053316379,0.0287341990102067,0.0289089211206138,0.0285615762114726,-0.0562069521810006,0.5386109149825189,WP2_dimension_sensitivity,celltype_15,SAUCIE,scrna-dr-py-legacy,20,0,,,5000.0,2000,3000,20.05727171897888,1162.3203125,datasets/simulate/celltype_15/counts_matrix.csv,datasets/simulate/celltype_15/cell_metadata.csv,revision_benchmark/results/embeddings/WP2_dimension_sensitivity/celltype_15/SAUCIE/dim_20/seed_0.csv,planned_full_grid,autoencoder representation model,,,,,,,,,100.0,512;256;128;20,SAUCIE,SAUCIE,SAUCIE,revision_dimension_sensitivity,revision_benchmark\results\source_data\wp2_dimension_sensitivity_long.csv
2000.0,15,0.002508616119154,0.0244660467104697,0.0245433770177524,0.0243892021712315,-0.0654131032783072,0.5430224865694551,WP2_dimension_sensitivity,celltype_15,SAUCIE,scrna-dr-py-legacy,20,1,,,5000.0,2000,3000,23.823781490325928,1162.3203125,datasets/simulate/celltype_15/counts_matrix.csv,datasets/simulate/celltype_15/cell_metadata.csv,revision_benchmark/results/embeddings/WP2_dimension_sensitivity/celltype_15/SAUCIE/dim_20/seed_1.csv,planned_full_grid,autoencoder representation model,,,,,,,,,100.0,512;256;128;20,SAUCIE,SAUCIE,SAUCIE,revision_dimension_sensitivity,revision_benchmark\results\source_data\wp2_dimension_sensitivity_long.csv
2000.0,15,0.0028453653555778,0.0263253104257636,0.0264501542750468,0.0262016395576885,-0.054042517927468,0.5426222733862027,WP2_dimension_sensitivity,celltype_15,SAUCIE,scrna-dr-py-legacy,20,2,,,5000.0,2000,3000,16.952741146087646,1162.3203125,datasets/simulate/celltype_15/counts_matrix.csv,datasets/simulate/celltype_15/cell_metadata.csv,revision_benchmark/results/embeddings/WP2_dimension_sensitivity/celltype_15/SAUCIE/dim_20/seed_2.csv,planned_full_grid,autoencoder representation model,,,,,,,,,100.0,512;256;128;20,SAUCIE,SAUCIE,SAUCIE,revision_dimension_sensitivity,revision_benchmark\results\source_data\wp2_dimension_sensitivity_long.csv
2000.0,15,0.0014606587437971,0.0221091360339712,0.0222286273780248,0.0219909224870765,-0.0421501264358989,0.5545553850089537,WP2_dimension_sensitivity,celltype_15,SAUCIE,scrna-dr-py-legacy,50,0,,,5000.0,2000,3000,20.17149066925049,1162.3203125,datasets/simulate/celltype_15/counts_matrix.csv,datasets/simulate/celltype_15/cell_metadata.csv,revision_benchmark/results/embeddings/WP2_dimension_sensitivity/celltype_15/SAUCIE/dim_50/seed_0.csv,planned_full_grid,autoencoder representation model,,,,,,,,,100.0,512;256;128;50,SAUCIE,SAUCIE,SAUCIE,revision_dimension_sensitivity,revision_benchmark\results\source_data\wp2_dimension_sensitivity_long.csv
2000.0,15,0.0026344550691804,0.0256566314336717,0.0257763215432147,0.0255380477278881,-0.0531933549753339,0.5495462863477445,WP2_dimension_sensitivity,celltype_15,SAUCIE,scrna-dr-py-legacy,50,1,,,5000.0,2000,3000,24.525420665740967,1162.3203125,datasets/simulate/celltype_15/counts_matrix.csv,datasets/simulate/celltype_15/cell_metadata.csv,revision_benchmark/results/embeddings/WP2_dimension_sensitivity/celltype_15/SAUCIE/dim_50/seed_1.csv,planned_full_grid,autoencoder representation model,,,,,,,,,100.0,512;256;128;50,SAUCIE,SAUCIE,SAUCIE,revision_dimension_sensitivity,revision_benchmark\results\source_data\wp2_dimension_sensitivity_long.csv
2000.0,15,0.0037676579815497,0.0279847904588215,0.0281577977577117,0.0278138961620439,-0.0490768183327462,0.5552739575338961,WP2_dimension_sensitivity,celltype_15,SAUCIE,scrna-dr-py-legacy,50,2,,,5000.0,2000,3000,22.09453082084656,1162.3203125,datasets/simulate/celltype_15/counts_matrix.csv,datasets/simulate/celltype_15/cell_metadata.csv,revision_benchmark/results/embeddings/WP2_dimension_sensitivity/celltype_15/SAUCIE/dim_50/seed_2.csv,planned_full_grid,autoencoder representation model,,,,,,,,,100.0,512;256;128;50,SAUCIE,SAUCIE,SAUCIE,revision_dimension_sensitivity,revision_benchmark\results\source_data\wp2_dimension_sensitivity_long.csv
2000.0,5,0.0007523412151951,0.0047695922824926,0.0047351722062735,0.0048045164234291,-0.0454647118932163,0.5326916773258292,WP2_dimension_sensitivity,dropout_0,SAUCIE,scrna-dr-py-legacy,2,0,,,5000.0,2000,3000,8.98421049118042,1162.3203125,datasets/simulate/dropout_0/counts_matrix.csv,datasets/simulate/dropout_0/cell_metadata.csv,revision_benchmark/results/embeddings/WP2_dimension_sensitivity/dropout_0/SAUCIE/dim_2/seed_0.csv,planned_full_grid,autoencoder representation model,,,,,,,,,100.0,512;256;128;2,SAUCIE,SAUCIE,SAUCIE,revision_dimension_sensitivity,revision_benchmark\results\source_data\wp2_dimension_sensitivity_long.csv
2000.0,5,0.0016136705999355,0.0045412624623362,0.0044813780511481,0.0046027690143642,-0.0518867771245655,0.5310224439328046,WP2_dimension_sensitivity,dropout_0,SAUCIE,scrna-dr-py-legacy,2,1,,,5000.0,2000,3000,4.030486345291138,1162.3203125,datasets/simulate/dropout_0/counts_matrix.csv,datasets/simulate/dropout_0/cell_metadata.csv,revision_benchmark/results/embeddings/WP2_dimension_sensitivity/dropout_0/SAUCIE/dim_2/seed_1.csv,planned_full_grid,autoencoder representation model,,,,,,,,,100.0,512;256;128;2,SAUCIE,SAUCIE,SAUCIE,revision_dimension_sensitivity,revision_benchmark\results\source_data\wp2_dimension_sensitivity_long.csv
2000.0,5,0.0033385821068072,0.0060311078637293,0.0059527931037629,0.0061115107075286,-0.0464410839940392,0.5302631022426878,WP2_dimension_sensitivity,dropout_0,SAUCIE,scrna-dr-py-legacy,2,2,,,5000.0,2000,3000,2.806756019592285,1167.03515625,datasets/simulate/dropout_0/counts_matrix.csv,datasets/simulate/dropout_0/cell_metadata.csv,revision_benchmark/results/embeddings/WP2_dimension_sensitivity/dropout_0/SAUCIE/dim_2/seed_2.csv,planned_full_grid,autoencoder representation model,,,,,,,,,100.0,512;256;128;2,SAUCIE,SAUCIE,SAUCIE,revision_dimension_sensitivity,revision_benchmark\results\source_data\wp2_dimension_sensitivity_long.csv
2000.0,5,0.0012940574968163,0.0050528786754198,0.0050183546520108,0.0050878810089005,-0.0385408012872673,0.5383979108041272,WP2_dimension_sensitivity,dropout_0,SAUCIE,scrna-dr-py-legacy,5,0,,,5000.0,2000,3000,6.492498159408569,1167.03515625,datasets/simulate/dropout_0/counts_matrix.csv,datasets/simulate/dropout_0/cell_metadata.csv,revision_benchmark/results/embeddings/WP2_dimension_sensitivity/dropout_0/SAUCIE/dim_5/seed_0.csv,planned_full_grid,autoencoder representation model,,,,,,,,,100.0,512;256;128;5,SAUCIE,SAUCIE,SAUCIE,revision_dimension_sensitivity,revision_benchmark\results\source_data\wp2_dimension_sensitivity_long.csv
2000.0,5,0.0015756889458246,0.0061558859767159,0.0061188655140236,0.0061933571298308,-0.0418370488761872,0.541052391916091,WP2_dimension_sensitivity,dropout_0,SAUCIE,scrna-dr-py-legacy,5,1,,,5000.0,2000,3000,6.300726175308228,1167.03515625,datasets/simulate/dropout_0/counts_matrix.csv,datasets/simulate/dropout_0/cell_metadata.csv,revision_benchmark/results/embeddings/WP2_dimension_sensitivity/dropout_0/SAUCIE/dim_5/seed_1.csv,planned_full_grid,autoencoder representation model,,,,,,,,,100.0,512;256;128;5,SAUCIE,SAUCIE,SAUCIE,revision_dimension_sensitivity,revision_benchmark\results\source_data\wp2_dimension_sensitivity_long.csv
2000.0,5,0.0017187399268778,0.0053853675117769,0.0053490150634072,0.0054222174509899,-0.0439776087872388,0.5419557431568176,WP2_dimension_sensitivity,dropout_0,SAUCIE,scrna-dr-py-legacy,5,2,,,5000.0,2000,3000,6.525713920593262,1167.03515625,datasets/simulate/dropout_0/counts_matrix.csv,datasets/simulate/dropout_0/cell_metadata.csv,revision_benchmark/results/embeddings/WP2_dimension_sensitivity/dropout_0/SAUCIE/dim_5/seed_2.csv,planned_full_grid,autoencoder representation model,,,,,,,,,100.0,512;256;128;5,SAUCIE,SAUCIE,SAUCIE,revision_dimension_sensitivity,revision_benchmark\results\source_data\wp2_dimension_sensitivity_long.csv
2000.0,5,0.0027579269020817,0.0054729524516716,0.0054554072275383,0.0054906108948935,-0.0263550438350151,0.5529077001790739,WP2_dimension_sensitivity,dropout_0,SAUCIE,scrna-dr-py-legacy,10,0,,,5000.0,2000,3000,7.170556306838989,1167.03515625,datasets/simulate/dropout_0/counts_matrix.csv,datasets/simulate/dropout_0/cell_metadata.csv,revision_benchmark/results/embeddings/WP2_dimension_sensitivity/dropout_0/SAUCIE/dim_10/seed_0.csv,planned_full_grid,autoencoder representation model,,,,,,,,,100.0,512;256;128;10,SAUCIE,SAUCIE,SAUCIE,revision_dimension_sensitivity,revision_benchmark\results\source_data\wp2_dimension_sensitivity_long.csv
2000.0,5,0.0015557696009801,0.0052659831058849,0.0052549162212302,0.005277096702765,-0.0328207380129321,0.5531779483243796,WP2_dimension_sensitivity,dropout_0,SAUCIE,scrna-dr-py-legacy,10,1,,,5000.0,2000,3000,5.821399211883545,1167.03515625,datasets/simulate/dropout_0/counts_matrix.csv,datasets/simulate/dropout_0/cell_metadata.csv,revision_benchmark/results/embeddings/WP2_dimension_sensitivity/dropout_0/SAUCIE/dim_10/seed_1.csv,planned_full_grid,autoencoder representation model,,,,,,,,,100.0,512;256;128;10,SAUCIE,SAUCIE,SAUCIE,revision_dimension_sensitivity,revision_benchmark\results\source_data\wp2_dimension_sensitivity_long.csv
2000.0,5,0.0015958271102765,0.0050640072305836,0.0050398750945722,0.0050883715794469,-0.0372807604905544,0.5494082800375202,WP2_dimension_sensitivity,dropout_0,SAUCIE,scrna-dr-py-legacy,10,2,,,5000.0,2000,3000,7.132253646850586,1167.03515625,datasets/simulate/dropout_0/counts_matrix.csv,datasets/simulate/dropout_0/cell_metadata.csv,revision_benchmark/results/embeddings/WP2_dimension_sensitivity/dropout_0/SAUCIE/dim_10/seed_2.csv,planned_full_grid,autoencoder representation model,,,,,,,,,100.0,512;256;128;10,SAUCIE,SAUCIE,SAUCIE,revision_dimension_sensitivity,revision_benchmark\results\source_data\wp2_dimension_sensitivity_long.csv
2000.0,5,0.0019506399866829,0.0047629878396165,0.0047067903308375,0.0048205435236276,-0.0337363489407748,0.563480822034621,WP2_dimension_sensitivity,dropout_0,SAUCIE,scrna-dr-py-legacy,20,0,,,5000.0,2000,3000,7.980140209197998,1168.85546875,datasets/simulate/dropout_0/counts_matrix.csv,datasets/simulate/dropout_0/cell_metadata.csv,revision_benchmark/results/embeddings/WP2_dimension_sensitivity/dropout_0/SAUCIE/dim_20/seed_0.csv,planned_full_grid,autoencoder representation model,,,,,,,,,100.0,512;256;128;20,SAUCIE,SAUCIE,SAUCIE,revision_dimension_sensitivity,revision_benchmark\results\source_data\wp2_dimension_sensitivity_long.csv
2000.0,5,0.0014636581693001,0.003909303498177,0.0038917794624541,0.003926986063369,-0.0230775752409435,0.5628383729854183,WP2_dimension_sensitivity,dropout_0,SAUCIE,scrna-dr-py-legacy,20,1,,,5000.0,2000,3000,8.209071636199951,1169.0703125,datasets/simulate/dropout_0/counts_matrix.csv,datasets/simulate/dropout_0/cell_metadata.csv,revision_benchmark/results/embeddings/WP2_dimension_sensitivity/dropout_0/SAUCIE/dim_20/seed_1.csv,planned_full_grid,autoencoder representation model,,,,,,,,,100.0,512;256;128;20,SAUCIE,SAUCIE,SAUCIE,revision_dimension_sensitivity,revision_benchmark\results\source_data\wp2_dimension_sensitivity_long.csv
2000.0,5,0.0014729471433648,0.0043782082185009,0.0043629081927011,0.0043936159314614,-0.0219694106944659,0.560405321053978,WP2_dimension_sensitivity,dropout_0,SAUCIE,scrna-dr-py-legacy,20,2,,,5000.0,2000,3000,7.202784299850464,1171.1796875,datasets/simulate/dropout_0/counts_matrix.csv,datasets/simulate/dropout_0/cell_metadata.csv,revision_benchmark/results/embeddings/WP2_dimension_sensitivity/dropout_0/SAUCIE/dim_20/seed_2.csv,planned_full_grid,autoencoder representation model,,,,,,,,,100.0,512;256;128;20,SAUCIE,SAUCIE,SAUCIE,revision_dimension_sensitivity,revision_benchmark\results\source_data\wp2_dimension_sensitivity_long.csv
2000.0,5,0.0018501007249971,0.0047122225332814,0.0046812047039379,0.0047436541549145,-0.0216216353804779,0.5804792956425343,WP2_dimension_sensitivity,dropout_0,SAUCIE,scrna-dr-py-legacy,50,0,,,5000.0,2000,3000,8.306580066680908,1171.1796875,datasets/simulate/dropout_0/counts_matrix.csv,datasets/simulate/dropout_0/cell_metadata.csv,revision_benchmark/results/embeddings/WP2_dimension_sensitivity/dropout_0/SAUCIE/dim_50/seed_0.csv,planned_full_grid,autoencoder representation model,,,,,,,,,100.0,512;256;128;50,SAUCIE,SAUCIE,SAUCIE,revision_dimension_sensitivity,revision_benchmark\results\source_data\wp2_dimension_sensitivity_long.csv
2000.0,5,0.0015378774393337,0.0056246657960183,0.0056016225131917,0.005647899447346,-0.0273575077546514,0.5739130041783918,WP2_dimension_sensitivity,dropout_0,SAUCIE,scrna-dr-py-legacy,50,1,,,5000.0,2000,3000,20.263007402420044,1171.1796875,datasets/simulate/dropout_0/counts_matrix.csv,datasets/simulate/dropout_0/cell_metadata.csv,revision_benchmark/results/embeddings/WP2_dimension_sensitivity/dropout_0/SAUCIE/dim_50/seed_1.csv,planned_full_grid,autoencoder representation model,,,,,,,,,100.0,512;256;128;50,SAUCIE,SAUCIE,SAUCIE,revision_dimension_sensitivity,revision_benchmark\results\source_data\wp2_dimension_sensitivity_long.csv
2000.0,5,0.0021415117562025,0.0078203317863804,0.0077604577496996,0.0078811368954064,-0.0236468114526997,0.5805023791250958,WP2_dimension_sensitivity,dropout_0,SAUCIE,scrna-dr-py-legacy,50,2,,,5000.0,2000,3000,24.74012517929077,1171.1796875,datasets/simulate/dropout_0/counts_matrix.csv,datasets/simulate/dropout_0/cell_metadata.csv,revision_benchmark/results/embeddings/WP2_dimension_sensitivity/dropout_0/SAUCIE/dim_50/seed_2.csv,planned_full_grid,autoencoder representation model,,,,,,,,,100.0,512;256;128;50,SAUCIE,SAUCIE,SAUCIE,revision_dimension_sensitivity,revision_benchmark\results\source_data\wp2_dimension_sensitivity_long.csv
2000.0,5,0.0076800002087855,0.0169108375835856,0.0170511229498013,0.0167728417312495,-0.0684597712295823,0.7654698473607913,WP2_dimension_sensitivity,batch_1.0,SAUCIE,scrna-dr-py-legacy,2,0,,,5000.0,2000,3000,11.433058500289915,1171.1796875,datasets/simulate/batch_1.0/counts_matrix.csv,datasets/simulate/batch_1.0/cell_metadata.csv,revision_benchmark/results/embeddings/WP2_dimension_sensitivity/batch_1.0/SAUCIE/dim_2/seed_0.csv,planned_full_grid,autoencoder representation model,,,,,,,,,100.0,512;256;128;2,SAUCIE,SAUCIE,SAUCIE,revision_dimension_sensitivity,revision_benchmark\results\source_data\wp2_dimension_sensitivity_long.csv
2000.0,5,0.0070968707720622,0.0141317089336601,0.0142823439191539,0.013984218260786,-0.0679824178708264,0.7663064125522299,WP2_dimension_sensitivity,batch_1.0,SAUCIE,scrna-dr-py-legacy,2,1,,,5000.0,2000,3000,6.876156568527222,1171.1796875,datasets/simulate/batch_1.0/counts_matrix.csv,datasets/simulate/batch_1.0/cell_metadata.csv,revision_benchmark/results/embeddings/WP2_dimension_sensitivity/batch_1.0/SAUCIE/dim_2/seed_1.csv,planned_full_grid,autoencoder representation model,,,,,,,,,100.0,512;256;128;2,SAUCIE,SAUCIE,SAUCIE,revision_dimension_sensitivity,revision_benchmark\results\source_data\wp2_dimension_sensitivity_long.csv
2000.0,5,0.0116821652935417,0.0150044596508459,0.015113308646402,0.0148971673470693,-0.0683625431541767,0.766498524771894,WP2_dimension_sensitivity,batch_1.0,SAUCIE,scrna-dr-py-legacy,2,2,,,5000.0,2000,3000,13.702534675598145,1171.1796875,datasets/simulate/batch_1.0/counts_matrix.csv,datasets/simulate/batch_1.0/cell_metadata.csv,revision_benchmark/results/embeddings/WP2_dimension_sensitivity/batch_1.0/SAUCIE/dim_2/seed_2.csv,planned_full_grid,autoencoder representation model,,,,,,,,,100.0,512;256;128;2,SAUCIE,SAUCIE,SAUCIE,revision_dimension_sensitivity,revision_benchmark\results\source_data\wp2_dimension_sensitivity_long.csv
2000.0,5,0.0078949785103703,0.0152984572989132,0.0154757193829931,0.0151252100214078,-0.0685375870688892,0.772423126119212,WP2_dimension_sensitivity,batch_1.0,SAUCIE,scrna-dr-py-legacy,5,0,,,5000.0,2000,3000,12.542808771133425,1171.1796875,datasets/simulate/batch_1.0/counts_matrix.csv,datasets/simulate/batch_1.0/cell_metadata.csv,revision_benchmark/results/embeddings/WP2_dimension_sensitivity/batch_1.0/SAUCIE/dim_5/seed_0.csv,planned_full_grid,autoencoder representation model,,,,,,,,,100.0,512;256;128;5,SAUCIE,SAUCIE,SAUCIE,revision_dimension_sensitivity,revision_benchmark\results\source_data\wp2_dimension_sensitivity_long.csv
2000.0,5,0.0125298288253983,0.0154699620785543,0.0155498819884214,0.0153908594780856,-0.068118433137559,0.7716292231602285,WP2_dimension_sensitivity,batch_1.0,SAUCIE,scrna-dr-py-legacy,5,1,,,5000.0,2000,3000,13.174622297286987,1171.1796875,datasets/simulate/batch_1.0/counts_matrix.csv,datasets/simulate/batch_1.0/cell_metadata.csv,revision_benchmark/results/embeddings/WP2_dimension_sensitivity/batch_1.0/SAUCIE/dim_5/seed_1.csv,planned_full_grid,autoencoder representation model,,,,,,,,,100.0,512;256;128;5,SAUCIE,SAUCIE,SAUCIE,revision_dimension_sensitivity,revision_benchmark\results\source_data\wp2_dimension_sensitivity_long.csv
2000.0,5,0.0110625943195649,0.0139345335466469,0.0140899403964272,0.0137825174585716,-0.068024453443955,0.7729213865438731,WP2_dimension_sensitivity,batch_1.0,SAUCIE,scrna-dr-py-legacy,5,2,,,5000.0,2000,3000,9.865957736968994,1171.1796875,datasets/simulate/batch_1.0/counts_matrix.csv,datasets/simulate/batch_1.0/cell_metadata.csv,revision_benchmark/results/embeddings/WP2_dimension_sensitivity/batch_1.0/SAUCIE/dim_5/seed_2.csv,planned_full_grid,autoencoder representation model,,,,,,,,,100.0,512;256;128;5,SAUCIE,SAUCIE,SAUCIE,revision_dimension_sensitivity,revision_benchmark\results\source_data\wp2_dimension_sensitivity_long.csv
2000.0,5,0.0108886789959136,0.0128389986268016,0.0129606198399994,0.0127196387569683,-0.0681231563785004,0.7782690287371024,WP2_dimension_sensitivity,batch_1.0,SAUCIE,scrna-dr-py-legacy,10,0,,,5000.0,2000,3000,7.090941905975342,1173.1796875,datasets/simulate/batch_1.0/counts_matrix.csv,datasets/simulate/batch_1.0/cell_metadata.csv,revision_benchmark/results/embeddings/WP2_dimension_sensitivity/batch_1.0/SAUCIE/dim_10/seed_0.csv,planned_full_grid,autoencoder representation model,,,,,,,,,100.0,512;256;128;10,SAUCIE,SAUCIE,SAUCIE,revision_dimension_sensitivity,revision_benchmark\results\source_data\wp2_dimension_sensitivity_long.csv
2000.0,5,0.0098262863855924,0.0191947636657623,0.0192916011333105,0.0190988935267664,-0.0675555915001508,0.7763886757056365,WP2_dimension_sensitivity,batch_1.0,SAUCIE,scrna-dr-py-legacy,10,1,,,5000.0,2000,3000,10.34829306602478,1173.1796875,datasets/simulate/batch_1.0/counts_matrix.csv,datasets/simulate/batch_1.0/cell_metadata.csv,revision_benchmark/results/embeddings/WP2_dimension_sensitivity/batch_1.0/SAUCIE/dim_10/seed_1.csv,planned_full_grid,autoencoder representation model,,,,,,,,,100.0,512;256;128;10,SAUCIE,SAUCIE,SAUCIE,revision_dimension_sensitivity,revision_benchmark\results\source_data\wp2_dimension_sensitivity_long.csv
2000.0,5,0.0084630234391342,0.016809073372212,0.0169631089545705,0.0166578100934444,-0.0676232952022015,0.7797441374605611,WP2_dimension_sensitivity,batch_1.0,SAUCIE,scrna-dr-py-legacy,10,2,,,5000.0,2000,3000,16.874008893966675,1173.1796875,datasets/simulate/batch_1.0/counts_matrix.csv,datasets/simulate/batch_1.0/cell_metadata.csv,revision_benchmark/results/embeddings/WP2_dimension_sensitivity/batch_1.0/SAUCIE/dim_10/seed_2.csv,planned_full_grid,autoencoder representation model,,,,,,,,,100.0,512;256;128;10,SAUCIE,SAUCIE,SAUCIE,revision_dimension_sensitivity,revision_benchmark\results\source_data\wp2_dimension_sensitivity_long.csv
2000.0,5,0.0067588663973461,0.0149555522994961,0.0151046768460127,0.0148093435022805,-0.0666486779478648,0.7831582672465252,WP2_dimension_sensitivity,batch_1.0,SAUCIE,scrna-dr-py-legacy,20,0,,,5000.0,2000,3000,11.02203106880188,1173.1796875,datasets/simulate/batch_1.0/counts_matrix.csv,datasets/simulate/batch_1.0/cell_metadata.csv,revision_benchmark/results/embeddings/WP2_dimension_sensitivity/batch_1.0/SAUCIE/dim_20/seed_0.csv,planned_full_grid,autoencoder representation model,,,,,,,,,100.0,512;256;128;20,SAUCIE,SAUCIE,SAUCIE,revision_dimension_sensitivity,revision_benchmark\results\source_data\wp2_dimension_sensitivity_long.csv
2000.0,5,0.0087366471660594,0.0123769532328533,0.0124908223957316,0.0122651414287282,-0.0675123152882876,0.7822576788607487,WP2_dimension_sensitivity,batch_1.0,SAUCIE,scrna-dr-py-legacy,20,1,,,5000.0,2000,3000,11.873518466949465,1173.1796875,datasets/simulate/batch_1.0/counts_matrix.csv,datasets/simulate/batch_1.0/cell_metadata.csv,revision_benchmark/results/embeddings/WP2_dimension_sensitivity/batch_1.0/SAUCIE/dim_20/seed_1.csv,planned_full_grid,autoencoder representation model,,,,,,,,,100.0,512;256;128;20,SAUCIE,SAUCIE,SAUCIE,revision_dimension_sensitivity,revision_benchmark\results\source_data\wp2_dimension_sensitivity_long.csv
2000.0,5,0.0086869384583885,0.0170332989224522,0.0172137724765276,0.0168565703658505,-0.0674667970649924,0.7861635456638526,WP2_dimension_sensitivity,batch_1.0,SAUCIE,scrna-dr-py-legacy,20,2,,,5000.0,2000,3000,15.159836053848268,1173.1796875,datasets/simulate/batch_1.0/counts_matrix.csv,datasets/simulate/batch_1.0/cell_metadata.csv,revision_benchmark/results/embeddings/WP2_dimension_sensitivity/batch_1.0/SAUCIE/dim_20/seed_2.csv,planned_full_grid,autoencoder representation model,,,,,,,,,100.0,512;256;128;20,SAUCIE,SAUCIE,SAUCIE,revision_dimension_sensitivity,revision_benchmark\results\source_data\wp2_dimension_sensitivity_long.csv
2000.0,5,0.0133944978220064,0.0161844530968663,0.0164157085951604,0.0159596226866774,-0.0672350451686475,0.7919081862368892,WP2_dimension_sensitivity,batch_1.0,SAUCIE,scrna-dr-py-legacy,50,0,,,5000.0,2000,3000,12.455609560012816,1175.7578125,datasets/simulate/batch_1.0/counts_matrix.csv,datasets/simulate/batch_1.0/cell_metadata.csv,revision_benchmark/results/embeddings/WP2_dimension_sensitivity/batch_1.0/SAUCIE/dim_50/seed_0.csv,planned_full_grid,autoencoder representation model,,,,,,,,,100.0,512;256;128;50,SAUCIE,SAUCIE,SAUCIE,revision_dimension_sensitivity,revision_benchmark\results\source_data\wp2_dimension_sensitivity_long.csv
2000.0,5,0.0077466724157618,0.0174075687992573,0.0175292622465391,0.0172875533682107,-0.0668411864590118,0.794885691140104,WP2_dimension_sensitivity,batch_1.0,SAUCIE,scrna-dr-py-legacy,50,1,,,5000.0,2000,3000,20.352357387542725,1175.7578125,datasets/simulate/batch_1.0/counts_matrix.csv,datasets/simulate/batch_1.0/cell_metadata.csv,revision_benchmark/results/embeddings/WP2_dimension_sensitivity/batch_1.0/SAUCIE/dim_50/seed_1.csv,planned_full_grid,autoencoder representation model,,,,,,,,,100.0,512;256;128;50,SAUCIE,SAUCIE,SAUCIE,revision_dimension_sensitivity,revision_benchmark\results\source_data\wp2_dimension_sensitivity_long.csv
2000.0,5,0.0099207458343916,0.0156488436863186,0.0158376983741899,0.015464439873566,-0.0673841680406309,0.7905291805235781,WP2_dimension_sensitivity,batch_1.0,SAUCIE,scrna-dr-py-legacy,50,2,,,5000.0,2000,3000,7.800061464309692,1180.015625,datasets/simulate/batch_1.0/counts_matrix.csv,datasets/simulate/batch_1.0/cell_metadata.csv,revision_benchmark/results/embeddings/WP2_dimension_sensitivity/batch_1.0/SAUCIE/dim_50/seed_2.csv,planned_full_grid,autoencoder representation model,,,,,,,,,100.0,512;256;128;50,SAUCIE,SAUCIE,SAUCIE,revision_dimension_sensitivity,revision_benchmark\results\source_data\wp2_dimension_sensitivity_long.csv
2000.0,5,0.00453332626118,0.0083461594752905,0.008470561806106,0.0082253583089863,-0.0491790710282475,0.51112202609363,WP2_dimension_sensitivity,gene_5k,SAUCIE,scrna-dr-py-legacy,2,0,,,5000.0,2000,3000,21.714437007904053,1182.6484375,datasets/simulate/gene_5k/counts_matrix.csv,datasets/simulate/gene_5k/cell_metadata.csv,revision_benchmark/results/embeddings/WP2_dimension_sensitivity/gene_5k/SAUCIE/dim_2/seed_0.csv,planned_full_grid,autoencoder representation model,,,,,,,,,100.0,512;256;128;2,SAUCIE,SAUCIE,SAUCIE,revision_dimension_sensitivity,revision_benchmark\results\source_data\wp2_dimension_sensitivity_long.csv
2000.0,5,0.0034615395205541,0.010372225503709,0.0102530561180433,0.0104941976328541,-0.0649740270574851,0.512073488530741,WP2_dimension_sensitivity,gene_5k,SAUCIE,scrna-dr-py-legacy,2,1,,,5000.0,2000,3000,7.055572748184204,1183.2265625,datasets/simulate/gene_5k/counts_matrix.csv,datasets/simulate/gene_5k/cell_metadata.csv,revision_benchmark/results/embeddings/WP2_dimension_sensitivity/gene_5k/SAUCIE/dim_2/seed_1.csv,planned_full_grid,autoencoder representation model,,,,,,,,,100.0,512;256;128;2,SAUCIE,SAUCIE,SAUCIE,revision_dimension_sensitivity,revision_benchmark\results\source_data\wp2_dimension_sensitivity_long.csv
2000.0,5,0.0020024613849515,0.0092400068567195,0.0090968374645027,0.0093877548137664,-0.0643558855365184,0.5104353713652255,WP2_dimension_sensitivity,gene_5k,SAUCIE,scrna-dr-py-legacy,2,2,,,5000.0,2000,3000,21.546990633010864,1183.2265625,datasets/simulate/gene_5k/counts_matrix.csv,datasets/simulate/gene_5k/cell_metadata.csv,revision_benchmark/results/embeddings/WP2_dimension_sensitivity/gene_5k/SAUCIE/dim_2/seed_2.csv,planned_full_grid,autoencoder representation model,,,,,,,,,100.0,512;256;128;2,SAUCIE,SAUCIE,SAUCIE,revision_dimension_sensitivity,revision_benchmark\results\source_data\wp2_dimension_sensitivity_long.csv
2000.0,5,0.0050182855081259,0.0104231888705842,0.0105958364471338,0.010256077298104,-0.0291292386202501,0.5305143770785368,WP2_dimension_sensitivity,gene_5k,SAUCIE,scrna-dr-py-legacy,5,0,,,5000.0,2000,3000,11.72103190422058,1183.2265625,datasets/simulate/gene_5k/counts_matrix.csv,datasets/simulate/gene_5k/cell_metadata.csv,revision_benchmark/results/embeddings/WP2_dimension_sensitivity/gene_5k/SAUCIE/dim_5/seed_0.csv,planned_full_grid,autoencoder representation model,,,,,,,,,100.0,512;256;128;5,SAUCIE,SAUCIE,SAUCIE,revision_dimension_sensitivity,revision_benchmark\results\source_data\wp2_dimension_sensitivity_long.csv
2000.0,5,0.0051533115900069,0.0095245090135886,0.0096685944706561,0.0093846549426646,-0.034974297308467,0.5230873624968022,WP2_dimension_sensitivity,gene_5k,SAUCIE,scrna-dr-py-legacy,5,1,,,5000.0,2000,3000,26.47002649307251,1183.2265625,datasets/simulate/gene_5k/counts_matrix.csv,datasets/simulate/gene_5k/cell_metadata.csv,revision_benchmark/results/embeddings/WP2_dimension_sensitivity/gene_5k/SAUCIE/dim_5/seed_1.csv,planned_full_grid,autoencoder representation model,,,,,,,,,100.0,512;256;128;5,SAUCIE,SAUCIE,SAUCIE,revision_dimension_sensitivity,revision_benchmark\results\source_data\wp2_dimension_sensitivity_long.csv
2000.0,5,0.0072192975056739,0.016925383886151,0.0169744528180774,0.0168765978287221,-0.0501725810456784,0.5257134902362071,WP2_dimension_sensitivity,gene_5k,SAUCIE,scrna-dr-py-legacy,5,2,,,5000.0,2000,3000,10.742126226425173,1183.2265625,datasets/simulate/gene_5k/counts_matrix.csv,datasets/simulate/gene_5k/cell_metadata.csv,revision_benchmark/results/embeddings/WP2_dimension_sensitivity/gene_5k/SAUCIE/dim_5/seed_2.csv,planned_full_grid,autoencoder representation model,,,,,,,,,100.0,512;256;128;5,SAUCIE,SAUCIE,SAUCIE,revision_dimension_sensitivity,revision_benchmark\results\source_data\wp2_dimension_sensitivity_long.csv
2000.0,5,0.0045592459281833,0.0086951045010595,0.0088321398001185,0.0085622565822179,-0.0285460812940635,0.5419019953952418,WP2_dimension_sensitivity,gene_5k,SAUCIE,scrna-dr-py-legacy,10,0,,,5000.0,2000,3000,15.536577463150024,1183.2265625,datasets/simulate/gene_5k/counts_matrix.csv,datasets/simulate/gene_5k/cell_metadata.csv,revision_benchmark/results/embeddings/WP2_dimension_sensitivity/gene_5k/SAUCIE/dim_10/seed_0.csv,planned_full_grid,autoencoder representation model,,,,,,,,,100.0,512;256;128;10,SAUCIE,SAUCIE,SAUCIE,revision_dimension_sensitivity,revision_benchmark\results\source_data\wp2_dimension_sensitivity_long.csv
2000.0,5,0.0038064639725708,0.0059831161580582,0.0060424996819001,0.0059248884750558,-0.0364307873015458,0.5420659588982689,WP2_dimension_sensitivity,gene_5k,SAUCIE,scrna-dr-py-legacy,10,1,,,5000.0,2000,3000,28.5679578781128,1183.2265625,datasets/simulate/gene_5k/counts_matrix.csv,datasets/simulate/gene_5k/cell_metadata.csv,revision_benchmark/results/embeddings/WP2_dimension_sensitivity/gene_5k/SAUCIE/dim_10/seed_1.csv,planned_full_grid,autoencoder representation model,,,,,,,,,100.0,512;256;128;10,SAUCIE,SAUCIE,SAUCIE,revision_dimension_sensitivity,revision_benchmark\results\source_data\wp2_dimension_sensitivity_long.csv
2000.0,5,0.0113175887505267,0.0157174464879735,0.0159711019238191,0.0154717222746058,-0.0203332663538426,0.5434357465677496,WP2_dimension_sensitivity,gene_5k,SAUCIE,scrna-dr-py-legacy,10,2,,,5000.0,2000,3000,20.57338738441468,1183.2265625,datasets/simulate/gene_5k/counts_matrix.csv,datasets/simulate/gene_5k/cell_metadata.csv,revision_benchmark/results/embeddings/WP2_dimension_sensitivity/gene_5k/SAUCIE/dim_10/seed_2.csv,planned_full_grid,autoencoder representation model,,,,,,,,,100.0,512;256;128;10,SAUCIE,SAUCIE,SAUCIE,revision_dimension_sensitivity,revision_benchmark\results\source_data\wp2_dimension_sensitivity_long.csv
2000.0,5,0.0094510303338644,0.0135356477377244,0.0136939041928781,0.0133810073402001,-0.0243339677926932,0.5643591370341946,WP2_dimension_sensitivity,gene_5k,SAUCIE,scrna-dr-py-legacy,20,0,,,5000.0,2000,3000,12.252671241760254,1183.2265625,datasets/simulate/gene_5k/counts_matrix.csv,datasets/simulate/gene_5k/cell_metadata.csv,revision_benchmark/results/embeddings/WP2_dimension_sensitivity/gene_5k/SAUCIE/dim_20/seed_0.csv,planned_full_grid,autoencoder representation model,,,,,,,,,100.0,512;256;128;20,SAUCIE,SAUCIE,SAUCIE,revision_dimension_sensitivity,revision_benchmark\results\source_data\wp2_dimension_sensitivity_long.csv
2000.0,5,0.0031596956441206,0.008531462669836,0.0085892847514811,0.0084744138857088,-0.0194610435602556,0.5521002984565533,WP2_dimension_sensitivity,gene_5k,SAUCIE,scrna-dr-py-legacy,20,1,,,5000.0,2000,3000,8.226046085357666,1186.09765625,datasets/simulate/gene_5k/counts_matrix.csv,datasets/simulate/gene_5k/cell_metadata.csv,revision_benchmark/results/embeddings/WP2_dimension_sensitivity/gene_5k/SAUCIE/dim_20/seed_1.csv,planned_full_grid,autoencoder representation model,,,,,,,,,100.0,512;256;128;20,SAUCIE,SAUCIE,SAUCIE,revision_dimension_sensitivity,revision_benchmark\results\source_data\wp2_dimension_sensitivity_long.csv
2000.0,5,0.0039755177999921,0.0065995273068239,0.0067107691967246,0.0064919133084384,-0.0210117929874069,0.5439888377249082,WP2_dimension_sensitivity,gene_5k,SAUCIE,scrna-dr-py-legacy,20,2,,,5000.0,2000,3000,10.202450275421144,1186.09765625,datasets/simulate/gene_5k/counts_matrix.csv,datasets/simulate/gene_5k/cell_metadata.csv,revision_benchmark/results/embeddings/WP2_dimension_sensitivity/gene_5k/SAUCIE/dim_20/seed_2.csv,planned_full_grid,autoencoder representation model,,,,,,,,,100.0,512;256;128;20,SAUCIE,SAUCIE,SAUCIE,revision_dimension_sensitivity,revision_benchmark\results\source_data\wp2_dimension_sensitivity_long.csv
2000.0,5,0.0130234233853512,0.0200120879160797,0.0202185154676948,0.0198098329424762,-0.0207195762741546,0.565877521957875,WP2_dimension_sensitivity,gene_5k,SAUCIE,scrna-dr-py-legacy,50,0,,,5000.0,2000,3000,26.75606369972229,1186.09765625,datasets/simulate/gene_5k/counts_matrix.csv,datasets/simulate/gene_5k/cell_metadata.csv,revision_benchmark/results/embeddings/WP2_dimension_sensitivity/gene_5k/SAUCIE/dim_50/seed_0.csv,planned_full_grid,autoencoder representation model,,,,,,,,,100.0,512;256;128;50,SAUCIE,SAUCIE,SAUCIE,revision_dimension_sensitivity,revision_benchmark\results\source_data\wp2_dimension_sensitivity_long.csv
2000.0,5,0.0078756465362815,0.014565127263949,0.0146823481981372,0.0144497632415789,-0.0172761184902358,0.5634660868082203,WP2_dimension_sensitivity,gene_5k,SAUCIE,scrna-dr-py-legacy,50,1,,,5000.0,2000,3000,37.09513473510742,1186.09765625,datasets/simulate/gene_5k/counts_matrix.csv,datasets/simulate/gene_5k/cell_metadata.csv,revision_benchmark/results/embeddings/WP2_dimension_sensitivity/gene_5k/SAUCIE/dim_50/seed_1.csv,planned_full_grid,autoencoder representation model,,,,,,,,,100.0,512;256;128;50,SAUCIE,SAUCIE,SAUCIE,revision_dimension_sensitivity,revision_benchmark\results\source_data\wp2_dimension_sensitivity_long.csv
2000.0,5,0.0116939114176885,0.0169467763598841,0.0172565247737673,0.0166479516153392,-0.0168037951993741,0.5721175833546517,WP2_dimension_sensitivity,gene_5k,SAUCIE,scrna-dr-py-legacy,50,2,,,5000.0,2000,3000,37.58428692817688,1186.09765625,datasets/simulate/gene_5k/counts_matrix.csv,datasets/simulate/gene_5k/cell_metadata.csv,revision_benchmark/results/embeddings/WP2_dimension_sensitivity/gene_5k/SAUCIE/dim_50/seed_2.csv,planned_full_grid,autoencoder representation model,,,,,,,,,100.0,512;256;128;50,SAUCIE,SAUCIE,SAUCIE,revision_dimension_sensitivity,revision_benchmark\results\source_data\wp2_dimension_sensitivity_long.csv
2000.0,5,0.0064534422832126,0.016490572929888,0.016472746160662,0.0165084383250948,-0.0613873564590995,0.5307663255734629,WP2_dimension_sensitivity,gene_5w,SAUCIE,scrna-dr-py-legacy,2,0,,,5000.0,2000,3000,26.348899126052856,1186.09765625,datasets/simulate/gene_5w/counts_matrix.csv,datasets/simulate/gene_5w/cell_metadata.csv,revision_benchmark/results/embeddings/WP2_dimension_sensitivity/gene_5w/SAUCIE/dim_2/seed_0.csv,planned_full_grid,autoencoder representation model,,,,,,,,,100.0,512;256;128;2,SAUCIE,SAUCIE,SAUCIE,revision_dimension_sensitivity,revision_benchmark\results\source_data\wp2_dimension_sensitivity_long.csv
2000.0,5,0.0036215057801028,0.0107096481686643,0.0106891896795688,0.0107301851206564,-0.0617019713930534,0.5302308945169267,WP2_dimension_sensitivity,gene_5w,SAUCIE,scrna-dr-py-legacy,2,1,,,5000.0,2000,3000,28.706764698028564,1186.09765625,datasets/simulate/gene_5w/counts_matrix.csv,datasets/simulate/gene_5w/cell_metadata.csv,revision_benchmark/results/embeddings/WP2_dimension_sensitivity/gene_5w/SAUCIE/dim_2/seed_1.csv,planned_full_grid,autoencoder representation model,,,,,,,,,100.0,512;256;128;2,SAUCIE,SAUCIE,SAUCIE,revision_dimension_sensitivity,revision_benchmark\results\source_data\wp2_dimension_sensitivity_long.csv
2000.0,5,0.004719021782704,0.0130035618326256,0.0129725451162077,0.013034727223399,-0.0698091340548576,0.5250185213609619,WP2_dimension_sensitivity,gene_5w,SAUCIE,scrna-dr-py-legacy,2,2,,,5000.0,2000,3000,30.30245423316956,1186.09765625,datasets/simulate/gene_5w/counts_matrix.csv,datasets/simulate/gene_5w/cell_metadata.csv,revision_benchmark/results/embeddings/WP2_dimension_sensitivity/gene_5w/SAUCIE/dim_2/seed_2.csv,planned_full_grid,autoencoder representation model,,,,,,,,,100.0,512;256;128;2,SAUCIE,SAUCIE,SAUCIE,revision_dimension_sensitivity,revision_benchmark\results\source_data\wp2_dimension_sensitivity_long.csv
2000.0,5,0.0046317815124849,0.0141489431630565,0.0141681442847865,0.0141297940148374,-0.0431380329399865,0.5425698473607914,WP2_dimension_sensitivity,gene_5w,SAUCIE,scrna-dr-py-legacy,5,0,,,5000.0,2000,3000,27.548900604248047,1192.2265625,datasets/simulate/gene_5w/counts_matrix.csv,datasets/simulate/gene_5w/cell_metadata.csv,revision_benchmark/results/embeddings/WP2_dimension_sensitivity/gene_5w/SAUCIE/dim_5/seed_0.csv,planned_full_grid,autoencoder representation model,,,,,,,,,100.0,512;256;128;5,SAUCIE,SAUCIE,SAUCIE,revision_dimension_sensitivity,revision_benchmark\results\source_data\wp2_dimension_sensitivity_long.csv
2000.0,5,0.0059997137116093,0.0146027949476526,0.0145655518832555,0.0146402289559323,-0.0338935994199303,0.5492478894858019,WP2_dimension_sensitivity,gene_5w,SAUCIE,scrna-dr-py-legacy,5,1,,,5000.0,2000,3000,22.41229748725891,1192.2265625,datasets/simulate/gene_5w/counts_matrix.csv,datasets/simulate/gene_5w/cell_metadata.csv,revision_benchmark/results/embeddings/WP2_dimension_sensitivity/gene_5w/SAUCIE/dim_5/seed_1.csv,planned_full_grid,autoencoder representation model,,,,,,,,,100.0,512;256;128;5,SAUCIE,SAUCIE,SAUCIE,revision_dimension_sensitivity,revision_benchmark\results\source_data\wp2_dimension_sensitivity_long.csv
2000.0,5,0.0016520536568068,0.00855592279213,0.0085331346736615,0.0085788329498928,-0.0370926916495188,0.5425900741877718,WP2_dimension_sensitivity,gene_5w,SAUCIE,scrna-dr-py-legacy,5,2,,,5000.0,2000,3000,25.71413326263428,1192.2265625,datasets/simulate/gene_5w/counts_matrix.csv,datasets/simulate/gene_5w/cell_metadata.csv,revision_benchmark/results/embeddings/WP2_dimension_sensitivity/gene_5w/SAUCIE/dim_5/seed_2.csv,planned_full_grid,autoencoder representation model,,,,,,,,,100.0,512;256;128;5,SAUCIE,SAUCIE,SAUCIE,revision_dimension_sensitivity,revision_benchmark\results\source_data\wp2_dimension_sensitivity_long.csv
2000.0,5,0.0802101559130524,0.0985856331432579,0.099047915092555,0.0981276463236459,-0.0050234684938743,0.5717894943293255,WP2_dimension_sensitivity,gene_5w,SAUCIE,scrna-dr-py-legacy,10,0,,,5000.0,2000,3000,14.10020923614502,1192.2265625,datasets/simulate/gene_5w/counts_matrix.csv,datasets/simulate/gene_5w/cell_metadata.csv,revision_benchmark/results/embeddings/WP2_dimension_sensitivity/gene_5w/SAUCIE/dim_10/seed_0.csv,planned_full_grid,autoencoder representation model,,,,,,,,,100.0,512;256;128;10,SAUCIE,SAUCIE,SAUCIE,revision_dimension_sensitivity,revision_benchmark\results\source_data\wp2_dimension_sensitivity_long.csv
2000.0,5,0.0801455344771532,0.0847874243105787,0.0856520573030206,0.0839400733063651,-0.0042561868234958,0.5734004604758249,WP2_dimension_sensitivity,gene_5w,SAUCIE,scrna-dr-py-legacy,10,1,,,5000.0,2000,3000,30.7644636631012,1192.2265625,datasets/simulate/gene_5w/counts_matrix.csv,datasets/simulate/gene_5w/cell_metadata.csv,revision_benchmark/results/embeddings/WP2_dimension_sensitivity/gene_5w/SAUCIE/dim_10/seed_1.csv,planned_full_grid,autoencoder representation model,,,,,,,,,100.0,512;256;128;10,SAUCIE,SAUCIE,SAUCIE,revision_dimension_sensitivity,revision_benchmark\results\source_data\wp2_dimension_sensitivity_long.csv
2000.0,5,0.010276388543598,0.016020600424582,0.0161354744608404,0.015907350482011,-0.0205558123367394,0.566937980728234,WP2_dimension_sensitivity,gene_5w,SAUCIE,scrna-dr-py-legacy,10,2,,,5000.0,2000,3000,35.684929609298706,1192.2265625,datasets/simulate/gene_5w/counts_matrix.csv,datasets/simulate/gene_5w/cell_metadata.csv,revision_benchmark/results/embeddings/WP2_dimension_sensitivity/gene_5w/SAUCIE/dim_10/seed_2.csv,planned_full_grid,autoencoder representation model,,,,,,,,,100.0,512;256;128;10,SAUCIE,SAUCIE,SAUCIE,revision_dimension_sensitivity,revision_benchmark\results\source_data\wp2_dimension_sensitivity_long.csv
2000.0,5,0.0355169400246981,0.0429584411036265,0.0432754237850656,0.0426460683085633,-0.0068573298834731,0.5822081777095591,WP2_dimension_sensitivity,gene_5w,SAUCIE,scrna-dr-py-legacy,20,0,,,5000.0,2000,3000,35.1561233997345,1192.2265625,datasets/simulate/gene_5w/counts_matrix.csv,datasets/simulate/gene_5w/cell_metadata.csv,revision_benchmark/results/embeddings/WP2_dimension_sensitivity/gene_5w/SAUCIE/dim_20/seed_0.csv,planned_full_grid,autoencoder representation model,,,,,,,,,100.0,512;256;128;20,SAUCIE,SAUCIE,SAUCIE,revision_dimension_sensitivity,revision_benchmark\results\source_data\wp2_dimension_sensitivity_long.csv
2000.0,5,0.0324150578078549,0.0446453426281829,0.0450962638428358,0.0442033497344159,-0.0178010126133458,0.5823590688155538,WP2_dimension_sensitivity,gene_5w,SAUCIE,scrna-dr-py-legacy,20,1,,,5000.0,2000,3000,31.84439730644226,1192.2265625,datasets/simulate/gene_5w/counts_matrix.csv,datasets/simulate/gene_5w/cell_metadata.csv,revision_benchmark/results/embeddings/WP2_dimension_sensitivity/gene_5w/SAUCIE/dim_20/seed_1.csv,planned_full_grid,autoencoder representation model,,,,,,,,,100.0,512;256;128;20,SAUCIE,SAUCIE,SAUCIE,revision_dimension_sensitivity,revision_benchmark\results\source_data\wp2_dimension_sensitivity_long.csv
2000.0,5,0.0035852129612136,0.0109102405510183,0.0109129737985344,0.0109075086722898,-0.0175356930451296,0.5832210283960092,WP2_dimension_sensitivity,gene_5w,SAUCIE,scrna-dr-py-legacy,20,2,,,5000.0,2000,3000,35.637892961502075,1192.2265625,datasets/simulate/gene_5w/counts_matrix.csv,datasets/simulate/gene_5w/cell_metadata.csv,revision_benchmark/results/embeddings/WP2_dimension_sensitivity/gene_5w/SAUCIE/dim_20/seed_2.csv,planned_full_grid,autoencoder representation model,,,,,,,,,100.0,512;256;128;20,SAUCIE,SAUCIE,SAUCIE,revision_dimension_sensitivity,revision_benchmark\results\source_data\wp2_dimension_sensitivity_long.csv
2000.0,5,0.005426292746493,0.013185470834609,0.0131073800179169,0.0132644977231862,-0.0129037391164647,0.5906459281998806,WP2_dimension_sensitivity,gene_5w,SAUCIE,scrna-dr-py-legacy,50,0,,,5000.0,2000,3000,32.61064577102661,1194.0390625,datasets/simulate/gene_5w/counts_matrix.csv,datasets/simulate/gene_5w/cell_metadata.csv,revision_benchmark/results/embeddings/WP2_dimension_sensitivity/gene_5w/SAUCIE/dim_50/seed_0.csv,planned_full_grid,autoencoder representation model,,,,,,,,,100.0,512;256;128;50,SAUCIE,SAUCIE,SAUCIE,revision_dimension_sensitivity,revision_benchmark\results\source_data\wp2_dimension_sensitivity_long.csv
2000.0,5,0.0318924141595609,0.046245692804487,0.0467705457411435,0.0457324888067471,0.0013988255618129,0.6116827747932122,WP2_dimension_sensitivity,gene_5w,SAUCIE,scrna-dr-py-legacy,50,1,,,5000.0,2000,3000,33.82683968544006,1194.3671875,datasets/simulate/gene_5w/counts_matrix.csv,datasets/simulate/gene_5w/cell_metadata.csv,revision_benchmark/results/embeddings/WP2_dimension_sensitivity/gene_5w/SAUCIE/dim_50/seed_1.csv,planned_full_grid,autoencoder representation model,,,,,,,,,100.0,512;256;128;50,SAUCIE,SAUCIE,SAUCIE,revision_dimension_sensitivity,revision_benchmark\results\source_data\wp2_dimension_sensitivity_long.csv
2000.0,5,0.0516147257099687,0.0772309149587714,0.0776170693204982,0.0768485839054679,-0.0042153727991504,0.606369540376908,WP2_dimension_sensitivity,gene_5w,SAUCIE,scrna-dr-py-legacy,50,2,,,5000.0,2000,3000,32.954089879989624,1200.5625,datasets/simulate/gene_5w/counts_matrix.csv,datasets/simulate/gene_5w/cell_metadata.csv,revision_benchmark/results/embeddings/WP2_dimension_sensitivity/gene_5w/SAUCIE/dim_50/seed_2.csv,planned_full_grid,autoencoder representation model,,,,,,,,,100.0,512;256;128;50,SAUCIE,SAUCIE,SAUCIE,revision_dimension_sensitivity,revision_benchmark\results\source_data\wp2_dimension_sensitivity_long.csv
