dimension,median,q25,q75,n,metric,panel,method,median_ari,median_ari_2d,median_ari_50d,delta_50d_minus_2d,dataset_or_summary,pca50_minus_direct_ari,hvg_requested,source,work_package,dataset_id,seed,runtime_seconds,records,methods,median_sensitivity,family
2,0.01888014792772615,0.0002679981311362,0.07437948661339065,42.0,ARI,a,,,,,,,,,,,,,,,,,
5,0.0316193950564531,0.00018092774055140665,0.3949905683860834,42.0,ARI,a,,,,,,,,,,,,,,,,,
10,0.0569322290202622,0.0005698520964991999,0.7355931041228646,42.0,ARI,a,,,,,,,,,,,,,,,,,
20,0.09563245276317145,0.00017919870280243703,0.8110992514832337,42.0,ARI,a,,,,,,,,,,,,,,,,,
50,0.20604122363054264,0.0002078293720593583,0.8967541992338468,42.0,ARI,a,,,,,,,,,,,,,,,,,
2,0.5626371237315597,0.5221309456809073,0.7653838684232968,42.0,Trustworthiness,a,,,,,,,,,,,,,,,,,
5,0.6502823356357124,0.5758127526221539,0.801602331063384,42.0,Trustworthiness,a,,,,,,,,,,,,,,,,,
10,0.6870131065063528,0.6296158800204656,0.8202027588615332,42.0,Trustworthiness,a,,,,,,,,,,,,,,,,,
20,0.7056746653022938,0.6523824166453484,0.8296405447878471,42.0,Trustworthiness,a,,,,,,,,,,,,,,,,,
50,0.7229053850089537,0.6760778992922316,0.8454259909202025,42.0,Trustworthiness,a,,,,,,,,,,,,,,,,,
2,,,,,,b,PCA,0.7584362057003406,,,,,,,,,,,,,,,
2,,,,,,b,scGBM,0.6403619067897084,,,,,,,,,,,,,,,
2,,,,,,b,scVI,0.04244330048617935,,,,,,,,,,,,,,,
2,,,,,,b,GLMPCA,0.0070230241168056,,,,,,,,,,,,,,,
2,,,,,,b,SAUCIE,0.0026727642409573498,,,,,,,,,,,,,,,
2,,,,,,b,pCMF,-0.0001359798539076,,,,,,,,,,,,,,,
5,,,,,,b,PCA,1.0,,,,,,,,,,,,,,,
5,,,,,,b,scGBM,0.9478059044297746,,,,,,,,,,,,,,,
5,,,,,,b,scVI,0.25766404133870424,,,,,,,,,,,,,,,
5,,,,,,b,GLMPCA,0.01124620065740955,,,,,,,,,,,,,,,
5,,,,,,b,SAUCIE,0.00360508910284355,,,,,,,,,,,,,,,
5,,,,,,b,pCMF,-0.0003248664604163,,,,,,,,,,,,,,,
10,,,,,,b,PCA,1.0,,,,,,,,,,,,,,,
10,,,,,,b,scGBM,0.9907497950232238,,,,,,,,,,,,,,,
10,,,,,,b,scVI,0.6791359999067048,,,,,,,,,,,,,,,
10,,,,,,b,GLMPCA,0.01977590815176205,,,,,,,,,,,,,,,
10,,,,,,b,SAUCIE,0.0042122920164536,,,,,,,,,,,,,,,
10,,,,,,b,pCMF,0.0003231562995225,,,,,,,,,,,,,,,
20,,,,,,b,PCA,1.0,,,,,,,,,,,,,,,
20,,,,,,b,scGBM,0.979772642957419,,,,,,,,,,,,,,,
20,,,,,,b,scVI,0.750149419214142,,,,,,,,,,,,,,,
20,,,,,,b,GLMPCA,0.0584855898928085,,,,,,,,,,,,,,,
20,,,,,,b,SAUCIE,0.0036456588200717,,,,,,,,,,,,,,,
20,,,,,,b,pCMF,-0.00015267086409165,,,,,,,,,,,,,,,
50,,,,,,b,PCA,1.0,,,,,,,,,,,,,,,
50,,,,,,b,scGBM,0.4576393446316701,,,,,,,,,,,,,,,
50,,,,,,b,scVI,0.8774377236440094,,,,,,,,,,,,,,,
50,,,,,,b,GLMPCA,0.20297696060107073,,,,,,,,,,,,,,,
50,,,,,,b,SAUCIE,0.006283599695908901,,,,,,,,,,,,,,,
50,,,,,,b,pCMF,-0.00024066095964125,,,,,,,,,,,,,,,
,,,,,,c,PCA,,0.7584362057003406,1.0,0.24156379429965935,,,,,,,,,,,,
,,,,,,c,scGBM,,0.6403619067897084,0.4576393446316701,-0.18272256215803828,,,,,,,,,,,,
,,,,,,c,scVI,,0.04244330048617935,0.8774377236440094,0.83499442315783,,,,,,,,,,,,
,,,,,,c,GLMPCA,,0.0070230241168056,0.20297696060107073,0.19595393648426512,,,,,,,,,,,,
,,,,,,c,SAUCIE,,0.0026727642409573498,0.006283599695908901,0.003610835454951551,,,,,,,,,,,,
,,,,,,c,pCMF,,-0.0001359798539076,-0.00024066095964125,-0.00010468110573365,,,,,,,,,,,,
,,,,,,d,UMAP,,,,,dropout 0,0.5856837818741087,,,,,,,,,,
,,,,,,d,t-SNE,,,,,dropout 0,0.5285417551281215,,,,,,,,,,
,,,,,,d,PHATE,,,,,dropout 0,0.02171045970093044,,,,,,,,,,
,,,,,,d,PaCMAP,,,,,dropout 0,0.0054058201179938425,,,,,,,,,,
,,,,,,d,UMAP,,,,,15 types,0.9528351981024558,,,,,,,,,,
,,,,,,d,t-SNE,,,,,15 types,0.507034883180328,,,,,,,,,,
,,,,,,d,PHATE,,,,,15 types,0.004652929277455087,,,,,,,,,,
,,,,,,d,PaCMAP,,,,,15 types,0.0006568872859568087,,,,,,,,,,
,,,,,,d,UMAP,,,,,batch 1,0.2882619059933697,,,,,,,,,,
,,,,,,d,t-SNE,,,,,batch 1,0.1982874182908082,,,,,,,,,,
,,,,,,d,PHATE,,,,,batch 1,0.1107705160689019,,,,,,,,,,
,,,,,,d,PaCMAP,,,,,batch 1,0.0928662868409735,,,,,,,,,,
,,,,,,d,UMAP,,,,,50k genes,0.28708851824511494,,,,,,,,,,
,,,,,,d,t-SNE,,,,,50k genes,0.3075968271154169,,,,,,,,,,
,,,,,,d,PHATE,,,,,50k genes,0.003458572347272537,,,,,,,,,,
,,,,,,d,PaCMAP,,,,,50k genes,-0.002274367725662807,,,,,,,,,,
,,,,,,d,UMAP,,,,,11 types,0.8856729821866212,,,,,,,,,,
,,,,,,d,t-SNE,,,,,11 types,0.1975126718267638,,,,,,,,,,
,,,,,,d,PHATE,,,,,11 types,0.04969964112642766,,,,,,,,,,
,,,,,,d,PaCMAP,,,,,11 types,-0.002237696645604026,,,,,,,,,,
,,,,,,d,UMAP,,,,,7 types,0.06757686783354644,,,,,,,,,,
,,,,,,d,t-SNE,,,,,7 types,0.06922340312623165,,,,,,,,,,
,,,,,,d,PHATE,,,,,7 types,0.0033449455913994175,,,,,,,,,,
,,,,,,d,PaCMAP,,,,,7 types,-0.0012504261678866202,,,,,,,,,,
,,,,,,d,UMAP,,,,,5k genes,0.6949983697388857,,,,,,,,,,
,,,,,,d,t-SNE,,,,,5k genes,0.029308748121463224,,,,,,,,,,
,,,,,,d,PHATE,,,,,5k genes,0.000682223014805361,,,,,,,,,,
,,,,,,d,PaCMAP,,,,,5k genes,-0.007703951951964827,,,,,,,,,,
,,,,,,d,UMAP,,,,,default,0.019748705290681623,,,,,,,,,,
,,,,,,d,t-SNE,,,,,default,0.015286690736060815,,,,,,,,,,
,,,,,,d,PHATE,,,,,default,-0.0006121202008684268,,,,,,,,,,
,,,,,,d,PaCMAP,,,,,default,-0.0031925700871727747,,,,,,,,,,
,,,,,,d,UMAP,,,,,median,0.43697284393373925,,,,,,,,,,
,,,,,,d,t-SNE,,,,,median,0.197900045058786,,,,,,,,,,
,,,,,,d,PHATE,,,,,median,0.004055750812363812,,,,,,,,,,
,,,,,,d,PaCMAP,,,,,median,-0.001744061406745323,,,,,,,,,,
,,,,,,e,PCA,0.7229032999924364,,,,,,500,,,,,,,,,
,,,,,,e,scGBM,0.7830434003035069,,,,,,500,,,,,,,,,
,,,,,,e,scVI,0.37106070230685545,,,,,,500,,,,,,,,,
,,,,,,e,GLMPCA,0.058121581801981,,,,,,500,,,,,,,,,
,,,,,,e,UMAP,0.6815472251413975,,,,,,500,,,,,,,,,
,,,,,,e,t-SNE,0.546012239452136,,,,,,500,,,,,,,,,
,,,,,,e,PCA,0.981694417203756,,,,,,1000,,,,,,,,,
,,,,,,e,scGBM,0.9371434878864819,,,,,,1000,,,,,,,,,
,,,,,,e,scVI,0.43614058810651557,,,,,,1000,,,,,,,,,
,,,,,,e,GLMPCA,0.13749486766179775,,,,,,1000,,,,,,,,,
,,,,,,e,UMAP,0.9269579447091176,,,,,,1000,,,,,,,,,
,,,,,,e,t-SNE,0.9011255130738995,,,,,,1000,,,,,,,,,
,,,,,,e,PCA,0.9989813108255912,,,,,,2000,,,,,,,,,
,,,,,,e,scGBM,0.9095083351475183,,,,,,2000,,,,,,,,,
,,,,,,e,scVI,0.6452822419678135,,,,,,2000,,,,,,,,,
,,,,,,e,GLMPCA,0.0941524388273888,,,,,,2000,,,,,,,,,
,,,,,,e,UMAP,0.9938003174363874,,,,,,2000,,,,,,,,,
,,,,,,e,t-SNE,0.9890296804051377,,,,,,2000,,,,,,,,,
,,,,,,e,PCA,1.0,,,,,,3000,,,,,,,,,
,,,,,,e,scGBM,0.979772642957419,,,,,,3000,,,,,,,,,
,,,,,,e,scVI,0.7481643028441018,,,,,,3000,,,,,,,,,
,,,,,,e,GLMPCA,0.027784187123002402,,,,,,3000,,,,,,,,,
,,,,,,e,UMAP,1.0,,,,,,3000,,,,,,,,,
,,,,,,e,t-SNE,1.0,,,,,,3000,,,,,,,,,
2,,,,,,f,scVI,,,,,,,,scvi,scVI reference analysis,default,0.0,11.776190996170044,,,,
2,,,,,,f,scVI,,,,,,,,scvi,scVI reference analysis,default,1.0,11.348794221878052,,,,
2,,,,,,f,scVI,,,,,,,,scvi,scVI reference analysis,default,2.0,11.080135583877563,,,,
5,,,,,,f,scVI,,,,,,,,scvi,scVI reference analysis,default,0.0,11.495447874069214,,,,
5,,,,,,f,scVI,,,,,,,,scvi,scVI reference analysis,default,1.0,11.162031888961792,,,,
5,,,,,,f,scVI,,,,,,,,scvi,scVI reference analysis,default,2.0,11.042961597442629,,,,
10,,,,,,f,scVI,,,,,,,,scvi,scVI reference analysis,default,0.0,11.22153377532959,,,,
10,,,,,,f,scVI,,,,,,,,scvi,scVI reference analysis,default,1.0,11.18135380744934,,,,
10,,,,,,f,scVI,,,,,,,,scvi,scVI reference analysis,default,2.0,11.704265356063845,,,,
20,,,,,,f,scVI,,,,,,,,scvi,scVI reference analysis,default,0.0,11.351761817932127,,,,
20,,,,,,f,scVI,,,,,,,,scvi,scVI reference analysis,default,1.0,11.173397302627563,,,,
20,,,,,,f,scVI,,,,,,,,scvi,scVI reference analysis,default,2.0,11.237035036087036,,,,
50,,,,,,f,scVI,,,,,,,,scvi,scVI reference analysis,default,0.0,11.29883623123169,,,,
50,,,,,,f,scVI,,,,,,,,scvi,scVI reference analysis,default,1.0,11.687365055084229,,,,
50,,,,,,f,scVI,,,,,,,,scvi,scVI reference analysis,default,2.0,11.633833408355711,,,,
2,,,,,,f,scVI,,,,,,,,scvi,scVI reference analysis,celltype_7,0.0,11.360024213790894,,,,
2,,,,,,f,scVI,,,,,,,,scvi,scVI reference analysis,celltype_7,1.0,11.4533953666687,,,,
2,,,,,,f,scVI,,,,,,,,scvi,scVI reference analysis,celltype_7,2.0,11.278473377227783,,,,
5,,,,,,f,scVI,,,,,,,,scvi,scVI reference analysis,celltype_7,0.0,11.234334468841553,,,,
5,,,,,,f,scVI,,,,,,,,scvi,scVI reference analysis,celltype_7,1.0,11.153053998947144,,,,
5,,,,,,f,scVI,,,,,,,,scvi,scVI reference analysis,celltype_7,2.0,10.941205263137816,,,,
10,,,,,,f,scVI,,,,,,,,scvi,scVI reference analysis,celltype_7,0.0,11.266916036605837,,,,
10,,,,,,f,scVI,,,,,,,,scvi,scVI reference analysis,celltype_7,1.0,10.894822359085085,,,,
10,,,,,,f,scVI,,,,,,,,scvi,scVI reference analysis,celltype_7,2.0,11.010151863098145,,,,
20,,,,,,f,scVI,,,,,,,,scvi,scVI reference analysis,celltype_7,0.0,11.068583726882936,,,,
20,,,,,,f,scVI,,,,,,,,scvi,scVI reference analysis,celltype_7,1.0,10.757355451583862,,,,
20,,,,,,f,scVI,,,,,,,,scvi,scVI reference analysis,celltype_7,2.0,11.277416944503784,,,,
50,,,,,,f,scVI,,,,,,,,scvi,scVI reference analysis,celltype_7,0.0,11.377150535583496,,,,
50,,,,,,f,scVI,,,,,,,,scvi,scVI reference analysis,celltype_7,1.0,11.111038208007812,,,,
50,,,,,,f,scVI,,,,,,,,scvi,scVI reference analysis,celltype_7,2.0,11.449679374694824,,,,
2,,,,,,f,scVI,,,,,,,,scvi,scVI reference analysis,celltype_11,0.0,11.263659238815308,,,,
2,,,,,,f,scVI,,,,,,,,scvi,scVI reference analysis,celltype_11,1.0,11.131956815719604,,,,
2,,,,,,f,scVI,,,,,,,,scvi,scVI reference analysis,celltype_11,2.0,10.936314344406128,,,,
5,,,,,,f,scVI,,,,,,,,scvi,scVI reference analysis,celltype_11,0.0,10.955814123153688,,,,
5,,,,,,f,scVI,,,,,,,,scvi,scVI reference analysis,celltype_11,1.0,11.376818895339966,,,,
5,,,,,,f,scVI,,,,,,,,scvi,scVI reference analysis,celltype_11,2.0,11.254981517791748,,,,
10,,,,,,f,scVI,,,,,,,,scvi,scVI reference analysis,celltype_11,0.0,11.134673357009888,,,,
10,,,,,,f,scVI,,,,,,,,scvi,scVI reference analysis,celltype_11,1.0,11.33718991279602,,,,
10,,,,,,f,scVI,,,,,,,,scvi,scVI reference analysis,celltype_11,2.0,11.462984800338743,,,,
20,,,,,,f,scVI,,,,,,,,scvi,scVI reference analysis,celltype_11,0.0,13.83955430984497,,,,
20,,,,,,f,scVI,,,,,,,,scvi,scVI reference analysis,celltype_11,1.0,17.32054090499878,,,,
20,,,,,,f,scVI,,,,,,,,scvi,scVI reference analysis,celltype_11,2.0,18.75624632835388,,,,
50,,,,,,f,scVI,,,,,,,,scvi,scVI reference analysis,celltype_11,0.0,18.33203077316284,,,,
50,,,,,,f,scVI,,,,,,,,scvi,scVI reference analysis,celltype_11,1.0,16.907621145248413,,,,
50,,,,,,f,scVI,,,,,,,,scvi,scVI reference analysis,celltype_11,2.0,11.475603580474854,,,,
2,,,,,,f,scVI,,,,,,,,scvi,scVI reference analysis,celltype_15,0.0,11.037426710128784,,,,
2,,,,,,f,scVI,,,,,,,,scvi,scVI reference analysis,celltype_15,1.0,11.201677799224854,,,,
2,,,,,,f,scVI,,,,,,,,scvi,scVI reference analysis,celltype_15,2.0,11.324715375900269,,,,
5,,,,,,f,scVI,,,,,,,,scvi,scVI reference analysis,celltype_15,0.0,11.211285591125488,,,,
5,,,,,,f,scVI,,,,,,,,scvi,scVI reference analysis,celltype_15,1.0,11.347704648971558,,,,
5,,,,,,f,scVI,,,,,,,,scvi,scVI reference analysis,celltype_15,2.0,11.556303262710571,,,,
10,,,,,,f,scVI,,,,,,,,scvi,scVI reference analysis,celltype_15,0.0,11.455483198165894,,,,
10,,,,,,f,scVI,,,,,,,,scvi,scVI reference analysis,celltype_15,1.0,10.739529609680176,,,,
10,,,,,,f,scVI,,,,,,,,scvi,scVI reference analysis,celltype_15,2.0,11.34933876991272,,,,
20,,,,,,f,scVI,,,,,,,,scvi,scVI reference analysis,celltype_15,0.0,11.34435510635376,,,,
20,,,,,,f,scVI,,,,,,,,scvi,scVI reference analysis,celltype_15,1.0,11.402583360671995,,,,
20,,,,,,f,scVI,,,,,,,,scvi,scVI reference analysis,celltype_15,2.0,11.195108652114868,,,,
50,,,,,,f,scVI,,,,,,,,scvi,scVI reference analysis,celltype_15,0.0,11.846994400024414,,,,
50,,,,,,f,scVI,,,,,,,,scvi,scVI reference analysis,celltype_15,1.0,11.3247652053833,,,,
50,,,,,,f,scVI,,,,,,,,scvi,scVI reference analysis,celltype_15,2.0,11.620352983474731,,,,
2,,,,,,f,scVI,,,,,,,,scvi,scVI reference analysis,dropout_0,0.0,11.337135314941406,,,,
2,,,,,,f,scVI,,,,,,,,scvi,scVI reference analysis,dropout_0,1.0,11.340956926345823,,,,
2,,,,,,f,scVI,,,,,,,,scvi,scVI reference analysis,dropout_0,2.0,11.231960773468018,,,,
5,,,,,,f,scVI,,,,,,,,scvi,scVI reference analysis,dropout_0,0.0,11.397860050201416,,,,
5,,,,,,f,scVI,,,,,,,,scvi,scVI reference analysis,dropout_0,1.0,10.98138952255249,,,,
5,,,,,,f,scVI,,,,,,,,scvi,scVI reference analysis,dropout_0,2.0,10.880648612976074,,,,
10,,,,,,f,scVI,,,,,,,,scvi,scVI reference analysis,dropout_0,0.0,11.382285356521606,,,,
10,,,,,,f,scVI,,,,,,,,scvi,scVI reference analysis,dropout_0,1.0,11.128441333770752,,,,
10,,,,,,f,scVI,,,,,,,,scvi,scVI reference analysis,dropout_0,2.0,10.965211391448976,,,,
20,,,,,,f,scVI,,,,,,,,scvi,scVI reference analysis,dropout_0,0.0,10.902674913406372,,,,
20,,,,,,f,scVI,,,,,,,,scvi,scVI reference analysis,dropout_0,1.0,11.533573627471924,,,,
20,,,,,,f,scVI,,,,,,,,scvi,scVI reference analysis,dropout_0,2.0,11.2193124294281,,,,
50,,,,,,f,scVI,,,,,,,,scvi,scVI reference analysis,dropout_0,0.0,11.199163436889648,,,,
50,,,,,,f,scVI,,,,,,,,scvi,scVI reference analysis,dropout_0,1.0,11.532982110977173,,,,
50,,,,,,f,scVI,,,,,,,,scvi,scVI reference analysis,dropout_0,2.0,11.3625168800354,,,,
2,,,,,,f,scVI,,,,,,,,scvi,scVI reference analysis,dropout_2,0.0,11.093255758285522,,,,
2,,,,,,f,scVI,,,,,,,,scvi,scVI reference analysis,dropout_2,1.0,11.340808153152466,,,,
2,,,,,,f,scVI,,,,,,,,scvi,scVI reference analysis,dropout_2,2.0,11.010261058807371,,,,
5,,,,,,f,scVI,,,,,,,,scvi,scVI reference analysis,dropout_2,0.0,10.957842826843262,,,,
5,,,,,,f,scVI,,,,,,,,scvi,scVI reference analysis,dropout_2,1.0,11.365145206451416,,,,
5,,,,,,f,scVI,,,,,,,,scvi,scVI reference analysis,dropout_2,2.0,10.462505340576172,,,,
10,,,,,,f,scVI,,,,,,,,scvi,scVI reference analysis,dropout_2,0.0,11.20966625213623,,,,
10,,,,,,f,scVI,,,,,,,,scvi,scVI reference analysis,dropout_2,1.0,11.197003364562988,,,,
10,,,,,,f,scVI,,,,,,,,scvi,scVI reference analysis,dropout_2,2.0,10.89083170890808,,,,
20,,,,,,f,scVI,,,,,,,,scvi,scVI reference analysis,dropout_2,0.0,11.144323587417604,,,,
20,,,,,,f,scVI,,,,,,,,scvi,scVI reference analysis,dropout_2,1.0,10.990087270736694,,,,
20,,,,,,f,scVI,,,,,,,,scvi,scVI reference analysis,dropout_2,2.0,10.92702317237854,,,,
50,,,,,,f,scVI,,,,,,,,scvi,scVI reference analysis,dropout_2,0.0,11.123973846435549,,,,
50,,,,,,f,scVI,,,,,,,,scvi,scVI reference analysis,dropout_2,1.0,11.22447919845581,,,,
50,,,,,,f,scVI,,,,,,,,scvi,scVI reference analysis,dropout_2,2.0,11.32278037071228,,,,
2,,,,,,f,scVI,,,,,,,,scvi,scVI reference analysis,batch_0.2,0.0,11.359362125396729,,,,
2,,,,,,f,scVI,,,,,,,,scvi,scVI reference analysis,batch_0.2,1.0,11.283589124679564,,,,
2,,,,,,f,scVI,,,,,,,,scvi,scVI reference analysis,batch_0.2,2.0,11.917245864868164,,,,
5,,,,,,f,scVI,,,,,,,,scvi,scVI reference analysis,batch_0.2,0.0,11.624410390853882,,,,
5,,,,,,f,scVI,,,,,,,,scvi,scVI reference analysis,batch_0.2,1.0,11.41409707069397,,,,
5,,,,,,f,scVI,,,,,,,,scvi,scVI reference analysis,batch_0.2,2.0,11.38569188117981,,,,
10,,,,,,f,scVI,,,,,,,,scvi,scVI reference analysis,batch_0.2,0.0,11.439480781555176,,,,
10,,,,,,f,scVI,,,,,,,,scvi,scVI reference analysis,batch_0.2,1.0,10.988725185394289,,,,
10,,,,,,f,scVI,,,,,,,,scvi,scVI reference analysis,batch_0.2,2.0,11.442996740341188,,,,
20,,,,,,f,scVI,,,,,,,,scvi,scVI reference analysis,batch_0.2,0.0,11.368667840957642,,,,
20,,,,,,f,scVI,,,,,,,,scvi,scVI reference analysis,batch_0.2,1.0,11.320165872573853,,,,
20,,,,,,f,scVI,,,,,,,,scvi,scVI reference analysis,batch_0.2,2.0,11.221104621887209,,,,
50,,,,,,f,scVI,,,,,,,,scvi,scVI reference analysis,batch_0.2,0.0,11.722506046295166,,,,
50,,,,,,f,scVI,,,,,,,,scvi,scVI reference analysis,batch_0.2,1.0,11.436885356903076,,,,
50,,,,,,f,scVI,,,,,,,,scvi,scVI reference analysis,batch_0.2,2.0,11.613221645355225,,,,
2,,,,,,f,scVI,,,,,,,,scvi,scVI reference analysis,batch_1.0,0.0,11.419896602630615,,,,
2,,,,,,f,scVI,,,,,,,,scvi,scVI reference analysis,batch_1.0,1.0,10.86912488937378,,,,
2,,,,,,f,scVI,,,,,,,,scvi,scVI reference analysis,batch_1.0,2.0,11.2125825881958,,,,
5,,,,,,f,scVI,,,,,,,,scvi,scVI reference analysis,batch_1.0,0.0,11.189039707183838,,,,
5,,,,,,f,scVI,,,,,,,,scvi,scVI reference analysis,batch_1.0,1.0,10.984483480453491,,,,
5,,,,,,f,scVI,,,,,,,,scvi,scVI reference analysis,batch_1.0,2.0,10.735790252685549,,,,
10,,,,,,f,scVI,,,,,,,,scvi,scVI reference analysis,batch_1.0,0.0,11.718225717544556,,,,
10,,,,,,f,scVI,,,,,,,,scvi,scVI reference analysis,batch_1.0,1.0,11.040719509124756,,,,
10,,,,,,f,scVI,,,,,,,,scvi,scVI reference analysis,batch_1.0,2.0,11.130346059799194,,,,
20,,,,,,f,scVI,,,,,,,,scvi,scVI reference analysis,batch_1.0,0.0,11.102096796035768,,,,
20,,,,,,f,scVI,,,,,,,,scvi,scVI reference analysis,batch_1.0,1.0,11.12125039100647,,,,
20,,,,,,f,scVI,,,,,,,,scvi,scVI reference analysis,batch_1.0,2.0,11.475329399108888,,,,
50,,,,,,f,scVI,,,,,,,,scvi,scVI reference analysis,batch_1.0,0.0,11.094819784164429,,,,
50,,,,,,f,scVI,,,,,,,,scvi,scVI reference analysis,batch_1.0,1.0,11.56608247756958,,,,
50,,,,,,f,scVI,,,,,,,,scvi,scVI reference analysis,batch_1.0,2.0,11.333298683166504,,,,
2,,,,,,f,scVI,,,,,,,,scvi,scVI reference analysis,gene_5k,0.0,11.26980209350586,,,,
2,,,,,,f,scVI,,,,,,,,scvi,scVI reference analysis,gene_5k,1.0,11.57987904548645,,,,
2,,,,,,f,scVI,,,,,,,,scvi,scVI reference analysis,gene_5k,2.0,11.251975774765016,,,,
5,,,,,,f,scVI,,,,,,,,scvi,scVI reference analysis,gene_5k,0.0,11.11396622657776,,,,
5,,,,,,f,scVI,,,,,,,,scvi,scVI reference analysis,gene_5k,1.0,11.47171688079834,,,,
5,,,,,,f,scVI,,,,,,,,scvi,scVI reference analysis,gene_5k,2.0,11.441307306289673,,,,
10,,,,,,f,scVI,,,,,,,,scvi,scVI reference analysis,gene_5k,0.0,11.473785877227783,,,,
10,,,,,,f,scVI,,,,,,,,scvi,scVI reference analysis,gene_5k,1.0,11.349714994430542,,,,
10,,,,,,f,scVI,,,,,,,,scvi,scVI reference analysis,gene_5k,2.0,11.390432834625244,,,,
20,,,,,,f,scVI,,,,,,,,scvi,scVI reference analysis,gene_5k,0.0,11.330560207366943,,,,
20,,,,,,f,scVI,,,,,,,,scvi,scVI reference analysis,gene_5k,1.0,11.326323509216309,,,,
20,,,,,,f,scVI,,,,,,,,scvi,scVI reference analysis,gene_5k,2.0,11.65561819076538,,,,
50,,,,,,f,scVI,,,,,,,,scvi,scVI reference analysis,gene_5k,0.0,11.52713918685913,,,,
50,,,,,,f,scVI,,,,,,,,scvi,scVI reference analysis,gene_5k,1.0,11.285032510757446,,,,
50,,,,,,f,scVI,,,,,,,,scvi,scVI reference analysis,gene_5k,2.0,11.296269178390505,,,,
2,,,,,,f,scVI,,,,,,,,scvi,scVI reference analysis,gene_5w,0.0,11.194408655166626,,,,
2,,,,,,f,scVI,,,,,,,,scvi,scVI reference analysis,gene_5w,1.0,11.053529977798462,,,,
2,,,,,,f,scVI,,,,,,,,scvi,scVI reference analysis,gene_5w,2.0,10.840243339538574,,,,
5,,,,,,f,scVI,,,,,,,,scvi,scVI reference analysis,gene_5w,0.0,11.252058744430542,,,,
5,,,,,,f,scVI,,,,,,,,scvi,scVI reference analysis,gene_5w,1.0,11.23579239845276,,,,
5,,,,,,f,scVI,,,,,,,,scvi,scVI reference analysis,gene_5w,2.0,11.041177749633787,,,,
10,,,,,,f,scVI,,,,,,,,scvi,scVI reference analysis,gene_5w,0.0,11.244914531707764,,,,
10,,,,,,f,scVI,,,,,,,,scvi,scVI reference analysis,gene_5w,1.0,11.283455610275269,,,,
10,,,,,,f,scVI,,,,,,,,scvi,scVI reference analysis,gene_5w,2.0,11.120140552520752,,,,
20,,,,,,f,scVI,,,,,,,,scvi,scVI reference analysis,gene_5w,0.0,11.463371276855469,,,,
20,,,,,,f,scVI,,,,,,,,scvi,scVI reference analysis,gene_5w,1.0,11.2593252658844,,,,
20,,,,,,f,scVI,,,,,,,,scvi,scVI reference analysis,gene_5w,2.0,11.150748491287231,,,,
50,,,,,,f,scVI,,,,,,,,scvi,scVI reference analysis,gene_5w,0.0,11.342050075531006,,,,
50,,,,,,f,scVI,,,,,,,,scvi,scVI reference analysis,gene_5w,1.0,11.254790544509888,,,,
50,,,,,,f,scVI,,,,,,,,scvi,scVI reference analysis,gene_5w,2.0,11.39531636238098,,,,
2,,,,,,f,scVI,,,,,,,,scvi,scVI reference analysis,cell_1000,0.0,4.0666913986206055,,,,
2,,,,,,f,scVI,,,,,,,,scvi,scVI reference analysis,cell_1000,1.0,4.023099184036255,,,,
2,,,,,,f,scVI,,,,,,,,scvi,scVI reference analysis,cell_1000,2.0,4.117918968200684,,,,
5,,,,,,f,scVI,,,,,,,,scvi,scVI reference analysis,cell_1000,0.0,4.110008716583252,,,,
5,,,,,,f,scVI,,,,,,,,scvi,scVI reference analysis,cell_1000,1.0,4.070425271987915,,,,
5,,,,,,f,scVI,,,,,,,,scvi,scVI reference analysis,cell_1000,2.0,4.1063666343688965,,,,
10,,,,,,f,scVI,,,,,,,,scvi,scVI reference analysis,cell_1000,0.0,4.152841806411743,,,,
10,,,,,,f,scVI,,,,,,,,scvi,scVI reference analysis,cell_1000,1.0,4.12276816368103,,,,
10,,,,,,f,scVI,,,,,,,,scvi,scVI reference analysis,cell_1000,2.0,4.083687782287598,,,,
20,,,,,,f,scVI,,,,,,,,scvi,scVI reference analysis,cell_1000,0.0,4.16883659362793,,,,
20,,,,,,f,scVI,,,,,,,,scvi,scVI reference analysis,cell_1000,1.0,4.147393465042114,,,,
20,,,,,,f,scVI,,,,,,,,scvi,scVI reference analysis,cell_1000,2.0,4.155287981033325,,,,
50,,,,,,f,scVI,,,,,,,,scvi,scVI reference analysis,cell_1000,0.0,4.208469867706299,,,,
50,,,,,,f,scVI,,,,,,,,scvi,scVI reference analysis,cell_1000,1.0,4.186647415161133,,,,
50,,,,,,f,scVI,,,,,,,,scvi,scVI reference analysis,cell_1000,2.0,4.201397180557251,,,,
2,,,,,,f,scVI,,,,,,,,scvi,scVI reference analysis,cell_5000,0.0,10.66971230506897,,,,
2,,,,,,f,scVI,,,,,,,,scvi,scVI reference analysis,cell_5000,1.0,10.592982053756714,,,,
2,,,,,,f,scVI,,,,,,,,scvi,scVI reference analysis,cell_5000,2.0,10.652075052261353,,,,
5,,,,,,f,scVI,,,,,,,,scvi,scVI reference analysis,cell_5000,0.0,10.616613149642944,,,,
5,,,,,,f,scVI,,,,,,,,scvi,scVI reference analysis,cell_5000,1.0,10.972070693969728,,,,
5,,,,,,f,scVI,,,,,,,,scvi,scVI reference analysis,cell_5000,2.0,10.688882827758787,,,,
10,,,,,,f,scVI,,,,,,,,scvi,scVI reference analysis,cell_5000,0.0,10.857764720916748,,,,
10,,,,,,f,scVI,,,,,,,,scvi,scVI reference analysis,cell_5000,1.0,10.884221315383911,,,,
10,,,,,,f,scVI,,,,,,,,scvi,scVI reference analysis,cell_5000,2.0,10.863059997558594,,,,
20,,,,,,f,scVI,,,,,,,,scvi,scVI reference analysis,cell_5000,0.0,10.860693216323853,,,,
20,,,,,,f,scVI,,,,,,,,scvi,scVI reference analysis,cell_5000,1.0,10.835232496261597,,,,
20,,,,,,f,scVI,,,,,,,,scvi,scVI reference analysis,cell_5000,2.0,10.866448163986206,,,,
50,,,,,,f,scVI,,,,,,,,scvi,scVI reference analysis,cell_5000,0.0,11.056013822555542,,,,
50,,,,,,f,scVI,,,,,,,,scvi,scVI reference analysis,cell_5000,1.0,10.924792289733888,,,,
50,,,,,,f,scVI,,,,,,,,scvi,scVI reference analysis,cell_5000,2.0,11.107502698898315,,,,
2,,,,,,f,scVI,,,,,,,,scvi,scVI reference analysis,cell_10000,0.0,17.809081554412842,,,,
2,,,,,,f,scVI,,,,,,,,scvi,scVI reference analysis,cell_10000,1.0,17.74457836151123,,,,
2,,,,,,f,scVI,,,,,,,,scvi,scVI reference analysis,cell_10000,2.0,17.802518367767334,,,,
5,,,,,,f,scVI,,,,,,,,scvi,scVI reference analysis,cell_10000,0.0,19.527193307876587,,,,
5,,,,,,f,scVI,,,,,,,,scvi,scVI reference analysis,cell_10000,1.0,17.611501693725586,,,,
5,,,,,,f,scVI,,,,,,,,scvi,scVI reference analysis,cell_10000,2.0,19.09181404113769,,,,
10,,,,,,f,scVI,,,,,,,,scvi,scVI reference analysis,cell_10000,0.0,18.00655746459961,,,,
10,,,,,,f,scVI,,,,,,,,scvi,scVI reference analysis,cell_10000,1.0,19.7710509300232,,,,
10,,,,,,f,scVI,,,,,,,,scvi,scVI reference analysis,cell_10000,2.0,17.94178009033203,,,,
20,,,,,,f,scVI,,,,,,,,scvi,scVI reference analysis,cell_10000,0.0,19.340057134628296,,,,
20,,,,,,f,scVI,,,,,,,,scvi,scVI reference analysis,cell_10000,1.0,18.299222707748413,,,,
20,,,,,,f,scVI,,,,,,,,scvi,scVI reference analysis,cell_10000,2.0,18.20875668525696,,,,
50,,,,,,f,scVI,,,,,,,,scvi,scVI reference analysis,cell_10000,0.0,18.139890432357788,,,,
50,,,,,,f,scVI,,,,,,,,scvi,scVI reference analysis,cell_10000,1.0,18.37233710289001,,,,
50,,,,,,f,scVI,,,,,,,,scvi,scVI reference analysis,cell_10000,2.0,20.153881072998047,,,,
2,,,,,,f,scVI,,,,,,,,scvi,scVI reference analysis,cell_73233,0.0,103.79378247261047,,,,
2,,,,,,f,scVI,,,,,,,,scvi,scVI reference analysis,cell_73233,1.0,103.83870124816896,,,,
2,,,,,,f,scVI,,,,,,,,scvi,scVI reference analysis,cell_73233,2.0,104.23834657669067,,,,
5,,,,,,f,scVI,,,,,,,,scvi,scVI reference analysis,cell_73233,0.0,104.12589383125304,,,,
5,,,,,,f,scVI,,,,,,,,scvi,scVI reference analysis,cell_73233,1.0,103.58810377120972,,,,
5,,,,,,f,scVI,,,,,,,,scvi,scVI reference analysis,cell_73233,2.0,100.9875841140747,,,,
10,,,,,,f,scVI,,,,,,,,scvi,scVI reference analysis,cell_73233,0.0,104.66306686401369,,,,
10,,,,,,f,scVI,,,,,,,,scvi,scVI reference analysis,cell_73233,1.0,105.21196746826172,,,,
10,,,,,,f,scVI,,,,,,,,scvi,scVI reference analysis,cell_73233,2.0,104.53830146789552,,,,
20,,,,,,f,scVI,,,,,,,,scvi,scVI reference analysis,cell_73233,0.0,106.08056807518004,,,,
20,,,,,,f,scVI,,,,,,,,scvi,scVI reference analysis,cell_73233,1.0,105.2505235671997,,,,
20,,,,,,f,scVI,,,,,,,,scvi,scVI reference analysis,cell_73233,2.0,105.9876470565796,,,,
50,,,,,,f,scVI,,,,,,,,scvi,scVI reference analysis,cell_73233,0.0,109.36977171897888,,,,
50,,,,,,f,scVI,,,,,,,,scvi,scVI reference analysis,cell_73233,1.0,110.94545984268188,,,,
50,,,,,,f,scVI,,,,,,,,scvi,scVI reference analysis,cell_73233,2.0,110.11093640327454,,,,
2,,,,,,f,PCA,,,,,,,,dimension,Latent-dimension sensitivity,default,0.0,2.097842216491699,,,,
5,,,,,,f,PCA,,,,,,,,dimension,Latent-dimension sensitivity,default,0.0,2.3631696701049805,,,,
10,,,,,,f,PCA,,,,,,,,dimension,Latent-dimension sensitivity,default,0.0,1.983109474182129,,,,
20,,,,,,f,PCA,,,,,,,,dimension,Latent-dimension sensitivity,default,0.0,1.9326329231262207,,,,
50,,,,,,f,PCA,,,,,,,,dimension,Latent-dimension sensitivity,default,0.0,1.916241884231568,,,,
2,,,,,,f,PCA,,,,,,,,dimension,Latent-dimension sensitivity,celltype_7,0.0,1.515361785888672,,,,
5,,,,,,f,PCA,,,,,,,,dimension,Latent-dimension sensitivity,celltype_7,0.0,1.385772466659546,,,,
10,,,,,,f,PCA,,,,,,,,dimension,Latent-dimension sensitivity,celltype_7,0.0,2.6509594917297363,,,,
20,,,,,,f,PCA,,,,,,,,dimension,Latent-dimension sensitivity,celltype_7,0.0,2.220533609390259,,,,
50,,,,,,f,PCA,,,,,,,,dimension,Latent-dimension sensitivity,celltype_7,0.0,3.1275038719177246,,,,
2,,,,,,f,PCA,,,,,,,,dimension,Latent-dimension sensitivity,celltype_11,0.0,1.87264084815979,,,,
5,,,,,,f,PCA,,,,,,,,dimension,Latent-dimension sensitivity,celltype_11,0.0,2.3059606552124023,,,,
10,,,,,,f,PCA,,,,,,,,dimension,Latent-dimension sensitivity,celltype_11,0.0,1.8648812770843504,,,,
20,,,,,,f,PCA,,,,,,,,dimension,Latent-dimension sensitivity,celltype_11,0.0,1.6482243537902832,,,,
50,,,,,,f,PCA,,,,,,,,dimension,Latent-dimension sensitivity,celltype_11,0.0,2.0972900390625,,,,
2,,,,,,f,PCA,,,,,,,,dimension,Latent-dimension sensitivity,celltype_15,0.0,1.6221163272857666,,,,
5,,,,,,f,PCA,,,,,,,,dimension,Latent-dimension sensitivity,celltype_15,0.0,1.9224936962127688,,,,
10,,,,,,f,PCA,,,,,,,,dimension,Latent-dimension sensitivity,celltype_15,0.0,2.275522470474243,,,,
20,,,,,,f,PCA,,,,,,,,dimension,Latent-dimension sensitivity,celltype_15,0.0,2.497345209121704,,,,
50,,,,,,f,PCA,,,,,,,,dimension,Latent-dimension sensitivity,celltype_15,0.0,3.0683741569519043,,,,
2,,,,,,f,PCA,,,,,,,,dimension,Latent-dimension sensitivity,dropout_0,0.0,2.0807387828826904,,,,
5,,,,,,f,PCA,,,,,,,,dimension,Latent-dimension sensitivity,dropout_0,0.0,2.519254207611084,,,,
10,,,,,,f,PCA,,,,,,,,dimension,Latent-dimension sensitivity,dropout_0,0.0,1.689662218093872,,,,
20,,,,,,f,PCA,,,,,,,,dimension,Latent-dimension sensitivity,dropout_0,0.0,1.5143048763275146,,,,
50,,,,,,f,PCA,,,,,,,,dimension,Latent-dimension sensitivity,dropout_0,0.0,2.081681489944458,,,,
2,,,,,,f,PCA,,,,,,,,dimension,Latent-dimension sensitivity,batch_1.0,0.0,1.4369285106658936,,,,
5,,,,,,f,PCA,,,,,,,,dimension,Latent-dimension sensitivity,batch_1.0,0.0,2.0432798862457275,,,,
10,,,,,,f,PCA,,,,,,,,dimension,Latent-dimension sensitivity,batch_1.0,0.0,2.23733901977539,,,,
20,,,,,,f,PCA,,,,,,,,dimension,Latent-dimension sensitivity,batch_1.0,0.0,2.0420382022857666,,,,
50,,,,,,f,PCA,,,,,,,,dimension,Latent-dimension sensitivity,batch_1.0,0.0,2.919319868087769,,,,
2,,,,,,f,PCA,,,,,,,,dimension,Latent-dimension sensitivity,gene_5k,0.0,2.1403489112854004,,,,
5,,,,,,f,PCA,,,,,,,,dimension,Latent-dimension sensitivity,gene_5k,0.0,2.34328031539917,,,,
10,,,,,,f,PCA,,,,,,,,dimension,Latent-dimension sensitivity,gene_5k,0.0,1.7694463729858398,,,,
20,,,,,,f,PCA,,,,,,,,dimension,Latent-dimension sensitivity,gene_5k,0.0,1.664921760559082,,,,
50,,,,,,f,PCA,,,,,,,,dimension,Latent-dimension sensitivity,gene_5k,0.0,2.1300532817840576,,,,
2,,,,,,f,PCA,,,,,,,,dimension,Latent-dimension sensitivity,gene_5w,0.0,1.1674091815948486,,,,
5,,,,,,f,PCA,,,,,,,,dimension,Latent-dimension sensitivity,gene_5w,0.0,1.7582073211669922,,,,
10,,,,,,f,PCA,,,,,,,,dimension,Latent-dimension sensitivity,gene_5w,0.0,2.628596782684326,,,,
20,,,,,,f,PCA,,,,,,,,dimension,Latent-dimension sensitivity,gene_5w,0.0,1.9458398818969729,,,,
50,,,,,,f,PCA,,,,,,,,dimension,Latent-dimension sensitivity,gene_5w,0.0,3.2701635360717773,,,,
2,,,,,,f,scVI,,,,,,,,dimension,Latent-dimension sensitivity,batch_1.0,0.0,11.419896602630615,,,,
2,,,,,,f,scVI,,,,,,,,dimension,Latent-dimension sensitivity,batch_1.0,1.0,10.86912488937378,,,,
2,,,,,,f,scVI,,,,,,,,dimension,Latent-dimension sensitivity,batch_1.0,2.0,11.2125825881958,,,,
5,,,,,,f,scVI,,,,,,,,dimension,Latent-dimension sensitivity,batch_1.0,0.0,11.189039707183838,,,,
5,,,,,,f,scVI,,,,,,,,dimension,Latent-dimension sensitivity,batch_1.0,1.0,10.984483480453491,,,,
5,,,,,,f,scVI,,,,,,,,dimension,Latent-dimension sensitivity,batch_1.0,2.0,10.735790252685549,,,,
10,,,,,,f,scVI,,,,,,,,dimension,Latent-dimension sensitivity,batch_1.0,0.0,11.718225717544556,,,,
10,,,,,,f,scVI,,,,,,,,dimension,Latent-dimension sensitivity,batch_1.0,1.0,11.040719509124756,,,,
10,,,,,,f,scVI,,,,,,,,dimension,Latent-dimension sensitivity,batch_1.0,2.0,11.130346059799194,,,,
20,,,,,,f,scVI,,,,,,,,dimension,Latent-dimension sensitivity,batch_1.0,0.0,11.102096796035768,,,,
20,,,,,,f,scVI,,,,,,,,dimension,Latent-dimension sensitivity,batch_1.0,1.0,11.12125039100647,,,,
20,,,,,,f,scVI,,,,,,,,dimension,Latent-dimension sensitivity,batch_1.0,2.0,11.475329399108888,,,,
50,,,,,,f,scVI,,,,,,,,dimension,Latent-dimension sensitivity,batch_1.0,0.0,11.094819784164429,,,,
50,,,,,,f,scVI,,,,,,,,dimension,Latent-dimension sensitivity,batch_1.0,1.0,11.56608247756958,,,,
50,,,,,,f,scVI,,,,,,,,dimension,Latent-dimension sensitivity,batch_1.0,2.0,11.333298683166504,,,,
2,,,,,,f,scVI,,,,,,,,dimension,Latent-dimension sensitivity,celltype_11,0.0,11.263659238815308,,,,
2,,,,,,f,scVI,,,,,,,,dimension,Latent-dimension sensitivity,celltype_11,1.0,11.131956815719604,,,,
2,,,,,,f,scVI,,,,,,,,dimension,Latent-dimension sensitivity,celltype_11,2.0,10.936314344406128,,,,
5,,,,,,f,scVI,,,,,,,,dimension,Latent-dimension sensitivity,celltype_11,0.0,10.955814123153688,,,,
5,,,,,,f,scVI,,,,,,,,dimension,Latent-dimension sensitivity,celltype_11,1.0,11.376818895339966,,,,
5,,,,,,f,scVI,,,,,,,,dimension,Latent-dimension sensitivity,celltype_11,2.0,11.254981517791748,,,,
10,,,,,,f,scVI,,,,,,,,dimension,Latent-dimension sensitivity,celltype_11,0.0,11.134673357009888,,,,
10,,,,,,f,scVI,,,,,,,,dimension,Latent-dimension sensitivity,celltype_11,1.0,11.33718991279602,,,,
10,,,,,,f,scVI,,,,,,,,dimension,Latent-dimension sensitivity,celltype_11,2.0,11.462984800338743,,,,
20,,,,,,f,scVI,,,,,,,,dimension,Latent-dimension sensitivity,celltype_11,0.0,13.83955430984497,,,,
20,,,,,,f,scVI,,,,,,,,dimension,Latent-dimension sensitivity,celltype_11,1.0,17.32054090499878,,,,
20,,,,,,f,scVI,,,,,,,,dimension,Latent-dimension sensitivity,celltype_11,2.0,18.75624632835388,,,,
50,,,,,,f,scVI,,,,,,,,dimension,Latent-dimension sensitivity,celltype_11,0.0,18.33203077316284,,,,
50,,,,,,f,scVI,,,,,,,,dimension,Latent-dimension sensitivity,celltype_11,1.0,16.907621145248413,,,,
50,,,,,,f,scVI,,,,,,,,dimension,Latent-dimension sensitivity,celltype_11,2.0,11.475603580474854,,,,
2,,,,,,f,scVI,,,,,,,,dimension,Latent-dimension sensitivity,celltype_15,0.0,11.037426710128784,,,,
2,,,,,,f,scVI,,,,,,,,dimension,Latent-dimension sensitivity,celltype_15,1.0,11.201677799224854,,,,
2,,,,,,f,scVI,,,,,,,,dimension,Latent-dimension sensitivity,celltype_15,2.0,11.324715375900269,,,,
5,,,,,,f,scVI,,,,,,,,dimension,Latent-dimension sensitivity,celltype_15,0.0,11.211285591125488,,,,
5,,,,,,f,scVI,,,,,,,,dimension,Latent-dimension sensitivity,celltype_15,1.0,11.347704648971558,,,,
5,,,,,,f,scVI,,,,,,,,dimension,Latent-dimension sensitivity,celltype_15,2.0,11.556303262710571,,,,
10,,,,,,f,scVI,,,,,,,,dimension,Latent-dimension sensitivity,celltype_15,0.0,11.455483198165894,,,,
10,,,,,,f,scVI,,,,,,,,dimension,Latent-dimension sensitivity,celltype_15,1.0,10.739529609680176,,,,
10,,,,,,f,scVI,,,,,,,,dimension,Latent-dimension sensitivity,celltype_15,2.0,11.34933876991272,,,,
20,,,,,,f,scVI,,,,,,,,dimension,Latent-dimension sensitivity,celltype_15,0.0,11.34435510635376,,,,
20,,,,,,f,scVI,,,,,,,,dimension,Latent-dimension sensitivity,celltype_15,1.0,11.402583360671995,,,,
20,,,,,,f,scVI,,,,,,,,dimension,Latent-dimension sensitivity,celltype_15,2.0,11.195108652114868,,,,
50,,,,,,f,scVI,,,,,,,,dimension,Latent-dimension sensitivity,celltype_15,0.0,11.846994400024414,,,,
50,,,,,,f,scVI,,,,,,,,dimension,Latent-dimension sensitivity,celltype_15,1.0,11.3247652053833,,,,
50,,,,,,f,scVI,,,,,,,,dimension,Latent-dimension sensitivity,celltype_15,2.0,11.620352983474731,,,,
2,,,,,,f,scVI,,,,,,,,dimension,Latent-dimension sensitivity,celltype_7,0.0,11.360024213790894,,,,
2,,,,,,f,scVI,,,,,,,,dimension,Latent-dimension sensitivity,celltype_7,1.0,11.4533953666687,,,,
2,,,,,,f,scVI,,,,,,,,dimension,Latent-dimension sensitivity,celltype_7,2.0,11.278473377227783,,,,
5,,,,,,f,scVI,,,,,,,,dimension,Latent-dimension sensitivity,celltype_7,0.0,11.234334468841553,,,,
5,,,,,,f,scVI,,,,,,,,dimension,Latent-dimension sensitivity,celltype_7,1.0,11.153053998947144,,,,
5,,,,,,f,scVI,,,,,,,,dimension,Latent-dimension sensitivity,celltype_7,2.0,10.941205263137816,,,,
10,,,,,,f,scVI,,,,,,,,dimension,Latent-dimension sensitivity,celltype_7,0.0,11.266916036605837,,,,
10,,,,,,f,scVI,,,,,,,,dimension,Latent-dimension sensitivity,celltype_7,1.0,10.894822359085085,,,,
10,,,,,,f,scVI,,,,,,,,dimension,Latent-dimension sensitivity,celltype_7,2.0,11.010151863098145,,,,
20,,,,,,f,scVI,,,,,,,,dimension,Latent-dimension sensitivity,celltype_7,0.0,11.068583726882936,,,,
20,,,,,,f,scVI,,,,,,,,dimension,Latent-dimension sensitivity,celltype_7,1.0,10.757355451583862,,,,
20,,,,,,f,scVI,,,,,,,,dimension,Latent-dimension sensitivity,celltype_7,2.0,11.277416944503784,,,,
50,,,,,,f,scVI,,,,,,,,dimension,Latent-dimension sensitivity,celltype_7,0.0,11.377150535583496,,,,
50,,,,,,f,scVI,,,,,,,,dimension,Latent-dimension sensitivity,celltype_7,1.0,11.111038208007812,,,,
50,,,,,,f,scVI,,,,,,,,dimension,Latent-dimension sensitivity,celltype_7,2.0,11.449679374694824,,,,
2,,,,,,f,scVI,,,,,,,,dimension,Latent-dimension sensitivity,default,0.0,11.776190996170044,,,,
2,,,,,,f,scVI,,,,,,,,dimension,Latent-dimension sensitivity,default,1.0,11.348794221878052,,,,
2,,,,,,f,scVI,,,,,,,,dimension,Latent-dimension sensitivity,default,2.0,11.080135583877563,,,,
5,,,,,,f,scVI,,,,,,,,dimension,Latent-dimension sensitivity,default,0.0,11.495447874069214,,,,
5,,,,,,f,scVI,,,,,,,,dimension,Latent-dimension sensitivity,default,1.0,11.162031888961792,,,,
5,,,,,,f,scVI,,,,,,,,dimension,Latent-dimension sensitivity,default,2.0,11.042961597442629,,,,
10,,,,,,f,scVI,,,,,,,,dimension,Latent-dimension sensitivity,default,0.0,11.22153377532959,,,,
10,,,,,,f,scVI,,,,,,,,dimension,Latent-dimension sensitivity,default,1.0,11.18135380744934,,,,
10,,,,,,f,scVI,,,,,,,,dimension,Latent-dimension sensitivity,default,2.0,11.704265356063845,,,,
20,,,,,,f,scVI,,,,,,,,dimension,Latent-dimension sensitivity,default,0.0,11.351761817932127,,,,
20,,,,,,f,scVI,,,,,,,,dimension,Latent-dimension sensitivity,default,1.0,11.173397302627563,,,,
20,,,,,,f,scVI,,,,,,,,dimension,Latent-dimension sensitivity,default,2.0,11.237035036087036,,,,
50,,,,,,f,scVI,,,,,,,,dimension,Latent-dimension sensitivity,default,0.0,11.29883623123169,,,,
50,,,,,,f,scVI,,,,,,,,dimension,Latent-dimension sensitivity,default,1.0,11.687365055084229,,,,
50,,,,,,f,scVI,,,,,,,,dimension,Latent-dimension sensitivity,default,2.0,11.633833408355711,,,,
2,,,,,,f,scVI,,,,,,,,dimension,Latent-dimension sensitivity,dropout_0,0.0,11.337135314941406,,,,
2,,,,,,f,scVI,,,,,,,,dimension,Latent-dimension sensitivity,dropout_0,1.0,11.340956926345823,,,,
2,,,,,,f,scVI,,,,,,,,dimension,Latent-dimension sensitivity,dropout_0,2.0,11.231960773468018,,,,
5,,,,,,f,scVI,,,,,,,,dimension,Latent-dimension sensitivity,dropout_0,0.0,11.397860050201416,,,,
5,,,,,,f,scVI,,,,,,,,dimension,Latent-dimension sensitivity,dropout_0,1.0,10.98138952255249,,,,
5,,,,,,f,scVI,,,,,,,,dimension,Latent-dimension sensitivity,dropout_0,2.0,10.880648612976074,,,,
10,,,,,,f,scVI,,,,,,,,dimension,Latent-dimension sensitivity,dropout_0,0.0,11.382285356521606,,,,
10,,,,,,f,scVI,,,,,,,,dimension,Latent-dimension sensitivity,dropout_0,1.0,11.128441333770752,,,,
10,,,,,,f,scVI,,,,,,,,dimension,Latent-dimension sensitivity,dropout_0,2.0,10.965211391448976,,,,
20,,,,,,f,scVI,,,,,,,,dimension,Latent-dimension sensitivity,dropout_0,0.0,10.902674913406372,,,,
20,,,,,,f,scVI,,,,,,,,dimension,Latent-dimension sensitivity,dropout_0,1.0,11.533573627471924,,,,
20,,,,,,f,scVI,,,,,,,,dimension,Latent-dimension sensitivity,dropout_0,2.0,11.2193124294281,,,,
50,,,,,,f,scVI,,,,,,,,dimension,Latent-dimension sensitivity,dropout_0,0.0,11.199163436889648,,,,
50,,,,,,f,scVI,,,,,,,,dimension,Latent-dimension sensitivity,dropout_0,1.0,11.532982110977173,,,,
50,,,,,,f,scVI,,,,,,,,dimension,Latent-dimension sensitivity,dropout_0,2.0,11.3625168800354,,,,
2,,,,,,f,scVI,,,,,,,,dimension,Latent-dimension sensitivity,gene_5k,0.0,11.26980209350586,,,,
2,,,,,,f,scVI,,,,,,,,dimension,Latent-dimension sensitivity,gene_5k,1.0,11.57987904548645,,,,
2,,,,,,f,scVI,,,,,,,,dimension,Latent-dimension sensitivity,gene_5k,2.0,11.251975774765016,,,,
5,,,,,,f,scVI,,,,,,,,dimension,Latent-dimension sensitivity,gene_5k,0.0,11.11396622657776,,,,
5,,,,,,f,scVI,,,,,,,,dimension,Latent-dimension sensitivity,gene_5k,1.0,11.47171688079834,,,,
5,,,,,,f,scVI,,,,,,,,dimension,Latent-dimension sensitivity,gene_5k,2.0,11.441307306289673,,,,
10,,,,,,f,scVI,,,,,,,,dimension,Latent-dimension sensitivity,gene_5k,0.0,11.473785877227783,,,,
10,,,,,,f,scVI,,,,,,,,dimension,Latent-dimension sensitivity,gene_5k,1.0,11.349714994430542,,,,
10,,,,,,f,scVI,,,,,,,,dimension,Latent-dimension sensitivity,gene_5k,2.0,11.390432834625244,,,,
20,,,,,,f,scVI,,,,,,,,dimension,Latent-dimension sensitivity,gene_5k,0.0,11.330560207366943,,,,
20,,,,,,f,scVI,,,,,,,,dimension,Latent-dimension sensitivity,gene_5k,1.0,11.326323509216309,,,,
20,,,,,,f,scVI,,,,,,,,dimension,Latent-dimension sensitivity,gene_5k,2.0,11.65561819076538,,,,
50,,,,,,f,scVI,,,,,,,,dimension,Latent-dimension sensitivity,gene_5k,0.0,11.52713918685913,,,,
50,,,,,,f,scVI,,,,,,,,dimension,Latent-dimension sensitivity,gene_5k,1.0,11.285032510757446,,,,
50,,,,,,f,scVI,,,,,,,,dimension,Latent-dimension sensitivity,gene_5k,2.0,11.296269178390505,,,,
2,,,,,,f,scVI,,,,,,,,dimension,Latent-dimension sensitivity,gene_5w,0.0,11.194408655166626,,,,
2,,,,,,f,scVI,,,,,,,,dimension,Latent-dimension sensitivity,gene_5w,1.0,11.053529977798462,,,,
2,,,,,,f,scVI,,,,,,,,dimension,Latent-dimension sensitivity,gene_5w,2.0,10.840243339538574,,,,
5,,,,,,f,scVI,,,,,,,,dimension,Latent-dimension sensitivity,gene_5w,0.0,11.252058744430542,,,,
5,,,,,,f,scVI,,,,,,,,dimension,Latent-dimension sensitivity,gene_5w,1.0,11.23579239845276,,,,
5,,,,,,f,scVI,,,,,,,,dimension,Latent-dimension sensitivity,gene_5w,2.0,11.041177749633787,,,,
10,,,,,,f,scVI,,,,,,,,dimension,Latent-dimension sensitivity,gene_5w,0.0,11.244914531707764,,,,
10,,,,,,f,scVI,,,,,,,,dimension,Latent-dimension sensitivity,gene_5w,1.0,11.283455610275269,,,,
10,,,,,,f,scVI,,,,,,,,dimension,Latent-dimension sensitivity,gene_5w,2.0,11.120140552520752,,,,
20,,,,,,f,scVI,,,,,,,,dimension,Latent-dimension sensitivity,gene_5w,0.0,11.463371276855469,,,,
20,,,,,,f,scVI,,,,,,,,dimension,Latent-dimension sensitivity,gene_5w,1.0,11.2593252658844,,,,
20,,,,,,f,scVI,,,,,,,,dimension,Latent-dimension sensitivity,gene_5w,2.0,11.150748491287231,,,,
50,,,,,,f,scVI,,,,,,,,dimension,Latent-dimension sensitivity,gene_5w,0.0,11.342050075531006,,,,
50,,,,,,f,scVI,,,,,,,,dimension,Latent-dimension sensitivity,gene_5w,1.0,11.254790544509888,,,,
50,,,,,,f,scVI,,,,,,,,dimension,Latent-dimension sensitivity,gene_5w,2.0,11.39531636238098,,,,
2,,,,,,f,GLMPCA,,,,,,,,dimension,Latent-dimension sensitivity,default,0.0,11.103135347366331,,,,
2,,,,,,f,GLMPCA,,,,,,,,dimension,Latent-dimension sensitivity,default,1.0,10.978582620620728,,,,
2,,,,,,f,GLMPCA,,,,,,,,dimension,Latent-dimension sensitivity,default,2.0,10.90248441696167,,,,
5,,,,,,f,GLMPCA,,,,,,,,dimension,Latent-dimension sensitivity,default,0.0,11.184258222579956,,,,
5,,,,,,f,GLMPCA,,,,,,,,dimension,Latent-dimension sensitivity,default,1.0,11.073559045791626,,,,
5,,,,,,f,GLMPCA,,,,,,,,dimension,Latent-dimension sensitivity,default,2.0,10.995773077011108,,,,
10,,,,,,f,GLMPCA,,,,,,,,dimension,Latent-dimension sensitivity,default,0.0,11.17406439781189,,,,
10,,,,,,f,GLMPCA,,,,,,,,dimension,Latent-dimension sensitivity,default,1.0,11.095580101013184,,,,
10,,,,,,f,GLMPCA,,,,,,,,dimension,Latent-dimension sensitivity,default,2.0,11.073742866516112,,,,
20,,,,,,f,GLMPCA,,,,,,,,dimension,Latent-dimension sensitivity,default,0.0,11.230302333831789,,,,
20,,,,,,f,GLMPCA,,,,,,,,dimension,Latent-dimension sensitivity,default,1.0,11.167165279388428,,,,
20,,,,,,f,GLMPCA,,,,,,,,dimension,Latent-dimension sensitivity,default,2.0,11.116435766220093,,,,
50,,,,,,f,GLMPCA,,,,,,,,dimension,Latent-dimension sensitivity,default,0.0,11.4138765335083,,,,
50,,,,,,f,GLMPCA,,,,,,,,dimension,Latent-dimension sensitivity,default,1.0,11.38804817199707,,,,
50,,,,,,f,GLMPCA,,,,,,,,dimension,Latent-dimension sensitivity,default,2.0,11.443254232406616,,,,
2,,,,,,f,GLMPCA,,,,,,,,dimension,Latent-dimension sensitivity,celltype_7,0.0,11.018958806991575,,,,
2,,,,,,f,GLMPCA,,,,,,,,dimension,Latent-dimension sensitivity,celltype_7,1.0,10.98070240020752,,,,
2,,,,,,f,GLMPCA,,,,,,,,dimension,Latent-dimension sensitivity,celltype_7,2.0,10.94573712348938,,,,
5,,,,,,f,GLMPCA,,,,,,,,dimension,Latent-dimension sensitivity,celltype_7,0.0,10.905774593353271,,,,
5,,,,,,f,GLMPCA,,,,,,,,dimension,Latent-dimension sensitivity,celltype_7,1.0,10.954966068267822,,,,
5,,,,,,f,GLMPCA,,,,,,,,dimension,Latent-dimension sensitivity,celltype_7,2.0,10.887649774551392,,,,
10,,,,,,f,GLMPCA,,,,,,,,dimension,Latent-dimension sensitivity,celltype_7,0.0,11.285078763961792,,,,
10,,,,,,f,GLMPCA,,,,,,,,dimension,Latent-dimension sensitivity,celltype_7,1.0,11.18972635269165,,,,
10,,,,,,f,GLMPCA,,,,,,,,dimension,Latent-dimension sensitivity,celltype_7,2.0,11.12863302230835,,,,
20,,,,,,f,GLMPCA,,,,,,,,dimension,Latent-dimension sensitivity,celltype_7,0.0,11.055557250976562,,,,
20,,,,,,f,GLMPCA,,,,,,,,dimension,Latent-dimension sensitivity,celltype_7,1.0,11.060724973678589,,,,
20,,,,,,f,GLMPCA,,,,,,,,dimension,Latent-dimension sensitivity,celltype_7,2.0,11.061683893203735,,,,
50,,,,,,f,GLMPCA,,,,,,,,dimension,Latent-dimension sensitivity,celltype_7,0.0,11.406593799591064,,,,
50,,,,,,f,GLMPCA,,,,,,,,dimension,Latent-dimension sensitivity,celltype_7,1.0,11.259159088134766,,,,
50,,,,,,f,GLMPCA,,,,,,,,dimension,Latent-dimension sensitivity,celltype_7,2.0,11.22947072982788,,,,
2,,,,,,f,GLMPCA,,,,,,,,dimension,Latent-dimension sensitivity,celltype_11,0.0,11.140103578567505,,,,
2,,,,,,f,GLMPCA,,,,,,,,dimension,Latent-dimension sensitivity,celltype_11,1.0,11.246748924255373,,,,
2,,,,,,f,GLMPCA,,,,,,,,dimension,Latent-dimension sensitivity,celltype_11,2.0,11.04706621170044,,,,
5,,,,,,f,GLMPCA,,,,,,,,dimension,Latent-dimension sensitivity,celltype_11,0.0,10.897427082061768,,,,
5,,,,,,f,GLMPCA,,,,,,,,dimension,Latent-dimension sensitivity,celltype_11,1.0,10.874905109405518,,,,
5,,,,,,f,GLMPCA,,,,,,,,dimension,Latent-dimension sensitivity,celltype_11,2.0,10.950393199920654,,,,
10,,,,,,f,GLMPCA,,,,,,,,dimension,Latent-dimension sensitivity,celltype_11,0.0,11.24599313735962,,,,
10,,,,,,f,GLMPCA,,,,,,,,dimension,Latent-dimension sensitivity,celltype_11,1.0,11.300806045532228,,,,
10,,,,,,f,GLMPCA,,,,,,,,dimension,Latent-dimension sensitivity,celltype_11,2.0,11.242505073547363,,,,
20,,,,,,f,GLMPCA,,,,,,,,dimension,Latent-dimension sensitivity,celltype_11,0.0,11.075277090072632,,,,
20,,,,,,f,GLMPCA,,,,,,,,dimension,Latent-dimension sensitivity,celltype_11,1.0,10.98054313659668,,,,
20,,,,,,f,GLMPCA,,,,,,,,dimension,Latent-dimension sensitivity,celltype_11,2.0,10.996514558792114,,,,
50,,,,,,f,GLMPCA,,,,,,,,dimension,Latent-dimension sensitivity,celltype_11,0.0,11.234135150909424,,,,
50,,,,,,f,GLMPCA,,,,,,,,dimension,Latent-dimension sensitivity,celltype_11,1.0,11.232536315917969,,,,
50,,,,,,f,GLMPCA,,,,,,,,dimension,Latent-dimension sensitivity,celltype_11,2.0,11.450751543045044,,,,
2,,,,,,f,GLMPCA,,,,,,,,dimension,Latent-dimension sensitivity,celltype_15,0.0,11.047486305236816,,,,
2,,,,,,f,GLMPCA,,,,,,,,dimension,Latent-dimension sensitivity,celltype_15,1.0,11.131003856658936,,,,
2,,,,,,f,GLMPCA,,,,,,,,dimension,Latent-dimension sensitivity,celltype_15,2.0,10.99966049194336,,,,
5,,,,,,f,GLMPCA,,,,,,,,dimension,Latent-dimension sensitivity,celltype_15,0.0,10.935320615768433,,,,
5,,,,,,f,GLMPCA,,,,,,,,dimension,Latent-dimension sensitivity,celltype_15,1.0,10.955060243606567,,,,
5,,,,,,f,GLMPCA,,,,,,,,dimension,Latent-dimension sensitivity,celltype_15,2.0,10.959193706512451,,,,
10,,,,,,f,GLMPCA,,,,,,,,dimension,Latent-dimension sensitivity,celltype_15,0.0,11.279583930969238,,,,
10,,,,,,f,GLMPCA,,,,,,,,dimension,Latent-dimension sensitivity,celltype_15,1.0,11.266846418380736,,,,
10,,,,,,f,GLMPCA,,,,,,,,dimension,Latent-dimension sensitivity,celltype_15,2.0,11.202863931655884,,,,
20,,,,,,f,GLMPCA,,,,,,,,dimension,Latent-dimension sensitivity,celltype_15,0.0,11.028146028518677,,,,
20,,,,,,f,GLMPCA,,,,,,,,dimension,Latent-dimension sensitivity,celltype_15,1.0,11.033038139343262,,,,
20,,,,,,f,GLMPCA,,,,,,,,dimension,Latent-dimension sensitivity,celltype_15,2.0,11.062763452529907,,,,
50,,,,,,f,GLMPCA,,,,,,,,dimension,Latent-dimension sensitivity,celltype_15,0.0,11.19550371170044,,,,
50,,,,,,f,GLMPCA,,,,,,,,dimension,Latent-dimension sensitivity,celltype_15,1.0,11.169989824295044,,,,
50,,,,,,f,GLMPCA,,,,,,,,dimension,Latent-dimension sensitivity,celltype_15,2.0,11.222951650619509,,,,
2,,,,,,f,GLMPCA,,,,,,,,dimension,Latent-dimension sensitivity,dropout_0,0.0,10.516363382339478,,,,
2,,,,,,f,GLMPCA,,,,,,,,dimension,Latent-dimension sensitivity,dropout_0,1.0,10.876495122909546,,,,
2,,,,,,f,GLMPCA,,,,,,,,dimension,Latent-dimension sensitivity,dropout_0,2.0,10.629110097885132,,,,
5,,,,,,f,GLMPCA,,,,,,,,dimension,Latent-dimension sensitivity,dropout_0,0.0,10.569464683532717,,,,
5,,,,,,f,GLMPCA,,,,,,,,dimension,Latent-dimension sensitivity,dropout_0,1.0,10.627009630203249,,,,
5,,,,,,f,GLMPCA,,,,,,,,dimension,Latent-dimension sensitivity,dropout_0,2.0,10.628254175186155,,,,
10,,,,,,f,GLMPCA,,,,,,,,dimension,Latent-dimension sensitivity,dropout_0,0.0,10.752447366714478,,,,
10,,,,,,f,GLMPCA,,,,,,,,dimension,Latent-dimension sensitivity,dropout_0,1.0,10.62048602104187,,,,
10,,,,,,f,GLMPCA,,,,,,,,dimension,Latent-dimension sensitivity,dropout_0,2.0,10.647778272628784,,,,
20,,,,,,f,GLMPCA,,,,,,,,dimension,Latent-dimension sensitivity,dropout_0,0.0,10.681602239608765,,,,
20,,,,,,f,GLMPCA,,,,,,,,dimension,Latent-dimension sensitivity,dropout_0,1.0,10.683870315551758,,,,
20,,,,,,f,GLMPCA,,,,,,,,dimension,Latent-dimension sensitivity,dropout_0,2.0,10.923794984817505,,,,
50,,,,,,f,GLMPCA,,,,,,,,dimension,Latent-dimension sensitivity,dropout_0,0.0,11.011074542999268,,,,
50,,,,,,f,GLMPCA,,,,,,,,dimension,Latent-dimension sensitivity,dropout_0,1.0,10.93213438987732,,,,
50,,,,,,f,GLMPCA,,,,,,,,dimension,Latent-dimension sensitivity,dropout_0,2.0,10.97347617149353,,,,
2,,,,,,f,GLMPCA,,,,,,,,dimension,Latent-dimension sensitivity,batch_1.0,0.0,12.852500438690186,,,,
2,,,,,,f,GLMPCA,,,,,,,,dimension,Latent-dimension sensitivity,batch_1.0,1.0,12.87116241455078,,,,
2,,,,,,f,GLMPCA,,,,,,,,dimension,Latent-dimension sensitivity,batch_1.0,2.0,12.34843683242798,,,,
5,,,,,,f,GLMPCA,,,,,,,,dimension,Latent-dimension sensitivity,batch_1.0,0.0,12.813117027282717,,,,
5,,,,,,f,GLMPCA,,,,,,,,dimension,Latent-dimension sensitivity,batch_1.0,1.0,12.869637250900269,,,,
5,,,,,,f,GLMPCA,,,,,,,,dimension,Latent-dimension sensitivity,batch_1.0,2.0,12.888311386108398,,,,
10,,,,,,f,GLMPCA,,,,,,,,dimension,Latent-dimension sensitivity,batch_1.0,0.0,12.85785698890686,,,,
10,,,,,,f,GLMPCA,,,,,,,,dimension,Latent-dimension sensitivity,batch_1.0,1.0,12.93284559249878,,,,
10,,,,,,f,GLMPCA,,,,,,,,dimension,Latent-dimension sensitivity,batch_1.0,2.0,13.108264923095703,,,,
20,,,,,,f,GLMPCA,,,,,,,,dimension,Latent-dimension sensitivity,batch_1.0,0.0,12.945556640625,,,,
20,,,,,,f,GLMPCA,,,,,,,,dimension,Latent-dimension sensitivity,batch_1.0,1.0,13.023674011230469,,,,
20,,,,,,f,GLMPCA,,,,,,,,dimension,Latent-dimension sensitivity,batch_1.0,2.0,12.911122798919678,,,,
50,,,,,,f,GLMPCA,,,,,,,,dimension,Latent-dimension sensitivity,batch_1.0,0.0,13.291013717651367,,,,
50,,,,,,f,GLMPCA,,,,,,,,dimension,Latent-dimension sensitivity,batch_1.0,1.0,13.193904876708984,,,,
50,,,,,,f,GLMPCA,,,,,,,,dimension,Latent-dimension sensitivity,batch_1.0,2.0,13.193548679351808,,,,
2,,,,,,f,GLMPCA,,,,,,,,dimension,Latent-dimension sensitivity,gene_5k,0.0,19.02271151542664,,,,
2,,,,,,f,GLMPCA,,,,,,,,dimension,Latent-dimension sensitivity,gene_5k,1.0,11.70647954940796,,,,
2,,,,,,f,GLMPCA,,,,,,,,dimension,Latent-dimension sensitivity,gene_5k,2.0,19.152836561203003,,,,
5,,,,,,f,GLMPCA,,,,,,,,dimension,Latent-dimension sensitivity,gene_5k,0.0,11.815969467163086,,,,
5,,,,,,f,GLMPCA,,,,,,,,dimension,Latent-dimension sensitivity,gene_5k,1.0,11.779138326644896,,,,
5,,,,,,f,GLMPCA,,,,,,,,dimension,Latent-dimension sensitivity,gene_5k,2.0,11.7664897441864,,,,
10,,,,,,f,GLMPCA,,,,,,,,dimension,Latent-dimension sensitivity,gene_5k,0.0,11.814890384674072,,,,
10,,,,,,f,GLMPCA,,,,,,,,dimension,Latent-dimension sensitivity,gene_5k,1.0,11.892682790756226,,,,
10,,,,,,f,GLMPCA,,,,,,,,dimension,Latent-dimension sensitivity,gene_5k,2.0,11.893872499465942,,,,
20,,,,,,f,GLMPCA,,,,,,,,dimension,Latent-dimension sensitivity,gene_5k,0.0,11.933347463607788,,,,
20,,,,,,f,GLMPCA,,,,,,,,dimension,Latent-dimension sensitivity,gene_5k,1.0,11.806257724761965,,,,
20,,,,,,f,GLMPCA,,,,,,,,dimension,Latent-dimension sensitivity,gene_5k,2.0,11.877983331680298,,,,
50,,,,,,f,GLMPCA,,,,,,,,dimension,Latent-dimension sensitivity,gene_5k,0.0,12.25187873840332,,,,
50,,,,,,f,GLMPCA,,,,,,,,dimension,Latent-dimension sensitivity,gene_5k,1.0,12.093635559082031,,,,
50,,,,,,f,GLMPCA,,,,,,,,dimension,Latent-dimension sensitivity,gene_5k,2.0,12.04660987854004,,,,
2,,,,,,f,GLMPCA,,,,,,,,dimension,Latent-dimension sensitivity,gene_5w,0.0,10.005040884017944,,,,
2,,,,,,f,GLMPCA,,,,,,,,dimension,Latent-dimension sensitivity,gene_5w,1.0,9.8719220161438,,,,
2,,,,,,f,GLMPCA,,,,,,,,dimension,Latent-dimension sensitivity,gene_5w,2.0,9.965215921401978,,,,
5,,,,,,f,GLMPCA,,,,,,,,dimension,Latent-dimension sensitivity,gene_5w,0.0,10.00301480293274,,,,
5,,,,,,f,GLMPCA,,,,,,,,dimension,Latent-dimension sensitivity,gene_5w,1.0,10.051874160766602,,,,
5,,,,,,f,GLMPCA,,,,,,,,dimension,Latent-dimension sensitivity,gene_5w,2.0,10.034237623214722,,,,
10,,,,,,f,GLMPCA,,,,,,,,dimension,Latent-dimension sensitivity,gene_5w,0.0,10.156126022338867,,,,
10,,,,,,f,GLMPCA,,,,,,,,dimension,Latent-dimension sensitivity,gene_5w,1.0,10.146049976348875,,,,
10,,,,,,f,GLMPCA,,,,,,,,dimension,Latent-dimension sensitivity,gene_5w,2.0,10.084916114807127,,,,
20,,,,,,f,GLMPCA,,,,,,,,dimension,Latent-dimension sensitivity,gene_5w,0.0,10.082062005996704,,,,
20,,,,,,f,GLMPCA,,,,,,,,dimension,Latent-dimension sensitivity,gene_5w,1.0,10.170504808425903,,,,
20,,,,,,f,GLMPCA,,,,,,,,dimension,Latent-dimension sensitivity,gene_5w,2.0,10.107172966003418,,,,
50,,,,,,f,GLMPCA,,,,,,,,dimension,Latent-dimension sensitivity,gene_5w,0.0,6.809028387069702,,,,
50,,,,,,f,GLMPCA,,,,,,,,dimension,Latent-dimension sensitivity,gene_5w,1.0,6.758248567581177,,,,
50,,,,,,f,GLMPCA,,,,,,,,dimension,Latent-dimension sensitivity,gene_5w,2.0,10.23196291923523,,,,
2,,,,,,f,pCMF,,,,,,,,dimension,Latent-dimension sensitivity,default,0.0,11.493176460266112,,,,
2,,,,,,f,pCMF,,,,,,,,dimension,Latent-dimension sensitivity,default,1.0,11.304891586303713,,,,
2,,,,,,f,pCMF,,,,,,,,dimension,Latent-dimension sensitivity,default,2.0,11.33794116973877,,,,
5,,,,,,f,pCMF,,,,,,,,dimension,Latent-dimension sensitivity,default,0.0,16.890723705291748,,,,
5,,,,,,f,pCMF,,,,,,,,dimension,Latent-dimension sensitivity,default,1.0,16.000373363494873,,,,
5,,,,,,f,pCMF,,,,,,,,dimension,Latent-dimension sensitivity,default,2.0,16.3607759475708,,,,
10,,,,,,f,pCMF,,,,,,,,dimension,Latent-dimension sensitivity,default,0.0,30.137973070144653,,,,
10,,,,,,f,pCMF,,,,,,,,dimension,Latent-dimension sensitivity,default,1.0,29.968499422073364,,,,
10,,,,,,f,pCMF,,,,,,,,dimension,Latent-dimension sensitivity,default,2.0,30.186294317245483,,,,
20,,,,,,f,pCMF,,,,,,,,dimension,Latent-dimension sensitivity,default,0.0,74.80660223960876,,,,
20,,,,,,f,pCMF,,,,,,,,dimension,Latent-dimension sensitivity,default,1.0,74.31438779830933,,,,
20,,,,,,f,pCMF,,,,,,,,dimension,Latent-dimension sensitivity,default,2.0,74.71429181098938,,,,
50,,,,,,f,pCMF,,,,,,,,dimension,Latent-dimension sensitivity,default,0.0,349.16363644599915,,,,
50,,,,,,f,pCMF,,,,,,,,dimension,Latent-dimension sensitivity,default,1.0,349.4407866001129,,,,
50,,,,,,f,pCMF,,,,,,,,dimension,Latent-dimension sensitivity,default,2.0,355.7405138015747,,,,
2,,,,,,f,pCMF,,,,,,,,dimension,Latent-dimension sensitivity,celltype_7,0.0,11.404946088790894,,,,
2,,,,,,f,pCMF,,,,,,,,dimension,Latent-dimension sensitivity,celltype_7,1.0,11.417595148086548,,,,
2,,,,,,f,pCMF,,,,,,,,dimension,Latent-dimension sensitivity,celltype_7,2.0,11.338011741638184,,,,
5,,,,,,f,pCMF,,,,,,,,dimension,Latent-dimension sensitivity,celltype_7,0.0,16.174763202667236,,,,
5,,,,,,f,pCMF,,,,,,,,dimension,Latent-dimension sensitivity,celltype_7,1.0,16.175328254699707,,,,
5,,,,,,f,pCMF,,,,,,,,dimension,Latent-dimension sensitivity,celltype_7,2.0,16.219274044036865,,,,
10,,,,,,f,pCMF,,,,,,,,dimension,Latent-dimension sensitivity,celltype_7,0.0,29.907378435134888,,,,
10,,,,,,f,pCMF,,,,,,,,dimension,Latent-dimension sensitivity,celltype_7,1.0,29.974314212799072,,,,
10,,,,,,f,pCMF,,,,,,,,dimension,Latent-dimension sensitivity,celltype_7,2.0,29.957108736038208,,,,
20,,,,,,f,pCMF,,,,,,,,dimension,Latent-dimension sensitivity,celltype_7,0.0,74.50416135787964,,,,
20,,,,,,f,pCMF,,,,,,,,dimension,Latent-dimension sensitivity,celltype_7,1.0,75.01648879051208,,,,
20,,,,,,f,pCMF,,,,,,,,dimension,Latent-dimension sensitivity,celltype_7,2.0,74.15981578826904,,,,
50,,,,,,f,pCMF,,,,,,,,dimension,Latent-dimension sensitivity,celltype_7,0.0,349.4593319892884,,,,
50,,,,,,f,pCMF,,,,,,,,dimension,Latent-dimension sensitivity,celltype_7,1.0,349.51813554763794,,,,
50,,,,,,f,pCMF,,,,,,,,dimension,Latent-dimension sensitivity,celltype_7,2.0,349.1105959415436,,,,
2,,,,,,f,pCMF,,,,,,,,dimension,Latent-dimension sensitivity,celltype_11,0.0,11.46108889579773,,,,
2,,,,,,f,pCMF,,,,,,,,dimension,Latent-dimension sensitivity,celltype_11,1.0,11.419520854949951,,,,
2,,,,,,f,pCMF,,,,,,,,dimension,Latent-dimension sensitivity,celltype_11,2.0,11.310359954833984,,,,
5,,,,,,f,pCMF,,,,,,,,dimension,Latent-dimension sensitivity,celltype_11,0.0,16.31191062927246,,,,
5,,,,,,f,pCMF,,,,,,,,dimension,Latent-dimension sensitivity,celltype_11,1.0,16.083429098129272,,,,
5,,,,,,f,pCMF,,,,,,,,dimension,Latent-dimension sensitivity,celltype_11,2.0,16.22816777229309,,,,
10,,,,,,f,pCMF,,,,,,,,dimension,Latent-dimension sensitivity,celltype_11,0.0,30.326322317123413,,,,
10,,,,,,f,pCMF,,,,,,,,dimension,Latent-dimension sensitivity,celltype_11,1.0,30.062310218811035,,,,
10,,,,,,f,pCMF,,,,,,,,dimension,Latent-dimension sensitivity,celltype_11,2.0,29.537050247192383,,,,
20,,,,,,f,pCMF,,,,,,,,dimension,Latent-dimension sensitivity,celltype_11,0.0,75.48506808280945,,,,
20,,,,,,f,pCMF,,,,,,,,dimension,Latent-dimension sensitivity,celltype_11,1.0,75.6304235458374,,,,
20,,,,,,f,pCMF,,,,,,,,dimension,Latent-dimension sensitivity,celltype_11,2.0,75.00634789466858,,,,
50,,,,,,f,pCMF,,,,,,,,dimension,Latent-dimension sensitivity,celltype_11,0.0,351.13891792297363,,,,
50,,,,,,f,pCMF,,,,,,,,dimension,Latent-dimension sensitivity,celltype_11,1.0,352.6391406059265,,,,
50,,,,,,f,pCMF,,,,,,,,dimension,Latent-dimension sensitivity,celltype_11,2.0,352.14968848228455,,,,
2,,,,,,f,pCMF,,,,,,,,dimension,Latent-dimension sensitivity,celltype_15,0.0,11.52531623840332,,,,
2,,,,,,f,pCMF,,,,,,,,dimension,Latent-dimension sensitivity,celltype_15,1.0,11.449426889419556,,,,
2,,,,,,f,pCMF,,,,,,,,dimension,Latent-dimension sensitivity,celltype_15,2.0,11.437854528427124,,,,
5,,,,,,f,pCMF,,,,,,,,dimension,Latent-dimension sensitivity,celltype_15,0.0,16.403502225875854,,,,
5,,,,,,f,pCMF,,,,,,,,dimension,Latent-dimension sensitivity,celltype_15,1.0,16.381282806396484,,,,
5,,,,,,f,pCMF,,,,,,,,dimension,Latent-dimension sensitivity,celltype_15,2.0,16.33666706085205,,,,
10,,,,,,f,pCMF,,,,,,,,dimension,Latent-dimension sensitivity,celltype_15,0.0,30.355778455734253,,,,
10,,,,,,f,pCMF,,,,,,,,dimension,Latent-dimension sensitivity,celltype_15,1.0,30.50860977172852,,,,
10,,,,,,f,pCMF,,,,,,,,dimension,Latent-dimension sensitivity,celltype_15,2.0,30.175387382507324,,,,
20,,,,,,f,pCMF,,,,,,,,dimension,Latent-dimension sensitivity,celltype_15,0.0,75.15692114830017,,,,
20,,,,,,f,pCMF,,,,,,,,dimension,Latent-dimension sensitivity,celltype_15,1.0,75.22719693183899,,,,
20,,,,,,f,pCMF,,,,,,,,dimension,Latent-dimension sensitivity,celltype_15,2.0,75.38749623298645,,,,
50,,,,,,f,pCMF,,,,,,,,dimension,Latent-dimension sensitivity,celltype_15,0.0,353.3949840068817,,,,
50,,,,,,f,pCMF,,,,,,,,dimension,Latent-dimension sensitivity,celltype_15,1.0,352.42250537872314,,,,
50,,,,,,f,pCMF,,,,,,,,dimension,Latent-dimension sensitivity,celltype_15,2.0,357.0552773475647,,,,
2,,,,,,f,pCMF,,,,,,,,dimension,Latent-dimension sensitivity,dropout_0,0.0,10.87247395515442,,,,
2,,,,,,f,pCMF,,,,,,,,dimension,Latent-dimension sensitivity,dropout_0,1.0,10.970571279525757,,,,
2,,,,,,f,pCMF,,,,,,,,dimension,Latent-dimension sensitivity,dropout_0,2.0,10.993299722671509,,,,
5,,,,,,f,pCMF,,,,,,,,dimension,Latent-dimension sensitivity,dropout_0,0.0,15.508246660232544,,,,
5,,,,,,f,pCMF,,,,,,,,dimension,Latent-dimension sensitivity,dropout_0,1.0,15.37929654121399,,,,
5,,,,,,f,pCMF,,,,,,,,dimension,Latent-dimension sensitivity,dropout_0,2.0,15.496230363845823,,,,
10,,,,,,f,pCMF,,,,,,,,dimension,Latent-dimension sensitivity,dropout_0,0.0,28.31605291366577,,,,
10,,,,,,f,pCMF,,,,,,,,dimension,Latent-dimension sensitivity,dropout_0,1.0,28.27822637557984,,,,
10,,,,,,f,pCMF,,,,,,,,dimension,Latent-dimension sensitivity,dropout_0,2.0,28.278924703598022,,,,
20,,,,,,f,pCMF,,,,,,,,dimension,Latent-dimension sensitivity,dropout_0,0.0,69.79690074920654,,,,
20,,,,,,f,pCMF,,,,,,,,dimension,Latent-dimension sensitivity,dropout_0,1.0,70.09522342681885,,,,
20,,,,,,f,pCMF,,,,,,,,dimension,Latent-dimension sensitivity,dropout_0,2.0,69.61848664283752,,,,
50,,,,,,f,pCMF,,,,,,,,dimension,Latent-dimension sensitivity,dropout_0,0.0,323.6563000679016,,,,
50,,,,,,f,pCMF,,,,,,,,dimension,Latent-dimension sensitivity,dropout_0,1.0,324.98371839523315,,,,
50,,,,,,f,pCMF,,,,,,,,dimension,Latent-dimension sensitivity,dropout_0,2.0,322.76266717910767,,,,
2,,,,,,f,pCMF,,,,,,,,dimension,Latent-dimension sensitivity,batch_1.0,0.0,14.242160320281982,,,,
2,,,,,,f,pCMF,,,,,,,,dimension,Latent-dimension sensitivity,batch_1.0,1.0,14.652780055999756,,,,
2,,,,,,f,pCMF,,,,,,,,dimension,Latent-dimension sensitivity,batch_1.0,2.0,14.254885911941528,,,,
5,,,,,,f,pCMF,,,,,,,,dimension,Latent-dimension sensitivity,batch_1.0,0.0,21.74034595489502,,,,
5,,,,,,f,pCMF,,,,,,,,dimension,Latent-dimension sensitivity,batch_1.0,1.0,20.26827120780945,,,,
5,,,,,,f,pCMF,,,,,,,,dimension,Latent-dimension sensitivity,batch_1.0,2.0,22.88928461074829,,,,
10,,,,,,f,pCMF,,,,,,,,dimension,Latent-dimension sensitivity,batch_1.0,0.0,36.11699652671814,,,,
10,,,,,,f,pCMF,,,,,,,,dimension,Latent-dimension sensitivity,batch_1.0,1.0,36.5440309047699,,,,
10,,,,,,f,pCMF,,,,,,,,dimension,Latent-dimension sensitivity,batch_1.0,2.0,35.98535704612732,,,,
20,,,,,,f,pCMF,,,,,,,,dimension,Latent-dimension sensitivity,batch_1.0,0.0,80.01483798027039,,,,
20,,,,,,f,pCMF,,,,,,,,dimension,Latent-dimension sensitivity,batch_1.0,1.0,79.80214262008667,,,,
20,,,,,,f,pCMF,,,,,,,,dimension,Latent-dimension sensitivity,batch_1.0,2.0,80.18521571159363,,,,
50,,,,,,f,pCMF,,,,,,,,dimension,Latent-dimension sensitivity,batch_1.0,0.0,334.02445125579834,,,,
50,,,,,,f,pCMF,,,,,,,,dimension,Latent-dimension sensitivity,batch_1.0,1.0,332.3738236427307,,,,
50,,,,,,f,pCMF,,,,,,,,dimension,Latent-dimension sensitivity,batch_1.0,2.0,334.1319508552551,,,,
2,,,,,,f,pCMF,,,,,,,,dimension,Latent-dimension sensitivity,gene_5k,0.0,11.946772813796995,,,,
2,,,,,,f,pCMF,,,,,,,,dimension,Latent-dimension sensitivity,gene_5k,1.0,11.887543439865112,,,,
2,,,,,,f,pCMF,,,,,,,,dimension,Latent-dimension sensitivity,gene_5k,2.0,11.86378526687622,,,,
5,,,,,,f,pCMF,,,,,,,,dimension,Latent-dimension sensitivity,gene_5k,0.0,17.111197233200073,,,,
5,,,,,,f,pCMF,,,,,,,,dimension,Latent-dimension sensitivity,gene_5k,1.0,16.94760274887085,,,,
5,,,,,,f,pCMF,,,,,,,,dimension,Latent-dimension sensitivity,gene_5k,2.0,17.01635432243347,,,,
10,,,,,,f,pCMF,,,,,,,,dimension,Latent-dimension sensitivity,gene_5k,0.0,31.824958562850952,,,,
10,,,,,,f,pCMF,,,,,,,,dimension,Latent-dimension sensitivity,gene_5k,1.0,31.6971402168274,,,,
10,,,,,,f,pCMF,,,,,,,,dimension,Latent-dimension sensitivity,gene_5k,2.0,31.477013111114506,,,,
20,,,,,,f,pCMF,,,,,,,,dimension,Latent-dimension sensitivity,gene_5k,0.0,79.42072916030884,,,,
20,,,,,,f,pCMF,,,,,,,,dimension,Latent-dimension sensitivity,gene_5k,1.0,79.41804122924805,,,,
20,,,,,,f,pCMF,,,,,,,,dimension,Latent-dimension sensitivity,gene_5k,2.0,79.46890878677368,,,,
50,,,,,,f,pCMF,,,,,,,,dimension,Latent-dimension sensitivity,gene_5k,0.0,380.5281834602356,,,,
50,,,,,,f,pCMF,,,,,,,,dimension,Latent-dimension sensitivity,gene_5k,1.0,375.5900299549103,,,,
50,,,,,,f,pCMF,,,,,,,,dimension,Latent-dimension sensitivity,gene_5k,2.0,376.2464499473572,,,,
2,,,,,,f,pCMF,,,,,,,,dimension,Latent-dimension sensitivity,gene_5w,0.0,10.341658115386965,,,,
2,,,,,,f,pCMF,,,,,,,,dimension,Latent-dimension sensitivity,gene_5w,1.0,10.26156210899353,,,,
2,,,,,,f,pCMF,,,,,,,,dimension,Latent-dimension sensitivity,gene_5w,2.0,10.309488534927368,,,,
5,,,,,,f,pCMF,,,,,,,,dimension,Latent-dimension sensitivity,gene_5w,0.0,14.745412588119509,,,,
5,,,,,,f,pCMF,,,,,,,,dimension,Latent-dimension sensitivity,gene_5w,1.0,14.441745281219482,,,,
5,,,,,,f,pCMF,,,,,,,,dimension,Latent-dimension sensitivity,gene_5w,2.0,14.57214069366455,,,,
10,,,,,,f,pCMF,,,,,,,,dimension,Latent-dimension sensitivity,gene_5w,0.0,26.545473337173465,,,,
10,,,,,,f,pCMF,,,,,,,,dimension,Latent-dimension sensitivity,gene_5w,1.0,26.385490894317627,,,,
10,,,,,,f,pCMF,,,,,,,,dimension,Latent-dimension sensitivity,gene_5w,2.0,26.48887729644776,,,,
20,,,,,,f,pCMF,,,,,,,,dimension,Latent-dimension sensitivity,gene_5w,0.0,63.854642152786255,,,,
20,,,,,,f,pCMF,,,,,,,,dimension,Latent-dimension sensitivity,gene_5w,1.0,63.83149576187134,,,,
20,,,,,,f,pCMF,,,,,,,,dimension,Latent-dimension sensitivity,gene_5w,2.0,64.25848746299744,,,,
50,,,,,,f,pCMF,,,,,,,,dimension,Latent-dimension sensitivity,gene_5w,0.0,289.84437918663025,,,,
50,,,,,,f,pCMF,,,,,,,,dimension,Latent-dimension sensitivity,gene_5w,1.0,290.3657202720642,,,,
50,,,,,,f,pCMF,,,,,,,,dimension,Latent-dimension sensitivity,gene_5w,2.0,289.94695258140564,,,,
2,,,,,,f,scGBM,,,,,,,,dimension,Latent-dimension sensitivity,default,0.0,20.76799511909485,,,,
2,,,,,,f,scGBM,,,,,,,,dimension,Latent-dimension sensitivity,default,1.0,20.30330991744995,,,,
2,,,,,,f,scGBM,,,,,,,,dimension,Latent-dimension sensitivity,default,2.0,20.382713079452515,,,,
5,,,,,,f,scGBM,,,,,,,,dimension,Latent-dimension sensitivity,default,0.0,20.84626030921936,,,,
5,,,,,,f,scGBM,,,,,,,,dimension,Latent-dimension sensitivity,default,1.0,20.77386236190796,,,,
5,,,,,,f,scGBM,,,,,,,,dimension,Latent-dimension sensitivity,default,2.0,20.5787045955658,,,,
10,,,,,,f,scGBM,,,,,,,,dimension,Latent-dimension sensitivity,default,0.0,22.288894176483154,,,,
10,,,,,,f,scGBM,,,,,,,,dimension,Latent-dimension sensitivity,default,1.0,22.04963517189026,,,,
10,,,,,,f,scGBM,,,,,,,,dimension,Latent-dimension sensitivity,default,2.0,22.22928667068481,,,,
20,,,,,,f,scGBM,,,,,,,,dimension,Latent-dimension sensitivity,default,0.0,25.402462244033813,,,,
20,,,,,,f,scGBM,,,,,,,,dimension,Latent-dimension sensitivity,default,1.0,25.700065851211548,,,,
20,,,,,,f,scGBM,,,,,,,,dimension,Latent-dimension sensitivity,default,2.0,28.851449489593502,,,,
50,,,,,,f,scGBM,,,,,,,,dimension,Latent-dimension sensitivity,default,0.0,35.09427571296692,,,,
50,,,,,,f,scGBM,,,,,,,,dimension,Latent-dimension sensitivity,default,1.0,57.92271614074707,,,,
50,,,,,,f,scGBM,,,,,,,,dimension,Latent-dimension sensitivity,default,2.0,78.48953795433044,,,,
2,,,,,,f,scGBM,,,,,,,,dimension,Latent-dimension sensitivity,celltype_7,0.0,41.336891651153564,,,,
2,,,,,,f,scGBM,,,,,,,,dimension,Latent-dimension sensitivity,celltype_7,1.0,39.5240969657898,,,,
2,,,,,,f,scGBM,,,,,,,,dimension,Latent-dimension sensitivity,celltype_7,2.0,49.43712329864502,,,,
5,,,,,,f,scGBM,,,,,,,,dimension,Latent-dimension sensitivity,celltype_7,0.0,61.78454828262329,,,,
5,,,,,,f,scGBM,,,,,,,,dimension,Latent-dimension sensitivity,celltype_7,1.0,52.46530771255493,,,,
5,,,,,,f,scGBM,,,,,,,,dimension,Latent-dimension sensitivity,celltype_7,2.0,44.49786305427551,,,,
10,,,,,,f,scGBM,,,,,,,,dimension,Latent-dimension sensitivity,celltype_7,0.0,57.87725615501404,,,,
10,,,,,,f,scGBM,,,,,,,,dimension,Latent-dimension sensitivity,celltype_7,1.0,64.08347630500793,,,,
10,,,,,,f,scGBM,,,,,,,,dimension,Latent-dimension sensitivity,celltype_7,2.0,49.80468416213989,,,,
20,,,,,,f,scGBM,,,,,,,,dimension,Latent-dimension sensitivity,celltype_7,0.0,80.60814380645752,,,,
20,,,,,,f,scGBM,,,,,,,,dimension,Latent-dimension sensitivity,celltype_7,1.0,75.12469458580017,,,,
20,,,,,,f,scGBM,,,,,,,,dimension,Latent-dimension sensitivity,celltype_7,2.0,75.05053472518921,,,,
50,,,,,,f,scGBM,,,,,,,,dimension,Latent-dimension sensitivity,celltype_7,0.0,86.21134972572327,,,,
50,,,,,,f,scGBM,,,,,,,,dimension,Latent-dimension sensitivity,celltype_7,1.0,138.92548632621765,,,,
50,,,,,,f,scGBM,,,,,,,,dimension,Latent-dimension sensitivity,celltype_7,2.0,146.035062789917,,,,
2,,,,,,f,scGBM,,,,,,,,dimension,Latent-dimension sensitivity,celltype_11,0.0,61.34378099441528,,,,
2,,,,,,f,scGBM,,,,,,,,dimension,Latent-dimension sensitivity,celltype_11,1.0,56.80838322639465,,,,
2,,,,,,f,scGBM,,,,,,,,dimension,Latent-dimension sensitivity,celltype_11,2.0,35.20488381385803,,,,
5,,,,,,f,scGBM,,,,,,,,dimension,Latent-dimension sensitivity,celltype_11,0.0,40.14624571800232,,,,
5,,,,,,f,scGBM,,,,,,,,dimension,Latent-dimension sensitivity,celltype_11,1.0,49.952510595321655,,,,
5,,,,,,f,scGBM,,,,,,,,dimension,Latent-dimension sensitivity,celltype_11,2.0,56.71946454048157,,,,
10,,,,,,f,scGBM,,,,,,,,dimension,Latent-dimension sensitivity,celltype_11,0.0,52.584885358810425,,,,
10,,,,,,f,scGBM,,,,,,,,dimension,Latent-dimension sensitivity,celltype_11,1.0,64.46413922309875,,,,
10,,,,,,f,scGBM,,,,,,,,dimension,Latent-dimension sensitivity,celltype_11,2.0,65.40936517715454,,,,
20,,,,,,f,scGBM,,,,,,,,dimension,Latent-dimension sensitivity,celltype_11,0.0,85.87977528572083,,,,
20,,,,,,f,scGBM,,,,,,,,dimension,Latent-dimension sensitivity,celltype_11,1.0,75.45837831497192,,,,
20,,,,,,f,scGBM,,,,,,,,dimension,Latent-dimension sensitivity,celltype_11,2.0,88.06792950630188,,,,
50,,,,,,f,scGBM,,,,,,,,dimension,Latent-dimension sensitivity,celltype_11,0.0,161.14709544181824,,,,
50,,,,,,f,scGBM,,,,,,,,dimension,Latent-dimension sensitivity,celltype_11,1.0,175.0232696533203,,,,
50,,,,,,f,scGBM,,,,,,,,dimension,Latent-dimension sensitivity,celltype_11,2.0,118.17692279815674,,,,
2,,,,,,f,scGBM,,,,,,,,dimension,Latent-dimension sensitivity,celltype_15,0.0,23.370241403579712,,,,
2,,,,,,f,scGBM,,,,,,,,dimension,Latent-dimension sensitivity,celltype_15,1.0,40.92895221710205,,,,
2,,,,,,f,scGBM,,,,,,,,dimension,Latent-dimension sensitivity,celltype_15,2.0,42.39181685447693,,,,
5,,,,,,f,scGBM,,,,,,,,dimension,Latent-dimension sensitivity,celltype_15,0.0,35.44503855705261,,,,
5,,,,,,f,scGBM,,,,,,,,dimension,Latent-dimension sensitivity,celltype_15,1.0,49.58110070228577,,,,
5,,,,,,f,scGBM,,,,,,,,dimension,Latent-dimension sensitivity,celltype_15,2.0,35.01231598854065,,,,
10,,,,,,f,scGBM,,,,,,,,dimension,Latent-dimension sensitivity,celltype_15,0.0,25.443110942840576,,,,
10,,,,,,f,scGBM,,,,,,,,dimension,Latent-dimension sensitivity,celltype_15,1.0,31.0959370136261,,,,
10,,,,,,f,scGBM,,,,,,,,dimension,Latent-dimension sensitivity,celltype_15,2.0,43.20400953292847,,,,
20,,,,,,f,scGBM,,,,,,,,dimension,Latent-dimension sensitivity,celltype_15,0.0,53.221643924713135,,,,
20,,,,,,f,scGBM,,,,,,,,dimension,Latent-dimension sensitivity,celltype_15,1.0,60.29735732078552,,,,
20,,,,,,f,scGBM,,,,,,,,dimension,Latent-dimension sensitivity,celltype_15,2.0,47.98995900154114,,,,
50,,,,,,f,scGBM,,,,,,,,dimension,Latent-dimension sensitivity,celltype_15,0.0,57.89145088195801,,,,
50,,,,,,f,scGBM,,,,,,,,dimension,Latent-dimension sensitivity,celltype_15,1.0,103.30877947807312,,,,
50,,,,,,f,scGBM,,,,,,,,dimension,Latent-dimension sensitivity,celltype_15,2.0,99.33590388298036,,,,
2,,,,,,f,scGBM,,,,,,,,dimension,Latent-dimension sensitivity,dropout_0,0.0,33.8344087600708,,,,
2,,,,,,f,scGBM,,,,,,,,dimension,Latent-dimension sensitivity,dropout_0,1.0,26.86254572868347,,,,
2,,,,,,f,scGBM,,,,,,,,dimension,Latent-dimension sensitivity,dropout_0,2.0,19.42639541625977,,,,
5,,,,,,f,scGBM,,,,,,,,dimension,Latent-dimension sensitivity,dropout_0,0.0,19.54129433631897,,,,
5,,,,,,f,scGBM,,,,,,,,dimension,Latent-dimension sensitivity,dropout_0,1.0,19.80882740020752,,,,
5,,,,,,f,scGBM,,,,,,,,dimension,Latent-dimension sensitivity,dropout_0,2.0,21.51638174057007,,,,
10,,,,,,f,scGBM,,,,,,,,dimension,Latent-dimension sensitivity,dropout_0,0.0,30.14173102378845,,,,
10,,,,,,f,scGBM,,,,,,,,dimension,Latent-dimension sensitivity,dropout_0,1.0,35.40428447723389,,,,
10,,,,,,f,scGBM,,,,,,,,dimension,Latent-dimension sensitivity,dropout_0,2.0,35.06256365776062,,,,
20,,,,,,f,scGBM,,,,,,,,dimension,Latent-dimension sensitivity,dropout_0,0.0,46.56962561607361,,,,
20,,,,,,f,scGBM,,,,,,,,dimension,Latent-dimension sensitivity,dropout_0,1.0,44.45493626594544,,,,
20,,,,,,f,scGBM,,,,,,,,dimension,Latent-dimension sensitivity,dropout_0,2.0,48.28382802009583,,,,
50,,,,,,f,scGBM,,,,,,,,dimension,Latent-dimension sensitivity,dropout_0,0.0,90.93443250656128,,,,
50,,,,,,f,scGBM,,,,,,,,dimension,Latent-dimension sensitivity,dropout_0,1.0,84.66953253746033,,,,
50,,,,,,f,scGBM,,,,,,,,dimension,Latent-dimension sensitivity,dropout_0,2.0,86.23511338233948,,,,
2,,,,,,f,scGBM,,,,,,,,dimension,Latent-dimension sensitivity,batch_1.0,0.0,26.871614694595337,,,,
2,,,,,,f,scGBM,,,,,,,,dimension,Latent-dimension sensitivity,batch_1.0,1.0,21.05010414123535,,,,
2,,,,,,f,scGBM,,,,,,,,dimension,Latent-dimension sensitivity,batch_1.0,2.0,19.221762895584103,,,,
5,,,,,,f,scGBM,,,,,,,,dimension,Latent-dimension sensitivity,batch_1.0,0.0,19.639148950576782,,,,
5,,,,,,f,scGBM,,,,,,,,dimension,Latent-dimension sensitivity,batch_1.0,1.0,19.7212188243866,,,,
5,,,,,,f,scGBM,,,,,,,,dimension,Latent-dimension sensitivity,batch_1.0,2.0,19.64877963066101,,,,
10,,,,,,f,scGBM,,,,,,,,dimension,Latent-dimension sensitivity,batch_1.0,0.0,20.46506810188293,,,,
10,,,,,,f,scGBM,,,,,,,,dimension,Latent-dimension sensitivity,batch_1.0,1.0,20.783549785614014,,,,
10,,,,,,f,scGBM,,,,,,,,dimension,Latent-dimension sensitivity,batch_1.0,2.0,20.63480353355408,,,,
20,,,,,,f,scGBM,,,,,,,,dimension,Latent-dimension sensitivity,batch_1.0,0.0,22.863434314727783,,,,
20,,,,,,f,scGBM,,,,,,,,dimension,Latent-dimension sensitivity,batch_1.0,1.0,22.87543511390686,,,,
20,,,,,,f,scGBM,,,,,,,,dimension,Latent-dimension sensitivity,batch_1.0,2.0,22.56622576713562,,,,
50,,,,,,f,scGBM,,,,,,,,dimension,Latent-dimension sensitivity,batch_1.0,0.0,28.24882698059082,,,,
50,,,,,,f,scGBM,,,,,,,,dimension,Latent-dimension sensitivity,batch_1.0,1.0,28.388676166534424,,,,
50,,,,,,f,scGBM,,,,,,,,dimension,Latent-dimension sensitivity,batch_1.0,2.0,28.3825900554657,,,,
2,,,,,,f,scGBM,,,,,,,,dimension,Latent-dimension sensitivity,gene_5k,0.0,20.64188361167908,,,,
2,,,,,,f,scGBM,,,,,,,,dimension,Latent-dimension sensitivity,gene_5k,1.0,20.22734522819519,,,,
2,,,,,,f,scGBM,,,,,,,,dimension,Latent-dimension sensitivity,gene_5k,2.0,20.360564470291138,,,,
5,,,,,,f,scGBM,,,,,,,,dimension,Latent-dimension sensitivity,gene_5k,0.0,20.53100800514221,,,,
5,,,,,,f,scGBM,,,,,,,,dimension,Latent-dimension sensitivity,gene_5k,1.0,20.54353356361389,,,,
5,,,,,,f,scGBM,,,,,,,,dimension,Latent-dimension sensitivity,gene_5k,2.0,20.360528469085693,,,,
10,,,,,,f,scGBM,,,,,,,,dimension,Latent-dimension sensitivity,gene_5k,0.0,21.60381245613098,,,,
10,,,,,,f,scGBM,,,,,,,,dimension,Latent-dimension sensitivity,gene_5k,1.0,21.637560606002808,,,,
10,,,,,,f,scGBM,,,,,,,,dimension,Latent-dimension sensitivity,gene_5k,2.0,21.80517625808716,,,,
20,,,,,,f,scGBM,,,,,,,,dimension,Latent-dimension sensitivity,gene_5k,0.0,24.60480618476868,,,,
20,,,,,,f,scGBM,,,,,,,,dimension,Latent-dimension sensitivity,gene_5k,1.0,24.480981588363647,,,,
20,,,,,,f,scGBM,,,,,,,,dimension,Latent-dimension sensitivity,gene_5k,2.0,23.70413875579834,,,,
50,,,,,,f,scGBM,,,,,,,,dimension,Latent-dimension sensitivity,gene_5k,0.0,30.21933913230896,,,,
50,,,,,,f,scGBM,,,,,,,,dimension,Latent-dimension sensitivity,gene_5k,1.0,30.77957272529602,,,,
50,,,,,,f,scGBM,,,,,,,,dimension,Latent-dimension sensitivity,gene_5k,2.0,30.525235176086422,,,,
2,,,,,,f,scGBM,,,,,,,,dimension,Latent-dimension sensitivity,gene_5w,0.0,18.08551549911499,,,,
2,,,,,,f,scGBM,,,,,,,,dimension,Latent-dimension sensitivity,gene_5w,1.0,18.08494710922241,,,,
2,,,,,,f,scGBM,,,,,,,,dimension,Latent-dimension sensitivity,gene_5w,2.0,18.070230960845947,,,,
5,,,,,,f,scGBM,,,,,,,,dimension,Latent-dimension sensitivity,gene_5w,0.0,18.673092365264893,,,,
5,,,,,,f,scGBM,,,,,,,,dimension,Latent-dimension sensitivity,gene_5w,1.0,18.560879707336422,,,,
5,,,,,,f,scGBM,,,,,,,,dimension,Latent-dimension sensitivity,gene_5w,2.0,18.50703001022339,,,,
10,,,,,,f,scGBM,,,,,,,,dimension,Latent-dimension sensitivity,gene_5w,0.0,19.812641620635983,,,,
10,,,,,,f,scGBM,,,,,,,,dimension,Latent-dimension sensitivity,gene_5w,1.0,19.60097980499268,,,,
10,,,,,,f,scGBM,,,,,,,,dimension,Latent-dimension sensitivity,gene_5w,2.0,19.783005714416504,,,,
20,,,,,,f,scGBM,,,,,,,,dimension,Latent-dimension sensitivity,gene_5w,0.0,22.264090299606323,,,,
20,,,,,,f,scGBM,,,,,,,,dimension,Latent-dimension sensitivity,gene_5w,1.0,22.18617272377014,,,,
20,,,,,,f,scGBM,,,,,,,,dimension,Latent-dimension sensitivity,gene_5w,2.0,22.15795850753784,,,,
50,,,,,,f,scGBM,,,,,,,,dimension,Latent-dimension sensitivity,gene_5w,0.0,27.635785341262817,,,,
50,,,,,,f,scGBM,,,,,,,,dimension,Latent-dimension sensitivity,gene_5w,1.0,29.15750765800476,,,,
50,,,,,,f,scGBM,,,,,,,,dimension,Latent-dimension sensitivity,gene_5w,2.0,28.451754808425903,,,,
2,,,,,,f,SAUCIE,,,,,,,,dimension,Latent-dimension sensitivity,default,0.0,20.11299991607666,,,,
2,,,,,,f,SAUCIE,,,,,,,,dimension,Latent-dimension sensitivity,default,1.0,5.525800943374634,,,,
2,,,,,,f,SAUCIE,,,,,,,,dimension,Latent-dimension sensitivity,default,2.0,16.80601978302002,,,,
5,,,,,,f,SAUCIE,,,,,,,,dimension,Latent-dimension sensitivity,default,0.0,13.423937797546388,,,,
5,,,,,,f,SAUCIE,,,,,,,,dimension,Latent-dimension sensitivity,default,1.0,23.103414058685303,,,,
5,,,,,,f,SAUCIE,,,,,,,,dimension,Latent-dimension sensitivity,default,2.0,9.081140756607056,,,,
10,,,,,,f,SAUCIE,,,,,,,,dimension,Latent-dimension sensitivity,default,0.0,25.361761808395386,,,,
10,,,,,,f,SAUCIE,,,,,,,,dimension,Latent-dimension sensitivity,default,1.0,9.4589741230011,,,,
10,,,,,,f,SAUCIE,,,,,,,,dimension,Latent-dimension sensitivity,default,2.0,9.574300050735474,,,,
20,,,,,,f,SAUCIE,,,,,,,,dimension,Latent-dimension sensitivity,default,0.0,7.592723846435547,,,,
20,,,,,,f,SAUCIE,,,,,,,,dimension,Latent-dimension sensitivity,default,1.0,7.266370058059692,,,,
20,,,,,,f,SAUCIE,,,,,,,,dimension,Latent-dimension sensitivity,default,2.0,9.52255392074585,,,,
50,,,,,,f,SAUCIE,,,,,,,,dimension,Latent-dimension sensitivity,default,0.0,8.51115345954895,,,,
50,,,,,,f,SAUCIE,,,,,,,,dimension,Latent-dimension sensitivity,default,1.0,12.993651628494264,,,,
50,,,,,,f,SAUCIE,,,,,,,,dimension,Latent-dimension sensitivity,default,2.0,11.11583662033081,,,,
2,,,,,,f,SAUCIE,,,,,,,,dimension,Latent-dimension sensitivity,celltype_7,0.0,6.863501071929932,,,,
2,,,,,,f,SAUCIE,,,,,,,,dimension,Latent-dimension sensitivity,celltype_7,1.0,6.955974817276001,,,,
2,,,,,,f,SAUCIE,,,,,,,,dimension,Latent-dimension sensitivity,celltype_7,2.0,6.404083251953125,,,,
5,,,,,,f,SAUCIE,,,,,,,,dimension,Latent-dimension sensitivity,celltype_7,0.0,25.490948915481567,,,,
5,,,,,,f,SAUCIE,,,,,,,,dimension,Latent-dimension sensitivity,celltype_7,1.0,22.26797151565552,,,,
5,,,,,,f,SAUCIE,,,,,,,,dimension,Latent-dimension sensitivity,celltype_7,2.0,20.795796632766724,,,,
10,,,,,,f,SAUCIE,,,,,,,,dimension,Latent-dimension sensitivity,celltype_7,0.0,23.068056106567383,,,,
10,,,,,,f,SAUCIE,,,,,,,,dimension,Latent-dimension sensitivity,celltype_7,1.0,21.069887399673465,,,,
10,,,,,,f,SAUCIE,,,,,,,,dimension,Latent-dimension sensitivity,celltype_7,2.0,22.41311025619507,,,,
20,,,,,,f,SAUCIE,,,,,,,,dimension,Latent-dimension sensitivity,celltype_7,0.0,8.511715412139893,,,,
20,,,,,,f,SAUCIE,,,,,,,,dimension,Latent-dimension sensitivity,celltype_7,1.0,27.939228773117065,,,,
20,,,,,,f,SAUCIE,,,,,,,,dimension,Latent-dimension sensitivity,celltype_7,2.0,12.289035081863403,,,,
50,,,,,,f,SAUCIE,,,,,,,,dimension,Latent-dimension sensitivity,celltype_7,0.0,32.33079481124878,,,,
50,,,,,,f,SAUCIE,,,,,,,,dimension,Latent-dimension sensitivity,celltype_7,1.0,9.032672882080078,,,,
50,,,,,,f,SAUCIE,,,,,,,,dimension,Latent-dimension sensitivity,celltype_7,2.0,32.963157415390015,,,,
2,,,,,,f,SAUCIE,,,,,,,,dimension,Latent-dimension sensitivity,celltype_11,0.0,7.144715785980225,,,,
2,,,,,,f,SAUCIE,,,,,,,,dimension,Latent-dimension sensitivity,celltype_11,1.0,24.4856059551239,,,,
2,,,,,,f,SAUCIE,,,,,,,,dimension,Latent-dimension sensitivity,celltype_11,2.0,6.752471208572388,,,,
5,,,,,,f,SAUCIE,,,,,,,,dimension,Latent-dimension sensitivity,celltype_11,0.0,28.16569685935974,,,,
5,,,,,,f,SAUCIE,,,,,,,,dimension,Latent-dimension sensitivity,celltype_11,1.0,11.5847909450531,,,,
5,,,,,,f,SAUCIE,,,,,,,,dimension,Latent-dimension sensitivity,celltype_11,2.0,28.386268854141235,,,,
10,,,,,,f,SAUCIE,,,,,,,,dimension,Latent-dimension sensitivity,celltype_11,0.0,8.64376974105835,,,,
10,,,,,,f,SAUCIE,,,,,,,,dimension,Latent-dimension sensitivity,celltype_11,1.0,6.111879825592041,,,,
10,,,,,,f,SAUCIE,,,,,,,,dimension,Latent-dimension sensitivity,celltype_11,2.0,21.038621187210083,,,,
20,,,,,,f,SAUCIE,,,,,,,,dimension,Latent-dimension sensitivity,celltype_11,0.0,14.523067474365234,,,,
20,,,,,,f,SAUCIE,,,,,,,,dimension,Latent-dimension sensitivity,celltype_11,1.0,10.037838459014893,,,,
20,,,,,,f,SAUCIE,,,,,,,,dimension,Latent-dimension sensitivity,celltype_11,2.0,12.538705348968506,,,,
50,,,,,,f,SAUCIE,,,,,,,,dimension,Latent-dimension sensitivity,celltype_11,0.0,13.5952308177948,,,,
50,,,,,,f,SAUCIE,,,,,,,,dimension,Latent-dimension sensitivity,celltype_11,1.0,9.160718202590942,,,,
50,,,,,,f,SAUCIE,,,,,,,,dimension,Latent-dimension sensitivity,celltype_11,2.0,17.098429918289185,,,,
2,,,,,,f,SAUCIE,,,,,,,,dimension,Latent-dimension sensitivity,celltype_15,0.0,30.04922819137573,,,,
2,,,,,,f,SAUCIE,,,,,,,,dimension,Latent-dimension sensitivity,celltype_15,1.0,28.280378818511963,,,,
2,,,,,,f,SAUCIE,,,,,,,,dimension,Latent-dimension sensitivity,celltype_15,2.0,27.577123641967773,,,,
5,,,,,,f,SAUCIE,,,,,,,,dimension,Latent-dimension sensitivity,celltype_15,0.0,30.24769949913025,,,,
5,,,,,,f,SAUCIE,,,,,,,,dimension,Latent-dimension sensitivity,celltype_15,1.0,33.22775316238403,,,,
5,,,,,,f,SAUCIE,,,,,,,,dimension,Latent-dimension sensitivity,celltype_15,2.0,24.958775520324707,,,,
10,,,,,,f,SAUCIE,,,,,,,,dimension,Latent-dimension sensitivity,celltype_15,0.0,15.24784803390503,,,,
10,,,,,,f,SAUCIE,,,,,,,,dimension,Latent-dimension sensitivity,celltype_15,1.0,32.23490762710571,,,,
10,,,,,,f,SAUCIE,,,,,,,,dimension,Latent-dimension sensitivity,celltype_15,2.0,23.45160818099976,,,,
20,,,,,,f,SAUCIE,,,,,,,,dimension,Latent-dimension sensitivity,celltype_15,0.0,20.05727171897888,,,,
20,,,,,,f,SAUCIE,,,,,,,,dimension,Latent-dimension sensitivity,celltype_15,1.0,23.823781490325928,,,,
20,,,,,,f,SAUCIE,,,,,,,,dimension,Latent-dimension sensitivity,celltype_15,2.0,16.952741146087646,,,,
50,,,,,,f,SAUCIE,,,,,,,,dimension,Latent-dimension sensitivity,celltype_15,0.0,20.17149066925049,,,,
50,,,,,,f,SAUCIE,,,,,,,,dimension,Latent-dimension sensitivity,celltype_15,1.0,24.525420665740967,,,,
50,,,,,,f,SAUCIE,,,,,,,,dimension,Latent-dimension sensitivity,celltype_15,2.0,22.09453082084656,,,,
2,,,,,,f,SAUCIE,,,,,,,,dimension,Latent-dimension sensitivity,dropout_0,0.0,8.98421049118042,,,,
2,,,,,,f,SAUCIE,,,,,,,,dimension,Latent-dimension sensitivity,dropout_0,1.0,4.030486345291138,,,,
2,,,,,,f,SAUCIE,,,,,,,,dimension,Latent-dimension sensitivity,dropout_0,2.0,2.806756019592285,,,,
5,,,,,,f,SAUCIE,,,,,,,,dimension,Latent-dimension sensitivity,dropout_0,0.0,6.492498159408569,,,,
5,,,,,,f,SAUCIE,,,,,,,,dimension,Latent-dimension sensitivity,dropout_0,1.0,6.300726175308228,,,,
5,,,,,,f,SAUCIE,,,,,,,,dimension,Latent-dimension sensitivity,dropout_0,2.0,6.525713920593262,,,,
10,,,,,,f,SAUCIE,,,,,,,,dimension,Latent-dimension sensitivity,dropout_0,0.0,7.170556306838989,,,,
10,,,,,,f,SAUCIE,,,,,,,,dimension,Latent-dimension sensitivity,dropout_0,1.0,5.821399211883545,,,,
10,,,,,,f,SAUCIE,,,,,,,,dimension,Latent-dimension sensitivity,dropout_0,2.0,7.132253646850586,,,,
20,,,,,,f,SAUCIE,,,,,,,,dimension,Latent-dimension sensitivity,dropout_0,0.0,7.980140209197998,,,,
20,,,,,,f,SAUCIE,,,,,,,,dimension,Latent-dimension sensitivity,dropout_0,1.0,8.209071636199951,,,,
20,,,,,,f,SAUCIE,,,,,,,,dimension,Latent-dimension sensitivity,dropout_0,2.0,7.202784299850464,,,,
50,,,,,,f,SAUCIE,,,,,,,,dimension,Latent-dimension sensitivity,dropout_0,0.0,8.306580066680908,,,,
50,,,,,,f,SAUCIE,,,,,,,,dimension,Latent-dimension sensitivity,dropout_0,1.0,20.263007402420044,,,,
50,,,,,,f,SAUCIE,,,,,,,,dimension,Latent-dimension sensitivity,dropout_0,2.0,24.74012517929077,,,,
2,,,,,,f,SAUCIE,,,,,,,,dimension,Latent-dimension sensitivity,batch_1.0,0.0,11.433058500289915,,,,
2,,,,,,f,SAUCIE,,,,,,,,dimension,Latent-dimension sensitivity,batch_1.0,1.0,6.876156568527222,,,,
2,,,,,,f,SAUCIE,,,,,,,,dimension,Latent-dimension sensitivity,batch_1.0,2.0,13.702534675598145,,,,
5,,,,,,f,SAUCIE,,,,,,,,dimension,Latent-dimension sensitivity,batch_1.0,0.0,12.542808771133425,,,,
5,,,,,,f,SAUCIE,,,,,,,,dimension,Latent-dimension sensitivity,batch_1.0,1.0,13.174622297286987,,,,
5,,,,,,f,SAUCIE,,,,,,,,dimension,Latent-dimension sensitivity,batch_1.0,2.0,9.865957736968994,,,,
10,,,,,,f,SAUCIE,,,,,,,,dimension,Latent-dimension sensitivity,batch_1.0,0.0,7.090941905975342,,,,
10,,,,,,f,SAUCIE,,,,,,,,dimension,Latent-dimension sensitivity,batch_1.0,1.0,10.34829306602478,,,,
10,,,,,,f,SAUCIE,,,,,,,,dimension,Latent-dimension sensitivity,batch_1.0,2.0,16.874008893966675,,,,
20,,,,,,f,SAUCIE,,,,,,,,dimension,Latent-dimension sensitivity,batch_1.0,0.0,11.02203106880188,,,,
20,,,,,,f,SAUCIE,,,,,,,,dimension,Latent-dimension sensitivity,batch_1.0,1.0,11.873518466949465,,,,
20,,,,,,f,SAUCIE,,,,,,,,dimension,Latent-dimension sensitivity,batch_1.0,2.0,15.159836053848268,,,,
50,,,,,,f,SAUCIE,,,,,,,,dimension,Latent-dimension sensitivity,batch_1.0,0.0,12.455609560012816,,,,
50,,,,,,f,SAUCIE,,,,,,,,dimension,Latent-dimension sensitivity,batch_1.0,1.0,20.352357387542725,,,,
50,,,,,,f,SAUCIE,,,,,,,,dimension,Latent-dimension sensitivity,batch_1.0,2.0,7.800061464309692,,,,
2,,,,,,f,SAUCIE,,,,,,,,dimension,Latent-dimension sensitivity,gene_5k,0.0,21.714437007904053,,,,
2,,,,,,f,SAUCIE,,,,,,,,dimension,Latent-dimension sensitivity,gene_5k,1.0,7.055572748184204,,,,
2,,,,,,f,SAUCIE,,,,,,,,dimension,Latent-dimension sensitivity,gene_5k,2.0,21.546990633010864,,,,
5,,,,,,f,SAUCIE,,,,,,,,dimension,Latent-dimension sensitivity,gene_5k,0.0,11.72103190422058,,,,
5,,,,,,f,SAUCIE,,,,,,,,dimension,Latent-dimension sensitivity,gene_5k,1.0,26.47002649307251,,,,
5,,,,,,f,SAUCIE,,,,,,,,dimension,Latent-dimension sensitivity,gene_5k,2.0,10.742126226425173,,,,
10,,,,,,f,SAUCIE,,,,,,,,dimension,Latent-dimension sensitivity,gene_5k,0.0,15.536577463150024,,,,
10,,,,,,f,SAUCIE,,,,,,,,dimension,Latent-dimension sensitivity,gene_5k,1.0,28.5679578781128,,,,
10,,,,,,f,SAUCIE,,,,,,,,dimension,Latent-dimension sensitivity,gene_5k,2.0,20.57338738441468,,,,
20,,,,,,f,SAUCIE,,,,,,,,dimension,Latent-dimension sensitivity,gene_5k,0.0,12.252671241760254,,,,
20,,,,,,f,SAUCIE,,,,,,,,dimension,Latent-dimension sensitivity,gene_5k,1.0,8.226046085357666,,,,
20,,,,,,f,SAUCIE,,,,,,,,dimension,Latent-dimension sensitivity,gene_5k,2.0,10.202450275421144,,,,
50,,,,,,f,SAUCIE,,,,,,,,dimension,Latent-dimension sensitivity,gene_5k,0.0,26.75606369972229,,,,
50,,,,,,f,SAUCIE,,,,,,,,dimension,Latent-dimension sensitivity,gene_5k,1.0,37.09513473510742,,,,
50,,,,,,f,SAUCIE,,,,,,,,dimension,Latent-dimension sensitivity,gene_5k,2.0,37.58428692817688,,,,
2,,,,,,f,SAUCIE,,,,,,,,dimension,Latent-dimension sensitivity,gene_5w,0.0,26.348899126052856,,,,
2,,,,,,f,SAUCIE,,,,,,,,dimension,Latent-dimension sensitivity,gene_5w,1.0,28.706764698028564,,,,
2,,,,,,f,SAUCIE,,,,,,,,dimension,Latent-dimension sensitivity,gene_5w,2.0,30.30245423316956,,,,
5,,,,,,f,SAUCIE,,,,,,,,dimension,Latent-dimension sensitivity,gene_5w,0.0,27.548900604248047,,,,
5,,,,,,f,SAUCIE,,,,,,,,dimension,Latent-dimension sensitivity,gene_5w,1.0,22.41229748725891,,,,
5,,,,,,f,SAUCIE,,,,,,,,dimension,Latent-dimension sensitivity,gene_5w,2.0,25.71413326263428,,,,
10,,,,,,f,SAUCIE,,,,,,,,dimension,Latent-dimension sensitivity,gene_5w,0.0,14.10020923614502,,,,
10,,,,,,f,SAUCIE,,,,,,,,dimension,Latent-dimension sensitivity,gene_5w,1.0,30.7644636631012,,,,
10,,,,,,f,SAUCIE,,,,,,,,dimension,Latent-dimension sensitivity,gene_5w,2.0,35.684929609298706,,,,
20,,,,,,f,SAUCIE,,,,,,,,dimension,Latent-dimension sensitivity,gene_5w,0.0,35.1561233997345,,,,
20,,,,,,f,SAUCIE,,,,,,,,dimension,Latent-dimension sensitivity,gene_5w,1.0,31.84439730644226,,,,
20,,,,,,f,SAUCIE,,,,,,,,dimension,Latent-dimension sensitivity,gene_5w,2.0,35.637892961502075,,,,
50,,,,,,f,SAUCIE,,,,,,,,dimension,Latent-dimension sensitivity,gene_5w,0.0,32.61064577102661,,,,
50,,,,,,f,SAUCIE,,,,,,,,dimension,Latent-dimension sensitivity,gene_5w,1.0,33.82683968544006,,,,
50,,,,,,f,SAUCIE,,,,,,,,dimension,Latent-dimension sensitivity,gene_5w,2.0,32.954089879989624,,,,
2,,,,,,f,UMAP,,,,,,,,workflow,Visualization-workflow comparison,default,0.0,29.34915876388549,,,,
2,,,,,,f,UMAP,,,,,,,,workflow,Visualization-workflow comparison,default,1.0,13.04574489593506,,,,
2,,,,,,f,UMAP,,,,,,,,workflow,Visualization-workflow comparison,default,2.0,12.233392715454102,,,,
2,,,,,,f,UMAP,,,,,,,,workflow,Visualization-workflow comparison,default,0.0,10.166799545288086,,,,
2,,,,,,f,UMAP,,,,,,,,workflow,Visualization-workflow comparison,default,1.0,13.206660270690918,,,,
2,,,,,,f,UMAP,,,,,,,,workflow,Visualization-workflow comparison,default,2.0,10.77532124519348,,,,
2,,,,,,f,PaCMAP,,,,,,,,workflow,Visualization-workflow comparison,default,0.0,25.22335314750672,,,,
2,,,,,,f,PaCMAP,,,,,,,,workflow,Visualization-workflow comparison,default,1.0,13.00953221321106,,,,
2,,,,,,f,PaCMAP,,,,,,,,workflow,Visualization-workflow comparison,default,2.0,16.06196427345276,,,,
2,,,,,,f,PaCMAP,,,,,,,,workflow,Visualization-workflow comparison,default,0.0,13.20291781425476,,,,
2,,,,,,f,PaCMAP,,,,,,,,workflow,Visualization-workflow comparison,default,1.0,14.45078182220459,,,,
2,,,,,,f,PaCMAP,,,,,,,,workflow,Visualization-workflow comparison,default,2.0,11.939814567565918,,,,
2,,,,,,f,PHATE,,,,,,,,workflow,Visualization-workflow comparison,default,0.0,30.53532838821411,,,,
2,,,,,,f,PHATE,,,,,,,,workflow,Visualization-workflow comparison,default,1.0,19.52112364768982,,,,
2,,,,,,f,PHATE,,,,,,,,workflow,Visualization-workflow comparison,default,2.0,32.8187038898468,,,,
2,,,,,,f,PHATE,,,,,,,,workflow,Visualization-workflow comparison,default,0.0,31.04092764854431,,,,
2,,,,,,f,PHATE,,,,,,,,workflow,Visualization-workflow comparison,default,1.0,30.97318983078003,,,,
2,,,,,,f,PHATE,,,,,,,,workflow,Visualization-workflow comparison,default,2.0,34.81195902824402,,,,
2,,,,,,f,UMAP,,,,,,,,workflow,Visualization-workflow comparison,celltype_7,0.0,16.29461979866028,,,,
2,,,,,,f,UMAP,,,,,,,,workflow,Visualization-workflow comparison,celltype_7,1.0,14.40675163269043,,,,
2,,,,,,f,UMAP,,,,,,,,workflow,Visualization-workflow comparison,celltype_7,2.0,16.338985204696655,,,,
2,,,,,,f,UMAP,,,,,,,,workflow,Visualization-workflow comparison,celltype_7,0.0,12.746489524841309,,,,
2,,,,,,f,UMAP,,,,,,,,workflow,Visualization-workflow comparison,celltype_7,1.0,13.495034456253052,,,,
2,,,,,,f,UMAP,,,,,,,,workflow,Visualization-workflow comparison,celltype_7,2.0,12.36352252960205,,,,
2,,,,,,f,PaCMAP,,,,,,,,workflow,Visualization-workflow comparison,celltype_7,0.0,24.66331267356873,,,,
2,,,,,,f,PaCMAP,,,,,,,,workflow,Visualization-workflow comparison,celltype_7,1.0,21.243018865585327,,,,
2,,,,,,f,PaCMAP,,,,,,,,workflow,Visualization-workflow comparison,celltype_7,2.0,21.82042551040649,,,,
2,,,,,,f,PaCMAP,,,,,,,,workflow,Visualization-workflow comparison,celltype_7,0.0,23.49288988113404,,,,
2,,,,,,f,PaCMAP,,,,,,,,workflow,Visualization-workflow comparison,celltype_7,1.0,20.60172462463379,,,,
2,,,,,,f,PaCMAP,,,,,,,,workflow,Visualization-workflow comparison,celltype_7,2.0,22.31196236610413,,,,
2,,,,,,f,PHATE,,,,,,,,workflow,Visualization-workflow comparison,celltype_7,0.0,39.66463470458984,,,,
2,,,,,,f,PHATE,,,,,,,,workflow,Visualization-workflow comparison,celltype_7,1.0,39.37645483016968,,,,
2,,,,,,f,PHATE,,,,,,,,workflow,Visualization-workflow comparison,celltype_7,2.0,42.47632694244385,,,,
2,,,,,,f,PHATE,,,,,,,,workflow,Visualization-workflow comparison,celltype_7,0.0,30.55774068832397,,,,
2,,,,,,f,PHATE,,,,,,,,workflow,Visualization-workflow comparison,celltype_7,1.0,39.09742641448975,,,,
2,,,,,,f,PHATE,,,,,,,,workflow,Visualization-workflow comparison,celltype_7,2.0,37.19150996208191,,,,
2,,,,,,f,UMAP,,,,,,,,workflow,Visualization-workflow comparison,celltype_11,0.0,18.16124963760376,,,,
2,,,,,,f,UMAP,,,,,,,,workflow,Visualization-workflow comparison,celltype_11,1.0,18.121856212615967,,,,
2,,,,,,f,UMAP,,,,,,,,workflow,Visualization-workflow comparison,celltype_11,2.0,15.791366815567017,,,,
2,,,,,,f,UMAP,,,,,,,,workflow,Visualization-workflow comparison,celltype_11,0.0,14.626096963882446,,,,
2,,,,,,f,UMAP,,,,,,,,workflow,Visualization-workflow comparison,celltype_11,1.0,14.2785382270813,,,,
2,,,,,,f,UMAP,,,,,,,,workflow,Visualization-workflow comparison,celltype_11,2.0,13.942094326019289,,,,
2,,,,,,f,PaCMAP,,,,,,,,workflow,Visualization-workflow comparison,celltype_11,0.0,38.65825319290161,,,,
2,,,,,,f,PaCMAP,,,,,,,,workflow,Visualization-workflow comparison,celltype_11,1.0,29.013925790786743,,,,
2,,,,,,f,PaCMAP,,,,,,,,workflow,Visualization-workflow comparison,celltype_11,2.0,27.27378940582276,,,,
2,,,,,,f,PaCMAP,,,,,,,,workflow,Visualization-workflow comparison,celltype_11,0.0,28.508952617645264,,,,
2,,,,,,f,PaCMAP,,,,,,,,workflow,Visualization-workflow comparison,celltype_11,1.0,25.05030202865601,,,,
2,,,,,,f,PaCMAP,,,,,,,,workflow,Visualization-workflow comparison,celltype_11,2.0,30.994446516036987,,,,
2,,,,,,f,PHATE,,,,,,,,workflow,Visualization-workflow comparison,celltype_11,0.0,39.192957162857056,,,,
2,,,,,,f,PHATE,,,,,,,,workflow,Visualization-workflow comparison,celltype_11,1.0,38.96812605857849,,,,
2,,,,,,f,PHATE,,,,,,,,workflow,Visualization-workflow comparison,celltype_11,2.0,28.348915100097656,,,,
2,,,,,,f,PHATE,,,,,,,,workflow,Visualization-workflow comparison,celltype_11,0.0,34.47391319274902,,,,
2,,,,,,f,PHATE,,,,,,,,workflow,Visualization-workflow comparison,celltype_11,1.0,27.066972017288208,,,,
2,,,,,,f,PHATE,,,,,,,,workflow,Visualization-workflow comparison,celltype_11,2.0,30.118826150894165,,,,
2,,,,,,f,UMAP,,,,,,,,workflow,Visualization-workflow comparison,celltype_15,0.0,12.336729764938354,,,,
2,,,,,,f,UMAP,,,,,,,,workflow,Visualization-workflow comparison,celltype_15,1.0,14.777769327163696,,,,
2,,,,,,f,UMAP,,,,,,,,workflow,Visualization-workflow comparison,celltype_15,2.0,14.776858568191528,,,,
2,,,,,,f,UMAP,,,,,,,,workflow,Visualization-workflow comparison,celltype_15,0.0,11.506390571594238,,,,
2,,,,,,f,UMAP,,,,,,,,workflow,Visualization-workflow comparison,celltype_15,1.0,12.254462003707886,,,,
2,,,,,,f,UMAP,,,,,,,,workflow,Visualization-workflow comparison,celltype_15,2.0,11.525641441345217,,,,
2,,,,,,f,PaCMAP,,,,,,,,workflow,Visualization-workflow comparison,celltype_15,0.0,20.708037853240967,,,,
2,,,,,,f,PaCMAP,,,,,,,,workflow,Visualization-workflow comparison,celltype_15,1.0,23.391252279281616,,,,
2,,,,,,f,PaCMAP,,,,,,,,workflow,Visualization-workflow comparison,celltype_15,2.0,15.957660913467407,,,,
2,,,,,,f,PaCMAP,,,,,,,,workflow,Visualization-workflow comparison,celltype_15,0.0,17.76113510131836,,,,
2,,,,,,f,PaCMAP,,,,,,,,workflow,Visualization-workflow comparison,celltype_15,1.0,21.82874250411988,,,,
2,,,,,,f,PaCMAP,,,,,,,,workflow,Visualization-workflow comparison,celltype_15,2.0,9.349806308746338,,,,
2,,,,,,f,PHATE,,,,,,,,workflow,Visualization-workflow comparison,celltype_15,0.0,35.60402321815491,,,,
2,,,,,,f,PHATE,,,,,,,,workflow,Visualization-workflow comparison,celltype_15,1.0,30.31098890304565,,,,
2,,,,,,f,PHATE,,,,,,,,workflow,Visualization-workflow comparison,celltype_15,2.0,35.552042961120605,,,,
2,,,,,,f,PHATE,,,,,,,,workflow,Visualization-workflow comparison,celltype_15,0.0,30.275254726409912,,,,
2,,,,,,f,PHATE,,,,,,,,workflow,Visualization-workflow comparison,celltype_15,1.0,33.43447995185852,,,,
2,,,,,,f,PHATE,,,,,,,,workflow,Visualization-workflow comparison,celltype_15,2.0,38.3368456363678,,,,
2,,,,,,f,UMAP,,,,,,,,workflow,Visualization-workflow comparison,dropout_0,0.0,18.2331702709198,,,,
2,,,,,,f,UMAP,,,,,,,,workflow,Visualization-workflow comparison,dropout_0,1.0,19.492292881011963,,,,
2,,,,,,f,UMAP,,,,,,,,workflow,Visualization-workflow comparison,dropout_0,2.0,17.0045382976532,,,,
2,,,,,,f,UMAP,,,,,,,,workflow,Visualization-workflow comparison,dropout_0,0.0,17.875183582305908,,,,
2,,,,,,f,UMAP,,,,,,,,workflow,Visualization-workflow comparison,dropout_0,1.0,12.196918964385986,,,,
2,,,,,,f,UMAP,,,,,,,,workflow,Visualization-workflow comparison,dropout_0,2.0,13.934680461883543,,,,
2,,,,,,f,PaCMAP,,,,,,,,workflow,Visualization-workflow comparison,dropout_0,0.0,28.423064470291138,,,,
2,,,,,,f,PaCMAP,,,,,,,,workflow,Visualization-workflow comparison,dropout_0,1.0,36.34648585319519,,,,
2,,,,,,f,PaCMAP,,,,,,,,workflow,Visualization-workflow comparison,dropout_0,2.0,32.73106598854065,,,,
2,,,,,,f,PaCMAP,,,,,,,,workflow,Visualization-workflow comparison,dropout_0,0.0,33.23884606361389,,,,
2,,,,,,f,PaCMAP,,,,,,,,workflow,Visualization-workflow comparison,dropout_0,1.0,40.66970181465149,,,,
2,,,,,,f,PaCMAP,,,,,,,,workflow,Visualization-workflow comparison,dropout_0,2.0,37.45547151565552,,,,
2,,,,,,f,PHATE,,,,,,,,workflow,Visualization-workflow comparison,dropout_0,0.0,44.6485595703125,,,,
2,,,,,,f,PHATE,,,,,,,,workflow,Visualization-workflow comparison,dropout_0,1.0,56.36527299880981,,,,
2,,,,,,f,PHATE,,,,,,,,workflow,Visualization-workflow comparison,dropout_0,2.0,61.636857748031616,,,,
2,,,,,,f,PHATE,,,,,,,,workflow,Visualization-workflow comparison,dropout_0,0.0,55.87552309036255,,,,
2,,,,,,f,PHATE,,,,,,,,workflow,Visualization-workflow comparison,dropout_0,1.0,54.68909525871277,,,,
2,,,,,,f,PHATE,,,,,,,,workflow,Visualization-workflow comparison,dropout_0,2.0,45.06208205223084,,,,
2,,,,,,f,UMAP,,,,,,,,workflow,Visualization-workflow comparison,batch_1.0,0.0,10.879019975662231,,,,
2,,,,,,f,UMAP,,,,,,,,workflow,Visualization-workflow comparison,batch_1.0,1.0,9.778233051300049,,,,
2,,,,,,f,UMAP,,,,,,,,workflow,Visualization-workflow comparison,batch_1.0,2.0,8.195333480834961,,,,
2,,,,,,f,UMAP,,,,,,,,workflow,Visualization-workflow comparison,batch_1.0,0.0,7.62443470954895,,,,
2,,,,,,f,UMAP,,,,,,,,workflow,Visualization-workflow comparison,batch_1.0,1.0,6.667505025863648,,,,
2,,,,,,f,UMAP,,,,,,,,workflow,Visualization-workflow comparison,batch_1.0,2.0,6.365848779678345,,,,
2,,,,,,f,PaCMAP,,,,,,,,workflow,Visualization-workflow comparison,batch_1.0,0.0,17.270429611206055,,,,
2,,,,,,f,PaCMAP,,,,,,,,workflow,Visualization-workflow comparison,batch_1.0,1.0,16.246759176254272,,,,
2,,,,,,f,PaCMAP,,,,,,,,workflow,Visualization-workflow comparison,batch_1.0,2.0,8.815797328948975,,,,
2,,,,,,f,PaCMAP,,,,,,,,workflow,Visualization-workflow comparison,batch_1.0,0.0,12.6449933052063,,,,
2,,,,,,f,PaCMAP,,,,,,,,workflow,Visualization-workflow comparison,batch_1.0,1.0,5.29230260848999,,,,
2,,,,,,f,PaCMAP,,,,,,,,workflow,Visualization-workflow comparison,batch_1.0,2.0,14.71271538734436,,,,
2,,,,,,f,PHATE,,,,,,,,workflow,Visualization-workflow comparison,batch_1.0,0.0,23.232451677322388,,,,
2,,,,,,f,PHATE,,,,,,,,workflow,Visualization-workflow comparison,batch_1.0,1.0,14.277997493743896,,,,
2,,,,,,f,PHATE,,,,,,,,workflow,Visualization-workflow comparison,batch_1.0,2.0,20.52261710166931,,,,
2,,,,,,f,PHATE,,,,,,,,workflow,Visualization-workflow comparison,batch_1.0,0.0,21.899497032165527,,,,
2,,,,,,f,PHATE,,,,,,,,workflow,Visualization-workflow comparison,batch_1.0,1.0,12.488842010498049,,,,
2,,,,,,f,PHATE,,,,,,,,workflow,Visualization-workflow comparison,batch_1.0,2.0,20.942381620407104,,,,
2,,,,,,f,UMAP,,,,,,,,workflow,Visualization-workflow comparison,gene_5k,0.0,8.516098976135254,,,,
2,,,,,,f,UMAP,,,,,,,,workflow,Visualization-workflow comparison,gene_5k,1.0,8.893317937850952,,,,
2,,,,,,f,UMAP,,,,,,,,workflow,Visualization-workflow comparison,gene_5k,2.0,8.817942380905151,,,,
2,,,,,,f,UMAP,,,,,,,,workflow,Visualization-workflow comparison,gene_5k,0.0,6.74452805519104,,,,
2,,,,,,f,UMAP,,,,,,,,workflow,Visualization-workflow comparison,gene_5k,1.0,7.554934024810791,,,,
2,,,,,,f,UMAP,,,,,,,,workflow,Visualization-workflow comparison,gene_5k,2.0,7.276596784591675,,,,
2,,,,,,f,PaCMAP,,,,,,,,workflow,Visualization-workflow comparison,gene_5k,0.0,11.718693017959597,,,,
2,,,,,,f,PaCMAP,,,,,,,,workflow,Visualization-workflow comparison,gene_5k,1.0,14.203998804092407,,,,
2,,,,,,f,PaCMAP,,,,,,,,workflow,Visualization-workflow comparison,gene_5k,2.0,11.009920835494995,,,,
2,,,,,,f,PaCMAP,,,,,,,,workflow,Visualization-workflow comparison,gene_5k,0.0,13.984465837478638,,,,
2,,,,,,f,PaCMAP,,,,,,,,workflow,Visualization-workflow comparison,gene_5k,1.0,5.6700215339660645,,,,
2,,,,,,f,PaCMAP,,,,,,,,workflow,Visualization-workflow comparison,gene_5k,2.0,14.424564123153688,,,,
2,,,,,,f,PHATE,,,,,,,,workflow,Visualization-workflow comparison,gene_5k,0.0,25.67171025276184,,,,
2,,,,,,f,PHATE,,,,,,,,workflow,Visualization-workflow comparison,gene_5k,1.0,23.00225687026977,,,,
2,,,,,,f,PHATE,,,,,,,,workflow,Visualization-workflow comparison,gene_5k,2.0,16.270540952682495,,,,
2,,,,,,f,PHATE,,,,,,,,workflow,Visualization-workflow comparison,gene_5k,0.0,23.294071912765503,,,,
2,,,,,,f,PHATE,,,,,,,,workflow,Visualization-workflow comparison,gene_5k,1.0,21.18700337409973,,,,
2,,,,,,f,PHATE,,,,,,,,workflow,Visualization-workflow comparison,gene_5k,2.0,22.7402126789093,,,,
2,,,,,,f,UMAP,,,,,,,,workflow,Visualization-workflow comparison,gene_5w,0.0,11.10405158996582,,,,
2,,,,,,f,UMAP,,,,,,,,workflow,Visualization-workflow comparison,gene_5w,1.0,11.943167686462402,,,,
2,,,,,,f,UMAP,,,,,,,,workflow,Visualization-workflow comparison,gene_5w,2.0,11.485611200332642,,,,
2,,,,,,f,UMAP,,,,,,,,workflow,Visualization-workflow comparison,gene_5w,0.0,9.791662454605104,,,,
2,,,,,,f,UMAP,,,,,,,,workflow,Visualization-workflow comparison,gene_5w,1.0,9.99486255645752,,,,
2,,,,,,f,UMAP,,,,,,,,workflow,Visualization-workflow comparison,gene_5w,2.0,7.2866716384887695,,,,
2,,,,,,f,PaCMAP,,,,,,,,workflow,Visualization-workflow comparison,gene_5w,0.0,23.95598697662353,,,,
2,,,,,,f,PaCMAP,,,,,,,,workflow,Visualization-workflow comparison,gene_5w,1.0,14.99286150932312,,,,
2,,,,,,f,PaCMAP,,,,,,,,workflow,Visualization-workflow comparison,gene_5w,2.0,9.892482042312622,,,,
2,,,,,,f,PaCMAP,,,,,,,,workflow,Visualization-workflow comparison,gene_5w,0.0,16.871687650680542,,,,
2,,,,,,f,PaCMAP,,,,,,,,workflow,Visualization-workflow comparison,gene_5w,1.0,17.16136884689331,,,,
2,,,,,,f,PaCMAP,,,,,,,,workflow,Visualization-workflow comparison,gene_5w,2.0,15.824674606323242,,,,
2,,,,,,f,PHATE,,,,,,,,workflow,Visualization-workflow comparison,gene_5w,0.0,39.85091948509216,,,,
2,,,,,,f,PHATE,,,,,,,,workflow,Visualization-workflow comparison,gene_5w,1.0,27.172719478607178,,,,
2,,,,,,f,PHATE,,,,,,,,workflow,Visualization-workflow comparison,gene_5w,2.0,27.95776915550232,,,,
2,,,,,,f,PHATE,,,,,,,,workflow,Visualization-workflow comparison,gene_5w,0.0,15.9536235332489,,,,
2,,,,,,f,PHATE,,,,,,,,workflow,Visualization-workflow comparison,gene_5w,1.0,17.60872459411621,,,,
2,,,,,,f,PHATE,,,,,,,,workflow,Visualization-workflow comparison,gene_5w,2.0,17.61258339881897,,,,
2,,,,,,f,t-SNE,,,,,,,,workflow,Visualization-workflow comparison,default,0.0,9.6061053276062,,,,
2,,,,,,f,t-SNE,,,,,,,,workflow,Visualization-workflow comparison,default,1.0,8.164714574813843,,,,
2,,,,,,f,t-SNE,,,,,,,,workflow,Visualization-workflow comparison,default,2.0,7.828842401504517,,,,
2,,,,,,f,t-SNE,,,,,,,,workflow,Visualization-workflow comparison,default,0.0,5.093891620635986,,,,
2,,,,,,f,t-SNE,,,,,,,,workflow,Visualization-workflow comparison,default,1.0,8.805766105651855,,,,
2,,,,,,f,t-SNE,,,,,,,,workflow,Visualization-workflow comparison,default,2.0,9.127793073654177,,,,
2,,,,,,f,t-SNE,,,,,,,,workflow,Visualization-workflow comparison,celltype_7,0.0,8.601711988449097,,,,
2,,,,,,f,t-SNE,,,,,,,,workflow,Visualization-workflow comparison,celltype_7,1.0,7.755093812942505,,,,
2,,,,,,f,t-SNE,,,,,,,,workflow,Visualization-workflow comparison,celltype_7,2.0,8.62453317642212,,,,
2,,,,,,f,t-SNE,,,,,,,,workflow,Visualization-workflow comparison,celltype_7,0.0,7.415694236755371,,,,
2,,,,,,f,t-SNE,,,,,,,,workflow,Visualization-workflow comparison,celltype_7,1.0,7.981976509094238,,,,
2,,,,,,f,t-SNE,,,,,,,,workflow,Visualization-workflow comparison,celltype_7,2.0,7.838461875915527,,,,
2,,,,,,f,t-SNE,,,,,,,,workflow,Visualization-workflow comparison,celltype_11,0.0,9.045365571975708,,,,
2,,,,,,f,t-SNE,,,,,,,,workflow,Visualization-workflow comparison,celltype_11,1.0,11.959694385528564,,,,
2,,,,,,f,t-SNE,,,,,,,,workflow,Visualization-workflow comparison,celltype_11,2.0,9.82943630218506,,,,
2,,,,,,f,t-SNE,,,,,,,,workflow,Visualization-workflow comparison,celltype_11,0.0,9.936450958251951,,,,
2,,,,,,f,t-SNE,,,,,,,,workflow,Visualization-workflow comparison,celltype_11,1.0,7.829478740692139,,,,
2,,,,,,f,t-SNE,,,,,,,,workflow,Visualization-workflow comparison,celltype_11,2.0,8.15133810043335,,,,
2,,,,,,f,t-SNE,,,,,,,,workflow,Visualization-workflow comparison,celltype_15,0.0,11.994994640350342,,,,
2,,,,,,f,t-SNE,,,,,,,,workflow,Visualization-workflow comparison,celltype_15,1.0,11.154390096664429,,,,
2,,,,,,f,t-SNE,,,,,,,,workflow,Visualization-workflow comparison,celltype_15,2.0,10.846315622329712,,,,
2,,,,,,f,t-SNE,,,,,,,,workflow,Visualization-workflow comparison,celltype_15,0.0,5.612033843994141,,,,
2,,,,,,f,t-SNE,,,,,,,,workflow,Visualization-workflow comparison,celltype_15,1.0,13.787229061126707,,,,
2,,,,,,f,t-SNE,,,,,,,,workflow,Visualization-workflow comparison,celltype_15,2.0,8.82498049736023,,,,
2,,,,,,f,t-SNE,,,,,,,,workflow,Visualization-workflow comparison,dropout_0,0.0,11.48567032814026,,,,
2,,,,,,f,t-SNE,,,,,,,,workflow,Visualization-workflow comparison,dropout_0,1.0,9.417154788970947,,,,
2,,,,,,f,t-SNE,,,,,,,,workflow,Visualization-workflow comparison,dropout_0,2.0,24.02963399887085,,,,
2,,,,,,f,t-SNE,,,,,,,,workflow,Visualization-workflow comparison,dropout_0,0.0,21.526010751724243,,,,
2,,,,,,f,t-SNE,,,,,,,,workflow,Visualization-workflow comparison,dropout_0,1.0,14.673630714416504,,,,
2,,,,,,f,t-SNE,,,,,,,,workflow,Visualization-workflow comparison,dropout_0,2.0,11.97001814842224,,,,
2,,,,,,f,t-SNE,,,,,,,,workflow,Visualization-workflow comparison,batch_1.0,0.0,13.847140789031982,,,,
2,,,,,,f,t-SNE,,,,,,,,workflow,Visualization-workflow comparison,batch_1.0,1.0,6.232086896896362,,,,
2,,,,,,f,t-SNE,,,,,,,,workflow,Visualization-workflow comparison,batch_1.0,2.0,21.38858222961425,,,,
2,,,,,,f,t-SNE,,,,,,,,workflow,Visualization-workflow comparison,batch_1.0,0.0,20.03248786926269,,,,
2,,,,,,f,t-SNE,,,,,,,,workflow,Visualization-workflow comparison,batch_1.0,1.0,13.877863883972168,,,,
2,,,,,,f,t-SNE,,,,,,,,workflow,Visualization-workflow comparison,batch_1.0,2.0,13.489566802978516,,,,
2,,,,,,f,t-SNE,,,,,,,,workflow,Visualization-workflow comparison,gene_5k,0.0,13.880833864212036,,,,
2,,,,,,f,t-SNE,,,,,,,,workflow,Visualization-workflow comparison,gene_5k,1.0,7.25914192199707,,,,
2,,,,,,f,t-SNE,,,,,,,,workflow,Visualization-workflow comparison,gene_5k,2.0,31.102614402771,,,,
2,,,,,,f,t-SNE,,,,,,,,workflow,Visualization-workflow comparison,gene_5k,0.0,13.072552680969238,,,,
2,,,,,,f,t-SNE,,,,,,,,workflow,Visualization-workflow comparison,gene_5k,1.0,10.718348741531372,,,,
2,,,,,,f,t-SNE,,,,,,,,workflow,Visualization-workflow comparison,gene_5k,2.0,10.937926530838013,,,,
2,,,,,,f,t-SNE,,,,,,,,workflow,Visualization-workflow comparison,gene_5w,0.0,13.110332250595093,,,,
2,,,,,,f,t-SNE,,,,,,,,workflow,Visualization-workflow comparison,gene_5w,1.0,5.499597072601318,,,,
2,,,,,,f,t-SNE,,,,,,,,workflow,Visualization-workflow comparison,gene_5w,2.0,7.058776140213013,,,,
2,,,,,,f,t-SNE,,,,,,,,workflow,Visualization-workflow comparison,gene_5w,0.0,6.452061176300049,,,,
2,,,,,,f,t-SNE,,,,,,,,workflow,Visualization-workflow comparison,gene_5w,1.0,6.713168144226074,,,,
2,,,,,,f,t-SNE,,,,,,,,workflow,Visualization-workflow comparison,gene_5w,2.0,4.680262804031372,,,,
20,,,,,,f,GLMPCA,,,,,,,,hvg,Input-gene sensitivity,batch_1.0,0.0,3.3670196533203125,,,,
20,,,,,,f,GLMPCA,,,,,,,,hvg,Input-gene sensitivity,batch_1.0,1.0,3.3686318397521973,,,,
20,,,,,,f,GLMPCA,,,,,,,,hvg,Input-gene sensitivity,batch_1.0,2.0,3.372530221939087,,,,
20,,,,,,f,PCA,,,,,,,,hvg,Input-gene sensitivity,batch_1.0,0.0,0.8575949668884277,,,,
20,,,,,,f,PCA,,,,,,,,hvg,Input-gene sensitivity,batch_1.0,1.0,0.7535083293914795,,,,
20,,,,,,f,PCA,,,,,,,,hvg,Input-gene sensitivity,batch_1.0,2.0,0.8869874477386475,,,,
2,,,,,,f,UMAP,,,,,,,,hvg,Input-gene sensitivity,batch_1.0,0.0,4.9751293659210205,,,,
2,,,,,,f,UMAP,,,,,,,,hvg,Input-gene sensitivity,batch_1.0,1.0,4.920719385147095,,,,
2,,,,,,f,UMAP,,,,,,,,hvg,Input-gene sensitivity,batch_1.0,2.0,4.910691499710083,,,,
20,,,,,,f,scGBM,,,,,,,,hvg,Input-gene sensitivity,batch_1.0,0.0,5.918675422668457,,,,
20,,,,,,f,scGBM,,,,,,,,hvg,Input-gene sensitivity,batch_1.0,1.0,5.90894079208374,,,,
20,,,,,,f,scGBM,,,,,,,,hvg,Input-gene sensitivity,batch_1.0,2.0,5.8735432624816895,,,,
20,,,,,,f,scVI,,,,,,,,hvg,Input-gene sensitivity,batch_1.0,0.0,4.8606486320495605,,,,
20,,,,,,f,scVI,,,,,,,,hvg,Input-gene sensitivity,batch_1.0,1.0,4.78040075302124,,,,
20,,,,,,f,scVI,,,,,,,,hvg,Input-gene sensitivity,batch_1.0,2.0,4.803359270095825,,,,
2,,,,,,f,t-SNE,,,,,,,,hvg,Input-gene sensitivity,batch_1.0,0.0,3.781818628311157,,,,
2,,,,,,f,t-SNE,,,,,,,,hvg,Input-gene sensitivity,batch_1.0,1.0,3.4397547245025635,,,,
2,,,,,,f,t-SNE,,,,,,,,hvg,Input-gene sensitivity,batch_1.0,2.0,3.389303207397461,,,,
20,,,,,,f,GLMPCA,,,,,,,,hvg,Input-gene sensitivity,batch_1.0,0.0,5.67254900932312,,,,
20,,,,,,f,GLMPCA,,,,,,,,hvg,Input-gene sensitivity,batch_1.0,1.0,5.657283544540405,,,,
20,,,,,,f,GLMPCA,,,,,,,,hvg,Input-gene sensitivity,batch_1.0,2.0,5.61552095413208,,,,
20,,,,,,f,PCA,,,,,,,,hvg,Input-gene sensitivity,batch_1.0,0.0,0.8525667190551758,,,,
20,,,,,,f,PCA,,,,,,,,hvg,Input-gene sensitivity,batch_1.0,1.0,0.7414596080780029,,,,
20,,,,,,f,PCA,,,,,,,,hvg,Input-gene sensitivity,batch_1.0,2.0,0.8754887580871582,,,,
2,,,,,,f,UMAP,,,,,,,,hvg,Input-gene sensitivity,batch_1.0,0.0,4.945050954818726,,,,
2,,,,,,f,UMAP,,,,,,,,hvg,Input-gene sensitivity,batch_1.0,1.0,5.010423898696899,,,,
2,,,,,,f,UMAP,,,,,,,,hvg,Input-gene sensitivity,batch_1.0,2.0,5.0316383838653564,,,,
20,,,,,,f,scGBM,,,,,,,,hvg,Input-gene sensitivity,batch_1.0,0.0,8.344241857528687,,,,
20,,,,,,f,scGBM,,,,,,,,hvg,Input-gene sensitivity,batch_1.0,1.0,8.351288557052612,,,,
20,,,,,,f,scGBM,,,,,,,,hvg,Input-gene sensitivity,batch_1.0,2.0,8.354653596878052,,,,
20,,,,,,f,scVI,,,,,,,,hvg,Input-gene sensitivity,batch_1.0,0.0,5.498258590698242,,,,
20,,,,,,f,scVI,,,,,,,,hvg,Input-gene sensitivity,batch_1.0,1.0,5.6005284786224365,,,,
20,,,,,,f,scVI,,,,,,,,hvg,Input-gene sensitivity,batch_1.0,2.0,5.6809632778167725,,,,
2,,,,,,f,t-SNE,,,,,,,,hvg,Input-gene sensitivity,batch_1.0,0.0,3.454094171524048,,,,
2,,,,,,f,t-SNE,,,,,,,,hvg,Input-gene sensitivity,batch_1.0,1.0,3.499530076980591,,,,
2,,,,,,f,t-SNE,,,,,,,,hvg,Input-gene sensitivity,batch_1.0,2.0,3.5051074028015137,,,,
20,,,,,,f,GLMPCA,,,,,,,,hvg,Input-gene sensitivity,batch_1.0,0.0,9.727142810821531,,,,
20,,,,,,f,GLMPCA,,,,,,,,hvg,Input-gene sensitivity,batch_1.0,1.0,9.620622873306274,,,,
20,,,,,,f,GLMPCA,,,,,,,,hvg,Input-gene sensitivity,batch_1.0,2.0,9.639684200286863,,,,
20,,,,,,f,PCA,,,,,,,,hvg,Input-gene sensitivity,batch_1.0,0.0,0.8998651504516602,,,,
20,,,,,,f,PCA,,,,,,,,hvg,Input-gene sensitivity,batch_1.0,1.0,0.9038684368133544,,,,
20,,,,,,f,PCA,,,,,,,,hvg,Input-gene sensitivity,batch_1.0,2.0,0.846858024597168,,,,
2,,,,,,f,UMAP,,,,,,,,hvg,Input-gene sensitivity,batch_1.0,0.0,5.132413864135742,,,,
2,,,,,,f,UMAP,,,,,,,,hvg,Input-gene sensitivity,batch_1.0,1.0,5.010619640350342,,,,
2,,,,,,f,UMAP,,,,,,,,hvg,Input-gene sensitivity,batch_1.0,2.0,4.994884729385376,,,,
20,,,,,,f,scGBM,,,,,,,,hvg,Input-gene sensitivity,batch_1.0,0.0,14.924490928649902,,,,
20,,,,,,f,scGBM,,,,,,,,hvg,Input-gene sensitivity,batch_1.0,1.0,14.880489349365234,,,,
20,,,,,,f,scGBM,,,,,,,,hvg,Input-gene sensitivity,batch_1.0,2.0,14.953068494796751,,,,
20,,,,,,f,scVI,,,,,,,,hvg,Input-gene sensitivity,batch_1.0,0.0,7.6561949253082275,,,,
20,,,,,,f,scVI,,,,,,,,hvg,Input-gene sensitivity,batch_1.0,1.0,7.693587064743042,,,,
20,,,,,,f,scVI,,,,,,,,hvg,Input-gene sensitivity,batch_1.0,2.0,7.630404710769653,,,,
2,,,,,,f,t-SNE,,,,,,,,hvg,Input-gene sensitivity,batch_1.0,0.0,3.600269079208374,,,,
2,,,,,,f,t-SNE,,,,,,,,hvg,Input-gene sensitivity,batch_1.0,1.0,3.4708328247070312,,,,
2,,,,,,f,t-SNE,,,,,,,,hvg,Input-gene sensitivity,batch_1.0,2.0,3.60269832611084,,,,
20,,,,,,f,GLMPCA,,,,,,,,hvg,Input-gene sensitivity,batch_1.0,0.0,14.42035436630249,,,,
20,,,,,,f,GLMPCA,,,,,,,,hvg,Input-gene sensitivity,batch_1.0,1.0,14.482177019119264,,,,
20,,,,,,f,GLMPCA,,,,,,,,hvg,Input-gene sensitivity,batch_1.0,2.0,14.531733989715576,,,,
20,,,,,,f,PCA,,,,,,,,hvg,Input-gene sensitivity,batch_1.0,0.0,0.999422550201416,,,,
20,,,,,,f,PCA,,,,,,,,hvg,Input-gene sensitivity,batch_1.0,1.0,1.0320405960083008,,,,
20,,,,,,f,PCA,,,,,,,,hvg,Input-gene sensitivity,batch_1.0,2.0,1.0103693008422852,,,,
2,,,,,,f,UMAP,,,,,,,,hvg,Input-gene sensitivity,batch_1.0,0.0,5.326171875,,,,
2,,,,,,f,UMAP,,,,,,,,hvg,Input-gene sensitivity,batch_1.0,1.0,5.630256652832031,,,,
2,,,,,,f,UMAP,,,,,,,,hvg,Input-gene sensitivity,batch_1.0,2.0,6.733021974563599,,,,
20,,,,,,f,scGBM,,,,,,,,hvg,Input-gene sensitivity,batch_1.0,0.0,24.97584319114685,,,,
20,,,,,,f,scGBM,,,,,,,,hvg,Input-gene sensitivity,batch_1.0,1.0,24.9608154296875,,,,
20,,,,,,f,scGBM,,,,,,,,hvg,Input-gene sensitivity,batch_1.0,2.0,33.38654947280884,,,,
20,,,,,,f,scVI,,,,,,,,hvg,Input-gene sensitivity,batch_1.0,0.0,9.901031970977783,,,,
20,,,,,,f,scVI,,,,,,,,hvg,Input-gene sensitivity,batch_1.0,1.0,9.995157957077026,,,,
20,,,,,,f,scVI,,,,,,,,hvg,Input-gene sensitivity,batch_1.0,2.0,9.904683589935305,,,,
2,,,,,,f,t-SNE,,,,,,,,hvg,Input-gene sensitivity,batch_1.0,0.0,10.418909311294556,,,,
2,,,,,,f,t-SNE,,,,,,,,hvg,Input-gene sensitivity,batch_1.0,1.0,4.787494421005249,,,,
2,,,,,,f,t-SNE,,,,,,,,hvg,Input-gene sensitivity,batch_1.0,2.0,5.271584272384644,,,,
20,,,,,,f,GLMPCA,,,,,,,,hvg,Input-gene sensitivity,celltype_11,0.0,2.4099907875061035,,,,
20,,,,,,f,GLMPCA,,,,,,,,hvg,Input-gene sensitivity,celltype_11,1.0,2.3924129009246826,,,,
20,,,,,,f,GLMPCA,,,,,,,,hvg,Input-gene sensitivity,celltype_11,2.0,2.4137816429138184,,,,
20,,,,,,f,PCA,,,,,,,,hvg,Input-gene sensitivity,celltype_11,0.0,0.9328510761260986,,,,
20,,,,,,f,PCA,,,,,,,,hvg,Input-gene sensitivity,celltype_11,1.0,0.9373185634613036,,,,
20,,,,,,f,PCA,,,,,,,,hvg,Input-gene sensitivity,celltype_11,2.0,0.9835281372070312,,,,
2,,,,,,f,UMAP,,,,,,,,hvg,Input-gene sensitivity,celltype_11,0.0,4.997448921203613,,,,
2,,,,,,f,UMAP,,,,,,,,hvg,Input-gene sensitivity,celltype_11,1.0,5.011245250701904,,,,
2,,,,,,f,UMAP,,,,,,,,hvg,Input-gene sensitivity,celltype_11,2.0,4.981834173202515,,,,
20,,,,,,f,scGBM,,,,,,,,hvg,Input-gene sensitivity,celltype_11,0.0,4.454993724822998,,,,
20,,,,,,f,scGBM,,,,,,,,hvg,Input-gene sensitivity,celltype_11,1.0,4.469802379608154,,,,
20,,,,,,f,scGBM,,,,,,,,hvg,Input-gene sensitivity,celltype_11,2.0,4.408642530441284,,,,
20,,,,,,f,scVI,,,,,,,,hvg,Input-gene sensitivity,celltype_11,0.0,4.962798118591309,,,,
20,,,,,,f,scVI,,,,,,,,hvg,Input-gene sensitivity,celltype_11,1.0,4.883412837982178,,,,
20,,,,,,f,scVI,,,,,,,,hvg,Input-gene sensitivity,celltype_11,2.0,4.8312201499938965,,,,
2,,,,,,f,t-SNE,,,,,,,,hvg,Input-gene sensitivity,celltype_11,0.0,3.3172543048858643,,,,
2,,,,,,f,t-SNE,,,,,,,,hvg,Input-gene sensitivity,celltype_11,1.0,3.2307021617889404,,,,
2,,,,,,f,t-SNE,,,,,,,,hvg,Input-gene sensitivity,celltype_11,2.0,3.630936861038208,,,,
20,,,,,,f,GLMPCA,,,,,,,,hvg,Input-gene sensitivity,celltype_11,0.0,3.896775007247925,,,,
20,,,,,,f,GLMPCA,,,,,,,,hvg,Input-gene sensitivity,celltype_11,1.0,3.884408473968506,,,,
20,,,,,,f,GLMPCA,,,,,,,,hvg,Input-gene sensitivity,celltype_11,2.0,3.878098964691162,,,,
20,,,,,,f,PCA,,,,,,,,hvg,Input-gene sensitivity,celltype_11,0.0,1.0140480995178225,,,,
20,,,,,,f,PCA,,,,,,,,hvg,Input-gene sensitivity,celltype_11,1.0,0.9315295219421388,,,,
20,,,,,,f,PCA,,,,,,,,hvg,Input-gene sensitivity,celltype_11,2.0,0.8304781913757324,,,,
2,,,,,,f,UMAP,,,,,,,,hvg,Input-gene sensitivity,celltype_11,0.0,5.19730806350708,,,,
2,,,,,,f,UMAP,,,,,,,,hvg,Input-gene sensitivity,celltype_11,1.0,5.31594705581665,,,,
2,,,,,,f,UMAP,,,,,,,,hvg,Input-gene sensitivity,celltype_11,2.0,5.080134630203247,,,,
20,,,,,,f,scGBM,,,,,,,,hvg,Input-gene sensitivity,celltype_11,0.0,6.722458124160767,,,,
20,,,,,,f,scGBM,,,,,,,,hvg,Input-gene sensitivity,celltype_11,1.0,6.482583284378052,,,,
20,,,,,,f,scGBM,,,,,,,,hvg,Input-gene sensitivity,celltype_11,2.0,6.453918218612671,,,,
20,,,,,,f,scVI,,,,,,,,hvg,Input-gene sensitivity,celltype_11,0.0,5.699462413787842,,,,
20,,,,,,f,scVI,,,,,,,,hvg,Input-gene sensitivity,celltype_11,1.0,5.662935256958008,,,,
20,,,,,,f,scVI,,,,,,,,hvg,Input-gene sensitivity,celltype_11,2.0,5.663503408432007,,,,
2,,,,,,f,t-SNE,,,,,,,,hvg,Input-gene sensitivity,celltype_11,0.0,3.699409723281861,,,,
2,,,,,,f,t-SNE,,,,,,,,hvg,Input-gene sensitivity,celltype_11,1.0,3.4407200813293457,,,,
2,,,,,,f,t-SNE,,,,,,,,hvg,Input-gene sensitivity,celltype_11,2.0,3.5700430870056152,,,,
20,,,,,,f,GLMPCA,,,,,,,,hvg,Input-gene sensitivity,celltype_11,0.0,6.50363302230835,,,,
20,,,,,,f,GLMPCA,,,,,,,,hvg,Input-gene sensitivity,celltype_11,1.0,6.467708110809326,,,,
20,,,,,,f,GLMPCA,,,,,,,,hvg,Input-gene sensitivity,celltype_11,2.0,6.517991781234741,,,,
20,,,,,,f,PCA,,,,,,,,hvg,Input-gene sensitivity,celltype_11,0.0,0.8897871971130371,,,,
20,,,,,,f,PCA,,,,,,,,hvg,Input-gene sensitivity,celltype_11,1.0,0.9579379558563232,,,,
20,,,,,,f,PCA,,,,,,,,hvg,Input-gene sensitivity,celltype_11,2.0,0.8821029663085938,,,,
2,,,,,,f,UMAP,,,,,,,,hvg,Input-gene sensitivity,celltype_11,0.0,5.179627180099487,,,,
2,,,,,,f,UMAP,,,,,,,,hvg,Input-gene sensitivity,celltype_11,1.0,5.154021501541138,,,,
2,,,,,,f,UMAP,,,,,,,,hvg,Input-gene sensitivity,celltype_11,2.0,5.153245210647583,,,,
20,,,,,,f,scGBM,,,,,,,,hvg,Input-gene sensitivity,celltype_11,0.0,13.27621841430664,,,,
20,,,,,,f,scGBM,,,,,,,,hvg,Input-gene sensitivity,celltype_11,1.0,13.055551767349243,,,,
20,,,,,,f,scGBM,,,,,,,,hvg,Input-gene sensitivity,celltype_11,2.0,13.314695358276367,,,,
20,,,,,,f,scVI,,,,,,,,hvg,Input-gene sensitivity,celltype_11,0.0,7.892475605010986,,,,
20,,,,,,f,scVI,,,,,,,,hvg,Input-gene sensitivity,celltype_11,1.0,8.037444353103638,,,,
20,,,,,,f,scVI,,,,,,,,hvg,Input-gene sensitivity,celltype_11,2.0,7.776303052902222,,,,
2,,,,,,f,t-SNE,,,,,,,,hvg,Input-gene sensitivity,celltype_11,0.0,3.578770160675049,,,,
2,,,,,,f,t-SNE,,,,,,,,hvg,Input-gene sensitivity,celltype_11,1.0,3.643627643585205,,,,
2,,,,,,f,t-SNE,,,,,,,,hvg,Input-gene sensitivity,celltype_11,2.0,3.56264591217041,,,,
20,,,,,,f,GLMPCA,,,,,,,,hvg,Input-gene sensitivity,celltype_11,0.0,13.58939814567566,,,,
20,,,,,,f,GLMPCA,,,,,,,,hvg,Input-gene sensitivity,celltype_11,1.0,13.45350193977356,,,,
20,,,,,,f,GLMPCA,,,,,,,,hvg,Input-gene sensitivity,celltype_11,2.0,13.531765222549438,,,,
20,,,,,,f,PCA,,,,,,,,hvg,Input-gene sensitivity,celltype_11,0.0,1.1108345985412598,,,,
20,,,,,,f,PCA,,,,,,,,hvg,Input-gene sensitivity,celltype_11,1.0,1.170582294464111,,,,
20,,,,,,f,PCA,,,,,,,,hvg,Input-gene sensitivity,celltype_11,2.0,0.968419075012207,,,,
2,,,,,,f,UMAP,,,,,,,,hvg,Input-gene sensitivity,celltype_11,0.0,5.496615648269653,,,,
2,,,,,,f,UMAP,,,,,,,,hvg,Input-gene sensitivity,celltype_11,1.0,5.3231940269470215,,,,
2,,,,,,f,UMAP,,,,,,,,hvg,Input-gene sensitivity,celltype_11,2.0,5.408263921737671,,,,
20,,,,,,f,scGBM,,,,,,,,hvg,Input-gene sensitivity,celltype_11,0.0,25.852752685546875,,,,
20,,,,,,f,scGBM,,,,,,,,hvg,Input-gene sensitivity,celltype_11,1.0,25.86595678329468,,,,
20,,,,,,f,scGBM,,,,,,,,hvg,Input-gene sensitivity,celltype_11,2.0,25.63119149208069,,,,
20,,,,,,f,scVI,,,,,,,,hvg,Input-gene sensitivity,celltype_11,0.0,10.332378387451172,,,,
20,,,,,,f,scVI,,,,,,,,hvg,Input-gene sensitivity,celltype_11,1.0,10.357734203338625,,,,
20,,,,,,f,scVI,,,,,,,,hvg,Input-gene sensitivity,celltype_11,2.0,10.327911853790283,,,,
2,,,,,,f,t-SNE,,,,,,,,hvg,Input-gene sensitivity,celltype_11,0.0,3.5431928634643555,,,,
2,,,,,,f,t-SNE,,,,,,,,hvg,Input-gene sensitivity,celltype_11,1.0,3.537879228591919,,,,
2,,,,,,f,t-SNE,,,,,,,,hvg,Input-gene sensitivity,celltype_11,2.0,3.484295606613159,,,,
20,,,,,,f,GLMPCA,,,,,,,,hvg,Input-gene sensitivity,celltype_15,0.0,2.529609680175781,,,,
20,,,,,,f,GLMPCA,,,,,,,,hvg,Input-gene sensitivity,celltype_15,1.0,2.532822608947754,,,,
20,,,,,,f,GLMPCA,,,,,,,,hvg,Input-gene sensitivity,celltype_15,2.0,2.504246473312378,,,,
20,,,,,,f,PCA,,,,,,,,hvg,Input-gene sensitivity,celltype_15,0.0,0.9598605632781982,,,,
20,,,,,,f,PCA,,,,,,,,hvg,Input-gene sensitivity,celltype_15,1.0,0.8333578109741211,,,,
20,,,,,,f,PCA,,,,,,,,hvg,Input-gene sensitivity,celltype_15,2.0,0.9655084609985352,,,,
2,,,,,,f,UMAP,,,,,,,,hvg,Input-gene sensitivity,celltype_15,0.0,5.0057549476623535,,,,
2,,,,,,f,UMAP,,,,,,,,hvg,Input-gene sensitivity,celltype_15,1.0,5.116559743881226,,,,
2,,,,,,f,UMAP,,,,,,,,hvg,Input-gene sensitivity,celltype_15,2.0,5.966101169586182,,,,
20,,,,,,f,scGBM,,,,,,,,hvg,Input-gene sensitivity,celltype_15,0.0,4.442140340805054,,,,
20,,,,,,f,scGBM,,,,,,,,hvg,Input-gene sensitivity,celltype_15,1.0,4.412094593048096,,,,
20,,,,,,f,scGBM,,,,,,,,hvg,Input-gene sensitivity,celltype_15,2.0,4.437819480895996,,,,
20,,,,,,f,scVI,,,,,,,,hvg,Input-gene sensitivity,celltype_15,0.0,4.942791700363159,,,,
20,,,,,,f,scVI,,,,,,,,hvg,Input-gene sensitivity,celltype_15,1.0,5.0503010749816895,,,,
20,,,,,,f,scVI,,,,,,,,hvg,Input-gene sensitivity,celltype_15,2.0,5.207727670669556,,,,
2,,,,,,f,t-SNE,,,,,,,,hvg,Input-gene sensitivity,celltype_15,0.0,8.673457622528076,,,,
2,,,,,,f,t-SNE,,,,,,,,hvg,Input-gene sensitivity,celltype_15,1.0,5.004387855529785,,,,
2,,,,,,f,t-SNE,,,,,,,,hvg,Input-gene sensitivity,celltype_15,2.0,5.615887641906738,,,,
20,,,,,,f,GLMPCA,,,,,,,,hvg,Input-gene sensitivity,celltype_15,0.0,4.908766031265259,,,,
20,,,,,,f,GLMPCA,,,,,,,,hvg,Input-gene sensitivity,celltype_15,1.0,5.2150962352752686,,,,
20,,,,,,f,GLMPCA,,,,,,,,hvg,Input-gene sensitivity,celltype_15,2.0,4.776116371154785,,,,
20,,,,,,f,PCA,,,,,,,,hvg,Input-gene sensitivity,celltype_15,0.0,1.144709587097168,,,,
20,,,,,,f,PCA,,,,,,,,hvg,Input-gene sensitivity,celltype_15,1.0,1.1158785820007324,,,,
20,,,,,,f,PCA,,,,,,,,hvg,Input-gene sensitivity,celltype_15,2.0,1.1494450569152832,,,,
2,,,,,,f,UMAP,,,,,,,,hvg,Input-gene sensitivity,celltype_15,0.0,5.212422609329224,,,,
2,,,,,,f,UMAP,,,,,,,,hvg,Input-gene sensitivity,celltype_15,1.0,5.222967147827148,,,,
2,,,,,,f,UMAP,,,,,,,,hvg,Input-gene sensitivity,celltype_15,2.0,5.378227949142456,,,,
20,,,,,,f,scGBM,,,,,,,,hvg,Input-gene sensitivity,celltype_15,0.0,7.157470226287842,,,,
20,,,,,,f,scGBM,,,,,,,,hvg,Input-gene sensitivity,celltype_15,1.0,6.711578607559204,,,,
20,,,,,,f,scGBM,,,,,,,,hvg,Input-gene sensitivity,celltype_15,2.0,6.790563583374023,,,,
20,,,,,,f,scVI,,,,,,,,hvg,Input-gene sensitivity,celltype_15,0.0,6.58411717414856,,,,
20,,,,,,f,scVI,,,,,,,,hvg,Input-gene sensitivity,celltype_15,1.0,6.911589622497559,,,,
20,,,,,,f,scVI,,,,,,,,hvg,Input-gene sensitivity,celltype_15,2.0,6.979435920715332,,,,
2,,,,,,f,t-SNE,,,,,,,,hvg,Input-gene sensitivity,celltype_15,0.0,4.065590143203735,,,,
2,,,,,,f,t-SNE,,,,,,,,hvg,Input-gene sensitivity,celltype_15,1.0,10.976031064987184,,,,
2,,,,,,f,t-SNE,,,,,,,,hvg,Input-gene sensitivity,celltype_15,2.0,7.335469961166382,,,,
20,,,,,,f,GLMPCA,,,,,,,,hvg,Input-gene sensitivity,celltype_15,0.0,10.752081394195557,,,,
20,,,,,,f,GLMPCA,,,,,,,,hvg,Input-gene sensitivity,celltype_15,1.0,9.899869918823242,,,,
20,,,,,,f,GLMPCA,,,,,,,,hvg,Input-gene sensitivity,celltype_15,2.0,9.515855550765991,,,,
20,,,,,,f,PCA,,,,,,,,hvg,Input-gene sensitivity,celltype_15,0.0,1.720205307006836,,,,
20,,,,,,f,PCA,,,,,,,,hvg,Input-gene sensitivity,celltype_15,1.0,1.5230085849761963,,,,
20,,,,,,f,PCA,,,,,,,,hvg,Input-gene sensitivity,celltype_15,2.0,1.436182737350464,,,,
2,,,,,,f,UMAP,,,,,,,,hvg,Input-gene sensitivity,celltype_15,0.0,5.224421977996826,,,,
2,,,,,,f,UMAP,,,,,,,,hvg,Input-gene sensitivity,celltype_15,1.0,7.527886629104614,,,,
2,,,,,,f,UMAP,,,,,,,,hvg,Input-gene sensitivity,celltype_15,2.0,7.23958683013916,,,,
20,,,,,,f,scGBM,,,,,,,,hvg,Input-gene sensitivity,celltype_15,0.0,15.108460664749146,,,,
20,,,,,,f,scGBM,,,,,,,,hvg,Input-gene sensitivity,celltype_15,1.0,26.82944393157959,,,,
20,,,,,,f,scGBM,,,,,,,,hvg,Input-gene sensitivity,celltype_15,2.0,20.73536205291748,,,,
20,,,,,,f,scVI,,,,,,,,hvg,Input-gene sensitivity,celltype_15,0.0,26.22631049156189,,,,
20,,,,,,f,scVI,,,,,,,,hvg,Input-gene sensitivity,celltype_15,1.0,8.106401443481445,,,,
20,,,,,,f,scVI,,,,,,,,hvg,Input-gene sensitivity,celltype_15,2.0,7.91178560256958,,,,
2,,,,,,f,t-SNE,,,,,,,,hvg,Input-gene sensitivity,celltype_15,0.0,3.650252103805542,,,,
2,,,,,,f,t-SNE,,,,,,,,hvg,Input-gene sensitivity,celltype_15,1.0,3.6198811531066895,,,,
2,,,,,,f,t-SNE,,,,,,,,hvg,Input-gene sensitivity,celltype_15,2.0,3.7379910945892334,,,,
20,,,,,,f,GLMPCA,,,,,,,,hvg,Input-gene sensitivity,celltype_15,0.0,14.143940925598145,,,,
20,,,,,,f,GLMPCA,,,,,,,,hvg,Input-gene sensitivity,celltype_15,1.0,13.958834409713743,,,,
20,,,,,,f,GLMPCA,,,,,,,,hvg,Input-gene sensitivity,celltype_15,2.0,14.22090196609497,,,,
20,,,,,,f,PCA,,,,,,,,hvg,Input-gene sensitivity,celltype_15,0.0,1.035142421722412,,,,
20,,,,,,f,PCA,,,,,,,,hvg,Input-gene sensitivity,celltype_15,1.0,0.9976341724395752,,,,
20,,,,,,f,PCA,,,,,,,,hvg,Input-gene sensitivity,celltype_15,2.0,1.14524245262146,,,,
2,,,,,,f,UMAP,,,,,,,,hvg,Input-gene sensitivity,celltype_15,0.0,5.476579904556274,,,,
2,,,,,,f,UMAP,,,,,,,,hvg,Input-gene sensitivity,celltype_15,1.0,5.421534776687622,,,,
2,,,,,,f,UMAP,,,,,,,,hvg,Input-gene sensitivity,celltype_15,2.0,5.372503280639648,,,,
20,,,,,,f,scGBM,,,,,,,,hvg,Input-gene sensitivity,celltype_15,0.0,25.37093949317932,,,,
20,,,,,,f,scGBM,,,,,,,,hvg,Input-gene sensitivity,celltype_15,1.0,25.70523929595948,,,,
20,,,,,,f,scGBM,,,,,,,,hvg,Input-gene sensitivity,celltype_15,2.0,26.07972836494445,,,,
20,,,,,,f,scVI,,,,,,,,hvg,Input-gene sensitivity,celltype_15,0.0,10.186650276184082,,,,
20,,,,,,f,scVI,,,,,,,,hvg,Input-gene sensitivity,celltype_15,1.0,10.172340631484984,,,,
20,,,,,,f,scVI,,,,,,,,hvg,Input-gene sensitivity,celltype_15,2.0,10.14853549003601,,,,
2,,,,,,f,t-SNE,,,,,,,,hvg,Input-gene sensitivity,celltype_15,0.0,3.46413516998291,,,,
2,,,,,,f,t-SNE,,,,,,,,hvg,Input-gene sensitivity,celltype_15,1.0,3.5084807872772217,,,,
2,,,,,,f,t-SNE,,,,,,,,hvg,Input-gene sensitivity,celltype_15,2.0,3.447892427444458,,,,
20,,,,,,f,GLMPCA,,,,,,,,hvg,Input-gene sensitivity,celltype_7,0.0,2.4021553993225098,,,,
20,,,,,,f,GLMPCA,,,,,,,,hvg,Input-gene sensitivity,celltype_7,1.0,2.407055139541626,,,,
20,,,,,,f,GLMPCA,,,,,,,,hvg,Input-gene sensitivity,celltype_7,2.0,2.4121627807617188,,,,
20,,,,,,f,PCA,,,,,,,,hvg,Input-gene sensitivity,celltype_7,0.0,0.9161653518676758,,,,
20,,,,,,f,PCA,,,,,,,,hvg,Input-gene sensitivity,celltype_7,1.0,0.9278395175933838,,,,
20,,,,,,f,PCA,,,,,,,,hvg,Input-gene sensitivity,celltype_7,2.0,0.9364690780639648,,,,
2,,,,,,f,UMAP,,,,,,,,hvg,Input-gene sensitivity,celltype_7,0.0,5.102971792221069,,,,
2,,,,,,f,UMAP,,,,,,,,hvg,Input-gene sensitivity,celltype_7,1.0,5.040861129760742,,,,
2,,,,,,f,UMAP,,,,,,,,hvg,Input-gene sensitivity,celltype_7,2.0,5.129619836807251,,,,
20,,,,,,f,scGBM,,,,,,,,hvg,Input-gene sensitivity,celltype_7,0.0,4.884230136871338,,,,
20,,,,,,f,scGBM,,,,,,,,hvg,Input-gene sensitivity,celltype_7,1.0,4.848236322402954,,,,
20,,,,,,f,scGBM,,,,,,,,hvg,Input-gene sensitivity,celltype_7,2.0,4.83917498588562,,,,
20,,,,,,f,scVI,,,,,,,,hvg,Input-gene sensitivity,celltype_7,0.0,4.785599946975708,,,,
20,,,,,,f,scVI,,,,,,,,hvg,Input-gene sensitivity,celltype_7,1.0,4.892637252807617,,,,
20,,,,,,f,scVI,,,,,,,,hvg,Input-gene sensitivity,celltype_7,2.0,4.922327041625977,,,,
2,,,,,,f,t-SNE,,,,,,,,hvg,Input-gene sensitivity,celltype_7,0.0,3.434037685394287,,,,
2,,,,,,f,t-SNE,,,,,,,,hvg,Input-gene sensitivity,celltype_7,1.0,3.3887689113616943,,,,
2,,,,,,f,t-SNE,,,,,,,,hvg,Input-gene sensitivity,celltype_7,2.0,3.330536365509033,,,,
20,,,,,,f,GLMPCA,,,,,,,,hvg,Input-gene sensitivity,celltype_7,0.0,3.881632089614868,,,,
20,,,,,,f,GLMPCA,,,,,,,,hvg,Input-gene sensitivity,celltype_7,1.0,3.877066612243652,,,,
20,,,,,,f,GLMPCA,,,,,,,,hvg,Input-gene sensitivity,celltype_7,2.0,3.870183944702149,,,,
20,,,,,,f,PCA,,,,,,,,hvg,Input-gene sensitivity,celltype_7,0.0,0.8131883144378662,,,,
20,,,,,,f,PCA,,,,,,,,hvg,Input-gene sensitivity,celltype_7,1.0,0.9404048919677734,,,,
20,,,,,,f,PCA,,,,,,,,hvg,Input-gene sensitivity,celltype_7,2.0,0.9596645832061768,,,,
2,,,,,,f,UMAP,,,,,,,,hvg,Input-gene sensitivity,celltype_7,0.0,5.105889320373535,,,,
2,,,,,,f,UMAP,,,,,,,,hvg,Input-gene sensitivity,celltype_7,1.0,5.428598403930664,,,,
2,,,,,,f,UMAP,,,,,,,,hvg,Input-gene sensitivity,celltype_7,2.0,5.14446759223938,,,,
20,,,,,,f,scGBM,,,,,,,,hvg,Input-gene sensitivity,celltype_7,0.0,6.582322835922241,,,,
20,,,,,,f,scGBM,,,,,,,,hvg,Input-gene sensitivity,celltype_7,1.0,6.564789533615112,,,,
20,,,,,,f,scGBM,,,,,,,,hvg,Input-gene sensitivity,celltype_7,2.0,6.565578937530518,,,,
20,,,,,,f,scVI,,,,,,,,hvg,Input-gene sensitivity,celltype_7,0.0,5.676973342895508,,,,
20,,,,,,f,scVI,,,,,,,,hvg,Input-gene sensitivity,celltype_7,1.0,5.654033660888672,,,,
20,,,,,,f,scVI,,,,,,,,hvg,Input-gene sensitivity,celltype_7,2.0,5.643996000289917,,,,
2,,,,,,f,t-SNE,,,,,,,,hvg,Input-gene sensitivity,celltype_7,0.0,3.686399221420288,,,,
2,,,,,,f,t-SNE,,,,,,,,hvg,Input-gene sensitivity,celltype_7,1.0,3.32586407661438,,,,
2,,,,,,f,t-SNE,,,,,,,,hvg,Input-gene sensitivity,celltype_7,2.0,4.02409291267395,,,,
20,,,,,,f,GLMPCA,,,,,,,,hvg,Input-gene sensitivity,celltype_7,0.0,6.468502759933472,,,,
20,,,,,,f,GLMPCA,,,,,,,,hvg,Input-gene sensitivity,celltype_7,1.0,6.419355869293213,,,,
20,,,,,,f,GLMPCA,,,,,,,,hvg,Input-gene sensitivity,celltype_7,2.0,6.417849063873291,,,,
20,,,,,,f,PCA,,,,,,,,hvg,Input-gene sensitivity,celltype_7,0.0,0.9959924221038818,,,,
20,,,,,,f,PCA,,,,,,,,hvg,Input-gene sensitivity,celltype_7,1.0,0.8887240886688232,,,,
20,,,,,,f,PCA,,,,,,,,hvg,Input-gene sensitivity,celltype_7,2.0,0.9041507244110109,,,,
2,,,,,,f,UMAP,,,,,,,,hvg,Input-gene sensitivity,celltype_7,0.0,5.079704999923706,,,,
2,,,,,,f,UMAP,,,,,,,,hvg,Input-gene sensitivity,celltype_7,1.0,5.174026250839233,,,,
2,,,,,,f,UMAP,,,,,,,,hvg,Input-gene sensitivity,celltype_7,2.0,5.084338426589966,,,,
20,,,,,,f,scGBM,,,,,,,,hvg,Input-gene sensitivity,celltype_7,0.0,15.14298415184021,,,,
20,,,,,,f,scGBM,,,,,,,,hvg,Input-gene sensitivity,celltype_7,1.0,15.19753646850586,,,,
20,,,,,,f,scGBM,,,,,,,,hvg,Input-gene sensitivity,celltype_7,2.0,15.19697332382202,,,,
20,,,,,,f,scVI,,,,,,,,hvg,Input-gene sensitivity,celltype_7,0.0,7.864877700805664,,,,
20,,,,,,f,scVI,,,,,,,,hvg,Input-gene sensitivity,celltype_7,1.0,7.933017492294311,,,,
20,,,,,,f,scVI,,,,,,,,hvg,Input-gene sensitivity,celltype_7,2.0,7.699479103088379,,,,
2,,,,,,f,t-SNE,,,,,,,,hvg,Input-gene sensitivity,celltype_7,0.0,3.57947850227356,,,,
2,,,,,,f,t-SNE,,,,,,,,hvg,Input-gene sensitivity,celltype_7,1.0,3.5293447971343994,,,,
2,,,,,,f,t-SNE,,,,,,,,hvg,Input-gene sensitivity,celltype_7,2.0,3.481186866760254,,,,
20,,,,,,f,GLMPCA,,,,,,,,hvg,Input-gene sensitivity,celltype_7,0.0,13.284416675567629,,,,
20,,,,,,f,GLMPCA,,,,,,,,hvg,Input-gene sensitivity,celltype_7,1.0,13.216012477874756,,,,
20,,,,,,f,GLMPCA,,,,,,,,hvg,Input-gene sensitivity,celltype_7,2.0,13.233701467514038,,,,
20,,,,,,f,PCA,,,,,,,,hvg,Input-gene sensitivity,celltype_7,0.0,1.0981004238128662,,,,
20,,,,,,f,PCA,,,,,,,,hvg,Input-gene sensitivity,celltype_7,1.0,0.9912092685699464,,,,
20,,,,,,f,PCA,,,,,,,,hvg,Input-gene sensitivity,celltype_7,2.0,1.090348243713379,,,,
2,,,,,,f,UMAP,,,,,,,,hvg,Input-gene sensitivity,celltype_7,0.0,5.258821249008179,,,,
2,,,,,,f,UMAP,,,,,,,,hvg,Input-gene sensitivity,celltype_7,1.0,5.284459590911865,,,,
2,,,,,,f,UMAP,,,,,,,,hvg,Input-gene sensitivity,celltype_7,2.0,5.260210275650024,,,,
20,,,,,,f,scGBM,,,,,,,,hvg,Input-gene sensitivity,celltype_7,0.0,25.093477249145508,,,,
20,,,,,,f,scGBM,,,,,,,,hvg,Input-gene sensitivity,celltype_7,1.0,25.06871104240417,,,,
20,,,,,,f,scGBM,,,,,,,,hvg,Input-gene sensitivity,celltype_7,2.0,24.90473222732544,,,,
20,,,,,,f,scVI,,,,,,,,hvg,Input-gene sensitivity,celltype_7,0.0,10.551294326782228,,,,
20,,,,,,f,scVI,,,,,,,,hvg,Input-gene sensitivity,celltype_7,1.0,10.32746434211731,,,,
20,,,,,,f,scVI,,,,,,,,hvg,Input-gene sensitivity,celltype_7,2.0,10.284428358078005,,,,
2,,,,,,f,t-SNE,,,,,,,,hvg,Input-gene sensitivity,celltype_7,0.0,3.43063759803772,,,,
2,,,,,,f,t-SNE,,,,,,,,hvg,Input-gene sensitivity,celltype_7,1.0,3.386530637741089,,,,
2,,,,,,f,t-SNE,,,,,,,,hvg,Input-gene sensitivity,celltype_7,2.0,3.4596264362335205,,,,
20,,,,,,f,GLMPCA,,,,,,,,hvg,Input-gene sensitivity,default,0.0,2.4179110527038574,,,,
20,,,,,,f,GLMPCA,,,,,,,,hvg,Input-gene sensitivity,default,1.0,2.4152183532714844,,,,
20,,,,,,f,GLMPCA,,,,,,,,hvg,Input-gene sensitivity,default,2.0,2.4463019371032715,,,,
20,,,,,,f,PCA,,,,,,,,hvg,Input-gene sensitivity,default,0.0,0.8090636730194092,,,,
20,,,,,,f,PCA,,,,,,,,hvg,Input-gene sensitivity,default,1.0,0.9332160949707032,,,,
20,,,,,,f,PCA,,,,,,,,hvg,Input-gene sensitivity,default,2.0,0.874211311340332,,,,
2,,,,,,f,UMAP,,,,,,,,hvg,Input-gene sensitivity,default,0.0,16.745487213134766,,,,
2,,,,,,f,UMAP,,,,,,,,hvg,Input-gene sensitivity,default,1.0,5.034855365753174,,,,
2,,,,,,f,UMAP,,,,,,,,hvg,Input-gene sensitivity,default,2.0,5.104198694229126,,,,
20,,,,,,f,scGBM,,,,,,,,hvg,Input-gene sensitivity,default,0.0,4.836319208145142,,,,
20,,,,,,f,scGBM,,,,,,,,hvg,Input-gene sensitivity,default,1.0,4.83071756362915,,,,
20,,,,,,f,scGBM,,,,,,,,hvg,Input-gene sensitivity,default,2.0,4.811013460159302,,,,
20,,,,,,f,scVI,,,,,,,,hvg,Input-gene sensitivity,default,0.0,5.859942436218262,,,,
20,,,,,,f,scVI,,,,,,,,hvg,Input-gene sensitivity,default,1.0,3.37447452545166,,,,
20,,,,,,f,scVI,,,,,,,,hvg,Input-gene sensitivity,default,2.0,3.3389039039611816,,,,
2,,,,,,f,t-SNE,,,,,,,,hvg,Input-gene sensitivity,default,0.0,3.4703798294067383,,,,
2,,,,,,f,t-SNE,,,,,,,,hvg,Input-gene sensitivity,default,1.0,3.644784688949585,,,,
2,,,,,,f,t-SNE,,,,,,,,hvg,Input-gene sensitivity,default,2.0,3.3427741527557373,,,,
20,,,,,,f,GLMPCA,,,,,,,,hvg,Input-gene sensitivity,default,0.0,3.8521478176116943,,,,
20,,,,,,f,GLMPCA,,,,,,,,hvg,Input-gene sensitivity,default,1.0,3.900524854660034,,,,
20,,,,,,f,GLMPCA,,,,,,,,hvg,Input-gene sensitivity,default,2.0,3.9129292964935294,,,,
20,,,,,,f,PCA,,,,,,,,hvg,Input-gene sensitivity,default,0.0,0.940227508544922,,,,
20,,,,,,f,PCA,,,,,,,,hvg,Input-gene sensitivity,default,1.0,0.9838602542877196,,,,
20,,,,,,f,PCA,,,,,,,,hvg,Input-gene sensitivity,default,2.0,0.9600720405578612,,,,
2,,,,,,f,UMAP,,,,,,,,hvg,Input-gene sensitivity,default,0.0,5.10680890083313,,,,
2,,,,,,f,UMAP,,,,,,,,hvg,Input-gene sensitivity,default,1.0,5.105658531188965,,,,
2,,,,,,f,UMAP,,,,,,,,hvg,Input-gene sensitivity,default,2.0,5.102001428604126,,,,
20,,,,,,f,scGBM,,,,,,,,hvg,Input-gene sensitivity,default,0.0,6.487312078475952,,,,
20,,,,,,f,scGBM,,,,,,,,hvg,Input-gene sensitivity,default,1.0,6.462228059768677,,,,
20,,,,,,f,scGBM,,,,,,,,hvg,Input-gene sensitivity,default,2.0,6.5526957511901855,,,,
20,,,,,,f,scVI,,,,,,,,hvg,Input-gene sensitivity,default,0.0,5.6966962814331055,,,,
20,,,,,,f,scVI,,,,,,,,hvg,Input-gene sensitivity,default,1.0,5.707661867141724,,,,
20,,,,,,f,scVI,,,,,,,,hvg,Input-gene sensitivity,default,2.0,5.650528907775879,,,,
2,,,,,,f,t-SNE,,,,,,,,hvg,Input-gene sensitivity,default,0.0,3.816505432128906,,,,
2,,,,,,f,t-SNE,,,,,,,,hvg,Input-gene sensitivity,default,1.0,3.44921350479126,,,,
2,,,,,,f,t-SNE,,,,,,,,hvg,Input-gene sensitivity,default,2.0,3.5007901191711426,,,,
20,,,,,,f,GLMPCA,,,,,,,,hvg,Input-gene sensitivity,default,0.0,6.494994640350342,,,,
20,,,,,,f,GLMPCA,,,,,,,,hvg,Input-gene sensitivity,default,1.0,6.5190606117248535,,,,
20,,,,,,f,GLMPCA,,,,,,,,hvg,Input-gene sensitivity,default,2.0,6.422154426574707,,,,
20,,,,,,f,PCA,,,,,,,,hvg,Input-gene sensitivity,default,0.0,1.022592306137085,,,,
20,,,,,,f,PCA,,,,,,,,hvg,Input-gene sensitivity,default,1.0,1.0097177028656006,,,,
20,,,,,,f,PCA,,,,,,,,hvg,Input-gene sensitivity,default,2.0,0.9235961437225342,,,,
2,,,,,,f,UMAP,,,,,,,,hvg,Input-gene sensitivity,default,0.0,5.195720434188843,,,,
2,,,,,,f,UMAP,,,,,,,,hvg,Input-gene sensitivity,default,1.0,5.248464345932007,,,,
2,,,,,,f,UMAP,,,,,,,,hvg,Input-gene sensitivity,default,2.0,5.149436473846436,,,,
20,,,,,,f,scGBM,,,,,,,,hvg,Input-gene sensitivity,default,0.0,13.169090032577516,,,,
20,,,,,,f,scGBM,,,,,,,,hvg,Input-gene sensitivity,default,1.0,15.558840036392212,,,,
20,,,,,,f,scGBM,,,,,,,,hvg,Input-gene sensitivity,default,2.0,13.292630672454834,,,,
20,,,,,,f,scVI,,,,,,,,hvg,Input-gene sensitivity,default,0.0,7.87396764755249,,,,
20,,,,,,f,scVI,,,,,,,,hvg,Input-gene sensitivity,default,1.0,7.90265679359436,,,,
20,,,,,,f,scVI,,,,,,,,hvg,Input-gene sensitivity,default,2.0,7.868234395980835,,,,
2,,,,,,f,t-SNE,,,,,,,,hvg,Input-gene sensitivity,default,0.0,3.494722843170166,,,,
2,,,,,,f,t-SNE,,,,,,,,hvg,Input-gene sensitivity,default,1.0,3.433113574981689,,,,
2,,,,,,f,t-SNE,,,,,,,,hvg,Input-gene sensitivity,default,2.0,3.5360629558563232,,,,
20,,,,,,f,GLMPCA,,,,,,,,hvg,Input-gene sensitivity,default,0.0,13.28516173362732,,,,
20,,,,,,f,GLMPCA,,,,,,,,hvg,Input-gene sensitivity,default,1.0,13.34606671333313,,,,
20,,,,,,f,GLMPCA,,,,,,,,hvg,Input-gene sensitivity,default,2.0,13.48555326461792,,,,
20,,,,,,f,PCA,,,,,,,,hvg,Input-gene sensitivity,default,0.0,1.0377840995788574,,,,
20,,,,,,f,PCA,,,,,,,,hvg,Input-gene sensitivity,default,1.0,1.0790727138519287,,,,
20,,,,,,f,PCA,,,,,,,,hvg,Input-gene sensitivity,default,2.0,0.9837400913238524,,,,
2,,,,,,f,UMAP,,,,,,,,hvg,Input-gene sensitivity,default,0.0,5.392667293548584,,,,
2,,,,,,f,UMAP,,,,,,,,hvg,Input-gene sensitivity,default,1.0,5.2387285232543945,,,,
2,,,,,,f,UMAP,,,,,,,,hvg,Input-gene sensitivity,default,2.0,5.342270374298096,,,,
20,,,,,,f,scGBM,,,,,,,,hvg,Input-gene sensitivity,default,0.0,25.22593116760254,,,,
20,,,,,,f,scGBM,,,,,,,,hvg,Input-gene sensitivity,default,1.0,25.26090812683105,,,,
20,,,,,,f,scGBM,,,,,,,,hvg,Input-gene sensitivity,default,2.0,24.862363815307617,,,,
20,,,,,,f,scVI,,,,,,,,hvg,Input-gene sensitivity,default,0.0,10.290913581848145,,,,
20,,,,,,f,scVI,,,,,,,,hvg,Input-gene sensitivity,default,1.0,10.112035989761353,,,,
20,,,,,,f,scVI,,,,,,,,hvg,Input-gene sensitivity,default,2.0,10.246499061584473,,,,
2,,,,,,f,t-SNE,,,,,,,,hvg,Input-gene sensitivity,default,0.0,3.4867143630981445,,,,
2,,,,,,f,t-SNE,,,,,,,,hvg,Input-gene sensitivity,default,1.0,3.596757650375366,,,,
2,,,,,,f,t-SNE,,,,,,,,hvg,Input-gene sensitivity,default,2.0,3.473228454589844,,,,
20,,,,,,f,GLMPCA,,,,,,,,hvg,Input-gene sensitivity,dropout_0,0.0,2.513832330703736,,,,
20,,,,,,f,GLMPCA,,,,,,,,hvg,Input-gene sensitivity,dropout_0,1.0,3.0762460231781006,,,,
20,,,,,,f,GLMPCA,,,,,,,,hvg,Input-gene sensitivity,dropout_0,2.0,3.1470649242401123,,,,
20,,,,,,f,PCA,,,,,,,,hvg,Input-gene sensitivity,dropout_0,0.0,0.8768575191497803,,,,
20,,,,,,f,PCA,,,,,,,,hvg,Input-gene sensitivity,dropout_0,1.0,0.7923238277435303,,,,
20,,,,,,f,PCA,,,,,,,,hvg,Input-gene sensitivity,dropout_0,2.0,0.7332730293273926,,,,
2,,,,,,f,UMAP,,,,,,,,hvg,Input-gene sensitivity,dropout_0,0.0,4.992427587509155,,,,
2,,,,,,f,UMAP,,,,,,,,hvg,Input-gene sensitivity,dropout_0,1.0,4.875053405761719,,,,
2,,,,,,f,UMAP,,,,,,,,hvg,Input-gene sensitivity,dropout_0,2.0,4.884755611419678,,,,
20,,,,,,f,scGBM,,,,,,,,hvg,Input-gene sensitivity,dropout_0,0.0,4.417923927307129,,,,
20,,,,,,f,scGBM,,,,,,,,hvg,Input-gene sensitivity,dropout_0,1.0,4.498315572738648,,,,
20,,,,,,f,scGBM,,,,,,,,hvg,Input-gene sensitivity,dropout_0,2.0,4.453195810317993,,,,
20,,,,,,f,scVI,,,,,,,,hvg,Input-gene sensitivity,dropout_0,0.0,4.89236307144165,,,,
20,,,,,,f,scVI,,,,,,,,hvg,Input-gene sensitivity,dropout_0,1.0,4.865773916244507,,,,
20,,,,,,f,scVI,,,,,,,,hvg,Input-gene sensitivity,dropout_0,2.0,4.8851072788238525,,,,
2,,,,,,f,t-SNE,,,,,,,,hvg,Input-gene sensitivity,dropout_0,0.0,3.147524356842041,,,,
2,,,,,,f,t-SNE,,,,,,,,hvg,Input-gene sensitivity,dropout_0,1.0,3.235844850540161,,,,
2,,,,,,f,t-SNE,,,,,,,,hvg,Input-gene sensitivity,dropout_0,2.0,3.141347885131836,,,,
20,,,,,,f,GLMPCA,,,,,,,,hvg,Input-gene sensitivity,dropout_0,0.0,3.824268579483032,,,,
20,,,,,,f,GLMPCA,,,,,,,,hvg,Input-gene sensitivity,dropout_0,1.0,3.8429274559021,,,,
20,,,,,,f,GLMPCA,,,,,,,,hvg,Input-gene sensitivity,dropout_0,2.0,3.847088575363159,,,,
20,,,,,,f,PCA,,,,,,,,hvg,Input-gene sensitivity,dropout_0,0.0,0.7812347412109375,,,,
20,,,,,,f,PCA,,,,,,,,hvg,Input-gene sensitivity,dropout_0,1.0,0.8372220993041992,,,,
20,,,,,,f,PCA,,,,,,,,hvg,Input-gene sensitivity,dropout_0,2.0,0.888268232345581,,,,
2,,,,,,f,UMAP,,,,,,,,hvg,Input-gene sensitivity,dropout_0,0.0,4.910873174667358,,,,
2,,,,,,f,UMAP,,,,,,,,hvg,Input-gene sensitivity,dropout_0,1.0,4.958001136779785,,,,
2,,,,,,f,UMAP,,,,,,,,hvg,Input-gene sensitivity,dropout_0,2.0,4.958246469497681,,,,
20,,,,,,f,scGBM,,,,,,,,hvg,Input-gene sensitivity,dropout_0,0.0,7.020695209503174,,,,
20,,,,,,f,scGBM,,,,,,,,hvg,Input-gene sensitivity,dropout_0,1.0,6.976185321807861,,,,
20,,,,,,f,scGBM,,,,,,,,hvg,Input-gene sensitivity,dropout_0,2.0,6.73379921913147,,,,
20,,,,,,f,scVI,,,,,,,,hvg,Input-gene sensitivity,dropout_0,0.0,5.535014390945435,,,,
20,,,,,,f,scVI,,,,,,,,hvg,Input-gene sensitivity,dropout_0,1.0,5.521533727645874,,,,
20,,,,,,f,scVI,,,,,,,,hvg,Input-gene sensitivity,dropout_0,2.0,5.431626319885254,,,,
2,,,,,,f,t-SNE,,,,,,,,hvg,Input-gene sensitivity,dropout_0,0.0,3.521949052810669,,,,
2,,,,,,f,t-SNE,,,,,,,,hvg,Input-gene sensitivity,dropout_0,1.0,3.415083408355713,,,,
2,,,,,,f,t-SNE,,,,,,,,hvg,Input-gene sensitivity,dropout_0,2.0,3.391940832138061,,,,
20,,,,,,f,GLMPCA,,,,,,,,hvg,Input-gene sensitivity,dropout_0,0.0,8.177613735198975,,,,
20,,,,,,f,GLMPCA,,,,,,,,hvg,Input-gene sensitivity,dropout_0,1.0,8.257713317871094,,,,
20,,,,,,f,GLMPCA,,,,,,,,hvg,Input-gene sensitivity,dropout_0,2.0,8.266918182373047,,,,
20,,,,,,f,PCA,,,,,,,,hvg,Input-gene sensitivity,dropout_0,0.0,0.8829023838043213,,,,
20,,,,,,f,PCA,,,,,,,,hvg,Input-gene sensitivity,dropout_0,1.0,0.7691307067871094,,,,
20,,,,,,f,PCA,,,,,,,,hvg,Input-gene sensitivity,dropout_0,2.0,0.7979471683502197,,,,
2,,,,,,f,UMAP,,,,,,,,hvg,Input-gene sensitivity,dropout_0,0.0,4.948638916015625,,,,
2,,,,,,f,UMAP,,,,,,,,hvg,Input-gene sensitivity,dropout_0,1.0,5.017371654510498,,,,
2,,,,,,f,UMAP,,,,,,,,hvg,Input-gene sensitivity,dropout_0,2.0,5.02229905128479,,,,
20,,,,,,f,scGBM,,,,,,,,hvg,Input-gene sensitivity,dropout_0,0.0,15.10990285873413,,,,
20,,,,,,f,scGBM,,,,,,,,hvg,Input-gene sensitivity,dropout_0,1.0,14.845289707183838,,,,
20,,,,,,f,scGBM,,,,,,,,hvg,Input-gene sensitivity,dropout_0,2.0,15.160370349884031,,,,
20,,,,,,f,scVI,,,,,,,,hvg,Input-gene sensitivity,dropout_0,0.0,7.648137092590332,,,,
20,,,,,,f,scVI,,,,,,,,hvg,Input-gene sensitivity,dropout_0,1.0,7.6966552734375,,,,
20,,,,,,f,scVI,,,,,,,,hvg,Input-gene sensitivity,dropout_0,2.0,7.620599269866943,,,,
2,,,,,,f,t-SNE,,,,,,,,hvg,Input-gene sensitivity,dropout_0,0.0,3.33567214012146,,,,
2,,,,,,f,t-SNE,,,,,,,,hvg,Input-gene sensitivity,dropout_0,1.0,3.350028276443481,,,,
2,,,,,,f,t-SNE,,,,,,,,hvg,Input-gene sensitivity,dropout_0,2.0,3.3044824600219727,,,,
20,,,,,,f,GLMPCA,,,,,,,,hvg,Input-gene sensitivity,dropout_0,0.0,12.862367391586304,,,,
20,,,,,,f,GLMPCA,,,,,,,,hvg,Input-gene sensitivity,dropout_0,1.0,12.72510862350464,,,,
20,,,,,,f,GLMPCA,,,,,,,,hvg,Input-gene sensitivity,dropout_0,2.0,12.741411209106444,,,,
20,,,,,,f,PCA,,,,,,,,hvg,Input-gene sensitivity,dropout_0,0.0,1.04380464553833,,,,
20,,,,,,f,PCA,,,,,,,,hvg,Input-gene sensitivity,dropout_0,1.0,0.8625078201293945,,,,
20,,,,,,f,PCA,,,,,,,,hvg,Input-gene sensitivity,dropout_0,2.0,1.03879714012146,,,,
2,,,,,,f,UMAP,,,,,,,,hvg,Input-gene sensitivity,dropout_0,0.0,5.34238338470459,,,,
2,,,,,,f,UMAP,,,,,,,,hvg,Input-gene sensitivity,dropout_0,1.0,5.267316102981567,,,,
2,,,,,,f,UMAP,,,,,,,,hvg,Input-gene sensitivity,dropout_0,2.0,5.305097341537476,,,,
20,,,,,,f,scGBM,,,,,,,,hvg,Input-gene sensitivity,dropout_0,0.0,25.639222145080566,,,,
20,,,,,,f,scGBM,,,,,,,,hvg,Input-gene sensitivity,dropout_0,1.0,25.780173778533936,,,,
20,,,,,,f,scGBM,,,,,,,,hvg,Input-gene sensitivity,dropout_0,2.0,27.01165223121643,,,,
20,,,,,,f,scVI,,,,,,,,hvg,Input-gene sensitivity,dropout_0,0.0,10.186054468154907,,,,
20,,,,,,f,scVI,,,,,,,,hvg,Input-gene sensitivity,dropout_0,1.0,9.82050848007202,,,,
20,,,,,,f,scVI,,,,,,,,hvg,Input-gene sensitivity,dropout_0,2.0,9.924180746078491,,,,
2,,,,,,f,t-SNE,,,,,,,,hvg,Input-gene sensitivity,dropout_0,0.0,3.781525135040283,,,,
2,,,,,,f,t-SNE,,,,,,,,hvg,Input-gene sensitivity,dropout_0,1.0,3.64335036277771,,,,
2,,,,,,f,t-SNE,,,,,,,,hvg,Input-gene sensitivity,dropout_0,2.0,3.5832436084747314,,,,
20,,,,,,f,GLMPCA,,,,,,,,hvg,Input-gene sensitivity,gene_5k,0.0,2.492915153503418,,,,
20,,,,,,f,GLMPCA,,,,,,,,hvg,Input-gene sensitivity,gene_5k,1.0,2.4837026596069336,,,,
20,,,,,,f,GLMPCA,,,,,,,,hvg,Input-gene sensitivity,gene_5k,2.0,2.489926815032959,,,,
20,,,,,,f,PCA,,,,,,,,hvg,Input-gene sensitivity,gene_5k,0.0,1.0161762237548828,,,,
20,,,,,,f,PCA,,,,,,,,hvg,Input-gene sensitivity,gene_5k,1.0,0.8925895690917969,,,,
20,,,,,,f,PCA,,,,,,,,hvg,Input-gene sensitivity,gene_5k,2.0,0.965233564376831,,,,
2,,,,,,f,UMAP,,,,,,,,hvg,Input-gene sensitivity,gene_5k,0.0,5.41026782989502,,,,
2,,,,,,f,UMAP,,,,,,,,hvg,Input-gene sensitivity,gene_5k,1.0,5.2318291664123535,,,,
2,,,,,,f,UMAP,,,,,,,,hvg,Input-gene sensitivity,gene_5k,2.0,5.488831520080566,,,,
20,,,,,,f,scGBM,,,,,,,,hvg,Input-gene sensitivity,gene_5k,0.0,4.63921046257019,,,,
20,,,,,,f,scGBM,,,,,,,,hvg,Input-gene sensitivity,gene_5k,1.0,4.651530504226685,,,,
20,,,,,,f,scGBM,,,,,,,,hvg,Input-gene sensitivity,gene_5k,2.0,4.723552465438843,,,,
20,,,,,,f,scVI,,,,,,,,hvg,Input-gene sensitivity,gene_5k,0.0,4.947096824645996,,,,
20,,,,,,f,scVI,,,,,,,,hvg,Input-gene sensitivity,gene_5k,1.0,4.96258020401001,,,,
20,,,,,,f,scVI,,,,,,,,hvg,Input-gene sensitivity,gene_5k,2.0,5.0885889530181885,,,,
2,,,,,,f,t-SNE,,,,,,,,hvg,Input-gene sensitivity,gene_5k,0.0,3.546696901321411,,,,
2,,,,,,f,t-SNE,,,,,,,,hvg,Input-gene sensitivity,gene_5k,1.0,3.47672438621521,,,,
2,,,,,,f,t-SNE,,,,,,,,hvg,Input-gene sensitivity,gene_5k,2.0,3.361905813217163,,,,
20,,,,,,f,GLMPCA,,,,,,,,hvg,Input-gene sensitivity,gene_5k,0.0,3.997515916824341,,,,
20,,,,,,f,GLMPCA,,,,,,,,hvg,Input-gene sensitivity,gene_5k,1.0,4.023794889450073,,,,
20,,,,,,f,GLMPCA,,,,,,,,hvg,Input-gene sensitivity,gene_5k,2.0,4.013714551925659,,,,
20,,,,,,f,PCA,,,,,,,,hvg,Input-gene sensitivity,gene_5k,0.0,0.9079091548919678,,,,
20,,,,,,f,PCA,,,,,,,,hvg,Input-gene sensitivity,gene_5k,1.0,1.031930685043335,,,,
20,,,,,,f,PCA,,,,,,,,hvg,Input-gene sensitivity,gene_5k,2.0,0.9805057048797609,,,,
2,,,,,,f,UMAP,,,,,,,,hvg,Input-gene sensitivity,gene_5k,0.0,5.52048134803772,,,,
2,,,,,,f,UMAP,,,,,,,,hvg,Input-gene sensitivity,gene_5k,1.0,5.413120746612549,,,,
2,,,,,,f,UMAP,,,,,,,,hvg,Input-gene sensitivity,gene_5k,2.0,5.421643495559692,,,,
20,,,,,,f,scGBM,,,,,,,,hvg,Input-gene sensitivity,gene_5k,0.0,7.153361082077026,,,,
20,,,,,,f,scGBM,,,,,,,,hvg,Input-gene sensitivity,gene_5k,1.0,7.14164137840271,,,,
20,,,,,,f,scGBM,,,,,,,,hvg,Input-gene sensitivity,gene_5k,2.0,7.177274227142334,,,,
20,,,,,,f,scVI,,,,,,,,hvg,Input-gene sensitivity,gene_5k,0.0,5.726761341094971,,,,
20,,,,,,f,scVI,,,,,,,,hvg,Input-gene sensitivity,gene_5k,1.0,5.712635278701782,,,,
20,,,,,,f,scVI,,,,,,,,hvg,Input-gene sensitivity,gene_5k,2.0,5.763619661331177,,,,
2,,,,,,f,t-SNE,,,,,,,,hvg,Input-gene sensitivity,gene_5k,0.0,3.6339869499206543,,,,
2,,,,,,f,t-SNE,,,,,,,,hvg,Input-gene sensitivity,gene_5k,1.0,3.424949407577514,,,,
2,,,,,,f,t-SNE,,,,,,,,hvg,Input-gene sensitivity,gene_5k,2.0,3.411386013031006,,,,
20,,,,,,f,GLMPCA,,,,,,,,hvg,Input-gene sensitivity,gene_5k,0.0,6.717105865478516,,,,
20,,,,,,f,GLMPCA,,,,,,,,hvg,Input-gene sensitivity,gene_5k,1.0,6.874999523162842,,,,
20,,,,,,f,GLMPCA,,,,,,,,hvg,Input-gene sensitivity,gene_5k,2.0,6.754514694213867,,,,
20,,,,,,f,PCA,,,,,,,,hvg,Input-gene sensitivity,gene_5k,0.0,0.993577003479004,,,,
20,,,,,,f,PCA,,,,,,,,hvg,Input-gene sensitivity,gene_5k,1.0,1.0017807483673096,,,,
20,,,,,,f,PCA,,,,,,,,hvg,Input-gene sensitivity,gene_5k,2.0,1.0651843547821045,,,,
2,,,,,,f,UMAP,,,,,,,,hvg,Input-gene sensitivity,gene_5k,0.0,5.3528923988342285,,,,
2,,,,,,f,UMAP,,,,,,,,hvg,Input-gene sensitivity,gene_5k,1.0,5.298886060714722,,,,
2,,,,,,f,UMAP,,,,,,,,hvg,Input-gene sensitivity,gene_5k,2.0,5.352589130401611,,,,
20,,,,,,f,scGBM,,,,,,,,hvg,Input-gene sensitivity,gene_5k,0.0,16.12949252128601,,,,
20,,,,,,f,scGBM,,,,,,,,hvg,Input-gene sensitivity,gene_5k,1.0,16.379886388778687,,,,
20,,,,,,f,scGBM,,,,,,,,hvg,Input-gene sensitivity,gene_5k,2.0,16.130839824676514,,,,
20,,,,,,f,scVI,,,,,,,,hvg,Input-gene sensitivity,gene_5k,0.0,7.778576612472534,,,,
20,,,,,,f,scVI,,,,,,,,hvg,Input-gene sensitivity,gene_5k,1.0,7.90559196472168,,,,
20,,,,,,f,scVI,,,,,,,,hvg,Input-gene sensitivity,gene_5k,2.0,8.20068621635437,,,,
2,,,,,,f,t-SNE,,,,,,,,hvg,Input-gene sensitivity,gene_5k,0.0,3.6410419940948486,,,,
2,,,,,,f,t-SNE,,,,,,,,hvg,Input-gene sensitivity,gene_5k,1.0,3.555476188659668,,,,
2,,,,,,f,t-SNE,,,,,,,,hvg,Input-gene sensitivity,gene_5k,2.0,3.64850115776062,,,,
20,,,,,,f,GLMPCA,,,,,,,,hvg,Input-gene sensitivity,gene_5k,0.0,15.497739553451538,,,,
20,,,,,,f,GLMPCA,,,,,,,,hvg,Input-gene sensitivity,gene_5k,1.0,15.724611520767212,,,,
20,,,,,,f,GLMPCA,,,,,,,,hvg,Input-gene sensitivity,gene_5k,2.0,14.236947774887083,,,,
20,,,,,,f,PCA,,,,,,,,hvg,Input-gene sensitivity,gene_5k,0.0,1.0591917037963867,,,,
20,,,,,,f,PCA,,,,,,,,hvg,Input-gene sensitivity,gene_5k,1.0,1.0991935729980469,,,,
20,,,,,,f,PCA,,,,,,,,hvg,Input-gene sensitivity,gene_5k,2.0,1.1038661003112793,,,,
2,,,,,,f,UMAP,,,,,,,,hvg,Input-gene sensitivity,gene_5k,0.0,5.380085468292236,,,,
2,,,,,,f,UMAP,,,,,,,,hvg,Input-gene sensitivity,gene_5k,1.0,5.3369245529174805,,,,
2,,,,,,f,UMAP,,,,,,,,hvg,Input-gene sensitivity,gene_5k,2.0,5.4918506145477295,,,,
20,,,,,,f,scGBM,,,,,,,,hvg,Input-gene sensitivity,gene_5k,0.0,29.13626194000244,,,,
20,,,,,,f,scGBM,,,,,,,,hvg,Input-gene sensitivity,gene_5k,1.0,28.229079961776733,,,,
20,,,,,,f,scGBM,,,,,,,,hvg,Input-gene sensitivity,gene_5k,2.0,27.401525735855103,,,,
20,,,,,,f,scVI,,,,,,,,hvg,Input-gene sensitivity,gene_5k,0.0,10.440759181976318,,,,
20,,,,,,f,scVI,,,,,,,,hvg,Input-gene sensitivity,gene_5k,1.0,15.686456203460692,,,,
20,,,,,,f,scVI,,,,,,,,hvg,Input-gene sensitivity,gene_5k,2.0,22.58917617797852,,,,
2,,,,,,f,t-SNE,,,,,,,,hvg,Input-gene sensitivity,gene_5k,0.0,3.6249337196350098,,,,
2,,,,,,f,t-SNE,,,,,,,,hvg,Input-gene sensitivity,gene_5k,1.0,3.560441493988037,,,,
2,,,,,,f,t-SNE,,,,,,,,hvg,Input-gene sensitivity,gene_5k,2.0,3.65458345413208,,,,
20,,,,,,f,GLMPCA,,,,,,,,hvg,Input-gene sensitivity,gene_5w,0.0,2.2310540676116943,,,,
20,,,,,,f,GLMPCA,,,,,,,,hvg,Input-gene sensitivity,gene_5w,1.0,2.223562479019165,,,,
20,,,,,,f,GLMPCA,,,,,,,,hvg,Input-gene sensitivity,gene_5w,2.0,2.2559614181518555,,,,
20,,,,,,f,PCA,,,,,,,,hvg,Input-gene sensitivity,gene_5w,0.0,0.7674870491027832,,,,
20,,,,,,f,PCA,,,,,,,,hvg,Input-gene sensitivity,gene_5w,1.0,0.6557729244232178,,,,
20,,,,,,f,PCA,,,,,,,,hvg,Input-gene sensitivity,gene_5w,2.0,0.7802329063415527,,,,
2,,,,,,f,UMAP,,,,,,,,hvg,Input-gene sensitivity,gene_5w,0.0,4.937958478927612,,,,
2,,,,,,f,UMAP,,,,,,,,hvg,Input-gene sensitivity,gene_5w,1.0,4.901075839996338,,,,
2,,,,,,f,UMAP,,,,,,,,hvg,Input-gene sensitivity,gene_5w,2.0,4.821765661239624,,,,
20,,,,,,f,scGBM,,,,,,,,hvg,Input-gene sensitivity,gene_5w,0.0,4.5331199169158936,,,,
20,,,,,,f,scGBM,,,,,,,,hvg,Input-gene sensitivity,gene_5w,1.0,4.552352428436279,,,,
20,,,,,,f,scGBM,,,,,,,,hvg,Input-gene sensitivity,gene_5w,2.0,4.523248672485352,,,,
20,,,,,,f,scVI,,,,,,,,hvg,Input-gene sensitivity,gene_5w,0.0,4.690890550613403,,,,
20,,,,,,f,scVI,,,,,,,,hvg,Input-gene sensitivity,gene_5w,1.0,4.705139875411987,,,,
20,,,,,,f,scVI,,,,,,,,hvg,Input-gene sensitivity,gene_5w,2.0,4.853588342666626,,,,
2,,,,,,f,t-SNE,,,,,,,,hvg,Input-gene sensitivity,gene_5w,0.0,3.5305426120758057,,,,
2,,,,,,f,t-SNE,,,,,,,,hvg,Input-gene sensitivity,gene_5w,1.0,3.397866487503052,,,,
2,,,,,,f,t-SNE,,,,,,,,hvg,Input-gene sensitivity,gene_5w,2.0,3.4202380180358887,,,,
20,,,,,,f,GLMPCA,,,,,,,,hvg,Input-gene sensitivity,gene_5w,0.0,3.542560577392578,,,,
20,,,,,,f,GLMPCA,,,,,,,,hvg,Input-gene sensitivity,gene_5w,1.0,3.5629196166992188,,,,
20,,,,,,f,GLMPCA,,,,,,,,hvg,Input-gene sensitivity,gene_5w,2.0,3.5963447093963623,,,,
20,,,,,,f,PCA,,,,,,,,hvg,Input-gene sensitivity,gene_5w,0.0,0.6620690822601318,,,,
20,,,,,,f,PCA,,,,,,,,hvg,Input-gene sensitivity,gene_5w,1.0,0.7941668033599854,,,,
20,,,,,,f,PCA,,,,,,,,hvg,Input-gene sensitivity,gene_5w,2.0,0.7856149673461914,,,,
2,,,,,,f,UMAP,,,,,,,,hvg,Input-gene sensitivity,gene_5w,0.0,4.88571047782898,,,,
2,,,,,,f,UMAP,,,,,,,,hvg,Input-gene sensitivity,gene_5w,1.0,4.866805553436279,,,,
2,,,,,,f,UMAP,,,,,,,,hvg,Input-gene sensitivity,gene_5w,2.0,4.849266529083252,,,,
20,,,,,,f,scGBM,,,,,,,,hvg,Input-gene sensitivity,gene_5w,0.0,8.828151941299438,,,,
20,,,,,,f,scGBM,,,,,,,,hvg,Input-gene sensitivity,gene_5w,1.0,8.907625913619995,,,,
20,,,,,,f,scGBM,,,,,,,,hvg,Input-gene sensitivity,gene_5w,2.0,8.586836099624634,,,,
20,,,,,,f,scVI,,,,,,,,hvg,Input-gene sensitivity,gene_5w,0.0,5.450469255447388,,,,
20,,,,,,f,scVI,,,,,,,,hvg,Input-gene sensitivity,gene_5w,1.0,5.545263767242432,,,,
20,,,,,,f,scVI,,,,,,,,hvg,Input-gene sensitivity,gene_5w,2.0,5.465062618255615,,,,
2,,,,,,f,t-SNE,,,,,,,,hvg,Input-gene sensitivity,gene_5w,0.0,3.7333483695983887,,,,
2,,,,,,f,t-SNE,,,,,,,,hvg,Input-gene sensitivity,gene_5w,1.0,3.3427934646606445,,,,
2,,,,,,f,t-SNE,,,,,,,,hvg,Input-gene sensitivity,gene_5w,2.0,3.3320770263671875,,,,
20,,,,,,f,GLMPCA,,,,,,,,hvg,Input-gene sensitivity,gene_5w,0.0,7.640349626541138,,,,
20,,,,,,f,GLMPCA,,,,,,,,hvg,Input-gene sensitivity,gene_5w,1.0,7.665385246276855,,,,
20,,,,,,f,GLMPCA,,,,,,,,hvg,Input-gene sensitivity,gene_5w,2.0,7.663561105728149,,,,
20,,,,,,f,PCA,,,,,,,,hvg,Input-gene sensitivity,gene_5w,0.0,0.8132884502410889,,,,
20,,,,,,f,PCA,,,,,,,,hvg,Input-gene sensitivity,gene_5w,1.0,0.8435909748077393,,,,
20,,,,,,f,PCA,,,,,,,,hvg,Input-gene sensitivity,gene_5w,2.0,0.8439936637878418,,,,
2,,,,,,f,UMAP,,,,,,,,hvg,Input-gene sensitivity,gene_5w,0.0,5.144771337509155,,,,
2,,,,,,f,UMAP,,,,,,,,hvg,Input-gene sensitivity,gene_5w,1.0,4.954150199890137,,,,
2,,,,,,f,UMAP,,,,,,,,hvg,Input-gene sensitivity,gene_5w,2.0,4.9770941734313965,,,,
20,,,,,,f,scGBM,,,,,,,,hvg,Input-gene sensitivity,gene_5w,0.0,14.510318517684937,,,,
20,,,,,,f,scGBM,,,,,,,,hvg,Input-gene sensitivity,gene_5w,1.0,14.606441020965576,,,,
20,,,,,,f,scGBM,,,,,,,,hvg,Input-gene sensitivity,gene_5w,2.0,14.661510467529297,,,,
20,,,,,,f,scVI,,,,,,,,hvg,Input-gene sensitivity,gene_5w,0.0,7.597529888153076,,,,
20,,,,,,f,scVI,,,,,,,,hvg,Input-gene sensitivity,gene_5w,1.0,7.634929180145264,,,,
20,,,,,,f,scVI,,,,,,,,hvg,Input-gene sensitivity,gene_5w,2.0,7.630280017852783,,,,
2,,,,,,f,t-SNE,,,,,,,,hvg,Input-gene sensitivity,gene_5w,0.0,3.252449989318848,,,,
2,,,,,,f,t-SNE,,,,,,,,hvg,Input-gene sensitivity,gene_5w,1.0,3.2941341400146484,,,,
2,,,,,,f,t-SNE,,,,,,,,hvg,Input-gene sensitivity,gene_5w,2.0,3.585029602050781,,,,
20,,,,,,f,GLMPCA,,,,,,,,hvg,Input-gene sensitivity,gene_5w,0.0,11.864962100982666,,,,
20,,,,,,f,GLMPCA,,,,,,,,hvg,Input-gene sensitivity,gene_5w,1.0,11.836725234985352,,,,
20,,,,,,f,GLMPCA,,,,,,,,hvg,Input-gene sensitivity,gene_5w,2.0,11.855565786361694,,,,
20,,,,,,f,PCA,,,,,,,,hvg,Input-gene sensitivity,gene_5w,0.0,0.772381067276001,,,,
20,,,,,,f,PCA,,,,,,,,hvg,Input-gene sensitivity,gene_5w,1.0,0.8774805068969727,,,,
20,,,,,,f,PCA,,,,,,,,hvg,Input-gene sensitivity,gene_5w,2.0,0.7691514492034912,,,,
2,,,,,,f,UMAP,,,,,,,,hvg,Input-gene sensitivity,gene_5w,0.0,5.311341285705566,,,,
2,,,,,,f,UMAP,,,,,,,,hvg,Input-gene sensitivity,gene_5w,1.0,5.501417875289917,,,,
2,,,,,,f,UMAP,,,,,,,,hvg,Input-gene sensitivity,gene_5w,2.0,5.332090139389038,,,,
20,,,,,,f,scGBM,,,,,,,,hvg,Input-gene sensitivity,gene_5w,0.0,25.529397010803223,,,,
20,,,,,,f,scGBM,,,,,,,,hvg,Input-gene sensitivity,gene_5w,1.0,24.85146117210388,,,,
20,,,,,,f,scGBM,,,,,,,,hvg,Input-gene sensitivity,gene_5w,2.0,24.880696773529053,,,,
20,,,,,,f,scVI,,,,,,,,hvg,Input-gene sensitivity,gene_5w,0.0,9.779561042785645,,,,
20,,,,,,f,scVI,,,,,,,,hvg,Input-gene sensitivity,gene_5w,1.0,9.945770025253296,,,,
20,,,,,,f,scVI,,,,,,,,hvg,Input-gene sensitivity,gene_5w,2.0,9.834160089492798,,,,
2,,,,,,f,t-SNE,,,,,,,,hvg,Input-gene sensitivity,gene_5w,0.0,3.469379425048828,,,,
2,,,,,,f,t-SNE,,,,,,,,hvg,Input-gene sensitivity,gene_5w,1.0,3.5196008682250977,,,,
2,,,,,,f,t-SNE,,,,,,,,hvg,Input-gene sensitivity,gene_5w,2.0,3.593188524246216,,,,
,,,,,,g,,,,,,,,,scvi,,,,,42.0,1.0,0.19846053675068676,
,,,,,,g,,,,,,,,,dimension,,,,,128.0,6.0,0.07395653581886015,
,,,,,,g,,,,,,,,,workflow,,,,,96.0,4.0,0.042681877809056856,
,,,,,,g,,,,,,,,,hvg,,,,,144.0,6.0,0.2537133450780556,
,,,,,,h,GLMPCA,,,,,,,,dimension,,,,,,,0.1905684093929079,linear
,,,,,,h,GLMPCA,,,,,,,,hvg,,,,,,,0.3119513825909419,linear
,,,,,,h,PCA,,,,,,,,dimension,,,,,,,0.14366383471637584,linear
,,,,,,h,PCA,,,,,,,,hvg,,,,,,,0.219753187326158,linear
,,,,,,h,PHATE,,,,,,,,workflow,,,,,,,0.008860428063733439,graph
,,,,,,h,PaCMAP,,,,,,,,workflow,,,,,,,0.0028517197716451115,metric
,,,,,,h,SAUCIE,,,,,,,,dimension,,,,,,,0.004721445632354201,deep
,,,,,,h,UMAP,,,,,,,,hvg,,,,,,,0.2523655279571374,graph
,,,,,,h,UMAP,,,,,,,,workflow,,,,,,,0.3461532616972747,graph
,,,,,,h,pCMF,,,,,,,,dimension,,,,,,,0.00270950780803755,linear
,,,,,,h,scGBM,,,,,,,,dimension,,,,,,,0.45675881036683447,linear
,,,,,,h,scGBM,,,,,,,,hvg,,,,,,,0.17133632482339334,linear
,,,,,,h,scVI,,,,,,,,dimension,,,,,,,0.7041712796257431,deep
,,,,,,h,scVI,,,,,,,,hvg,,,,,,,0.2171054024138656,deep
,,,,,,h,scVI,,,,,,,,scvi,,,,,,,0.19846053675068676,deep
,,,,,,h,t-SNE,,,,,,,,hvg,,,,,,,0.3571837144635593,metric
,,,,,,h,t-SNE,,,,,,,,workflow,,,,,,,0.197900045058786,metric
