sample,x,y,method,annotation_label
0,-10.583262,17.858114,SPDR,b.cells
1,-14.911312,15.966384,SPDR,b.cells
2,-6.3002257,18.998396,SPDR,b.cells
3,-7.177749,19.97171,SPDR,b.cells
4,-7.281197,17.37971,SPDR,b.cells
5,-9.51899,15.276112,SPDR,b.cells
6,-8.433392,16.114468,SPDR,b.cells
7,-5.677747,22.523378,SPDR,b.cells
8,-10.126219,17.701918,SPDR,b.cells
9,-7.484364,18.115646,SPDR,b.cells
10,-8.781513,19.649874,SPDR,b.cells
11,-12.488652,25.850403,SPDR,b.cells
12,-8.337424,18.30405,SPDR,b.cells
13,-5.7178926,18.05379,SPDR,b.cells
14,-8.206868,15.551996,SPDR,b.cells
15,-13.642975,23.493963,SPDR,b.cells
16,-15.253345,16.938604,SPDR,b.cells
17,-9.196502,17.76902,SPDR,b.cells
18,-15.662643,16.7352,SPDR,b.cells
19,-10.740906,14.841833,SPDR,b.cells
20,-8.987694,15.573383,SPDR,b.cells
21,-10.169265,17.284185,SPDR,b.cells
22,-5.484215,16.605255,SPDR,b.cells
23,-13.570816,21.584305,SPDR,b.cells
24,-10.657563,16.52394,SPDR,b.cells
25,-9.928963,17.429058,SPDR,b.cells
26,-7.0889277,19.593227,SPDR,b.cells
27,-7.2399526,20.93568,SPDR,b.cells
28,-8.395213,19.685007,SPDR,b.cells
29,-6.203936,21.31897,SPDR,b.cells
30,-13.292492,18.402185,SPDR,b.cells
31,-11.53154,18.840014,SPDR,b.cells
32,-6.205197,13.849092,SPDR,b.cells
33,-8.435459,17.735098,SPDR,b.cells
34,-12.714407,21.390743,SPDR,b.cells
35,-11.090856,21.74262,SPDR,b.cells
36,-6.5218983,20.112713,SPDR,b.cells
37,-8.55836,17.69377,SPDR,b.cells
38,-11.099767,16.80389,SPDR,b.cells
39,-9.871609,16.1532,SPDR,b.cells
40,-6.4858866,19.770876,SPDR,b.cells
41,-13.838737,16.645735,SPDR,b.cells
42,-12.478088,18.305819,SPDR,b.cells
43,-10.445665,18.393248,SPDR,b.cells
44,-11.021424,18.972668,SPDR,b.cells
45,-11.014852,17.729774,SPDR,b.cells
46,-12.895272,16.795076,SPDR,b.cells
47,-5.9942565,17.815485,SPDR,b.cells
48,-11.690647,17.023006,SPDR,b.cells
49,-7.7657223,18.233854,SPDR,b.cells
50,-14.814426,22.967182,SPDR,b.cells
51,-7.844838,15.131218,SPDR,b.cells
52,-12.498486,23.042746,SPDR,b.cells
53,-9.645389,16.898941,SPDR,b.cells
54,-9.349251,19.426468,SPDR,b.cells
55,-14.150452,22.963846,SPDR,b.cells
56,-10.239873,18.414625,SPDR,b.cells
57,-9.864842,16.684118,SPDR,b.cells
58,-5.5010796,18.034874,SPDR,b.cells
59,-14.811851,23.012049,SPDR,b.cells
60,-15.465585,17.268663,SPDR,b.cells
61,-13.259606,22.793825,SPDR,b.cells
62,-8.352346,19.330507,SPDR,b.cells
63,-7.5303116,19.598146,SPDR,b.cells
64,-13.7573185,18.333677,SPDR,b.cells
65,-4.9770627,18.881886,SPDR,b.cells
66,-3.3439577,18.655615,SPDR,b.cells
67,-11.027109,18.170666,SPDR,b.cells
68,-7.328023,19.43556,SPDR,b.cells
69,-6.439388,21.446793,SPDR,b.cells
70,-16.107344,17.284336,SPDR,b.cells
71,-9.342128,19.176723,SPDR,b.cells
72,-7.1709,15.489344,SPDR,b.cells
73,-10.307434,18.084846,SPDR,b.cells
74,-7.6233377,18.976278,SPDR,b.cells
75,-8.9096155,16.584555,SPDR,b.cells
76,-14.07871,23.091434,SPDR,b.cells
77,-10.711425,22.159382,SPDR,b.cells
78,-11.630155,23.49077,SPDR,b.cells
79,-7.27339,14.615651,SPDR,b.cells
80,-6.630522,20.543709,SPDR,b.cells
81,-10.095497,16.497072,SPDR,b.cells
82,-16.07304,16.948162,SPDR,b.cells
83,-7.443727,17.273365,SPDR,b.cells
84,-7.012635,17.855347,SPDR,b.cells
85,-12.310646,21.295383,SPDR,b.cells
86,-9.38101,18.12712,SPDR,b.cells
87,-10.1600065,16.364134,SPDR,b.cells
88,-9.541431,18.429716,SPDR,b.cells
89,-12.0136795,17.525858,SPDR,b.cells
90,-5.9541078,15.457097,SPDR,b.cells
91,-13.91499,17.989552,SPDR,b.cells
92,-6.0791698,20.662018,SPDR,b.cells
93,-14.162846,16.463211,SPDR,b.cells
94,-8.287559,15.568549,SPDR,b.cells
95,-8.440949,19.22112,SPDR,b.cells
96,-10.077809,20.746258,SPDR,b.cells
97,-9.072522,16.958935,SPDR,b.cells
98,-9.30666,19.132826,SPDR,b.cells
99,-11.671133,18.965883,SPDR,b.cells
100,-11.646099,17.907562,SPDR,b.cells
101,-10.12026,16.849884,SPDR,b.cells
102,-9.20913,23.858816,SPDR,b.cells
103,-8.752956,17.652857,SPDR,b.cells
104,-6.608897,21.542646,SPDR,b.cells
105,-9.02191,21.393316,SPDR,b.cells
106,-9.867013,17.187342,SPDR,b.cells
107,-11.631445,14.538618,SPDR,b.cells
108,-9.0945635,18.780678,SPDR,b.cells
109,-13.973896,16.916077,SPDR,b.cells
110,-9.139865,16.542952,SPDR,b.cells
111,-6.566662,18.438593,SPDR,b.cells
112,-10.898409,18.283182,SPDR,b.cells
113,-4.715763,19.376747,SPDR,b.cells
114,-15.606474,16.66206,SPDR,b.cells
115,-7.166859,20.518276,SPDR,b.cells
116,-8.807785,18.221731,SPDR,b.cells
117,-5.4880705,16.835672,SPDR,b.cells
118,-9.321291,17.179123,SPDR,b.cells
119,-14.220359,17.131325,SPDR,b.cells
120,-9.274673,20.11979,SPDR,b.cells
121,-10.094151,17.934053,SPDR,b.cells
122,-8.71416,19.561108,SPDR,b.cells
123,-11.4309225,19.584633,SPDR,b.cells
124,-3.8074646,17.211946,SPDR,b.cells
125,-15.140661,22.605913,SPDR,b.cells
126,-11.810278,19.20396,SPDR,b.cells
127,-11.003711,18.320316,SPDR,b.cells
128,-7.879641,18.11524,SPDR,b.cells
129,-8.15772,17.96721,SPDR,b.cells
130,-5.9220667,17.7537,SPDR,b.cells
131,-6.4278607,17.003887,SPDR,b.cells
132,-4.7290707,19.945759,SPDR,b.cells
133,-15.295008,22.895018,SPDR,b.cells
134,-3.4874377,18.57715,SPDR,b.cells
135,-15.867936,17.544895,SPDR,b.cells
136,-14.685647,22.99681,SPDR,b.cells
137,-11.0746155,20.25753,SPDR,b.cells
138,-7.0593047,17.000149,SPDR,b.cells
139,-7.3445363,14.299813,SPDR,b.cells
140,-6.9923806,19.31011,SPDR,b.cells
141,-8.010224,20.495775,SPDR,b.cells
142,-8.538041,19.913057,SPDR,b.cells
143,-11.250981,19.180462,SPDR,b.cells
144,-9.95439,19.001408,SPDR,b.cells
145,-10.846409,15.141883,SPDR,b.cells
146,-14.258559,16.921385,SPDR,b.cells
147,-8.325623,18.598614,SPDR,b.cells
148,-7.827706,18.365519,SPDR,b.cells
149,-4.774126,16.96315,SPDR,b.cells
150,-15.124661,22.323812,SPDR,b.cells
151,-10.529886,17.993689,SPDR,b.cells
152,-9.129028,18.966337,SPDR,b.cells
153,-7.6033783,18.547209,SPDR,b.cells
154,-8.104517,19.819107,SPDR,b.cells
155,-7.0278773,18.601835,SPDR,b.cells
156,-15.315759,16.743977,SPDR,b.cells
157,-6.4150896,18.669104,SPDR,b.cells
158,-7.9706163,21.370441,SPDR,b.cells
159,-10.806052,16.07964,SPDR,b.cells
160,-7.159541,20.966314,SPDR,b.cells
161,-6.5931115,15.045074,SPDR,b.cells
162,-9.455492,18.79786,SPDR,b.cells
163,-14.918032,16.348524,SPDR,b.cells
164,-7.642312,18.622992,SPDR,b.cells
165,-11.739341,16.867516,SPDR,b.cells
166,-12.30656,17.953602,SPDR,b.cells
167,-7.2565136,19.96019,SPDR,b.cells
168,-9.17298,19.082682,SPDR,b.cells
169,-9.75126,15.110988,SPDR,b.cells
170,-6.4870734,17.961754,SPDR,b.cells
171,-14.488542,23.040468,SPDR,b.cells
172,-10.0047,18.710188,SPDR,b.cells
173,-14.84348,16.108362,SPDR,b.cells
174,-14.936354,17.124731,SPDR,b.cells
175,-11.544802,15.15318,SPDR,b.cells
176,-12.092829,17.058329,SPDR,b.cells
177,-15.342859,16.564266,SPDR,b.cells
178,-9.640158,17.489737,SPDR,b.cells
179,-8.598271,19.826817,SPDR,b.cells
180,-14.818883,22.893105,SPDR,b.cells
181,-10.875572,18.871796,SPDR,b.cells
182,-9.236395,18.340668,SPDR,b.cells
183,-6.4140115,15.394366,SPDR,b.cells
184,-9.374758,19.258057,SPDR,b.cells
185,-11.221939,15.660148,SPDR,b.cells
186,-14.023965,22.913757,SPDR,b.cells
187,-8.186885,20.469957,SPDR,b.cells
188,-8.2765665,20.052881,SPDR,b.cells
189,-10.752768,16.602068,SPDR,b.cells
190,-14.550331,22.939543,SPDR,b.cells
191,-9.081748,16.236975,SPDR,b.cells
192,-14.771692,22.90752,SPDR,b.cells
193,-11.151142,17.79961,SPDR,b.cells
194,-14.688343,16.731483,SPDR,b.cells
195,-7.4650416,15.758128,SPDR,b.cells
196,-10.009494,24.039513,SPDR,b.cells
197,-15.269581,16.946205,SPDR,b.cells
198,-8.914801,23.823374,SPDR,b.cells
199,-11.493589,19.046288,SPDR,b.cells
200,-16.415667,17.60102,SPDR,b.cells
201,-11.35594,17.592098,SPDR,b.cells
202,-9.570288,16.802507,SPDR,b.cells
203,-7.550433,16.477776,SPDR,b.cells
204,-15.49177,17.000772,SPDR,b.cells
205,-4.947712,20.447412,SPDR,b.cells
206,-9.370992,17.967377,SPDR,b.cells
207,-7.0274153,18.761461,SPDR,b.cells
208,-4.894024,17.383957,SPDR,b.cells
209,-15.996731,16.176292,SPDR,b.cells
210,-15.106437,23.279346,SPDR,b.cells
211,-10.25746,17.668554,SPDR,b.cells
212,-4.0059595,21.786034,SPDR,b.cells
213,-10.717967,17.903065,SPDR,b.cells
214,-8.969821,17.62505,SPDR,b.cells
215,-14.240217,23.271305,SPDR,b.cells
216,-6.456455,15.714096,SPDR,b.cells
217,-11.952289,18.054941,SPDR,b.cells
218,-4.724344,17.10424,SPDR,b.cells
219,-5.7708178,20.143694,SPDR,b.cells
220,-4.9632487,20.985085,SPDR,b.cells
221,-6.0062747,17.83747,SPDR,b.cells
222,-8.502656,19.409586,SPDR,b.cells
223,-10.802666,17.189686,SPDR,b.cells
224,-15.463285,21.837244,SPDR,b.cells
225,-9.466809,17.798592,SPDR,b.cells
226,-5.5926785,17.11086,SPDR,b.cells
227,-7.554435,20.540825,SPDR,b.cells
228,-6.348421,20.693602,SPDR,b.cells
229,-14.571634,22.965017,SPDR,b.cells
230,-10.811552,15.456388,SPDR,b.cells
231,-15.366424,16.240871,SPDR,b.cells
232,-15.823474,17.207031,SPDR,b.cells
233,-14.371822,22.714188,SPDR,b.cells
234,-5.8385096,16.379965,SPDR,b.cells
235,-7.684597,18.592445,SPDR,b.cells
236,-10.27379,18.068262,SPDR,b.cells
237,-5.012123,17.967665,SPDR,b.cells
238,-9.595122,18.425598,SPDR,b.cells
239,-13.513722,23.752249,SPDR,b.cells
240,-9.637757,18.159336,SPDR,b.cells
241,-8.866779,20.298773,SPDR,b.cells
242,-8.723734,18.740225,SPDR,b.cells
243,-14.272077,24.145927,SPDR,b.cells
244,-11.044839,18.704954,SPDR,b.cells
245,-7.563445,17.90716,SPDR,b.cells
246,-11.344477,16.181278,SPDR,b.cells
247,-7.9851513,18.510174,SPDR,b.cells
248,-10.46361,17.80337,SPDR,b.cells
249,-13.8443575,22.705126,SPDR,b.cells
250,-8.733833,17.646446,SPDR,b.cells
251,-8.89427,19.664803,SPDR,b.cells
252,-12.78627,14.0082245,SPDR,b.cells
253,-6.2649226,22.502804,SPDR,b.cells
254,-6.995975,16.252054,SPDR,b.cells
255,-6.531436,18.05161,SPDR,b.cells
256,-10.725666,23.533735,SPDR,b.cells
257,-5.198176,14.882587,SPDR,b.cells
258,-8.332797,20.664557,SPDR,b.cells
259,-14.35939,16.142426,SPDR,b.cells
260,-9.193874,22.424814,SPDR,b.cells
261,-9.204043,14.452532,SPDR,b.cells
262,-9.429591,15.772062,SPDR,b.cells
263,-11.512094,17.828148,SPDR,b.cells
264,-11.0839205,18.94205,SPDR,b.cells
265,-5.6195807,19.670425,SPDR,b.cells
266,-9.211502,16.246223,SPDR,b.cells
267,-6.887452,18.783625,SPDR,b.cells
268,-9.689928,19.804247,SPDR,b.cells
269,-6.082661,17.399382,SPDR,b.cells
270,-9.3606,21.73115,SPDR,b.cells
271,-12.996189,22.954319,SPDR,b.cells
272,-9.707532,16.941353,SPDR,b.cells
273,-11.480439,16.347948,SPDR,b.cells
274,-8.867951,19.203007,SPDR,b.cells
275,-8.606714,19.722248,SPDR,b.cells
276,-10.06189,20.785418,SPDR,b.cells
277,-9.202446,18.192366,SPDR,b.cells
278,-8.162223,18.785736,SPDR,b.cells
279,-8.258469,19.769672,SPDR,b.cells
280,-6.7353644,18.699293,SPDR,b.cells
281,-5.9407206,17.462275,SPDR,b.cells
282,-6.886146,16.82789,SPDR,b.cells
283,-15.988788,19.375387,SPDR,b.cells
284,-10.113055,19.379429,SPDR,b.cells
285,-8.363137,18.483616,SPDR,b.cells
286,-7.722519,19.275812,SPDR,b.cells
287,-6.3876715,18.22519,SPDR,b.cells
288,-11.8155155,23.020037,SPDR,b.cells
289,-8.218944,17.530146,SPDR,b.cells
290,-8.636042,15.500968,SPDR,b.cells
291,-8.595637,21.150827,SPDR,b.cells
292,-6.6928988,15.572637,SPDR,b.cells
293,-8.433011,18.567793,SPDR,b.cells
294,-8.117074,21.448174,SPDR,b.cells
295,-3.6281765,19.551512,SPDR,b.cells
296,-4.5903025,21.727842,SPDR,b.cells
297,-6.130319,18.62663,SPDR,b.cells
298,-8.6357565,18.00675,SPDR,b.cells
299,-9.960083,17.278698,SPDR,b.cells
300,-9.868183,21.659645,SPDR,b.cells
301,-10.091967,20.195784,SPDR,b.cells
302,-7.896668,21.027344,SPDR,b.cells
303,-6.8951,23.889162,SPDR,b.cells
304,-9.147166,18.853354,SPDR,b.cells
305,-14.5370455,22.864033,SPDR,b.cells
306,-9.615334,20.27946,SPDR,b.cells
307,-11.730288,17.080206,SPDR,b.cells
308,-9.992642,15.6851845,SPDR,b.cells
309,-7.7766514,18.694761,SPDR,b.cells
310,-5.3771253,16.75639,SPDR,b.cells
311,-9.09424,15.75576,SPDR,b.cells
312,-7.600149,18.754568,SPDR,b.cells
313,-13.780927,24.363686,SPDR,b.cells
314,-11.981854,23.791763,SPDR,b.cells
315,-5.855899,15.82895,SPDR,b.cells
316,-9.735986,15.434326,SPDR,b.cells
317,-5.510741,17.267462,SPDR,b.cells
318,-7.110361,20.022009,SPDR,b.cells
319,-10.316407,18.44846,SPDR,b.cells
320,-8.628587,17.403248,SPDR,b.cells
321,-14.880395,16.640938,SPDR,b.cells
322,-14.394282,16.837795,SPDR,b.cells
323,-7.6748157,16.603333,SPDR,b.cells
324,-9.185112,20.004107,SPDR,b.cells
325,-14.370388,22.632305,SPDR,b.cells
326,-6.456518,19.11157,SPDR,b.cells
327,-11.364705,16.768496,SPDR,b.cells
328,-4.8799734,20.414446,SPDR,b.cells
329,-5.453741,20.423008,SPDR,b.cells
330,-9.774669,16.212402,SPDR,b.cells
331,-14.656056,22.874527,SPDR,b.cells
332,-6.2678056,19.708506,SPDR,b.cells
333,-9.13041,19.788578,SPDR,b.cells
334,-16.02983,17.123913,SPDR,b.cells
335,-9.076315,16.244791,SPDR,b.cells
336,-13.792199,22.892582,SPDR,b.cells
337,-14.765589,16.27466,SPDR,b.cells
338,-6.159734,19.32939,SPDR,b.cells
339,-11.518352,15.880201,SPDR,b.cells
340,-10.719247,17.155912,SPDR,b.cells
341,-9.308838,18.505478,SPDR,b.cells
342,-14.384687,16.61647,SPDR,b.cells
343,-10.663858,17.868826,SPDR,b.cells
344,-8.28646,19.92004,SPDR,b.cells
345,-5.344596,15.653651,SPDR,b.cells
346,-7.361472,16.706797,SPDR,b.cells
347,-9.147886,19.110443,SPDR,b.cells
348,-9.084596,18.832195,SPDR,b.cells
349,-15.030591,23.059586,SPDR,b.cells
350,-8.358943,18.090738,SPDR,b.cells
351,-7.890479,20.33846,SPDR,b.cells
352,-12.486638,23.6853,SPDR,b.cells
353,-5.847935,18.071522,SPDR,b.cells
354,-15.581078,16.55,SPDR,b.cells
355,-6.0140824,20.306759,SPDR,b.cells
356,-9.2547,17.28531,SPDR,b.cells
357,-8.10353,21.107227,SPDR,b.cells
358,-8.501919,13.652924,SPDR,b.cells
359,-7.0752306,17.718052,SPDR,b.cells
360,-7.6452174,16.989323,SPDR,b.cells
361,-9.485611,18.084293,SPDR,b.cells
362,-13.790246,17.051306,SPDR,b.cells
363,-15.34071,21.81942,SPDR,b.cells
364,-11.610264,19.137667,SPDR,b.cells
365,-6.9563804,19.372776,SPDR,b.cells
366,-9.448836,22.21404,SPDR,b.cells
367,-8.313656,17.936823,SPDR,b.cells
368,-10.842567,17.03679,SPDR,b.cells
369,-12.35956,18.17962,SPDR,b.cells
370,-3.294262,17.412216,SPDR,b.cells
371,-9.8837385,17.982452,SPDR,b.cells
372,-4.556821,18.60181,SPDR,b.cells
373,-10.11064,16.139736,SPDR,b.cells
374,-12.64406,23.580889,SPDR,b.cells
375,-8.132513,15.374995,SPDR,b.cells
376,-9.10607,21.004208,SPDR,b.cells
377,-8.26434,17.853636,SPDR,b.cells
378,-6.071179,19.343395,SPDR,b.cells
379,-14.326129,16.95608,SPDR,b.cells
380,-9.357392,20.808226,SPDR,b.cells
381,-8.57439,18.03374,SPDR,b.cells
382,-7.8478384,21.022038,SPDR,b.cells
383,-5.0214024,20.18757,SPDR,b.cells
384,-7.9896345,17.632402,SPDR,b.cells
385,-9.259993,17.006315,SPDR,b.cells
386,-6.0866466,19.805248,SPDR,b.cells
387,-6.7622333,19.541136,SPDR,b.cells
388,-8.22113,16.651405,SPDR,b.cells
389,-5.052234,16.7794,SPDR,b.cells
390,-8.514534,22.051615,SPDR,b.cells
391,-7.9994717,17.55196,SPDR,b.cells
392,-14.887324,16.739794,SPDR,b.cells
393,-15.476904,15.905666,SPDR,b.cells
394,-9.17142,18.435295,SPDR,b.cells
395,-11.548042,23.082067,SPDR,b.cells
396,-11.238242,22.397503,SPDR,b.cells
397,-10.166875,17.323198,SPDR,b.cells
398,-4.777983,19.846313,SPDR,b.cells
399,-7.366702,17.189478,SPDR,b.cells
400,-11.543568,18.93451,SPDR,b.cells
401,-6.445846,14.930815,SPDR,b.cells
402,-11.628322,16.73516,SPDR,b.cells
403,-14.5806,22.796728,SPDR,b.cells
404,-9.6368265,18.318632,SPDR,b.cells
405,-11.310894,23.186302,SPDR,b.cells
406,-8.208473,17.59592,SPDR,b.cells
407,-11.970839,16.143396,SPDR,b.cells
408,-8.432983,16.522783,SPDR,b.cells
409,-7.478913,16.116318,SPDR,b.cells
410,-7.382987,20.271797,SPDR,b.cells
411,-8.113985,18.89441,SPDR,b.cells
412,-11.19957,18.82391,SPDR,b.cells
413,-11.074489,22.661089,SPDR,b.cells
414,-8.348612,19.740925,SPDR,b.cells
415,-5.921,17.79468,SPDR,b.cells
416,-7.6741967,16.561264,SPDR,b.cells
417,-8.977746,20.677235,SPDR,b.cells
418,-6.9773893,19.411358,SPDR,b.cells
419,-11.546261,22.536015,SPDR,b.cells
420,-9.692964,20.724604,SPDR,b.cells
421,-12.319367,21.008982,SPDR,b.cells
422,-7.2509246,22.567547,SPDR,b.cells
423,-15.186605,22.816605,SPDR,b.cells
424,-10.799811,17.085836,SPDR,b.cells
425,-8.913406,14.284913,SPDR,b.cells
426,-8.959743,17.322014,SPDR,b.cells
427,-8.804004,18.061724,SPDR,b.cells
428,-9.915074,18.424139,SPDR,b.cells
429,-10.2911625,22.343708,SPDR,b.cells
430,-6.6358194,20.93752,SPDR,b.cells
431,-6.783519,15.628153,SPDR,b.cells
432,-15.126086,22.818466,SPDR,b.cells
433,-9.817348,18.364305,SPDR,b.cells
434,-7.0693755,19.386587,SPDR,b.cells
435,-10.781774,17.592447,SPDR,b.cells
436,-6.731446,15.624277,SPDR,b.cells
437,-10.058562,21.547235,SPDR,b.cells
438,-8.128752,20.343754,SPDR,b.cells
439,-13.486349,16.912277,SPDR,b.cells
440,-15.63525,16.651888,SPDR,b.cells
441,-5.9500966,17.388943,SPDR,b.cells
442,-8.073899,18.025549,SPDR,b.cells
443,-7.1070952,18.995752,SPDR,b.cells
444,-8.887937,18.420454,SPDR,b.cells
445,-6.1410384,17.278559,SPDR,b.cells
446,-14.648359,23.001163,SPDR,b.cells
447,-8.764271,19.016836,SPDR,b.cells
448,-9.824614,17.54967,SPDR,b.cells
449,-10.375236,15.570688,SPDR,b.cells
450,-9.064234,21.08611,SPDR,b.cells
451,-10.285264,22.901129,SPDR,b.cells
452,-10.289917,17.196636,SPDR,b.cells
453,-8.937801,17.533678,SPDR,b.cells
454,-7.6559396,17.553555,SPDR,b.cells
455,-9.196967,16.810507,SPDR,b.cells
456,-16.34246,20.244709,SPDR,b.cells
457,-5.3936076,16.743134,SPDR,b.cells
458,-8.218839,20.354809,SPDR,b.cells
459,-9.225612,20.987831,SPDR,b.cells
460,-14.543318,17.142458,SPDR,b.cells
461,-12.542553,20.4587,SPDR,b.cells
462,-10.717644,22.526112,SPDR,b.cells
463,-14.0856085,16.73917,SPDR,b.cells
464,-11.36977,17.140148,SPDR,b.cells
465,-9.374126,18.436316,SPDR,b.cells
466,-4.5888515,17.109825,SPDR,b.cells
467,-9.766493,17.445726,SPDR,b.cells
468,-12.758272,15.849975,SPDR,b.cells
469,-9.832773,18.940279,SPDR,b.cells
470,-6.9079947,22.077738,SPDR,b.cells
471,-12.101171,18.345604,SPDR,b.cells
472,-5.941083,18.652512,SPDR,b.cells
473,-8.322308,20.196827,SPDR,b.cells
474,-3.8189597,20.88728,SPDR,b.cells
475,-6.606388,18.90448,SPDR,b.cells
476,-7.6735377,19.912628,SPDR,b.cells
477,-9.319594,18.116213,SPDR,b.cells
478,-14.985198,15.89384,SPDR,b.cells
479,-13.158008,18.162842,SPDR,b.cells
480,-15.768354,19.67864,SPDR,b.cells
481,-9.801794,16.522896,SPDR,b.cells
482,-7.693715,17.680716,SPDR,b.cells
483,-9.609938,15.60955,SPDR,b.cells
484,-7.0896997,16.963219,SPDR,b.cells
485,-10.355679,18.86414,SPDR,b.cells
486,-4.2292523,17.853203,SPDR,b.cells
487,-5.1634517,22.116995,SPDR,b.cells
488,-8.467667,18.792503,SPDR,b.cells
489,-9.367698,18.614388,SPDR,b.cells
490,-7.804213,19.965397,SPDR,b.cells
491,-15.238443,22.918934,SPDR,b.cells
492,-8.204107,18.736609,SPDR,b.cells
493,-7.2482276,19.682606,SPDR,b.cells
494,-16.448177,18.233042,SPDR,b.cells
495,-6.7646937,17.783436,SPDR,b.cells
496,-10.288482,17.907856,SPDR,b.cells
497,-8.171942,20.25714,SPDR,b.cells
498,-7.0293965,19.451632,SPDR,b.cells
499,-9.79081,21.729607,SPDR,b.cells
500,-14.24815,22.828606,SPDR,b.cells
501,-5.965528,15.932248,SPDR,b.cells
502,-13.993614,16.905334,SPDR,b.cells
503,-8.6714,17.124035,SPDR,b.cells
504,-9.430592,21.605133,SPDR,b.cells
505,-13.896102,17.02963,SPDR,b.cells
506,-11.006437,14.859468,SPDR,b.cells
507,-9.603643,18.179722,SPDR,b.cells
508,-9.636652,15.789876,SPDR,b.cells
509,-11.328382,22.5139,SPDR,b.cells
510,-11.317999,20.267403,SPDR,b.cells
511,-6.7389665,15.011577,SPDR,b.cells
512,-8.212701,18.324945,SPDR,b.cells
513,-5.3937297,16.991894,SPDR,b.cells
514,-7.3772883,16.744518,SPDR,b.cells
515,-11.44083,16.14493,SPDR,b.cells
516,-8.29238,17.488058,SPDR,b.cells
517,-7.765923,20.290728,SPDR,b.cells
518,-7.9729443,15.0284395,SPDR,b.cells
519,-11.17601,20.599922,SPDR,b.cells
520,-9.904652,22.994648,SPDR,b.cells
521,-8.79295,18.012644,SPDR,b.cells
522,-10.300015,17.53291,SPDR,b.cells
523,-6.5125184,17.064054,SPDR,b.cells
524,-9.359768,17.025627,SPDR,b.cells
525,-8.2891035,18.582,SPDR,b.cells
526,-8.958607,17.59819,SPDR,b.cells
527,-8.467372,19.73947,SPDR,b.cells
528,-10.18762,17.057713,SPDR,b.cells
529,-12.036908,16.580873,SPDR,b.cells
530,-10.789566,15.428362,SPDR,b.cells
531,-13.134112,24.149824,SPDR,b.cells
532,-5.2667704,21.201284,SPDR,b.cells
533,-15.204651,16.892838,SPDR,b.cells
534,-9.871766,19.338797,SPDR,b.cells
535,-7.0152116,21.354486,SPDR,b.cells
536,-7.2357783,19.337347,SPDR,b.cells
537,-4.5479307,17.276537,SPDR,b.cells
538,-8.764659,15.712542,SPDR,b.cells
539,-6.5114856,16.43281,SPDR,b.cells
540,-12.430791,23.032343,SPDR,b.cells
541,-10.652926,15.08905,SPDR,b.cells
542,-9.069407,16.500895,SPDR,b.cells
543,-7.635999,17.316488,SPDR,b.cells
544,-8.155096,16.963387,SPDR,b.cells
545,-5.6938877,16.342472,SPDR,b.cells
546,-7.5640793,15.435796,SPDR,b.cells
547,-5.164036,18.37903,SPDR,b.cells
548,-15.410743,17.463263,SPDR,b.cells
549,-10.275457,17.384872,SPDR,b.cells
550,-9.822817,16.522108,SPDR,b.cells
551,-5.3529963,20.171877,SPDR,b.cells
552,-6.574434,21.078674,SPDR,b.cells
553,-9.827959,17.947649,SPDR,b.cells
554,-6.8510427,19.422714,SPDR,b.cells
555,-9.198272,18.473248,SPDR,b.cells
556,-13.011425,22.012672,SPDR,b.cells
557,-17.114182,16.934494,SPDR,b.cells
558,-10.793222,20.836407,SPDR,b.cells
559,-3.6434522,19.506258,SPDR,b.cells
560,-15.689104,17.973349,SPDR,b.cells
561,-5.8346686,16.430666,SPDR,b.cells
562,-10.066328,16.607098,SPDR,b.cells
563,-6.143775,17.168797,SPDR,b.cells
564,-6.55625,19.949049,SPDR,b.cells
565,-7.1753497,17.341455,SPDR,b.cells
566,-14.295045,22.596224,SPDR,b.cells
567,-8.17528,18.600449,SPDR,b.cells
568,-12.552168,24.627377,SPDR,b.cells
569,-6.6641164,14.705037,SPDR,b.cells
570,-4.0532513,19.928581,SPDR,b.cells
571,-13.633645,22.188574,SPDR,b.cells
572,-6.4809475,15.073333,SPDR,b.cells
573,-8.423949,17.729818,SPDR,b.cells
574,-8.849303,17.109512,SPDR,b.cells
575,-11.742992,20.23572,SPDR,b.cells
576,-8.544909,18.42352,SPDR,b.cells
577,-8.282985,18.933056,SPDR,b.cells
578,-8.516815,19.584063,SPDR,b.cells
579,-9.727205,17.551079,SPDR,b.cells
580,-15.888978,17.107664,SPDR,b.cells
581,-16.301018,17.790499,SPDR,b.cells
582,-5.77211,20.80824,SPDR,b.cells
583,-9.845783,22.14442,SPDR,b.cells
584,-9.154305,16.871115,SPDR,b.cells
585,-5.9415846,19.239527,SPDR,b.cells
586,-9.419217,21.531708,SPDR,b.cells
587,-8.581389,19.426422,SPDR,b.cells
588,-8.592423,17.899164,SPDR,b.cells
589,-6.698853,18.125559,SPDR,b.cells
590,-8.254774,18.061415,SPDR,b.cells
591,-9.359176,14.889929,SPDR,b.cells
592,-11.955782,19.652863,SPDR,b.cells
593,-15.012469,16.18338,SPDR,b.cells
594,-7.7924185,17.799969,SPDR,b.cells
595,-8.931711,18.172222,SPDR,b.cells
596,-9.962214,14.455243,SPDR,b.cells
597,-4.7805395,17.840332,SPDR,b.cells
598,-5.6536875,15.790463,SPDR,b.cells
599,-5.310371,16.969519,SPDR,b.cells
600,-8.358569,19.163567,SPDR,b.cells
601,-11.811196,17.916039,SPDR,b.cells
602,-16.16049,16.111416,SPDR,b.cells
603,-15.053527,22.742762,SPDR,b.cells
604,-7.0761414,16.936039,SPDR,b.cells
605,-7.8155,18.50127,SPDR,b.cells
606,-9.482144,18.141706,SPDR,b.cells
607,-14.393284,22.65471,SPDR,b.cells
608,-7.4499583,19.17084,SPDR,b.cells
609,-11.793039,16.494896,SPDR,b.cells
610,-5.3772144,16.90153,SPDR,b.cells
611,-6.634147,16.609297,SPDR,b.cells
612,-10.138888,16.726748,SPDR,b.cells
613,-7.115449,18.114653,SPDR,b.cells
614,-14.432782,16.029322,SPDR,b.cells
615,-7.3054986,18.87266,SPDR,b.cells
616,-5.2058783,19.270697,SPDR,b.cells
617,-10.073661,23.340595,SPDR,b.cells
618,-15.682011,16.787405,SPDR,b.cells
619,-8.770136,21.53355,SPDR,b.cells
620,-15.047699,16.598299,SPDR,b.cells
621,-8.320135,20.662035,SPDR,b.cells
622,-7.4503894,16.832087,SPDR,b.cells
623,-13.574783,22.412714,SPDR,b.cells
624,-5.083201,19.279728,SPDR,b.cells
625,-7.9127336,18.647305,SPDR,b.cells
626,-3.5497203,18.530624,SPDR,b.cells
627,-8.382481,16.663994,SPDR,b.cells
628,-9.426012,19.077017,SPDR,b.cells
629,-9.649893,18.248589,SPDR,b.cells
630,-6.756545,19.74051,SPDR,b.cells
631,-6.5064416,17.66038,SPDR,b.cells
632,-6.675568,16.897322,SPDR,b.cells
633,-14.711974,16.919981,SPDR,b.cells
634,-14.345366,22.96088,SPDR,b.cells
635,-10.175508,17.604275,SPDR,b.cells
636,-7.13267,18.997313,SPDR,b.cells
637,-9.671185,19.225296,SPDR,b.cells
638,-7.9587307,15.581698,SPDR,b.cells
639,-8.684858,20.23396,SPDR,b.cells
640,-15.961913,16.6425,SPDR,b.cells
641,-10.517856,19.794128,SPDR,b.cells
642,-7.3233166,21.098598,SPDR,b.cells
643,-11.674554,21.013882,SPDR,b.cells
644,-15.935045,15.5170965,SPDR,b.cells
645,-3.2173119,17.131348,SPDR,b.cells
646,-14.892671,16.219824,SPDR,b.cells
647,-11.143605,17.64741,SPDR,b.cells
648,-7.6767297,19.130577,SPDR,b.cells
649,-15.024304,17.455091,SPDR,b.cells
650,-11.196167,19.241756,SPDR,b.cells
651,-10.257406,21.16288,SPDR,b.cells
652,-11.313291,15.007098,SPDR,b.cells
653,-10.656059,18.37981,SPDR,b.cells
654,-7.5117683,19.011395,SPDR,b.cells
655,-8.781197,19.726765,SPDR,b.cells
656,-6.947907,20.022963,SPDR,b.cells
657,-3.8435924,19.29529,SPDR,b.cells
658,-12.899778,19.51896,SPDR,b.cells
659,-15.305814,17.854012,SPDR,b.cells
660,-10.296735,19.365555,SPDR,b.cells
661,-9.093756,18.46353,SPDR,b.cells
662,-5.611309,18.639954,SPDR,b.cells
663,-14.091245,22.26381,SPDR,b.cells
664,-5.2536716,16.472803,SPDR,b.cells
665,-6.0907655,20.839663,SPDR,b.cells
666,-9.228122,18.74278,SPDR,b.cells
667,-7.5089855,17.898952,SPDR,b.cells
668,-9.572403,17.311325,SPDR,b.cells
669,-10.033454,16.345093,SPDR,b.cells
670,-15.6427765,17.344784,SPDR,b.cells
671,-9.077479,18.757902,SPDR,b.cells
672,-7.3441334,19.265097,SPDR,b.cells
673,-6.997562,17.607418,SPDR,b.cells
674,-15.36897,23.105938,SPDR,b.cells
675,-10.215355,22.017944,SPDR,b.cells
676,-9.240947,15.294905,SPDR,b.cells
677,-11.248366,18.617989,SPDR,b.cells
678,-6.9823155,17.605402,SPDR,b.cells
679,-11.999476,22.928732,SPDR,b.cells
680,-9.442595,21.4511,SPDR,b.cells
681,-10.261425,18.214975,SPDR,b.cells
682,-7.2290916,18.190495,SPDR,b.cells
683,-8.920312,19.515556,SPDR,b.cells
684,-8.551776,21.116268,SPDR,b.cells
685,-10.487176,17.872189,SPDR,b.cells
686,-10.753017,15.788991,SPDR,b.cells
687,-10.667583,17.820116,SPDR,b.cells
688,-14.827489,16.368378,SPDR,b.cells
689,-8.498389,20.20471,SPDR,b.cells
690,-8.986798,18.335388,SPDR,b.cells
691,-9.770782,18.205591,SPDR,b.cells
692,-7.9661956,17.633064,SPDR,b.cells
693,-10.212636,17.280523,SPDR,b.cells
694,-9.357639,18.91614,SPDR,b.cells
695,-6.8548937,16.6623,SPDR,b.cells
696,-8.697167,19.92162,SPDR,b.cells
697,-8.5741,18.05003,SPDR,b.cells
698,-6.5933204,17.667295,SPDR,b.cells
699,-14.270189,23.04952,SPDR,b.cells
700,-6.608294,20.888094,SPDR,b.cells
701,-8.383218,18.77398,SPDR,b.cells
702,-10.451116,22.41305,SPDR,b.cells
703,-10.319122,17.731491,SPDR,b.cells
704,-8.6394205,16.962498,SPDR,b.cells
705,-9.384118,18.660221,SPDR,b.cells
706,-9.64191,16.209787,SPDR,b.cells
707,-11.251789,21.908386,SPDR,b.cells
708,-8.294781,16.907274,SPDR,b.cells
709,-12.123756,19.203642,SPDR,b.cells
710,-10.834243,18.23516,SPDR,b.cells
711,-10.925713,19.329918,SPDR,b.cells
712,-9.16796,16.309294,SPDR,b.cells
713,-7.2541184,18.056997,SPDR,b.cells
714,-8.703425,14.75896,SPDR,b.cells
715,-11.293902,18.50725,SPDR,b.cells
716,-8.130887,19.862757,SPDR,b.cells
717,-7.424536,19.478138,SPDR,b.cells
718,-8.439017,18.96124,SPDR,b.cells
719,-5.169312,21.286419,SPDR,b.cells
720,-16.145914,17.578835,SPDR,b.cells
721,-9.544476,18.51554,SPDR,b.cells
722,-6.4331403,19.280033,SPDR,b.cells
723,-5.7777042,18.430231,SPDR,b.cells
724,-6.2844853,14.620325,SPDR,b.cells
725,-7.1167426,17.718506,SPDR,b.cells
726,-7.4494443,18.773582,SPDR,b.cells
727,-8.473136,21.562288,SPDR,b.cells
728,-4.8390527,20.514421,SPDR,b.cells
729,-8.75605,20.99942,SPDR,b.cells
730,-9.355885,22.028753,SPDR,b.cells
731,-7.516862,13.648274,SPDR,b.cells
732,-8.291268,18.972322,SPDR,b.cells
733,-10.52625,19.2684,SPDR,b.cells
734,-11.244865,18.506657,SPDR,b.cells
735,-8.799978,18.584354,SPDR,b.cells
736,-10.994299,15.913333,SPDR,b.cells
737,-8.448396,22.365149,SPDR,b.cells
738,-3.1282067,20.041397,SPDR,b.cells
739,-7.75721,18.598564,SPDR,b.cells
740,-5.869943,23.07807,SPDR,b.cells
741,-9.625618,17.712477,SPDR,b.cells
742,-16.2543,18.023815,SPDR,b.cells
743,-12.733436,17.560535,SPDR,b.cells
744,-8.7094555,17.690727,SPDR,b.cells
745,-12.024666,17.702608,SPDR,b.cells
746,-4.209489,19.563675,SPDR,b.cells
747,-8.721497,19.363348,SPDR,b.cells
748,-4.7825766,16.914402,SPDR,b.cells
749,-16.015163,17.579218,SPDR,b.cells
750,-7.310139,19.525248,SPDR,b.cells
751,-10.861614,19.0845,SPDR,b.cells
752,-6.4174557,16.982311,SPDR,b.cells
753,-7.8452168,15.559668,SPDR,b.cells
754,-9.161325,17.808584,SPDR,b.cells
755,-14.754843,22.98521,SPDR,b.cells
756,-5.5233836,18.903748,SPDR,b.cells
757,-9.359525,17.332502,SPDR,b.cells
758,-9.278937,17.546415,SPDR,b.cells
759,-8.144517,17.223816,SPDR,b.cells
760,-16.25349,17.322641,SPDR,b.cells
761,-13.688929,15.863182,SPDR,b.cells
762,-4.855734,18.60353,SPDR,b.cells
763,-15.0594,22.13332,SPDR,b.cells
764,-10.062436,14.385805,SPDR,b.cells
765,-11.158366,15.398952,SPDR,b.cells
766,-7.7851543,21.039711,SPDR,b.cells
767,-12.287764,18.682217,SPDR,b.cells
768,-15.455695,16.681162,SPDR,b.cells
769,-7.3807445,17.340382,SPDR,b.cells
770,-10.676737,21.431517,SPDR,b.cells
771,-6.1872253,15.126964,SPDR,b.cells
772,-5.410532,19.237667,SPDR,b.cells
773,-9.131846,19.596157,SPDR,b.cells
774,-5.472362,19.031275,SPDR,b.cells
775,-7.840043,15.112009,SPDR,b.cells
776,-10.313696,18.252407,SPDR,b.cells
777,-7.612796,18.167158,SPDR,b.cells
778,-9.313196,18.293653,SPDR,b.cells
779,-7.3570476,18.837667,SPDR,b.cells
780,-8.9056015,20.602808,SPDR,b.cells
781,-5.238436,20.143324,SPDR,b.cells
782,-8.031612,18.236444,SPDR,b.cells
783,-9.867152,19.024632,SPDR,b.cells
784,-8.733984,17.657825,SPDR,b.cells
785,-9.854471,19.114742,SPDR,b.cells
786,-5.1993756,17.713335,SPDR,b.cells
787,-7.6789565,20.522669,SPDR,b.cells
788,-8.617887,17.934679,SPDR,b.cells
789,-6.244692,18.671968,SPDR,b.cells
790,-3.158696,19.313147,SPDR,b.cells
791,-9.444118,17.848759,SPDR,b.cells
792,-9.94373,17.815094,SPDR,b.cells
793,-8.05055,15.588784,SPDR,b.cells
794,-8.496465,20.336142,SPDR,b.cells
795,-7.807182,16.654863,SPDR,b.cells
796,-6.451456,20.411886,SPDR,b.cells
797,-8.093553,18.805637,SPDR,b.cells
798,-6.129074,19.503595,SPDR,b.cells
799,-9.974678,17.703081,SPDR,b.cells
800,-9.096245,17.600252,SPDR,b.cells
801,-7.7607446,15.590321,SPDR,b.cells
802,-9.290859,19.0458,SPDR,b.cells
803,-8.31949,24.06931,SPDR,b.cells
804,-6.0758786,17.183681,SPDR,b.cells
805,-9.897967,16.79366,SPDR,b.cells
806,-8.567441,20.510242,SPDR,b.cells
807,-10.516891,17.87134,SPDR,b.cells
808,-8.961829,19.019156,SPDR,b.cells
809,-4.9472146,16.815094,SPDR,b.cells
810,-6.913085,18.363293,SPDR,b.cells
811,-10.346041,17.727423,SPDR,b.cells
812,-4.179939,18.826622,SPDR,b.cells
813,-8.224507,18.959843,SPDR,b.cells
814,-8.935585,20.063192,SPDR,b.cells
815,-11.524027,22.843807,SPDR,b.cells
816,-5.2624516,17.638142,SPDR,b.cells
817,-7.6396236,20.281681,SPDR,b.cells
818,-9.879275,16.432066,SPDR,b.cells
819,-12.393846,15.733323,SPDR,b.cells
820,-9.728131,18.189707,SPDR,b.cells
821,-14.555045,14.595901,SPDR,b.cells
822,-8.955536,15.5336075,SPDR,b.cells
823,-14.302872,16.998732,SPDR,b.cells
824,-9.300453,18.767769,SPDR,b.cells
825,-14.671193,22.88621,SPDR,b.cells
826,-8.75651,18.146294,SPDR,b.cells
827,-8.596498,17.067503,SPDR,b.cells
828,-7.8623075,22.836382,SPDR,b.cells
829,-8.778282,17.865269,SPDR,b.cells
830,-8.4114685,18.816118,SPDR,b.cells
831,-9.672528,18.198767,SPDR,b.cells
832,-10.126218,23.169441,SPDR,b.cells
833,-9.150067,21.863554,SPDR,b.cells
834,-10.644572,16.344433,SPDR,b.cells
835,-9.669792,18.359802,SPDR,b.cells
836,-6.605559,21.95997,SPDR,b.cells
837,-10.412107,17.219526,SPDR,b.cells
838,-7.7806187,18.86903,SPDR,b.cells
839,-15.56542,16.659294,SPDR,b.cells
840,-5.9543014,19.145887,SPDR,b.cells
841,-5.750613,18.421207,SPDR,b.cells
842,-14.988634,16.87042,SPDR,b.cells
843,-12.405191,14.595989,SPDR,b.cells
844,-10.292394,17.097265,SPDR,b.cells
845,-6.774895,18.171722,SPDR,b.cells
846,-6.9319067,19.657146,SPDR,b.cells
847,-10.273916,19.55709,SPDR,b.cells
848,-9.509586,18.346338,SPDR,b.cells
849,-3.3096344,19.55983,SPDR,b.cells
850,-8.721446,17.934912,SPDR,b.cells
851,-9.128991,20.228401,SPDR,b.cells
852,-9.870049,19.502499,SPDR,b.cells
853,-9.011601,16.67384,SPDR,b.cells
854,-9.172527,21.241503,SPDR,b.cells
855,-9.924013,19.664867,SPDR,b.cells
856,-10.321411,17.562767,SPDR,b.cells
857,-14.455473,16.888882,SPDR,b.cells
858,-7.0771194,21.876543,SPDR,b.cells
859,-8.848485,19.108965,SPDR,b.cells
860,-4.973131,19.296278,SPDR,b.cells
861,-14.407551,22.796085,SPDR,b.cells
862,-7.917643,15.287074,SPDR,b.cells
863,-14.313478,22.758003,SPDR,b.cells
864,-14.532592,16.40588,SPDR,b.cells
865,-6.613554,17.84762,SPDR,b.cells
866,-8.698525,16.674019,SPDR,b.cells
867,-10.4263,19.794092,SPDR,b.cells
868,-8.668489,22.132406,SPDR,b.cells
869,-10.360122,19.40967,SPDR,b.cells
870,-11.004925,22.42464,SPDR,b.cells
871,-9.612537,16.628912,SPDR,b.cells
872,-14.136133,17.323797,SPDR,b.cells
873,-9.385683,19.604849,SPDR,b.cells
874,-10.489873,19.27786,SPDR,b.cells
875,-7.529355,18.57371,SPDR,b.cells
876,-10.289394,17.846943,SPDR,b.cells
877,-14.340273,22.88807,SPDR,b.cells
878,-6.3952484,18.487846,SPDR,b.cells
879,-10.924784,18.109015,SPDR,b.cells
880,-7.577504,18.86892,SPDR,b.cells
881,-6.1670704,19.728909,SPDR,b.cells
882,-8.734621,18.582851,SPDR,b.cells
883,-8.579445,18.406471,SPDR,b.cells
884,-6.362059,17.143381,SPDR,b.cells
885,-11.184709,16.912378,SPDR,b.cells
886,-14.864118,22.963028,SPDR,b.cells
887,-8.916054,16.934792,SPDR,b.cells
888,-10.299157,18.765896,SPDR,b.cells
889,-5.6710076,16.167303,SPDR,b.cells
890,-10.700787,20.45483,SPDR,b.cells
891,-6.1786475,22.835869,SPDR,b.cells
892,-7.0910244,18.752344,SPDR,b.cells
893,-4.3195815,16.727715,SPDR,b.cells
894,-10.126059,17.313467,SPDR,b.cells
895,-9.622609,22.905993,SPDR,b.cells
896,-15.586796,19.019512,SPDR,b.cells
897,-7.1094065,19.563055,SPDR,b.cells
898,-7.7190733,20.281597,SPDR,b.cells
899,-9.81298,24.064888,SPDR,b.cells
900,-8.1820345,15.7673235,SPDR,b.cells
901,-7.0147266,18.747784,SPDR,b.cells
902,-9.015713,19.457512,SPDR,b.cells
903,-10.045097,17.405886,SPDR,b.cells
904,-7.266509,20.563581,SPDR,b.cells
905,-8.805045,23.777695,SPDR,b.cells
906,-9.266174,16.514202,SPDR,b.cells
907,-5.199317,17.814323,SPDR,b.cells
908,-9.194748,17.471132,SPDR,b.cells
909,-6.3146114,21.86041,SPDR,b.cells
910,-12.070154,18.204437,SPDR,b.cells
911,-9.682633,17.651852,SPDR,b.cells
912,-5.977969,18.195955,SPDR,b.cells
913,-7.265684,19.671463,SPDR,b.cells
914,-11.034551,20.517315,SPDR,b.cells
915,-7.778083,17.353508,SPDR,b.cells
916,-7.827061,24.775753,SPDR,b.cells
917,-9.881858,17.758354,SPDR,b.cells
918,-10.5959015,17.860237,SPDR,b.cells
919,-6.0260515,21.226837,SPDR,b.cells
920,-7.282366,20.40562,SPDR,b.cells
921,-5.0336733,17.808674,SPDR,b.cells
922,-15.350449,16.25733,SPDR,b.cells
923,-14.073671,17.348068,SPDR,b.cells
924,-7.8892097,16.649675,SPDR,b.cells
925,-5.8617134,16.771841,SPDR,b.cells
926,-6.8079906,17.52193,SPDR,b.cells
927,-8.652206,21.293056,SPDR,b.cells
928,-10.55876,16.51829,SPDR,b.cells
929,-7.8557363,20.170155,SPDR,b.cells
930,-5.6229267,17.626,SPDR,b.cells
931,-14.884704,22.544785,SPDR,b.cells
932,-8.835478,21.351812,SPDR,b.cells
933,-8.999171,16.337112,SPDR,b.cells
934,-9.881665,18.764784,SPDR,b.cells
935,-10.588726,19.321041,SPDR,b.cells
936,-13.27998,20.684387,SPDR,b.cells
937,-8.5600605,21.194336,SPDR,b.cells
938,-8.751362,20.074032,SPDR,b.cells
939,-6.595128,13.951303,SPDR,b.cells
940,-7.5537643,21.09406,SPDR,b.cells
941,-7.8681254,18.261967,SPDR,b.cells
942,-15.249084,16.950457,SPDR,b.cells
943,-7.8367496,19.782644,SPDR,b.cells
944,-15.085706,23.055342,SPDR,b.cells
945,-13.209152,16.333384,SPDR,b.cells
946,-13.108181,16.75694,SPDR,b.cells
947,-5.9765816,19.883419,SPDR,b.cells
948,-10.468096,18.497229,SPDR,b.cells
949,-8.945963,19.959192,SPDR,b.cells
950,-9.466012,16.744562,SPDR,b.cells
951,-6.799957,17.147976,SPDR,b.cells
952,-15.243708,16.642962,SPDR,b.cells
953,-6.8461843,18.156664,SPDR,b.cells
954,-10.842325,16.074697,SPDR,b.cells
955,-10.590732,18.65024,SPDR,b.cells
956,-6.769406,20.74845,SPDR,b.cells
957,-4.79907,20.830881,SPDR,b.cells
958,-11.06116,20.202507,SPDR,b.cells
959,-8.88465,17.5326,SPDR,b.cells
960,-7.2197995,15.371538,SPDR,b.cells
961,-8.357581,18.143387,SPDR,b.cells
962,-6.7859793,19.978662,SPDR,b.cells
963,-8.592539,18.301182,SPDR,b.cells
964,-11.817071,17.417406,SPDR,b.cells
965,-6.1968293,17.354559,SPDR,b.cells
966,-8.274396,19.242903,SPDR,b.cells
967,-8.870177,17.1061,SPDR,b.cells
968,-11.59754,17.612587,SPDR,b.cells
969,-6.0405374,20.336596,SPDR,b.cells
970,-10.704695,18.855139,SPDR,b.cells
971,-16.802065,17.841473,SPDR,b.cells
972,-11.4125805,19.327065,SPDR,b.cells
973,-10.800475,19.217964,SPDR,b.cells
974,-8.971219,21.222416,SPDR,b.cells
975,-6.971045,15.590975,SPDR,b.cells
976,-3.827328,17.864477,SPDR,b.cells
977,-8.008471,19.262463,SPDR,b.cells
978,-10.453026,22.618166,SPDR,b.cells
979,-7.982929,20.97154,SPDR,b.cells
980,-8.765205,18.127516,SPDR,b.cells
981,-9.397641,17.238827,SPDR,b.cells
982,-14.894004,22.941168,SPDR,b.cells
983,-5.5299463,20.508926,SPDR,b.cells
984,-14.8754835,23.015038,SPDR,b.cells
985,-7.9352922,20.113197,SPDR,b.cells
986,-9.863776,18.317223,SPDR,b.cells
987,-11.285768,23.004623,SPDR,b.cells
988,-8.506887,16.386536,SPDR,b.cells
989,-10.520378,13.709349,SPDR,b.cells
990,-8.482783,19.015017,SPDR,b.cells
991,-9.618844,19.831732,SPDR,b.cells
992,-6.426796,15.185294,SPDR,b.cells
993,-6.645241,20.307503,SPDR,b.cells
994,-14.435802,16.382978,SPDR,b.cells
995,-16.4686,17.588507,SPDR,b.cells
996,-6.776983,21.098537,SPDR,b.cells
997,-11.223115,19.623022,SPDR,b.cells
998,-7.9085717,19.282602,SPDR,b.cells
999,19.075644,-2.8739736,SPDR,naive.cytotoxic
1000,19.308226,-3.9433818,SPDR,naive.cytotoxic
1001,20.793102,2.5891633,SPDR,naive.cytotoxic
1002,18.862495,-2.6665802,SPDR,naive.cytotoxic
1003,16.690767,-5.3508453,SPDR,naive.cytotoxic
1004,18.6457,-3.6910233,SPDR,naive.cytotoxic
1005,19.280315,0.41195172,SPDR,naive.cytotoxic
1006,17.964872,-4.6344595,SPDR,naive.cytotoxic
1007,23.306135,-6.4415946,SPDR,naive.cytotoxic
1008,21.033909,-2.865673,SPDR,naive.cytotoxic
1009,19.377853,0.44873565,SPDR,naive.cytotoxic
1010,22.211512,-0.8889208,SPDR,naive.cytotoxic
1011,12.06321,-4.643087,SPDR,naive.cytotoxic
1012,21.329035,-6.011827,SPDR,naive.cytotoxic
1013,18.828844,-3.6876023,SPDR,naive.cytotoxic
1014,18.602163,-4.687038,SPDR,naive.cytotoxic
1015,19.023016,-1.1795744,SPDR,naive.cytotoxic
1016,22.399263,2.2428238,SPDR,naive.cytotoxic
1017,18.940329,-5.9068193,SPDR,naive.cytotoxic
1018,14.65235,-0.5152451,SPDR,naive.cytotoxic
1019,17.38895,-1.5648001,SPDR,naive.cytotoxic
1020,17.967964,0.22356707,SPDR,naive.cytotoxic
1021,19.235754,-1.6629063,SPDR,naive.cytotoxic
1022,19.944965,4.4651155,SPDR,naive.cytotoxic
1023,18.293846,0.32738277,SPDR,naive.cytotoxic
1024,18.505564,-3.3182228,SPDR,naive.cytotoxic
1025,18.164965,-2.8769367,SPDR,naive.cytotoxic
1026,22.68073,1.7756374,SPDR,naive.cytotoxic
1027,16.138811,-1.3117561,SPDR,naive.cytotoxic
1028,14.987567,-5.324409,SPDR,naive.cytotoxic
1029,22.583164,-0.2710583,SPDR,naive.cytotoxic
1030,20.584272,-1.1486158,SPDR,naive.cytotoxic
1031,19.50802,-0.58209145,SPDR,naive.cytotoxic
1032,18.149073,-0.31175104,SPDR,naive.cytotoxic
1033,15.980563,-2.2830675,SPDR,naive.cytotoxic
1034,17.302076,-1.734123,SPDR,naive.cytotoxic
1035,16.164167,-0.26675645,SPDR,naive.cytotoxic
1036,19.470446,-2.6014566,SPDR,naive.cytotoxic
1037,18.189623,1.5169841,SPDR,naive.cytotoxic
1038,16.67963,-3.4826581,SPDR,naive.cytotoxic
1039,17.487019,-4.1335163,SPDR,naive.cytotoxic
1040,18.214851,-2.8084447,SPDR,naive.cytotoxic
1041,16.564295,2.2259645,SPDR,naive.cytotoxic
1042,20.435156,-6.617526,SPDR,naive.cytotoxic
1043,18.162409,0.9756142,SPDR,naive.cytotoxic
1044,11.003681,-3.1203609,SPDR,naive.cytotoxic
1045,20.776669,-4.3451066,SPDR,naive.cytotoxic
1046,16.964037,-2.358592,SPDR,naive.cytotoxic
1047,21.27564,-0.46404532,SPDR,naive.cytotoxic
1048,18.989092,-4.29041,SPDR,naive.cytotoxic
1049,17.633375,-0.024989992,SPDR,naive.cytotoxic
1050,14.8482065,-2.110692,SPDR,naive.cytotoxic
1051,13.2479105,-2.5072231,SPDR,naive.cytotoxic
1052,18.71681,-0.69904286,SPDR,naive.cytotoxic
1053,18.536764,-1.8532075,SPDR,naive.cytotoxic
1054,17.144312,-3.8907878,SPDR,naive.cytotoxic
1055,21.06966,0.1252821,SPDR,naive.cytotoxic
1056,19.518536,-3.1613026,SPDR,naive.cytotoxic
1057,17.101446,-4.0131183,SPDR,naive.cytotoxic
1058,20.906689,-5.732859,SPDR,naive.cytotoxic
1059,18.172993,-3.7963943,SPDR,naive.cytotoxic
1060,12.158538,-1.5507641,SPDR,naive.cytotoxic
1061,22.684702,-0.10144024,SPDR,naive.cytotoxic
1062,17.438343,2.756131,SPDR,naive.cytotoxic
1063,22.13282,-1.7005538,SPDR,naive.cytotoxic
1064,19.815823,2.711671,SPDR,naive.cytotoxic
1065,15.126301,-2.0611687,SPDR,naive.cytotoxic
1066,16.212128,-5.2540364,SPDR,naive.cytotoxic
1067,19.919127,-0.73910713,SPDR,naive.cytotoxic
1068,24.076746,-2.1938794,SPDR,naive.cytotoxic
1069,18.933842,-1.0870974,SPDR,naive.cytotoxic
1070,19.313425,-2.058516,SPDR,naive.cytotoxic
1071,18.219606,-2.201507,SPDR,naive.cytotoxic
1072,17.239998,-0.743696,SPDR,naive.cytotoxic
1073,17.30051,2.3016105,SPDR,naive.cytotoxic
1074,18.337973,-5.043137,SPDR,naive.cytotoxic
1075,20.058544,-3.8674548,SPDR,naive.cytotoxic
1076,17.171986,-1.4252474,SPDR,naive.cytotoxic
1077,23.529356,-5.458979,SPDR,naive.cytotoxic
1078,19.104952,-5.7802963,SPDR,naive.cytotoxic
1079,18.816462,-3.812615,SPDR,naive.cytotoxic
1080,19.910881,-5.39561,SPDR,naive.cytotoxic
1081,21.089426,-5.6000524,SPDR,naive.cytotoxic
1082,20.081179,-4.054019,SPDR,naive.cytotoxic
1083,17.772831,0.11497231,SPDR,naive.cytotoxic
1084,18.385162,-2.01624,SPDR,naive.cytotoxic
1085,17.868351,-0.048885524,SPDR,naive.cytotoxic
1086,12.295935,-13.081696,SPDR,naive.cytotoxic
1087,15.645973,-1.6196768,SPDR,naive.cytotoxic
1088,19.706793,-4.1810308,SPDR,naive.cytotoxic
1089,16.958954,-1.6416532,SPDR,naive.cytotoxic
1090,18.651014,-0.6414896,SPDR,naive.cytotoxic
1091,14.047663,-2.0879095,SPDR,naive.cytotoxic
1092,20.339397,-1.5601996,SPDR,naive.cytotoxic
1093,17.877872,-0.75144345,SPDR,naive.cytotoxic
1094,17.25709,1.3172785,SPDR,naive.cytotoxic
1095,17.692802,-2.268996,SPDR,naive.cytotoxic
1096,18.193195,-3.776789,SPDR,naive.cytotoxic
1097,23.158344,-3.3677464,SPDR,naive.cytotoxic
1098,20.656136,-4.326748,SPDR,naive.cytotoxic
1099,17.673765,-1.6272821,SPDR,naive.cytotoxic
1100,17.870113,-5.486487,SPDR,naive.cytotoxic
1101,14.107415,-2.5962527,SPDR,naive.cytotoxic
1102,18.362324,-3.6019778,SPDR,naive.cytotoxic
1103,15.765637,-2.4482045,SPDR,naive.cytotoxic
1104,15.588109,-3.2408183,SPDR,naive.cytotoxic
1105,11.190924,-12.411399,SPDR,naive.cytotoxic
1106,18.687202,-0.5221904,SPDR,naive.cytotoxic
1107,19.80784,-2.4099348,SPDR,naive.cytotoxic
1108,17.348043,-6.262377,SPDR,naive.cytotoxic
1109,20.720366,-1.2894497,SPDR,naive.cytotoxic
1110,16.489305,-2.4291534,SPDR,naive.cytotoxic
1111,19.270912,0.6349776,SPDR,naive.cytotoxic
1112,16.820045,-3.6377914,SPDR,naive.cytotoxic
1113,17.523205,-0.019771857,SPDR,naive.cytotoxic
1114,16.66763,-5.4933515,SPDR,naive.cytotoxic
1115,20.170084,-2.8289616,SPDR,naive.cytotoxic
1116,17.29328,-3.626415,SPDR,naive.cytotoxic
1117,16.551691,-4.86276,SPDR,naive.cytotoxic
1118,14.44201,-3.0849931,SPDR,naive.cytotoxic
1119,14.163497,-2.1164677,SPDR,naive.cytotoxic
1120,16.82004,-2.9267578,SPDR,naive.cytotoxic
1121,20.231632,-4.4877267,SPDR,naive.cytotoxic
1122,18.007046,1.0818788,SPDR,naive.cytotoxic
1123,13.81261,-3.5647717,SPDR,naive.cytotoxic
1124,21.001223,-1.1746508,SPDR,naive.cytotoxic
1125,18.449387,-0.10505726,SPDR,naive.cytotoxic
1126,18.475775,-3.86655,SPDR,naive.cytotoxic
1127,22.194986,-1.3280646,SPDR,naive.cytotoxic
1128,21.610132,-1.3946946,SPDR,naive.cytotoxic
1129,13.504813,-1.9770812,SPDR,naive.cytotoxic
1130,16.844975,-1.9848933,SPDR,naive.cytotoxic
1131,17.029024,-0.9175087,SPDR,naive.cytotoxic
1132,20.124676,-4.422738,SPDR,naive.cytotoxic
1133,20.46148,1.5866181,SPDR,naive.cytotoxic
1134,17.483753,-3.2531407,SPDR,naive.cytotoxic
1135,19.53727,0.71281993,SPDR,naive.cytotoxic
1136,20.421143,2.8388972,SPDR,naive.cytotoxic
1137,25.23196,-6.901153,SPDR,naive.cytotoxic
1138,24.715134,-2.457918,SPDR,naive.cytotoxic
1139,17.092407,-3.3978856,SPDR,naive.cytotoxic
1140,23.28382,-6.2828426,SPDR,naive.cytotoxic
1141,17.259977,-3.125133,SPDR,naive.cytotoxic
1142,21.683285,1.9498246,SPDR,naive.cytotoxic
1143,17.453272,-3.2586675,SPDR,naive.cytotoxic
1144,20.58664,-1.2663759,SPDR,naive.cytotoxic
1145,17.218857,-0.22377191,SPDR,naive.cytotoxic
1146,19.278522,-3.5609865,SPDR,naive.cytotoxic
1147,17.128382,-5.44948,SPDR,naive.cytotoxic
1148,19.293571,0.088443704,SPDR,naive.cytotoxic
1149,14.507066,-5.508847,SPDR,naive.cytotoxic
1150,12.983709,-2.997229,SPDR,naive.cytotoxic
1151,19.102108,2.11931,SPDR,naive.cytotoxic
1152,18.713453,-4.5872188,SPDR,naive.cytotoxic
1153,20.569958,-3.5352592,SPDR,naive.cytotoxic
1154,18.878141,1.0470341,SPDR,naive.cytotoxic
1155,17.101042,-1.0108542,SPDR,naive.cytotoxic
1156,21.055008,-4.1960406,SPDR,naive.cytotoxic
1157,18.45153,-3.9534779,SPDR,naive.cytotoxic
1158,14.682147,-3.9341538,SPDR,naive.cytotoxic
1159,18.861982,-6.7181864,SPDR,naive.cytotoxic
1160,15.893135,-3.4922504,SPDR,naive.cytotoxic
1161,17.615885,-0.36064616,SPDR,naive.cytotoxic
1162,20.966125,1.4815172,SPDR,naive.cytotoxic
1163,17.897783,-1.2418783,SPDR,naive.cytotoxic
1164,19.230812,-4.882492,SPDR,naive.cytotoxic
1165,20.67093,0.47210723,SPDR,naive.cytotoxic
1166,20.169237,-5.3765283,SPDR,naive.cytotoxic
1167,16.244963,-3.3236165,SPDR,naive.cytotoxic
1168,18.462702,-1.2176368,SPDR,naive.cytotoxic
1169,18.454697,-0.032132648,SPDR,naive.cytotoxic
1170,17.934126,-3.280926,SPDR,naive.cytotoxic
1171,21.661016,1.8247377,SPDR,naive.cytotoxic
1172,19.55298,-3.0042777,SPDR,naive.cytotoxic
1173,17.25425,-3.2536995,SPDR,naive.cytotoxic
1174,19.543951,-5.064729,SPDR,naive.cytotoxic
1175,18.207415,-4.996553,SPDR,naive.cytotoxic
1176,17.761087,-2.8260858,SPDR,naive.cytotoxic
1177,23.574884,-5.635548,SPDR,naive.cytotoxic
1178,18.297653,-2.9890597,SPDR,naive.cytotoxic
1179,20.8762,-4.9579883,SPDR,naive.cytotoxic
1180,21.49227,-4.2366953,SPDR,naive.cytotoxic
1181,21.051111,0.3056122,SPDR,naive.cytotoxic
1182,19.71175,-4.2304063,SPDR,naive.cytotoxic
1183,19.338692,-1.6804947,SPDR,naive.cytotoxic
1184,23.7582,-6.115242,SPDR,naive.cytotoxic
1185,19.28113,-5.517426,SPDR,naive.cytotoxic
1186,21.39801,-1.2605913,SPDR,naive.cytotoxic
1187,19.81868,1.447012,SPDR,naive.cytotoxic
1188,17.748442,-2.599252,SPDR,naive.cytotoxic
1189,20.775368,-2.8900394,SPDR,naive.cytotoxic
1190,18.089003,1.7036811,SPDR,naive.cytotoxic
1191,21.838408,-4.817321,SPDR,naive.cytotoxic
1192,18.994839,-4.3293366,SPDR,naive.cytotoxic
1193,21.20526,1.0339605,SPDR,naive.cytotoxic
1194,20.167746,-5.728229,SPDR,naive.cytotoxic
1195,21.006792,-2.1338606,SPDR,naive.cytotoxic
1196,19.075771,-4.752809,SPDR,naive.cytotoxic
1197,20.7851,-3.040991,SPDR,naive.cytotoxic
1198,24.069809,1.9518502,SPDR,naive.cytotoxic
1199,18.541286,-4.0019627,SPDR,naive.cytotoxic
1200,22.66037,-6.743526,SPDR,naive.cytotoxic
1201,17.273184,-0.4861816,SPDR,naive.cytotoxic
1202,16.994564,-1.7404407,SPDR,naive.cytotoxic
1203,20.079962,-3.7262464,SPDR,naive.cytotoxic
1204,18.487907,-4.0574484,SPDR,naive.cytotoxic
1205,20.07525,1.8234884,SPDR,naive.cytotoxic
1206,17.827782,-2.0052552,SPDR,naive.cytotoxic
1207,16.381979,1.6751506,SPDR,naive.cytotoxic
1208,21.412714,-3.8226447,SPDR,naive.cytotoxic
1209,18.311941,-4.185366,SPDR,naive.cytotoxic
1210,18.803947,-1.5770853,SPDR,naive.cytotoxic
1211,18.71851,-0.11564695,SPDR,naive.cytotoxic
1212,16.342533,-0.17610024,SPDR,naive.cytotoxic
1213,19.564413,-2.2181077,SPDR,naive.cytotoxic
1214,20.713009,-1.6045281,SPDR,naive.cytotoxic
1215,21.662296,1.6789112,SPDR,naive.cytotoxic
1216,20.910807,-5.0731325,SPDR,naive.cytotoxic
1217,18.56264,0.94109774,SPDR,naive.cytotoxic
1218,17.23048,-1.9168477,SPDR,naive.cytotoxic
1219,20.532152,-2.0082011,SPDR,naive.cytotoxic
1220,17.873722,-0.807149,SPDR,naive.cytotoxic
1221,22.292007,-0.6367455,SPDR,naive.cytotoxic
1222,22.539072,-1.8072746,SPDR,naive.cytotoxic
1223,18.632893,1.6408106,SPDR,naive.cytotoxic
1224,18.325031,-3.3603659,SPDR,naive.cytotoxic
1225,18.796665,3.8552647,SPDR,naive.cytotoxic
1226,16.141512,-2.998703,SPDR,naive.cytotoxic
1227,23.562767,-7.29082,SPDR,naive.cytotoxic
1228,22.236677,1.4878274,SPDR,naive.cytotoxic
1229,23.210506,-1.8989967,SPDR,naive.cytotoxic
1230,22.270834,-0.9179345,SPDR,naive.cytotoxic
1231,18.406908,-3.7063484,SPDR,naive.cytotoxic
1232,17.790127,-3.7600853,SPDR,naive.cytotoxic
1233,16.192944,-4.4664874,SPDR,naive.cytotoxic
1234,17.254066,-1.6775352,SPDR,naive.cytotoxic
1235,11.798942,-10.209155,SPDR,naive.cytotoxic
1236,17.852478,-4.137274,SPDR,naive.cytotoxic
1237,18.082802,-3.971924,SPDR,naive.cytotoxic
1238,19.766012,-2.7410274,SPDR,naive.cytotoxic
1239,21.958532,0.950066,SPDR,naive.cytotoxic
1240,19.617243,-4.265271,SPDR,naive.cytotoxic
1241,18.60605,-0.6858299,SPDR,naive.cytotoxic
1242,15.910413,4.049731,SPDR,naive.cytotoxic
1243,20.583916,-2.2636857,SPDR,naive.cytotoxic
1244,14.4435835,-2.1099358,SPDR,naive.cytotoxic
1245,18.629166,-2.58604,SPDR,naive.cytotoxic
1246,16.879663,-4.0489054,SPDR,naive.cytotoxic
1247,19.053398,2.0062058,SPDR,naive.cytotoxic
1248,22.957941,0.03643172,SPDR,naive.cytotoxic
1249,20.142708,-2.7236264,SPDR,naive.cytotoxic
1250,19.493233,-1.3784829,SPDR,naive.cytotoxic
1251,24.158875,-2.4604871,SPDR,naive.cytotoxic
1252,19.635233,-4.3684673,SPDR,naive.cytotoxic
1253,20.601261,-0.6799244,SPDR,naive.cytotoxic
1254,16.883223,-2.7636425,SPDR,naive.cytotoxic
1255,21.126343,-3.653548,SPDR,naive.cytotoxic
1256,20.26299,-5.546021,SPDR,naive.cytotoxic
1257,23.784513,-5.40729,SPDR,naive.cytotoxic
1258,12.979314,-2.2579885,SPDR,naive.cytotoxic
1259,18.091473,-1.3127533,SPDR,naive.cytotoxic
1260,21.4178,-1.668462,SPDR,naive.cytotoxic
1261,16.875685,-0.9899324,SPDR,naive.cytotoxic
1262,20.352303,-3.982284,SPDR,naive.cytotoxic
1263,20.248549,-2.638536,SPDR,naive.cytotoxic
1264,20.098356,-2.6265478,SPDR,naive.cytotoxic
1265,17.198938,-1.5448517,SPDR,naive.cytotoxic
1266,19.402395,1.0869483,SPDR,naive.cytotoxic
1267,18.534456,-1.825826,SPDR,naive.cytotoxic
1268,20.876211,-1.7729111,SPDR,naive.cytotoxic
1269,17.324226,-1.8701383,SPDR,naive.cytotoxic
1270,24.334204,2.267774,SPDR,naive.cytotoxic
1271,24.178177,-0.09761311,SPDR,naive.cytotoxic
1272,17.992184,-0.14150685,SPDR,naive.cytotoxic
1273,18.779867,-3.3172777,SPDR,naive.cytotoxic
1274,18.863512,-1.2026932,SPDR,naive.cytotoxic
1275,19.820602,-3.3472624,SPDR,naive.cytotoxic
1276,19.661747,-0.3322892,SPDR,naive.cytotoxic
1277,17.868727,0.07614874,SPDR,naive.cytotoxic
1278,18.45388,-3.604548,SPDR,naive.cytotoxic
1279,23.094152,-6.138414,SPDR,naive.cytotoxic
1280,21.102247,-1.6497594,SPDR,naive.cytotoxic
1281,19.222654,-0.4869029,SPDR,naive.cytotoxic
1282,20.399927,-4.128523,SPDR,naive.cytotoxic
1283,19.230316,-3.241322,SPDR,naive.cytotoxic
1284,21.107065,-1.4655918,SPDR,naive.cytotoxic
1285,20.688208,-1.1261237,SPDR,naive.cytotoxic
1286,19.33178,0.8989184,SPDR,naive.cytotoxic
1287,18.929592,-4.153652,SPDR,naive.cytotoxic
1288,17.294346,-2.7416532,SPDR,naive.cytotoxic
1289,17.353952,-1.9543835,SPDR,naive.cytotoxic
1290,23.97391,1.7491443,SPDR,naive.cytotoxic
1291,18.729733,-3.4570022,SPDR,naive.cytotoxic
1292,20.213568,1.8751752,SPDR,naive.cytotoxic
1293,22.715582,-6.40728,SPDR,naive.cytotoxic
1294,16.85612,-2.1117067,SPDR,naive.cytotoxic
1295,18.719643,-3.8251069,SPDR,naive.cytotoxic
1296,15.872387,-1.1986951,SPDR,naive.cytotoxic
1297,16.93246,-0.8501419,SPDR,naive.cytotoxic
1298,19.035475,-4.070376,SPDR,naive.cytotoxic
1299,18.17494,-1.410637,SPDR,naive.cytotoxic
1300,19.575394,-3.213958,SPDR,naive.cytotoxic
1301,20.18801,-3.281507,SPDR,naive.cytotoxic
1302,16.837805,-4.8839407,SPDR,naive.cytotoxic
1303,18.529396,-3.4151878,SPDR,naive.cytotoxic
1304,18.289873,0.7501596,SPDR,naive.cytotoxic
1305,16.326927,-2.7050705,SPDR,naive.cytotoxic
1306,17.368656,0.4974371,SPDR,naive.cytotoxic
1307,20.11656,-2.6855595,SPDR,naive.cytotoxic
1308,20.483034,-4.264079,SPDR,naive.cytotoxic
1309,20.744747,-4.1912956,SPDR,naive.cytotoxic
1310,20.559166,-3.6424246,SPDR,naive.cytotoxic
1311,20.10869,-0.45901787,SPDR,naive.cytotoxic
1312,20.924017,-3.8159778,SPDR,naive.cytotoxic
1313,15.8995695,-1.846325,SPDR,naive.cytotoxic
1314,18.88556,-7.8215184,SPDR,naive.cytotoxic
1315,17.393393,-3.6159434,SPDR,naive.cytotoxic
1316,18.26322,-0.38213304,SPDR,naive.cytotoxic
1317,15.704226,-1.5652413,SPDR,naive.cytotoxic
1318,18.0554,0.52078557,SPDR,naive.cytotoxic
1319,24.208714,-7.077856,SPDR,naive.cytotoxic
1320,20.494267,-0.39364955,SPDR,naive.cytotoxic
1321,20.708273,-3.56891,SPDR,naive.cytotoxic
1322,19.88226,1.1253096,SPDR,naive.cytotoxic
1323,16.132803,0.99078363,SPDR,naive.cytotoxic
1324,17.869703,-0.4469562,SPDR,naive.cytotoxic
1325,22.682467,-0.48467818,SPDR,naive.cytotoxic
1326,16.639006,0.17172785,SPDR,naive.cytotoxic
1327,16.18618,-1.6758301,SPDR,naive.cytotoxic
1328,20.600922,1.0643716,SPDR,naive.cytotoxic
1329,16.590534,2.6978962,SPDR,naive.cytotoxic
1330,13.141352,-2.5925288,SPDR,naive.cytotoxic
1331,21.164381,-1.1985387,SPDR,naive.cytotoxic
1332,19.717505,1.1986452,SPDR,naive.cytotoxic
1333,18.027802,2.7039545,SPDR,naive.cytotoxic
1334,18.698303,-1.7894156,SPDR,naive.cytotoxic
1335,20.075418,-5.848276,SPDR,naive.cytotoxic
1336,18.516262,-5.9498773,SPDR,naive.cytotoxic
1337,20.211124,-3.5895977,SPDR,naive.cytotoxic
1338,18.966677,1.1496813,SPDR,naive.cytotoxic
1339,19.45671,-0.86795527,SPDR,naive.cytotoxic
1340,22.189404,-4.21645,SPDR,naive.cytotoxic
1341,16.942099,-3.34961,SPDR,naive.cytotoxic
1342,17.504192,-1.6311657,SPDR,naive.cytotoxic
1343,23.503248,-0.48936325,SPDR,naive.cytotoxic
1344,16.051311,-5.980226,SPDR,naive.cytotoxic
1345,17.504246,-2.929329,SPDR,naive.cytotoxic
1346,22.380589,-1.682176,SPDR,naive.cytotoxic
1347,13.453901,-0.08265632,SPDR,naive.cytotoxic
1348,17.489437,-4.401354,SPDR,naive.cytotoxic
1349,19.223309,0.5919863,SPDR,naive.cytotoxic
1350,19.323551,-6.455186,SPDR,naive.cytotoxic
1351,21.052385,-3.4324045,SPDR,naive.cytotoxic
1352,17.859026,-7.5381217,SPDR,naive.cytotoxic
1353,18.76355,1.6465596,SPDR,naive.cytotoxic
1354,17.6415,-0.25844708,SPDR,naive.cytotoxic
1355,23.334345,-6.541583,SPDR,naive.cytotoxic
1356,18.553427,-1.753343,SPDR,naive.cytotoxic
1357,19.603565,-2.5823088,SPDR,naive.cytotoxic
1358,20.98222,-0.68588394,SPDR,naive.cytotoxic
1359,17.092056,0.33945397,SPDR,naive.cytotoxic
1360,19.944155,-5.0969787,SPDR,naive.cytotoxic
1361,17.889889,-3.978427,SPDR,naive.cytotoxic
1362,22.152233,-0.10262351,SPDR,naive.cytotoxic
1363,18.184525,-1.0295547,SPDR,naive.cytotoxic
1364,15.394022,-2.2623677,SPDR,naive.cytotoxic
1365,20.625652,-6.167683,SPDR,naive.cytotoxic
1366,14.803897,-2.7987392,SPDR,naive.cytotoxic
1367,24.899706,-5.124419,SPDR,naive.cytotoxic
1368,18.869316,-2.5435565,SPDR,naive.cytotoxic
1369,17.740446,-2.3011131,SPDR,naive.cytotoxic
1370,20.009514,-1.8910894,SPDR,naive.cytotoxic
1371,17.479773,-3.1429908,SPDR,naive.cytotoxic
1372,17.989561,-3.224515,SPDR,naive.cytotoxic
1373,17.969296,-4.6325946,SPDR,naive.cytotoxic
1374,17.150629,-1.3088866,SPDR,naive.cytotoxic
1375,20.116053,-3.9554002,SPDR,naive.cytotoxic
1376,25.023294,0.9521546,SPDR,naive.cytotoxic
1377,18.171738,-2.1758394,SPDR,naive.cytotoxic
1378,18.813633,-2.8134446,SPDR,naive.cytotoxic
1379,22.50522,-0.46045694,SPDR,naive.cytotoxic
1380,18.774393,-3.602963,SPDR,naive.cytotoxic
1381,17.878233,-3.5670164,SPDR,naive.cytotoxic
1382,12.937857,-2.4041626,SPDR,naive.cytotoxic
1383,17.996681,-4.2793126,SPDR,naive.cytotoxic
1384,19.879662,-3.8671675,SPDR,naive.cytotoxic
1385,21.153805,1.9964241,SPDR,naive.cytotoxic
1386,17.460442,-2.6109524,SPDR,naive.cytotoxic
1387,18.656445,-3.897479,SPDR,naive.cytotoxic
1388,14.619998,-3.6045563,SPDR,naive.cytotoxic
1389,18.473774,-3.3491323,SPDR,naive.cytotoxic
1390,21.219442,1.475199,SPDR,naive.cytotoxic
1391,19.244799,-4.2189765,SPDR,naive.cytotoxic
1392,21.40296,-3.9229002,SPDR,naive.cytotoxic
1393,22.199389,1.160636,SPDR,naive.cytotoxic
1394,16.661406,-1.3584493,SPDR,naive.cytotoxic
1395,20.689009,0.9044184,SPDR,naive.cytotoxic
1396,20.517197,1.1901331,SPDR,naive.cytotoxic
1397,17.580524,-0.060539894,SPDR,naive.cytotoxic
1398,1.7358048,-15.674167,SPDR,naive.cytotoxic
1399,18.865477,-3.284388,SPDR,naive.cytotoxic
1400,17.470896,-3.3606412,SPDR,naive.cytotoxic
1401,18.614538,-5.592579,SPDR,naive.cytotoxic
1402,20.404219,1.9882473,SPDR,naive.cytotoxic
1403,18.177485,-2.4441378,SPDR,naive.cytotoxic
1404,17.763979,-3.458802,SPDR,naive.cytotoxic
1405,16.446428,-2.3209867,SPDR,naive.cytotoxic
1406,18.433586,0.026717037,SPDR,naive.cytotoxic
1407,20.27584,1.0388957,SPDR,naive.cytotoxic
1408,20.77994,0.9324766,SPDR,naive.cytotoxic
1409,17.017426,-2.1261268,SPDR,naive.cytotoxic
1410,19.316095,-3.8066459,SPDR,naive.cytotoxic
1411,17.769434,-0.5453016,SPDR,naive.cytotoxic
1412,18.394579,-0.9481349,SPDR,naive.cytotoxic
1413,21.95654,0.24225776,SPDR,naive.cytotoxic
1414,23.109844,-6.812286,SPDR,naive.cytotoxic
1415,20.354954,-4.393246,SPDR,naive.cytotoxic
1416,12.932089,-2.188876,SPDR,naive.cytotoxic
1417,19.206337,-2.6887462,SPDR,naive.cytotoxic
1418,19.516773,-3.7808166,SPDR,naive.cytotoxic
1419,14.958778,-1.8111436,SPDR,naive.cytotoxic
1420,13.354099,-3.644651,SPDR,naive.cytotoxic
1421,14.161775,-1.8655593,SPDR,naive.cytotoxic
1422,20.926764,-0.21680802,SPDR,naive.cytotoxic
1423,17.656681,-0.43073657,SPDR,naive.cytotoxic
1424,19.26137,-5.933174,SPDR,naive.cytotoxic
1425,18.011168,-0.90070766,SPDR,naive.cytotoxic
1426,18.388363,-1.6811777,SPDR,naive.cytotoxic
1427,17.511147,-3.1177948,SPDR,naive.cytotoxic
1428,18.052582,-3.1949844,SPDR,naive.cytotoxic
1429,19.142397,0.26070812,SPDR,naive.cytotoxic
1430,18.032951,-3.4244504,SPDR,naive.cytotoxic
1431,23.160076,-1.9112654,SPDR,naive.cytotoxic
1432,19.911787,1.3697063,SPDR,naive.cytotoxic
1433,13.24587,-1.5695577,SPDR,naive.cytotoxic
1434,17.822815,-4.3467913,SPDR,naive.cytotoxic
1435,15.082606,-5.3169074,SPDR,naive.cytotoxic
1436,20.63391,-1.6299313,SPDR,naive.cytotoxic
1437,18.67334,-3.5250945,SPDR,naive.cytotoxic
1438,22.161291,-3.4857004,SPDR,naive.cytotoxic
1439,21.625385,0.030663095,SPDR,naive.cytotoxic
1440,17.886122,0.72742003,SPDR,naive.cytotoxic
1441,20.013597,-5.3726735,SPDR,naive.cytotoxic
1442,20.064003,-5.7416706,SPDR,naive.cytotoxic
1443,16.061941,-2.4958892,SPDR,naive.cytotoxic
1444,20.330545,2.8585854,SPDR,naive.cytotoxic
1445,20.30908,-4.3281407,SPDR,naive.cytotoxic
1446,18.222477,-2.3129938,SPDR,naive.cytotoxic
1447,19.833286,-3.9997919,SPDR,naive.cytotoxic
1448,18.93188,-0.72616625,SPDR,naive.cytotoxic
1449,16.170897,-6.875794,SPDR,naive.cytotoxic
1450,16.243116,-1.4316365,SPDR,naive.cytotoxic
1451,19.217817,-4.0046096,SPDR,naive.cytotoxic
1452,24.476114,-1.8832489,SPDR,naive.cytotoxic
1453,20.571836,-1.7034898,SPDR,naive.cytotoxic
1454,16.201368,-0.25285736,SPDR,naive.cytotoxic
1455,16.508022,-7.0263867,SPDR,naive.cytotoxic
1456,17.074736,-0.8174039,SPDR,naive.cytotoxic
1457,21.43543,-0.44157046,SPDR,naive.cytotoxic
1458,18.708385,-3.9616928,SPDR,naive.cytotoxic
1459,21.472885,-6.4323025,SPDR,naive.cytotoxic
1460,13.869654,-9.468615,SPDR,naive.cytotoxic
1461,19.658657,-3.5133092,SPDR,naive.cytotoxic
1462,18.159801,-4.4663825,SPDR,naive.cytotoxic
1463,19.191275,-3.2670343,SPDR,naive.cytotoxic
1464,21.117065,-0.62860477,SPDR,naive.cytotoxic
1465,19.282108,-3.4880219,SPDR,naive.cytotoxic
1466,23.573292,-2.4226015,SPDR,naive.cytotoxic
1467,17.875538,-4.9280243,SPDR,naive.cytotoxic
1468,16.831387,-3.0372722,SPDR,naive.cytotoxic
1469,22.273466,-1.3323768,SPDR,naive.cytotoxic
1470,18.5657,-3.079855,SPDR,naive.cytotoxic
1471,17.26438,-0.093816936,SPDR,naive.cytotoxic
1472,12.653219,-12.298671,SPDR,naive.cytotoxic
1473,17.013103,-4.0419874,SPDR,naive.cytotoxic
1474,21.865452,-0.935657,SPDR,naive.cytotoxic
1475,14.30666,0.09069747,SPDR,naive.cytotoxic
1476,18.133137,2.6018815,SPDR,naive.cytotoxic
1477,17.801645,-3.7227824,SPDR,naive.cytotoxic
1478,18.550255,-6.087021,SPDR,naive.cytotoxic
1479,14.914819,1.7446878,SPDR,naive.cytotoxic
1480,20.701643,1.0953997,SPDR,naive.cytotoxic
1481,19.326094,-2.73687,SPDR,naive.cytotoxic
1482,20.675592,0.99555707,SPDR,naive.cytotoxic
1483,18.239994,-1.146016,SPDR,naive.cytotoxic
1484,21.380404,-3.8481402,SPDR,naive.cytotoxic
1485,6.9748764,-16.00679,SPDR,naive.cytotoxic
1486,17.809074,-1.1387554,SPDR,naive.cytotoxic
1487,18.701225,-3.362375,SPDR,naive.cytotoxic
1488,18.595951,1.6339328,SPDR,naive.cytotoxic
1489,15.113101,-1.8829889,SPDR,naive.cytotoxic
1490,14.179292,-2.4617746,SPDR,naive.cytotoxic
1491,21.41137,-3.5350351,SPDR,naive.cytotoxic
1492,17.816353,-3.1013246,SPDR,naive.cytotoxic
1493,18.176859,-4.2608247,SPDR,naive.cytotoxic
1494,18.7496,-0.44153723,SPDR,naive.cytotoxic
1495,19.492376,-4.490101,SPDR,naive.cytotoxic
1496,21.2587,-3.3372061,SPDR,naive.cytotoxic
1497,19.378077,-4.427491,SPDR,naive.cytotoxic
1498,19.463684,-4.6078343,SPDR,naive.cytotoxic
1499,17.367239,-0.74778306,SPDR,naive.cytotoxic
1500,20.048681,-3.530902,SPDR,naive.cytotoxic
1501,20.056017,1.2506157,SPDR,naive.cytotoxic
1502,19.211676,-2.6456664,SPDR,naive.cytotoxic
1503,18.021435,-0.8258142,SPDR,naive.cytotoxic
1504,7.6897397,-16.41381,SPDR,naive.cytotoxic
1505,19.813976,-4.2625213,SPDR,naive.cytotoxic
1506,19.68808,0.1633121,SPDR,naive.cytotoxic
1507,14.0651655,-3.2879825,SPDR,naive.cytotoxic
1508,18.049465,-0.74318224,SPDR,naive.cytotoxic
1509,17.97178,-0.6914179,SPDR,naive.cytotoxic
1510,20.302456,-0.8713874,SPDR,naive.cytotoxic
1511,18.58361,-2.5554943,SPDR,naive.cytotoxic
1512,19.129185,0.76092905,SPDR,naive.cytotoxic
1513,25.319603,-1.0119462,SPDR,naive.cytotoxic
1514,15.386165,-2.181615,SPDR,naive.cytotoxic
1515,20.088593,-1.0072697,SPDR,naive.cytotoxic
1516,18.954384,-3.6469815,SPDR,naive.cytotoxic
1517,18.372368,-4.4475636,SPDR,naive.cytotoxic
1518,21.64203,-3.0152183,SPDR,naive.cytotoxic
1519,18.610155,-4.846649,SPDR,naive.cytotoxic
1520,17.924952,-5.6442227,SPDR,naive.cytotoxic
1521,18.845629,-0.21790439,SPDR,naive.cytotoxic
1522,15.251102,-2.1035562,SPDR,naive.cytotoxic
1523,16.707388,-0.73589164,SPDR,naive.cytotoxic
1524,17.31996,-4.1498294,SPDR,naive.cytotoxic
1525,19.009846,-3.9630685,SPDR,naive.cytotoxic
1526,17.7307,1.1336628,SPDR,naive.cytotoxic
1527,18.649874,-3.7297258,SPDR,naive.cytotoxic
1528,18.583853,-0.9707505,SPDR,naive.cytotoxic
1529,18.265179,-4.6048775,SPDR,naive.cytotoxic
1530,22.639822,1.3397343,SPDR,naive.cytotoxic
1531,17.515602,-1.4683006,SPDR,naive.cytotoxic
1532,23.79846,-6.187787,SPDR,naive.cytotoxic
1533,17.18534,-2.4912643,SPDR,naive.cytotoxic
1534,18.580988,-2.2694745,SPDR,naive.cytotoxic
1535,17.744568,-3.7888925,SPDR,naive.cytotoxic
1536,20.511608,1.8532134,SPDR,naive.cytotoxic
1537,16.975636,-2.2937052,SPDR,naive.cytotoxic
1538,18.445307,-3.9029002,SPDR,naive.cytotoxic
1539,17.872946,-1.2823182,SPDR,naive.cytotoxic
1540,21.52889,-3.7115538,SPDR,naive.cytotoxic
1541,18.943035,-3.8761194,SPDR,naive.cytotoxic
1542,18.157454,0.17047827,SPDR,naive.cytotoxic
1543,18.937147,-1.9563797,SPDR,naive.cytotoxic
1544,17.74065,-3.277666,SPDR,naive.cytotoxic
1545,19.704319,-3.8901289,SPDR,naive.cytotoxic
1546,18.384094,-4.012738,SPDR,naive.cytotoxic
1547,18.910881,-3.5963223,SPDR,naive.cytotoxic
1548,18.023087,-2.5164697,SPDR,naive.cytotoxic
1549,18.804434,-3.8302329,SPDR,naive.cytotoxic
1550,13.398403,-2.6724741,SPDR,naive.cytotoxic
1551,18.196514,-1.0582751,SPDR,naive.cytotoxic
1552,19.17524,-3.7629983,SPDR,naive.cytotoxic
1553,19.67221,-3.4254441,SPDR,naive.cytotoxic
1554,20.15618,-2.5163627,SPDR,naive.cytotoxic
1555,19.328068,-6.2174425,SPDR,naive.cytotoxic
1556,17.852875,0.21417645,SPDR,naive.cytotoxic
1557,16.841393,-2.7745912,SPDR,naive.cytotoxic
1558,16.216503,-0.79441226,SPDR,naive.cytotoxic
1559,17.871296,-1.5913048,SPDR,naive.cytotoxic
1560,13.421818,-3.3804388,SPDR,naive.cytotoxic
1561,17.447052,-4.2384925,SPDR,naive.cytotoxic
1562,16.446712,-2.5229957,SPDR,naive.cytotoxic
1563,16.92525,-2.9315262,SPDR,naive.cytotoxic
1564,18.507309,-5.8536954,SPDR,naive.cytotoxic
1565,21.413889,0.47007442,SPDR,naive.cytotoxic
1566,17.192444,-2.4813914,SPDR,naive.cytotoxic
1567,19.151812,-3.007112,SPDR,naive.cytotoxic
1568,21.336773,-1.2203592,SPDR,naive.cytotoxic
1569,19.47967,-3.7947817,SPDR,naive.cytotoxic
1570,17.399881,-3.1189017,SPDR,naive.cytotoxic
1571,17.095497,-3.9604967,SPDR,naive.cytotoxic
1572,17.447008,-5.0549855,SPDR,naive.cytotoxic
1573,23.334179,-6.024954,SPDR,naive.cytotoxic
1574,19.036999,-3.514657,SPDR,naive.cytotoxic
1575,18.29159,2.3274329,SPDR,naive.cytotoxic
1576,16.373014,-0.73648936,SPDR,naive.cytotoxic
1577,19.240564,-5.3948007,SPDR,naive.cytotoxic
1578,17.653425,-2.6534886,SPDR,naive.cytotoxic
1579,18.269855,-2.1453304,SPDR,naive.cytotoxic
1580,21.834957,-5.6677723,SPDR,naive.cytotoxic
1581,21.585978,-0.9378932,SPDR,naive.cytotoxic
1582,18.00759,1.3539152,SPDR,naive.cytotoxic
1583,17.850578,-3.9465184,SPDR,naive.cytotoxic
1584,17.851234,-3.3931515,SPDR,naive.cytotoxic
1585,10.25946,-6.6711454,SPDR,naive.cytotoxic
1586,6.219325,-16.735115,SPDR,naive.cytotoxic
1587,16.764643,-3.7767322,SPDR,naive.cytotoxic
1588,19.157637,-0.28056166,SPDR,naive.cytotoxic
1589,23.988655,-0.7363403,SPDR,naive.cytotoxic
1590,20.991701,2.4166818,SPDR,naive.cytotoxic
1591,19.102036,-3.618457,SPDR,naive.cytotoxic
1592,20.216774,-2.4538677,SPDR,naive.cytotoxic
1593,21.941828,-0.37098968,SPDR,naive.cytotoxic
1594,18.97159,-3.0670273,SPDR,naive.cytotoxic
1595,20.305943,-2.8592937,SPDR,naive.cytotoxic
1596,18.685165,-2.569171,SPDR,naive.cytotoxic
1597,17.865877,-5.7895527,SPDR,naive.cytotoxic
1598,18.641382,-3.1360133,SPDR,naive.cytotoxic
1599,22.736195,-3.4021697,SPDR,naive.cytotoxic
1600,21.450026,-2.176966,SPDR,naive.cytotoxic
1601,15.259448,-1.2889563,SPDR,naive.cytotoxic
1602,21.03037,-3.8280487,SPDR,naive.cytotoxic
1603,17.406301,-1.1278806,SPDR,naive.cytotoxic
1604,18.33294,-2.2962003,SPDR,naive.cytotoxic
1605,20.169703,-1.0491604,SPDR,naive.cytotoxic
1606,19.493605,-4.962402,SPDR,naive.cytotoxic
1607,15.638891,1.0861717,SPDR,naive.cytotoxic
1608,17.14558,-3.0365107,SPDR,naive.cytotoxic
1609,21.747066,-3.325224,SPDR,naive.cytotoxic
1610,19.579998,-3.637051,SPDR,naive.cytotoxic
1611,19.963408,-0.13141328,SPDR,naive.cytotoxic
1612,13.241743,-2.5002365,SPDR,naive.cytotoxic
1613,23.573858,-6.158178,SPDR,naive.cytotoxic
1614,19.827906,-3.904601,SPDR,naive.cytotoxic
1615,22.96901,-5.8757076,SPDR,naive.cytotoxic
1616,12.93114,-0.11157209,SPDR,naive.cytotoxic
1617,19.01725,0.16378507,SPDR,naive.cytotoxic
1618,22.384644,2.2860227,SPDR,naive.cytotoxic
1619,18.748457,-0.5646453,SPDR,naive.cytotoxic
1620,23.046356,-6.560037,SPDR,naive.cytotoxic
1621,21.022932,-5.72551,SPDR,naive.cytotoxic
1622,17.915922,-1.2428356,SPDR,naive.cytotoxic
1623,22.764149,-3.8418474,SPDR,naive.cytotoxic
1624,20.701122,-6.9048734,SPDR,naive.cytotoxic
1625,21.28444,-3.2037423,SPDR,naive.cytotoxic
1626,21.056337,-2.2317033,SPDR,naive.cytotoxic
1627,23.791582,-6.879486,SPDR,naive.cytotoxic
1628,18.736677,-3.0160909,SPDR,naive.cytotoxic
1629,18.987335,1.8884423,SPDR,naive.cytotoxic
1630,23.645376,-1.1321255,SPDR,naive.cytotoxic
1631,17.977406,0.32048208,SPDR,naive.cytotoxic
1632,18.704807,-2.295658,SPDR,naive.cytotoxic
1633,21.627691,-2.7840931,SPDR,naive.cytotoxic
1634,17.934546,-3.505225,SPDR,naive.cytotoxic
1635,20.456066,0.25949237,SPDR,naive.cytotoxic
1636,13.3402405,-2.8577018,SPDR,naive.cytotoxic
1637,20.279737,0.10624189,SPDR,naive.cytotoxic
1638,18.068153,-2.8233218,SPDR,naive.cytotoxic
1639,20.653376,-5.2829466,SPDR,naive.cytotoxic
1640,18.186577,-0.07297422,SPDR,naive.cytotoxic
1641,18.740808,-2.2424917,SPDR,naive.cytotoxic
1642,17.858133,-0.9466617,SPDR,naive.cytotoxic
1643,18.23848,0.055065043,SPDR,naive.cytotoxic
1644,19.38621,1.107098,SPDR,naive.cytotoxic
1645,17.835688,-0.38706228,SPDR,naive.cytotoxic
1646,16.309587,-2.9990933,SPDR,naive.cytotoxic
1647,16.917652,0.6157778,SPDR,naive.cytotoxic
1648,21.710173,-3.147258,SPDR,naive.cytotoxic
1649,17.502384,-2.104852,SPDR,naive.cytotoxic
1650,15.540789,-3.717102,SPDR,naive.cytotoxic
1651,8.746523,-10.496223,SPDR,naive.cytotoxic
1652,22.668026,-2.52207,SPDR,naive.cytotoxic
1653,21.319668,0.46534482,SPDR,naive.cytotoxic
1654,18.61184,0.12918702,SPDR,naive.cytotoxic
1655,21.793333,-4.3465576,SPDR,naive.cytotoxic
1656,20.655241,0.38225937,SPDR,naive.cytotoxic
1657,18.004515,-2.8951166,SPDR,naive.cytotoxic
1658,17.902184,-2.2773309,SPDR,naive.cytotoxic
1659,19.267878,-3.512114,SPDR,naive.cytotoxic
1660,19.435833,-1.7700168,SPDR,naive.cytotoxic
1661,21.304247,-3.8616729,SPDR,naive.cytotoxic
1662,18.478561,-3.0599256,SPDR,naive.cytotoxic
1663,17.225563,-3.601378,SPDR,naive.cytotoxic
1664,17.833103,-3.5271246,SPDR,naive.cytotoxic
1665,18.985615,-5.9748673,SPDR,naive.cytotoxic
1666,24.252478,-6.7663183,SPDR,naive.cytotoxic
1667,17.947803,-0.7100628,SPDR,naive.cytotoxic
1668,22.259912,-3.8614206,SPDR,naive.cytotoxic
1669,19.83983,0.8243599,SPDR,naive.cytotoxic
1670,16.575308,-5.2421308,SPDR,naive.cytotoxic
1671,17.623442,-5.394146,SPDR,naive.cytotoxic
1672,20.075731,0.8529411,SPDR,naive.cytotoxic
1673,16.892971,0.16059496,SPDR,naive.cytotoxic
1674,23.538904,-6.735838,SPDR,naive.cytotoxic
1675,17.384615,1.5691224,SPDR,naive.cytotoxic
1676,16.615961,-3.4510868,SPDR,naive.cytotoxic
1677,19.81084,3.9590085,SPDR,naive.cytotoxic
1678,22.200665,-3.411426,SPDR,naive.cytotoxic
1679,21.944466,-2.7728505,SPDR,naive.cytotoxic
1680,16.117462,0.29599014,SPDR,naive.cytotoxic
1681,17.315647,-0.030222885,SPDR,naive.cytotoxic
1682,20.74398,1.3318911,SPDR,naive.cytotoxic
1683,19.933317,-2.6838057,SPDR,naive.cytotoxic
1684,18.772114,0.43236786,SPDR,naive.cytotoxic
1685,22.873613,-2.7368696,SPDR,naive.cytotoxic
1686,18.497782,-0.96484804,SPDR,naive.cytotoxic
1687,17.351997,1.9229609,SPDR,naive.cytotoxic
1688,21.99883,-4.792301,SPDR,naive.cytotoxic
1689,21.698233,-6.74031,SPDR,naive.cytotoxic
1690,23.06857,-5.313242,SPDR,naive.cytotoxic
1691,18.982424,0.11954178,SPDR,naive.cytotoxic
1692,12.61579,-5.410353,SPDR,naive.cytotoxic
1693,20.52952,-6.596326,SPDR,naive.cytotoxic
1694,17.940226,-5.195361,SPDR,naive.cytotoxic
1695,20.601744,-0.49153832,SPDR,naive.cytotoxic
1696,18.49739,-3.7346072,SPDR,naive.cytotoxic
1697,19.73904,3.9511185,SPDR,naive.cytotoxic
1698,17.807665,-4.114381,SPDR,naive.cytotoxic
1699,14.963579,-1.0913548,SPDR,naive.cytotoxic
1700,22.428465,-0.66067797,SPDR,naive.cytotoxic
1701,19.235271,-5.311073,SPDR,naive.cytotoxic
1702,18.385029,-2.071459,SPDR,naive.cytotoxic
1703,16.107601,-3.8114083,SPDR,naive.cytotoxic
1704,18.62869,-3.3559473,SPDR,naive.cytotoxic
1705,19.99605,2.9361103,SPDR,naive.cytotoxic
1706,19.97006,-3.4732773,SPDR,naive.cytotoxic
1707,19.57924,3.6626232,SPDR,naive.cytotoxic
1708,20.252483,1.6490815,SPDR,naive.cytotoxic
1709,21.092764,0.79496866,SPDR,naive.cytotoxic
1710,17.26495,2.0893526,SPDR,naive.cytotoxic
1711,18.840836,-2.238048,SPDR,naive.cytotoxic
1712,11.958308,-4.128214,SPDR,naive.cytotoxic
1713,21.526964,-5.9574757,SPDR,naive.cytotoxic
1714,19.115328,-0.4754264,SPDR,naive.cytotoxic
1715,17.872494,-0.09847095,SPDR,naive.cytotoxic
1716,19.106203,-4.3155203,SPDR,naive.cytotoxic
1717,16.578453,-1.4529247,SPDR,naive.cytotoxic
1718,17.788742,-2.021719,SPDR,naive.cytotoxic
1719,19.794518,-4.717794,SPDR,naive.cytotoxic
1720,18.122663,-4.08121,SPDR,naive.cytotoxic
1721,16.985575,-3.581716,SPDR,naive.cytotoxic
1722,20.037336,-0.15169336,SPDR,naive.cytotoxic
1723,17.110033,-3.8040113,SPDR,naive.cytotoxic
1724,19.76004,-2.3935761,SPDR,naive.cytotoxic
1725,17.332296,-4.6659894,SPDR,naive.cytotoxic
1726,19.279531,-1.6933277,SPDR,naive.cytotoxic
1727,18.512814,-0.848702,SPDR,naive.cytotoxic
1728,23.188366,-6.1523995,SPDR,naive.cytotoxic
1729,16.830553,-0.7770909,SPDR,naive.cytotoxic
1730,17.267609,0.58157736,SPDR,naive.cytotoxic
1731,19.837772,-4.861339,SPDR,naive.cytotoxic
1732,23.702742,-6.1588573,SPDR,naive.cytotoxic
1733,19.500992,0.77368224,SPDR,naive.cytotoxic
1734,19.381384,-4.6198616,SPDR,naive.cytotoxic
1735,19.350338,0.56894547,SPDR,naive.cytotoxic
1736,24.010916,-1.5231228,SPDR,naive.cytotoxic
1737,17.253672,-3.1180434,SPDR,naive.cytotoxic
1738,20.790243,0.028787358,SPDR,naive.cytotoxic
1739,19.136646,0.9078765,SPDR,naive.cytotoxic
1740,18.564444,-0.7018209,SPDR,naive.cytotoxic
1741,18.338087,-3.5402918,SPDR,naive.cytotoxic
1742,19.601486,1.8735217,SPDR,naive.cytotoxic
1743,18.524057,-0.072748415,SPDR,naive.cytotoxic
1744,17.725548,-3.6074905,SPDR,naive.cytotoxic
1745,20.260826,1.6357946,SPDR,naive.cytotoxic
1746,18.879723,-3.9266436,SPDR,naive.cytotoxic
1747,16.83098,-5.1551404,SPDR,naive.cytotoxic
1748,19.31209,0.68592656,SPDR,naive.cytotoxic
1749,20.60172,-4.753203,SPDR,naive.cytotoxic
1750,17.178534,-2.0871718,SPDR,naive.cytotoxic
1751,20.955751,2.3797655,SPDR,naive.cytotoxic
1752,14.478743,-1.4309655,SPDR,naive.cytotoxic
1753,17.56603,-1.9397539,SPDR,naive.cytotoxic
1754,18.858313,-4.060762,SPDR,naive.cytotoxic
1755,20.296408,-0.075152166,SPDR,naive.cytotoxic
1756,21.790934,1.0080397,SPDR,naive.cytotoxic
1757,14.966292,-4.1215844,SPDR,naive.cytotoxic
1758,16.466267,-1.9137546,SPDR,naive.cytotoxic
1759,17.863523,-5.9137397,SPDR,naive.cytotoxic
1760,21.464676,-0.59477645,SPDR,naive.cytotoxic
1761,19.01409,-3.5969691,SPDR,naive.cytotoxic
1762,18.284742,0.50671756,SPDR,naive.cytotoxic
1763,18.082874,0.191338,SPDR,naive.cytotoxic
1764,19.023407,1.1437546,SPDR,naive.cytotoxic
1765,22.471895,0.2617914,SPDR,naive.cytotoxic
1766,18.482817,-0.6777884,SPDR,naive.cytotoxic
1767,19.819998,-2.0684588,SPDR,naive.cytotoxic
1768,20.214285,-3.3332367,SPDR,naive.cytotoxic
1769,18.118784,-4.2469597,SPDR,naive.cytotoxic
1770,16.565928,-2.5026922,SPDR,naive.cytotoxic
1771,17.354599,-3.0559695,SPDR,naive.cytotoxic
1772,17.426653,-2.1966643,SPDR,naive.cytotoxic
1773,14.663999,-0.9232122,SPDR,naive.cytotoxic
1774,18.397083,-2.2916167,SPDR,naive.cytotoxic
1775,16.2402,-3.5301967,SPDR,naive.cytotoxic
1776,18.807915,-3.1110704,SPDR,naive.cytotoxic
1777,21.011719,1.9325075,SPDR,naive.cytotoxic
1778,19.475468,-2.3796196,SPDR,naive.cytotoxic
1779,18.1146,-5.053169,SPDR,naive.cytotoxic
1780,17.571293,2.7304542,SPDR,naive.cytotoxic
1781,18.905594,-5.520401,SPDR,naive.cytotoxic
1782,21.15015,-2.4292734,SPDR,naive.cytotoxic
1783,19.12347,-5.2590847,SPDR,naive.cytotoxic
1784,25.714748,-2.6915324,SPDR,naive.cytotoxic
1785,13.744198,-1.9926665,SPDR,naive.cytotoxic
1786,22.113033,-1.7221731,SPDR,naive.cytotoxic
1787,13.836903,-0.76533926,SPDR,naive.cytotoxic
1788,23.455849,-2.4637992,SPDR,naive.cytotoxic
1789,22.067451,-4.0071206,SPDR,naive.cytotoxic
1790,14.978545,-1.9648345,SPDR,naive.cytotoxic
1791,16.51392,-2.3265216,SPDR,naive.cytotoxic
1792,20.49171,-2.2117245,SPDR,naive.cytotoxic
1793,18.230637,-2.8173537,SPDR,naive.cytotoxic
1794,17.039906,-3.2623308,SPDR,naive.cytotoxic
1795,16.2221,-0.5796486,SPDR,naive.cytotoxic
1796,18.224054,-1.8622499,SPDR,naive.cytotoxic
1797,17.82149,-4.939496,SPDR,naive.cytotoxic
1798,18.04465,-0.85062784,SPDR,naive.cytotoxic
1799,18.295902,0.29402995,SPDR,naive.cytotoxic
1800,20.394543,-4.1608253,SPDR,naive.cytotoxic
1801,19.6775,-5.8546166,SPDR,naive.cytotoxic
1802,18.924198,-5.2136436,SPDR,naive.cytotoxic
1803,19.433876,-2.4708667,SPDR,naive.cytotoxic
1804,17.439255,-6.5691767,SPDR,naive.cytotoxic
1805,17.512997,-1.3427212,SPDR,naive.cytotoxic
1806,19.028831,-4.820558,SPDR,naive.cytotoxic
1807,20.369635,-0.88180846,SPDR,naive.cytotoxic
1808,20.021933,0.059874155,SPDR,naive.cytotoxic
1809,16.249771,2.2778406,SPDR,naive.cytotoxic
1810,16.445038,-2.2510085,SPDR,naive.cytotoxic
1811,18.753263,-2.5950658,SPDR,naive.cytotoxic
1812,15.493798,1.0582676,SPDR,naive.cytotoxic
1813,18.60796,-2.4035954,SPDR,naive.cytotoxic
1814,18.954445,-2.0243435,SPDR,naive.cytotoxic
1815,16.794884,0.7110011,SPDR,naive.cytotoxic
1816,19.557848,1.3979255,SPDR,naive.cytotoxic
1817,20.79406,-1.2904232,SPDR,naive.cytotoxic
1818,18.824078,-3.5542097,SPDR,naive.cytotoxic
1819,18.29995,-4.2299075,SPDR,naive.cytotoxic
1820,11.609848,-3.1929445,SPDR,naive.cytotoxic
1821,19.15798,-4.253354,SPDR,naive.cytotoxic
1822,15.59315,-5.3880415,SPDR,naive.cytotoxic
1823,18.90031,-4.140577,SPDR,naive.cytotoxic
1824,18.834318,-3.3313472,SPDR,naive.cytotoxic
1825,19.863037,-3.7743707,SPDR,naive.cytotoxic
1826,17.768013,-0.8077491,SPDR,naive.cytotoxic
1827,19.656622,3.497917,SPDR,naive.cytotoxic
1828,20.171997,3.1427724,SPDR,naive.cytotoxic
1829,21.773932,-1.9199438,SPDR,naive.cytotoxic
1830,18.480654,0.45248687,SPDR,naive.cytotoxic
1831,13.607666,-2.214107,SPDR,naive.cytotoxic
1832,22.400116,0.7964928,SPDR,naive.cytotoxic
1833,23.20594,0.08362012,SPDR,naive.cytotoxic
1834,23.592567,-6.5309443,SPDR,naive.cytotoxic
1835,17.474516,2.140108,SPDR,naive.cytotoxic
1836,16.703665,-3.0138984,SPDR,naive.cytotoxic
1837,21.489395,-1.9896303,SPDR,naive.cytotoxic
1838,20.2517,-4.908563,SPDR,naive.cytotoxic
1839,14.884646,-2.9683447,SPDR,naive.cytotoxic
1840,19.10134,-0.884098,SPDR,naive.cytotoxic
1841,19.504173,-4.3846016,SPDR,naive.cytotoxic
1842,17.727894,-0.5432469,SPDR,naive.cytotoxic
1843,16.259958,-0.69459426,SPDR,naive.cytotoxic
1844,17.490925,-2.8890562,SPDR,naive.cytotoxic
1845,17.495111,-2.383398,SPDR,naive.cytotoxic
1846,22.543798,-0.75596887,SPDR,naive.cytotoxic
1847,16.707499,2.0027463,SPDR,naive.cytotoxic
1848,13.736144,-3.6193419,SPDR,naive.cytotoxic
1849,21.91574,-0.5962386,SPDR,naive.cytotoxic
1850,17.030972,-2.8071196,SPDR,naive.cytotoxic
1851,16.507519,-2.35812,SPDR,naive.cytotoxic
1852,17.578539,-4.6516247,SPDR,naive.cytotoxic
1853,17.563879,0.01048414,SPDR,naive.cytotoxic
1854,18.597073,-2.811929,SPDR,naive.cytotoxic
1855,16.955729,0.981186,SPDR,naive.cytotoxic
1856,18.48366,0.5202814,SPDR,naive.cytotoxic
1857,20.429571,-3.0221345,SPDR,naive.cytotoxic
1858,17.751598,-2.1846347,SPDR,naive.cytotoxic
1859,16.56923,-3.331371,SPDR,naive.cytotoxic
1860,22.076801,-1.4371469,SPDR,naive.cytotoxic
1861,17.863281,-3.152239,SPDR,naive.cytotoxic
1862,24.65279,-4.3846807,SPDR,naive.cytotoxic
1863,21.50066,-7.267765,SPDR,naive.cytotoxic
1864,19.215248,4.6326714,SPDR,naive.cytotoxic
1865,18.316479,-6.9405317,SPDR,naive.cytotoxic
1866,17.179209,-1.9806124,SPDR,naive.cytotoxic
1867,18.346674,-2.7622204,SPDR,naive.cytotoxic
1868,21.463448,-0.054309946,SPDR,naive.cytotoxic
1869,6.980986,-13.311638,SPDR,naive.cytotoxic
1870,18.366095,-3.3954594,SPDR,naive.cytotoxic
1871,21.642096,0.13097477,SPDR,naive.cytotoxic
1872,21.057928,-0.075559095,SPDR,naive.cytotoxic
1873,18.039627,0.039544225,SPDR,naive.cytotoxic
1874,17.895027,-3.9603796,SPDR,naive.cytotoxic
1875,20.245182,-0.74307644,SPDR,naive.cytotoxic
1876,21.767504,-6.2834063,SPDR,naive.cytotoxic
1877,21.77019,2.404868,SPDR,naive.cytotoxic
1878,17.786291,-1.0697503,SPDR,naive.cytotoxic
1879,21.141586,0.17374371,SPDR,naive.cytotoxic
1880,17.73539,-2.4589405,SPDR,naive.cytotoxic
1881,20.319363,-1.882206,SPDR,naive.cytotoxic
1882,18.022394,0.018026652,SPDR,naive.cytotoxic
1883,20.865461,-0.9779947,SPDR,naive.cytotoxic
1884,19.144514,-1.7406619,SPDR,naive.cytotoxic
1885,19.280106,-4.549558,SPDR,naive.cytotoxic
1886,15.26279,0.91787606,SPDR,naive.cytotoxic
1887,17.938051,-3.0928025,SPDR,naive.cytotoxic
1888,18.991007,0.7763318,SPDR,naive.cytotoxic
1889,17.996597,-3.0323286,SPDR,naive.cytotoxic
1890,18.873781,-4.3981843,SPDR,naive.cytotoxic
1891,19.164684,-0.7738624,SPDR,naive.cytotoxic
1892,19.31861,4.594117,SPDR,naive.cytotoxic
1893,23.556082,-7.1519566,SPDR,naive.cytotoxic
1894,19.362299,-3.4660559,SPDR,naive.cytotoxic
1895,17.747162,1.28391,SPDR,naive.cytotoxic
1896,18.058283,-0.2676829,SPDR,naive.cytotoxic
1897,18.459726,-5.279767,SPDR,naive.cytotoxic
1898,23.281229,-6.292488,SPDR,naive.cytotoxic
1899,19.571213,-5.019201,SPDR,naive.cytotoxic
1900,18.454092,-3.554697,SPDR,naive.cytotoxic
1901,15.018033,-1.6251925,SPDR,naive.cytotoxic
1902,18.361664,-5.3944445,SPDR,naive.cytotoxic
1903,17.114737,-1.0531645,SPDR,naive.cytotoxic
1904,20.75793,1.4216919,SPDR,naive.cytotoxic
1905,22.833073,-1.2547697,SPDR,naive.cytotoxic
1906,22.287212,1.5771456,SPDR,naive.cytotoxic
1907,19.582832,-0.8535626,SPDR,naive.cytotoxic
1908,22.015629,-1.3096684,SPDR,naive.cytotoxic
1909,18.846062,-4.1984997,SPDR,naive.cytotoxic
1910,12.525541,-10.797118,SPDR,naive.cytotoxic
1911,23.355288,-5.4954367,SPDR,naive.cytotoxic
1912,16.435043,-1.249882,SPDR,naive.cytotoxic
1913,19.393278,-2.7860677,SPDR,naive.cytotoxic
1914,19.805803,-3.5778065,SPDR,naive.cytotoxic
1915,12.827144,-0.8225763,SPDR,naive.cytotoxic
1916,16.495604,-5.8767376,SPDR,naive.cytotoxic
1917,21.402447,-0.7798635,SPDR,naive.cytotoxic
1918,17.86772,-1.9156315,SPDR,naive.cytotoxic
1919,13.047677,-2.329702,SPDR,naive.cytotoxic
1920,21.946518,-4.1135015,SPDR,naive.cytotoxic
1921,17.317234,0.5700429,SPDR,naive.cytotoxic
1922,19.978832,-3.6213646,SPDR,naive.cytotoxic
1923,16.075075,-2.5501363,SPDR,naive.cytotoxic
1924,16.722452,-2.4506717,SPDR,naive.cytotoxic
1925,17.879871,-3.9112754,SPDR,naive.cytotoxic
1926,19.661612,-5.7903013,SPDR,naive.cytotoxic
1927,18.062784,-3.006878,SPDR,naive.cytotoxic
1928,20.523659,0.25919488,SPDR,naive.cytotoxic
1929,14.841402,-2.1338668,SPDR,naive.cytotoxic
1930,18.771973,-6.3860555,SPDR,naive.cytotoxic
1931,20.921707,-0.36781123,SPDR,naive.cytotoxic
1932,18.52644,-2.0931888,SPDR,naive.cytotoxic
1933,19.416985,-4.853852,SPDR,naive.cytotoxic
1934,22.955763,-5.685771,SPDR,naive.cytotoxic
1935,20.243643,-6.065616,SPDR,naive.cytotoxic
1936,19.037956,0.8112593,SPDR,naive.cytotoxic
1937,17.619726,-0.41693264,SPDR,naive.cytotoxic
1938,18.069641,-1.0066563,SPDR,naive.cytotoxic
1939,18.753399,-4.5021577,SPDR,naive.cytotoxic
1940,18.463217,-2.7299888,SPDR,naive.cytotoxic
1941,17.937702,-5.6143928,SPDR,naive.cytotoxic
1942,19.940432,-3.4924114,SPDR,naive.cytotoxic
1943,20.463106,-2.8627803,SPDR,naive.cytotoxic
1944,14.194071,-1.3480424,SPDR,naive.cytotoxic
1945,19.310852,-3.1361814,SPDR,naive.cytotoxic
1946,20.109922,-4.721238,SPDR,naive.cytotoxic
1947,22.016855,0.9657578,SPDR,naive.cytotoxic
1948,20.005888,-2.9960904,SPDR,naive.cytotoxic
1949,22.00681,-2.8926802,SPDR,naive.cytotoxic
1950,19.409447,-5.8420095,SPDR,naive.cytotoxic
1951,17.453882,-2.322726,SPDR,naive.cytotoxic
1952,17.728271,-5.333581,SPDR,naive.cytotoxic
1953,18.985369,-3.5817149,SPDR,naive.cytotoxic
1954,19.01994,-2.653144,SPDR,naive.cytotoxic
1955,16.447634,-0.8531593,SPDR,naive.cytotoxic
1956,16.53775,-0.0001602167,SPDR,naive.cytotoxic
1957,17.309408,-5.1227846,SPDR,naive.cytotoxic
1958,18.196733,0.25753167,SPDR,naive.cytotoxic
1959,17.351915,-0.28170285,SPDR,naive.cytotoxic
1960,19.70791,-3.484113,SPDR,naive.cytotoxic
1961,20.438925,-2.7318213,SPDR,naive.cytotoxic
1962,16.911684,-1.0577301,SPDR,naive.cytotoxic
1963,19.73048,-3.805604,SPDR,naive.cytotoxic
1964,19.7176,-4.7490363,SPDR,naive.cytotoxic
1965,18.246529,2.92619,SPDR,naive.cytotoxic
1966,21.159111,-1.2813617,SPDR,naive.cytotoxic
1967,21.559385,-3.3187554,SPDR,naive.cytotoxic
1968,17.016685,-0.6011687,SPDR,naive.cytotoxic
1969,20.990997,-3.6698546,SPDR,naive.cytotoxic
1970,22.263176,-5.8567615,SPDR,naive.cytotoxic
1971,20.732264,-5.654427,SPDR,naive.cytotoxic
1972,17.440674,0.5927199,SPDR,naive.cytotoxic
1973,16.550354,2.2204025,SPDR,naive.cytotoxic
1974,18.144438,-0.4523566,SPDR,naive.cytotoxic
1975,17.744652,-2.0808733,SPDR,naive.cytotoxic
1976,17.715218,-3.3823285,SPDR,naive.cytotoxic
1977,20.411255,-2.5365214,SPDR,naive.cytotoxic
1978,21.237162,-0.4230176,SPDR,naive.cytotoxic
1979,19.544907,-0.3178556,SPDR,naive.cytotoxic
1980,19.747728,-3.7062078,SPDR,naive.cytotoxic
1981,22.589853,0.88673884,SPDR,naive.cytotoxic
1982,12.922897,-2.2801082,SPDR,naive.cytotoxic
1983,7.2292323,-15.304113,SPDR,naive.cytotoxic
1984,18.31354,-1.2097396,SPDR,naive.cytotoxic
1985,20.280027,-4.243349,SPDR,naive.cytotoxic
1986,19.509037,1.154504,SPDR,naive.cytotoxic
1987,20.68585,-2.4649827,SPDR,naive.cytotoxic
1988,20.368238,1.5414338,SPDR,naive.cytotoxic
1989,17.824821,-0.91524124,SPDR,naive.cytotoxic
1990,19.630533,0.9191753,SPDR,naive.cytotoxic
1991,19.66059,-1.9986578,SPDR,naive.cytotoxic
1992,11.886201,-1.5272678,SPDR,naive.cytotoxic
1993,18.889141,-2.9043672,SPDR,naive.cytotoxic
1994,21.069185,0.58281153,SPDR,naive.cytotoxic
1995,19.97295,-3.8972852,SPDR,naive.cytotoxic
1996,16.712017,-2.6998749,SPDR,naive.cytotoxic
1997,-21.469282,-10.087168,SPDR,cd14.monocytes
1998,-17.28569,-4.722118,SPDR,cd14.monocytes
1999,-29.333517,-8.742341,SPDR,cd14.monocytes
2000,-15.177503,-0.7698435,SPDR,cd14.monocytes
2001,-18.448677,-8.807514,SPDR,cd14.monocytes
2002,-17.388086,-7.656724,SPDR,cd14.monocytes
2003,-16.995611,-4.4019356,SPDR,cd14.monocytes
2004,-17.186918,-3.909094,SPDR,cd14.monocytes
2005,-29.581388,-8.742807,SPDR,cd14.monocytes
2006,-19.025866,-5.9918046,SPDR,cd14.monocytes
2007,-18.11921,-4.807599,SPDR,cd14.monocytes
2008,-19.06571,-9.044276,SPDR,cd14.monocytes
2009,-18.347342,-4.1024275,SPDR,cd14.monocytes
2010,-16.898603,-2.2586915,SPDR,cd14.monocytes
2011,-16.886639,-1.6427927,SPDR,cd14.monocytes
2012,-16.348259,-5.274088,SPDR,cd14.monocytes
2013,-16.588203,-2.921356,SPDR,cd14.monocytes
2014,-14.023212,-5.3526735,SPDR,cd14.monocytes
2015,-20.762253,-8.4155,SPDR,cd14.monocytes
2016,-18.049976,-6.0508437,SPDR,cd14.monocytes
2017,-15.460311,-5.0524955,SPDR,cd14.monocytes
2018,-16.375427,-5.8787174,SPDR,cd14.monocytes
2019,-17.849699,-3.5257099,SPDR,cd14.monocytes
2020,-22.655323,-6.055724,SPDR,cd14.monocytes
2021,-16.670855,-5.0666647,SPDR,cd14.monocytes
2022,-29.945984,-8.262192,SPDR,cd14.monocytes
2023,-20.118908,-8.291974,SPDR,cd14.monocytes
2024,-17.564053,-2.176365,SPDR,cd14.monocytes
2025,-17.112123,-3.5594835,SPDR,cd14.monocytes
2026,-18.079956,-4.7351427,SPDR,cd14.monocytes
2027,-17.113531,-0.9780789,SPDR,cd14.monocytes
2028,-21.511942,-8.7374325,SPDR,cd14.monocytes
2029,-20.295076,-10.469114,SPDR,cd14.monocytes
2030,-15.686691,-3.0688524,SPDR,cd14.monocytes
2031,-19.008514,-5.380258,SPDR,cd14.monocytes
2032,-16.839693,-5.7818847,SPDR,cd14.monocytes
2033,-16.239813,-2.7492561,SPDR,cd14.monocytes
2034,-17.594236,-3.367698,SPDR,cd14.monocytes
2035,-16.599323,-1.8054665,SPDR,cd14.monocytes
2036,-17.491398,-3.9035864,SPDR,cd14.monocytes
2037,-16.178907,-2.2768583,SPDR,cd14.monocytes
2038,-17.516775,-2.9525137,SPDR,cd14.monocytes
2039,-29.62072,-8.808968,SPDR,cd14.monocytes
2040,-17.198812,-5.1416683,SPDR,cd14.monocytes
2041,-21.31662,-8.527608,SPDR,cd14.monocytes
2042,-17.233438,-1.935263,SPDR,cd14.monocytes
2043,-17.809496,-4.187747,SPDR,cd14.monocytes
2044,-18.419142,-5.5586348,SPDR,cd14.monocytes
2045,-17.703835,-5.36647,SPDR,cd14.monocytes
2046,-17.962683,-4.229063,SPDR,cd14.monocytes
2047,-29.626503,-8.656459,SPDR,cd14.monocytes
2048,-22.70178,-2.666138,SPDR,cd14.monocytes
2049,-18.976885,-7.8931346,SPDR,cd14.monocytes
2050,-18.507013,-7.0099425,SPDR,cd14.monocytes
2051,-17.99118,-5.102708,SPDR,cd14.monocytes
2052,-18.329584,-7.51876,SPDR,cd14.monocytes
2053,-19.78361,-9.037334,SPDR,cd14.monocytes
2054,-18.58263,-2.5272813,SPDR,cd14.monocytes
2055,-16.173233,-0.12335645,SPDR,cd14.monocytes
2056,-18.0619,-5.8424535,SPDR,cd14.monocytes
2057,-16.494833,-2.0591083,SPDR,cd14.monocytes
2058,-14.28007,-4.6349087,SPDR,cd14.monocytes
2059,-16.111359,-4.674536,SPDR,cd14.monocytes
2060,-16.99881,-3.4596565,SPDR,cd14.monocytes
2061,-16.83671,-1.6962937,SPDR,cd14.monocytes
2062,-16.432205,-1.8758997,SPDR,cd14.monocytes
2063,-17.162178,-5.111381,SPDR,cd14.monocytes
2064,-16.78491,-3.5223663,SPDR,cd14.monocytes
2065,-17.001858,-2.789234,SPDR,cd14.monocytes
2066,-14.938607,-7.0705786,SPDR,cd14.monocytes
2067,-17.294327,-7.8057795,SPDR,cd14.monocytes
2068,-15.111363,-5.331395,SPDR,cd14.monocytes
2069,-15.495024,-8.001792,SPDR,cd14.monocytes
2070,-15.890386,-1.6935374,SPDR,cd14.monocytes
2071,-16.372417,-1.3536658,SPDR,cd14.monocytes
2072,-29.018354,-8.67565,SPDR,cd14.monocytes
2073,-21.785267,-7.668159,SPDR,cd14.monocytes
2074,-18.90151,-1.9942509,SPDR,cd14.monocytes
2075,-18.70018,0.2298382,SPDR,cd14.monocytes
2076,-29.068857,-8.547032,SPDR,cd14.monocytes
2077,-21.61754,-8.703981,SPDR,cd14.monocytes
2078,-17.200762,-4.4216948,SPDR,cd14.monocytes
2079,-19.146015,-8.227143,SPDR,cd14.monocytes
2080,-19.670311,-4.7637973,SPDR,cd14.monocytes
2081,-13.245685,-4.4050674,SPDR,cd14.monocytes
2082,-18.917395,-4.6986203,SPDR,cd14.monocytes
2083,-15.77124,0.10885934,SPDR,cd14.monocytes
2084,-20.120628,-6.524812,SPDR,cd14.monocytes
2085,-15.758857,-5.1733837,SPDR,cd14.monocytes
2086,-18.038204,-1.2346741,SPDR,cd14.monocytes
2087,-18.063927,-5.255513,SPDR,cd14.monocytes
2088,-16.044704,-5.4082665,SPDR,cd14.monocytes
2089,-14.745413,-1.3089495,SPDR,cd14.monocytes
2090,-29.555086,-8.816059,SPDR,cd14.monocytes
2091,-18.130411,-0.83474475,SPDR,cd14.monocytes
2092,-19.302916,-2.1365483,SPDR,cd14.monocytes
2093,-19.149298,-7.6353908,SPDR,cd14.monocytes
2094,-20.277802,-8.48947,SPDR,cd14.monocytes
2095,-16.015078,-4.8746595,SPDR,cd14.monocytes
2096,-15.982999,-4.9276023,SPDR,cd14.monocytes
2097,-17.074738,-3.5512044,SPDR,cd14.monocytes
2098,-15.244024,-9.907158,SPDR,cd14.monocytes
2099,-18.121452,-8.503775,SPDR,cd14.monocytes
2100,-15.495997,-1.0170351,SPDR,cd14.monocytes
2101,-19.474327,-8.458641,SPDR,cd14.monocytes
2102,-16.261078,-3.4061344,SPDR,cd14.monocytes
2103,-17.545584,-3.5077984,SPDR,cd14.monocytes
2104,-16.04555,-3.6503887,SPDR,cd14.monocytes
2105,-18.993982,-7.632998,SPDR,cd14.monocytes
2106,-16.944853,-3.0299084,SPDR,cd14.monocytes
2107,-16.363842,-3.9080176,SPDR,cd14.monocytes
2108,-15.139843,-3.4903631,SPDR,cd14.monocytes
2109,-14.685888,-1.8897979,SPDR,cd14.monocytes
2110,-16.231453,-2.0821354,SPDR,cd14.monocytes
2111,-29.55664,-8.789787,SPDR,cd14.monocytes
2112,-18.848812,-8.284413,SPDR,cd14.monocytes
2113,-29.614681,-8.713023,SPDR,cd14.monocytes
2114,-17.677786,-7.1294045,SPDR,cd14.monocytes
2115,-18.160782,-2.2546706,SPDR,cd14.monocytes
2116,-19.818161,-7.9004116,SPDR,cd14.monocytes
2117,-20.109575,-7.4308205,SPDR,cd14.monocytes
2118,-17.686766,-4.4581795,SPDR,cd14.monocytes
2119,-20.080828,-2.9706738,SPDR,cd14.monocytes
2120,-16.769365,-1.623535,SPDR,cd14.monocytes
2121,-21.139542,-9.071671,SPDR,cd14.monocytes
2122,-20.913427,-7.9840636,SPDR,cd14.monocytes
2123,10.634711,9.670871,SPDR,cd14.monocytes
2124,-17.22512,-9.009878,SPDR,cd14.monocytes
2125,-29.52441,-8.762763,SPDR,cd14.monocytes
2126,-18.288332,-8.028538,SPDR,cd14.monocytes
2127,-21.125652,-11.475209,SPDR,cd14.monocytes
2128,-17.941608,-6.767833,SPDR,cd14.monocytes
2129,-29.577452,-8.692848,SPDR,cd14.monocytes
2130,-19.782574,-1.370275,SPDR,cd14.monocytes
2131,-16.54218,-5.7448325,SPDR,cd14.monocytes
2132,-17.390753,-3.3440576,SPDR,cd14.monocytes
2133,-20.756138,-8.294333,SPDR,cd14.monocytes
2134,-15.819445,-8.068738,SPDR,cd14.monocytes
2135,-19.509232,-7.313242,SPDR,cd14.monocytes
2136,-22.890572,-9.420752,SPDR,cd14.monocytes
2137,-18.637077,-1.294885,SPDR,cd14.monocytes
2138,-18.078823,-5.5207906,SPDR,cd14.monocytes
2139,-16.460562,-1.923658,SPDR,cd14.monocytes
2140,-15.65156,-2.2086735,SPDR,cd14.monocytes
2141,-21.589256,-7.9201865,SPDR,cd14.monocytes
2142,-13.568644,-5.3257365,SPDR,cd14.monocytes
2143,-18.084864,-4.603732,SPDR,cd14.monocytes
2144,-20.089518,-9.545877,SPDR,cd14.monocytes
2145,-17.603676,-4.2860513,SPDR,cd14.monocytes
2146,-20.69216,-5.884305,SPDR,cd14.monocytes
2147,-17.289843,-3.6854246,SPDR,cd14.monocytes
2148,-21.28804,-9.291454,SPDR,cd14.monocytes
2149,-18.128973,-5.460641,SPDR,cd14.monocytes
2150,-20.28779,-8.040341,SPDR,cd14.monocytes
2151,-15.205067,-1.6511304,SPDR,cd14.monocytes
2152,-19.586079,-4.5731587,SPDR,cd14.monocytes
2153,-15.475139,-7.1037006,SPDR,cd14.monocytes
2154,-18.010284,-5.2347083,SPDR,cd14.monocytes
2155,-18.57565,-9.868794,SPDR,cd14.monocytes
2156,-19.697649,-9.271802,SPDR,cd14.monocytes
2157,-18.708986,-3.0055459,SPDR,cd14.monocytes
2158,-15.435455,-6.1396327,SPDR,cd14.monocytes
2159,-18.001276,-4.883268,SPDR,cd14.monocytes
2160,-17.648405,-2.1865513,SPDR,cd14.monocytes
2161,-19.500568,-1.4975168,SPDR,cd14.monocytes
2162,-17.71512,-4.527442,SPDR,cd14.monocytes
2163,-15.516312,-5.326199,SPDR,cd14.monocytes
2164,-17.26616,-6.0770607,SPDR,cd14.monocytes
2165,-16.6421,-4.362176,SPDR,cd14.monocytes
2166,-16.643417,-5.3374853,SPDR,cd14.monocytes
2167,-17.28694,-1.4436395,SPDR,cd14.monocytes
2168,-16.412037,-4.1895876,SPDR,cd14.monocytes
2169,-19.064924,-3.9295824,SPDR,cd14.monocytes
2170,-14.523902,-1.2070296,SPDR,cd14.monocytes
2171,-19.261684,-6.8107824,SPDR,cd14.monocytes
2172,-14.414363,-2.9319992,SPDR,cd14.monocytes
2173,-14.928942,-1.064749,SPDR,cd14.monocytes
2174,-15.299371,-2.3243227,SPDR,cd14.monocytes
2175,-26.419548,-9.167779,SPDR,cd14.monocytes
2176,-18.928099,-2.5114515,SPDR,cd14.monocytes
2177,-21.627005,-9.027678,SPDR,cd14.monocytes
2178,-13.610157,-3.0484426,SPDR,cd14.monocytes
2179,-17.827843,-5.0412254,SPDR,cd14.monocytes
2180,-29.495224,-9.038474,SPDR,cd14.monocytes
2181,-14.819529,-1.2434052,SPDR,cd14.monocytes
2182,-13.559777,-2.7110484,SPDR,cd14.monocytes
2183,-22.988956,-8.324315,SPDR,cd14.monocytes
2184,-17.937891,-5.2107744,SPDR,cd14.monocytes
2185,-19.774002,-8.026365,SPDR,cd14.monocytes
2186,-16.951166,-4.5732956,SPDR,cd14.monocytes
2187,-13.665503,-5.318402,SPDR,cd14.monocytes
2188,-20.573275,-8.603785,SPDR,cd14.monocytes
2189,-17.94386,-0.11542047,SPDR,cd14.monocytes
2190,-16.035873,-0.8651742,SPDR,cd14.monocytes
2191,-13.967654,-5.1494417,SPDR,cd14.monocytes
2192,-16.912886,-3.334135,SPDR,cd14.monocytes
2193,-26.845253,-9.114286,SPDR,cd14.monocytes
2194,-15.641711,-3.0472984,SPDR,cd14.monocytes
2195,-17.757372,-4.412044,SPDR,cd14.monocytes
2196,-16.700037,-2.4271536,SPDR,cd14.monocytes
2197,-17.505436,-4.9750834,SPDR,cd14.monocytes
2198,-17.92759,-0.97873956,SPDR,cd14.monocytes
2199,-20.31597,-8.631034,SPDR,cd14.monocytes
2200,-17.836758,-5.126602,SPDR,cd14.monocytes
2201,-16.027824,-4.9018426,SPDR,cd14.monocytes
2202,-18.49439,-1.6159655,SPDR,cd14.monocytes
2203,-16.33636,-4.431513,SPDR,cd14.monocytes
2204,-16.3737,-5.6017027,SPDR,cd14.monocytes
2205,-19.010906,-4.640376,SPDR,cd14.monocytes
2206,-20.191263,-7.579962,SPDR,cd14.monocytes
2207,-15.491934,-3.9610724,SPDR,cd14.monocytes
2208,-14.467108,-1.998475,SPDR,cd14.monocytes
2209,-17.925018,-6.4555387,SPDR,cd14.monocytes
2210,-20.711193,-8.864463,SPDR,cd14.monocytes
2211,-29.332401,-8.812943,SPDR,cd14.monocytes
2212,-13.844419,-4.1384044,SPDR,cd14.monocytes
2213,-19.178633,-7.7202544,SPDR,cd14.monocytes
2214,-20.686808,-8.518459,SPDR,cd14.monocytes
2215,11.354476,-11.108859,SPDR,cd14.monocytes
2216,-25.621643,-9.179491,SPDR,cd14.monocytes
2217,-19.698305,-9.374905,SPDR,cd14.monocytes
2218,-25.234852,-9.104577,SPDR,cd14.monocytes
2219,-20.336409,-8.430914,SPDR,cd14.monocytes
2220,-18.983435,-9.0565815,SPDR,cd14.monocytes
2221,-17.785555,-4.3501387,SPDR,cd14.monocytes
2222,-13.520226,-4.503433,SPDR,cd14.monocytes
2223,-16.798903,-3.2951303,SPDR,cd14.monocytes
2224,-19.046253,-4.851438,SPDR,cd14.monocytes
2225,-20.947401,-2.4378486,SPDR,cd14.monocytes
2226,-15.091259,-2.43866,SPDR,cd14.monocytes
2227,-20.174007,-8.974869,SPDR,cd14.monocytes
2228,-21.394236,-8.1358,SPDR,cd14.monocytes
2229,-16.739712,-3.229798,SPDR,cd14.monocytes
2230,-17.586517,-4.929791,SPDR,cd14.monocytes
2231,-16.37592,-1.054735,SPDR,cd14.monocytes
2232,-22.802334,-8.9869175,SPDR,cd14.monocytes
2233,-14.828535,-1.193731,SPDR,cd14.monocytes
2234,-17.654552,-5.4954157,SPDR,cd14.monocytes
2235,-16.863373,-4.885229,SPDR,cd14.monocytes
2236,-19.149794,-6.9804344,SPDR,cd14.monocytes
2237,-19.22474,-6.1276402,SPDR,cd14.monocytes
2238,-17.67371,-4.674293,SPDR,cd14.monocytes
2239,-15.205547,-5.916793,SPDR,cd14.monocytes
2240,-16.970293,-5.2556195,SPDR,cd14.monocytes
2241,-17.407244,-1.7639762,SPDR,cd14.monocytes
2242,11.549527,-0.7606446,SPDR,cd14.monocytes
2243,-20.63031,-7.675305,SPDR,cd14.monocytes
2244,-18.261461,-6.773872,SPDR,cd14.monocytes
2245,-27.038794,-9.154525,SPDR,cd14.monocytes
2246,-16.739002,-2.7082322,SPDR,cd14.monocytes
2247,-17.751423,-3.877727,SPDR,cd14.monocytes
2248,-16.066883,-4.516859,SPDR,cd14.monocytes
2249,-19.987976,-8.251294,SPDR,cd14.monocytes
2250,-16.858784,-3.032042,SPDR,cd14.monocytes
2251,-17.636906,-3.6531265,SPDR,cd14.monocytes
2252,-24.018713,-9.226629,SPDR,cd14.monocytes
2253,-18.529564,-6.5373735,SPDR,cd14.monocytes
2254,-19.59116,-6.697364,SPDR,cd14.monocytes
2255,-21.28013,-8.994968,SPDR,cd14.monocytes
2256,-26.25195,-9.070856,SPDR,cd14.monocytes
2257,-17.999065,-4.086628,SPDR,cd14.monocytes
2258,-18.200691,-1.7744061,SPDR,cd14.monocytes
2259,-17.125038,-5.46062,SPDR,cd14.monocytes
2260,-17.528957,-1.4674602,SPDR,cd14.monocytes
2261,-17.671371,-2.3362436,SPDR,cd14.monocytes
2262,-21.595259,-8.549921,SPDR,cd14.monocytes
2263,-21.09145,-7.653348,SPDR,cd14.monocytes
2264,-15.789956,-3.9720426,SPDR,cd14.monocytes
2265,-19.110313,-7.799075,SPDR,cd14.monocytes
2266,-14.788206,-2.390159,SPDR,cd14.monocytes
2267,-20.578255,-11.106394,SPDR,cd14.monocytes
2268,-17.770567,-3.691183,SPDR,cd14.monocytes
2269,-16.939161,-7.7673655,SPDR,cd14.monocytes
2270,-17.088396,-2.6375828,SPDR,cd14.monocytes
2271,-15.628854,-2.8113902,SPDR,cd14.monocytes
2272,-17.568941,-1.9274954,SPDR,cd14.monocytes
2273,-17.279602,-3.1614585,SPDR,cd14.monocytes
2274,-27.272474,-9.023791,SPDR,cd14.monocytes
2275,-21.498878,-8.408144,SPDR,cd14.monocytes
2276,-20.670467,-5.240556,SPDR,cd14.monocytes
2277,-16.881384,-3.722834,SPDR,cd14.monocytes
2278,-20.029455,-7.585048,SPDR,cd14.monocytes
2279,-17.528753,-2.8100767,SPDR,cd14.monocytes
2280,-29.160769,-8.75908,SPDR,cd14.monocytes
2281,-16.463036,-2.6524901,SPDR,cd14.monocytes
2282,-20.88022,-8.026726,SPDR,cd14.monocytes
2283,-20.545654,-6.6875153,SPDR,cd14.monocytes
2284,-17.10409,-2.2131946,SPDR,cd14.monocytes
2285,-16.302307,-0.95413935,SPDR,cd14.monocytes
2286,-18.99743,-1.2783964,SPDR,cd14.monocytes
2287,-19.143261,-1.3392138,SPDR,cd14.monocytes
2288,-17.70059,-5.1837516,SPDR,cd14.monocytes
2289,-17.239382,-7.4033027,SPDR,cd14.monocytes
2290,-17.58481,-7.7012796,SPDR,cd14.monocytes
2291,-20.228086,-6.788091,SPDR,cd14.monocytes
2292,-17.769962,-6.3372936,SPDR,cd14.monocytes
2293,-17.386488,-1.385147,SPDR,cd14.monocytes
2294,-18.164669,-4.280774,SPDR,cd14.monocytes
2295,-18.855894,-1.8617353,SPDR,cd14.monocytes
2296,-16.94755,-4.869251,SPDR,cd14.monocytes
2297,-18.02792,-5.243204,SPDR,cd14.monocytes
2298,-29.6414,-8.71278,SPDR,cd14.monocytes
2299,-16.044027,-5.07587,SPDR,cd14.monocytes
2300,-17.937092,-4.429567,SPDR,cd14.monocytes
2301,-20.765713,-8.897358,SPDR,cd14.monocytes
2302,-17.647415,-1.9942794,SPDR,cd14.monocytes
2303,-15.683593,-2.4058428,SPDR,cd14.monocytes
2304,-19.329556,-3.4307566,SPDR,cd14.monocytes
2305,-16.619383,-2.328626,SPDR,cd14.monocytes
2306,-18.220297,-6.5294557,SPDR,cd14.monocytes
2307,-3.0573053,-15.609153,SPDR,cd14.monocytes
2308,-29.327179,-8.795401,SPDR,cd14.monocytes
2309,-15.926989,-0.843791,SPDR,cd14.monocytes
2310,-20.002708,-8.130525,SPDR,cd14.monocytes
2311,-17.740322,-5.5079083,SPDR,cd14.monocytes
2312,-17.16593,-4.265069,SPDR,cd14.monocytes
2313,-29.623158,-8.496264,SPDR,cd14.monocytes
2314,-14.663378,-1.7054589,SPDR,cd14.monocytes
2315,-15.823152,-8.034512,SPDR,cd14.monocytes
2316,-16.584911,-4.448052,SPDR,cd14.monocytes
2317,-17.806885,-5.1229434,SPDR,cd14.monocytes
2318,-29.352045,-8.740532,SPDR,cd14.monocytes
2319,-18.825815,-5.305063,SPDR,cd14.monocytes
2320,-14.658053,-3.569056,SPDR,cd14.monocytes
2321,-19.74672,-9.153601,SPDR,cd14.monocytes
2322,-19.099377,-5.3062687,SPDR,cd14.monocytes
2323,-17.294027,-3.3544698,SPDR,cd14.monocytes
2324,-21.437378,-7.948458,SPDR,cd14.monocytes
2325,-19.56541,-4.396704,SPDR,cd14.monocytes
2326,-20.274527,-8.22334,SPDR,cd14.monocytes
2327,-20.223618,-7.4187436,SPDR,cd14.monocytes
2328,-18.05949,-3.2195277,SPDR,cd14.monocytes
2329,-18.83886,-8.404056,SPDR,cd14.monocytes
2330,12.028686,-13.678434,SPDR,cd14.monocytes
2331,-19.144531,-8.350901,SPDR,cd14.monocytes
2332,-21.784101,-9.100021,SPDR,cd14.monocytes
2333,-17.050568,-3.4461396,SPDR,cd14.monocytes
2334,-20.974209,-4.511163,SPDR,cd14.monocytes
2335,-15.171845,-0.98135793,SPDR,cd14.monocytes
2336,-16.879133,-7.4874625,SPDR,cd14.monocytes
2337,-17.01555,-6.733848,SPDR,cd14.monocytes
2338,-20.210358,-8.524852,SPDR,cd14.monocytes
2339,-16.010054,-5.5880046,SPDR,cd14.monocytes
2340,-20.92686,-7.8732796,SPDR,cd14.monocytes
2341,-18.900702,-2.755539,SPDR,cd14.monocytes
2342,10.358817,-15.013792,SPDR,cd14.monocytes
2343,-19.236315,-5.940127,SPDR,cd14.monocytes
2344,-14.253892,-2.0147119,SPDR,cd14.monocytes
2345,-17.540684,-4.8822274,SPDR,cd14.monocytes
2346,-2.9727373,-15.606147,SPDR,cd14.monocytes
2347,-19.406933,-6.984362,SPDR,cd14.monocytes
2348,-18.84653,-2.1427753,SPDR,cd14.monocytes
2349,-18.736012,-4.320813,SPDR,cd14.monocytes
2350,-20.487303,-10.325578,SPDR,cd14.monocytes
2351,-18.397331,-1.8354628,SPDR,cd14.monocytes
2352,-20.583231,-11.4350395,SPDR,cd14.monocytes
2353,-16.675488,-4.169575,SPDR,cd14.monocytes
2354,-15.603986,-6.862842,SPDR,cd14.monocytes
2355,-19.917555,-7.537658,SPDR,cd14.monocytes
2356,-18.441736,-6.8435626,SPDR,cd14.monocytes
2357,-16.450863,-3.2881796,SPDR,cd14.monocytes
2358,-18.08785,-2.5541577,SPDR,cd14.monocytes
2359,-20.393654,-10.462892,SPDR,cd14.monocytes
2360,-17.071758,-3.3685324,SPDR,cd14.monocytes
2361,-19.026098,-11.289157,SPDR,cd14.monocytes
2362,-15.1632395,-2.8037674,SPDR,cd14.monocytes
2363,-16.150917,-5.636693,SPDR,cd14.monocytes
2364,-16.657162,-4.0298615,SPDR,cd14.monocytes
2365,-20.912212,-8.972576,SPDR,cd14.monocytes
2366,-21.117334,-8.7420635,SPDR,cd14.monocytes
2367,-29.327377,-8.839189,SPDR,cd14.monocytes
2368,-18.940544,-9.331544,SPDR,cd14.monocytes
2369,-17.528708,-5.2995443,SPDR,cd14.monocytes
2370,-17.459286,-3.2346244,SPDR,cd14.monocytes
2371,-18.301287,-7.77515,SPDR,cd14.monocytes
2372,-21.160957,-8.802141,SPDR,cd14.monocytes
2373,-18.839928,-1.8059402,SPDR,cd14.monocytes
2374,-16.385763,-3.2891216,SPDR,cd14.monocytes
2375,-19.541641,-8.191224,SPDR,cd14.monocytes
2376,-13.666237,-5.47379,SPDR,cd14.monocytes
2377,-17.819458,-3.386369,SPDR,cd14.monocytes
2378,-16.88701,17.572361,SPDR,cd14.monocytes
2379,-17.582798,-2.8741457,SPDR,cd14.monocytes
2380,-15.547324,-3.318668,SPDR,cd14.monocytes
2381,-15.611949,-0.9064686,SPDR,cd14.monocytes
2382,-17.373775,-0.39100704,SPDR,cd14.monocytes
2383,-29.37428,-8.634204,SPDR,cd14.monocytes
2384,-16.368826,-9.595957,SPDR,cd14.monocytes
2385,-13.251058,-2.49812,SPDR,cd14.monocytes
2386,-17.01424,-3.4179664,SPDR,cd14.monocytes
2387,-16.391855,-2.7951856,SPDR,cd14.monocytes
2388,-18.559092,-9.297047,SPDR,cd14.monocytes
2389,-22.253263,-8.683261,SPDR,cd14.monocytes
2390,-18.16891,-5.110861,SPDR,cd14.monocytes
2391,-17.27712,-4.740847,SPDR,cd14.monocytes
2392,-16.526464,-3.4396293,SPDR,cd14.monocytes
2393,-15.030215,-7.771618,SPDR,cd14.monocytes
2394,-17.883612,-4.6026583,SPDR,cd14.monocytes
2395,-21.445068,-9.684792,SPDR,cd14.monocytes
2396,-16.484602,-3.923165,SPDR,cd14.monocytes
2397,-17.866617,-4.632626,SPDR,cd14.monocytes
2398,-18.214596,-5.3754563,SPDR,cd14.monocytes
2399,-17.648378,-5.964651,SPDR,cd14.monocytes
2400,-15.789603,-3.4307237,SPDR,cd14.monocytes
2401,-19.59893,-7.970392,SPDR,cd14.monocytes
2402,-16.601938,-3.8671005,SPDR,cd14.monocytes
2403,-16.83219,-0.53824633,SPDR,cd14.monocytes
2404,-17.735548,-5.069489,SPDR,cd14.monocytes
2405,-20.713549,-8.8164425,SPDR,cd14.monocytes
2406,-15.797879,-1.53193,SPDR,cd14.monocytes
2407,-19.66166,-7.717537,SPDR,cd14.monocytes
2408,-18.661873,-6.3969517,SPDR,cd14.monocytes
2409,-17.150589,-3.1481469,SPDR,cd14.monocytes
2410,-17.402771,-6.5105085,SPDR,cd14.monocytes
2411,-17.306282,-4.68656,SPDR,cd14.monocytes
2412,-16.176815,-6.2295766,SPDR,cd14.monocytes
2413,-18.58629,-6.858583,SPDR,cd14.monocytes
2414,-20.526348,-8.149545,SPDR,cd14.monocytes
2415,-15.26038,-6.907609,SPDR,cd14.monocytes
2416,-20.275055,-7.2554064,SPDR,cd14.monocytes
2417,-17.570967,-4.5662136,SPDR,cd14.monocytes
2418,-26.234392,-9.125353,SPDR,cd14.monocytes
2419,-21.368458,-8.887614,SPDR,cd14.monocytes
2420,-20.753622,-8.8236065,SPDR,cd14.monocytes
2421,-16.763647,-3.0906599,SPDR,cd14.monocytes
2422,-10.1817255,23.665709,SPDR,cd14.monocytes
2423,-20.807053,-8.348604,SPDR,cd14.monocytes
2424,-19.817978,-2.3704858,SPDR,cd14.monocytes
2425,-21.447498,-8.346906,SPDR,cd14.monocytes
2426,-21.105118,-8.11766,SPDR,cd14.monocytes
2427,-29.704258,-8.5634985,SPDR,cd14.monocytes
2428,-18.251087,-5.4990387,SPDR,cd14.monocytes
2429,-21.458094,-10.79936,SPDR,cd14.monocytes
2430,-14.319473,-4.3649874,SPDR,cd14.monocytes
2431,-27.382149,-9.228854,SPDR,cd14.monocytes
2432,-15.469795,-1.6343124,SPDR,cd14.monocytes
2433,-15.395757,-5.424778,SPDR,cd14.monocytes
2434,-15.520704,-3.0665417,SPDR,cd14.monocytes
2435,-17.12846,-4.8941665,SPDR,cd14.monocytes
2436,-16.60577,-2.1374083,SPDR,cd14.monocytes
2437,-18.188362,-4.787321,SPDR,cd14.monocytes
2438,-18.957605,-9.068422,SPDR,cd14.monocytes
2439,-16.5533,-7.994136,SPDR,cd14.monocytes
2440,-29.660378,-8.605369,SPDR,cd14.monocytes
2441,-18.812986,-7.993561,SPDR,cd14.monocytes
2442,-16.88958,-3.285281,SPDR,cd14.monocytes
2443,-18.575886,-5.56032,SPDR,cd14.monocytes
2444,-19.397812,-6.626696,SPDR,cd14.monocytes
2445,-20.526,-8.714384,SPDR,cd14.monocytes
2446,-17.52366,-5.02124,SPDR,cd14.monocytes
2447,-16.531416,-2.0909388,SPDR,cd14.monocytes
2448,-16.055733,-4.874496,SPDR,cd14.monocytes
2449,-16.72572,-0.61490905,SPDR,cd14.monocytes
2450,-19.135475,-5.661134,SPDR,cd14.monocytes
2451,-17.537624,-2.6673641,SPDR,cd14.monocytes
2452,-16.023233,-7.0569344,SPDR,cd14.monocytes
2453,-19.53607,-4.120018,SPDR,cd14.monocytes
2454,-16.212114,-2.158164,SPDR,cd14.monocytes
2455,-16.551432,-2.7027473,SPDR,cd14.monocytes
2456,-29.106018,-8.752105,SPDR,cd14.monocytes
2457,-15.427544,-3.8123095,SPDR,cd14.monocytes
2458,-17.521763,-0.9148845,SPDR,cd14.monocytes
2459,-16.898699,-3.2033362,SPDR,cd14.monocytes
2460,-19.362158,-7.3003817,SPDR,cd14.monocytes
2461,-15.651361,-5.021929,SPDR,cd14.monocytes
2462,-17.388962,-4.145819,SPDR,cd14.monocytes
2463,-26.637915,-9.092286,SPDR,cd14.monocytes
2464,-17.390566,-6.8281136,SPDR,cd14.monocytes
2465,-15.951648,-5.936943,SPDR,cd14.monocytes
2466,-17.636667,-4.111219,SPDR,cd14.monocytes
2467,-16.68259,-4.613149,SPDR,cd14.monocytes
2468,-16.620974,-3.4822013,SPDR,cd14.monocytes
2469,-17.063282,-6.6021423,SPDR,cd14.monocytes
2470,-16.636242,-0.31640652,SPDR,cd14.monocytes
2471,-21.65091,-9.663679,SPDR,cd14.monocytes
2472,-19.363445,-4.558816,SPDR,cd14.monocytes
2473,-17.124752,-5.3319893,SPDR,cd14.monocytes
2474,-20.020758,-6.0650983,SPDR,cd14.monocytes
2475,-17.354841,-4.5860386,SPDR,cd14.monocytes
2476,-13.681155,-3.9778879,SPDR,cd14.monocytes
2477,-16.251827,-2.8256676,SPDR,cd14.monocytes
2478,-30.089912,-8.832171,SPDR,cd14.monocytes
2479,-15.095956,-2.908644,SPDR,cd14.monocytes
2480,-17.779703,-4.6976857,SPDR,cd14.monocytes
2481,-19.426197,-7.777217,SPDR,cd14.monocytes
2482,-15.328828,-2.874882,SPDR,cd14.monocytes
2483,-23.242626,-9.950401,SPDR,cd14.monocytes
2484,-15.959127,-5.691308,SPDR,cd14.monocytes
2485,-23.464363,-4.004937,SPDR,cd14.monocytes
2486,-29.354647,-8.688842,SPDR,cd14.monocytes
2487,-19.909466,-2.1010947,SPDR,cd14.monocytes
2488,-20.454767,-8.121506,SPDR,cd14.monocytes
2489,-17.15199,-3.2083497,SPDR,cd14.monocytes
2490,-18.905058,-4.3730726,SPDR,cd14.monocytes
2491,-19.226183,-6.5417786,SPDR,cd14.monocytes
2492,-17.114147,-4.468679,SPDR,cd14.monocytes
2493,-15.875465,-6.1482387,SPDR,cd14.monocytes
2494,-17.178589,-3.7056115,SPDR,cd14.monocytes
2495,-20.49685,-10.805091,SPDR,cd14.monocytes
2496,-15.727955,-2.9079118,SPDR,cd14.monocytes
2497,-15.387454,-2.5645075,SPDR,cd14.monocytes
2498,-16.696726,-6.2787704,SPDR,cd14.monocytes
2499,-23.659508,-9.272093,SPDR,cd14.monocytes
2500,19.740728,-8.076659,SPDR,cd14.monocytes
2501,-16.946684,-1.3032084,SPDR,cd14.monocytes
2502,-13.20922,-2.9422917,SPDR,cd14.monocytes
2503,-17.008827,-4.18394,SPDR,cd14.monocytes
2504,-29.326052,-8.748286,SPDR,cd14.monocytes
2505,-20.935875,-5.5947456,SPDR,cd14.monocytes
2506,-16.598211,-7.527387,SPDR,cd14.monocytes
2507,-16.88898,-5.4122405,SPDR,cd14.monocytes
2508,-16.29908,-2.6543796,SPDR,cd14.monocytes
2509,-16.63121,18.715298,SPDR,cd14.monocytes
2510,-19.090235,-3.4327643,SPDR,cd14.monocytes
2511,-17.604103,-0.7288998,SPDR,cd14.monocytes
2512,-19.258041,-8.957422,SPDR,cd14.monocytes
2513,-20.05681,-9.519679,SPDR,cd14.monocytes
2514,-20.661207,-9.818891,SPDR,cd14.monocytes
2515,-16.850695,-5.9834127,SPDR,cd14.monocytes
2516,-20.296505,-10.115099,SPDR,cd14.monocytes
2517,-16.44613,-0.63435197,SPDR,cd14.monocytes
2518,-17.238384,-4.297883,SPDR,cd14.monocytes
2519,7.804186,-15.035645,SPDR,cd14.monocytes
2520,-21.0859,-7.9460773,SPDR,cd14.monocytes
2521,-16.614412,-3.9221048,SPDR,cd14.monocytes
2522,-20.454887,-2.85106,SPDR,cd14.monocytes
2523,-20.373552,-6.7722545,SPDR,cd14.monocytes
2524,-17.24085,-7.8118577,SPDR,cd14.monocytes
2525,-18.609335,-4.760174,SPDR,cd14.monocytes
2526,-17.504963,-3.0638762,SPDR,cd14.monocytes
2527,-17.637775,-6.0111103,SPDR,cd14.monocytes
2528,-14.094911,-1.54502,SPDR,cd14.monocytes
2529,-15.993934,-2.7330313,SPDR,cd14.monocytes
2530,-14.028325,-7.1962504,SPDR,cd14.monocytes
2531,-16.847174,-3.6613145,SPDR,cd14.monocytes
2532,-18.664297,-9.369586,SPDR,cd14.monocytes
2533,-15.304701,-1.8857746,SPDR,cd14.monocytes
2534,-17.97268,-4.0142965,SPDR,cd14.monocytes
2535,-16.15149,-1.0890577,SPDR,cd14.monocytes
2536,-22.088785,-7.5383477,SPDR,cd14.monocytes
2537,-16.117697,-8.640918,SPDR,cd14.monocytes
2538,-17.386635,-4.408854,SPDR,cd14.monocytes
2539,-16.070545,-6.06016,SPDR,cd14.monocytes
2540,-16.101946,-1.9862007,SPDR,cd14.monocytes
2541,-20.005692,-8.337517,SPDR,cd14.monocytes
2542,-19.03821,-8.024993,SPDR,cd14.monocytes
2543,-18.011786,-0.8428225,SPDR,cd14.monocytes
2544,-19.65627,-7.1110134,SPDR,cd14.monocytes
2545,-17.711388,-3.9810956,SPDR,cd14.monocytes
2546,-1.1651947,-14.416605,SPDR,cd14.monocytes
2547,-17.781046,-8.578623,SPDR,cd14.monocytes
2548,-19.265757,-7.1252227,SPDR,cd14.monocytes
2549,-16.939941,-0.3485223,SPDR,cd14.monocytes
2550,-15.477723,-5.5215187,SPDR,cd14.monocytes
2551,-17.097073,-1.1722139,SPDR,cd14.monocytes
2552,-15.896282,-4.7370033,SPDR,cd14.monocytes
2553,-18.730726,-4.6175203,SPDR,cd14.monocytes
2554,-19.737257,-5.4294114,SPDR,cd14.monocytes
2555,-20.463999,-8.486015,SPDR,cd14.monocytes
2556,-13.621826,-4.0164356,SPDR,cd14.monocytes
2557,-16.972887,-5.7026324,SPDR,cd14.monocytes
2558,-27.54899,-9.004706,SPDR,cd14.monocytes
2559,-16.609045,-9.050235,SPDR,cd14.monocytes
2560,-18.784094,-5.474609,SPDR,cd14.monocytes
2561,-13.162196,-5.3972807,SPDR,cd14.monocytes
2562,-17.673393,-4.786257,SPDR,cd14.monocytes
2563,-18.670837,-3.877385,SPDR,cd14.monocytes
2564,-19.599018,-5.8563867,SPDR,cd14.monocytes
2565,-17.752108,-5.185108,SPDR,cd14.monocytes
2566,-13.671171,-2.4001875,SPDR,cd14.monocytes
2567,-19.403992,-7.6211796,SPDR,cd14.monocytes
2568,-16.02381,-5.7342277,SPDR,cd14.monocytes
2569,-19.267736,-8.907375,SPDR,cd14.monocytes
2570,-20.605291,-8.950843,SPDR,cd14.monocytes
2571,-18.83466,-4.1133256,SPDR,cd14.monocytes
2572,-20.850407,-8.712785,SPDR,cd14.monocytes
2573,-17.598711,-0.81070787,SPDR,cd14.monocytes
2574,-13.5803995,-7.5659614,SPDR,cd14.monocytes
2575,-16.556528,-4.278662,SPDR,cd14.monocytes
2576,-17.522263,-7.9390683,SPDR,cd14.monocytes
2577,-17.365372,-9.500504,SPDR,cd14.monocytes
2578,-20.231894,-7.7735734,SPDR,cd14.monocytes
2579,-16.531702,-6.2888403,SPDR,cd14.monocytes
2580,-15.442918,-7.155729,SPDR,cd14.monocytes
2581,-15.812577,-4.1604023,SPDR,cd14.monocytes
2582,-19.389057,-8.220593,SPDR,cd14.monocytes
2583,-15.831384,-6.007015,SPDR,cd14.monocytes
2584,-17.567482,-4.1807127,SPDR,cd14.monocytes
2585,-16.185951,-0.5186076,SPDR,cd14.monocytes
2586,-15.640581,-0.8896545,SPDR,cd14.monocytes
2587,-17.247267,-3.006554,SPDR,cd14.monocytes
2588,-17.090015,-3.5794683,SPDR,cd14.monocytes
2589,-15.728553,-4.7203526,SPDR,cd14.monocytes
2590,-18.843443,-6.3789144,SPDR,cd14.monocytes
2591,-17.634132,-4.5096087,SPDR,cd14.monocytes
2592,-16.53936,-4.83357,SPDR,cd14.monocytes
2593,-17.566055,-2.5940058,SPDR,cd14.monocytes
2594,-17.9498,-5.915569,SPDR,cd14.monocytes
2595,-18.873701,-6.9423056,SPDR,cd14.monocytes
2596,-16.247778,-2.1681292,SPDR,cd14.monocytes
2597,-16.150045,-2.050408,SPDR,cd14.monocytes
2598,-17.518993,-2.9568095,SPDR,cd14.monocytes
2599,-16.286627,-8.223395,SPDR,cd14.monocytes
2600,-13.941836,-3.3797421,SPDR,cd14.monocytes
2601,-20.232012,-6.0503917,SPDR,cd14.monocytes
2602,-16.794203,-5.134176,SPDR,cd14.monocytes
2603,-20.394709,-8.074871,SPDR,cd14.monocytes
2604,-18.57849,-6.3954186,SPDR,cd14.monocytes
2605,-17.876217,-4.524031,SPDR,cd14.monocytes
2606,-16.29846,-2.6267397,SPDR,cd14.monocytes
2607,-21.364868,-10.31713,SPDR,cd14.monocytes
2608,-19.215946,-6.8493447,SPDR,cd14.monocytes
2609,-20.807854,-7.8323035,SPDR,cd14.monocytes
2610,-17.612492,-8.664354,SPDR,cd14.monocytes
2611,-18.923744,-1.6588545,SPDR,cd14.monocytes
2612,-16.570023,-4.579324,SPDR,cd14.monocytes
2613,-17.458462,-3.6049068,SPDR,cd14.monocytes
2614,-19.398489,-10.309061,SPDR,cd14.monocytes
2615,-17.703556,-3.9834564,SPDR,cd14.monocytes
2616,-20.479042,-10.092484,SPDR,cd14.monocytes
2617,-17.451527,-2.6762946,SPDR,cd14.monocytes
2618,-13.8095255,-4.3225193,SPDR,cd14.monocytes
2619,-17.959923,-6.4381194,SPDR,cd14.monocytes
2620,-15.197514,-2.8513136,SPDR,cd14.monocytes
2621,-16.968458,-2.6746128,SPDR,cd14.monocytes
2622,-19.859808,-8.1274805,SPDR,cd14.monocytes
2623,-17.667765,-5.522743,SPDR,cd14.monocytes
2624,-20.893074,-8.638593,SPDR,cd14.monocytes
2625,-17.800428,-5.4793444,SPDR,cd14.monocytes
2626,-20.831352,-8.0686455,SPDR,cd14.monocytes
2627,-17.191595,-2.7475414,SPDR,cd14.monocytes
2628,-17.905592,-5.0212507,SPDR,cd14.monocytes
2629,-17.088377,-5.2988324,SPDR,cd14.monocytes
2630,-19.3798,-8.760856,SPDR,cd14.monocytes
2631,-17.424198,-2.5480764,SPDR,cd14.monocytes
2632,-17.309208,-3.300106,SPDR,cd14.monocytes
2633,-19.24205,-7.438919,SPDR,cd14.monocytes
2634,-17.442244,-3.5262523,SPDR,cd14.monocytes
2635,-18.564888,-1.6111345,SPDR,cd14.monocytes
2636,-17.43122,-3.423549,SPDR,cd14.monocytes
2637,-16.481955,-3.0688047,SPDR,cd14.monocytes
2638,-16.782917,-4.2866344,SPDR,cd14.monocytes
2639,-16.040312,-5.6503935,SPDR,cd14.monocytes
2640,-18.359987,-6.1854877,SPDR,cd14.monocytes
2641,-21.540724,-8.707529,SPDR,cd14.monocytes
2642,-17.642094,-4.5158463,SPDR,cd14.monocytes
2643,-20.326246,-8.556011,SPDR,cd14.monocytes
2644,-17.467693,14.95173,SPDR,cd14.monocytes
2645,-16.895044,-2.3817463,SPDR,cd14.monocytes
2646,-17.53678,-3.110937,SPDR,cd14.monocytes
2647,-19.456776,-1.6985517,SPDR,cd14.monocytes
2648,-16.905405,-2.2498112,SPDR,cd14.monocytes
2649,-18.82227,-6.0624433,SPDR,cd14.monocytes
2650,-15.625451,-2.9149177,SPDR,cd14.monocytes
2651,-20.398838,-5.1815696,SPDR,cd14.monocytes
2652,-17.222198,-7.0233393,SPDR,cd14.monocytes
2653,-16.438423,-2.090789,SPDR,cd14.monocytes
2654,-17.400372,-1.294472,SPDR,cd14.monocytes
2655,-18.46591,-5.7937055,SPDR,cd14.monocytes
2656,-17.024351,-4.9535394,SPDR,cd14.monocytes
2657,-22.43743,-8.044718,SPDR,cd14.monocytes
2658,-18.046375,-5.5691447,SPDR,cd14.monocytes
2659,-19.54731,-9.742064,SPDR,cd14.monocytes
2660,-25.638432,-9.208599,SPDR,cd14.monocytes
2661,11.3215065,-4.7488437,SPDR,cd14.monocytes
2662,-18.832481,-7.8867183,SPDR,cd14.monocytes
2663,-18.204416,-5.329689,SPDR,cd14.monocytes
2664,-15.845983,-3.3032007,SPDR,cd14.monocytes
2665,-20.532991,-7.972037,SPDR,cd14.monocytes
2666,-18.5086,-7.240798,SPDR,cd14.monocytes
2667,-15.404537,-1.5225784,SPDR,cd14.monocytes
2668,-16.917934,-8.34856,SPDR,cd14.monocytes
2669,-15.883706,-3.298017,SPDR,cd14.monocytes
2670,-16.716492,-5.195279,SPDR,cd14.monocytes
2671,-20.41993,-6.3311067,SPDR,cd14.monocytes
2672,-19.285643,-7.8690104,SPDR,cd14.monocytes
2673,-19.679588,-4.417336,SPDR,cd14.monocytes
2674,-19.778118,-10.078312,SPDR,cd14.monocytes
2675,-21.428982,-11.535686,SPDR,cd14.monocytes
2676,-20.322199,-8.261048,SPDR,cd14.monocytes
2677,-16.698112,-5.471019,SPDR,cd14.monocytes
2678,-15.834455,-3.3425207,SPDR,cd14.monocytes
2679,-16.106539,-5.126491,SPDR,cd14.monocytes
2680,-17.966824,-1.75118,SPDR,cd14.monocytes
2681,-16.95841,-4.0650587,SPDR,cd14.monocytes
2682,-17.267382,-8.385589,SPDR,cd14.monocytes
2683,-16.705627,-6.152079,SPDR,cd14.monocytes
2684,-13.579529,-1.3400024,SPDR,cd14.monocytes
2685,-15.20436,-0.88567024,SPDR,cd14.monocytes
2686,-17.998106,-6.5708947,SPDR,cd14.monocytes
2687,-19.096827,-5.894885,SPDR,cd14.monocytes
2688,-16.750427,-6.2871695,SPDR,cd14.monocytes
2689,-18.946714,-3.1353402,SPDR,cd14.monocytes
2690,-15.805456,-2.5431075,SPDR,cd14.monocytes
2691,-17.25726,-3.4311848,SPDR,cd14.monocytes
2692,-18.598402,-4.54521,SPDR,cd14.monocytes
2693,-19.487955,-6.9366603,SPDR,cd14.monocytes
2694,-16.236858,-4.3650117,SPDR,cd14.monocytes
2695,-19.700565,-3.0422816,SPDR,cd14.monocytes
2696,-14.335429,-2.747772,SPDR,cd14.monocytes
2697,-16.168892,-4.8387113,SPDR,cd14.monocytes
2698,-17.288818,-4.8733068,SPDR,cd14.monocytes
2699,-18.33197,-4.145405,SPDR,cd14.monocytes
2700,-17.348888,-4.812263,SPDR,cd14.monocytes
2701,-16.308321,-0.74256474,SPDR,cd14.monocytes
2702,-15.22729,-1.8256936,SPDR,cd14.monocytes
2703,-15.962069,-8.423017,SPDR,cd14.monocytes
2704,-19.885254,-6.5150213,SPDR,cd14.monocytes
2705,-18.803446,-6.8463564,SPDR,cd14.monocytes
2706,-29.184093,-8.841628,SPDR,cd14.monocytes
2707,-17.644705,-7.553048,SPDR,cd14.monocytes
2708,-15.585102,-4.7023754,SPDR,cd14.monocytes
2709,-16.34281,-0.7185558,SPDR,cd14.monocytes
2710,-16.439415,-4.6267085,SPDR,cd14.monocytes
2711,-18.718407,-3.683888,SPDR,cd14.monocytes
2712,-17.88573,-4.7934957,SPDR,cd14.monocytes
2713,-18.9751,-5.478281,SPDR,cd14.monocytes
2714,-19.442287,-7.557038,SPDR,cd14.monocytes
2715,-16.032013,-5.4155083,SPDR,cd14.monocytes
2716,-13.963501,-2.5409012,SPDR,cd14.monocytes
2717,-17.242008,-6.8426886,SPDR,cd14.monocytes
2718,-15.002096,-4.7208,SPDR,cd14.monocytes
2719,-16.06527,-2.7368927,SPDR,cd14.monocytes
2720,-19.104424,-10.107502,SPDR,cd14.monocytes
2721,-16.003191,-3.032032,SPDR,cd14.monocytes
2722,-29.943377,-8.232602,SPDR,cd14.monocytes
2723,-15.818332,-4.4791064,SPDR,cd14.monocytes
2724,-16.615393,-5.6909695,SPDR,cd14.monocytes
2725,-17.681816,-3.841506,SPDR,cd14.monocytes
2726,-17.099745,-5.58932,SPDR,cd14.monocytes
2727,-19.731339,-6.807244,SPDR,cd14.monocytes
2728,-19.208506,-5.9179416,SPDR,cd14.monocytes
2729,-19.60713,-7.321163,SPDR,cd14.monocytes
2730,-14.9059305,-2.1576662,SPDR,cd14.monocytes
2731,-20.30375,-9.173199,SPDR,cd14.monocytes
2732,-18.961779,-3.4085705,SPDR,cd14.monocytes
2733,-16.182821,-3.814834,SPDR,cd14.monocytes
2734,-20.512287,-9.967401,SPDR,cd14.monocytes
2735,-26.926481,-9.07925,SPDR,cd14.monocytes
2736,-16.805767,-3.6653626,SPDR,cd14.monocytes
2737,-16.268278,-4.140494,SPDR,cd14.monocytes
2738,-21.152233,-8.217726,SPDR,cd14.monocytes
2739,-17.774767,-4.7216077,SPDR,cd14.monocytes
2740,-19.930414,-4.6893134,SPDR,cd14.monocytes
2741,-21.276934,-4.1309958,SPDR,cd14.monocytes
2742,-17.79832,-5.312813,SPDR,cd14.monocytes
2743,-19.958698,-8.024499,SPDR,cd14.monocytes
2744,-21.826149,-7.433239,SPDR,cd14.monocytes
2745,-16.27622,-7.3165298,SPDR,cd14.monocytes
2746,-17.510775,-4.3316007,SPDR,cd14.monocytes
2747,-20.639856,-7.3675394,SPDR,cd14.monocytes
2748,-17.697662,-3.8399396,SPDR,cd14.monocytes
2749,-17.384699,-4.5534177,SPDR,cd14.monocytes
2750,-18.346716,-0.4958509,SPDR,cd14.monocytes
2751,-18.465803,-2.0753202,SPDR,cd14.monocytes
2752,-16.617498,-4.097216,SPDR,cd14.monocytes
2753,-18.000187,-2.7773898,SPDR,cd14.monocytes
2754,-15.912471,-5.231163,SPDR,cd14.monocytes
2755,-17.052181,-2.6110744,SPDR,cd14.monocytes
2756,-22.748537,-8.790033,SPDR,cd14.monocytes
2757,-16.287369,-6.733167,SPDR,cd14.monocytes
2758,-14.998871,-7.525103,SPDR,cd14.monocytes
2759,-17.358068,-5.2496166,SPDR,cd14.monocytes
2760,-23.571815,-8.911738,SPDR,cd14.monocytes
2761,-15.740419,-2.569519,SPDR,cd14.monocytes
2762,-18.441917,-7.744191,SPDR,cd14.monocytes
2763,-22.616646,-9.2409935,SPDR,cd14.monocytes
2764,-17.491907,-3.8392332,SPDR,cd14.monocytes
2765,-15.478334,-1.4928188,SPDR,cd14.monocytes
2766,-14.997353,-2.127487,SPDR,cd14.monocytes
2767,-18.116852,-1.8997022,SPDR,cd14.monocytes
2768,-15.22855,-2.7788973,SPDR,cd14.monocytes
2769,-16.269403,-1.0353107,SPDR,cd14.monocytes
2770,-19.599932,-5.894841,SPDR,cd14.monocytes
2771,-17.685213,-4.6494055,SPDR,cd14.monocytes
2772,-16.667969,-3.1787834,SPDR,cd14.monocytes
2773,-16.320604,-3.517663,SPDR,cd14.monocytes
2774,-18.524984,-0.80133957,SPDR,cd14.monocytes
2775,-17.305788,-4.652019,SPDR,cd14.monocytes
2776,-17.293478,-3.8139403,SPDR,cd14.monocytes
2777,-16.444214,-5.4237494,SPDR,cd14.monocytes
2778,-17.69595,-4.8527546,SPDR,cd14.monocytes
2779,-16.569424,-2.980274,SPDR,cd14.monocytes
2780,-15.81193,-2.6012206,SPDR,cd14.monocytes
2781,-18.070116,-5.011074,SPDR,cd14.monocytes
2782,-17.748667,-4.6388555,SPDR,cd14.monocytes
2783,-21.958908,-8.931313,SPDR,cd14.monocytes
2784,-18.848518,-8.203525,SPDR,cd14.monocytes
2785,-19.579369,-7.545377,SPDR,cd14.monocytes
2786,-20.158829,-5.7201777,SPDR,cd14.monocytes
2787,-17.1921,-3.0315382,SPDR,cd14.monocytes
2788,-18.638292,-9.491441,SPDR,cd14.monocytes
2789,-19.148533,-2.5661144,SPDR,cd14.monocytes
2790,-14.911653,-5.376758,SPDR,cd14.monocytes
2791,-20.645588,-8.314002,SPDR,cd14.monocytes
2792,-16.551989,-1.5316757,SPDR,cd14.monocytes
2793,-20.04372,-9.607961,SPDR,cd14.monocytes
2794,-15.601375,-4.314248,SPDR,cd14.monocytes
2795,-21.238985,-9.267287,SPDR,cd14.monocytes
2796,-19.75206,-10.349433,SPDR,cd14.monocytes
2797,-20.871162,-7.8464484,SPDR,cd14.monocytes
2798,-16.911638,-3.4487267,SPDR,cd14.monocytes
2799,-29.899746,-8.822226,SPDR,cd14.monocytes
2800,-17.828592,-4.8830466,SPDR,cd14.monocytes
2801,-18.043234,-5.117266,SPDR,cd14.monocytes
2802,-16.564651,-0.846841,SPDR,cd14.monocytes
2803,-19.412037,-8.497601,SPDR,cd14.monocytes
2804,-20.981133,-4.0466895,SPDR,cd14.monocytes
2805,-13.859152,-0.9014449,SPDR,cd14.monocytes
2806,-15.460252,-6.328435,SPDR,cd14.monocytes
2807,-16.143286,-1.2481488,SPDR,cd14.monocytes
2808,-14.582006,-3.8823817,SPDR,cd14.monocytes
2809,-16.591406,-1.9490833,SPDR,cd14.monocytes
2810,-15.647341,-7.7778883,SPDR,cd14.monocytes
2811,-17.44,-5.7741594,SPDR,cd14.monocytes
2812,-20.082859,-6.46487,SPDR,cd14.monocytes
2813,-18.437498,-0.0666933,SPDR,cd14.monocytes
2814,-19.092762,-7.05907,SPDR,cd14.monocytes
2815,-17.158903,-5.4098897,SPDR,cd14.monocytes
2816,-16.744959,-2.7566001,SPDR,cd14.monocytes
2817,-17.576193,-7.2569394,SPDR,cd14.monocytes
2818,-17.899403,-3.8885157,SPDR,cd14.monocytes
2819,-19.470016,-6.4656057,SPDR,cd14.monocytes
2820,-16.606348,-2.4805737,SPDR,cd14.monocytes
2821,-16.867773,-2.6658518,SPDR,cd14.monocytes
2822,-13.228368,-5.7190843,SPDR,cd14.monocytes
2823,-14.159634,-4.3344193,SPDR,cd14.monocytes
2824,-21.42896,-8.4191265,SPDR,cd14.monocytes
2825,-20.803535,-10.451147,SPDR,cd14.monocytes
2826,-18.750704,-2.6666238,SPDR,cd14.monocytes
2827,-17.712673,-4.509345,SPDR,cd14.monocytes
2828,-29.855442,-9.046465,SPDR,cd14.monocytes
2829,-16.342653,-6.709835,SPDR,cd14.monocytes
2830,-18.075565,-1.8769917,SPDR,cd14.monocytes
2831,-16.999512,-4.059926,SPDR,cd14.monocytes
2832,-16.7395,-3.519541,SPDR,cd14.monocytes
2833,-20.185036,-8.353607,SPDR,cd14.monocytes
2834,-17.192488,-0.24419032,SPDR,cd14.monocytes
2835,-16.745186,-6.599809,SPDR,cd14.monocytes
2836,-18.557434,-5.4094944,SPDR,cd14.monocytes
2837,-15.067999,-8.463303,SPDR,cd14.monocytes
2838,-17.240246,-4.0631075,SPDR,cd14.monocytes
2839,-14.765044,-4.6776357,SPDR,cd14.monocytes
2840,-18.384823,-8.149038,SPDR,cd14.monocytes
2841,-19.712664,-8.186401,SPDR,cd14.monocytes
2842,-16.590988,-0.75907546,SPDR,cd14.monocytes
2843,-16.630909,-5.962162,SPDR,cd14.monocytes
2844,-17.08567,-2.449804,SPDR,cd14.monocytes
2845,-18.649387,-6.9545107,SPDR,cd14.monocytes
2846,-16.32371,-5.15155,SPDR,cd14.monocytes
2847,-17.276215,-2.7024312,SPDR,cd14.monocytes
2848,-15.414877,-2.3975058,SPDR,cd14.monocytes
2849,-13.900597,-6.0282288,SPDR,cd14.monocytes
2850,-19.591873,-6.348721,SPDR,cd14.monocytes
2851,-15.618779,-2.5122335,SPDR,cd14.monocytes
2852,-20.21863,-7.1511555,SPDR,cd14.monocytes
2853,-20.629835,-8.238189,SPDR,cd14.monocytes
2854,-19.318903,-7.9270983,SPDR,cd14.monocytes
2855,-17.402105,-0.10276126,SPDR,cd14.monocytes
2856,-17.173628,-3.3148763,SPDR,cd14.monocytes
2857,-16.674576,-3.4789507,SPDR,cd14.monocytes
2858,-17.424093,-1.4846505,SPDR,cd14.monocytes
2859,-17.031672,-4.6542344,SPDR,cd14.monocytes
2860,-16.771425,-3.3113594,SPDR,cd14.monocytes
2861,-18.314224,-4.9310217,SPDR,cd14.monocytes
2862,-21.087345,-9.085525,SPDR,cd14.monocytes
2863,-19.80519,-9.796203,SPDR,cd14.monocytes
2864,-16.941158,-0.87791866,SPDR,cd14.monocytes
2865,-17.651287,-6.46115,SPDR,cd14.monocytes
2866,-15.19043,-3.8513992,SPDR,cd14.monocytes
2867,-15.178981,-3.921348,SPDR,cd14.monocytes
2868,-18.204435,-3.468686,SPDR,cd14.monocytes
2869,-17.591934,-5.1421375,SPDR,cd14.monocytes
2870,-16.790545,-3.446631,SPDR,cd14.monocytes
2871,-20.719849,-9.10554,SPDR,cd14.monocytes
2872,-18.615814,-7.556057,SPDR,cd14.monocytes
2873,-19.808258,-8.0641775,SPDR,cd14.monocytes
2874,-18.485188,-5.584389,SPDR,cd14.monocytes
2875,-18.620441,-5.0149684,SPDR,cd14.monocytes
2876,-23.910484,-9.27594,SPDR,cd14.monocytes
2877,-15.782398,-9.320692,SPDR,cd14.monocytes
2878,-21.963655,-8.047122,SPDR,cd14.monocytes
2879,-19.838263,-8.412946,SPDR,cd14.monocytes
2880,-21.008335,-8.937318,SPDR,cd14.monocytes
2881,-14.991962,-1.4758949,SPDR,cd14.monocytes
2882,-20.584888,-7.187182,SPDR,cd14.monocytes
2883,-15.063006,-2.0286767,SPDR,cd14.monocytes
2884,-14.426444,-2.3864589,SPDR,cd14.monocytes
2885,-14.260897,-4.642023,SPDR,cd14.monocytes
2886,-18.79161,-8.753849,SPDR,cd14.monocytes
2887,-18.65243,-4.0374036,SPDR,cd14.monocytes
2888,-15.647141,-5.060292,SPDR,cd14.monocytes
2889,-19.125189,-6.901253,SPDR,cd14.monocytes
2890,-18.289152,-4.8826156,SPDR,cd14.monocytes
2891,-14.810069,-1.376063,SPDR,cd14.monocytes
2892,-14.921273,-2.7064042,SPDR,cd14.monocytes
2893,-14.926174,-3.323277,SPDR,cd14.monocytes
2894,-19.36783,-3.9136066,SPDR,cd14.monocytes
2895,-16.704103,-2.122366,SPDR,cd14.monocytes
2896,-17.307285,-3.5335288,SPDR,cd14.monocytes
2897,-15.328346,-2.423819,SPDR,cd14.monocytes
2898,-16.664606,-4.2345185,SPDR,cd14.monocytes
2899,-21.197117,-9.319129,SPDR,cd14.monocytes
2900,-20.07268,-7.8979287,SPDR,cd14.monocytes
2901,-17.180416,-2.6232104,SPDR,cd14.monocytes
2902,-29.293585,-8.810772,SPDR,cd14.monocytes
2903,-29.185694,-8.578159,SPDR,cd14.monocytes
2904,-19.438993,-5.3115954,SPDR,cd14.monocytes
2905,-13.382104,-4.519941,SPDR,cd14.monocytes
2906,-18.846792,-4.938997,SPDR,cd14.monocytes
2907,-18.103455,-4.4431167,SPDR,cd14.monocytes
2908,-23.474993,-8.760737,SPDR,cd14.monocytes
2909,-17.433966,-4.5358896,SPDR,cd14.monocytes
2910,-18.803144,-4.941551,SPDR,cd14.monocytes
2911,-19.79513,-7.8387527,SPDR,cd14.monocytes
2912,5.9821234,-15.436,SPDR,cd14.monocytes
2913,-18.237421,-2.2536597,SPDR,cd14.monocytes
2914,-15.068381,-5.918103,SPDR,cd14.monocytes
2915,-18.67444,-3.0723255,SPDR,cd14.monocytes
2916,-16.42866,-2.8069484,SPDR,cd14.monocytes
2917,-18.77204,-7.2504635,SPDR,cd14.monocytes
2918,-23.27365,-8.6261835,SPDR,cd14.monocytes
2919,-16.711205,-1.4422914,SPDR,cd14.monocytes
2920,-20.448349,-9.436494,SPDR,cd14.monocytes
2921,-21.700459,-9.126362,SPDR,cd14.monocytes
2922,-16.112803,-3.0960774,SPDR,cd14.monocytes
2923,-16.661386,-1.3978043,SPDR,cd14.monocytes
2924,-17.510544,-1.9753507,SPDR,cd14.monocytes
2925,-17.324799,-3.2359219,SPDR,cd14.monocytes
2926,-19.73374,-6.6322207,SPDR,cd14.monocytes
2927,-17.600597,-3.8807654,SPDR,cd14.monocytes
2928,-17.116533,-4.7828083,SPDR,cd14.monocytes
2929,4.628454,-17.087444,SPDR,cd14.monocytes
2930,-16.4065,-2.2542353,SPDR,cd14.monocytes
2931,-20.05692,-6.4066706,SPDR,cd14.monocytes
2932,-17.839409,-2.445985,SPDR,cd14.monocytes
2933,-16.254072,-1.3589194,SPDR,cd14.monocytes
2934,-30.20754,-8.735553,SPDR,cd14.monocytes
2935,-20.441181,-4.882176,SPDR,cd14.monocytes
2936,-16.942015,-3.1718197,SPDR,cd14.monocytes
2937,-20.217499,-8.172383,SPDR,cd14.monocytes
2938,-14.533033,-3.9515045,SPDR,cd14.monocytes
2939,-21.210499,-8.143,SPDR,cd14.monocytes
2940,-16.208195,-6.5915713,SPDR,cd14.monocytes
2941,-20.413334,-7.512582,SPDR,cd14.monocytes
2942,-21.344711,-8.177535,SPDR,cd14.monocytes
2943,-17.910223,-1.7239183,SPDR,cd14.monocytes
2944,-17.97237,-3.2722688,SPDR,cd14.monocytes
2945,-15.888456,-1.6082445,SPDR,cd14.monocytes
2946,-24.351212,-9.134464,SPDR,cd14.monocytes
2947,-17.863155,-3.5886812,SPDR,cd14.monocytes
2948,-24.34852,-9.229027,SPDR,cd14.monocytes
2949,-17.183836,-3.2872217,SPDR,cd14.monocytes
2950,-20.74189,-1.6774759,SPDR,cd14.monocytes
2951,-18.450396,-2.5277128,SPDR,cd14.monocytes
2952,-13.902591,-2.300223,SPDR,cd14.monocytes
2953,-17.714926,-3.6397533,SPDR,cd14.monocytes
2954,-19.67178,-7.9207025,SPDR,cd14.monocytes
2955,-16.65378,-6.893716,SPDR,cd14.monocytes
2956,-16.370825,-2.112986,SPDR,cd14.monocytes
2957,-15.345397,-3.0290096,SPDR,cd14.monocytes
2958,-17.64104,-4.1584654,SPDR,cd14.monocytes
2959,-17.70921,-0.93017924,SPDR,cd14.monocytes
2960,-18.496653,-2.6689205,SPDR,cd14.monocytes
2961,-17.051208,-0.85063237,SPDR,cd14.monocytes
2962,-15.432316,-4.972899,SPDR,cd14.monocytes
2963,-19.288958,-6.7296576,SPDR,cd14.monocytes
2964,-19.207664,-5.0430875,SPDR,cd14.monocytes
2965,-17.963684,-6.371542,SPDR,cd14.monocytes
2966,-18.703688,-2.8126059,SPDR,cd14.monocytes
2967,-18.252293,-7.7877293,SPDR,cd14.monocytes
2968,-21.341167,-8.747869,SPDR,cd14.monocytes
2969,-16.805084,-2.6564841,SPDR,cd14.monocytes
2970,-15.218701,-2.8684142,SPDR,cd14.monocytes
2971,-16.846893,-3.1963725,SPDR,cd14.monocytes
2972,-21.16575,-7.5178804,SPDR,cd14.monocytes
2973,-17.612667,-5.7222533,SPDR,cd14.monocytes
2974,-18.454895,-6.877512,SPDR,cd14.monocytes
2975,-19.539507,-6.3452144,SPDR,cd14.monocytes
2976,-20.766783,-6.2655587,SPDR,cd14.monocytes
2977,-14.8567915,-1.2131327,SPDR,cd14.monocytes
2978,-16.968407,-0.85216326,SPDR,cd14.monocytes
2979,-21.172039,-9.473319,SPDR,cd14.monocytes
2980,-21.31158,-9.972456,SPDR,cd14.monocytes
2981,-17.977287,-2.5173256,SPDR,cd14.monocytes
2982,-16.336075,-3.0068307,SPDR,cd14.monocytes
2983,-16.114576,-6.0473247,SPDR,cd14.monocytes
2984,-20.23416,-6.3111706,SPDR,cd14.monocytes
2985,-16.380728,-4.943761,SPDR,cd14.monocytes
2986,-17.04914,17.456799,SPDR,cd14.monocytes
2987,-17.275772,-2.5090754,SPDR,cd14.monocytes
2988,-20.177786,-9.091163,SPDR,cd14.monocytes
2989,-16.154594,-4.3355265,SPDR,cd14.monocytes
2990,-17.743673,-6.9047256,SPDR,cd14.monocytes
2991,-20.415642,-6.804488,SPDR,cd14.monocytes
2992,-26.12694,-9.159577,SPDR,cd14.monocytes
2993,-15.579237,-3.6557055,SPDR,cd14.monocytes
2994,-18.58231,-7.080836,SPDR,cd14.monocytes
2995,-17.065308,-4.132325,SPDR,cd14.monocytes
2996,-16.53122,-7.537191,SPDR,cd14.monocytes
2997,13.910445,-2.1159968,SPDR,regulatory.t
2998,7.7125416,-12.925541,SPDR,regulatory.t
2999,3.676244,-16.404915,SPDR,regulatory.t
3000,10.744894,-6.7491617,SPDR,regulatory.t
3001,1.3368285,-17.231007,SPDR,regulatory.t
3002,2.7598548,-14.46897,SPDR,regulatory.t
3003,14.820171,-7.4853935,SPDR,regulatory.t
3004,10.699008,-8.925918,SPDR,regulatory.t
3005,7.841605,-15.47104,SPDR,regulatory.t
3006,5.3892484,-15.867534,SPDR,regulatory.t
3007,7.7366548,-11.805253,SPDR,regulatory.t
3008,15.089262,-4.729045,SPDR,regulatory.t
3009,11.610286,-13.662737,SPDR,regulatory.t
3010,8.075841,-14.961646,SPDR,regulatory.t
3011,10.963302,-10.273382,SPDR,regulatory.t
3012,10.233833,-4.552671,SPDR,regulatory.t
3013,3.909925,-13.931047,SPDR,regulatory.t
3014,15.706513,-0.86541694,SPDR,regulatory.t
3015,1.7907903,-14.385221,SPDR,regulatory.t
3016,13.605409,-1.559432,SPDR,regulatory.t
3017,4.567873,-13.158647,SPDR,regulatory.t
3018,4.240805,-13.505425,SPDR,regulatory.t
3019,8.85195,-7.772309,SPDR,regulatory.t
3020,8.356865,-15.262017,SPDR,regulatory.t
3021,10.37849,-12.538976,SPDR,regulatory.t
3022,8.676919,-9.687879,SPDR,regulatory.t
3023,8.408778,-12.483243,SPDR,regulatory.t
3024,12.836672,-5.547624,SPDR,regulatory.t
3025,7.8797264,-12.361853,SPDR,regulatory.t
3026,4.405489,-15.508731,SPDR,regulatory.t
3027,4.988183,-12.241285,SPDR,regulatory.t
3028,7.881688,-15.067056,SPDR,regulatory.t
3029,2.956729,-13.11868,SPDR,regulatory.t
3030,15.931187,-0.61692977,SPDR,regulatory.t
3031,1.1949756,-14.895611,SPDR,regulatory.t
3032,2.3907564,-15.082246,SPDR,regulatory.t
3033,4.6799684,-13.741278,SPDR,regulatory.t
3034,14.623036,-8.897319,SPDR,regulatory.t
3035,11.982975,-4.640868,SPDR,regulatory.t
3036,2.8453047,-13.9630375,SPDR,regulatory.t
3037,3.9193563,-14.846417,SPDR,regulatory.t
3038,5.5286894,-13.85948,SPDR,regulatory.t
3039,9.884916,-13.492701,SPDR,regulatory.t
3040,9.68653,-6.408893,SPDR,regulatory.t
3041,8.663963,-14.348219,SPDR,regulatory.t
3042,8.669588,-14.940757,SPDR,regulatory.t
3043,5.9635797,-12.550378,SPDR,regulatory.t
3044,6.180016,-17.045465,SPDR,regulatory.t
3045,7.158142,-15.351513,SPDR,regulatory.t
3046,15.481106,-5.5182962,SPDR,regulatory.t
3047,2.4315886,-15.558997,SPDR,regulatory.t
3048,5.7784915,-13.115084,SPDR,regulatory.t
3049,-0.03580346,-15.928932,SPDR,regulatory.t
3050,6.4477644,-11.95204,SPDR,regulatory.t
3051,6.954129,-12.705933,SPDR,regulatory.t
3052,14.427091,-4.6497855,SPDR,regulatory.t
3053,8.688042,-14.445439,SPDR,regulatory.t
3054,8.235178,-13.00338,SPDR,regulatory.t
3055,7.566073,-12.9734955,SPDR,regulatory.t
3056,2.760364,-12.992956,SPDR,regulatory.t
3057,-0.20295611,-15.854954,SPDR,regulatory.t
3058,13.880734,-8.731259,SPDR,regulatory.t
3059,10.137976,-10.288908,SPDR,regulatory.t
3060,12.874132,-8.250215,SPDR,regulatory.t
3061,11.036476,-13.63414,SPDR,regulatory.t
3062,6.072296,-13.2819195,SPDR,regulatory.t
3063,6.91288,-13.854101,SPDR,regulatory.t
3064,7.1645904,-6.36874,SPDR,regulatory.t
3065,7.147659,-12.531613,SPDR,regulatory.t
3066,7.80847,-11.316927,SPDR,regulatory.t
3067,2.7860777,-13.363577,SPDR,regulatory.t
3068,3.5592346,-14.464378,SPDR,regulatory.t
3069,13.36168,-12.366101,SPDR,regulatory.t
3070,14.125973,-2.7026925,SPDR,regulatory.t
3071,11.323701,-10.472082,SPDR,regulatory.t
3072,4.5862007,-13.566168,SPDR,regulatory.t
3073,4.8012104,-12.908649,SPDR,regulatory.t
3074,8.066811,-13.591025,SPDR,regulatory.t
3075,7.7973914,-10.918558,SPDR,regulatory.t
3076,8.024892,-12.074216,SPDR,regulatory.t
3077,9.246302,-14.321386,SPDR,regulatory.t
3078,7.2560344,-15.082942,SPDR,regulatory.t
3079,14.073791,-4.2753477,SPDR,regulatory.t
3080,6.431961,-15.275186,SPDR,regulatory.t
3081,8.205621,-13.570005,SPDR,regulatory.t
3082,7.354576,-13.088855,SPDR,regulatory.t
3083,0.6710695,-16.103659,SPDR,regulatory.t
3084,2.152957,-14.799334,SPDR,regulatory.t
3085,7.4519167,-14.367203,SPDR,regulatory.t
3086,14.932841,-4.552256,SPDR,regulatory.t
3087,-0.32470098,-16.069775,SPDR,regulatory.t
3088,8.337234,-16.524067,SPDR,regulatory.t
3089,7.7496476,-10.058174,SPDR,regulatory.t
3090,8.517243,-13.085758,SPDR,regulatory.t
3091,14.316581,-6.6635566,SPDR,regulatory.t
3092,7.3785596,-12.944135,SPDR,regulatory.t
3093,8.98371,-15.210235,SPDR,regulatory.t
3094,14.917118,-7.3210363,SPDR,regulatory.t
3095,8.1799135,-8.482425,SPDR,regulatory.t
3096,14.564085,-7.285117,SPDR,regulatory.t
3097,8.0532875,-7.5055733,SPDR,regulatory.t
3098,6.7509975,-13.2761965,SPDR,regulatory.t
3099,4.0720434,-12.279371,SPDR,regulatory.t
3100,17.17421,-6.1774497,SPDR,regulatory.t
3101,8.301795,-10.511696,SPDR,regulatory.t
3102,6.845811,-13.147527,SPDR,regulatory.t
3103,15.376852,-5.1843767,SPDR,regulatory.t
3104,8.578704,-11.408074,SPDR,regulatory.t
3105,8.003462,-6.5325694,SPDR,regulatory.t
3106,1.2513665,-14.55367,SPDR,regulatory.t
3107,14.50068,-9.150339,SPDR,regulatory.t
3108,1.6651535,-14.9368,SPDR,regulatory.t
3109,6.052127,-15.477422,SPDR,regulatory.t
3110,7.3078575,-13.461749,SPDR,regulatory.t
3111,0.34513,-15.809131,SPDR,regulatory.t
3112,6.5422754,-13.667961,SPDR,regulatory.t
3113,15.767816,-7.5134654,SPDR,regulatory.t
3114,4.5323515,-11.576519,SPDR,regulatory.t
3115,6.842834,-8.07736,SPDR,regulatory.t
3116,13.959723,-10.77614,SPDR,regulatory.t
3117,16.458664,-2.873955,SPDR,regulatory.t
3118,10.447953,-12.487479,SPDR,regulatory.t
3119,16.066217,-8.567637,SPDR,regulatory.t
3120,9.781607,-14.571876,SPDR,regulatory.t
3121,10.103176,-6.27611,SPDR,regulatory.t
3122,11.422394,-10.748013,SPDR,regulatory.t
3123,13.062984,-10.569468,SPDR,regulatory.t
3124,6.21598,-14.937677,SPDR,regulatory.t
3125,9.10868,-13.081689,SPDR,regulatory.t
3126,17.335814,1.0205461,SPDR,regulatory.t
3127,17.16264,-3.493084,SPDR,regulatory.t
3128,10.45518,-13.553127,SPDR,regulatory.t
3129,4.251353,-13.862829,SPDR,regulatory.t
3130,3.1686974,-14.941255,SPDR,regulatory.t
3131,3.6217933,-13.777328,SPDR,regulatory.t
3132,5.7826552,-13.393732,SPDR,regulatory.t
3133,0.19431855,-16.303242,SPDR,regulatory.t
3134,1.5899233,-15.12231,SPDR,regulatory.t
3135,12.460997,-12.474487,SPDR,regulatory.t
3136,11.751447,-12.033763,SPDR,regulatory.t
3137,2.482254,-14.56939,SPDR,regulatory.t
3138,3.556385,-15.028964,SPDR,regulatory.t
3139,11.578584,-13.948154,SPDR,regulatory.t
3140,2.0528567,-14.136019,SPDR,regulatory.t
3141,19.209309,-6.581201,SPDR,regulatory.t
3142,7.394765,-12.077331,SPDR,regulatory.t
3143,18.491108,1.7045962,SPDR,regulatory.t
3144,14.310684,-9.298899,SPDR,regulatory.t
3145,7.530461,-12.872362,SPDR,regulatory.t
3146,6.8049326,-11.5873165,SPDR,regulatory.t
3147,10.525789,-8.2462,SPDR,regulatory.t
3148,12.899144,-12.760549,SPDR,regulatory.t
3149,9.822232,-13.707635,SPDR,regulatory.t
3150,11.542461,-16.333406,SPDR,regulatory.t
3151,10.144559,-10.840769,SPDR,regulatory.t
3152,11.561021,-5.878149,SPDR,regulatory.t
3153,15.38821,-7.0054793,SPDR,regulatory.t
3154,9.3321495,-12.401494,SPDR,regulatory.t
3155,11.537181,-4.0434575,SPDR,regulatory.t
3156,0.7300173,-16.059685,SPDR,regulatory.t
3157,10.819055,-4.9639716,SPDR,regulatory.t
3158,11.978051,-11.389672,SPDR,regulatory.t
3159,5.072328,-16.711805,SPDR,regulatory.t
3160,5.994038,-14.960148,SPDR,regulatory.t
3161,8.407174,-17.783136,SPDR,regulatory.t
3162,10.938724,-10.584577,SPDR,regulatory.t
3163,7.886781,-10.133227,SPDR,regulatory.t
3164,13.5773535,-10.8518505,SPDR,regulatory.t
3165,3.0763214,-13.854172,SPDR,regulatory.t
3166,10.452947,-14.099093,SPDR,regulatory.t
3167,5.6758685,-16.155094,SPDR,regulatory.t
3168,11.832929,-12.629562,SPDR,regulatory.t
3169,8.284932,-10.847833,SPDR,regulatory.t
3170,10.578252,-13.060506,SPDR,regulatory.t
3171,8.684426,-14.762627,SPDR,regulatory.t
3172,4.3790135,-16.148478,SPDR,regulatory.t
3173,2.8694768,-14.293317,SPDR,regulatory.t
3174,5.4809265,-14.881935,SPDR,regulatory.t
3175,9.657599,-13.393257,SPDR,regulatory.t
3176,6.4189987,-12.986577,SPDR,regulatory.t
3177,6.710146,-11.66865,SPDR,regulatory.t
3178,13.24502,-13.80117,SPDR,regulatory.t
3179,9.028661,-12.552319,SPDR,regulatory.t
3180,9.412394,-11.281462,SPDR,regulatory.t
3181,3.0961883,-14.229808,SPDR,regulatory.t
3182,8.992648,-13.40443,SPDR,regulatory.t
3183,9.509765,-8.866977,SPDR,regulatory.t
3184,4.948208,-15.81274,SPDR,regulatory.t
3185,6.80976,-13.640765,SPDR,regulatory.t
3186,10.052983,-14.493753,SPDR,regulatory.t
3187,7.118821,-13.500423,SPDR,regulatory.t
3188,7.1985326,-12.690436,SPDR,regulatory.t
3189,11.301118,-6.508239,SPDR,regulatory.t
3190,1.7266169,-15.066479,SPDR,regulatory.t
3191,6.887645,-10.92336,SPDR,regulatory.t
3192,14.888627,-3.486362,SPDR,regulatory.t
3193,12.686682,-11.626022,SPDR,regulatory.t
3194,13.472124,-13.659984,SPDR,regulatory.t
3195,8.943576,-11.270246,SPDR,regulatory.t
3196,6.547634,-11.938158,SPDR,regulatory.t
3197,9.659803,-9.825359,SPDR,regulatory.t
3198,6.228441,-11.040647,SPDR,regulatory.t
3199,5.724576,-12.287577,SPDR,regulatory.t
3200,11.029231,-10.818525,SPDR,regulatory.t
3201,1.475372,-15.819377,SPDR,regulatory.t
3202,6.6617093,-13.449867,SPDR,regulatory.t
3203,13.371828,-12.203644,SPDR,regulatory.t
3204,13.269185,-8.488268,SPDR,regulatory.t
3205,14.314579,-6.480407,SPDR,regulatory.t
3206,7.9010587,-9.5935335,SPDR,regulatory.t
3207,7.8967676,-13.403692,SPDR,regulatory.t
3208,10.8428545,-7.5246367,SPDR,regulatory.t
3209,8.942212,-10.081061,SPDR,regulatory.t
3210,4.526299,-13.549762,SPDR,regulatory.t
3211,0.160896,-15.957354,SPDR,regulatory.t
3212,8.8763485,-12.259417,SPDR,regulatory.t
3213,7.292317,-12.007285,SPDR,regulatory.t
3214,19.09704,-10.281533,SPDR,regulatory.t
3215,9.668144,-10.2225065,SPDR,regulatory.t
3216,13.020494,-2.269663,SPDR,regulatory.t
3217,1.389376,-15.812615,SPDR,regulatory.t
3218,8.527833,-16.302883,SPDR,regulatory.t
3219,8.765728,-9.807785,SPDR,regulatory.t
3220,13.770331,-4.92163,SPDR,regulatory.t
3221,8.941393,-12.869423,SPDR,regulatory.t
3222,6.0875244,-16.642189,SPDR,regulatory.t
3223,19.38757,-7.5562844,SPDR,regulatory.t
3224,14.519123,-9.421714,SPDR,regulatory.t
3225,13.52673,0.13842167,SPDR,regulatory.t
3226,10.325347,-9.059674,SPDR,regulatory.t
3227,7.162647,-11.185147,SPDR,regulatory.t
3228,8.927687,-11.116525,SPDR,regulatory.t
3229,18.105255,-11.329617,SPDR,regulatory.t
3230,2.5664048,-13.908236,SPDR,regulatory.t
3231,10.246772,-5.703677,SPDR,regulatory.t
3232,8.210566,-5.684619,SPDR,regulatory.t
3233,7.3860598,-14.125303,SPDR,regulatory.t
3234,5.6576257,-13.615557,SPDR,regulatory.t
3235,9.314039,-12.274992,SPDR,regulatory.t
3236,4.453291,-15.559995,SPDR,regulatory.t
3237,-0.30379832,-15.842095,SPDR,regulatory.t
3238,14.788699,-1.120014,SPDR,regulatory.t
3239,8.25271,-12.369354,SPDR,regulatory.t
3240,14.163299,-9.619531,SPDR,regulatory.t
3241,1.7338507,-17.141834,SPDR,regulatory.t
3242,8.905314,-7.4459715,SPDR,regulatory.t
3243,7.2742615,-11.000064,SPDR,regulatory.t
3244,11.524787,-3.5573733,SPDR,regulatory.t
3245,11.471755,-10.132687,SPDR,regulatory.t
3246,13.140891,-1.6676185,SPDR,regulatory.t
3247,5.059404,-12.581218,SPDR,regulatory.t
3248,18.761742,3.0169065,SPDR,regulatory.t
3249,26.619644,-6.6944094,SPDR,regulatory.t
3250,8.080728,-6.8940945,SPDR,regulatory.t
3251,0.5127624,-14.93452,SPDR,regulatory.t
3252,6.683007,-9.7636795,SPDR,regulatory.t
3253,9.77337,-13.52838,SPDR,regulatory.t
3254,12.423224,-1.1332706,SPDR,regulatory.t
3255,3.8399289,-12.527764,SPDR,regulatory.t
3256,9.128663,-13.188718,SPDR,regulatory.t
3257,9.282581,-4.4527383,SPDR,regulatory.t
3258,16.578203,-5.207666,SPDR,regulatory.t
3259,6.023104,-13.6630535,SPDR,regulatory.t
3260,4.667616,-14.806574,SPDR,regulatory.t
3261,8.558203,-10.176921,SPDR,regulatory.t
3262,4.885231,-12.050691,SPDR,regulatory.t
3263,6.0803094,-15.186268,SPDR,regulatory.t
3264,11.786507,-13.9170685,SPDR,regulatory.t
3265,15.078942,-5.8165736,SPDR,regulatory.t
3266,9.213947,-14.009022,SPDR,regulatory.t
3267,12.512631,-10.415171,SPDR,regulatory.t
3268,13.79094,-1.5434077,SPDR,regulatory.t
3269,11.061671,-10.731645,SPDR,regulatory.t
3270,1.1982263,-16.439545,SPDR,regulatory.t
3271,11.989121,-10.426558,SPDR,regulatory.t
3272,10.59076,-6.563155,SPDR,regulatory.t
3273,9.432536,-12.426829,SPDR,regulatory.t
3274,9.939377,-14.751884,SPDR,regulatory.t
3275,0.3428316,-15.613385,SPDR,regulatory.t
3276,9.35126,-12.451519,SPDR,regulatory.t
3277,16.227215,-10.414795,SPDR,regulatory.t
3278,13.760889,-7.754483,SPDR,regulatory.t
3279,9.788164,-11.184419,SPDR,regulatory.t
3280,6.614656,-13.666265,SPDR,regulatory.t
3281,7.051206,-14.034158,SPDR,regulatory.t
3282,6.946641,-11.4711,SPDR,regulatory.t
3283,10.890453,-7.833634,SPDR,regulatory.t
3284,5.8433495,-13.563073,SPDR,regulatory.t
3285,11.1832695,-3.450754,SPDR,regulatory.t
3286,3.7877703,-16.485992,SPDR,regulatory.t
3287,8.668017,-6.031979,SPDR,regulatory.t
3288,10.046192,-13.680031,SPDR,regulatory.t
3289,14.948237,-7.224641,SPDR,regulatory.t
3290,11.048955,-11.89569,SPDR,regulatory.t
3291,9.977242,-6.7731886,SPDR,regulatory.t
3292,12.588613,-11.459978,SPDR,regulatory.t
3293,8.083014,-12.005819,SPDR,regulatory.t
3294,11.806081,-2.9486308,SPDR,regulatory.t
3295,5.522736,-13.771222,SPDR,regulatory.t
3296,0.1273091,-15.715138,SPDR,regulatory.t
3297,7.727449,-14.222919,SPDR,regulatory.t
3298,3.2416658,-14.175952,SPDR,regulatory.t
3299,2.5172298,-14.18248,SPDR,regulatory.t
3300,1.4608581,-15.600906,SPDR,regulatory.t
3301,10.536099,-10.027617,SPDR,regulatory.t
3302,16.190487,-4.416188,SPDR,regulatory.t
3303,13.934982,-4.269237,SPDR,regulatory.t
3304,8.481174,-12.724563,SPDR,regulatory.t
3305,10.159923,-3.782433,SPDR,regulatory.t
3306,11.437535,-4.7733884,SPDR,regulatory.t
3307,3.6516206,-13.536369,SPDR,regulatory.t
3308,14.295638,-1.640128,SPDR,regulatory.t
3309,1.7915477,-15.944216,SPDR,regulatory.t
3310,5.1057143,-15.435464,SPDR,regulatory.t
3311,8.334061,-5.0222073,SPDR,regulatory.t
3312,1.9756466,-13.689534,SPDR,regulatory.t
3313,15.159904,-8.494496,SPDR,regulatory.t
3314,3.6538882,-14.579344,SPDR,regulatory.t
3315,13.684516,0.8762534,SPDR,regulatory.t
3316,7.614624,-12.339423,SPDR,regulatory.t
3317,8.309853,-10.098916,SPDR,regulatory.t
3318,10.436963,-10.066435,SPDR,regulatory.t
3319,6.8172393,-13.538635,SPDR,regulatory.t
3320,10.335297,-3.7090986,SPDR,regulatory.t
3321,8.579159,-14.368761,SPDR,regulatory.t
3322,4.535343,-13.648443,SPDR,regulatory.t
3323,9.283796,-7.3859606,SPDR,regulatory.t
3324,2.433281,-13.143098,SPDR,regulatory.t
3325,14.894583,-11.648107,SPDR,regulatory.t
3326,11.69086,-13.041808,SPDR,regulatory.t
3327,7.3551455,-12.099466,SPDR,regulatory.t
3328,15.5091915,-7.0215983,SPDR,regulatory.t
3329,12.335476,0.10130638,SPDR,regulatory.t
3330,9.506687,-13.390766,SPDR,regulatory.t
3331,8.534446,-11.857738,SPDR,regulatory.t
3332,14.904816,-5.871208,SPDR,regulatory.t
3333,-0.3380207,-16.617796,SPDR,regulatory.t
3334,0.28630382,-15.826158,SPDR,regulatory.t
3335,13.089396,-3.998224,SPDR,regulatory.t
3336,4.732886,-9.93845,SPDR,regulatory.t
3337,17.107698,1.6810265,SPDR,regulatory.t
3338,5.6825852,-15.995821,SPDR,regulatory.t
3339,3.20174,-14.184094,SPDR,regulatory.t
3340,1.0751288,-16.742785,SPDR,regulatory.t
3341,8.325854,-8.484569,SPDR,regulatory.t
3342,7.247239,-14.057541,SPDR,regulatory.t
3343,10.435132,-13.007262,SPDR,regulatory.t
3344,13.614499,-6.904941,SPDR,regulatory.t
3345,7.3863745,-14.822907,SPDR,regulatory.t
3346,3.1894376,-14.235508,SPDR,regulatory.t
3347,14.73901,-14.096127,SPDR,regulatory.t
3348,1.9161923,-15.907245,SPDR,regulatory.t
3349,7.43293,-15.1764345,SPDR,regulatory.t
3350,11.914652,-7.8352084,SPDR,regulatory.t
3351,-0.7098029,-15.862571,SPDR,regulatory.t
3352,9.003632,-6.9055877,SPDR,regulatory.t
3353,13.153294,-5.103283,SPDR,regulatory.t
3354,11.0268,-14.373735,SPDR,regulatory.t
3355,1.4278593,-14.14879,SPDR,regulatory.t
3356,9.812598,-9.850965,SPDR,regulatory.t
3357,4.722275,-15.038202,SPDR,regulatory.t
3358,1.1114256,-15.969887,SPDR,regulatory.t
3359,14.49871,-3.014956,SPDR,regulatory.t
3360,6.229564,-11.834387,SPDR,regulatory.t
3361,11.55186,-4.87438,SPDR,regulatory.t
3362,9.288116,-6.7706156,SPDR,regulatory.t
3363,7.7220817,-11.720285,SPDR,regulatory.t
3364,-0.3703492,-16.35231,SPDR,regulatory.t
3365,14.979384,-7.7352796,SPDR,regulatory.t
3366,5.8762865,-15.593703,SPDR,regulatory.t
3367,5.5851493,-13.611266,SPDR,regulatory.t
3368,8.121216,-6.3669806,SPDR,regulatory.t
3369,9.053594,-12.036441,SPDR,regulatory.t
3370,22.682512,-5.0014887,SPDR,regulatory.t
3371,1.1000247,-15.770724,SPDR,regulatory.t
3372,7.2552886,-12.557856,SPDR,regulatory.t
3373,6.148339,-15.182032,SPDR,regulatory.t
3374,3.04399,-16.652697,SPDR,regulatory.t
3375,10.380553,-11.175391,SPDR,regulatory.t
3376,20.364191,5.0049686,SPDR,regulatory.t
3377,2.88835,-14.266969,SPDR,regulatory.t
3378,11.233723,-4.498432,SPDR,regulatory.t
3379,3.602374,-11.077867,SPDR,regulatory.t
3380,17.809114,-7.482191,SPDR,regulatory.t
3381,10.4186325,-8.33957,SPDR,regulatory.t
3382,9.964157,-13.327528,SPDR,regulatory.t
3383,13.874638,-9.875296,SPDR,regulatory.t
3384,8.993245,-12.406772,SPDR,regulatory.t
3385,4.492745,-12.638296,SPDR,regulatory.t
3386,4.4114056,-11.003535,SPDR,regulatory.t
3387,8.378402,-14.650664,SPDR,regulatory.t
3388,9.484442,-11.10762,SPDR,regulatory.t
3389,5.841448,-9.724527,SPDR,regulatory.t
3390,0.18127547,-16.075422,SPDR,regulatory.t
3391,9.044996,-13.600374,SPDR,regulatory.t
3392,10.914974,-15.478979,SPDR,regulatory.t
3393,10.773372,-14.005851,SPDR,regulatory.t
3394,6.886866,-12.931188,SPDR,regulatory.t
3395,1.5749285,-15.162268,SPDR,regulatory.t
3396,3.3057637,-13.040404,SPDR,regulatory.t
3397,10.117345,-13.640669,SPDR,regulatory.t
3398,-0.90348154,-16.239992,SPDR,regulatory.t
3399,12.572155,-9.9264,SPDR,regulatory.t
3400,9.06229,-14.2775,SPDR,regulatory.t
3401,15.024307,1.4182687,SPDR,regulatory.t
3402,8.156333,-14.0446415,SPDR,regulatory.t
3403,5.9272695,-12.51494,SPDR,regulatory.t
3404,18.489351,-5.131662,SPDR,regulatory.t
3405,9.666332,-14.6749525,SPDR,regulatory.t
3406,7.757368,-15.20792,SPDR,regulatory.t
3407,6.5927143,-9.156916,SPDR,regulatory.t
3408,9.350989,-10.487999,SPDR,regulatory.t
3409,11.754144,-4.6553874,SPDR,regulatory.t
3410,6.1220813,-12.738225,SPDR,regulatory.t
3411,12.373763,-4.485514,SPDR,regulatory.t
3412,1.9246826,-15.080504,SPDR,regulatory.t
3413,10.633806,-10.103575,SPDR,regulatory.t
3414,15.926392,-4.757991,SPDR,regulatory.t
3415,11.978327,-6.10774,SPDR,regulatory.t
3416,4.563624,-13.433963,SPDR,regulatory.t
3417,15.19913,-10.866869,SPDR,regulatory.t
3418,12.450537,-6.091416,SPDR,regulatory.t
3419,3.610116,-13.921154,SPDR,regulatory.t
3420,14.363324,-12.872979,SPDR,regulatory.t
3421,9.057168,-9.409107,SPDR,regulatory.t
3422,1.3558831,-15.892492,SPDR,regulatory.t
3423,9.189462,-9.26624,SPDR,regulatory.t
3424,15.335064,-8.770499,SPDR,regulatory.t
3425,13.247913,-13.999171,SPDR,regulatory.t
3426,9.127511,-14.50928,SPDR,regulatory.t
3427,10.334848,-13.537192,SPDR,regulatory.t
3428,5.2482786,-11.471638,SPDR,regulatory.t
3429,8.537556,-11.337527,SPDR,regulatory.t
3430,14.2834835,-9.358955,SPDR,regulatory.t
3431,12.596852,-0.8735238,SPDR,regulatory.t
3432,10.656372,-13.871448,SPDR,regulatory.t
3433,5.300243,-12.924867,SPDR,regulatory.t
3434,4.24191,-12.810063,SPDR,regulatory.t
3435,9.204048,-11.401887,SPDR,regulatory.t
3436,2.565324,-14.496441,SPDR,regulatory.t
3437,4.2894006,-16.699356,SPDR,regulatory.t
3438,8.722423,-10.944702,SPDR,regulatory.t
3439,19.812159,1.0958908,SPDR,regulatory.t
3440,15.380228,-4.905668,SPDR,regulatory.t
3441,9.548115,-12.937866,SPDR,regulatory.t
3442,9.288252,-10.926746,SPDR,regulatory.t
3443,7.3758616,-12.855445,SPDR,regulatory.t
3444,7.8278327,-15.087216,SPDR,regulatory.t
3445,-0.82793456,-15.757843,SPDR,regulatory.t
3446,15.448839,-9.762214,SPDR,regulatory.t
3447,10.818133,-12.181687,SPDR,regulatory.t
3448,6.0953298,-10.309129,SPDR,regulatory.t
3449,8.109549,-12.416727,SPDR,regulatory.t
3450,7.450287,-14.213594,SPDR,regulatory.t
3451,8.674634,-12.519874,SPDR,regulatory.t
3452,13.820102,-2.872863,SPDR,regulatory.t
3453,0.15709291,-16.098408,SPDR,regulatory.t
3454,11.967648,-9.226211,SPDR,regulatory.t
3455,12.219935,-3.975641,SPDR,regulatory.t
3456,5.9798846,-13.503786,SPDR,regulatory.t
3457,13.117093,-1.3637947,SPDR,regulatory.t
3458,15.410675,-6.5848947,SPDR,regulatory.t
3459,7.6958528,-12.517429,SPDR,regulatory.t
3460,2.6022315,-13.353434,SPDR,regulatory.t
3461,5.9318986,-11.406136,SPDR,regulatory.t
3462,4.2294674,-15.348581,SPDR,regulatory.t
3463,11.696518,-4.7562714,SPDR,regulatory.t
3464,8.746522,-12.362927,SPDR,regulatory.t
3465,9.284887,-14.230313,SPDR,regulatory.t
3466,16.40476,-9.375836,SPDR,regulatory.t
3467,0.75613576,-16.401215,SPDR,regulatory.t
3468,3.5437553,-14.580283,SPDR,regulatory.t
3469,6.396461,-12.418721,SPDR,regulatory.t
3470,7.1382136,-15.831436,SPDR,regulatory.t
3471,10.928225,-3.9780111,SPDR,regulatory.t
3472,9.96539,-11.1556635,SPDR,regulatory.t
3473,9.70692,-13.112231,SPDR,regulatory.t
3474,6.534252,-11.426066,SPDR,regulatory.t
3475,6.037902,-15.997153,SPDR,regulatory.t
3476,9.022828,-9.023691,SPDR,regulatory.t
3477,8.327812,-12.534896,SPDR,regulatory.t
3478,7.965223,-12.041272,SPDR,regulatory.t
3479,15.64428,-5.1282406,SPDR,regulatory.t
3480,10.495568,-10.094087,SPDR,regulatory.t
3481,4.6219435,-15.9524,SPDR,regulatory.t
3482,6.2814183,-14.036034,SPDR,regulatory.t
3483,15.4669285,-8.087032,SPDR,regulatory.t
3484,4.043083,-13.787872,SPDR,regulatory.t
3485,13.062668,-7.1929984,SPDR,regulatory.t
3486,7.08851,-12.551458,SPDR,regulatory.t
3487,11.516958,-7.415508,SPDR,regulatory.t
3488,0.29226834,-14.8401575,SPDR,regulatory.t
3489,13.015747,-10.429619,SPDR,regulatory.t
3490,13.608049,-14.4852295,SPDR,regulatory.t
3491,-0.45130062,-16.296507,SPDR,regulatory.t
3492,11.338632,-13.079936,SPDR,regulatory.t
3493,8.944034,-13.296013,SPDR,regulatory.t
3494,4.4724574,-12.139788,SPDR,regulatory.t
3495,8.921992,-10.652703,SPDR,regulatory.t
3496,10.052304,-4.423822,SPDR,regulatory.t
3497,3.42264,-14.941316,SPDR,regulatory.t
3498,10.8803425,-14.507967,SPDR,regulatory.t
3499,10.988494,-14.1264,SPDR,regulatory.t
3500,5.018717,-16.040644,SPDR,regulatory.t
3501,6.943514,-11.787746,SPDR,regulatory.t
3502,14.658869,-1.0717506,SPDR,regulatory.t
3503,6.8535147,-15.072553,SPDR,regulatory.t
3504,9.373513,-14.001944,SPDR,regulatory.t
3505,3.6127386,-12.008199,SPDR,regulatory.t
3506,7.233447,-12.561127,SPDR,regulatory.t
3507,6.9021435,-13.453002,SPDR,regulatory.t
3508,11.987295,-11.534666,SPDR,regulatory.t
3509,3.0506978,-15.368169,SPDR,regulatory.t
3510,11.320962,-4.148715,SPDR,regulatory.t
3511,-0.03808596,-15.931643,SPDR,regulatory.t
3512,8.043825,-7.3518043,SPDR,regulatory.t
3513,4.503582,-13.115348,SPDR,regulatory.t
3514,2.950175,-13.24695,SPDR,regulatory.t
3515,9.462782,-9.709818,SPDR,regulatory.t
3516,9.882067,-12.601153,SPDR,regulatory.t
3517,4.470391,-11.162539,SPDR,regulatory.t
3518,12.245145,-10.558937,SPDR,regulatory.t
3519,6.0356646,-11.116275,SPDR,regulatory.t
3520,7.590274,-12.772335,SPDR,regulatory.t
3521,10.412421,-14.879725,SPDR,regulatory.t
3522,3.3829393,-12.167269,SPDR,regulatory.t
3523,10.132093,-12.0089855,SPDR,regulatory.t
3524,7.6869297,-15.026311,SPDR,regulatory.t
3525,10.936754,-11.652205,SPDR,regulatory.t
3526,11.843264,-2.262862,SPDR,regulatory.t
3527,11.247805,-7.3761783,SPDR,regulatory.t
3528,4.671497,-10.616919,SPDR,regulatory.t
3529,11.975949,-2.1959476,SPDR,regulatory.t
3530,6.651287,-13.831623,SPDR,regulatory.t
3531,14.744203,-3.2482455,SPDR,regulatory.t
3532,11.211155,-4.2730293,SPDR,regulatory.t
3533,2.8315778,-13.755457,SPDR,regulatory.t
3534,6.227493,-15.183391,SPDR,regulatory.t
3535,6.007057,-16.564962,SPDR,regulatory.t
3536,6.4714785,-12.587634,SPDR,regulatory.t
3537,12.243101,-11.793421,SPDR,regulatory.t
3538,13.3608055,-2.1780894,SPDR,regulatory.t
3539,6.8646007,-13.101241,SPDR,regulatory.t
3540,10.964721,-14.401821,SPDR,regulatory.t
3541,6.664875,-12.7915535,SPDR,regulatory.t
3542,3.8781948,-17.976583,SPDR,regulatory.t
3543,10.804915,-10.342323,SPDR,regulatory.t
3544,7.0861135,-14.339424,SPDR,regulatory.t
3545,7.7832804,-12.700397,SPDR,regulatory.t
3546,9.925026,-14.65779,SPDR,regulatory.t
3547,8.083925,-13.307693,SPDR,regulatory.t
3548,12.096496,-5.115414,SPDR,regulatory.t
3549,11.340685,-4.787064,SPDR,regulatory.t
3550,6.6393743,-13.602024,SPDR,regulatory.t
3551,9.782282,-7.8432665,SPDR,regulatory.t
3552,11.766412,-10.651935,SPDR,regulatory.t
3553,-0.65184546,-16.198158,SPDR,regulatory.t
3554,8.781561,-10.769844,SPDR,regulatory.t
3555,11.313697,-10.995379,SPDR,regulatory.t
3556,17.701342,-11.708818,SPDR,regulatory.t
3557,13.890008,-5.6815033,SPDR,regulatory.t
3558,16.94412,-1.0851728,SPDR,regulatory.t
3559,0.5169572,-15.917274,SPDR,regulatory.t
3560,14.444634,-5.6965194,SPDR,regulatory.t
3561,12.0833645,-4.69688,SPDR,regulatory.t
3562,10.478429,-14.46883,SPDR,regulatory.t
3563,11.82413,-14.577159,SPDR,regulatory.t
3564,4.9850373,-15.152086,SPDR,regulatory.t
3565,9.873247,-11.985045,SPDR,regulatory.t
3566,11.4957075,-14.055103,SPDR,regulatory.t
3567,8.5154505,-9.250317,SPDR,regulatory.t
3568,7.7383814,-11.370096,SPDR,regulatory.t
3569,19.549662,-2.2285836,SPDR,regulatory.t
3570,14.008266,-2.861882,SPDR,regulatory.t
3571,11.091135,-10.203538,SPDR,regulatory.t
3572,8.105015,-11.747499,SPDR,regulatory.t
3573,17.425097,-9.207543,SPDR,regulatory.t
3574,8.223656,-13.596218,SPDR,regulatory.t
3575,6.074532,-15.903841,SPDR,regulatory.t
3576,7.7651286,-13.4809885,SPDR,regulatory.t
3577,12.466787,-13.382815,SPDR,regulatory.t
3578,14.46259,-8.534733,SPDR,regulatory.t
3579,2.9314327,-12.103781,SPDR,regulatory.t
3580,14.052534,-4.7244596,SPDR,regulatory.t
3581,8.911462,-13.710544,SPDR,regulatory.t
3582,11.371512,-8.696712,SPDR,regulatory.t
3583,4.7787595,-16.190754,SPDR,regulatory.t
3584,4.0337467,-13.4162035,SPDR,regulatory.t
3585,11.892623,-9.876172,SPDR,regulatory.t
3586,6.9629254,-12.201359,SPDR,regulatory.t
3587,9.808875,-10.788744,SPDR,regulatory.t
3588,6.96256,-12.212648,SPDR,regulatory.t
3589,9.681506,-9.996024,SPDR,regulatory.t
3590,8.620002,-13.15046,SPDR,regulatory.t
3591,7.2434545,-15.703582,SPDR,regulatory.t
3592,7.358385,-14.502545,SPDR,regulatory.t
3593,7.847641,-12.792985,SPDR,regulatory.t
3594,13.210888,-3.5037603,SPDR,regulatory.t
3595,2.7775762,-13.834598,SPDR,regulatory.t
3596,13.959468,-13.505706,SPDR,regulatory.t
3597,5.675944,-13.006339,SPDR,regulatory.t
3598,18.214172,-6.242826,SPDR,regulatory.t
3599,7.653858,-15.342926,SPDR,regulatory.t
3600,5.451337,-13.958164,SPDR,regulatory.t
3601,5.020457,-14.857225,SPDR,regulatory.t
3602,6.227667,-12.478633,SPDR,regulatory.t
3603,11.038136,-13.683757,SPDR,regulatory.t
3604,2.7886107,-13.126893,SPDR,regulatory.t
3605,10.752597,-7.276387,SPDR,regulatory.t
3606,0.5217562,-15.684879,SPDR,regulatory.t
3607,6.641933,-11.875636,SPDR,regulatory.t
3608,11.322502,-6.284685,SPDR,regulatory.t
3609,0.3646919,-16.035929,SPDR,regulatory.t
3610,8.211525,-10.643561,SPDR,regulatory.t
3611,13.678423,-4.32178,SPDR,regulatory.t
3612,5.769898,-14.909434,SPDR,regulatory.t
3613,12.790577,-11.156337,SPDR,regulatory.t
3614,9.159399,-10.851433,SPDR,regulatory.t
3615,12.11336,-11.055345,SPDR,regulatory.t
3616,3.785026,-12.063579,SPDR,regulatory.t
3617,2.288049,-15.617163,SPDR,regulatory.t
3618,10.000279,-15.38663,SPDR,regulatory.t
3619,15.870267,-6.2572536,SPDR,regulatory.t
3620,0.46147537,-16.293375,SPDR,regulatory.t
3621,7.003316,-12.556703,SPDR,regulatory.t
3622,5.415546,-11.842051,SPDR,regulatory.t
3623,-0.004631216,-16.156836,SPDR,regulatory.t
3624,11.835465,-11.472511,SPDR,regulatory.t
3625,10.9766035,-14.22892,SPDR,regulatory.t
3626,11.616736,-10.89502,SPDR,regulatory.t
3627,6.835795,-13.211153,SPDR,regulatory.t
3628,2.1094613,-14.054937,SPDR,regulatory.t
3629,3.7243996,-15.083631,SPDR,regulatory.t
3630,7.906122,-13.161057,SPDR,regulatory.t
3631,6.178407,-13.054643,SPDR,regulatory.t
3632,4.865387,-10.197194,SPDR,regulatory.t
3633,6.71757,-13.620778,SPDR,regulatory.t
3634,8.970119,-13.684206,SPDR,regulatory.t
3635,8.57109,-13.299235,SPDR,regulatory.t
3636,5.227659,-14.91014,SPDR,regulatory.t
3637,11.634677,-15.115982,SPDR,regulatory.t
3638,5.8477807,-12.16947,SPDR,regulatory.t
3639,9.326641,-10.457369,SPDR,regulatory.t
3640,8.607982,-11.160032,SPDR,regulatory.t
3641,7.501533,-13.699939,SPDR,regulatory.t
3642,8.191608,-13.147739,SPDR,regulatory.t
3643,14.680325,-4.848941,SPDR,regulatory.t
3644,20.059076,3.2675016,SPDR,regulatory.t
3645,13.740975,-9.882287,SPDR,regulatory.t
3646,9.149727,-12.946262,SPDR,regulatory.t
3647,6.728035,-15.761893,SPDR,regulatory.t
3648,13.660487,-11.55202,SPDR,regulatory.t
3649,1.735389,-15.972475,SPDR,regulatory.t
3650,2.5306041,-12.258608,SPDR,regulatory.t
3651,-0.41226542,-16.208439,SPDR,regulatory.t
3652,7.060352,-12.016484,SPDR,regulatory.t
3653,13.131215,-3.0713925,SPDR,regulatory.t
3654,3.2891738,-17.927996,SPDR,regulatory.t
3655,5.7354207,-15.516143,SPDR,regulatory.t
3656,10.546295,-4.623977,SPDR,regulatory.t
3657,2.0944612,-15.825186,SPDR,regulatory.t
3658,10.805541,-13.657014,SPDR,regulatory.t
3659,8.621674,-8.762788,SPDR,regulatory.t
3660,14.988084,-6.567278,SPDR,regulatory.t
3661,11.717269,-3.1000743,SPDR,regulatory.t
3662,10.561995,-11.139517,SPDR,regulatory.t
3663,7.8759813,-13.644997,SPDR,regulatory.t
3664,11.184408,-7.3857594,SPDR,regulatory.t
3665,10.5818205,-12.54606,SPDR,regulatory.t
3666,4.5341134,-11.963049,SPDR,regulatory.t
3667,2.5002334,-11.358536,SPDR,regulatory.t
3668,13.064366,-3.774919,SPDR,regulatory.t
3669,9.451588,-7.5865474,SPDR,regulatory.t
3670,8.885601,-14.1068735,SPDR,regulatory.t
3671,15.425868,-3.9628766,SPDR,regulatory.t
3672,4.6604247,-16.240831,SPDR,regulatory.t
3673,5.9140315,-11.079782,SPDR,regulatory.t
3674,5.426624,-11.886657,SPDR,regulatory.t
3675,10.839432,-7.6510725,SPDR,regulatory.t
3676,6.2859683,-12.933132,SPDR,regulatory.t
3677,6.611272,-13.493386,SPDR,regulatory.t
3678,5.746598,-14.354802,SPDR,regulatory.t
3679,13.070329,-8.217328,SPDR,regulatory.t
3680,10.146698,-4.5345564,SPDR,regulatory.t
3681,6.5314546,-8.060886,SPDR,regulatory.t
3682,15.898891,-6.760872,SPDR,regulatory.t
3683,9.496666,-14.018517,SPDR,regulatory.t
3684,7.346983,-8.058806,SPDR,regulatory.t
3685,8.793646,-10.953673,SPDR,regulatory.t
3686,5.077069,-12.477691,SPDR,regulatory.t
3687,7.5389953,-12.327881,SPDR,regulatory.t
3688,6.883671,-13.23573,SPDR,regulatory.t
3689,6.8535547,-8.649369,SPDR,regulatory.t
3690,15.294518,-7.052743,SPDR,regulatory.t
3691,7.923058,-13.870437,SPDR,regulatory.t
3692,12.496196,-10.367227,SPDR,regulatory.t
3693,11.404313,-13.016138,SPDR,regulatory.t
3694,9.187019,-14.115906,SPDR,regulatory.t
3695,3.7889078,-12.303851,SPDR,regulatory.t
3696,6.052237,-16.28522,SPDR,regulatory.t
3697,8.857119,-9.387751,SPDR,regulatory.t
3698,6.4589024,-16.86411,SPDR,regulatory.t
3699,17.037344,-6.4699554,SPDR,regulatory.t
3700,12.044862,-8.678585,SPDR,regulatory.t
3701,9.245103,-10.849674,SPDR,regulatory.t
3702,8.160899,-10.255987,SPDR,regulatory.t
3703,12.823661,-10.456042,SPDR,regulatory.t
3704,12.209933,-4.573188,SPDR,regulatory.t
3705,13.156216,-11.584004,SPDR,regulatory.t
3706,11.478986,-4.9895983,SPDR,regulatory.t
3707,11.891599,-8.918974,SPDR,regulatory.t
3708,16.891342,-10.209135,SPDR,regulatory.t
3709,12.158031,-2.8401997,SPDR,regulatory.t
3710,12.505069,-11.48003,SPDR,regulatory.t
3711,9.711259,-11.617409,SPDR,regulatory.t
3712,14.758346,-3.865219,SPDR,regulatory.t
3713,14.259841,-7.956775,SPDR,regulatory.t
3714,8.248406,-12.511633,SPDR,regulatory.t
3715,1.1072725,-16.48988,SPDR,regulatory.t
3716,6.0497675,-10.05224,SPDR,regulatory.t
3717,5.2353015,-15.634894,SPDR,regulatory.t
3718,10.415381,-4.125883,SPDR,regulatory.t
3719,12.10616,-12.598246,SPDR,regulatory.t
3720,2.1197684,-17.150944,SPDR,regulatory.t
3721,7.065774,-12.825133,SPDR,regulatory.t
3722,8.487122,-8.602731,SPDR,regulatory.t
3723,8.411374,-10.434849,SPDR,regulatory.t
3724,12.278324,-9.321164,SPDR,regulatory.t
3725,9.234714,-12.932641,SPDR,regulatory.t
3726,7.3143177,-12.394394,SPDR,regulatory.t
3727,13.07915,-6.2555547,SPDR,regulatory.t
3728,8.302228,-14.836006,SPDR,regulatory.t
3729,6.556509,-13.472016,SPDR,regulatory.t
3730,8.576086,-12.539931,SPDR,regulatory.t
3731,6.2453837,-13.628535,SPDR,regulatory.t
3732,14.90828,-9.125994,SPDR,regulatory.t
3733,9.331188,-14.097557,SPDR,regulatory.t
3734,12.713082,-3.5531192,SPDR,regulatory.t
3735,9.379866,-8.672937,SPDR,regulatory.t
3736,7.1758733,-15.250522,SPDR,regulatory.t
3737,13.641599,-12.442396,SPDR,regulatory.t
3738,1.1390564,-15.876271,SPDR,regulatory.t
3739,7.1016316,-13.846418,SPDR,regulatory.t
3740,8.021495,-13.96907,SPDR,regulatory.t
3741,8.544796,-10.376654,SPDR,regulatory.t
3742,-1.33747,-16.053734,SPDR,regulatory.t
3743,14.079467,-7.232883,SPDR,regulatory.t
3744,4.6813345,-13.785547,SPDR,regulatory.t
3745,16.16997,-12.7699995,SPDR,regulatory.t
3746,8.81305,-5.5259237,SPDR,regulatory.t
3747,14.233613,-3.0462592,SPDR,regulatory.t
3748,7.798168,-12.947127,SPDR,regulatory.t
3749,9.153376,-13.774738,SPDR,regulatory.t
3750,5.7017365,-16.17995,SPDR,regulatory.t
3751,7.4695754,-12.791123,SPDR,regulatory.t
3752,3.440161,-12.086142,SPDR,regulatory.t
3753,7.561007,-12.74403,SPDR,regulatory.t
3754,-0.19579902,-16.041048,SPDR,regulatory.t
3755,5.1454883,-13.930025,SPDR,regulatory.t
3756,3.8664746,-12.19808,SPDR,regulatory.t
3757,6.7627788,-15.648088,SPDR,regulatory.t
3758,7.527129,-14.079732,SPDR,regulatory.t
3759,4.5923944,-17.976412,SPDR,regulatory.t
3760,6.861614,-13.948884,SPDR,regulatory.t
3761,15.3785515,-1.5073385,SPDR,regulatory.t
3762,10.558471,-15.416108,SPDR,regulatory.t
3763,10.166952,-2.3633528,SPDR,regulatory.t
3764,8.800112,-11.181496,SPDR,regulatory.t
3765,9.544954,-11.808119,SPDR,regulatory.t
3766,9.876799,-13.941155,SPDR,regulatory.t
3767,21.13199,2.2096114,SPDR,regulatory.t
3768,5.66313,-11.657439,SPDR,regulatory.t
3769,10.2542,-14.85715,SPDR,regulatory.t
3770,9.213087,-13.447809,SPDR,regulatory.t
3771,3.3246915,-13.526322,SPDR,regulatory.t
3772,8.514433,-12.034295,SPDR,regulatory.t
3773,10.69905,-13.990634,SPDR,regulatory.t
3774,3.8737614,-13.902078,SPDR,regulatory.t
3775,12.93424,-10.907878,SPDR,regulatory.t
3776,11.504581,-3.6748438,SPDR,regulatory.t
3777,6.9473805,-11.732053,SPDR,regulatory.t
3778,9.467149,-12.99569,SPDR,regulatory.t
3779,3.1127765,-13.362016,SPDR,regulatory.t
3780,11.432636,-12.748654,SPDR,regulatory.t
3781,-0.053217918,-14.660224,SPDR,regulatory.t
3782,19.590708,-7.107299,SPDR,regulatory.t
3783,10.464392,-3.8042665,SPDR,regulatory.t
3784,16.503302,-6.2297025,SPDR,regulatory.t
3785,9.974017,-12.658649,SPDR,regulatory.t
3786,5.6285286,-12.811774,SPDR,regulatory.t
3787,16.433508,-8.866907,SPDR,regulatory.t
3788,8.195892,-8.117174,SPDR,regulatory.t
3789,11.690739,-4.6451864,SPDR,regulatory.t
3790,8.14747,-8.735487,SPDR,regulatory.t
3791,8.843418,-9.063115,SPDR,regulatory.t
3792,11.118429,-9.001274,SPDR,regulatory.t
3793,8.428873,-15.961619,SPDR,regulatory.t
3794,4.092499,-13.176449,SPDR,regulatory.t
3795,6.4037104,-10.243959,SPDR,regulatory.t
3796,6.814723,-11.59725,SPDR,regulatory.t
3797,8.09374,-13.013498,SPDR,regulatory.t
3798,5.40245,-13.368611,SPDR,regulatory.t
3799,7.4656854,-14.923844,SPDR,regulatory.t
3800,12.753788,-11.838749,SPDR,regulatory.t
3801,9.2177725,-9.578681,SPDR,regulatory.t
3802,9.29707,-13.385503,SPDR,regulatory.t
3803,10.312361,-11.591528,SPDR,regulatory.t
3804,9.772491,-16.001171,SPDR,regulatory.t
3805,12.838961,-4.9913125,SPDR,regulatory.t
3806,10.5255,-11.158959,SPDR,regulatory.t
3807,12.720032,-9.983363,SPDR,regulatory.t
3808,5.428223,-11.511457,SPDR,regulatory.t
3809,18.945799,4.6693497,SPDR,regulatory.t
3810,12.907014,-3.9310467,SPDR,regulatory.t
3811,12.5363455,-10.941802,SPDR,regulatory.t
3812,16.83536,-6.23666,SPDR,regulatory.t
3813,5.6074576,-14.938051,SPDR,regulatory.t
3814,10.147946,-10.850901,SPDR,regulatory.t
3815,8.797106,-11.819605,SPDR,regulatory.t
3816,7.0256696,-11.372134,SPDR,regulatory.t
3817,13.74391,-9.897931,SPDR,regulatory.t
3818,16.580551,-7.4838905,SPDR,regulatory.t
3819,14.047253,-7.4293694,SPDR,regulatory.t
3820,8.692245,-11.250789,SPDR,regulatory.t
3821,10.53865,-6.8417563,SPDR,regulatory.t
3822,12.933657,-3.5925577,SPDR,regulatory.t
3823,13.59307,-15.535583,SPDR,regulatory.t
3824,8.825495,-8.161272,SPDR,regulatory.t
3825,1.8200414,-16.307182,SPDR,regulatory.t
3826,2.1833937,-17.244566,SPDR,regulatory.t
3827,4.340114,-12.566986,SPDR,regulatory.t
3828,-0.8816072,-16.379478,SPDR,regulatory.t
3829,9.23093,-11.66414,SPDR,regulatory.t
3830,13.402623,-9.203206,SPDR,regulatory.t
3831,13.354431,-10.992657,SPDR,regulatory.t
3832,6.873892,-15.038151,SPDR,regulatory.t
3833,-0.46975884,-15.565272,SPDR,regulatory.t
3834,14.96134,-7.1051154,SPDR,regulatory.t
3835,8.597353,-9.829641,SPDR,regulatory.t
3836,4.5762844,-16.532866,SPDR,regulatory.t
3837,0.5528296,-15.4927435,SPDR,regulatory.t
3838,12.051261,-12.954801,SPDR,regulatory.t
3839,8.082067,-11.423983,SPDR,regulatory.t
3840,8.784421,-11.684893,SPDR,regulatory.t
3841,14.919085,-5.797646,SPDR,regulatory.t
3842,9.195427,-7.733998,SPDR,regulatory.t
3843,13.3115835,-6.8697853,SPDR,regulatory.t
3844,2.9253414,-14.490634,SPDR,regulatory.t
3845,9.233979,-13.969982,SPDR,regulatory.t
3846,3.144587,-15.225932,SPDR,regulatory.t
3847,10.922124,-13.665578,SPDR,regulatory.t
3848,9.010818,-13.883533,SPDR,regulatory.t
3849,14.548022,-3.2848942,SPDR,regulatory.t
3850,12.794021,-12.166303,SPDR,regulatory.t
3851,16.620516,-1.0966872,SPDR,regulatory.t
3852,-0.19125389,-16.284739,SPDR,regulatory.t
3853,9.862344,-13.060102,SPDR,regulatory.t
3854,-0.15778376,-16.083199,SPDR,regulatory.t
3855,15.092379,-10.153417,SPDR,regulatory.t
3856,2.870928,-14.297598,SPDR,regulatory.t
3857,11.652507,-12.283721,SPDR,regulatory.t
3858,6.1748495,-12.418717,SPDR,regulatory.t
3859,3.501459,-16.509445,SPDR,regulatory.t
3860,9.787719,-7.631569,SPDR,regulatory.t
3861,17.90206,-5.4254775,SPDR,regulatory.t
3862,9.942304,-11.6308565,SPDR,regulatory.t
3863,12.031879,-5.4983883,SPDR,regulatory.t
3864,5.7135053,-15.403627,SPDR,regulatory.t
3865,4.285383,-12.735964,SPDR,regulatory.t
3866,10.371727,-10.369271,SPDR,regulatory.t
3867,9.284625,-13.869598,SPDR,regulatory.t
3868,4.765373,-15.8483925,SPDR,regulatory.t
3869,13.57462,-6.156732,SPDR,regulatory.t
3870,10.933331,-13.8411455,SPDR,regulatory.t
3871,14.471857,-12.628083,SPDR,regulatory.t
3872,11.379664,-3.4866855,SPDR,regulatory.t
3873,0.81446844,-15.929227,SPDR,regulatory.t
3874,7.411192,-12.7242365,SPDR,regulatory.t
3875,11.176908,-12.105229,SPDR,regulatory.t
3876,19.51507,-2.8327758,SPDR,regulatory.t
3877,7.045784,-15.593595,SPDR,regulatory.t
3878,8.221341,-12.572015,SPDR,regulatory.t
3879,9.172243,-7.2041726,SPDR,regulatory.t
3880,14.739076,-5.3231764,SPDR,regulatory.t
3881,10.206306,-7.1972256,SPDR,regulatory.t
3882,10.876604,-12.999688,SPDR,regulatory.t
3883,8.608021,-12.143071,SPDR,regulatory.t
3884,8.530949,-12.990986,SPDR,regulatory.t
3885,8.61923,-11.947859,SPDR,regulatory.t
3886,-0.480927,-15.138146,SPDR,regulatory.t
3887,3.451745,-15.836447,SPDR,regulatory.t
3888,9.564059,-13.787434,SPDR,regulatory.t
3889,2.8051918,-13.262388,SPDR,regulatory.t
3890,7.0933676,-11.433147,SPDR,regulatory.t
3891,5.7539225,-15.658024,SPDR,regulatory.t
3892,10.325313,-12.167683,SPDR,regulatory.t
3893,15.897776,-4.4463973,SPDR,regulatory.t
3894,6.7199473,-13.49829,SPDR,regulatory.t
3895,8.910398,-12.635914,SPDR,regulatory.t
3896,0.29228973,-15.934777,SPDR,regulatory.t
3897,11.687675,-5.738267,SPDR,regulatory.t
3898,10.068551,-5.3285027,SPDR,regulatory.t
3899,9.089234,-8.712307,SPDR,regulatory.t
3900,5.3413825,-12.931792,SPDR,regulatory.t
3901,11.1034775,-14.257445,SPDR,regulatory.t
3902,10.048408,-12.338144,SPDR,regulatory.t
3903,3.878503,-12.040764,SPDR,regulatory.t
3904,6.9098277,-13.55877,SPDR,regulatory.t
3905,10.627953,-12.587977,SPDR,regulatory.t
3906,19.071644,2.335554,SPDR,regulatory.t
3907,15.031194,-5.0022583,SPDR,regulatory.t
3908,12.657861,-7.719375,SPDR,regulatory.t
3909,3.9810295,-13.700699,SPDR,regulatory.t
3910,9.001367,-12.875548,SPDR,regulatory.t
3911,10.548334,-6.9422383,SPDR,regulatory.t
3912,11.113525,-7.503598,SPDR,regulatory.t
3913,7.2728963,-13.04057,SPDR,regulatory.t
3914,17.384485,-6.414478,SPDR,regulatory.t
3915,8.070354,-14.935608,SPDR,regulatory.t
3916,5.6390066,-14.000353,SPDR,regulatory.t
3917,6.2730837,-11.468555,SPDR,regulatory.t
3918,7.8100305,-12.429964,SPDR,regulatory.t
3919,8.8944845,-11.951734,SPDR,regulatory.t
3920,7.6815057,-14.67853,SPDR,regulatory.t
3921,6.631164,-13.406227,SPDR,regulatory.t
3922,6.1107783,-12.779782,SPDR,regulatory.t
3923,4.092153,-17.88218,SPDR,regulatory.t
3924,14.528189,-1.6006562,SPDR,regulatory.t
3925,6.4535923,-11.535791,SPDR,regulatory.t
3926,3.7656999,-12.940141,SPDR,regulatory.t
3927,10.352247,-13.155863,SPDR,regulatory.t
3928,8.57236,-12.211223,SPDR,regulatory.t
3929,9.169421,-13.56584,SPDR,regulatory.t
3930,9.326258,-12.713091,SPDR,regulatory.t
3931,5.6089196,-15.2288885,SPDR,regulatory.t
3932,7.533347,-12.596647,SPDR,regulatory.t
3933,6.24884,-12.506682,SPDR,regulatory.t
3934,6.6729093,-13.024703,SPDR,regulatory.t
3935,9.76343,-5.410566,SPDR,regulatory.t
3936,14.479731,-6.3050857,SPDR,regulatory.t
3937,11.126055,-10.735663,SPDR,regulatory.t
3938,16.385014,-0.6024945,SPDR,regulatory.t
3939,16.267496,-5.819279,SPDR,regulatory.t
3940,9.944959,-10.398104,SPDR,regulatory.t
3941,13.774509,-8.4062195,SPDR,regulatory.t
3942,5.5048466,-14.218323,SPDR,regulatory.t
3943,10.084724,-13.282382,SPDR,regulatory.t
3944,-0.018331548,-15.771729,SPDR,regulatory.t
3945,15.097076,1.4693255,SPDR,regulatory.t
3946,10.164906,-12.088035,SPDR,regulatory.t
3947,7.448076,-13.624612,SPDR,regulatory.t
3948,11.612391,-9.65925,SPDR,regulatory.t
3949,1.0906315,-15.717385,SPDR,regulatory.t
3950,13.892294,-6.707682,SPDR,regulatory.t
3951,5.8104696,-14.72829,SPDR,regulatory.t
3952,4.5006456,-12.822887,SPDR,regulatory.t
3953,7.9237595,-13.664642,SPDR,regulatory.t
3954,1.6634313,-15.933009,SPDR,regulatory.t
3955,17.64112,-11.085375,SPDR,regulatory.t
3956,6.4126167,-11.589952,SPDR,regulatory.t
3957,14.104343,-8.175067,SPDR,regulatory.t
3958,11.255517,-4.1365137,SPDR,regulatory.t
3959,6.1196523,-12.254416,SPDR,regulatory.t
3960,7.4420075,-11.41731,SPDR,regulatory.t
3961,4.9477577,-11.790557,SPDR,regulatory.t
3962,6.952625,-10.686389,SPDR,regulatory.t
3963,12.238477,-13.300585,SPDR,regulatory.t
3964,11.207433,-11.655926,SPDR,regulatory.t
3965,8.287369,-14.298092,SPDR,regulatory.t
3966,8.138417,-12.51376,SPDR,regulatory.t
3967,0.8360697,-16.495056,SPDR,regulatory.t
3968,6.342973,-12.892288,SPDR,regulatory.t
3969,10.454744,-12.518905,SPDR,regulatory.t
3970,12.345986,-3.990164,SPDR,regulatory.t
3971,10.134216,-5.667066,SPDR,regulatory.t
3972,10.274338,-15.117957,SPDR,regulatory.t
3973,5.2532034,-16.164204,SPDR,regulatory.t
3974,-0.3332344,-16.298481,SPDR,regulatory.t
3975,15.829745,-1.4199883,SPDR,regulatory.t
3976,6.0010986,-15.883735,SPDR,regulatory.t
3977,14.679107,-6.7476563,SPDR,regulatory.t
3978,11.59864,-3.1823738,SPDR,regulatory.t
3979,8.554979,-12.271898,SPDR,regulatory.t
3980,16.856436,-6.826208,SPDR,regulatory.t
3981,14.220879,-3.5060017,SPDR,regulatory.t
3982,15.850038,-4.438734,SPDR,regulatory.t
3983,12.759525,-0.7143358,SPDR,regulatory.t
3984,5.7574844,-13.202672,SPDR,regulatory.t
3985,10.159303,-13.491287,SPDR,regulatory.t
3986,19.351902,-7.1661034,SPDR,regulatory.t
3987,17.259268,-9.334517,SPDR,regulatory.t
3988,-0.06280352,-15.706612,SPDR,regulatory.t
3989,10.439181,-13.13496,SPDR,regulatory.t
3990,11.847145,-2.4371371,SPDR,regulatory.t
3991,5.630593,-11.864335,SPDR,regulatory.t
3992,9.074424,-10.562469,SPDR,regulatory.t
3993,14.148715,-0.9504843,SPDR,regulatory.t
0,-10.5272695900271,-37.4922890354816,SSNMDI,b.cells
1,3.20923049784106,-14.8630725579099,SSNMDI,b.cells
2,6.05557000800991,-27.8982473516053,SSNMDI,b.cells
3,2.19830762277946,-28.4628066352382,SSNMDI,b.cells
4,8.24716821327859,-21.1575209361004,SSNMDI,b.cells
5,50.0402620533743,-3.46428307229647,SSNMDI,b.cells
6,46.9963318091334,-21.7254759011878,SSNMDI,b.cells
7,-9.3675303423589,-38.5065417208315,SSNMDI,b.cells
8,-0.822578969492787,-22.0004120185324,SSNMDI,b.cells
9,33.3005529154653,-5.37972835890491,SSNMDI,b.cells
10,-15.3986306434118,27.1534280220177,SSNMDI,b.cells
11,6.80671774094388,-21.6251881275455,SSNMDI,b.cells
12,-14.5355472316534,27.1487795179843,SSNMDI,b.cells
13,-14.1622070313159,-32.9272523683914,SSNMDI,b.cells
14,54.5637497865593,-9.56024340724603,SSNMDI,b.cells
15,49.7954754826378,-4.66650335731617,SSNMDI,b.cells
16,-9.90043442805192,-31.3045100937186,SSNMDI,b.cells
17,52.5856208817437,-15.4360948949702,SSNMDI,b.cells
18,-1.01173486869379,-22.8191560644182,SSNMDI,b.cells
19,15.8117520344054,3.85927697806062,SSNMDI,b.cells
20,3.20395569334284,-27.9930348452467,SSNMDI,b.cells
21,3.43571174326568,-15.1683355764118,SSNMDI,b.cells
22,4.20615624658999,-29.5116276284302,SSNMDI,b.cells
23,-9.39145436635353,-37.9414037376884,SSNMDI,b.cells
24,5.82414599204341,-26.3910969674075,SSNMDI,b.cells
25,53.5322341435374,-18.2897229827839,SSNMDI,b.cells
26,4.67215790443557,-29.6437387031383,SSNMDI,b.cells
27,48.552259312907,-3.18279346281706,SSNMDI,b.cells
28,-18.3605865976054,-36.6176539322516,SSNMDI,b.cells
29,34.7677394676409,-5.52266747286276,SSNMDI,b.cells
30,-12.3982556136848,28.118618257277,SSNMDI,b.cells
31,-1.69373221594934,-23.4934768666271,SSNMDI,b.cells
32,51.7869966563801,20.3044619734793,SSNMDI,b.cells
33,47.1419926499147,-2.59652860648373,SSNMDI,b.cells
34,1.54247011410535,-22.5969036170306,SSNMDI,b.cells
35,-10.5819114696446,-39.4564339809815,SSNMDI,b.cells
36,-1.83808779469947,-23.1179340598616,SSNMDI,b.cells
37,52.9059198748655,-16.8864628775881,SSNMDI,b.cells
38,5.95480697999205,-19.266999692768,SSNMDI,b.cells
39,-9.68796372649162,-35.8440141806158,SSNMDI,b.cells
40,-23.0546201076217,-37.3438328090513,SSNMDI,b.cells
41,-9.67934435428637,-37.810685189684,SSNMDI,b.cells
42,-10.2268725950485,-38.7633703699801,SSNMDI,b.cells
43,48.4749569530894,-2.75968571104444,SSNMDI,b.cells
44,11.2005115231452,31.3331093957031,SSNMDI,b.cells
45,6.93315376862541,-19.7139467439482,SSNMDI,b.cells
46,2.91490068175697,-30.4637331013966,SSNMDI,b.cells
47,46.3625700980991,-2.02914621688245,SSNMDI,b.cells
48,51.5977984718525,-5.94526416184543,SSNMDI,b.cells
49,46.5332094758946,-21.8678358785482,SSNMDI,b.cells
50,52.9645451886511,16.0112500464388,SSNMDI,b.cells
51,4.91537726846337,-25.4353939806224,SSNMDI,b.cells
52,-19.8796255000963,-38.3877814241287,SSNMDI,b.cells
53,29.0213099524321,-0.722509187912294,SSNMDI,b.cells
54,1.76564389166711,-22.6901239936592,SSNMDI,b.cells
55,52.6815299498742,18.3284126513849,SSNMDI,b.cells
56,56.1273346199531,-11.3045834673329,SSNMDI,b.cells
57,-13.7673471721107,-32.6555501278871,SSNMDI,b.cells
58,-13.2009834189201,-32.4298133508829,SSNMDI,b.cells
59,5.56367085851352,-26.8006306492816,SSNMDI,b.cells
60,5.58875876222708,-19.0240224738018,SSNMDI,b.cells
61,53.2191338752792,-17.9705396579682,SSNMDI,b.cells
62,53.4476015067711,-18.7650147913091,SSNMDI,b.cells
63,-12.3616508014893,28.0747495928897,SSNMDI,b.cells
64,48.3191517328537,-3.32119548093716,SSNMDI,b.cells
65,7.60660748296847,-29.6748959460524,SSNMDI,b.cells
66,-13.5693715112304,27.8380575648475,SSNMDI,b.cells
67,-1.04659888184992,-23.2485442224764,SSNMDI,b.cells
68,43.3560731124831,28.5627057248521,SSNMDI,b.cells
69,53.2178573955838,15.0098423459113,SSNMDI,b.cells
70,-15.2609918126755,26.8860271666446,SSNMDI,b.cells
71,0.989857010545342,-19.0997506703913,SSNMDI,b.cells
72,55.1854682358262,-13.2489950832369,SSNMDI,b.cells
73,45.7582329744528,26.2655358059125,SSNMDI,b.cells
74,4.61015508548291,-28.1370088148614,SSNMDI,b.cells
75,-12.4581166916718,-35.4796436579496,SSNMDI,b.cells
76,50.3186180041621,22.2619800135157,SSNMDI,b.cells
77,42.9467384380204,28.6362192484644,SSNMDI,b.cells
78,1.6643464483016,-24.8089720938998,SSNMDI,b.cells
79,-16.6064053068749,-39.1440337397011,SSNMDI,b.cells
80,-10.758480733075,-38.7662986610845,SSNMDI,b.cells
81,54.5801210882348,-15.0582978583898,SSNMDI,b.cells
82,50.2080471670497,-20.5118208402824,SSNMDI,b.cells
83,54.6576439927189,-8.83165069755668,SSNMDI,b.cells
84,-19.1397815790507,-38.6819047461247,SSNMDI,b.cells
85,-10.548631170659,-34.916319091887,SSNMDI,b.cells
86,55.3200330111391,-13.9156314628366,SSNMDI,b.cells
87,-27.0654387494733,-33.1920515837678,SSNMDI,b.cells
88,45.9791106995754,-2.0090187835555,SSNMDI,b.cells
89,53.8844211169257,-17.9151263327456,SSNMDI,b.cells
90,2.25029130631633,-26.4575561663259,SSNMDI,b.cells
91,1.55349428559194,-27.1917980960065,SSNMDI,b.cells
92,-13.1391171611182,-36.9263731732561,SSNMDI,b.cells
93,7.68109316294741,38.1839061451281,SSNMDI,b.cells
94,51.7250694228111,-19.818688379253,SSNMDI,b.cells
95,-12.5646152808898,28.1830187334304,SSNMDI,b.cells
96,44.984257455475,27.0984173667631,SSNMDI,b.cells
97,53.0342831612139,15.2193203018632,SSNMDI,b.cells
98,8.00722123820489,-28.5892591346001,SSNMDI,b.cells
99,-0.557666654303865,-22.1471472835966,SSNMDI,b.cells
100,5.7937993828301,-30.9582332487906,SSNMDI,b.cells
101,-9.4202577126337,-32.5702513960291,SSNMDI,b.cells
102,46.413029250068,25.1434053795448,SSNMDI,b.cells
103,-15.3047553540417,26.5122218338485,SSNMDI,b.cells
104,50.8526292827833,-20.426676573687,SSNMDI,b.cells
105,-0.670703568294204,-23.0888388362654,SSNMDI,b.cells
106,44.2266853318135,27.884691453856,SSNMDI,b.cells
107,5.67918722508677,-29.1874744220835,SSNMDI,b.cells
108,53.1989570493937,-6.70453589501444,SSNMDI,b.cells
109,-13.3021843895653,27.7876588819436,SSNMDI,b.cells
110,52.9879507427872,18.6748225921214,SSNMDI,b.cells
111,55.399041047004,-10.5172684428096,SSNMDI,b.cells
112,2.8926024629178,-19.0494140046847,SSNMDI,b.cells
113,-23.4025448233499,-37.1061815315545,SSNMDI,b.cells
114,4.30901734006298,-24.4223294554154,SSNMDI,b.cells
115,53.4330746630812,-16.3559080327382,SSNMDI,b.cells
116,0.0553691803081039,-23.6953930738469,SSNMDI,b.cells
117,46.5567562748781,25.6094453292329,SSNMDI,b.cells
118,6.41244077013774,-27.7122652931783,SSNMDI,b.cells
119,-11.8982074901613,-36.1875903745224,SSNMDI,b.cells
120,3.8229740628133,-18.3732803730793,SSNMDI,b.cells
121,55.0512962170437,-10.426536568677,SSNMDI,b.cells
122,-23.2643585892876,24.1496175084387,SSNMDI,b.cells
123,-11.9531821352078,-38.2821049767509,SSNMDI,b.cells
124,51.749622301271,-18.8207141477428,SSNMDI,b.cells
125,-27.4548670415165,-32.8816868107028,SSNMDI,b.cells
126,-11.2222164163241,-41.3862890958389,SSNMDI,b.cells
127,5.39603406841328,-15.7117540590102,SSNMDI,b.cells
128,44.6126961576974,27.5284759807221,SSNMDI,b.cells
129,51.8362525114452,-5.29952878706623,SSNMDI,b.cells
130,44.5942406307213,27.4300140013337,SSNMDI,b.cells
131,3.03607551413814,-14.4157878316209,SSNMDI,b.cells
132,-15.1002473035774,-38.6471959774503,SSNMDI,b.cells
133,6.46921819020156,-25.449906594546,SSNMDI,b.cells
134,53.0899810519845,15.4929873930065,SSNMDI,b.cells
135,-28.6504092869769,29.2978551463797,SSNMDI,b.cells
136,0.163275227423053,-0.318645697556073,SSNMDI,b.cells
137,49.5177887991447,23.0317769107768,SSNMDI,b.cells
138,-18.2590832107752,26.2416386812315,SSNMDI,b.cells
139,-6.69237453969778,-38.3952186780641,SSNMDI,b.cells
140,3.59578822444887,-27.0430852522164,SSNMDI,b.cells
141,-12.0849625531718,-37.0486375275236,SSNMDI,b.cells
142,-13.5279906332828,27.8118051155966,SSNMDI,b.cells
143,1.75140557673732,-29.3761006673368,SSNMDI,b.cells
144,2.47106587245969,-26.3517696591327,SSNMDI,b.cells
145,3.29190102758365,-16.0056965384836,SSNMDI,b.cells
146,-17.0950878504493,-43.0397389003858,SSNMDI,b.cells
147,-10.814565495233,-30.5144870780874,SSNMDI,b.cells
148,44.8739138197777,27.2175371583339,SSNMDI,b.cells
149,55.4026298284398,-13.5870466299822,SSNMDI,b.cells
150,-7.09761488697485,-39.0697454690331,SSNMDI,b.cells
151,53.0691660761512,17.6119446692645,SSNMDI,b.cells
152,52.9093278499293,17.1163863256651,SSNMDI,b.cells
153,-6.79349854064397,-38.7280543313651,SSNMDI,b.cells
154,49.2519959901783,23.0629332874114,SSNMDI,b.cells
155,4.53446240394836,-29.4300607187878,SSNMDI,b.cells
156,-0.0448301915940642,0.177932624628837,SSNMDI,b.cells
157,54.6074636050309,-16.2558905019964,SSNMDI,b.cells
158,32.3863036537407,-3.56994147430298,SSNMDI,b.cells
159,-9.58310694180318,-38.2386403068411,SSNMDI,b.cells
160,32.1241138420532,-3.41991412281855,SSNMDI,b.cells
161,-13.0977753541859,-40.3222802369754,SSNMDI,b.cells
162,45.2878400829497,26.8011540046382,SSNMDI,b.cells
163,-15.2035306904409,-38.8409440744113,SSNMDI,b.cells
164,49.0227177958879,23.2216332001053,SSNMDI,b.cells
165,-0.867234547040219,-22.1463817734618,SSNMDI,b.cells
166,53.3223155636088,14.1874726283357,SSNMDI,b.cells
167,49.1509709717075,23.3110665252151,SSNMDI,b.cells
168,3.09856991546836,-14.6557112850432,SSNMDI,b.cells
169,46.178054855451,25.7912800309505,SSNMDI,b.cells
170,25.1123803507024,1.4525126573696,SSNMDI,b.cells
171,3.60732326407772,-22.700737352768,SSNMDI,b.cells
172,-18.2690762703974,-37.6988840616662,SSNMDI,b.cells
173,43.7180883685368,28.3348631697789,SSNMDI,b.cells
174,49.9571907107167,-3.6090686928225,SSNMDI,b.cells
175,3.45183231210874,-16.0045564921632,SSNMDI,b.cells
176,-19.5034515188805,-39.680441708348,SSNMDI,b.cells
177,47.341305563253,-2.75807590831353,SSNMDI,b.cells
178,6.33970506268316,-28.466045290142,SSNMDI,b.cells
179,-24.8923500958872,-35.9638072558863,SSNMDI,b.cells
180,-12.5948193684411,-34.2788367729054,SSNMDI,b.cells
181,55.0419297628642,-10.0909823580382,SSNMDI,b.cells
182,3.96509878252875,-23.9788925416871,SSNMDI,b.cells
183,53.2422346796889,-18.0949782542904,SSNMDI,b.cells
184,4.22705073428872,-26.2072609865194,SSNMDI,b.cells
185,47.7868774616168,-2.52508508918102,SSNMDI,b.cells
186,-10.4430392992291,-38.515346413976,SSNMDI,b.cells
187,-23.5538590214434,-37.0385847448868,SSNMDI,b.cells
188,7.00284895848739,-26.4241426788676,SSNMDI,b.cells
189,53.8922619703125,-7.77395716998564,SSNMDI,b.cells
190,6.26212843042393,-26.8458549139217,SSNMDI,b.cells
191,-15.5492432367298,-39.2998716752833,SSNMDI,b.cells
192,-7.61157383615534,-37.7000452273166,SSNMDI,b.cells
193,2.90311776050719,-17.3654632413733,SSNMDI,b.cells
194,53.1400683339778,14.233571078925,SSNMDI,b.cells
195,-0.952403308444337,-22.6888604810316,SSNMDI,b.cells
196,50.9080783253678,-5.11021089259729,SSNMDI,b.cells
197,-15.4589110069804,-37.6876825418624,SSNMDI,b.cells
198,51.5980470813125,-5.59215006815157,SSNMDI,b.cells
199,7.37784957994715,-29.9963776516034,SSNMDI,b.cells
200,7.39942452082137,-29.3644886580287,SSNMDI,b.cells
201,29.7371860823256,-1.76546570545618,SSNMDI,b.cells
202,3.07556282803839,-14.3496711154168,SSNMDI,b.cells
203,-0.258710228254894,-23.7223102929515,SSNMDI,b.cells
204,-2.01179354030778,-24.513253226875,SSNMDI,b.cells
205,-13.0952244891995,27.8036701888735,SSNMDI,b.cells
206,-9.52739347619355,-36.2474947285318,SSNMDI,b.cells
207,51.8440325356412,-19.377729350944,SSNMDI,b.cells
208,52.4394654858328,20.7352464819305,SSNMDI,b.cells
209,4.53729528078745,-19.1227516007726,SSNMDI,b.cells
210,55.4313661210477,-12.1943966168927,SSNMDI,b.cells
211,-6.73154377932856,-38.2894680174551,SSNMDI,b.cells
212,55.1409820292745,-11.6511705922108,SSNMDI,b.cells
213,50.5838241493037,-4.72441453833357,SSNMDI,b.cells
214,-16.8861383950351,-40.9395412192444,SSNMDI,b.cells
215,3.54697198492565,-21.4275373244968,SSNMDI,b.cells
216,52.1168245953504,-18.5142341512204,SSNMDI,b.cells
217,53.4892226149393,17.5298000014626,SSNMDI,b.cells
218,-15.2345379576368,-40.3915060147267,SSNMDI,b.cells
219,2.31931107538134,-24.900283755249,SSNMDI,b.cells
220,54.9401620065934,-8.55935285861428,SSNMDI,b.cells
221,50.0707151330689,-20.5957508396599,SSNMDI,b.cells
222,-27.6640470270329,-32.6441924011977,SSNMDI,b.cells
223,-14.4972593476158,-32.9197736880634,SSNMDI,b.cells
224,49.7998728955752,22.7139847076796,SSNMDI,b.cells
225,7.45992677215798,-30.9817746906538,SSNMDI,b.cells
226,-16.3218443992623,-35.8931944746824,SSNMDI,b.cells
227,51.6737285895133,-5.92257600847269,SSNMDI,b.cells
228,55.9051368101549,-10.4743032079167,SSNMDI,b.cells
229,47.5567317689333,-21.4884570744874,SSNMDI,b.cells
230,52.6259800141593,18.5581039349697,SSNMDI,b.cells
231,51.374091601595,-5.11963577073512,SSNMDI,b.cells
232,5.12246331852061,-19.9658976544217,SSNMDI,b.cells
233,-14.2424999509909,-36.5846409860397,SSNMDI,b.cells
234,-6.83696347534423,-37.214558361483,SSNMDI,b.cells
235,-15.1698741903899,-41.4894313806175,SSNMDI,b.cells
236,7.63840257037152,-30.5543694995653,SSNMDI,b.cells
237,1.8369367244095,-23.7419062846317,SSNMDI,b.cells
238,2.6999102850663,-16.8508894902466,SSNMDI,b.cells
239,0.434904699038433,-18.7579112831315,SSNMDI,b.cells
240,53.7286253977531,-17.1680068000614,SSNMDI,b.cells
241,1.38052534699733,-22.6714325233145,SSNMDI,b.cells
242,44.280936887075,27.7535760408843,SSNMDI,b.cells
243,51.8198927586397,20.2601215042438,SSNMDI,b.cells
244,46.661097077533,25.3364908440322,SSNMDI,b.cells
245,-13.794095757081,-35.5393489120744,SSNMDI,b.cells
246,-15.6959743530368,26.9654613723657,SSNMDI,b.cells
247,-8.80770402320526,-33.2374938119459,SSNMDI,b.cells
248,2.04119939069713,-28.2108229333934,SSNMDI,b.cells
249,54.4252516909364,-17.3910200373879,SSNMDI,b.cells
250,54.5428022240316,-16.8345994062998,SSNMDI,b.cells
251,-16.1145313739769,-41.4626617079722,SSNMDI,b.cells
252,5.8453191245333,-25.9373940948061,SSNMDI,b.cells
253,47.1385784967738,-2.79970590382137,SSNMDI,b.cells
254,-14.9410197208643,-35.5129268006353,SSNMDI,b.cells
255,52.893529357147,17.7077191711798,SSNMDI,b.cells
256,33.8687581808092,-4.8744220282288,SSNMDI,b.cells
257,-19.5137748437383,-37.3096328117851,SSNMDI,b.cells
258,-23.1519763820727,-37.2369017825948,SSNMDI,b.cells
259,49.3971959816335,-21.1841368425017,SSNMDI,b.cells
260,7.1693286290351,-21.2593040851738,SSNMDI,b.cells
261,-22.7807650055231,-37.4222275926598,SSNMDI,b.cells
262,28.6228211970435,-0.167583088175547,SSNMDI,b.cells
263,52.3391508957768,19.0955701042734,SSNMDI,b.cells
264,55.3871987098364,-13.4453851261633,SSNMDI,b.cells
265,-12.6262050187359,-33.7404507997947,SSNMDI,b.cells
266,53.2734714108574,14.4273469292284,SSNMDI,b.cells
267,54.8574825168241,-16.7799087976475,SSNMDI,b.cells
268,-15.8909269964033,26.6853163014137,SSNMDI,b.cells
269,3.2534604890862,-30.1678376681499,SSNMDI,b.cells
270,-17.8095170994398,-31.3895438642419,SSNMDI,b.cells
271,45.4133207078532,26.0998689073201,SSNMDI,b.cells
272,50.2026200769758,-4.56767518282374,SSNMDI,b.cells
273,31.8119198345893,-3.32589724980428,SSNMDI,b.cells
274,9.82850230115299,30.7945625114862,SSNMDI,b.cells
275,-10.7211004366974,-30.5236253390974,SSNMDI,b.cells
276,5.43596331537197,-18.9846626516221,SSNMDI,b.cells
277,-15.9142654399998,-36.1103178351453,SSNMDI,b.cells
278,-15.5454485113961,-37.6535537754287,SSNMDI,b.cells
279,-15.6451041851738,26.7729294138446,SSNMDI,b.cells
280,33.8207680612452,-4.54285508637342,SSNMDI,b.cells
281,54.6602314720687,-14.9112265958028,SSNMDI,b.cells
282,1.88374401540144,-26.4612256430618,SSNMDI,b.cells
283,7.2902265719666,-29.9550298669583,SSNMDI,b.cells
284,6.87277220537524,38.1141085212427,SSNMDI,b.cells
285,50.2060596244135,-20.5828493233267,SSNMDI,b.cells
286,-8.6835288115751,-36.8321029232,SSNMDI,b.cells
287,-12.8727676209705,-40.0876889202028,SSNMDI,b.cells
288,50.581182424476,-20.1349086554099,SSNMDI,b.cells
289,-14.4605120670034,-41.3623936161481,SSNMDI,b.cells
290,2.83194235608895,-18.8496762477016,SSNMDI,b.cells
291,-7.83077262313846,-37.8686958745908,SSNMDI,b.cells
292,7.41318796907403,-28.7873136389914,SSNMDI,b.cells
293,48.5653732438437,23.9713621561103,SSNMDI,b.cells
294,-12.3596767285649,-34.2745077756111,SSNMDI,b.cells
295,-13.3392072192529,27.5954094897376,SSNMDI,b.cells
296,-17.7259103859879,-42.9877511157705,SSNMDI,b.cells
297,-14.162930586324,-36.9396457584811,SSNMDI,b.cells
298,-11.621631658276,-33.9539359842938,SSNMDI,b.cells
299,28.8921544436666,-0.257674897893451,SSNMDI,b.cells
300,-16.6829032143956,26.5577368525042,SSNMDI,b.cells
301,43.5441228537797,28.3255115656436,SSNMDI,b.cells
302,-14.3561152594834,-40.9605707424993,SSNMDI,b.cells
303,-14.2262941833032,-37.7837365937544,SSNMDI,b.cells
304,46.5819756777075,-2.31864140677618,SSNMDI,b.cells
305,3.50762125552731,-20.8375428122515,SSNMDI,b.cells
306,-15.15022192869,-38.0304538471858,SSNMDI,b.cells
307,-24.7625799969004,-36.0866367707319,SSNMDI,b.cells
308,52.3364435468864,-18.3441328012877,SSNMDI,b.cells
309,-14.3719103466986,-38.6078511583594,SSNMDI,b.cells
310,6.96728898639539,-30.7821868892369,SSNMDI,b.cells
311,52.8685445257244,-16.8146036282326,SSNMDI,b.cells
312,44.657870601379,27.4001654975767,SSNMDI,b.cells
313,51.1820358996219,21.2200621270231,SSNMDI,b.cells
314,30.0364432883345,-1.66793820700802,SSNMDI,b.cells
315,-8.64209460864488,-33.5884356328888,SSNMDI,b.cells
316,52.1234592099415,-18.8612180537438,SSNMDI,b.cells
317,-20.1264008205018,-38.5072621365885,SSNMDI,b.cells
318,-21.0746546778248,-37.2926529230648,SSNMDI,b.cells
319,43.8792598917991,28.6153868937421,SSNMDI,b.cells
320,51.7790625123388,-19.4286255826196,SSNMDI,b.cells
321,-10.4436839981752,-40.4605781540397,SSNMDI,b.cells
322,54.1340654236128,-7.09917168950331,SSNMDI,b.cells
323,-22.5927355107758,-37.533760674636,SSNMDI,b.cells
324,43.4545993071276,28.4959359777107,SSNMDI,b.cells
325,-13.3837475291638,-32.4919538819522,SSNMDI,b.cells
326,53.343024785385,17.2781039632252,SSNMDI,b.cells
327,1.90213874710104,-24.7649168138647,SSNMDI,b.cells
328,-17.6854341444163,25.3086433018069,SSNMDI,b.cells
329,-21.1267187085478,-38.1485545892127,SSNMDI,b.cells
330,43.087730230837,28.8574739235123,SSNMDI,b.cells
331,0.729376506981105,-19.5955984672309,SSNMDI,b.cells
332,53.1340365411808,14.2896240992551,SSNMDI,b.cells
333,53.3871077481339,-7.07444422611516,SSNMDI,b.cells
334,4.65499455981475,-18.4855031509808,SSNMDI,b.cells
335,5.47607095643908,-26.4643479240566,SSNMDI,b.cells
336,-18.5608669781284,26.1878098515679,SSNMDI,b.cells
337,52.7171476355822,-6.65588335946216,SSNMDI,b.cells
338,-24.6457883905938,-34.2484574248309,SSNMDI,b.cells
339,52.2811947323949,19.4655640400426,SSNMDI,b.cells
340,52.8565427750606,17.0909299026277,SSNMDI,b.cells
341,2.18603894549415,-28.8507492835268,SSNMDI,b.cells
342,7.50526866033652,-26.6080788820649,SSNMDI,b.cells
343,47.7167298302796,24.5640513066395,SSNMDI,b.cells
344,48.4659034781257,23.863716320787,SSNMDI,b.cells
345,2.49815032539207,-16.913025222559,SSNMDI,b.cells
346,4.76163647867647,-22.5477328199507,SSNMDI,b.cells
347,52.0959772416753,-5.73086431752329,SSNMDI,b.cells
348,54.042018167907,-18.4103319682907,SSNMDI,b.cells
349,-10.1071437744296,-36.6005734696579,SSNMDI,b.cells
350,-18.674992683739,-37.8769035421367,SSNMDI,b.cells
351,-10.753946821663,-38.873345050064,SSNMDI,b.cells
352,47.8573501897484,-3.03039914019814,SSNMDI,b.cells
353,5.89039286173834,-30.9841852264873,SSNMDI,b.cells
354,-17.2329685477525,-43.0546359165469,SSNMDI,b.cells
355,55.5734933678328,-12.7628758774509,SSNMDI,b.cells
356,54.8564707487393,-16.9047086960168,SSNMDI,b.cells
357,1.20995507435844,-25.0213636993609,SSNMDI,b.cells
358,51.4855991292538,20.7966785016358,SSNMDI,b.cells
359,54.0202542393415,-7.75164957100944,SSNMDI,b.cells
360,42.6547756345324,29.0175693246006,SSNMDI,b.cells
361,53.1247022663926,-17.4936854807007,SSNMDI,b.cells
362,-11.804969561041,-34.4669085421638,SSNMDI,b.cells
363,-13.4812316959144,-39.6184043090716,SSNMDI,b.cells
364,3.31182952422653,-28.6652402196825,SSNMDI,b.cells
365,55.4541088440428,-8.79107348205869,SSNMDI,b.cells
366,3.12996431617637,-28.4664064419842,SSNMDI,b.cells
367,3.44147887084499,-15.7111998839347,SSNMDI,b.cells
368,32.6444628316824,-4.39551159596601,SSNMDI,b.cells
369,-9.53467841851597,-39.9277798949716,SSNMDI,b.cells
370,5.33807783155778,-19.1645577535232,SSNMDI,b.cells
371,-9.44466491499224,-39.2962686600779,SSNMDI,b.cells
372,2.8776391864703,-21.4280063661656,SSNMDI,b.cells
373,-10.4604788744406,-40.7325303019612,SSNMDI,b.cells
374,-13.7776909740608,-41.2206260798319,SSNMDI,b.cells
375,12.6175017120759,3.27634860954365,SSNMDI,b.cells
376,-13.1018979234636,27.8274356573248,SSNMDI,b.cells
377,45.3290796209146,25.969300288661,SSNMDI,b.cells
378,3.5958529255295,-15.8983811838137,SSNMDI,b.cells
379,50.7751901817401,-20.5853302124926,SSNMDI,b.cells
380,-16.0603800758405,-37.4973402655846,SSNMDI,b.cells
381,54.2579908659143,-17.8605540644833,SSNMDI,b.cells
382,52.5938027925008,19.1496933529592,SSNMDI,b.cells
383,11.2466429319397,31.2130247801191,SSNMDI,b.cells
384,50.7368959411427,-4.72226399360192,SSNMDI,b.cells
385,0.484846004201964,-24.185157877949,SSNMDI,b.cells
386,0.202252194121842,-20.5508172145946,SSNMDI,b.cells
387,1.8734248587882,-26.3950008116108,SSNMDI,b.cells
388,54.7313922234763,-8.79794681179948,SSNMDI,b.cells
389,-14.7612861303182,-39.3156008705198,SSNMDI,b.cells
390,53.354700132413,15.9924080215423,SSNMDI,b.cells
391,-17.2378724195558,-36.3020617866712,SSNMDI,b.cells
392,-24.8904302631306,-35.9218889302718,SSNMDI,b.cells
393,2.37287433700015,-21.5869499812094,SSNMDI,b.cells
394,-20.1642083198331,-38.7901117568756,SSNMDI,b.cells
395,47.9729057592746,24.3693777602983,SSNMDI,b.cells
396,52.9999369457536,17.1420860859389,SSNMDI,b.cells
397,-12.2990006382373,-38.3233991061361,SSNMDI,b.cells
398,55.9687364603357,-11.1099818910373,SSNMDI,b.cells
399,10.4496420884987,28.9227932284197,SSNMDI,b.cells
400,-23.3578764452245,24.2187265084524,SSNMDI,b.cells
401,50.2956549935936,-20.6970396401649,SSNMDI,b.cells
402,35.3666583220257,-5.34297108840355,SSNMDI,b.cells
403,52.4008772354951,-17.2895474051391,SSNMDI,b.cells
404,47.0859115300248,-2.58062916705445,SSNMDI,b.cells
405,6.38949488123977,-28.2047891880209,SSNMDI,b.cells
406,54.2281037462628,-7.89460868072712,SSNMDI,b.cells
407,3.11203663877939,-14.2763844074567,SSNMDI,b.cells
408,-13.7910712415552,27.5068288153101,SSNMDI,b.cells
409,42.921025392403,28.9117047841126,SSNMDI,b.cells
410,-10.3220209871449,-34.8318600093975,SSNMDI,b.cells
411,0.0326614113541815,-20.7861595368044,SSNMDI,b.cells
412,50.2200892250018,22.0012217630893,SSNMDI,b.cells
413,45.10843079016,26.8452629566617,SSNMDI,b.cells
414,51.7983264223797,-5.08984480059803,SSNMDI,b.cells
415,3.9406971050591,-24.9986198635582,SSNMDI,b.cells
416,6.35972231524832,-26.1233398693329,SSNMDI,b.cells
417,53.6043921536557,-6.95102406766302,SSNMDI,b.cells
418,-8.91022721305207,-32.7507710331243,SSNMDI,b.cells
419,1.73021903084788,-24.3371571974395,SSNMDI,b.cells
420,50.3773553805486,22.2218007495018,SSNMDI,b.cells
421,1.19073738081413,-29.2650006345831,SSNMDI,b.cells
422,11.6011776815703,30.8039471739253,SSNMDI,b.cells
423,50.9157475786042,-4.98058021179114,SSNMDI,b.cells
424,2.28270433481023,-27.6772771456826,SSNMDI,b.cells
425,48.8157091345754,-20.8125634311952,SSNMDI,b.cells
426,4.15827613564898,-18.4557862286394,SSNMDI,b.cells
427,2.56316647975173,-24.9350287682232,SSNMDI,b.cells
428,-17.6987372661702,26.309961163614,SSNMDI,b.cells
429,-17.4376882474659,-40.8296218907091,SSNMDI,b.cells
430,4.66923217141133,-28.1133280541191,SSNMDI,b.cells
431,-7.5013358270095,-35.9934720054636,SSNMDI,b.cells
432,4.18811142874308,-26.7505065637283,SSNMDI,b.cells
433,51.8753420244098,-19.1821127097655,SSNMDI,b.cells
434,52.9523573595103,18.3280972450632,SSNMDI,b.cells
435,52.9389804475069,14.7991618837313,SSNMDI,b.cells
436,52.9379433283138,14.360922630638,SSNMDI,b.cells
437,-14.2753181947446,-32.8814986677246,SSNMDI,b.cells
438,53.1665599539999,16.976346229358,SSNMDI,b.cells
439,6.79651944371692,-28.5540352882306,SSNMDI,b.cells
440,-8.63062461399201,-33.5732071861451,SSNMDI,b.cells
441,-20.7888761103046,-37.8152676375282,SSNMDI,b.cells
442,1.3100264914163,-18.965224665282,SSNMDI,b.cells
443,12.1876085037483,30.38736910682,SSNMDI,b.cells
444,-16.6577437236064,-41.253061972675,SSNMDI,b.cells
445,-16.5326797393602,-41.4653817213954,SSNMDI,b.cells
446,-15.1940952942825,-38.6456856878938,SSNMDI,b.cells
447,55.1790144850497,-11.9631000913681,SSNMDI,b.cells
448,-8.16624545498614,-38.9464630035939,SSNMDI,b.cells
449,-24.8632489347556,-36.0258661303965,SSNMDI,b.cells
450,-14.3348187984554,-33.488998676562,SSNMDI,b.cells
451,-16.3690207409797,-40.7181599196911,SSNMDI,b.cells
452,-12.249205944068,-33.7098434415583,SSNMDI,b.cells
453,-23.8562937543917,23.8567080890484,SSNMDI,b.cells
454,-21.6919613110191,-37.7251135452427,SSNMDI,b.cells
455,53.0671412115115,16.3778659245755,SSNMDI,b.cells
456,52.6282935199116,-18.4721772433497,SSNMDI,b.cells
457,4.87624065464992,-23.4491125533287,SSNMDI,b.cells
458,2.24013680476213,-26.1935576613759,SSNMDI,b.cells
459,-17.1952841689694,-41.0311907037895,SSNMDI,b.cells
460,53.2606961646883,15.7430256371504,SSNMDI,b.cells
461,46.9665594609867,25.2082725629327,SSNMDI,b.cells
462,55.2662085882133,-13.9921750091004,SSNMDI,b.cells
463,6.61803859051831,-28.4540466099873,SSNMDI,b.cells
464,47.5986639059208,-2.68967540270928,SSNMDI,b.cells
465,-9.95064268215839,-40.269576840939,SSNMDI,b.cells
466,1.53696213749979,-26.4814634560577,SSNMDI,b.cells
467,53.241833397991,17.2345544953633,SSNMDI,b.cells
468,43.084760375605,28.7761990966997,SSNMDI,b.cells
469,55.1493404745661,-10.7415198476301,SSNMDI,b.cells
470,1.59513113364719,-29.3014499935485,SSNMDI,b.cells
471,-24.4586712849533,-36.4075643280334,SSNMDI,b.cells
472,4.61383141668715,-26.4716751570617,SSNMDI,b.cells
473,31.5665608562515,-4.84609225778404,SSNMDI,b.cells
474,46.7664572288802,25.4694923923607,SSNMDI,b.cells
475,-14.2384659598331,26.7385742080527,SSNMDI,b.cells
476,-16.8366277875927,-36.2006814595035,SSNMDI,b.cells
477,2.36710654827371,-17.1541228310261,SSNMDI,b.cells
478,-16.7161677744862,-40.2130251709108,SSNMDI,b.cells
479,26.3011371428335,1.7591860648817,SSNMDI,b.cells
480,-15.5635756504387,-39.0025045020293,SSNMDI,b.cells
481,0.586485391178532,-23.5870822640292,SSNMDI,b.cells
482,53.9074482386323,-17.8687202365985,SSNMDI,b.cells
483,-11.8914898539991,-34.1791564119405,SSNMDI,b.cells
484,54.6977998799448,-9.11719215211001,SSNMDI,b.cells
485,-13.3534082700399,27.5408499391988,SSNMDI,b.cells
486,6.06412042827188,-20.5314532962919,SSNMDI,b.cells
487,50.8950235850891,21.6057029837915,SSNMDI,b.cells
488,48.5289201948904,23.8679836502842,SSNMDI,b.cells
489,53.6616537311139,17.1526186552589,SSNMDI,b.cells
490,0.231173184545223,-20.7315356241143,SSNMDI,b.cells
491,3.96645190118292,-30.3894943187005,SSNMDI,b.cells
492,4.6311722856578,-25.8360251926428,SSNMDI,b.cells
493,-16.0530147042563,26.6038013812432,SSNMDI,b.cells
494,-10.3370339316044,-34.8670051640293,SSNMDI,b.cells
495,-16.0885293526038,-36.1603678749697,SSNMDI,b.cells
496,52.6139729659295,-20.0281760783262,SSNMDI,b.cells
497,46.6647960556174,25.5655934025525,SSNMDI,b.cells
498,-15.6138828088056,-38.020983144769,SSNMDI,b.cells
499,5.53301035454802,-27.2004289147176,SSNMDI,b.cells
500,-15.757783799094,-40.706990466792,SSNMDI,b.cells
501,6.43868761802936,-21.7267484893881,SSNMDI,b.cells
502,1.18780078600152,-25.2590175239542,SSNMDI,b.cells
503,-16.1670775407419,-37.0831442045451,SSNMDI,b.cells
504,55.5370393741318,-11.2258218128789,SSNMDI,b.cells
505,54.6772862940742,-15.1176932347135,SSNMDI,b.cells
506,-17.1131985710229,-35.5852810873922,SSNMDI,b.cells
507,5.88293793727394,-27.6387062002705,SSNMDI,b.cells
508,25.780649415822,0.944691300592234,SSNMDI,b.cells
509,54.6047295568548,-17.3356991663191,SSNMDI,b.cells
510,-19.7632338492827,-37.4968373995665,SSNMDI,b.cells
511,49.2004035918511,23.2780861901511,SSNMDI,b.cells
512,-13.7613152523303,-40.0662939315797,SSNMDI,b.cells
513,-15.2613573994114,-41.0634174418435,SSNMDI,b.cells
514,31.0141741840135,-3.20352306163738,SSNMDI,b.cells
515,48.6454510872055,-21.0470087112997,SSNMDI,b.cells
516,-23.0897690690623,24.353121586404,SSNMDI,b.cells
517,2.68820979945753,-23.3689365044313,SSNMDI,b.cells
518,46.0077644206067,-2.01691438858651,SSNMDI,b.cells
519,6.40999709197126,-21.1691725926637,SSNMDI,b.cells
520,-17.4495928094981,-39.8170880413695,SSNMDI,b.cells
521,-16.5883048865988,25.6064692855594,SSNMDI,b.cells
522,-20.6608328279092,-38.9494369702159,SSNMDI,b.cells
523,52.3261541493317,-6.53722917025833,SSNMDI,b.cells
524,-13.6229274693644,27.5479848831745,SSNMDI,b.cells
525,-14.5287555445483,-39.1313540884024,SSNMDI,b.cells
526,1.92677817366362,-23.2666368084809,SSNMDI,b.cells
527,-12.5358507602608,27.9511600707422,SSNMDI,b.cells
528,49.3270407971765,-3.74335228042032,SSNMDI,b.cells
529,5.60247070684884,-19.8422524561687,SSNMDI,b.cells
530,5.39823974855265,-22.6271932445956,SSNMDI,b.cells
531,47.0029400819476,25.2164832160399,SSNMDI,b.cells
532,45.4835270260822,26.7241713972857,SSNMDI,b.cells
533,3.9618692373529,-15.3108054715181,SSNMDI,b.cells
534,-20.954818443427,-37.3584864046119,SSNMDI,b.cells
535,3.73803025338963,-22.2456801819617,SSNMDI,b.cells
536,47.5331137026877,-21.5358859848608,SSNMDI,b.cells
537,55.7612014653814,-12.513964284857,SSNMDI,b.cells
538,53.0874721796381,14.182956115736,SSNMDI,b.cells
539,-9.43744837062917,-38.0180346732583,SSNMDI,b.cells
540,4.71542828425424,-19.3018689892737,SSNMDI,b.cells
541,46.96603620545,25.253557474778,SSNMDI,b.cells
542,46.1513259409916,25.8099212974179,SSNMDI,b.cells
543,6.50106418859192,-27.3124634626332,SSNMDI,b.cells
544,4.3035835962376,-24.5676509388683,SSNMDI,b.cells
545,-19.6530569897405,-37.4522981657246,SSNMDI,b.cells
546,55.8961996374037,-10.5026096656086,SSNMDI,b.cells
547,47.4294531404735,24.76714549085,SSNMDI,b.cells
548,-12.9306253367891,-39.9133520470341,SSNMDI,b.cells
549,45.5916582965108,-1.71305039527787,SSNMDI,b.cells
550,5.38449887310943,-25.0851178936976,SSNMDI,b.cells
551,5.77769921021172,-26.4846492155666,SSNMDI,b.cells
552,2.89088204728266,-27.9033021704139,SSNMDI,b.cells
553,-11.7750211416848,-33.9251680306834,SSNMDI,b.cells
554,-14.2498635531753,27.4330936656688,SSNMDI,b.cells
555,43.6831195660126,28.5185752999775,SSNMDI,b.cells
556,48.99306027985,-21.2855271066306,SSNMDI,b.cells
557,-13.8538747834951,-32.7304856982335,SSNMDI,b.cells
558,6.6558571013414,-21.6165774692735,SSNMDI,b.cells
559,3.03131332881625,-17.8052754964643,SSNMDI,b.cells
560,6.52600418429919,-21.0142742791912,SSNMDI,b.cells
561,53.7698237807445,-7.73708619901742,SSNMDI,b.cells
562,-11.3032803459273,-38.022731178603,SSNMDI,b.cells
563,-15.4448556060005,27.1133637267746,SSNMDI,b.cells
564,50.2998042691251,-4.20124823189681,SSNMDI,b.cells
565,-14.425514829191,-42.1076970330625,SSNMDI,b.cells
566,-12.312094501217,28.0840188900374,SSNMDI,b.cells
567,50.1246446472781,-21.4057178776985,SSNMDI,b.cells
568,51.1659142731223,21.2391726448941,SSNMDI,b.cells
569,3.03133418140699,-27.8400727352488,SSNMDI,b.cells
570,-11.1529297119152,-34.624676097439,SSNMDI,b.cells
571,51.7376809095497,20.2475460622986,SSNMDI,b.cells
572,49.9745943724652,-4.23738272218632,SSNMDI,b.cells
573,50.7978417562896,21.7494448619311,SSNMDI,b.cells
574,2.43259148096808,-27.8267008146122,SSNMDI,b.cells
575,45.988168240101,-2.40972684777299,SSNMDI,b.cells
576,47.1548120304523,25.0524368783155,SSNMDI,b.cells
577,-12.8720702911313,-32.0100046522903,SSNMDI,b.cells
578,-10.9248155180094,-39.0791708539185,SSNMDI,b.cells
579,-17.9220424796429,26.2907089257931,SSNMDI,b.cells
580,52.3821347836414,-6.16566927401802,SSNMDI,b.cells
581,-24.6332931917845,-34.2412258895955,SSNMDI,b.cells
582,32.3652221196846,-3.76002499978525,SSNMDI,b.cells
583,3.68419864526371,-21.4914702430053,SSNMDI,b.cells
584,-24.1100320015297,24.7660744101897,SSNMDI,b.cells
585,2.73258225259346,-30.7228288816913,SSNMDI,b.cells
586,-18.7685769639964,-37.7889888249231,SSNMDI,b.cells
587,54.6799764410711,-8.57561483411753,SSNMDI,b.cells
588,49.7219356433855,22.7270963142751,SSNMDI,b.cells
589,-10.5140808140154,-36.4254823829314,SSNMDI,b.cells
590,-18.6457869024591,26.1898400812374,SSNMDI,b.cells
591,-13.4772976734795,27.422551934262,SSNMDI,b.cells
592,54.1044462513573,-7.96142791123624,SSNMDI,b.cells
593,3.89783317842431,-19.5786101693804,SSNMDI,b.cells
594,-7.72733338499683,-38.7690596148044,SSNMDI,b.cells
595,2.01362175969207,-22.8320235049887,SSNMDI,b.cells
596,44.529508382877,27.5499648997195,SSNMDI,b.cells
597,-7.75863049417745,-38.4127994467375,SSNMDI,b.cells
598,48.5143146210421,-21.1179127378716,SSNMDI,b.cells
599,50.6094010599552,-21.1308800077247,SSNMDI,b.cells
600,55.4671242618987,-13.2720433372376,SSNMDI,b.cells
601,51.6546147658606,-19.803697931963,SSNMDI,b.cells
602,-8.77494503366298,-32.8271178239345,SSNMDI,b.cells
603,-15.1903735903979,26.9255620327139,SSNMDI,b.cells
604,-10.0576150808529,-38.8894990195045,SSNMDI,b.cells
605,-0.449762439460288,-21.9978350335548,SSNMDI,b.cells
606,50.0962948975073,-4.50559546821729,SSNMDI,b.cells
607,-14.6048908193067,27.1911926773647,SSNMDI,b.cells
608,-17.4897955149899,-36.4587111161908,SSNMDI,b.cells
609,-9.97300943318447,-31.2043081648724,SSNMDI,b.cells
610,-20.1991438147142,-37.1874902934005,SSNMDI,b.cells
611,-15.7855367835812,26.6953817621335,SSNMDI,b.cells
612,47.3016039596038,-21.6320287886328,SSNMDI,b.cells
613,49.0093908973137,-20.7780733754778,SSNMDI,b.cells
614,7.25645104162979,-29.7049555913989,SSNMDI,b.cells
615,-7.34402585295207,-38.3397758703636,SSNMDI,b.cells
616,-15.1588214199924,26.8958260979803,SSNMDI,b.cells
617,-11.0882325459968,-36.5638822626438,SSNMDI,b.cells
618,55.0442332742651,-12.0159339538901,SSNMDI,b.cells
619,6.68369315055578,-24.9214291966732,SSNMDI,b.cells
620,52.6672468268122,18.1848734417714,SSNMDI,b.cells
621,-14.1549851406197,-35.7613235114694,SSNMDI,b.cells
622,48.9638681895146,-21.2873896932375,SSNMDI,b.cells
623,-10.1202766160216,-39.5905879086252,SSNMDI,b.cells
624,-8.77687437247929,-38.7024548254601,SSNMDI,b.cells
625,53.1787819205797,14.5639584043684,SSNMDI,b.cells
626,49.2832928978622,-4.40867250770365,SSNMDI,b.cells
627,8.87024293843347,-21.0939712759814,SSNMDI,b.cells
628,-17.0861136787798,26.5034346522705,SSNMDI,b.cells
629,50.0777539629456,-3.77914072562766,SSNMDI,b.cells
630,-24.5410822099983,-36.2869642940841,SSNMDI,b.cells
631,52.0272767719832,20.1086253503657,SSNMDI,b.cells
632,50.6868075975364,-20.2062869429383,SSNMDI,b.cells
633,50.7807122028193,-19.882085268689,SSNMDI,b.cells
634,51.0162514935931,21.4301833609899,SSNMDI,b.cells
635,1.68845675618585,-25.8074769186572,SSNMDI,b.cells
636,52.7479452699201,-17.4464068297947,SSNMDI,b.cells
637,34.8913480775416,-5.58242469925997,SSNMDI,b.cells
638,43.5076870915745,28.262387543441,SSNMDI,b.cells
639,-16.9481464640496,-40.8713539136086,SSNMDI,b.cells
640,-9.0561379417418,-38.7819903402143,SSNMDI,b.cells
641,-24.6569208023408,-36.4595245782623,SSNMDI,b.cells
642,-13.9646035826383,-37.7740829859394,SSNMDI,b.cells
643,53.0125148964952,14.8071599792972,SSNMDI,b.cells
644,2.14697253933043,-28.9714354901828,SSNMDI,b.cells
645,4.97280710160624,-19.709887262386,SSNMDI,b.cells
646,43.8740858595099,28.1425988270655,SSNMDI,b.cells
647,3.62809084434878,-28.8506817363583,SSNMDI,b.cells
648,-6.6029128187076,-37.308676706647,SSNMDI,b.cells
649,52.914933494442,-5.95600684594615,SSNMDI,b.cells
650,0.493335468611981,-20.3448877626963,SSNMDI,b.cells
651,-13.0105837020908,-39.8013466582672,SSNMDI,b.cells
652,-15.7940699027064,-40.4737754931435,SSNMDI,b.cells
653,3.2780109134987,-14.51396949102,SSNMDI,b.cells
654,-18.6078054037172,26.2545226336826,SSNMDI,b.cells
655,-10.3922878006054,-30.7711054417843,SSNMDI,b.cells
656,6.42084096391424,-21.9223716143827,SSNMDI,b.cells
657,-12.215309935827,28.1213388382132,SSNMDI,b.cells
658,-9.75005042983087,-31.6161082601927,SSNMDI,b.cells
659,-17.3857043644828,-40.0093994833898,SSNMDI,b.cells
660,48.5852552362222,-3.23093937785606,SSNMDI,b.cells
661,46.7706701674518,24.9439934768255,SSNMDI,b.cells
662,6.26354575120908,-29.8784206799936,SSNMDI,b.cells
663,50.2708191848306,22.1737958378621,SSNMDI,b.cells
664,-18.8123867898599,-39.1401714013825,SSNMDI,b.cells
665,4.03237826152505,-30.3770034901915,SSNMDI,b.cells
666,-24.8386362616244,-36.066960333693,SSNMDI,b.cells
667,7.14076164784716,-28.4219175658064,SSNMDI,b.cells
668,48.2434393904352,24.0774035097129,SSNMDI,b.cells
669,55.0699892200012,-9.57495246281175,SSNMDI,b.cells
670,55.865595523397,-10.0620767891343,SSNMDI,b.cells
671,-15.0997953458442,27.160783737375,SSNMDI,b.cells
672,2.2527503974089,-29.0500714797133,SSNMDI,b.cells
673,54.7494290400009,-10.9400306428521,SSNMDI,b.cells
674,46.1896980882337,25.8162489633481,SSNMDI,b.cells
675,43.3020799266792,28.7772452532423,SSNMDI,b.cells
676,4.12977458480129,-23.8466962113859,SSNMDI,b.cells
677,-13.2575023053108,-37.952926507179,SSNMDI,b.cells
678,-13.1592970220786,27.4657244690427,SSNMDI,b.cells
679,0.275982050908493,-22.8660223901632,SSNMDI,b.cells
680,53.0061183684848,16.852049569016,SSNMDI,b.cells
681,55.6012416512191,-12.8367191713083,SSNMDI,b.cells
682,54.828511670116,-8.78633764630083,SSNMDI,b.cells
683,42.7947534920213,28.8412276343249,SSNMDI,b.cells
684,55.4428014275631,-12.9142618971761,SSNMDI,b.cells
685,48.781870040178,23.6247727564136,SSNMDI,b.cells
686,4.53120154619069,-22.8534034405382,SSNMDI,b.cells
687,51.8778678470987,-19.3755746443091,SSNMDI,b.cells
688,-10.4981830602009,-41.1274082281033,SSNMDI,b.cells
689,53.3424914968959,15.0966871813971,SSNMDI,b.cells
690,46.83232866977,-2.32779005827529,SSNMDI,b.cells
691,5.85768957528164,-28.2169306351538,SSNMDI,b.cells
692,47.3338536687719,-21.7312927242414,SSNMDI,b.cells
693,-15.4773584897123,26.9968516221613,SSNMDI,b.cells
694,-19.1384577594488,25.9865297142578,SSNMDI,b.cells
695,3.0904866176969,-14.6591000425134,SSNMDI,b.cells
696,2.04933218915298,-28.5267304126962,SSNMDI,b.cells
697,-16.3376355512889,-40.3608392216094,SSNMDI,b.cells
698,50.9264958791934,-6.02363214571989,SSNMDI,b.cells
699,2.88170152518894,-23.0374600090892,SSNMDI,b.cells
700,53.2204255400761,15.7442195307098,SSNMDI,b.cells
701,3.24075153461621,-15.8303768389106,SSNMDI,b.cells
702,52.3411076542494,19.4447246567394,SSNMDI,b.cells
703,51.2976763423035,21.1284288719631,SSNMDI,b.cells
704,48.5110118969332,-2.83341815521205,SSNMDI,b.cells
705,-19.4463340168083,-38.7088046352142,SSNMDI,b.cells
706,0.014161438376143,-20.9206024523971,SSNMDI,b.cells
707,-15.3314265592487,-40.3267128262594,SSNMDI,b.cells
708,50.8175558260882,-5.32698359284487,SSNMDI,b.cells
709,-11.7673236939442,-37.9787832347605,SSNMDI,b.cells
710,55.4086573306167,-13.4716028769614,SSNMDI,b.cells
711,-24.7065863433488,-36.1692634102619,SSNMDI,b.cells
712,55.4361667520293,-13.2837780418275,SSNMDI,b.cells
713,-11.714439710265,-35.8157544711682,SSNMDI,b.cells
714,-21.0639530458985,-38.8262700755626,SSNMDI,b.cells
715,0.0210921449206912,-23.435681406298,SSNMDI,b.cells
716,49.4246837943386,-21.1348335451473,SSNMDI,b.cells
717,-18.7221929024448,26.0081630840878,SSNMDI,b.cells
718,-14.5361865657889,27.1306846541724,SSNMDI,b.cells
719,-16.7805106347865,26.3698760576508,SSNMDI,b.cells
720,3.19360304526076,-15.2674303033443,SSNMDI,b.cells
721,1.84689366270256,-18.9274857309654,SSNMDI,b.cells
722,4.32240292626027,-17.5899650231775,SSNMDI,b.cells
723,52.8178367027943,18.2311099058555,SSNMDI,b.cells
724,-10.1185332096263,-34.9862482596889,SSNMDI,b.cells
725,-24.9675912721861,-35.8847786341687,SSNMDI,b.cells
726,52.8491423413028,-6.26533393734107,SSNMDI,b.cells
727,-18.9914668510607,26.0371918248282,SSNMDI,b.cells
728,-13.1192358576547,-32.3074240990499,SSNMDI,b.cells
729,-6.83446834555498,-38.7919716728914,SSNMDI,b.cells
730,46.4904800014636,25.6063362171143,SSNMDI,b.cells
731,2.547255425402,-21.1340291325673,SSNMDI,b.cells
732,52.7428956379027,17.238796796134,SSNMDI,b.cells
733,-10.6646212323353,-36.7008552572807,SSNMDI,b.cells
734,55.2231675296108,-11.4800255918032,SSNMDI,b.cells
735,49.1123051009585,-3.6971636272394,SSNMDI,b.cells
736,-15.99513602091,-39.0507977313778,SSNMDI,b.cells
737,1.35513236207055,-26.1868046761214,SSNMDI,b.cells
738,-12.0330083588226,28.2329741583482,SSNMDI,b.cells
739,54.8184600530107,-17.1140111418133,SSNMDI,b.cells
740,-8.85828660006618,-32.6721905449706,SSNMDI,b.cells
741,51.0492600428258,-5.47771772865026,SSNMDI,b.cells
742,-11.9282880146291,-37.3380205520311,SSNMDI,b.cells
743,-11.9465105079697,-41.6327815571423,SSNMDI,b.cells
744,53.403346677894,15.8055819816432,SSNMDI,b.cells
745,4.64204218135268,-15.7338901450125,SSNMDI,b.cells
746,-14.7293918793569,-39.3828445768204,SSNMDI,b.cells
747,-18.2402945789437,26.2342770681264,SSNMDI,b.cells
748,51.4768169455557,20.8990115325272,SSNMDI,b.cells
749,33.4781334901236,-4.82451772031911,SSNMDI,b.cells
750,3.4629411361673,-22.8542106606841,SSNMDI,b.cells
751,-0.885238579503098,-23.3845443990435,SSNMDI,b.cells
752,-22.7762535104059,24.3807139247279,SSNMDI,b.cells
753,-14.202271932635,-37.6620531824158,SSNMDI,b.cells
754,-21.5745135644322,-37.4491116060799,SSNMDI,b.cells
755,-12.4758752779978,-34.8545049514716,SSNMDI,b.cells
756,46.9031867446105,-2.38087588381008,SSNMDI,b.cells
757,6.647526515043,-19.5553240673011,SSNMDI,b.cells
758,3.91826721797839,-19.0014683079928,SSNMDI,b.cells
759,-17.3518193938563,26.4388067166584,SSNMDI,b.cells
760,7.25838859811161,-21.9587723440596,SSNMDI,b.cells
761,-8.19583798486959,-36.9197609203709,SSNMDI,b.cells
762,55.9317058411578,-11.9722887556586,SSNMDI,b.cells
763,50.4971871114233,-20.3084905045589,SSNMDI,b.cells
764,56.3528246404821,-11.8864655635828,SSNMDI,b.cells
765,-22.8146253101949,-37.4076053419403,SSNMDI,b.cells
766,47.5668747537691,24.7156162679609,SSNMDI,b.cells
767,1.45459296279099,-18.4199473475544,SSNMDI,b.cells
768,-17.3732232727983,-31.5282589453775,SSNMDI,b.cells
769,54.1190171126182,-16.9683864793678,SSNMDI,b.cells
770,-13.979172456189,-35.9849907541464,SSNMDI,b.cells
771,-12.7644263385674,-36.8741188141225,SSNMDI,b.cells
772,-15.8182836435023,-35.7577402982408,SSNMDI,b.cells
773,2.64723146716408,-22.5914863615982,SSNMDI,b.cells
774,52.6057419743223,-6.30591356054233,SSNMDI,b.cells
775,-11.481854844121,-35.6466567982168,SSNMDI,b.cells
776,52.0930650766977,-5.84741244567901,SSNMDI,b.cells
777,-17.4545109198841,-31.4984354718496,SSNMDI,b.cells
778,2.4283473965975,-18.207706584436,SSNMDI,b.cells
779,47.6634593716303,-3.04040476926515,SSNMDI,b.cells
780,-18.1861584071237,26.2788235488926,SSNMDI,b.cells
781,-20.1294458453967,-39.3824316327872,SSNMDI,b.cells
782,47.2006054106323,-21.6113133378241,SSNMDI,b.cells
783,-15.0939729630255,26.5719130655541,SSNMDI,b.cells
784,50.2878162184708,-20.595838688953,SSNMDI,b.cells
785,48.8853650405057,-3.50784093640924,SSNMDI,b.cells
786,52.5418976075072,18.9810681767682,SSNMDI,b.cells
787,51.2370423425697,-5.20394666108559,SSNMDI,b.cells
788,53.3003721068542,-6.96827381626277,SSNMDI,b.cells
789,51.2198533632662,21.1608836612407,SSNMDI,b.cells
790,49.135847918948,23.2581641857502,SSNMDI,b.cells
791,3.01389945408165,-18.751599702307,SSNMDI,b.cells
792,-10.0496926892872,-37.4292673565813,SSNMDI,b.cells
793,53.6622438403747,-18.1928461924394,SSNMDI,b.cells
794,-16.893663815765,26.2820424557519,SSNMDI,b.cells
795,-9.71005233151092,-36.534742494984,SSNMDI,b.cells
796,-25.3815386758237,-35.3040465679753,SSNMDI,b.cells
797,18.6635272038744,2.17248919310634,SSNMDI,b.cells
798,52.9564865142591,18.3259360861521,SSNMDI,b.cells
799,23.8898450275392,27.4826634908981,SSNMDI,b.cells
800,0.516663637144318,49.7348107120182,SSNMDI,b.cells
801,17.8250339349144,36.3029179641892,SSNMDI,b.cells
802,6.46009605005305,25.7404844912174,SSNMDI,b.cells
803,10.6716138955469,37.8860225193175,SSNMDI,b.cells
804,0.205083039422853,31.2031529237683,SSNMDI,b.cells
805,10.2716331797731,44.560782776348,SSNMDI,b.cells
806,16.8961942548264,31.2970467613133,SSNMDI,b.cells
807,9.38786605946096,31.3298147378232,SSNMDI,b.cells
808,4.41336747779652,45.6343135336207,SSNMDI,b.cells
809,4.21548292883311,25.9377970699935,SSNMDI,b.cells
810,5.28244826188148,21.8761320171891,SSNMDI,b.cells
811,19.8117032256763,38.2532953214957,SSNMDI,b.cells
812,16.2356414709162,32.0258135242211,SSNMDI,b.cells
813,11.7179438360968,28.2671355773747,SSNMDI,b.cells
814,26.0841746547654,23.9455975402001,SSNMDI,b.cells
815,10.5195240338838,22.4838065848876,SSNMDI,b.cells
816,13.3021792266051,40.3779694281834,SSNMDI,b.cells
817,17.6016750353689,29.7233294995814,SSNMDI,b.cells
818,18.019150465794,23.0097869017472,SSNMDI,b.cells
819,22.8984865022484,38.2906890479417,SSNMDI,b.cells
820,6.41254054819145,45.8343310599027,SSNMDI,b.cells
821,2.86675775102809,37.5347441547912,SSNMDI,b.cells
822,19.8546018514846,38.4181731968365,SSNMDI,b.cells
823,10.4066094844699,28.0232206555647,SSNMDI,b.cells
824,25.1681782341548,23.5909493358996,SSNMDI,b.cells
825,22.0468029577168,30.8389274855858,SSNMDI,b.cells
826,23.323470815262,42.4793669807085,SSNMDI,b.cells
827,19.2171080635579,26.8070395654147,SSNMDI,b.cells
828,-1.24178625113794,38.3168439102204,SSNMDI,b.cells
829,21.8629042870739,31.1888019067829,SSNMDI,b.cells
830,17.664218562489,36.2467676989392,SSNMDI,b.cells
831,1.52852787987497,48.4327441023711,SSNMDI,b.cells
832,-2.31420397331682,34.2725359194437,SSNMDI,b.cells
833,21.9467763002725,42.669316356221,SSNMDI,b.cells
834,4.82204724408735,29.9586225226498,SSNMDI,b.cells
835,21.1813945601554,28.4418202935125,SSNMDI,b.cells
836,27.2318852484683,35.1712509726219,SSNMDI,b.cells
837,17.4926696265734,21.6942866240192,SSNMDI,b.cells
838,1.33242632171407,50.4157310731761,SSNMDI,b.cells
839,10.4432786333615,37.6771399062693,SSNMDI,b.cells
840,4.99167675738806,25.6888831506144,SSNMDI,b.cells
841,23.5924543573686,28.0922329343594,SSNMDI,b.cells
842,9.1608955971037,41.4002504059953,SSNMDI,b.cells
843,6.33222382336521,38.3032618092942,SSNMDI,b.cells
844,17.0798688139176,42.3977553760138,SSNMDI,b.cells
845,8.90920277043067,22.595991738532,SSNMDI,b.cells
846,6.15306384063639,41.0798326858831,SSNMDI,b.cells
847,2.51924842470531,23.4319297042985,SSNMDI,b.cells
848,7.0970978754331,50.3252144598533,SSNMDI,b.cells
849,1.70899971946359,37.8742708505556,SSNMDI,b.cells
850,17.7660077420724,40.0114632457434,SSNMDI,b.cells
851,15.1614959936712,23.0971774860632,SSNMDI,b.cells
852,-0.0472766666761198,48.81304802999,SSNMDI,b.cells
853,1.44329690036397,47.4225182961724,SSNMDI,b.cells
854,-1.46785374883659,47.2326425779037,SSNMDI,b.cells
855,3.1920469611794,51.2120960924611,SSNMDI,b.cells
856,-1.44661419425685,32.4638247883782,SSNMDI,b.cells
857,14.5166608698245,24.3192480862586,SSNMDI,b.cells
858,11.1699531943035,23.5081399810731,SSNMDI,b.cells
859,-1.03406313069318,28.4166394712659,SSNMDI,b.cells
860,0.857463169162741,24.7720679451672,SSNMDI,b.cells
861,4.10971829172414,49.759723719598,SSNMDI,b.cells
862,19.4779752664853,25.708022262606,SSNMDI,b.cells
863,6.2140491635589,30.3804520355803,SSNMDI,b.cells
864,14.1190023063504,36.4582545266561,SSNMDI,b.cells
865,18.9216193569666,43.5925660966709,SSNMDI,b.cells
866,9.86433657047108,26.9310861131021,SSNMDI,b.cells
867,4.35682043614668,22.014787699477,SSNMDI,b.cells
868,27.41178947208,34.6219676473827,SSNMDI,b.cells
869,9.04107764404192,27.8205770309906,SSNMDI,b.cells
870,7.39662899755722,25.804399146451,SSNMDI,b.cells
871,12.6742850393594,25.4921371516388,SSNMDI,b.cells
872,17.5417966870946,38.8420344642874,SSNMDI,b.cells
873,20.3878727824505,26.350980668859,SSNMDI,b.cells
874,4.68364705642374,38.9097384880283,SSNMDI,b.cells
875,24.2949432819971,36.2614098197621,SSNMDI,b.cells
876,9.14531498997619,47.7337497384277,SSNMDI,b.cells
877,24.0551442841128,29.5072404957128,SSNMDI,b.cells
878,22.1954058232334,24.8766640267125,SSNMDI,b.cells
879,25.7707652012361,30.2040079409696,SSNMDI,b.cells
880,4.98229401652995,31.7681626531761,SSNMDI,b.cells
881,16.7123983710898,44.3780697807694,SSNMDI,b.cells
882,20.9209278091768,45.4718286500182,SSNMDI,b.cells
883,24.3794617574848,23.9578998507215,SSNMDI,b.cells
884,21.7369490455277,42.054262849995,SSNMDI,b.cells
885,22.6108511766007,37.7754675903023,SSNMDI,b.cells
886,25.3810176991975,34.0335089705757,SSNMDI,b.cells
887,3.66812717387726,46.7730593744165,SSNMDI,b.cells
888,13.2999685651298,30.2076059050971,SSNMDI,b.cells
889,5.80405671193656,44.9729339919439,SSNMDI,b.cells
890,17.2894013590959,40.2980919354484,SSNMDI,b.cells
891,4.59621676771334,45.8541470877974,SSNMDI,b.cells
892,21.8767057547713,28.8685322025682,SSNMDI,b.cells
893,14.7406971587789,29.7857739684407,SSNMDI,b.cells
894,24.9298424361582,25.5923681736477,SSNMDI,b.cells
895,2.52059065398083,38.1394560049349,SSNMDI,b.cells
896,17.7240053917817,30.038779471357,SSNMDI,b.cells
897,-1.63935917994028,48.2666891121392,SSNMDI,b.cells
898,4.26960016772941,23.3972016265557,SSNMDI,b.cells
899,14.6315393838002,28.5493780365385,SSNMDI,b.cells
900,21.2584966690299,28.2488576843715,SSNMDI,b.cells
901,5.99829795589844,40.6060880276811,SSNMDI,b.cells
902,25.5523766351053,26.0338066725055,SSNMDI,b.cells
903,6.12113304831184,50.5946884839712,SSNMDI,b.cells
904,15.817875978753,38.2499784230719,SSNMDI,b.cells
905,2.96695449912428,22.245111990248,SSNMDI,b.cells
906,-1.65126966055193,42.0471763718803,SSNMDI,b.cells
907,8.39091872073658,44.1648717531164,SSNMDI,b.cells
908,9.47067038063838,31.2529413036254,SSNMDI,b.cells
909,23.4154856809899,27.2672438783124,SSNMDI,b.cells
910,5.77790793559976,29.0644650921247,SSNMDI,b.cells
911,2.69007448302749,37.4152466332936,SSNMDI,b.cells
912,6.94562692302949,30.5508288772854,SSNMDI,b.cells
913,15.5899112490049,36.3687414968741,SSNMDI,b.cells
914,20.5333798064062,35.5989847048658,SSNMDI,b.cells
915,13.1104467261727,31.2341399243498,SSNMDI,b.cells
916,13.2590892405191,39.9834124149112,SSNMDI,b.cells
917,3.10795054578934,51.5101539265167,SSNMDI,b.cells
918,4.16396456869036,39.2728267486681,SSNMDI,b.cells
919,3.78407676822618,22.2169955290951,SSNMDI,b.cells
920,5.86629029531398,37.0714495136109,SSNMDI,b.cells
921,22.5560649867367,43.78341284151,SSNMDI,b.cells
922,20.9090730908472,47.9745606871625,SSNMDI,b.cells
923,2.88171181781795,46.5573957025496,SSNMDI,b.cells
924,17.2659036009015,23.6355623223962,SSNMDI,b.cells
925,1.89736612320722,36.5959170668589,SSNMDI,b.cells
926,-2.03734257729185,47.3777470745082,SSNMDI,b.cells
927,11.0445151207208,21.6097405893202,SSNMDI,b.cells
928,5.00088172497122,27.4514099832187,SSNMDI,b.cells
929,1.43746446696989,42.0413717796896,SSNMDI,b.cells
930,19.1074549034126,41.8142028063158,SSNMDI,b.cells
931,24.1498630938115,26.1181409232265,SSNMDI,b.cells
932,25.1196466062982,30.9231015118817,SSNMDI,b.cells
933,19.4833473811352,30.575790383363,SSNMDI,b.cells
934,-0.929610095299071,38.3976436047213,SSNMDI,b.cells
935,2.35059886369553,51.7908745945915,SSNMDI,b.cells
936,21.2737743171971,46.9045478319007,SSNMDI,b.cells
937,26.6003176084878,25.045339899543,SSNMDI,b.cells
938,15.634991665933,22.4681831496504,SSNMDI,b.cells
939,20.8271900630036,49.3611741334444,SSNMDI,b.cells
940,21.6785778686786,41.9755354187808,SSNMDI,b.cells
941,5.19288259477731,24.0085441692389,SSNMDI,b.cells
942,0.83769247314718,26.1071970544464,SSNMDI,b.cells
943,6.29736229426962,44.592209905353,SSNMDI,b.cells
944,19.13073768153,48.9871335023687,SSNMDI,b.cells
945,23.4349028687241,46.6658042487029,SSNMDI,b.cells
946,2.23933103621734,26.9061681927774,SSNMDI,b.cells
947,11.104937034323,41.7909354034743,SSNMDI,b.cells
948,6.85346776672945,21.7249396468672,SSNMDI,b.cells
949,18.1696114346532,21.4415085771854,SSNMDI,b.cells
950,23.164937221923,29.0050760422451,SSNMDI,b.cells
951,6.93562992681958,49.2570275207375,SSNMDI,b.cells
952,-1.16007097708083,28.759740326804,SSNMDI,b.cells
953,2.06938327043879,37.2992762625872,SSNMDI,b.cells
954,22.4525054999099,35.6102548069069,SSNMDI,b.cells
955,12.9852810752578,22.1509552190074,SSNMDI,b.cells
956,6.69679749643968,50.5744183595922,SSNMDI,b.cells
957,10.6806708754791,37.7672369201284,SSNMDI,b.cells
958,20.3395731375498,30.4575445890078,SSNMDI,b.cells
959,18.1416726468692,40.3346520153787,SSNMDI,b.cells
960,25.0281843385938,29.8377837312731,SSNMDI,b.cells
961,19.8494407078158,49.8217413302025,SSNMDI,b.cells
962,5.48153197157563,32.8209254157131,SSNMDI,b.cells
963,19.4054975738211,45.5461270297875,SSNMDI,b.cells
964,5.6074896285446,25.456371702303,SSNMDI,b.cells
965,18.2029474718651,30.1400102354719,SSNMDI,b.cells
966,22.1661582396635,45.9907015446061,SSNMDI,b.cells
967,2.29487171116105,23.5715104967498,SSNMDI,b.cells
968,23.8931719308528,25.6902549071353,SSNMDI,b.cells
969,-2.14197873622111,42.0654850102772,SSNMDI,b.cells
970,10.2563370012873,45.3660224261763,SSNMDI,b.cells
971,18.2371955583702,31.9556132256264,SSNMDI,b.cells
972,20.1092214392273,45.8019462456065,SSNMDI,b.cells
973,20.4438489848259,28.7577317150433,SSNMDI,b.cells
974,-2.1669155229198,33.2419500780173,SSNMDI,b.cells
975,27.3348106381649,34.7969089138419,SSNMDI,b.cells
976,5.7231571599858,46.2521876009247,SSNMDI,b.cells
977,21.1457433560854,42.1824686062233,SSNMDI,b.cells
978,-0.501781428118576,38.7122794170463,SSNMDI,b.cells
979,27.0592728943479,28.9431453339566,SSNMDI,b.cells
980,17.8811969752508,24.557450061008,SSNMDI,b.cells
981,0.497468060022115,29.5412854948534,SSNMDI,b.cells
982,5.15659932996812,32.4193796290583,SSNMDI,b.cells
983,3.67622911964649,31.8604757217076,SSNMDI,b.cells
984,6.76358592951498,47.4388312902479,SSNMDI,b.cells
985,22.4601525765837,35.6117152076641,SSNMDI,b.cells
986,9.6927581211982,44.8790832264349,SSNMDI,b.cells
987,24.4206166247853,42.1012609710206,SSNMDI,b.cells
988,3.06664892059201,22.5854339130052,SSNMDI,b.cells
989,24.6209499013149,26.7996666024294,SSNMDI,b.cells
990,4.7688442409249,29.5028758397688,SSNMDI,b.cells
991,2.59595540196618,21.7385774022935,SSNMDI,b.cells
992,16.8786585774361,22.4742894266384,SSNMDI,b.cells
993,6.5228486317337,35.0658770849998,SSNMDI,b.cells
994,12.2080386391027,21.4135754800161,SSNMDI,b.cells
995,18.631973163248,41.6962899751361,SSNMDI,b.cells
996,10.0878939121246,30.7401123255384,SSNMDI,b.cells
997,5.07533985801237,33.1493331106138,SSNMDI,b.cells
998,21.5382906021893,42.5710130519794,SSNMDI,b.cells
999,10.6898475803716,29.5581408936116,SSNMDI,naive.cytotoxic
1000,15.7848081188234,38.5168046617625,SSNMDI,naive.cytotoxic
1001,0.724372281520738,50.6637798152043,SSNMDI,naive.cytotoxic
1002,7.48994035379699,49.410443151465,SSNMDI,naive.cytotoxic
1003,4.04231296802758,51.1146180455818,SSNMDI,naive.cytotoxic
1004,12.9811566405607,36.4802385556554,SSNMDI,naive.cytotoxic
1005,15.5101748353155,43.444069507754,SSNMDI,naive.cytotoxic
1006,9.29727040662727,27.6839607419754,SSNMDI,naive.cytotoxic
1007,-1.54082110327452,29.5466412089993,SSNMDI,naive.cytotoxic
1008,15.4303918673631,30.0960641749849,SSNMDI,naive.cytotoxic
1009,10.7837873497385,43.0102539753805,SSNMDI,naive.cytotoxic
1010,25.9584821274506,23.6864733203066,SSNMDI,naive.cytotoxic
1011,21.9648048637677,28.5396191693691,SSNMDI,naive.cytotoxic
1012,10.582671946351,44.92331748439,SSNMDI,naive.cytotoxic
1013,14.9225248177936,22.0282981068685,SSNMDI,naive.cytotoxic
1014,19.098428989229,43.5520144960509,SSNMDI,naive.cytotoxic
1015,8.38939875250476,21.9924901543626,SSNMDI,naive.cytotoxic
1016,28.2570176011618,33.5200453454407,SSNMDI,naive.cytotoxic
1017,19.0205252973035,40.417692564188,SSNMDI,naive.cytotoxic
1018,10.102637556905,46.8504295370139,SSNMDI,naive.cytotoxic
1019,5.9238684508415,40.6812248814247,SSNMDI,naive.cytotoxic
1020,10.3332235967517,45.620350808401,SSNMDI,naive.cytotoxic
1021,12.0831545017892,40.6596806092521,SSNMDI,naive.cytotoxic
1022,7.61874064294466,25.306697924044,SSNMDI,naive.cytotoxic
1023,-0.796711002462916,39.3938186252468,SSNMDI,naive.cytotoxic
1024,16.7564794810992,40.4682279012061,SSNMDI,naive.cytotoxic
1025,3.74049537288887,49.2235655818744,SSNMDI,naive.cytotoxic
1026,9.85134564219833,47.3202603920117,SSNMDI,naive.cytotoxic
1027,18.3812190942617,41.8803575489443,SSNMDI,naive.cytotoxic
1028,-0.903288465046762,33.0902997295933,SSNMDI,naive.cytotoxic
1029,22.4175941232947,29.8212299371183,SSNMDI,naive.cytotoxic
1030,21.9688037540431,46.1858428900545,SSNMDI,naive.cytotoxic
1031,-0.0754529375783743,31.2067325526191,SSNMDI,naive.cytotoxic
1032,25.3539804662069,29.2939085643905,SSNMDI,naive.cytotoxic
1033,13.955597912919,42.2940007410414,SSNMDI,naive.cytotoxic
1034,4.29096231690881,47.6326486002655,SSNMDI,naive.cytotoxic
1035,5.38721429026437,24.6713155888907,SSNMDI,naive.cytotoxic
1036,2.89918635370069,49.65266578087,SSNMDI,naive.cytotoxic
1037,8.7935258573946,28.4429410283732,SSNMDI,naive.cytotoxic
1038,20.4253489018662,30.5451117665363,SSNMDI,naive.cytotoxic
1039,3.62690420459753,36.4886066514028,SSNMDI,naive.cytotoxic
1040,5.05080864839364,27.2500499322332,SSNMDI,naive.cytotoxic
1041,-1.92278257818355,34.6773738150246,SSNMDI,naive.cytotoxic
1042,10.3977590495713,23.3713729061446,SSNMDI,naive.cytotoxic
1043,10.0042202808953,26.7085706109517,SSNMDI,naive.cytotoxic
1044,24.815466719521,26.1041914397732,SSNMDI,naive.cytotoxic
1045,25.4441658458473,25.3358787602617,SSNMDI,naive.cytotoxic
1046,22.643695193703,24.3903246528003,SSNMDI,naive.cytotoxic
1047,10.7315582378699,43.0409179768639,SSNMDI,naive.cytotoxic
1048,16.6647023280522,31.3944685896991,SSNMDI,naive.cytotoxic
1049,10.8113717221025,29.9584062124454,SSNMDI,naive.cytotoxic
1050,1.68600073676892,22.8522840536093,SSNMDI,naive.cytotoxic
1051,3.0009012190527,26.94092771197,SSNMDI,naive.cytotoxic
1052,13.1108225284764,36.5168898070444,SSNMDI,naive.cytotoxic
1053,10.2955586182224,40.0028062501736,SSNMDI,naive.cytotoxic
1054,19.1880966039693,41.494070290399,SSNMDI,naive.cytotoxic
1055,3.94987689884572,38.5134277593799,SSNMDI,naive.cytotoxic
1056,21.2483137767733,47.7596147856405,SSNMDI,naive.cytotoxic
1057,23.1547369968242,41.1848969724154,SSNMDI,naive.cytotoxic
1058,14.6161472970864,22.4568888252409,SSNMDI,naive.cytotoxic
1059,15.0876351974143,29.6179330436132,SSNMDI,naive.cytotoxic
1060,7.48077833846604,47.0838732983834,SSNMDI,naive.cytotoxic
1061,21.9557362774137,25.250784501161,SSNMDI,naive.cytotoxic
1062,-0.456241669447917,35.2090170536684,SSNMDI,naive.cytotoxic
1063,3.44633265805014,49.3853377805621,SSNMDI,naive.cytotoxic
1064,22.0639408266707,34.0314742861789,SSNMDI,naive.cytotoxic
1065,9.43346694462302,21.9794537715517,SSNMDI,naive.cytotoxic
1066,1.19783090170283,50.7280587477584,SSNMDI,naive.cytotoxic
1067,5.03005652920899,30.2631740109086,SSNMDI,naive.cytotoxic
1068,0.140459315576184,26.3510407230283,SSNMDI,naive.cytotoxic
1069,2.81217815962276,46.5915127059259,SSNMDI,naive.cytotoxic
1070,24.448847824372,23.7114411748296,SSNMDI,naive.cytotoxic
1071,15.3043938761316,24.2533590890972,SSNMDI,naive.cytotoxic
1072,1.78768346221923,44.9977383602746,SSNMDI,naive.cytotoxic
1073,24.2538333862554,26.6980668014855,SSNMDI,naive.cytotoxic
1074,18.0976793055097,22.1882095185688,SSNMDI,naive.cytotoxic
1075,2.03183016283309,36.9513962504053,SSNMDI,naive.cytotoxic
1076,-0.139350966772454,27.0085869980662,SSNMDI,naive.cytotoxic
1077,3.64720264626694,47.3736297317951,SSNMDI,naive.cytotoxic
1078,9.5921307359273,41.6026894425122,SSNMDI,naive.cytotoxic
1079,10.7103524574017,28.0673828551549,SSNMDI,naive.cytotoxic
1080,0.0408498072959172,50.4556310095534,SSNMDI,naive.cytotoxic
1081,2.5175486202956,21.9552911246351,SSNMDI,naive.cytotoxic
1082,7.9727903623046,25.9740829676955,SSNMDI,naive.cytotoxic
1083,23.4650158811982,28.7881750920245,SSNMDI,naive.cytotoxic
1084,1.72165558084851,41.0456581607356,SSNMDI,naive.cytotoxic
1085,9.60843617771116,43.8560631953117,SSNMDI,naive.cytotoxic
1086,19.0987533027306,48.9637263103609,SSNMDI,naive.cytotoxic
1087,20.383061399591,49.4442068391511,SSNMDI,naive.cytotoxic
1088,17.7440917259211,29.2165048589367,SSNMDI,naive.cytotoxic
1089,19.8945648600231,39.546394953297,SSNMDI,naive.cytotoxic
1090,24.1827994009211,36.4721549943595,SSNMDI,naive.cytotoxic
1091,3.5065631749476,48.4880955798072,SSNMDI,naive.cytotoxic
1092,-1.04431947627238,30.2817141673957,SSNMDI,naive.cytotoxic
1093,4.66278992101376,21.6072510217749,SSNMDI,naive.cytotoxic
1094,25.2438916278344,23.0051586155161,SSNMDI,naive.cytotoxic
1095,3.07223972437286,26.1073952297434,SSNMDI,naive.cytotoxic
1096,21.3208521133064,47.6785890761837,SSNMDI,naive.cytotoxic
1097,3.78104558220893,49.2781070999821,SSNMDI,naive.cytotoxic
1098,19.8539544708528,25.9148890553337,SSNMDI,naive.cytotoxic
1099,1.97210152529491,24.2580123865479,SSNMDI,naive.cytotoxic
1100,25.4005315611655,29.4818535196841,SSNMDI,naive.cytotoxic
1101,-0.459372060621667,49.8404953210977,SSNMDI,naive.cytotoxic
1102,16.8641470690956,25.2866088074872,SSNMDI,naive.cytotoxic
1103,5.30518873018383,33.5984740923014,SSNMDI,naive.cytotoxic
1104,17.206113139081,43.2562730094194,SSNMDI,naive.cytotoxic
1105,26.0549837018322,34.3199871433415,SSNMDI,naive.cytotoxic
1106,-1.54301738749706,48.2162037822102,SSNMDI,naive.cytotoxic
1107,11.5058882050082,30.8809229292439,SSNMDI,naive.cytotoxic
1108,15.1669425163405,29.5151444924721,SSNMDI,naive.cytotoxic
1109,2.45642127741187,49.947540771913,SSNMDI,naive.cytotoxic
1110,-0.25332838580486,35.0407550832079,SSNMDI,naive.cytotoxic
1111,10.7610858485137,43.0386734960953,SSNMDI,naive.cytotoxic
1112,0.999893362557057,37.5358255660891,SSNMDI,naive.cytotoxic
1113,1.72179072140434,45.9358764512849,SSNMDI,naive.cytotoxic
1114,2.2112726069212,50.5238711128999,SSNMDI,naive.cytotoxic
1115,16.855394156117,30.0412464779029,SSNMDI,naive.cytotoxic
1116,10.7780531541852,22.6669436777596,SSNMDI,naive.cytotoxic
1117,26.3457095933803,33.9729287095055,SSNMDI,naive.cytotoxic
1118,2.09599889935331,23.6054712501487,SSNMDI,naive.cytotoxic
1119,2.28432056093516,26.7800812550777,SSNMDI,naive.cytotoxic
1120,28.2606699421269,33.3310841687751,SSNMDI,naive.cytotoxic
1121,-2.0372373403798,41.7949529109082,SSNMDI,naive.cytotoxic
1122,3.78744124403103,50.621536113046,SSNMDI,naive.cytotoxic
1123,25.1709465564123,23.5069698840223,SSNMDI,naive.cytotoxic
1124,4.7434158580737,40.0631131589368,SSNMDI,naive.cytotoxic
1125,3.07380052513402,23.6510210573161,SSNMDI,naive.cytotoxic
1126,25.3150710915144,29.5750133126363,SSNMDI,naive.cytotoxic
1127,20.4195571534501,38.3769502154412,SSNMDI,naive.cytotoxic
1128,11.5378208966545,27.5145415523209,SSNMDI,naive.cytotoxic
1129,8.79497819014437,36.1353463854783,SSNMDI,naive.cytotoxic
1130,3.98787469624905,35.9005968625373,SSNMDI,naive.cytotoxic
1131,12.5454816290771,25.7726703249739,SSNMDI,naive.cytotoxic
1132,-0.767839364649936,38.4151080616392,SSNMDI,naive.cytotoxic
1133,14.7377799394536,38.5965547863987,SSNMDI,naive.cytotoxic
1134,21.670587573611,33.0168331638964,SSNMDI,naive.cytotoxic
1135,2.65504631868091,26.172416678033,SSNMDI,naive.cytotoxic
1136,4.74922976459869,31.4572915823255,SSNMDI,naive.cytotoxic
1137,5.51851240877305,39.326364476612,SSNMDI,naive.cytotoxic
1138,3.69798265579418,26.113204348369,SSNMDI,naive.cytotoxic
1139,5.21888599020974,22.6008942839494,SSNMDI,naive.cytotoxic
1140,7.3421163263946,35.5389142348537,SSNMDI,naive.cytotoxic
1141,27.1681157727606,34.2940458882016,SSNMDI,naive.cytotoxic
1142,15.7340023216377,23.0823092024392,SSNMDI,naive.cytotoxic
1143,20.3426109568628,30.3082056298437,SSNMDI,naive.cytotoxic
1144,1.32077276524916,27.9607384058744,SSNMDI,naive.cytotoxic
1145,15.2989792469778,38.8860575013471,SSNMDI,naive.cytotoxic
1146,14.6390982448237,38.5588523670208,SSNMDI,naive.cytotoxic
1147,25.1867651862169,41.9142619793213,SSNMDI,naive.cytotoxic
1148,10.4262299923238,44.9058327209064,SSNMDI,naive.cytotoxic
1149,17.0872531274753,29.6784450100145,SSNMDI,naive.cytotoxic
1150,20.5027331588887,44.1267947596471,SSNMDI,naive.cytotoxic
1151,2.40991067455046,36.1460780917034,SSNMDI,naive.cytotoxic
1152,21.996696869363,46.9843252847171,SSNMDI,naive.cytotoxic
1153,13.5529073479766,30.8153423217322,SSNMDI,naive.cytotoxic
1154,3.69368455070342,50.9599893731992,SSNMDI,naive.cytotoxic
1155,23.8996671888377,35.172049740988,SSNMDI,naive.cytotoxic
1156,12.2882710120675,40.4976615882274,SSNMDI,naive.cytotoxic
1157,4.03093744219259,46.504225351198,SSNMDI,naive.cytotoxic
1158,17.5121992049254,42.7722023115896,SSNMDI,naive.cytotoxic
1159,5.81010201659304,22.1572368446547,SSNMDI,naive.cytotoxic
1160,3.10101882095434,49.8982913186879,SSNMDI,naive.cytotoxic
1161,22.644082300209,42.5273771232135,SSNMDI,naive.cytotoxic
1162,9.46388211858593,40.7906910123255,SSNMDI,naive.cytotoxic
1163,2.67387759036134,34.6080674064457,SSNMDI,naive.cytotoxic
1164,27.333023524825,34.833501822871,SSNMDI,naive.cytotoxic
1165,20.2693436099014,30.6565522818752,SSNMDI,naive.cytotoxic
1166,5.51990887411996,45.5323058181591,SSNMDI,naive.cytotoxic
1167,3.27168110157273,35.2346183051414,SSNMDI,naive.cytotoxic
1168,2.76799614232597,25.5969911435081,SSNMDI,naive.cytotoxic
1169,12.7034167758925,21.5907506276283,SSNMDI,naive.cytotoxic
1170,26.6712222868438,24.8897456132136,SSNMDI,naive.cytotoxic
1171,10.1922955751467,46.8729748076782,SSNMDI,naive.cytotoxic
1172,17.2127755372032,27.6614883860429,SSNMDI,naive.cytotoxic
1173,21.6548637691799,37.730716182542,SSNMDI,naive.cytotoxic
1174,26.2651123776095,34.4572537028036,SSNMDI,naive.cytotoxic
1175,15.6469900175945,39.6691097084968,SSNMDI,naive.cytotoxic
1176,22.3346937824124,35.8503654623229,SSNMDI,naive.cytotoxic
1177,0.304904711391801,32.5570627695735,SSNMDI,naive.cytotoxic
1178,17.8915312485674,40.26157520293,SSNMDI,naive.cytotoxic
1179,18.4879845901778,42.7493898078027,SSNMDI,naive.cytotoxic
1180,19.8964057321005,48.8610397716594,SSNMDI,naive.cytotoxic
1181,13.201566671301,32.8569621310919,SSNMDI,naive.cytotoxic
1182,13.871919332026,42.2895793128993,SSNMDI,naive.cytotoxic
1183,9.71687678658807,47.9526178817254,SSNMDI,naive.cytotoxic
1184,19.5644899276792,25.9536420304644,SSNMDI,naive.cytotoxic
1185,4.53840743977488,47.637195941655,SSNMDI,naive.cytotoxic
1186,16.1050895304626,43.8113154597498,SSNMDI,naive.cytotoxic
1187,0.913537597163293,43.6255703704504,SSNMDI,naive.cytotoxic
1188,-0.15781986787792,29.7360678371033,SSNMDI,naive.cytotoxic
1189,6.04527503740896,-15.7355481018066,SSNMDI,naive.cytotoxic
1190,8.35795076031287,-21.0607663790936,SSNMDI,naive.cytotoxic
1191,5.43726494426397,22.2480386196069,SSNMDI,naive.cytotoxic
1192,6.28236297173201,41.1235362007331,SSNMDI,naive.cytotoxic
1193,17.6215753021549,39.9320211928946,SSNMDI,naive.cytotoxic
1194,-1.49411527443274,34.555252236502,SSNMDI,naive.cytotoxic
1195,10.1514317466315,45.3910366346123,SSNMDI,naive.cytotoxic
1196,5.64275931226273,40.7272828600228,SSNMDI,naive.cytotoxic
1197,6.28467603241586,50.5498539134409,SSNMDI,naive.cytotoxic
1198,4.44913520175984,49.8879627982093,SSNMDI,naive.cytotoxic
1199,11.937760797394,33.3021792451124,SSNMDI,naive.cytotoxic
1200,3.59211582255237,28.6081519083915,SSNMDI,naive.cytotoxic
1201,9.43185404501054,47.5415251082813,SSNMDI,naive.cytotoxic
1202,12.9261127646497,31.1511108942904,SSNMDI,naive.cytotoxic
1203,20.7055335617969,44.1816606914819,SSNMDI,naive.cytotoxic
1204,5.26669888169553,30.0303104272436,SSNMDI,naive.cytotoxic
1205,17.6587059571207,21.58966577372,SSNMDI,naive.cytotoxic
1206,16.6256280143558,44.3519024568635,SSNMDI,naive.cytotoxic
1207,25.2751882891665,42.344781733045,SSNMDI,naive.cytotoxic
1208,-0.308844110765075,-18.2020703809615,SSNMDI,naive.cytotoxic
1209,18.3015263051707,45.140803455381,SSNMDI,naive.cytotoxic
1210,5.53933471321529,47.3648083373291,SSNMDI,naive.cytotoxic
1211,24.1002071196032,23.7100937133105,SSNMDI,naive.cytotoxic
1212,24.8728097908546,28.952027416522,SSNMDI,naive.cytotoxic
1213,6.79486869140777,25.0245719950909,SSNMDI,naive.cytotoxic
1214,16.1061987905522,23.2566217475071,SSNMDI,naive.cytotoxic
1215,2.69150694431403,22.416802660925,SSNMDI,naive.cytotoxic
1216,23.1374231127763,46.9047517895665,SSNMDI,naive.cytotoxic
1217,22.2801655309058,30.1752578674742,SSNMDI,naive.cytotoxic
1218,24.3571651840838,26.463512291797,SSNMDI,naive.cytotoxic
1219,7.6833986449547,29.6295033298106,SSNMDI,naive.cytotoxic
1220,19.3378390363548,45.5385294569809,SSNMDI,naive.cytotoxic
1221,15.692145038543,27.383997889994,SSNMDI,naive.cytotoxic
1222,15.8677964434176,31.3099850677304,SSNMDI,naive.cytotoxic
1223,23.4111604836539,42.5586733976834,SSNMDI,naive.cytotoxic
1224,17.8051146726101,36.1462076977251,SSNMDI,naive.cytotoxic
1225,0.675718385208169,23.2365420775044,SSNMDI,naive.cytotoxic
1226,0.190972310961738,33.5766294462294,SSNMDI,naive.cytotoxic
1227,23.1471787406655,47.3260582799707,SSNMDI,naive.cytotoxic
1228,11.3848856251054,28.605533550092,SSNMDI,naive.cytotoxic
1229,-2.08334579989558,46.9659373981475,SSNMDI,naive.cytotoxic
1230,26.3050599491667,32.9421191859148,SSNMDI,naive.cytotoxic
1231,-0.293748036362919,48.173119183912,SSNMDI,naive.cytotoxic
1232,13.0172313969987,21.5343135068519,SSNMDI,naive.cytotoxic
1233,2.54396805559134,34.0010835827576,SSNMDI,naive.cytotoxic
1234,17.1893957430292,22.9516608877086,SSNMDI,naive.cytotoxic
1235,21.3922034734916,46.9428200557765,SSNMDI,naive.cytotoxic
1236,16.6915426410928,22.9589845146828,SSNMDI,naive.cytotoxic
1237,10.4220297330386,42.1767447986157,SSNMDI,naive.cytotoxic
1238,2.69702264018343,22.6316832493164,SSNMDI,naive.cytotoxic
1239,-0.863513556957115,48.7898242069374,SSNMDI,naive.cytotoxic
1240,11.6490230316912,25.9695508497659,SSNMDI,naive.cytotoxic
1241,18.9836165870597,49.2297940319731,SSNMDI,naive.cytotoxic
1242,27.109422115584,25.2800894195104,SSNMDI,naive.cytotoxic
1243,20.0352778527996,44.6580202362535,SSNMDI,naive.cytotoxic
1244,9.97262377602153,24.8572944189638,SSNMDI,naive.cytotoxic
1245,19.0724934307887,25.128310278135,SSNMDI,naive.cytotoxic
1246,17.8168738368713,42.4683194018603,SSNMDI,naive.cytotoxic
1247,-2.1324978173811,41.7504294012066,SSNMDI,naive.cytotoxic
1248,10.953255616281,44.0439393350355,SSNMDI,naive.cytotoxic
1249,21.5505488763569,30.6082158088276,SSNMDI,naive.cytotoxic
1250,-2.36624791187619,47.3758244104088,SSNMDI,naive.cytotoxic
1251,7.4006346959463,38.1577038066709,SSNMDI,naive.cytotoxic
1252,-0.856605333637703,46.6705871590635,SSNMDI,naive.cytotoxic
1253,7.76812873226445,25.4484624974305,SSNMDI,naive.cytotoxic
1254,24.261652674775,27.562648647778,SSNMDI,naive.cytotoxic
1255,3.36073660805688,46.041174233852,SSNMDI,naive.cytotoxic
1256,7.93144503335954,40.0015106253976,SSNMDI,naive.cytotoxic
1257,16.1189057604656,32.0497751799376,SSNMDI,naive.cytotoxic
1258,17.5842507895163,26.3685484625363,SSNMDI,naive.cytotoxic
1259,22.3150903493575,46.3876124014754,SSNMDI,naive.cytotoxic
1260,3.78726531076376,50.9736816211167,SSNMDI,naive.cytotoxic
1261,19.6600551847781,49.2900346567441,SSNMDI,naive.cytotoxic
1262,24.8963723427524,34.9369597775752,SSNMDI,naive.cytotoxic
1263,0.33342469299977,34.885317757452,SSNMDI,naive.cytotoxic
1264,11.0965276343186,21.4664010336187,SSNMDI,naive.cytotoxic
1265,2.58513062926175,33.2978265978527,SSNMDI,naive.cytotoxic
1266,24.9935961530717,31.3624347643109,SSNMDI,naive.cytotoxic
1267,0.242423051386997,31.7555338771925,SSNMDI,naive.cytotoxic
1268,20.5025014409818,45.4577696854065,SSNMDI,naive.cytotoxic
1269,6.27013482803541,41.1478375465415,SSNMDI,naive.cytotoxic
1270,25.2717061203328,31.7987788345256,SSNMDI,naive.cytotoxic
1271,10.6740096589554,22.8160623061155,SSNMDI,naive.cytotoxic
1272,14.9242114305855,28.443514822021,SSNMDI,naive.cytotoxic
1273,5.30712978103935,29.4459399486203,SSNMDI,naive.cytotoxic
1274,10.4716009607936,41.6994861717884,SSNMDI,naive.cytotoxic
1275,14.7972303608092,36.2102282050834,SSNMDI,naive.cytotoxic
1276,10.2744195325743,44.6096334248381,SSNMDI,naive.cytotoxic
1277,2.86704076249538,46.5664475793745,SSNMDI,naive.cytotoxic
1278,19.3714376983902,49.4444884984276,SSNMDI,naive.cytotoxic
1279,11.3211275828896,31.9851425610837,SSNMDI,naive.cytotoxic
1280,17.0774541846296,28.1180111942242,SSNMDI,naive.cytotoxic
1281,0.100649893285246,35.2251364353772,SSNMDI,naive.cytotoxic
1282,2.26026648610805,45.8896851504392,SSNMDI,naive.cytotoxic
1283,15.8405667544374,42.808780769756,SSNMDI,naive.cytotoxic
1284,3.6490032484225,28.3618508611892,SSNMDI,naive.cytotoxic
1285,18.3740372717865,27.3330521887092,SSNMDI,naive.cytotoxic
1286,26.4659904274235,24.7966244598456,SSNMDI,naive.cytotoxic
1287,-1.21937907649485,36.083603464279,SSNMDI,naive.cytotoxic
1288,10.1084957308717,43.6374548765731,SSNMDI,naive.cytotoxic
1289,9.65880365251955,40.8351449858844,SSNMDI,naive.cytotoxic
1290,17.1404342247313,27.8445991226459,SSNMDI,naive.cytotoxic
1291,0.681510256549637,37.2801930218172,SSNMDI,naive.cytotoxic
1292,9.77995665804986,47.4901843566953,SSNMDI,naive.cytotoxic
1293,3.24513529037152,45.9615328433474,SSNMDI,naive.cytotoxic
1294,4.7138203645275,29.7232419087601,SSNMDI,naive.cytotoxic
1295,24.5243431197516,42.0028942012669,SSNMDI,naive.cytotoxic
1296,0.423267813185248,27.3477321894472,SSNMDI,naive.cytotoxic
1297,23.2291406695112,47.3142919420911,SSNMDI,naive.cytotoxic
1298,5.49228360315472,39.1833954265279,SSNMDI,naive.cytotoxic
1299,18.1912212264081,40.7517315118788,SSNMDI,naive.cytotoxic
1300,5.32739001297106,26.0206082675176,SSNMDI,naive.cytotoxic
1301,19.1797257901327,23.1862997802496,SSNMDI,naive.cytotoxic
1302,7.60220070563137,38.208397336254,SSNMDI,naive.cytotoxic
1303,10.4717333735919,32.9312679177636,SSNMDI,naive.cytotoxic
1304,11.6462896284434,22.0185650599604,SSNMDI,naive.cytotoxic
1305,3.45779550985408,49.6359994857024,SSNMDI,naive.cytotoxic
1306,-1.15444150330074,48.2465758825561,SSNMDI,naive.cytotoxic
1307,17.7451882198046,40.7165422570569,SSNMDI,naive.cytotoxic
1308,26.788582321106,33.1516260378321,SSNMDI,naive.cytotoxic
1309,6.01092992584165,22.0471608403767,SSNMDI,naive.cytotoxic
1310,6.38919618900064,50.9746675815466,SSNMDI,naive.cytotoxic
1311,10.8366302776731,23.0695227446248,SSNMDI,naive.cytotoxic
1312,13.2866819911236,39.9606698411761,SSNMDI,naive.cytotoxic
1313,2.93228040956096,38.2700703072621,SSNMDI,naive.cytotoxic
1314,5.29428664239809,33.4712406295702,SSNMDI,naive.cytotoxic
1315,-2.23219085649186,48.4593912331503,SSNMDI,naive.cytotoxic
1316,1.47033131221103,27.4350543286811,SSNMDI,naive.cytotoxic
1317,21.8839292697825,33.6149083367394,SSNMDI,naive.cytotoxic
1318,17.3559087738677,24.0297389749381,SSNMDI,naive.cytotoxic
1319,21.5746084508586,32.3265667716966,SSNMDI,naive.cytotoxic
1320,10.4598284091508,27.8543341185331,SSNMDI,naive.cytotoxic
1321,16.6805643204461,24.7309289347499,SSNMDI,naive.cytotoxic
1322,4.32847608080861,39.0256460955545,SSNMDI,naive.cytotoxic
1323,22.4339562344408,24.3493838520911,SSNMDI,naive.cytotoxic
1324,26.7967691434023,34.3626470881268,SSNMDI,naive.cytotoxic
1325,20.5396449992761,47.7326414061034,SSNMDI,naive.cytotoxic
1326,2.99944321039717,51.6653674838152,SSNMDI,naive.cytotoxic
1327,-0.797361263429656,34.4318629258648,SSNMDI,naive.cytotoxic
1328,13.8905331427198,38.5332075651653,SSNMDI,naive.cytotoxic
1329,27.0028593974137,28.6415007833451,SSNMDI,naive.cytotoxic
1330,25.1910686268007,29.5883792719429,SSNMDI,naive.cytotoxic
1331,4.8166592028711,27.5272641042525,SSNMDI,naive.cytotoxic
1332,15.1397138493197,31.3846511511487,SSNMDI,naive.cytotoxic
1333,7.70372068483806,50.0266004514714,SSNMDI,naive.cytotoxic
1334,13.3448445409072,30.1784524597916,SSNMDI,naive.cytotoxic
1335,0.0639510067642188,34.4266502581186,SSNMDI,naive.cytotoxic
1336,-2.41710333530091,42.3267631225729,SSNMDI,naive.cytotoxic
1337,22.9327112485928,35.3707583495516,SSNMDI,naive.cytotoxic
1338,10.0447356938065,47.6392546974354,SSNMDI,naive.cytotoxic
1339,26.0230642678606,29.5386800157842,SSNMDI,naive.cytotoxic
1340,24.4514241543718,29.7991097232204,SSNMDI,naive.cytotoxic
1341,17.8206632340949,30.6751299081294,SSNMDI,naive.cytotoxic
1342,19.7621692599139,47.7792414293866,SSNMDI,naive.cytotoxic
1343,6.83328708225676,45.3326643026653,SSNMDI,naive.cytotoxic
1344,2.62554209321932,49.1687066606776,SSNMDI,naive.cytotoxic
1345,6.8392522789562,21.5367882869387,SSNMDI,naive.cytotoxic
1346,2.24408002581003,27.6110488518999,SSNMDI,naive.cytotoxic
1347,16.4178678918999,31.7281096883963,SSNMDI,naive.cytotoxic
1348,9.34013928937316,22.2430139505867,SSNMDI,naive.cytotoxic
1349,3.32901845413578,25.7039635803192,SSNMDI,naive.cytotoxic
1350,22.5702593483911,37.8914383719248,SSNMDI,naive.cytotoxic
1351,2.31213813848008,33.9553040627332,SSNMDI,naive.cytotoxic
1352,21.8449865791922,28.5656289974166,SSNMDI,naive.cytotoxic
1353,20.7364812814485,41.7084262731163,SSNMDI,naive.cytotoxic
1354,1.21279602882714,28.5115160512664,SSNMDI,naive.cytotoxic
1355,6.38609111327374,-15.6832055914647,SSNMDI,naive.cytotoxic
1356,17.7301566694738,42.2465981880299,SSNMDI,naive.cytotoxic
1357,21.9940719222703,38.1648802461545,SSNMDI,naive.cytotoxic
1358,18.862800687701,43.5030154265577,SSNMDI,naive.cytotoxic
1359,-0.890961171653625,39.6970325541812,SSNMDI,naive.cytotoxic
1360,4.87545953760662,31.4084769878889,SSNMDI,naive.cytotoxic
1361,5.94698191964843,37.0945160865676,SSNMDI,naive.cytotoxic
1362,5.61097451623811,30.5607351171536,SSNMDI,naive.cytotoxic
1363,3.58121408151744,27.1412995345472,SSNMDI,naive.cytotoxic
1364,-0.939940911457345,49.3035043074335,SSNMDI,naive.cytotoxic
1365,17.9112414477582,31.2159701419529,SSNMDI,naive.cytotoxic
1366,2.54570323223248,23.6377786701375,SSNMDI,naive.cytotoxic
1367,17.2771649635962,24.5418261396231,SSNMDI,naive.cytotoxic
1368,26.5136846646623,29.2288505402057,SSNMDI,naive.cytotoxic
1369,17.5041334465637,42.1641208677942,SSNMDI,naive.cytotoxic
1370,3.49535793920215,26.3230099077392,SSNMDI,naive.cytotoxic
1371,10.0203295797847,46.6355381868528,SSNMDI,naive.cytotoxic
1372,11.2594120983731,22.903401401895,SSNMDI,naive.cytotoxic
1373,12.6998553585584,40.2684977396522,SSNMDI,naive.cytotoxic
1374,19.6791014693789,43.7305765416724,SSNMDI,naive.cytotoxic
1375,24.771086992422,23.4687869209649,SSNMDI,naive.cytotoxic
1376,2.68903152580682,37.6357891840959,SSNMDI,naive.cytotoxic
1377,18.8155476637075,39.9240104016269,SSNMDI,naive.cytotoxic
1378,9.64274801755248,22.2701514188323,SSNMDI,naive.cytotoxic
1379,4.55483889960794,40.2461006613831,SSNMDI,naive.cytotoxic
1380,1.6780794663996,38.9055066659884,SSNMDI,naive.cytotoxic
1381,-0.466903896477981,48.075858464125,SSNMDI,naive.cytotoxic
1382,21.6052016520341,31.4390112360181,SSNMDI,naive.cytotoxic
1383,0.799941102651684,43.606063716176,SSNMDI,naive.cytotoxic
1384,24.2191814741388,42.2592574347076,SSNMDI,naive.cytotoxic
1385,0.104883094766558,32.0086924553122,SSNMDI,naive.cytotoxic
1386,-1.70015497802307,38.2594601164676,SSNMDI,naive.cytotoxic
1387,4.66992188814456,28.0163641376016,SSNMDI,naive.cytotoxic
1388,21.0971932115838,46.0070381302481,SSNMDI,naive.cytotoxic
1389,28.124949591638,32.9871342070735,SSNMDI,naive.cytotoxic
1390,0.794168125771381,30.6409521751691,SSNMDI,naive.cytotoxic
1391,-1.02897185053667,30.0631799566846,SSNMDI,naive.cytotoxic
1392,26.8241097941111,28.9440432973367,SSNMDI,naive.cytotoxic
1393,3.34495424177078,27.9623700518426,SSNMDI,naive.cytotoxic
1394,17.897753764235,24.0115690398132,SSNMDI,naive.cytotoxic
1395,21.0619744317201,47.5012448628651,SSNMDI,naive.cytotoxic
1396,7.14730768581045,38.296201016986,SSNMDI,naive.cytotoxic
1397,0.369138888809134,29.5987530216152,SSNMDI,naive.cytotoxic
1398,6.67636487536521,48.8142050639945,SSNMDI,naive.cytotoxic
1399,2.03779192977753,37.003413857917,SSNMDI,naive.cytotoxic
1400,21.2601549764981,30.1636811263037,SSNMDI,naive.cytotoxic
1401,6.25733538218917,21.9602749286957,SSNMDI,naive.cytotoxic
1402,-0.0371181904599567,34.6260795621182,SSNMDI,naive.cytotoxic
1403,26.3247838358054,34.2583752258874,SSNMDI,naive.cytotoxic
1404,17.2434833285704,38.1769288557709,SSNMDI,naive.cytotoxic
1405,13.1187847830007,22.3471022600907,SSNMDI,naive.cytotoxic
1406,23.1029515310338,38.2555315317574,SSNMDI,naive.cytotoxic
1407,26.4702500989201,25.158101446475,SSNMDI,naive.cytotoxic
1408,16.7116171561332,22.0101657777566,SSNMDI,naive.cytotoxic
1409,18.6988767594029,21.9491387346975,SSNMDI,naive.cytotoxic
1410,1.28078269692011,42.8202765907726,SSNMDI,naive.cytotoxic
1411,9.54193171979682,27.1085588585565,SSNMDI,naive.cytotoxic
1412,8.35172732088653,35.8715542153101,SSNMDI,naive.cytotoxic
1413,17.4119130036461,24.681240818969,SSNMDI,naive.cytotoxic
1414,20.8110554252882,46.4444039552613,SSNMDI,naive.cytotoxic
1415,0.660690343000197,49.4490514158972,SSNMDI,naive.cytotoxic
1416,12.3790643724324,36.1347762735756,SSNMDI,naive.cytotoxic
1417,11.0035377374241,42.4881112810646,SSNMDI,naive.cytotoxic
1418,25.7877204714164,30.6781117056945,SSNMDI,naive.cytotoxic
1419,0.213637183319163,49.2512478957303,SSNMDI,naive.cytotoxic
1420,26.0946844623313,31.0027722912237,SSNMDI,naive.cytotoxic
1421,5.32633664285057,39.6266962213654,SSNMDI,naive.cytotoxic
1422,4.5226425006152,50.347962236704,SSNMDI,naive.cytotoxic
1423,10.3176386942296,30.162725354121,SSNMDI,naive.cytotoxic
1424,8.88389744986556,36.0698141788531,SSNMDI,naive.cytotoxic
1425,26.2211048478588,28.8543568246055,SSNMDI,naive.cytotoxic
1426,12.0453250503786,31.1859634942158,SSNMDI,naive.cytotoxic
1427,6.8263622145384,30.6322171177551,SSNMDI,naive.cytotoxic
1428,2.12083063310782,46.8474063252493,SSNMDI,naive.cytotoxic
1429,-1.58327183917517,32.6171824714248,SSNMDI,naive.cytotoxic
1430,18.2864037738992,41.4617887065436,SSNMDI,naive.cytotoxic
1431,24.7799189947482,29.7363098300658,SSNMDI,naive.cytotoxic
1432,-2.3797745978805,39.4892236334964,SSNMDI,naive.cytotoxic
1433,26.3979809940163,33.9381487585625,SSNMDI,naive.cytotoxic
1434,13.2354473349608,33.0574752037545,SSNMDI,naive.cytotoxic
1435,11.5318564263012,23.4650891053182,SSNMDI,naive.cytotoxic
1436,-0.692809315120447,30.4228613516597,SSNMDI,naive.cytotoxic
1437,0.0823092444514356,48.6622136767571,SSNMDI,naive.cytotoxic
1438,3.35836426078588,38.4086131649367,SSNMDI,naive.cytotoxic
1439,3.79439271677697,47.4974762917682,SSNMDI,naive.cytotoxic
1440,17.6066740343184,31.2537971840682,SSNMDI,naive.cytotoxic
1441,22.5734138905641,47.0326511023151,SSNMDI,naive.cytotoxic
1442,20.8322900550501,26.7341795909546,SSNMDI,naive.cytotoxic
1443,5.68164544631296,47.4190334617223,SSNMDI,naive.cytotoxic
1444,16.8641689576546,27.5270683376711,SSNMDI,naive.cytotoxic
1445,19.9106922146972,43.950809746703,SSNMDI,naive.cytotoxic
1446,19.515335516976,27.1852476934694,SSNMDI,naive.cytotoxic
1447,5.40490118853743,30.7182262208671,SSNMDI,naive.cytotoxic
1448,7.30942882380467,49.5312300719802,SSNMDI,naive.cytotoxic
1449,13.8056207558209,36.2297854413366,SSNMDI,naive.cytotoxic
1450,21.5083019956255,35.9345896498189,SSNMDI,naive.cytotoxic
1451,-0.0457333718237852,48.0736781160308,SSNMDI,naive.cytotoxic
1452,1.67838214155861,51.4840034684053,SSNMDI,naive.cytotoxic
1453,6.48472093931616,30.8613347642195,SSNMDI,naive.cytotoxic
1454,5.29224745712096,21.689342097939,SSNMDI,naive.cytotoxic
1455,-0.837675571676522,49.018344592826,SSNMDI,naive.cytotoxic
1456,-0.209928178875897,35.4605453956414,SSNMDI,naive.cytotoxic
1457,5.27284618265759,40.7329408998797,SSNMDI,naive.cytotoxic
1458,11.4160134284148,23.1381035322235,SSNMDI,naive.cytotoxic
1459,25.5709650713949,33.7803181233898,SSNMDI,naive.cytotoxic
1460,14.7328451154644,36.2177711082379,SSNMDI,naive.cytotoxic
1461,24.342698785882,35.9849044423273,SSNMDI,naive.cytotoxic
1462,10.8647697761364,28.2699713149563,SSNMDI,naive.cytotoxic
1463,23.6305919122841,42.2626985702076,SSNMDI,naive.cytotoxic
1464,9.42367854072986,21.8122446119138,SSNMDI,naive.cytotoxic
1465,20.7987269200271,45.655005696152,SSNMDI,naive.cytotoxic
1466,2.10194394178483,26.2939605586637,SSNMDI,naive.cytotoxic
1467,1.49813541604526,48.1022223732953,SSNMDI,naive.cytotoxic
1468,14.8743980737424,23.6715675382613,SSNMDI,naive.cytotoxic
1469,1.81000064013343,23.6781386923462,SSNMDI,naive.cytotoxic
1470,20.6793149488141,49.4049107556084,SSNMDI,naive.cytotoxic
1471,13.0479253451611,31.93802217137,SSNMDI,naive.cytotoxic
1472,7.54242178362325,49.8904128176682,SSNMDI,naive.cytotoxic
1473,1.03603900875364,43.7696434579086,SSNMDI,naive.cytotoxic
1474,24.0652348451074,24.1819832307851,SSNMDI,naive.cytotoxic
1475,4.99721374710423,46.5208535126445,SSNMDI,naive.cytotoxic
1476,9.25879195984093,36.5659586522731,SSNMDI,naive.cytotoxic
1477,17.8691365486712,31.2172000684444,SSNMDI,naive.cytotoxic
1478,1.56912205885998,41.8103137668276,SSNMDI,naive.cytotoxic
1479,21.3976623836981,32.3987196321748,SSNMDI,naive.cytotoxic
1480,5.78135322178363,28.316774201834,SSNMDI,naive.cytotoxic
1481,28.055219784576,33.607722228961,SSNMDI,naive.cytotoxic
1482,11.4337182026712,27.9075551645352,SSNMDI,naive.cytotoxic
1483,0.436943233736016,50.2179224093162,SSNMDI,naive.cytotoxic
1484,1.76370190844527,44.5875439706973,SSNMDI,naive.cytotoxic
1485,16.5873728142055,24.72187991403,SSNMDI,naive.cytotoxic
1486,20.1584442603174,38.3586205810623,SSNMDI,naive.cytotoxic
1487,-0.468892192773851,32.7620160039833,SSNMDI,naive.cytotoxic
1488,20.4196032062909,38.3083598817048,SSNMDI,naive.cytotoxic
1489,3.66923354310905,27.6502051247477,SSNMDI,naive.cytotoxic
1490,16.434426266768,27.3341178879757,SSNMDI,naive.cytotoxic
1491,6.71073487167335,50.4351549869662,SSNMDI,naive.cytotoxic
1492,21.1519769721318,47.1800251370265,SSNMDI,naive.cytotoxic
1493,23.2650519530624,36.4313755275229,SSNMDI,naive.cytotoxic
1494,22.0216972704622,45.9615122203389,SSNMDI,naive.cytotoxic
1495,5.30419645677163,32.5168643223856,SSNMDI,naive.cytotoxic
1496,-0.879490638439641,36.5136737394387,SSNMDI,naive.cytotoxic
1497,23.6867464527002,35.2505757202248,SSNMDI,naive.cytotoxic
1498,5.60713495856732,39.6837794671677,SSNMDI,naive.cytotoxic
1499,2.25784335883317,30.6242242885713,SSNMDI,naive.cytotoxic
1500,21.6187578201634,45.3307815550912,SSNMDI,naive.cytotoxic
1501,2.54493615959995,44.148520447263,SSNMDI,naive.cytotoxic
1502,22.7461475204585,44.5287502800578,SSNMDI,naive.cytotoxic
1503,18.7674748660532,42.3479565940424,SSNMDI,naive.cytotoxic
1504,5.74726912839556,39.8734146974808,SSNMDI,naive.cytotoxic
1505,6.28235568886503,22.0821879128901,SSNMDI,naive.cytotoxic
1506,24.0212875257043,42.2424749048651,SSNMDI,naive.cytotoxic
1507,5.44793345153629,44.8639240207543,SSNMDI,naive.cytotoxic
1508,-1.49677235525489,40.5239190149304,SSNMDI,naive.cytotoxic
1509,2.4533044810515,40.3046143411523,SSNMDI,naive.cytotoxic
1510,1.75561573916898,23.4573575613144,SSNMDI,naive.cytotoxic
1511,3.29993322607545,38.1574240268627,SSNMDI,naive.cytotoxic
1512,13.7635546867902,38.8239788837497,SSNMDI,naive.cytotoxic
1513,1.63980759492718,41.3475027530291,SSNMDI,naive.cytotoxic
1514,0.267596516158497,31.3485073957372,SSNMDI,naive.cytotoxic
1515,13.2135332574481,33.1626852428885,SSNMDI,naive.cytotoxic
1516,5.75222030239603,30.7011596566804,SSNMDI,naive.cytotoxic
1517,11.7919720264566,21.9376975623994,SSNMDI,naive.cytotoxic
1518,5.70418286433246,36.2885704607518,SSNMDI,naive.cytotoxic
1519,0.745216289868007,23.239278928095,SSNMDI,naive.cytotoxic
1520,19.4385532850593,26.9848361046439,SSNMDI,naive.cytotoxic
1521,24.3085882080126,26.0345203428904,SSNMDI,naive.cytotoxic
1522,7.16054057185653,49.4249981386142,SSNMDI,naive.cytotoxic
1523,22.6245704104831,35.8290942641961,SSNMDI,naive.cytotoxic
1524,3.38173852398441,47.2951384363403,SSNMDI,naive.cytotoxic
1525,8.64468954078321,29.8158258594231,SSNMDI,naive.cytotoxic
1526,26.7236853484375,29.3307478743103,SSNMDI,naive.cytotoxic
1527,22.9082233268536,45.9058595596311,SSNMDI,naive.cytotoxic
1528,24.9036635401251,23.5159096504382,SSNMDI,naive.cytotoxic
1529,18.4563142685436,32.2312354713064,SSNMDI,naive.cytotoxic
1530,16.2316492820058,29.927442421596,SSNMDI,naive.cytotoxic
1531,4.09293720309093,46.1569605693095,SSNMDI,naive.cytotoxic
1532,6.15103404612781,28.6138618571504,SSNMDI,naive.cytotoxic
1533,11.2481857862127,37.0497845450281,SSNMDI,naive.cytotoxic
1534,17.9720263374419,21.2626527212565,SSNMDI,naive.cytotoxic
1535,6.68985539362598,48.3969671578346,SSNMDI,naive.cytotoxic
1536,8.12194063160662,29.5494923426472,SSNMDI,naive.cytotoxic
1537,5.33211000308821,48.2902180112254,SSNMDI,naive.cytotoxic
1538,-1.17017336890568,33.2478233795587,SSNMDI,naive.cytotoxic
1539,23.8076610228467,35.2499557553553,SSNMDI,naive.cytotoxic
1540,20.6952539430158,37.7665695739587,SSNMDI,naive.cytotoxic
1541,2.09576071554712,33.0675074315036,SSNMDI,naive.cytotoxic
1542,17.0818621754611,38.9059505581752,SSNMDI,naive.cytotoxic
1543,5.66380759190503,39.3825379528845,SSNMDI,naive.cytotoxic
1544,26.3757220746084,33.1736859026952,SSNMDI,naive.cytotoxic
1545,0.680684254891189,43.9548604161024,SSNMDI,naive.cytotoxic
1546,-2.14855703227132,34.0547747550781,SSNMDI,naive.cytotoxic
1547,10.484993540026,27.1485942891497,SSNMDI,naive.cytotoxic
1548,16.5799146931545,44.5564093368784,SSNMDI,naive.cytotoxic
1549,1.81750889010597,27.7988121111049,SSNMDI,naive.cytotoxic
1550,-1.39792325025182,36.1722154459456,SSNMDI,naive.cytotoxic
1551,20.3580511343637,28.4157543834226,SSNMDI,naive.cytotoxic
1552,23.5442838450236,24.1819289907933,SSNMDI,naive.cytotoxic
1553,17.4964183583535,21.4002384701349,SSNMDI,naive.cytotoxic
1554,-0.891838425617751,48.9741503300488,SSNMDI,naive.cytotoxic
1555,26.0667865024365,34.8955313113988,SSNMDI,naive.cytotoxic
1556,22.3561090823647,42.6185434923277,SSNMDI,naive.cytotoxic
1557,9.07493133100517,36.0953434583033,SSNMDI,naive.cytotoxic
1558,9.97598309403147,30.1401711206483,SSNMDI,naive.cytotoxic
1559,16.6266343242641,40.5592923823771,SSNMDI,naive.cytotoxic
1560,23.9965157023362,25.7572210451154,SSNMDI,naive.cytotoxic
1561,6.13598794503696,39.194328524612,SSNMDI,naive.cytotoxic
1562,9.6302929821068,41.4837431293609,SSNMDI,naive.cytotoxic
1563,-2.95041859941515,46.9586029946898,SSNMDI,naive.cytotoxic
1564,23.1647321377731,47.140431396884,SSNMDI,naive.cytotoxic
1565,7.87428167640221,25.4223757289117,SSNMDI,naive.cytotoxic
1566,12.8213718312288,36.5096604263693,SSNMDI,naive.cytotoxic
1567,7.19837819146173,35.6026974272867,SSNMDI,naive.cytotoxic
1568,21.2889854924526,41.5729015981789,SSNMDI,naive.cytotoxic
1569,11.6433509578929,30.3582471374645,SSNMDI,naive.cytotoxic
1570,23.579066098073,32.6884351622697,SSNMDI,naive.cytotoxic
1571,7.19308356308269,44.7981654075894,SSNMDI,naive.cytotoxic
1572,3.56094874335167,50.2646348239938,SSNMDI,naive.cytotoxic
1573,-0.632381763378238,35.7182012997174,SSNMDI,naive.cytotoxic
1574,20.1934734640755,36.0302437560715,SSNMDI,naive.cytotoxic
1575,4.70710358716491,23.3998550378583,SSNMDI,naive.cytotoxic
1576,22.0270651112181,24.8669526027607,SSNMDI,naive.cytotoxic
1577,4.95187080928346,31.3594307592963,SSNMDI,naive.cytotoxic
1578,25.8994144588167,31.8511084097863,SSNMDI,naive.cytotoxic
1579,1.30225824064746,30.4585439687937,SSNMDI,naive.cytotoxic
1580,19.4599945310305,45.6485698058358,SSNMDI,naive.cytotoxic
1581,25.9285998171784,23.9880782353308,SSNMDI,naive.cytotoxic
1582,3.81707897799549,27.5906332990019,SSNMDI,naive.cytotoxic
1583,-1.48182806401048,35.8603863169393,SSNMDI,naive.cytotoxic
1584,10.1832329699564,24.8835409917659,SSNMDI,naive.cytotoxic
1585,5.99029783198629,36.7332736541413,SSNMDI,naive.cytotoxic
1586,10.6113456230668,37.8132378011341,SSNMDI,naive.cytotoxic
1587,-2.88990230786547,46.014817201791,SSNMDI,naive.cytotoxic
1588,6.50273164386856,50.3137933648914,SSNMDI,naive.cytotoxic
1589,20.089019961614,35.9139545414162,SSNMDI,naive.cytotoxic
1590,13.3472659667868,22.2318970171416,SSNMDI,naive.cytotoxic
1591,1.76445721786188,48.8657976915375,SSNMDI,naive.cytotoxic
1592,24.9143171008304,30.0160633193431,SSNMDI,naive.cytotoxic
1593,1.57683603599545,41.6102360308927,SSNMDI,naive.cytotoxic
1594,31.0463141783084,2.30587290525976,SSNMDI,naive.cytotoxic
1595,23.7152102300156,-34.7927698008075,SSNMDI,naive.cytotoxic
1596,40.5456503035692,-4.71437188092139,SSNMDI,naive.cytotoxic
1597,18.1056911249037,5.1282234947282,SSNMDI,naive.cytotoxic
1598,16.9203059299548,2.18833846645243,SSNMDI,naive.cytotoxic
1599,27.914961534734,-27.0199203288787,SSNMDI,naive.cytotoxic
1600,31.2482395657139,-16.6369724068152,SSNMDI,naive.cytotoxic
1601,45.6647723177553,-22.5007268509807,SSNMDI,naive.cytotoxic
1602,25.6904251144122,-35.6875437775733,SSNMDI,naive.cytotoxic
1603,13.3736322270016,4.27438852136924,SSNMDI,naive.cytotoxic
1604,35.7216940476982,2.34247736373816,SSNMDI,naive.cytotoxic
1605,31.762427521832,-7.08781510870764,SSNMDI,naive.cytotoxic
1606,19.440551892989,4.88617635942804,SSNMDI,naive.cytotoxic
1607,24.3968279486375,-6.76230934894376,SSNMDI,naive.cytotoxic
1608,37.9220939727315,-17.2565815773322,SSNMDI,naive.cytotoxic
1609,38.2483202306281,-27.8233136703427,SSNMDI,naive.cytotoxic
1610,41.0796680096062,-19.4554570637935,SSNMDI,naive.cytotoxic
1611,21.7749196885893,-29.3053022345498,SSNMDI,naive.cytotoxic
1612,25.1247173862907,-6.65388147681989,SSNMDI,naive.cytotoxic
1613,-3.74655160005645,-1.05817201414648,SSNMDI,naive.cytotoxic
1614,31.4524713000451,-34.5936488700815,SSNMDI,naive.cytotoxic
1615,25.1795311265206,-22.0947089863738,SSNMDI,naive.cytotoxic
1616,15.8675679988866,-3.80188873134667,SSNMDI,naive.cytotoxic
1617,32.3650664705907,-24.7960494205182,SSNMDI,naive.cytotoxic
1618,32.5865240935503,-10.3293361484504,SSNMDI,naive.cytotoxic
1619,33.7456742857163,-15.9734239742649,SSNMDI,naive.cytotoxic
1620,22.5912557309101,-26.876205936427,SSNMDI,naive.cytotoxic
1621,9.13649007380973,-2.99759004897007,SSNMDI,naive.cytotoxic
1622,20.25268988746,4.85745947320073,SSNMDI,naive.cytotoxic
1623,37.9673429822125,-2.0266070433629,SSNMDI,naive.cytotoxic
1624,25.3949702890019,-17.360459633355,SSNMDI,naive.cytotoxic
1625,35.1599245234074,3.27606047323181,SSNMDI,naive.cytotoxic
1626,28.4731560459546,-19.0742443808211,SSNMDI,naive.cytotoxic
1627,22.9605679061384,-6.21250746860783,SSNMDI,naive.cytotoxic
1628,30.1625350360935,3.6550131418532,SSNMDI,naive.cytotoxic
1629,40.2521115554473,-30.6716643662705,SSNMDI,naive.cytotoxic
1630,26.1393096354106,-26.7757394604103,SSNMDI,naive.cytotoxic
1631,29.5423051764404,2.9559084043594,SSNMDI,naive.cytotoxic
1632,33.0087760124816,-25.5822669012669,SSNMDI,naive.cytotoxic
1633,15.3843032934822,6.25242539898692,SSNMDI,naive.cytotoxic
1634,25.1273134728544,-7.30855724459712,SSNMDI,naive.cytotoxic
1635,29.1699477261484,-20.596986510919,SSNMDI,naive.cytotoxic
1636,33.0050364699055,-22.6895873755198,SSNMDI,naive.cytotoxic
1637,18.0830054633173,-2.24277251622347,SSNMDI,naive.cytotoxic
1638,34.5098400034969,-0.904525548668566,SSNMDI,naive.cytotoxic
1639,-4.17211791778797,-0.321789151835293,SSNMDI,naive.cytotoxic
1640,41.6192241437374,-19.7119067414095,SSNMDI,naive.cytotoxic
1641,21.1081045427751,-8.54325407130433,SSNMDI,naive.cytotoxic
1642,26.6210352511393,-33.3530450360476,SSNMDI,naive.cytotoxic
1643,45.9537589964318,-7.95071818987956,SSNMDI,naive.cytotoxic
1644,32.49584262193,-29.8089910910345,SSNMDI,naive.cytotoxic
1645,23.8079836154316,-31.156108822389,SSNMDI,naive.cytotoxic
1646,41.6180816706042,-20.0048938117782,SSNMDI,naive.cytotoxic
1647,18.3875623387772,2.47603542064378,SSNMDI,naive.cytotoxic
1648,30.3831459446974,-10.1119282852237,SSNMDI,naive.cytotoxic
1649,29.1955463094072,-20.3423630262064,SSNMDI,naive.cytotoxic
1650,26.6566602551075,-14.500433678212,SSNMDI,naive.cytotoxic
1651,23.9120116111378,-16.0405654902475,SSNMDI,naive.cytotoxic
1652,46.9112319836497,-21.8041624502318,SSNMDI,naive.cytotoxic
1653,-5.59717331759767,-0.434301399890223,SSNMDI,naive.cytotoxic
1654,42.8480310147149,-2.2886550687796,SSNMDI,naive.cytotoxic
1655,41.5465955544618,-19.7881377953021,SSNMDI,naive.cytotoxic
1656,29.8654386725743,-33.9412929721158,SSNMDI,naive.cytotoxic
1657,18.2291400851339,4.54061400275985,SSNMDI,naive.cytotoxic
1658,40.2890963653107,-4.16398213511076,SSNMDI,naive.cytotoxic
1659,15.1314576466559,6.31174066865529,SSNMDI,naive.cytotoxic
1660,23.3787766275485,2.17675407167026,SSNMDI,naive.cytotoxic
1661,41.2428976727966,-4.94140950759941,SSNMDI,naive.cytotoxic
1662,34.9266064068272,-30.2010860914393,SSNMDI,naive.cytotoxic
1663,33.7560512078744,-32.861895250146,SSNMDI,naive.cytotoxic
1664,8.55425412359128,1.96100121761031,SSNMDI,naive.cytotoxic
1665,27.435463847234,3.50461600925543,SSNMDI,naive.cytotoxic
1666,35.4576509489809,0.536889369831833,SSNMDI,naive.cytotoxic
1667,37.7210680382306,-25.7837059348549,SSNMDI,naive.cytotoxic
1668,33.6857414734663,-25.554483929671,SSNMDI,naive.cytotoxic
1669,24.5813717234543,-4.87495548653707,SSNMDI,naive.cytotoxic
1670,30.1987059149537,-27.7218402770521,SSNMDI,naive.cytotoxic
1671,23.4883575623304,-22.7633436231108,SSNMDI,naive.cytotoxic
1672,38.3586393783649,-20.6138450935129,SSNMDI,naive.cytotoxic
1673,37.3070201656217,-21.4667487144275,SSNMDI,naive.cytotoxic
1674,22.5953747834545,-38.9648055900687,SSNMDI,naive.cytotoxic
1675,38.0114601963424,-2.13351253346925,SSNMDI,naive.cytotoxic
1676,24.1955678013924,-36.2164201085937,SSNMDI,naive.cytotoxic
1677,18.2295400083351,4.55344477581448,SSNMDI,naive.cytotoxic
1678,0.383339810913076,-0.353733830091415,SSNMDI,naive.cytotoxic
1679,11.5137323107761,1.2745174729806,SSNMDI,naive.cytotoxic
1680,-9.00978589373373,8.68107912325042,SSNMDI,naive.cytotoxic
1681,23.0235428367777,-27.8831400092145,SSNMDI,naive.cytotoxic
1682,30.5942688459612,-33.7498566710259,SSNMDI,naive.cytotoxic
1683,-0.918137230101295,3.69379421953049,SSNMDI,naive.cytotoxic
1684,31.8632430720947,-13.2370606176534,SSNMDI,naive.cytotoxic
1685,22.6530267354747,-36.4561570882578,SSNMDI,naive.cytotoxic
1686,28.1059488564884,-27.6579463079465,SSNMDI,naive.cytotoxic
1687,32.5049270964824,-8.57012501075945,SSNMDI,naive.cytotoxic
1688,36.0859408755562,-30.8654881126956,SSNMDI,naive.cytotoxic
1689,-2.58063376260701,0.901834693610526,SSNMDI,naive.cytotoxic
1690,24.6134793019769,-6.84847280398485,SSNMDI,naive.cytotoxic
1691,22.3817271693598,1.34837085269842,SSNMDI,naive.cytotoxic
1692,31.7857041299143,-1.04296557198954,SSNMDI,naive.cytotoxic
1693,45.6713550920098,-22.5588390547823,SSNMDI,naive.cytotoxic
1694,34.7382470115653,-0.0197573331411831,SSNMDI,naive.cytotoxic
1695,31.3320183779564,-34.7205363644236,SSNMDI,naive.cytotoxic
1696,21.8496271574433,3.72663243286434,SSNMDI,naive.cytotoxic
1697,37.6751205477436,-25.1243000688107,SSNMDI,naive.cytotoxic
1698,26.6576029031716,-34.2345229940896,SSNMDI,naive.cytotoxic
1699,21.8553092003984,3.23651532327391,SSNMDI,naive.cytotoxic
1700,26.089300509264,-9.02901790431965,SSNMDI,naive.cytotoxic
1701,27.7190437712722,-14.544889357035,SSNMDI,naive.cytotoxic
1702,39.1494674854211,-19.4614448982738,SSNMDI,naive.cytotoxic
1703,26.0529720344141,-26.4399329358393,SSNMDI,naive.cytotoxic
1704,44.8791139890851,-2.57496258888544,SSNMDI,naive.cytotoxic
1705,27.9051010191147,-27.3780974970319,SSNMDI,naive.cytotoxic
1706,32.4391082539662,-26.6179679243397,SSNMDI,naive.cytotoxic
1707,37.5999220111517,-20.2578530371487,SSNMDI,naive.cytotoxic
1708,16.5964104689244,-3.96325713511999,SSNMDI,naive.cytotoxic
1709,12.9151052525866,2.8985166483422,SSNMDI,naive.cytotoxic
1710,32.2552777352827,-29.7771459404628,SSNMDI,naive.cytotoxic
1711,14.2777031948968,5.70839374094204,SSNMDI,naive.cytotoxic
1712,22.068277607124,-35.3286796309381,SSNMDI,naive.cytotoxic
1713,18.0436377586386,4.05333697460824,SSNMDI,naive.cytotoxic
1714,40.5771857842806,-4.8763803604847,SSNMDI,naive.cytotoxic
1715,37.4577064521837,-23.949745401135,SSNMDI,naive.cytotoxic
1716,38.3360607035908,-1.78812663197882,SSNMDI,naive.cytotoxic
1717,12.0525827865485,5.67241466078539,SSNMDI,naive.cytotoxic
1718,11.5874037431183,5.93896677159339,SSNMDI,naive.cytotoxic
1719,17.8173321955031,-4.18125697087482,SSNMDI,naive.cytotoxic
1720,31.5992976071067,-1.38809118036485,SSNMDI,naive.cytotoxic
1721,23.1760564242022,-24.908935668373,SSNMDI,naive.cytotoxic
1722,37.8964177428177,-0.306298144901687,SSNMDI,naive.cytotoxic
1723,26.8787679833647,-2.25807862996412,SSNMDI,naive.cytotoxic
1724,-3.34184839953264,1.50340456088292,SSNMDI,naive.cytotoxic
1725,31.3102065581829,-8.17783839613866,SSNMDI,naive.cytotoxic
1726,22.1352345306202,-8.36425787324498,SSNMDI,naive.cytotoxic
1727,29.9093384790278,-28.2314959815079,SSNMDI,naive.cytotoxic
1728,35.8883864122568,-25.0495078424901,SSNMDI,naive.cytotoxic
1729,26.946229070477,-9.38524130368687,SSNMDI,naive.cytotoxic
1730,41.7664576787827,-1.77899687793751,SSNMDI,naive.cytotoxic
1731,38.0113923547328,-27.1174322268713,SSNMDI,naive.cytotoxic
1732,19.0143271784094,6.61681093432611,SSNMDI,naive.cytotoxic
1733,23.5847808893801,-38.2264495453016,SSNMDI,naive.cytotoxic
1734,19.9593190006926,5.44596838362089,SSNMDI,naive.cytotoxic
1735,22.0480361146369,-35.4833804947572,SSNMDI,naive.cytotoxic
1736,34.0844667411366,-25.6481989293894,SSNMDI,naive.cytotoxic
1737,20.7973387537365,7.3694480412781,SSNMDI,naive.cytotoxic
1738,24.1536972079365,2.72203179796627,SSNMDI,naive.cytotoxic
1739,32.2367013102943,-5.93347028665003,SSNMDI,naive.cytotoxic
1740,31.3052988502255,-25.5008159112487,SSNMDI,naive.cytotoxic
1741,33.3984969548835,-7.79551310139429,SSNMDI,naive.cytotoxic
1742,-3.52738690315834,-1.2929870098316,SSNMDI,naive.cytotoxic
1743,41.713870877466,-19.9672363395472,SSNMDI,naive.cytotoxic
1744,39.4748169090658,-1.26804150888757,SSNMDI,naive.cytotoxic
1745,35.3680556559454,-31.8184952614043,SSNMDI,naive.cytotoxic
1746,28.657968301277,-34.5041393171462,SSNMDI,naive.cytotoxic
1747,22.1391361576543,-35.4013087308092,SSNMDI,naive.cytotoxic
1748,21.1793506775779,4.45280737173645,SSNMDI,naive.cytotoxic
1749,32.3906710806607,-34.7032384464004,SSNMDI,naive.cytotoxic
1750,26.5339493788972,-14.4253578257951,SSNMDI,naive.cytotoxic
1751,29.1074203223878,3.28071812950333,SSNMDI,naive.cytotoxic
1752,19.1151595060497,-3.62031013182851,SSNMDI,naive.cytotoxic
1753,48.3541401548019,-23.1374693271962,SSNMDI,naive.cytotoxic
1754,33.7919029450229,-7.90397004909035,SSNMDI,naive.cytotoxic
1755,24.413735385406,-23.5863950391942,SSNMDI,naive.cytotoxic
1756,21.6585798566379,5.21694566610508,SSNMDI,naive.cytotoxic
1757,21.6849121509863,-29.4922751841179,SSNMDI,naive.cytotoxic
1758,29.5445310825231,-23.6892721040226,SSNMDI,naive.cytotoxic
1759,26.4024887256377,-2.19279352369409,SSNMDI,naive.cytotoxic
1760,30.3378075845543,2.30792861104934,SSNMDI,naive.cytotoxic
1761,16.7485254439019,2.99915306226847,SSNMDI,naive.cytotoxic
1762,29.2167616634205,-28.8919342824976,SSNMDI,naive.cytotoxic
1763,37.6551097922856,-32.2785100861,SSNMDI,naive.cytotoxic
1764,32.4403770846611,-30.8307503487256,SSNMDI,naive.cytotoxic
1765,26.3936253487809,-33.1065585080066,SSNMDI,naive.cytotoxic
1766,29.8827452117731,-30.6537099874488,SSNMDI,naive.cytotoxic
1767,25.3526091591622,-36.9137024472113,SSNMDI,naive.cytotoxic
1768,30.4293495752734,-29.2900959977526,SSNMDI,naive.cytotoxic
1769,36.2300248625329,1.30280669529504,SSNMDI,naive.cytotoxic
1770,23.9586514657423,-23.4699298117432,SSNMDI,naive.cytotoxic
1771,49.8758801336227,-6.58517227181621,SSNMDI,naive.cytotoxic
1772,28.3180325967977,-22.1546525929653,SSNMDI,naive.cytotoxic
1773,45.7596187842209,-22.2432476359899,SSNMDI,naive.cytotoxic
1774,25.7703288296432,-27.7420818010411,SSNMDI,naive.cytotoxic
1775,26.3335786049036,-26.1864773388964,SSNMDI,naive.cytotoxic
1776,28.2394181400803,-14.3373223441551,SSNMDI,naive.cytotoxic
1777,32.9005738821116,-3.68400888501624,SSNMDI,naive.cytotoxic
1778,30.0152191824527,-29.04520932963,SSNMDI,naive.cytotoxic
1779,11.9912740918868,2.50763855239415,SSNMDI,naive.cytotoxic
1780,11.7809405531357,5.04743440266986,SSNMDI,naive.cytotoxic
1781,32.5920236692728,-13.3005260868758,SSNMDI,naive.cytotoxic
1782,36.2417052980994,1.05572272285002,SSNMDI,naive.cytotoxic
1783,17.3456755261047,1.5413529671091,SSNMDI,naive.cytotoxic
1784,21.099678931543,7.55442266186342,SSNMDI,naive.cytotoxic
1785,-4.00937631211458,0.94656067053442,SSNMDI,naive.cytotoxic
1786,16.5708598865023,-5.48860587922726,SSNMDI,naive.cytotoxic
1787,37.2254421955798,-21.8632571588147,SSNMDI,naive.cytotoxic
1788,30.8529965730163,-34.7902380838622,SSNMDI,naive.cytotoxic
1789,35.7994187504524,-25.0853291235612,SSNMDI,naive.cytotoxic
1790,23.2929741200867,-23.7300212184162,SSNMDI,naive.cytotoxic
1791,24.4409175675895,-16.7577389436357,SSNMDI,naive.cytotoxic
1792,32.989114361331,-13.2279295508168,SSNMDI,naive.cytotoxic
1793,29.5942611213731,4.82898712875285,SSNMDI,naive.cytotoxic
1794,23.2924425564137,-23.060784571218,SSNMDI,naive.cytotoxic
1795,32.3445020544529,-25.6726680726775,SSNMDI,naive.cytotoxic
1796,27.5361573360276,-34.5684802487857,SSNMDI,naive.cytotoxic
1797,26.9599289388407,-18.9279078631098,SSNMDI,naive.cytotoxic
1798,40.1064687776931,-1.80022207800356,SSNMDI,naive.cytotoxic
1799,19.836367617647,6.35930447088914,SSNMDI,naive.cytotoxic
1800,10.2835585453662,5.21485583816412,SSNMDI,naive.cytotoxic
1801,32.3340528487357,-22.373935496471,SSNMDI,naive.cytotoxic
1802,38.6116765722668,-19.8054113660668,SSNMDI,naive.cytotoxic
1803,25.8803383672467,-31.1803537341714,SSNMDI,naive.cytotoxic
1804,23.2966820112162,2.40834568606904,SSNMDI,naive.cytotoxic
1805,32.3886459895376,-34.9235710428837,SSNMDI,naive.cytotoxic
1806,34.5490185885198,-25.9896839055752,SSNMDI,naive.cytotoxic
1807,33.8342133100855,-15.9962421508552,SSNMDI,naive.cytotoxic
1808,29.7817565785397,2.19102556263435,SSNMDI,naive.cytotoxic
1809,35.6909150101937,-0.322054714714796,SSNMDI,naive.cytotoxic
1810,28.409923089208,0.441322610343997,SSNMDI,naive.cytotoxic
1811,21.6064195992802,-34.3117555420844,SSNMDI,naive.cytotoxic
1812,36.2542440576188,-26.4794815890754,SSNMDI,naive.cytotoxic
1813,29.007319426307,-20.3848686692624,SSNMDI,naive.cytotoxic
1814,33.6547002166035,-4.75935794974579,SSNMDI,naive.cytotoxic
1815,21.6895326754471,-34.2924434938012,SSNMDI,naive.cytotoxic
1816,35.4062462946095,-30.5854237859326,SSNMDI,naive.cytotoxic
1817,25.5103151501492,-31.0143871546245,SSNMDI,naive.cytotoxic
1818,39.8211000237758,-29.6367187748412,SSNMDI,naive.cytotoxic
1819,38.5200879344332,-24.5096265726414,SSNMDI,naive.cytotoxic
1820,22.8311314480646,-39.3523492888539,SSNMDI,naive.cytotoxic
1821,24.6397168840981,-21.1202293723962,SSNMDI,naive.cytotoxic
1822,32.6784916580035,-29.9081179019841,SSNMDI,naive.cytotoxic
1823,42.3232080063751,-4.35209121622092,SSNMDI,naive.cytotoxic
1824,26.8833436860068,2.13869881160098,SSNMDI,naive.cytotoxic
1825,35.753249602366,0.471012418598943,SSNMDI,naive.cytotoxic
1826,26.6527394783157,-31.6513737610102,SSNMDI,naive.cytotoxic
1827,22.8248942078062,-27.0249394266099,SSNMDI,naive.cytotoxic
1828,22.4973339279559,-37.8332275799652,SSNMDI,naive.cytotoxic
1829,36.4802393554752,-30.966750633606,SSNMDI,naive.cytotoxic
1830,44.181031594829,-2.79081358904973,SSNMDI,naive.cytotoxic
1831,29.6893108131985,-1.88718217090326,SSNMDI,naive.cytotoxic
1832,21.5176486630468,-34.2424959839968,SSNMDI,naive.cytotoxic
1833,29.9307771141111,3.3648201537043,SSNMDI,naive.cytotoxic
1834,37.2221558024839,-26.5620645013158,SSNMDI,naive.cytotoxic
1835,11.5703867880306,1.42453555983319,SSNMDI,naive.cytotoxic
1836,32.7207618660312,-25.6916234696713,SSNMDI,naive.cytotoxic
1837,46.7258483432395,-20.1469097077754,SSNMDI,naive.cytotoxic
1838,26.8111485100443,-24.820672135627,SSNMDI,naive.cytotoxic
1839,33.8365195811328,-3.71542400429426,SSNMDI,naive.cytotoxic
1840,31.574920496825,-1.81683726696718,SSNMDI,naive.cytotoxic
1841,45.3330814544433,-21.4238498812454,SSNMDI,naive.cytotoxic
1842,33.0616312885836,-17.0821801771673,SSNMDI,naive.cytotoxic
1843,50.3907315231742,-1.64216277872519,SSNMDI,naive.cytotoxic
1844,28.6220396084591,-1.08928454820785,SSNMDI,naive.cytotoxic
1845,31.4169065659136,-7.93438720263849,SSNMDI,naive.cytotoxic
1846,26.5719037094204,-24.7641362799963,SSNMDI,naive.cytotoxic
1847,34.9751490767004,-0.073650956464969,SSNMDI,naive.cytotoxic
1848,21.7627133352971,5.63319088207057,SSNMDI,naive.cytotoxic
1849,39.9812738307401,-27.4729786403253,SSNMDI,naive.cytotoxic
1850,45.2900230993414,-22.6773322983891,SSNMDI,naive.cytotoxic
1851,19.8696603705435,5.80294374625723,SSNMDI,naive.cytotoxic
1852,21.7613856941112,4.55197948778485,SSNMDI,naive.cytotoxic
1853,29.6242422583975,-29.0910435637492,SSNMDI,naive.cytotoxic
1854,27.230367047068,-29.7204630602593,SSNMDI,naive.cytotoxic
1855,33.0356452677007,-23.3786748228768,SSNMDI,naive.cytotoxic
1856,23.3197541538107,-36.227522966207,SSNMDI,naive.cytotoxic
1857,27.865416884465,-16.142984449931,SSNMDI,naive.cytotoxic
1858,23.1033990987195,-27.802017537718,SSNMDI,naive.cytotoxic
1859,26.6113701011826,-14.5588475615489,SSNMDI,naive.cytotoxic
1860,26.3307199318259,-35.4546279035922,SSNMDI,naive.cytotoxic
1861,29.7885006491123,-18.5176296154233,SSNMDI,naive.cytotoxic
1862,52.5612376172508,-15.2648096617652,SSNMDI,naive.cytotoxic
1863,13.9152133091335,-2.76214233288533,SSNMDI,naive.cytotoxic
1864,33.473063393637,-15.8099628879334,SSNMDI,naive.cytotoxic
1865,30.9154696823702,-20.6177818769185,SSNMDI,naive.cytotoxic
1866,23.3954224901718,2.14200079983812,SSNMDI,naive.cytotoxic
1867,35.6134035362673,-4.55464010514137,SSNMDI,naive.cytotoxic
1868,33.2548571435228,-22.3609522406829,SSNMDI,naive.cytotoxic
1869,26.849182797585,2.76075801704422,SSNMDI,naive.cytotoxic
1870,22.0425968894174,5.7858065947429,SSNMDI,naive.cytotoxic
1871,23.1197444762135,-24.8421742132439,SSNMDI,naive.cytotoxic
1872,29.7310890034532,-33.1333938905534,SSNMDI,naive.cytotoxic
1873,35.837064395102,-26.154800011385,SSNMDI,naive.cytotoxic
1874,33.0050466052539,-10.9396121936122,SSNMDI,naive.cytotoxic
1875,45.6737720330912,-22.3655954597571,SSNMDI,naive.cytotoxic
1876,13.7560889047523,5.36954635203676,SSNMDI,naive.cytotoxic
1877,26.8834038028074,-34.678082555476,SSNMDI,naive.cytotoxic
1878,25.8738018019354,-29.693721402963,SSNMDI,naive.cytotoxic
1879,27.2265469025884,-4.27628461931446,SSNMDI,naive.cytotoxic
1880,22.8659331767474,-37.1010275202776,SSNMDI,naive.cytotoxic
1881,-4.72959587054099,-1.11076456782669,SSNMDI,naive.cytotoxic
1882,29.0857777683293,-0.908818525987921,SSNMDI,naive.cytotoxic
1883,14.1001267714765,-6.38753516353932,SSNMDI,naive.cytotoxic
1884,23.4563027054283,-21.3657683727325,SSNMDI,naive.cytotoxic
1885,37.8273413360603,-27.211189655188,SSNMDI,naive.cytotoxic
1886,35.1243562541613,0.0098228154337076,SSNMDI,naive.cytotoxic
1887,31.3465255087011,-20.6368407679476,SSNMDI,naive.cytotoxic
1888,23.3837189539262,-38.0085945966556,SSNMDI,naive.cytotoxic
1889,29.636797299426,-18.691657486235,SSNMDI,naive.cytotoxic
1890,36.653224768049,0.820623341616815,SSNMDI,naive.cytotoxic
1891,38.6974112492233,-0.562043318961494,SSNMDI,naive.cytotoxic
1892,17.4376055257697,-2.04826389209141,SSNMDI,naive.cytotoxic
1893,35.4209951595219,1.70450841702136,SSNMDI,naive.cytotoxic
1894,50.4667124851643,-1.55964064812266,SSNMDI,naive.cytotoxic
1895,24.4310479642566,-33.5399778115793,SSNMDI,naive.cytotoxic
1896,38.8720373728546,-18.0499123414381,SSNMDI,naive.cytotoxic
1897,20.6316878081209,4.42525799348148,SSNMDI,naive.cytotoxic
1898,37.1698292900899,-22.5054245204959,SSNMDI,naive.cytotoxic
1899,31.6866672922142,-2.03262541152042,SSNMDI,naive.cytotoxic
1900,10.6761106249768,-2.08306390802221,SSNMDI,naive.cytotoxic
1901,27.6120260935232,-7.916286325139,SSNMDI,naive.cytotoxic
1902,39.014760532698,-25.2541644791799,SSNMDI,naive.cytotoxic
1903,25.4027474861831,1.4657289119573,SSNMDI,naive.cytotoxic
1904,27.104281807272,-35.7992683243887,SSNMDI,naive.cytotoxic
1905,28.7792571054724,-10.3772030519936,SSNMDI,naive.cytotoxic
1906,29.8626467231026,1.65916281963168,SSNMDI,naive.cytotoxic
1907,32.6288169180409,-16.4608550554937,SSNMDI,naive.cytotoxic
1908,14.4582779385025,4.50530966971766,SSNMDI,naive.cytotoxic
1909,37.0342798353446,-22.6784640340689,SSNMDI,naive.cytotoxic
1910,24.0641782884199,-37.0059262901694,SSNMDI,naive.cytotoxic
1911,39.9196334587647,-18.4190082581466,SSNMDI,naive.cytotoxic
1912,7.89924686785936,-1.89060238416875,SSNMDI,naive.cytotoxic
1913,32.3386794073508,-2.28278424407408,SSNMDI,naive.cytotoxic
1914,22.2357289804858,-37.802466602617,SSNMDI,naive.cytotoxic
1915,14.1597203594047,4.06994184963527,SSNMDI,naive.cytotoxic
1916,19.2350176388886,-6.26595898792473,SSNMDI,naive.cytotoxic
1917,26.511218892131,-32.6053798855913,SSNMDI,naive.cytotoxic
1918,28.3514689456797,-30.7666960679393,SSNMDI,naive.cytotoxic
1919,45.9465611322249,-7.96352997261032,SSNMDI,naive.cytotoxic
1920,29.4707272977236,-23.5417311201241,SSNMDI,naive.cytotoxic
1921,38.978405831063,-18.1409456802429,SSNMDI,naive.cytotoxic
1922,35.3289692742947,3.25723298543604,SSNMDI,naive.cytotoxic
1923,15.7213191108634,3.52550010343403,SSNMDI,naive.cytotoxic
1924,37.8095710199704,-24.6453004767957,SSNMDI,naive.cytotoxic
1925,26.5637917607307,-13.8904371870594,SSNMDI,naive.cytotoxic
1926,20.5857375638208,2.8365057590001,SSNMDI,naive.cytotoxic
1927,27.412393729773,1.36614576101151,SSNMDI,naive.cytotoxic
1928,35.1831400276391,-33.0271786200192,SSNMDI,naive.cytotoxic
1929,23.0808491771466,-9.71937501561662,SSNMDI,naive.cytotoxic
1930,31.232640974545,-34.0556508365546,SSNMDI,naive.cytotoxic
1931,33.9329565926001,-3.86229429840956,SSNMDI,naive.cytotoxic
1932,26.3327131593675,-34.4560096272132,SSNMDI,naive.cytotoxic
1933,22.854023035997,-9.65925711123819,SSNMDI,naive.cytotoxic
1934,18.3243227425694,5.02192252760495,SSNMDI,naive.cytotoxic
1935,45.8097790509659,-22.6976348230725,SSNMDI,naive.cytotoxic
1936,33.38197936405,-6.90219518083495,SSNMDI,naive.cytotoxic
1937,16.7043586401785,1.92006116276171,SSNMDI,naive.cytotoxic
1938,33.2120038431252,-26.8413527952456,SSNMDI,naive.cytotoxic
1939,36.1712271707179,0.0975162615567797,SSNMDI,naive.cytotoxic
1940,31.0828208317836,-24.9592531671808,SSNMDI,naive.cytotoxic
1941,28.5663270756552,3.88754433444337,SSNMDI,naive.cytotoxic
1942,28.8713013975098,-27.2343687261265,SSNMDI,naive.cytotoxic
1943,34.7178684586178,0.109821295310222,SSNMDI,naive.cytotoxic
1944,27.0095271287679,-12.5283330003776,SSNMDI,naive.cytotoxic
1945,17.7032995275469,-6.79743237201553,SSNMDI,naive.cytotoxic
1946,21.8748423488709,5.89481311351399,SSNMDI,naive.cytotoxic
1947,22.193105851212,0.90472667855209,SSNMDI,naive.cytotoxic
1948,35.3972014926926,-24.4882235633256,SSNMDI,naive.cytotoxic
1949,20.4388239486658,4.25305059158386,SSNMDI,naive.cytotoxic
1950,45.9600961399622,-7.90289315506298,SSNMDI,naive.cytotoxic
1951,24.6822705239095,-22.9716702710153,SSNMDI,naive.cytotoxic
1952,24.4129005029088,-27.8234905729776,SSNMDI,naive.cytotoxic
1953,27.5245103465732,-7.89787339815321,SSNMDI,naive.cytotoxic
1954,29.4705125034403,1.5977428091763,SSNMDI,naive.cytotoxic
1955,13.0288873560135,2.96090807255456,SSNMDI,naive.cytotoxic
1956,26.1143201069524,-35.2674720958555,SSNMDI,naive.cytotoxic
1957,36.6472484221807,-31.8628235755464,SSNMDI,naive.cytotoxic
1958,40.7651589044883,-29.0265115933834,SSNMDI,naive.cytotoxic
1959,30.6173705267017,-13.659634036446,SSNMDI,naive.cytotoxic
1960,16.5079210875843,-3.50636128712669,SSNMDI,naive.cytotoxic
1961,39.8819235954044,-29.5235433629342,SSNMDI,naive.cytotoxic
1962,46.5701395300523,-20.2372697004557,SSNMDI,naive.cytotoxic
1963,24.9945653127064,-16.634885250526,SSNMDI,naive.cytotoxic
1964,28.3254120473495,3.56765426552185,SSNMDI,naive.cytotoxic
1965,30.1397563987777,-28.4221028808192,SSNMDI,naive.cytotoxic
1966,34.7838605357005,-24.5071563316986,SSNMDI,naive.cytotoxic
1967,38.172254043281,-30.5995004590636,SSNMDI,naive.cytotoxic
1968,33.0217795196172,-10.9116931887941,SSNMDI,naive.cytotoxic
1969,-0.1431306516979,0.829605935060192,SSNMDI,naive.cytotoxic
1970,34.6337270130655,-4.98640924750115,SSNMDI,naive.cytotoxic
1971,27.064140172879,-2.65339540564394,SSNMDI,naive.cytotoxic
1972,37.9736901703875,-29.5082929559527,SSNMDI,naive.cytotoxic
1973,32.2051465709249,-29.7514744678715,SSNMDI,naive.cytotoxic
1974,16.9756454495051,-6.44208826121042,SSNMDI,naive.cytotoxic
1975,24.2046117635003,-37.0265401297558,SSNMDI,naive.cytotoxic
1976,32.3827087138793,-13.0492333900191,SSNMDI,naive.cytotoxic
1977,7.61484190810477,1.30846876597527,SSNMDI,naive.cytotoxic
1978,28.0614044597023,-27.6189348929554,SSNMDI,naive.cytotoxic
1979,32.968204604236,-0.893542045425327,SSNMDI,naive.cytotoxic
1980,17.7255042708805,5.95171574185323,SSNMDI,naive.cytotoxic
1981,16.1448778443519,6.93191895058042,SSNMDI,naive.cytotoxic
1982,33.3246593639737,-29.9320537707703,SSNMDI,naive.cytotoxic
1983,29.3715160369927,-29.8124581075461,SSNMDI,naive.cytotoxic
1984,20.8966554838213,-3.64190250463814,SSNMDI,naive.cytotoxic
1985,25.384712239528,-31.954288398421,SSNMDI,naive.cytotoxic
1986,30.2017409557682,-3.36306573499409,SSNMDI,naive.cytotoxic
1987,42.7954882153534,-1.91201803660629,SSNMDI,naive.cytotoxic
1988,-27.7031132961381,19.5082066649734,SSNMDI,naive.cytotoxic
1989,37.8529878550835,-24.2231354788021,SSNMDI,naive.cytotoxic
1990,21.8594050618661,4.76628567083037,SSNMDI,naive.cytotoxic
1991,20.4044528689548,-6.34183298523718,SSNMDI,naive.cytotoxic
1992,46.0796397052247,-19.1198158210578,SSNMDI,naive.cytotoxic
1993,29.5158977703435,-2.484307732341,SSNMDI,naive.cytotoxic
1994,20.6009450705159,5.01760144743227,SSNMDI,naive.cytotoxic
1995,29.8404589041399,-27.5944587115775,SSNMDI,naive.cytotoxic
1996,35.7956402532665,2.30168349240622,SSNMDI,naive.cytotoxic
1997,36.4320874304312,-31.8695077097433,SSNMDI,cd14.monocytes
1998,30.2895917016108,3.268433887921,SSNMDI,cd14.monocytes
1999,53.5199712136932,-20.0138449135619,SSNMDI,cd14.monocytes
2000,54.0486136736184,-19.8376010343833,SSNMDI,cd14.monocytes
2001,28.5433706298637,-22.2078155218362,SSNMDI,cd14.monocytes
2002,38.7772893335469,-29.3074486265511,SSNMDI,cd14.monocytes
2003,33.2097295077953,-29.7423328496693,SSNMDI,cd14.monocytes
2004,-6.18715786750751,-0.110525943086588,SSNMDI,cd14.monocytes
2005,38.173930604347,-1.89400430311776,SSNMDI,cd14.monocytes
2006,23.1439001550476,-34.0396219377105,SSNMDI,cd14.monocytes
2007,33.5386867243355,-0.397109959565878,SSNMDI,cd14.monocytes
2008,25.8470287692446,-6.14992511412723,SSNMDI,cd14.monocytes
2009,32.2322048755668,-30.4061495858747,SSNMDI,cd14.monocytes
2010,26.2288295795263,-29.7155237994369,SSNMDI,cd14.monocytes
2011,27.0356099549039,1.86427965786925,SSNMDI,cd14.monocytes
2012,25.6474087479369,-35.5176097774569,SSNMDI,cd14.monocytes
2013,27.4576801392813,-35.7879707863275,SSNMDI,cd14.monocytes
2014,26.6090917036835,-14.4659137444094,SSNMDI,cd14.monocytes
2015,31.5631282099405,-4.89127887572255,SSNMDI,cd14.monocytes
2016,28.037213533181,-9.71822698950152,SSNMDI,cd14.monocytes
2017,33.1362952317495,-8.12532548337831,SSNMDI,cd14.monocytes
2018,32.0896143232315,-28.7133717603681,SSNMDI,cd14.monocytes
2019,19.9650627056928,4.29364182772104,SSNMDI,cd14.monocytes
2020,37.8922219531919,-21.1885868513717,SSNMDI,cd14.monocytes
2021,31.1646926807319,-20.6107331685224,SSNMDI,cd14.monocytes
2022,21.6226403847258,4.41153371156457,SSNMDI,cd14.monocytes
2023,18.6407613259112,4.71547044643708,SSNMDI,cd14.monocytes
2024,26.5063351538208,-34.3548912116145,SSNMDI,cd14.monocytes
2025,22.4359227364842,-5.91020942517087,SSNMDI,cd14.monocytes
2026,36.8605256261189,-26.0405869230668,SSNMDI,cd14.monocytes
2027,27.7649782732681,3.68024148938738,SSNMDI,cd14.monocytes
2028,20.1722489024533,-5.88978135816417,SSNMDI,cd14.monocytes
2029,41.8713022000092,-17.2264787839508,SSNMDI,cd14.monocytes
2030,22.3587164821185,4.06889859874344,SSNMDI,cd14.monocytes
2031,33.7050459943712,-23.7194181420648,SSNMDI,cd14.monocytes
2032,25.6286395300838,2.17581985464337,SSNMDI,cd14.monocytes
2033,46.0739836296737,-19.6961549215578,SSNMDI,cd14.monocytes
2034,31.5064163689546,-3.23073024863241,SSNMDI,cd14.monocytes
2035,30.178509412539,-19.5692162631607,SSNMDI,cd14.monocytes
2036,34.9127388102169,-31.9051310111787,SSNMDI,cd14.monocytes
2037,35.697158990137,0.447838781871217,SSNMDI,cd14.monocytes
2038,30.3312287775336,-0.482020187624189,SSNMDI,cd14.monocytes
2039,42.7450382218845,-2.46113308863773,SSNMDI,cd14.monocytes
2040,29.4251471076805,1.19112844560556,SSNMDI,cd14.monocytes
2041,24.9650470691828,-6.5127717343324,SSNMDI,cd14.monocytes
2042,45.8814965465182,-17.9645627796613,SSNMDI,cd14.monocytes
2043,33.0833456742318,-22.9922330748006,SSNMDI,cd14.monocytes
2044,28.2804420214078,-19.1297592361065,SSNMDI,cd14.monocytes
2045,30.9022869122753,-3.35668543658374,SSNMDI,cd14.monocytes
2046,22.4511427667606,-8.21257212932408,SSNMDI,cd14.monocytes
2047,29.4149326578072,2.17235639050542,SSNMDI,cd14.monocytes
2048,40.5580164858244,-1.91217335015307,SSNMDI,cd14.monocytes
2049,32.5617024172969,-22.225831339526,SSNMDI,cd14.monocytes
2050,29.04902522496,0.489545702530624,SSNMDI,cd14.monocytes
2051,30.7993930105017,-13.1714928627055,SSNMDI,cd14.monocytes
2052,27.7581884783702,-36.1339967079297,SSNMDI,cd14.monocytes
2053,26.8060251478392,-31.6634306742254,SSNMDI,cd14.monocytes
2054,39.3774089023034,-29.6408426389983,SSNMDI,cd14.monocytes
2055,29.3239117188211,0.577946249439296,SSNMDI,cd14.monocytes
2056,14.9555040358368,6.0161534642019,SSNMDI,cd14.monocytes
2057,29.5872036874729,-28.0010699498655,SSNMDI,cd14.monocytes
2058,18.4603399931239,4.45776169058456,SSNMDI,cd14.monocytes
2059,28.3084226766822,-18.9505764895562,SSNMDI,cd14.monocytes
2060,22.314358423494,-7.22771217143908,SSNMDI,cd14.monocytes
2061,29.5381690644988,-1.14051033797843,SSNMDI,cd14.monocytes
2062,20.9077262679887,3.31765975238079,SSNMDI,cd14.monocytes
2063,33.4236168395005,-16.0515766354555,SSNMDI,cd14.monocytes
2064,36.0808320098456,-16.0326606254235,SSNMDI,cd14.monocytes
2065,31.7218870638841,-32.5924674535914,SSNMDI,cd14.monocytes
2066,23.9945195768508,-37.0571882653402,SSNMDI,cd14.monocytes
2067,12.6370117591467,5.55217767035232,SSNMDI,cd14.monocytes
2068,42.7357488053815,-1.97385123782818,SSNMDI,cd14.monocytes
2069,10.4859893941925,4.26374976111732,SSNMDI,cd14.monocytes
2070,-25.9730230627995,24.448692553109,SSNMDI,cd14.monocytes
2071,22.2137353831097,-8.62918111272709,SSNMDI,cd14.monocytes
2072,22.8606611125314,-36.08265736995,SSNMDI,cd14.monocytes
2073,40.8655346497804,-20.0224319418986,SSNMDI,cd14.monocytes
2074,28.4642199576811,-18.0494457240663,SSNMDI,cd14.monocytes
2075,32.9339294065788,-16.5012633009057,SSNMDI,cd14.monocytes
2076,25.1515413549886,-22.2382869877199,SSNMDI,cd14.monocytes
2077,22.6788863936472,5.21876961977702,SSNMDI,cd14.monocytes
2078,35.9521442845966,-16.1583309514474,SSNMDI,cd14.monocytes
2079,37.4838835753466,-24.0650685033215,SSNMDI,cd14.monocytes
2080,32.2381707016715,-4.49825962332285,SSNMDI,cd14.monocytes
2081,29.2182269384082,-20.7876136478943,SSNMDI,cd14.monocytes
2082,26.4557647716334,-9.0971357054967,SSNMDI,cd14.monocytes
2083,30.9330107400799,-26.4292649573542,SSNMDI,cd14.monocytes
2084,17.9257408003397,-3.54346769470956,SSNMDI,cd14.monocytes
2085,34.8037721924012,3.60703735382552,SSNMDI,cd14.monocytes
2086,27.4694059977708,-25.6693079345505,SSNMDI,cd14.monocytes
2087,35.9645150822391,-30.8516787820196,SSNMDI,cd14.monocytes
2088,24.2100044213926,-37.7184007834877,SSNMDI,cd14.monocytes
2089,26.1694254805388,-15.3622763239259,SSNMDI,cd14.monocytes
2090,28.3848362820052,-22.8069168406425,SSNMDI,cd14.monocytes
2091,29.8746561033827,3.17411234448419,SSNMDI,cd14.monocytes
2092,28.2345607795581,-19.0656725858817,SSNMDI,cd14.monocytes
2093,24.8312993418523,-34.2745790739119,SSNMDI,cd14.monocytes
2094,24.2476468760607,-21.6567378068304,SSNMDI,cd14.monocytes
2095,30.5452573566847,-20.1780339017781,SSNMDI,cd14.monocytes
2096,12.1668019250795,5.87916433248533,SSNMDI,cd14.monocytes
2097,33.4151349169366,-28.5019346350885,SSNMDI,cd14.monocytes
2098,14.4907847416359,4.46170022088392,SSNMDI,cd14.monocytes
2099,30.4803609278835,-20.2138749413909,SSNMDI,cd14.monocytes
2100,26.7471910757103,-34.4589509690501,SSNMDI,cd14.monocytes
2101,40.0755979469368,-3.96278294058773,SSNMDI,cd14.monocytes
2102,26.6832322038326,-25.2658850454344,SSNMDI,cd14.monocytes
2103,29.243041234501,-30.2107101575344,SSNMDI,cd14.monocytes
2104,35.7224268606602,-31.3977911026284,SSNMDI,cd14.monocytes
2105,32.7615444643328,-31.7740542041918,SSNMDI,cd14.monocytes
2106,30.6499202020979,0.221913361050956,SSNMDI,cd14.monocytes
2107,24.7011273959375,-4.3906368884282,SSNMDI,cd14.monocytes
2108,22.8434519048652,-38.3495628653388,SSNMDI,cd14.monocytes
2109,28.4398476120186,-0.520840355649931,SSNMDI,cd14.monocytes
2110,29.1555211716384,1.39228863540441,SSNMDI,cd14.monocytes
2111,24.6816198918683,-23.0566421894027,SSNMDI,cd14.monocytes
2112,36.0646789648286,0.3697939485069,SSNMDI,cd14.monocytes
2113,28.6328542380455,-22.9610464351141,SSNMDI,cd14.monocytes
2114,42.9572103893658,-2.49243549883969,SSNMDI,cd14.monocytes
2115,31.9349360775782,-27.8276987723281,SSNMDI,cd14.monocytes
2116,29.0314927865418,-33.6011301493783,SSNMDI,cd14.monocytes
2117,14.8230569566565,-1.43110312090769,SSNMDI,cd14.monocytes
2118,40.25750564686,-4.28415010767034,SSNMDI,cd14.monocytes
2119,29.771180188131,4.07866736497989,SSNMDI,cd14.monocytes
2120,-4.00862437489743,0.616737264035068,SSNMDI,cd14.monocytes
2121,-4.83501553715222,-0.929684011029615,SSNMDI,cd14.monocytes
2122,33.8604158971413,-30.3508933770647,SSNMDI,cd14.monocytes
2123,25.6511570243502,-34.8025503033263,SSNMDI,cd14.monocytes
2124,40.3099372993343,-4.60533163525172,SSNMDI,cd14.monocytes
2125,43.859018967905,-2.99768482959213,SSNMDI,cd14.monocytes
2126,43.5359845606172,-2.776713267511,SSNMDI,cd14.monocytes
2127,33.1320979726877,-27.8402016971169,SSNMDI,cd14.monocytes
2128,31.6974573392922,-27.215725092551,SSNMDI,cd14.monocytes
2129,39.5490343105509,-0.800183309285847,SSNMDI,cd14.monocytes
2130,26.8138720896446,-11.8845746666247,SSNMDI,cd14.monocytes
2131,19.412467937012,4.08650285477764,SSNMDI,cd14.monocytes
2132,30.4217243452201,-9.99291323946982,SSNMDI,cd14.monocytes
2133,26.155101055427,-29.5986316919093,SSNMDI,cd14.monocytes
2134,36.0714630409777,-31.0177045181577,SSNMDI,cd14.monocytes
2135,25.7325919448188,-1.84756470346738,SSNMDI,cd14.monocytes
2136,21.9475605779814,-35.7624007182912,SSNMDI,cd14.monocytes
2137,31.3999953340462,-31.3355292922785,SSNMDI,cd14.monocytes
2138,32.889642954307,-26.4123131732662,SSNMDI,cd14.monocytes
2139,24.7868501871258,-4.98732389326146,SSNMDI,cd14.monocytes
2140,40.1142906747464,-0.94515422781596,SSNMDI,cd14.monocytes
2141,22.5159605271866,-28.1132837646993,SSNMDI,cd14.monocytes
2142,29.2169265459074,1.12275544981683,SSNMDI,cd14.monocytes
2143,40.7499534705722,-18.8352627029073,SSNMDI,cd14.monocytes
2144,32.6003910035484,-16.3773586794324,SSNMDI,cd14.monocytes
2145,33.286217122693,-28.5388001445492,SSNMDI,cd14.monocytes
2146,37.3179054404293,-30.9799212863565,SSNMDI,cd14.monocytes
2147,22.8834450846562,-27.495478728412,SSNMDI,cd14.monocytes
2148,28.0523173761001,-19.2847680147434,SSNMDI,cd14.monocytes
2149,42.7957291969264,-3.93191558517673,SSNMDI,cd14.monocytes
2150,24.3175702100403,-16.7789185814565,SSNMDI,cd14.monocytes
2151,39.1178957570063,-0.29101173284803,SSNMDI,cd14.monocytes
2152,32.672951682751,-8.40169983274079,SSNMDI,cd14.monocytes
2153,36.7681262020743,-26.2687292693072,SSNMDI,cd14.monocytes
2154,28.6929191918347,-34.6521077413563,SSNMDI,cd14.monocytes
2155,30.4458112858123,0.678519585423328,SSNMDI,cd14.monocytes
2156,37.8327807149555,-25.345083023252,SSNMDI,cd14.monocytes
2157,10.1782412188345,5.01175983296356,SSNMDI,cd14.monocytes
2158,32.4075291665792,-22.9635774047358,SSNMDI,cd14.monocytes
2159,15.9227647085274,6.53549801379876,SSNMDI,cd14.monocytes
2160,32.389339450938,-34.1739352269967,SSNMDI,cd14.monocytes
2161,21.7925717177926,-6.51861478462671,SSNMDI,cd14.monocytes
2162,11.5659820153134,5.58821198822132,SSNMDI,cd14.monocytes
2163,36.7622554214177,-31.812773365243,SSNMDI,cd14.monocytes
2164,9.26297002843865,-3.42560982403069,SSNMDI,cd14.monocytes
2165,35.5222840179713,-26.0821976916529,SSNMDI,cd14.monocytes
2166,26.4482658706292,-15.9381534443249,SSNMDI,cd14.monocytes
2167,24.432311156693,-36.3271622512837,SSNMDI,cd14.monocytes
2168,37.4610498753424,-31.6425639544693,SSNMDI,cd14.monocytes
2169,6.13201648270754,0.170322841511932,SSNMDI,cd14.monocytes
2170,40.473024055903,-31.0903426677171,SSNMDI,cd14.monocytes
2171,24.2379731692629,-7.52023356872828,SSNMDI,cd14.monocytes
2172,21.3460777887234,-8.65330512268313,SSNMDI,cd14.monocytes
2173,18.7901145926735,5.68034696201793,SSNMDI,cd14.monocytes
2174,29.364453627242,3.54755461289185,SSNMDI,cd14.monocytes
2175,20.2431653682146,3.92780658476031,SSNMDI,cd14.monocytes
2176,34.4081174435361,-24.0835252765447,SSNMDI,cd14.monocytes
2177,30.3700236778638,0.513187313037274,SSNMDI,cd14.monocytes
2178,29.4244630875778,-14.2688008521293,SSNMDI,cd14.monocytes
2179,0.777703348108374,0.584348990738235,SSNMDI,cd14.monocytes
2180,34.6914310696579,-24.2611319189453,SSNMDI,cd14.monocytes
2181,34.3242972714593,-29.8172215943827,SSNMDI,cd14.monocytes
2182,38.5153494777918,-2.03746459481337,SSNMDI,cd14.monocytes
2183,20.6430799039805,-8.64463595883794,SSNMDI,cd14.monocytes
2184,37.6664089610036,-32.0112042456345,SSNMDI,cd14.monocytes
2185,27.716378467578,-29.1794832320595,SSNMDI,cd14.monocytes
2186,40.6005073579973,-1.0657640798494,SSNMDI,cd14.monocytes
2187,22.8020009824145,-38.6021536629649,SSNMDI,cd14.monocytes
2188,40.3792349351787,-29.3534722961804,SSNMDI,cd14.monocytes
2189,22.6620839927309,-38.2722085484592,SSNMDI,cd14.monocytes
2190,23.5101553195351,-36.0678462456205,SSNMDI,cd14.monocytes
2191,38.1011220420836,-20.7703606549771,SSNMDI,cd14.monocytes
2192,33.8279031733427,-25.7915914557876,SSNMDI,cd14.monocytes
2193,23.5940389536137,-34.899379080351,SSNMDI,cd14.monocytes
2194,31.228238686648,-6.54669588250617,SSNMDI,cd14.monocytes
2195,30.0944939603486,4.92933593544381,SSNMDI,cd14.monocytes
2196,22.7613869104371,-28.2771577074834,SSNMDI,cd14.monocytes
2197,9.72954164533335,4.37420979137445,SSNMDI,cd14.monocytes
2198,40.8046436319975,-20.5414534197616,SSNMDI,cd14.monocytes
2199,26.0385289885096,-29.3282114422843,SSNMDI,cd14.monocytes
2200,22.6207068304676,-6.1318457141701,SSNMDI,cd14.monocytes
2201,30.0212269972355,5.01556330213363,SSNMDI,cd14.monocytes
2202,32.9337115058447,-30.7215446580432,SSNMDI,cd14.monocytes
2203,29.008134605173,-21.0211556302392,SSNMDI,cd14.monocytes
2204,21.0442714326407,-6.26500174826738,SSNMDI,cd14.monocytes
2205,31.5917761707252,-8.4082993641311,SSNMDI,cd14.monocytes
2206,41.484276055616,-20.2968543522428,SSNMDI,cd14.monocytes
2207,39.1599291563721,-2.6937645273607,SSNMDI,cd14.monocytes
2208,25.8748584544793,-27.0688569847402,SSNMDI,cd14.monocytes
2209,24.1567590598954,-34.9622021446743,SSNMDI,cd14.monocytes
2210,28.0759728851665,-22.2007546417515,SSNMDI,cd14.monocytes
2211,24.0359515687727,-29.3617728244073,SSNMDI,cd14.monocytes
2212,25.152025219594,-21.9669755163269,SSNMDI,cd14.monocytes
2213,40.1813820010015,-4.62487736348556,SSNMDI,cd14.monocytes
2214,33.3105670059864,-7.84560315361534,SSNMDI,cd14.monocytes
2215,30.0309035186473,3.25893024611784,SSNMDI,cd14.monocytes
2216,35.6544735984305,-16.0481597466413,SSNMDI,cd14.monocytes
2217,39.9675956445847,-3.86738936411649,SSNMDI,cd14.monocytes
2218,40.3673314956911,-30.1572518517639,SSNMDI,cd14.monocytes
2219,28.3816410737845,-11.2787853275605,SSNMDI,cd14.monocytes
2220,39.4082241625229,-28.5167544554648,SSNMDI,cd14.monocytes
2221,20.8686139443855,5.05615640750348,SSNMDI,cd14.monocytes
2222,36.9952799163386,-22.3971489217475,SSNMDI,cd14.monocytes
2223,30.1721156241176,5.2482270710934,SSNMDI,cd14.monocytes
2224,29.4802718138472,-10.1840184539489,SSNMDI,cd14.monocytes
2225,28.4055985310623,-30.3706640638211,SSNMDI,cd14.monocytes
2226,38.4106883246099,-2.85310132194062,SSNMDI,cd14.monocytes
2227,32.7521623884519,-4.64962341366129,SSNMDI,cd14.monocytes
2228,14.9516398783766,-6.28523371194817,SSNMDI,cd14.monocytes
2229,17.6938960538551,-7.27895288434744,SSNMDI,cd14.monocytes
2230,29.3937077751593,-29.1911920549347,SSNMDI,cd14.monocytes
2231,41.7909620617065,-17.2020536161028,SSNMDI,cd14.monocytes
2232,22.045796199168,-4.25345520429624,SSNMDI,cd14.monocytes
2233,30.3387385852993,-13.624012577549,SSNMDI,cd14.monocytes
2234,10.6217243838312,1.23107334344877,SSNMDI,cd14.monocytes
2235,17.5563232623816,-2.76883871591016,SSNMDI,cd14.monocytes
2236,26.7499554177974,-26.2447706924576,SSNMDI,cd14.monocytes
2237,30.0778421746253,-35.5844371312794,SSNMDI,cd14.monocytes
2238,29.6486437962386,-19.5804048749563,SSNMDI,cd14.monocytes
2239,33.8755078216363,-22.2657322352437,SSNMDI,cd14.monocytes
2240,26.4904625678075,3.02854980913023,SSNMDI,cd14.monocytes
2241,15.6085382269048,-6.26581009603115,SSNMDI,cd14.monocytes
2242,32.8314374996635,-15.8977820386148,SSNMDI,cd14.monocytes
2243,41.4555790774934,-20.6627333727644,SSNMDI,cd14.monocytes
2244,22.4337589495254,-27.5283088631766,SSNMDI,cd14.monocytes
2245,36.9205796473487,-30.2914137996513,SSNMDI,cd14.monocytes
2246,27.7891272262049,-9.6823630860997,SSNMDI,cd14.monocytes
2247,35.4554344908831,-4.10511236712742,SSNMDI,cd14.monocytes
2248,24.4572064611103,-16.5870506759133,SSNMDI,cd14.monocytes
2249,45.9587235915564,-18.3359149579859,SSNMDI,cd14.monocytes
2250,29.5512498101524,-26.5863393437856,SSNMDI,cd14.monocytes
2251,22.6998492429268,-34.5639993315576,SSNMDI,cd14.monocytes
2252,30.6774316267047,-24.1483511508585,SSNMDI,cd14.monocytes
2253,26.6034091631299,-8.21642466952078,SSNMDI,cd14.monocytes
2254,18.4702202731479,-1.76790516675003,SSNMDI,cd14.monocytes
2255,27.3037233315887,2.27831202547689,SSNMDI,cd14.monocytes
2256,39.7545516790331,-29.6133736931325,SSNMDI,cd14.monocytes
2257,40.4298670182941,-30.8588893577192,SSNMDI,cd14.monocytes
2258,32.9060247835239,-10.4609952458786,SSNMDI,cd14.monocytes
2259,23.3001700406042,-24.5519273161034,SSNMDI,cd14.monocytes
2260,26.0981791994071,-34.317135434276,SSNMDI,cd14.monocytes
2261,24.9068011313326,-7.98167061234306,SSNMDI,cd14.monocytes
2262,26.2221406607122,-34.0529562765363,SSNMDI,cd14.monocytes
2263,40.074814521966,-29.3969506469144,SSNMDI,cd14.monocytes
2264,31.6714513609016,-24.9239036678324,SSNMDI,cd14.monocytes
2265,35.6482216261804,-16.0770668766385,SSNMDI,cd14.monocytes
2266,38.3689807866911,-0.934340745979186,SSNMDI,cd14.monocytes
2267,28.1578418875619,-22.2273177306492,SSNMDI,cd14.monocytes
2268,39.6423749230536,-0.527023359648558,SSNMDI,cd14.monocytes
2269,22.9406621655509,-38.5975077829553,SSNMDI,cd14.monocytes
2270,37.1734445800248,0.51385736042971,SSNMDI,cd14.monocytes
2271,48.4554093648041,-20.4889641828539,SSNMDI,cd14.monocytes
2272,29.992961342196,-32.9852051610613,SSNMDI,cd14.monocytes
2273,25.1232166310667,-27.1609913254988,SSNMDI,cd14.monocytes
2274,32.9155105062565,-10.6658984261182,SSNMDI,cd14.monocytes
2275,19.3382947317351,2.57108752467243,SSNMDI,cd14.monocytes
2276,38.3519907207246,-2.70543832051129,SSNMDI,cd14.monocytes
2277,22.5792842379964,-27.794456002407,SSNMDI,cd14.monocytes
2278,15.8252587908505,-3.57699913864292,SSNMDI,cd14.monocytes
2279,27.95518094451,-34.3559431314611,SSNMDI,cd14.monocytes
2280,27.0721349484097,-1.58030761812887,SSNMDI,cd14.monocytes
2281,37.9996830802086,-24.9641662915483,SSNMDI,cd14.monocytes
2282,23.7919364828699,-38.0955315531695,SSNMDI,cd14.monocytes
2283,34.2147387998432,-29.872658889433,SSNMDI,cd14.monocytes
2284,40.1238012373562,-0.872048668889777,SSNMDI,cd14.monocytes
2285,17.5216641583132,5.51318368695746,SSNMDI,cd14.monocytes
2286,40.3033210726629,-0.68388631736825,SSNMDI,cd14.monocytes
2287,28.8319769555801,-26.5956352443313,SSNMDI,cd14.monocytes
2288,25.4479843136107,-16.8658982733213,SSNMDI,cd14.monocytes
2289,25.8858842585088,3.02734412871151,SSNMDI,cd14.monocytes
2290,34.9375816119961,-4.35282145965763,SSNMDI,cd14.monocytes
2291,29.9059277531719,-30.393718421799,SSNMDI,cd14.monocytes
2292,-26.0018819626684,17.8286986658737,SSNMDI,cd14.monocytes
2293,26.7116632894075,1.97411449371545,SSNMDI,cd14.monocytes
2294,22.8062644145891,-38.0114384451112,SSNMDI,cd14.monocytes
2295,23.7114309713366,-27.8637940378101,SSNMDI,cd14.monocytes
2296,26.2166658652085,-17.9736809298014,SSNMDI,cd14.monocytes
2297,21.3437359517294,7.50469896381353,SSNMDI,cd14.monocytes
2298,38.8955614740064,-19.644808006429,SSNMDI,cd14.monocytes
2299,23.1963187623788,-26.9656574093437,SSNMDI,cd14.monocytes
2300,25.002667527516,-8.47260410972194,SSNMDI,cd14.monocytes
2301,23.3851442230794,-35.2852036440397,SSNMDI,cd14.monocytes
2302,37.107930682372,-23.387581017805,SSNMDI,cd14.monocytes
2303,25.6648120651413,1.95674181792042,SSNMDI,cd14.monocytes
2304,28.8886399653918,-34.5275066965757,SSNMDI,cd14.monocytes
2305,27.1690353783757,-35.5765541982701,SSNMDI,cd14.monocytes
2306,37.7366677193647,-19.556783149275,SSNMDI,cd14.monocytes
2307,15.371917813134,-4.32992012480048,SSNMDI,cd14.monocytes
2308,18.2088114722484,3.81419518522181,SSNMDI,cd14.monocytes
2309,27.0440707313564,-28.6122493209356,SSNMDI,cd14.monocytes
2310,31.3090341561701,-6.86507851843931,SSNMDI,cd14.monocytes
2311,29.6944983110429,-1.4890762677556,SSNMDI,cd14.monocytes
2312,25.7962077567625,-33.7801955939378,SSNMDI,cd14.monocytes
2313,30.4763321159067,-13.6727204745276,SSNMDI,cd14.monocytes
2314,14.3235798735149,3.34321404125363,SSNMDI,cd14.monocytes
2315,16.9098482185171,2.45380444462998,SSNMDI,cd14.monocytes
2316,27.2193008674272,-19.1425410082858,SSNMDI,cd14.monocytes
2317,17.3212403496505,-2.04167375191837,SSNMDI,cd14.monocytes
2318,38.2014540426182,-26.963079000163,SSNMDI,cd14.monocytes
2319,12.7626174993771,5.145944869809,SSNMDI,cd14.monocytes
2320,38.6148974609863,-20.0778008675733,SSNMDI,cd14.monocytes
2321,34.0242023687927,-4.32577281770326,SSNMDI,cd14.monocytes
2322,38.8075894627335,-28.6525551342758,SSNMDI,cd14.monocytes
2323,31.1377489852194,-30.4645405901752,SSNMDI,cd14.monocytes
2324,18.8391676562501,-6.42151082900972,SSNMDI,cd14.monocytes
2325,25.9172812183189,-38.4738123710635,SSNMDI,cd14.monocytes
2326,35.6296623425664,0.949156140792571,SSNMDI,cd14.monocytes
2327,10.9784874720411,6.42056159118147,SSNMDI,cd14.monocytes
2328,39.4443290668976,-29.18059581371,SSNMDI,cd14.monocytes
2329,32.1859405476478,-24.364812432588,SSNMDI,cd14.monocytes
2330,40.3682894185508,-20.6777190018561,SSNMDI,cd14.monocytes
2331,35.8166196942584,-32.5107247833828,SSNMDI,cd14.monocytes
2332,27.8797199840102,-12.1444603475893,SSNMDI,cd14.monocytes
2333,23.0670420221261,-7.34976669014422,SSNMDI,cd14.monocytes
2334,32.4418422289554,-34.9297575929027,SSNMDI,cd14.monocytes
2335,17.1649104016839,2.13941278226005,SSNMDI,cd14.monocytes
2336,25.4838639066653,-1.6214947217723,SSNMDI,cd14.monocytes
2337,33.7645484835727,-29.7351731791357,SSNMDI,cd14.monocytes
2338,23.5942892928023,2.80644166308631,SSNMDI,cd14.monocytes
2339,26.3420251898155,-36.5229904820187,SSNMDI,cd14.monocytes
2340,33.3239657975826,-15.9973406859775,SSNMDI,cd14.monocytes
2341,41.7755435495215,-19.4731925763504,SSNMDI,cd14.monocytes
2342,40.2784880443229,-3.95137047099513,SSNMDI,cd14.monocytes
2343,27.3844951915465,-2.5840717222396,SSNMDI,cd14.monocytes
2344,23.9075722596427,-37.1998871375939,SSNMDI,cd14.monocytes
2345,32.1701928869807,-13.3696351623201,SSNMDI,cd14.monocytes
2346,39.8236292327344,-3.19595952630374,SSNMDI,cd14.monocytes
2347,24.0053422089524,-36.4056081154716,SSNMDI,cd14.monocytes
2348,31.8372780441496,-22.9448576317998,SSNMDI,cd14.monocytes
2349,45.8750649260343,-18.2807075276649,SSNMDI,cd14.monocytes
2350,39.825873549291,-18.2962289616278,SSNMDI,cd14.monocytes
2351,28.8246290327662,-33.7299630857884,SSNMDI,cd14.monocytes
2352,13.1511446052913,3.47455463750733,SSNMDI,cd14.monocytes
2353,29.8788567754892,-29.6367859485233,SSNMDI,cd14.monocytes
2354,26.6550671199911,-14.5526848359526,SSNMDI,cd14.monocytes
2355,39.916366598503,-28.8393815922571,SSNMDI,cd14.monocytes
2356,23.3615508610041,-34.7488562644022,SSNMDI,cd14.monocytes
2357,26.5283703471152,-31.4403364621447,SSNMDI,cd14.monocytes
2358,22.6718554399755,5.65442786094685,SSNMDI,cd14.monocytes
2359,42.0515687802422,-17.0625482186589,SSNMDI,cd14.monocytes
2360,-3.90962074585982,-1.09053207499693,SSNMDI,cd14.monocytes
2361,37.8766534207094,-1.98819664466957,SSNMDI,cd14.monocytes
2362,33.056498881288,-4.86312938543666,SSNMDI,cd14.monocytes
2363,32.8590964666416,-23.6767895368976,SSNMDI,cd14.monocytes
2364,13.8210644565358,-6.24293307178137,SSNMDI,cd14.monocytes
2365,30.9647052617671,-6.73055679072833,SSNMDI,cd14.monocytes
2366,23.286948954896,-23.6861595965324,SSNMDI,cd14.monocytes
2367,34.9747386134872,-31.1517169577446,SSNMDI,cd14.monocytes
2368,31.8077645404166,-16.4176713336431,SSNMDI,cd14.monocytes
2369,22.3923035633124,1.46389572020813,SSNMDI,cd14.monocytes
2370,29.6353692201822,-33.6900671034452,SSNMDI,cd14.monocytes
2371,25.9281891770487,-33.5648993533946,SSNMDI,cd14.monocytes
2372,29.2880887183408,-26.4175464881341,SSNMDI,cd14.monocytes
2373,21.1651433305132,-3.31993639893795,SSNMDI,cd14.monocytes
2374,38.8278875879438,-30.0886035004538,SSNMDI,cd14.monocytes
2375,29.7092758502396,-29.8947789671734,SSNMDI,cd14.monocytes
2376,29.8687922965033,-18.7100401041733,SSNMDI,cd14.monocytes
2377,27.3017106038801,-12.8026599974388,SSNMDI,cd14.monocytes
2378,28.3129983752375,-7.16279732005672,SSNMDI,cd14.monocytes
2379,50.0754477714976,-1.33596456366036,SSNMDI,cd14.monocytes
2380,22.7017883585617,-38.5138945055895,SSNMDI,cd14.monocytes
2381,29.2851532183245,-29.534094389596,SSNMDI,cd14.monocytes
2382,25.2504390270212,-4.64183434991075,SSNMDI,cd14.monocytes
2383,22.3973407868795,-7.96803961942153,SSNMDI,cd14.monocytes
2384,48.1230519126488,-22.7906176891994,SSNMDI,cd14.monocytes
2385,26.6438760216375,-9.01286570113961,SSNMDI,cd14.monocytes
2386,38.6422721308495,-27.4503367687501,SSNMDI,cd14.monocytes
2387,23.1733049155322,-26.6828518020469,SSNMDI,cd14.monocytes
2388,12.6331272449545,-3.23738450384133,SSNMDI,cd14.monocytes
2389,36.9471038090103,-31.8931349247058,SSNMDI,cd14.monocytes
2390,23.0090711757099,-35.766093348698,SSNMDI,cd14.monocytes
2391,30.6629074418364,-35.5116108033144,SSNMDI,cd14.monocytes
2392,20.4755458749687,-8.40671251418924,SSNMDI,cd14.monocytes
2393,-37.6258596915022,-25.0829589853241,SSNMDI,cd14.monocytes
2394,-29.3539345443342,-6.59485936115677,SSNMDI,cd14.monocytes
2395,-43.0686649113375,-32.417731476428,SSNMDI,cd14.monocytes
2396,-21.320521858658,-13.5466547602035,SSNMDI,cd14.monocytes
2397,-27.0340977472516,-31.4084770306661,SSNMDI,cd14.monocytes
2398,-31.8541204950513,-25.915253393166,SSNMDI,cd14.monocytes
2399,-40.1119449125865,-5.274912967852,SSNMDI,cd14.monocytes
2400,-42.6256184079342,-31.5636217953055,SSNMDI,cd14.monocytes
2401,-26.65336418065,-21.3529799993345,SSNMDI,cd14.monocytes
2402,-16.0182319788787,-11.9481834873642,SSNMDI,cd14.monocytes
2403,-41.8708696777017,1.84124536435881,SSNMDI,cd14.monocytes
2404,-14.4591578776938,-12.1088668879357,SSNMDI,cd14.monocytes
2405,-25.0834596498927,-4.67321575278402,SSNMDI,cd14.monocytes
2406,-9.15348666197226,-10.672901512042,SSNMDI,cd14.monocytes
2407,-32.7785314178655,-11.0383101248678,SSNMDI,cd14.monocytes
2408,-35.9571775562675,-1.81589161088117,SSNMDI,cd14.monocytes
2409,-37.7955534952842,-6.85157585702163,SSNMDI,cd14.monocytes
2410,-37.6620598459965,-23.7113907904199,SSNMDI,cd14.monocytes
2411,-30.7253436568867,-11.7242794821601,SSNMDI,cd14.monocytes
2412,-15.4878077305527,-9.3790478075132,SSNMDI,cd14.monocytes
2413,-33.8925309742268,-21.6800568215641,SSNMDI,cd14.monocytes
2414,-11.4823468468688,-28.9481876492171,SSNMDI,cd14.monocytes
2415,-36.2793811101774,-1.40060020488446,SSNMDI,cd14.monocytes
2416,-34.2359015752402,-1.20454223126713,SSNMDI,cd14.monocytes
2417,-43.9527520469343,-33.69630045222,SSNMDI,cd14.monocytes
2418,-34.453689189616,-27.7922451760985,SSNMDI,cd14.monocytes
2419,-22.7374071865818,-6.94190443337374,SSNMDI,cd14.monocytes
2420,-20.4144555556275,-15.8295192483483,SSNMDI,cd14.monocytes
2421,-31.5495633465151,-26.1589923059271,SSNMDI,cd14.monocytes
2422,-32.4826525744186,-30.5471272908866,SSNMDI,cd14.monocytes
2423,-35.5202748858255,-9.32077679107615,SSNMDI,cd14.monocytes
2424,-37.8810869437505,1.96861044596735,SSNMDI,cd14.monocytes
2425,-26.1292882011854,-11.8441947223476,SSNMDI,cd14.monocytes
2426,-37.0933077743676,2.3178897992845,SSNMDI,cd14.monocytes
2427,-16.2493025060162,-13.1459469826459,SSNMDI,cd14.monocytes
2428,-21.8611330640302,-7.25885173803376,SSNMDI,cd14.monocytes
2429,-17.3233736138361,-8.36375650878099,SSNMDI,cd14.monocytes
2430,-17.7498941613546,-6.48440568879002,SSNMDI,cd14.monocytes
2431,-25.2515937919286,-5.60755877900331,SSNMDI,cd14.monocytes
2432,-43.392810666594,-33.012800131987,SSNMDI,cd14.monocytes
2433,-21.8219797177552,-22.3251502031489,SSNMDI,cd14.monocytes
2434,-18.4977284311299,-10.7947866820317,SSNMDI,cd14.monocytes
2435,-41.7097879424186,-5.07791778677831,SSNMDI,cd14.monocytes
2436,-38.5239437112069,-15.1040249664696,SSNMDI,cd14.monocytes
2437,-34.9481979823197,-22.3590180001843,SSNMDI,cd14.monocytes
2438,-43.4557765355911,-33.1117235697613,SSNMDI,cd14.monocytes
2439,-39.66059761132,-14.9902658988599,SSNMDI,cd14.monocytes
2440,-28.9486372750072,-19.9163733080995,SSNMDI,cd14.monocytes
2441,-23.2374121969658,-27.6255518107155,SSNMDI,cd14.monocytes
2442,-35.2689789446196,-1.55363979817464,SSNMDI,cd14.monocytes
2443,-16.0120171841393,-6.2527820197083,SSNMDI,cd14.monocytes
2444,-25.7000387977933,-4.45589130200825,SSNMDI,cd14.monocytes
2445,-39.4298965699052,-2.54335952370617,SSNMDI,cd14.monocytes
2446,-32.2380617056483,-22.9522486613643,SSNMDI,cd14.monocytes
2447,-27.9414147402712,-4.17035904369297,SSNMDI,cd14.monocytes
2448,-14.2728770876095,-9.29964697854792,SSNMDI,cd14.monocytes
2449,-17.6414034971249,-7.10593497153605,SSNMDI,cd14.monocytes
2450,-35.1701007957188,-21.805913028577,SSNMDI,cd14.monocytes
2451,-26.2819715529645,-14.149342530115,SSNMDI,cd14.monocytes
2452,-21.1815669635671,-27.6051012912218,SSNMDI,cd14.monocytes
2453,-33.80354403125,-6.86120538384819,SSNMDI,cd14.monocytes
2454,-21.1735492245526,-8.20182873606533,SSNMDI,cd14.monocytes
2455,-29.3668374500921,-5.78712991637232,SSNMDI,cd14.monocytes
2456,-20.2676650737762,-4.46987522204686,SSNMDI,cd14.monocytes
2457,-43.020865930753,-32.5785996529807,SSNMDI,cd14.monocytes
2458,-24.6817960262373,-26.1336534531494,SSNMDI,cd14.monocytes
2459,-35.630992584716,-7.77649928907827,SSNMDI,cd14.monocytes
2460,-36.9552439990851,-0.36590953338295,SSNMDI,cd14.monocytes
2461,-17.5422014810681,-17.5151985325388,SSNMDI,cd14.monocytes
2462,-43.8988015489458,-0.993726519767772,SSNMDI,cd14.monocytes
2463,-20.9186072535681,-14.3538393962175,SSNMDI,cd14.monocytes
2464,-35.7570921252687,0.372194295054942,SSNMDI,cd14.monocytes
2465,-23.4614430677302,-17.6779142804545,SSNMDI,cd14.monocytes
2466,-26.8321732828409,-19.5517705871192,SSNMDI,cd14.monocytes
2467,-18.1341335992906,-7.92526103751662,SSNMDI,cd14.monocytes
2468,-21.3719557158598,-15.3356245397325,SSNMDI,cd14.monocytes
2469,-33.7507748670073,-9.65448742273707,SSNMDI,cd14.monocytes
2470,-34.6021847349885,-28.9710493794861,SSNMDI,cd14.monocytes
2471,-33.394330203987,-19.1997532461871,SSNMDI,cd14.monocytes
2472,-23.5739394371869,-6.34447868087953,SSNMDI,cd14.monocytes
2473,-32.5406867460503,-25.1268137363384,SSNMDI,cd14.monocytes
2474,-17.0495443997267,-10.422722739205,SSNMDI,cd14.monocytes
2475,-16.0813893786201,-13.8790342997963,SSNMDI,cd14.monocytes
2476,-38.4871673870134,-14.679110762116,SSNMDI,cd14.monocytes
2477,-32.4272295041874,-22.495193337695,SSNMDI,cd14.monocytes
2478,-20.0120078676537,-3.1653153750114,SSNMDI,cd14.monocytes
2479,-31.0112272219489,-17.7210466711046,SSNMDI,cd14.monocytes
2480,-32.1750725281107,-13.5167104600439,SSNMDI,cd14.monocytes
2481,-37.9438274320242,-4.18246645267066,SSNMDI,cd14.monocytes
2482,-16.2066274952277,-14.7493815760352,SSNMDI,cd14.monocytes
2483,-40.0381020560011,-3.26452120971227,SSNMDI,cd14.monocytes
2484,-23.1974999405602,-27.2317663603129,SSNMDI,cd14.monocytes
2485,-23.9292937614967,-18.2335706585779,SSNMDI,cd14.monocytes
2486,-31.7460872055167,-14.3302898230887,SSNMDI,cd14.monocytes
2487,-39.8663305261797,-10.7058051070687,SSNMDI,cd14.monocytes
2488,-28.1492589698412,-5.58348020774844,SSNMDI,cd14.monocytes
2489,-37.5946191056879,-25.5116301954892,SSNMDI,cd14.monocytes
2490,-35.28201576366,-26.956328701151,SSNMDI,cd14.monocytes
2491,-45.1195779311346,-30.654708475854,SSNMDI,cd14.monocytes
2492,-33.9970820470088,-32.0606266740712,SSNMDI,cd14.monocytes
2493,-18.8341964118176,-13.6758875799477,SSNMDI,cd14.monocytes
2494,-32.5779540154083,-26.1033455157412,SSNMDI,cd14.monocytes
2495,-32.2383450951963,-9.44871112785952,SSNMDI,cd14.monocytes
2496,-44.2470973035373,-32.9177819795493,SSNMDI,cd14.monocytes
2497,-22.2154326637271,-21.6941536127419,SSNMDI,cd14.monocytes
2498,-24.2611866354365,-19.1895500914458,SSNMDI,cd14.monocytes
2499,-21.684428975148,-4.51707313496519,SSNMDI,cd14.monocytes
2500,-36.6314994670172,-25.4380137989346,SSNMDI,cd14.monocytes
2501,-34.4529638694741,-26.2074090538342,SSNMDI,cd14.monocytes
2502,-38.970057318469,-28.8173044470318,SSNMDI,cd14.monocytes
2503,-23.7059570574497,-5.59518088426869,SSNMDI,cd14.monocytes
2504,-26.5414353746864,-22.7060498317024,SSNMDI,cd14.monocytes
2505,-40.3611672260376,0.59307105969421,SSNMDI,cd14.monocytes
2506,-12.348310552,-10.450675380421,SSNMDI,cd14.monocytes
2507,-25.1051340937688,-26.3530849128233,SSNMDI,cd14.monocytes
2508,-40.9233534198773,0.18396865236145,SSNMDI,cd14.monocytes
2509,-33.7112336912284,-4.85996224962793,SSNMDI,cd14.monocytes
2510,-35.7315372000155,-26.9302214761397,SSNMDI,cd14.monocytes
2511,-23.8434857334576,-18.714448673656,SSNMDI,cd14.monocytes
2512,-35.5068245356156,-18.7033336694523,SSNMDI,cd14.monocytes
2513,-37.3456649528653,-29.0506715570082,SSNMDI,cd14.monocytes
2514,-19.853940854786,-13.6226911700897,SSNMDI,cd14.monocytes
2515,-13.4587321990988,-11.5458520377148,SSNMDI,cd14.monocytes
2516,-21.9765439785896,-20.4819983398647,SSNMDI,cd14.monocytes
2517,-26.1864095889427,-4.74799731267116,SSNMDI,cd14.monocytes
2518,-24.6808430592578,-17.2048048103269,SSNMDI,cd14.monocytes
2519,-38.6278321893453,-14.7294606080176,SSNMDI,cd14.monocytes
2520,-22.819041838378,-12.4922902053857,SSNMDI,cd14.monocytes
2521,-41.1709442024836,-2.97743844647194,SSNMDI,cd14.monocytes
2522,-31.0717895166177,-10.2971555063548,SSNMDI,cd14.monocytes
2523,-36.1064458862572,-2.57805534198713,SSNMDI,cd14.monocytes
2524,-22.5728943363259,-13.1697538128875,SSNMDI,cd14.monocytes
2525,-18.760711885106,-14.3351146091038,SSNMDI,cd14.monocytes
2526,-18.5677849878214,-8.42296578446839,SSNMDI,cd14.monocytes
2527,-24.2476498383808,-11.6463226246934,SSNMDI,cd14.monocytes
2528,-8.98156390855694,-10.4880539847103,SSNMDI,cd14.monocytes
2529,-39.1682496078651,-10.3732509617483,SSNMDI,cd14.monocytes
2530,-34.9115903155409,-18.4989429639515,SSNMDI,cd14.monocytes
2531,-13.5153730655737,-9.06152197884431,SSNMDI,cd14.monocytes
2532,-35.5138399756087,-9.151041618086,SSNMDI,cd14.monocytes
2533,-19.1097378939536,-11.7063495812786,SSNMDI,cd14.monocytes
2534,-41.0807944262826,-30.9897241300914,SSNMDI,cd14.monocytes
2535,-25.1950472670613,-3.16029860281343,SSNMDI,cd14.monocytes
2536,-37.4850534875446,-28.6611143235208,SSNMDI,cd14.monocytes
2537,-44.1577205383857,-31.7660450967516,SSNMDI,cd14.monocytes
2538,-24.5363880914365,-4.14853778031871,SSNMDI,cd14.monocytes
2539,-37.2788511989794,-5.99690853964264,SSNMDI,cd14.monocytes
2540,-26.3583186607857,-23.935418548067,SSNMDI,cd14.monocytes
2541,-30.0589717777678,-13.6263206247042,SSNMDI,cd14.monocytes
2542,-27.892183013098,-23.0084785205512,SSNMDI,cd14.monocytes
2543,-43.6561416803541,-0.628072454219307,SSNMDI,cd14.monocytes
2544,-23.3073315387749,-6.73688033502158,SSNMDI,cd14.monocytes
2545,-34.0974081482348,-27.536840319714,SSNMDI,cd14.monocytes
2546,-10.9331002930505,-10.4732289440884,SSNMDI,cd14.monocytes
2547,-11.1945903303097,-11.0659121199995,SSNMDI,cd14.monocytes
2548,-23.4751019629661,-6.39719962387207,SSNMDI,cd14.monocytes
2549,-42.3057468755129,-32.5271602970998,SSNMDI,cd14.monocytes
2550,-24.5635664464292,-11.7614857607529,SSNMDI,cd14.monocytes
2551,-26.1398390568779,-8.51337680001895,SSNMDI,cd14.monocytes
2552,-22.6383423332198,-2.96907207678779,SSNMDI,cd14.monocytes
2553,-33.4179613959912,-5.29307727318466,SSNMDI,cd14.monocytes
2554,-31.6942472660436,-26.8519340608455,SSNMDI,cd14.monocytes
2555,-19.7800831467173,-13.3039960844583,SSNMDI,cd14.monocytes
2556,-22.9896084561795,-12.0721605939374,SSNMDI,cd14.monocytes
2557,-31.6660150161246,-12.7171228772836,SSNMDI,cd14.monocytes
2558,-24.508693373869,-13.5389828392121,SSNMDI,cd14.monocytes
2559,-23.0566559102589,-24.269313813739,SSNMDI,cd14.monocytes
2560,-35.7445640123519,-0.520259695245067,SSNMDI,cd14.monocytes
2561,-37.5235871993395,-6.32993706543785,SSNMDI,cd14.monocytes
2562,-22.96065789587,-26.9716885031363,SSNMDI,cd14.monocytes
2563,-43.4447537885976,-32.2865058691731,SSNMDI,cd14.monocytes
2564,-40.9598186753529,2.48736463945091,SSNMDI,cd14.monocytes
2565,-28.034731533791,-32.6888870596837,SSNMDI,cd14.monocytes
2566,-34.1716551239928,-29.8477068630261,SSNMDI,cd14.monocytes
2567,-1.67447082616944,12.2383366397654,SSNMDI,cd14.monocytes
2568,-39.6431151829283,-15.1037992173775,SSNMDI,cd14.monocytes
2569,-41.5056505771306,-31.2348834799028,SSNMDI,cd14.monocytes
2570,-32.5112230016698,-29.2046664388263,SSNMDI,cd14.monocytes
2571,-35.151582031634,-18.7594263254918,SSNMDI,cd14.monocytes
2572,-35.5858072949646,0.505515827954377,SSNMDI,cd14.monocytes
2573,-12.3547263338283,-14.0524767259093,SSNMDI,cd14.monocytes
2574,-40.4524138177809,0.738527870318557,SSNMDI,cd14.monocytes
2575,-36.5708494567777,-23.3279906798351,SSNMDI,cd14.monocytes
2576,-26.3887235072308,-23.9465114300505,SSNMDI,cd14.monocytes
2577,-15.4557704778305,-14.6166054438379,SSNMDI,cd14.monocytes
2578,-36.6157867170577,-4.81092796883411,SSNMDI,cd14.monocytes
2579,-30.6097188787832,-17.9180704957407,SSNMDI,cd14.monocytes
2580,-24.6124036900577,-12.8676875318925,SSNMDI,cd14.monocytes
2581,-26.3740357818892,-8.09950068450527,SSNMDI,cd14.monocytes
2582,-25.9168371054893,-21.0330983872443,SSNMDI,cd14.monocytes
2583,-20.7918767324448,-21.0180428678268,SSNMDI,cd14.monocytes
2584,-36.6296488066129,1.59049913837991,SSNMDI,cd14.monocytes
2585,-30.6246159572081,-14.5713256973718,SSNMDI,cd14.monocytes
2586,-26.1333744665768,-21.0213408991046,SSNMDI,cd14.monocytes
2587,-16.6554628867986,-10.8520614904586,SSNMDI,cd14.monocytes
2588,-26.4272482987454,-8.19487626439004,SSNMDI,cd14.monocytes
2589,-35.2125069089324,-27.8697786784232,SSNMDI,cd14.monocytes
2590,-39.0912978317735,1.9412480929313,SSNMDI,cd14.monocytes
2591,-24.2146479264613,-3.80477878189056,SSNMDI,cd14.monocytes
2592,-23.6658526139916,-26.2567246819709,SSNMDI,cd14.monocytes
2593,-31.0732873287361,-6.20829829189965,SSNMDI,cd14.monocytes
2594,-22.7260742892832,-23.7425761012405,SSNMDI,cd14.monocytes
2595,-37.3509382077471,-28.3966235942059,SSNMDI,cd14.monocytes
2596,-32.4427699614243,-15.6881191088017,SSNMDI,cd14.monocytes
2597,-37.9598878413784,1.15289919612384,SSNMDI,cd14.monocytes
2598,-25.6817337687653,-23.2435424375669,SSNMDI,cd14.monocytes
2599,-32.6867132962413,-9.25008955644557,SSNMDI,cd14.monocytes
2600,-38.1967811811849,-5.33085883792094,SSNMDI,cd14.monocytes
2601,-33.8523878478911,-22.3752781069208,SSNMDI,cd14.monocytes
2602,-33.5314748615662,-24.5055455117158,SSNMDI,cd14.monocytes
2603,-32.5006697446798,-15.5977507328807,SSNMDI,cd14.monocytes
2604,-34.700863365734,-17.0912295727212,SSNMDI,cd14.monocytes
2605,-32.7614779923366,-17.0074617494842,SSNMDI,cd14.monocytes
2606,-35.2046952928131,-2.60375787730972,SSNMDI,cd14.monocytes
2607,-36.4085196063625,-4.46202178714706,SSNMDI,cd14.monocytes
2608,-14.2689192698762,-11.4831651629108,SSNMDI,cd14.monocytes
2609,-42.2774619871621,-31.6475735308343,SSNMDI,cd14.monocytes
2610,-21.5301214387333,-23.8115964816853,SSNMDI,cd14.monocytes
2611,-37.3734543030111,2.54173251789013,SSNMDI,cd14.monocytes
2612,-36.9315043452211,-23.3824455603727,SSNMDI,cd14.monocytes
2613,-9.96035776295539,-10.4665898950446,SSNMDI,cd14.monocytes
2614,-43.7827401285553,-31.6996536632505,SSNMDI,cd14.monocytes
2615,-24.0433589875987,-4.37495898214655,SSNMDI,cd14.monocytes
2616,-27.2821825385904,-28.9816737403658,SSNMDI,cd14.monocytes
2617,-41.2151085380542,1.20527380062478,SSNMDI,cd14.monocytes
2618,-26.1212124618053,-3.80295498078068,SSNMDI,cd14.monocytes
2619,-32.2727683130353,-26.0030358458336,SSNMDI,cd14.monocytes
2620,-39.9689280402401,-4.87501023735717,SSNMDI,cd14.monocytes
2621,-37.988842641669,-13.755336778229,SSNMDI,cd14.monocytes
2622,-19.8779377728648,-41.981320241058,SSNMDI,cd14.monocytes
2623,-25.9428616369111,-8.60055032468458,SSNMDI,cd14.monocytes
2624,-11.2551313689858,-11.1259157783655,SSNMDI,cd14.monocytes
2625,-44.0413868821049,-32.8635974430862,SSNMDI,cd14.monocytes
2626,-14.4887321155675,-14.4405537823032,SSNMDI,cd14.monocytes
2627,-37.7559173790247,-27.8519594428456,SSNMDI,cd14.monocytes
2628,-32.4574294935507,-4.2681677223304,SSNMDI,cd14.monocytes
2629,-12.6625270219753,-13.674086783691,SSNMDI,cd14.monocytes
2630,-16.7846954105605,-16.8922744106599,SSNMDI,cd14.monocytes
2631,-40.9332351997492,2.31394149682041,SSNMDI,cd14.monocytes
2632,-27.1118512167932,-31.3668147981637,SSNMDI,cd14.monocytes
2633,-44.4240317818518,-31.5860019734791,SSNMDI,cd14.monocytes
2634,-35.7201968808301,-9.20689631990301,SSNMDI,cd14.monocytes
2635,-26.5715084413459,-2.96221612718204,SSNMDI,cd14.monocytes
2636,-44.4499696547183,-31.7978988808755,SSNMDI,cd14.monocytes
2637,-31.8224268299442,-18.5386155840581,SSNMDI,cd14.monocytes
2638,-31.4426064543571,-17.296046084125,SSNMDI,cd14.monocytes
2639,-35.5284641559922,-9.42674141325334,SSNMDI,cd14.monocytes
2640,-11.3688477668195,-29.1380445771756,SSNMDI,cd14.monocytes
2641,-23.551570476663,-6.2871226695289,SSNMDI,cd14.monocytes
2642,-37.0169143248534,-22.8779742636587,SSNMDI,cd14.monocytes
2643,-33.6306349938578,-4.42903711847602,SSNMDI,cd14.monocytes
2644,-43.5106071191003,-4.41668031004712,SSNMDI,cd14.monocytes
2645,-24.2353220531788,-25.9426998021047,SSNMDI,cd14.monocytes
2646,-38.2487514404553,-15.8210436194404,SSNMDI,cd14.monocytes
2647,-24.5302747577331,-16.1340765065672,SSNMDI,cd14.monocytes
2648,-18.3951624774352,-7.26694015008025,SSNMDI,cd14.monocytes
2649,-25.4930484961198,30.4122246564824,SSNMDI,cd14.monocytes
2650,-36.9625656202663,-21.6555900466941,SSNMDI,cd14.monocytes
2651,-25.518966098426,-26.8363249618037,SSNMDI,cd14.monocytes
2652,-11.2222248877862,-10.9815469454656,SSNMDI,cd14.monocytes
2653,-17.3164656843836,-31.5525629796153,SSNMDI,cd14.monocytes
2654,-32.2182101817177,-9.55737203679936,SSNMDI,cd14.monocytes
2655,-21.5492077976608,-13.6171985703504,SSNMDI,cd14.monocytes
2656,-31.5469370629548,-22.2251660330883,SSNMDI,cd14.monocytes
2657,-30.0950586861584,-13.8943659779724,SSNMDI,cd14.monocytes
2658,-15.7635071694995,-11.1661665415673,SSNMDI,cd14.monocytes
2659,-18.7187811238617,-16.9830599121754,SSNMDI,cd14.monocytes
2660,-36.691702274077,-0.607728744718326,SSNMDI,cd14.monocytes
2661,-24.221055018226,-17.05120508894,SSNMDI,cd14.monocytes
2662,-0.0571899004118063,17.2163357249438,SSNMDI,cd14.monocytes
2663,-21.7625750562255,-23.7957330113106,SSNMDI,cd14.monocytes
2664,-23.6732730106998,-26.6790110401819,SSNMDI,cd14.monocytes
2665,-26.6917378625566,-5.50145682119397,SSNMDI,cd14.monocytes
2666,-42.4638456453165,0.963196070577475,SSNMDI,cd14.monocytes
2667,-37.7918454767962,-13.3515821430229,SSNMDI,cd14.monocytes
2668,-37.3693588541969,-21.3788855532202,SSNMDI,cd14.monocytes
2669,-9.99728932826735,-10.2677278309157,SSNMDI,cd14.monocytes
2670,-24.7328687109004,-3.6953450168334,SSNMDI,cd14.monocytes
2671,-37.3049484047119,-26.9658496093214,SSNMDI,cd14.monocytes
2672,-42.5782105136335,0.920994178894429,SSNMDI,cd14.monocytes
2673,-32.7583381520618,-24.7050505924283,SSNMDI,cd14.monocytes
2674,-43.1686721574109,0.0350498368784679,SSNMDI,cd14.monocytes
2675,-38.7585934408638,-4.8249307549349,SSNMDI,cd14.monocytes
2676,-37.7562135271051,-28.2787324747934,SSNMDI,cd14.monocytes
2677,-25.2609132811977,-26.5481467606658,SSNMDI,cd14.monocytes
2678,-44.2424577308259,-32.2508989150492,SSNMDI,cd14.monocytes
2679,-22.9373175143589,-27.0615894637864,SSNMDI,cd14.monocytes
2680,-37.1065694196273,2.17410980011403,SSNMDI,cd14.monocytes
2681,-10.1468188443912,-11.7274423653166,SSNMDI,cd14.monocytes
2682,-33.3831424039725,-17.1244356957459,SSNMDI,cd14.monocytes
2683,-38.2484560180039,-27.9211140858299,SSNMDI,cd14.monocytes
2684,-40.573168593041,2.39773156547537,SSNMDI,cd14.monocytes
2685,-40.9000265588024,-2.36854268863275,SSNMDI,cd14.monocytes
2686,-43.2491965943749,-0.104439683827384,SSNMDI,cd14.monocytes
2687,-11.4416152088176,-9.87738652019744,SSNMDI,cd14.monocytes
2688,-26.9156077368347,-5.49757296818476,SSNMDI,cd14.monocytes
2689,-0.0464945706166695,17.2257252925834,SSNMDI,cd14.monocytes
2690,-32.6174006791422,-12.4152160026446,SSNMDI,cd14.monocytes
2691,-26.7519633014768,-2.69345690465049,SSNMDI,cd14.monocytes
2692,-27.5389327071498,-8.26568185944991,SSNMDI,cd14.monocytes
2693,-44.1554632584299,-32.1503252808619,SSNMDI,cd14.monocytes
2694,-32.4381923163252,-14.7260458874906,SSNMDI,cd14.monocytes
2695,-8.96439420848177,-9.52212187769483,SSNMDI,cd14.monocytes
2696,-22.9026905240339,-27.1977184600273,SSNMDI,cd14.monocytes
2697,-20.9365042488481,-14.050287856006,SSNMDI,cd14.monocytes
2698,-20.8107846271716,-13.5217266372351,SSNMDI,cd14.monocytes
2699,-32.4021032469393,-24.5883648923393,SSNMDI,cd14.monocytes
2700,-20.0895360068086,-4.89975639808947,SSNMDI,cd14.monocytes
2701,-29.4202650620124,-21.3169668208764,SSNMDI,cd14.monocytes
2702,-28.9909084773808,-19.7181861226262,SSNMDI,cd14.monocytes
2703,-26.2528345349546,-4.61969056408882,SSNMDI,cd14.monocytes
2704,-33.7911240257201,-4.83374543846627,SSNMDI,cd14.monocytes
2705,-25.5458522748476,-8.8854496978324,SSNMDI,cd14.monocytes
2706,-42.2885249322707,1.06870007849113,SSNMDI,cd14.monocytes
2707,-43.9185641672931,-2.25325573759466,SSNMDI,cd14.monocytes
2708,-28.1401889502091,-17.3619095281005,SSNMDI,cd14.monocytes
2709,-33.9638206056472,-3.99126753811214,SSNMDI,cd14.monocytes
2710,-36.2098062316899,-15.8217341186301,SSNMDI,cd14.monocytes
2711,-32.0625424292736,-12.6807627194213,SSNMDI,cd14.monocytes
2712,-20.1500353728991,-6.37379065714437,SSNMDI,cd14.monocytes
2713,-25.5535849605434,-3.75521089409702,SSNMDI,cd14.monocytes
2714,-35.5269107968913,2.68109638245482,SSNMDI,cd14.monocytes
2715,-23.5539005982646,-6.08240583501886,SSNMDI,cd14.monocytes
2716,-22.9931091800636,-23.3854354832829,SSNMDI,cd14.monocytes
2717,-31.8748406589104,-18.297542944208,SSNMDI,cd14.monocytes
2718,-21.1707232233943,-23.3635445363274,SSNMDI,cd14.monocytes
2719,-17.9613862484178,-6.03123274430318,SSNMDI,cd14.monocytes
2720,-41.3072730844622,-31.1132433703924,SSNMDI,cd14.monocytes
2721,-37.5253951324907,-29.8191691162413,SSNMDI,cd14.monocytes
2722,-31.5925897277196,-14.1280620142459,SSNMDI,cd14.monocytes
2723,-45.2543185260926,-33.1940654665727,SSNMDI,cd14.monocytes
2724,-37.7109722251287,-14.1397779242004,SSNMDI,cd14.monocytes
2725,-34.3486154294445,-29.4031455396376,SSNMDI,cd14.monocytes
2726,-36.1490280357942,-29.9121230003951,SSNMDI,cd14.monocytes
2727,-43.9064539190099,-32.8772557164402,SSNMDI,cd14.monocytes
2728,-36.5140508720509,-6.28599946276243,SSNMDI,cd14.monocytes
2729,-22.7948115229256,-31.7636894590023,SSNMDI,cd14.monocytes
2730,-21.4620345724762,-21.8010844380495,SSNMDI,cd14.monocytes
2731,-42.2757870892692,-3.52334343371108,SSNMDI,cd14.monocytes
2732,-37.7702412603993,-13.4415459966153,SSNMDI,cd14.monocytes
2733,-30.6559075238489,-6.39774577406966,SSNMDI,cd14.monocytes
2734,-39.1259922943275,-11.4841706811111,SSNMDI,cd14.monocytes
2735,-21.5686654114071,-27.5644290649761,SSNMDI,cd14.monocytes
2736,-37.9596792045703,1.2974319887806,SSNMDI,cd14.monocytes
2737,-36.9070623383293,-8.77905237435952,SSNMDI,cd14.monocytes
2738,-23.0668436716637,-24.5940109584932,SSNMDI,cd14.monocytes
2739,-23.978111570471,-21.30219715161,SSNMDI,cd14.monocytes
2740,-26.0077169440296,-8.0136449573693,SSNMDI,cd14.monocytes
2741,-37.9788970218528,0.908471403962599,SSNMDI,cd14.monocytes
2742,-33.3630319971768,-10.5812794236722,SSNMDI,cd14.monocytes
2743,-29.3315690240055,-20.9776710878458,SSNMDI,cd14.monocytes
2744,-14.7755066337498,-9.22750214036443,SSNMDI,cd14.monocytes
2745,-24.1046238229674,-31.9671270925036,SSNMDI,cd14.monocytes
2746,-30.5436340354558,-14.170299963956,SSNMDI,cd14.monocytes
2747,-34.7655601295435,-7.65018088935881,SSNMDI,cd14.monocytes
2748,-34.9973198013553,-19.8732718986498,SSNMDI,cd14.monocytes
2749,-13.4824095773513,-9.19250109768838,SSNMDI,cd14.monocytes
2750,-36.221077364905,2.03369663078149,SSNMDI,cd14.monocytes
2751,-20.0970345962893,-13.8421070656083,SSNMDI,cd14.monocytes
2752,-18.7296668740215,-17.0933689430924,SSNMDI,cd14.monocytes
2753,-41.4975700315331,-31.2249272827828,SSNMDI,cd14.monocytes
2754,-15.7824196108287,-11.6540024921857,SSNMDI,cd14.monocytes
2755,-32.091340516296,-13.3192527289862,SSNMDI,cd14.monocytes
2756,-24.6412161152773,-4.55369859342429,SSNMDI,cd14.monocytes
2757,-35.0449507185347,-6.2158742187479,SSNMDI,cd14.monocytes
2758,-31.1094950904313,-17.7588876688881,SSNMDI,cd14.monocytes
2759,-30.5368404767435,-6.76197506950813,SSNMDI,cd14.monocytes
2760,-28.1085324074168,-25.4284653075822,SSNMDI,cd14.monocytes
2761,-20.1011406657771,-15.6402336454406,SSNMDI,cd14.monocytes
2762,-35.3384265085124,-3.07550450485293,SSNMDI,cd14.monocytes
2763,-43.7541123418634,-3.66294620330708,SSNMDI,cd14.monocytes
2764,-29.4990881272871,-6.56691192244605,SSNMDI,cd14.monocytes
2765,-14.3931505446052,-9.63763044517824,SSNMDI,cd14.monocytes
2766,-37.4709932076292,3.18326212945441,SSNMDI,cd14.monocytes
2767,-43.7794346808035,-33.3149142262885,SSNMDI,cd14.monocytes
2768,-16.4914957632802,-16.0716687368239,SSNMDI,cd14.monocytes
2769,-41.7720041530036,1.73225408011695,SSNMDI,cd14.monocytes
2770,-35.9685436762587,-1.68844147733684,SSNMDI,cd14.monocytes
2771,-31.1585690335315,-12.3122516418899,SSNMDI,cd14.monocytes
2772,-33.2508366410809,-29.5981628156575,SSNMDI,cd14.monocytes
2773,-18.6330561659783,-16.6342081968587,SSNMDI,cd14.monocytes
2774,-33.8715075090512,-27.5458021819336,SSNMDI,cd14.monocytes
2775,-35.1371474382781,-2.03632416263228,SSNMDI,cd14.monocytes
2776,-37.5484912954319,-26.4783589798288,SSNMDI,cd14.monocytes
2777,-32.1253885212008,-15.4106873931198,SSNMDI,cd14.monocytes
2778,-25.3896049474582,-34.9432059698593,SSNMDI,cd14.monocytes
2779,-18.8218469485321,-6.14880164218447,SSNMDI,cd14.monocytes
2780,-19.589061259552,-5.55276372254537,SSNMDI,cd14.monocytes
2781,-35.5211903337,-9.30078301998665,SSNMDI,cd14.monocytes
2782,-38.9380135806445,-12.9981908558395,SSNMDI,cd14.monocytes
2783,-44.2580677234528,-2.55252093599971,SSNMDI,cd14.monocytes
2784,-43.8648455825728,-31.324039031579,SSNMDI,cd14.monocytes
2785,14.9319941193622,-1.28437820989295,SSNMDI,cd14.monocytes
2786,-34.299764311723,-5.14955807498666,SSNMDI,cd14.monocytes
2787,-32.2562380587597,-10.2273224191579,SSNMDI,cd14.monocytes
2788,-43.3755372200249,-32.4293227514859,SSNMDI,cd14.monocytes
2789,-43.7152868851919,-4.99296393218367,SSNMDI,cd14.monocytes
2790,-33.9120076556641,-22.9159266350371,SSNMDI,cd14.monocytes
2791,-42.2545093530818,-2.54924792364312,SSNMDI,cd14.monocytes
2792,-18.9659537347967,-16.6727528597937,SSNMDI,cd14.monocytes
2793,-35.8508295517325,-5.23448186538906,SSNMDI,cd14.monocytes
2794,-11.6353842372123,-9.92648732127978,SSNMDI,cd14.monocytes
2795,-27.5958516299673,-23.2632575447649,SSNMDI,cd14.monocytes
2796,-34.4513409522696,-22.7161439074841,SSNMDI,cd14.monocytes
2797,-38.5076067677677,-13.8252988440391,SSNMDI,cd14.monocytes
2798,-19.8508689097926,-5.12334236784967,SSNMDI,cd14.monocytes
2799,-29.7980235194352,33.3259157064914,SSNMDI,cd14.monocytes
2800,-25.3249260511545,-7.53648003374068,SSNMDI,cd14.monocytes
2801,-17.5778728170556,-5.94177479787912,SSNMDI,cd14.monocytes
2802,-37.0101545626442,-25.4778930419389,SSNMDI,cd14.monocytes
2803,-36.9427135984741,-14.5752677625499,SSNMDI,cd14.monocytes
2804,-35.9764818619076,-0.447339985176484,SSNMDI,cd14.monocytes
2805,-32.5666393998315,-24.3930350916436,SSNMDI,cd14.monocytes
2806,-40.2243616926513,-0.594784853660958,SSNMDI,cd14.monocytes
2807,-21.2043889501242,-7.89140109433701,SSNMDI,cd14.monocytes
2808,-25.2474061019277,-12.0023786784468,SSNMDI,cd14.monocytes
2809,-28.3010545631905,-32.7870734989637,SSNMDI,cd14.monocytes
2810,-34.5718492492612,-7.25229083205575,SSNMDI,cd14.monocytes
2811,-36.484086989409,-8.75341239899295,SSNMDI,cd14.monocytes
2812,-34.9898345524798,-5.03114377718256,SSNMDI,cd14.monocytes
2813,-36.2658189907887,-25.5954726411621,SSNMDI,cd14.monocytes
2814,-22.7777689827119,-27.6055689951854,SSNMDI,cd14.monocytes
2815,-43.7832482403932,-3.12395923276302,SSNMDI,cd14.monocytes
2816,-20.1498783282468,-14.6545648147416,SSNMDI,cd14.monocytes
2817,-38.7689108381764,2.15139332817383,SSNMDI,cd14.monocytes
2818,-38.1002665345492,-26.498198497836,SSNMDI,cd14.monocytes
2819,-34.4145963273364,-23.275481671421,SSNMDI,cd14.monocytes
2820,-38.5540620410022,1.54713448832089,SSNMDI,cd14.monocytes
2821,-28.1869209011442,-26.256328253676,SSNMDI,cd14.monocytes
2822,-16.2464737633088,-15.2159309574319,SSNMDI,cd14.monocytes
2823,-0.0184616991508289,17.410476154329,SSNMDI,cd14.monocytes
2824,-26.2959769151187,-33.9938314524034,SSNMDI,cd14.monocytes
2825,-17.0454599663672,-16.1434521296554,SSNMDI,cd14.monocytes
2826,-20.5090427667682,-12.8686756305096,SSNMDI,cd14.monocytes
2827,-38.8596308501033,0.358875691100581,SSNMDI,cd14.monocytes
2828,-32.0881314065788,-8.47573336506115,SSNMDI,cd14.monocytes
2829,-35.1948372631987,-9.82371658155867,SSNMDI,cd14.monocytes
2830,-32.4612135726011,-15.5600922393785,SSNMDI,cd14.monocytes
2831,-23.8438595680041,-17.1499231769229,SSNMDI,cd14.monocytes
2832,-43.1901645360189,-32.0866286095329,SSNMDI,cd14.monocytes
2833,-23.854258281193,-31.9948597969973,SSNMDI,cd14.monocytes
2834,-39.9219769630492,-0.863114243604266,SSNMDI,cd14.monocytes
2835,-16.6190930894194,-7.71335278344058,SSNMDI,cd14.monocytes
2836,-28.5157281774093,-26.0822435176137,SSNMDI,cd14.monocytes
2837,-32.1538476501321,-12.9270021947922,SSNMDI,cd14.monocytes
2838,-31.8009288373694,-12.94249287333,SSNMDI,cd14.monocytes
2839,-37.2788194302634,-20.8528602071749,SSNMDI,cd14.monocytes
2840,-36.279823726273,-5.92457652097116,SSNMDI,cd14.monocytes
2841,-23.0751498105539,-24.5489961182311,SSNMDI,cd14.monocytes
2842,-34.1876701807309,-23.3045414024247,SSNMDI,cd14.monocytes
2843,-23.2666002384744,-17.4472732556984,SSNMDI,cd14.monocytes
2844,-33.6064755835423,-17.6634512967148,SSNMDI,cd14.monocytes
2845,-30.0837759085023,-13.8779177939312,SSNMDI,cd14.monocytes
2846,-33.7047238525619,-21.9826756091962,SSNMDI,cd14.monocytes
2847,-22.4306919865015,-5.9577693594777,SSNMDI,cd14.monocytes
2848,-18.6144517132011,-7.35894303495034,SSNMDI,cd14.monocytes
2849,-19.1693606091246,-10.8216806103741,SSNMDI,cd14.monocytes
2850,-36.8143747840215,3.32026374353481,SSNMDI,cd14.monocytes
2851,-26.2738482156057,-14.2136542235014,SSNMDI,cd14.monocytes
2852,-21.1978920767555,-8.28729029801106,SSNMDI,cd14.monocytes
2853,-23.1079941945751,-12.116543864627,SSNMDI,cd14.monocytes
2854,-36.2730955304568,0.765638217307874,SSNMDI,cd14.monocytes
2855,-29.7600935544684,-13.6797104051865,SSNMDI,cd14.monocytes
2856,-18.5275293075645,-7.47260278690925,SSNMDI,cd14.monocytes
2857,-35.3383877588626,-9.13027613386233,SSNMDI,cd14.monocytes
2858,-13.0046774200339,-11.9838754778644,SSNMDI,cd14.monocytes
2859,-41.2881482402675,-1.85201804458614,SSNMDI,cd14.monocytes
2860,-22.7997285613147,-20.9247135451577,SSNMDI,cd14.monocytes
2861,-22.4745378467152,-21.4740586119798,SSNMDI,cd14.monocytes
2862,-19.1423791524522,-3.78887847363946,SSNMDI,cd14.monocytes
2863,-32.5668587984771,-29.1537259594499,SSNMDI,cd14.monocytes
2864,-36.3203424108696,0.272738560351728,SSNMDI,cd14.monocytes
2865,-43.702119076094,-0.671678277148714,SSNMDI,cd14.monocytes
2866,-35.3291586761194,-16.8981696198848,SSNMDI,cd14.monocytes
2867,-35.1417220320277,-27.1708049023081,SSNMDI,cd14.monocytes
2868,-26.6498139632867,-7.96728427123411,SSNMDI,cd14.monocytes
2869,-38.2480553116481,3.06560958059018,SSNMDI,cd14.monocytes
2870,-34.8513520329954,-20.762349736505,SSNMDI,cd14.monocytes
2871,-16.4399499757109,-12.6817524131223,SSNMDI,cd14.monocytes
2872,-9.99916977180684,-11.8468791434979,SSNMDI,cd14.monocytes
2873,-32.5834906052699,-4.52670199751001,SSNMDI,cd14.monocytes
2874,-32.4593501230781,-23.7851037462509,SSNMDI,cd14.monocytes
2875,-36.1689468484576,3.09181847850617,SSNMDI,cd14.monocytes
2876,-22.837326007219,-31.7926127146471,SSNMDI,cd14.monocytes
2877,-30.718139260227,-11.7240454122318,SSNMDI,cd14.monocytes
2878,-26.4341521434578,-4.33605951221353,SSNMDI,cd14.monocytes
2879,-36.0286379376897,-2.83296013781058,SSNMDI,cd14.monocytes
2880,-27.719834540273,-22.3308010987571,SSNMDI,cd14.monocytes
2881,-16.2692276583835,-15.7231020077831,SSNMDI,cd14.monocytes
2882,-34.2237565588751,-28.2042803668864,SSNMDI,cd14.monocytes
2883,-27.7035089595201,-32.7945645988223,SSNMDI,cd14.monocytes
2884,-37.3821566942505,-21.3249732071142,SSNMDI,cd14.monocytes
2885,-28.0853566734338,-4.46583528950926,SSNMDI,cd14.monocytes
2886,-35.6310546158763,-18.2600589896622,SSNMDI,cd14.monocytes
2887,-36.6006809743642,-22.2471894602961,SSNMDI,cd14.monocytes
2888,-12.8689563965732,-12.6952017138893,SSNMDI,cd14.monocytes
2889,-11.3504411921487,-29.2033928941933,SSNMDI,cd14.monocytes
2890,-20.9564213658146,-27.9061219897547,SSNMDI,cd14.monocytes
2891,-14.596839285191,-12.1227215764965,SSNMDI,cd14.monocytes
2892,-16.1033148266722,-16.6076662485725,SSNMDI,cd14.monocytes
2893,-36.0047570203575,-1.41493773732047,SSNMDI,cd14.monocytes
2894,-10.7422572731035,-11.0507683255341,SSNMDI,cd14.monocytes
2895,-20.1089663942539,-17.1107245761015,SSNMDI,cd14.monocytes
2896,-32.905481595818,-18.0491545563903,SSNMDI,cd14.monocytes
2897,-21.5860572800268,-27.5236911397263,SSNMDI,cd14.monocytes
2898,-37.9575717342385,-27.1754349489083,SSNMDI,cd14.monocytes
2899,-36.98200967627,-25.4737492058311,SSNMDI,cd14.monocytes
2900,-3.47459835523843,40.0219902444572,SSNMDI,cd14.monocytes
2901,-12.8381297813239,-14.3065596647944,SSNMDI,cd14.monocytes
2902,-25.8149852448832,-7.01484032914184,SSNMDI,cd14.monocytes
2903,-17.7727669616328,-10.2014980427342,SSNMDI,cd14.monocytes
2904,-35.688520956066,-3.98652503607363,SSNMDI,cd14.monocytes
2905,-24.6744585870148,-13.3597145902878,SSNMDI,cd14.monocytes
2906,-33.2832038061247,-5.5860832753269,SSNMDI,cd14.monocytes
2907,-18.7930754435913,-14.8383230005907,SSNMDI,cd14.monocytes
2908,-35.218587178795,-8.43977693483579,SSNMDI,cd14.monocytes
2909,-18.8691990293726,-12.7759518998175,SSNMDI,cd14.monocytes
2910,-22.1903878795776,-23.4589101303322,SSNMDI,cd14.monocytes
2911,-21.8249593572399,-20.2502176116368,SSNMDI,cd14.monocytes
2912,-36.7372894472008,-25.9946515335881,SSNMDI,cd14.monocytes
2913,-40.4959676572241,-30.6422599359621,SSNMDI,cd14.monocytes
2914,-21.8000163009889,-20.9572886164222,SSNMDI,cd14.monocytes
2915,-17.0358171361979,-16.3540792483668,SSNMDI,cd14.monocytes
2916,-36.5924283824267,-3.11556786230242,SSNMDI,cd14.monocytes
2917,-38.4685046043724,-27.8193586999696,SSNMDI,cd14.monocytes
2918,-36.4197726792439,-9.80139010326112,SSNMDI,cd14.monocytes
2919,-33.7436847992649,-17.049561396276,SSNMDI,cd14.monocytes
2920,-12.092037975582,-9.91106287674218,SSNMDI,cd14.monocytes
2921,-36.0519381298273,-0.872416876381011,SSNMDI,cd14.monocytes
2922,-24.5025516536106,-4.93022327555685,SSNMDI,cd14.monocytes
2923,-32.6348362573088,-30.0399710264575,SSNMDI,cd14.monocytes
2924,-32.3460612054604,-13.4871379922994,SSNMDI,cd14.monocytes
2925,-37.200507138384,-3.14362638376437,SSNMDI,cd14.monocytes
2926,-30.5110222100084,-8.30352810982843,SSNMDI,cd14.monocytes
2927,-40.9283949558507,-1.08385283986715,SSNMDI,cd14.monocytes
2928,-28.6440715289195,-17.6980530041351,SSNMDI,cd14.monocytes
2929,-19.3236168373581,-14.9320574187641,SSNMDI,cd14.monocytes
2930,-19.3109301938358,-16.7239240024276,SSNMDI,cd14.monocytes
2931,-36.5600862037972,-23.1627220987606,SSNMDI,cd14.monocytes
2932,-39.1997953765484,-11.7567003475292,SSNMDI,cd14.monocytes
2933,-22.7289679884452,-12.4273294301841,SSNMDI,cd14.monocytes
2934,-13.6208190213564,-14.014709250324,SSNMDI,cd14.monocytes
2935,-13.728386754397,-13.3213538548745,SSNMDI,cd14.monocytes
2936,-36.5663590741478,-23.1129883861418,SSNMDI,cd14.monocytes
2937,-38.7478467572338,-5.43717220164984,SSNMDI,cd14.monocytes
2938,-31.3983274216313,-17.3318895224527,SSNMDI,cd14.monocytes
2939,-35.3895499619418,-8.22547355051958,SSNMDI,cd14.monocytes
2940,-8.66665730140681,-10.4041388100468,SSNMDI,cd14.monocytes
2941,-24.2907910700095,-18.9077110426655,SSNMDI,cd14.monocytes
2942,-23.7984516595341,-10.9491915270499,SSNMDI,cd14.monocytes
2943,-18.7025496955691,-10.9060690996495,SSNMDI,cd14.monocytes
2944,-22.7206393730145,-24.0036110241613,SSNMDI,cd14.monocytes
2945,-18.1095708158917,-16.6829251975349,SSNMDI,cd14.monocytes
2946,-44.1784535761858,-32.4853977480206,SSNMDI,cd14.monocytes
2947,-35.1797377800561,-17.7249605073535,SSNMDI,cd14.monocytes
2948,-9.85335440809912,-11.883230173969,SSNMDI,cd14.monocytes
2949,-26.5363012673345,-21.4903987743419,SSNMDI,cd14.monocytes
2950,-9.93691360691643,-10.2112629727582,SSNMDI,cd14.monocytes
2951,-37.5905218052244,1.43002361339703,SSNMDI,cd14.monocytes
2952,-44.5793496376357,-2.66317665031969,SSNMDI,cd14.monocytes
2953,-34.1923191408263,-20.0644157040186,SSNMDI,cd14.monocytes
2954,-34.1052025501151,-22.2973256642952,SSNMDI,cd14.monocytes
2955,-39.0013550308661,-1.23814915497291,SSNMDI,cd14.monocytes
2956,-32.5940206747706,-24.9988858098898,SSNMDI,cd14.monocytes
2957,-22.7996872022533,-12.1327565760316,SSNMDI,cd14.monocytes
2958,-44.0381591362066,-32.9980901388476,SSNMDI,cd14.monocytes
2959,-38.063186496522,-13.3220688960442,SSNMDI,cd14.monocytes
2960,-24.7612665816531,-19.9153454810662,SSNMDI,cd14.monocytes
2961,-36.4877421381746,-10.5645489468027,SSNMDI,cd14.monocytes
2962,-17.2401669528185,-13.2369375182093,SSNMDI,cd14.monocytes
2963,-24.6074512363095,-20.6213569056633,SSNMDI,cd14.monocytes
2964,-38.3815535484885,-15.4975852415879,SSNMDI,cd14.monocytes
2965,-37.623698873318,-26.4598069751571,SSNMDI,cd14.monocytes
2966,-36.1535291766251,3.04822406288152,SSNMDI,cd14.monocytes
2967,-37.1996971941597,-26.4943882576901,SSNMDI,cd14.monocytes
2968,-42.0868032035637,-31.6792285256544,SSNMDI,cd14.monocytes
2969,-13.0835777012643,-13.6633483118911,SSNMDI,cd14.monocytes
2970,-39.92871236285,-0.343811097314325,SSNMDI,cd14.monocytes
2971,-26.2855032606951,-23.8667189401626,SSNMDI,cd14.monocytes
2972,-25.4906087151662,-12.3453296067286,SSNMDI,cd14.monocytes
2973,-35.4704373576237,-21.9741040056043,SSNMDI,cd14.monocytes
2974,-31.8994913712469,-22.354963498714,SSNMDI,cd14.monocytes
2975,-32.9112954418286,-29.4495644624464,SSNMDI,cd14.monocytes
2976,-35.5159801287906,-26.6924765217703,SSNMDI,cd14.monocytes
2977,-11.8478361644962,-11.7000273265914,SSNMDI,cd14.monocytes
2978,-35.7543084047159,-9.53269860688843,SSNMDI,cd14.monocytes
2979,-25.0606161849686,-4.96444441423026,SSNMDI,cd14.monocytes
2980,-19.5051572105852,-16.0703286265042,SSNMDI,cd14.monocytes
2981,-35.7377131594251,-2.94152158347024,SSNMDI,cd14.monocytes
2982,-20.0464052371848,-4.19802239791281,SSNMDI,cd14.monocytes
2983,-31.9116672405663,-13.7807983137258,SSNMDI,cd14.monocytes
2984,-10.5262556833152,-11.0738411102292,SSNMDI,cd14.monocytes
2985,-19.1806331966968,-16.1982898090931,SSNMDI,cd14.monocytes
2986,-28.6755021025028,-27.0159448064762,SSNMDI,cd14.monocytes
2987,-27.0644458561055,-31.2542640268158,SSNMDI,cd14.monocytes
2988,-17.7602713353854,-11.2613037424169,SSNMDI,cd14.monocytes
2989,-19.4267324933405,-13.055476972437,SSNMDI,cd14.monocytes
2990,-38.8114655916901,-29.9515107656597,SSNMDI,cd14.monocytes
2991,-34.8861998860434,-20.2172830917723,SSNMDI,cd14.monocytes
2992,-39.5437146857063,-29.3477803229487,SSNMDI,cd14.monocytes
2993,-32.552257408534,-11.3428860687126,SSNMDI,cd14.monocytes
2994,-32.1659540307291,-13.4863386586567,SSNMDI,cd14.monocytes
2995,-38.6718593039351,-5.38783920853955,SSNMDI,cd14.monocytes
2996,-40.4151602353683,-5.00882674054528,SSNMDI,cd14.monocytes
2997,-41.1238870632714,-2.40623261684602,SSNMDI,regulatory.t
2998,-25.5012599631521,-7.42088179486052,SSNMDI,regulatory.t
2999,-34.8048908232347,-28.6711043144918,SSNMDI,regulatory.t
3000,-16.9384662281817,-13.683886398511,SSNMDI,regulatory.t
3001,-38.7137666083614,-5.17761616291617,SSNMDI,regulatory.t
3002,-32.0843730560578,-15.2327416597703,SSNMDI,regulatory.t
3003,-26.1242386075742,-2.92408893858505,SSNMDI,regulatory.t
3004,-41.661779963265,-2.13056842965797,SSNMDI,regulatory.t
3005,-39.1652459569816,-10.9847167014721,SSNMDI,regulatory.t
3006,-38.7029531724828,-7.09322882065056,SSNMDI,regulatory.t
3007,-25.8497946575663,-5.59715122521908,SSNMDI,regulatory.t
3008,-10.8709883943548,-11.1741265867253,SSNMDI,regulatory.t
3009,-16.7218846142229,-6.05356426439931,SSNMDI,regulatory.t
3010,-24.2944708504959,-16.9550406670003,SSNMDI,regulatory.t
3011,-42.3811776497015,-2.99890669234326,SSNMDI,regulatory.t
3012,-27.9273183760948,-29.064210712437,SSNMDI,regulatory.t
3013,-17.2981322228908,-16.4822691332149,SSNMDI,regulatory.t
3014,-15.5225685356526,-7.54231388756733,SSNMDI,regulatory.t
3015,-18.6878781491884,-7.37198573343723,SSNMDI,regulatory.t
3016,-21.3655796229419,-21.2677333318274,SSNMDI,regulatory.t
3017,-19.379414470133,-9.53958241089704,SSNMDI,regulatory.t
3018,-43.8445630454979,-2.50106838393364,SSNMDI,regulatory.t
3019,-14.0081078317627,-9.14654962559248,SSNMDI,regulatory.t
3020,-28.4066295990164,-26.7751963217803,SSNMDI,regulatory.t
3021,-19.1192522077011,-3.88547120245541,SSNMDI,regulatory.t
3022,-43.8853700811929,-32.5728394594604,SSNMDI,regulatory.t
3023,-15.3902769993107,-14.0459312909132,SSNMDI,regulatory.t
3024,-19.6151469252462,-3.60950947946877,SSNMDI,regulatory.t
3025,-19.1028500629515,-11.9273644282049,SSNMDI,regulatory.t
3026,-41.8154039579376,-4.57809989497669,SSNMDI,regulatory.t
3027,-32.5374057759837,-4.08044209599662,SSNMDI,regulatory.t
3028,-15.7360917286287,-9.16989394273813,SSNMDI,regulatory.t
3029,-44.9392183370788,-2.87273145372343,SSNMDI,regulatory.t
3030,-19.2735053489787,-12.0299208876423,SSNMDI,regulatory.t
3031,-34.0183130695206,-5.0616108187395,SSNMDI,regulatory.t
3032,-32.2892274696809,-9.54675430645461,SSNMDI,regulatory.t
3033,-34.7835438846778,-23.3517011568404,SSNMDI,regulatory.t
3034,-37.4481457157358,2.12584163172726,SSNMDI,regulatory.t
3035,-15.3327504880912,-8.91854347860204,SSNMDI,regulatory.t
3036,-23.8978833720319,-19.9261195681616,SSNMDI,regulatory.t
3037,-33.833711681328,-27.8771021793779,SSNMDI,regulatory.t
3038,-36.5648783731104,-27.1971936551248,SSNMDI,regulatory.t
3039,-27.6393720946102,-29.1156876835445,SSNMDI,regulatory.t
3040,-34.2130274837645,-4.25816003831225,SSNMDI,regulatory.t
3041,-19.6087455695372,-6.17893497603043,SSNMDI,regulatory.t
3042,-44.7462666041213,-32.8716498252359,SSNMDI,regulatory.t
3043,-32.265312739465,-9.87649725585114,SSNMDI,regulatory.t
3044,-25.0880013551448,-6.98773216860475,SSNMDI,regulatory.t
3045,-23.0285523240075,-20.79133415116,SSNMDI,regulatory.t
3046,-20.6464347490028,-23.1947582198165,SSNMDI,regulatory.t
3047,-19.0034387164581,-17.0612663586795,SSNMDI,regulatory.t
3048,-40.7319809702075,0.452292941802504,SSNMDI,regulatory.t
3049,-40.7015375245277,-3.69458230434253,SSNMDI,regulatory.t
3050,-31.7610877380876,-12.8727147572268,SSNMDI,regulatory.t
3051,-35.0991124023308,-2.08825400554225,SSNMDI,regulatory.t
3052,-30.4441275342905,-17.956577498247,SSNMDI,regulatory.t
3053,-22.9985137106591,-26.5782127187545,SSNMDI,regulatory.t
3054,-16.7585624683609,-11.1054263554474,SSNMDI,regulatory.t
3055,-16.5428947016445,-10.1862417066171,SSNMDI,regulatory.t
3056,-38.9082866842055,-2.41878347297056,SSNMDI,regulatory.t
3057,-22.2378458866821,-20.405073331219,SSNMDI,regulatory.t
3058,-37.7649436559932,1.71157025322495,SSNMDI,regulatory.t
3059,-31.0148835909578,-17.711073378178,SSNMDI,regulatory.t
3060,-31.9167870081789,-20.4280426628408,SSNMDI,regulatory.t
3061,-37.1754914961613,-20.5533468273794,SSNMDI,regulatory.t
3062,-36.1162169230189,-2.71724070564574,SSNMDI,regulatory.t
3063,-32.8620805272832,-9.33928472059099,SSNMDI,regulatory.t
3064,-32.4448051425725,-28.8084724456262,SSNMDI,regulatory.t
3065,-35.6596264641352,0.721248504992503,SSNMDI,regulatory.t
3066,-17.5019760623329,-5.79756456994842,SSNMDI,regulatory.t
3067,-24.79271211378,-2.86296274659031,SSNMDI,regulatory.t
3068,-12.4320809526347,-11.0264286271734,SSNMDI,regulatory.t
3069,-37.3283046868115,2.09937923237362,SSNMDI,regulatory.t
3070,-24.2270977226374,-18.8531627364774,SSNMDI,regulatory.t
3071,-32.3847874160635,-23.1749405789698,SSNMDI,regulatory.t
3072,-20.4448077987358,-4.62894895735481,SSNMDI,regulatory.t
3073,-22.0399537312534,-21.8429374559879,SSNMDI,regulatory.t
3074,-36.6735049338323,-0.590132655244955,SSNMDI,regulatory.t
3075,-38.5412268732904,2.05354459658233,SSNMDI,regulatory.t
3076,-34.6325344620237,-19.5041122219818,SSNMDI,regulatory.t
3077,-12.0182991863479,-11.7137569498334,SSNMDI,regulatory.t
3078,-35.1530815011597,-28.328619071785,SSNMDI,regulatory.t
3079,-21.0853895036537,-27.8460609131588,SSNMDI,regulatory.t
3080,-29.2207400412711,-20.5969382843079,SSNMDI,regulatory.t
3081,-35.3025886228752,-18.8098810269847,SSNMDI,regulatory.t
3082,-19.5241320948267,-15.6357069296473,SSNMDI,regulatory.t
3083,-38.2006231267123,-29.0604354488816,SSNMDI,regulatory.t
3084,-24.2801801373105,-26.6838527482589,SSNMDI,regulatory.t
3085,-35.6836192368848,-29.9338355469557,SSNMDI,regulatory.t
3086,-34.0488473452673,-31.8077036792257,SSNMDI,regulatory.t
3087,-13.8787024268742,-12.4325116419307,SSNMDI,regulatory.t
3088,-24.6257134517371,-13.3980200575186,SSNMDI,regulatory.t
3089,-22.8400114261609,-31.7951375828593,SSNMDI,regulatory.t
3090,-37.9315454456472,-6.43964790332475,SSNMDI,regulatory.t
3091,-28.2450169190561,-32.8441026030724,SSNMDI,regulatory.t
3092,-14.8819614913206,-12.4512915853511,SSNMDI,regulatory.t
3093,-27.580420235922,-8.19922515258296,SSNMDI,regulatory.t
3094,-39.880021761028,-3.67656238954198,SSNMDI,regulatory.t
3095,-16.9046231184626,-13.1927874954942,SSNMDI,regulatory.t
3096,-31.1035529213041,-12.2584935340891,SSNMDI,regulatory.t
3097,-35.1926716746006,-1.06367976705177,SSNMDI,regulatory.t
3098,-40.4554510849943,0.369703237161095,SSNMDI,regulatory.t
3099,-21.2047312706794,-22.2208660236166,SSNMDI,regulatory.t
3100,-31.7063694713044,-15.117922520719,SSNMDI,regulatory.t
3101,-24.5287756973059,-3.61648917499706,SSNMDI,regulatory.t
3102,-9.21375455262132,-10.5762935085259,SSNMDI,regulatory.t
3103,-12.4197159746145,-10.4710866197976,SSNMDI,regulatory.t
3104,-34.047527688227,-32.0675035687351,SSNMDI,regulatory.t
3105,-43.6286102844752,-32.209528362865,SSNMDI,regulatory.t
3106,-43.1035026706145,-31.8393595361624,SSNMDI,regulatory.t
3107,-21.3254589786471,-20.7573307814278,SSNMDI,regulatory.t
3108,-9.00384652635473,-9.76937589931083,SSNMDI,regulatory.t
3109,-27.1727356150326,-22.9436530322331,SSNMDI,regulatory.t
3110,-12.9753950811468,-14.0122649841654,SSNMDI,regulatory.t
3111,-23.814361771446,-26.8709335874347,SSNMDI,regulatory.t
3112,-42.9176050777554,-4.39987191686053,SSNMDI,regulatory.t
3113,-39.3337001011717,-10.3470856932102,SSNMDI,regulatory.t
3114,-31.2731113868419,30.0815850555431,SSNMDI,regulatory.t
3115,-17.9702572898007,-8.34395624678757,SSNMDI,regulatory.t
3116,-29.0285685002842,-19.9012813842182,SSNMDI,regulatory.t
3117,-41.5316182418948,-3.17055375772611,SSNMDI,regulatory.t
3118,-25.3246509184191,-26.6294331788056,SSNMDI,regulatory.t
3119,-24.2481949991725,-11.544272750258,SSNMDI,regulatory.t
3120,-31.9806061594356,-27.8818308041715,SSNMDI,regulatory.t
3121,-21.7410408904397,-23.7455963170942,SSNMDI,regulatory.t
3122,-26.4976025867058,-7.75938499225884,SSNMDI,regulatory.t
3123,-23.2385539825212,-25.1896599995798,SSNMDI,regulatory.t
3124,-17.5637714487446,-15.5685468858602,SSNMDI,regulatory.t
3125,-23.0698436104035,-21.1021764996658,SSNMDI,regulatory.t
3126,-32.456428070912,39.8799297322738,SSNMDI,regulatory.t
3127,-32.6435638589679,-8.68239408288097,SSNMDI,regulatory.t
3128,-23.5799824868411,-5.99930642612798,SSNMDI,regulatory.t
3129,-43.7942106350973,-33.3911226830509,SSNMDI,regulatory.t
3130,-25.8965295421597,-4.74106584381216,SSNMDI,regulatory.t
3131,-19.950069164622,-3.41991659019618,SSNMDI,regulatory.t
3132,-42.1631933491019,-1.82266045872254,SSNMDI,regulatory.t
3133,-36.4326080220741,-27.4022337938266,SSNMDI,regulatory.t
3134,-40.1053509095121,-30.0289901253848,SSNMDI,regulatory.t
3135,-16.5574087288053,-6.05814696848387,SSNMDI,regulatory.t
3136,-37.7564917231418,-29.5566157071618,SSNMDI,regulatory.t
3137,-17.2934932209271,-13.3454486001208,SSNMDI,regulatory.t
3138,-17.312222415369,-31.5403196589414,SSNMDI,regulatory.t
3139,-33.9252904150828,-6.10042388848261,SSNMDI,regulatory.t
3140,-19.7567883916967,-12.8157886142957,SSNMDI,regulatory.t
3141,-22.9222668934274,-6.45460466014714,SSNMDI,regulatory.t
3142,-32.6829148589648,-29.2730367798472,SSNMDI,regulatory.t
3143,-33.8053891378408,-16.3735170759755,SSNMDI,regulatory.t
3144,-14.3771845934246,-12.2102358765855,SSNMDI,regulatory.t
3145,-38.5798439082989,-3.27996523429352,SSNMDI,regulatory.t
3146,-25.1324109327681,-12.3364938044429,SSNMDI,regulatory.t
3147,-9.78904381246687,-11.1025167576269,SSNMDI,regulatory.t
3148,-38.3028107756733,-13.1582490689473,SSNMDI,regulatory.t
3149,-12.9214727948058,-11.7463348128212,SSNMDI,regulatory.t
3150,-23.094440845113,-27.0851283757656,SSNMDI,regulatory.t
3151,-32.57047971818,-30.2163687230298,SSNMDI,regulatory.t
3152,-22.6178409398885,-23.9771573288523,SSNMDI,regulatory.t
3153,-32.455804781395,-30.2897653275974,SSNMDI,regulatory.t
3154,-32.6018357231736,-4.0596093093369,SSNMDI,regulatory.t
3155,-35.2440933562395,-17.8002646195185,SSNMDI,regulatory.t
3156,-35.7394069755616,-27.7455097339923,SSNMDI,regulatory.t
3157,-19.6769828249842,-5.73695626497486,SSNMDI,regulatory.t
3158,-28.9576666094869,-19.4075598970453,SSNMDI,regulatory.t
3159,-37.2748010634927,2.02855747498243,SSNMDI,regulatory.t
3160,-36.6685855540923,-5.79297748656062,SSNMDI,regulatory.t
3161,-17.9344624611952,-15.8286174172888,SSNMDI,regulatory.t
3162,-22.6412387028172,-17.577372122745,SSNMDI,regulatory.t
3163,-31.7376942053933,-14.8336999654025,SSNMDI,regulatory.t
3164,-16.6890296483115,-15.4841860317302,SSNMDI,regulatory.t
3165,-36.2785542067475,-25.9226842810487,SSNMDI,regulatory.t
3166,-38.6689253172672,-28.5392060458829,SSNMDI,regulatory.t
3167,-13.7306947586961,-14.5118116977292,SSNMDI,regulatory.t
3168,-37.9938432639893,-13.7179245781158,SSNMDI,regulatory.t
3169,-19.3078546354206,-15.8218765293441,SSNMDI,regulatory.t
3170,-25.176378149875,-20.0867786511094,SSNMDI,regulatory.t
3171,-42.9053297745768,-3.19752313581007,SSNMDI,regulatory.t
3172,0.0152189985232439,17.6091747520184,SSNMDI,regulatory.t
3173,-24.654827093492,-19.8422885977274,SSNMDI,regulatory.t
3174,-32.0440180179609,-20.6693266594355,SSNMDI,regulatory.t
3175,-38.7064237498323,1.90349269626201,SSNMDI,regulatory.t
3176,-35.0070924303304,-21.3997990640308,SSNMDI,regulatory.t
3177,-28.0488390325429,-17.0417018756134,SSNMDI,regulatory.t
3178,-19.705440443039,-14.0919566904773,SSNMDI,regulatory.t
3179,-22.1766318194922,-15.528469861265,SSNMDI,regulatory.t
3180,14.2543229720761,-1.58074603703306,SSNMDI,regulatory.t
3181,-29.8165708979653,19.8587997809343,SSNMDI,regulatory.t
3182,-27.6077222279025,20.4127225604748,SSNMDI,regulatory.t
3183,0.484781679954181,8.09595662260766,SSNMDI,regulatory.t
3184,-31.8288286813404,38.8405657603336,SSNMDI,regulatory.t
3185,18.6111852535296,1.88932305739536,SSNMDI,regulatory.t
3186,-4.84784726963397,14.4171827355627,SSNMDI,regulatory.t
3187,-27.1949791404248,18.2205976422893,SSNMDI,regulatory.t
3188,-12.1515704478004,10.68984588799,SSNMDI,regulatory.t
3189,-10.8388624103516,12.7431411962005,SSNMDI,regulatory.t
3190,-26.0686398492311,20.1734538522617,SSNMDI,regulatory.t
3191,-8.9699157250684,12.9988966255263,SSNMDI,regulatory.t
3192,3.70172233436224,6.79388784796978,SSNMDI,regulatory.t
3193,19.3864021195577,-8.79904140845193,SSNMDI,regulatory.t
3194,7.77304324298576,1.04680991555886,SSNMDI,regulatory.t
3195,-26.892169697318,31.7893932221701,SSNMDI,regulatory.t
3196,-27.9571696691098,33.5169082265874,SSNMDI,regulatory.t
3197,-2.29208322050249,11.3501732348245,SSNMDI,regulatory.t
3198,-31.1001804909415,24.9415576419393,SSNMDI,regulatory.t
3199,-1.18533322202398,6.39682247170329,SSNMDI,regulatory.t
3200,-9.88259425015334,9.35645149045849,SSNMDI,regulatory.t
3201,54.6770308702717,13.4600660650317,SSNMDI,regulatory.t
3202,-0.0113277512102529,8.10015409581857,SSNMDI,regulatory.t
3203,-26.6567620736588,32.5695092672395,SSNMDI,regulatory.t
3204,-21.3847734263828,12.6205936790016,SSNMDI,regulatory.t
3205,5.26379201038377,0.259351315925084,SSNMDI,regulatory.t
3206,-26.2159159248004,33.7884979160285,SSNMDI,regulatory.t
3207,-25.5087650486502,30.7736859148521,SSNMDI,regulatory.t
3208,-8.40421797126437,11.4349157592801,SSNMDI,regulatory.t
3209,-35.3778114667219,38.2889039741423,SSNMDI,regulatory.t
3210,-12.4738884252149,21.3247064658994,SSNMDI,regulatory.t
3211,-5.35476882646939,11.7429012050429,SSNMDI,regulatory.t
3212,-6.39363394366592,13.7152767045493,SSNMDI,regulatory.t
3213,-25.1467802123074,19.2541219732467,SSNMDI,regulatory.t
3214,-18.9418687552514,11.2308572882796,SSNMDI,regulatory.t
3215,-23.5629263859363,23.6552681763022,SSNMDI,regulatory.t
3216,-27.6092811314512,19.9821336437836,SSNMDI,regulatory.t
3217,-24.8541078350599,13.6786476135061,SSNMDI,regulatory.t
3218,12.5224831307649,-1.31798325379098,SSNMDI,regulatory.t
3219,-32.4582374222094,39.7300375113753,SSNMDI,regulatory.t
3220,-28.5872801333682,25.9586261393462,SSNMDI,regulatory.t
3221,-29.1007913274147,22.8936340000505,SSNMDI,regulatory.t
3222,-16.8622869789727,23.6839090549848,SSNMDI,regulatory.t
3223,19.761443392515,4.48059908798518,SSNMDI,regulatory.t
3224,-22.8193965158074,14.5868834330743,SSNMDI,regulatory.t
3225,-25.913341592591,18.2333290446439,SSNMDI,regulatory.t
3226,-0.631461589967955,0.763204962672579,SSNMDI,regulatory.t
3227,2.43719602813305,0.0772666958730132,SSNMDI,regulatory.t
3228,-32.8305863225684,30.2212282579507,SSNMDI,regulatory.t
3229,-0.0013060222276891,9.22986649628809,SSNMDI,regulatory.t
3230,-27.4725841296552,22.8056747748713,SSNMDI,regulatory.t
3231,-6.19098663205483,14.9139113324858,SSNMDI,regulatory.t
3232,-7.40748099765119,2.63477583684871,SSNMDI,regulatory.t
3233,-3.20936350081837,0.940596346842897,SSNMDI,regulatory.t
3234,-27.4087245404578,34.8405088474262,SSNMDI,regulatory.t
3235,-26.5483180130765,30.3180305324434,SSNMDI,regulatory.t
3236,-9.66019568571568,22.9961064205073,SSNMDI,regulatory.t
3237,-29.4653585101826,23.3583037754825,SSNMDI,regulatory.t
3238,-27.1711191595593,20.7032672461042,SSNMDI,regulatory.t
3239,-3.67171191949569,3.66033864311205,SSNMDI,regulatory.t
3240,-33.5837588897157,27.4216729939951,SSNMDI,regulatory.t
3241,-23.8087906921711,26.3216473123884,SSNMDI,regulatory.t
3242,-23.2136602405574,23.7597160796112,SSNMDI,regulatory.t
3243,-29.6606346599723,37.8559745159513,SSNMDI,regulatory.t
3244,19.1176239662775,-7.64070280889846,SSNMDI,regulatory.t
3245,-29.3139280405259,38.4339935091942,SSNMDI,regulatory.t
3246,-30.3649894417241,22.7824525937034,SSNMDI,regulatory.t
3247,-8.59173944883655,13.0275463895927,SSNMDI,regulatory.t
3248,-14.8029524444719,8.78305199886578,SSNMDI,regulatory.t
3249,-1.33113157848407,3.29606048662857,SSNMDI,regulatory.t
3250,19.2689344280673,-6.12324914009347,SSNMDI,regulatory.t
3251,-8.19696232197594,9.12126303158767,SSNMDI,regulatory.t
3252,-6.08380798898779,12.1274238892557,SSNMDI,regulatory.t
3253,-31.3578913335034,25.9934621845592,SSNMDI,regulatory.t
3254,7.55696057260065,1.54103737182813,SSNMDI,regulatory.t
3255,-13.6864918857467,10.2422007336284,SSNMDI,regulatory.t
3256,-25.2106454635924,17.168483291209,SSNMDI,regulatory.t
3257,-16.4846594579781,11.0141782090308,SSNMDI,regulatory.t
3258,-7.91327004289283,17.8519287193717,SSNMDI,regulatory.t
3259,-25.4854977204763,34.461086414039,SSNMDI,regulatory.t
3260,11.0563130401084,6.51087477699893,SSNMDI,regulatory.t
3261,-31.165122388117,37.9037931068385,SSNMDI,regulatory.t
3262,-25.8613204730521,13.9709574199395,SSNMDI,regulatory.t
3263,-19.4356545617401,11.4416396910964,SSNMDI,regulatory.t
3264,-31.5943984890159,39.7606118222593,SSNMDI,regulatory.t
3265,46.1430244933789,22.7436349552381,SSNMDI,regulatory.t
3266,4.11110285743585,5.30445116580945,SSNMDI,regulatory.t
3267,-21.606511273224,25.7330570440361,SSNMDI,regulatory.t
3268,-12.0295291542415,20.2494942278302,SSNMDI,regulatory.t
3269,11.4155043926554,6.51823849941737,SSNMDI,regulatory.t
3270,14.1582316447407,3.22967603124109,SSNMDI,regulatory.t
3271,44.7129451856881,22.5052624783715,SSNMDI,regulatory.t
3272,5.0014332840417,3.77154974187456,SSNMDI,regulatory.t
3273,-18.9321192247859,10.8025480185863,SSNMDI,regulatory.t
3274,-0.833057496629571,4.53420912778075,SSNMDI,regulatory.t
3275,-28.6028158534869,26.4959714822265,SSNMDI,regulatory.t
3276,24.8804350422394,-17.2131198319615,SSNMDI,regulatory.t
3277,5.21349823080035,1.10511298652207,SSNMDI,regulatory.t
3278,-25.6867131712853,35.077072498128,SSNMDI,regulatory.t
3279,-33.4564925642436,36.3688558277824,SSNMDI,regulatory.t
3280,-24.4438628367272,16.3085292549584,SSNMDI,regulatory.t
3281,-29.2437907201908,38.5084617696105,SSNMDI,regulatory.t
3282,-2.19922704981092,3.49899609466518,SSNMDI,regulatory.t
3283,-4.09824990060045,-1.46065695394312,SSNMDI,regulatory.t
3284,-32.9100092614574,38.7375691902833,SSNMDI,regulatory.t
3285,-3.33262494505804,-0.63445311438044,SSNMDI,regulatory.t
3286,-24.7557989933565,30.4760788283034,SSNMDI,regulatory.t
3287,22.0654760007505,-6.4998885773625,SSNMDI,regulatory.t
3288,-20.7445668992638,23.5945893366506,SSNMDI,regulatory.t
3289,26.0815587782407,-28.8972270621349,SSNMDI,regulatory.t
3290,8.95544844220133,2.20326271203402,SSNMDI,regulatory.t
3291,-31.115090954386,23.4762162803663,SSNMDI,regulatory.t
3292,-23.2491427469703,35.028413071816,SSNMDI,regulatory.t
3293,1.27608952971808,1.80117205380741,SSNMDI,regulatory.t
3294,-4.91633233797672,2.16591950831937,SSNMDI,regulatory.t
3295,-27.0750539220596,25.790935132287,SSNMDI,regulatory.t
3296,-10.3192924614547,6.66699421822799,SSNMDI,regulatory.t
3297,-3.04035563692455,1.09521147511374,SSNMDI,regulatory.t
3298,-26.2379906299913,24.3698083471893,SSNMDI,regulatory.t
3299,6.29757681890789,-1.60554565147841,SSNMDI,regulatory.t
3300,-2.64150412240105,11.6738561866656,SSNMDI,regulatory.t
3301,-6.40839939200704,1.73375988255221,SSNMDI,regulatory.t
3302,-32.8016254896323,40.7918273125073,SSNMDI,regulatory.t
3303,-27.6084602303372,26.7608455886042,SSNMDI,regulatory.t
3304,-9.07793525970239,21.7404640964622,SSNMDI,regulatory.t
3305,-10.5993850456613,21.2689257607559,SSNMDI,regulatory.t
3306,-2.91645129236816,1.40445291199953,SSNMDI,regulatory.t
3307,-34.7119924010679,39.2601098036567,SSNMDI,regulatory.t
3308,-12.0007894447496,4.65657871860601,SSNMDI,regulatory.t
3309,-34.6568996853695,28.7220378565027,SSNMDI,regulatory.t
3310,-9.89153903259071,3.56757593542048,SSNMDI,regulatory.t
3311,-10.7297565493802,21.4937465133099,SSNMDI,regulatory.t
3312,-29.8907604341118,30.4101683310717,SSNMDI,regulatory.t
3313,-31.9137102825459,33.0802368506486,SSNMDI,regulatory.t
3314,-34.5934052541205,38.2825174435801,SSNMDI,regulatory.t
3315,-27.223027707101,23.1216809144407,SSNMDI,regulatory.t
3316,-11.4658363043674,15.4913733666031,SSNMDI,regulatory.t
3317,-22.0831565620458,13.3937629909669,SSNMDI,regulatory.t
3318,-14.8574494565159,10.2752330871515,SSNMDI,regulatory.t
3319,-7.08309123323037,3.10818095977377,SSNMDI,regulatory.t
3320,-8.99486451153716,4.58331969693256,SSNMDI,regulatory.t
3321,-10.1027866031142,13.7355512663812,SSNMDI,regulatory.t
3322,-30.0463029279968,23.8168147597132,SSNMDI,regulatory.t
3323,-4.29227322149384,6.69744451366603,SSNMDI,regulatory.t
3324,-31.3028891110861,34.724859992543,SSNMDI,regulatory.t
3325,-30.0305513737648,20.3622880232334,SSNMDI,regulatory.t
3326,-22.0172504883264,24.0563721754749,SSNMDI,regulatory.t
3327,-26.1793907727437,18.7403036077793,SSNMDI,regulatory.t
3328,-31.0989983272092,26.3322887708634,SSNMDI,regulatory.t
3329,17.8436176811403,-4.09868770236599,SSNMDI,regulatory.t
3330,-27.1845591068143,35.2748154474351,SSNMDI,regulatory.t
3331,55.1866331871264,14.4626763857032,SSNMDI,regulatory.t
3332,15.1383370805973,-1.44089278657488,SSNMDI,regulatory.t
3333,-6.09130181115867,1.12808441012811,SSNMDI,regulatory.t
3334,-12.3204501463587,11.6939035009554,SSNMDI,regulatory.t
3335,-13.8821114020212,8.41486839998408,SSNMDI,regulatory.t
3336,-16.0769287947839,10.5174580429717,SSNMDI,regulatory.t
3337,-34.9826670957156,30.2329240156157,SSNMDI,regulatory.t
3338,-5.55553206123375,13.3822509325793,SSNMDI,regulatory.t
3339,-25.7966893888098,18.8527598846307,SSNMDI,regulatory.t
3340,-5.53514415967829,1.80352303024282,SSNMDI,regulatory.t
3341,0.428291896467873,8.9527278843887,SSNMDI,regulatory.t
3342,-3.93876976736471,5.37606843619901,SSNMDI,regulatory.t
3343,-6.11796085243186,4.55523038817433,SSNMDI,regulatory.t
3344,-23.9259355083058,15.7234696718314,SSNMDI,regulatory.t
3345,-5.53156822050415,10.7235248970514,SSNMDI,regulatory.t
3346,-13.2110877627474,8.314601251408,SSNMDI,regulatory.t
3347,-33.1099996586136,31.2082103722593,SSNMDI,regulatory.t
3348,-28.9795364377876,37.1865126158841,SSNMDI,regulatory.t
3349,-9.56780174255683,4.70787052063018,SSNMDI,regulatory.t
3350,-24.6486363888688,16.651830506792,SSNMDI,regulatory.t
3351,-15.2538996651296,10.3709927718361,SSNMDI,regulatory.t
3352,-5.81614969198857,14.5653851042833,SSNMDI,regulatory.t
3353,18.0929117883964,-7.23408842157205,SSNMDI,regulatory.t
3354,-26.2698323872656,35.1810819543247,SSNMDI,regulatory.t
3355,-24.450155072625,13.6085095376163,SSNMDI,regulatory.t
3356,-8.05248462612528,10.6153395709541,SSNMDI,regulatory.t
3357,-29.807475478804,20.3067934172208,SSNMDI,regulatory.t
3358,-0.327973337425881,4.25276731900704,SSNMDI,regulatory.t
3359,4.96082698416231,1.26376656092802,SSNMDI,regulatory.t
3360,9.14175429655317,-2.24324289997801,SSNMDI,regulatory.t
3361,-6.02178737363486,13.1017824843529,SSNMDI,regulatory.t
3362,-28.9044921409811,22.6623681558649,SSNMDI,regulatory.t
3363,-4.31747764900928,-0.327814514294007,SSNMDI,regulatory.t
3364,-35.4983470035838,39.2338117652798,SSNMDI,regulatory.t
3365,9.88524976869315,-2.13132002193129,SSNMDI,regulatory.t
3366,0.631010169294746,0.402476700980687,SSNMDI,regulatory.t
3367,-25.0061188395288,20.0375548225263,SSNMDI,regulatory.t
3368,-31.2539902963029,25.9338045998516,SSNMDI,regulatory.t
3369,-33.4561340222929,36.3499988346125,SSNMDI,regulatory.t
3370,-23.3901317932532,34.9659982127235,SSNMDI,regulatory.t
3371,14.1749777577253,-6.47611464809995,SSNMDI,regulatory.t
3372,-26.3830942051625,25.2281968105311,SSNMDI,regulatory.t
3373,-4.2498184514125,5.43849591433971,SSNMDI,regulatory.t
3374,-25.3086755482717,35.892756896884,SSNMDI,regulatory.t
3375,-7.10026416046697,9.89470002013288,SSNMDI,regulatory.t
3376,-17.9655530689046,11.5030899213107,SSNMDI,regulatory.t
3377,3.81682882998145,4.92875657039227,SSNMDI,regulatory.t
3378,-0.641652840837652,9.04961635938169,SSNMDI,regulatory.t
3379,21.1524628750608,-8.52541957005241,SSNMDI,regulatory.t
3380,-28.30411882562,24.1636968067107,SSNMDI,regulatory.t
3381,25.1118961015565,-15.9016352369807,SSNMDI,regulatory.t
3382,4.98387364978518,3.17156685212343,SSNMDI,regulatory.t
3383,-4.81785150956655,13.692788323577,SSNMDI,regulatory.t
3384,-28.4578450251862,36.8240505748403,SSNMDI,regulatory.t
3385,-9.77852160457661,9.59467789336243,SSNMDI,regulatory.t
3386,26.4234108247618,-15.4313568076439,SSNMDI,regulatory.t
3387,-31.5977744104097,31.7443955387832,SSNMDI,regulatory.t
3388,-19.1879376189147,11.2582067077812,SSNMDI,regulatory.t
3389,-2.77261137844622,7.74201071107201,SSNMDI,regulatory.t
3390,-9.37893728610535,4.38321807030321,SSNMDI,regulatory.t
3391,-35.993118386388,40.0648861507436,SSNMDI,regulatory.t
3392,-21.4129996874203,25.5490865314172,SSNMDI,regulatory.t
3393,-9.28607430780027,13.1360718349071,SSNMDI,regulatory.t
3394,-30.7393140132254,24.8937446163755,SSNMDI,regulatory.t
3395,-34.3187922785832,28.5897100474686,SSNMDI,regulatory.t
3396,-11.4154915053218,14.347490337485,SSNMDI,regulatory.t
3397,18.5414061106746,-7.63885692724248,SSNMDI,regulatory.t
3398,-23.5590224737687,15.5234571759852,SSNMDI,regulatory.t
3399,17.3313736259603,-4.64456547404814,SSNMDI,regulatory.t
3400,-2.75234911352463,4.97784031304594,SSNMDI,regulatory.t
3401,-32.2079125260379,40.7120814055998,SSNMDI,regulatory.t
3402,-3.18818867884749,0.908179372888553,SSNMDI,regulatory.t
3403,-6.02365348539353,5.79746353686753,SSNMDI,regulatory.t
3404,-18.5212744942619,12.3472318108878,SSNMDI,regulatory.t
3405,-24.6870646617988,24.6223138663402,SSNMDI,regulatory.t
3406,-10.4338151031756,18.0800277390567,SSNMDI,regulatory.t
3407,4.64712622284689,3.43999368083784,SSNMDI,regulatory.t
3408,1.33030956184186,6.73619326359087,SSNMDI,regulatory.t
3409,-7.80824064901781,12.2247946835904,SSNMDI,regulatory.t
3410,-31.0163674546621,24.1531065102094,SSNMDI,regulatory.t
3411,-4.22118376257143,6.69739079653631,SSNMDI,regulatory.t
3412,-26.2194421823713,24.9261715597305,SSNMDI,regulatory.t
3413,12.1751648756131,4.42556461187884,SSNMDI,regulatory.t
3414,-35.2293220561993,40.899312626572,SSNMDI,regulatory.t
3415,-1.5651333186346,9.06863982972642,SSNMDI,regulatory.t
3416,45.2839462800598,20.4887667442824,SSNMDI,regulatory.t
3417,-4.76454693646082,14.5157088432595,SSNMDI,regulatory.t
3418,-5.60972061163778,12.0899155334529,SSNMDI,regulatory.t
3419,-29.0890665067242,22.4842414242578,SSNMDI,regulatory.t
3420,12.9903026249994,-1.62000111134781,SSNMDI,regulatory.t
3421,-34.9017788430994,37.7758946672471,SSNMDI,regulatory.t
3422,-30.628352793814,24.3733898038923,SSNMDI,regulatory.t
3423,-35.612494541329,40.1725235572523,SSNMDI,regulatory.t
3424,-26.9693000705309,34.3033519444438,SSNMDI,regulatory.t
3425,-9.62970193401734,13.2239496480443,SSNMDI,regulatory.t
3426,11.8520378305637,6.12138817973496,SSNMDI,regulatory.t
3427,6.80177669709807,0.384592705045731,SSNMDI,regulatory.t
3428,-26.3658250651486,22.357351693392,SSNMDI,regulatory.t
3429,5.0877744646491,1.24205333127035,SSNMDI,regulatory.t
3430,-31.7205180794895,29.5384466265467,SSNMDI,regulatory.t
3431,19.6829679386192,-8.23653839896586,SSNMDI,regulatory.t
3432,-20.516796422324,23.5216429018621,SSNMDI,regulatory.t
3433,-0.583849865812117,9.50550891118651,SSNMDI,regulatory.t
3434,-31.2967492693017,36.6659000354116,SSNMDI,regulatory.t
3435,-2.5361806307264,-0.88223411637611,SSNMDI,regulatory.t
3436,24.1793679284784,-16.3468239768426,SSNMDI,regulatory.t
3437,-16.4349405534756,10.616806623033,SSNMDI,regulatory.t
3438,-33.3863745531876,28.157688922825,SSNMDI,regulatory.t
3439,0.299399417743465,7.85251278034748,SSNMDI,regulatory.t
3440,-18.8512857201965,10.0324535118963,SSNMDI,regulatory.t
3441,-35.4469071236228,38.406076003306,SSNMDI,regulatory.t
3442,-1.67266146878249,9.63394309465209,SSNMDI,regulatory.t
3443,-31.7124296805355,35.3708832857639,SSNMDI,regulatory.t
3444,3.93805913591446,4.96480683715382,SSNMDI,regulatory.t
3445,-8.2099498883609,6.01299711605711,SSNMDI,regulatory.t
3446,54.5763840211594,16.2100135207679,SSNMDI,regulatory.t
3447,10.0827967720704,-3.90891555879009,SSNMDI,regulatory.t
3448,-10.9771294660637,6.33820814630632,SSNMDI,regulatory.t
3449,-26.2760557999442,33.8192876997481,SSNMDI,regulatory.t
3450,-26.2695144483801,35.7976810017018,SSNMDI,regulatory.t
3451,3.85391485035847,-0.241166176561713,SSNMDI,regulatory.t
3452,-9.81947086037025,22.8966320588708,SSNMDI,regulatory.t
3453,27.4338050639213,-2.55786786449738,SSNMDI,regulatory.t
3454,-26.1158367411394,34.3095514623116,SSNMDI,regulatory.t
3455,-35.1668045471483,39.5614740828114,SSNMDI,regulatory.t
3456,54.8896939125483,13.4401412678943,SSNMDI,regulatory.t
3457,-12.2352764210317,12.0932205117251,SSNMDI,regulatory.t
3458,-11.8228269671719,4.4750581974644,SSNMDI,regulatory.t
3459,4.05265445295053,4.73627529737204,SSNMDI,regulatory.t
3460,-6.50708843937354,12.2146933026509,SSNMDI,regulatory.t
3461,-24.8492475437979,13.650096294329,SSNMDI,regulatory.t
3462,44.5645889129088,22.0973811472045,SSNMDI,regulatory.t
3463,-25.2870149053248,35.0404342309838,SSNMDI,regulatory.t
3464,-4.98950763348936,10.2601793627483,SSNMDI,regulatory.t
3465,6.46040295335517,-1.41638200320985,SSNMDI,regulatory.t
3466,-10.4994227220212,20.6086049614704,SSNMDI,regulatory.t
3467,-34.6463131142634,41.206898420241,SSNMDI,regulatory.t
3468,-8.48079485618732,11.7491033772604,SSNMDI,regulatory.t
3469,-32.5716445829798,36.9151750348837,SSNMDI,regulatory.t
3470,-20.7064407754027,23.5366456647825,SSNMDI,regulatory.t
3471,3.89864578423725,6.38310350870708,SSNMDI,regulatory.t
3472,-9.73133980558285,20.5373004533069,SSNMDI,regulatory.t
3473,5.36118707481551,0.0770003840469576,SSNMDI,regulatory.t
3474,-4.60043181631608,14.1306180468496,SSNMDI,regulatory.t
3475,55.2130745371088,14.5146512019317,SSNMDI,regulatory.t
3476,-30.0349688558072,39.0674691493597,SSNMDI,regulatory.t
3477,10.434473152021,1.45870852295428,SSNMDI,regulatory.t
3478,-11.8766374782404,20.6479844779259,SSNMDI,regulatory.t
3479,-24.2797773406857,15.7936694463228,SSNMDI,regulatory.t
3480,13.3298819315582,3.90840921330646,SSNMDI,regulatory.t
3481,-18.3197503594325,27.1469801464722,SSNMDI,regulatory.t
3482,-27.4896332994742,19.0787521483001,SSNMDI,regulatory.t
3483,-32.4567972596891,25.6890915661722,SSNMDI,regulatory.t
3484,-8.16811780972984,11.9512002491464,SSNMDI,regulatory.t
3485,30.2154429516374,-0.712219871586331,SSNMDI,regulatory.t
3486,-33.9794295127021,39.4781361353421,SSNMDI,regulatory.t
3487,7.96670890660457,-1.8493360308471,SSNMDI,regulatory.t
3488,-31.4942556286574,28.477968451972,SSNMDI,regulatory.t
3489,-1.13845002331731,7.18319569807622,SSNMDI,regulatory.t
3490,45.7468465464273,21.6804632052321,SSNMDI,regulatory.t
3491,1.30985912193288,3.9492781387922,SSNMDI,regulatory.t
3492,-10.0143424921153,12.2566449572142,SSNMDI,regulatory.t
3493,-25.4412687745195,24.1871088002662,SSNMDI,regulatory.t
3494,-31.884256735245,35.1492576064463,SSNMDI,regulatory.t
3495,-14.4612962538293,9.63940836897639,SSNMDI,regulatory.t
3496,44.5568378080659,22.5198222158949,SSNMDI,regulatory.t
3497,-31.9190001702071,40.4149589222585,SSNMDI,regulatory.t
3498,-25.6044937108195,18.1698526953538,SSNMDI,regulatory.t
3499,-20.3175616052024,11.9361510094332,SSNMDI,regulatory.t
3500,-7.3241667385236,2.37910515198825,SSNMDI,regulatory.t
3501,-32.8346424550313,39.8001711257217,SSNMDI,regulatory.t
3502,-33.6086498582222,30.8116944762339,SSNMDI,regulatory.t
3503,-26.8719328364956,37.2525721358093,SSNMDI,regulatory.t
3504,-6.03382526676207,6.20873726624754,SSNMDI,regulatory.t
3505,-29.7321442901571,19.9994281381492,SSNMDI,regulatory.t
3506,14.6564122540363,-2.45617800828755,SSNMDI,regulatory.t
3507,-24.4955833404015,13.6680896832769,SSNMDI,regulatory.t
3508,26.1540340941836,-9.027312300706,SSNMDI,regulatory.t
3509,-35.3329582174951,29.7281910276643,SSNMDI,regulatory.t
3510,-27.6414763688779,20.6526352216563,SSNMDI,regulatory.t
3511,-16.9577876251514,24.8985046169527,SSNMDI,regulatory.t
3512,-16.0041905030413,10.0452591564962,SSNMDI,regulatory.t
3513,12.9477798283871,-1.97068729405316,SSNMDI,regulatory.t
3514,-30.9736582815084,27.5622723956265,SSNMDI,regulatory.t
3515,-20.222189286405,23.2682490624428,SSNMDI,regulatory.t
3516,-6.42234869836291,11.8544269193312,SSNMDI,regulatory.t
3517,20.1173653544493,-6.89678701008811,SSNMDI,regulatory.t
3518,1.1875148565539,0.283852062522658,SSNMDI,regulatory.t
3519,-32.0521506831263,32.4405673631742,SSNMDI,regulatory.t
3520,-7.51037417195508,11.5873139219308,SSNMDI,regulatory.t
3521,3.62171159829959,4.76949573984043,SSNMDI,regulatory.t
3522,-8.26039178886071,4.38716043836941,SSNMDI,regulatory.t
3523,-17.791242718322,11.3413081278267,SSNMDI,regulatory.t
3524,-28.5012563360452,33.0481150336411,SSNMDI,regulatory.t
3525,-10.7644491342169,11.7515570821679,SSNMDI,regulatory.t
3526,-2.11430674232167,5.97300662577871,SSNMDI,regulatory.t
3527,8.95603579085781,2.41070906936084,SSNMDI,regulatory.t
3528,-24.6071838452032,24.1069667036328,SSNMDI,regulatory.t
3529,-20.9765726700212,11.9177582375462,SSNMDI,regulatory.t
3530,-12.1828939011299,11.5886867769936,SSNMDI,regulatory.t
3531,-1.72825727500435,2.84056562980408,SSNMDI,regulatory.t
3532,13.8052617796189,-2.20736651032555,SSNMDI,regulatory.t
3533,-5.88854994952754,11.8077618610032,SSNMDI,regulatory.t
3534,-33.8870631186046,37.3668030711577,SSNMDI,regulatory.t
3535,-26.2867893311292,32.7098894489589,SSNMDI,regulatory.t
3536,-18.0856928314447,27.7360897001973,SSNMDI,regulatory.t
3537,21.2136170267347,-4.83028698947594,SSNMDI,regulatory.t
3538,7.69634623972987,-0.980532340688285,SSNMDI,regulatory.t
3539,-6.01552088122687,2.60466488588532,SSNMDI,regulatory.t
3540,-24.4188614414147,13.5779894117863,SSNMDI,regulatory.t
3541,-34.3629418588569,41.3923092759771,SSNMDI,regulatory.t
3542,-0.073618972918254,5.59943193569532,SSNMDI,regulatory.t
3543,-10.4053848512526,18.0111776368313,SSNMDI,regulatory.t
3544,-9.67611871275787,20.4853794836095,SSNMDI,regulatory.t
3545,-23.3127708614619,24.934430787535,SSNMDI,regulatory.t
3546,-25.1080329309879,13.7617899501121,SSNMDI,regulatory.t
3547,-18.5274375939652,12.5215405430588,SSNMDI,regulatory.t
3548,8.26811921635095,-2.18207898088891,SSNMDI,regulatory.t
3549,-28.0631208006147,36.7992783983467,SSNMDI,regulatory.t
3550,-9.95045268044136,10.8151598071119,SSNMDI,regulatory.t
3551,1.27685960318454,8.9296901376625,SSNMDI,regulatory.t
3552,-35.2961975097799,31.0614326983131,SSNMDI,regulatory.t
3553,26.8321983966621,-12.7249311483345,SSNMDI,regulatory.t
3554,22.5104721620919,-9.0077020516243,SSNMDI,regulatory.t
3555,-9.25108799698511,19.6292451773731,SSNMDI,regulatory.t
3556,8.49843665102247,0.534981167995219,SSNMDI,regulatory.t
3557,-19.2144614886242,12.4561086391186,SSNMDI,regulatory.t
3558,-12.2448016673802,12.3433986348837,SSNMDI,regulatory.t
3559,16.304866005858,1.78042907610175,SSNMDI,regulatory.t
3560,-35.4845210466881,31.5547198749641,SSNMDI,regulatory.t
3561,-11.2129528817601,15.556251674916,SSNMDI,regulatory.t
3562,2.83814747031481,4.68498414917505,SSNMDI,regulatory.t
3563,-26.2024067252038,22.6125829874901,SSNMDI,regulatory.t
3564,-9.1780342096862,20.2073353787601,SSNMDI,regulatory.t
3565,-30.5585105068742,27.4184425102666,SSNMDI,regulatory.t
3566,-31.0105785028219,25.8739967584361,SSNMDI,regulatory.t
3567,-22.8815114423194,14.5637258172332,SSNMDI,regulatory.t
3568,-16.6995895835789,24.2210416609256,SSNMDI,regulatory.t
3569,27.0420814036863,1.71959022455173,SSNMDI,regulatory.t
3570,-5.60725412688553,6.08785617771984,SSNMDI,regulatory.t
3571,-34.5233591944011,28.6504013462666,SSNMDI,regulatory.t
3572,-25.829659486499,33.5171515212069,SSNMDI,regulatory.t
3573,5.13633953159915,0.633527809563655,SSNMDI,regulatory.t
3574,-16.8105964740339,24.1303448740142,SSNMDI,regulatory.t
3575,-0.564901550903388,8.62402230365964,SSNMDI,regulatory.t
3576,-1.34380777803956,4.58763731762878,SSNMDI,regulatory.t
3577,-30.3758597269831,39.9380747727156,SSNMDI,regulatory.t
3578,-33.387369734825,28.53357738622,SSNMDI,regulatory.t
3579,-17.3650532536149,11.239957102238,SSNMDI,regulatory.t
3580,2.39886785387331,8.53557213995962,SSNMDI,regulatory.t
3581,-32.9288419869099,34.8963193739015,SSNMDI,regulatory.t
3582,-7.71633330975377,11.7628916196428,SSNMDI,regulatory.t
3583,-35.1906925364392,37.8712639502139,SSNMDI,regulatory.t
3584,-17.0112257488043,23.1978142548719,SSNMDI,regulatory.t
3585,-31.1741114502422,27.8104398626313,SSNMDI,regulatory.t
3586,-24.4120195854746,22.2657848313041,SSNMDI,regulatory.t
3587,-16.2247312623784,10.3118502398023,SSNMDI,regulatory.t
3588,-6.92041352557667,6.32007074648015,SSNMDI,regulatory.t
3589,-34.5040025577362,39.728021063371,SSNMDI,regulatory.t
3590,7.52919806425153,-1.24992331436587,SSNMDI,regulatory.t
3591,-29.8199150026987,38.3962763388893,SSNMDI,regulatory.t
3592,-23.5456122371091,14.5245865772031,SSNMDI,regulatory.t
3593,-32.2733262955956,33.3095332454789,SSNMDI,regulatory.t
3594,-3.07035549134292,-0.193792517388029,SSNMDI,regulatory.t
3595,-14.3008815581968,10.3300413250281,SSNMDI,regulatory.t
3596,-27.337148594482,34.8090125619281,SSNMDI,regulatory.t
3597,-1.31861977702504,6.97848441006673,SSNMDI,regulatory.t
3598,-16.0022323952567,9.06711870686549,SSNMDI,regulatory.t
3599,-25.362206330746,17.6867175898443,SSNMDI,regulatory.t
3600,-24.2703728471327,15.9993432923306,SSNMDI,regulatory.t
3601,-28.0625361095305,24.0634689469854,SSNMDI,regulatory.t
3602,-9.96917139845299,4.11649963434593,SSNMDI,regulatory.t
3603,17.8752443945146,-6.59300764252318,SSNMDI,regulatory.t
3604,-1.89503659261432,6.09812282532535,SSNMDI,regulatory.t
3605,-24.2617427780341,26.4458927483629,SSNMDI,regulatory.t
3606,15.5976952425614,1.6437732543976,SSNMDI,regulatory.t
3607,-31.5087954494436,34.7704376506767,SSNMDI,regulatory.t
3608,17.6417287279812,-5.95043302166386,SSNMDI,regulatory.t
3609,-27.5051510803504,34.4999479586756,SSNMDI,regulatory.t
3610,-26.8899621755989,26.7106920738981,SSNMDI,regulatory.t
3611,0.654253425280614,3.50993653002624,SSNMDI,regulatory.t
3612,6.51031280448668,0.196706693283584,SSNMDI,regulatory.t
3613,-9.0422335088874,21.6507058020407,SSNMDI,regulatory.t
3614,-1.18273286199221,8.3972317564404,SSNMDI,regulatory.t
3615,46.1589690133348,22.8444622400099,SSNMDI,regulatory.t
3616,-29.1598098802049,24.7281101991913,SSNMDI,regulatory.t
3617,-8.26887050988017,17.796361686377,SSNMDI,regulatory.t
3618,-32.2021861009315,29.535344186726,SSNMDI,regulatory.t
3619,-27.0881245022808,22.3329642307869,SSNMDI,regulatory.t
3620,-7.77130601769583,18.3136066392836,SSNMDI,regulatory.t
3621,-10.4594683175747,4.03242013526081,SSNMDI,regulatory.t
3622,5.8270112116602,0.483489000656911,SSNMDI,regulatory.t
3623,0.612257477648472,0.92155242056267,SSNMDI,regulatory.t
3624,-31.7042742894008,25.3805362608789,SSNMDI,regulatory.t
3625,-3.81195150026959,14.4322723321986,SSNMDI,regulatory.t
3626,-11.8633075694254,9.82716922283311,SSNMDI,regulatory.t
3627,-26.1487507831781,36.5047094483265,SSNMDI,regulatory.t
3628,-12.4399844768037,4.8270592347703,SSNMDI,regulatory.t
3629,0.647341881722269,3.27271456217294,SSNMDI,regulatory.t
3630,-6.69477194449738,2.37576540860978,SSNMDI,regulatory.t
3631,8.45549280206117,0.704174593533044,SSNMDI,regulatory.t
3632,16.7240885909796,-5.40397503773619,SSNMDI,regulatory.t
3633,9.736130169052,-2.79496937432175,SSNMDI,regulatory.t
3634,2.41736187416511,8.56905282935644,SSNMDI,regulatory.t
3635,-27.9032844858538,23.6421626864348,SSNMDI,regulatory.t
3636,-11.8162816489561,4.4918066151219,SSNMDI,regulatory.t
3637,-31.6337920406777,36.003187460486,SSNMDI,regulatory.t
3638,-7.33613686648174,11.0885879900379,SSNMDI,regulatory.t
3639,-18.1946443917909,11.9923746369688,SSNMDI,regulatory.t
3640,-23.9890804072946,13.4545274362758,SSNMDI,regulatory.t
3641,19.8450869736918,-7.80432730873189,SSNMDI,regulatory.t
3642,12.2257591160739,5.9264811224434,SSNMDI,regulatory.t
3643,1.45507531281149,9.2904250405409,SSNMDI,regulatory.t
3644,-8.19087119684259,13.067659803019,SSNMDI,regulatory.t
3645,-6.11486024263334,6.13055063756449,SSNMDI,regulatory.t
3646,-24.1775878534056,22.6194322740749,SSNMDI,regulatory.t
3647,-7.78866157876168,2.60028705455162,SSNMDI,regulatory.t
3648,-33.2191234328282,37.4785379304839,SSNMDI,regulatory.t
3649,10.746935947019,-2.00156161332307,SSNMDI,regulatory.t
3650,-28.3460938693515,22.3889075226901,SSNMDI,regulatory.t
3651,4.0509670767752,-0.160470266601033,SSNMDI,regulatory.t
3652,-32.3723198233361,31.307430397075,SSNMDI,regulatory.t
3653,-35.9454508494696,39.6875832723962,SSNMDI,regulatory.t
3654,-0.214257391356322,5.22130096671467,SSNMDI,regulatory.t
3655,-9.86074490980421,8.78974104870557,SSNMDI,regulatory.t
3656,-13.0012347610848,10.679258208718,SSNMDI,regulatory.t
3657,-4.62739576935112,15.0735463476212,SSNMDI,regulatory.t
3658,-34.7435780129599,29.0389635595427,SSNMDI,regulatory.t
3659,-21.3269869260524,25.5174421685197,SSNMDI,regulatory.t
3660,-19.9583914139939,11.4292795444508,SSNMDI,regulatory.t
3661,52.1999336303304,13.8496349503876,SSNMDI,regulatory.t
3662,-33.7957764842654,36.0919377487115,SSNMDI,regulatory.t
3663,4.51201508142009,-0.183056737056983,SSNMDI,regulatory.t
3664,-28.2764182200205,28.7081612584644,SSNMDI,regulatory.t
3665,16.6663741414455,-3.6698718278662,SSNMDI,regulatory.t
3666,-30.2577355803329,21.0889242754795,SSNMDI,regulatory.t
3667,-36.01754521681,40.3060750096895,SSNMDI,regulatory.t
3668,-34.7382394357469,39.5715841998982,SSNMDI,regulatory.t
3669,-26.2788148403135,18.8915133408552,SSNMDI,regulatory.t
3670,-3.82838203141117,2.83350263024767,SSNMDI,regulatory.t
3671,-34.8244678438816,37.5267889996946,SSNMDI,regulatory.t
3672,-2.73382121672782,5.96802442449464,SSNMDI,regulatory.t
3673,-29.1329715972771,38.1308017024576,SSNMDI,regulatory.t
3674,0.495384927683964,8.17273534542724,SSNMDI,regulatory.t
3675,-29.4581212713651,37.0618239508854,SSNMDI,regulatory.t
3676,-31.5031780599556,24.8642337942769,SSNMDI,regulatory.t
3677,-8.65933056113138,3.91875635632408,SSNMDI,regulatory.t
3678,-7.7409749584674,17.969483882211,SSNMDI,regulatory.t
3679,-33.3045918790777,39.8256233951679,SSNMDI,regulatory.t
3680,-0.809489304415263,7.53423736107218,SSNMDI,regulatory.t
3681,2.16693362115529,1.61581749587742,SSNMDI,regulatory.t
3682,-34.0170782570131,41.4247982965615,SSNMDI,regulatory.t
3683,-30.762083084917,23.1149796960499,SSNMDI,regulatory.t
3684,-26.4568445338929,30.9371295613426,SSNMDI,regulatory.t
3685,-25.6327974653547,35.18875809379,SSNMDI,regulatory.t
3686,-8.91711583738689,18.4705342547171,SSNMDI,regulatory.t
3687,-4.03342625320411,14.623344252033,SSNMDI,regulatory.t
3688,-4.61573192923323,5.36308918029386,SSNMDI,regulatory.t
3689,45.7243960222989,21.3069714741066,SSNMDI,regulatory.t
3690,-35.1367365294219,40.3740093590589,SSNMDI,regulatory.t
3691,-28.8413262915377,30.5969819292617,SSNMDI,regulatory.t
3692,-24.1718629335464,23.5612508439114,SSNMDI,regulatory.t
3693,-29.2144274796476,22.9280193211503,SSNMDI,regulatory.t
3694,-12.3440769544142,21.1959175520686,SSNMDI,regulatory.t
3695,44.3778726241435,22.5209829615861,SSNMDI,regulatory.t
3696,-24.7644995859333,22.0291445192694,SSNMDI,regulatory.t
3697,-24.8278628058093,24.8242075562619,SSNMDI,regulatory.t
3698,-12.5958597546076,10.4996380867207,SSNMDI,regulatory.t
3699,-10.7936379901155,11.7918779099685,SSNMDI,regulatory.t
3700,-28.4371214987735,23.1096790831782,SSNMDI,regulatory.t
3701,-19.784528323995,10.2563858492977,SSNMDI,regulatory.t
3702,13.683052339394,-6.00615113519488,SSNMDI,regulatory.t
3703,-10.5910974392964,9.48751473435381,SSNMDI,regulatory.t
3704,-30.7506885572959,31.228709284364,SSNMDI,regulatory.t
3705,-2.8748555160316,13.889925383572,SSNMDI,regulatory.t
3706,-30.5359810546052,38.047272484053,SSNMDI,regulatory.t
3707,-22.0084873754928,26.1625806915458,SSNMDI,regulatory.t
3708,22.238591858852,-8.2552738316361,SSNMDI,regulatory.t
3709,-31.989984798909,30.4918233017482,SSNMDI,regulatory.t
3710,5.3902534880644,0.797294380949185,SSNMDI,regulatory.t
3711,-1.7914741470683,12.2876373042434,SSNMDI,regulatory.t
3712,-9.72979069609332,11.2185328517367,SSNMDI,regulatory.t
3713,8.17976776997822,-1.71299672036641,SSNMDI,regulatory.t
3714,15.1904525359319,2.83455181032844,SSNMDI,regulatory.t
3715,-3.5797677240953,1.56334665688293,SSNMDI,regulatory.t
3716,-25.6059838177384,18.2644154399969,SSNMDI,regulatory.t
3717,-4.67026284947503,4.70556609329895,SSNMDI,regulatory.t
3718,-21.704900997309,26.0321808666237,SSNMDI,regulatory.t
3719,-26.1386439533813,29.3826088643662,SSNMDI,regulatory.t
3720,-23.3193715653531,34.7375063421682,SSNMDI,regulatory.t
3721,8.85976485437943,-3.89436647889294,SSNMDI,regulatory.t
3722,-29.8391539137378,30.6123490889202,SSNMDI,regulatory.t
3723,-6.14746399745784,1.34690589300972,SSNMDI,regulatory.t
3724,-36.0080561231094,40.4897804886628,SSNMDI,regulatory.t
3725,-20.6893642135098,23.6247428779293,SSNMDI,regulatory.t
3726,-30.8459487477067,27.5638750594363,SSNMDI,regulatory.t
3727,-4.76187336675627,4.61432555722281,SSNMDI,regulatory.t
3728,-29.6984983388575,22.5239166284472,SSNMDI,regulatory.t
3729,-21.9007805526275,13.2553416300535,SSNMDI,regulatory.t
3730,-10.1672923622768,21.5064103692541,SSNMDI,regulatory.t
3731,-5.22630072062492,6.71370758574932,SSNMDI,regulatory.t
3732,0.603859978963214,9.06771387438344,SSNMDI,regulatory.t
3733,-17.6041632526472,10.0950141158538,SSNMDI,regulatory.t
3734,-4.23042711003998,13.9620708605555,SSNMDI,regulatory.t
3735,-11.4559264055218,6.79610209408253,SSNMDI,regulatory.t
3736,-25.2624676190684,24.5277162530074,SSNMDI,regulatory.t
3737,-13.0271449660854,10.4449943485799,SSNMDI,regulatory.t
3738,-30.8496301530925,23.2550401488566,SSNMDI,regulatory.t
3739,44.5945533346699,25.902311708413,SSNMDI,regulatory.t
3740,8.26039297043459,-0.354770405327972,SSNMDI,regulatory.t
3741,-0.807237078910389,1.67551949411043,SSNMDI,regulatory.t
3742,-7.85780366614584,12.9271107849999,SSNMDI,regulatory.t
3743,-11.3512371164833,14.4855613302872,SSNMDI,regulatory.t
3744,-27.5603109645099,30.7816255323323,SSNMDI,regulatory.t
3745,-27.900167432822,31.6258449471494,SSNMDI,regulatory.t
3746,-10.7135165621631,11.8012892270189,SSNMDI,regulatory.t
3747,-30.0682401446003,36.8023312995282,SSNMDI,regulatory.t
3748,-8.23698242410851,8.84113766910753,SSNMDI,regulatory.t
3749,-9.53202898654161,5.42487094096543,SSNMDI,regulatory.t
3750,-9.09598349373765,19.6372531416364,SSNMDI,regulatory.t
3751,-3.64045528254434,0.680271155933682,SSNMDI,regulatory.t
3752,13.8743437656204,-2.8366862801282,SSNMDI,regulatory.t
3753,-4.34339089077512,14.9458803260964,SSNMDI,regulatory.t
3754,-0.706448682183705,1.25136971116657,SSNMDI,regulatory.t
3755,-5.80265839472392,5.49138510246668,SSNMDI,regulatory.t
3756,-4.78910458633351,14.0194843379595,SSNMDI,regulatory.t
3757,3.87940753298707,6.57087550026372,SSNMDI,regulatory.t
3758,3.67327704846677,5.32147942797482,SSNMDI,regulatory.t
3759,-10.5977190344756,5.72170500918265,SSNMDI,regulatory.t
3760,13.6890752784475,5.10169302185422,SSNMDI,regulatory.t
3761,12.2880500897416,-1.09830636731714,SSNMDI,regulatory.t
3762,-29.6295170706338,38.2963703727999,SSNMDI,regulatory.t
3763,-8.48868616986454,17.2822537163472,SSNMDI,regulatory.t
3764,-33.951369133045,35.913775725679,SSNMDI,regulatory.t
3765,-2.8342051223034,-1.24923756222244,SSNMDI,regulatory.t
3766,-25.7825253577057,35.0244921589785,SSNMDI,regulatory.t
3767,-25.1791674801744,19.5988622181284,SSNMDI,regulatory.t
3768,-11.2487578917548,21.0068011324703,SSNMDI,regulatory.t
3769,-10.7070994471066,21.4945355341985,SSNMDI,regulatory.t
3770,0.846595701629537,2.52012291750589,SSNMDI,regulatory.t
3771,-26.2772676460879,31.1055037814537,SSNMDI,regulatory.t
3772,-10.4557691723886,4.07152456102364,SSNMDI,regulatory.t
3773,-17.0512779024656,23.0627025758233,SSNMDI,regulatory.t
3774,-23.8208802627358,13.5598532312855,SSNMDI,regulatory.t
3775,8.23924496291415,-1.17012925994965,SSNMDI,regulatory.t
3776,-9.4341235347727,20.0506658061724,SSNMDI,regulatory.t
3777,14.3624563536769,4.83572625020091,SSNMDI,regulatory.t
3778,-4.0894824669705,14.5362455246672,SSNMDI,regulatory.t
3779,-27.8787855979503,34.4231365431556,SSNMDI,regulatory.t
3780,-28.0860117006078,24.0052068359585,SSNMDI,regulatory.t
3781,-20.0642630058292,10.9392781318011,SSNMDI,regulatory.t
3782,-15.2149666284846,10.2702370292683,SSNMDI,regulatory.t
3783,-23.3805731559793,35.0096953566691,SSNMDI,regulatory.t
3784,7.60412989126456,-2.0434204776216,SSNMDI,regulatory.t
3785,-32.0448138223229,27.319950879821,SSNMDI,regulatory.t
3786,17.1034455457528,3.01045778712003,SSNMDI,regulatory.t
3787,-9.43114666754522,11.7324525494479,SSNMDI,regulatory.t
3788,-23.539734015204,14.9703033501228,SSNMDI,regulatory.t
3789,-21.8792402304603,13.2587847874054,SSNMDI,regulatory.t
3790,-36.0610093798824,31.1115368406322,SSNMDI,regulatory.t
3791,-22.7168684956926,26.4976365059898,SSNMDI,regulatory.t
3792,-33.6029658864086,37.7218865017757,SSNMDI,regulatory.t
3793,42.6238094110368,26.2017081573974,SSNMDI,regulatory.t
3794,-30.6934356718127,40.0703096420815,SSNMDI,regulatory.t
3795,-33.1602348849009,28.9304646332257,SSNMDI,regulatory.t
3796,-25.9014128408469,31.0868691864294,SSNMDI,regulatory.t
3797,-29.1164411982334,29.7649867145696,SSNMDI,regulatory.t
3798,-17.0364377674766,23.091949236033,SSNMDI,regulatory.t
3799,-25.6122621186735,35.3428252920861,SSNMDI,regulatory.t
3800,-31.049181423122,28.2329831354166,SSNMDI,regulatory.t
3801,-19.0850584701774,9.64904961801669,SSNMDI,regulatory.t
3802,7.71133327362001,-1.39643899007692,SSNMDI,regulatory.t
3803,-21.0036570564857,12.423089226689,SSNMDI,regulatory.t
3804,-11.7179364228883,6.55999645384533,SSNMDI,regulatory.t
3805,24.7413151942964,-20.5648399456011,SSNMDI,regulatory.t
3806,-23.7469972404833,21.6409752557857,SSNMDI,regulatory.t
3807,-15.0106392992745,8.60636781711492,SSNMDI,regulatory.t
3808,-35.4307470924631,38.2083191832172,SSNMDI,regulatory.t
3809,42.0657036911255,26.2840799163907,SSNMDI,regulatory.t
3810,-11.5234783269858,4.21467697549785,SSNMDI,regulatory.t
3811,-35.8276011687999,39.3550354723871,SSNMDI,regulatory.t
3812,-0.83948656591592,1.66682313353355,SSNMDI,regulatory.t
3813,11.2945600284111,-2.43578382833123,SSNMDI,regulatory.t
3814,-26.6913269121259,30.3066972433373,SSNMDI,regulatory.t
3815,-34.5436791417076,37.4500112326872,SSNMDI,regulatory.t
3816,-30.0729345566575,36.5203103587694,SSNMDI,regulatory.t
3817,-4.52474712562831,0.392731801598537,SSNMDI,regulatory.t
3818,22.6794776656504,1.49229433313228,SSNMDI,regulatory.t
3819,-9.92871267585713,22.7831053008963,SSNMDI,regulatory.t
3820,-27.1704947132303,34.4768981032012,SSNMDI,regulatory.t
3821,-12.4307303289191,10.8088971156835,SSNMDI,regulatory.t
3822,2.96650396991336,4.56264597741657,SSNMDI,regulatory.t
3823,54.1079553733978,13.2939512503764,SSNMDI,regulatory.t
3824,-9.3827231469071,10.3342652210863,SSNMDI,regulatory.t
3825,2.37673633219651,-0.0319936197725792,SSNMDI,regulatory.t
3826,-29.190983505084,19.6507586872658,SSNMDI,regulatory.t
3827,45.4370336597376,20.461968676812,SSNMDI,regulatory.t
3828,-28.3942882414426,22.1305390128229,SSNMDI,regulatory.t
3829,-35.6469416289358,39.0476269039479,SSNMDI,regulatory.t
3830,-27.6943246788389,20.3135209194762,SSNMDI,regulatory.t
3831,-6.01588022645177,14.738261089905,SSNMDI,regulatory.t
3832,-18.3642635364107,9.64851591608805,SSNMDI,regulatory.t
3833,-6.07884990209056,3.62814070378063,SSNMDI,regulatory.t
3834,10.3181247451693,-2.38395835156878,SSNMDI,regulatory.t
3835,-25.6939469993411,22.9904165081175,SSNMDI,regulatory.t
3836,-30.7431584170205,26.5161610573655,SSNMDI,regulatory.t
3837,27.8465613055181,-13.9107583531257,SSNMDI,regulatory.t
3838,2.35466083747602,1.35055369642952,SSNMDI,regulatory.t
3839,-2.45261677053667,1.46342361676113,SSNMDI,regulatory.t
3840,9.76658018636596,-3.74433185376469,SSNMDI,regulatory.t
3841,-26.3930518014535,30.6936322251018,SSNMDI,regulatory.t
3842,-9.42650690552899,3.89684212790771,SSNMDI,regulatory.t
3843,-15.2730640990266,11.082802741117,SSNMDI,regulatory.t
3844,-18.0000700573906,9.73477834134576,SSNMDI,regulatory.t
3845,0.167678616562337,-0.0746010804673035,SSNMDI,regulatory.t
3846,14.2474173920427,-1.58243591757894,SSNMDI,regulatory.t
3847,0.609021788433951,2.61591552974645,SSNMDI,regulatory.t
3848,-6.42191870987488,14.7380856014967,SSNMDI,regulatory.t
3849,3.40557590325856,7.88826849538477,SSNMDI,regulatory.t
3850,-10.2626625449504,6.98573660963434,SSNMDI,regulatory.t
3851,-31.5876554252087,39.4155958472066,SSNMDI,regulatory.t
3852,-9.46775527633164,19.8916385138297,SSNMDI,regulatory.t
3853,-27.0459077456497,36.9952708093819,SSNMDI,regulatory.t
3854,-10.3955369230069,8.59250936972967,SSNMDI,regulatory.t
3855,-7.41069746349042,11.0863970756531,SSNMDI,regulatory.t
3856,-21.7091695049087,24.9986222702724,SSNMDI,regulatory.t
3857,-29.3164061439946,37.8089271293817,SSNMDI,regulatory.t
3858,-2.369800010732,4.97977906974297,SSNMDI,regulatory.t
3859,-34.3162082937743,28.1414226532662,SSNMDI,regulatory.t
3860,-33.561882832233,39.7834240026825,SSNMDI,regulatory.t
3861,-4.91844507693207,13.1018884005357,SSNMDI,regulatory.t
3862,-32.2836829183026,35.7994843787221,SSNMDI,regulatory.t
3863,51.2435412921644,15.5276879970921,SSNMDI,regulatory.t
3864,17.3328615045433,-4.2167112052973,SSNMDI,regulatory.t
3865,-1.34261993590929,9.33832289989852,SSNMDI,regulatory.t
3866,7.52302501222211,0.275499171504483,SSNMDI,regulatory.t
3867,-28.189615058075,26.1092529470775,SSNMDI,regulatory.t
3868,-14.0601593193705,10.1033002840728,SSNMDI,regulatory.t
3869,-33.5194108779108,36.5671414149321,SSNMDI,regulatory.t
3870,-7.33664883387441,2.36783510555232,SSNMDI,regulatory.t
3871,-19.8336109975996,10.3501205935583,SSNMDI,regulatory.t
3872,23.811244146116,-15.9470137610819,SSNMDI,regulatory.t
3873,1.11441402223654,1.81525470945629,SSNMDI,regulatory.t
3874,29.2557234721142,-0.701558580856239,SSNMDI,regulatory.t
3875,-29.1804706167648,37.0225607747994,SSNMDI,regulatory.t
3876,-15.5788019350624,9.05347612679272,SSNMDI,regulatory.t
3877,-30.2335885742056,38.4551914187915,SSNMDI,regulatory.t
3878,-32.5890338798334,38.3260454056637,SSNMDI,regulatory.t
3879,-5.39964109029964,5.61679463358362,SSNMDI,regulatory.t
3880,45.5431383028769,24.5602813025515,SSNMDI,regulatory.t
3881,-32.6659122139636,39.8461145333599,SSNMDI,regulatory.t
3882,-9.5178135777462,11.5959254637864,SSNMDI,regulatory.t
3883,12.9640899626082,4.4097077544235,SSNMDI,regulatory.t
3884,-10.7069232827848,21.3126651508313,SSNMDI,regulatory.t
3885,9.87908175816698,-2.55465353367953,SSNMDI,regulatory.t
3886,-8.86395080931548,16.9438318346005,SSNMDI,regulatory.t
3887,-29.2250689701977,30.3690361845921,SSNMDI,regulatory.t
3888,-9.6665434887999,5.58482531440378,SSNMDI,regulatory.t
3889,-20.6837240764728,11.6180020859617,SSNMDI,regulatory.t
3890,-32.2317890124637,33.1434755510725,SSNMDI,regulatory.t
3891,8.36717986122771,-2.32201360496332,SSNMDI,regulatory.t
3892,-17.2005789664007,10.2555279214213,SSNMDI,regulatory.t
3893,-5.94284201633186,1.66012128567567,SSNMDI,regulatory.t
3894,9.87984689895206,-1.96333268061774,SSNMDI,regulatory.t
3895,-27.4920812137086,34.8856506469242,SSNMDI,regulatory.t
3896,-25.9795062989986,19.2668228648708,SSNMDI,regulatory.t
3897,-9.97305755291506,6.6466709798852,SSNMDI,regulatory.t
3898,27.0326534890026,-9.40331788872213,SSNMDI,regulatory.t
3899,-24.3667391060435,16.3865814982352,SSNMDI,regulatory.t
3900,-0.20181529851257,5.76415670978191,SSNMDI,regulatory.t
3901,-9.82493637065876,6.29122838241123,SSNMDI,regulatory.t
3902,-18.8005669334882,10.5560445219468,SSNMDI,regulatory.t
3903,-5.82611829800876,4.49407985418998,SSNMDI,regulatory.t
3904,-27.0210911443851,37.1401321150489,SSNMDI,regulatory.t
3905,-32.8700598176415,37.8145749883493,SSNMDI,regulatory.t
3906,-35.9035066402869,40.4155777781355,SSNMDI,regulatory.t
3907,-27.4015768673652,20.8738183948124,SSNMDI,regulatory.t
3908,-34.5703725110588,30.3940865744029,SSNMDI,regulatory.t
3909,-30.2000443342583,22.7191737462933,SSNMDI,regulatory.t
3910,-12.8615635460808,7.40705524730191,SSNMDI,regulatory.t
3911,-31.5633816681656,39.9508569540515,SSNMDI,regulatory.t
3912,0.713600446059995,2.77787664273597,SSNMDI,regulatory.t
3913,-2.23818367558783,9.8130799809296,SSNMDI,regulatory.t
3914,-1.39024862598006,8.41282593088984,SSNMDI,regulatory.t
3915,-28.5909262576719,26.1199424931135,SSNMDI,regulatory.t
3916,-9.67456822916958,5.17612794593909,SSNMDI,regulatory.t
3917,-31.65986846721,30.0844380159345,SSNMDI,regulatory.t
3918,-23.7685495662687,21.4871674030357,SSNMDI,regulatory.t
3919,-8.70358014647721,13.0924029694389,SSNMDI,regulatory.t
3920,9.35036257665342,-3.71313293078556,SSNMDI,regulatory.t
3921,-28.1092656421716,27.1636450323455,SSNMDI,regulatory.t
3922,-9.50673112866068,5.55091786732871,SSNMDI,regulatory.t
3923,0.573255159852914,1.26746499171049,SSNMDI,regulatory.t
3924,-21.9794271264385,24.3972513540519,SSNMDI,regulatory.t
3925,-30.5434251223823,21.4803887869753,SSNMDI,regulatory.t
3926,-33.1392397695628,28.8143783698997,SSNMDI,regulatory.t
3927,45.6950425559767,21.5336852981377,SSNMDI,regulatory.t
3928,-18.0074521580834,12.1081965461494,SSNMDI,regulatory.t
3929,-18.4374952864163,12.6384219243366,SSNMDI,regulatory.t
3930,-21.6164870017505,12.8664139389984,SSNMDI,regulatory.t
3931,-25.1851442683461,21.0847416111154,SSNMDI,regulatory.t
3932,-33.2619811073448,27.9905772867201,SSNMDI,regulatory.t
3933,-35.1232453454726,29.5318081680732,SSNMDI,regulatory.t
3934,11.0765785458564,1.72476880661109,SSNMDI,regulatory.t
3935,-32.2145695809851,28.6505513520391,SSNMDI,regulatory.t
3936,-28.8356790533108,25.5168182525292,SSNMDI,regulatory.t
3937,-7.18867561391307,6.2385500632878,SSNMDI,regulatory.t
3938,-9.36363093982046,20.5509821681268,SSNMDI,regulatory.t
3939,-16.092568634366,9.61152964269723,SSNMDI,regulatory.t
3940,-14.566994947591,8.24355492170915,SSNMDI,regulatory.t
3941,-35.2483919777017,31.6879326327023,SSNMDI,regulatory.t
3942,-25.6112717701027,18.0798268243854,SSNMDI,regulatory.t
3943,-24.1883451587407,13.6056798874476,SSNMDI,regulatory.t
3944,-34.5826325732652,30.2395450329344,SSNMDI,regulatory.t
3945,-3.01364480158167,15.0005759085268,SSNMDI,regulatory.t
3946,19.232344918467,4.20115548930718,SSNMDI,regulatory.t
3947,-0.587170611189551,9.00330085946906,SSNMDI,regulatory.t
3948,18.5335653873722,-7.76161411713792,SSNMDI,regulatory.t
3949,11.8321447322768,-3.00875527161636,SSNMDI,regulatory.t
3950,-9.76490888945145,5.38132084136098,SSNMDI,regulatory.t
3951,-35.8250431853749,39.2656524563029,SSNMDI,regulatory.t
3952,-18.6768400026294,10.9961023398248,SSNMDI,regulatory.t
3953,15.3691534674693,-5.65405496840283,SSNMDI,regulatory.t
3954,-12.552219055347,7.00562048951493,SSNMDI,regulatory.t
3955,-23.242929851177,13.6277475382592,SSNMDI,regulatory.t
3956,-4.98223963828961,13.2992423346697,SSNMDI,regulatory.t
3957,-33.7939288994994,35.2476889196915,SSNMDI,regulatory.t
3958,-9.95634442192624,3.54464147907092,SSNMDI,regulatory.t
3959,-30.4526538288419,23.443160457987,SSNMDI,regulatory.t
3960,-34.921155446684,30.9966840089253,SSNMDI,regulatory.t
3961,-31.5498825878888,38.1954138059229,SSNMDI,regulatory.t
3962,-6.42844133492163,1.72997917789145,SSNMDI,regulatory.t
3963,53.6065453252038,13.1663568715653,SSNMDI,regulatory.t
3964,7.51353862136022,0.75751155803777,SSNMDI,regulatory.t
3965,9.22895215962277,0.425731807173234,SSNMDI,regulatory.t
3966,-33.781654166682,26.899053195083,SSNMDI,regulatory.t
3967,-17.6789862863748,11.2916629237236,SSNMDI,regulatory.t
3968,-31.6982085778504,35.9990532167844,SSNMDI,regulatory.t
3969,51.6196484770823,15.1341230866064,SSNMDI,regulatory.t
3970,1.2649893491827,0.564172973048171,SSNMDI,regulatory.t
3971,-25.0312609574934,20.8440015630561,SSNMDI,regulatory.t
3972,-34.5956680605751,39.1384182996135,SSNMDI,regulatory.t
3973,-32.8138546412333,28.292167580919,SSNMDI,regulatory.t
3974,18.1708822059414,-7.42948310036195,SSNMDI,regulatory.t
3975,-0.317853178087285,3.67703220250536,SSNMDI,regulatory.t
3976,-35.0092264513804,40.0384357691469,SSNMDI,regulatory.t
3977,22.3865058422593,-7.85305007114105,SSNMDI,regulatory.t
3978,-34.3265132098806,30.6126937913338,SSNMDI,regulatory.t
3979,8.14163639570121,1.23615761297261,SSNMDI,regulatory.t
3980,-0.68215807491432,1.96206411380181,SSNMDI,regulatory.t
3981,25.8358068206262,-1.99586755341766,SSNMDI,regulatory.t
3982,16.0722496026655,1.17581520279696,SSNMDI,regulatory.t
3983,21.7781581583009,-9.08712986320207,SSNMDI,regulatory.t
3984,-17.2944926068178,22.9808013542645,SSNMDI,regulatory.t
3985,-15.2394681984363,8.36819083881256,SSNMDI,regulatory.t
3986,10.640143887233,5.46425763565998,SSNMDI,regulatory.t
3987,14.6368378003649,2.22441055496573,SSNMDI,regulatory.t
3988,-26.6516491870648,35.3111276742479,SSNMDI,regulatory.t
3989,-10.490992193362,5.02611939313786,SSNMDI,regulatory.t
3990,13.3428000023381,-2.41690075064652,SSNMDI,regulatory.t
3991,-32.9410863726501,29.0298022115717,SSNMDI,regulatory.t
3992,49.8430230449684,24.3712727706344,SSNMDI,regulatory.t
3993,14.9864409699131,-4.13059381436538,SSNMDI,regulatory.t
