parent_method,clustering_algorithm,median_ari,family,panel,metric,median_value,dataset_category,dataset_id,ari,ARI,NMI,pearson_r,appearances,fraction,n_top_three_slots,median_rank,q1_rank,q3_rank,top3_fraction,dataset_algorithm_tasks,eligible_task_count,kmeans,louvain,spectral,algorithm_range,algorithm_sd,n_algorithms,median_absolute_gap,q1_absolute_gap,q3_absolute_gap,task_count
PCA,kmeans,0.405,linear,b,,,,,,,,,,,,,,,,,,,,,,,,,,,
GLMPCA,kmeans,0.445,linear,b,,,,,,,,,,,,,,,,,,,,,,,,,,,
pCMF,kmeans,0.1,linear,b,,,,,,,,,,,,,,,,,,,,,,,,,,,
ZIFA,kmeans,0.36,linear,b,,,,,,,,,,,,,,,,,,,,,,,,,,,
scGBM,kmeans,0.45,linear,b,,,,,,,,,,,,,,,,,,,,,,,,,,,
SSNMDI,kmeans,0.01,linear,b,,,,,,,,,,,,,,,,,,,,,,,,,,,
tGPLVM,kmeans,0.04,linear,b,,,,,,,,,,,,,,,,,,,,,,,,,,,
VAE,kmeans,0.27,deep,b,,,,,,,,,,,,,,,,,,,,,,,,,,,
scvis,kmeans,0.46,deep,b,,,,,,,,,,,,,,,,,,,,,,,,,,,
VASC,kmeans,0.43,deep,b,,,,,,,,,,,,,,,,,,,,,,,,,,,
SAUCIE,kmeans,0.10500000000000001,deep,b,,,,,,,,,,,,,,,,,,,,,,,,,,,
scScope,kmeans,0.13,deep,b,,,,,,,,,,,,,,,,,,,,,,,,,,,
SCDRHA,kmeans,0.305,deep,b,,,,,,,,,,,,,,,,,,,,,,,,,,,
scGAE,kmeans,0.24,deep,b,,,,,,,,,,,,,,,,,,,,,,,,,,,
DREAM,kmeans,0.24,deep,b,,,,,,,,,,,,,,,,,,,,,,,,,,,
DRA,kmeans,0.0,deep,b,,,,,,,,,,,,,,,,,,,,,,,,,,,
UMAP,kmeans,0.41000000000000003,graph,b,,,,,,,,,,,,,,,,,,,,,,,,,,,
SIMLR,kmeans,0.51,graph,b,,,,,,,,,,,,,,,,,,,,,,,,,,,
PHATE,kmeans,0.47,graph,b,,,,,,,,,,,,,,,,,,,,,,,,,,,
EDGE,kmeans,0.29500000000000004,graph,b,,,,,,,,,,,,,,,,,,,,,,,,,,,
SPDR,kmeans,0.46499999999999997,graph,b,,,,,,,,,,,,,,,,,,,,,,,,,,,
IVIS,kmeans,0.325,metric,b,,,,,,,,,,,,,,,,,,,,,,,,,,,
PaCMAP,kmeans,0.01,metric,b,,,,,,,,,,,,,,,,,,,,,,,,,,,
t-SNE,kmeans,0.435,metric,b,,,,,,,,,,,,,,,,,,,,,,,,,,,
TriMap,kmeans,0.455,metric,b,,,,,,,,,,,,,,,,,,,,,,,,,,,
SQuaD-MDS,kmeans,0.33999999999999997,metric,b,,,,,,,,,,,,,,,,,,,,,,,,,,,
PCA,spectral,0.25,linear,b,,,,,,,,,,,,,,,,,,,,,,,,,,,
GLMPCA,spectral,0.375,linear,b,,,,,,,,,,,,,,,,,,,,,,,,,,,
pCMF,spectral,0.1,linear,b,,,,,,,,,,,,,,,,,,,,,,,,,,,
ZIFA,spectral,0.28500000000000003,linear,b,,,,,,,,,,,,,,,,,,,,,,,,,,,
scGBM,spectral,0.42,linear,b,,,,,,,,,,,,,,,,,,,,,,,,,,,
SSNMDI,spectral,0.01,linear,b,,,,,,,,,,,,,,,,,,,,,,,,,,,
tGPLVM,spectral,0.05,linear,b,,,,,,,,,,,,,,,,,,,,,,,,,,,
VAE,spectral,0.26,deep,b,,,,,,,,,,,,,,,,,,,,,,,,,,,
scvis,spectral,0.39,deep,b,,,,,,,,,,,,,,,,,,,,,,,,,,,
VASC,spectral,0.32,deep,b,,,,,,,,,,,,,,,,,,,,,,,,,,,
SAUCIE,spectral,0.11,deep,b,,,,,,,,,,,,,,,,,,,,,,,,,,,
scScope,spectral,0.135,deep,b,,,,,,,,,,,,,,,,,,,,,,,,,,,
SCDRHA,spectral,0.28500000000000003,deep,b,,,,,,,,,,,,,,,,,,,,,,,,,,,
scGAE,spectral,0.255,deep,b,,,,,,,,,,,,,,,,,,,,,,,,,,,
DREAM,spectral,0.235,deep,b,,,,,,,,,,,,,,,,,,,,,,,,,,,
DRA,spectral,0.0,deep,b,,,,,,,,,,,,,,,,,,,,,,,,,,,
UMAP,spectral,0.425,graph,b,,,,,,,,,,,,,,,,,,,,,,,,,,,
SIMLR,spectral,0.4,graph,b,,,,,,,,,,,,,,,,,,,,,,,,,,,
PHATE,spectral,0.4,graph,b,,,,,,,,,,,,,,,,,,,,,,,,,,,
EDGE,spectral,0.26,graph,b,,,,,,,,,,,,,,,,,,,,,,,,,,,
SPDR,spectral,0.41,graph,b,,,,,,,,,,,,,,,,,,,,,,,,,,,
IVIS,spectral,0.325,metric,b,,,,,,,,,,,,,,,,,,,,,,,,,,,
PaCMAP,spectral,0.02,metric,b,,,,,,,,,,,,,,,,,,,,,,,,,,,
t-SNE,spectral,0.43,metric,b,,,,,,,,,,,,,,,,,,,,,,,,,,,
TriMap,spectral,0.4,metric,b,,,,,,,,,,,,,,,,,,,,,,,,,,,
SQuaD-MDS,spectral,0.325,metric,b,,,,,,,,,,,,,,,,,,,,,,,,,,,
PCA,louvain,0.11,linear,b,,,,,,,,,,,,,,,,,,,,,,,,,,,
GLMPCA,louvain,0.14,linear,b,,,,,,,,,,,,,,,,,,,,,,,,,,,
pCMF,louvain,0.04,linear,b,,,,,,,,,,,,,,,,,,,,,,,,,,,
ZIFA,louvain,0.12,linear,b,,,,,,,,,,,,,,,,,,,,,,,,,,,
scGBM,louvain,0.15000000000000002,linear,b,,,,,,,,,,,,,,,,,,,,,,,,,,,
SSNMDI,louvain,0.0,linear,b,,,,,,,,,,,,,,,,,,,,,,,,,,,
tGPLVM,louvain,0.01,linear,b,,,,,,,,,,,,,,,,,,,,,,,,,,,
VAE,louvain,0.11499999999999999,deep,b,,,,,,,,,,,,,,,,,,,,,,,,,,,
scvis,louvain,0.14500000000000002,deep,b,,,,,,,,,,,,,,,,,,,,,,,,,,,
VASC,louvain,0.125,deep,b,,,,,,,,,,,,,,,,,,,,,,,,,,,
SAUCIE,louvain,0.055,deep,b,,,,,,,,,,,,,,,,,,,,,,,,,,,
scScope,louvain,0.06,deep,b,,,,,,,,,,,,,,,,,,,,,,,,,,,
SCDRHA,louvain,0.10500000000000001,deep,b,,,,,,,,,,,,,,,,,,,,,,,,,,,
scGAE,louvain,0.08499999999999999,deep,b,,,,,,,,,,,,,,,,,,,,,,,,,,,
DREAM,louvain,0.085,deep,b,,,,,,,,,,,,,,,,,,,,,,,,,,,
DRA,louvain,0.0,deep,b,,,,,,,,,,,,,,,,,,,,,,,,,,,
UMAP,louvain,0.11499999999999999,graph,b,,,,,,,,,,,,,,,,,,,,,,,,,,,
SIMLR,louvain,0.18,graph,b,,,,,,,,,,,,,,,,,,,,,,,,,,,
PHATE,louvain,0.13,graph,b,,,,,,,,,,,,,,,,,,,,,,,,,,,
EDGE,louvain,0.09,graph,b,,,,,,,,,,,,,,,,,,,,,,,,,,,
SPDR,louvain,0.135,graph,b,,,,,,,,,,,,,,,,,,,,,,,,,,,
IVIS,louvain,0.155,metric,b,,,,,,,,,,,,,,,,,,,,,,,,,,,
PaCMAP,louvain,0.0,metric,b,,,,,,,,,,,,,,,,,,,,,,,,,,,
t-SNE,louvain,0.16999999999999998,metric,b,,,,,,,,,,,,,,,,,,,,,,,,,,,
TriMap,louvain,0.13,metric,b,,,,,,,,,,,,,,,,,,,,,,,,,,,
SQuaD-MDS,louvain,0.11,metric,b,,,,,,,,,,,,,,,,,,,,,,,,,,,
,kmeans,,,c,ARI,0.3,,,,,,,,,,,,,,,,,,,,,,,,,
,kmeans,,,c,NMI,0.46,,,,,,,,,,,,,,,,,,,,,,,,,
,kmeans,,,c,COMP,0.43,,,,,,,,,,,,,,,,,,,,,,,,,
,kmeans,,,c,HOMO,0.48,,,,,,,,,,,,,,,,,,,,,,,,,
,kmeans,,,c,SIL,0.5,,,,,,,,,,,,,,,,,,,,,,,,,
,spectral,,,c,ARI,0.27,,,,,,,,,,,,,,,,,,,,,,,,,
,spectral,,,c,NMI,0.44,,,,,,,,,,,,,,,,,,,,,,,,,
,spectral,,,c,COMP,0.41,,,,,,,,,,,,,,,,,,,,,,,,,
,spectral,,,c,HOMO,0.48,,,,,,,,,,,,,,,,,,,,,,,,,
,spectral,,,c,SIL,0.4,,,,,,,,,,,,,,,,,,,,,,,,,
,louvain,,,c,ARI,0.1,,,,,,,,,,,,,,,,,,,,,,,,,
,louvain,,,c,NMI,0.36,,,,,,,,,,,,,,,,,,,,,,,,,
,louvain,,,c,COMP,0.27,,,,,,,,,,,,,,,,,,,,,,,,,
,louvain,,,c,HOMO,0.59,,,,,,,,,,,,,,,,,,,,,,,,,
,louvain,,,c,SIL,0.32,,,,,,,,,,,,,,,,,,,,,,,,,
DRA,kmeans,,deep,d,,,SIMLR,Pollen,-0.0,,,,,,,,,,,,,,,,,,,,,,
DRA,louvain,,deep,d,,,SIMLR,Pollen,0.0,,,,,,,,,,,,,,,,,,,,,,
DRA,spectral,,deep,d,,,SIMLR,Pollen,0.0,,,,,,,,,,,,,,,,,,,,,,
DREAM,kmeans,,deep,d,,,SIMLR,Pollen,0.85,,,,,,,,,,,,,,,,,,,,,,
DREAM,louvain,,deep,d,,,SIMLR,Pollen,0.88,,,,,,,,,,,,,,,,,,,,,,
DREAM,spectral,,deep,d,,,SIMLR,Pollen,0.81,,,,,,,,,,,,,,,,,,,,,,
EDGE,kmeans,,graph,d,,,SIMLR,Pollen,0.92,,,,,,,,,,,,,,,,,,,,,,
EDGE,louvain,,graph,d,,,SIMLR,Pollen,0.86,,,,,,,,,,,,,,,,,,,,,,
EDGE,spectral,,graph,d,,,SIMLR,Pollen,0.86,,,,,,,,,,,,,,,,,,,,,,
GLMPCA,kmeans,,linear,d,,,SIMLR,Pollen,0.78,,,,,,,,,,,,,,,,,,,,,,
GLMPCA,louvain,,linear,d,,,SIMLR,Pollen,0.57,,,,,,,,,,,,,,,,,,,,,,
GLMPCA,spectral,,linear,d,,,SIMLR,Pollen,0.65,,,,,,,,,,,,,,,,,,,,,,
IVIS,kmeans,,metric,d,,,SIMLR,Pollen,0.55,,,,,,,,,,,,,,,,,,,,,,
IVIS,louvain,,metric,d,,,SIMLR,Pollen,0.57,,,,,,,,,,,,,,,,,,,,,,
IVIS,spectral,,metric,d,,,SIMLR,Pollen,0.49,,,,,,,,,,,,,,,,,,,,,,
PCA,kmeans,,linear,d,,,SIMLR,Pollen,0.65,,,,,,,,,,,,,,,,,,,,,,
PCA,louvain,,linear,d,,,SIMLR,Pollen,0.59,,,,,,,,,,,,,,,,,,,,,,
PCA,spectral,,linear,d,,,SIMLR,Pollen,0.59,,,,,,,,,,,,,,,,,,,,,,
PHATE,kmeans,,graph,d,,,SIMLR,Pollen,0.67,,,,,,,,,,,,,,,,,,,,,,
PHATE,louvain,,graph,d,,,SIMLR,Pollen,0.62,,,,,,,,,,,,,,,,,,,,,,
PHATE,spectral,,graph,d,,,SIMLR,Pollen,0.58,,,,,,,,,,,,,,,,,,,,,,
PaCMAP,kmeans,,metric,d,,,SIMLR,Pollen,0.18,,,,,,,,,,,,,,,,,,,,,,
PaCMAP,louvain,,metric,d,,,SIMLR,Pollen,0.19,,,,,,,,,,,,,,,,,,,,,,
PaCMAP,spectral,,metric,d,,,SIMLR,Pollen,0.19,,,,,,,,,,,,,,,,,,,,,,
SAUCIE,kmeans,,deep,d,,,SIMLR,Pollen,0.15,,,,,,,,,,,,,,,,,,,,,,
SAUCIE,louvain,,deep,d,,,SIMLR,Pollen,0.2,,,,,,,,,,,,,,,,,,,,,,
SAUCIE,spectral,,deep,d,,,SIMLR,Pollen,0.15,,,,,,,,,,,,,,,,,,,,,,
SCDRHA,kmeans,,deep,d,,,SIMLR,Pollen,0.65,,,,,,,,,,,,,,,,,,,,,,
SCDRHA,louvain,,deep,d,,,SIMLR,Pollen,0.53,,,,,,,,,,,,,,,,,,,,,,
SCDRHA,spectral,,deep,d,,,SIMLR,Pollen,0.52,,,,,,,,,,,,,,,,,,,,,,
SIMLR,kmeans,,graph,d,,,SIMLR,Pollen,0.91,,,,,,,,,,,,,,,,,,,,,,
SIMLR,louvain,,graph,d,,,SIMLR,Pollen,0.7,,,,,,,,,,,,,,,,,,,,,,
SIMLR,spectral,,graph,d,,,SIMLR,Pollen,0.37,,,,,,,,,,,,,,,,,,,,,,
SPDR,kmeans,,graph,d,,,SIMLR,Pollen,0.78,,,,,,,,,,,,,,,,,,,,,,
SPDR,louvain,,graph,d,,,SIMLR,Pollen,0.86,,,,,,,,,,,,,,,,,,,,,,
SPDR,spectral,,graph,d,,,SIMLR,Pollen,0.68,,,,,,,,,,,,,,,,,,,,,,
SQuaD-MDS,kmeans,,metric,d,,,SIMLR,Pollen,0.64,,,,,,,,,,,,,,,,,,,,,,
SQuaD-MDS,louvain,,metric,d,,,SIMLR,Pollen,0.605,,,,,,,,,,,,,,,,,,,,,,
SQuaD-MDS,spectral,,metric,d,,,SIMLR,Pollen,0.495,,,,,,,,,,,,,,,,,,,,,,
SSNMDI,kmeans,,linear,d,,,SIMLR,Pollen,0.21,,,,,,,,,,,,,,,,,,,,,,
SSNMDI,louvain,,linear,d,,,SIMLR,Pollen,0.23,,,,,,,,,,,,,,,,,,,,,,
SSNMDI,spectral,,linear,d,,,SIMLR,Pollen,0.13,,,,,,,,,,,,,,,,,,,,,,
TriMap,kmeans,,metric,d,,,SIMLR,Pollen,0.76,,,,,,,,,,,,,,,,,,,,,,
TriMap,louvain,,metric,d,,,SIMLR,Pollen,0.69,,,,,,,,,,,,,,,,,,,,,,
TriMap,spectral,,metric,d,,,SIMLR,Pollen,0.53,,,,,,,,,,,,,,,,,,,,,,
UMAP,kmeans,,graph,d,,,SIMLR,Pollen,0.66,,,,,,,,,,,,,,,,,,,,,,
UMAP,louvain,,graph,d,,,SIMLR,Pollen,0.61,,,,,,,,,,,,,,,,,,,,,,
UMAP,spectral,,graph,d,,,SIMLR,Pollen,0.54,,,,,,,,,,,,,,,,,,,,,,
VAE,kmeans,,deep,d,,,SIMLR,Pollen,0.41,,,,,,,,,,,,,,,,,,,,,,
VAE,louvain,,deep,d,,,SIMLR,Pollen,0.39,,,,,,,,,,,,,,,,,,,,,,
VAE,spectral,,deep,d,,,SIMLR,Pollen,0.39,,,,,,,,,,,,,,,,,,,,,,
VASC,kmeans,,deep,d,,,SIMLR,Pollen,0.79,,,,,,,,,,,,,,,,,,,,,,
VASC,louvain,,deep,d,,,SIMLR,Pollen,0.72,,,,,,,,,,,,,,,,,,,,,,
VASC,spectral,,deep,d,,,SIMLR,Pollen,0.73,,,,,,,,,,,,,,,,,,,,,,
ZIFA,kmeans,,linear,d,,,SIMLR,Pollen,0.66,,,,,,,,,,,,,,,,,,,,,,
ZIFA,louvain,,linear,d,,,SIMLR,Pollen,0.67,,,,,,,,,,,,,,,,,,,,,,
ZIFA,spectral,,linear,d,,,SIMLR,Pollen,0.65,,,,,,,,,,,,,,,,,,,,,,
pCMF,kmeans,,linear,d,,,SIMLR,Pollen,0.48,,,,,,,,,,,,,,,,,,,,,,
pCMF,louvain,,linear,d,,,SIMLR,Pollen,0.45,,,,,,,,,,,,,,,,,,,,,,
pCMF,spectral,,linear,d,,,SIMLR,Pollen,0.45,,,,,,,,,,,,,,,,,,,,,,
scGAE,kmeans,,deep,d,,,SIMLR,Pollen,0.55,,,,,,,,,,,,,,,,,,,,,,
scGAE,louvain,,deep,d,,,SIMLR,Pollen,0.55,,,,,,,,,,,,,,,,,,,,,,
scGAE,spectral,,deep,d,,,SIMLR,Pollen,0.49,,,,,,,,,,,,,,,,,,,,,,
scGBM,kmeans,,linear,d,,,SIMLR,Pollen,0.78,,,,,,,,,,,,,,,,,,,,,,
scGBM,louvain,,linear,d,,,SIMLR,Pollen,0.64,,,,,,,,,,,,,,,,,,,,,,
scGBM,spectral,,linear,d,,,SIMLR,Pollen,0.51,,,,,,,,,,,,,,,,,,,,,,
scScope,kmeans,,deep,d,,,SIMLR,Pollen,0.14,,,,,,,,,,,,,,,,,,,,,,
scScope,louvain,,deep,d,,,SIMLR,Pollen,0.14,,,,,,,,,,,,,,,,,,,,,,
scScope,spectral,,deep,d,,,SIMLR,Pollen,0.15,,,,,,,,,,,,,,,,,,,,,,
scvis,kmeans,,deep,d,,,SIMLR,Pollen,0.68,,,,,,,,,,,,,,,,,,,,,,
scvis,louvain,,deep,d,,,SIMLR,Pollen,0.74,,,,,,,,,,,,,,,,,,,,,,
scvis,spectral,,deep,d,,,SIMLR,Pollen,0.73,,,,,,,,,,,,,,,,,,,,,,
t-SNE,kmeans,,metric,d,,,SIMLR,Pollen,0.75,,,,,,,,,,,,,,,,,,,,,,
t-SNE,louvain,,metric,d,,,SIMLR,Pollen,0.78,,,,,,,,,,,,,,,,,,,,,,
t-SNE,spectral,,metric,d,,,SIMLR,Pollen,0.71,,,,,,,,,,,,,,,,,,,,,,
tGPLVM,kmeans,,linear,d,,,SIMLR,Pollen,0.0,,,,,,,,,,,,,,,,,,,,,,
tGPLVM,louvain,,linear,d,,,SIMLR,Pollen,0.0,,,,,,,,,,,,,,,,,,,,,,
tGPLVM,spectral,,linear,d,,,SIMLR,Pollen,0.01,,,,,,,,,,,,,,,,,,,,,,
DRA,kmeans,,deep,d,,,SIMLR,Usoskin,0.0,,,,,,,,,,,,,,,,,,,,,,
DRA,louvain,,deep,d,,,SIMLR,Usoskin,0.0,,,,,,,,,,,,,,,,,,,,,,
DRA,spectral,,deep,d,,,SIMLR,Usoskin,-0.0,,,,,,,,,,,,,,,,,,,,,,
DREAM,kmeans,,deep,d,,,SIMLR,Usoskin,0.63,,,,,,,,,,,,,,,,,,,,,,
DREAM,louvain,,deep,d,,,SIMLR,Usoskin,0.32,,,,,,,,,,,,,,,,,,,,,,
DREAM,spectral,,deep,d,,,SIMLR,Usoskin,0.63,,,,,,,,,,,,,,,,,,,,,,
EDGE,kmeans,,graph,d,,,SIMLR,Usoskin,0.54,,,,,,,,,,,,,,,,,,,,,,
EDGE,louvain,,graph,d,,,SIMLR,Usoskin,0.22,,,,,,,,,,,,,,,,,,,,,,
EDGE,spectral,,graph,d,,,SIMLR,Usoskin,0.52,,,,,,,,,,,,,,,,,,,,,,
GLMPCA,kmeans,,linear,d,,,SIMLR,Usoskin,0.67,,,,,,,,,,,,,,,,,,,,,,
GLMPCA,louvain,,linear,d,,,SIMLR,Usoskin,0.35,,,,,,,,,,,,,,,,,,,,,,
GLMPCA,spectral,,linear,d,,,SIMLR,Usoskin,0.49,,,,,,,,,,,,,,,,,,,,,,
IVIS,kmeans,,metric,d,,,SIMLR,Usoskin,0.47,,,,,,,,,,,,,,,,,,,,,,
IVIS,louvain,,metric,d,,,SIMLR,Usoskin,0.23,,,,,,,,,,,,,,,,,,,,,,
IVIS,spectral,,metric,d,,,SIMLR,Usoskin,0.46,,,,,,,,,,,,,,,,,,,,,,
PCA,kmeans,,linear,d,,,SIMLR,Usoskin,0.39,,,,,,,,,,,,,,,,,,,,,,
PCA,louvain,,linear,d,,,SIMLR,Usoskin,0.21,,,,,,,,,,,,,,,,,,,,,,
PCA,spectral,,linear,d,,,SIMLR,Usoskin,0.27,,,,,,,,,,,,,,,,,,,,,,
PHATE,kmeans,,graph,d,,,SIMLR,Usoskin,0.91,,,,,,,,,,,,,,,,,,,,,,
PHATE,louvain,,graph,d,,,SIMLR,Usoskin,0.36,,,,,,,,,,,,,,,,,,,,,,
PHATE,spectral,,graph,d,,,SIMLR,Usoskin,0.65,,,,,,,,,,,,,,,,,,,,,,
PaCMAP,kmeans,,metric,d,,,SIMLR,Usoskin,0.52,,,,,,,,,,,,,,,,,,,,,,
PaCMAP,louvain,,metric,d,,,SIMLR,Usoskin,0.19,,,,,,,,,,,,,,,,,,,,,,
PaCMAP,spectral,,metric,d,,,SIMLR,Usoskin,0.38,,,,,,,,,,,,,,,,,,,,,,
SAUCIE,kmeans,,deep,d,,,SIMLR,Usoskin,0.02,,,,,,,,,,,,,,,,,,,,,,
SAUCIE,louvain,,deep,d,,,SIMLR,Usoskin,0.02,,,,,,,,,,,,,,,,,,,,,,
SAUCIE,spectral,,deep,d,,,SIMLR,Usoskin,0.03,,,,,,,,,,,,,,,,,,,,,,
SCDRHA,kmeans,,deep,d,,,SIMLR,Usoskin,0.5,,,,,,,,,,,,,,,,,,,,,,
SCDRHA,louvain,,deep,d,,,SIMLR,Usoskin,0.26,,,,,,,,,,,,,,,,,,,,,,
SCDRHA,spectral,,deep,d,,,SIMLR,Usoskin,0.33,,,,,,,,,,,,,,,,,,,,,,
SIMLR,kmeans,,graph,d,,,SIMLR,Usoskin,0.93,,,,,,,,,,,,,,,,,,,,,,
SIMLR,louvain,,graph,d,,,SIMLR,Usoskin,0.3,,,,,,,,,,,,,,,,,,,,,,
SIMLR,spectral,,graph,d,,,SIMLR,Usoskin,0.5,,,,,,,,,,,,,,,,,,,,,,
SPDR,kmeans,,graph,d,,,SIMLR,Usoskin,0.91,,,,,,,,,,,,,,,,,,,,,,
SPDR,louvain,,graph,d,,,SIMLR,Usoskin,0.32,,,,,,,,,,,,,,,,,,,,,,
SPDR,spectral,,graph,d,,,SIMLR,Usoskin,0.55,,,,,,,,,,,,,,,,,,,,,,
SQuaD-MDS,kmeans,,metric,d,,,SIMLR,Usoskin,0.41000000000000003,,,,,,,,,,,,,,,,,,,,,,
SQuaD-MDS,louvain,,metric,d,,,SIMLR,Usoskin,0.22999999999999998,,,,,,,,,,,,,,,,,,,,,,
SQuaD-MDS,spectral,,metric,d,,,SIMLR,Usoskin,0.42,,,,,,,,,,,,,,,,,,,,,,
SSNMDI,kmeans,,linear,d,,,SIMLR,Usoskin,0.37,,,,,,,,,,,,,,,,,,,,,,
SSNMDI,louvain,,linear,d,,,SIMLR,Usoskin,0.15,,,,,,,,,,,,,,,,,,,,,,
SSNMDI,spectral,,linear,d,,,SIMLR,Usoskin,0.14,,,,,,,,,,,,,,,,,,,,,,
TriMap,kmeans,,metric,d,,,SIMLR,Usoskin,0.9,,,,,,,,,,,,,,,,,,,,,,
TriMap,louvain,,metric,d,,,SIMLR,Usoskin,0.26,,,,,,,,,,,,,,,,,,,,,,
TriMap,spectral,,metric,d,,,SIMLR,Usoskin,0.76,,,,,,,,,,,,,,,,,,,,,,
UMAP,kmeans,,graph,d,,,SIMLR,Usoskin,0.55,,,,,,,,,,,,,,,,,,,,,,
UMAP,louvain,,graph,d,,,SIMLR,Usoskin,0.25,,,,,,,,,,,,,,,,,,,,,,
UMAP,spectral,,graph,d,,,SIMLR,Usoskin,0.52,,,,,,,,,,,,,,,,,,,,,,
VAE,kmeans,,deep,d,,,SIMLR,Usoskin,0.07,,,,,,,,,,,,,,,,,,,,,,
VAE,louvain,,deep,d,,,SIMLR,Usoskin,0.06,,,,,,,,,,,,,,,,,,,,,,
VAE,spectral,,deep,d,,,SIMLR,Usoskin,0.07,,,,,,,,,,,,,,,,,,,,,,
VASC,kmeans,,deep,d,,,SIMLR,Usoskin,0.39,,,,,,,,,,,,,,,,,,,,,,
VASC,louvain,,deep,d,,,SIMLR,Usoskin,0.27,,,,,,,,,,,,,,,,,,,,,,
VASC,spectral,,deep,d,,,SIMLR,Usoskin,0.52,,,,,,,,,,,,,,,,,,,,,,
ZIFA,kmeans,,linear,d,,,SIMLR,Usoskin,0.4,,,,,,,,,,,,,,,,,,,,,,
ZIFA,louvain,,linear,d,,,SIMLR,Usoskin,0.2,,,,,,,,,,,,,,,,,,,,,,
ZIFA,spectral,,linear,d,,,SIMLR,Usoskin,0.35,,,,,,,,,,,,,,,,,,,,,,
pCMF,kmeans,,linear,d,,,SIMLR,Usoskin,0.02,,,,,,,,,,,,,,,,,,,,,,
pCMF,louvain,,linear,d,,,SIMLR,Usoskin,0.0,,,,,,,,,,,,,,,,,,,,,,
pCMF,spectral,,linear,d,,,SIMLR,Usoskin,0.0,,,,,,,,,,,,,,,,,,,,,,
scGAE,kmeans,,deep,d,,,SIMLR,Usoskin,0.13,,,,,,,,,,,,,,,,,,,,,,
scGAE,louvain,,deep,d,,,SIMLR,Usoskin,0.11,,,,,,,,,,,,,,,,,,,,,,
scGAE,spectral,,deep,d,,,SIMLR,Usoskin,0.25,,,,,,,,,,,,,,,,,,,,,,
scGBM,kmeans,,linear,d,,,SIMLR,Usoskin,0.67,,,,,,,,,,,,,,,,,,,,,,
scGBM,louvain,,linear,d,,,SIMLR,Usoskin,0.36,,,,,,,,,,,,,,,,,,,,,,
scGBM,spectral,,linear,d,,,SIMLR,Usoskin,0.49,,,,,,,,,,,,,,,,,,,,,,
scScope,kmeans,,deep,d,,,SIMLR,Usoskin,0.05,,,,,,,,,,,,,,,,,,,,,,
scScope,louvain,,deep,d,,,SIMLR,Usoskin,0.03,,,,,,,,,,,,,,,,,,,,,,
scScope,spectral,,deep,d,,,SIMLR,Usoskin,0.06,,,,,,,,,,,,,,,,,,,,,,
scvis,kmeans,,deep,d,,,SIMLR,Usoskin,0.39,,,,,,,,,,,,,,,,,,,,,,
scvis,louvain,,deep,d,,,SIMLR,Usoskin,0.19,,,,,,,,,,,,,,,,,,,,,,
scvis,spectral,,deep,d,,,SIMLR,Usoskin,0.51,,,,,,,,,,,,,,,,,,,,,,
t-SNE,kmeans,,metric,d,,,SIMLR,Usoskin,0.63,,,,,,,,,,,,,,,,,,,,,,
t-SNE,louvain,,metric,d,,,SIMLR,Usoskin,0.31,,,,,,,,,,,,,,,,,,,,,,
t-SNE,spectral,,metric,d,,,SIMLR,Usoskin,0.65,,,,,,,,,,,,,,,,,,,,,,
tGPLVM,kmeans,,linear,d,,,SIMLR,Usoskin,0.36,,,,,,,,,,,,,,,,,,,,,,
tGPLVM,louvain,,linear,d,,,SIMLR,Usoskin,0.16,,,,,,,,,,,,,,,,,,,,,,
tGPLVM,spectral,,linear,d,,,SIMLR,Usoskin,0.3,,,,,,,,,,,,,,,,,,,,,,
DRA,kmeans,,deep,d,,,TI,DA1_horns,0.0,,,,,,,,,,,,,,,,,,,,,,
DRA,louvain,,deep,d,,,TI,DA1_horns,0.01,,,,,,,,,,,,,,,,,,,,,,
DRA,spectral,,deep,d,,,TI,DA1_horns,-0.0,,,,,,,,,,,,,,,,,,,,,,
DREAM,kmeans,,deep,d,,,TI,DA1_horns,0.72,,,,,,,,,,,,,,,,,,,,,,
DREAM,louvain,,deep,d,,,TI,DA1_horns,0.49,,,,,,,,,,,,,,,,,,,,,,
DREAM,spectral,,deep,d,,,TI,DA1_horns,0.88,,,,,,,,,,,,,,,,,,,,,,
EDGE,kmeans,,graph,d,,,TI,DA1_horns,0.79,,,,,,,,,,,,,,,,,,,,,,
EDGE,louvain,,graph,d,,,TI,DA1_horns,0.62,,,,,,,,,,,,,,,,,,,,,,
EDGE,spectral,,graph,d,,,TI,DA1_horns,0.79,,,,,,,,,,,,,,,,,,,,,,
GLMPCA,kmeans,,linear,d,,,TI,DA1_horns,0.82,,,,,,,,,,,,,,,,,,,,,,
GLMPCA,louvain,,linear,d,,,TI,DA1_horns,0.49,,,,,,,,,,,,,,,,,,,,,,
GLMPCA,spectral,,linear,d,,,TI,DA1_horns,0.82,,,,,,,,,,,,,,,,,,,,,,
IVIS,kmeans,,metric,d,,,TI,DA1_horns,0.65,,,,,,,,,,,,,,,,,,,,,,
IVIS,louvain,,metric,d,,,TI,DA1_horns,0.56,,,,,,,,,,,,,,,,,,,,,,
IVIS,spectral,,metric,d,,,TI,DA1_horns,0.66,,,,,,,,,,,,,,,,,,,,,,
PCA,kmeans,,linear,d,,,TI,DA1_horns,0.91,,,,,,,,,,,,,,,,,,,,,,
PCA,louvain,,linear,d,,,TI,DA1_horns,0.68,,,,,,,,,,,,,,,,,,,,,,
PCA,spectral,,linear,d,,,TI,DA1_horns,0.63,,,,,,,,,,,,,,,,,,,,,,
PHATE,kmeans,,graph,d,,,TI,DA1_horns,0.69,,,,,,,,,,,,,,,,,,,,,,
PHATE,louvain,,graph,d,,,TI,DA1_horns,0.65,,,,,,,,,,,,,,,,,,,,,,
PHATE,spectral,,graph,d,,,TI,DA1_horns,0.8,,,,,,,,,,,,,,,,,,,,,,
PaCMAP,kmeans,,metric,d,,,TI,DA1_horns,0.46,,,,,,,,,,,,,,,,,,,,,,
PaCMAP,louvain,,metric,d,,,TI,DA1_horns,0.26,,,,,,,,,,,,,,,,,,,,,,
PaCMAP,spectral,,metric,d,,,TI,DA1_horns,0.46,,,,,,,,,,,,,,,,,,,,,,
SAUCIE,kmeans,,deep,d,,,TI,DA1_horns,0.1,,,,,,,,,,,,,,,,,,,,,,
SAUCIE,louvain,,deep,d,,,TI,DA1_horns,0.12,,,,,,,,,,,,,,,,,,,,,,
SAUCIE,spectral,,deep,d,,,TI,DA1_horns,0.12,,,,,,,,,,,,,,,,,,,,,,
SCDRHA,kmeans,,deep,d,,,TI,DA1_horns,0.3,,,,,,,,,,,,,,,,,,,,,,
SCDRHA,louvain,,deep,d,,,TI,DA1_horns,0.29,,,,,,,,,,,,,,,,,,,,,,
SCDRHA,spectral,,deep,d,,,TI,DA1_horns,0.09,,,,,,,,,,,,,,,,,,,,,,
SIMLR,kmeans,,graph,d,,,TI,DA1_horns,0.96,,,,,,,,,,,,,,,,,,,,,,
SIMLR,louvain,,graph,d,,,TI,DA1_horns,0.85,,,,,,,,,,,,,,,,,,,,,,
SIMLR,spectral,,graph,d,,,TI,DA1_horns,0.52,,,,,,,,,,,,,,,,,,,,,,
SPDR,kmeans,,graph,d,,,TI,DA1_horns,0.9,,,,,,,,,,,,,,,,,,,,,,
SPDR,louvain,,graph,d,,,TI,DA1_horns,0.6,,,,,,,,,,,,,,,,,,,,,,
SPDR,spectral,,graph,d,,,TI,DA1_horns,0.9,,,,,,,,,,,,,,,,,,,,,,
SQuaD-MDS,kmeans,,metric,d,,,TI,DA1_horns,0.6799999999999999,,,,,,,,,,,,,,,,,,,,,,
SQuaD-MDS,louvain,,metric,d,,,TI,DA1_horns,0.51,,,,,,,,,,,,,,,,,,,,,,
SQuaD-MDS,spectral,,metric,d,,,TI,DA1_horns,0.6799999999999999,,,,,,,,,,,,,,,,,,,,,,
SSNMDI,kmeans,,linear,d,,,TI,DA1_horns,0.31,,,,,,,,,,,,,,,,,,,,,,
SSNMDI,louvain,,linear,d,,,TI,DA1_horns,0.21,,,,,,,,,,,,,,,,,,,,,,
SSNMDI,spectral,,linear,d,,,TI,DA1_horns,0.15,,,,,,,,,,,,,,,,,,,,,,
TriMap,kmeans,,metric,d,,,TI,DA1_horns,0.93,,,,,,,,,,,,,,,,,,,,,,
TriMap,louvain,,metric,d,,,TI,DA1_horns,0.76,,,,,,,,,,,,,,,,,,,,,,
TriMap,spectral,,metric,d,,,TI,DA1_horns,0.93,,,,,,,,,,,,,,,,,,,,,,
UMAP,kmeans,,graph,d,,,TI,DA1_horns,0.88,,,,,,,,,,,,,,,,,,,,,,
UMAP,louvain,,graph,d,,,TI,DA1_horns,0.67,,,,,,,,,,,,,,,,,,,,,,
UMAP,spectral,,graph,d,,,TI,DA1_horns,0.85,,,,,,,,,,,,,,,,,,,,,,
VAE,kmeans,,deep,d,,,TI,DA1_horns,0.05,,,,,,,,,,,,,,,,,,,,,,
VAE,louvain,,deep,d,,,TI,DA1_horns,0.06,,,,,,,,,,,,,,,,,,,,,,
VAE,spectral,,deep,d,,,TI,DA1_horns,0.1,,,,,,,,,,,,,,,,,,,,,,
VASC,kmeans,,deep,d,,,TI,DA1_horns,0.85,,,,,,,,,,,,,,,,,,,,,,
VASC,louvain,,deep,d,,,TI,DA1_horns,0.49,,,,,,,,,,,,,,,,,,,,,,
VASC,spectral,,deep,d,,,TI,DA1_horns,0.88,,,,,,,,,,,,,,,,,,,,,,
ZIFA,kmeans,,linear,d,,,TI,DA1_horns,0.88,,,,,,,,,,,,,,,,,,,,,,
ZIFA,louvain,,linear,d,,,TI,DA1_horns,0.48,,,,,,,,,,,,,,,,,,,,,,
ZIFA,spectral,,linear,d,,,TI,DA1_horns,0.83,,,,,,,,,,,,,,,,,,,,,,
pCMF,kmeans,,linear,d,,,TI,DA1_horns,0.0,,,,,,,,,,,,,,,,,,,,,,
pCMF,louvain,,linear,d,,,TI,DA1_horns,0.04,,,,,,,,,,,,,,,,,,,,,,
pCMF,spectral,,linear,d,,,TI,DA1_horns,0.03,,,,,,,,,,,,,,,,,,,,,,
scGAE,kmeans,,deep,d,,,TI,DA1_horns,0.93,,,,,,,,,,,,,,,,,,,,,,
scGAE,louvain,,deep,d,,,TI,DA1_horns,0.76,,,,,,,,,,,,,,,,,,,,,,
scGAE,spectral,,deep,d,,,TI,DA1_horns,0.93,,,,,,,,,,,,,,,,,,,,,,
scGBM,kmeans,,linear,d,,,TI,DA1_horns,0.82,,,,,,,,,,,,,,,,,,,,,,
scGBM,louvain,,linear,d,,,TI,DA1_horns,0.52,,,,,,,,,,,,,,,,,,,,,,
scGBM,spectral,,linear,d,,,TI,DA1_horns,0.84,,,,,,,,,,,,,,,,,,,,,,
scScope,kmeans,,deep,d,,,TI,DA1_horns,0.03,,,,,,,,,,,,,,,,,,,,,,
scScope,louvain,,deep,d,,,TI,DA1_horns,0.03,,,,,,,,,,,,,,,,,,,,,,
scScope,spectral,,deep,d,,,TI,DA1_horns,0.03,,,,,,,,,,,,,,,,,,,,,,
scvis,kmeans,,deep,d,,,TI,DA1_horns,0.76,,,,,,,,,,,,,,,,,,,,,,
scvis,louvain,,deep,d,,,TI,DA1_horns,0.42,,,,,,,,,,,,,,,,,,,,,,
scvis,spectral,,deep,d,,,TI,DA1_horns,0.87,,,,,,,,,,,,,,,,,,,,,,
t-SNE,kmeans,,metric,d,,,TI,DA1_horns,0.79,,,,,,,,,,,,,,,,,,,,,,
t-SNE,louvain,,metric,d,,,TI,DA1_horns,0.73,,,,,,,,,,,,,,,,,,,,,,
t-SNE,spectral,,metric,d,,,TI,DA1_horns,0.8,,,,,,,,,,,,,,,,,,,,,,
tGPLVM,kmeans,,linear,d,,,TI,DA1_horns,0.57,,,,,,,,,,,,,,,,,,,,,,
tGPLVM,louvain,,linear,d,,,TI,DA1_horns,0.39,,,,,,,,,,,,,,,,,,,,,,
tGPLVM,spectral,,linear,d,,,TI,DA1_horns,0.57,,,,,,,,,,,,,,,,,,,,,,
DRA,kmeans,,deep,d,,,TI,DC3_VA1d_horns,0.01,,,,,,,,,,,,,,,,,,,,,,
DRA,louvain,,deep,d,,,TI,DC3_VA1d_horns,0.0,,,,,,,,,,,,,,,,,,,,,,
DRA,spectral,,deep,d,,,TI,DC3_VA1d_horns,0.01,,,,,,,,,,,,,,,,,,,,,,
DREAM,kmeans,,deep,d,,,TI,DC3_VA1d_horns,0.5,,,,,,,,,,,,,,,,,,,,,,
DREAM,louvain,,deep,d,,,TI,DC3_VA1d_horns,0.6,,,,,,,,,,,,,,,,,,,,,,
DREAM,spectral,,deep,d,,,TI,DC3_VA1d_horns,0.43,,,,,,,,,,,,,,,,,,,,,,
EDGE,kmeans,,graph,d,,,TI,DC3_VA1d_horns,0.44,,,,,,,,,,,,,,,,,,,,,,
EDGE,louvain,,graph,d,,,TI,DC3_VA1d_horns,0.58,,,,,,,,,,,,,,,,,,,,,,
EDGE,spectral,,graph,d,,,TI,DC3_VA1d_horns,0.45,,,,,,,,,,,,,,,,,,,,,,
GLMPCA,kmeans,,linear,d,,,TI,DC3_VA1d_horns,0.62,,,,,,,,,,,,,,,,,,,,,,
GLMPCA,louvain,,linear,d,,,TI,DC3_VA1d_horns,0.69,,,,,,,,,,,,,,,,,,,,,,
GLMPCA,spectral,,linear,d,,,TI,DC3_VA1d_horns,0.54,,,,,,,,,,,,,,,,,,,,,,
IVIS,kmeans,,metric,d,,,TI,DC3_VA1d_horns,0.23,,,,,,,,,,,,,,,,,,,,,,
IVIS,louvain,,metric,d,,,TI,DC3_VA1d_horns,0.35,,,,,,,,,,,,,,,,,,,,,,
IVIS,spectral,,metric,d,,,TI,DC3_VA1d_horns,0.27,,,,,,,,,,,,,,,,,,,,,,
PCA,kmeans,,linear,d,,,TI,DC3_VA1d_horns,0.54,,,,,,,,,,,,,,,,,,,,,,
PCA,louvain,,linear,d,,,TI,DC3_VA1d_horns,0.63,,,,,,,,,,,,,,,,,,,,,,
PCA,spectral,,linear,d,,,TI,DC3_VA1d_horns,0.47,,,,,,,,,,,,,,,,,,,,,,
PHATE,kmeans,,graph,d,,,TI,DC3_VA1d_horns,0.45,,,,,,,,,,,,,,,,,,,,,,
PHATE,louvain,,graph,d,,,TI,DC3_VA1d_horns,0.44,,,,,,,,,,,,,,,,,,,,,,
PHATE,spectral,,graph,d,,,TI,DC3_VA1d_horns,0.44,,,,,,,,,,,,,,,,,,,,,,
PaCMAP,kmeans,,metric,d,,,TI,DC3_VA1d_horns,0.28,,,,,,,,,,,,,,,,,,,,,,
PaCMAP,louvain,,metric,d,,,TI,DC3_VA1d_horns,0.36,,,,,,,,,,,,,,,,,,,,,,
PaCMAP,spectral,,metric,d,,,TI,DC3_VA1d_horns,0.31,,,,,,,,,,,,,,,,,,,,,,
SAUCIE,kmeans,,deep,d,,,TI,DC3_VA1d_horns,0.22,,,,,,,,,,,,,,,,,,,,,,
SAUCIE,louvain,,deep,d,,,TI,DC3_VA1d_horns,0.25,,,,,,,,,,,,,,,,,,,,,,
SAUCIE,spectral,,deep,d,,,TI,DC3_VA1d_horns,0.2,,,,,,,,,,,,,,,,,,,,,,
SCDRHA,kmeans,,deep,d,,,TI,DC3_VA1d_horns,0.52,,,,,,,,,,,,,,,,,,,,,,
SCDRHA,louvain,,deep,d,,,TI,DC3_VA1d_horns,0.47,,,,,,,,,,,,,,,,,,,,,,
SCDRHA,spectral,,deep,d,,,TI,DC3_VA1d_horns,0.35,,,,,,,,,,,,,,,,,,,,,,
SIMLR,kmeans,,graph,d,,,TI,DC3_VA1d_horns,0.72,,,,,,,,,,,,,,,,,,,,,,
SIMLR,louvain,,graph,d,,,TI,DC3_VA1d_horns,0.67,,,,,,,,,,,,,,,,,,,,,,
SIMLR,spectral,,graph,d,,,TI,DC3_VA1d_horns,0.6,,,,,,,,,,,,,,,,,,,,,,
SPDR,kmeans,,graph,d,,,TI,DC3_VA1d_horns,0.52,,,,,,,,,,,,,,,,,,,,,,
SPDR,louvain,,graph,d,,,TI,DC3_VA1d_horns,0.58,,,,,,,,,,,,,,,,,,,,,,
SPDR,spectral,,graph,d,,,TI,DC3_VA1d_horns,0.53,,,,,,,,,,,,,,,,,,,,,,
SQuaD-MDS,kmeans,,metric,d,,,TI,DC3_VA1d_horns,0.49,,,,,,,,,,,,,,,,,,,,,,
SQuaD-MDS,louvain,,metric,d,,,TI,DC3_VA1d_horns,0.575,,,,,,,,,,,,,,,,,,,,,,
SQuaD-MDS,spectral,,metric,d,,,TI,DC3_VA1d_horns,0.46499999999999997,,,,,,,,,,,,,,,,,,,,,,
SSNMDI,kmeans,,linear,d,,,TI,DC3_VA1d_horns,0.24,,,,,,,,,,,,,,,,,,,,,,
SSNMDI,louvain,,linear,d,,,TI,DC3_VA1d_horns,0.32,,,,,,,,,,,,,,,,,,,,,,
SSNMDI,spectral,,linear,d,,,TI,DC3_VA1d_horns,0.24,,,,,,,,,,,,,,,,,,,,,,
TriMap,kmeans,,metric,d,,,TI,DC3_VA1d_horns,0.68,,,,,,,,,,,,,,,,,,,,,,
TriMap,louvain,,metric,d,,,TI,DC3_VA1d_horns,0.61,,,,,,,,,,,,,,,,,,,,,,
TriMap,spectral,,metric,d,,,TI,DC3_VA1d_horns,0.51,,,,,,,,,,,,,,,,,,,,,,
UMAP,kmeans,,graph,d,,,TI,DC3_VA1d_horns,0.78,,,,,,,,,,,,,,,,,,,,,,
UMAP,louvain,,graph,d,,,TI,DC3_VA1d_horns,0.73,,,,,,,,,,,,,,,,,,,,,,
UMAP,spectral,,graph,d,,,TI,DC3_VA1d_horns,0.62,,,,,,,,,,,,,,,,,,,,,,
VAE,kmeans,,deep,d,,,TI,DC3_VA1d_horns,0.2,,,,,,,,,,,,,,,,,,,,,,
VAE,louvain,,deep,d,,,TI,DC3_VA1d_horns,0.13,,,,,,,,,,,,,,,,,,,,,,
VAE,spectral,,deep,d,,,TI,DC3_VA1d_horns,0.13,,,,,,,,,,,,,,,,,,,,,,
VASC,kmeans,,deep,d,,,TI,DC3_VA1d_horns,0.6,,,,,,,,,,,,,,,,,,,,,,
VASC,louvain,,deep,d,,,TI,DC3_VA1d_horns,0.51,,,,,,,,,,,,,,,,,,,,,,
VASC,spectral,,deep,d,,,TI,DC3_VA1d_horns,0.51,,,,,,,,,,,,,,,,,,,,,,
ZIFA,kmeans,,linear,d,,,TI,DC3_VA1d_horns,0.5,,,,,,,,,,,,,,,,,,,,,,
ZIFA,louvain,,linear,d,,,TI,DC3_VA1d_horns,0.48,,,,,,,,,,,,,,,,,,,,,,
ZIFA,spectral,,linear,d,,,TI,DC3_VA1d_horns,0.35,,,,,,,,,,,,,,,,,,,,,,
pCMF,kmeans,,linear,d,,,TI,DC3_VA1d_horns,0.02,,,,,,,,,,,,,,,,,,,,,,
pCMF,louvain,,linear,d,,,TI,DC3_VA1d_horns,0.03,,,,,,,,,,,,,,,,,,,,,,
pCMF,spectral,,linear,d,,,TI,DC3_VA1d_horns,0.04,,,,,,,,,,,,,,,,,,,,,,
scGAE,kmeans,,deep,d,,,TI,DC3_VA1d_horns,0.57,,,,,,,,,,,,,,,,,,,,,,
scGAE,louvain,,deep,d,,,TI,DC3_VA1d_horns,0.52,,,,,,,,,,,,,,,,,,,,,,
scGAE,spectral,,deep,d,,,TI,DC3_VA1d_horns,0.44,,,,,,,,,,,,,,,,,,,,,,
scGBM,kmeans,,linear,d,,,TI,DC3_VA1d_horns,0.51,,,,,,,,,,,,,,,,,,,,,,
scGBM,louvain,,linear,d,,,TI,DC3_VA1d_horns,0.69,,,,,,,,,,,,,,,,,,,,,,
scGBM,spectral,,linear,d,,,TI,DC3_VA1d_horns,0.52,,,,,,,,,,,,,,,,,,,,,,
scScope,kmeans,,deep,d,,,TI,DC3_VA1d_horns,0.01,,,,,,,,,,,,,,,,,,,,,,
scScope,louvain,,deep,d,,,TI,DC3_VA1d_horns,0.01,,,,,,,,,,,,,,,,,,,,,,
scScope,spectral,,deep,d,,,TI,DC3_VA1d_horns,0.02,,,,,,,,,,,,,,,,,,,,,,
scvis,kmeans,,deep,d,,,TI,DC3_VA1d_horns,0.73,,,,,,,,,,,,,,,,,,,,,,
scvis,louvain,,deep,d,,,TI,DC3_VA1d_horns,0.69,,,,,,,,,,,,,,,,,,,,,,
scvis,spectral,,deep,d,,,TI,DC3_VA1d_horns,0.68,,,,,,,,,,,,,,,,,,,,,,
t-SNE,kmeans,,metric,d,,,TI,DC3_VA1d_horns,0.48,,,,,,,,,,,,,,,,,,,,,,
t-SNE,louvain,,metric,d,,,TI,DC3_VA1d_horns,0.58,,,,,,,,,,,,,,,,,,,,,,
t-SNE,spectral,,metric,d,,,TI,DC3_VA1d_horns,0.46,,,,,,,,,,,,,,,,,,,,,,
tGPLVM,kmeans,,linear,d,,,TI,DC3_VA1d_horns,0.56,,,,,,,,,,,,,,,,,,,,,,
tGPLVM,louvain,,linear,d,,,TI,DC3_VA1d_horns,0.43,,,,,,,,,,,,,,,,,,,,,,
tGPLVM,spectral,,linear,d,,,TI,DC3_VA1d_horns,0.4,,,,,,,,,,,,,,,,,,,,,,
DRA,kmeans,,deep,d,,,TI,ICM,0.01,,,,,,,,,,,,,,,,,,,,,,
DRA,louvain,,deep,d,,,TI,ICM,-0.0,,,,,,,,,,,,,,,,,,,,,,
DRA,spectral,,deep,d,,,TI,ICM,-0.0,,,,,,,,,,,,,,,,,,,,,,
DREAM,kmeans,,deep,d,,,TI,ICM,0.75,,,,,,,,,,,,,,,,,,,,,,
DREAM,louvain,,deep,d,,,TI,ICM,0.82,,,,,,,,,,,,,,,,,,,,,,
DREAM,spectral,,deep,d,,,TI,ICM,0.81,,,,,,,,,,,,,,,,,,,,,,
EDGE,kmeans,,graph,d,,,TI,ICM,0.78,,,,,,,,,,,,,,,,,,,,,,
EDGE,louvain,,graph,d,,,TI,ICM,0.77,,,,,,,,,,,,,,,,,,,,,,
EDGE,spectral,,graph,d,,,TI,ICM,0.51,,,,,,,,,,,,,,,,,,,,,,
GLMPCA,kmeans,,linear,d,,,TI,ICM,0.65,,,,,,,,,,,,,,,,,,,,,,
GLMPCA,louvain,,linear,d,,,TI,ICM,0.54,,,,,,,,,,,,,,,,,,,,,,
GLMPCA,spectral,,linear,d,,,TI,ICM,0.54,,,,,,,,,,,,,,,,,,,,,,
IVIS,kmeans,,metric,d,,,TI,ICM,0.76,,,,,,,,,,,,,,,,,,,,,,
IVIS,louvain,,metric,d,,,TI,ICM,0.78,,,,,,,,,,,,,,,,,,,,,,
IVIS,spectral,,metric,d,,,TI,ICM,0.63,,,,,,,,,,,,,,,,,,,,,,
PCA,kmeans,,linear,d,,,TI,ICM,0.73,,,,,,,,,,,,,,,,,,,,,,
PCA,louvain,,linear,d,,,TI,ICM,0.56,,,,,,,,,,,,,,,,,,,,,,
PCA,spectral,,linear,d,,,TI,ICM,0.54,,,,,,,,,,,,,,,,,,,,,,
PHATE,kmeans,,graph,d,,,TI,ICM,0.66,,,,,,,,,,,,,,,,,,,,,,
PHATE,louvain,,graph,d,,,TI,ICM,0.62,,,,,,,,,,,,,,,,,,,,,,
PHATE,spectral,,graph,d,,,TI,ICM,0.67,,,,,,,,,,,,,,,,,,,,,,
PaCMAP,kmeans,,metric,d,,,TI,ICM,0.38,,,,,,,,,,,,,,,,,,,,,,
PaCMAP,louvain,,metric,d,,,TI,ICM,0.37,,,,,,,,,,,,,,,,,,,,,,
PaCMAP,spectral,,metric,d,,,TI,ICM,0.32,,,,,,,,,,,,,,,,,,,,,,
SAUCIE,kmeans,,deep,d,,,TI,ICM,0.33,,,,,,,,,,,,,,,,,,,,,,
SAUCIE,louvain,,deep,d,,,TI,ICM,0.36,,,,,,,,,,,,,,,,,,,,,,
SAUCIE,spectral,,deep,d,,,TI,ICM,0.35,,,,,,,,,,,,,,,,,,,,,,
SCDRHA,kmeans,,deep,d,,,TI,ICM,0.57,,,,,,,,,,,,,,,,,,,,,,
SCDRHA,louvain,,deep,d,,,TI,ICM,0.54,,,,,,,,,,,,,,,,,,,,,,
SCDRHA,spectral,,deep,d,,,TI,ICM,0.46,,,,,,,,,,,,,,,,,,,,,,
SIMLR,kmeans,,graph,d,,,TI,ICM,0.78,,,,,,,,,,,,,,,,,,,,,,
SIMLR,louvain,,graph,d,,,TI,ICM,0.62,,,,,,,,,,,,,,,,,,,,,,
SIMLR,spectral,,graph,d,,,TI,ICM,0.55,,,,,,,,,,,,,,,,,,,,,,
SPDR,kmeans,,graph,d,,,TI,ICM,0.81,,,,,,,,,,,,,,,,,,,,,,
SPDR,louvain,,graph,d,,,TI,ICM,0.76,,,,,,,,,,,,,,,,,,,,,,
SPDR,spectral,,graph,d,,,TI,ICM,0.72,,,,,,,,,,,,,,,,,,,,,,
SQuaD-MDS,kmeans,,metric,d,,,TI,ICM,0.65,,,,,,,,,,,,,,,,,,,,,,
SQuaD-MDS,louvain,,metric,d,,,TI,ICM,0.615,,,,,,,,,,,,,,,,,,,,,,
SQuaD-MDS,spectral,,metric,d,,,TI,ICM,0.59,,,,,,,,,,,,,,,,,,,,,,
SSNMDI,kmeans,,linear,d,,,TI,ICM,0.26,,,,,,,,,,,,,,,,,,,,,,
SSNMDI,louvain,,linear,d,,,TI,ICM,0.26,,,,,,,,,,,,,,,,,,,,,,
SSNMDI,spectral,,linear,d,,,TI,ICM,0.16,,,,,,,,,,,,,,,,,,,,,,
TriMap,kmeans,,metric,d,,,TI,ICM,0.82,,,,,,,,,,,,,,,,,,,,,,
TriMap,louvain,,metric,d,,,TI,ICM,0.65,,,,,,,,,,,,,,,,,,,,,,
TriMap,spectral,,metric,d,,,TI,ICM,0.76,,,,,,,,,,,,,,,,,,,,,,
UMAP,kmeans,,graph,d,,,TI,ICM,0.9,,,,,,,,,,,,,,,,,,,,,,
UMAP,louvain,,graph,d,,,TI,ICM,0.63,,,,,,,,,,,,,,,,,,,,,,
UMAP,spectral,,graph,d,,,TI,ICM,0.61,,,,,,,,,,,,,,,,,,,,,,
VAE,kmeans,,deep,d,,,TI,ICM,0.41,,,,,,,,,,,,,,,,,,,,,,
VAE,louvain,,deep,d,,,TI,ICM,0.36,,,,,,,,,,,,,,,,,,,,,,
VAE,spectral,,deep,d,,,TI,ICM,0.33,,,,,,,,,,,,,,,,,,,,,,
VASC,kmeans,,deep,d,,,TI,ICM,0.75,,,,,,,,,,,,,,,,,,,,,,
VASC,louvain,,deep,d,,,TI,ICM,0.58,,,,,,,,,,,,,,,,,,,,,,
VASC,spectral,,deep,d,,,TI,ICM,0.68,,,,,,,,,,,,,,,,,,,,,,
ZIFA,kmeans,,linear,d,,,TI,ICM,0.66,,,,,,,,,,,,,,,,,,,,,,
ZIFA,louvain,,linear,d,,,TI,ICM,0.64,,,,,,,,,,,,,,,,,,,,,,
ZIFA,spectral,,linear,d,,,TI,ICM,0.6,,,,,,,,,,,,,,,,,,,,,,
pCMF,kmeans,,linear,d,,,TI,ICM,0.31,,,,,,,,,,,,,,,,,,,,,,
pCMF,louvain,,linear,d,,,TI,ICM,0.31,,,,,,,,,,,,,,,,,,,,,,
pCMF,spectral,,linear,d,,,TI,ICM,0.26,,,,,,,,,,,,,,,,,,,,,,
scGAE,kmeans,,deep,d,,,TI,ICM,0.71,,,,,,,,,,,,,,,,,,,,,,
scGAE,louvain,,deep,d,,,TI,ICM,0.67,,,,,,,,,,,,,,,,,,,,,,
scGAE,spectral,,deep,d,,,TI,ICM,0.7,,,,,,,,,,,,,,,,,,,,,,
scGBM,kmeans,,linear,d,,,TI,ICM,0.63,,,,,,,,,,,,,,,,,,,,,,
scGBM,louvain,,linear,d,,,TI,ICM,0.53,,,,,,,,,,,,,,,,,,,,,,
scGBM,spectral,,linear,d,,,TI,ICM,0.53,,,,,,,,,,,,,,,,,,,,,,
scScope,kmeans,,deep,d,,,TI,ICM,0.04,,,,,,,,,,,,,,,,,,,,,,
scScope,louvain,,deep,d,,,TI,ICM,0.04,,,,,,,,,,,,,,,,,,,,,,
scScope,spectral,,deep,d,,,TI,ICM,0.05,,,,,,,,,,,,,,,,,,,,,,
scvis,kmeans,,deep,d,,,TI,ICM,0.93,,,,,,,,,,,,,,,,,,,,,,
scvis,louvain,,deep,d,,,TI,ICM,0.82,,,,,,,,,,,,,,,,,,,,,,
scvis,spectral,,deep,d,,,TI,ICM,0.77,,,,,,,,,,,,,,,,,,,,,,
t-SNE,kmeans,,metric,d,,,TI,ICM,0.85,,,,,,,,,,,,,,,,,,,,,,
t-SNE,louvain,,metric,d,,,TI,ICM,0.65,,,,,,,,,,,,,,,,,,,,,,
t-SNE,spectral,,metric,d,,,TI,ICM,0.69,,,,,,,,,,,,,,,,,,,,,,
tGPLVM,kmeans,,linear,d,,,TI,ICM,0.32,,,,,,,,,,,,,,,,,,,,,,
tGPLVM,louvain,,linear,d,,,TI,ICM,0.33,,,,,,,,,,,,,,,,,,,,,,
tGPLVM,spectral,,linear,d,,,TI,ICM,0.28,,,,,,,,,,,,,,,,,,,,,,
DRA,kmeans,,deep,d,,,TI,blastocyst,-0.0,,,,,,,,,,,,,,,,,,,,,,
DRA,louvain,,deep,d,,,TI,blastocyst,-0.0,,,,,,,,,,,,,,,,,,,,,,
DRA,spectral,,deep,d,,,TI,blastocyst,-0.0,,,,,,,,,,,,,,,,,,,,,,
DREAM,kmeans,,deep,d,,,TI,blastocyst,0.77,,,,,,,,,,,,,,,,,,,,,,
DREAM,louvain,,deep,d,,,TI,blastocyst,0.66,,,,,,,,,,,,,,,,,,,,,,
DREAM,spectral,,deep,d,,,TI,blastocyst,0.73,,,,,,,,,,,,,,,,,,,,,,
EDGE,kmeans,,graph,d,,,TI,blastocyst,0.7,,,,,,,,,,,,,,,,,,,,,,
EDGE,louvain,,graph,d,,,TI,blastocyst,0.75,,,,,,,,,,,,,,,,,,,,,,
EDGE,spectral,,graph,d,,,TI,blastocyst,0.7,,,,,,,,,,,,,,,,,,,,,,
GLMPCA,kmeans,,linear,d,,,TI,blastocyst,0.6,,,,,,,,,,,,,,,,,,,,,,
GLMPCA,louvain,,linear,d,,,TI,blastocyst,0.58,,,,,,,,,,,,,,,,,,,,,,
GLMPCA,spectral,,linear,d,,,TI,blastocyst,0.54,,,,,,,,,,,,,,,,,,,,,,
IVIS,kmeans,,metric,d,,,TI,blastocyst,0.63,,,,,,,,,,,,,,,,,,,,,,
IVIS,louvain,,metric,d,,,TI,blastocyst,0.53,,,,,,,,,,,,,,,,,,,,,,
IVIS,spectral,,metric,d,,,TI,blastocyst,0.58,,,,,,,,,,,,,,,,,,,,,,
PCA,kmeans,,linear,d,,,TI,blastocyst,0.61,,,,,,,,,,,,,,,,,,,,,,
PCA,louvain,,linear,d,,,TI,blastocyst,0.65,,,,,,,,,,,,,,,,,,,,,,
PCA,spectral,,linear,d,,,TI,blastocyst,0.55,,,,,,,,,,,,,,,,,,,,,,
PHATE,kmeans,,graph,d,,,TI,blastocyst,0.74,,,,,,,,,,,,,,,,,,,,,,
PHATE,louvain,,graph,d,,,TI,blastocyst,0.63,,,,,,,,,,,,,,,,,,,,,,
PHATE,spectral,,graph,d,,,TI,blastocyst,0.65,,,,,,,,,,,,,,,,,,,,,,
PaCMAP,kmeans,,metric,d,,,TI,blastocyst,0.36,,,,,,,,,,,,,,,,,,,,,,
PaCMAP,louvain,,metric,d,,,TI,blastocyst,0.34,,,,,,,,,,,,,,,,,,,,,,
PaCMAP,spectral,,metric,d,,,TI,blastocyst,0.28,,,,,,,,,,,,,,,,,,,,,,
SAUCIE,kmeans,,deep,d,,,TI,blastocyst,0.34,,,,,,,,,,,,,,,,,,,,,,
SAUCIE,louvain,,deep,d,,,TI,blastocyst,0.35,,,,,,,,,,,,,,,,,,,,,,
SAUCIE,spectral,,deep,d,,,TI,blastocyst,0.37,,,,,,,,,,,,,,,,,,,,,,
SCDRHA,kmeans,,deep,d,,,TI,blastocyst,0.6,,,,,,,,,,,,,,,,,,,,,,
SCDRHA,louvain,,deep,d,,,TI,blastocyst,0.57,,,,,,,,,,,,,,,,,,,,,,
SCDRHA,spectral,,deep,d,,,TI,blastocyst,0.48,,,,,,,,,,,,,,,,,,,,,,
SIMLR,kmeans,,graph,d,,,TI,blastocyst,0.81,,,,,,,,,,,,,,,,,,,,,,
SIMLR,louvain,,graph,d,,,TI,blastocyst,0.49,,,,,,,,,,,,,,,,,,,,,,
SIMLR,spectral,,graph,d,,,TI,blastocyst,0.56,,,,,,,,,,,,,,,,,,,,,,
SPDR,kmeans,,graph,d,,,TI,blastocyst,0.87,,,,,,,,,,,,,,,,,,,,,,
SPDR,louvain,,graph,d,,,TI,blastocyst,0.68,,,,,,,,,,,,,,,,,,,,,,
SPDR,spectral,,graph,d,,,TI,blastocyst,0.51,,,,,,,,,,,,,,,,,,,,,,
SQuaD-MDS,kmeans,,metric,d,,,TI,blastocyst,0.6799999999999999,,,,,,,,,,,,,,,,,,,,,,
SQuaD-MDS,louvain,,metric,d,,,TI,blastocyst,0.65,,,,,,,,,,,,,,,,,,,,,,
SQuaD-MDS,spectral,,metric,d,,,TI,blastocyst,0.53,,,,,,,,,,,,,,,,,,,,,,
SSNMDI,kmeans,,linear,d,,,TI,blastocyst,0.29,,,,,,,,,,,,,,,,,,,,,,
SSNMDI,louvain,,linear,d,,,TI,blastocyst,0.27,,,,,,,,,,,,,,,,,,,,,,
SSNMDI,spectral,,linear,d,,,TI,blastocyst,0.18,,,,,,,,,,,,,,,,,,,,,,
TriMap,kmeans,,metric,d,,,TI,blastocyst,0.8,,,,,,,,,,,,,,,,,,,,,,
TriMap,louvain,,metric,d,,,TI,blastocyst,0.83,,,,,,,,,,,,,,,,,,,,,,
TriMap,spectral,,metric,d,,,TI,blastocyst,0.52,,,,,,,,,,,,,,,,,,,,,,
UMAP,kmeans,,graph,d,,,TI,blastocyst,0.9,,,,,,,,,,,,,,,,,,,,,,
UMAP,louvain,,graph,d,,,TI,blastocyst,0.65,,,,,,,,,,,,,,,,,,,,,,
UMAP,spectral,,graph,d,,,TI,blastocyst,0.44,,,,,,,,,,,,,,,,,,,,,,
VAE,kmeans,,deep,d,,,TI,blastocyst,0.23,,,,,,,,,,,,,,,,,,,,,,
VAE,louvain,,deep,d,,,TI,blastocyst,0.23,,,,,,,,,,,,,,,,,,,,,,
VAE,spectral,,deep,d,,,TI,blastocyst,0.22,,,,,,,,,,,,,,,,,,,,,,
VASC,kmeans,,deep,d,,,TI,blastocyst,0.81,,,,,,,,,,,,,,,,,,,,,,
VASC,louvain,,deep,d,,,TI,blastocyst,0.62,,,,,,,,,,,,,,,,,,,,,,
VASC,spectral,,deep,d,,,TI,blastocyst,0.7,,,,,,,,,,,,,,,,,,,,,,
ZIFA,kmeans,,linear,d,,,TI,blastocyst,0.64,,,,,,,,,,,,,,,,,,,,,,
ZIFA,louvain,,linear,d,,,TI,blastocyst,0.62,,,,,,,,,,,,,,,,,,,,,,
ZIFA,spectral,,linear,d,,,TI,blastocyst,0.57,,,,,,,,,,,,,,,,,,,,,,
pCMF,kmeans,,linear,d,,,TI,blastocyst,0.32,,,,,,,,,,,,,,,,,,,,,,
pCMF,louvain,,linear,d,,,TI,blastocyst,0.33,,,,,,,,,,,,,,,,,,,,,,
pCMF,spectral,,linear,d,,,TI,blastocyst,0.31,,,,,,,,,,,,,,,,,,,,,,
scGAE,kmeans,,deep,d,,,TI,blastocyst,0.74,,,,,,,,,,,,,,,,,,,,,,
scGAE,louvain,,deep,d,,,TI,blastocyst,0.65,,,,,,,,,,,,,,,,,,,,,,
scGAE,spectral,,deep,d,,,TI,blastocyst,0.44,,,,,,,,,,,,,,,,,,,,,,
scGBM,kmeans,,linear,d,,,TI,blastocyst,0.58,,,,,,,,,,,,,,,,,,,,,,
scGBM,louvain,,linear,d,,,TI,blastocyst,0.56,,,,,,,,,,,,,,,,,,,,,,
scGBM,spectral,,linear,d,,,TI,blastocyst,0.54,,,,,,,,,,,,,,,,,,,,,,
scScope,kmeans,,deep,d,,,TI,blastocyst,0.05,,,,,,,,,,,,,,,,,,,,,,
scScope,louvain,,deep,d,,,TI,blastocyst,0.05,,,,,,,,,,,,,,,,,,,,,,
scScope,spectral,,deep,d,,,TI,blastocyst,0.04,,,,,,,,,,,,,,,,,,,,,,
scvis,kmeans,,deep,d,,,TI,blastocyst,0.86,,,,,,,,,,,,,,,,,,,,,,
scvis,louvain,,deep,d,,,TI,blastocyst,0.73,,,,,,,,,,,,,,,,,,,,,,
scvis,spectral,,deep,d,,,TI,blastocyst,0.73,,,,,,,,,,,,,,,,,,,,,,
t-SNE,kmeans,,metric,d,,,TI,blastocyst,0.78,,,,,,,,,,,,,,,,,,,,,,
t-SNE,louvain,,metric,d,,,TI,blastocyst,0.55,,,,,,,,,,,,,,,,,,,,,,
t-SNE,spectral,,metric,d,,,TI,blastocyst,0.41,,,,,,,,,,,,,,,,,,,,,,
tGPLVM,kmeans,,linear,d,,,TI,blastocyst,0.25,,,,,,,,,,,,,,,,,,,,,,
tGPLVM,louvain,,linear,d,,,TI,blastocyst,0.26,,,,,,,,,,,,,,,,,,,,,,
tGPLVM,spectral,,linear,d,,,TI,blastocyst,0.24,,,,,,,,,,,,,,,,,,,,,,
DRA,kmeans,,deep,d,,,TI,combination-1,-0.0,,,,,,,,,,,,,,,,,,,,,,
DRA,louvain,,deep,d,,,TI,combination-1,0.0,,,,,,,,,,,,,,,,,,,,,,
DRA,spectral,,deep,d,,,TI,combination-1,-0.0,,,,,,,,,,,,,,,,,,,,,,
DREAM,kmeans,,deep,d,,,TI,combination-1,0.11,,,,,,,,,,,,,,,,,,,,,,
DREAM,louvain,,deep,d,,,TI,combination-1,0.01,,,,,,,,,,,,,,,,,,,,,,
DREAM,spectral,,deep,d,,,TI,combination-1,0.08,,,,,,,,,,,,,,,,,,,,,,
EDGE,kmeans,,graph,d,,,TI,combination-1,0.17,,,,,,,,,,,,,,,,,,,,,,
EDGE,louvain,,graph,d,,,TI,combination-1,0.03,,,,,,,,,,,,,,,,,,,,,,
EDGE,spectral,,graph,d,,,TI,combination-1,0.15,,,,,,,,,,,,,,,,,,,,,,
GLMPCA,kmeans,,linear,d,,,TI,combination-1,0.34,,,,,,,,,,,,,,,,,,,,,,
GLMPCA,louvain,,linear,d,,,TI,combination-1,0.05,,,,,,,,,,,,,,,,,,,,,,
GLMPCA,spectral,,linear,d,,,TI,combination-1,0.3,,,,,,,,,,,,,,,,,,,,,,
IVIS,kmeans,,metric,d,,,TI,combination-1,0.23,,,,,,,,,,,,,,,,,,,,,,
IVIS,louvain,,metric,d,,,TI,combination-1,0.04,,,,,,,,,,,,,,,,,,,,,,
IVIS,spectral,,metric,d,,,TI,combination-1,0.2,,,,,,,,,,,,,,,,,,,,,,
PCA,kmeans,,linear,d,,,TI,combination-1,0.54,,,,,,,,,,,,,,,,,,,,,,
PCA,louvain,,linear,d,,,TI,combination-1,0.03,,,,,,,,,,,,,,,,,,,,,,
PCA,spectral,,linear,d,,,TI,combination-1,0.19,,,,,,,,,,,,,,,,,,,,,,
PHATE,kmeans,,graph,d,,,TI,combination-1,0.35,,,,,,,,,,,,,,,,,,,,,,
PHATE,louvain,,graph,d,,,TI,combination-1,0.04,,,,,,,,,,,,,,,,,,,,,,
PHATE,spectral,,graph,d,,,TI,combination-1,0.22,,,,,,,,,,,,,,,,,,,,,,
PaCMAP,kmeans,,metric,d,,,TI,combination-1,0.0,,,,,,,,,,,,,,,,,,,,,,
PaCMAP,louvain,,metric,d,,,TI,combination-1,0.0,,,,,,,,,,,,,,,,,,,,,,
PaCMAP,spectral,,metric,d,,,TI,combination-1,0.0,,,,,,,,,,,,,,,,,,,,,,
SAUCIE,kmeans,,deep,d,,,TI,combination-1,0.04,,,,,,,,,,,,,,,,,,,,,,
SAUCIE,louvain,,deep,d,,,TI,combination-1,0.01,,,,,,,,,,,,,,,,,,,,,,
SAUCIE,spectral,,deep,d,,,TI,combination-1,0.03,,,,,,,,,,,,,,,,,,,,,,
SCDRHA,kmeans,,deep,d,,,TI,combination-1,0.25,,,,,,,,,,,,,,,,,,,,,,
SCDRHA,louvain,,deep,d,,,TI,combination-1,0.04,,,,,,,,,,,,,,,,,,,,,,
SCDRHA,spectral,,deep,d,,,TI,combination-1,0.28,,,,,,,,,,,,,,,,,,,,,,
SIMLR,kmeans,,graph,d,,,TI,combination-1,0.18,,,,,,,,,,,,,,,,,,,,,,
SIMLR,louvain,,graph,d,,,TI,combination-1,0.04,,,,,,,,,,,,,,,,,,,,,,
SIMLR,spectral,,graph,d,,,TI,combination-1,0.26,,,,,,,,,,,,,,,,,,,,,,
SPDR,kmeans,,graph,d,,,TI,combination-1,0.23,,,,,,,,,,,,,,,,,,,,,,
SPDR,louvain,,graph,d,,,TI,combination-1,0.04,,,,,,,,,,,,,,,,,,,,,,
SPDR,spectral,,graph,d,,,TI,combination-1,0.23,,,,,,,,,,,,,,,,,,,,,,
SQuaD-MDS,kmeans,,metric,d,,,TI,combination-1,0.19,,,,,,,,,,,,,,,,,,,,,,
SQuaD-MDS,louvain,,metric,d,,,TI,combination-1,0.04,,,,,,,,,,,,,,,,,,,,,,
SQuaD-MDS,spectral,,metric,d,,,TI,combination-1,0.19,,,,,,,,,,,,,,,,,,,,,,
SSNMDI,kmeans,,linear,d,,,TI,combination-1,-0.0,,,,,,,,,,,,,,,,,,,,,,
SSNMDI,louvain,,linear,d,,,TI,combination-1,0.0,,,,,,,,,,,,,,,,,,,,,,
SSNMDI,spectral,,linear,d,,,TI,combination-1,-0.01,,,,,,,,,,,,,,,,,,,,,,
TriMap,kmeans,,metric,d,,,TI,combination-1,0.25,,,,,,,,,,,,,,,,,,,,,,
TriMap,louvain,,metric,d,,,TI,combination-1,0.04,,,,,,,,,,,,,,,,,,,,,,
TriMap,spectral,,metric,d,,,TI,combination-1,0.22,,,,,,,,,,,,,,,,,,,,,,
UMAP,kmeans,,graph,d,,,TI,combination-1,0.22,,,,,,,,,,,,,,,,,,,,,,
UMAP,louvain,,graph,d,,,TI,combination-1,0.04,,,,,,,,,,,,,,,,,,,,,,
UMAP,spectral,,graph,d,,,TI,combination-1,0.3,,,,,,,,,,,,,,,,,,,,,,
VAE,kmeans,,deep,d,,,TI,combination-1,0.19,,,,,,,,,,,,,,,,,,,,,,
VAE,louvain,,deep,d,,,TI,combination-1,0.04,,,,,,,,,,,,,,,,,,,,,,
VAE,spectral,,deep,d,,,TI,combination-1,0.18,,,,,,,,,,,,,,,,,,,,,,
VASC,kmeans,,deep,d,,,TI,combination-1,0.3,,,,,,,,,,,,,,,,,,,,,,
VASC,louvain,,deep,d,,,TI,combination-1,0.04,,,,,,,,,,,,,,,,,,,,,,
VASC,spectral,,deep,d,,,TI,combination-1,0.21,,,,,,,,,,,,,,,,,,,,,,
ZIFA,kmeans,,linear,d,,,TI,combination-1,0.27,,,,,,,,,,,,,,,,,,,,,,
ZIFA,louvain,,linear,d,,,TI,combination-1,0.03,,,,,,,,,,,,,,,,,,,,,,
ZIFA,spectral,,linear,d,,,TI,combination-1,0.14,,,,,,,,,,,,,,,,,,,,,,
pCMF,kmeans,,linear,d,,,TI,combination-1,0.03,,,,,,,,,,,,,,,,,,,,,,
pCMF,louvain,,linear,d,,,TI,combination-1,0.0,,,,,,,,,,,,,,,,,,,,,,
pCMF,spectral,,linear,d,,,TI,combination-1,0.01,,,,,,,,,,,,,,,,,,,,,,
scGAE,kmeans,,deep,d,,,TI,combination-1,0.14,,,,,,,,,,,,,,,,,,,,,,
scGAE,louvain,,deep,d,,,TI,combination-1,0.03,,,,,,,,,,,,,,,,,,,,,,
scGAE,spectral,,deep,d,,,TI,combination-1,0.22,,,,,,,,,,,,,,,,,,,,,,
scGBM,kmeans,,linear,d,,,TI,combination-1,0.34,,,,,,,,,,,,,,,,,,,,,,
scGBM,louvain,,linear,d,,,TI,combination-1,0.05,,,,,,,,,,,,,,,,,,,,,,
scGBM,spectral,,linear,d,,,TI,combination-1,0.25,,,,,,,,,,,,,,,,,,,,,,
scScope,kmeans,,deep,d,,,TI,combination-1,0.09,,,,,,,,,,,,,,,,,,,,,,
scScope,louvain,,deep,d,,,TI,combination-1,0.03,,,,,,,,,,,,,,,,,,,,,,
scScope,spectral,,deep,d,,,TI,combination-1,0.1,,,,,,,,,,,,,,,,,,,,,,
scvis,kmeans,,deep,d,,,TI,combination-1,0.39,,,,,,,,,,,,,,,,,,,,,,
scvis,louvain,,deep,d,,,TI,combination-1,0.04,,,,,,,,,,,,,,,,,,,,,,
scvis,spectral,,deep,d,,,TI,combination-1,0.19,,,,,,,,,,,,,,,,,,,,,,
t-SNE,kmeans,,metric,d,,,TI,combination-1,0.22,,,,,,,,,,,,,,,,,,,,,,
t-SNE,louvain,,metric,d,,,TI,combination-1,0.04,,,,,,,,,,,,,,,,,,,,,,
t-SNE,spectral,,metric,d,,,TI,combination-1,0.24,,,,,,,,,,,,,,,,,,,,,,
tGPLVM,kmeans,,linear,d,,,TI,combination-1,0.05,,,,,,,,,,,,,,,,,,,,,,
tGPLVM,louvain,,linear,d,,,TI,combination-1,0.0,,,,,,,,,,,,,,,,,,,,,,
tGPLVM,spectral,,linear,d,,,TI,combination-1,0.03,,,,,,,,,,,,,,,,,,,,,,
DRA,kmeans,,deep,d,,,TI,combination-2,0.0,,,,,,,,,,,,,,,,,,,,,,
DRA,louvain,,deep,d,,,TI,combination-2,-0.0,,,,,,,,,,,,,,,,,,,,,,
DRA,spectral,,deep,d,,,TI,combination-2,0.0,,,,,,,,,,,,,,,,,,,,,,
DREAM,kmeans,,deep,d,,,TI,combination-2,0.31,,,,,,,,,,,,,,,,,,,,,,
DREAM,louvain,,deep,d,,,TI,combination-2,0.14,,,,,,,,,,,,,,,,,,,,,,
DREAM,spectral,,deep,d,,,TI,combination-2,0.3,,,,,,,,,,,,,,,,,,,,,,
EDGE,kmeans,,graph,d,,,TI,combination-2,0.21,,,,,,,,,,,,,,,,,,,,,,
EDGE,louvain,,graph,d,,,TI,combination-2,0.09,,,,,,,,,,,,,,,,,,,,,,
EDGE,spectral,,graph,d,,,TI,combination-2,0.21,,,,,,,,,,,,,,,,,,,,,,
GLMPCA,kmeans,,linear,d,,,TI,combination-2,0.49,,,,,,,,,,,,,,,,,,,,,,
GLMPCA,louvain,,linear,d,,,TI,combination-2,0.18,,,,,,,,,,,,,,,,,,,,,,
GLMPCA,spectral,,linear,d,,,TI,combination-2,0.45,,,,,,,,,,,,,,,,,,,,,,
IVIS,kmeans,,metric,d,,,TI,combination-2,0.3,,,,,,,,,,,,,,,,,,,,,,
IVIS,louvain,,metric,d,,,TI,combination-2,0.12,,,,,,,,,,,,,,,,,,,,,,
IVIS,spectral,,metric,d,,,TI,combination-2,0.29,,,,,,,,,,,,,,,,,,,,,,
PCA,kmeans,,linear,d,,,TI,combination-2,0.3,,,,,,,,,,,,,,,,,,,,,,
PCA,louvain,,linear,d,,,TI,combination-2,0.1,,,,,,,,,,,,,,,,,,,,,,
PCA,spectral,,linear,d,,,TI,combination-2,0.24,,,,,,,,,,,,,,,,,,,,,,
PHATE,kmeans,,graph,d,,,TI,combination-2,0.43,,,,,,,,,,,,,,,,,,,,,,
PHATE,louvain,,graph,d,,,TI,combination-2,0.14,,,,,,,,,,,,,,,,,,,,,,
PHATE,spectral,,graph,d,,,TI,combination-2,0.39,,,,,,,,,,,,,,,,,,,,,,
PaCMAP,kmeans,,metric,d,,,TI,combination-2,0.0,,,,,,,,,,,,,,,,,,,,,,
PaCMAP,louvain,,metric,d,,,TI,combination-2,0.0,,,,,,,,,,,,,,,,,,,,,,
PaCMAP,spectral,,metric,d,,,TI,combination-2,0.0,,,,,,,,,,,,,,,,,,,,,,
SAUCIE,kmeans,,deep,d,,,TI,combination-2,0.02,,,,,,,,,,,,,,,,,,,,,,
SAUCIE,louvain,,deep,d,,,TI,combination-2,0.01,,,,,,,,,,,,,,,,,,,,,,
SAUCIE,spectral,,deep,d,,,TI,combination-2,0.02,,,,,,,,,,,,,,,,,,,,,,
SCDRHA,kmeans,,deep,d,,,TI,combination-2,0.23,,,,,,,,,,,,,,,,,,,,,,
SCDRHA,louvain,,deep,d,,,TI,combination-2,0.09,,,,,,,,,,,,,,,,,,,,,,
SCDRHA,spectral,,deep,d,,,TI,combination-2,0.21,,,,,,,,,,,,,,,,,,,,,,
SIMLR,kmeans,,graph,d,,,TI,combination-2,0.35,,,,,,,,,,,,,,,,,,,,,,
SIMLR,louvain,,graph,d,,,TI,combination-2,0.19,,,,,,,,,,,,,,,,,,,,,,
SIMLR,spectral,,graph,d,,,TI,combination-2,0.39,,,,,,,,,,,,,,,,,,,,,,
SPDR,kmeans,,graph,d,,,TI,combination-2,0.44,,,,,,,,,,,,,,,,,,,,,,
SPDR,louvain,,graph,d,,,TI,combination-2,0.15,,,,,,,,,,,,,,,,,,,,,,
SPDR,spectral,,graph,d,,,TI,combination-2,0.41,,,,,,,,,,,,,,,,,,,,,,
SQuaD-MDS,kmeans,,metric,d,,,TI,combination-2,0.21500000000000002,,,,,,,,,,,,,,,,,,,,,,
SQuaD-MDS,louvain,,metric,d,,,TI,combination-2,0.1,,,,,,,,,,,,,,,,,,,,,,
SQuaD-MDS,spectral,,metric,d,,,TI,combination-2,0.2,,,,,,,,,,,,,,,,,,,,,,
SSNMDI,kmeans,,linear,d,,,TI,combination-2,0.0,,,,,,,,,,,,,,,,,,,,,,
SSNMDI,louvain,,linear,d,,,TI,combination-2,0.0,,,,,,,,,,,,,,,,,,,,,,
SSNMDI,spectral,,linear,d,,,TI,combination-2,0.0,,,,,,,,,,,,,,,,,,,,,,
TriMap,kmeans,,metric,d,,,TI,combination-2,0.42,,,,,,,,,,,,,,,,,,,,,,
TriMap,louvain,,metric,d,,,TI,combination-2,0.14,,,,,,,,,,,,,,,,,,,,,,
TriMap,spectral,,metric,d,,,TI,combination-2,0.44,,,,,,,,,,,,,,,,,,,,,,
UMAP,kmeans,,graph,d,,,TI,combination-2,0.27,,,,,,,,,,,,,,,,,,,,,,
UMAP,louvain,,graph,d,,,TI,combination-2,0.1,,,,,,,,,,,,,,,,,,,,,,
UMAP,spectral,,graph,d,,,TI,combination-2,0.23,,,,,,,,,,,,,,,,,,,,,,
VAE,kmeans,,deep,d,,,TI,combination-2,0.41,,,,,,,,,,,,,,,,,,,,,,
VAE,louvain,,deep,d,,,TI,combination-2,0.16,,,,,,,,,,,,,,,,,,,,,,
VAE,spectral,,deep,d,,,TI,combination-2,0.4,,,,,,,,,,,,,,,,,,,,,,
VASC,kmeans,,deep,d,,,TI,combination-2,0.58,,,,,,,,,,,,,,,,,,,,,,
VASC,louvain,,deep,d,,,TI,combination-2,0.16,,,,,,,,,,,,,,,,,,,,,,
VASC,spectral,,deep,d,,,TI,combination-2,0.41,,,,,,,,,,,,,,,,,,,,,,
ZIFA,kmeans,,linear,d,,,TI,combination-2,0.22,,,,,,,,,,,,,,,,,,,,,,
ZIFA,louvain,,linear,d,,,TI,combination-2,0.07,,,,,,,,,,,,,,,,,,,,,,
ZIFA,spectral,,linear,d,,,TI,combination-2,0.2,,,,,,,,,,,,,,,,,,,,,,
pCMF,kmeans,,linear,d,,,TI,combination-2,0.04,,,,,,,,,,,,,,,,,,,,,,
pCMF,louvain,,linear,d,,,TI,combination-2,0.01,,,,,,,,,,,,,,,,,,,,,,
pCMF,spectral,,linear,d,,,TI,combination-2,0.04,,,,,,,,,,,,,,,,,,,,,,
scGAE,kmeans,,deep,d,,,TI,combination-2,0.13,,,,,,,,,,,,,,,,,,,,,,
scGAE,louvain,,deep,d,,,TI,combination-2,0.05,,,,,,,,,,,,,,,,,,,,,,
scGAE,spectral,,deep,d,,,TI,combination-2,0.13,,,,,,,,,,,,,,,,,,,,,,
scGBM,kmeans,,linear,d,,,TI,combination-2,0.45,,,,,,,,,,,,,,,,,,,,,,
scGBM,louvain,,linear,d,,,TI,combination-2,0.17,,,,,,,,,,,,,,,,,,,,,,
scGBM,spectral,,linear,d,,,TI,combination-2,0.42,,,,,,,,,,,,,,,,,,,,,,
scScope,kmeans,,deep,d,,,TI,combination-2,0.08,,,,,,,,,,,,,,,,,,,,,,
scScope,louvain,,deep,d,,,TI,combination-2,0.05,,,,,,,,,,,,,,,,,,,,,,
scScope,spectral,,deep,d,,,TI,combination-2,0.08,,,,,,,,,,,,,,,,,,,,,,
scvis,kmeans,,deep,d,,,TI,combination-2,0.34,,,,,,,,,,,,,,,,,,,,,,
scvis,louvain,,deep,d,,,TI,combination-2,0.15,,,,,,,,,,,,,,,,,,,,,,
scvis,spectral,,deep,d,,,TI,combination-2,0.29,,,,,,,,,,,,,,,,,,,,,,
t-SNE,kmeans,,metric,d,,,TI,combination-2,0.47,,,,,,,,,,,,,,,,,,,,,,
t-SNE,louvain,,metric,d,,,TI,combination-2,0.19,,,,,,,,,,,,,,,,,,,,,,
t-SNE,spectral,,metric,d,,,TI,combination-2,0.49,,,,,,,,,,,,,,,,,,,,,,
tGPLVM,kmeans,,linear,d,,,TI,combination-2,-0.0,,,,,,,,,,,,,,,,,,,,,,
tGPLVM,louvain,,linear,d,,,TI,combination-2,-0.0,,,,,,,,,,,,,,,,,,,,,,
tGPLVM,spectral,,linear,d,,,TI,combination-2,0.0,,,,,,,,,,,,,,,,,,,,,,
DRA,kmeans,,deep,d,,,TI,combination-3,0.0,,,,,,,,,,,,,,,,,,,,,,
DRA,louvain,,deep,d,,,TI,combination-3,-0.0,,,,,,,,,,,,,,,,,,,,,,
DRA,spectral,,deep,d,,,TI,combination-3,-0.0,,,,,,,,,,,,,,,,,,,,,,
DREAM,kmeans,,deep,d,,,TI,combination-3,0.46,,,,,,,,,,,,,,,,,,,,,,
DREAM,louvain,,deep,d,,,TI,combination-3,0.19,,,,,,,,,,,,,,,,,,,,,,
DREAM,spectral,,deep,d,,,TI,combination-3,0.37,,,,,,,,,,,,,,,,,,,,,,
EDGE,kmeans,,graph,d,,,TI,combination-3,0.39,,,,,,,,,,,,,,,,,,,,,,
EDGE,louvain,,graph,d,,,TI,combination-3,0.14,,,,,,,,,,,,,,,,,,,,,,
EDGE,spectral,,graph,d,,,TI,combination-3,0.37,,,,,,,,,,,,,,,,,,,,,,
GLMPCA,kmeans,,linear,d,,,TI,combination-3,0.61,,,,,,,,,,,,,,,,,,,,,,
GLMPCA,louvain,,linear,d,,,TI,combination-3,0.22,,,,,,,,,,,,,,,,,,,,,,
GLMPCA,spectral,,linear,d,,,TI,combination-3,0.48,,,,,,,,,,,,,,,,,,,,,,
IVIS,kmeans,,metric,d,,,TI,combination-3,0.52,,,,,,,,,,,,,,,,,,,,,,
IVIS,louvain,,metric,d,,,TI,combination-3,0.19,,,,,,,,,,,,,,,,,,,,,,
IVIS,spectral,,metric,d,,,TI,combination-3,0.41,,,,,,,,,,,,,,,,,,,,,,
PCA,kmeans,,linear,d,,,TI,combination-3,0.17,,,,,,,,,,,,,,,,,,,,,,
PCA,louvain,,linear,d,,,TI,combination-3,0.07,,,,,,,,,,,,,,,,,,,,,,
PCA,spectral,,linear,d,,,TI,combination-3,0.17,,,,,,,,,,,,,,,,,,,,,,
PHATE,kmeans,,graph,d,,,TI,combination-3,0.52,,,,,,,,,,,,,,,,,,,,,,
PHATE,louvain,,graph,d,,,TI,combination-3,0.19,,,,,,,,,,,,,,,,,,,,,,
PHATE,spectral,,graph,d,,,TI,combination-3,0.44,,,,,,,,,,,,,,,,,,,,,,
PaCMAP,kmeans,,metric,d,,,TI,combination-3,0.0,,,,,,,,,,,,,,,,,,,,,,
PaCMAP,louvain,,metric,d,,,TI,combination-3,0.0,,,,,,,,,,,,,,,,,,,,,,
PaCMAP,spectral,,metric,d,,,TI,combination-3,-0.0,,,,,,,,,,,,,,,,,,,,,,
SAUCIE,kmeans,,deep,d,,,TI,combination-3,0.08,,,,,,,,,,,,,,,,,,,,,,
SAUCIE,louvain,,deep,d,,,TI,combination-3,0.03,,,,,,,,,,,,,,,,,,,,,,
SAUCIE,spectral,,deep,d,,,TI,combination-3,0.07,,,,,,,,,,,,,,,,,,,,,,
SCDRHA,kmeans,,deep,d,,,TI,combination-3,0.28,,,,,,,,,,,,,,,,,,,,,,
SCDRHA,louvain,,deep,d,,,TI,combination-3,0.11,,,,,,,,,,,,,,,,,,,,,,
SCDRHA,spectral,,deep,d,,,TI,combination-3,0.26,,,,,,,,,,,,,,,,,,,,,,
SIMLR,kmeans,,graph,d,,,TI,combination-3,0.52,,,,,,,,,,,,,,,,,,,,,,
SIMLR,louvain,,graph,d,,,TI,combination-3,0.22,,,,,,,,,,,,,,,,,,,,,,
SIMLR,spectral,,graph,d,,,TI,combination-3,0.52,,,,,,,,,,,,,,,,,,,,,,
SPDR,kmeans,,graph,d,,,TI,combination-3,0.52,,,,,,,,,,,,,,,,,,,,,,
SPDR,louvain,,graph,d,,,TI,combination-3,0.19,,,,,,,,,,,,,,,,,,,,,,
SPDR,spectral,,graph,d,,,TI,combination-3,0.54,,,,,,,,,,,,,,,,,,,,,,
SQuaD-MDS,kmeans,,metric,d,,,TI,combination-3,0.305,,,,,,,,,,,,,,,,,,,,,,
SQuaD-MDS,louvain,,metric,d,,,TI,combination-3,0.14,,,,,,,,,,,,,,,,,,,,,,
SQuaD-MDS,spectral,,metric,d,,,TI,combination-3,0.315,,,,,,,,,,,,,,,,,,,,,,
SSNMDI,kmeans,,linear,d,,,TI,combination-3,0.0,,,,,,,,,,,,,,,,,,,,,,
SSNMDI,louvain,,linear,d,,,TI,combination-3,0.0,,,,,,,,,,,,,,,,,,,,,,
SSNMDI,spectral,,linear,d,,,TI,combination-3,0.0,,,,,,,,,,,,,,,,,,,,,,
TriMap,kmeans,,metric,d,,,TI,combination-3,0.51,,,,,,,,,,,,,,,,,,,,,,
TriMap,louvain,,metric,d,,,TI,combination-3,0.19,,,,,,,,,,,,,,,,,,,,,,
TriMap,spectral,,metric,d,,,TI,combination-3,0.51,,,,,,,,,,,,,,,,,,,,,,
UMAP,kmeans,,graph,d,,,TI,combination-3,0.46,,,,,,,,,,,,,,,,,,,,,,
UMAP,louvain,,graph,d,,,TI,combination-3,0.17,,,,,,,,,,,,,,,,,,,,,,
UMAP,spectral,,graph,d,,,TI,combination-3,0.43,,,,,,,,,,,,,,,,,,,,,,
VAE,kmeans,,deep,d,,,TI,combination-3,0.57,,,,,,,,,,,,,,,,,,,,,,
VAE,louvain,,deep,d,,,TI,combination-3,0.2,,,,,,,,,,,,,,,,,,,,,,
VAE,spectral,,deep,d,,,TI,combination-3,0.59,,,,,,,,,,,,,,,,,,,,,,
VASC,kmeans,,deep,d,,,TI,combination-3,0.57,,,,,,,,,,,,,,,,,,,,,,
VASC,louvain,,deep,d,,,TI,combination-3,0.2,,,,,,,,,,,,,,,,,,,,,,
VASC,spectral,,deep,d,,,TI,combination-3,0.45,,,,,,,,,,,,,,,,,,,,,,
ZIFA,kmeans,,linear,d,,,TI,combination-3,0.27,,,,,,,,,,,,,,,,,,,,,,
ZIFA,louvain,,linear,d,,,TI,combination-3,0.12,,,,,,,,,,,,,,,,,,,,,,
ZIFA,spectral,,linear,d,,,TI,combination-3,0.3,,,,,,,,,,,,,,,,,,,,,,
pCMF,kmeans,,linear,d,,,TI,combination-3,0.07,,,,,,,,,,,,,,,,,,,,,,
pCMF,louvain,,linear,d,,,TI,combination-3,0.02,,,,,,,,,,,,,,,,,,,,,,
pCMF,spectral,,linear,d,,,TI,combination-3,0.07,,,,,,,,,,,,,,,,,,,,,,
scGAE,kmeans,,deep,d,,,TI,combination-3,0.21,,,,,,,,,,,,,,,,,,,,,,
scGAE,louvain,,deep,d,,,TI,combination-3,0.11,,,,,,,,,,,,,,,,,,,,,,
scGAE,spectral,,deep,d,,,TI,combination-3,0.31,,,,,,,,,,,,,,,,,,,,,,
scGBM,kmeans,,linear,d,,,TI,combination-3,0.6,,,,,,,,,,,,,,,,,,,,,,
scGBM,louvain,,linear,d,,,TI,combination-3,0.21,,,,,,,,,,,,,,,,,,,,,,
scGBM,spectral,,linear,d,,,TI,combination-3,0.48,,,,,,,,,,,,,,,,,,,,,,
scScope,kmeans,,deep,d,,,TI,combination-3,0.08,,,,,,,,,,,,,,,,,,,,,,
scScope,louvain,,deep,d,,,TI,combination-3,0.07,,,,,,,,,,,,,,,,,,,,,,
scScope,spectral,,deep,d,,,TI,combination-3,0.1,,,,,,,,,,,,,,,,,,,,,,
scvis,kmeans,,deep,d,,,TI,combination-3,0.46,,,,,,,,,,,,,,,,,,,,,,
scvis,louvain,,deep,d,,,TI,combination-3,0.2,,,,,,,,,,,,,,,,,,,,,,
scvis,spectral,,deep,d,,,TI,combination-3,0.48,,,,,,,,,,,,,,,,,,,,,,
t-SNE,kmeans,,metric,d,,,TI,combination-3,0.54,,,,,,,,,,,,,,,,,,,,,,
t-SNE,louvain,,metric,d,,,TI,combination-3,0.22,,,,,,,,,,,,,,,,,,,,,,
t-SNE,spectral,,metric,d,,,TI,combination-3,0.54,,,,,,,,,,,,,,,,,,,,,,
tGPLVM,kmeans,,linear,d,,,TI,combination-3,-0.0,,,,,,,,,,,,,,,,,,,,,,
tGPLVM,louvain,,linear,d,,,TI,combination-3,-0.0,,,,,,,,,,,,,,,,,,,,,,
tGPLVM,spectral,,linear,d,,,TI,combination-3,0.0,,,,,,,,,,,,,,,,,,,,,,
DRA,kmeans,,deep,d,,,TI,epiblast,0.02,,,,,,,,,,,,,,,,,,,,,,
DRA,louvain,,deep,d,,,TI,epiblast,0.0,,,,,,,,,,,,,,,,,,,,,,
DRA,spectral,,deep,d,,,TI,epiblast,-0.0,,,,,,,,,,,,,,,,,,,,,,
DREAM,kmeans,,deep,d,,,TI,epiblast,0.7,,,,,,,,,,,,,,,,,,,,,,
DREAM,louvain,,deep,d,,,TI,epiblast,0.64,,,,,,,,,,,,,,,,,,,,,,
DREAM,spectral,,deep,d,,,TI,epiblast,0.68,,,,,,,,,,,,,,,,,,,,,,
EDGE,kmeans,,graph,d,,,TI,epiblast,0.71,,,,,,,,,,,,,,,,,,,,,,
EDGE,louvain,,graph,d,,,TI,epiblast,0.62,,,,,,,,,,,,,,,,,,,,,,
EDGE,spectral,,graph,d,,,TI,epiblast,0.52,,,,,,,,,,,,,,,,,,,,,,
GLMPCA,kmeans,,linear,d,,,TI,epiblast,0.64,,,,,,,,,,,,,,,,,,,,,,
GLMPCA,louvain,,linear,d,,,TI,epiblast,0.66,,,,,,,,,,,,,,,,,,,,,,
GLMPCA,spectral,,linear,d,,,TI,epiblast,0.6,,,,,,,,,,,,,,,,,,,,,,
IVIS,kmeans,,metric,d,,,TI,epiblast,0.57,,,,,,,,,,,,,,,,,,,,,,
IVIS,louvain,,metric,d,,,TI,epiblast,0.51,,,,,,,,,,,,,,,,,,,,,,
IVIS,spectral,,metric,d,,,TI,epiblast,0.59,,,,,,,,,,,,,,,,,,,,,,
PCA,kmeans,,linear,d,,,TI,epiblast,0.7,,,,,,,,,,,,,,,,,,,,,,
PCA,louvain,,linear,d,,,TI,epiblast,0.6,,,,,,,,,,,,,,,,,,,,,,
PCA,spectral,,linear,d,,,TI,epiblast,0.62,,,,,,,,,,,,,,,,,,,,,,
PHATE,kmeans,,graph,d,,,TI,epiblast,0.61,,,,,,,,,,,,,,,,,,,,,,
PHATE,louvain,,graph,d,,,TI,epiblast,0.55,,,,,,,,,,,,,,,,,,,,,,
PHATE,spectral,,graph,d,,,TI,epiblast,0.57,,,,,,,,,,,,,,,,,,,,,,
PaCMAP,kmeans,,metric,d,,,TI,epiblast,0.38,,,,,,,,,,,,,,,,,,,,,,
PaCMAP,louvain,,metric,d,,,TI,epiblast,0.36,,,,,,,,,,,,,,,,,,,,,,
PaCMAP,spectral,,metric,d,,,TI,epiblast,0.38,,,,,,,,,,,,,,,,,,,,,,
SAUCIE,kmeans,,deep,d,,,TI,epiblast,0.55,,,,,,,,,,,,,,,,,,,,,,
SAUCIE,louvain,,deep,d,,,TI,epiblast,0.54,,,,,,,,,,,,,,,,,,,,,,
SAUCIE,spectral,,deep,d,,,TI,epiblast,0.51,,,,,,,,,,,,,,,,,,,,,,
SCDRHA,kmeans,,deep,d,,,TI,epiblast,0.83,,,,,,,,,,,,,,,,,,,,,,
SCDRHA,louvain,,deep,d,,,TI,epiblast,0.68,,,,,,,,,,,,,,,,,,,,,,
SCDRHA,spectral,,deep,d,,,TI,epiblast,0.7,,,,,,,,,,,,,,,,,,,,,,
SIMLR,kmeans,,graph,d,,,TI,epiblast,0.63,,,,,,,,,,,,,,,,,,,,,,
SIMLR,louvain,,graph,d,,,TI,epiblast,0.59,,,,,,,,,,,,,,,,,,,,,,
SIMLR,spectral,,graph,d,,,TI,epiblast,0.64,,,,,,,,,,,,,,,,,,,,,,
SPDR,kmeans,,graph,d,,,TI,epiblast,0.89,,,,,,,,,,,,,,,,,,,,,,
SPDR,louvain,,graph,d,,,TI,epiblast,0.79,,,,,,,,,,,,,,,,,,,,,,
SPDR,spectral,,graph,d,,,TI,epiblast,0.81,,,,,,,,,,,,,,,,,,,,,,
SQuaD-MDS,kmeans,,metric,d,,,TI,epiblast,0.6599999999999999,,,,,,,,,,,,,,,,,,,,,,
SQuaD-MDS,louvain,,metric,d,,,TI,epiblast,0.63,,,,,,,,,,,,,,,,,,,,,,
SQuaD-MDS,spectral,,metric,d,,,TI,epiblast,0.6200000000000001,,,,,,,,,,,,,,,,,,,,,,
SSNMDI,kmeans,,linear,d,,,TI,epiblast,0.34,,,,,,,,,,,,,,,,,,,,,,
SSNMDI,louvain,,linear,d,,,TI,epiblast,0.33,,,,,,,,,,,,,,,,,,,,,,
SSNMDI,spectral,,linear,d,,,TI,epiblast,0.29,,,,,,,,,,,,,,,,,,,,,,
TriMap,kmeans,,metric,d,,,TI,epiblast,0.79,,,,,,,,,,,,,,,,,,,,,,
TriMap,louvain,,metric,d,,,TI,epiblast,0.72,,,,,,,,,,,,,,,,,,,,,,
TriMap,spectral,,metric,d,,,TI,epiblast,0.78,,,,,,,,,,,,,,,,,,,,,,
UMAP,kmeans,,graph,d,,,TI,epiblast,0.8,,,,,,,,,,,,,,,,,,,,,,
UMAP,louvain,,graph,d,,,TI,epiblast,0.63,,,,,,,,,,,,,,,,,,,,,,
UMAP,spectral,,graph,d,,,TI,epiblast,0.66,,,,,,,,,,,,,,,,,,,,,,
VAE,kmeans,,deep,d,,,TI,epiblast,0.15,,,,,,,,,,,,,,,,,,,,,,
VAE,louvain,,deep,d,,,TI,epiblast,0.15,,,,,,,,,,,,,,,,,,,,,,
VAE,spectral,,deep,d,,,TI,epiblast,0.17,,,,,,,,,,,,,,,,,,,,,,
VASC,kmeans,,deep,d,,,TI,epiblast,0.81,,,,,,,,,,,,,,,,,,,,,,
VASC,louvain,,deep,d,,,TI,epiblast,0.57,,,,,,,,,,,,,,,,,,,,,,
VASC,spectral,,deep,d,,,TI,epiblast,0.63,,,,,,,,,,,,,,,,,,,,,,
ZIFA,kmeans,,linear,d,,,TI,epiblast,0.63,,,,,,,,,,,,,,,,,,,,,,
ZIFA,louvain,,linear,d,,,TI,epiblast,0.55,,,,,,,,,,,,,,,,,,,,,,
ZIFA,spectral,,linear,d,,,TI,epiblast,0.57,,,,,,,,,,,,,,,,,,,,,,
pCMF,kmeans,,linear,d,,,TI,epiblast,0.35,,,,,,,,,,,,,,,,,,,,,,
pCMF,louvain,,linear,d,,,TI,epiblast,0.33,,,,,,,,,,,,,,,,,,,,,,
pCMF,spectral,,linear,d,,,TI,epiblast,0.32,,,,,,,,,,,,,,,,,,,,,,
scGAE,kmeans,,deep,d,,,TI,epiblast,0.78,,,,,,,,,,,,,,,,,,,,,,
scGAE,louvain,,deep,d,,,TI,epiblast,0.71,,,,,,,,,,,,,,,,,,,,,,
scGAE,spectral,,deep,d,,,TI,epiblast,0.76,,,,,,,,,,,,,,,,,,,,,,
scGBM,kmeans,,linear,d,,,TI,epiblast,0.67,,,,,,,,,,,,,,,,,,,,,,
scGBM,louvain,,linear,d,,,TI,epiblast,0.64,,,,,,,,,,,,,,,,,,,,,,
scGBM,spectral,,linear,d,,,TI,epiblast,0.65,,,,,,,,,,,,,,,,,,,,,,
scScope,kmeans,,deep,d,,,TI,epiblast,0.01,,,,,,,,,,,,,,,,,,,,,,
scScope,louvain,,deep,d,,,TI,epiblast,0.02,,,,,,,,,,,,,,,,,,,,,,
scScope,spectral,,deep,d,,,TI,epiblast,0.0,,,,,,,,,,,,,,,,,,,,,,
scvis,kmeans,,deep,d,,,TI,epiblast,0.78,,,,,,,,,,,,,,,,,,,,,,
scvis,louvain,,deep,d,,,TI,epiblast,0.78,,,,,,,,,,,,,,,,,,,,,,
scvis,spectral,,deep,d,,,TI,epiblast,0.78,,,,,,,,,,,,,,,,,,,,,,
t-SNE,kmeans,,metric,d,,,TI,epiblast,0.82,,,,,,,,,,,,,,,,,,,,,,
t-SNE,louvain,,metric,d,,,TI,epiblast,0.61,,,,,,,,,,,,,,,,,,,,,,
t-SNE,spectral,,metric,d,,,TI,epiblast,0.79,,,,,,,,,,,,,,,,,,,,,,
tGPLVM,kmeans,,linear,d,,,TI,epiblast,0.25,,,,,,,,,,,,,,,,,,,,,,
tGPLVM,louvain,,linear,d,,,TI,epiblast,0.27,,,,,,,,,,,,,,,,,,,,,,
tGPLVM,spectral,,linear,d,,,TI,epiblast,0.27,,,,,,,,,,,,,,,,,,,,,,
DRA,kmeans,,deep,d,,,TI,epidermis,0.0,,,,,,,,,,,,,,,,,,,,,,
DRA,louvain,,deep,d,,,TI,epidermis,-0.0,,,,,,,,,,,,,,,,,,,,,,
DRA,spectral,,deep,d,,,TI,epidermis,0.0,,,,,,,,,,,,,,,,,,,,,,
DREAM,kmeans,,deep,d,,,TI,epidermis,0.24,,,,,,,,,,,,,,,,,,,,,,
DREAM,louvain,,deep,d,,,TI,epidermis,0.03,,,,,,,,,,,,,,,,,,,,,,
DREAM,spectral,,deep,d,,,TI,epidermis,0.24,,,,,,,,,,,,,,,,,,,,,,
EDGE,kmeans,,graph,d,,,TI,epidermis,0.14,,,,,,,,,,,,,,,,,,,,,,
EDGE,louvain,,graph,d,,,TI,epidermis,0.02,,,,,,,,,,,,,,,,,,,,,,
EDGE,spectral,,graph,d,,,TI,epidermis,0.14,,,,,,,,,,,,,,,,,,,,,,
GLMPCA,kmeans,,linear,d,,,TI,epidermis,0.33,,,,,,,,,,,,,,,,,,,,,,
GLMPCA,louvain,,linear,d,,,TI,epidermis,0.04,,,,,,,,,,,,,,,,,,,,,,
GLMPCA,spectral,,linear,d,,,TI,epidermis,0.31,,,,,,,,,,,,,,,,,,,,,,
IVIS,kmeans,,metric,d,,,TI,epidermis,0.31,,,,,,,,,,,,,,,,,,,,,,
IVIS,louvain,,metric,d,,,TI,epidermis,0.04,,,,,,,,,,,,,,,,,,,,,,
IVIS,spectral,,metric,d,,,TI,epidermis,0.27,,,,,,,,,,,,,,,,,,,,,,
PCA,kmeans,,linear,d,,,TI,epidermis,0.63,,,,,,,,,,,,,,,,,,,,,,
PCA,louvain,,linear,d,,,TI,epidermis,0.03,,,,,,,,,,,,,,,,,,,,,,
PCA,spectral,,linear,d,,,TI,epidermis,0.23,,,,,,,,,,,,,,,,,,,,,,
PHATE,kmeans,,graph,d,,,TI,epidermis,0.61,,,,,,,,,,,,,,,,,,,,,,
PHATE,louvain,,graph,d,,,TI,epidermis,0.04,,,,,,,,,,,,,,,,,,,,,,
PHATE,spectral,,graph,d,,,TI,epidermis,0.28,,,,,,,,,,,,,,,,,,,,,,
PaCMAP,kmeans,,metric,d,,,TI,epidermis,0.0,,,,,,,,,,,,,,,,,,,,,,
PaCMAP,louvain,,metric,d,,,TI,epidermis,0.0,,,,,,,,,,,,,,,,,,,,,,
PaCMAP,spectral,,metric,d,,,TI,epidermis,0.0,,,,,,,,,,,,,,,,,,,,,,
SAUCIE,kmeans,,deep,d,,,TI,epidermis,0.04,,,,,,,,,,,,,,,,,,,,,,
SAUCIE,louvain,,deep,d,,,TI,epidermis,0.01,,,,,,,,,,,,,,,,,,,,,,
SAUCIE,spectral,,deep,d,,,TI,epidermis,0.04,,,,,,,,,,,,,,,,,,,,,,
SCDRHA,kmeans,,deep,d,,,TI,epidermis,0.34,,,,,,,,,,,,,,,,,,,,,,
SCDRHA,louvain,,deep,d,,,TI,epidermis,0.03,,,,,,,,,,,,,,,,,,,,,,
SCDRHA,spectral,,deep,d,,,TI,epidermis,0.19,,,,,,,,,,,,,,,,,,,,,,
SIMLR,kmeans,,graph,d,,,TI,epidermis,0.18,,,,,,,,,,,,,,,,,,,,,,
SIMLR,louvain,,graph,d,,,TI,epidermis,0.04,,,,,,,,,,,,,,,,,,,,,,
SIMLR,spectral,,graph,d,,,TI,epidermis,0.26,,,,,,,,,,,,,,,,,,,,,,
SPDR,kmeans,,graph,d,,,TI,epidermis,0.32,,,,,,,,,,,,,,,,,,,,,,
SPDR,louvain,,graph,d,,,TI,epidermis,0.03,,,,,,,,,,,,,,,,,,,,,,
SPDR,spectral,,graph,d,,,TI,epidermis,0.32,,,,,,,,,,,,,,,,,,,,,,
SQuaD-MDS,kmeans,,metric,d,,,TI,epidermis,0.175,,,,,,,,,,,,,,,,,,,,,,
SQuaD-MDS,louvain,,metric,d,,,TI,epidermis,0.035,,,,,,,,,,,,,,,,,,,,,,
SQuaD-MDS,spectral,,metric,d,,,TI,epidermis,0.215,,,,,,,,,,,,,,,,,,,,,,
SSNMDI,kmeans,,linear,d,,,TI,epidermis,0.0,,,,,,,,,,,,,,,,,,,,,,
SSNMDI,louvain,,linear,d,,,TI,epidermis,-0.0,,,,,,,,,,,,,,,,,,,,,,
SSNMDI,spectral,,linear,d,,,TI,epidermis,0.0,,,,,,,,,,,,,,,,,,,,,,
TriMap,kmeans,,metric,d,,,TI,epidermis,0.32,,,,,,,,,,,,,,,,,,,,,,
TriMap,louvain,,metric,d,,,TI,epidermis,0.04,,,,,,,,,,,,,,,,,,,,,,
TriMap,spectral,,metric,d,,,TI,epidermis,0.32,,,,,,,,,,,,,,,,,,,,,,
UMAP,kmeans,,graph,d,,,TI,epidermis,0.26,,,,,,,,,,,,,,,,,,,,,,
UMAP,louvain,,graph,d,,,TI,epidermis,0.04,,,,,,,,,,,,,,,,,,,,,,
UMAP,spectral,,graph,d,,,TI,epidermis,0.25,,,,,,,,,,,,,,,,,,,,,,
VAE,kmeans,,deep,d,,,TI,epidermis,0.23,,,,,,,,,,,,,,,,,,,,,,
VAE,louvain,,deep,d,,,TI,epidermis,0.03,,,,,,,,,,,,,,,,,,,,,,
VAE,spectral,,deep,d,,,TI,epidermis,0.24,,,,,,,,,,,,,,,,,,,,,,
VASC,kmeans,,deep,d,,,TI,epidermis,0.44,,,,,,,,,,,,,,,,,,,,,,
VASC,louvain,,deep,d,,,TI,epidermis,0.04,,,,,,,,,,,,,,,,,,,,,,
VASC,spectral,,deep,d,,,TI,epidermis,0.16,,,,,,,,,,,,,,,,,,,,,,
ZIFA,kmeans,,linear,d,,,TI,epidermis,0.4,,,,,,,,,,,,,,,,,,,,,,
ZIFA,louvain,,linear,d,,,TI,epidermis,0.03,,,,,,,,,,,,,,,,,,,,,,
ZIFA,spectral,,linear,d,,,TI,epidermis,0.24,,,,,,,,,,,,,,,,,,,,,,
pCMF,kmeans,,linear,d,,,TI,epidermis,0.04,,,,,,,,,,,,,,,,,,,,,,
pCMF,louvain,,linear,d,,,TI,epidermis,0.0,,,,,,,,,,,,,,,,,,,,,,
pCMF,spectral,,linear,d,,,TI,epidermis,0.02,,,,,,,,,,,,,,,,,,,,,,
scGAE,kmeans,,deep,d,,,TI,epidermis,0.07,,,,,,,,,,,,,,,,,,,,,,
scGAE,louvain,,deep,d,,,TI,epidermis,0.03,,,,,,,,,,,,,,,,,,,,,,
scGAE,spectral,,deep,d,,,TI,epidermis,0.25,,,,,,,,,,,,,,,,,,,,,,
scGBM,kmeans,,linear,d,,,TI,epidermis,0.34,,,,,,,,,,,,,,,,,,,,,,
scGBM,louvain,,linear,d,,,TI,epidermis,0.04,,,,,,,,,,,,,,,,,,,,,,
scGBM,spectral,,linear,d,,,TI,epidermis,0.32,,,,,,,,,,,,,,,,,,,,,,
scScope,kmeans,,deep,d,,,TI,epidermis,0.11,,,,,,,,,,,,,,,,,,,,,,
scScope,louvain,,deep,d,,,TI,epidermis,0.03,,,,,,,,,,,,,,,,,,,,,,
scScope,spectral,,deep,d,,,TI,epidermis,0.14,,,,,,,,,,,,,,,,,,,,,,
scvis,kmeans,,deep,d,,,TI,epidermis,0.56,,,,,,,,,,,,,,,,,,,,,,
scvis,louvain,,deep,d,,,TI,epidermis,0.04,,,,,,,,,,,,,,,,,,,,,,
scvis,spectral,,deep,d,,,TI,epidermis,0.2,,,,,,,,,,,,,,,,,,,,,,
t-SNE,kmeans,,metric,d,,,TI,epidermis,0.27,,,,,,,,,,,,,,,,,,,,,,
t-SNE,louvain,,metric,d,,,TI,epidermis,0.04,,,,,,,,,,,,,,,,,,,,,,
t-SNE,spectral,,metric,d,,,TI,epidermis,0.25,,,,,,,,,,,,,,,,,,,,,,
tGPLVM,kmeans,,linear,d,,,TI,epidermis,0.03,,,,,,,,,,,,,,,,,,,,,,
tGPLVM,louvain,,linear,d,,,TI,epidermis,0.0,,,,,,,,,,,,,,,,,,,,,,
tGPLVM,spectral,,linear,d,,,TI,epidermis,0.04,,,,,,,,,,,,,,,,,,,,,,
DRA,kmeans,,deep,d,,,TI,horns,0.0,,,,,,,,,,,,,,,,,,,,,,
DRA,louvain,,deep,d,,,TI,horns,0.0,,,,,,,,,,,,,,,,,,,,,,
DRA,spectral,,deep,d,,,TI,horns,0.01,,,,,,,,,,,,,,,,,,,,,,
DREAM,kmeans,,deep,d,,,TI,horns,0.64,,,,,,,,,,,,,,,,,,,,,,
DREAM,louvain,,deep,d,,,TI,horns,0.76,,,,,,,,,,,,,,,,,,,,,,
DREAM,spectral,,deep,d,,,TI,horns,0.68,,,,,,,,,,,,,,,,,,,,,,
EDGE,kmeans,,graph,d,,,TI,horns,0.52,,,,,,,,,,,,,,,,,,,,,,
EDGE,louvain,,graph,d,,,TI,horns,0.71,,,,,,,,,,,,,,,,,,,,,,
EDGE,spectral,,graph,d,,,TI,horns,0.49,,,,,,,,,,,,,,,,,,,,,,
GLMPCA,kmeans,,linear,d,,,TI,horns,0.3,,,,,,,,,,,,,,,,,,,,,,
GLMPCA,louvain,,linear,d,,,TI,horns,0.26,,,,,,,,,,,,,,,,,,,,,,
GLMPCA,spectral,,linear,d,,,TI,horns,0.24,,,,,,,,,,,,,,,,,,,,,,
IVIS,kmeans,,metric,d,,,TI,horns,0.5,,,,,,,,,,,,,,,,,,,,,,
IVIS,louvain,,metric,d,,,TI,horns,0.52,,,,,,,,,,,,,,,,,,,,,,
IVIS,spectral,,metric,d,,,TI,horns,0.45,,,,,,,,,,,,,,,,,,,,,,
PCA,kmeans,,linear,d,,,TI,horns,0.45,,,,,,,,,,,,,,,,,,,,,,
PCA,louvain,,linear,d,,,TI,horns,0.49,,,,,,,,,,,,,,,,,,,,,,
PCA,spectral,,linear,d,,,TI,horns,0.4,,,,,,,,,,,,,,,,,,,,,,
PHATE,kmeans,,graph,d,,,TI,horns,0.57,,,,,,,,,,,,,,,,,,,,,,
PHATE,louvain,,graph,d,,,TI,horns,0.42,,,,,,,,,,,,,,,,,,,,,,
PHATE,spectral,,graph,d,,,TI,horns,0.49,,,,,,,,,,,,,,,,,,,,,,
PaCMAP,kmeans,,metric,d,,,TI,horns,0.36,,,,,,,,,,,,,,,,,,,,,,
PaCMAP,louvain,,metric,d,,,TI,horns,0.38,,,,,,,,,,,,,,,,,,,,,,
PaCMAP,spectral,,metric,d,,,TI,horns,0.36,,,,,,,,,,,,,,,,,,,,,,
SAUCIE,kmeans,,deep,d,,,TI,horns,0.16,,,,,,,,,,,,,,,,,,,,,,
SAUCIE,louvain,,deep,d,,,TI,horns,0.17,,,,,,,,,,,,,,,,,,,,,,
SAUCIE,spectral,,deep,d,,,TI,horns,0.15,,,,,,,,,,,,,,,,,,,,,,
SCDRHA,kmeans,,deep,d,,,TI,horns,0.44,,,,,,,,,,,,,,,,,,,,,,
SCDRHA,louvain,,deep,d,,,TI,horns,0.3,,,,,,,,,,,,,,,,,,,,,,
SCDRHA,spectral,,deep,d,,,TI,horns,0.4,,,,,,,,,,,,,,,,,,,,,,
SIMLR,kmeans,,graph,d,,,TI,horns,0.84,,,,,,,,,,,,,,,,,,,,,,
SIMLR,louvain,,graph,d,,,TI,horns,0.76,,,,,,,,,,,,,,,,,,,,,,
SIMLR,spectral,,graph,d,,,TI,horns,0.43,,,,,,,,,,,,,,,,,,,,,,
SPDR,kmeans,,graph,d,,,TI,horns,0.68,,,,,,,,,,,,,,,,,,,,,,
SPDR,louvain,,graph,d,,,TI,horns,0.64,,,,,,,,,,,,,,,,,,,,,,
SPDR,spectral,,graph,d,,,TI,horns,0.73,,,,,,,,,,,,,,,,,,,,,,
SQuaD-MDS,kmeans,,metric,d,,,TI,horns,0.43000000000000005,,,,,,,,,,,,,,,,,,,,,,
SQuaD-MDS,louvain,,metric,d,,,TI,horns,0.515,,,,,,,,,,,,,,,,,,,,,,
SQuaD-MDS,spectral,,metric,d,,,TI,horns,0.42500000000000004,,,,,,,,,,,,,,,,,,,,,,
SSNMDI,kmeans,,linear,d,,,TI,horns,0.31,,,,,,,,,,,,,,,,,,,,,,
SSNMDI,louvain,,linear,d,,,TI,horns,0.24,,,,,,,,,,,,,,,,,,,,,,
SSNMDI,spectral,,linear,d,,,TI,horns,0.28,,,,,,,,,,,,,,,,,,,,,,
TriMap,kmeans,,metric,d,,,TI,horns,0.75,,,,,,,,,,,,,,,,,,,,,,
TriMap,louvain,,metric,d,,,TI,horns,0.63,,,,,,,,,,,,,,,,,,,,,,
TriMap,spectral,,metric,d,,,TI,horns,0.48,,,,,,,,,,,,,,,,,,,,,,
UMAP,kmeans,,graph,d,,,TI,horns,0.65,,,,,,,,,,,,,,,,,,,,,,
UMAP,louvain,,graph,d,,,TI,horns,0.59,,,,,,,,,,,,,,,,,,,,,,
UMAP,spectral,,graph,d,,,TI,horns,0.65,,,,,,,,,,,,,,,,,,,,,,
VAE,kmeans,,deep,d,,,TI,horns,0.14,,,,,,,,,,,,,,,,,,,,,,
VAE,louvain,,deep,d,,,TI,horns,0.13,,,,,,,,,,,,,,,,,,,,,,
VAE,spectral,,deep,d,,,TI,horns,0.07,,,,,,,,,,,,,,,,,,,,,,
VASC,kmeans,,deep,d,,,TI,horns,0.42,,,,,,,,,,,,,,,,,,,,,,
VASC,louvain,,deep,d,,,TI,horns,0.45,,,,,,,,,,,,,,,,,,,,,,
VASC,spectral,,deep,d,,,TI,horns,0.41,,,,,,,,,,,,,,,,,,,,,,
ZIFA,kmeans,,linear,d,,,TI,horns,0.55,,,,,,,,,,,,,,,,,,,,,,
ZIFA,louvain,,linear,d,,,TI,horns,0.57,,,,,,,,,,,,,,,,,,,,,,
ZIFA,spectral,,linear,d,,,TI,horns,0.56,,,,,,,,,,,,,,,,,,,,,,
pCMF,kmeans,,linear,d,,,TI,horns,0.01,,,,,,,,,,,,,,,,,,,,,,
pCMF,louvain,,linear,d,,,TI,horns,0.03,,,,,,,,,,,,,,,,,,,,,,
pCMF,spectral,,linear,d,,,TI,horns,0.02,,,,,,,,,,,,,,,,,,,,,,
scGAE,kmeans,,deep,d,,,TI,horns,0.3,,,,,,,,,,,,,,,,,,,,,,
scGAE,louvain,,deep,d,,,TI,horns,0.37,,,,,,,,,,,,,,,,,,,,,,
scGAE,spectral,,deep,d,,,TI,horns,0.24,,,,,,,,,,,,,,,,,,,,,,
scGBM,kmeans,,linear,d,,,TI,horns,0.59,,,,,,,,,,,,,,,,,,,,,,
scGBM,louvain,,linear,d,,,TI,horns,0.67,,,,,,,,,,,,,,,,,,,,,,
scGBM,spectral,,linear,d,,,TI,horns,0.55,,,,,,,,,,,,,,,,,,,,,,
scScope,kmeans,,deep,d,,,TI,horns,0.02,,,,,,,,,,,,,,,,,,,,,,
scScope,louvain,,deep,d,,,TI,horns,0.03,,,,,,,,,,,,,,,,,,,,,,
scScope,spectral,,deep,d,,,TI,horns,0.02,,,,,,,,,,,,,,,,,,,,,,
scvis,kmeans,,deep,d,,,TI,horns,0.62,,,,,,,,,,,,,,,,,,,,,,
scvis,louvain,,deep,d,,,TI,horns,0.48,,,,,,,,,,,,,,,,,,,,,,
scvis,spectral,,deep,d,,,TI,horns,0.61,,,,,,,,,,,,,,,,,,,,,,
t-SNE,kmeans,,metric,d,,,TI,horns,0.63,,,,,,,,,,,,,,,,,,,,,,
t-SNE,louvain,,metric,d,,,TI,horns,0.75,,,,,,,,,,,,,,,,,,,,,,
t-SNE,spectral,,metric,d,,,TI,horns,0.66,,,,,,,,,,,,,,,,,,,,,,
tGPLVM,kmeans,,linear,d,,,TI,horns,0.45,,,,,,,,,,,,,,,,,,,,,,
tGPLVM,louvain,,linear,d,,,TI,horns,0.36,,,,,,,,,,,,,,,,,,,,,,
tGPLVM,spectral,,linear,d,,,TI,horns,0.37,,,,,,,,,,,,,,,,,,,,,,
DRA,kmeans,,deep,d,,,TI,muscle,0.01,,,,,,,,,,,,,,,,,,,,,,
DRA,louvain,,deep,d,,,TI,muscle,0.0,,,,,,,,,,,,,,,,,,,,,,
DRA,spectral,,deep,d,,,TI,muscle,0.0,,,,,,,,,,,,,,,,,,,,,,
DREAM,kmeans,,deep,d,,,TI,muscle,0.14,,,,,,,,,,,,,,,,,,,,,,
DREAM,louvain,,deep,d,,,TI,muscle,0.02,,,,,,,,,,,,,,,,,,,,,,
DREAM,spectral,,deep,d,,,TI,muscle,0.11,,,,,,,,,,,,,,,,,,,,,,
EDGE,kmeans,,graph,d,,,TI,muscle,0.2,,,,,,,,,,,,,,,,,,,,,,
EDGE,louvain,,graph,d,,,TI,muscle,0.03,,,,,,,,,,,,,,,,,,,,,,
EDGE,spectral,,graph,d,,,TI,muscle,0.21,,,,,,,,,,,,,,,,,,,,,,
GLMPCA,kmeans,,linear,d,,,TI,muscle,0.32,,,,,,,,,,,,,,,,,,,,,,
GLMPCA,louvain,,linear,d,,,TI,muscle,0.05,,,,,,,,,,,,,,,,,,,,,,
GLMPCA,spectral,,linear,d,,,TI,muscle,0.31,,,,,,,,,,,,,,,,,,,,,,
IVIS,kmeans,,metric,d,,,TI,muscle,0.33,,,,,,,,,,,,,,,,,,,,,,
IVIS,louvain,,metric,d,,,TI,muscle,0.05,,,,,,,,,,,,,,,,,,,,,,
IVIS,spectral,,metric,d,,,TI,muscle,0.34,,,,,,,,,,,,,,,,,,,,,,
PCA,kmeans,,linear,d,,,TI,muscle,-0.0,,,,,,,,,,,,,,,,,,,,,,
PCA,louvain,,linear,d,,,TI,muscle,0.01,,,,,,,,,,,,,,,,,,,,,,
PCA,spectral,,linear,d,,,TI,muscle,0.03,,,,,,,,,,,,,,,,,,,,,,
PHATE,kmeans,,graph,d,,,TI,muscle,0.43,,,,,,,,,,,,,,,,,,,,,,
PHATE,louvain,,graph,d,,,TI,muscle,0.05,,,,,,,,,,,,,,,,,,,,,,
PHATE,spectral,,graph,d,,,TI,muscle,0.3,,,,,,,,,,,,,,,,,,,,,,
PaCMAP,kmeans,,metric,d,,,TI,muscle,0.01,,,,,,,,,,,,,,,,,,,,,,
PaCMAP,louvain,,metric,d,,,TI,muscle,0.0,,,,,,,,,,,,,,,,,,,,,,
PaCMAP,spectral,,metric,d,,,TI,muscle,0.01,,,,,,,,,,,,,,,,,,,,,,
SAUCIE,kmeans,,deep,d,,,TI,muscle,0.01,,,,,,,,,,,,,,,,,,,,,,
SAUCIE,louvain,,deep,d,,,TI,muscle,0.01,,,,,,,,,,,,,,,,,,,,,,
SAUCIE,spectral,,deep,d,,,TI,muscle,0.05,,,,,,,,,,,,,,,,,,,,,,
SCDRHA,kmeans,,deep,d,,,TI,muscle,0.37,,,,,,,,,,,,,,,,,,,,,,
SCDRHA,louvain,,deep,d,,,TI,muscle,0.04,,,,,,,,,,,,,,,,,,,,,,
SCDRHA,spectral,,deep,d,,,TI,muscle,0.12,,,,,,,,,,,,,,,,,,,,,,
SIMLR,kmeans,,graph,d,,,TI,muscle,0.18,,,,,,,,,,,,,,,,,,,,,,
SIMLR,louvain,,graph,d,,,TI,muscle,0.05,,,,,,,,,,,,,,,,,,,,,,
SIMLR,spectral,,graph,d,,,TI,muscle,-0.01,,,,,,,,,,,,,,,,,,,,,,
SPDR,kmeans,,graph,d,,,TI,muscle,0.37,,,,,,,,,,,,,,,,,,,,,,
SPDR,louvain,,graph,d,,,TI,muscle,0.05,,,,,,,,,,,,,,,,,,,,,,
SPDR,spectral,,graph,d,,,TI,muscle,0.37,,,,,,,,,,,,,,,,,,,,,,
SQuaD-MDS,kmeans,,metric,d,,,TI,muscle,0.325,,,,,,,,,,,,,,,,,,,,,,
SQuaD-MDS,louvain,,metric,d,,,TI,muscle,0.045,,,,,,,,,,,,,,,,,,,,,,
SQuaD-MDS,spectral,,metric,d,,,TI,muscle,0.21999999999999997,,,,,,,,,,,,,,,,,,,,,,
SSNMDI,kmeans,,linear,d,,,TI,muscle,-0.0,,,,,,,,,,,,,,,,,,,,,,
SSNMDI,louvain,,linear,d,,,TI,muscle,0.0,,,,,,,,,,,,,,,,,,,,,,
SSNMDI,spectral,,linear,d,,,TI,muscle,-0.01,,,,,,,,,,,,,,,,,,,,,,
TriMap,kmeans,,metric,d,,,TI,muscle,0.31,,,,,,,,,,,,,,,,,,,,,,
TriMap,louvain,,metric,d,,,TI,muscle,0.04,,,,,,,,,,,,,,,,,,,,,,
TriMap,spectral,,metric,d,,,TI,muscle,0.41,,,,,,,,,,,,,,,,,,,,,,
UMAP,kmeans,,graph,d,,,TI,muscle,0.3,,,,,,,,,,,,,,,,,,,,,,
UMAP,louvain,,graph,d,,,TI,muscle,0.05,,,,,,,,,,,,,,,,,,,,,,
UMAP,spectral,,graph,d,,,TI,muscle,0.36,,,,,,,,,,,,,,,,,,,,,,
VAE,kmeans,,deep,d,,,TI,muscle,0.24,,,,,,,,,,,,,,,,,,,,,,
VAE,louvain,,deep,d,,,TI,muscle,0.04,,,,,,,,,,,,,,,,,,,,,,
VAE,spectral,,deep,d,,,TI,muscle,0.27,,,,,,,,,,,,,,,,,,,,,,
VASC,kmeans,,deep,d,,,TI,muscle,0.0,,,,,,,,,,,,,,,,,,,,,,
VASC,louvain,,deep,d,,,TI,muscle,0.0,,,,,,,,,,,,,,,,,,,,,,
VASC,spectral,,deep,d,,,TI,muscle,0.01,,,,,,,,,,,,,,,,,,,,,,
ZIFA,kmeans,,linear,d,,,TI,muscle,0.32,,,,,,,,,,,,,,,,,,,,,,
ZIFA,louvain,,linear,d,,,TI,muscle,0.04,,,,,,,,,,,,,,,,,,,,,,
ZIFA,spectral,,linear,d,,,TI,muscle,0.19,,,,,,,,,,,,,,,,,,,,,,
pCMF,kmeans,,linear,d,,,TI,muscle,0.01,,,,,,,,,,,,,,,,,,,,,,
pCMF,louvain,,linear,d,,,TI,muscle,0.0,,,,,,,,,,,,,,,,,,,,,,
pCMF,spectral,,linear,d,,,TI,muscle,0.01,,,,,,,,,,,,,,,,,,,,,,
scGAE,kmeans,,deep,d,,,TI,muscle,0.01,,,,,,,,,,,,,,,,,,,,,,
scGAE,louvain,,deep,d,,,TI,muscle,0.04,,,,,,,,,,,,,,,,,,,,,,
scGAE,spectral,,deep,d,,,TI,muscle,0.11,,,,,,,,,,,,,,,,,,,,,,
scGBM,kmeans,,linear,d,,,TI,muscle,0.33,,,,,,,,,,,,,,,,,,,,,,
scGBM,louvain,,linear,d,,,TI,muscle,0.04,,,,,,,,,,,,,,,,,,,,,,
scGBM,spectral,,linear,d,,,TI,muscle,0.32,,,,,,,,,,,,,,,,,,,,,,
scScope,kmeans,,deep,d,,,TI,muscle,0.0,,,,,,,,,,,,,,,,,,,,,,
scScope,louvain,,deep,d,,,TI,muscle,0.01,,,,,,,,,,,,,,,,,,,,,,
scScope,spectral,,deep,d,,,TI,muscle,0.0,,,,,,,,,,,,,,,,,,,,,,
scvis,kmeans,,deep,d,,,TI,muscle,0.38,,,,,,,,,,,,,,,,,,,,,,
scvis,louvain,,deep,d,,,TI,muscle,0.04,,,,,,,,,,,,,,,,,,,,,,
scvis,spectral,,deep,d,,,TI,muscle,0.19,,,,,,,,,,,,,,,,,,,,,,
t-SNE,kmeans,,metric,d,,,TI,muscle,0.27,,,,,,,,,,,,,,,,,,,,,,
t-SNE,louvain,,metric,d,,,TI,muscle,0.04,,,,,,,,,,,,,,,,,,,,,,
t-SNE,spectral,,metric,d,,,TI,muscle,0.21,,,,,,,,,,,,,,,,,,,,,,
tGPLVM,kmeans,,linear,d,,,TI,muscle,0.0,,,,,,,,,,,,,,,,,,,,,,
tGPLVM,louvain,,linear,d,,,TI,muscle,-0.0,,,,,,,,,,,,,,,,,,,,,,
tGPLVM,spectral,,linear,d,,,TI,muscle,-0.0,,,,,,,,,,,,,,,,,,,,,,
DRA,kmeans,,deep,d,,,TI,neuron,0.0,,,,,,,,,,,,,,,,,,,,,,
DRA,louvain,,deep,d,,,TI,neuron,0.0,,,,,,,,,,,,,,,,,,,,,,
DRA,spectral,,deep,d,,,TI,neuron,0.0,,,,,,,,,,,,,,,,,,,,,,
DREAM,kmeans,,deep,d,,,TI,neuron,0.23,,,,,,,,,,,,,,,,,,,,,,
DREAM,louvain,,deep,d,,,TI,neuron,0.07,,,,,,,,,,,,,,,,,,,,,,
DREAM,spectral,,deep,d,,,TI,neuron,0.15,,,,,,,,,,,,,,,,,,,,,,
EDGE,kmeans,,graph,d,,,TI,neuron,0.09,,,,,,,,,,,,,,,,,,,,,,
EDGE,louvain,,graph,d,,,TI,neuron,0.03,,,,,,,,,,,,,,,,,,,,,,
EDGE,spectral,,graph,d,,,TI,neuron,0.08,,,,,,,,,,,,,,,,,,,,,,
GLMPCA,kmeans,,linear,d,,,TI,neuron,0.41,,,,,,,,,,,,,,,,,,,,,,
GLMPCA,louvain,,linear,d,,,TI,neuron,0.11,,,,,,,,,,,,,,,,,,,,,,
GLMPCA,spectral,,linear,d,,,TI,neuron,0.33,,,,,,,,,,,,,,,,,,,,,,
IVIS,kmeans,,metric,d,,,TI,neuron,0.25,,,,,,,,,,,,,,,,,,,,,,
IVIS,louvain,,metric,d,,,TI,neuron,0.07,,,,,,,,,,,,,,,,,,,,,,
IVIS,spectral,,metric,d,,,TI,neuron,0.22,,,,,,,,,,,,,,,,,,,,,,
PCA,kmeans,,linear,d,,,TI,neuron,0.33,,,,,,,,,,,,,,,,,,,,,,
PCA,louvain,,linear,d,,,TI,neuron,0.07,,,,,,,,,,,,,,,,,,,,,,
PCA,spectral,,linear,d,,,TI,neuron,0.22,,,,,,,,,,,,,,,,,,,,,,
PHATE,kmeans,,graph,d,,,TI,neuron,0.25,,,,,,,,,,,,,,,,,,,,,,
PHATE,louvain,,graph,d,,,TI,neuron,0.09,,,,,,,,,,,,,,,,,,,,,,
PHATE,spectral,,graph,d,,,TI,neuron,0.21,,,,,,,,,,,,,,,,,,,,,,
PaCMAP,kmeans,,metric,d,,,TI,neuron,0.01,,,,,,,,,,,,,,,,,,,,,,
PaCMAP,louvain,,metric,d,,,TI,neuron,0.0,,,,,,,,,,,,,,,,,,,,,,
PaCMAP,spectral,,metric,d,,,TI,neuron,0.0,,,,,,,,,,,,,,,,,,,,,,
SAUCIE,kmeans,,deep,d,,,TI,neuron,0.01,,,,,,,,,,,,,,,,,,,,,,
SAUCIE,louvain,,deep,d,,,TI,neuron,0.02,,,,,,,,,,,,,,,,,,,,,,
SAUCIE,spectral,,deep,d,,,TI,neuron,0.02,,,,,,,,,,,,,,,,,,,,,,
SCDRHA,kmeans,,deep,d,,,TI,neuron,0.22,,,,,,,,,,,,,,,,,,,,,,
SCDRHA,louvain,,deep,d,,,TI,neuron,0.07,,,,,,,,,,,,,,,,,,,,,,
SCDRHA,spectral,,deep,d,,,TI,neuron,0.16,,,,,,,,,,,,,,,,,,,,,,
SIMLR,kmeans,,graph,d,,,TI,neuron,0.19,,,,,,,,,,,,,,,,,,,,,,
SIMLR,louvain,,graph,d,,,TI,neuron,0.08,,,,,,,,,,,,,,,,,,,,,,
SIMLR,spectral,,graph,d,,,TI,neuron,0.3,,,,,,,,,,,,,,,,,,,,,,
SPDR,kmeans,,graph,d,,,TI,neuron,0.3,,,,,,,,,,,,,,,,,,,,,,
SPDR,louvain,,graph,d,,,TI,neuron,0.09,,,,,,,,,,,,,,,,,,,,,,
SPDR,spectral,,graph,d,,,TI,neuron,0.29,,,,,,,,,,,,,,,,,,,,,,
SQuaD-MDS,kmeans,,metric,d,,,TI,neuron,0.16499999999999998,,,,,,,,,,,,,,,,,,,,,,
SQuaD-MDS,louvain,,metric,d,,,TI,neuron,0.045,,,,,,,,,,,,,,,,,,,,,,
SQuaD-MDS,spectral,,metric,d,,,TI,neuron,0.12,,,,,,,,,,,,,,,,,,,,,,
SSNMDI,kmeans,,linear,d,,,TI,neuron,0.01,,,,,,,,,,,,,,,,,,,,,,
SSNMDI,louvain,,linear,d,,,TI,neuron,0.0,,,,,,,,,,,,,,,,,,,,,,
SSNMDI,spectral,,linear,d,,,TI,neuron,0.01,,,,,,,,,,,,,,,,,,,,,,
TriMap,kmeans,,metric,d,,,TI,neuron,0.3,,,,,,,,,,,,,,,,,,,,,,
TriMap,louvain,,metric,d,,,TI,neuron,0.08,,,,,,,,,,,,,,,,,,,,,,
TriMap,spectral,,metric,d,,,TI,neuron,0.35,,,,,,,,,,,,,,,,,,,,,,
UMAP,kmeans,,graph,d,,,TI,neuron,0.18,,,,,,,,,,,,,,,,,,,,,,
UMAP,louvain,,graph,d,,,TI,neuron,0.07,,,,,,,,,,,,,,,,,,,,,,
UMAP,spectral,,graph,d,,,TI,neuron,0.18,,,,,,,,,,,,,,,,,,,,,,
VAE,kmeans,,deep,d,,,TI,neuron,0.07,,,,,,,,,,,,,,,,,,,,,,
VAE,louvain,,deep,d,,,TI,neuron,0.01,,,,,,,,,,,,,,,,,,,,,,
VAE,spectral,,deep,d,,,TI,neuron,0.1,,,,,,,,,,,,,,,,,,,,,,
VASC,kmeans,,deep,d,,,TI,neuron,0.58,,,,,,,,,,,,,,,,,,,,,,
VASC,louvain,,deep,d,,,TI,neuron,0.11,,,,,,,,,,,,,,,,,,,,,,
VASC,spectral,,deep,d,,,TI,neuron,0.3,,,,,,,,,,,,,,,,,,,,,,
ZIFA,kmeans,,linear,d,,,TI,neuron,0.2,,,,,,,,,,,,,,,,,,,,,,
ZIFA,louvain,,linear,d,,,TI,neuron,0.05,,,,,,,,,,,,,,,,,,,,,,
ZIFA,spectral,,linear,d,,,TI,neuron,0.14,,,,,,,,,,,,,,,,,,,,,,
pCMF,kmeans,,linear,d,,,TI,neuron,0.07,,,,,,,,,,,,,,,,,,,,,,
pCMF,louvain,,linear,d,,,TI,neuron,0.01,,,,,,,,,,,,,,,,,,,,,,
pCMF,spectral,,linear,d,,,TI,neuron,0.07,,,,,,,,,,,,,,,,,,,,,,
scGAE,kmeans,,deep,d,,,TI,neuron,0.03,,,,,,,,,,,,,,,,,,,,,,
scGAE,louvain,,deep,d,,,TI,neuron,0.04,,,,,,,,,,,,,,,,,,,,,,
scGAE,spectral,,deep,d,,,TI,neuron,0.01,,,,,,,,,,,,,,,,,,,,,,
scGBM,kmeans,,linear,d,,,TI,neuron,0.42,,,,,,,,,,,,,,,,,,,,,,
scGBM,louvain,,linear,d,,,TI,neuron,0.1,,,,,,,,,,,,,,,,,,,,,,
scGBM,spectral,,linear,d,,,TI,neuron,0.33,,,,,,,,,,,,,,,,,,,,,,
scScope,kmeans,,deep,d,,,TI,neuron,0.07,,,,,,,,,,,,,,,,,,,,,,
scScope,louvain,,deep,d,,,TI,neuron,0.03,,,,,,,,,,,,,,,,,,,,,,
scScope,spectral,,deep,d,,,TI,neuron,0.07,,,,,,,,,,,,,,,,,,,,,,
scvis,kmeans,,deep,d,,,TI,neuron,0.28,,,,,,,,,,,,,,,,,,,,,,
scvis,louvain,,deep,d,,,TI,neuron,0.04,,,,,,,,,,,,,,,,,,,,,,
scvis,spectral,,deep,d,,,TI,neuron,0.18,,,,,,,,,,,,,,,,,,,,,,
t-SNE,kmeans,,metric,d,,,TI,neuron,0.36,,,,,,,,,,,,,,,,,,,,,,
t-SNE,louvain,,metric,d,,,TI,neuron,0.11,,,,,,,,,,,,,,,,,,,,,,
t-SNE,spectral,,metric,d,,,TI,neuron,0.32,,,,,,,,,,,,,,,,,,,,,,
tGPLVM,kmeans,,linear,d,,,TI,neuron,0.01,,,,,,,,,,,,,,,,,,,,,,
tGPLVM,louvain,,linear,d,,,TI,neuron,-0.0,,,,,,,,,,,,,,,,,,,,,,
tGPLVM,spectral,,linear,d,,,TI,neuron,0.0,,,,,,,,,,,,,,,,,,,,,,
DRA,kmeans,,deep,d,,,TI,pair-1,-0.0,,,,,,,,,,,,,,,,,,,,,,
DRA,louvain,,deep,d,,,TI,pair-1,-0.0,,,,,,,,,,,,,,,,,,,,,,
DRA,spectral,,deep,d,,,TI,pair-1,-0.0,,,,,,,,,,,,,,,,,,,,,,
DREAM,kmeans,,deep,d,,,TI,pair-1,0.22,,,,,,,,,,,,,,,,,,,,,,
DREAM,louvain,,deep,d,,,TI,pair-1,0.02,,,,,,,,,,,,,,,,,,,,,,
DREAM,spectral,,deep,d,,,TI,pair-1,0.18,,,,,,,,,,,,,,,,,,,,,,
EDGE,kmeans,,graph,d,,,TI,pair-1,0.13,,,,,,,,,,,,,,,,,,,,,,
EDGE,louvain,,graph,d,,,TI,pair-1,0.01,,,,,,,,,,,,,,,,,,,,,,
EDGE,spectral,,graph,d,,,TI,pair-1,0.12,,,,,,,,,,,,,,,,,,,,,,
GLMPCA,kmeans,,linear,d,,,TI,pair-1,0.39,,,,,,,,,,,,,,,,,,,,,,
GLMPCA,louvain,,linear,d,,,TI,pair-1,0.02,,,,,,,,,,,,,,,,,,,,,,
GLMPCA,spectral,,linear,d,,,TI,pair-1,0.27,,,,,,,,,,,,,,,,,,,,,,
IVIS,kmeans,,metric,d,,,TI,pair-1,0.24,,,,,,,,,,,,,,,,,,,,,,
IVIS,louvain,,metric,d,,,TI,pair-1,0.02,,,,,,,,,,,,,,,,,,,,,,
IVIS,spectral,,metric,d,,,TI,pair-1,0.24,,,,,,,,,,,,,,,,,,,,,,
PCA,kmeans,,linear,d,,,TI,pair-1,0.39,,,,,,,,,,,,,,,,,,,,,,
PCA,louvain,,linear,d,,,TI,pair-1,0.02,,,,,,,,,,,,,,,,,,,,,,
PCA,spectral,,linear,d,,,TI,pair-1,0.18,,,,,,,,,,,,,,,,,,,,,,
PHATE,kmeans,,graph,d,,,TI,pair-1,0.44,,,,,,,,,,,,,,,,,,,,,,
PHATE,louvain,,graph,d,,,TI,pair-1,0.02,,,,,,,,,,,,,,,,,,,,,,
PHATE,spectral,,graph,d,,,TI,pair-1,0.27,,,,,,,,,,,,,,,,,,,,,,
PaCMAP,kmeans,,metric,d,,,TI,pair-1,0.01,,,,,,,,,,,,,,,,,,,,,,
PaCMAP,louvain,,metric,d,,,TI,pair-1,0.0,,,,,,,,,,,,,,,,,,,,,,
PaCMAP,spectral,,metric,d,,,TI,pair-1,0.02,,,,,,,,,,,,,,,,,,,,,,
SAUCIE,kmeans,,deep,d,,,TI,pair-1,0.0,,,,,,,,,,,,,,,,,,,,,,
SAUCIE,louvain,,deep,d,,,TI,pair-1,0.0,,,,,,,,,,,,,,,,,,,,,,
SAUCIE,spectral,,deep,d,,,TI,pair-1,0.0,,,,,,,,,,,,,,,,,,,,,,
SCDRHA,kmeans,,deep,d,,,TI,pair-1,0.4,,,,,,,,,,,,,,,,,,,,,,
SCDRHA,louvain,,deep,d,,,TI,pair-1,0.02,,,,,,,,,,,,,,,,,,,,,,
SCDRHA,spectral,,deep,d,,,TI,pair-1,0.26,,,,,,,,,,,,,,,,,,,,,,
SPDR,kmeans,,graph,d,,,TI,pair-1,0.29,,,,,,,,,,,,,,,,,,,,,,
SPDR,louvain,,graph,d,,,TI,pair-1,0.02,,,,,,,,,,,,,,,,,,,,,,
SPDR,spectral,,graph,d,,,TI,pair-1,0.26,,,,,,,,,,,,,,,,,,,,,,
SQuaD-MDS,kmeans,,metric,d,,,TI,pair-1,0.18,,,,,,,,,,,,,,,,,,,,,,
SQuaD-MDS,louvain,,metric,d,,,TI,pair-1,0.015,,,,,,,,,,,,,,,,,,,,,,
SQuaD-MDS,spectral,,metric,d,,,TI,pair-1,0.155,,,,,,,,,,,,,,,,,,,,,,
SSNMDI,kmeans,,linear,d,,,TI,pair-1,0.01,,,,,,,,,,,,,,,,,,,,,,
SSNMDI,louvain,,linear,d,,,TI,pair-1,0.0,,,,,,,,,,,,,,,,,,,,,,
SSNMDI,spectral,,linear,d,,,TI,pair-1,0.01,,,,,,,,,,,,,,,,,,,,,,
TriMap,kmeans,,metric,d,,,TI,pair-1,0.31,,,,,,,,,,,,,,,,,,,,,,
TriMap,louvain,,metric,d,,,TI,pair-1,0.02,,,,,,,,,,,,,,,,,,,,,,
TriMap,spectral,,metric,d,,,TI,pair-1,0.28,,,,,,,,,,,,,,,,,,,,,,
UMAP,kmeans,,graph,d,,,TI,pair-1,0.29,,,,,,,,,,,,,,,,,,,,,,
UMAP,louvain,,graph,d,,,TI,pair-1,0.02,,,,,,,,,,,,,,,,,,,,,,
UMAP,spectral,,graph,d,,,TI,pair-1,0.34,,,,,,,,,,,,,,,,,,,,,,
VAE,kmeans,,deep,d,,,TI,pair-1,0.22,,,,,,,,,,,,,,,,,,,,,,
VAE,louvain,,deep,d,,,TI,pair-1,0.02,,,,,,,,,,,,,,,,,,,,,,
VAE,spectral,,deep,d,,,TI,pair-1,0.2,,,,,,,,,,,,,,,,,,,,,,
VASC,kmeans,,deep,d,,,TI,pair-1,0.38,,,,,,,,,,,,,,,,,,,,,,
VASC,louvain,,deep,d,,,TI,pair-1,0.02,,,,,,,,,,,,,,,,,,,,,,
VASC,spectral,,deep,d,,,TI,pair-1,0.24,,,,,,,,,,,,,,,,,,,,,,
ZIFA,kmeans,,linear,d,,,TI,pair-1,0.27,,,,,,,,,,,,,,,,,,,,,,
ZIFA,louvain,,linear,d,,,TI,pair-1,0.02,,,,,,,,,,,,,,,,,,,,,,
ZIFA,spectral,,linear,d,,,TI,pair-1,0.17,,,,,,,,,,,,,,,,,,,,,,
pCMF,kmeans,,linear,d,,,TI,pair-1,0.05,,,,,,,,,,,,,,,,,,,,,,
pCMF,louvain,,linear,d,,,TI,pair-1,0.01,,,,,,,,,,,,,,,,,,,,,,
pCMF,spectral,,linear,d,,,TI,pair-1,0.04,,,,,,,,,,,,,,,,,,,,,,
scGAE,kmeans,,deep,d,,,TI,pair-1,0.14,,,,,,,,,,,,,,,,,,,,,,
scGAE,louvain,,deep,d,,,TI,pair-1,0.01,,,,,,,,,,,,,,,,,,,,,,
scGAE,spectral,,deep,d,,,TI,pair-1,0.25,,,,,,,,,,,,,,,,,,,,,,
scGBM,kmeans,,linear,d,,,TI,pair-1,0.38,,,,,,,,,,,,,,,,,,,,,,
scGBM,louvain,,linear,d,,,TI,pair-1,0.02,,,,,,,,,,,,,,,,,,,,,,
scGBM,spectral,,linear,d,,,TI,pair-1,0.25,,,,,,,,,,,,,,,,,,,,,,
scScope,kmeans,,deep,d,,,TI,pair-1,0.14,,,,,,,,,,,,,,,,,,,,,,
scScope,louvain,,deep,d,,,TI,pair-1,0.02,,,,,,,,,,,,,,,,,,,,,,
scScope,spectral,,deep,d,,,TI,pair-1,0.12,,,,,,,,,,,,,,,,,,,,,,
scvis,kmeans,,deep,d,,,TI,pair-1,0.4,,,,,,,,,,,,,,,,,,,,,,
scvis,louvain,,deep,d,,,TI,pair-1,0.02,,,,,,,,,,,,,,,,,,,,,,
scvis,spectral,,deep,d,,,TI,pair-1,0.19,,,,,,,,,,,,,,,,,,,,,,
t-SNE,kmeans,,metric,d,,,TI,pair-1,0.23,,,,,,,,,,,,,,,,,,,,,,
t-SNE,louvain,,metric,d,,,TI,pair-1,0.02,,,,,,,,,,,,,,,,,,,,,,
t-SNE,spectral,,metric,d,,,TI,pair-1,0.37,,,,,,,,,,,,,,,,,,,,,,
tGPLVM,kmeans,,linear,d,,,TI,pair-1,0.0,,,,,,,,,,,,,,,,,,,,,,
tGPLVM,louvain,,linear,d,,,TI,pair-1,0.0,,,,,,,,,,,,,,,,,,,,,,
tGPLVM,spectral,,linear,d,,,TI,pair-1,0.0,,,,,,,,,,,,,,,,,,,,,,
DRA,kmeans,,deep,d,,,TI,pair-2,-0.0,,,,,,,,,,,,,,,,,,,,,,
DRA,louvain,,deep,d,,,TI,pair-2,-0.0,,,,,,,,,,,,,,,,,,,,,,
DRA,spectral,,deep,d,,,TI,pair-2,-0.0,,,,,,,,,,,,,,,,,,,,,,
DREAM,kmeans,,deep,d,,,TI,pair-2,0.03,,,,,,,,,,,,,,,,,,,,,,
DREAM,louvain,,deep,d,,,TI,pair-2,0.0,,,,,,,,,,,,,,,,,,,,,,
DREAM,spectral,,deep,d,,,TI,pair-2,0.02,,,,,,,,,,,,,,,,,,,,,,
EDGE,kmeans,,graph,d,,,TI,pair-2,0.01,,,,,,,,,,,,,,,,,,,,,,
EDGE,louvain,,graph,d,,,TI,pair-2,0.0,,,,,,,,,,,,,,,,,,,,,,
EDGE,spectral,,graph,d,,,TI,pair-2,0.02,,,,,,,,,,,,,,,,,,,,,,
GLMPCA,kmeans,,linear,d,,,TI,pair-2,0.24,,,,,,,,,,,,,,,,,,,,,,
GLMPCA,louvain,,linear,d,,,TI,pair-2,0.02,,,,,,,,,,,,,,,,,,,,,,
GLMPCA,spectral,,linear,d,,,TI,pair-2,0.14,,,,,,,,,,,,,,,,,,,,,,
IVIS,kmeans,,metric,d,,,TI,pair-2,0.08,,,,,,,,,,,,,,,,,,,,,,
IVIS,louvain,,metric,d,,,TI,pair-2,0.01,,,,,,,,,,,,,,,,,,,,,,
IVIS,spectral,,metric,d,,,TI,pair-2,0.06,,,,,,,,,,,,,,,,,,,,,,
PCA,kmeans,,linear,d,,,TI,pair-2,0.48,,,,,,,,,,,,,,,,,,,,,,
PCA,louvain,,linear,d,,,TI,pair-2,0.01,,,,,,,,,,,,,,,,,,,,,,
PCA,spectral,,linear,d,,,TI,pair-2,0.14,,,,,,,,,,,,,,,,,,,,,,
PHATE,kmeans,,graph,d,,,TI,pair-2,0.15,,,,,,,,,,,,,,,,,,,,,,
PHATE,louvain,,graph,d,,,TI,pair-2,0.02,,,,,,,,,,,,,,,,,,,,,,
PHATE,spectral,,graph,d,,,TI,pair-2,0.1,,,,,,,,,,,,,,,,,,,,,,
PaCMAP,kmeans,,metric,d,,,TI,pair-2,-0.0,,,,,,,,,,,,,,,,,,,,,,
PaCMAP,louvain,,metric,d,,,TI,pair-2,0.0,,,,,,,,,,,,,,,,,,,,,,
PaCMAP,spectral,,metric,d,,,TI,pair-2,0.0,,,,,,,,,,,,,,,,,,,,,,
SAUCIE,kmeans,,deep,d,,,TI,pair-2,0.0,,,,,,,,,,,,,,,,,,,,,,
SAUCIE,louvain,,deep,d,,,TI,pair-2,0.0,,,,,,,,,,,,,,,,,,,,,,
SAUCIE,spectral,,deep,d,,,TI,pair-2,0.0,,,,,,,,,,,,,,,,,,,,,,
SCDRHA,kmeans,,deep,d,,,TI,pair-2,0.12,,,,,,,,,,,,,,,,,,,,,,
SCDRHA,louvain,,deep,d,,,TI,pair-2,0.02,,,,,,,,,,,,,,,,,,,,,,
SCDRHA,spectral,,deep,d,,,TI,pair-2,0.09,,,,,,,,,,,,,,,,,,,,,,
SPDR,kmeans,,graph,d,,,TI,pair-2,0.13,,,,,,,,,,,,,,,,,,,,,,
SPDR,louvain,,graph,d,,,TI,pair-2,0.02,,,,,,,,,,,,,,,,,,,,,,
SPDR,spectral,,graph,d,,,TI,pair-2,0.14,,,,,,,,,,,,,,,,,,,,,,
SQuaD-MDS,kmeans,,metric,d,,,TI,pair-2,0.095,,,,,,,,,,,,,,,,,,,,,,
SQuaD-MDS,louvain,,metric,d,,,TI,pair-2,0.01,,,,,,,,,,,,,,,,,,,,,,
SQuaD-MDS,spectral,,metric,d,,,TI,pair-2,0.07,,,,,,,,,,,,,,,,,,,,,,
SSNMDI,kmeans,,linear,d,,,TI,pair-2,0.01,,,,,,,,,,,,,,,,,,,,,,
SSNMDI,louvain,,linear,d,,,TI,pair-2,0.0,,,,,,,,,,,,,,,,,,,,,,
SSNMDI,spectral,,linear,d,,,TI,pair-2,0.01,,,,,,,,,,,,,,,,,,,,,,
TriMap,kmeans,,metric,d,,,TI,pair-2,0.14,,,,,,,,,,,,,,,,,,,,,,
TriMap,louvain,,metric,d,,,TI,pair-2,0.02,,,,,,,,,,,,,,,,,,,,,,
TriMap,spectral,,metric,d,,,TI,pair-2,0.13,,,,,,,,,,,,,,,,,,,,,,
UMAP,kmeans,,graph,d,,,TI,pair-2,0.06,,,,,,,,,,,,,,,,,,,,,,
UMAP,louvain,,graph,d,,,TI,pair-2,0.01,,,,,,,,,,,,,,,,,,,,,,
UMAP,spectral,,graph,d,,,TI,pair-2,0.06,,,,,,,,,,,,,,,,,,,,,,
VAE,kmeans,,deep,d,,,TI,pair-2,0.14,,,,,,,,,,,,,,,,,,,,,,
VAE,louvain,,deep,d,,,TI,pair-2,0.02,,,,,,,,,,,,,,,,,,,,,,
VAE,spectral,,deep,d,,,TI,pair-2,0.14,,,,,,,,,,,,,,,,,,,,,,
VASC,kmeans,,deep,d,,,TI,pair-2,0.26,,,,,,,,,,,,,,,,,,,,,,
VASC,louvain,,deep,d,,,TI,pair-2,0.02,,,,,,,,,,,,,,,,,,,,,,
VASC,spectral,,deep,d,,,TI,pair-2,0.14,,,,,,,,,,,,,,,,,,,,,,
ZIFA,kmeans,,linear,d,,,TI,pair-2,0.19,,,,,,,,,,,,,,,,,,,,,,
ZIFA,louvain,,linear,d,,,TI,pair-2,0.01,,,,,,,,,,,,,,,,,,,,,,
ZIFA,spectral,,linear,d,,,TI,pair-2,0.08,,,,,,,,,,,,,,,,,,,,,,
pCMF,kmeans,,linear,d,,,TI,pair-2,0.04,,,,,,,,,,,,,,,,,,,,,,
pCMF,louvain,,linear,d,,,TI,pair-2,0.0,,,,,,,,,,,,,,,,,,,,,,
pCMF,spectral,,linear,d,,,TI,pair-2,0.02,,,,,,,,,,,,,,,,,,,,,,
scGAE,kmeans,,deep,d,,,TI,pair-2,0.04,,,,,,,,,,,,,,,,,,,,,,
scGAE,louvain,,deep,d,,,TI,pair-2,0.01,,,,,,,,,,,,,,,,,,,,,,
scGAE,spectral,,deep,d,,,TI,pair-2,-0.0,,,,,,,,,,,,,,,,,,,,,,
scGBM,kmeans,,linear,d,,,TI,pair-2,0.29,,,,,,,,,,,,,,,,,,,,,,
scGBM,louvain,,linear,d,,,TI,pair-2,0.02,,,,,,,,,,,,,,,,,,,,,,
scGBM,spectral,,linear,d,,,TI,pair-2,0.16,,,,,,,,,,,,,,,,,,,,,,
scScope,kmeans,,deep,d,,,TI,pair-2,0.06,,,,,,,,,,,,,,,,,,,,,,
scScope,louvain,,deep,d,,,TI,pair-2,0.01,,,,,,,,,,,,,,,,,,,,,,
scScope,spectral,,deep,d,,,TI,pair-2,0.06,,,,,,,,,,,,,,,,,,,,,,
scvis,kmeans,,deep,d,,,TI,pair-2,0.26,,,,,,,,,,,,,,,,,,,,,,
scvis,louvain,,deep,d,,,TI,pair-2,0.01,,,,,,,,,,,,,,,,,,,,,,
scvis,spectral,,deep,d,,,TI,pair-2,0.07,,,,,,,,,,,,,,,,,,,,,,
t-SNE,kmeans,,metric,d,,,TI,pair-2,0.19,,,,,,,,,,,,,,,,,,,,,,
t-SNE,louvain,,metric,d,,,TI,pair-2,0.06,,,,,,,,,,,,,,,,,,,,,,
t-SNE,spectral,,metric,d,,,TI,pair-2,0.21,,,,,,,,,,,,,,,,,,,,,,
tGPLVM,kmeans,,linear,d,,,TI,pair-2,0.02,,,,,,,,,,,,,,,,,,,,,,
tGPLVM,louvain,,linear,d,,,TI,pair-2,0.0,,,,,,,,,,,,,,,,,,,,,,
tGPLVM,spectral,,linear,d,,,TI,pair-2,0.01,,,,,,,,,,,,,,,,,,,,,,
DRA,kmeans,,deep,d,,,TI,pair-3,-0.0,,,,,,,,,,,,,,,,,,,,,,
DRA,louvain,,deep,d,,,TI,pair-3,0.0,,,,,,,,,,,,,,,,,,,,,,
DRA,spectral,,deep,d,,,TI,pair-3,0.0,,,,,,,,,,,,,,,,,,,,,,
DREAM,kmeans,,deep,d,,,TI,pair-3,0.16,,,,,,,,,,,,,,,,,,,,,,
DREAM,louvain,,deep,d,,,TI,pair-3,0.01,,,,,,,,,,,,,,,,,,,,,,
DREAM,spectral,,deep,d,,,TI,pair-3,0.1,,,,,,,,,,,,,,,,,,,,,,
EDGE,kmeans,,graph,d,,,TI,pair-3,0.06,,,,,,,,,,,,,,,,,,,,,,
EDGE,louvain,,graph,d,,,TI,pair-3,0.01,,,,,,,,,,,,,,,,,,,,,,
EDGE,spectral,,graph,d,,,TI,pair-3,0.05,,,,,,,,,,,,,,,,,,,,,,
GLMPCA,kmeans,,linear,d,,,TI,pair-3,0.23,,,,,,,,,,,,,,,,,,,,,,
GLMPCA,louvain,,linear,d,,,TI,pair-3,0.01,,,,,,,,,,,,,,,,,,,,,,
GLMPCA,spectral,,linear,d,,,TI,pair-3,0.14,,,,,,,,,,,,,,,,,,,,,,
IVIS,kmeans,,metric,d,,,TI,pair-3,0.11,,,,,,,,,,,,,,,,,,,,,,
IVIS,louvain,,metric,d,,,TI,pair-3,0.01,,,,,,,,,,,,,,,,,,,,,,
IVIS,spectral,,metric,d,,,TI,pair-3,0.09,,,,,,,,,,,,,,,,,,,,,,
PCA,kmeans,,linear,d,,,TI,pair-3,0.75,,,,,,,,,,,,,,,,,,,,,,
PCA,louvain,,linear,d,,,TI,pair-3,0.01,,,,,,,,,,,,,,,,,,,,,,
PCA,spectral,,linear,d,,,TI,pair-3,0.13,,,,,,,,,,,,,,,,,,,,,,
PHATE,kmeans,,graph,d,,,TI,pair-3,0.2,,,,,,,,,,,,,,,,,,,,,,
PHATE,louvain,,graph,d,,,TI,pair-3,0.01,,,,,,,,,,,,,,,,,,,,,,
PHATE,spectral,,graph,d,,,TI,pair-3,0.13,,,,,,,,,,,,,,,,,,,,,,
PaCMAP,kmeans,,metric,d,,,TI,pair-3,0.02,,,,,,,,,,,,,,,,,,,,,,
PaCMAP,louvain,,metric,d,,,TI,pair-3,0.0,,,,,,,,,,,,,,,,,,,,,,
PaCMAP,spectral,,metric,d,,,TI,pair-3,0.02,,,,,,,,,,,,,,,,,,,,,,
SAUCIE,kmeans,,deep,d,,,TI,pair-3,0.01,,,,,,,,,,,,,,,,,,,,,,
SAUCIE,louvain,,deep,d,,,TI,pair-3,0.0,,,,,,,,,,,,,,,,,,,,,,
SAUCIE,spectral,,deep,d,,,TI,pair-3,0.01,,,,,,,,,,,,,,,,,,,,,,
SCDRHA,kmeans,,deep,d,,,TI,pair-3,0.16,,,,,,,,,,,,,,,,,,,,,,
SCDRHA,louvain,,deep,d,,,TI,pair-3,0.01,,,,,,,,,,,,,,,,,,,,,,
SCDRHA,spectral,,deep,d,,,TI,pair-3,0.1,,,,,,,,,,,,,,,,,,,,,,
SPDR,kmeans,,graph,d,,,TI,pair-3,0.16,,,,,,,,,,,,,,,,,,,,,,
SPDR,louvain,,graph,d,,,TI,pair-3,0.01,,,,,,,,,,,,,,,,,,,,,,
SPDR,spectral,,graph,d,,,TI,pair-3,0.11,,,,,,,,,,,,,,,,,,,,,,
SQuaD-MDS,kmeans,,metric,d,,,TI,pair-3,0.10500000000000001,,,,,,,,,,,,,,,,,,,,,,
SQuaD-MDS,louvain,,metric,d,,,TI,pair-3,0.01,,,,,,,,,,,,,,,,,,,,,,
SQuaD-MDS,spectral,,metric,d,,,TI,pair-3,0.08,,,,,,,,,,,,,,,,,,,,,,
SSNMDI,kmeans,,linear,d,,,TI,pair-3,0.0,,,,,,,,,,,,,,,,,,,,,,
SSNMDI,louvain,,linear,d,,,TI,pair-3,0.0,,,,,,,,,,,,,,,,,,,,,,
SSNMDI,spectral,,linear,d,,,TI,pair-3,0.01,,,,,,,,,,,,,,,,,,,,,,
TriMap,kmeans,,metric,d,,,TI,pair-3,0.16,,,,,,,,,,,,,,,,,,,,,,
TriMap,louvain,,metric,d,,,TI,pair-3,0.01,,,,,,,,,,,,,,,,,,,,,,
TriMap,spectral,,metric,d,,,TI,pair-3,0.18,,,,,,,,,,,,,,,,,,,,,,
UMAP,kmeans,,graph,d,,,TI,pair-3,0.08,,,,,,,,,,,,,,,,,,,,,,
UMAP,louvain,,graph,d,,,TI,pair-3,0.01,,,,,,,,,,,,,,,,,,,,,,
UMAP,spectral,,graph,d,,,TI,pair-3,0.14,,,,,,,,,,,,,,,,,,,,,,
VAE,kmeans,,deep,d,,,TI,pair-3,0.11,,,,,,,,,,,,,,,,,,,,,,
VAE,louvain,,deep,d,,,TI,pair-3,0.01,,,,,,,,,,,,,,,,,,,,,,
VAE,spectral,,deep,d,,,TI,pair-3,0.13,,,,,,,,,,,,,,,,,,,,,,
VASC,kmeans,,deep,d,,,TI,pair-3,0.28,,,,,,,,,,,,,,,,,,,,,,
VASC,louvain,,deep,d,,,TI,pair-3,0.02,,,,,,,,,,,,,,,,,,,,,,
VASC,spectral,,deep,d,,,TI,pair-3,0.15,,,,,,,,,,,,,,,,,,,,,,
ZIFA,kmeans,,linear,d,,,TI,pair-3,0.2,,,,,,,,,,,,,,,,,,,,,,
ZIFA,louvain,,linear,d,,,TI,pair-3,0.01,,,,,,,,,,,,,,,,,,,,,,
ZIFA,spectral,,linear,d,,,TI,pair-3,0.08,,,,,,,,,,,,,,,,,,,,,,
pCMF,kmeans,,linear,d,,,TI,pair-3,0.05,,,,,,,,,,,,,,,,,,,,,,
pCMF,louvain,,linear,d,,,TI,pair-3,0.0,,,,,,,,,,,,,,,,,,,,,,
pCMF,spectral,,linear,d,,,TI,pair-3,0.02,,,,,,,,,,,,,,,,,,,,,,
scGAE,kmeans,,deep,d,,,TI,pair-3,0.01,,,,,,,,,,,,,,,,,,,,,,
scGAE,louvain,,deep,d,,,TI,pair-3,0.01,,,,,,,,,,,,,,,,,,,,,,
scGAE,spectral,,deep,d,,,TI,pair-3,-0.0,,,,,,,,,,,,,,,,,,,,,,
scGBM,kmeans,,linear,d,,,TI,pair-3,0.25,,,,,,,,,,,,,,,,,,,,,,
scGBM,louvain,,linear,d,,,TI,pair-3,0.01,,,,,,,,,,,,,,,,,,,,,,
scGBM,spectral,,linear,d,,,TI,pair-3,0.14,,,,,,,,,,,,,,,,,,,,,,
scScope,kmeans,,deep,d,,,TI,pair-3,0.06,,,,,,,,,,,,,,,,,,,,,,
scScope,louvain,,deep,d,,,TI,pair-3,0.01,,,,,,,,,,,,,,,,,,,,,,
scScope,spectral,,deep,d,,,TI,pair-3,0.05,,,,,,,,,,,,,,,,,,,,,,
scvis,kmeans,,deep,d,,,TI,pair-3,0.25,,,,,,,,,,,,,,,,,,,,,,
scvis,louvain,,deep,d,,,TI,pair-3,0.01,,,,,,,,,,,,,,,,,,,,,,
scvis,spectral,,deep,d,,,TI,pair-3,0.06,,,,,,,,,,,,,,,,,,,,,,
t-SNE,kmeans,,metric,d,,,TI,pair-3,0.16,,,,,,,,,,,,,,,,,,,,,,
t-SNE,louvain,,metric,d,,,TI,pair-3,0.02,,,,,,,,,,,,,,,,,,,,,,
t-SNE,spectral,,metric,d,,,TI,pair-3,0.18,,,,,,,,,,,,,,,,,,,,,,
tGPLVM,kmeans,,linear,d,,,TI,pair-3,0.03,,,,,,,,,,,,,,,,,,,,,,
tGPLVM,louvain,,linear,d,,,TI,pair-3,0.0,,,,,,,,,,,,,,,,,,,,,,
tGPLVM,spectral,,linear,d,,,TI,pair-3,0.01,,,,,,,,,,,,,,,,,,,,,,
DRA,kmeans,,deep,d,,,TI,pair-4,0.0,,,,,,,,,,,,,,,,,,,,,,
DRA,louvain,,deep,d,,,TI,pair-4,0.0,,,,,,,,,,,,,,,,,,,,,,
DRA,spectral,,deep,d,,,TI,pair-4,0.0,,,,,,,,,,,,,,,,,,,,,,
DREAM,kmeans,,deep,d,,,TI,pair-4,0.0,,,,,,,,,,,,,,,,,,,,,,
DREAM,louvain,,deep,d,,,TI,pair-4,0.0,,,,,,,,,,,,,,,,,,,,,,
DREAM,spectral,,deep,d,,,TI,pair-4,0.0,,,,,,,,,,,,,,,,,,,,,,
EDGE,kmeans,,graph,d,,,TI,pair-4,-0.0,,,,,,,,,,,,,,,,,,,,,,
EDGE,louvain,,graph,d,,,TI,pair-4,0.0,,,,,,,,,,,,,,,,,,,,,,
EDGE,spectral,,graph,d,,,TI,pair-4,0.01,,,,,,,,,,,,,,,,,,,,,,
GLMPCA,kmeans,,linear,d,,,TI,pair-4,0.18,,,,,,,,,,,,,,,,,,,,,,
GLMPCA,louvain,,linear,d,,,TI,pair-4,0.01,,,,,,,,,,,,,,,,,,,,,,
GLMPCA,spectral,,linear,d,,,TI,pair-4,0.1,,,,,,,,,,,,,,,,,,,,,,
IVIS,kmeans,,metric,d,,,TI,pair-4,0.02,,,,,,,,,,,,,,,,,,,,,,
IVIS,louvain,,metric,d,,,TI,pair-4,0.0,,,,,,,,,,,,,,,,,,,,,,
IVIS,spectral,,metric,d,,,TI,pair-4,0.02,,,,,,,,,,,,,,,,,,,,,,
PCA,kmeans,,linear,d,,,TI,pair-4,0.25,,,,,,,,,,,,,,,,,,,,,,
PCA,louvain,,linear,d,,,TI,pair-4,0.01,,,,,,,,,,,,,,,,,,,,,,
PCA,spectral,,linear,d,,,TI,pair-4,0.09,,,,,,,,,,,,,,,,,,,,,,
PHATE,kmeans,,graph,d,,,TI,pair-4,0.07,,,,,,,,,,,,,,,,,,,,,,
PHATE,louvain,,graph,d,,,TI,pair-4,0.01,,,,,,,,,,,,,,,,,,,,,,
PHATE,spectral,,graph,d,,,TI,pair-4,0.05,,,,,,,,,,,,,,,,,,,,,,
PaCMAP,kmeans,,metric,d,,,TI,pair-4,0.01,,,,,,,,,,,,,,,,,,,,,,
PaCMAP,louvain,,metric,d,,,TI,pair-4,0.0,,,,,,,,,,,,,,,,,,,,,,
PaCMAP,spectral,,metric,d,,,TI,pair-4,0.01,,,,,,,,,,,,,,,,,,,,,,
SAUCIE,kmeans,,deep,d,,,TI,pair-4,0.02,,,,,,,,,,,,,,,,,,,,,,
SAUCIE,louvain,,deep,d,,,TI,pair-4,0.0,,,,,,,,,,,,,,,,,,,,,,
SAUCIE,spectral,,deep,d,,,TI,pair-4,0.02,,,,,,,,,,,,,,,,,,,,,,
SCDRHA,kmeans,,deep,d,,,TI,pair-4,0.05,,,,,,,,,,,,,,,,,,,,,,
SCDRHA,louvain,,deep,d,,,TI,pair-4,0.01,,,,,,,,,,,,,,,,,,,,,,
SCDRHA,spectral,,deep,d,,,TI,pair-4,0.05,,,,,,,,,,,,,,,,,,,,,,
SPDR,kmeans,,graph,d,,,TI,pair-4,0.06,,,,,,,,,,,,,,,,,,,,,,
SPDR,louvain,,graph,d,,,TI,pair-4,0.01,,,,,,,,,,,,,,,,,,,,,,
SPDR,spectral,,graph,d,,,TI,pair-4,0.07,,,,,,,,,,,,,,,,,,,,,,
SQuaD-MDS,kmeans,,metric,d,,,TI,pair-4,0.07,,,,,,,,,,,,,,,,,,,,,,
SQuaD-MDS,louvain,,metric,d,,,TI,pair-4,0.01,,,,,,,,,,,,,,,,,,,,,,
SQuaD-MDS,spectral,,metric,d,,,TI,pair-4,0.045,,,,,,,,,,,,,,,,,,,,,,
SSNMDI,kmeans,,linear,d,,,TI,pair-4,0.02,,,,,,,,,,,,,,,,,,,,,,
SSNMDI,louvain,,linear,d,,,TI,pair-4,0.0,,,,,,,,,,,,,,,,,,,,,,
SSNMDI,spectral,,linear,d,,,TI,pair-4,0.01,,,,,,,,,,,,,,,,,,,,,,
TriMap,kmeans,,metric,d,,,TI,pair-4,0.11,,,,,,,,,,,,,,,,,,,,,,
TriMap,louvain,,metric,d,,,TI,pair-4,0.01,,,,,,,,,,,,,,,,,,,,,,
TriMap,spectral,,metric,d,,,TI,pair-4,0.11,,,,,,,,,,,,,,,,,,,,,,
UMAP,kmeans,,graph,d,,,TI,pair-4,0.02,,,,,,,,,,,,,,,,,,,,,,
UMAP,louvain,,graph,d,,,TI,pair-4,0.0,,,,,,,,,,,,,,,,,,,,,,
UMAP,spectral,,graph,d,,,TI,pair-4,0.01,,,,,,,,,,,,,,,,,,,,,,
VAE,kmeans,,deep,d,,,TI,pair-4,0.07,,,,,,,,,,,,,,,,,,,,,,
VAE,louvain,,deep,d,,,TI,pair-4,0.01,,,,,,,,,,,,,,,,,,,,,,
VAE,spectral,,deep,d,,,TI,pair-4,0.09,,,,,,,,,,,,,,,,,,,,,,
VASC,kmeans,,deep,d,,,TI,pair-4,0.22,,,,,,,,,,,,,,,,,,,,,,
VASC,louvain,,deep,d,,,TI,pair-4,0.01,,,,,,,,,,,,,,,,,,,,,,
VASC,spectral,,deep,d,,,TI,pair-4,0.11,,,,,,,,,,,,,,,,,,,,,,
ZIFA,kmeans,,linear,d,,,TI,pair-4,0.18,,,,,,,,,,,,,,,,,,,,,,
ZIFA,louvain,,linear,d,,,TI,pair-4,0.01,,,,,,,,,,,,,,,,,,,,,,
ZIFA,spectral,,linear,d,,,TI,pair-4,0.07,,,,,,,,,,,,,,,,,,,,,,
pCMF,kmeans,,linear,d,,,TI,pair-4,0.04,,,,,,,,,,,,,,,,,,,,,,
pCMF,louvain,,linear,d,,,TI,pair-4,0.0,,,,,,,,,,,,,,,,,,,,,,
pCMF,spectral,,linear,d,,,TI,pair-4,0.02,,,,,,,,,,,,,,,,,,,,,,
scGAE,kmeans,,deep,d,,,TI,pair-4,0.03,,,,,,,,,,,,,,,,,,,,,,
scGAE,louvain,,deep,d,,,TI,pair-4,0.0,,,,,,,,,,,,,,,,,,,,,,
scGAE,spectral,,deep,d,,,TI,pair-4,0.08,,,,,,,,,,,,,,,,,,,,,,
scGBM,kmeans,,linear,d,,,TI,pair-4,0.21,,,,,,,,,,,,,,,,,,,,,,
scGBM,louvain,,linear,d,,,TI,pair-4,0.01,,,,,,,,,,,,,,,,,,,,,,
scGBM,spectral,,linear,d,,,TI,pair-4,0.11,,,,,,,,,,,,,,,,,,,,,,
scScope,kmeans,,deep,d,,,TI,pair-4,0.06,,,,,,,,,,,,,,,,,,,,,,
scScope,louvain,,deep,d,,,TI,pair-4,0.01,,,,,,,,,,,,,,,,,,,,,,
scScope,spectral,,deep,d,,,TI,pair-4,0.04,,,,,,,,,,,,,,,,,,,,,,
scvis,kmeans,,deep,d,,,TI,pair-4,0.13,,,,,,,,,,,,,,,,,,,,,,
scvis,louvain,,deep,d,,,TI,pair-4,0.01,,,,,,,,,,,,,,,,,,,,,,
scvis,spectral,,deep,d,,,TI,pair-4,0.06,,,,,,,,,,,,,,,,,,,,,,
t-SNE,kmeans,,metric,d,,,TI,pair-4,0.09,,,,,,,,,,,,,,,,,,,,,,
t-SNE,louvain,,metric,d,,,TI,pair-4,0.02,,,,,,,,,,,,,,,,,,,,,,
t-SNE,spectral,,metric,d,,,TI,pair-4,0.14,,,,,,,,,,,,,,,,,,,,,,
tGPLVM,kmeans,,linear,d,,,TI,pair-4,0.03,,,,,,,,,,,,,,,,,,,,,,
tGPLVM,louvain,,linear,d,,,TI,pair-4,0.0,,,,,,,,,,,,,,,,,,,,,,
tGPLVM,spectral,,linear,d,,,TI,pair-4,0.01,,,,,,,,,,,,,,,,,,,,,,
DRA,kmeans,,deep,d,,,TI,parenchyme,-0.0,,,,,,,,,,,,,,,,,,,,,,
DRA,louvain,,deep,d,,,TI,parenchyme,-0.0,,,,,,,,,,,,,,,,,,,,,,
DRA,spectral,,deep,d,,,TI,parenchyme,0.0,,,,,,,,,,,,,,,,,,,,,,
DREAM,kmeans,,deep,d,,,TI,parenchyme,0.32,,,,,,,,,,,,,,,,,,,,,,
DREAM,louvain,,deep,d,,,TI,parenchyme,0.11,,,,,,,,,,,,,,,,,,,,,,
DREAM,spectral,,deep,d,,,TI,parenchyme,0.29,,,,,,,,,,,,,,,,,,,,,,
EDGE,kmeans,,graph,d,,,TI,parenchyme,0.35,,,,,,,,,,,,,,,,,,,,,,
EDGE,louvain,,graph,d,,,TI,parenchyme,0.11,,,,,,,,,,,,,,,,,,,,,,
EDGE,spectral,,graph,d,,,TI,parenchyme,0.32,,,,,,,,,,,,,,,,,,,,,,
GLMPCA,kmeans,,linear,d,,,TI,parenchyme,0.68,,,,,,,,,,,,,,,,,,,,,,
GLMPCA,louvain,,linear,d,,,TI,parenchyme,0.2,,,,,,,,,,,,,,,,,,,,,,
GLMPCA,spectral,,linear,d,,,TI,parenchyme,0.59,,,,,,,,,,,,,,,,,,,,,,
IVIS,kmeans,,metric,d,,,TI,parenchyme,0.57,,,,,,,,,,,,,,,,,,,,,,
IVIS,louvain,,metric,d,,,TI,parenchyme,0.19,,,,,,,,,,,,,,,,,,,,,,
IVIS,spectral,,metric,d,,,TI,parenchyme,0.55,,,,,,,,,,,,,,,,,,,,,,
PCA,kmeans,,linear,d,,,TI,parenchyme,0.42,,,,,,,,,,,,,,,,,,,,,,
PCA,louvain,,linear,d,,,TI,parenchyme,0.14,,,,,,,,,,,,,,,,,,,,,,
PCA,spectral,,linear,d,,,TI,parenchyme,0.33,,,,,,,,,,,,,,,,,,,,,,
PHATE,kmeans,,graph,d,,,TI,parenchyme,0.58,,,,,,,,,,,,,,,,,,,,,,
PHATE,louvain,,graph,d,,,TI,parenchyme,0.17,,,,,,,,,,,,,,,,,,,,,,
PHATE,spectral,,graph,d,,,TI,parenchyme,0.58,,,,,,,,,,,,,,,,,,,,,,
PaCMAP,kmeans,,metric,d,,,TI,parenchyme,0.0,,,,,,,,,,,,,,,,,,,,,,
PaCMAP,louvain,,metric,d,,,TI,parenchyme,0.0,,,,,,,,,,,,,,,,,,,,,,
PaCMAP,spectral,,metric,d,,,TI,parenchyme,0.0,,,,,,,,,,,,,,,,,,,,,,
SAUCIE,kmeans,,deep,d,,,TI,parenchyme,0.04,,,,,,,,,,,,,,,,,,,,,,
SAUCIE,louvain,,deep,d,,,TI,parenchyme,0.01,,,,,,,,,,,,,,,,,,,,,,
SAUCIE,spectral,,deep,d,,,TI,parenchyme,0.05,,,,,,,,,,,,,,,,,,,,,,
SCDRHA,kmeans,,deep,d,,,TI,parenchyme,0.14,,,,,,,,,,,,,,,,,,,,,,
SCDRHA,louvain,,deep,d,,,TI,parenchyme,0.11,,,,,,,,,,,,,,,,,,,,,,
SCDRHA,spectral,,deep,d,,,TI,parenchyme,0.13,,,,,,,,,,,,,,,,,,,,,,
SIMLR,kmeans,,graph,d,,,TI,parenchyme,0.56,,,,,,,,,,,,,,,,,,,,,,
SIMLR,louvain,,graph,d,,,TI,parenchyme,0.19,,,,,,,,,,,,,,,,,,,,,,
SIMLR,spectral,,graph,d,,,TI,parenchyme,0.66,,,,,,,,,,,,,,,,,,,,,,
SPDR,kmeans,,graph,d,,,TI,parenchyme,0.59,,,,,,,,,,,,,,,,,,,,,,
SPDR,louvain,,graph,d,,,TI,parenchyme,0.17,,,,,,,,,,,,,,,,,,,,,,
SPDR,spectral,,graph,d,,,TI,parenchyme,0.58,,,,,,,,,,,,,,,,,,,,,,
SQuaD-MDS,kmeans,,metric,d,,,TI,parenchyme,0.43000000000000005,,,,,,,,,,,,,,,,,,,,,,
SQuaD-MDS,louvain,,metric,d,,,TI,parenchyme,0.15000000000000002,,,,,,,,,,,,,,,,,,,,,,
SQuaD-MDS,spectral,,metric,d,,,TI,parenchyme,0.38,,,,,,,,,,,,,,,,,,,,,,
SSNMDI,kmeans,,linear,d,,,TI,parenchyme,0.01,,,,,,,,,,,,,,,,,,,,,,
SSNMDI,louvain,,linear,d,,,TI,parenchyme,0.0,,,,,,,,,,,,,,,,,,,,,,
SSNMDI,spectral,,linear,d,,,TI,parenchyme,0.0,,,,,,,,,,,,,,,,,,,,,,
TriMap,kmeans,,metric,d,,,TI,parenchyme,0.6,,,,,,,,,,,,,,,,,,,,,,
TriMap,louvain,,metric,d,,,TI,parenchyme,0.16,,,,,,,,,,,,,,,,,,,,,,
TriMap,spectral,,metric,d,,,TI,parenchyme,0.62,,,,,,,,,,,,,,,,,,,,,,
UMAP,kmeans,,graph,d,,,TI,parenchyme,0.53,,,,,,,,,,,,,,,,,,,,,,
UMAP,louvain,,graph,d,,,TI,parenchyme,0.17,,,,,,,,,,,,,,,,,,,,,,
UMAP,spectral,,graph,d,,,TI,parenchyme,0.44,,,,,,,,,,,,,,,,,,,,,,
VAE,kmeans,,deep,d,,,TI,parenchyme,0.01,,,,,,,,,,,,,,,,,,,,,,
VAE,louvain,,deep,d,,,TI,parenchyme,0.01,,,,,,,,,,,,,,,,,,,,,,
VAE,spectral,,deep,d,,,TI,parenchyme,0.02,,,,,,,,,,,,,,,,,,,,,,
VASC,kmeans,,deep,d,,,TI,parenchyme,0.66,,,,,,,,,,,,,,,,,,,,,,
VASC,louvain,,deep,d,,,TI,parenchyme,0.17,,,,,,,,,,,,,,,,,,,,,,
VASC,spectral,,deep,d,,,TI,parenchyme,0.55,,,,,,,,,,,,,,,,,,,,,,
ZIFA,kmeans,,linear,d,,,TI,parenchyme,0.33,,,,,,,,,,,,,,,,,,,,,,
ZIFA,louvain,,linear,d,,,TI,parenchyme,0.13,,,,,,,,,,,,,,,,,,,,,,
ZIFA,spectral,,linear,d,,,TI,parenchyme,0.39,,,,,,,,,,,,,,,,,,,,,,
pCMF,kmeans,,linear,d,,,TI,parenchyme,0.1,,,,,,,,,,,,,,,,,,,,,,
pCMF,louvain,,linear,d,,,TI,parenchyme,0.02,,,,,,,,,,,,,,,,,,,,,,
pCMF,spectral,,linear,d,,,TI,parenchyme,0.1,,,,,,,,,,,,,,,,,,,,,,
scGAE,kmeans,,deep,d,,,TI,parenchyme,0.08,,,,,,,,,,,,,,,,,,,,,,
scGAE,louvain,,deep,d,,,TI,parenchyme,0.06,,,,,,,,,,,,,,,,,,,,,,
scGAE,spectral,,deep,d,,,TI,parenchyme,0.14,,,,,,,,,,,,,,,,,,,,,,
scGBM,kmeans,,linear,d,,,TI,parenchyme,0.71,,,,,,,,,,,,,,,,,,,,,,
scGBM,louvain,,linear,d,,,TI,parenchyme,0.19,,,,,,,,,,,,,,,,,,,,,,
scGBM,spectral,,linear,d,,,TI,parenchyme,0.55,,,,,,,,,,,,,,,,,,,,,,
scScope,kmeans,,deep,d,,,TI,parenchyme,0.08,,,,,,,,,,,,,,,,,,,,,,
scScope,louvain,,deep,d,,,TI,parenchyme,0.08,,,,,,,,,,,,,,,,,,,,,,
scScope,spectral,,deep,d,,,TI,parenchyme,0.13,,,,,,,,,,,,,,,,,,,,,,
scvis,kmeans,,deep,d,,,TI,parenchyme,0.59,,,,,,,,,,,,,,,,,,,,,,
scvis,louvain,,deep,d,,,TI,parenchyme,0.17,,,,,,,,,,,,,,,,,,,,,,
scvis,spectral,,deep,d,,,TI,parenchyme,0.52,,,,,,,,,,,,,,,,,,,,,,
t-SNE,kmeans,,metric,d,,,TI,parenchyme,0.61,,,,,,,,,,,,,,,,,,,,,,
t-SNE,louvain,,metric,d,,,TI,parenchyme,0.21,,,,,,,,,,,,,,,,,,,,,,
t-SNE,spectral,,metric,d,,,TI,parenchyme,0.61,,,,,,,,,,,,,,,,,,,,,,
tGPLVM,kmeans,,linear,d,,,TI,parenchyme,0.0,,,,,,,,,,,,,,,,,,,,,,
tGPLVM,louvain,,linear,d,,,TI,parenchyme,-0.0,,,,,,,,,,,,,,,,,,,,,,
tGPLVM,spectral,,linear,d,,,TI,parenchyme,0.0,,,,,,,,,,,,,,,,,,,,,,
DRA,kmeans,,deep,d,,,TI,phagocyte,-0.0,,,,,,,,,,,,,,,,,,,,,,
DRA,louvain,,deep,d,,,TI,phagocyte,0.0,,,,,,,,,,,,,,,,,,,,,,
DRA,spectral,,deep,d,,,TI,phagocyte,-0.0,,,,,,,,,,,,,,,,,,,,,,
DREAM,kmeans,,deep,d,,,TI,phagocyte,0.61,,,,,,,,,,,,,,,,,,,,,,
DREAM,louvain,,deep,d,,,TI,phagocyte,0.07,,,,,,,,,,,,,,,,,,,,,,
DREAM,spectral,,deep,d,,,TI,phagocyte,0.7,,,,,,,,,,,,,,,,,,,,,,
EDGE,kmeans,,graph,d,,,TI,phagocyte,0.55,,,,,,,,,,,,,,,,,,,,,,
EDGE,louvain,,graph,d,,,TI,phagocyte,0.09,,,,,,,,,,,,,,,,,,,,,,
EDGE,spectral,,graph,d,,,TI,phagocyte,0.75,,,,,,,,,,,,,,,,,,,,,,
GLMPCA,kmeans,,linear,d,,,TI,phagocyte,0.7,,,,,,,,,,,,,,,,,,,,,,
GLMPCA,louvain,,linear,d,,,TI,phagocyte,0.1,,,,,,,,,,,,,,,,,,,,,,
GLMPCA,spectral,,linear,d,,,TI,phagocyte,0.5,,,,,,,,,,,,,,,,,,,,,,
IVIS,kmeans,,metric,d,,,TI,phagocyte,0.72,,,,,,,,,,,,,,,,,,,,,,
IVIS,louvain,,metric,d,,,TI,phagocyte,0.1,,,,,,,,,,,,,,,,,,,,,,
IVIS,spectral,,metric,d,,,TI,phagocyte,0.8,,,,,,,,,,,,,,,,,,,,,,
PCA,kmeans,,linear,d,,,TI,phagocyte,0.61,,,,,,,,,,,,,,,,,,,,,,
PCA,louvain,,linear,d,,,TI,phagocyte,0.1,,,,,,,,,,,,,,,,,,,,,,
PCA,spectral,,linear,d,,,TI,phagocyte,0.66,,,,,,,,,,,,,,,,,,,,,,
PHATE,kmeans,,graph,d,,,TI,phagocyte,0.78,,,,,,,,,,,,,,,,,,,,,,
PHATE,louvain,,graph,d,,,TI,phagocyte,0.11,,,,,,,,,,,,,,,,,,,,,,
PHATE,spectral,,graph,d,,,TI,phagocyte,0.49,,,,,,,,,,,,,,,,,,,,,,
PaCMAP,kmeans,,metric,d,,,TI,phagocyte,-0.0,,,,,,,,,,,,,,,,,,,,,,
PaCMAP,louvain,,metric,d,,,TI,phagocyte,0.0,,,,,,,,,,,,,,,,,,,,,,
PaCMAP,spectral,,metric,d,,,TI,phagocyte,0.04,,,,,,,,,,,,,,,,,,,,,,
SAUCIE,kmeans,,deep,d,,,TI,phagocyte,0.01,,,,,,,,,,,,,,,,,,,,,,
SAUCIE,louvain,,deep,d,,,TI,phagocyte,0.0,,,,,,,,,,,,,,,,,,,,,,
SAUCIE,spectral,,deep,d,,,TI,phagocyte,-0.0,,,,,,,,,,,,,,,,,,,,,,
SCDRHA,kmeans,,deep,d,,,TI,phagocyte,-0.03,,,,,,,,,,,,,,,,,,,,,,
SCDRHA,louvain,,deep,d,,,TI,phagocyte,0.1,,,,,,,,,,,,,,,,,,,,,,
SCDRHA,spectral,,deep,d,,,TI,phagocyte,0.12,,,,,,,,,,,,,,,,,,,,,,
SIMLR,kmeans,,graph,d,,,TI,phagocyte,0.75,,,,,,,,,,,,,,,,,,,,,,
SIMLR,louvain,,graph,d,,,TI,phagocyte,0.1,,,,,,,,,,,,,,,,,,,,,,
SIMLR,spectral,,graph,d,,,TI,phagocyte,0.74,,,,,,,,,,,,,,,,,,,,,,
SPDR,kmeans,,graph,d,,,TI,phagocyte,0.53,,,,,,,,,,,,,,,,,,,,,,
SPDR,louvain,,graph,d,,,TI,phagocyte,0.09,,,,,,,,,,,,,,,,,,,,,,
SPDR,spectral,,graph,d,,,TI,phagocyte,-0.05,,,,,,,,,,,,,,,,,,,,,,
SQuaD-MDS,kmeans,,metric,d,,,TI,phagocyte,0.54,,,,,,,,,,,,,,,,,,,,,,
SQuaD-MDS,louvain,,metric,d,,,TI,phagocyte,0.095,,,,,,,,,,,,,,,,,,,,,,
SQuaD-MDS,spectral,,metric,d,,,TI,phagocyte,0.65,,,,,,,,,,,,,,,,,,,,,,
SSNMDI,kmeans,,linear,d,,,TI,phagocyte,-0.0,,,,,,,,,,,,,,,,,,,,,,
SSNMDI,louvain,,linear,d,,,TI,phagocyte,0.0,,,,,,,,,,,,,,,,,,,,,,
SSNMDI,spectral,,linear,d,,,TI,phagocyte,-0.0,,,,,,,,,,,,,,,,,,,,,,
TriMap,kmeans,,metric,d,,,TI,phagocyte,0.54,,,,,,,,,,,,,,,,,,,,,,
TriMap,louvain,,metric,d,,,TI,phagocyte,0.08,,,,,,,,,,,,,,,,,,,,,,
TriMap,spectral,,metric,d,,,TI,phagocyte,0.35,,,,,,,,,,,,,,,,,,,,,,
UMAP,kmeans,,graph,d,,,TI,phagocyte,0.77,,,,,,,,,,,,,,,,,,,,,,
UMAP,louvain,,graph,d,,,TI,phagocyte,0.1,,,,,,,,,,,,,,,,,,,,,,
UMAP,spectral,,graph,d,,,TI,phagocyte,0.79,,,,,,,,,,,,,,,,,,,,,,
VAE,kmeans,,deep,d,,,TI,phagocyte,0.03,,,,,,,,,,,,,,,,,,,,,,
VAE,louvain,,deep,d,,,TI,phagocyte,0.0,,,,,,,,,,,,,,,,,,,,,,
VAE,spectral,,deep,d,,,TI,phagocyte,-0.02,,,,,,,,,,,,,,,,,,,,,,
VASC,kmeans,,deep,d,,,TI,phagocyte,0.77,,,,,,,,,,,,,,,,,,,,,,
VASC,louvain,,deep,d,,,TI,phagocyte,0.1,,,,,,,,,,,,,,,,,,,,,,
VASC,spectral,,deep,d,,,TI,phagocyte,0.43,,,,,,,,,,,,,,,,,,,,,,
ZIFA,kmeans,,linear,d,,,TI,phagocyte,0.6,,,,,,,,,,,,,,,,,,,,,,
ZIFA,louvain,,linear,d,,,TI,phagocyte,0.1,,,,,,,,,,,,,,,,,,,,,,
ZIFA,spectral,,linear,d,,,TI,phagocyte,0.46,,,,,,,,,,,,,,,,,,,,,,
pCMF,kmeans,,linear,d,,,TI,phagocyte,-0.02,,,,,,,,,,,,,,,,,,,,,,
pCMF,louvain,,linear,d,,,TI,phagocyte,0.03,,,,,,,,,,,,,,,,,,,,,,
pCMF,spectral,,linear,d,,,TI,phagocyte,0.0,,,,,,,,,,,,,,,,,,,,,,
scGAE,kmeans,,deep,d,,,TI,phagocyte,0.65,,,,,,,,,,,,,,,,,,,,,,
scGAE,louvain,,deep,d,,,TI,phagocyte,0.09,,,,,,,,,,,,,,,,,,,,,,
scGAE,spectral,,deep,d,,,TI,phagocyte,0.78,,,,,,,,,,,,,,,,,,,,,,
scGBM,kmeans,,linear,d,,,TI,phagocyte,0.72,,,,,,,,,,,,,,,,,,,,,,
scGBM,louvain,,linear,d,,,TI,phagocyte,0.1,,,,,,,,,,,,,,,,,,,,,,
scGBM,spectral,,linear,d,,,TI,phagocyte,0.54,,,,,,,,,,,,,,,,,,,,,,
scScope,kmeans,,deep,d,,,TI,phagocyte,-0.0,,,,,,,,,,,,,,,,,,,,,,
scScope,louvain,,deep,d,,,TI,phagocyte,0.07,,,,,,,,,,,,,,,,,,,,,,
scScope,spectral,,deep,d,,,TI,phagocyte,0.01,,,,,,,,,,,,,,,,,,,,,,
scvis,kmeans,,deep,d,,,TI,phagocyte,0.81,,,,,,,,,,,,,,,,,,,,,,
scvis,louvain,,deep,d,,,TI,phagocyte,0.11,,,,,,,,,,,,,,,,,,,,,,
scvis,spectral,,deep,d,,,TI,phagocyte,0.84,,,,,,,,,,,,,,,,,,,,,,
t-SNE,kmeans,,metric,d,,,TI,phagocyte,0.54,,,,,,,,,,,,,,,,,,,,,,
t-SNE,louvain,,metric,d,,,TI,phagocyte,0.1,,,,,,,,,,,,,,,,,,,,,,
t-SNE,spectral,,metric,d,,,TI,phagocyte,0.8,,,,,,,,,,,,,,,,,,,,,,
tGPLVM,kmeans,,linear,d,,,TI,phagocyte,-0.0,,,,,,,,,,,,,,,,,,,,,,
tGPLVM,louvain,,linear,d,,,TI,phagocyte,0.0,,,,,,,,,,,,,,,,,,,,,,
tGPLVM,spectral,,linear,d,,,TI,phagocyte,-0.0,,,,,,,,,,,,,,,,,,,,,,
DRA,kmeans,,deep,d,,,TI,pharynx,-0.01,,,,,,,,,,,,,,,,,,,,,,
DRA,louvain,,deep,d,,,TI,pharynx,0.01,,,,,,,,,,,,,,,,,,,,,,
DRA,spectral,,deep,d,,,TI,pharynx,-0.01,,,,,,,,,,,,,,,,,,,,,,
DREAM,kmeans,,deep,d,,,TI,pharynx,0.85,,,,,,,,,,,,,,,,,,,,,,
DREAM,louvain,,deep,d,,,TI,pharynx,0.12,,,,,,,,,,,,,,,,,,,,,,
DREAM,spectral,,deep,d,,,TI,pharynx,0.76,,,,,,,,,,,,,,,,,,,,,,
EDGE,kmeans,,graph,d,,,TI,pharynx,0.28,,,,,,,,,,,,,,,,,,,,,,
EDGE,louvain,,graph,d,,,TI,pharynx,0.08,,,,,,,,,,,,,,,,,,,,,,
EDGE,spectral,,graph,d,,,TI,pharynx,0.29,,,,,,,,,,,,,,,,,,,,,,
GLMPCA,kmeans,,linear,d,,,TI,pharynx,0.92,,,,,,,,,,,,,,,,,,,,,,
GLMPCA,louvain,,linear,d,,,TI,pharynx,0.11,,,,,,,,,,,,,,,,,,,,,,
GLMPCA,spectral,,linear,d,,,TI,pharynx,0.92,,,,,,,,,,,,,,,,,,,,,,
IVIS,kmeans,,metric,d,,,TI,pharynx,0.89,,,,,,,,,,,,,,,,,,,,,,
IVIS,louvain,,metric,d,,,TI,pharynx,0.17,,,,,,,,,,,,,,,,,,,,,,
IVIS,spectral,,metric,d,,,TI,pharynx,0.94,,,,,,,,,,,,,,,,,,,,,,
PCA,kmeans,,linear,d,,,TI,pharynx,0.92,,,,,,,,,,,,,,,,,,,,,,
PCA,louvain,,linear,d,,,TI,pharynx,0.17,,,,,,,,,,,,,,,,,,,,,,
PCA,spectral,,linear,d,,,TI,pharynx,0.93,,,,,,,,,,,,,,,,,,,,,,
PHATE,kmeans,,graph,d,,,TI,pharynx,0.82,,,,,,,,,,,,,,,,,,,,,,
PHATE,louvain,,graph,d,,,TI,pharynx,0.1,,,,,,,,,,,,,,,,,,,,,,
PHATE,spectral,,graph,d,,,TI,pharynx,0.81,,,,,,,,,,,,,,,,,,,,,,
PaCMAP,kmeans,,metric,d,,,TI,pharynx,0.01,,,,,,,,,,,,,,,,,,,,,,
PaCMAP,louvain,,metric,d,,,TI,pharynx,0.0,,,,,,,,,,,,,,,,,,,,,,
PaCMAP,spectral,,metric,d,,,TI,pharynx,0.01,,,,,,,,,,,,,,,,,,,,,,
SAUCIE,kmeans,,deep,d,,,TI,pharynx,0.03,,,,,,,,,,,,,,,,,,,,,,
SAUCIE,louvain,,deep,d,,,TI,pharynx,0.03,,,,,,,,,,,,,,,,,,,,,,
SAUCIE,spectral,,deep,d,,,TI,pharynx,0.04,,,,,,,,,,,,,,,,,,,,,,
SCDRHA,kmeans,,deep,d,,,TI,pharynx,0.93,,,,,,,,,,,,,,,,,,,,,,
SCDRHA,louvain,,deep,d,,,TI,pharynx,0.1,,,,,,,,,,,,,,,,,,,,,,
SCDRHA,spectral,,deep,d,,,TI,pharynx,0.3,,,,,,,,,,,,,,,,,,,,,,
SIMLR,kmeans,,graph,d,,,TI,pharynx,0.8,,,,,,,,,,,,,,,,,,,,,,
SIMLR,louvain,,graph,d,,,TI,pharynx,0.11,,,,,,,,,,,,,,,,,,,,,,
SIMLR,spectral,,graph,d,,,TI,pharynx,0.8,,,,,,,,,,,,,,,,,,,,,,
SPDR,kmeans,,graph,d,,,TI,pharynx,0.86,,,,,,,,,,,,,,,,,,,,,,
SPDR,louvain,,graph,d,,,TI,pharynx,0.17,,,,,,,,,,,,,,,,,,,,,,
SPDR,spectral,,graph,d,,,TI,pharynx,0.86,,,,,,,,,,,,,,,,,,,,,,
SQuaD-MDS,kmeans,,metric,d,,,TI,pharynx,0.62,,,,,,,,,,,,,,,,,,,,,,
SQuaD-MDS,louvain,,metric,d,,,TI,pharynx,0.11,,,,,,,,,,,,,,,,,,,,,,
SQuaD-MDS,spectral,,metric,d,,,TI,pharynx,0.595,,,,,,,,,,,,,,,,,,,,,,
SSNMDI,kmeans,,linear,d,,,TI,pharynx,-0.02,,,,,,,,,,,,,,,,,,,,,,
SSNMDI,louvain,,linear,d,,,TI,pharynx,0.0,,,,,,,,,,,,,,,,,,,,,,
SSNMDI,spectral,,linear,d,,,TI,pharynx,-0.0,,,,,,,,,,,,,,,,,,,,,,
TriMap,kmeans,,metric,d,,,TI,pharynx,0.92,,,,,,,,,,,,,,,,,,,,,,
TriMap,louvain,,metric,d,,,TI,pharynx,0.12,,,,,,,,,,,,,,,,,,,,,,
TriMap,spectral,,metric,d,,,TI,pharynx,0.92,,,,,,,,,,,,,,,,,,,,,,
UMAP,kmeans,,graph,d,,,TI,pharynx,0.88,,,,,,,,,,,,,,,,,,,,,,
UMAP,louvain,,graph,d,,,TI,pharynx,0.09,,,,,,,,,,,,,,,,,,,,,,
UMAP,spectral,,graph,d,,,TI,pharynx,0.85,,,,,,,,,,,,,,,,,,,,,,
VAE,kmeans,,deep,d,,,TI,pharynx,0.56,,,,,,,,,,,,,,,,,,,,,,
VAE,louvain,,deep,d,,,TI,pharynx,0.07,,,,,,,,,,,,,,,,,,,,,,
VAE,spectral,,deep,d,,,TI,pharynx,0.57,,,,,,,,,,,,,,,,,,,,,,
VASC,kmeans,,deep,d,,,TI,pharynx,0.94,,,,,,,,,,,,,,,,,,,,,,
VASC,louvain,,deep,d,,,TI,pharynx,0.12,,,,,,,,,,,,,,,,,,,,,,
VASC,spectral,,deep,d,,,TI,pharynx,0.49,,,,,,,,,,,,,,,,,,,,,,
ZIFA,kmeans,,linear,d,,,TI,pharynx,0.89,,,,,,,,,,,,,,,,,,,,,,
ZIFA,louvain,,linear,d,,,TI,pharynx,0.11,,,,,,,,,,,,,,,,,,,,,,
ZIFA,spectral,,linear,d,,,TI,pharynx,0.75,,,,,,,,,,,,,,,,,,,,,,
pCMF,kmeans,,linear,d,,,TI,pharynx,0.05,,,,,,,,,,,,,,,,,,,,,,
pCMF,louvain,,linear,d,,,TI,pharynx,0.05,,,,,,,,,,,,,,,,,,,,,,
pCMF,spectral,,linear,d,,,TI,pharynx,0.0,,,,,,,,,,,,,,,,,,,,,,
scGAE,kmeans,,deep,d,,,TI,pharynx,0.53,,,,,,,,,,,,,,,,,,,,,,
scGAE,louvain,,deep,d,,,TI,pharynx,0.1,,,,,,,,,,,,,,,,,,,,,,
scGAE,spectral,,deep,d,,,TI,pharynx,0.53,,,,,,,,,,,,,,,,,,,,,,
scGBM,kmeans,,linear,d,,,TI,pharynx,0.92,,,,,,,,,,,,,,,,,,,,,,
scGBM,louvain,,linear,d,,,TI,pharynx,0.12,,,,,,,,,,,,,,,,,,,,,,
scGBM,spectral,,linear,d,,,TI,pharynx,0.92,,,,,,,,,,,,,,,,,,,,,,
scScope,kmeans,,deep,d,,,TI,pharynx,0.79,,,,,,,,,,,,,,,,,,,,,,
scScope,louvain,,deep,d,,,TI,pharynx,0.15,,,,,,,,,,,,,,,,,,,,,,
scScope,spectral,,deep,d,,,TI,pharynx,0.82,,,,,,,,,,,,,,,,,,,,,,
scvis,kmeans,,deep,d,,,TI,pharynx,0.86,,,,,,,,,,,,,,,,,,,,,,
scvis,louvain,,deep,d,,,TI,pharynx,0.17,,,,,,,,,,,,,,,,,,,,,,
scvis,spectral,,deep,d,,,TI,pharynx,0.87,,,,,,,,,,,,,,,,,,,,,,
t-SNE,kmeans,,metric,d,,,TI,pharynx,0.58,,,,,,,,,,,,,,,,,,,,,,
t-SNE,louvain,,metric,d,,,TI,pharynx,0.12,,,,,,,,,,,,,,,,,,,,,,
t-SNE,spectral,,metric,d,,,TI,pharynx,0.75,,,,,,,,,,,,,,,,,,,,,,
tGPLVM,kmeans,,linear,d,,,TI,pharynx,-0.0,,,,,,,,,,,,,,,,,,,,,,
tGPLVM,louvain,,linear,d,,,TI,pharynx,0.0,,,,,,,,,,,,,,,,,,,,,,
tGPLVM,spectral,,linear,d,,,TI,pharynx,-0.0,,,,,,,,,,,,,,,,,,,,,,
DRA,kmeans,,deep,d,,,TI,trophectoderm,0.06,,,,,,,,,,,,,,,,,,,,,,
DRA,louvain,,deep,d,,,TI,trophectoderm,-0.0,,,,,,,,,,,,,,,,,,,,,,
DRA,spectral,,deep,d,,,TI,trophectoderm,0.04,,,,,,,,,,,,,,,,,,,,,,
DREAM,kmeans,,deep,d,,,TI,trophectoderm,0.96,,,,,,,,,,,,,,,,,,,,,,
DREAM,louvain,,deep,d,,,TI,trophectoderm,0.45,,,,,,,,,,,,,,,,,,,,,,
DREAM,spectral,,deep,d,,,TI,trophectoderm,0.47,,,,,,,,,,,,,,,,,,,,,,
EDGE,kmeans,,graph,d,,,TI,trophectoderm,0.58,,,,,,,,,,,,,,,,,,,,,,
EDGE,louvain,,graph,d,,,TI,trophectoderm,0.48,,,,,,,,,,,,,,,,,,,,,,
EDGE,spectral,,graph,d,,,TI,trophectoderm,0.53,,,,,,,,,,,,,,,,,,,,,,
GLMPCA,kmeans,,linear,d,,,TI,trophectoderm,0.91,,,,,,,,,,,,,,,,,,,,,,
GLMPCA,louvain,,linear,d,,,TI,trophectoderm,0.37,,,,,,,,,,,,,,,,,,,,,,
GLMPCA,spectral,,linear,d,,,TI,trophectoderm,0.45,,,,,,,,,,,,,,,,,,,,,,
IVIS,kmeans,,metric,d,,,TI,trophectoderm,0.67,,,,,,,,,,,,,,,,,,,,,,
IVIS,louvain,,metric,d,,,TI,trophectoderm,0.43,,,,,,,,,,,,,,,,,,,,,,
IVIS,spectral,,metric,d,,,TI,trophectoderm,0.51,,,,,,,,,,,,,,,,,,,,,,
PCA,kmeans,,linear,d,,,TI,trophectoderm,0.91,,,,,,,,,,,,,,,,,,,,,,
PCA,louvain,,linear,d,,,TI,trophectoderm,0.49,,,,,,,,,,,,,,,,,,,,,,
PCA,spectral,,linear,d,,,TI,trophectoderm,0.45,,,,,,,,,,,,,,,,,,,,,,
PHATE,kmeans,,graph,d,,,TI,trophectoderm,1.0,,,,,,,,,,,,,,,,,,,,,,
PHATE,louvain,,graph,d,,,TI,trophectoderm,0.36,,,,,,,,,,,,,,,,,,,,,,
PHATE,spectral,,graph,d,,,TI,trophectoderm,0.46,,,,,,,,,,,,,,,,,,,,,,
PaCMAP,kmeans,,metric,d,,,TI,trophectoderm,0.42,,,,,,,,,,,,,,,,,,,,,,
PaCMAP,louvain,,metric,d,,,TI,trophectoderm,0.31,,,,,,,,,,,,,,,,,,,,,,
PaCMAP,spectral,,metric,d,,,TI,trophectoderm,0.39,,,,,,,,,,,,,,,,,,,,,,
SAUCIE,kmeans,,deep,d,,,TI,trophectoderm,0.68,,,,,,,,,,,,,,,,,,,,,,
SAUCIE,louvain,,deep,d,,,TI,trophectoderm,0.46,,,,,,,,,,,,,,,,,,,,,,
SAUCIE,spectral,,deep,d,,,TI,trophectoderm,0.6,,,,,,,,,,,,,,,,,,,,,,
SCDRHA,kmeans,,deep,d,,,TI,trophectoderm,0.31,,,,,,,,,,,,,,,,,,,,,,
SCDRHA,louvain,,deep,d,,,TI,trophectoderm,0.31,,,,,,,,,,,,,,,,,,,,,,
SCDRHA,spectral,,deep,d,,,TI,trophectoderm,0.31,,,,,,,,,,,,,,,,,,,,,,
SIMLR,kmeans,,graph,d,,,TI,trophectoderm,0.61,,,,,,,,,,,,,,,,,,,,,,
SIMLR,louvain,,graph,d,,,TI,trophectoderm,0.33,,,,,,,,,,,,,,,,,,,,,,
SIMLR,spectral,,graph,d,,,TI,trophectoderm,0.49,,,,,,,,,,,,,,,,,,,,,,
SPDR,kmeans,,graph,d,,,TI,trophectoderm,0.67,,,,,,,,,,,,,,,,,,,,,,
SPDR,louvain,,graph,d,,,TI,trophectoderm,0.33,,,,,,,,,,,,,,,,,,,,,,
SPDR,spectral,,graph,d,,,TI,trophectoderm,0.57,,,,,,,,,,,,,,,,,,,,,,
SQuaD-MDS,kmeans,,metric,d,,,TI,trophectoderm,0.485,,,,,,,,,,,,,,,,,,,,,,
SQuaD-MDS,louvain,,metric,d,,,TI,trophectoderm,0.355,,,,,,,,,,,,,,,,,,,,,,
SQuaD-MDS,spectral,,metric,d,,,TI,trophectoderm,0.405,,,,,,,,,,,,,,,,,,,,,,
SSNMDI,kmeans,,linear,d,,,TI,trophectoderm,0.12,,,,,,,,,,,,,,,,,,,,,,
SSNMDI,louvain,,linear,d,,,TI,trophectoderm,0.11,,,,,,,,,,,,,,,,,,,,,,
SSNMDI,spectral,,linear,d,,,TI,trophectoderm,0.09,,,,,,,,,,,,,,,,,,,,,,
TriMap,kmeans,,metric,d,,,TI,trophectoderm,1.0,,,,,,,,,,,,,,,,,,,,,,
TriMap,louvain,,metric,d,,,TI,trophectoderm,0.47,,,,,,,,,,,,,,,,,,,,,,
TriMap,spectral,,metric,d,,,TI,trophectoderm,0.45,,,,,,,,,,,,,,,,,,,,,,
UMAP,kmeans,,graph,d,,,TI,trophectoderm,1.0,,,,,,,,,,,,,,,,,,,,,,
UMAP,louvain,,graph,d,,,TI,trophectoderm,0.38,,,,,,,,,,,,,,,,,,,,,,
UMAP,spectral,,graph,d,,,TI,trophectoderm,0.58,,,,,,,,,,,,,,,,,,,,,,
VAE,kmeans,,deep,d,,,TI,trophectoderm,0.17,,,,,,,,,,,,,,,,,,,,,,
VAE,louvain,,deep,d,,,TI,trophectoderm,0.13,,,,,,,,,,,,,,,,,,,,,,
VAE,spectral,,deep,d,,,TI,trophectoderm,0.21,,,,,,,,,,,,,,,,,,,,,,
VASC,kmeans,,deep,d,,,TI,trophectoderm,0.58,,,,,,,,,,,,,,,,,,,,,,
VASC,louvain,,deep,d,,,TI,trophectoderm,0.4,,,,,,,,,,,,,,,,,,,,,,
VASC,spectral,,deep,d,,,TI,trophectoderm,0.45,,,,,,,,,,,,,,,,,,,,,,
ZIFA,kmeans,,linear,d,,,TI,trophectoderm,0.87,,,,,,,,,,,,,,,,,,,,,,
ZIFA,louvain,,linear,d,,,TI,trophectoderm,0.5,,,,,,,,,,,,,,,,,,,,,,
ZIFA,spectral,,linear,d,,,TI,trophectoderm,0.45,,,,,,,,,,,,,,,,,,,,,,
pCMF,kmeans,,linear,d,,,TI,trophectoderm,0.28,,,,,,,,,,,,,,,,,,,,,,
pCMF,louvain,,linear,d,,,TI,trophectoderm,0.4,,,,,,,,,,,,,,,,,,,,,,
pCMF,spectral,,linear,d,,,TI,trophectoderm,0.36,,,,,,,,,,,,,,,,,,,,,,
scGAE,kmeans,,deep,d,,,TI,trophectoderm,0.56,,,,,,,,,,,,,,,,,,,,,,
scGAE,louvain,,deep,d,,,TI,trophectoderm,0.46,,,,,,,,,,,,,,,,,,,,,,
scGAE,spectral,,deep,d,,,TI,trophectoderm,0.68,,,,,,,,,,,,,,,,,,,,,,
scGBM,kmeans,,linear,d,,,TI,trophectoderm,0.91,,,,,,,,,,,,,,,,,,,,,,
scGBM,louvain,,linear,d,,,TI,trophectoderm,0.37,,,,,,,,,,,,,,,,,,,,,,
scGBM,spectral,,linear,d,,,TI,trophectoderm,0.45,,,,,,,,,,,,,,,,,,,,,,
scScope,kmeans,,deep,d,,,TI,trophectoderm,0.08,,,,,,,,,,,,,,,,,,,,,,
scScope,louvain,,deep,d,,,TI,trophectoderm,0.06,,,,,,,,,,,,,,,,,,,,,,
scScope,spectral,,deep,d,,,TI,trophectoderm,0.07,,,,,,,,,,,,,,,,,,,,,,
scvis,kmeans,,deep,d,,,TI,trophectoderm,0.96,,,,,,,,,,,,,,,,,,,,,,
scvis,louvain,,deep,d,,,TI,trophectoderm,0.37,,,,,,,,,,,,,,,,,,,,,,
scvis,spectral,,deep,d,,,TI,trophectoderm,0.77,,,,,,,,,,,,,,,,,,,,,,
t-SNE,kmeans,,metric,d,,,TI,trophectoderm,0.69,,,,,,,,,,,,,,,,,,,,,,
t-SNE,louvain,,metric,d,,,TI,trophectoderm,0.39,,,,,,,,,,,,,,,,,,,,,,
t-SNE,spectral,,metric,d,,,TI,trophectoderm,0.55,,,,,,,,,,,,,,,,,,,,,,
tGPLVM,kmeans,,linear,d,,,TI,trophectoderm,0.87,,,,,,,,,,,,,,,,,,,,,,
tGPLVM,louvain,,linear,d,,,TI,trophectoderm,0.3,,,,,,,,,,,,,,,,,,,,,,
tGPLVM,spectral,,linear,d,,,TI,trophectoderm,0.38,,,,,,,,,,,,,,,,,,,,,,
DRA,kmeans,,deep,d,,,VASC,Baron,-0.0,,,,,,,,,,,,,,,,,,,,,,
DRA,louvain,,deep,d,,,VASC,Baron,-0.0,,,,,,,,,,,,,,,,,,,,,,
DRA,spectral,,deep,d,,,VASC,Baron,-0.0,,,,,,,,,,,,,,,,,,,,,,
DREAM,kmeans,,deep,d,,,VASC,Baron,0.01,,,,,,,,,,,,,,,,,,,,,,
DREAM,louvain,,deep,d,,,VASC,Baron,0.0,,,,,,,,,,,,,,,,,,,,,,
DREAM,spectral,,deep,d,,,VASC,Baron,0.01,,,,,,,,,,,,,,,,,,,,,,
EDGE,kmeans,,graph,d,,,VASC,Baron,0.02,,,,,,,,,,,,,,,,,,,,,,
EDGE,louvain,,graph,d,,,VASC,Baron,0.01,,,,,,,,,,,,,,,,,,,,,,
EDGE,spectral,,graph,d,,,VASC,Baron,0.02,,,,,,,,,,,,,,,,,,,,,,
GLMPCA,kmeans,,linear,d,,,VASC,Baron,0.02,,,,,,,,,,,,,,,,,,,,,,
GLMPCA,louvain,,linear,d,,,VASC,Baron,0.0,,,,,,,,,,,,,,,,,,,,,,
GLMPCA,spectral,,linear,d,,,VASC,Baron,0.01,,,,,,,,,,,,,,,,,,,,,,
IVIS,kmeans,,metric,d,,,VASC,Baron,0.03,,,,,,,,,,,,,,,,,,,,,,
IVIS,louvain,,metric,d,,,VASC,Baron,0.02,,,,,,,,,,,,,,,,,,,,,,
IVIS,spectral,,metric,d,,,VASC,Baron,0.03,,,,,,,,,,,,,,,,,,,,,,
PCA,kmeans,,linear,d,,,VASC,Baron,0.02,,,,,,,,,,,,,,,,,,,,,,
PCA,louvain,,linear,d,,,VASC,Baron,0.0,,,,,,,,,,,,,,,,,,,,,,
PCA,spectral,,linear,d,,,VASC,Baron,0.01,,,,,,,,,,,,,,,,,,,,,,
PHATE,kmeans,,graph,d,,,VASC,Baron,0.04,,,,,,,,,,,,,,,,,,,,,,
PHATE,louvain,,graph,d,,,VASC,Baron,0.01,,,,,,,,,,,,,,,,,,,,,,
PHATE,spectral,,graph,d,,,VASC,Baron,0.03,,,,,,,,,,,,,,,,,,,,,,
PaCMAP,kmeans,,metric,d,,,VASC,Baron,0.01,,,,,,,,,,,,,,,,,,,,,,
PaCMAP,louvain,,metric,d,,,VASC,Baron,0.0,,,,,,,,,,,,,,,,,,,,,,
PaCMAP,spectral,,metric,d,,,VASC,Baron,0.01,,,,,,,,,,,,,,,,,,,,,,
SAUCIE,kmeans,,deep,d,,,VASC,Baron,0.0,,,,,,,,,,,,,,,,,,,,,,
SAUCIE,louvain,,deep,d,,,VASC,Baron,0.0,,,,,,,,,,,,,,,,,,,,,,
SAUCIE,spectral,,deep,d,,,VASC,Baron,0.0,,,,,,,,,,,,,,,,,,,,,,
SCDRHA,kmeans,,deep,d,,,VASC,Baron,0.03,,,,,,,,,,,,,,,,,,,,,,
SCDRHA,louvain,,deep,d,,,VASC,Baron,0.01,,,,,,,,,,,,,,,,,,,,,,
SCDRHA,spectral,,deep,d,,,VASC,Baron,0.02,,,,,,,,,,,,,,,,,,,,,,
SPDR,kmeans,,graph,d,,,VASC,Baron,0.04,,,,,,,,,,,,,,,,,,,,,,
SPDR,louvain,,graph,d,,,VASC,Baron,0.01,,,,,,,,,,,,,,,,,,,,,,
SPDR,spectral,,graph,d,,,VASC,Baron,0.04,,,,,,,,,,,,,,,,,,,,,,
SQuaD-MDS,kmeans,,metric,d,,,VASC,Baron,0.025,,,,,,,,,,,,,,,,,,,,,,
SQuaD-MDS,louvain,,metric,d,,,VASC,Baron,0.005,,,,,,,,,,,,,,,,,,,,,,
SQuaD-MDS,spectral,,metric,d,,,VASC,Baron,0.02,,,,,,,,,,,,,,,,,,,,,,
SSNMDI,kmeans,,linear,d,,,VASC,Baron,0.01,,,,,,,,,,,,,,,,,,,,,,
SSNMDI,louvain,,linear,d,,,VASC,Baron,0.0,,,,,,,,,,,,,,,,,,,,,,
SSNMDI,spectral,,linear,d,,,VASC,Baron,0.01,,,,,,,,,,,,,,,,,,,,,,
TriMap,kmeans,,metric,d,,,VASC,Baron,0.03,,,,,,,,,,,,,,,,,,,,,,
TriMap,louvain,,metric,d,,,VASC,Baron,0.01,,,,,,,,,,,,,,,,,,,,,,
TriMap,spectral,,metric,d,,,VASC,Baron,0.03,,,,,,,,,,,,,,,,,,,,,,
UMAP,kmeans,,graph,d,,,VASC,Baron,0.03,,,,,,,,,,,,,,,,,,,,,,
UMAP,louvain,,graph,d,,,VASC,Baron,0.01,,,,,,,,,,,,,,,,,,,,,,
UMAP,spectral,,graph,d,,,VASC,Baron,0.03,,,,,,,,,,,,,,,,,,,,,,
VAE,kmeans,,deep,d,,,VASC,Baron,0.03,,,,,,,,,,,,,,,,,,,,,,
VAE,louvain,,deep,d,,,VASC,Baron,0.01,,,,,,,,,,,,,,,,,,,,,,
VAE,spectral,,deep,d,,,VASC,Baron,0.04,,,,,,,,,,,,,,,,,,,,,,
VASC,kmeans,,deep,d,,,VASC,Baron,0.02,,,,,,,,,,,,,,,,,,,,,,
VASC,louvain,,deep,d,,,VASC,Baron,0.0,,,,,,,,,,,,,,,,,,,,,,
VASC,spectral,,deep,d,,,VASC,Baron,0.01,,,,,,,,,,,,,,,,,,,,,,
ZIFA,kmeans,,linear,d,,,VASC,Baron,0.01,,,,,,,,,,,,,,,,,,,,,,
ZIFA,louvain,,linear,d,,,VASC,Baron,0.0,,,,,,,,,,,,,,,,,,,,,,
ZIFA,spectral,,linear,d,,,VASC,Baron,0.01,,,,,,,,,,,,,,,,,,,,,,
pCMF,kmeans,,linear,d,,,VASC,Baron,0.01,,,,,,,,,,,,,,,,,,,,,,
pCMF,louvain,,linear,d,,,VASC,Baron,0.0,,,,,,,,,,,,,,,,,,,,,,
pCMF,spectral,,linear,d,,,VASC,Baron,0.0,,,,,,,,,,,,,,,,,,,,,,
scGAE,kmeans,,deep,d,,,VASC,Baron,0.01,,,,,,,,,,,,,,,,,,,,,,
scGAE,louvain,,deep,d,,,VASC,Baron,0.0,,,,,,,,,,,,,,,,,,,,,,
scGAE,spectral,,deep,d,,,VASC,Baron,0.01,,,,,,,,,,,,,,,,,,,,,,
scGBM,kmeans,,linear,d,,,VASC,Baron,0.02,,,,,,,,,,,,,,,,,,,,,,
scGBM,louvain,,linear,d,,,VASC,Baron,0.0,,,,,,,,,,,,,,,,,,,,,,
scGBM,spectral,,linear,d,,,VASC,Baron,0.01,,,,,,,,,,,,,,,,,,,,,,
scScope,kmeans,,deep,d,,,VASC,Baron,0.03,,,,,,,,,,,,,,,,,,,,,,
scScope,louvain,,deep,d,,,VASC,Baron,0.01,,,,,,,,,,,,,,,,,,,,,,
scScope,spectral,,deep,d,,,VASC,Baron,0.03,,,,,,,,,,,,,,,,,,,,,,
scvis,kmeans,,deep,d,,,VASC,Baron,0.03,,,,,,,,,,,,,,,,,,,,,,
scvis,louvain,,deep,d,,,VASC,Baron,0.01,,,,,,,,,,,,,,,,,,,,,,
scvis,spectral,,deep,d,,,VASC,Baron,0.03,,,,,,,,,,,,,,,,,,,,,,
t-SNE,kmeans,,metric,d,,,VASC,Baron,0.03,,,,,,,,,,,,,,,,,,,,,,
t-SNE,louvain,,metric,d,,,VASC,Baron,0.01,,,,,,,,,,,,,,,,,,,,,,
t-SNE,spectral,,metric,d,,,VASC,Baron,0.03,,,,,,,,,,,,,,,,,,,,,,
tGPLVM,kmeans,,linear,d,,,VASC,Baron,0.02,,,,,,,,,,,,,,,,,,,,,,
tGPLVM,louvain,,linear,d,,,VASC,Baron,0.0,,,,,,,,,,,,,,,,,,,,,,
tGPLVM,spectral,,linear,d,,,VASC,Baron,0.02,,,,,,,,,,,,,,,,,,,,,,
DRA,kmeans,,deep,d,,,VASC,Biase,-0.02,,,,,,,,,,,,,,,,,,,,,,
DRA,louvain,,deep,d,,,VASC,Biase,-0.03,,,,,,,,,,,,,,,,,,,,,,
DRA,spectral,,deep,d,,,VASC,Biase,-0.03,,,,,,,,,,,,,,,,,,,,,,
DREAM,kmeans,,deep,d,,,VASC,Biase,0.92,,,,,,,,,,,,,,,,,,,,,,
DREAM,louvain,,deep,d,,,VASC,Biase,0.64,,,,,,,,,,,,,,,,,,,,,,
DREAM,spectral,,deep,d,,,VASC,Biase,0.85,,,,,,,,,,,,,,,,,,,,,,
EDGE,kmeans,,graph,d,,,VASC,Biase,0.73,,,,,,,,,,,,,,,,,,,,,,
EDGE,louvain,,graph,d,,,VASC,Biase,0.61,,,,,,,,,,,,,,,,,,,,,,
EDGE,spectral,,graph,d,,,VASC,Biase,0.61,,,,,,,,,,,,,,,,,,,,,,
GLMPCA,kmeans,,linear,d,,,VASC,Biase,0.96,,,,,,,,,,,,,,,,,,,,,,
GLMPCA,louvain,,linear,d,,,VASC,Biase,0.61,,,,,,,,,,,,,,,,,,,,,,
GLMPCA,spectral,,linear,d,,,VASC,Biase,0.61,,,,,,,,,,,,,,,,,,,,,,
IVIS,kmeans,,metric,d,,,VASC,Biase,1.0,,,,,,,,,,,,,,,,,,,,,,
IVIS,louvain,,metric,d,,,VASC,Biase,0.64,,,,,,,,,,,,,,,,,,,,,,
IVIS,spectral,,metric,d,,,VASC,Biase,0.73,,,,,,,,,,,,,,,,,,,,,,
PCA,kmeans,,linear,d,,,VASC,Biase,1.0,,,,,,,,,,,,,,,,,,,,,,
PCA,louvain,,linear,d,,,VASC,Biase,0.61,,,,,,,,,,,,,,,,,,,,,,
PCA,spectral,,linear,d,,,VASC,Biase,0.59,,,,,,,,,,,,,,,,,,,,,,
PHATE,kmeans,,graph,d,,,VASC,Biase,1.0,,,,,,,,,,,,,,,,,,,,,,
PHATE,louvain,,graph,d,,,VASC,Biase,0.59,,,,,,,,,,,,,,,,,,,,,,
PHATE,spectral,,graph,d,,,VASC,Biase,0.65,,,,,,,,,,,,,,,,,,,,,,
PaCMAP,kmeans,,metric,d,,,VASC,Biase,0.47,,,,,,,,,,,,,,,,,,,,,,
PaCMAP,louvain,,metric,d,,,VASC,Biase,0.42,,,,,,,,,,,,,,,,,,,,,,
PaCMAP,spectral,,metric,d,,,VASC,Biase,0.32,,,,,,,,,,,,,,,,,,,,,,
SAUCIE,kmeans,,deep,d,,,VASC,Biase,0.3,,,,,,,,,,,,,,,,,,,,,,
SAUCIE,louvain,,deep,d,,,VASC,Biase,0.19,,,,,,,,,,,,,,,,,,,,,,
SAUCIE,spectral,,deep,d,,,VASC,Biase,0.32,,,,,,,,,,,,,,,,,,,,,,
SCDRHA,kmeans,,deep,d,,,VASC,Biase,0.51,,,,,,,,,,,,,,,,,,,,,,
SCDRHA,louvain,,deep,d,,,VASC,Biase,0.59,,,,,,,,,,,,,,,,,,,,,,
SCDRHA,spectral,,deep,d,,,VASC,Biase,0.53,,,,,,,,,,,,,,,,,,,,,,
SIMLR,kmeans,,graph,d,,,VASC,Biase,0.23,,,,,,,,,,,,,,,,,,,,,,
SIMLR,louvain,,graph,d,,,VASC,Biase,0.2,,,,,,,,,,,,,,,,,,,,,,
SIMLR,spectral,,graph,d,,,VASC,Biase,0.19,,,,,,,,,,,,,,,,,,,,,,
SPDR,kmeans,,graph,d,,,VASC,Biase,0.86,,,,,,,,,,,,,,,,,,,,,,
SPDR,louvain,,graph,d,,,VASC,Biase,0.61,,,,,,,,,,,,,,,,,,,,,,
SPDR,spectral,,graph,d,,,VASC,Biase,0.69,,,,,,,,,,,,,,,,,,,,,,
SQuaD-MDS,kmeans,,metric,d,,,VASC,Biase,0.895,,,,,,,,,,,,,,,,,,,,,,
SQuaD-MDS,louvain,,metric,d,,,VASC,Biase,0.52,,,,,,,,,,,,,,,,,,,,,,
SQuaD-MDS,spectral,,metric,d,,,VASC,Biase,0.595,,,,,,,,,,,,,,,,,,,,,,
SSNMDI,kmeans,,linear,d,,,VASC,Biase,0.34,,,,,,,,,,,,,,,,,,,,,,
SSNMDI,louvain,,linear,d,,,VASC,Biase,0.22,,,,,,,,,,,,,,,,,,,,,,
SSNMDI,spectral,,linear,d,,,VASC,Biase,0.22,,,,,,,,,,,,,,,,,,,,,,
TriMap,kmeans,,metric,d,,,VASC,Biase,0.96,,,,,,,,,,,,,,,,,,,,,,
TriMap,louvain,,metric,d,,,VASC,Biase,0.59,,,,,,,,,,,,,,,,,,,,,,
TriMap,spectral,,metric,d,,,VASC,Biase,0.61,,,,,,,,,,,,,,,,,,,,,,
UMAP,kmeans,,graph,d,,,VASC,Biase,1.0,,,,,,,,,,,,,,,,,,,,,,
UMAP,louvain,,graph,d,,,VASC,Biase,0.61,,,,,,,,,,,,,,,,,,,,,,
UMAP,spectral,,graph,d,,,VASC,Biase,0.68,,,,,,,,,,,,,,,,,,,,,,
VAE,kmeans,,deep,d,,,VASC,Biase,0.31,,,,,,,,,,,,,,,,,,,,,,
VAE,louvain,,deep,d,,,VASC,Biase,0.23,,,,,,,,,,,,,,,,,,,,,,
VAE,spectral,,deep,d,,,VASC,Biase,0.25,,,,,,,,,,,,,,,,,,,,,,
VASC,kmeans,,deep,d,,,VASC,Biase,0.98,,,,,,,,,,,,,,,,,,,,,,
VASC,louvain,,deep,d,,,VASC,Biase,0.59,,,,,,,,,,,,,,,,,,,,,,
VASC,spectral,,deep,d,,,VASC,Biase,0.79,,,,,,,,,,,,,,,,,,,,,,
ZIFA,kmeans,,linear,d,,,VASC,Biase,0.86,,,,,,,,,,,,,,,,,,,,,,
ZIFA,louvain,,linear,d,,,VASC,Biase,0.81,,,,,,,,,,,,,,,,,,,,,,
ZIFA,spectral,,linear,d,,,VASC,Biase,0.75,,,,,,,,,,,,,,,,,,,,,,
pCMF,kmeans,,linear,d,,,VASC,Biase,0.09,,,,,,,,,,,,,,,,,,,,,,
pCMF,louvain,,linear,d,,,VASC,Biase,-0.0,,,,,,,,,,,,,,,,,,,,,,
pCMF,spectral,,linear,d,,,VASC,Biase,0.04,,,,,,,,,,,,,,,,,,,,,,
scGAE,kmeans,,deep,d,,,VASC,Biase,0.85,,,,,,,,,,,,,,,,,,,,,,
scGAE,louvain,,deep,d,,,VASC,Biase,0.64,,,,,,,,,,,,,,,,,,,,,,
scGAE,spectral,,deep,d,,,VASC,Biase,0.68,,,,,,,,,,,,,,,,,,,,,,
scGBM,kmeans,,linear,d,,,VASC,Biase,1.0,,,,,,,,,,,,,,,,,,,,,,
scGBM,louvain,,linear,d,,,VASC,Biase,0.59,,,,,,,,,,,,,,,,,,,,,,
scGBM,spectral,,linear,d,,,VASC,Biase,0.69,,,,,,,,,,,,,,,,,,,,,,
scScope,kmeans,,deep,d,,,VASC,Biase,0.28,,,,,,,,,,,,,,,,,,,,,,
scScope,louvain,,deep,d,,,VASC,Biase,0.2,,,,,,,,,,,,,,,,,,,,,,
scScope,spectral,,deep,d,,,VASC,Biase,0.2,,,,,,,,,,,,,,,,,,,,,,
scvis,kmeans,,deep,d,,,VASC,Biase,1.0,,,,,,,,,,,,,,,,,,,,,,
scvis,louvain,,deep,d,,,VASC,Biase,0.61,,,,,,,,,,,,,,,,,,,,,,
scvis,spectral,,deep,d,,,VASC,Biase,0.82,,,,,,,,,,,,,,,,,,,,,,
t-SNE,kmeans,,metric,d,,,VASC,Biase,1.0,,,,,,,,,,,,,,,,,,,,,,
t-SNE,louvain,,metric,d,,,VASC,Biase,0.61,,,,,,,,,,,,,,,,,,,,,,
t-SNE,spectral,,metric,d,,,VASC,Biase,0.82,,,,,,,,,,,,,,,,,,,,,,
tGPLVM,kmeans,,linear,d,,,VASC,Biase,0.23,,,,,,,,,,,,,,,,,,,,,,
tGPLVM,louvain,,linear,d,,,VASC,Biase,0.2,,,,,,,,,,,,,,,,,,,,,,
tGPLVM,spectral,,linear,d,,,VASC,Biase,0.22,,,,,,,,,,,,,,,,,,,,,,
DRA,kmeans,,deep,d,,,VASC,Goolam,-0.01,,,,,,,,,,,,,,,,,,,,,,
DRA,louvain,,deep,d,,,VASC,Goolam,-0.01,,,,,,,,,,,,,,,,,,,,,,
DRA,spectral,,deep,d,,,VASC,Goolam,-0.01,,,,,,,,,,,,,,,,,,,,,,
DREAM,kmeans,,deep,d,,,VASC,Goolam,0.51,,,,,,,,,,,,,,,,,,,,,,
DREAM,louvain,,deep,d,,,VASC,Goolam,0.4,,,,,,,,,,,,,,,,,,,,,,
DREAM,spectral,,deep,d,,,VASC,Goolam,0.45,,,,,,,,,,,,,,,,,,,,,,
EDGE,kmeans,,graph,d,,,VASC,Goolam,0.54,,,,,,,,,,,,,,,,,,,,,,
EDGE,louvain,,graph,d,,,VASC,Goolam,0.4,,,,,,,,,,,,,,,,,,,,,,
EDGE,spectral,,graph,d,,,VASC,Goolam,0.54,,,,,,,,,,,,,,,,,,,,,,
GLMPCA,kmeans,,linear,d,,,VASC,Goolam,0.92,,,,,,,,,,,,,,,,,,,,,,
GLMPCA,louvain,,linear,d,,,VASC,Goolam,0.42,,,,,,,,,,,,,,,,,,,,,,
GLMPCA,spectral,,linear,d,,,VASC,Goolam,0.59,,,,,,,,,,,,,,,,,,,,,,
IVIS,kmeans,,metric,d,,,VASC,Goolam,0.71,,,,,,,,,,,,,,,,,,,,,,
IVIS,louvain,,metric,d,,,VASC,Goolam,0.52,,,,,,,,,,,,,,,,,,,,,,
IVIS,spectral,,metric,d,,,VASC,Goolam,0.44,,,,,,,,,,,,,,,,,,,,,,
PCA,kmeans,,linear,d,,,VASC,Goolam,0.75,,,,,,,,,,,,,,,,,,,,,,
PCA,louvain,,linear,d,,,VASC,Goolam,0.5,,,,,,,,,,,,,,,,,,,,,,
PCA,spectral,,linear,d,,,VASC,Goolam,0.65,,,,,,,,,,,,,,,,,,,,,,
PHATE,kmeans,,graph,d,,,VASC,Goolam,0.57,,,,,,,,,,,,,,,,,,,,,,
PHATE,louvain,,graph,d,,,VASC,Goolam,0.41,,,,,,,,,,,,,,,,,,,,,,
PHATE,spectral,,graph,d,,,VASC,Goolam,0.57,,,,,,,,,,,,,,,,,,,,,,
PaCMAP,kmeans,,metric,d,,,VASC,Goolam,0.31,,,,,,,,,,,,,,,,,,,,,,
PaCMAP,louvain,,metric,d,,,VASC,Goolam,0.17,,,,,,,,,,,,,,,,,,,,,,
PaCMAP,spectral,,metric,d,,,VASC,Goolam,0.14,,,,,,,,,,,,,,,,,,,,,,
SAUCIE,kmeans,,deep,d,,,VASC,Goolam,0.91,,,,,,,,,,,,,,,,,,,,,,
SAUCIE,louvain,,deep,d,,,VASC,Goolam,0.41,,,,,,,,,,,,,,,,,,,,,,
SAUCIE,spectral,,deep,d,,,VASC,Goolam,0.52,,,,,,,,,,,,,,,,,,,,,,
SCDRHA,kmeans,,deep,d,,,VASC,Goolam,0.56,,,,,,,,,,,,,,,,,,,,,,
SCDRHA,louvain,,deep,d,,,VASC,Goolam,0.39,,,,,,,,,,,,,,,,,,,,,,
SCDRHA,spectral,,deep,d,,,VASC,Goolam,0.39,,,,,,,,,,,,,,,,,,,,,,
SIMLR,kmeans,,graph,d,,,VASC,Goolam,0.51,,,,,,,,,,,,,,,,,,,,,,
SIMLR,louvain,,graph,d,,,VASC,Goolam,0.35,,,,,,,,,,,,,,,,,,,,,,
SIMLR,spectral,,graph,d,,,VASC,Goolam,0.51,,,,,,,,,,,,,,,,,,,,,,
SPDR,kmeans,,graph,d,,,VASC,Goolam,0.57,,,,,,,,,,,,,,,,,,,,,,
SPDR,louvain,,graph,d,,,VASC,Goolam,0.38,,,,,,,,,,,,,,,,,,,,,,
SPDR,spectral,,graph,d,,,VASC,Goolam,0.53,,,,,,,,,,,,,,,,,,,,,,
SQuaD-MDS,kmeans,,metric,d,,,VASC,Goolam,0.6000000000000001,,,,,,,,,,,,,,,,,,,,,,
SQuaD-MDS,louvain,,metric,d,,,VASC,Goolam,0.42000000000000004,,,,,,,,,,,,,,,,,,,,,,
SQuaD-MDS,spectral,,metric,d,,,VASC,Goolam,0.53,,,,,,,,,,,,,,,,,,,,,,
SSNMDI,kmeans,,linear,d,,,VASC,Goolam,0.12,,,,,,,,,,,,,,,,,,,,,,
SSNMDI,louvain,,linear,d,,,VASC,Goolam,0.1,,,,,,,,,,,,,,,,,,,,,,
SSNMDI,spectral,,linear,d,,,VASC,Goolam,0.14,,,,,,,,,,,,,,,,,,,,,,
TriMap,kmeans,,metric,d,,,VASC,Goolam,0.54,,,,,,,,,,,,,,,,,,,,,,
TriMap,louvain,,metric,d,,,VASC,Goolam,0.39,,,,,,,,,,,,,,,,,,,,,,
TriMap,spectral,,metric,d,,,VASC,Goolam,0.32,,,,,,,,,,,,,,,,,,,,,,
UMAP,kmeans,,graph,d,,,VASC,Goolam,0.54,,,,,,,,,,,,,,,,,,,,,,
UMAP,louvain,,graph,d,,,VASC,Goolam,0.39,,,,,,,,,,,,,,,,,,,,,,
UMAP,spectral,,graph,d,,,VASC,Goolam,0.54,,,,,,,,,,,,,,,,,,,,,,
VAE,kmeans,,deep,d,,,VASC,Goolam,0.39,,,,,,,,,,,,,,,,,,,,,,
VAE,louvain,,deep,d,,,VASC,Goolam,0.27,,,,,,,,,,,,,,,,,,,,,,
VAE,spectral,,deep,d,,,VASC,Goolam,0.4,,,,,,,,,,,,,,,,,,,,,,
VASC,kmeans,,deep,d,,,VASC,Goolam,0.91,,,,,,,,,,,,,,,,,,,,,,
VASC,louvain,,deep,d,,,VASC,Goolam,0.4,,,,,,,,,,,,,,,,,,,,,,
VASC,spectral,,deep,d,,,VASC,Goolam,0.52,,,,,,,,,,,,,,,,,,,,,,
ZIFA,kmeans,,linear,d,,,VASC,Goolam,0.66,,,,,,,,,,,,,,,,,,,,,,
ZIFA,louvain,,linear,d,,,VASC,Goolam,0.42,,,,,,,,,,,,,,,,,,,,,,
ZIFA,spectral,,linear,d,,,VASC,Goolam,0.63,,,,,,,,,,,,,,,,,,,,,,
pCMF,kmeans,,linear,d,,,VASC,Goolam,0.1,,,,,,,,,,,,,,,,,,,,,,
pCMF,louvain,,linear,d,,,VASC,Goolam,0.09,,,,,,,,,,,,,,,,,,,,,,
pCMF,spectral,,linear,d,,,VASC,Goolam,0.1,,,,,,,,,,,,,,,,,,,,,,
scGAE,kmeans,,deep,d,,,VASC,Goolam,0.52,,,,,,,,,,,,,,,,,,,,,,
scGAE,louvain,,deep,d,,,VASC,Goolam,0.41,,,,,,,,,,,,,,,,,,,,,,
scGAE,spectral,,deep,d,,,VASC,Goolam,0.52,,,,,,,,,,,,,,,,,,,,,,
scGBM,kmeans,,linear,d,,,VASC,Goolam,0.7,,,,,,,,,,,,,,,,,,,,,,
scGBM,louvain,,linear,d,,,VASC,Goolam,0.5,,,,,,,,,,,,,,,,,,,,,,
scGBM,spectral,,linear,d,,,VASC,Goolam,0.65,,,,,,,,,,,,,,,,,,,,,,
scScope,kmeans,,deep,d,,,VASC,Goolam,0.17,,,,,,,,,,,,,,,,,,,,,,
scScope,louvain,,deep,d,,,VASC,Goolam,0.17,,,,,,,,,,,,,,,,,,,,,,
scScope,spectral,,deep,d,,,VASC,Goolam,0.19,,,,,,,,,,,,,,,,,,,,,,
scvis,kmeans,,deep,d,,,VASC,Goolam,0.54,,,,,,,,,,,,,,,,,,,,,,
scvis,louvain,,deep,d,,,VASC,Goolam,0.39,,,,,,,,,,,,,,,,,,,,,,
scvis,spectral,,deep,d,,,VASC,Goolam,0.54,,,,,,,,,,,,,,,,,,,,,,
t-SNE,kmeans,,metric,d,,,VASC,Goolam,0.47,,,,,,,,,,,,,,,,,,,,,,
t-SNE,louvain,,metric,d,,,VASC,Goolam,0.4,,,,,,,,,,,,,,,,,,,,,,
t-SNE,spectral,,metric,d,,,VASC,Goolam,0.54,,,,,,,,,,,,,,,,,,,,,,
tGPLVM,kmeans,,linear,d,,,VASC,Goolam,0.49,,,,,,,,,,,,,,,,,,,,,,
tGPLVM,louvain,,linear,d,,,VASC,Goolam,0.36,,,,,,,,,,,,,,,,,,,,,,
tGPLVM,spectral,,linear,d,,,VASC,Goolam,0.46,,,,,,,,,,,,,,,,,,,,,,
DRA,kmeans,,deep,d,,,VASC,Xin,-0.0,,,,,,,,,,,,,,,,,,,,,,
DRA,louvain,,deep,d,,,VASC,Xin,-0.0,,,,,,,,,,,,,,,,,,,,,,
DRA,spectral,,deep,d,,,VASC,Xin,-0.0,,,,,,,,,,,,,,,,,,,,,,
DREAM,kmeans,,deep,d,,,VASC,Xin,0.27,,,,,,,,,,,,,,,,,,,,,,
DREAM,louvain,,deep,d,,,VASC,Xin,0.1,,,,,,,,,,,,,,,,,,,,,,
DREAM,spectral,,deep,d,,,VASC,Xin,0.23,,,,,,,,,,,,,,,,,,,,,,
EDGE,kmeans,,graph,d,,,VASC,Xin,0.18,,,,,,,,,,,,,,,,,,,,,,
EDGE,louvain,,graph,d,,,VASC,Xin,0.07,,,,,,,,,,,,,,,,,,,,,,
EDGE,spectral,,graph,d,,,VASC,Xin,0.19,,,,,,,,,,,,,,,,,,,,,,
GLMPCA,kmeans,,linear,d,,,VASC,Xin,0.39,,,,,,,,,,,,,,,,,,,,,,
GLMPCA,louvain,,linear,d,,,VASC,Xin,0.11,,,,,,,,,,,,,,,,,,,,,,
GLMPCA,spectral,,linear,d,,,VASC,Xin,0.33,,,,,,,,,,,,,,,,,,,,,,
IVIS,kmeans,,metric,d,,,VASC,Xin,0.31,,,,,,,,,,,,,,,,,,,,,,
IVIS,louvain,,metric,d,,,VASC,Xin,0.11,,,,,,,,,,,,,,,,,,,,,,
IVIS,spectral,,metric,d,,,VASC,Xin,0.3,,,,,,,,,,,,,,,,,,,,,,
PCA,kmeans,,linear,d,,,VASC,Xin,0.21,,,,,,,,,,,,,,,,,,,,,,
PCA,louvain,,linear,d,,,VASC,Xin,0.05,,,,,,,,,,,,,,,,,,,,,,
PCA,spectral,,linear,d,,,VASC,Xin,0.1,,,,,,,,,,,,,,,,,,,,,,
PHATE,kmeans,,graph,d,,,VASC,Xin,0.53,,,,,,,,,,,,,,,,,,,,,,
PHATE,louvain,,graph,d,,,VASC,Xin,0.13,,,,,,,,,,,,,,,,,,,,,,
PHATE,spectral,,graph,d,,,VASC,Xin,0.32,,,,,,,,,,,,,,,,,,,,,,
PaCMAP,kmeans,,metric,d,,,VASC,Xin,0.04,,,,,,,,,,,,,,,,,,,,,,
PaCMAP,louvain,,metric,d,,,VASC,Xin,0.03,,,,,,,,,,,,,,,,,,,,,,
PaCMAP,spectral,,metric,d,,,VASC,Xin,0.06,,,,,,,,,,,,,,,,,,,,,,
SAUCIE,kmeans,,deep,d,,,VASC,Xin,0.04,,,,,,,,,,,,,,,,,,,,,,
SAUCIE,louvain,,deep,d,,,VASC,Xin,0.01,,,,,,,,,,,,,,,,,,,,,,
SAUCIE,spectral,,deep,d,,,VASC,Xin,0.02,,,,,,,,,,,,,,,,,,,,,,
SCDRHA,kmeans,,deep,d,,,VASC,Xin,0.44,,,,,,,,,,,,,,,,,,,,,,
SCDRHA,louvain,,deep,d,,,VASC,Xin,0.13,,,,,,,,,,,,,,,,,,,,,,
SCDRHA,spectral,,deep,d,,,VASC,Xin,0.41,,,,,,,,,,,,,,,,,,,,,,
SIMLR,kmeans,,graph,d,,,VASC,Xin,0.48,,,,,,,,,,,,,,,,,,,,,,
SIMLR,louvain,,graph,d,,,VASC,Xin,0.12,,,,,,,,,,,,,,,,,,,,,,
SIMLR,spectral,,graph,d,,,VASC,Xin,0.32,,,,,,,,,,,,,,,,,,,,,,
SPDR,kmeans,,graph,d,,,VASC,Xin,0.52,,,,,,,,,,,,,,,,,,,,,,
SPDR,louvain,,graph,d,,,VASC,Xin,0.13,,,,,,,,,,,,,,,,,,,,,,
SPDR,spectral,,graph,d,,,VASC,Xin,0.56,,,,,,,,,,,,,,,,,,,,,,
SQuaD-MDS,kmeans,,metric,d,,,VASC,Xin,0.245,,,,,,,,,,,,,,,,,,,,,,
SQuaD-MDS,louvain,,metric,d,,,VASC,Xin,0.095,,,,,,,,,,,,,,,,,,,,,,
SQuaD-MDS,spectral,,metric,d,,,VASC,Xin,0.245,,,,,,,,,,,,,,,,,,,,,,
SSNMDI,kmeans,,linear,d,,,VASC,Xin,0.03,,,,,,,,,,,,,,,,,,,,,,
SSNMDI,louvain,,linear,d,,,VASC,Xin,0.01,,,,,,,,,,,,,,,,,,,,,,
SSNMDI,spectral,,linear,d,,,VASC,Xin,0.02,,,,,,,,,,,,,,,,,,,,,,
TriMap,kmeans,,metric,d,,,VASC,Xin,0.51,,,,,,,,,,,,,,,,,,,,,,
TriMap,louvain,,metric,d,,,VASC,Xin,0.14,,,,,,,,,,,,,,,,,,,,,,
TriMap,spectral,,metric,d,,,VASC,Xin,0.25,,,,,,,,,,,,,,,,,,,,,,
UMAP,kmeans,,graph,d,,,VASC,Xin,0.34,,,,,,,,,,,,,,,,,,,,,,
UMAP,louvain,,graph,d,,,VASC,Xin,0.09,,,,,,,,,,,,,,,,,,,,,,
UMAP,spectral,,graph,d,,,VASC,Xin,0.32,,,,,,,,,,,,,,,,,,,,,,
VAE,kmeans,,deep,d,,,VASC,Xin,0.29,,,,,,,,,,,,,,,,,,,,,,
VAE,louvain,,deep,d,,,VASC,Xin,0.11,,,,,,,,,,,,,,,,,,,,,,
VAE,spectral,,deep,d,,,VASC,Xin,0.35,,,,,,,,,,,,,,,,,,,,,,
VASC,kmeans,,deep,d,,,VASC,Xin,0.16,,,,,,,,,,,,,,,,,,,,,,
VASC,louvain,,deep,d,,,VASC,Xin,0.02,,,,,,,,,,,,,,,,,,,,,,
VASC,spectral,,deep,d,,,VASC,Xin,0.07,,,,,,,,,,,,,,,,,,,,,,
ZIFA,kmeans,,linear,d,,,VASC,Xin,0.42,,,,,,,,,,,,,,,,,,,,,,
ZIFA,louvain,,linear,d,,,VASC,Xin,0.11,,,,,,,,,,,,,,,,,,,,,,
ZIFA,spectral,,linear,d,,,VASC,Xin,0.27,,,,,,,,,,,,,,,,,,,,,,
pCMF,kmeans,,linear,d,,,VASC,Xin,0.1,,,,,,,,,,,,,,,,,,,,,,
pCMF,louvain,,linear,d,,,VASC,Xin,0.03,,,,,,,,,,,,,,,,,,,,,,
pCMF,spectral,,linear,d,,,VASC,Xin,0.08,,,,,,,,,,,,,,,,,,,,,,
scGAE,kmeans,,deep,d,,,VASC,Xin,0.27,,,,,,,,,,,,,,,,,,,,,,
scGAE,louvain,,deep,d,,,VASC,Xin,0.08,,,,,,,,,,,,,,,,,,,,,,
scGAE,spectral,,deep,d,,,VASC,Xin,0.17,,,,,,,,,,,,,,,,,,,,,,
scGBM,kmeans,,linear,d,,,VASC,Xin,0.4,,,,,,,,,,,,,,,,,,,,,,
scGBM,louvain,,linear,d,,,VASC,Xin,0.11,,,,,,,,,,,,,,,,,,,,,,
scGBM,spectral,,linear,d,,,VASC,Xin,0.34,,,,,,,,,,,,,,,,,,,,,,
scScope,kmeans,,deep,d,,,VASC,Xin,0.28,,,,,,,,,,,,,,,,,,,,,,
scScope,louvain,,deep,d,,,VASC,Xin,0.11,,,,,,,,,,,,,,,,,,,,,,
scScope,spectral,,deep,d,,,VASC,Xin,0.27,,,,,,,,,,,,,,,,,,,,,,
scvis,kmeans,,deep,d,,,VASC,Xin,0.54,,,,,,,,,,,,,,,,,,,,,,
scvis,louvain,,deep,d,,,VASC,Xin,0.12,,,,,,,,,,,,,,,,,,,,,,
scvis,spectral,,deep,d,,,VASC,Xin,0.32,,,,,,,,,,,,,,,,,,,,,,
t-SNE,kmeans,,metric,d,,,VASC,Xin,0.35,,,,,,,,,,,,,,,,,,,,,,
t-SNE,louvain,,metric,d,,,VASC,Xin,0.13,,,,,,,,,,,,,,,,,,,,,,
t-SNE,spectral,,metric,d,,,VASC,Xin,0.27,,,,,,,,,,,,,,,,,,,,,,
tGPLVM,kmeans,,linear,d,,,VASC,Xin,0.22,,,,,,,,,,,,,,,,,,,,,,
tGPLVM,louvain,,linear,d,,,VASC,Xin,0.09,,,,,,,,,,,,,,,,,,,,,,
tGPLVM,spectral,,linear,d,,,VASC,Xin,0.21,,,,,,,,,,,,,,,,,,,,,,
DRA,kmeans,,deep,d,,,VASC,Zeisel,-0.0,,,,,,,,,,,,,,,,,,,,,,
DRA,louvain,,deep,d,,,VASC,Zeisel,-0.0,,,,,,,,,,,,,,,,,,,,,,
DRA,spectral,,deep,d,,,VASC,Zeisel,-0.0,,,,,,,,,,,,,,,,,,,,,,
DREAM,kmeans,,deep,d,,,VASC,Zeisel,0.51,,,,,,,,,,,,,,,,,,,,,,
DREAM,louvain,,deep,d,,,VASC,Zeisel,0.17,,,,,,,,,,,,,,,,,,,,,,
DREAM,spectral,,deep,d,,,VASC,Zeisel,0.45,,,,,,,,,,,,,,,,,,,,,,
EDGE,kmeans,,graph,d,,,VASC,Zeisel,0.53,,,,,,,,,,,,,,,,,,,,,,
EDGE,louvain,,graph,d,,,VASC,Zeisel,0.14,,,,,,,,,,,,,,,,,,,,,,
EDGE,spectral,,graph,d,,,VASC,Zeisel,0.46,,,,,,,,,,,,,,,,,,,,,,
GLMPCA,kmeans,,linear,d,,,VASC,Zeisel,0.51,,,,,,,,,,,,,,,,,,,,,,
GLMPCA,louvain,,linear,d,,,VASC,Zeisel,0.16,,,,,,,,,,,,,,,,,,,,,,
GLMPCA,spectral,,linear,d,,,VASC,Zeisel,0.39,,,,,,,,,,,,,,,,,,,,,,
IVIS,kmeans,,metric,d,,,VASC,Zeisel,0.54,,,,,,,,,,,,,,,,,,,,,,
IVIS,louvain,,metric,d,,,VASC,Zeisel,0.18,,,,,,,,,,,,,,,,,,,,,,
IVIS,spectral,,metric,d,,,VASC,Zeisel,0.5,,,,,,,,,,,,,,,,,,,,,,
PCA,kmeans,,linear,d,,,VASC,Zeisel,0.44,,,,,,,,,,,,,,,,,,,,,,
PCA,louvain,,linear,d,,,VASC,Zeisel,0.11,,,,,,,,,,,,,,,,,,,,,,
PCA,spectral,,linear,d,,,VASC,Zeisel,0.29,,,,,,,,,,,,,,,,,,,,,,
PHATE,kmeans,,graph,d,,,VASC,Zeisel,0.61,,,,,,,,,,,,,,,,,,,,,,
PHATE,louvain,,graph,d,,,VASC,Zeisel,0.15,,,,,,,,,,,,,,,,,,,,,,
PHATE,spectral,,graph,d,,,VASC,Zeisel,0.52,,,,,,,,,,,,,,,,,,,,,,
PaCMAP,kmeans,,metric,d,,,VASC,Zeisel,0.4,,,,,,,,,,,,,,,,,,,,,,
PaCMAP,louvain,,metric,d,,,VASC,Zeisel,0.11,,,,,,,,,,,,,,,,,,,,,,
PaCMAP,spectral,,metric,d,,,VASC,Zeisel,0.34,,,,,,,,,,,,,,,,,,,,,,
SAUCIE,kmeans,,deep,d,,,VASC,Zeisel,0.28,,,,,,,,,,,,,,,,,,,,,,
SAUCIE,louvain,,deep,d,,,VASC,Zeisel,0.1,,,,,,,,,,,,,,,,,,,,,,
SAUCIE,spectral,,deep,d,,,VASC,Zeisel,0.22,,,,,,,,,,,,,,,,,,,,,,
SCDRHA,kmeans,,deep,d,,,VASC,Zeisel,0.62,,,,,,,,,,,,,,,,,,,,,,
SCDRHA,louvain,,deep,d,,,VASC,Zeisel,0.16,,,,,,,,,,,,,,,,,,,,,,
SCDRHA,spectral,,deep,d,,,VASC,Zeisel,0.42,,,,,,,,,,,,,,,,,,,,,,
SIMLR,kmeans,,graph,d,,,VASC,Zeisel,0.76,,,,,,,,,,,,,,,,,,,,,,
SIMLR,louvain,,graph,d,,,VASC,Zeisel,0.15,,,,,,,,,,,,,,,,,,,,,,
SIMLR,spectral,,graph,d,,,VASC,Zeisel,0.73,,,,,,,,,,,,,,,,,,,,,,
SPDR,kmeans,,graph,d,,,VASC,Zeisel,0.55,,,,,,,,,,,,,,,,,,,,,,
SPDR,louvain,,graph,d,,,VASC,Zeisel,0.14,,,,,,,,,,,,,,,,,,,,,,
SPDR,spectral,,graph,d,,,VASC,Zeisel,0.58,,,,,,,,,,,,,,,,,,,,,,
SQuaD-MDS,kmeans,,metric,d,,,VASC,Zeisel,0.535,,,,,,,,,,,,,,,,,,,,,,
SQuaD-MDS,louvain,,metric,d,,,VASC,Zeisel,0.14500000000000002,,,,,,,,,,,,,,,,,,,,,,
SQuaD-MDS,spectral,,metric,d,,,VASC,Zeisel,0.51,,,,,,,,,,,,,,,,,,,,,,
SSNMDI,kmeans,,linear,d,,,VASC,Zeisel,0.18,,,,,,,,,,,,,,,,,,,,,,
SSNMDI,louvain,,linear,d,,,VASC,Zeisel,0.07,,,,,,,,,,,,,,,,,,,,,,
SSNMDI,spectral,,linear,d,,,VASC,Zeisel,0.15,,,,,,,,,,,,,,,,,,,,,,
TriMap,kmeans,,metric,d,,,VASC,Zeisel,0.57,,,,,,,,,,,,,,,,,,,,,,
TriMap,louvain,,metric,d,,,VASC,Zeisel,0.15,,,,,,,,,,,,,,,,,,,,,,
TriMap,spectral,,metric,d,,,VASC,Zeisel,0.71,,,,,,,,,,,,,,,,,,,,,,
UMAP,kmeans,,graph,d,,,VASC,Zeisel,0.67,,,,,,,,,,,,,,,,,,,,,,
UMAP,louvain,,graph,d,,,VASC,Zeisel,0.15,,,,,,,,,,,,,,,,,,,,,,
UMAP,spectral,,graph,d,,,VASC,Zeisel,0.56,,,,,,,,,,,,,,,,,,,,,,
VAE,kmeans,,deep,d,,,VASC,Zeisel,0.42,,,,,,,,,,,,,,,,,,,,,,
VAE,louvain,,deep,d,,,VASC,Zeisel,0.14,,,,,,,,,,,,,,,,,,,,,,
VAE,spectral,,deep,d,,,VASC,Zeisel,0.52,,,,,,,,,,,,,,,,,,,,,,
VASC,kmeans,,deep,d,,,VASC,Zeisel,0.57,,,,,,,,,,,,,,,,,,,,,,
VASC,louvain,,deep,d,,,VASC,Zeisel,0.14,,,,,,,,,,,,,,,,,,,,,,
VASC,spectral,,deep,d,,,VASC,Zeisel,0.46,,,,,,,,,,,,,,,,,,,,,,
ZIFA,kmeans,,linear,d,,,VASC,Zeisel,0.4,,,,,,,,,,,,,,,,,,,,,,
ZIFA,louvain,,linear,d,,,VASC,Zeisel,0.12,,,,,,,,,,,,,,,,,,,,,,
ZIFA,spectral,,linear,d,,,VASC,Zeisel,0.32,,,,,,,,,,,,,,,,,,,,,,
pCMF,kmeans,,linear,d,,,VASC,Zeisel,0.28,,,,,,,,,,,,,,,,,,,,,,
pCMF,louvain,,linear,d,,,VASC,Zeisel,0.14,,,,,,,,,,,,,,,,,,,,,,
pCMF,spectral,,linear,d,,,VASC,Zeisel,0.23,,,,,,,,,,,,,,,,,,,,,,
scGAE,kmeans,,deep,d,,,VASC,Zeisel,0.51,,,,,,,,,,,,,,,,,,,,,,
scGAE,louvain,,deep,d,,,VASC,Zeisel,0.15,,,,,,,,,,,,,,,,,,,,,,
scGAE,spectral,,deep,d,,,VASC,Zeisel,0.39,,,,,,,,,,,,,,,,,,,,,,
scGBM,kmeans,,linear,d,,,VASC,Zeisel,0.36,,,,,,,,,,,,,,,,,,,,,,
scGBM,louvain,,linear,d,,,VASC,Zeisel,0.12,,,,,,,,,,,,,,,,,,,,,,
scGBM,spectral,,linear,d,,,VASC,Zeisel,0.31,,,,,,,,,,,,,,,,,,,,,,
scScope,kmeans,,deep,d,,,VASC,Zeisel,0.55,,,,,,,,,,,,,,,,,,,,,,
scScope,louvain,,deep,d,,,VASC,Zeisel,0.16,,,,,,,,,,,,,,,,,,,,,,
scScope,spectral,,deep,d,,,VASC,Zeisel,0.55,,,,,,,,,,,,,,,,,,,,,,
scvis,kmeans,,deep,d,,,VASC,Zeisel,0.65,,,,,,,,,,,,,,,,,,,,,,
scvis,louvain,,deep,d,,,VASC,Zeisel,0.17,,,,,,,,,,,,,,,,,,,,,,
scvis,spectral,,deep,d,,,VASC,Zeisel,0.59,,,,,,,,,,,,,,,,,,,,,,
t-SNE,kmeans,,metric,d,,,VASC,Zeisel,0.43,,,,,,,,,,,,,,,,,,,,,,
t-SNE,louvain,,metric,d,,,VASC,Zeisel,0.16,,,,,,,,,,,,,,,,,,,,,,
t-SNE,spectral,,metric,d,,,VASC,Zeisel,0.39,,,,,,,,,,,,,,,,,,,,,,
tGPLVM,kmeans,,linear,d,,,VASC,Zeisel,0.56,,,,,,,,,,,,,,,,,,,,,,
tGPLVM,louvain,,linear,d,,,VASC,Zeisel,0.14,,,,,,,,,,,,,,,,,,,,,,
tGPLVM,spectral,,linear,d,,,VASC,Zeisel,0.43,,,,,,,,,,,,,,,,,,,,,,
DRA,kmeans,,deep,d,,,VASC,yan,-0.0,,,,,,,,,,,,,,,,,,,,,,
DRA,louvain,,deep,d,,,VASC,yan,-0.02,,,,,,,,,,,,,,,,,,,,,,
DRA,spectral,,deep,d,,,VASC,yan,0.02,,,,,,,,,,,,,,,,,,,,,,
DREAM,kmeans,,deep,d,,,VASC,yan,0.83,,,,,,,,,,,,,,,,,,,,,,
DREAM,louvain,,deep,d,,,VASC,yan,0.87,,,,,,,,,,,,,,,,,,,,,,
DREAM,spectral,,deep,d,,,VASC,yan,0.76,,,,,,,,,,,,,,,,,,,,,,
EDGE,kmeans,,graph,d,,,VASC,yan,0.57,,,,,,,,,,,,,,,,,,,,,,
EDGE,louvain,,graph,d,,,VASC,yan,0.81,,,,,,,,,,,,,,,,,,,,,,
EDGE,spectral,,graph,d,,,VASC,yan,0.54,,,,,,,,,,,,,,,,,,,,,,
GLMPCA,kmeans,,linear,d,,,VASC,yan,0.78,,,,,,,,,,,,,,,,,,,,,,
GLMPCA,louvain,,linear,d,,,VASC,yan,0.81,,,,,,,,,,,,,,,,,,,,,,
GLMPCA,spectral,,linear,d,,,VASC,yan,0.75,,,,,,,,,,,,,,,,,,,,,,
IVIS,kmeans,,metric,d,,,VASC,yan,0.64,,,,,,,,,,,,,,,,,,,,,,
IVIS,louvain,,metric,d,,,VASC,yan,0.69,,,,,,,,,,,,,,,,,,,,,,
IVIS,spectral,,metric,d,,,VASC,yan,0.6,,,,,,,,,,,,,,,,,,,,,,
PCA,kmeans,,linear,d,,,VASC,yan,0.65,,,,,,,,,,,,,,,,,,,,,,
PCA,louvain,,linear,d,,,VASC,yan,0.79,,,,,,,,,,,,,,,,,,,,,,
PCA,spectral,,linear,d,,,VASC,yan,0.58,,,,,,,,,,,,,,,,,,,,,,
PHATE,kmeans,,graph,d,,,VASC,yan,0.81,,,,,,,,,,,,,,,,,,,,,,
PHATE,louvain,,graph,d,,,VASC,yan,0.74,,,,,,,,,,,,,,,,,,,,,,
PHATE,spectral,,graph,d,,,VASC,yan,0.58,,,,,,,,,,,,,,,,,,,,,,
PaCMAP,kmeans,,metric,d,,,VASC,yan,0.39,,,,,,,,,,,,,,,,,,,,,,
PaCMAP,louvain,,metric,d,,,VASC,yan,0.34,,,,,,,,,,,,,,,,,,,,,,
PaCMAP,spectral,,metric,d,,,VASC,yan,0.4,,,,,,,,,,,,,,,,,,,,,,
SAUCIE,kmeans,,deep,d,,,VASC,yan,0.8,,,,,,,,,,,,,,,,,,,,,,
SAUCIE,louvain,,deep,d,,,VASC,yan,0.83,,,,,,,,,,,,,,,,,,,,,,
SAUCIE,spectral,,deep,d,,,VASC,yan,0.66,,,,,,,,,,,,,,,,,,,,,,
SCDRHA,kmeans,,deep,d,,,VASC,yan,0.76,,,,,,,,,,,,,,,,,,,,,,
SCDRHA,louvain,,deep,d,,,VASC,yan,0.69,,,,,,,,,,,,,,,,,,,,,,
SCDRHA,spectral,,deep,d,,,VASC,yan,0.59,,,,,,,,,,,,,,,,,,,,,,
SIMLR,kmeans,,graph,d,,,VASC,yan,0.55,,,,,,,,,,,,,,,,,,,,,,
SIMLR,louvain,,graph,d,,,VASC,yan,0.38,,,,,,,,,,,,,,,,,,,,,,
SIMLR,spectral,,graph,d,,,VASC,yan,0.55,,,,,,,,,,,,,,,,,,,,,,
SPDR,kmeans,,graph,d,,,VASC,yan,0.75,,,,,,,,,,,,,,,,,,,,,,
SPDR,louvain,,graph,d,,,VASC,yan,0.62,,,,,,,,,,,,,,,,,,,,,,
SPDR,spectral,,graph,d,,,VASC,yan,0.74,,,,,,,,,,,,,,,,,,,,,,
SQuaD-MDS,kmeans,,metric,d,,,VASC,yan,0.59,,,,,,,,,,,,,,,,,,,,,,
SQuaD-MDS,louvain,,metric,d,,,VASC,yan,0.765,,,,,,,,,,,,,,,,,,,,,,
SQuaD-MDS,spectral,,metric,d,,,VASC,yan,0.62,,,,,,,,,,,,,,,,,,,,,,
SSNMDI,kmeans,,linear,d,,,VASC,yan,0.29,,,,,,,,,,,,,,,,,,,,,,
SSNMDI,louvain,,linear,d,,,VASC,yan,0.4,,,,,,,,,,,,,,,,,,,,,,
SSNMDI,spectral,,linear,d,,,VASC,yan,0.29,,,,,,,,,,,,,,,,,,,,,,
TriMap,kmeans,,metric,d,,,VASC,yan,0.9,,,,,,,,,,,,,,,,,,,,,,
TriMap,louvain,,metric,d,,,VASC,yan,0.61,,,,,,,,,,,,,,,,,,,,,,
TriMap,spectral,,metric,d,,,VASC,yan,0.73,,,,,,,,,,,,,,,,,,,,,,
UMAP,kmeans,,graph,d,,,VASC,yan,0.86,,,,,,,,,,,,,,,,,,,,,,
UMAP,louvain,,graph,d,,,VASC,yan,0.81,,,,,,,,,,,,,,,,,,,,,,
UMAP,spectral,,graph,d,,,VASC,yan,0.73,,,,,,,,,,,,,,,,,,,,,,
VAE,kmeans,,deep,d,,,VASC,yan,0.61,,,,,,,,,,,,,,,,,,,,,,
VAE,louvain,,deep,d,,,VASC,yan,0.58,,,,,,,,,,,,,,,,,,,,,,
VAE,spectral,,deep,d,,,VASC,yan,0.44,,,,,,,,,,,,,,,,,,,,,,
VASC,kmeans,,deep,d,,,VASC,yan,0.65,,,,,,,,,,,,,,,,,,,,,,
VASC,louvain,,deep,d,,,VASC,yan,0.79,,,,,,,,,,,,,,,,,,,,,,
VASC,spectral,,deep,d,,,VASC,yan,0.61,,,,,,,,,,,,,,,,,,,,,,
ZIFA,kmeans,,linear,d,,,VASC,yan,0.63,,,,,,,,,,,,,,,,,,,,,,
ZIFA,louvain,,linear,d,,,VASC,yan,0.81,,,,,,,,,,,,,,,,,,,,,,
ZIFA,spectral,,linear,d,,,VASC,yan,0.73,,,,,,,,,,,,,,,,,,,,,,
pCMF,kmeans,,linear,d,,,VASC,yan,0.68,,,,,,,,,,,,,,,,,,,,,,
pCMF,louvain,,linear,d,,,VASC,yan,0.87,,,,,,,,,,,,,,,,,,,,,,
pCMF,spectral,,linear,d,,,VASC,yan,0.74,,,,,,,,,,,,,,,,,,,,,,
scGAE,kmeans,,deep,d,,,VASC,yan,0.63,,,,,,,,,,,,,,,,,,,,,,
scGAE,louvain,,deep,d,,,VASC,yan,0.82,,,,,,,,,,,,,,,,,,,,,,
scGAE,spectral,,deep,d,,,VASC,yan,0.61,,,,,,,,,,,,,,,,,,,,,,
scGBM,kmeans,,linear,d,,,VASC,yan,0.79,,,,,,,,,,,,,,,,,,,,,,
scGBM,louvain,,linear,d,,,VASC,yan,0.81,,,,,,,,,,,,,,,,,,,,,,
scGBM,spectral,,linear,d,,,VASC,yan,0.75,,,,,,,,,,,,,,,,,,,,,,
scScope,kmeans,,deep,d,,,VASC,yan,0.69,,,,,,,,,,,,,,,,,,,,,,
scScope,louvain,,deep,d,,,VASC,yan,0.71,,,,,,,,,,,,,,,,,,,,,,
scScope,spectral,,deep,d,,,VASC,yan,0.58,,,,,,,,,,,,,,,,,,,,,,
scvis,kmeans,,deep,d,,,VASC,yan,0.66,,,,,,,,,,,,,,,,,,,,,,
scvis,louvain,,deep,d,,,VASC,yan,0.73,,,,,,,,,,,,,,,,,,,,,,
scvis,spectral,,deep,d,,,VASC,yan,0.68,,,,,,,,,,,,,,,,,,,,,,
t-SNE,kmeans,,metric,d,,,VASC,yan,0.88,,,,,,,,,,,,,,,,,,,,,,
t-SNE,louvain,,metric,d,,,VASC,yan,0.72,,,,,,,,,,,,,,,,,,,,,,
t-SNE,spectral,,metric,d,,,VASC,yan,0.64,,,,,,,,,,,,,,,,,,,,,,
tGPLVM,kmeans,,linear,d,,,VASC,yan,0.64,,,,,,,,,,,,,,,,,,,,,,
tGPLVM,louvain,,linear,d,,,VASC,yan,0.65,,,,,,,,,,,,,,,,,,,,,,
tGPLVM,spectral,,linear,d,,,VASC,yan,0.46,,,,,,,,,,,,,,,,,,,,,,
DRA,kmeans,,deep,d,,,benchmarker,Baron_mouse,0.0,,,,,,,,,,,,,,,,,,,,,,
DRA,louvain,,deep,d,,,benchmarker,Baron_mouse,-0.0,,,,,,,,,,,,,,,,,,,,,,
DRA,spectral,,deep,d,,,benchmarker,Baron_mouse,-0.0,,,,,,,,,,,,,,,,,,,,,,
DREAM,kmeans,,deep,d,,,benchmarker,Baron_mouse,0.2,,,,,,,,,,,,,,,,,,,,,,
DREAM,louvain,,deep,d,,,benchmarker,Baron_mouse,0.11,,,,,,,,,,,,,,,,,,,,,,
DREAM,spectral,,deep,d,,,benchmarker,Baron_mouse,0.18,,,,,,,,,,,,,,,,,,,,,,
EDGE,kmeans,,graph,d,,,benchmarker,Baron_mouse,0.19,,,,,,,,,,,,,,,,,,,,,,
EDGE,louvain,,graph,d,,,benchmarker,Baron_mouse,0.1,,,,,,,,,,,,,,,,,,,,,,
EDGE,spectral,,graph,d,,,benchmarker,Baron_mouse,0.17,,,,,,,,,,,,,,,,,,,,,,
GLMPCA,kmeans,,linear,d,,,benchmarker,Baron_mouse,0.33,,,,,,,,,,,,,,,,,,,,,,
GLMPCA,louvain,,linear,d,,,benchmarker,Baron_mouse,0.17,,,,,,,,,,,,,,,,,,,,,,
GLMPCA,spectral,,linear,d,,,benchmarker,Baron_mouse,0.28,,,,,,,,,,,,,,,,,,,,,,
IVIS,kmeans,,metric,d,,,benchmarker,Baron_mouse,0.37,,,,,,,,,,,,,,,,,,,,,,
IVIS,louvain,,metric,d,,,benchmarker,Baron_mouse,0.17,,,,,,,,,,,,,,,,,,,,,,
IVIS,spectral,,metric,d,,,benchmarker,Baron_mouse,0.31,,,,,,,,,,,,,,,,,,,,,,
PCA,kmeans,,linear,d,,,benchmarker,Baron_mouse,0.52,,,,,,,,,,,,,,,,,,,,,,
PCA,louvain,,linear,d,,,benchmarker,Baron_mouse,0.12,,,,,,,,,,,,,,,,,,,,,,
PCA,spectral,,linear,d,,,benchmarker,Baron_mouse,0.19,,,,,,,,,,,,,,,,,,,,,,
PHATE,kmeans,,graph,d,,,benchmarker,Baron_mouse,0.49,,,,,,,,,,,,,,,,,,,,,,
PHATE,louvain,,graph,d,,,benchmarker,Baron_mouse,0.19,,,,,,,,,,,,,,,,,,,,,,
PHATE,spectral,,graph,d,,,benchmarker,Baron_mouse,0.45,,,,,,,,,,,,,,,,,,,,,,
PaCMAP,kmeans,,metric,d,,,benchmarker,Baron_mouse,0.0,,,,,,,,,,,,,,,,,,,,,,
PaCMAP,louvain,,metric,d,,,benchmarker,Baron_mouse,0.0,,,,,,,,,,,,,,,,,,,,,,
PaCMAP,spectral,,metric,d,,,benchmarker,Baron_mouse,-0.0,,,,,,,,,,,,,,,,,,,,,,
SAUCIE,kmeans,,deep,d,,,benchmarker,Baron_mouse,0.11,,,,,,,,,,,,,,,,,,,,,,
SAUCIE,louvain,,deep,d,,,benchmarker,Baron_mouse,0.05,,,,,,,,,,,,,,,,,,,,,,
SAUCIE,spectral,,deep,d,,,benchmarker,Baron_mouse,0.1,,,,,,,,,,,,,,,,,,,,,,
SCDRHA,kmeans,,deep,d,,,benchmarker,Baron_mouse,0.37,,,,,,,,,,,,,,,,,,,,,,
SCDRHA,louvain,,deep,d,,,benchmarker,Baron_mouse,0.16,,,,,,,,,,,,,,,,,,,,,,
SCDRHA,spectral,,deep,d,,,benchmarker,Baron_mouse,0.31,,,,,,,,,,,,,,,,,,,,,,
SIMLR,kmeans,,graph,d,,,benchmarker,Baron_mouse,0.47,,,,,,,,,,,,,,,,,,,,,,
SIMLR,louvain,,graph,d,,,benchmarker,Baron_mouse,0.18,,,,,,,,,,,,,,,,,,,,,,
SIMLR,spectral,,graph,d,,,benchmarker,Baron_mouse,0.18,,,,,,,,,,,,,,,,,,,,,,
SPDR,kmeans,,graph,d,,,benchmarker,Baron_mouse,0.44,,,,,,,,,,,,,,,,,,,,,,
SPDR,louvain,,graph,d,,,benchmarker,Baron_mouse,0.19,,,,,,,,,,,,,,,,,,,,,,
SPDR,spectral,,graph,d,,,benchmarker,Baron_mouse,0.22,,,,,,,,,,,,,,,,,,,,,,
SQuaD-MDS,kmeans,,metric,d,,,benchmarker,Baron_mouse,0.33499999999999996,,,,,,,,,,,,,,,,,,,,,,
SQuaD-MDS,louvain,,metric,d,,,benchmarker,Baron_mouse,0.165,,,,,,,,,,,,,,,,,,,,,,
SQuaD-MDS,spectral,,metric,d,,,benchmarker,Baron_mouse,0.315,,,,,,,,,,,,,,,,,,,,,,
SSNMDI,kmeans,,linear,d,,,benchmarker,Baron_mouse,0.0,,,,,,,,,,,,,,,,,,,,,,
SSNMDI,louvain,,linear,d,,,benchmarker,Baron_mouse,0.0,,,,,,,,,,,,,,,,,,,,,,
SSNMDI,spectral,,linear,d,,,benchmarker,Baron_mouse,0.0,,,,,,,,,,,,,,,,,,,,,,
TriMap,kmeans,,metric,d,,,benchmarker,Baron_mouse,0.42,,,,,,,,,,,,,,,,,,,,,,
TriMap,louvain,,metric,d,,,benchmarker,Baron_mouse,0.19,,,,,,,,,,,,,,,,,,,,,,
TriMap,spectral,,metric,d,,,benchmarker,Baron_mouse,0.35,,,,,,,,,,,,,,,,,,,,,,
UMAP,kmeans,,graph,d,,,benchmarker,Baron_mouse,0.38,,,,,,,,,,,,,,,,,,,,,,
UMAP,louvain,,graph,d,,,benchmarker,Baron_mouse,0.17,,,,,,,,,,,,,,,,,,,,,,
UMAP,spectral,,graph,d,,,benchmarker,Baron_mouse,0.29,,,,,,,,,,,,,,,,,,,,,,
VAE,kmeans,,deep,d,,,benchmarker,Baron_mouse,0.35,,,,,,,,,,,,,,,,,,,,,,
VAE,louvain,,deep,d,,,benchmarker,Baron_mouse,0.17,,,,,,,,,,,,,,,,,,,,,,
VAE,spectral,,deep,d,,,benchmarker,Baron_mouse,0.36,,,,,,,,,,,,,,,,,,,,,,
VASC,kmeans,,deep,d,,,benchmarker,Baron_mouse,0.81,,,,,,,,,,,,,,,,,,,,,,
VASC,louvain,,deep,d,,,benchmarker,Baron_mouse,0.15,,,,,,,,,,,,,,,,,,,,,,
VASC,spectral,,deep,d,,,benchmarker,Baron_mouse,0.31,,,,,,,,,,,,,,,,,,,,,,
ZIFA,kmeans,,linear,d,,,benchmarker,Baron_mouse,0.26,,,,,,,,,,,,,,,,,,,,,,
ZIFA,louvain,,linear,d,,,benchmarker,Baron_mouse,0.12,,,,,,,,,,,,,,,,,,,,,,
ZIFA,spectral,,linear,d,,,benchmarker,Baron_mouse,0.19,,,,,,,,,,,,,,,,,,,,,,
pCMF,kmeans,,linear,d,,,benchmarker,Baron_mouse,0.22,,,,,,,,,,,,,,,,,,,,,,
pCMF,louvain,,linear,d,,,benchmarker,Baron_mouse,0.05,,,,,,,,,,,,,,,,,,,,,,
pCMF,spectral,,linear,d,,,benchmarker,Baron_mouse,0.13,,,,,,,,,,,,,,,,,,,,,,
scGAE,kmeans,,deep,d,,,benchmarker,Baron_mouse,0.28,,,,,,,,,,,,,,,,,,,,,,
scGAE,louvain,,deep,d,,,benchmarker,Baron_mouse,0.12,,,,,,,,,,,,,,,,,,,,,,
scGAE,spectral,,deep,d,,,benchmarker,Baron_mouse,0.27,,,,,,,,,,,,,,,,,,,,,,
scGBM,kmeans,,linear,d,,,benchmarker,Baron_mouse,0.33,,,,,,,,,,,,,,,,,,,,,,
scGBM,louvain,,linear,d,,,benchmarker,Baron_mouse,0.17,,,,,,,,,,,,,,,,,,,,,,
scGBM,spectral,,linear,d,,,benchmarker,Baron_mouse,0.26,,,,,,,,,,,,,,,,,,,,,,
scScope,kmeans,,deep,d,,,benchmarker,Baron_mouse,0.34,,,,,,,,,,,,,,,,,,,,,,
scScope,louvain,,deep,d,,,benchmarker,Baron_mouse,0.2,,,,,,,,,,,,,,,,,,,,,,
scScope,spectral,,deep,d,,,benchmarker,Baron_mouse,0.32,,,,,,,,,,,,,,,,,,,,,,
scvis,kmeans,,deep,d,,,benchmarker,Baron_mouse,0.46,,,,,,,,,,,,,,,,,,,,,,
scvis,louvain,,deep,d,,,benchmarker,Baron_mouse,0.21,,,,,,,,,,,,,,,,,,,,,,
scvis,spectral,,deep,d,,,benchmarker,Baron_mouse,0.36,,,,,,,,,,,,,,,,,,,,,,
t-SNE,kmeans,,metric,d,,,benchmarker,Baron_mouse,0.34,,,,,,,,,,,,,,,,,,,,,,
t-SNE,louvain,,metric,d,,,benchmarker,Baron_mouse,0.19,,,,,,,,,,,,,,,,,,,,,,
t-SNE,spectral,,metric,d,,,benchmarker,Baron_mouse,0.34,,,,,,,,,,,,,,,,,,,,,,
tGPLVM,kmeans,,linear,d,,,benchmarker,Baron_mouse,0.14,,,,,,,,,,,,,,,,,,,,,,
tGPLVM,louvain,,linear,d,,,benchmarker,Baron_mouse,0.05,,,,,,,,,,,,,,,,,,,,,,
tGPLVM,spectral,,linear,d,,,benchmarker,Baron_mouse,0.12,,,,,,,,,,,,,,,,,,,,,,
DRA,kmeans,,deep,d,,,benchmarker,Darmanis,-0.0,,,,,,,,,,,,,,,,,,,,,,
DRA,louvain,,deep,d,,,benchmarker,Darmanis,-0.0,,,,,,,,,,,,,,,,,,,,,,
DRA,spectral,,deep,d,,,benchmarker,Darmanis,0.01,,,,,,,,,,,,,,,,,,,,,,
DREAM,kmeans,,deep,d,,,benchmarker,Darmanis,0.63,,,,,,,,,,,,,,,,,,,,,,
DREAM,louvain,,deep,d,,,benchmarker,Darmanis,0.33,,,,,,,,,,,,,,,,,,,,,,
DREAM,spectral,,deep,d,,,benchmarker,Darmanis,0.63,,,,,,,,,,,,,,,,,,,,,,
EDGE,kmeans,,graph,d,,,benchmarker,Darmanis,0.4,,,,,,,,,,,,,,,,,,,,,,
EDGE,louvain,,graph,d,,,benchmarker,Darmanis,0.35,,,,,,,,,,,,,,,,,,,,,,
EDGE,spectral,,graph,d,,,benchmarker,Darmanis,0.44,,,,,,,,,,,,,,,,,,,,,,
GLMPCA,kmeans,,linear,d,,,benchmarker,Darmanis,0.73,,,,,,,,,,,,,,,,,,,,,,
GLMPCA,louvain,,linear,d,,,benchmarker,Darmanis,0.43,,,,,,,,,,,,,,,,,,,,,,
GLMPCA,spectral,,linear,d,,,benchmarker,Darmanis,0.5,,,,,,,,,,,,,,,,,,,,,,
IVIS,kmeans,,metric,d,,,benchmarker,Darmanis,0.74,,,,,,,,,,,,,,,,,,,,,,
IVIS,louvain,,metric,d,,,benchmarker,Darmanis,0.35,,,,,,,,,,,,,,,,,,,,,,
IVIS,spectral,,metric,d,,,benchmarker,Darmanis,0.61,,,,,,,,,,,,,,,,,,,,,,
PCA,kmeans,,linear,d,,,benchmarker,Darmanis,0.33,,,,,,,,,,,,,,,,,,,,,,
PCA,louvain,,linear,d,,,benchmarker,Darmanis,0.28,,,,,,,,,,,,,,,,,,,,,,
PCA,spectral,,linear,d,,,benchmarker,Darmanis,0.32,,,,,,,,,,,,,,,,,,,,,,
PHATE,kmeans,,graph,d,,,benchmarker,Darmanis,0.71,,,,,,,,,,,,,,,,,,,,,,
PHATE,louvain,,graph,d,,,benchmarker,Darmanis,0.52,,,,,,,,,,,,,,,,,,,,,,
PHATE,spectral,,graph,d,,,benchmarker,Darmanis,0.63,,,,,,,,,,,,,,,,,,,,,,
PaCMAP,kmeans,,metric,d,,,benchmarker,Darmanis,0.05,,,,,,,,,,,,,,,,,,,,,,
PaCMAP,louvain,,metric,d,,,benchmarker,Darmanis,0.04,,,,,,,,,,,,,,,,,,,,,,
PaCMAP,spectral,,metric,d,,,benchmarker,Darmanis,0.02,,,,,,,,,,,,,,,,,,,,,,
SAUCIE,kmeans,,deep,d,,,benchmarker,Darmanis,0.06,,,,,,,,,,,,,,,,,,,,,,
SAUCIE,louvain,,deep,d,,,benchmarker,Darmanis,0.06,,,,,,,,,,,,,,,,,,,,,,
SAUCIE,spectral,,deep,d,,,benchmarker,Darmanis,0.06,,,,,,,,,,,,,,,,,,,,,,
SCDRHA,kmeans,,deep,d,,,benchmarker,Darmanis,0.66,,,,,,,,,,,,,,,,,,,,,,
SCDRHA,louvain,,deep,d,,,benchmarker,Darmanis,0.29,,,,,,,,,,,,,,,,,,,,,,
SCDRHA,spectral,,deep,d,,,benchmarker,Darmanis,0.52,,,,,,,,,,,,,,,,,,,,,,
SIMLR,kmeans,,graph,d,,,benchmarker,Darmanis,0.92,,,,,,,,,,,,,,,,,,,,,,
SIMLR,louvain,,graph,d,,,benchmarker,Darmanis,0.47,,,,,,,,,,,,,,,,,,,,,,
SIMLR,spectral,,graph,d,,,benchmarker,Darmanis,0.4,,,,,,,,,,,,,,,,,,,,,,
SPDR,kmeans,,graph,d,,,benchmarker,Darmanis,0.92,,,,,,,,,,,,,,,,,,,,,,
SPDR,louvain,,graph,d,,,benchmarker,Darmanis,0.37,,,,,,,,,,,,,,,,,,,,,,
SPDR,spectral,,graph,d,,,benchmarker,Darmanis,0.46,,,,,,,,,,,,,,,,,,,,,,
SQuaD-MDS,kmeans,,metric,d,,,benchmarker,Darmanis,0.54,,,,,,,,,,,,,,,,,,,,,,
SQuaD-MDS,louvain,,metric,d,,,benchmarker,Darmanis,0.45,,,,,,,,,,,,,,,,,,,,,,
SQuaD-MDS,spectral,,metric,d,,,benchmarker,Darmanis,0.49,,,,,,,,,,,,,,,,,,,,,,
SSNMDI,kmeans,,linear,d,,,benchmarker,Darmanis,0.04,,,,,,,,,,,,,,,,,,,,,,
SSNMDI,louvain,,linear,d,,,benchmarker,Darmanis,0.03,,,,,,,,,,,,,,,,,,,,,,
SSNMDI,spectral,,linear,d,,,benchmarker,Darmanis,0.04,,,,,,,,,,,,,,,,,,,,,,
TriMap,kmeans,,metric,d,,,benchmarker,Darmanis,0.83,,,,,,,,,,,,,,,,,,,,,,
TriMap,louvain,,metric,d,,,benchmarker,Darmanis,0.36,,,,,,,,,,,,,,,,,,,,,,
TriMap,spectral,,metric,d,,,benchmarker,Darmanis,0.71,,,,,,,,,,,,,,,,,,,,,,
UMAP,kmeans,,graph,d,,,benchmarker,Darmanis,0.62,,,,,,,,,,,,,,,,,,,,,,
UMAP,louvain,,graph,d,,,benchmarker,Darmanis,0.32,,,,,,,,,,,,,,,,,,,,,,
UMAP,spectral,,graph,d,,,benchmarker,Darmanis,0.64,,,,,,,,,,,,,,,,,,,,,,
VAE,kmeans,,deep,d,,,benchmarker,Darmanis,0.13,,,,,,,,,,,,,,,,,,,,,,
VAE,louvain,,deep,d,,,benchmarker,Darmanis,0.04,,,,,,,,,,,,,,,,,,,,,,
VAE,spectral,,deep,d,,,benchmarker,Darmanis,0.13,,,,,,,,,,,,,,,,,,,,,,
VASC,kmeans,,deep,d,,,benchmarker,Darmanis,0.73,,,,,,,,,,,,,,,,,,,,,,
VASC,louvain,,deep,d,,,benchmarker,Darmanis,0.34,,,,,,,,,,,,,,,,,,,,,,
VASC,spectral,,deep,d,,,benchmarker,Darmanis,0.62,,,,,,,,,,,,,,,,,,,,,,
ZIFA,kmeans,,linear,d,,,benchmarker,Darmanis,0.74,,,,,,,,,,,,,,,,,,,,,,
ZIFA,louvain,,linear,d,,,benchmarker,Darmanis,0.51,,,,,,,,,,,,,,,,,,,,,,
ZIFA,spectral,,linear,d,,,benchmarker,Darmanis,0.49,,,,,,,,,,,,,,,,,,,,,,
pCMF,kmeans,,linear,d,,,benchmarker,Darmanis,0.15,,,,,,,,,,,,,,,,,,,,,,
pCMF,louvain,,linear,d,,,benchmarker,Darmanis,0.18,,,,,,,,,,,,,,,,,,,,,,
pCMF,spectral,,linear,d,,,benchmarker,Darmanis,0.15,,,,,,,,,,,,,,,,,,,,,,
scGAE,kmeans,,deep,d,,,benchmarker,Darmanis,0.62,,,,,,,,,,,,,,,,,,,,,,
scGAE,louvain,,deep,d,,,benchmarker,Darmanis,0.53,,,,,,,,,,,,,,,,,,,,,,
scGAE,spectral,,deep,d,,,benchmarker,Darmanis,0.36,,,,,,,,,,,,,,,,,,,,,,
scGBM,kmeans,,linear,d,,,benchmarker,Darmanis,0.74,,,,,,,,,,,,,,,,,,,,,,
scGBM,louvain,,linear,d,,,benchmarker,Darmanis,0.47,,,,,,,,,,,,,,,,,,,,,,
scGBM,spectral,,linear,d,,,benchmarker,Darmanis,0.56,,,,,,,,,,,,,,,,,,,,,,
scScope,kmeans,,deep,d,,,benchmarker,Darmanis,0.36,,,,,,,,,,,,,,,,,,,,,,
scScope,louvain,,deep,d,,,benchmarker,Darmanis,0.32,,,,,,,,,,,,,,,,,,,,,,
scScope,spectral,,deep,d,,,benchmarker,Darmanis,0.32,,,,,,,,,,,,,,,,,,,,,,
scvis,kmeans,,deep,d,,,benchmarker,Darmanis,0.68,,,,,,,,,,,,,,,,,,,,,,
scvis,louvain,,deep,d,,,benchmarker,Darmanis,0.52,,,,,,,,,,,,,,,,,,,,,,
scvis,spectral,,deep,d,,,benchmarker,Darmanis,0.73,,,,,,,,,,,,,,,,,,,,,,
t-SNE,kmeans,,metric,d,,,benchmarker,Darmanis,0.66,,,,,,,,,,,,,,,,,,,,,,
t-SNE,louvain,,metric,d,,,benchmarker,Darmanis,0.44,,,,,,,,,,,,,,,,,,,,,,
t-SNE,spectral,,metric,d,,,benchmarker,Darmanis,0.42,,,,,,,,,,,,,,,,,,,,,,
tGPLVM,kmeans,,linear,d,,,benchmarker,Darmanis,0.4,,,,,,,,,,,,,,,,,,,,,,
tGPLVM,louvain,,linear,d,,,benchmarker,Darmanis,0.3,,,,,,,,,,,,,,,,,,,,,,
tGPLVM,spectral,,linear,d,,,benchmarker,Darmanis,0.36,,,,,,,,,,,,,,,,,,,,,,
DRA,kmeans,,deep,d,,,benchmarker,Pancreatic,-0.03,,,,,,,,,,,,,,,,,,,,,,
DRA,louvain,,deep,d,,,benchmarker,Pancreatic,-0.01,,,,,,,,,,,,,,,,,,,,,,
DRA,spectral,,deep,d,,,benchmarker,Pancreatic,-0.02,,,,,,,,,,,,,,,,,,,,,,
DREAM,kmeans,,deep,d,,,benchmarker,Pancreatic,0.26,,,,,,,,,,,,,,,,,,,,,,
DREAM,louvain,,deep,d,,,benchmarker,Pancreatic,0.3,,,,,,,,,,,,,,,,,,,,,,
DREAM,spectral,,deep,d,,,benchmarker,Pancreatic,0.25,,,,,,,,,,,,,,,,,,,,,,
EDGE,kmeans,,graph,d,,,benchmarker,Pancreatic,0.4,,,,,,,,,,,,,,,,,,,,,,
EDGE,louvain,,graph,d,,,benchmarker,Pancreatic,0.28,,,,,,,,,,,,,,,,,,,,,,
EDGE,spectral,,graph,d,,,benchmarker,Pancreatic,0.32,,,,,,,,,,,,,,,,,,,,,,
GLMPCA,kmeans,,linear,d,,,benchmarker,Pancreatic,0.39,,,,,,,,,,,,,,,,,,,,,,
GLMPCA,louvain,,linear,d,,,benchmarker,Pancreatic,0.25,,,,,,,,,,,,,,,,,,,,,,
GLMPCA,spectral,,linear,d,,,benchmarker,Pancreatic,0.4,,,,,,,,,,,,,,,,,,,,,,
IVIS,kmeans,,metric,d,,,benchmarker,Pancreatic,0.24,,,,,,,,,,,,,,,,,,,,,,
IVIS,louvain,,metric,d,,,benchmarker,Pancreatic,0.3,,,,,,,,,,,,,,,,,,,,,,
IVIS,spectral,,metric,d,,,benchmarker,Pancreatic,0.25,,,,,,,,,,,,,,,,,,,,,,
PCA,kmeans,,linear,d,,,benchmarker,Pancreatic,0.33,,,,,,,,,,,,,,,,,,,,,,
PCA,louvain,,linear,d,,,benchmarker,Pancreatic,0.33,,,,,,,,,,,,,,,,,,,,,,
PCA,spectral,,linear,d,,,benchmarker,Pancreatic,0.4,,,,,,,,,,,,,,,,,,,,,,
PHATE,kmeans,,graph,d,,,benchmarker,Pancreatic,0.31,,,,,,,,,,,,,,,,,,,,,,
PHATE,louvain,,graph,d,,,benchmarker,Pancreatic,0.27,,,,,,,,,,,,,,,,,,,,,,
PHATE,spectral,,graph,d,,,benchmarker,Pancreatic,0.39,,,,,,,,,,,,,,,,,,,,,,
PaCMAP,kmeans,,metric,d,,,benchmarker,Pancreatic,-0.02,,,,,,,,,,,,,,,,,,,,,,
PaCMAP,louvain,,metric,d,,,benchmarker,Pancreatic,-0.02,,,,,,,,,,,,,,,,,,,,,,
PaCMAP,spectral,,metric,d,,,benchmarker,Pancreatic,-0.01,,,,,,,,,,,,,,,,,,,,,,
SAUCIE,kmeans,,deep,d,,,benchmarker,Pancreatic,0.11,,,,,,,,,,,,,,,,,,,,,,
SAUCIE,louvain,,deep,d,,,benchmarker,Pancreatic,0.16,,,,,,,,,,,,,,,,,,,,,,
SAUCIE,spectral,,deep,d,,,benchmarker,Pancreatic,0.14,,,,,,,,,,,,,,,,,,,,,,
SCDRHA,kmeans,,deep,d,,,benchmarker,Pancreatic,0.25,,,,,,,,,,,,,,,,,,,,,,
SCDRHA,louvain,,deep,d,,,benchmarker,Pancreatic,0.29,,,,,,,,,,,,,,,,,,,,,,
SCDRHA,spectral,,deep,d,,,benchmarker,Pancreatic,0.18,,,,,,,,,,,,,,,,,,,,,,
SIMLR,kmeans,,graph,d,,,benchmarker,Pancreatic,0.6,,,,,,,,,,,,,,,,,,,,,,
SIMLR,louvain,,graph,d,,,benchmarker,Pancreatic,0.47,,,,,,,,,,,,,,,,,,,,,,
SIMLR,spectral,,graph,d,,,benchmarker,Pancreatic,0.6,,,,,,,,,,,,,,,,,,,,,,
SPDR,kmeans,,graph,d,,,benchmarker,Pancreatic,0.33,,,,,,,,,,,,,,,,,,,,,,
SPDR,louvain,,graph,d,,,benchmarker,Pancreatic,0.3,,,,,,,,,,,,,,,,,,,,,,
SPDR,spectral,,graph,d,,,benchmarker,Pancreatic,0.61,,,,,,,,,,,,,,,,,,,,,,
SQuaD-MDS,kmeans,,metric,d,,,benchmarker,Pancreatic,0.345,,,,,,,,,,,,,,,,,,,,,,
SQuaD-MDS,louvain,,metric,d,,,benchmarker,Pancreatic,0.225,,,,,,,,,,,,,,,,,,,,,,
SQuaD-MDS,spectral,,metric,d,,,benchmarker,Pancreatic,0.33999999999999997,,,,,,,,,,,,,,,,,,,,,,
SSNMDI,kmeans,,linear,d,,,benchmarker,Pancreatic,-0.02,,,,,,,,,,,,,,,,,,,,,,
SSNMDI,louvain,,linear,d,,,benchmarker,Pancreatic,-0.01,,,,,,,,,,,,,,,,,,,,,,
SSNMDI,spectral,,linear,d,,,benchmarker,Pancreatic,-0.02,,,,,,,,,,,,,,,,,,,,,,
TriMap,kmeans,,metric,d,,,benchmarker,Pancreatic,0.66,,,,,,,,,,,,,,,,,,,,,,
TriMap,louvain,,metric,d,,,benchmarker,Pancreatic,0.46,,,,,,,,,,,,,,,,,,,,,,
TriMap,spectral,,metric,d,,,benchmarker,Pancreatic,0.82,,,,,,,,,,,,,,,,,,,,,,
UMAP,kmeans,,graph,d,,,benchmarker,Pancreatic,0.63,,,,,,,,,,,,,,,,,,,,,,
UMAP,louvain,,graph,d,,,benchmarker,Pancreatic,0.41,,,,,,,,,,,,,,,,,,,,,,
UMAP,spectral,,graph,d,,,benchmarker,Pancreatic,0.67,,,,,,,,,,,,,,,,,,,,,,
VAE,kmeans,,deep,d,,,benchmarker,Pancreatic,0.18,,,,,,,,,,,,,,,,,,,,,,
VAE,louvain,,deep,d,,,benchmarker,Pancreatic,0.14,,,,,,,,,,,,,,,,,,,,,,
VAE,spectral,,deep,d,,,benchmarker,Pancreatic,0.18,,,,,,,,,,,,,,,,,,,,,,
VASC,kmeans,,deep,d,,,benchmarker,Pancreatic,0.31,,,,,,,,,,,,,,,,,,,,,,
VASC,louvain,,deep,d,,,benchmarker,Pancreatic,0.27,,,,,,,,,,,,,,,,,,,,,,
VASC,spectral,,deep,d,,,benchmarker,Pancreatic,0.24,,,,,,,,,,,,,,,,,,,,,,
ZIFA,kmeans,,linear,d,,,benchmarker,Pancreatic,0.27,,,,,,,,,,,,,,,,,,,,,,
ZIFA,louvain,,linear,d,,,benchmarker,Pancreatic,0.29,,,,,,,,,,,,,,,,,,,,,,
ZIFA,spectral,,linear,d,,,benchmarker,Pancreatic,0.39,,,,,,,,,,,,,,,,,,,,,,
pCMF,kmeans,,linear,d,,,benchmarker,Pancreatic,0.21,,,,,,,,,,,,,,,,,,,,,,
pCMF,louvain,,linear,d,,,benchmarker,Pancreatic,0.25,,,,,,,,,,,,,,,,,,,,,,
pCMF,spectral,,linear,d,,,benchmarker,Pancreatic,0.34,,,,,,,,,,,,,,,,,,,,,,
scGAE,kmeans,,deep,d,,,benchmarker,Pancreatic,0.55,,,,,,,,,,,,,,,,,,,,,,
scGAE,louvain,,deep,d,,,benchmarker,Pancreatic,0.36,,,,,,,,,,,,,,,,,,,,,,
scGAE,spectral,,deep,d,,,benchmarker,Pancreatic,0.54,,,,,,,,,,,,,,,,,,,,,,
scGBM,kmeans,,linear,d,,,benchmarker,Pancreatic,0.44,,,,,,,,,,,,,,,,,,,,,,
scGBM,louvain,,linear,d,,,benchmarker,Pancreatic,0.33,,,,,,,,,,,,,,,,,,,,,,
scGBM,spectral,,linear,d,,,benchmarker,Pancreatic,0.45,,,,,,,,,,,,,,,,,,,,,,
scScope,kmeans,,deep,d,,,benchmarker,Pancreatic,0.12,,,,,,,,,,,,,,,,,,,,,,
scScope,louvain,,deep,d,,,benchmarker,Pancreatic,0.04,,,,,,,,,,,,,,,,,,,,,,
scScope,spectral,,deep,d,,,benchmarker,Pancreatic,0.07,,,,,,,,,,,,,,,,,,,,,,
scvis,kmeans,,deep,d,,,benchmarker,Pancreatic,0.35,,,,,,,,,,,,,,,,,,,,,,
scvis,louvain,,deep,d,,,benchmarker,Pancreatic,0.59,,,,,,,,,,,,,,,,,,,,,,
scvis,spectral,,deep,d,,,benchmarker,Pancreatic,0.73,,,,,,,,,,,,,,,,,,,,,,
t-SNE,kmeans,,metric,d,,,benchmarker,Pancreatic,0.18,,,,,,,,,,,,,,,,,,,,,,
t-SNE,louvain,,metric,d,,,benchmarker,Pancreatic,0.23,,,,,,,,,,,,,,,,,,,,,,
t-SNE,spectral,,metric,d,,,benchmarker,Pancreatic,0.24,,,,,,,,,,,,,,,,,,,,,,
tGPLVM,kmeans,,linear,d,,,benchmarker,Pancreatic,0.03,,,,,,,,,,,,,,,,,,,,,,
tGPLVM,louvain,,linear,d,,,benchmarker,Pancreatic,-0.01,,,,,,,,,,,,,,,,,,,,,,
tGPLVM,spectral,,linear,d,,,benchmarker,Pancreatic,0.06,,,,,,,,,,,,,,,,,,,,,,
DRA,kmeans,,deep,d,,,benchmarker,Silver,0.0,,,,,,,,,,,,,,,,,,,,,,
DRA,louvain,,deep,d,,,benchmarker,Silver,0.0,,,,,,,,,,,,,,,,,,,,,,
DRA,spectral,,deep,d,,,benchmarker,Silver,0.0,,,,,,,,,,,,,,,,,,,,,,
DREAM,kmeans,,deep,d,,,benchmarker,Silver,0.22,,,,,,,,,,,,,,,,,,,,,,
DREAM,louvain,,deep,d,,,benchmarker,Silver,0.13,,,,,,,,,,,,,,,,,,,,,,
DREAM,spectral,,deep,d,,,benchmarker,Silver,0.23,,,,,,,,,,,,,,,,,,,,,,
EDGE,kmeans,,graph,d,,,benchmarker,Silver,0.31,,,,,,,,,,,,,,,,,,,,,,
EDGE,louvain,,graph,d,,,benchmarker,Silver,0.12,,,,,,,,,,,,,,,,,,,,,,
EDGE,spectral,,graph,d,,,benchmarker,Silver,0.23,,,,,,,,,,,,,,,,,,,,,,
GLMPCA,kmeans,,linear,d,,,benchmarker,Silver,0.32,,,,,,,,,,,,,,,,,,,,,,
GLMPCA,louvain,,linear,d,,,benchmarker,Silver,0.14,,,,,,,,,,,,,,,,,,,,,,
GLMPCA,spectral,,linear,d,,,benchmarker,Silver,0.28,,,,,,,,,,,,,,,,,,,,,,
IVIS,kmeans,,metric,d,,,benchmarker,Silver,0.23,,,,,,,,,,,,,,,,,,,,,,
IVIS,louvain,,metric,d,,,benchmarker,Silver,0.16,,,,,,,,,,,,,,,,,,,,,,
IVIS,spectral,,metric,d,,,benchmarker,Silver,0.28,,,,,,,,,,,,,,,,,,,,,,
PCA,kmeans,,linear,d,,,benchmarker,Silver,0.23,,,,,,,,,,,,,,,,,,,,,,
PCA,louvain,,linear,d,,,benchmarker,Silver,0.15,,,,,,,,,,,,,,,,,,,,,,
PCA,spectral,,linear,d,,,benchmarker,Silver,0.24,,,,,,,,,,,,,,,,,,,,,,
PHATE,kmeans,,graph,d,,,benchmarker,Silver,0.22,,,,,,,,,,,,,,,,,,,,,,
PHATE,louvain,,graph,d,,,benchmarker,Silver,0.13,,,,,,,,,,,,,,,,,,,,,,
PHATE,spectral,,graph,d,,,benchmarker,Silver,0.24,,,,,,,,,,,,,,,,,,,,,,
PaCMAP,kmeans,,metric,d,,,benchmarker,Silver,0.0,,,,,,,,,,,,,,,,,,,,,,
PaCMAP,louvain,,metric,d,,,benchmarker,Silver,-0.0,,,,,,,,,,,,,,,,,,,,,,
PaCMAP,spectral,,metric,d,,,benchmarker,Silver,-0.0,,,,,,,,,,,,,,,,,,,,,,
SAUCIE,kmeans,,deep,d,,,benchmarker,Silver,0.04,,,,,,,,,,,,,,,,,,,,,,
SAUCIE,louvain,,deep,d,,,benchmarker,Silver,0.03,,,,,,,,,,,,,,,,,,,,,,
SAUCIE,spectral,,deep,d,,,benchmarker,Silver,0.04,,,,,,,,,,,,,,,,,,,,,,
SCDRHA,kmeans,,deep,d,,,benchmarker,Silver,0.26,,,,,,,,,,,,,,,,,,,,,,
SCDRHA,louvain,,deep,d,,,benchmarker,Silver,0.14,,,,,,,,,,,,,,,,,,,,,,
SCDRHA,spectral,,deep,d,,,benchmarker,Silver,0.29,,,,,,,,,,,,,,,,,,,,,,
SIMLR,kmeans,,graph,d,,,benchmarker,Silver,0.23,,,,,,,,,,,,,,,,,,,,,,
SIMLR,louvain,,graph,d,,,benchmarker,Silver,0.14,,,,,,,,,,,,,,,,,,,,,,
SIMLR,spectral,,graph,d,,,benchmarker,Silver,0.21,,,,,,,,,,,,,,,,,,,,,,
SPDR,kmeans,,graph,d,,,benchmarker,Silver,0.26,,,,,,,,,,,,,,,,,,,,,,
SPDR,louvain,,graph,d,,,benchmarker,Silver,0.14,,,,,,,,,,,,,,,,,,,,,,
SPDR,spectral,,graph,d,,,benchmarker,Silver,0.24,,,,,,,,,,,,,,,,,,,,,,
SQuaD-MDS,kmeans,,metric,d,,,benchmarker,Silver,0.275,,,,,,,,,,,,,,,,,,,,,,
SQuaD-MDS,louvain,,metric,d,,,benchmarker,Silver,0.14,,,,,,,,,,,,,,,,,,,,,,
SQuaD-MDS,spectral,,metric,d,,,benchmarker,Silver,0.25,,,,,,,,,,,,,,,,,,,,,,
SSNMDI,kmeans,,linear,d,,,benchmarker,Silver,-0.0,,,,,,,,,,,,,,,,,,,,,,
SSNMDI,louvain,,linear,d,,,benchmarker,Silver,-0.0,,,,,,,,,,,,,,,,,,,,,,
SSNMDI,spectral,,linear,d,,,benchmarker,Silver,0.0,,,,,,,,,,,,,,,,,,,,,,
TriMap,kmeans,,metric,d,,,benchmarker,Silver,0.26,,,,,,,,,,,,,,,,,,,,,,
TriMap,louvain,,metric,d,,,benchmarker,Silver,0.12,,,,,,,,,,,,,,,,,,,,,,
TriMap,spectral,,metric,d,,,benchmarker,Silver,0.24,,,,,,,,,,,,,,,,,,,,,,
UMAP,kmeans,,graph,d,,,benchmarker,Silver,0.28,,,,,,,,,,,,,,,,,,,,,,
UMAP,louvain,,graph,d,,,benchmarker,Silver,0.12,,,,,,,,,,,,,,,,,,,,,,
UMAP,spectral,,graph,d,,,benchmarker,Silver,0.23,,,,,,,,,,,,,,,,,,,,,,
VAE,kmeans,,deep,d,,,benchmarker,Silver,0.29,,,,,,,,,,,,,,,,,,,,,,
VAE,louvain,,deep,d,,,benchmarker,Silver,0.15,,,,,,,,,,,,,,,,,,,,,,
VAE,spectral,,deep,d,,,benchmarker,Silver,0.29,,,,,,,,,,,,,,,,,,,,,,
VASC,kmeans,,deep,d,,,benchmarker,Silver,0.41,,,,,,,,,,,,,,,,,,,,,,
VASC,louvain,,deep,d,,,benchmarker,Silver,0.12,,,,,,,,,,,,,,,,,,,,,,
VASC,spectral,,deep,d,,,benchmarker,Silver,0.28,,,,,,,,,,,,,,,,,,,,,,
ZIFA,kmeans,,linear,d,,,benchmarker,Silver,0.27,,,,,,,,,,,,,,,,,,,,,,
ZIFA,louvain,,linear,d,,,benchmarker,Silver,0.14,,,,,,,,,,,,,,,,,,,,,,
ZIFA,spectral,,linear,d,,,benchmarker,Silver,0.23,,,,,,,,,,,,,,,,,,,,,,
pCMF,kmeans,,linear,d,,,benchmarker,Silver,0.01,,,,,,,,,,,,,,,,,,,,,,
pCMF,louvain,,linear,d,,,benchmarker,Silver,0.0,,,,,,,,,,,,,,,,,,,,,,
pCMF,spectral,,linear,d,,,benchmarker,Silver,0.0,,,,,,,,,,,,,,,,,,,,,,
scGAE,kmeans,,deep,d,,,benchmarker,Silver,0.11,,,,,,,,,,,,,,,,,,,,,,
scGAE,louvain,,deep,d,,,benchmarker,Silver,0.07,,,,,,,,,,,,,,,,,,,,,,
scGAE,spectral,,deep,d,,,benchmarker,Silver,0.12,,,,,,,,,,,,,,,,,,,,,,
scGBM,kmeans,,linear,d,,,benchmarker,Silver,0.32,,,,,,,,,,,,,,,,,,,,,,
scGBM,louvain,,linear,d,,,benchmarker,Silver,0.16,,,,,,,,,,,,,,,,,,,,,,
scGBM,spectral,,linear,d,,,benchmarker,Silver,0.28,,,,,,,,,,,,,,,,,,,,,,
scScope,kmeans,,deep,d,,,benchmarker,Silver,0.28,,,,,,,,,,,,,,,,,,,,,,
scScope,louvain,,deep,d,,,benchmarker,Silver,0.15,,,,,,,,,,,,,,,,,,,,,,
scScope,spectral,,deep,d,,,benchmarker,Silver,0.23,,,,,,,,,,,,,,,,,,,,,,
scvis,kmeans,,deep,d,,,benchmarker,Silver,0.24,,,,,,,,,,,,,,,,,,,,,,
scvis,louvain,,deep,d,,,benchmarker,Silver,0.18,,,,,,,,,,,,,,,,,,,,,,
scvis,spectral,,deep,d,,,benchmarker,Silver,0.26,,,,,,,,,,,,,,,,,,,,,,
t-SNE,kmeans,,metric,d,,,benchmarker,Silver,0.3,,,,,,,,,,,,,,,,,,,,,,
t-SNE,louvain,,metric,d,,,benchmarker,Silver,0.15,,,,,,,,,,,,,,,,,,,,,,
t-SNE,spectral,,metric,d,,,benchmarker,Silver,0.26,,,,,,,,,,,,,,,,,,,,,,
tGPLVM,kmeans,,linear,d,,,benchmarker,Silver,0.4,,,,,,,,,,,,,,,,,,,,,,
tGPLVM,louvain,,linear,d,,,benchmarker,Silver,0.14,,,,,,,,,,,,,,,,,,,,,,
tGPLVM,spectral,,linear,d,,,benchmarker,Silver,0.22,,,,,,,,,,,,,,,,,,,,,,
DRA,kmeans,,deep,d,,,benchmarker,Zhengmix4eq,0.0,,,,,,,,,,,,,,,,,,,,,,
DRA,louvain,,deep,d,,,benchmarker,Zhengmix4eq,0.0,,,,,,,,,,,,,,,,,,,,,,
DRA,spectral,,deep,d,,,benchmarker,Zhengmix4eq,0.0,,,,,,,,,,,,,,,,,,,,,,
DREAM,kmeans,,deep,d,,,benchmarker,Zhengmix4eq,0.42,,,,,,,,,,,,,,,,,,,,,,
DREAM,louvain,,deep,d,,,benchmarker,Zhengmix4eq,0.07,,,,,,,,,,,,,,,,,,,,,,
DREAM,spectral,,deep,d,,,benchmarker,Zhengmix4eq,0.43,,,,,,,,,,,,,,,,,,,,,,
EDGE,kmeans,,graph,d,,,benchmarker,Zhengmix4eq,0.41,,,,,,,,,,,,,,,,,,,,,,
EDGE,louvain,,graph,d,,,benchmarker,Zhengmix4eq,0.08,,,,,,,,,,,,,,,,,,,,,,
EDGE,spectral,,graph,d,,,benchmarker,Zhengmix4eq,0.38,,,,,,,,,,,,,,,,,,,,,,
GLMPCA,kmeans,,linear,d,,,benchmarker,Zhengmix4eq,0.84,,,,,,,,,,,,,,,,,,,,,,
GLMPCA,louvain,,linear,d,,,benchmarker,Zhengmix4eq,0.11,,,,,,,,,,,,,,,,,,,,,,
GLMPCA,spectral,,linear,d,,,benchmarker,Zhengmix4eq,0.84,,,,,,,,,,,,,,,,,,,,,,
IVIS,kmeans,,metric,d,,,benchmarker,Zhengmix4eq,0.83,,,,,,,,,,,,,,,,,,,,,,
IVIS,louvain,,metric,d,,,benchmarker,Zhengmix4eq,0.13,,,,,,,,,,,,,,,,,,,,,,
IVIS,spectral,,metric,d,,,benchmarker,Zhengmix4eq,0.83,,,,,,,,,,,,,,,,,,,,,,
PCA,kmeans,,linear,d,,,benchmarker,Zhengmix4eq,0.63,,,,,,,,,,,,,,,,,,,,,,
PCA,louvain,,linear,d,,,benchmarker,Zhengmix4eq,0.11,,,,,,,,,,,,,,,,,,,,,,
PCA,spectral,,linear,d,,,benchmarker,Zhengmix4eq,0.79,,,,,,,,,,,,,,,,,,,,,,
PHATE,kmeans,,graph,d,,,benchmarker,Zhengmix4eq,0.8,,,,,,,,,,,,,,,,,,,,,,
PHATE,louvain,,graph,d,,,benchmarker,Zhengmix4eq,0.13,,,,,,,,,,,,,,,,,,,,,,
PHATE,spectral,,graph,d,,,benchmarker,Zhengmix4eq,0.6,,,,,,,,,,,,,,,,,,,,,,
PaCMAP,kmeans,,metric,d,,,benchmarker,Zhengmix4eq,0.48,,,,,,,,,,,,,,,,,,,,,,
PaCMAP,louvain,,metric,d,,,benchmarker,Zhengmix4eq,0.07,,,,,,,,,,,,,,,,,,,,,,
PaCMAP,spectral,,metric,d,,,benchmarker,Zhengmix4eq,0.35,,,,,,,,,,,,,,,,,,,,,,
SAUCIE,kmeans,,deep,d,,,benchmarker,Zhengmix4eq,0.3,,,,,,,,,,,,,,,,,,,,,,
SAUCIE,louvain,,deep,d,,,benchmarker,Zhengmix4eq,0.09,,,,,,,,,,,,,,,,,,,,,,
SAUCIE,spectral,,deep,d,,,benchmarker,Zhengmix4eq,0.23,,,,,,,,,,,,,,,,,,,,,,
SCDRHA,kmeans,,deep,d,,,benchmarker,Zhengmix4eq,0.64,,,,,,,,,,,,,,,,,,,,,,
SCDRHA,louvain,,deep,d,,,benchmarker,Zhengmix4eq,0.12,,,,,,,,,,,,,,,,,,,,,,
SCDRHA,spectral,,deep,d,,,benchmarker,Zhengmix4eq,0.83,,,,,,,,,,,,,,,,,,,,,,
SIMLR,kmeans,,graph,d,,,benchmarker,Zhengmix4eq,0.61,,,,,,,,,,,,,,,,,,,,,,
SIMLR,louvain,,graph,d,,,benchmarker,Zhengmix4eq,0.13,,,,,,,,,,,,,,,,,,,,,,
SIMLR,spectral,,graph,d,,,benchmarker,Zhengmix4eq,0.58,,,,,,,,,,,,,,,,,,,,,,
SPDR,kmeans,,graph,d,,,benchmarker,Zhengmix4eq,0.86,,,,,,,,,,,,,,,,,,,,,,
SPDR,louvain,,graph,d,,,benchmarker,Zhengmix4eq,0.12,,,,,,,,,,,,,,,,,,,,,,
SPDR,spectral,,graph,d,,,benchmarker,Zhengmix4eq,0.59,,,,,,,,,,,,,,,,,,,,,,
SQuaD-MDS,kmeans,,metric,d,,,benchmarker,Zhengmix4eq,0.6799999999999999,,,,,,,,,,,,,,,,,,,,,,
SQuaD-MDS,louvain,,metric,d,,,benchmarker,Zhengmix4eq,0.11,,,,,,,,,,,,,,,,,,,,,,
SQuaD-MDS,spectral,,metric,d,,,benchmarker,Zhengmix4eq,0.6699999999999999,,,,,,,,,,,,,,,,,,,,,,
SSNMDI,kmeans,,linear,d,,,benchmarker,Zhengmix4eq,0.25,,,,,,,,,,,,,,,,,,,,,,
SSNMDI,louvain,,linear,d,,,benchmarker,Zhengmix4eq,0.07,,,,,,,,,,,,,,,,,,,,,,
SSNMDI,spectral,,linear,d,,,benchmarker,Zhengmix4eq,0.26,,,,,,,,,,,,,,,,,,,,,,
TriMap,kmeans,,metric,d,,,benchmarker,Zhengmix4eq,0.9,,,,,,,,,,,,,,,,,,,,,,
TriMap,louvain,,metric,d,,,benchmarker,Zhengmix4eq,0.12,,,,,,,,,,,,,,,,,,,,,,
TriMap,spectral,,metric,d,,,benchmarker,Zhengmix4eq,0.67,,,,,,,,,,,,,,,,,,,,,,
UMAP,kmeans,,graph,d,,,benchmarker,Zhengmix4eq,0.76,,,,,,,,,,,,,,,,,,,,,,
UMAP,louvain,,graph,d,,,benchmarker,Zhengmix4eq,0.11,,,,,,,,,,,,,,,,,,,,,,
UMAP,spectral,,graph,d,,,benchmarker,Zhengmix4eq,0.77,,,,,,,,,,,,,,,,,,,,,,
VAE,kmeans,,deep,d,,,benchmarker,Zhengmix4eq,0.88,,,,,,,,,,,,,,,,,,,,,,
VAE,louvain,,deep,d,,,benchmarker,Zhengmix4eq,0.12,,,,,,,,,,,,,,,,,,,,,,
VAE,spectral,,deep,d,,,benchmarker,Zhengmix4eq,0.87,,,,,,,,,,,,,,,,,,,,,,
VASC,kmeans,,deep,d,,,benchmarker,Zhengmix4eq,0.52,,,,,,,,,,,,,,,,,,,,,,
VASC,louvain,,deep,d,,,benchmarker,Zhengmix4eq,0.06,,,,,,,,,,,,,,,,,,,,,,
VASC,spectral,,deep,d,,,benchmarker,Zhengmix4eq,0.52,,,,,,,,,,,,,,,,,,,,,,
ZIFA,kmeans,,linear,d,,,benchmarker,Zhengmix4eq,0.62,,,,,,,,,,,,,,,,,,,,,,
ZIFA,louvain,,linear,d,,,benchmarker,Zhengmix4eq,0.12,,,,,,,,,,,,,,,,,,,,,,
ZIFA,spectral,,linear,d,,,benchmarker,Zhengmix4eq,0.76,,,,,,,,,,,,,,,,,,,,,,
pCMF,kmeans,,linear,d,,,benchmarker,Zhengmix4eq,0.12,,,,,,,,,,,,,,,,,,,,,,
pCMF,louvain,,linear,d,,,benchmarker,Zhengmix4eq,0.01,,,,,,,,,,,,,,,,,,,,,,
pCMF,spectral,,linear,d,,,benchmarker,Zhengmix4eq,0.14,,,,,,,,,,,,,,,,,,,,,,
scGAE,kmeans,,deep,d,,,benchmarker,Zhengmix4eq,0.36,,,,,,,,,,,,,,,,,,,,,,
scGAE,louvain,,deep,d,,,benchmarker,Zhengmix4eq,0.06,,,,,,,,,,,,,,,,,,,,,,
scGAE,spectral,,deep,d,,,benchmarker,Zhengmix4eq,0.42,,,,,,,,,,,,,,,,,,,,,,
scGBM,kmeans,,linear,d,,,benchmarker,Zhengmix4eq,0.82,,,,,,,,,,,,,,,,,,,,,,
scGBM,louvain,,linear,d,,,benchmarker,Zhengmix4eq,0.12,,,,,,,,,,,,,,,,,,,,,,
scGBM,spectral,,linear,d,,,benchmarker,Zhengmix4eq,0.83,,,,,,,,,,,,,,,,,,,,,,
scScope,kmeans,,deep,d,,,benchmarker,Zhengmix4eq,0.87,,,,,,,,,,,,,,,,,,,,,,
scScope,louvain,,deep,d,,,benchmarker,Zhengmix4eq,0.13,,,,,,,,,,,,,,,,,,,,,,
scScope,spectral,,deep,d,,,benchmarker,Zhengmix4eq,0.54,,,,,,,,,,,,,,,,,,,,,,
scvis,kmeans,,deep,d,,,benchmarker,Zhengmix4eq,0.65,,,,,,,,,,,,,,,,,,,,,,
scvis,louvain,,deep,d,,,benchmarker,Zhengmix4eq,0.13,,,,,,,,,,,,,,,,,,,,,,
scvis,spectral,,deep,d,,,benchmarker,Zhengmix4eq,0.76,,,,,,,,,,,,,,,,,,,,,,
t-SNE,kmeans,,metric,d,,,benchmarker,Zhengmix4eq,0.9,,,,,,,,,,,,,,,,,,,,,,
t-SNE,louvain,,metric,d,,,benchmarker,Zhengmix4eq,0.14,,,,,,,,,,,,,,,,,,,,,,
t-SNE,spectral,,metric,d,,,benchmarker,Zhengmix4eq,0.89,,,,,,,,,,,,,,,,,,,,,,
tGPLVM,kmeans,,linear,d,,,benchmarker,Zhengmix4eq,0.29,,,,,,,,,,,,,,,,,,,,,,
tGPLVM,louvain,,linear,d,,,benchmarker,Zhengmix4eq,0.06,,,,,,,,,,,,,,,,,,,,,,
tGPLVM,spectral,,linear,d,,,benchmarker,Zhengmix4eq,0.37,,,,,,,,,,,,,,,,,,,,,,
DRA,kmeans,,deep,d,,,scDesign3,ACINAR,0.0,,,,,,,,,,,,,,,,,,,,,,
DRA,louvain,,deep,d,,,scDesign3,ACINAR,0.0,,,,,,,,,,,,,,,,,,,,,,
DRA,spectral,,deep,d,,,scDesign3,ACINAR,0.0,,,,,,,,,,,,,,,,,,,,,,
DREAM,kmeans,,deep,d,,,scDesign3,ACINAR,0.0,,,,,,,,,,,,,,,,,,,,,,
DREAM,louvain,,deep,d,,,scDesign3,ACINAR,0.0,,,,,,,,,,,,,,,,,,,,,,
DREAM,spectral,,deep,d,,,scDesign3,ACINAR,0.0,,,,,,,,,,,,,,,,,,,,,,
EDGE,kmeans,,graph,d,,,scDesign3,ACINAR,0.14,,,,,,,,,,,,,,,,,,,,,,
EDGE,louvain,,graph,d,,,scDesign3,ACINAR,0.07,,,,,,,,,,,,,,,,,,,,,,
EDGE,spectral,,graph,d,,,scDesign3,ACINAR,0.09,,,,,,,,,,,,,,,,,,,,,,
GLMPCA,kmeans,,linear,d,,,scDesign3,ACINAR,0.29,,,,,,,,,,,,,,,,,,,,,,
GLMPCA,louvain,,linear,d,,,scDesign3,ACINAR,0.14,,,,,,,,,,,,,,,,,,,,,,
GLMPCA,spectral,,linear,d,,,scDesign3,ACINAR,0.3,,,,,,,,,,,,,,,,,,,,,,
IVIS,kmeans,,metric,d,,,scDesign3,ACINAR,0.25,,,,,,,,,,,,,,,,,,,,,,
IVIS,louvain,,metric,d,,,scDesign3,ACINAR,0.12,,,,,,,,,,,,,,,,,,,,,,
IVIS,spectral,,metric,d,,,scDesign3,ACINAR,0.23,,,,,,,,,,,,,,,,,,,,,,
PCA,kmeans,,linear,d,,,scDesign3,ACINAR,0.15,,,,,,,,,,,,,,,,,,,,,,
PCA,louvain,,linear,d,,,scDesign3,ACINAR,0.1,,,,,,,,,,,,,,,,,,,,,,
PCA,spectral,,linear,d,,,scDesign3,ACINAR,0.17,,,,,,,,,,,,,,,,,,,,,,
PHATE,kmeans,,graph,d,,,scDesign3,ACINAR,0.16,,,,,,,,,,,,,,,,,,,,,,
PHATE,louvain,,graph,d,,,scDesign3,ACINAR,0.09,,,,,,,,,,,,,,,,,,,,,,
PHATE,spectral,,graph,d,,,scDesign3,ACINAR,0.17,,,,,,,,,,,,,,,,,,,,,,
PaCMAP,kmeans,,metric,d,,,scDesign3,ACINAR,-0.0,,,,,,,,,,,,,,,,,,,,,,
PaCMAP,louvain,,metric,d,,,scDesign3,ACINAR,-0.0,,,,,,,,,,,,,,,,,,,,,,
PaCMAP,spectral,,metric,d,,,scDesign3,ACINAR,-0.0,,,,,,,,,,,,,,,,,,,,,,
SAUCIE,kmeans,,deep,d,,,scDesign3,ACINAR,0.17,,,,,,,,,,,,,,,,,,,,,,
SAUCIE,louvain,,deep,d,,,scDesign3,ACINAR,0.11,,,,,,,,,,,,,,,,,,,,,,
SAUCIE,spectral,,deep,d,,,scDesign3,ACINAR,0.18,,,,,,,,,,,,,,,,,,,,,,
SCDRHA,kmeans,,deep,d,,,scDesign3,ACINAR,0.19,,,,,,,,,,,,,,,,,,,,,,
SCDRHA,louvain,,deep,d,,,scDesign3,ACINAR,0.08,,,,,,,,,,,,,,,,,,,,,,
SCDRHA,spectral,,deep,d,,,scDesign3,ACINAR,0.19,,,,,,,,,,,,,,,,,,,,,,
SIMLR,kmeans,,graph,d,,,scDesign3,ACINAR,0.26,,,,,,,,,,,,,,,,,,,,,,
SIMLR,louvain,,graph,d,,,scDesign3,ACINAR,0.13,,,,,,,,,,,,,,,,,,,,,,
SIMLR,spectral,,graph,d,,,scDesign3,ACINAR,0.23,,,,,,,,,,,,,,,,,,,,,,
SPDR,kmeans,,graph,d,,,scDesign3,ACINAR,0.22,,,,,,,,,,,,,,,,,,,,,,
SPDR,louvain,,graph,d,,,scDesign3,ACINAR,0.11,,,,,,,,,,,,,,,,,,,,,,
SPDR,spectral,,graph,d,,,scDesign3,ACINAR,0.21,,,,,,,,,,,,,,,,,,,,,,
SQuaD-MDS,kmeans,,metric,d,,,scDesign3,ACINAR,0.175,,,,,,,,,,,,,,,,,,,,,,
SQuaD-MDS,louvain,,metric,d,,,scDesign3,ACINAR,0.11,,,,,,,,,,,,,,,,,,,,,,
SQuaD-MDS,spectral,,metric,d,,,scDesign3,ACINAR,0.18,,,,,,,,,,,,,,,,,,,,,,
SSNMDI,kmeans,,linear,d,,,scDesign3,ACINAR,-0.0,,,,,,,,,,,,,,,,,,,,,,
SSNMDI,louvain,,linear,d,,,scDesign3,ACINAR,-0.0,,,,,,,,,,,,,,,,,,,,,,
SSNMDI,spectral,,linear,d,,,scDesign3,ACINAR,-0.0,,,,,,,,,,,,,,,,,,,,,,
TriMap,kmeans,,metric,d,,,scDesign3,ACINAR,0.23,,,,,,,,,,,,,,,,,,,,,,
TriMap,louvain,,metric,d,,,scDesign3,ACINAR,0.12,,,,,,,,,,,,,,,,,,,,,,
TriMap,spectral,,metric,d,,,scDesign3,ACINAR,0.21,,,,,,,,,,,,,,,,,,,,,,
UMAP,kmeans,,graph,d,,,scDesign3,ACINAR,0.23,,,,,,,,,,,,,,,,,,,,,,
UMAP,louvain,,graph,d,,,scDesign3,ACINAR,0.13,,,,,,,,,,,,,,,,,,,,,,
UMAP,spectral,,graph,d,,,scDesign3,ACINAR,0.21,,,,,,,,,,,,,,,,,,,,,,
VAE,kmeans,,deep,d,,,scDesign3,ACINAR,0.3,,,,,,,,,,,,,,,,,,,,,,
VAE,louvain,,deep,d,,,scDesign3,ACINAR,0.19,,,,,,,,,,,,,,,,,,,,,,
VAE,spectral,,deep,d,,,scDesign3,ACINAR,0.28,,,,,,,,,,,,,,,,,,,,,,
VASC,kmeans,,deep,d,,,scDesign3,ACINAR,0.23,,,,,,,,,,,,,,,,,,,,,,
VASC,louvain,,deep,d,,,scDesign3,ACINAR,0.11,,,,,,,,,,,,,,,,,,,,,,
VASC,spectral,,deep,d,,,scDesign3,ACINAR,0.26,,,,,,,,,,,,,,,,,,,,,,
ZIFA,kmeans,,linear,d,,,scDesign3,ACINAR,0.27,,,,,,,,,,,,,,,,,,,,,,
ZIFA,louvain,,linear,d,,,scDesign3,ACINAR,0.15,,,,,,,,,,,,,,,,,,,,,,
ZIFA,spectral,,linear,d,,,scDesign3,ACINAR,0.26,,,,,,,,,,,,,,,,,,,,,,
pCMF,kmeans,,linear,d,,,scDesign3,ACINAR,0.14,,,,,,,,,,,,,,,,,,,,,,
pCMF,louvain,,linear,d,,,scDesign3,ACINAR,0.08,,,,,,,,,,,,,,,,,,,,,,
pCMF,spectral,,linear,d,,,scDesign3,ACINAR,0.14,,,,,,,,,,,,,,,,,,,,,,
scGAE,kmeans,,deep,d,,,scDesign3,ACINAR,0.15,,,,,,,,,,,,,,,,,,,,,,
scGAE,louvain,,deep,d,,,scDesign3,ACINAR,0.08,,,,,,,,,,,,,,,,,,,,,,
scGAE,spectral,,deep,d,,,scDesign3,ACINAR,0.15,,,,,,,,,,,,,,,,,,,,,,
scGBM,kmeans,,linear,d,,,scDesign3,ACINAR,0.3,,,,,,,,,,,,,,,,,,,,,,
scGBM,louvain,,linear,d,,,scDesign3,ACINAR,0.14,,,,,,,,,,,,,,,,,,,,,,
scGBM,spectral,,linear,d,,,scDesign3,ACINAR,0.26,,,,,,,,,,,,,,,,,,,,,,
scScope,kmeans,,deep,d,,,scDesign3,ACINAR,0.15,,,,,,,,,,,,,,,,,,,,,,
scScope,louvain,,deep,d,,,scDesign3,ACINAR,0.1,,,,,,,,,,,,,,,,,,,,,,
scScope,spectral,,deep,d,,,scDesign3,ACINAR,0.15,,,,,,,,,,,,,,,,,,,,,,
scvis,kmeans,,deep,d,,,scDesign3,ACINAR,0.21,,,,,,,,,,,,,,,,,,,,,,
scvis,louvain,,deep,d,,,scDesign3,ACINAR,0.12,,,,,,,,,,,,,,,,,,,,,,
scvis,spectral,,deep,d,,,scDesign3,ACINAR,0.21,,,,,,,,,,,,,,,,,,,,,,
t-SNE,kmeans,,metric,d,,,scDesign3,ACINAR,0.34,,,,,,,,,,,,,,,,,,,,,,
t-SNE,louvain,,metric,d,,,scDesign3,ACINAR,0.18,,,,,,,,,,,,,,,,,,,,,,
t-SNE,spectral,,metric,d,,,scDesign3,ACINAR,0.29,,,,,,,,,,,,,,,,,,,,,,
tGPLVM,kmeans,,linear,d,,,scDesign3,ACINAR,0.01,,,,,,,,,,,,,,,,,,,,,,
tGPLVM,louvain,,linear,d,,,scDesign3,ACINAR,0.0,,,,,,,,,,,,,,,,,,,,,,
tGPLVM,spectral,,linear,d,,,scDesign3,ACINAR,0.01,,,,,,,,,,,,,,,,,,,,,,
DRA,kmeans,,deep,d,,,scDesign3,ATAC,0.0,,,,,,,,,,,,,,,,,,,,,,
DRA,louvain,,deep,d,,,scDesign3,ATAC,-0.0,,,,,,,,,,,,,,,,,,,,,,
DRA,spectral,,deep,d,,,scDesign3,ATAC,0.0,,,,,,,,,,,,,,,,,,,,,,
DREAM,kmeans,,deep,d,,,scDesign3,ATAC,0.15,,,,,,,,,,,,,,,,,,,,,,
DREAM,louvain,,deep,d,,,scDesign3,ATAC,0.02,,,,,,,,,,,,,,,,,,,,,,
DREAM,spectral,,deep,d,,,scDesign3,ATAC,0.12,,,,,,,,,,,,,,,,,,,,,,
EDGE,kmeans,,graph,d,,,scDesign3,ATAC,0.16,,,,,,,,,,,,,,,,,,,,,,
EDGE,louvain,,graph,d,,,scDesign3,ATAC,0.04,,,,,,,,,,,,,,,,,,,,,,
EDGE,spectral,,graph,d,,,scDesign3,ATAC,0.19,,,,,,,,,,,,,,,,,,,,,,
GLMPCA,kmeans,,linear,d,,,scDesign3,ATAC,0.44,,,,,,,,,,,,,,,,,,,,,,
GLMPCA,louvain,,linear,d,,,scDesign3,ATAC,0.06,,,,,,,,,,,,,,,,,,,,,,
GLMPCA,spectral,,linear,d,,,scDesign3,ATAC,0.28,,,,,,,,,,,,,,,,,,,,,,
IVIS,kmeans,,metric,d,,,scDesign3,ATAC,0.32,,,,,,,,,,,,,,,,,,,,,,
IVIS,louvain,,metric,d,,,scDesign3,ATAC,0.06,,,,,,,,,,,,,,,,,,,,,,
IVIS,spectral,,metric,d,,,scDesign3,ATAC,0.26,,,,,,,,,,,,,,,,,,,,,,
PCA,kmeans,,linear,d,,,scDesign3,ATAC,0.37,,,,,,,,,,,,,,,,,,,,,,
PCA,louvain,,linear,d,,,scDesign3,ATAC,0.04,,,,,,,,,,,,,,,,,,,,,,
PCA,spectral,,linear,d,,,scDesign3,ATAC,0.18,,,,,,,,,,,,,,,,,,,,,,
PHATE,kmeans,,graph,d,,,scDesign3,ATAC,0.49,,,,,,,,,,,,,,,,,,,,,,
PHATE,louvain,,graph,d,,,scDesign3,ATAC,0.05,,,,,,,,,,,,,,,,,,,,,,
PHATE,spectral,,graph,d,,,scDesign3,ATAC,0.28,,,,,,,,,,,,,,,,,,,,,,
PaCMAP,kmeans,,metric,d,,,scDesign3,ATAC,-0.0,,,,,,,,,,,,,,,,,,,,,,
PaCMAP,louvain,,metric,d,,,scDesign3,ATAC,0.0,,,,,,,,,,,,,,,,,,,,,,
PaCMAP,spectral,,metric,d,,,scDesign3,ATAC,-0.0,,,,,,,,,,,,,,,,,,,,,,
SAUCIE,kmeans,,deep,d,,,scDesign3,ATAC,0.3,,,,,,,,,,,,,,,,,,,,,,
SAUCIE,louvain,,deep,d,,,scDesign3,ATAC,0.04,,,,,,,,,,,,,,,,,,,,,,
SAUCIE,spectral,,deep,d,,,scDesign3,ATAC,0.17,,,,,,,,,,,,,,,,,,,,,,
SCDRHA,kmeans,,deep,d,,,scDesign3,ATAC,0.34,,,,,,,,,,,,,,,,,,,,,,
SCDRHA,louvain,,deep,d,,,scDesign3,ATAC,0.06,,,,,,,,,,,,,,,,,,,,,,
SCDRHA,spectral,,deep,d,,,scDesign3,ATAC,0.25,,,,,,,,,,,,,,,,,,,,,,
SIMLR,kmeans,,graph,d,,,scDesign3,ATAC,0.29,,,,,,,,,,,,,,,,,,,,,,
SIMLR,louvain,,graph,d,,,scDesign3,ATAC,0.07,,,,,,,,,,,,,,,,,,,,,,
SIMLR,spectral,,graph,d,,,scDesign3,ATAC,0.28,,,,,,,,,,,,,,,,,,,,,,
SPDR,kmeans,,graph,d,,,scDesign3,ATAC,0.29,,,,,,,,,,,,,,,,,,,,,,
SPDR,louvain,,graph,d,,,scDesign3,ATAC,0.06,,,,,,,,,,,,,,,,,,,,,,
SPDR,spectral,,graph,d,,,scDesign3,ATAC,0.28,,,,,,,,,,,,,,,,,,,,,,
SQuaD-MDS,kmeans,,metric,d,,,scDesign3,ATAC,0.22,,,,,,,,,,,,,,,,,,,,,,
SQuaD-MDS,louvain,,metric,d,,,scDesign3,ATAC,0.04,,,,,,,,,,,,,,,,,,,,,,
SQuaD-MDS,spectral,,metric,d,,,scDesign3,ATAC,0.185,,,,,,,,,,,,,,,,,,,,,,
SSNMDI,kmeans,,linear,d,,,scDesign3,ATAC,-0.0,,,,,,,,,,,,,,,,,,,,,,
SSNMDI,louvain,,linear,d,,,scDesign3,ATAC,-0.0,,,,,,,,,,,,,,,,,,,,,,
SSNMDI,spectral,,linear,d,,,scDesign3,ATAC,-0.0,,,,,,,,,,,,,,,,,,,,,,
TriMap,kmeans,,metric,d,,,scDesign3,ATAC,0.28,,,,,,,,,,,,,,,,,,,,,,
TriMap,louvain,,metric,d,,,scDesign3,ATAC,0.07,,,,,,,,,,,,,,,,,,,,,,
TriMap,spectral,,metric,d,,,scDesign3,ATAC,0.25,,,,,,,,,,,,,,,,,,,,,,
UMAP,kmeans,,graph,d,,,scDesign3,ATAC,0.25,,,,,,,,,,,,,,,,,,,,,,
UMAP,louvain,,graph,d,,,scDesign3,ATAC,0.05,,,,,,,,,,,,,,,,,,,,,,
UMAP,spectral,,graph,d,,,scDesign3,ATAC,0.25,,,,,,,,,,,,,,,,,,,,,,
VAE,kmeans,,deep,d,,,scDesign3,ATAC,0.25,,,,,,,,,,,,,,,,,,,,,,
VAE,louvain,,deep,d,,,scDesign3,ATAC,0.06,,,,,,,,,,,,,,,,,,,,,,
VAE,spectral,,deep,d,,,scDesign3,ATAC,0.33,,,,,,,,,,,,,,,,,,,,,,
VASC,kmeans,,deep,d,,,scDesign3,ATAC,0.78,,,,,,,,,,,,,,,,,,,,,,
VASC,louvain,,deep,d,,,scDesign3,ATAC,0.07,,,,,,,,,,,,,,,,,,,,,,
VASC,spectral,,deep,d,,,scDesign3,ATAC,0.23,,,,,,,,,,,,,,,,,,,,,,
ZIFA,kmeans,,linear,d,,,scDesign3,ATAC,0.39,,,,,,,,,,,,,,,,,,,,,,
ZIFA,louvain,,linear,d,,,scDesign3,ATAC,0.05,,,,,,,,,,,,,,,,,,,,,,
ZIFA,spectral,,linear,d,,,scDesign3,ATAC,0.25,,,,,,,,,,,,,,,,,,,,,,
pCMF,kmeans,,linear,d,,,scDesign3,ATAC,0.2,,,,,,,,,,,,,,,,,,,,,,
pCMF,louvain,,linear,d,,,scDesign3,ATAC,0.12,,,,,,,,,,,,,,,,,,,,,,
pCMF,spectral,,linear,d,,,scDesign3,ATAC,0.1,,,,,,,,,,,,,,,,,,,,,,
scGAE,kmeans,,deep,d,,,scDesign3,ATAC,0.14,,,,,,,,,,,,,,,,,,,,,,
scGAE,louvain,,deep,d,,,scDesign3,ATAC,0.04,,,,,,,,,,,,,,,,,,,,,,
scGAE,spectral,,deep,d,,,scDesign3,ATAC,0.25,,,,,,,,,,,,,,,,,,,,,,
scGBM,kmeans,,linear,d,,,scDesign3,ATAC,0.42,,,,,,,,,,,,,,,,,,,,,,
scGBM,louvain,,linear,d,,,scDesign3,ATAC,0.06,,,,,,,,,,,,,,,,,,,,,,
scGBM,spectral,,linear,d,,,scDesign3,ATAC,0.28,,,,,,,,,,,,,,,,,,,,,,
scScope,kmeans,,deep,d,,,scDesign3,ATAC,0.14,,,,,,,,,,,,,,,,,,,,,,
scScope,louvain,,deep,d,,,scDesign3,ATAC,0.04,,,,,,,,,,,,,,,,,,,,,,
scScope,spectral,,deep,d,,,scDesign3,ATAC,0.15,,,,,,,,,,,,,,,,,,,,,,
scvis,kmeans,,deep,d,,,scDesign3,ATAC,0.34,,,,,,,,,,,,,,,,,,,,,,
scvis,louvain,,deep,d,,,scDesign3,ATAC,0.06,,,,,,,,,,,,,,,,,,,,,,
scvis,spectral,,deep,d,,,scDesign3,ATAC,0.22,,,,,,,,,,,,,,,,,,,,,,
t-SNE,kmeans,,metric,d,,,scDesign3,ATAC,0.31,,,,,,,,,,,,,,,,,,,,,,
t-SNE,louvain,,metric,d,,,scDesign3,ATAC,0.08,,,,,,,,,,,,,,,,,,,,,,
t-SNE,spectral,,metric,d,,,scDesign3,ATAC,0.42,,,,,,,,,,,,,,,,,,,,,,
tGPLVM,kmeans,,linear,d,,,scDesign3,ATAC,0.28,,,,,,,,,,,,,,,,,,,,,,
tGPLVM,louvain,,linear,d,,,scDesign3,ATAC,0.04,,,,,,,,,,,,,,,,,,,,,,
tGPLVM,spectral,,linear,d,,,scDesign3,ATAC,0.14,,,,,,,,,,,,,,,,,,,,,,
DRA,kmeans,,deep,d,,,scDesign3,BATCH,-0.0,,,,,,,,,,,,,,,,,,,,,,
DRA,louvain,,deep,d,,,scDesign3,BATCH,0.0,,,,,,,,,,,,,,,,,,,,,,
DRA,spectral,,deep,d,,,scDesign3,BATCH,-0.0,,,,,,,,,,,,,,,,,,,,,,
DREAM,kmeans,,deep,d,,,scDesign3,BATCH,0.02,,,,,,,,,,,,,,,,,,,,,,
DREAM,louvain,,deep,d,,,scDesign3,BATCH,0.0,,,,,,,,,,,,,,,,,,,,,,
DREAM,spectral,,deep,d,,,scDesign3,BATCH,0.02,,,,,,,,,,,,,,,,,,,,,,
EDGE,kmeans,,graph,d,,,scDesign3,BATCH,0.16,,,,,,,,,,,,,,,,,,,,,,
EDGE,louvain,,graph,d,,,scDesign3,BATCH,0.04,,,,,,,,,,,,,,,,,,,,,,
EDGE,spectral,,graph,d,,,scDesign3,BATCH,0.11,,,,,,,,,,,,,,,,,,,,,,
GLMPCA,kmeans,,linear,d,,,scDesign3,BATCH,0.55,,,,,,,,,,,,,,,,,,,,,,
GLMPCA,louvain,,linear,d,,,scDesign3,BATCH,0.08,,,,,,,,,,,,,,,,,,,,,,
GLMPCA,spectral,,linear,d,,,scDesign3,BATCH,0.47,,,,,,,,,,,,,,,,,,,,,,
IVIS,kmeans,,metric,d,,,scDesign3,BATCH,0.5,,,,,,,,,,,,,,,,,,,,,,
IVIS,louvain,,metric,d,,,scDesign3,BATCH,0.08,,,,,,,,,,,,,,,,,,,,,,
IVIS,spectral,,metric,d,,,scDesign3,BATCH,0.48,,,,,,,,,,,,,,,,,,,,,,
PCA,kmeans,,linear,d,,,scDesign3,BATCH,0.19,,,,,,,,,,,,,,,,,,,,,,
PCA,louvain,,linear,d,,,scDesign3,BATCH,0.05,,,,,,,,,,,,,,,,,,,,,,
PCA,spectral,,linear,d,,,scDesign3,BATCH,0.22,,,,,,,,,,,,,,,,,,,,,,
PHATE,kmeans,,graph,d,,,scDesign3,BATCH,0.39,,,,,,,,,,,,,,,,,,,,,,
PHATE,louvain,,graph,d,,,scDesign3,BATCH,0.07,,,,,,,,,,,,,,,,,,,,,,
PHATE,spectral,,graph,d,,,scDesign3,BATCH,0.34,,,,,,,,,,,,,,,,,,,,,,
PaCMAP,kmeans,,metric,d,,,scDesign3,BATCH,0.06,,,,,,,,,,,,,,,,,,,,,,
PaCMAP,louvain,,metric,d,,,scDesign3,BATCH,0.01,,,,,,,,,,,,,,,,,,,,,,
PaCMAP,spectral,,metric,d,,,scDesign3,BATCH,0.05,,,,,,,,,,,,,,,,,,,,,,
SAUCIE,kmeans,,deep,d,,,scDesign3,BATCH,0.3,,,,,,,,,,,,,,,,,,,,,,
SAUCIE,louvain,,deep,d,,,scDesign3,BATCH,0.06,,,,,,,,,,,,,,,,,,,,,,
SAUCIE,spectral,,deep,d,,,scDesign3,BATCH,0.22,,,,,,,,,,,,,,,,,,,,,,
SCDRHA,kmeans,,deep,d,,,scDesign3,BATCH,0.23,,,,,,,,,,,,,,,,,,,,,,
SCDRHA,louvain,,deep,d,,,scDesign3,BATCH,0.07,,,,,,,,,,,,,,,,,,,,,,
SCDRHA,spectral,,deep,d,,,scDesign3,BATCH,0.25,,,,,,,,,,,,,,,,,,,,,,
SIMLR,kmeans,,graph,d,,,scDesign3,BATCH,0.4,,,,,,,,,,,,,,,,,,,,,,
SIMLR,louvain,,graph,d,,,scDesign3,BATCH,0.08,,,,,,,,,,,,,,,,,,,,,,
SIMLR,spectral,,graph,d,,,scDesign3,BATCH,0.41,,,,,,,,,,,,,,,,,,,,,,
SPDR,kmeans,,graph,d,,,scDesign3,BATCH,0.41,,,,,,,,,,,,,,,,,,,,,,
SPDR,louvain,,graph,d,,,scDesign3,BATCH,0.07,,,,,,,,,,,,,,,,,,,,,,
SPDR,spectral,,graph,d,,,scDesign3,BATCH,0.38,,,,,,,,,,,,,,,,,,,,,,
SQuaD-MDS,kmeans,,metric,d,,,scDesign3,BATCH,0.22999999999999998,,,,,,,,,,,,,,,,,,,,,,
SQuaD-MDS,louvain,,metric,d,,,scDesign3,BATCH,0.07500000000000001,,,,,,,,,,,,,,,,,,,,,,
SQuaD-MDS,spectral,,metric,d,,,scDesign3,BATCH,0.28,,,,,,,,,,,,,,,,,,,,,,
SSNMDI,kmeans,,linear,d,,,scDesign3,BATCH,0.04,,,,,,,,,,,,,,,,,,,,,,
SSNMDI,louvain,,linear,d,,,scDesign3,BATCH,0.01,,,,,,,,,,,,,,,,,,,,,,
SSNMDI,spectral,,linear,d,,,scDesign3,BATCH,0.03,,,,,,,,,,,,,,,,,,,,,,
TriMap,kmeans,,metric,d,,,scDesign3,BATCH,0.32,,,,,,,,,,,,,,,,,,,,,,
TriMap,louvain,,metric,d,,,scDesign3,BATCH,0.07,,,,,,,,,,,,,,,,,,,,,,
TriMap,spectral,,metric,d,,,scDesign3,BATCH,0.37,,,,,,,,,,,,,,,,,,,,,,
UMAP,kmeans,,graph,d,,,scDesign3,BATCH,0.42,,,,,,,,,,,,,,,,,,,,,,
UMAP,louvain,,graph,d,,,scDesign3,BATCH,0.08,,,,,,,,,,,,,,,,,,,,,,
UMAP,spectral,,graph,d,,,scDesign3,BATCH,0.31,,,,,,,,,,,,,,,,,,,,,,
VAE,kmeans,,deep,d,,,scDesign3,BATCH,0.44,,,,,,,,,,,,,,,,,,,,,,
VAE,louvain,,deep,d,,,scDesign3,BATCH,0.09,,,,,,,,,,,,,,,,,,,,,,
VAE,spectral,,deep,d,,,scDesign3,BATCH,0.38,,,,,,,,,,,,,,,,,,,,,,
VASC,kmeans,,deep,d,,,scDesign3,BATCH,0.41,,,,,,,,,,,,,,,,,,,,,,
VASC,louvain,,deep,d,,,scDesign3,BATCH,0.06,,,,,,,,,,,,,,,,,,,,,,
VASC,spectral,,deep,d,,,scDesign3,BATCH,0.39,,,,,,,,,,,,,,,,,,,,,,
ZIFA,kmeans,,linear,d,,,scDesign3,BATCH,0.28,,,,,,,,,,,,,,,,,,,,,,
ZIFA,louvain,,linear,d,,,scDesign3,BATCH,0.06,,,,,,,,,,,,,,,,,,,,,,
ZIFA,spectral,,linear,d,,,scDesign3,BATCH,0.26,,,,,,,,,,,,,,,,,,,,,,
pCMF,kmeans,,linear,d,,,scDesign3,BATCH,0.11,,,,,,,,,,,,,,,,,,,,,,
pCMF,louvain,,linear,d,,,scDesign3,BATCH,0.03,,,,,,,,,,,,,,,,,,,,,,
pCMF,spectral,,linear,d,,,scDesign3,BATCH,0.1,,,,,,,,,,,,,,,,,,,,,,
scGAE,kmeans,,deep,d,,,scDesign3,BATCH,0.31,,,,,,,,,,,,,,,,,,,,,,
scGAE,louvain,,deep,d,,,scDesign3,BATCH,0.06,,,,,,,,,,,,,,,,,,,,,,
scGAE,spectral,,deep,d,,,scDesign3,BATCH,0.37,,,,,,,,,,,,,,,,,,,,,,
scGBM,kmeans,,linear,d,,,scDesign3,BATCH,0.48,,,,,,,,,,,,,,,,,,,,,,
scGBM,louvain,,linear,d,,,scDesign3,BATCH,0.09,,,,,,,,,,,,,,,,,,,,,,
scGBM,spectral,,linear,d,,,scDesign3,BATCH,0.42,,,,,,,,,,,,,,,,,,,,,,
scScope,kmeans,,deep,d,,,scDesign3,BATCH,0.29,,,,,,,,,,,,,,,,,,,,,,
scScope,louvain,,deep,d,,,scDesign3,BATCH,0.07,,,,,,,,,,,,,,,,,,,,,,
scScope,spectral,,deep,d,,,scDesign3,BATCH,0.34,,,,,,,,,,,,,,,,,,,,,,
scvis,kmeans,,deep,d,,,scDesign3,BATCH,0.37,,,,,,,,,,,,,,,,,,,,,,
scvis,louvain,,deep,d,,,scDesign3,BATCH,0.08,,,,,,,,,,,,,,,,,,,,,,
scvis,spectral,,deep,d,,,scDesign3,BATCH,0.39,,,,,,,,,,,,,,,,,,,,,,
t-SNE,kmeans,,metric,d,,,scDesign3,BATCH,0.43,,,,,,,,,,,,,,,,,,,,,,
t-SNE,louvain,,metric,d,,,scDesign3,BATCH,0.09,,,,,,,,,,,,,,,,,,,,,,
t-SNE,spectral,,metric,d,,,scDesign3,BATCH,0.41,,,,,,,,,,,,,,,,,,,,,,
tGPLVM,kmeans,,linear,d,,,scDesign3,BATCH,0.01,,,,,,,,,,,,,,,,,,,,,,
tGPLVM,louvain,,linear,d,,,scDesign3,BATCH,0.0,,,,,,,,,,,,,,,,,,,,,,
tGPLVM,spectral,,linear,d,,,scDesign3,BATCH,0.01,,,,,,,,,,,,,,,,,,,,,,
DRA,kmeans,,deep,d,,,scDesign3,CITE,0.0,,,,,,,,,,,,,,,,,,,,,,
DRA,louvain,,deep,d,,,scDesign3,CITE,-0.0,,,,,,,,,,,,,,,,,,,,,,
DRA,spectral,,deep,d,,,scDesign3,CITE,-0.0,,,,,,,,,,,,,,,,,,,,,,
DREAM,kmeans,,deep,d,,,scDesign3,CITE,-0.0,,,,,,,,,,,,,,,,,,,,,,
DREAM,louvain,,deep,d,,,scDesign3,CITE,-0.0,,,,,,,,,,,,,,,,,,,,,,
DREAM,spectral,,deep,d,,,scDesign3,CITE,0.0,,,,,,,,,,,,,,,,,,,,,,
EDGE,kmeans,,graph,d,,,scDesign3,CITE,0.11,,,,,,,,,,,,,,,,,,,,,,
EDGE,louvain,,graph,d,,,scDesign3,CITE,0.02,,,,,,,,,,,,,,,,,,,,,,
EDGE,spectral,,graph,d,,,scDesign3,CITE,0.12,,,,,,,,,,,,,,,,,,,,,,
GLMPCA,kmeans,,linear,d,,,scDesign3,CITE,0.17,,,,,,,,,,,,,,,,,,,,,,
GLMPCA,louvain,,linear,d,,,scDesign3,CITE,0.02,,,,,,,,,,,,,,,,,,,,,,
GLMPCA,spectral,,linear,d,,,scDesign3,CITE,0.13,,,,,,,,,,,,,,,,,,,,,,
IVIS,kmeans,,metric,d,,,scDesign3,CITE,0.28,,,,,,,,,,,,,,,,,,,,,,
IVIS,louvain,,metric,d,,,scDesign3,CITE,0.18,,,,,,,,,,,,,,,,,,,,,,
IVIS,spectral,,metric,d,,,scDesign3,CITE,0.29,,,,,,,,,,,,,,,,,,,,,,
PCA,kmeans,,linear,d,,,scDesign3,CITE,0.37,,,,,,,,,,,,,,,,,,,,,,
PCA,louvain,,linear,d,,,scDesign3,CITE,0.08,,,,,,,,,,,,,,,,,,,,,,
PCA,spectral,,linear,d,,,scDesign3,CITE,0.26,,,,,,,,,,,,,,,,,,,,,,
PHATE,kmeans,,graph,d,,,scDesign3,CITE,0.37,,,,,,,,,,,,,,,,,,,,,,
PHATE,louvain,,graph,d,,,scDesign3,CITE,0.05,,,,,,,,,,,,,,,,,,,,,,
PHATE,spectral,,graph,d,,,scDesign3,CITE,0.25,,,,,,,,,,,,,,,,,,,,,,
PaCMAP,kmeans,,metric,d,,,scDesign3,CITE,0.03,,,,,,,,,,,,,,,,,,,,,,
PaCMAP,louvain,,metric,d,,,scDesign3,CITE,0.01,,,,,,,,,,,,,,,,,,,,,,
PaCMAP,spectral,,metric,d,,,scDesign3,CITE,0.03,,,,,,,,,,,,,,,,,,,,,,
SAUCIE,kmeans,,deep,d,,,scDesign3,CITE,0.32,,,,,,,,,,,,,,,,,,,,,,
SAUCIE,louvain,,deep,d,,,scDesign3,CITE,0.05,,,,,,,,,,,,,,,,,,,,,,
SAUCIE,spectral,,deep,d,,,scDesign3,CITE,0.21,,,,,,,,,,,,,,,,,,,,,,
SCDRHA,kmeans,,deep,d,,,scDesign3,CITE,0.28,,,,,,,,,,,,,,,,,,,,,,
SCDRHA,louvain,,deep,d,,,scDesign3,CITE,0.05,,,,,,,,,,,,,,,,,,,,,,
SCDRHA,spectral,,deep,d,,,scDesign3,CITE,0.42,,,,,,,,,,,,,,,,,,,,,,
SPDR,kmeans,,graph,d,,,scDesign3,CITE,0.31,,,,,,,,,,,,,,,,,,,,,,
SPDR,louvain,,graph,d,,,scDesign3,CITE,0.06,,,,,,,,,,,,,,,,,,,,,,
SPDR,spectral,,graph,d,,,scDesign3,CITE,0.32,,,,,,,,,,,,,,,,,,,,,,
SQuaD-MDS,kmeans,,metric,d,,,scDesign3,CITE,0.345,,,,,,,,,,,,,,,,,,,,,,
SQuaD-MDS,louvain,,metric,d,,,scDesign3,CITE,0.055,,,,,,,,,,,,,,,,,,,,,,
SQuaD-MDS,spectral,,metric,d,,,scDesign3,CITE,0.35,,,,,,,,,,,,,,,,,,,,,,
SSNMDI,kmeans,,linear,d,,,scDesign3,CITE,0.0,,,,,,,,,,,,,,,,,,,,,,
SSNMDI,louvain,,linear,d,,,scDesign3,CITE,0.0,,,,,,,,,,,,,,,,,,,,,,
SSNMDI,spectral,,linear,d,,,scDesign3,CITE,0.01,,,,,,,,,,,,,,,,,,,,,,
TriMap,kmeans,,metric,d,,,scDesign3,CITE,0.3,,,,,,,,,,,,,,,,,,,,,,
TriMap,louvain,,metric,d,,,scDesign3,CITE,0.05,,,,,,,,,,,,,,,,,,,,,,
TriMap,spectral,,metric,d,,,scDesign3,CITE,0.32,,,,,,,,,,,,,,,,,,,,,,
UMAP,kmeans,,graph,d,,,scDesign3,CITE,0.34,,,,,,,,,,,,,,,,,,,,,,
UMAP,louvain,,graph,d,,,scDesign3,CITE,0.05,,,,,,,,,,,,,,,,,,,,,,
UMAP,spectral,,graph,d,,,scDesign3,CITE,0.36,,,,,,,,,,,,,,,,,,,,,,
VAE,kmeans,,deep,d,,,scDesign3,CITE,0.37,,,,,,,,,,,,,,,,,,,,,,
VAE,louvain,,deep,d,,,scDesign3,CITE,0.08,,,,,,,,,,,,,,,,,,,,,,
VAE,spectral,,deep,d,,,scDesign3,CITE,0.36,,,,,,,,,,,,,,,,,,,,,,
VASC,kmeans,,deep,d,,,scDesign3,CITE,0.42,,,,,,,,,,,,,,,,,,,,,,
VASC,louvain,,deep,d,,,scDesign3,CITE,0.05,,,,,,,,,,,,,,,,,,,,,,
VASC,spectral,,deep,d,,,scDesign3,CITE,0.26,,,,,,,,,,,,,,,,,,,,,,
ZIFA,kmeans,,linear,d,,,scDesign3,CITE,0.32,,,,,,,,,,,,,,,,,,,,,,
ZIFA,louvain,,linear,d,,,scDesign3,CITE,0.07,,,,,,,,,,,,,,,,,,,,,,
ZIFA,spectral,,linear,d,,,scDesign3,CITE,0.24,,,,,,,,,,,,,,,,,,,,,,
pCMF,kmeans,,linear,d,,,scDesign3,CITE,0.39,,,,,,,,,,,,,,,,,,,,,,
pCMF,louvain,,linear,d,,,scDesign3,CITE,0.05,,,,,,,,,,,,,,,,,,,,,,
pCMF,spectral,,linear,d,,,scDesign3,CITE,0.21,,,,,,,,,,,,,,,,,,,,,,
scGAE,kmeans,,deep,d,,,scDesign3,CITE,0.2,,,,,,,,,,,,,,,,,,,,,,
scGAE,louvain,,deep,d,,,scDesign3,CITE,0.04,,,,,,,,,,,,,,,,,,,,,,
scGAE,spectral,,deep,d,,,scDesign3,CITE,0.26,,,,,,,,,,,,,,,,,,,,,,
scGBM,kmeans,,linear,d,,,scDesign3,CITE,0.41,,,,,,,,,,,,,,,,,,,,,,
scGBM,louvain,,linear,d,,,scDesign3,CITE,0.06,,,,,,,,,,,,,,,,,,,,,,
scGBM,spectral,,linear,d,,,scDesign3,CITE,0.29,,,,,,,,,,,,,,,,,,,,,,
scScope,kmeans,,deep,d,,,scDesign3,CITE,0.28,,,,,,,,,,,,,,,,,,,,,,
scScope,louvain,,deep,d,,,scDesign3,CITE,0.06,,,,,,,,,,,,,,,,,,,,,,
scScope,spectral,,deep,d,,,scDesign3,CITE,0.35,,,,,,,,,,,,,,,,,,,,,,
scvis,kmeans,,deep,d,,,scDesign3,CITE,0.28,,,,,,,,,,,,,,,,,,,,,,
scvis,louvain,,deep,d,,,scDesign3,CITE,0.06,,,,,,,,,,,,,,,,,,,,,,
scvis,spectral,,deep,d,,,scDesign3,CITE,0.28,,,,,,,,,,,,,,,,,,,,,,
t-SNE,kmeans,,metric,d,,,scDesign3,CITE,0.39,,,,,,,,,,,,,,,,,,,,,,
t-SNE,louvain,,metric,d,,,scDesign3,CITE,0.1,,,,,,,,,,,,,,,,,,,,,,
t-SNE,spectral,,metric,d,,,scDesign3,CITE,0.46,,,,,,,,,,,,,,,,,,,,,,
tGPLVM,kmeans,,linear,d,,,scDesign3,CITE,0.0,,,,,,,,,,,,,,,,,,,,,,
tGPLVM,louvain,,linear,d,,,scDesign3,CITE,0.0,,,,,,,,,,,,,,,,,,,,,,
tGPLVM,spectral,,linear,d,,,scDesign3,CITE,0.0,,,,,,,,,,,,,,,,,,,,,,
DRA,kmeans,,deep,d,,,scDesign3,EMBYRO,0.0,,,,,,,,,,,,,,,,,,,,,,
DRA,louvain,,deep,d,,,scDesign3,EMBYRO,-0.0,,,,,,,,,,,,,,,,,,,,,,
DRA,spectral,,deep,d,,,scDesign3,EMBYRO,-0.0,,,,,,,,,,,,,,,,,,,,,,
DREAM,kmeans,,deep,d,,,scDesign3,EMBYRO,0.01,,,,,,,,,,,,,,,,,,,,,,
DREAM,louvain,,deep,d,,,scDesign3,EMBYRO,0.01,,,,,,,,,,,,,,,,,,,,,,
DREAM,spectral,,deep,d,,,scDesign3,EMBYRO,0.01,,,,,,,,,,,,,,,,,,,,,,
EDGE,kmeans,,graph,d,,,scDesign3,EMBYRO,0.11,,,,,,,,,,,,,,,,,,,,,,
EDGE,louvain,,graph,d,,,scDesign3,EMBYRO,0.08,,,,,,,,,,,,,,,,,,,,,,
EDGE,spectral,,graph,d,,,scDesign3,EMBYRO,0.08,,,,,,,,,,,,,,,,,,,,,,
GLMPCA,kmeans,,linear,d,,,scDesign3,EMBYRO,0.22,,,,,,,,,,,,,,,,,,,,,,
GLMPCA,louvain,,linear,d,,,scDesign3,EMBYRO,0.1,,,,,,,,,,,,,,,,,,,,,,
GLMPCA,spectral,,linear,d,,,scDesign3,EMBYRO,0.2,,,,,,,,,,,,,,,,,,,,,,
IVIS,kmeans,,metric,d,,,scDesign3,EMBYRO,0.02,,,,,,,,,,,,,,,,,,,,,,
IVIS,louvain,,metric,d,,,scDesign3,EMBYRO,0.02,,,,,,,,,,,,,,,,,,,,,,
IVIS,spectral,,metric,d,,,scDesign3,EMBYRO,0.02,,,,,,,,,,,,,,,,,,,,,,
PCA,kmeans,,linear,d,,,scDesign3,EMBYRO,0.15,,,,,,,,,,,,,,,,,,,,,,
PCA,louvain,,linear,d,,,scDesign3,EMBYRO,0.11,,,,,,,,,,,,,,,,,,,,,,
PCA,spectral,,linear,d,,,scDesign3,EMBYRO,0.16,,,,,,,,,,,,,,,,,,,,,,
PHATE,kmeans,,graph,d,,,scDesign3,EMBYRO,0.13,,,,,,,,,,,,,,,,,,,,,,
PHATE,louvain,,graph,d,,,scDesign3,EMBYRO,0.08,,,,,,,,,,,,,,,,,,,,,,
PHATE,spectral,,graph,d,,,scDesign3,EMBYRO,0.13,,,,,,,,,,,,,,,,,,,,,,
PaCMAP,kmeans,,metric,d,,,scDesign3,EMBYRO,-0.01,,,,,,,,,,,,,,,,,,,,,,
PaCMAP,louvain,,metric,d,,,scDesign3,EMBYRO,0.04,,,,,,,,,,,,,,,,,,,,,,
PaCMAP,spectral,,metric,d,,,scDesign3,EMBYRO,0.09,,,,,,,,,,,,,,,,,,,,,,
SAUCIE,kmeans,,deep,d,,,scDesign3,EMBYRO,0.01,,,,,,,,,,,,,,,,,,,,,,
SAUCIE,louvain,,deep,d,,,scDesign3,EMBYRO,0.05,,,,,,,,,,,,,,,,,,,,,,
SAUCIE,spectral,,deep,d,,,scDesign3,EMBYRO,0.1,,,,,,,,,,,,,,,,,,,,,,
SCDRHA,kmeans,,deep,d,,,scDesign3,EMBYRO,0.04,,,,,,,,,,,,,,,,,,,,,,
SCDRHA,louvain,,deep,d,,,scDesign3,EMBYRO,0.05,,,,,,,,,,,,,,,,,,,,,,
SCDRHA,spectral,,deep,d,,,scDesign3,EMBYRO,0.06,,,,,,,,,,,,,,,,,,,,,,
SIMLR,kmeans,,graph,d,,,scDesign3,EMBYRO,0.09,,,,,,,,,,,,,,,,,,,,,,
SIMLR,louvain,,graph,d,,,scDesign3,EMBYRO,0.08,,,,,,,,,,,,,,,,,,,,,,
SIMLR,spectral,,graph,d,,,scDesign3,EMBYRO,0.07,,,,,,,,,,,,,,,,,,,,,,
SPDR,kmeans,,graph,d,,,scDesign3,EMBYRO,0.12,,,,,,,,,,,,,,,,,,,,,,
SPDR,louvain,,graph,d,,,scDesign3,EMBYRO,0.1,,,,,,,,,,,,,,,,,,,,,,
SPDR,spectral,,graph,d,,,scDesign3,EMBYRO,0.1,,,,,,,,,,,,,,,,,,,,,,
SQuaD-MDS,kmeans,,metric,d,,,scDesign3,EMBYRO,0.060000000000000005,,,,,,,,,,,,,,,,,,,,,,
SQuaD-MDS,louvain,,metric,d,,,scDesign3,EMBYRO,0.075,,,,,,,,,,,,,,,,,,,,,,
SQuaD-MDS,spectral,,metric,d,,,scDesign3,EMBYRO,0.065,,,,,,,,,,,,,,,,,,,,,,
SSNMDI,kmeans,,linear,d,,,scDesign3,EMBYRO,0.08,,,,,,,,,,,,,,,,,,,,,,
SSNMDI,louvain,,linear,d,,,scDesign3,EMBYRO,0.06,,,,,,,,,,,,,,,,,,,,,,
SSNMDI,spectral,,linear,d,,,scDesign3,EMBYRO,0.11,,,,,,,,,,,,,,,,,,,,,,
TriMap,kmeans,,metric,d,,,scDesign3,EMBYRO,0.04,,,,,,,,,,,,,,,,,,,,,,
TriMap,louvain,,metric,d,,,scDesign3,EMBYRO,0.07,,,,,,,,,,,,,,,,,,,,,,
TriMap,spectral,,metric,d,,,scDesign3,EMBYRO,0.1,,,,,,,,,,,,,,,,,,,,,,
UMAP,kmeans,,graph,d,,,scDesign3,EMBYRO,0.13,,,,,,,,,,,,,,,,,,,,,,
UMAP,louvain,,graph,d,,,scDesign3,EMBYRO,0.08,,,,,,,,,,,,,,,,,,,,,,
UMAP,spectral,,graph,d,,,scDesign3,EMBYRO,0.1,,,,,,,,,,,,,,,,,,,,,,
VAE,kmeans,,deep,d,,,scDesign3,EMBYRO,0.32,,,,,,,,,,,,,,,,,,,,,,
VAE,louvain,,deep,d,,,scDesign3,EMBYRO,0.16,,,,,,,,,,,,,,,,,,,,,,
VAE,spectral,,deep,d,,,scDesign3,EMBYRO,0.21,,,,,,,,,,,,,,,,,,,,,,
VASC,kmeans,,deep,d,,,scDesign3,EMBYRO,0.38,,,,,,,,,,,,,,,,,,,,,,
VASC,louvain,,deep,d,,,scDesign3,EMBYRO,0.22,,,,,,,,,,,,,,,,,,,,,,
VASC,spectral,,deep,d,,,scDesign3,EMBYRO,0.3,,,,,,,,,,,,,,,,,,,,,,
ZIFA,kmeans,,linear,d,,,scDesign3,EMBYRO,0.51,,,,,,,,,,,,,,,,,,,,,,
ZIFA,louvain,,linear,d,,,scDesign3,EMBYRO,0.21,,,,,,,,,,,,,,,,,,,,,,
ZIFA,spectral,,linear,d,,,scDesign3,EMBYRO,0.53,,,,,,,,,,,,,,,,,,,,,,
pCMF,kmeans,,linear,d,,,scDesign3,EMBYRO,0.09,,,,,,,,,,,,,,,,,,,,,,
pCMF,louvain,,linear,d,,,scDesign3,EMBYRO,0.05,,,,,,,,,,,,,,,,,,,,,,
pCMF,spectral,,linear,d,,,scDesign3,EMBYRO,0.07,,,,,,,,,,,,,,,,,,,,,,
scGAE,kmeans,,deep,d,,,scDesign3,EMBYRO,0.13,,,,,,,,,,,,,,,,,,,,,,
scGAE,louvain,,deep,d,,,scDesign3,EMBYRO,0.1,,,,,,,,,,,,,,,,,,,,,,
scGAE,spectral,,deep,d,,,scDesign3,EMBYRO,0.1,,,,,,,,,,,,,,,,,,,,,,
scGBM,kmeans,,linear,d,,,scDesign3,EMBYRO,0.24,,,,,,,,,,,,,,,,,,,,,,
scGBM,louvain,,linear,d,,,scDesign3,EMBYRO,0.16,,,,,,,,,,,,,,,,,,,,,,
scGBM,spectral,,linear,d,,,scDesign3,EMBYRO,0.31,,,,,,,,,,,,,,,,,,,,,,
scScope,kmeans,,deep,d,,,scDesign3,EMBYRO,0.11,,,,,,,,,,,,,,,,,,,,,,
scScope,louvain,,deep,d,,,scDesign3,EMBYRO,0.09,,,,,,,,,,,,,,,,,,,,,,
scScope,spectral,,deep,d,,,scDesign3,EMBYRO,0.15,,,,,,,,,,,,,,,,,,,,,,
scvis,kmeans,,deep,d,,,scDesign3,EMBYRO,0.1,,,,,,,,,,,,,,,,,,,,,,
scvis,louvain,,deep,d,,,scDesign3,EMBYRO,0.11,,,,,,,,,,,,,,,,,,,,,,
scvis,spectral,,deep,d,,,scDesign3,EMBYRO,0.11,,,,,,,,,,,,,,,,,,,,,,
t-SNE,kmeans,,metric,d,,,scDesign3,EMBYRO,0.44,,,,,,,,,,,,,,,,,,,,,,
t-SNE,louvain,,metric,d,,,scDesign3,EMBYRO,0.18,,,,,,,,,,,,,,,,,,,,,,
t-SNE,spectral,,metric,d,,,scDesign3,EMBYRO,0.32,,,,,,,,,,,,,,,,,,,,,,
tGPLVM,kmeans,,linear,d,,,scDesign3,EMBYRO,-0.0,,,,,,,,,,,,,,,,,,,,,,
tGPLVM,louvain,,linear,d,,,scDesign3,EMBYRO,0.0,,,,,,,,,,,,,,,,,,,,,,
tGPLVM,spectral,,linear,d,,,scDesign3,EMBYRO,-0.0,,,,,,,,,,,,,,,,,,,,,,
DRA,kmeans,,deep,d,,,scDesign3,IFNB,0.0,,,,,,,,,,,,,,,,,,,,,,
DRA,louvain,,deep,d,,,scDesign3,IFNB,0.0,,,,,,,,,,,,,,,,,,,,,,
DRA,spectral,,deep,d,,,scDesign3,IFNB,-0.0,,,,,,,,,,,,,,,,,,,,,,
DREAM,kmeans,,deep,d,,,scDesign3,IFNB,0.1,,,,,,,,,,,,,,,,,,,,,,
DREAM,louvain,,deep,d,,,scDesign3,IFNB,0.01,,,,,,,,,,,,,,,,,,,,,,
DREAM,spectral,,deep,d,,,scDesign3,IFNB,0.09,,,,,,,,,,,,,,,,,,,,,,
EDGE,kmeans,,graph,d,,,scDesign3,IFNB,0.14,,,,,,,,,,,,,,,,,,,,,,
EDGE,louvain,,graph,d,,,scDesign3,IFNB,0.02,,,,,,,,,,,,,,,,,,,,,,
EDGE,spectral,,graph,d,,,scDesign3,IFNB,0.13,,,,,,,,,,,,,,,,,,,,,,
GLMPCA,kmeans,,linear,d,,,scDesign3,IFNB,0.27,,,,,,,,,,,,,,,,,,,,,,
GLMPCA,louvain,,linear,d,,,scDesign3,IFNB,0.04,,,,,,,,,,,,,,,,,,,,,,
GLMPCA,spectral,,linear,d,,,scDesign3,IFNB,0.21,,,,,,,,,,,,,,,,,,,,,,
IVIS,kmeans,,metric,d,,,scDesign3,IFNB,0.25,,,,,,,,,,,,,,,,,,,,,,
IVIS,louvain,,metric,d,,,scDesign3,IFNB,0.04,,,,,,,,,,,,,,,,,,,,,,
IVIS,spectral,,metric,d,,,scDesign3,IFNB,0.22,,,,,,,,,,,,,,,,,,,,,,
PCA,kmeans,,linear,d,,,scDesign3,IFNB,0.1,,,,,,,,,,,,,,,,,,,,,,
PCA,louvain,,linear,d,,,scDesign3,IFNB,0.03,,,,,,,,,,,,,,,,,,,,,,
PCA,spectral,,linear,d,,,scDesign3,IFNB,0.17,,,,,,,,,,,,,,,,,,,,,,
PHATE,kmeans,,graph,d,,,scDesign3,IFNB,0.22,,,,,,,,,,,,,,,,,,,,,,
PHATE,louvain,,graph,d,,,scDesign3,IFNB,0.03,,,,,,,,,,,,,,,,,,,,,,
PHATE,spectral,,graph,d,,,scDesign3,IFNB,0.21,,,,,,,,,,,,,,,,,,,,,,
PaCMAP,kmeans,,metric,d,,,scDesign3,IFNB,0.0,,,,,,,,,,,,,,,,,,,,,,
PaCMAP,louvain,,metric,d,,,scDesign3,IFNB,0.0,,,,,,,,,,,,,,,,,,,,,,
PaCMAP,spectral,,metric,d,,,scDesign3,IFNB,0.0,,,,,,,,,,,,,,,,,,,,,,
SAUCIE,kmeans,,deep,d,,,scDesign3,IFNB,0.19,,,,,,,,,,,,,,,,,,,,,,
SAUCIE,louvain,,deep,d,,,scDesign3,IFNB,0.08,,,,,,,,,,,,,,,,,,,,,,
SAUCIE,spectral,,deep,d,,,scDesign3,IFNB,0.18,,,,,,,,,,,,,,,,,,,,,,
SCDRHA,kmeans,,deep,d,,,scDesign3,IFNB,0.11,,,,,,,,,,,,,,,,,,,,,,
SCDRHA,louvain,,deep,d,,,scDesign3,IFNB,0.03,,,,,,,,,,,,,,,,,,,,,,
SCDRHA,spectral,,deep,d,,,scDesign3,IFNB,0.21,,,,,,,,,,,,,,,,,,,,,,
SPDR,kmeans,,graph,d,,,scDesign3,IFNB,0.25,,,,,,,,,,,,,,,,,,,,,,
SPDR,louvain,,graph,d,,,scDesign3,IFNB,0.04,,,,,,,,,,,,,,,,,,,,,,
SPDR,spectral,,graph,d,,,scDesign3,IFNB,0.25,,,,,,,,,,,,,,,,,,,,,,
SQuaD-MDS,kmeans,,metric,d,,,scDesign3,IFNB,0.16999999999999998,,,,,,,,,,,,,,,,,,,,,,
SQuaD-MDS,louvain,,metric,d,,,scDesign3,IFNB,0.05500000000000001,,,,,,,,,,,,,,,,,,,,,,
SQuaD-MDS,spectral,,metric,d,,,scDesign3,IFNB,0.22000000000000003,,,,,,,,,,,,,,,,,,,,,,
SSNMDI,kmeans,,linear,d,,,scDesign3,IFNB,-0.0,,,,,,,,,,,,,,,,,,,,,,
SSNMDI,louvain,,linear,d,,,scDesign3,IFNB,0.0,,,,,,,,,,,,,,,,,,,,,,
SSNMDI,spectral,,linear,d,,,scDesign3,IFNB,-0.0,,,,,,,,,,,,,,,,,,,,,,
TriMap,kmeans,,metric,d,,,scDesign3,IFNB,0.24,,,,,,,,,,,,,,,,,,,,,,
TriMap,louvain,,metric,d,,,scDesign3,IFNB,0.08,,,,,,,,,,,,,,,,,,,,,,
TriMap,spectral,,metric,d,,,scDesign3,IFNB,0.26,,,,,,,,,,,,,,,,,,,,,,
UMAP,kmeans,,graph,d,,,scDesign3,IFNB,0.26,,,,,,,,,,,,,,,,,,,,,,
UMAP,louvain,,graph,d,,,scDesign3,IFNB,0.04,,,,,,,,,,,,,,,,,,,,,,
UMAP,spectral,,graph,d,,,scDesign3,IFNB,0.31,,,,,,,,,,,,,,,,,,,,,,
VAE,kmeans,,deep,d,,,scDesign3,IFNB,0.34,,,,,,,,,,,,,,,,,,,,,,
VAE,louvain,,deep,d,,,scDesign3,IFNB,0.05,,,,,,,,,,,,,,,,,,,,,,
VAE,spectral,,deep,d,,,scDesign3,IFNB,0.37,,,,,,,,,,,,,,,,,,,,,,
VASC,kmeans,,deep,d,,,scDesign3,IFNB,0.28,,,,,,,,,,,,,,,,,,,,,,
VASC,louvain,,deep,d,,,scDesign3,IFNB,0.04,,,,,,,,,,,,,,,,,,,,,,
VASC,spectral,,deep,d,,,scDesign3,IFNB,0.2,,,,,,,,,,,,,,,,,,,,,,
ZIFA,kmeans,,linear,d,,,scDesign3,IFNB,0.23,,,,,,,,,,,,,,,,,,,,,,
ZIFA,louvain,,linear,d,,,scDesign3,IFNB,0.04,,,,,,,,,,,,,,,,,,,,,,
ZIFA,spectral,,linear,d,,,scDesign3,IFNB,0.19,,,,,,,,,,,,,,,,,,,,,,
pCMF,kmeans,,linear,d,,,scDesign3,IFNB,0.15,,,,,,,,,,,,,,,,,,,,,,
pCMF,louvain,,linear,d,,,scDesign3,IFNB,0.06,,,,,,,,,,,,,,,,,,,,,,
pCMF,spectral,,linear,d,,,scDesign3,IFNB,0.16,,,,,,,,,,,,,,,,,,,,,,
scGAE,kmeans,,deep,d,,,scDesign3,IFNB,0.15,,,,,,,,,,,,,,,,,,,,,,
scGAE,louvain,,deep,d,,,scDesign3,IFNB,0.02,,,,,,,,,,,,,,,,,,,,,,
scGAE,spectral,,deep,d,,,scDesign3,IFNB,0.14,,,,,,,,,,,,,,,,,,,,,,
scGBM,kmeans,,linear,d,,,scDesign3,IFNB,0.27,,,,,,,,,,,,,,,,,,,,,,
scGBM,louvain,,linear,d,,,scDesign3,IFNB,0.08,,,,,,,,,,,,,,,,,,,,,,
scGBM,spectral,,linear,d,,,scDesign3,IFNB,0.2,,,,,,,,,,,,,,,,,,,,,,
scScope,kmeans,,deep,d,,,scDesign3,IFNB,0.19,,,,,,,,,,,,,,,,,,,,,,
scScope,louvain,,deep,d,,,scDesign3,IFNB,0.04,,,,,,,,,,,,,,,,,,,,,,
scScope,spectral,,deep,d,,,scDesign3,IFNB,0.21,,,,,,,,,,,,,,,,,,,,,,
scvis,kmeans,,deep,d,,,scDesign3,IFNB,0.19,,,,,,,,,,,,,,,,,,,,,,
scvis,louvain,,deep,d,,,scDesign3,IFNB,0.03,,,,,,,,,,,,,,,,,,,,,,
scvis,spectral,,deep,d,,,scDesign3,IFNB,0.18,,,,,,,,,,,,,,,,,,,,,,
t-SNE,kmeans,,metric,d,,,scDesign3,IFNB,0.36,,,,,,,,,,,,,,,,,,,,,,
t-SNE,louvain,,metric,d,,,scDesign3,IFNB,0.06,,,,,,,,,,,,,,,,,,,,,,
t-SNE,spectral,,metric,d,,,scDesign3,IFNB,0.52,,,,,,,,,,,,,,,,,,,,,,
tGPLVM,kmeans,,linear,d,,,scDesign3,IFNB,0.02,,,,,,,,,,,,,,,,,,,,,,
tGPLVM,louvain,,linear,d,,,scDesign3,IFNB,0.01,,,,,,,,,,,,,,,,,,,,,,
tGPLVM,spectral,,linear,d,,,scDesign3,IFNB,0.03,,,,,,,,,,,,,,,,,,,,,,
DRA,kmeans,,deep,d,,,scDesign3,MARROW,-0.0,,,,,,,,,,,,,,,,,,,,,,
DRA,louvain,,deep,d,,,scDesign3,MARROW,0.0,,,,,,,,,,,,,,,,,,,,,,
DRA,spectral,,deep,d,,,scDesign3,MARROW,-0.0,,,,,,,,,,,,,,,,,,,,,,
DREAM,kmeans,,deep,d,,,scDesign3,MARROW,0.38,,,,,,,,,,,,,,,,,,,,,,
DREAM,louvain,,deep,d,,,scDesign3,MARROW,0.05,,,,,,,,,,,,,,,,,,,,,,
DREAM,spectral,,deep,d,,,scDesign3,MARROW,0.32,,,,,,,,,,,,,,,,,,,,,,
EDGE,kmeans,,graph,d,,,scDesign3,MARROW,0.74,,,,,,,,,,,,,,,,,,,,,,
EDGE,louvain,,graph,d,,,scDesign3,MARROW,0.09,,,,,,,,,,,,,,,,,,,,,,
EDGE,spectral,,graph,d,,,scDesign3,MARROW,0.74,,,,,,,,,,,,,,,,,,,,,,
GLMPCA,kmeans,,linear,d,,,scDesign3,MARROW,0.69,,,,,,,,,,,,,,,,,,,,,,
GLMPCA,louvain,,linear,d,,,scDesign3,MARROW,0.1,,,,,,,,,,,,,,,,,,,,,,
GLMPCA,spectral,,linear,d,,,scDesign3,MARROW,0.55,,,,,,,,,,,,,,,,,,,,,,
IVIS,kmeans,,metric,d,,,scDesign3,MARROW,0.67,,,,,,,,,,,,,,,,,,,,,,
IVIS,louvain,,metric,d,,,scDesign3,MARROW,0.09,,,,,,,,,,,,,,,,,,,,,,
IVIS,spectral,,metric,d,,,scDesign3,MARROW,0.72,,,,,,,,,,,,,,,,,,,,,,
PCA,kmeans,,linear,d,,,scDesign3,MARROW,0.26,,,,,,,,,,,,,,,,,,,,,,
PCA,louvain,,linear,d,,,scDesign3,MARROW,0.08,,,,,,,,,,,,,,,,,,,,,,
PCA,spectral,,linear,d,,,scDesign3,MARROW,0.46,,,,,,,,,,,,,,,,,,,,,,
PHATE,kmeans,,graph,d,,,scDesign3,MARROW,0.57,,,,,,,,,,,,,,,,,,,,,,
PHATE,louvain,,graph,d,,,scDesign3,MARROW,0.09,,,,,,,,,,,,,,,,,,,,,,
PHATE,spectral,,graph,d,,,scDesign3,MARROW,0.49,,,,,,,,,,,,,,,,,,,,,,
PaCMAP,kmeans,,metric,d,,,scDesign3,MARROW,0.0,,,,,,,,,,,,,,,,,,,,,,
PaCMAP,louvain,,metric,d,,,scDesign3,MARROW,-0.0,,,,,,,,,,,,,,,,,,,,,,
PaCMAP,spectral,,metric,d,,,scDesign3,MARROW,0.0,,,,,,,,,,,,,,,,,,,,,,
SAUCIE,kmeans,,deep,d,,,scDesign3,MARROW,0.43,,,,,,,,,,,,,,,,,,,,,,
SAUCIE,louvain,,deep,d,,,scDesign3,MARROW,0.07,,,,,,,,,,,,,,,,,,,,,,
SAUCIE,spectral,,deep,d,,,scDesign3,MARROW,0.58,,,,,,,,,,,,,,,,,,,,,,
SCDRHA,kmeans,,deep,d,,,scDesign3,MARROW,0.33,,,,,,,,,,,,,,,,,,,,,,
SCDRHA,louvain,,deep,d,,,scDesign3,MARROW,0.09,,,,,,,,,,,,,,,,,,,,,,
SCDRHA,spectral,,deep,d,,,scDesign3,MARROW,0.59,,,,,,,,,,,,,,,,,,,,,,
SIMLR,kmeans,,graph,d,,,scDesign3,MARROW,0.52,,,,,,,,,,,,,,,,,,,,,,
SIMLR,louvain,,graph,d,,,scDesign3,MARROW,0.08,,,,,,,,,,,,,,,,,,,,,,
SIMLR,spectral,,graph,d,,,scDesign3,MARROW,0.62,,,,,,,,,,,,,,,,,,,,,,
SPDR,kmeans,,graph,d,,,scDesign3,MARROW,0.67,,,,,,,,,,,,,,,,,,,,,,
SPDR,louvain,,graph,d,,,scDesign3,MARROW,0.08,,,,,,,,,,,,,,,,,,,,,,
SPDR,spectral,,graph,d,,,scDesign3,MARROW,0.65,,,,,,,,,,,,,,,,,,,,,,
SQuaD-MDS,kmeans,,metric,d,,,scDesign3,MARROW,0.41000000000000003,,,,,,,,,,,,,,,,,,,,,,
SQuaD-MDS,louvain,,metric,d,,,scDesign3,MARROW,0.095,,,,,,,,,,,,,,,,,,,,,,
SQuaD-MDS,spectral,,metric,d,,,scDesign3,MARROW,0.535,,,,,,,,,,,,,,,,,,,,,,
SSNMDI,kmeans,,linear,d,,,scDesign3,MARROW,-0.0,,,,,,,,,,,,,,,,,,,,,,
SSNMDI,louvain,,linear,d,,,scDesign3,MARROW,0.0,,,,,,,,,,,,,,,,,,,,,,
SSNMDI,spectral,,linear,d,,,scDesign3,MARROW,-0.0,,,,,,,,,,,,,,,,,,,,,,
TriMap,kmeans,,metric,d,,,scDesign3,MARROW,0.64,,,,,,,,,,,,,,,,,,,,,,
TriMap,louvain,,metric,d,,,scDesign3,MARROW,0.08,,,,,,,,,,,,,,,,,,,,,,
TriMap,spectral,,metric,d,,,scDesign3,MARROW,0.64,,,,,,,,,,,,,,,,,,,,,,
UMAP,kmeans,,graph,d,,,scDesign3,MARROW,0.67,,,,,,,,,,,,,,,,,,,,,,
UMAP,louvain,,graph,d,,,scDesign3,MARROW,0.09,,,,,,,,,,,,,,,,,,,,,,
UMAP,spectral,,graph,d,,,scDesign3,MARROW,0.66,,,,,,,,,,,,,,,,,,,,,,
VAE,kmeans,,deep,d,,,scDesign3,MARROW,0.58,,,,,,,,,,,,,,,,,,,,,,
VAE,louvain,,deep,d,,,scDesign3,MARROW,0.08,,,,,,,,,,,,,,,,,,,,,,
VAE,spectral,,deep,d,,,scDesign3,MARROW,0.55,,,,,,,,,,,,,,,,,,,,,,
VASC,kmeans,,deep,d,,,scDesign3,MARROW,0.67,,,,,,,,,,,,,,,,,,,,,,
VASC,louvain,,deep,d,,,scDesign3,MARROW,0.07,,,,,,,,,,,,,,,,,,,,,,
VASC,spectral,,deep,d,,,scDesign3,MARROW,0.52,,,,,,,,,,,,,,,,,,,,,,
ZIFA,kmeans,,linear,d,,,scDesign3,MARROW,0.74,,,,,,,,,,,,,,,,,,,,,,
ZIFA,louvain,,linear,d,,,scDesign3,MARROW,0.09,,,,,,,,,,,,,,,,,,,,,,
ZIFA,spectral,,linear,d,,,scDesign3,MARROW,0.61,,,,,,,,,,,,,,,,,,,,,,
pCMF,kmeans,,linear,d,,,scDesign3,MARROW,0.35,,,,,,,,,,,,,,,,,,,,,,
pCMF,louvain,,linear,d,,,scDesign3,MARROW,0.09,,,,,,,,,,,,,,,,,,,,,,
pCMF,spectral,,linear,d,,,scDesign3,MARROW,0.5,,,,,,,,,,,,,,,,,,,,,,
scGAE,kmeans,,deep,d,,,scDesign3,MARROW,0.43,,,,,,,,,,,,,,,,,,,,,,
scGAE,louvain,,deep,d,,,scDesign3,MARROW,0.07,,,,,,,,,,,,,,,,,,,,,,
scGAE,spectral,,deep,d,,,scDesign3,MARROW,0.71,,,,,,,,,,,,,,,,,,,,,,
scGBM,kmeans,,linear,d,,,scDesign3,MARROW,0.67,,,,,,,,,,,,,,,,,,,,,,
scGBM,louvain,,linear,d,,,scDesign3,MARROW,0.1,,,,,,,,,,,,,,,,,,,,,,
scGBM,spectral,,linear,d,,,scDesign3,MARROW,0.56,,,,,,,,,,,,,,,,,,,,,,
scScope,kmeans,,deep,d,,,scDesign3,MARROW,0.6,,,,,,,,,,,,,,,,,,,,,,
scScope,louvain,,deep,d,,,scDesign3,MARROW,0.07,,,,,,,,,,,,,,,,,,,,,,
scScope,spectral,,deep,d,,,scDesign3,MARROW,0.6,,,,,,,,,,,,,,,,,,,,,,
scvis,kmeans,,deep,d,,,scDesign3,MARROW,0.57,,,,,,,,,,,,,,,,,,,,,,
scvis,louvain,,deep,d,,,scDesign3,MARROW,0.1,,,,,,,,,,,,,,,,,,,,,,
scvis,spectral,,deep,d,,,scDesign3,MARROW,0.59,,,,,,,,,,,,,,,,,,,,,,
t-SNE,kmeans,,metric,d,,,scDesign3,MARROW,0.62,,,,,,,,,,,,,,,,,,,,,,
t-SNE,louvain,,metric,d,,,scDesign3,MARROW,0.09,,,,,,,,,,,,,,,,,,,,,,
t-SNE,spectral,,metric,d,,,scDesign3,MARROW,0.61,,,,,,,,,,,,,,,,,,,,,,
tGPLVM,kmeans,,linear,d,,,scDesign3,MARROW,0.37,,,,,,,,,,,,,,,,,,,,,,
tGPLVM,louvain,,linear,d,,,scDesign3,MARROW,0.09,,,,,,,,,,,,,,,,,,,,,,
tGPLVM,spectral,,linear,d,,,scDesign3,MARROW,0.41,,,,,,,,,,,,,,,,,,,,,,
DRA,kmeans,,deep,d,,,scDesign3,MOBSC,0.0,,,,,,,,,,,,,,,,,,,,,,
DRA,louvain,,deep,d,,,scDesign3,MOBSC,0.0,,,,,,,,,,,,,,,,,,,,,,
DRA,spectral,,deep,d,,,scDesign3,MOBSC,-0.0,,,,,,,,,,,,,,,,,,,,,,
DREAM,kmeans,,deep,d,,,scDesign3,MOBSC,0.16,,,,,,,,,,,,,,,,,,,,,,
DREAM,louvain,,deep,d,,,scDesign3,MOBSC,0.01,,,,,,,,,,,,,,,,,,,,,,
DREAM,spectral,,deep,d,,,scDesign3,MOBSC,0.15,,,,,,,,,,,,,,,,,,,,,,
EDGE,kmeans,,graph,d,,,scDesign3,MOBSC,0.22,,,,,,,,,,,,,,,,,,,,,,
EDGE,louvain,,graph,d,,,scDesign3,MOBSC,0.03,,,,,,,,,,,,,,,,,,,,,,
EDGE,spectral,,graph,d,,,scDesign3,MOBSC,0.17,,,,,,,,,,,,,,,,,,,,,,
GLMPCA,kmeans,,linear,d,,,scDesign3,MOBSC,0.45,,,,,,,,,,,,,,,,,,,,,,
GLMPCA,louvain,,linear,d,,,scDesign3,MOBSC,0.01,,,,,,,,,,,,,,,,,,,,,,
GLMPCA,spectral,,linear,d,,,scDesign3,MOBSC,0.36,,,,,,,,,,,,,,,,,,,,,,
IVIS,kmeans,,metric,d,,,scDesign3,MOBSC,0.16,,,,,,,,,,,,,,,,,,,,,,
IVIS,louvain,,metric,d,,,scDesign3,MOBSC,0.01,,,,,,,,,,,,,,,,,,,,,,
IVIS,spectral,,metric,d,,,scDesign3,MOBSC,0.14,,,,,,,,,,,,,,,,,,,,,,
PCA,kmeans,,linear,d,,,scDesign3,MOBSC,0.18,,,,,,,,,,,,,,,,,,,,,,
PCA,louvain,,linear,d,,,scDesign3,MOBSC,0.01,,,,,,,,,,,,,,,,,,,,,,
PCA,spectral,,linear,d,,,scDesign3,MOBSC,0.19,,,,,,,,,,,,,,,,,,,,,,
PHATE,kmeans,,graph,d,,,scDesign3,MOBSC,0.4,,,,,,,,,,,,,,,,,,,,,,
PHATE,louvain,,graph,d,,,scDesign3,MOBSC,0.01,,,,,,,,,,,,,,,,,,,,,,
PHATE,spectral,,graph,d,,,scDesign3,MOBSC,0.39,,,,,,,,,,,,,,,,,,,,,,
PaCMAP,kmeans,,metric,d,,,scDesign3,MOBSC,0.07,,,,,,,,,,,,,,,,,,,,,,
PaCMAP,louvain,,metric,d,,,scDesign3,MOBSC,0.0,,,,,,,,,,,,,,,,,,,,,,
PaCMAP,spectral,,metric,d,,,scDesign3,MOBSC,0.07,,,,,,,,,,,,,,,,,,,,,,
SAUCIE,kmeans,,deep,d,,,scDesign3,MOBSC,0.06,,,,,,,,,,,,,,,,,,,,,,
SAUCIE,louvain,,deep,d,,,scDesign3,MOBSC,0.0,,,,,,,,,,,,,,,,,,,,,,
SAUCIE,spectral,,deep,d,,,scDesign3,MOBSC,0.04,,,,,,,,,,,,,,,,,,,,,,
SCDRHA,kmeans,,deep,d,,,scDesign3,MOBSC,0.3,,,,,,,,,,,,,,,,,,,,,,
SCDRHA,louvain,,deep,d,,,scDesign3,MOBSC,0.03,,,,,,,,,,,,,,,,,,,,,,
SCDRHA,spectral,,deep,d,,,scDesign3,MOBSC,0.45,,,,,,,,,,,,,,,,,,,,,,
SPDR,kmeans,,graph,d,,,scDesign3,MOBSC,0.16,,,,,,,,,,,,,,,,,,,,,,
SPDR,louvain,,graph,d,,,scDesign3,MOBSC,0.01,,,,,,,,,,,,,,,,,,,,,,
SPDR,spectral,,graph,d,,,scDesign3,MOBSC,0.18,,,,,,,,,,,,,,,,,,,,,,
SQuaD-MDS,kmeans,,metric,d,,,scDesign3,MOBSC,0.08,,,,,,,,,,,,,,,,,,,,,,
SQuaD-MDS,louvain,,metric,d,,,scDesign3,MOBSC,0.01,,,,,,,,,,,,,,,,,,,,,,
SQuaD-MDS,spectral,,metric,d,,,scDesign3,MOBSC,0.11000000000000001,,,,,,,,,,,,,,,,,,,,,,
SSNMDI,kmeans,,linear,d,,,scDesign3,MOBSC,0.01,,,,,,,,,,,,,,,,,,,,,,
SSNMDI,louvain,,linear,d,,,scDesign3,MOBSC,0.0,,,,,,,,,,,,,,,,,,,,,,
SSNMDI,spectral,,linear,d,,,scDesign3,MOBSC,0.01,,,,,,,,,,,,,,,,,,,,,,
TriMap,kmeans,,metric,d,,,scDesign3,MOBSC,0.24,,,,,,,,,,,,,,,,,,,,,,
TriMap,louvain,,metric,d,,,scDesign3,MOBSC,0.01,,,,,,,,,,,,,,,,,,,,,,
TriMap,spectral,,metric,d,,,scDesign3,MOBSC,0.43,,,,,,,,,,,,,,,,,,,,,,
UMAP,kmeans,,graph,d,,,scDesign3,MOBSC,0.21,,,,,,,,,,,,,,,,,,,,,,
UMAP,louvain,,graph,d,,,scDesign3,MOBSC,0.01,,,,,,,,,,,,,,,,,,,,,,
UMAP,spectral,,graph,d,,,scDesign3,MOBSC,0.45,,,,,,,,,,,,,,,,,,,,,,
VAE,kmeans,,deep,d,,,scDesign3,MOBSC,0.16,,,,,,,,,,,,,,,,,,,,,,
VAE,louvain,,deep,d,,,scDesign3,MOBSC,0.01,,,,,,,,,,,,,,,,,,,,,,
VAE,spectral,,deep,d,,,scDesign3,MOBSC,0.17,,,,,,,,,,,,,,,,,,,,,,
VASC,kmeans,,deep,d,,,scDesign3,MOBSC,0.38,,,,,,,,,,,,,,,,,,,,,,
VASC,louvain,,deep,d,,,scDesign3,MOBSC,0.01,,,,,,,,,,,,,,,,,,,,,,
VASC,spectral,,deep,d,,,scDesign3,MOBSC,0.18,,,,,,,,,,,,,,,,,,,,,,
ZIFA,kmeans,,linear,d,,,scDesign3,MOBSC,0.16,,,,,,,,,,,,,,,,,,,,,,
ZIFA,louvain,,linear,d,,,scDesign3,MOBSC,0.01,,,,,,,,,,,,,,,,,,,,,,
ZIFA,spectral,,linear,d,,,scDesign3,MOBSC,0.13,,,,,,,,,,,,,,,,,,,,,,
pCMF,kmeans,,linear,d,,,scDesign3,MOBSC,0.1,,,,,,,,,,,,,,,,,,,,,,
pCMF,louvain,,linear,d,,,scDesign3,MOBSC,0.02,,,,,,,,,,,,,,,,,,,,,,
pCMF,spectral,,linear,d,,,scDesign3,MOBSC,0.23,,,,,,,,,,,,,,,,,,,,,,
scGAE,kmeans,,deep,d,,,scDesign3,MOBSC,0.17,,,,,,,,,,,,,,,,,,,,,,
scGAE,louvain,,deep,d,,,scDesign3,MOBSC,0.01,,,,,,,,,,,,,,,,,,,,,,
scGAE,spectral,,deep,d,,,scDesign3,MOBSC,0.2,,,,,,,,,,,,,,,,,,,,,,
scGBM,kmeans,,linear,d,,,scDesign3,MOBSC,0.45,,,,,,,,,,,,,,,,,,,,,,
scGBM,louvain,,linear,d,,,scDesign3,MOBSC,0.03,,,,,,,,,,,,,,,,,,,,,,
scGBM,spectral,,linear,d,,,scDesign3,MOBSC,0.38,,,,,,,,,,,,,,,,,,,,,,
scScope,kmeans,,deep,d,,,scDesign3,MOBSC,0.17,,,,,,,,,,,,,,,,,,,,,,
scScope,louvain,,deep,d,,,scDesign3,MOBSC,0.02,,,,,,,,,,,,,,,,,,,,,,
scScope,spectral,,deep,d,,,scDesign3,MOBSC,0.15,,,,,,,,,,,,,,,,,,,,,,
scvis,kmeans,,deep,d,,,scDesign3,MOBSC,0.47,,,,,,,,,,,,,,,,,,,,,,
scvis,louvain,,deep,d,,,scDesign3,MOBSC,0.01,,,,,,,,,,,,,,,,,,,,,,
scvis,spectral,,deep,d,,,scDesign3,MOBSC,0.19,,,,,,,,,,,,,,,,,,,,,,
t-SNE,kmeans,,metric,d,,,scDesign3,MOBSC,0.2,,,,,,,,,,,,,,,,,,,,,,
t-SNE,louvain,,metric,d,,,scDesign3,MOBSC,0.03,,,,,,,,,,,,,,,,,,,,,,
t-SNE,spectral,,metric,d,,,scDesign3,MOBSC,0.43,,,,,,,,,,,,,,,,,,,,,,
tGPLVM,kmeans,,linear,d,,,scDesign3,MOBSC,0.17,,,,,,,,,,,,,,,,,,,,,,
tGPLVM,louvain,,linear,d,,,scDesign3,MOBSC,0.01,,,,,,,,,,,,,,,,,,,,,,
tGPLVM,spectral,,linear,d,,,scDesign3,MOBSC,0.17,,,,,,,,,,,,,,,,,,,,,,
DRA,kmeans,,deep,d,,,scDesign3,OVARIAN,0.0,,,,,,,,,,,,,,,,,,,,,,
DRA,louvain,,deep,d,,,scDesign3,OVARIAN,0.0,,,,,,,,,,,,,,,,,,,,,,
DRA,spectral,,deep,d,,,scDesign3,OVARIAN,0.0,,,,,,,,,,,,,,,,,,,,,,
DREAM,kmeans,,deep,d,,,scDesign3,OVARIAN,-0.0,,,,,,,,,,,,,,,,,,,,,,
DREAM,louvain,,deep,d,,,scDesign3,OVARIAN,0.0,,,,,,,,,,,,,,,,,,,,,,
DREAM,spectral,,deep,d,,,scDesign3,OVARIAN,0.0,,,,,,,,,,,,,,,,,,,,,,
EDGE,kmeans,,graph,d,,,scDesign3,OVARIAN,0.12,,,,,,,,,,,,,,,,,,,,,,
EDGE,louvain,,graph,d,,,scDesign3,OVARIAN,0.07,,,,,,,,,,,,,,,,,,,,,,
EDGE,spectral,,graph,d,,,scDesign3,OVARIAN,0.05,,,,,,,,,,,,,,,,,,,,,,
GLMPCA,kmeans,,linear,d,,,scDesign3,OVARIAN,0.28,,,,,,,,,,,,,,,,,,,,,,
GLMPCA,louvain,,linear,d,,,scDesign3,OVARIAN,0.14,,,,,,,,,,,,,,,,,,,,,,
GLMPCA,spectral,,linear,d,,,scDesign3,OVARIAN,0.27,,,,,,,,,,,,,,,,,,,,,,
IVIS,kmeans,,metric,d,,,scDesign3,OVARIAN,0.22,,,,,,,,,,,,,,,,,,,,,,
IVIS,louvain,,metric,d,,,scDesign3,OVARIAN,0.13,,,,,,,,,,,,,,,,,,,,,,
IVIS,spectral,,metric,d,,,scDesign3,OVARIAN,0.21,,,,,,,,,,,,,,,,,,,,,,
PCA,kmeans,,linear,d,,,scDesign3,OVARIAN,0.2,,,,,,,,,,,,,,,,,,,,,,
PCA,louvain,,linear,d,,,scDesign3,OVARIAN,0.1,,,,,,,,,,,,,,,,,,,,,,
PCA,spectral,,linear,d,,,scDesign3,OVARIAN,0.19,,,,,,,,,,,,,,,,,,,,,,
PHATE,kmeans,,graph,d,,,scDesign3,OVARIAN,0.14,,,,,,,,,,,,,,,,,,,,,,
PHATE,louvain,,graph,d,,,scDesign3,OVARIAN,0.07,,,,,,,,,,,,,,,,,,,,,,
PHATE,spectral,,graph,d,,,scDesign3,OVARIAN,0.11,,,,,,,,,,,,,,,,,,,,,,
PaCMAP,kmeans,,metric,d,,,scDesign3,OVARIAN,-0.0,,,,,,,,,,,,,,,,,,,,,,
PaCMAP,louvain,,metric,d,,,scDesign3,OVARIAN,-0.0,,,,,,,,,,,,,,,,,,,,,,
PaCMAP,spectral,,metric,d,,,scDesign3,OVARIAN,0.0,,,,,,,,,,,,,,,,,,,,,,
SAUCIE,kmeans,,deep,d,,,scDesign3,OVARIAN,0.16,,,,,,,,,,,,,,,,,,,,,,
SAUCIE,louvain,,deep,d,,,scDesign3,OVARIAN,0.09,,,,,,,,,,,,,,,,,,,,,,
SAUCIE,spectral,,deep,d,,,scDesign3,OVARIAN,0.16,,,,,,,,,,,,,,,,,,,,,,
SCDRHA,kmeans,,deep,d,,,scDesign3,OVARIAN,0.2,,,,,,,,,,,,,,,,,,,,,,
SCDRHA,louvain,,deep,d,,,scDesign3,OVARIAN,0.07,,,,,,,,,,,,,,,,,,,,,,
SCDRHA,spectral,,deep,d,,,scDesign3,OVARIAN,0.18,,,,,,,,,,,,,,,,,,,,,,
SIMLR,kmeans,,graph,d,,,scDesign3,OVARIAN,0.23,,,,,,,,,,,,,,,,,,,,,,
SIMLR,louvain,,graph,d,,,scDesign3,OVARIAN,0.1,,,,,,,,,,,,,,,,,,,,,,
SIMLR,spectral,,graph,d,,,scDesign3,OVARIAN,0.15,,,,,,,,,,,,,,,,,,,,,,
SPDR,kmeans,,graph,d,,,scDesign3,OVARIAN,0.22,,,,,,,,,,,,,,,,,,,,,,
SPDR,louvain,,graph,d,,,scDesign3,OVARIAN,0.1,,,,,,,,,,,,,,,,,,,,,,
SPDR,spectral,,graph,d,,,scDesign3,OVARIAN,0.17,,,,,,,,,,,,,,,,,,,,,,
SQuaD-MDS,kmeans,,metric,d,,,scDesign3,OVARIAN,0.16999999999999998,,,,,,,,,,,,,,,,,,,,,,
SQuaD-MDS,louvain,,metric,d,,,scDesign3,OVARIAN,0.105,,,,,,,,,,,,,,,,,,,,,,
SQuaD-MDS,spectral,,metric,d,,,scDesign3,OVARIAN,0.18,,,,,,,,,,,,,,,,,,,,,,
SSNMDI,kmeans,,linear,d,,,scDesign3,OVARIAN,-0.0,,,,,,,,,,,,,,,,,,,,,,
SSNMDI,louvain,,linear,d,,,scDesign3,OVARIAN,-0.0,,,,,,,,,,,,,,,,,,,,,,
SSNMDI,spectral,,linear,d,,,scDesign3,OVARIAN,0.0,,,,,,,,,,,,,,,,,,,,,,
TriMap,kmeans,,metric,d,,,scDesign3,OVARIAN,0.17,,,,,,,,,,,,,,,,,,,,,,
TriMap,louvain,,metric,d,,,scDesign3,OVARIAN,0.1,,,,,,,,,,,,,,,,,,,,,,
TriMap,spectral,,metric,d,,,scDesign3,OVARIAN,0.15,,,,,,,,,,,,,,,,,,,,,,
UMAP,kmeans,,graph,d,,,scDesign3,OVARIAN,0.19,,,,,,,,,,,,,,,,,,,,,,
UMAP,louvain,,graph,d,,,scDesign3,OVARIAN,0.1,,,,,,,,,,,,,,,,,,,,,,
UMAP,spectral,,graph,d,,,scDesign3,OVARIAN,0.18,,,,,,,,,,,,,,,,,,,,,,
VAE,kmeans,,deep,d,,,scDesign3,OVARIAN,0.39,,,,,,,,,,,,,,,,,,,,,,
VAE,louvain,,deep,d,,,scDesign3,OVARIAN,0.21,,,,,,,,,,,,,,,,,,,,,,
VAE,spectral,,deep,d,,,scDesign3,OVARIAN,0.31,,,,,,,,,,,,,,,,,,,,,,
VASC,kmeans,,deep,d,,,scDesign3,OVARIAN,0.22,,,,,,,,,,,,,,,,,,,,,,
VASC,louvain,,deep,d,,,scDesign3,OVARIAN,0.13,,,,,,,,,,,,,,,,,,,,,,
VASC,spectral,,deep,d,,,scDesign3,OVARIAN,0.25,,,,,,,,,,,,,,,,,,,,,,
ZIFA,kmeans,,linear,d,,,scDesign3,OVARIAN,0.18,,,,,,,,,,,,,,,,,,,,,,
ZIFA,louvain,,linear,d,,,scDesign3,OVARIAN,0.1,,,,,,,,,,,,,,,,,,,,,,
ZIFA,spectral,,linear,d,,,scDesign3,OVARIAN,0.2,,,,,,,,,,,,,,,,,,,,,,
pCMF,kmeans,,linear,d,,,scDesign3,OVARIAN,0.18,,,,,,,,,,,,,,,,,,,,,,
pCMF,louvain,,linear,d,,,scDesign3,OVARIAN,0.09,,,,,,,,,,,,,,,,,,,,,,
pCMF,spectral,,linear,d,,,scDesign3,OVARIAN,0.15,,,,,,,,,,,,,,,,,,,,,,
scGAE,kmeans,,deep,d,,,scDesign3,OVARIAN,0.17,,,,,,,,,,,,,,,,,,,,,,
scGAE,louvain,,deep,d,,,scDesign3,OVARIAN,0.07,,,,,,,,,,,,,,,,,,,,,,
scGAE,spectral,,deep,d,,,scDesign3,OVARIAN,0.16,,,,,,,,,,,,,,,,,,,,,,
scGBM,kmeans,,linear,d,,,scDesign3,OVARIAN,0.26,,,,,,,,,,,,,,,,,,,,,,
scGBM,louvain,,linear,d,,,scDesign3,OVARIAN,0.13,,,,,,,,,,,,,,,,,,,,,,
scGBM,spectral,,linear,d,,,scDesign3,OVARIAN,0.26,,,,,,,,,,,,,,,,,,,,,,
scScope,kmeans,,deep,d,,,scDesign3,OVARIAN,0.14,,,,,,,,,,,,,,,,,,,,,,
scScope,louvain,,deep,d,,,scDesign3,OVARIAN,0.08,,,,,,,,,,,,,,,,,,,,,,
scScope,spectral,,deep,d,,,scDesign3,OVARIAN,0.13,,,,,,,,,,,,,,,,,,,,,,
scvis,kmeans,,deep,d,,,scDesign3,OVARIAN,0.22,,,,,,,,,,,,,,,,,,,,,,
scvis,louvain,,deep,d,,,scDesign3,OVARIAN,0.1,,,,,,,,,,,,,,,,,,,,,,
scvis,spectral,,deep,d,,,scDesign3,OVARIAN,0.18,,,,,,,,,,,,,,,,,,,,,,
t-SNE,kmeans,,metric,d,,,scDesign3,OVARIAN,0.42,,,,,,,,,,,,,,,,,,,,,,
t-SNE,louvain,,metric,d,,,scDesign3,OVARIAN,0.22,,,,,,,,,,,,,,,,,,,,,,
t-SNE,spectral,,metric,d,,,scDesign3,OVARIAN,0.41,,,,,,,,,,,,,,,,,,,,,,
tGPLVM,kmeans,,linear,d,,,scDesign3,OVARIAN,0.01,,,,,,,,,,,,,,,,,,,,,,
tGPLVM,louvain,,linear,d,,,scDesign3,OVARIAN,0.01,,,,,,,,,,,,,,,,,,,,,,
tGPLVM,spectral,,linear,d,,,scDesign3,OVARIAN,0.01,,,,,,,,,,,,,,,,,,,,,,
DRA,kmeans,,deep,d,,,scDesign3,PANCREAS,-0.0,,,,,,,,,,,,,,,,,,,,,,
DRA,louvain,,deep,d,,,scDesign3,PANCREAS,0.0,,,,,,,,,,,,,,,,,,,,,,
DRA,spectral,,deep,d,,,scDesign3,PANCREAS,-0.0,,,,,,,,,,,,,,,,,,,,,,
DREAM,kmeans,,deep,d,,,scDesign3,PANCREAS,0.13,,,,,,,,,,,,,,,,,,,,,,
DREAM,louvain,,deep,d,,,scDesign3,PANCREAS,0.04,,,,,,,,,,,,,,,,,,,,,,
DREAM,spectral,,deep,d,,,scDesign3,PANCREAS,0.14,,,,,,,,,,,,,,,,,,,,,,
EDGE,kmeans,,graph,d,,,scDesign3,PANCREAS,0.42,,,,,,,,,,,,,,,,,,,,,,
EDGE,louvain,,graph,d,,,scDesign3,PANCREAS,0.15,,,,,,,,,,,,,,,,,,,,,,
EDGE,spectral,,graph,d,,,scDesign3,PANCREAS,0.39,,,,,,,,,,,,,,,,,,,,,,
GLMPCA,kmeans,,linear,d,,,scDesign3,PANCREAS,0.68,,,,,,,,,,,,,,,,,,,,,,
GLMPCA,louvain,,linear,d,,,scDesign3,PANCREAS,0.18,,,,,,,,,,,,,,,,,,,,,,
GLMPCA,spectral,,linear,d,,,scDesign3,PANCREAS,0.65,,,,,,,,,,,,,,,,,,,,,,
IVIS,kmeans,,metric,d,,,scDesign3,PANCREAS,0.5,,,,,,,,,,,,,,,,,,,,,,
IVIS,louvain,,metric,d,,,scDesign3,PANCREAS,0.15,,,,,,,,,,,,,,,,,,,,,,
IVIS,spectral,,metric,d,,,scDesign3,PANCREAS,0.53,,,,,,,,,,,,,,,,,,,,,,
PCA,kmeans,,linear,d,,,scDesign3,PANCREAS,0.59,,,,,,,,,,,,,,,,,,,,,,
PCA,louvain,,linear,d,,,scDesign3,PANCREAS,0.16,,,,,,,,,,,,,,,,,,,,,,
PCA,spectral,,linear,d,,,scDesign3,PANCREAS,0.41,,,,,,,,,,,,,,,,,,,,,,
PHATE,kmeans,,graph,d,,,scDesign3,PANCREAS,0.44,,,,,,,,,,,,,,,,,,,,,,
PHATE,louvain,,graph,d,,,scDesign3,PANCREAS,0.13,,,,,,,,,,,,,,,,,,,,,,
PHATE,spectral,,graph,d,,,scDesign3,PANCREAS,0.55,,,,,,,,,,,,,,,,,,,,,,
PaCMAP,kmeans,,metric,d,,,scDesign3,PANCREAS,0.0,,,,,,,,,,,,,,,,,,,,,,
PaCMAP,louvain,,metric,d,,,scDesign3,PANCREAS,0.0,,,,,,,,,,,,,,,,,,,,,,
PaCMAP,spectral,,metric,d,,,scDesign3,PANCREAS,0.0,,,,,,,,,,,,,,,,,,,,,,
SAUCIE,kmeans,,deep,d,,,scDesign3,PANCREAS,0.36,,,,,,,,,,,,,,,,,,,,,,
SAUCIE,louvain,,deep,d,,,scDesign3,PANCREAS,0.11,,,,,,,,,,,,,,,,,,,,,,
SAUCIE,spectral,,deep,d,,,scDesign3,PANCREAS,0.46,,,,,,,,,,,,,,,,,,,,,,
SCDRHA,kmeans,,deep,d,,,scDesign3,PANCREAS,0.26,,,,,,,,,,,,,,,,,,,,,,
SCDRHA,louvain,,deep,d,,,scDesign3,PANCREAS,0.12,,,,,,,,,,,,,,,,,,,,,,
SCDRHA,spectral,,deep,d,,,scDesign3,PANCREAS,0.48,,,,,,,,,,,,,,,,,,,,,,
SIMLR,kmeans,,graph,d,,,scDesign3,PANCREAS,0.43,,,,,,,,,,,,,,,,,,,,,,
SIMLR,louvain,,graph,d,,,scDesign3,PANCREAS,0.13,,,,,,,,,,,,,,,,,,,,,,
SIMLR,spectral,,graph,d,,,scDesign3,PANCREAS,0.38,,,,,,,,,,,,,,,,,,,,,,
SPDR,kmeans,,graph,d,,,scDesign3,PANCREAS,0.49,,,,,,,,,,,,,,,,,,,,,,
SPDR,louvain,,graph,d,,,scDesign3,PANCREAS,0.13,,,,,,,,,,,,,,,,,,,,,,
SPDR,spectral,,graph,d,,,scDesign3,PANCREAS,0.41,,,,,,,,,,,,,,,,,,,,,,
SQuaD-MDS,kmeans,,metric,d,,,scDesign3,PANCREAS,0.43999999999999995,,,,,,,,,,,,,,,,,,,,,,
SQuaD-MDS,louvain,,metric,d,,,scDesign3,PANCREAS,0.14500000000000002,,,,,,,,,,,,,,,,,,,,,,
SQuaD-MDS,spectral,,metric,d,,,scDesign3,PANCREAS,0.335,,,,,,,,,,,,,,,,,,,,,,
SSNMDI,kmeans,,linear,d,,,scDesign3,PANCREAS,0.0,,,,,,,,,,,,,,,,,,,,,,
SSNMDI,louvain,,linear,d,,,scDesign3,PANCREAS,-0.0,,,,,,,,,,,,,,,,,,,,,,
SSNMDI,spectral,,linear,d,,,scDesign3,PANCREAS,0.0,,,,,,,,,,,,,,,,,,,,,,
TriMap,kmeans,,metric,d,,,scDesign3,PANCREAS,0.45,,,,,,,,,,,,,,,,,,,,,,
TriMap,louvain,,metric,d,,,scDesign3,PANCREAS,0.14,,,,,,,,,,,,,,,,,,,,,,
TriMap,spectral,,metric,d,,,scDesign3,PANCREAS,0.47,,,,,,,,,,,,,,,,,,,,,,
UMAP,kmeans,,graph,d,,,scDesign3,PANCREAS,0.52,,,,,,,,,,,,,,,,,,,,,,
UMAP,louvain,,graph,d,,,scDesign3,PANCREAS,0.13,,,,,,,,,,,,,,,,,,,,,,
UMAP,spectral,,graph,d,,,scDesign3,PANCREAS,0.49,,,,,,,,,,,,,,,,,,,,,,
VAE,kmeans,,deep,d,,,scDesign3,PANCREAS,0.67,,,,,,,,,,,,,,,,,,,,,,
VAE,louvain,,deep,d,,,scDesign3,PANCREAS,0.14,,,,,,,,,,,,,,,,,,,,,,
VAE,spectral,,deep,d,,,scDesign3,PANCREAS,0.64,,,,,,,,,,,,,,,,,,,,,,
VASC,kmeans,,deep,d,,,scDesign3,PANCREAS,0.61,,,,,,,,,,,,,,,,,,,,,,
VASC,louvain,,deep,d,,,scDesign3,PANCREAS,0.16,,,,,,,,,,,,,,,,,,,,,,
VASC,spectral,,deep,d,,,scDesign3,PANCREAS,0.45,,,,,,,,,,,,,,,,,,,,,,
ZIFA,kmeans,,linear,d,,,scDesign3,PANCREAS,0.65,,,,,,,,,,,,,,,,,,,,,,
ZIFA,louvain,,linear,d,,,scDesign3,PANCREAS,0.17,,,,,,,,,,,,,,,,,,,,,,
ZIFA,spectral,,linear,d,,,scDesign3,PANCREAS,0.69,,,,,,,,,,,,,,,,,,,,,,
pCMF,kmeans,,linear,d,,,scDesign3,PANCREAS,0.34,,,,,,,,,,,,,,,,,,,,,,
pCMF,louvain,,linear,d,,,scDesign3,PANCREAS,0.1,,,,,,,,,,,,,,,,,,,,,,
pCMF,spectral,,linear,d,,,scDesign3,PANCREAS,0.4,,,,,,,,,,,,,,,,,,,,,,
scGAE,kmeans,,deep,d,,,scDesign3,PANCREAS,0.39,,,,,,,,,,,,,,,,,,,,,,
scGAE,louvain,,deep,d,,,scDesign3,PANCREAS,0.11,,,,,,,,,,,,,,,,,,,,,,
scGAE,spectral,,deep,d,,,scDesign3,PANCREAS,0.53,,,,,,,,,,,,,,,,,,,,,,
scGBM,kmeans,,linear,d,,,scDesign3,PANCREAS,0.67,,,,,,,,,,,,,,,,,,,,,,
scGBM,louvain,,linear,d,,,scDesign3,PANCREAS,0.18,,,,,,,,,,,,,,,,,,,,,,
scGBM,spectral,,linear,d,,,scDesign3,PANCREAS,0.62,,,,,,,,,,,,,,,,,,,,,,
scScope,kmeans,,deep,d,,,scDesign3,PANCREAS,0.43,,,,,,,,,,,,,,,,,,,,,,
scScope,louvain,,deep,d,,,scDesign3,PANCREAS,0.13,,,,,,,,,,,,,,,,,,,,,,
scScope,spectral,,deep,d,,,scDesign3,PANCREAS,0.49,,,,,,,,,,,,,,,,,,,,,,
scvis,kmeans,,deep,d,,,scDesign3,PANCREAS,0.54,,,,,,,,,,,,,,,,,,,,,,
scvis,louvain,,deep,d,,,scDesign3,PANCREAS,0.15,,,,,,,,,,,,,,,,,,,,,,
scvis,spectral,,deep,d,,,scDesign3,PANCREAS,0.53,,,,,,,,,,,,,,,,,,,,,,
t-SNE,kmeans,,metric,d,,,scDesign3,PANCREAS,0.7,,,,,,,,,,,,,,,,,,,,,,
t-SNE,louvain,,metric,d,,,scDesign3,PANCREAS,0.16,,,,,,,,,,,,,,,,,,,,,,
t-SNE,spectral,,metric,d,,,scDesign3,PANCREAS,0.73,,,,,,,,,,,,,,,,,,,,,,
tGPLVM,kmeans,,linear,d,,,scDesign3,PANCREAS,0.12,,,,,,,,,,,,,,,,,,,,,,
tGPLVM,louvain,,linear,d,,,scDesign3,PANCREAS,0.04,,,,,,,,,,,,,,,,,,,,,,
tGPLVM,spectral,,linear,d,,,scDesign3,PANCREAS,0.13,,,,,,,,,,,,,,,,,,,,,,
DRA,kmeans,,deep,d,,,scDesign3,SCGEMMETH,0.01,,,,,,,,,,,,,,,,,,,,,,
DRA,louvain,,deep,d,,,scDesign3,SCGEMMETH,-0.01,,,,,,,,,,,,,,,,,,,,,,
DRA,spectral,,deep,d,,,scDesign3,SCGEMMETH,0.01,,,,,,,,,,,,,,,,,,,,,,
DREAM,kmeans,,deep,d,,,scDesign3,SCGEMMETH,0.23,,,,,,,,,,,,,,,,,,,,,,
DREAM,louvain,,deep,d,,,scDesign3,SCGEMMETH,0.17,,,,,,,,,,,,,,,,,,,,,,
DREAM,spectral,,deep,d,,,scDesign3,SCGEMMETH,0.23,,,,,,,,,,,,,,,,,,,,,,
EDGE,kmeans,,graph,d,,,scDesign3,SCGEMMETH,0.47,,,,,,,,,,,,,,,,,,,,,,
EDGE,louvain,,graph,d,,,scDesign3,SCGEMMETH,0.35,,,,,,,,,,,,,,,,,,,,,,
EDGE,spectral,,graph,d,,,scDesign3,SCGEMMETH,0.42,,,,,,,,,,,,,,,,,,,,,,
GLMPCA,kmeans,,linear,d,,,scDesign3,SCGEMMETH,0.17,,,,,,,,,,,,,,,,,,,,,,
GLMPCA,louvain,,linear,d,,,scDesign3,SCGEMMETH,0.23,,,,,,,,,,,,,,,,,,,,,,
GLMPCA,spectral,,linear,d,,,scDesign3,SCGEMMETH,0.36,,,,,,,,,,,,,,,,,,,,,,
IVIS,kmeans,,metric,d,,,scDesign3,SCGEMMETH,0.28,,,,,,,,,,,,,,,,,,,,,,
IVIS,louvain,,metric,d,,,scDesign3,SCGEMMETH,0.24,,,,,,,,,,,,,,,,,,,,,,
IVIS,spectral,,metric,d,,,scDesign3,SCGEMMETH,0.36,,,,,,,,,,,,,,,,,,,,,,
PCA,kmeans,,linear,d,,,scDesign3,SCGEMMETH,0.44,,,,,,,,,,,,,,,,,,,,,,
PCA,louvain,,linear,d,,,scDesign3,SCGEMMETH,0.37,,,,,,,,,,,,,,,,,,,,,,
PCA,spectral,,linear,d,,,scDesign3,SCGEMMETH,0.39,,,,,,,,,,,,,,,,,,,,,,
PHATE,kmeans,,graph,d,,,scDesign3,SCGEMMETH,0.45,,,,,,,,,,,,,,,,,,,,,,
PHATE,louvain,,graph,d,,,scDesign3,SCGEMMETH,0.31,,,,,,,,,,,,,,,,,,,,,,
PHATE,spectral,,graph,d,,,scDesign3,SCGEMMETH,0.41,,,,,,,,,,,,,,,,,,,,,,
PaCMAP,kmeans,,metric,d,,,scDesign3,SCGEMMETH,0.3,,,,,,,,,,,,,,,,,,,,,,
PaCMAP,louvain,,metric,d,,,scDesign3,SCGEMMETH,0.27,,,,,,,,,,,,,,,,,,,,,,
PaCMAP,spectral,,metric,d,,,scDesign3,SCGEMMETH,0.3,,,,,,,,,,,,,,,,,,,,,,
SAUCIE,kmeans,,deep,d,,,scDesign3,SCGEMMETH,0.44,,,,,,,,,,,,,,,,,,,,,,
SAUCIE,louvain,,deep,d,,,scDesign3,SCGEMMETH,0.29,,,,,,,,,,,,,,,,,,,,,,
SAUCIE,spectral,,deep,d,,,scDesign3,SCGEMMETH,0.44,,,,,,,,,,,,,,,,,,,,,,
SCDRHA,kmeans,,deep,d,,,scDesign3,SCGEMMETH,0.43,,,,,,,,,,,,,,,,,,,,,,
SCDRHA,louvain,,deep,d,,,scDesign3,SCGEMMETH,0.35,,,,,,,,,,,,,,,,,,,,,,
SCDRHA,spectral,,deep,d,,,scDesign3,SCGEMMETH,0.42,,,,,,,,,,,,,,,,,,,,,,
SIMLR,kmeans,,graph,d,,,scDesign3,SCGEMMETH,0.43,,,,,,,,,,,,,,,,,,,,,,
SIMLR,louvain,,graph,d,,,scDesign3,SCGEMMETH,0.37,,,,,,,,,,,,,,,,,,,,,,
SIMLR,spectral,,graph,d,,,scDesign3,SCGEMMETH,0.36,,,,,,,,,,,,,,,,,,,,,,
SPDR,kmeans,,graph,d,,,scDesign3,SCGEMMETH,0.49,,,,,,,,,,,,,,,,,,,,,,
SPDR,louvain,,graph,d,,,scDesign3,SCGEMMETH,0.38,,,,,,,,,,,,,,,,,,,,,,
SPDR,spectral,,graph,d,,,scDesign3,SCGEMMETH,0.47,,,,,,,,,,,,,,,,,,,,,,
SQuaD-MDS,kmeans,,metric,d,,,scDesign3,SCGEMMETH,0.41,,,,,,,,,,,,,,,,,,,,,,
SQuaD-MDS,louvain,,metric,d,,,scDesign3,SCGEMMETH,0.28,,,,,,,,,,,,,,,,,,,,,,
SQuaD-MDS,spectral,,metric,d,,,scDesign3,SCGEMMETH,0.39,,,,,,,,,,,,,,,,,,,,,,
SSNMDI,kmeans,,linear,d,,,scDesign3,SCGEMMETH,0.32,,,,,,,,,,,,,,,,,,,,,,
SSNMDI,louvain,,linear,d,,,scDesign3,SCGEMMETH,0.26,,,,,,,,,,,,,,,,,,,,,,
SSNMDI,spectral,,linear,d,,,scDesign3,SCGEMMETH,0.32,,,,,,,,,,,,,,,,,,,,,,
TriMap,kmeans,,metric,d,,,scDesign3,SCGEMMETH,0.46,,,,,,,,,,,,,,,,,,,,,,
TriMap,louvain,,metric,d,,,scDesign3,SCGEMMETH,0.3,,,,,,,,,,,,,,,,,,,,,,
TriMap,spectral,,metric,d,,,scDesign3,SCGEMMETH,0.39,,,,,,,,,,,,,,,,,,,,,,
UMAP,kmeans,,graph,d,,,scDesign3,SCGEMMETH,0.4,,,,,,,,,,,,,,,,,,,,,,
UMAP,louvain,,graph,d,,,scDesign3,SCGEMMETH,0.33,,,,,,,,,,,,,,,,,,,,,,
UMAP,spectral,,graph,d,,,scDesign3,SCGEMMETH,0.42,,,,,,,,,,,,,,,,,,,,,,
VAE,kmeans,,deep,d,,,scDesign3,SCGEMMETH,0.43,,,,,,,,,,,,,,,,,,,,,,
VAE,louvain,,deep,d,,,scDesign3,SCGEMMETH,0.28,,,,,,,,,,,,,,,,,,,,,,
VAE,spectral,,deep,d,,,scDesign3,SCGEMMETH,0.4,,,,,,,,,,,,,,,,,,,,,,
VASC,kmeans,,deep,d,,,scDesign3,SCGEMMETH,0.03,,,,,,,,,,,,,,,,,,,,,,
VASC,louvain,,deep,d,,,scDesign3,SCGEMMETH,0.04,,,,,,,,,,,,,,,,,,,,,,
VASC,spectral,,deep,d,,,scDesign3,SCGEMMETH,0.05,,,,,,,,,,,,,,,,,,,,,,
ZIFA,kmeans,,linear,d,,,scDesign3,SCGEMMETH,0.04,,,,,,,,,,,,,,,,,,,,,,
ZIFA,louvain,,linear,d,,,scDesign3,SCGEMMETH,0.11,,,,,,,,,,,,,,,,,,,,,,
ZIFA,spectral,,linear,d,,,scDesign3,SCGEMMETH,0.11,,,,,,,,,,,,,,,,,,,,,,
pCMF,kmeans,,linear,d,,,scDesign3,SCGEMMETH,0.36,,,,,,,,,,,,,,,,,,,,,,
pCMF,louvain,,linear,d,,,scDesign3,SCGEMMETH,0.29,,,,,,,,,,,,,,,,,,,,,,
pCMF,spectral,,linear,d,,,scDesign3,SCGEMMETH,0.33,,,,,,,,,,,,,,,,,,,,,,
scGAE,kmeans,,deep,d,,,scDesign3,SCGEMMETH,0.39,,,,,,,,,,,,,,,,,,,,,,
scGAE,louvain,,deep,d,,,scDesign3,SCGEMMETH,0.33,,,,,,,,,,,,,,,,,,,,,,
scGAE,spectral,,deep,d,,,scDesign3,SCGEMMETH,0.4,,,,,,,,,,,,,,,,,,,,,,
scGBM,kmeans,,linear,d,,,scDesign3,SCGEMMETH,0.47,,,,,,,,,,,,,,,,,,,,,,
scGBM,louvain,,linear,d,,,scDesign3,SCGEMMETH,0.42,,,,,,,,,,,,,,,,,,,,,,
scGBM,spectral,,linear,d,,,scDesign3,SCGEMMETH,0.51,,,,,,,,,,,,,,,,,,,,,,
scScope,kmeans,,deep,d,,,scDesign3,SCGEMMETH,0.26,,,,,,,,,,,,,,,,,,,,,,
scScope,louvain,,deep,d,,,scDesign3,SCGEMMETH,0.25,,,,,,,,,,,,,,,,,,,,,,
scScope,spectral,,deep,d,,,scDesign3,SCGEMMETH,0.27,,,,,,,,,,,,,,,,,,,,,,
scvis,kmeans,,deep,d,,,scDesign3,SCGEMMETH,0.39,,,,,,,,,,,,,,,,,,,,,,
scvis,louvain,,deep,d,,,scDesign3,SCGEMMETH,0.29,,,,,,,,,,,,,,,,,,,,,,
scvis,spectral,,deep,d,,,scDesign3,SCGEMMETH,0.39,,,,,,,,,,,,,,,,,,,,,,
t-SNE,kmeans,,metric,d,,,scDesign3,SCGEMMETH,0.42,,,,,,,,,,,,,,,,,,,,,,
t-SNE,louvain,,metric,d,,,scDesign3,SCGEMMETH,0.32,,,,,,,,,,,,,,,,,,,,,,
t-SNE,spectral,,metric,d,,,scDesign3,SCGEMMETH,0.43,,,,,,,,,,,,,,,,,,,,,,
tGPLVM,kmeans,,linear,d,,,scDesign3,SCGEMMETH,0.34,,,,,,,,,,,,,,,,,,,,,,
tGPLVM,louvain,,linear,d,,,scDesign3,SCGEMMETH,0.37,,,,,,,,,,,,,,,,,,,,,,
tGPLVM,spectral,,linear,d,,,scDesign3,SCGEMMETH,0.32,,,,,,,,,,,,,,,,,,,,,,
DRA,kmeans,,deep,d,,,scDesign3,SCGEMRNA,-0.01,,,,,,,,,,,,,,,,,,,,,,
DRA,louvain,,deep,d,,,scDesign3,SCGEMRNA,-0.01,,,,,,,,,,,,,,,,,,,,,,
DRA,spectral,,deep,d,,,scDesign3,SCGEMRNA,-0.0,,,,,,,,,,,,,,,,,,,,,,
DREAM,kmeans,,deep,d,,,scDesign3,SCGEMRNA,0.24,,,,,,,,,,,,,,,,,,,,,,
DREAM,louvain,,deep,d,,,scDesign3,SCGEMRNA,0.22,,,,,,,,,,,,,,,,,,,,,,
DREAM,spectral,,deep,d,,,scDesign3,SCGEMRNA,0.24,,,,,,,,,,,,,,,,,,,,,,
EDGE,kmeans,,graph,d,,,scDesign3,SCGEMRNA,0.64,,,,,,,,,,,,,,,,,,,,,,
EDGE,louvain,,graph,d,,,scDesign3,SCGEMRNA,0.58,,,,,,,,,,,,,,,,,,,,,,
EDGE,spectral,,graph,d,,,scDesign3,SCGEMRNA,0.63,,,,,,,,,,,,,,,,,,,,,,
GLMPCA,kmeans,,linear,d,,,scDesign3,SCGEMRNA,0.51,,,,,,,,,,,,,,,,,,,,,,
GLMPCA,louvain,,linear,d,,,scDesign3,SCGEMRNA,0.46,,,,,,,,,,,,,,,,,,,,,,
GLMPCA,spectral,,linear,d,,,scDesign3,SCGEMRNA,0.53,,,,,,,,,,,,,,,,,,,,,,
IVIS,kmeans,,metric,d,,,scDesign3,SCGEMRNA,0.33,,,,,,,,,,,,,,,,,,,,,,
IVIS,louvain,,metric,d,,,scDesign3,SCGEMRNA,0.43,,,,,,,,,,,,,,,,,,,,,,
IVIS,spectral,,metric,d,,,scDesign3,SCGEMRNA,0.34,,,,,,,,,,,,,,,,,,,,,,
PCA,kmeans,,linear,d,,,scDesign3,SCGEMRNA,0.58,,,,,,,,,,,,,,,,,,,,,,
PCA,louvain,,linear,d,,,scDesign3,SCGEMRNA,0.47,,,,,,,,,,,,,,,,,,,,,,
PCA,spectral,,linear,d,,,scDesign3,SCGEMRNA,0.58,,,,,,,,,,,,,,,,,,,,,,
PHATE,kmeans,,graph,d,,,scDesign3,SCGEMRNA,0.73,,,,,,,,,,,,,,,,,,,,,,
PHATE,louvain,,graph,d,,,scDesign3,SCGEMRNA,0.51,,,,,,,,,,,,,,,,,,,,,,
PHATE,spectral,,graph,d,,,scDesign3,SCGEMRNA,0.68,,,,,,,,,,,,,,,,,,,,,,
PaCMAP,kmeans,,metric,d,,,scDesign3,SCGEMRNA,0.43,,,,,,,,,,,,,,,,,,,,,,
PaCMAP,louvain,,metric,d,,,scDesign3,SCGEMRNA,0.32,,,,,,,,,,,,,,,,,,,,,,
PaCMAP,spectral,,metric,d,,,scDesign3,SCGEMRNA,0.45,,,,,,,,,,,,,,,,,,,,,,
SAUCIE,kmeans,,deep,d,,,scDesign3,SCGEMRNA,0.66,,,,,,,,,,,,,,,,,,,,,,
SAUCIE,louvain,,deep,d,,,scDesign3,SCGEMRNA,0.58,,,,,,,,,,,,,,,,,,,,,,
SAUCIE,spectral,,deep,d,,,scDesign3,SCGEMRNA,0.73,,,,,,,,,,,,,,,,,,,,,,
SCDRHA,kmeans,,deep,d,,,scDesign3,SCGEMRNA,0.62,,,,,,,,,,,,,,,,,,,,,,
SCDRHA,louvain,,deep,d,,,scDesign3,SCGEMRNA,0.63,,,,,,,,,,,,,,,,,,,,,,
SCDRHA,spectral,,deep,d,,,scDesign3,SCGEMRNA,0.64,,,,,,,,,,,,,,,,,,,,,,
SIMLR,kmeans,,graph,d,,,scDesign3,SCGEMRNA,0.35,,,,,,,,,,,,,,,,,,,,,,
SIMLR,louvain,,graph,d,,,scDesign3,SCGEMRNA,0.36,,,,,,,,,,,,,,,,,,,,,,
SIMLR,spectral,,graph,d,,,scDesign3,SCGEMRNA,0.4,,,,,,,,,,,,,,,,,,,,,,
SPDR,kmeans,,graph,d,,,scDesign3,SCGEMRNA,0.67,,,,,,,,,,,,,,,,,,,,,,
SPDR,louvain,,graph,d,,,scDesign3,SCGEMRNA,0.45,,,,,,,,,,,,,,,,,,,,,,
SPDR,spectral,,graph,d,,,scDesign3,SCGEMRNA,0.62,,,,,,,,,,,,,,,,,,,,,,
SQuaD-MDS,kmeans,,metric,d,,,scDesign3,SCGEMRNA,0.605,,,,,,,,,,,,,,,,,,,,,,
SQuaD-MDS,louvain,,metric,d,,,scDesign3,SCGEMRNA,0.49,,,,,,,,,,,,,,,,,,,,,,
SQuaD-MDS,spectral,,metric,d,,,scDesign3,SCGEMRNA,0.62,,,,,,,,,,,,,,,,,,,,,,
SSNMDI,kmeans,,linear,d,,,scDesign3,SCGEMRNA,0.3,,,,,,,,,,,,,,,,,,,,,,
SSNMDI,louvain,,linear,d,,,scDesign3,SCGEMRNA,0.3,,,,,,,,,,,,,,,,,,,,,,
SSNMDI,spectral,,linear,d,,,scDesign3,SCGEMRNA,0.32,,,,,,,,,,,,,,,,,,,,,,
TriMap,kmeans,,metric,d,,,scDesign3,SCGEMRNA,0.67,,,,,,,,,,,,,,,,,,,,,,
TriMap,louvain,,metric,d,,,scDesign3,SCGEMRNA,0.53,,,,,,,,,,,,,,,,,,,,,,
TriMap,spectral,,metric,d,,,scDesign3,SCGEMRNA,0.69,,,,,,,,,,,,,,,,,,,,,,
UMAP,kmeans,,graph,d,,,scDesign3,SCGEMRNA,0.67,,,,,,,,,,,,,,,,,,,,,,
UMAP,louvain,,graph,d,,,scDesign3,SCGEMRNA,0.47,,,,,,,,,,,,,,,,,,,,,,
UMAP,spectral,,graph,d,,,scDesign3,SCGEMRNA,0.64,,,,,,,,,,,,,,,,,,,,,,
VAE,kmeans,,deep,d,,,scDesign3,SCGEMRNA,0.57,,,,,,,,,,,,,,,,,,,,,,
VAE,louvain,,deep,d,,,scDesign3,SCGEMRNA,0.51,,,,,,,,,,,,,,,,,,,,,,
VAE,spectral,,deep,d,,,scDesign3,SCGEMRNA,0.58,,,,,,,,,,,,,,,,,,,,,,
VASC,kmeans,,deep,d,,,scDesign3,SCGEMRNA,0.39,,,,,,,,,,,,,,,,,,,,,,
VASC,louvain,,deep,d,,,scDesign3,SCGEMRNA,0.28,,,,,,,,,,,,,,,,,,,,,,
VASC,spectral,,deep,d,,,scDesign3,SCGEMRNA,0.33,,,,,,,,,,,,,,,,,,,,,,
ZIFA,kmeans,,linear,d,,,scDesign3,SCGEMRNA,0.55,,,,,,,,,,,,,,,,,,,,,,
ZIFA,louvain,,linear,d,,,scDesign3,SCGEMRNA,0.42,,,,,,,,,,,,,,,,,,,,,,
ZIFA,spectral,,linear,d,,,scDesign3,SCGEMRNA,0.6,,,,,,,,,,,,,,,,,,,,,,
pCMF,kmeans,,linear,d,,,scDesign3,SCGEMRNA,0.16,,,,,,,,,,,,,,,,,,,,,,
pCMF,louvain,,linear,d,,,scDesign3,SCGEMRNA,0.21,,,,,,,,,,,,,,,,,,,,,,
pCMF,spectral,,linear,d,,,scDesign3,SCGEMRNA,0.18,,,,,,,,,,,,,,,,,,,,,,
scGAE,kmeans,,deep,d,,,scDesign3,SCGEMRNA,0.66,,,,,,,,,,,,,,,,,,,,,,
scGAE,louvain,,deep,d,,,scDesign3,SCGEMRNA,0.55,,,,,,,,,,,,,,,,,,,,,,
scGAE,spectral,,deep,d,,,scDesign3,SCGEMRNA,0.65,,,,,,,,,,,,,,,,,,,,,,
scGBM,kmeans,,linear,d,,,scDesign3,SCGEMRNA,0.52,,,,,,,,,,,,,,,,,,,,,,
scGBM,louvain,,linear,d,,,scDesign3,SCGEMRNA,0.48,,,,,,,,,,,,,,,,,,,,,,
scGBM,spectral,,linear,d,,,scDesign3,SCGEMRNA,0.62,,,,,,,,,,,,,,,,,,,,,,
scScope,kmeans,,deep,d,,,scDesign3,SCGEMRNA,0.35,,,,,,,,,,,,,,,,,,,,,,
scScope,louvain,,deep,d,,,scDesign3,SCGEMRNA,0.35,,,,,,,,,,,,,,,,,,,,,,
scScope,spectral,,deep,d,,,scDesign3,SCGEMRNA,0.33,,,,,,,,,,,,,,,,,,,,,,
scvis,kmeans,,deep,d,,,scDesign3,SCGEMRNA,0.74,,,,,,,,,,,,,,,,,,,,,,
scvis,louvain,,deep,d,,,scDesign3,SCGEMRNA,0.58,,,,,,,,,,,,,,,,,,,,,,
scvis,spectral,,deep,d,,,scDesign3,SCGEMRNA,0.71,,,,,,,,,,,,,,,,,,,,,,
t-SNE,kmeans,,metric,d,,,scDesign3,SCGEMRNA,0.59,,,,,,,,,,,,,,,,,,,,,,
t-SNE,louvain,,metric,d,,,scDesign3,SCGEMRNA,0.53,,,,,,,,,,,,,,,,,,,,,,
t-SNE,spectral,,metric,d,,,scDesign3,SCGEMRNA,0.59,,,,,,,,,,,,,,,,,,,,,,
tGPLVM,kmeans,,linear,d,,,scDesign3,SCGEMRNA,0.35,,,,,,,,,,,,,,,,,,,,,,
tGPLVM,louvain,,linear,d,,,scDesign3,SCGEMRNA,0.3,,,,,,,,,,,,,,,,,,,,,,
tGPLVM,spectral,,linear,d,,,scDesign3,SCGEMRNA,0.35,,,,,,,,,,,,,,,,,,,,,,
DRA,kmeans,,deep,d,,,scDesign3,SCIATAC,-0.0,,,,,,,,,,,,,,,,,,,,,,
DRA,louvain,,deep,d,,,scDesign3,SCIATAC,0.0,,,,,,,,,,,,,,,,,,,,,,
DRA,spectral,,deep,d,,,scDesign3,SCIATAC,0.0,,,,,,,,,,,,,,,,,,,,,,
DREAM,kmeans,,deep,d,,,scDesign3,SCIATAC,-0.0,,,,,,,,,,,,,,,,,,,,,,
DREAM,louvain,,deep,d,,,scDesign3,SCIATAC,-0.0,,,,,,,,,,,,,,,,,,,,,,
DREAM,spectral,,deep,d,,,scDesign3,SCIATAC,-0.0,,,,,,,,,,,,,,,,,,,,,,
EDGE,kmeans,,graph,d,,,scDesign3,SCIATAC,0.06,,,,,,,,,,,,,,,,,,,,,,
EDGE,louvain,,graph,d,,,scDesign3,SCIATAC,0.02,,,,,,,,,,,,,,,,,,,,,,
EDGE,spectral,,graph,d,,,scDesign3,SCIATAC,0.06,,,,,,,,,,,,,,,,,,,,,,
GLMPCA,kmeans,,linear,d,,,scDesign3,SCIATAC,0.21,,,,,,,,,,,,,,,,,,,,,,
GLMPCA,louvain,,linear,d,,,scDesign3,SCIATAC,0.06,,,,,,,,,,,,,,,,,,,,,,
GLMPCA,spectral,,linear,d,,,scDesign3,SCIATAC,0.18,,,,,,,,,,,,,,,,,,,,,,
IVIS,kmeans,,metric,d,,,scDesign3,SCIATAC,0.1,,,,,,,,,,,,,,,,,,,,,,
IVIS,louvain,,metric,d,,,scDesign3,SCIATAC,0.04,,,,,,,,,,,,,,,,,,,,,,
IVIS,spectral,,metric,d,,,scDesign3,SCIATAC,0.1,,,,,,,,,,,,,,,,,,,,,,
PCA,kmeans,,linear,d,,,scDesign3,SCIATAC,0.09,,,,,,,,,,,,,,,,,,,,,,
PCA,louvain,,linear,d,,,scDesign3,SCIATAC,0.03,,,,,,,,,,,,,,,,,,,,,,
PCA,spectral,,linear,d,,,scDesign3,SCIATAC,0.08,,,,,,,,,,,,,,,,,,,,,,
PHATE,kmeans,,graph,d,,,scDesign3,SCIATAC,0.06,,,,,,,,,,,,,,,,,,,,,,
PHATE,louvain,,graph,d,,,scDesign3,SCIATAC,0.03,,,,,,,,,,,,,,,,,,,,,,
PHATE,spectral,,graph,d,,,scDesign3,SCIATAC,0.06,,,,,,,,,,,,,,,,,,,,,,
PaCMAP,kmeans,,metric,d,,,scDesign3,SCIATAC,0.04,,,,,,,,,,,,,,,,,,,,,,
PaCMAP,louvain,,metric,d,,,scDesign3,SCIATAC,0.01,,,,,,,,,,,,,,,,,,,,,,
PaCMAP,spectral,,metric,d,,,scDesign3,SCIATAC,0.04,,,,,,,,,,,,,,,,,,,,,,
SAUCIE,kmeans,,deep,d,,,scDesign3,SCIATAC,0.04,,,,,,,,,,,,,,,,,,,,,,
SAUCIE,louvain,,deep,d,,,scDesign3,SCIATAC,0.0,,,,,,,,,,,,,,,,,,,,,,
SAUCIE,spectral,,deep,d,,,scDesign3,SCIATAC,0.01,,,,,,,,,,,,,,,,,,,,,,
SCDRHA,kmeans,,deep,d,,,scDesign3,SCIATAC,0.06,,,,,,,,,,,,,,,,,,,,,,
SCDRHA,louvain,,deep,d,,,scDesign3,SCIATAC,0.02,,,,,,,,,,,,,,,,,,,,,,
SCDRHA,spectral,,deep,d,,,scDesign3,SCIATAC,0.04,,,,,,,,,,,,,,,,,,,,,,
SIMLR,kmeans,,graph,d,,,scDesign3,SCIATAC,0.03,,,,,,,,,,,,,,,,,,,,,,
SIMLR,louvain,,graph,d,,,scDesign3,SCIATAC,0.02,,,,,,,,,,,,,,,,,,,,,,
SIMLR,spectral,,graph,d,,,scDesign3,SCIATAC,0.03,,,,,,,,,,,,,,,,,,,,,,
SPDR,kmeans,,graph,d,,,scDesign3,SCIATAC,0.07,,,,,,,,,,,,,,,,,,,,,,
SPDR,louvain,,graph,d,,,scDesign3,SCIATAC,0.03,,,,,,,,,,,,,,,,,,,,,,
SPDR,spectral,,graph,d,,,scDesign3,SCIATAC,0.07,,,,,,,,,,,,,,,,,,,,,,
SQuaD-MDS,kmeans,,metric,d,,,scDesign3,SCIATAC,0.01,,,,,,,,,,,,,,,,,,,,,,
SQuaD-MDS,louvain,,metric,d,,,scDesign3,SCIATAC,0.01,,,,,,,,,,,,,,,,,,,,,,
SQuaD-MDS,spectral,,metric,d,,,scDesign3,SCIATAC,0.015,,,,,,,,,,,,,,,,,,,,,,
SSNMDI,kmeans,,linear,d,,,scDesign3,SCIATAC,0.04,,,,,,,,,,,,,,,,,,,,,,
SSNMDI,louvain,,linear,d,,,scDesign3,SCIATAC,0.02,,,,,,,,,,,,,,,,,,,,,,
SSNMDI,spectral,,linear,d,,,scDesign3,SCIATAC,0.04,,,,,,,,,,,,,,,,,,,,,,
TriMap,kmeans,,metric,d,,,scDesign3,SCIATAC,0.06,,,,,,,,,,,,,,,,,,,,,,
TriMap,louvain,,metric,d,,,scDesign3,SCIATAC,0.02,,,,,,,,,,,,,,,,,,,,,,
TriMap,spectral,,metric,d,,,scDesign3,SCIATAC,0.06,,,,,,,,,,,,,,,,,,,,,,
UMAP,kmeans,,graph,d,,,scDesign3,SCIATAC,0.04,,,,,,,,,,,,,,,,,,,,,,
UMAP,louvain,,graph,d,,,scDesign3,SCIATAC,0.01,,,,,,,,,,,,,,,,,,,,,,
UMAP,spectral,,graph,d,,,scDesign3,SCIATAC,0.04,,,,,,,,,,,,,,,,,,,,,,
VAE,kmeans,,deep,d,,,scDesign3,SCIATAC,0.02,,,,,,,,,,,,,,,,,,,,,,
VAE,louvain,,deep,d,,,scDesign3,SCIATAC,0.01,,,,,,,,,,,,,,,,,,,,,,
VAE,spectral,,deep,d,,,scDesign3,SCIATAC,0.04,,,,,,,,,,,,,,,,,,,,,,
VASC,kmeans,,deep,d,,,scDesign3,SCIATAC,0.05,,,,,,,,,,,,,,,,,,,,,,
VASC,louvain,,deep,d,,,scDesign3,SCIATAC,0.0,,,,,,,,,,,,,,,,,,,,,,
VASC,spectral,,deep,d,,,scDesign3,SCIATAC,0.03,,,,,,,,,,,,,,,,,,,,,,
ZIFA,kmeans,,linear,d,,,scDesign3,SCIATAC,0.15,,,,,,,,,,,,,,,,,,,,,,
ZIFA,louvain,,linear,d,,,scDesign3,SCIATAC,0.05,,,,,,,,,,,,,,,,,,,,,,
ZIFA,spectral,,linear,d,,,scDesign3,SCIATAC,0.14,,,,,,,,,,,,,,,,,,,,,,
pCMF,kmeans,,linear,d,,,scDesign3,SCIATAC,0.01,,,,,,,,,,,,,,,,,,,,,,
pCMF,louvain,,linear,d,,,scDesign3,SCIATAC,0.01,,,,,,,,,,,,,,,,,,,,,,
pCMF,spectral,,linear,d,,,scDesign3,SCIATAC,0.01,,,,,,,,,,,,,,,,,,,,,,
scGAE,kmeans,,deep,d,,,scDesign3,SCIATAC,0.03,,,,,,,,,,,,,,,,,,,,,,
scGAE,louvain,,deep,d,,,scDesign3,SCIATAC,0.01,,,,,,,,,,,,,,,,,,,,,,
scGAE,spectral,,deep,d,,,scDesign3,SCIATAC,0.03,,,,,,,,,,,,,,,,,,,,,,
scGBM,kmeans,,linear,d,,,scDesign3,SCIATAC,0.2,,,,,,,,,,,,,,,,,,,,,,
scGBM,louvain,,linear,d,,,scDesign3,SCIATAC,0.06,,,,,,,,,,,,,,,,,,,,,,
scGBM,spectral,,linear,d,,,scDesign3,SCIATAC,0.17,,,,,,,,,,,,,,,,,,,,,,
scScope,kmeans,,deep,d,,,scDesign3,SCIATAC,0.01,,,,,,,,,,,,,,,,,,,,,,
scScope,louvain,,deep,d,,,scDesign3,SCIATAC,0.0,,,,,,,,,,,,,,,,,,,,,,
scScope,spectral,,deep,d,,,scDesign3,SCIATAC,0.01,,,,,,,,,,,,,,,,,,,,,,
scvis,kmeans,,deep,d,,,scDesign3,SCIATAC,0.02,,,,,,,,,,,,,,,,,,,,,,
scvis,louvain,,deep,d,,,scDesign3,SCIATAC,0.0,,,,,,,,,,,,,,,,,,,,,,
scvis,spectral,,deep,d,,,scDesign3,SCIATAC,0.01,,,,,,,,,,,,,,,,,,,,,,
t-SNE,kmeans,,metric,d,,,scDesign3,SCIATAC,0.13,,,,,,,,,,,,,,,,,,,,,,
t-SNE,louvain,,metric,d,,,scDesign3,SCIATAC,0.05,,,,,,,,,,,,,,,,,,,,,,
t-SNE,spectral,,metric,d,,,scDesign3,SCIATAC,0.12,,,,,,,,,,,,,,,,,,,,,,
tGPLVM,kmeans,,linear,d,,,scDesign3,SCIATAC,0.01,,,,,,,,,,,,,,,,,,,,,,
tGPLVM,louvain,,linear,d,,,scDesign3,SCIATAC,0.0,,,,,,,,,,,,,,,,,,,,,,
tGPLVM,spectral,,linear,d,,,scDesign3,SCIATAC,0.01,,,,,,,,,,,,,,,,,,,,,,
DRA,kmeans,,deep,d,,,scDesign3,SLIDE,-0.0,,,,,,,,,,,,,,,,,,,,,,
DRA,louvain,,deep,d,,,scDesign3,SLIDE,0.0,,,,,,,,,,,,,,,,,,,,,,
DRA,spectral,,deep,d,,,scDesign3,SLIDE,0.0,,,,,,,,,,,,,,,,,,,,,,
DREAM,kmeans,,deep,d,,,scDesign3,SLIDE,0.0,,,,,,,,,,,,,,,,,,,,,,
DREAM,louvain,,deep,d,,,scDesign3,SLIDE,-0.0,,,,,,,,,,,,,,,,,,,,,,
DREAM,spectral,,deep,d,,,scDesign3,SLIDE,0.0,,,,,,,,,,,,,,,,,,,,,,
EDGE,kmeans,,graph,d,,,scDesign3,SLIDE,0.02,,,,,,,,,,,,,,,,,,,,,,
EDGE,louvain,,graph,d,,,scDesign3,SLIDE,0.0,,,,,,,,,,,,,,,,,,,,,,
EDGE,spectral,,graph,d,,,scDesign3,SLIDE,0.01,,,,,,,,,,,,,,,,,,,,,,
GLMPCA,kmeans,,linear,d,,,scDesign3,SLIDE,0.09,,,,,,,,,,,,,,,,,,,,,,
GLMPCA,louvain,,linear,d,,,scDesign3,SLIDE,0.02,,,,,,,,,,,,,,,,,,,,,,
GLMPCA,spectral,,linear,d,,,scDesign3,SLIDE,0.08,,,,,,,,,,,,,,,,,,,,,,
IVIS,kmeans,,metric,d,,,scDesign3,SLIDE,0.07,,,,,,,,,,,,,,,,,,,,,,
IVIS,louvain,,metric,d,,,scDesign3,SLIDE,0.01,,,,,,,,,,,,,,,,,,,,,,
IVIS,spectral,,metric,d,,,scDesign3,SLIDE,0.04,,,,,,,,,,,,,,,,,,,,,,
PCA,kmeans,,linear,d,,,scDesign3,SLIDE,-0.03,,,,,,,,,,,,,,,,,,,,,,
PCA,louvain,,linear,d,,,scDesign3,SLIDE,0.01,,,,,,,,,,,,,,,,,,,,,,
PCA,spectral,,linear,d,,,scDesign3,SLIDE,0.03,,,,,,,,,,,,,,,,,,,,,,
PHATE,kmeans,,graph,d,,,scDesign3,SLIDE,0.07,,,,,,,,,,,,,,,,,,,,,,
PHATE,louvain,,graph,d,,,scDesign3,SLIDE,0.01,,,,,,,,,,,,,,,,,,,,,,
PHATE,spectral,,graph,d,,,scDesign3,SLIDE,0.04,,,,,,,,,,,,,,,,,,,,,,
PaCMAP,kmeans,,metric,d,,,scDesign3,SLIDE,0.0,,,,,,,,,,,,,,,,,,,,,,
PaCMAP,louvain,,metric,d,,,scDesign3,SLIDE,-0.0,,,,,,,,,,,,,,,,,,,,,,
PaCMAP,spectral,,metric,d,,,scDesign3,SLIDE,-0.0,,,,,,,,,,,,,,,,,,,,,,
SAUCIE,kmeans,,deep,d,,,scDesign3,SLIDE,-0.0,,,,,,,,,,,,,,,,,,,,,,
SAUCIE,louvain,,deep,d,,,scDesign3,SLIDE,0.0,,,,,,,,,,,,,,,,,,,,,,
SAUCIE,spectral,,deep,d,,,scDesign3,SLIDE,0.01,,,,,,,,,,,,,,,,,,,,,,
SCDRHA,kmeans,,deep,d,,,scDesign3,SLIDE,-0.02,,,,,,,,,,,,,,,,,,,,,,
SCDRHA,louvain,,deep,d,,,scDesign3,SLIDE,0.0,,,,,,,,,,,,,,,,,,,,,,
SCDRHA,spectral,,deep,d,,,scDesign3,SLIDE,0.01,,,,,,,,,,,,,,,,,,,,,,
SPDR,kmeans,,graph,d,,,scDesign3,SLIDE,0.06,,,,,,,,,,,,,,,,,,,,,,
SPDR,louvain,,graph,d,,,scDesign3,SLIDE,0.01,,,,,,,,,,,,,,,,,,,,,,
SPDR,spectral,,graph,d,,,scDesign3,SLIDE,0.06,,,,,,,,,,,,,,,,,,,,,,
SQuaD-MDS,kmeans,,metric,d,,,scDesign3,SLIDE,0.015,,,,,,,,,,,,,,,,,,,,,,
SQuaD-MDS,louvain,,metric,d,,,scDesign3,SLIDE,0.005,,,,,,,,,,,,,,,,,,,,,,
SQuaD-MDS,spectral,,metric,d,,,scDesign3,SLIDE,0.02,,,,,,,,,,,,,,,,,,,,,,
SSNMDI,kmeans,,linear,d,,,scDesign3,SLIDE,-0.0,,,,,,,,,,,,,,,,,,,,,,
SSNMDI,louvain,,linear,d,,,scDesign3,SLIDE,-0.0,,,,,,,,,,,,,,,,,,,,,,
SSNMDI,spectral,,linear,d,,,scDesign3,SLIDE,-0.0,,,,,,,,,,,,,,,,,,,,,,
TriMap,kmeans,,metric,d,,,scDesign3,SLIDE,0.03,,,,,,,,,,,,,,,,,,,,,,
TriMap,louvain,,metric,d,,,scDesign3,SLIDE,0.01,,,,,,,,,,,,,,,,,,,,,,
TriMap,spectral,,metric,d,,,scDesign3,SLIDE,0.03,,,,,,,,,,,,,,,,,,,,,,
UMAP,kmeans,,graph,d,,,scDesign3,SLIDE,0.04,,,,,,,,,,,,,,,,,,,,,,
UMAP,louvain,,graph,d,,,scDesign3,SLIDE,0.01,,,,,,,,,,,,,,,,,,,,,,
UMAP,spectral,,graph,d,,,scDesign3,SLIDE,0.05,,,,,,,,,,,,,,,,,,,,,,
VAE,kmeans,,deep,d,,,scDesign3,SLIDE,0.01,,,,,,,,,,,,,,,,,,,,,,
VAE,louvain,,deep,d,,,scDesign3,SLIDE,0.0,,,,,,,,,,,,,,,,,,,,,,
VAE,spectral,,deep,d,,,scDesign3,SLIDE,0.01,,,,,,,,,,,,,,,,,,,,,,
VASC,kmeans,,deep,d,,,scDesign3,SLIDE,-0.01,,,,,,,,,,,,,,,,,,,,,,
VASC,louvain,,deep,d,,,scDesign3,SLIDE,0.0,,,,,,,,,,,,,,,,,,,,,,
VASC,spectral,,deep,d,,,scDesign3,SLIDE,0.0,,,,,,,,,,,,,,,,,,,,,,
ZIFA,kmeans,,linear,d,,,scDesign3,SLIDE,0.11,,,,,,,,,,,,,,,,,,,,,,
ZIFA,louvain,,linear,d,,,scDesign3,SLIDE,0.01,,,,,,,,,,,,,,,,,,,,,,
ZIFA,spectral,,linear,d,,,scDesign3,SLIDE,0.06,,,,,,,,,,,,,,,,,,,,,,
scGAE,kmeans,,deep,d,,,scDesign3,SLIDE,0.0,,,,,,,,,,,,,,,,,,,,,,
scGAE,louvain,,deep,d,,,scDesign3,SLIDE,0.0,,,,,,,,,,,,,,,,,,,,,,
scGAE,spectral,,deep,d,,,scDesign3,SLIDE,0.0,,,,,,,,,,,,,,,,,,,,,,
scGBM,kmeans,,linear,d,,,scDesign3,SLIDE,0.1,,,,,,,,,,,,,,,,,,,,,,
scGBM,louvain,,linear,d,,,scDesign3,SLIDE,0.02,,,,,,,,,,,,,,,,,,,,,,
scGBM,spectral,,linear,d,,,scDesign3,SLIDE,0.08,,,,,,,,,,,,,,,,,,,,,,
scScope,kmeans,,deep,d,,,scDesign3,SLIDE,0.02,,,,,,,,,,,,,,,,,,,,,,
scScope,louvain,,deep,d,,,scDesign3,SLIDE,0.01,,,,,,,,,,,,,,,,,,,,,,
scScope,spectral,,deep,d,,,scDesign3,SLIDE,0.05,,,,,,,,,,,,,,,,,,,,,,
scvis,kmeans,,deep,d,,,scDesign3,SLIDE,0.02,,,,,,,,,,,,,,,,,,,,,,
scvis,louvain,,deep,d,,,scDesign3,SLIDE,0.0,,,,,,,,,,,,,,,,,,,,,,
scvis,spectral,,deep,d,,,scDesign3,SLIDE,-0.02,,,,,,,,,,,,,,,,,,,,,,
t-SNE,kmeans,,metric,d,,,scDesign3,SLIDE,0.08,,,,,,,,,,,,,,,,,,,,,,
t-SNE,louvain,,metric,d,,,scDesign3,SLIDE,0.01,,,,,,,,,,,,,,,,,,,,,,
t-SNE,spectral,,metric,d,,,scDesign3,SLIDE,0.1,,,,,,,,,,,,,,,,,,,,,,
tGPLVM,kmeans,,linear,d,,,scDesign3,SLIDE,0.0,,,,,,,,,,,,,,,,,,,,,,
tGPLVM,louvain,,linear,d,,,scDesign3,SLIDE,0.0,,,,,,,,,,,,,,,,,,,,,,
tGPLVM,spectral,,linear,d,,,scDesign3,SLIDE,0.0,,,,,,,,,,,,,,,,,,,,,,
DRA,kmeans,,deep,d,,,scDesign3,VISIUM,0.0,,,,,,,,,,,,,,,,,,,,,,
DRA,louvain,,deep,d,,,scDesign3,VISIUM,-0.0,,,,,,,,,,,,,,,,,,,,,,
DRA,spectral,,deep,d,,,scDesign3,VISIUM,0.0,,,,,,,,,,,,,,,,,,,,,,
DREAM,kmeans,,deep,d,,,scDesign3,VISIUM,-0.0,,,,,,,,,,,,,,,,,,,,,,
DREAM,louvain,,deep,d,,,scDesign3,VISIUM,0.0,,,,,,,,,,,,,,,,,,,,,,
DREAM,spectral,,deep,d,,,scDesign3,VISIUM,0.0,,,,,,,,,,,,,,,,,,,,,,
EDGE,kmeans,,graph,d,,,scDesign3,VISIUM,0.18,,,,,,,,,,,,,,,,,,,,,,
EDGE,louvain,,graph,d,,,scDesign3,VISIUM,0.1,,,,,,,,,,,,,,,,,,,,,,
EDGE,spectral,,graph,d,,,scDesign3,VISIUM,0.13,,,,,,,,,,,,,,,,,,,,,,
GLMPCA,kmeans,,linear,d,,,scDesign3,VISIUM,0.33,,,,,,,,,,,,,,,,,,,,,,
GLMPCA,louvain,,linear,d,,,scDesign3,VISIUM,0.21,,,,,,,,,,,,,,,,,,,,,,
GLMPCA,spectral,,linear,d,,,scDesign3,VISIUM,0.31,,,,,,,,,,,,,,,,,,,,,,
IVIS,kmeans,,metric,d,,,scDesign3,VISIUM,0.27,,,,,,,,,,,,,,,,,,,,,,
IVIS,louvain,,metric,d,,,scDesign3,VISIUM,0.21,,,,,,,,,,,,,,,,,,,,,,
IVIS,spectral,,metric,d,,,scDesign3,VISIUM,0.27,,,,,,,,,,,,,,,,,,,,,,
PCA,kmeans,,linear,d,,,scDesign3,VISIUM,0.24,,,,,,,,,,,,,,,,,,,,,,
PCA,louvain,,linear,d,,,scDesign3,VISIUM,0.16,,,,,,,,,,,,,,,,,,,,,,
PCA,spectral,,linear,d,,,scDesign3,VISIUM,0.24,,,,,,,,,,,,,,,,,,,,,,
PHATE,kmeans,,graph,d,,,scDesign3,VISIUM,0.14,,,,,,,,,,,,,,,,,,,,,,
PHATE,louvain,,graph,d,,,scDesign3,VISIUM,0.1,,,,,,,,,,,,,,,,,,,,,,
PHATE,spectral,,graph,d,,,scDesign3,VISIUM,0.15,,,,,,,,,,,,,,,,,,,,,,
PaCMAP,kmeans,,metric,d,,,scDesign3,VISIUM,-0.0,,,,,,,,,,,,,,,,,,,,,,
PaCMAP,louvain,,metric,d,,,scDesign3,VISIUM,-0.0,,,,,,,,,,,,,,,,,,,,,,
PaCMAP,spectral,,metric,d,,,scDesign3,VISIUM,0.0,,,,,,,,,,,,,,,,,,,,,,
SAUCIE,kmeans,,deep,d,,,scDesign3,VISIUM,0.09,,,,,,,,,,,,,,,,,,,,,,
SAUCIE,louvain,,deep,d,,,scDesign3,VISIUM,0.06,,,,,,,,,,,,,,,,,,,,,,
SAUCIE,spectral,,deep,d,,,scDesign3,VISIUM,0.08,,,,,,,,,,,,,,,,,,,,,,
SCDRHA,kmeans,,deep,d,,,scDesign3,VISIUM,0.15,,,,,,,,,,,,,,,,,,,,,,
SCDRHA,louvain,,deep,d,,,scDesign3,VISIUM,0.08,,,,,,,,,,,,,,,,,,,,,,
SCDRHA,spectral,,deep,d,,,scDesign3,VISIUM,0.11,,,,,,,,,,,,,,,,,,,,,,
SIMLR,kmeans,,graph,d,,,scDesign3,VISIUM,0.35,,,,,,,,,,,,,,,,,,,,,,
SIMLR,louvain,,graph,d,,,scDesign3,VISIUM,0.18,,,,,,,,,,,,,,,,,,,,,,
SIMLR,spectral,,graph,d,,,scDesign3,VISIUM,0.27,,,,,,,,,,,,,,,,,,,,,,
SPDR,kmeans,,graph,d,,,scDesign3,VISIUM,0.27,,,,,,,,,,,,,,,,,,,,,,
SPDR,louvain,,graph,d,,,scDesign3,VISIUM,0.16,,,,,,,,,,,,,,,,,,,,,,
SPDR,spectral,,graph,d,,,scDesign3,VISIUM,0.28,,,,,,,,,,,,,,,,,,,,,,
SQuaD-MDS,kmeans,,metric,d,,,scDesign3,VISIUM,0.22500000000000003,,,,,,,,,,,,,,,,,,,,,,
SQuaD-MDS,louvain,,metric,d,,,scDesign3,VISIUM,0.15,,,,,,,,,,,,,,,,,,,,,,
SQuaD-MDS,spectral,,metric,d,,,scDesign3,VISIUM,0.195,,,,,,,,,,,,,,,,,,,,,,
SSNMDI,kmeans,,linear,d,,,scDesign3,VISIUM,-0.0,,,,,,,,,,,,,,,,,,,,,,
SSNMDI,louvain,,linear,d,,,scDesign3,VISIUM,0.0,,,,,,,,,,,,,,,,,,,,,,
SSNMDI,spectral,,linear,d,,,scDesign3,VISIUM,0.0,,,,,,,,,,,,,,,,,,,,,,
TriMap,kmeans,,metric,d,,,scDesign3,VISIUM,0.21,,,,,,,,,,,,,,,,,,,,,,
TriMap,louvain,,metric,d,,,scDesign3,VISIUM,0.14,,,,,,,,,,,,,,,,,,,,,,
TriMap,spectral,,metric,d,,,scDesign3,VISIUM,0.21,,,,,,,,,,,,,,,,,,,,,,
UMAP,kmeans,,graph,d,,,scDesign3,VISIUM,0.27,,,,,,,,,,,,,,,,,,,,,,
UMAP,louvain,,graph,d,,,scDesign3,VISIUM,0.17,,,,,,,,,,,,,,,,,,,,,,
UMAP,spectral,,graph,d,,,scDesign3,VISIUM,0.3,,,,,,,,,,,,,,,,,,,,,,
VAE,kmeans,,deep,d,,,scDesign3,VISIUM,0.57,,,,,,,,,,,,,,,,,,,,,,
VAE,louvain,,deep,d,,,scDesign3,VISIUM,0.31,,,,,,,,,,,,,,,,,,,,,,
VAE,spectral,,deep,d,,,scDesign3,VISIUM,0.5,,,,,,,,,,,,,,,,,,,,,,
VASC,kmeans,,deep,d,,,scDesign3,VISIUM,0.29,,,,,,,,,,,,,,,,,,,,,,
VASC,louvain,,deep,d,,,scDesign3,VISIUM,0.21,,,,,,,,,,,,,,,,,,,,,,
VASC,spectral,,deep,d,,,scDesign3,VISIUM,0.31,,,,,,,,,,,,,,,,,,,,,,
ZIFA,kmeans,,linear,d,,,scDesign3,VISIUM,0.28,,,,,,,,,,,,,,,,,,,,,,
ZIFA,louvain,,linear,d,,,scDesign3,VISIUM,0.19,,,,,,,,,,,,,,,,,,,,,,
ZIFA,spectral,,linear,d,,,scDesign3,VISIUM,0.26,,,,,,,,,,,,,,,,,,,,,,
pCMF,kmeans,,linear,d,,,scDesign3,VISIUM,0.17,,,,,,,,,,,,,,,,,,,,,,
pCMF,louvain,,linear,d,,,scDesign3,VISIUM,0.13,,,,,,,,,,,,,,,,,,,,,,
pCMF,spectral,,linear,d,,,scDesign3,VISIUM,0.17,,,,,,,,,,,,,,,,,,,,,,
scGAE,kmeans,,deep,d,,,scDesign3,VISIUM,0.18,,,,,,,,,,,,,,,,,,,,,,
scGAE,louvain,,deep,d,,,scDesign3,VISIUM,0.15,,,,,,,,,,,,,,,,,,,,,,
scGAE,spectral,,deep,d,,,scDesign3,VISIUM,0.19,,,,,,,,,,,,,,,,,,,,,,
scGBM,kmeans,,linear,d,,,scDesign3,VISIUM,0.34,,,,,,,,,,,,,,,,,,,,,,
scGBM,louvain,,linear,d,,,scDesign3,VISIUM,0.21,,,,,,,,,,,,,,,,,,,,,,
scGBM,spectral,,linear,d,,,scDesign3,VISIUM,0.28,,,,,,,,,,,,,,,,,,,,,,
scScope,kmeans,,deep,d,,,scDesign3,VISIUM,0.21,,,,,,,,,,,,,,,,,,,,,,
scScope,louvain,,deep,d,,,scDesign3,VISIUM,0.14,,,,,,,,,,,,,,,,,,,,,,
scScope,spectral,,deep,d,,,scDesign3,VISIUM,0.26,,,,,,,,,,,,,,,,,,,,,,
scvis,kmeans,,deep,d,,,scDesign3,VISIUM,0.18,,,,,,,,,,,,,,,,,,,,,,
scvis,louvain,,deep,d,,,scDesign3,VISIUM,0.14,,,,,,,,,,,,,,,,,,,,,,
scvis,spectral,,deep,d,,,scDesign3,VISIUM,0.18,,,,,,,,,,,,,,,,,,,,,,
t-SNE,kmeans,,metric,d,,,scDesign3,VISIUM,0.54,,,,,,,,,,,,,,,,,,,,,,
t-SNE,louvain,,metric,d,,,scDesign3,VISIUM,0.36,,,,,,,,,,,,,,,,,,,,,,
t-SNE,spectral,,metric,d,,,scDesign3,VISIUM,0.5,,,,,,,,,,,,,,,,,,,,,,
tGPLVM,kmeans,,linear,d,,,scDesign3,VISIUM,0.01,,,,,,,,,,,,,,,,,,,,,,
tGPLVM,louvain,,linear,d,,,scDesign3,VISIUM,0.01,,,,,,,,,,,,,,,,,,,,,,
tGPLVM,spectral,,linear,d,,,scDesign3,VISIUM,0.02,,,,,,,,,,,,,,,,,,,,,,
DRA,kmeans,,deep,e,,,SIMLR,Pollen,,-0.0,0.1,0.9191594713982467,,,,,,,,,,,,,,,,,,,
DRA,louvain,,deep,e,,,SIMLR,Pollen,,0.0,0.09,0.9191594713982467,,,,,,,,,,,,,,,,,,,
DRA,spectral,,deep,e,,,SIMLR,Pollen,,0.0,0.1,0.9191594713982467,,,,,,,,,,,,,,,,,,,
DREAM,kmeans,,deep,e,,,SIMLR,Pollen,,0.85,0.89,0.9191594713982467,,,,,,,,,,,,,,,,,,,
DREAM,louvain,,deep,e,,,SIMLR,Pollen,,0.88,0.94,0.9191594713982467,,,,,,,,,,,,,,,,,,,
DREAM,spectral,,deep,e,,,SIMLR,Pollen,,0.81,0.9,0.9191594713982467,,,,,,,,,,,,,,,,,,,
EDGE,kmeans,,graph,e,,,SIMLR,Pollen,,0.92,0.92,0.9191594713982467,,,,,,,,,,,,,,,,,,,
EDGE,louvain,,graph,e,,,SIMLR,Pollen,,0.86,0.92,0.9191594713982467,,,,,,,,,,,,,,,,,,,
EDGE,spectral,,graph,e,,,SIMLR,Pollen,,0.86,0.91,0.9191594713982467,,,,,,,,,,,,,,,,,,,
GLMPCA,kmeans,,linear,e,,,SIMLR,Pollen,,0.78,0.83,0.9191594713982467,,,,,,,,,,,,,,,,,,,
GLMPCA,louvain,,linear,e,,,SIMLR,Pollen,,0.57,0.77,0.9191594713982467,,,,,,,,,,,,,,,,,,,
GLMPCA,spectral,,linear,e,,,SIMLR,Pollen,,0.65,0.78,0.9191594713982467,,,,,,,,,,,,,,,,,,,
IVIS,kmeans,,metric,e,,,SIMLR,Pollen,,0.55,0.73,0.9191594713982467,,,,,,,,,,,,,,,,,,,
IVIS,louvain,,metric,e,,,SIMLR,Pollen,,0.57,0.7,0.9191594713982467,,,,,,,,,,,,,,,,,,,
IVIS,spectral,,metric,e,,,SIMLR,Pollen,,0.49,0.69,0.9191594713982467,,,,,,,,,,,,,,,,,,,
PCA,kmeans,,linear,e,,,SIMLR,Pollen,,0.65,0.78,0.9191594713982467,,,,,,,,,,,,,,,,,,,
PCA,louvain,,linear,e,,,SIMLR,Pollen,,0.59,0.73,0.9191594713982467,,,,,,,,,,,,,,,,,,,
PCA,spectral,,linear,e,,,SIMLR,Pollen,,0.59,0.73,0.9191594713982467,,,,,,,,,,,,,,,,,,,
PHATE,kmeans,,graph,e,,,SIMLR,Pollen,,0.67,0.83,0.9191594713982467,,,,,,,,,,,,,,,,,,,
PHATE,louvain,,graph,e,,,SIMLR,Pollen,,0.62,0.8,0.9191594713982467,,,,,,,,,,,,,,,,,,,
PHATE,spectral,,graph,e,,,SIMLR,Pollen,,0.58,0.78,0.9191594713982467,,,,,,,,,,,,,,,,,,,
PaCMAP,kmeans,,metric,e,,,SIMLR,Pollen,,0.18,0.42,0.9191594713982467,,,,,,,,,,,,,,,,,,,
PaCMAP,louvain,,metric,e,,,SIMLR,Pollen,,0.19,0.42,0.9191594713982467,,,,,,,,,,,,,,,,,,,
PaCMAP,spectral,,metric,e,,,SIMLR,Pollen,,0.19,0.42,0.9191594713982467,,,,,,,,,,,,,,,,,,,
SAUCIE,kmeans,,deep,e,,,SIMLR,Pollen,,0.15,0.32,0.9191594713982467,,,,,,,,,,,,,,,,,,,
SAUCIE,louvain,,deep,e,,,SIMLR,Pollen,,0.2,0.38,0.9191594713982467,,,,,,,,,,,,,,,,,,,
SAUCIE,spectral,,deep,e,,,SIMLR,Pollen,,0.15,0.35,0.9191594713982467,,,,,,,,,,,,,,,,,,,
SCDRHA,kmeans,,deep,e,,,SIMLR,Pollen,,0.65,0.76,0.9191594713982467,,,,,,,,,,,,,,,,,,,
SCDRHA,louvain,,deep,e,,,SIMLR,Pollen,,0.53,0.75,0.9191594713982467,,,,,,,,,,,,,,,,,,,
SCDRHA,spectral,,deep,e,,,SIMLR,Pollen,,0.52,0.73,0.9191594713982467,,,,,,,,,,,,,,,,,,,
SIMLR,kmeans,,graph,e,,,SIMLR,Pollen,,0.91,0.94,0.9191594713982467,,,,,,,,,,,,,,,,,,,
SIMLR,louvain,,graph,e,,,SIMLR,Pollen,,0.7,0.88,0.9191594713982467,,,,,,,,,,,,,,,,,,,
SIMLR,spectral,,graph,e,,,SIMLR,Pollen,,0.37,0.71,0.9191594713982467,,,,,,,,,,,,,,,,,,,
SPDR,kmeans,,graph,e,,,SIMLR,Pollen,,0.78,0.85,0.9191594713982467,,,,,,,,,,,,,,,,,,,
SPDR,louvain,,graph,e,,,SIMLR,Pollen,,0.86,0.87,0.9191594713982467,,,,,,,,,,,,,,,,,,,
SPDR,spectral,,graph,e,,,SIMLR,Pollen,,0.68,0.82,0.9191594713982467,,,,,,,,,,,,,,,,,,,
SQuaD-MDS,kmeans,,metric,e,,,SIMLR,Pollen,,0.64,0.735,0.9191594713982467,,,,,,,,,,,,,,,,,,,
SQuaD-MDS,louvain,,metric,e,,,SIMLR,Pollen,,0.605,0.735,0.9191594713982467,,,,,,,,,,,,,,,,,,,
SQuaD-MDS,spectral,,metric,e,,,SIMLR,Pollen,,0.495,0.695,0.9191594713982467,,,,,,,,,,,,,,,,,,,
SSNMDI,kmeans,,linear,e,,,SIMLR,Pollen,,0.21,0.43,0.9191594713982467,,,,,,,,,,,,,,,,,,,
SSNMDI,louvain,,linear,e,,,SIMLR,Pollen,,0.23,0.43,0.9191594713982467,,,,,,,,,,,,,,,,,,,
SSNMDI,spectral,,linear,e,,,SIMLR,Pollen,,0.13,0.33,0.9191594713982467,,,,,,,,,,,,,,,,,,,
TriMap,kmeans,,metric,e,,,SIMLR,Pollen,,0.76,0.87,0.9191594713982467,,,,,,,,,,,,,,,,,,,
TriMap,louvain,,metric,e,,,SIMLR,Pollen,,0.69,0.86,0.9191594713982467,,,,,,,,,,,,,,,,,,,
TriMap,spectral,,metric,e,,,SIMLR,Pollen,,0.53,0.75,0.9191594713982467,,,,,,,,,,,,,,,,,,,
UMAP,kmeans,,graph,e,,,SIMLR,Pollen,,0.66,0.76,0.9191594713982467,,,,,,,,,,,,,,,,,,,
UMAP,louvain,,graph,e,,,SIMLR,Pollen,,0.61,0.74,0.9191594713982467,,,,,,,,,,,,,,,,,,,
UMAP,spectral,,graph,e,,,SIMLR,Pollen,,0.54,0.72,0.9191594713982467,,,,,,,,,,,,,,,,,,,
VAE,kmeans,,deep,e,,,SIMLR,Pollen,,0.41,0.62,0.9191594713982467,,,,,,,,,,,,,,,,,,,
VAE,louvain,,deep,e,,,SIMLR,Pollen,,0.39,0.6,0.9191594713982467,,,,,,,,,,,,,,,,,,,
VAE,spectral,,deep,e,,,SIMLR,Pollen,,0.39,0.6,0.9191594713982467,,,,,,,,,,,,,,,,,,,
VASC,kmeans,,deep,e,,,SIMLR,Pollen,,0.79,0.87,0.9191594713982467,,,,,,,,,,,,,,,,,,,
VASC,louvain,,deep,e,,,SIMLR,Pollen,,0.72,0.83,0.9191594713982467,,,,,,,,,,,,,,,,,,,
VASC,spectral,,deep,e,,,SIMLR,Pollen,,0.73,0.84,0.9191594713982467,,,,,,,,,,,,,,,,,,,
ZIFA,kmeans,,linear,e,,,SIMLR,Pollen,,0.66,0.8,0.9191594713982467,,,,,,,,,,,,,,,,,,,
ZIFA,louvain,,linear,e,,,SIMLR,Pollen,,0.67,0.78,0.9191594713982467,,,,,,,,,,,,,,,,,,,
ZIFA,spectral,,linear,e,,,SIMLR,Pollen,,0.65,0.77,0.9191594713982467,,,,,,,,,,,,,,,,,,,
pCMF,kmeans,,linear,e,,,SIMLR,Pollen,,0.48,0.64,0.9191594713982467,,,,,,,,,,,,,,,,,,,
pCMF,louvain,,linear,e,,,SIMLR,Pollen,,0.45,0.65,0.9191594713982467,,,,,,,,,,,,,,,,,,,
pCMF,spectral,,linear,e,,,SIMLR,Pollen,,0.45,0.64,0.9191594713982467,,,,,,,,,,,,,,,,,,,
scGAE,kmeans,,deep,e,,,SIMLR,Pollen,,0.55,0.76,0.9191594713982467,,,,,,,,,,,,,,,,,,,
scGAE,louvain,,deep,e,,,SIMLR,Pollen,,0.55,0.76,0.9191594713982467,,,,,,,,,,,,,,,,,,,
scGAE,spectral,,deep,e,,,SIMLR,Pollen,,0.49,0.71,0.9191594713982467,,,,,,,,,,,,,,,,,,,
scGBM,kmeans,,linear,e,,,SIMLR,Pollen,,0.78,0.83,0.9191594713982467,,,,,,,,,,,,,,,,,,,
scGBM,louvain,,linear,e,,,SIMLR,Pollen,,0.64,0.78,0.9191594713982467,,,,,,,,,,,,,,,,,,,
scGBM,spectral,,linear,e,,,SIMLR,Pollen,,0.51,0.74,0.9191594713982467,,,,,,,,,,,,,,,,,,,
scScope,kmeans,,deep,e,,,SIMLR,Pollen,,0.14,0.31,0.9191594713982467,,,,,,,,,,,,,,,,,,,
scScope,louvain,,deep,e,,,SIMLR,Pollen,,0.14,0.33,0.9191594713982467,,,,,,,,,,,,,,,,,,,
scScope,spectral,,deep,e,,,SIMLR,Pollen,,0.15,0.33,0.9191594713982467,,,,,,,,,,,,,,,,,,,
scvis,kmeans,,deep,e,,,SIMLR,Pollen,,0.68,0.77,0.9191594713982467,,,,,,,,,,,,,,,,,,,
scvis,louvain,,deep,e,,,SIMLR,Pollen,,0.74,0.81,0.9191594713982467,,,,,,,,,,,,,,,,,,,
scvis,spectral,,deep,e,,,SIMLR,Pollen,,0.73,0.81,0.9191594713982467,,,,,,,,,,,,,,,,,,,
t-SNE,kmeans,,metric,e,,,SIMLR,Pollen,,0.75,0.88,0.9191594713982467,,,,,,,,,,,,,,,,,,,
t-SNE,louvain,,metric,e,,,SIMLR,Pollen,,0.78,0.89,0.9191594713982467,,,,,,,,,,,,,,,,,,,
t-SNE,spectral,,metric,e,,,SIMLR,Pollen,,0.71,0.87,0.9191594713982467,,,,,,,,,,,,,,,,,,,
tGPLVM,kmeans,,linear,e,,,SIMLR,Pollen,,0.0,0.11,0.9191594713982467,,,,,,,,,,,,,,,,,,,
tGPLVM,louvain,,linear,e,,,SIMLR,Pollen,,0.0,0.09,0.9191594713982467,,,,,,,,,,,,,,,,,,,
tGPLVM,spectral,,linear,e,,,SIMLR,Pollen,,0.01,0.1,0.9191594713982467,,,,,,,,,,,,,,,,,,,
DRA,kmeans,,deep,e,,,SIMLR,Usoskin,,0.0,0.0,0.9191594713982467,,,,,,,,,,,,,,,,,,,
DRA,louvain,,deep,e,,,SIMLR,Usoskin,,0.0,0.02,0.9191594713982467,,,,,,,,,,,,,,,,,,,
DRA,spectral,,deep,e,,,SIMLR,Usoskin,,-0.0,0.0,0.9191594713982467,,,,,,,,,,,,,,,,,,,
DREAM,kmeans,,deep,e,,,SIMLR,Usoskin,,0.63,0.73,0.9191594713982467,,,,,,,,,,,,,,,,,,,
DREAM,louvain,,deep,e,,,SIMLR,Usoskin,,0.32,0.6,0.9191594713982467,,,,,,,,,,,,,,,,,,,
DREAM,spectral,,deep,e,,,SIMLR,Usoskin,,0.63,0.72,0.9191594713982467,,,,,,,,,,,,,,,,,,,
EDGE,kmeans,,graph,e,,,SIMLR,Usoskin,,0.54,0.6,0.9191594713982467,,,,,,,,,,,,,,,,,,,
EDGE,louvain,,graph,e,,,SIMLR,Usoskin,,0.22,0.48,0.9191594713982467,,,,,,,,,,,,,,,,,,,
EDGE,spectral,,graph,e,,,SIMLR,Usoskin,,0.52,0.59,0.9191594713982467,,,,,,,,,,,,,,,,,,,
GLMPCA,kmeans,,linear,e,,,SIMLR,Usoskin,,0.67,0.7,0.9191594713982467,,,,,,,,,,,,,,,,,,,
GLMPCA,louvain,,linear,e,,,SIMLR,Usoskin,,0.35,0.58,0.9191594713982467,,,,,,,,,,,,,,,,,,,
GLMPCA,spectral,,linear,e,,,SIMLR,Usoskin,,0.49,0.6,0.9191594713982467,,,,,,,,,,,,,,,,,,,
IVIS,kmeans,,metric,e,,,SIMLR,Usoskin,,0.47,0.5,0.9191594713982467,,,,,,,,,,,,,,,,,,,
IVIS,louvain,,metric,e,,,SIMLR,Usoskin,,0.23,0.42,0.9191594713982467,,,,,,,,,,,,,,,,,,,
IVIS,spectral,,metric,e,,,SIMLR,Usoskin,,0.46,0.5,0.9191594713982467,,,,,,,,,,,,,,,,,,,
PCA,kmeans,,linear,e,,,SIMLR,Usoskin,,0.39,0.44,0.9191594713982467,,,,,,,,,,,,,,,,,,,
PCA,louvain,,linear,e,,,SIMLR,Usoskin,,0.21,0.42,0.9191594713982467,,,,,,,,,,,,,,,,,,,
PCA,spectral,,linear,e,,,SIMLR,Usoskin,,0.27,0.38,0.9191594713982467,,,,,,,,,,,,,,,,,,,
PHATE,kmeans,,graph,e,,,SIMLR,Usoskin,,0.91,0.87,0.9191594713982467,,,,,,,,,,,,,,,,,,,
PHATE,louvain,,graph,e,,,SIMLR,Usoskin,,0.36,0.63,0.9191594713982467,,,,,,,,,,,,,,,,,,,
PHATE,spectral,,graph,e,,,SIMLR,Usoskin,,0.65,0.74,0.9191594713982467,,,,,,,,,,,,,,,,,,,
PaCMAP,kmeans,,metric,e,,,SIMLR,Usoskin,,0.52,0.51,0.9191594713982467,,,,,,,,,,,,,,,,,,,
PaCMAP,louvain,,metric,e,,,SIMLR,Usoskin,,0.19,0.4,0.9191594713982467,,,,,,,,,,,,,,,,,,,
PaCMAP,spectral,,metric,e,,,SIMLR,Usoskin,,0.38,0.44,0.9191594713982467,,,,,,,,,,,,,,,,,,,
SAUCIE,kmeans,,deep,e,,,SIMLR,Usoskin,,0.02,0.04,0.9191594713982467,,,,,,,,,,,,,,,,,,,
SAUCIE,louvain,,deep,e,,,SIMLR,Usoskin,,0.02,0.07,0.9191594713982467,,,,,,,,,,,,,,,,,,,
SAUCIE,spectral,,deep,e,,,SIMLR,Usoskin,,0.03,0.05,0.9191594713982467,,,,,,,,,,,,,,,,,,,
SCDRHA,kmeans,,deep,e,,,SIMLR,Usoskin,,0.5,0.55,0.9191594713982467,,,,,,,,,,,,,,,,,,,
SCDRHA,louvain,,deep,e,,,SIMLR,Usoskin,,0.26,0.47,0.9191594713982467,,,,,,,,,,,,,,,,,,,
SCDRHA,spectral,,deep,e,,,SIMLR,Usoskin,,0.33,0.4,0.9191594713982467,,,,,,,,,,,,,,,,,,,
SIMLR,kmeans,,graph,e,,,SIMLR,Usoskin,,0.93,0.89,0.9191594713982467,,,,,,,,,,,,,,,,,,,
SIMLR,louvain,,graph,e,,,SIMLR,Usoskin,,0.3,0.61,0.9191594713982467,,,,,,,,,,,,,,,,,,,
SIMLR,spectral,,graph,e,,,SIMLR,Usoskin,,0.5,0.61,0.9191594713982467,,,,,,,,,,,,,,,,,,,
SPDR,kmeans,,graph,e,,,SIMLR,Usoskin,,0.91,0.88,0.9191594713982467,,,,,,,,,,,,,,,,,,,
SPDR,louvain,,graph,e,,,SIMLR,Usoskin,,0.32,0.61,0.9191594713982467,,,,,,,,,,,,,,,,,,,
SPDR,spectral,,graph,e,,,SIMLR,Usoskin,,0.55,0.64,0.9191594713982467,,,,,,,,,,,,,,,,,,,
SQuaD-MDS,kmeans,,metric,e,,,SIMLR,Usoskin,,0.41000000000000003,0.44,0.9191594713982467,,,,,,,,,,,,,,,,,,,
SQuaD-MDS,louvain,,metric,e,,,SIMLR,Usoskin,,0.22999999999999998,0.42500000000000004,0.9191594713982467,,,,,,,,,,,,,,,,,,,
SQuaD-MDS,spectral,,metric,e,,,SIMLR,Usoskin,,0.42,0.455,0.9191594713982467,,,,,,,,,,,,,,,,,,,
SSNMDI,kmeans,,linear,e,,,SIMLR,Usoskin,,0.37,0.36,0.9191594713982467,,,,,,,,,,,,,,,,,,,
SSNMDI,louvain,,linear,e,,,SIMLR,Usoskin,,0.15,0.37,0.9191594713982467,,,,,,,,,,,,,,,,,,,
SSNMDI,spectral,,linear,e,,,SIMLR,Usoskin,,0.14,0.19,0.9191594713982467,,,,,,,,,,,,,,,,,,,
TriMap,kmeans,,metric,e,,,SIMLR,Usoskin,,0.9,0.87,0.9191594713982467,,,,,,,,,,,,,,,,,,,
TriMap,louvain,,metric,e,,,SIMLR,Usoskin,,0.26,0.57,0.9191594713982467,,,,,,,,,,,,,,,,,,,
TriMap,spectral,,metric,e,,,SIMLR,Usoskin,,0.76,0.74,0.9191594713982467,,,,,,,,,,,,,,,,,,,
UMAP,kmeans,,graph,e,,,SIMLR,Usoskin,,0.55,0.61,0.9191594713982467,,,,,,,,,,,,,,,,,,,
UMAP,louvain,,graph,e,,,SIMLR,Usoskin,,0.25,0.49,0.9191594713982467,,,,,,,,,,,,,,,,,,,
UMAP,spectral,,graph,e,,,SIMLR,Usoskin,,0.52,0.58,0.9191594713982467,,,,,,,,,,,,,,,,,,,
VAE,kmeans,,deep,e,,,SIMLR,Usoskin,,0.07,0.09,0.9191594713982467,,,,,,,,,,,,,,,,,,,
VAE,louvain,,deep,e,,,SIMLR,Usoskin,,0.06,0.13,0.9191594713982467,,,,,,,,,,,,,,,,,,,
VAE,spectral,,deep,e,,,SIMLR,Usoskin,,0.07,0.11,0.9191594713982467,,,,,,,,,,,,,,,,,,,
VASC,kmeans,,deep,e,,,SIMLR,Usoskin,,0.39,0.42,0.9191594713982467,,,,,,,,,,,,,,,,,,,
VASC,louvain,,deep,e,,,SIMLR,Usoskin,,0.27,0.49,0.9191594713982467,,,,,,,,,,,,,,,,,,,
VASC,spectral,,deep,e,,,SIMLR,Usoskin,,0.52,0.55,0.9191594713982467,,,,,,,,,,,,,,,,,,,
ZIFA,kmeans,,linear,e,,,SIMLR,Usoskin,,0.4,0.46,0.9191594713982467,,,,,,,,,,,,,,,,,,,
ZIFA,louvain,,linear,e,,,SIMLR,Usoskin,,0.2,0.41,0.9191594713982467,,,,,,,,,,,,,,,,,,,
ZIFA,spectral,,linear,e,,,SIMLR,Usoskin,,0.35,0.41,0.9191594713982467,,,,,,,,,,,,,,,,,,,
pCMF,kmeans,,linear,e,,,SIMLR,Usoskin,,0.02,0.01,0.9191594713982467,,,,,,,,,,,,,,,,,,,
pCMF,louvain,,linear,e,,,SIMLR,Usoskin,,0.0,0.02,0.9191594713982467,,,,,,,,,,,,,,,,,,,
pCMF,spectral,,linear,e,,,SIMLR,Usoskin,,0.0,0.01,0.9191594713982467,,,,,,,,,,,,,,,,,,,
scGAE,kmeans,,deep,e,,,SIMLR,Usoskin,,0.13,0.15,0.9191594713982467,,,,,,,,,,,,,,,,,,,
scGAE,louvain,,deep,e,,,SIMLR,Usoskin,,0.11,0.24,0.9191594713982467,,,,,,,,,,,,,,,,,,,
scGAE,spectral,,deep,e,,,SIMLR,Usoskin,,0.25,0.3,0.9191594713982467,,,,,,,,,,,,,,,,,,,
scGBM,kmeans,,linear,e,,,SIMLR,Usoskin,,0.67,0.69,0.9191594713982467,,,,,,,,,,,,,,,,,,,
scGBM,louvain,,linear,e,,,SIMLR,Usoskin,,0.36,0.6,0.9191594713982467,,,,,,,,,,,,,,,,,,,
scGBM,spectral,,linear,e,,,SIMLR,Usoskin,,0.49,0.61,0.9191594713982467,,,,,,,,,,,,,,,,,,,
scScope,kmeans,,deep,e,,,SIMLR,Usoskin,,0.05,0.08,0.9191594713982467,,,,,,,,,,,,,,,,,,,
scScope,louvain,,deep,e,,,SIMLR,Usoskin,,0.03,0.08,0.9191594713982467,,,,,,,,,,,,,,,,,,,
scScope,spectral,,deep,e,,,SIMLR,Usoskin,,0.06,0.08,0.9191594713982467,,,,,,,,,,,,,,,,,,,
scvis,kmeans,,deep,e,,,SIMLR,Usoskin,,0.39,0.52,0.9191594713982467,,,,,,,,,,,,,,,,,,,
scvis,louvain,,deep,e,,,SIMLR,Usoskin,,0.19,0.46,0.9191594713982467,,,,,,,,,,,,,,,,,,,
scvis,spectral,,deep,e,,,SIMLR,Usoskin,,0.51,0.58,0.9191594713982467,,,,,,,,,,,,,,,,,,,
t-SNE,kmeans,,metric,e,,,SIMLR,Usoskin,,0.63,0.67,0.9191594713982467,,,,,,,,,,,,,,,,,,,
t-SNE,louvain,,metric,e,,,SIMLR,Usoskin,,0.31,0.55,0.9191594713982467,,,,,,,,,,,,,,,,,,,
t-SNE,spectral,,metric,e,,,SIMLR,Usoskin,,0.65,0.68,0.9191594713982467,,,,,,,,,,,,,,,,,,,
tGPLVM,kmeans,,linear,e,,,SIMLR,Usoskin,,0.36,0.42,0.9191594713982467,,,,,,,,,,,,,,,,,,,
tGPLVM,louvain,,linear,e,,,SIMLR,Usoskin,,0.16,0.32,0.9191594713982467,,,,,,,,,,,,,,,,,,,
tGPLVM,spectral,,linear,e,,,SIMLR,Usoskin,,0.3,0.38,0.9191594713982467,,,,,,,,,,,,,,,,,,,
DRA,kmeans,,deep,e,,,TI,DA1_horns,,0.0,0.02,0.9191594713982467,,,,,,,,,,,,,,,,,,,
DRA,louvain,,deep,e,,,TI,DA1_horns,,0.01,0.09,0.9191594713982467,,,,,,,,,,,,,,,,,,,
DRA,spectral,,deep,e,,,TI,DA1_horns,,-0.0,0.02,0.9191594713982467,,,,,,,,,,,,,,,,,,,
DREAM,kmeans,,deep,e,,,TI,DA1_horns,,0.72,0.83,0.9191594713982467,,,,,,,,,,,,,,,,,,,
DREAM,louvain,,deep,e,,,TI,DA1_horns,,0.49,0.72,0.9191594713982467,,,,,,,,,,,,,,,,,,,
DREAM,spectral,,deep,e,,,TI,DA1_horns,,0.88,0.88,0.9191594713982467,,,,,,,,,,,,,,,,,,,
EDGE,kmeans,,graph,e,,,TI,DA1_horns,,0.79,0.83,0.9191594713982467,,,,,,,,,,,,,,,,,,,
EDGE,louvain,,graph,e,,,TI,DA1_horns,,0.62,0.73,0.9191594713982467,,,,,,,,,,,,,,,,,,,
EDGE,spectral,,graph,e,,,TI,DA1_horns,,0.79,0.83,0.9191594713982467,,,,,,,,,,,,,,,,,,,
GLMPCA,kmeans,,linear,e,,,TI,DA1_horns,,0.82,0.84,0.9191594713982467,,,,,,,,,,,,,,,,,,,
GLMPCA,louvain,,linear,e,,,TI,DA1_horns,,0.49,0.71,0.9191594713982467,,,,,,,,,,,,,,,,,,,
GLMPCA,spectral,,linear,e,,,TI,DA1_horns,,0.82,0.84,0.9191594713982467,,,,,,,,,,,,,,,,,,,
IVIS,kmeans,,metric,e,,,TI,DA1_horns,,0.65,0.72,0.9191594713982467,,,,,,,,,,,,,,,,,,,
IVIS,louvain,,metric,e,,,TI,DA1_horns,,0.56,0.67,0.9191594713982467,,,,,,,,,,,,,,,,,,,
IVIS,spectral,,metric,e,,,TI,DA1_horns,,0.66,0.74,0.9191594713982467,,,,,,,,,,,,,,,,,,,
PCA,kmeans,,linear,e,,,TI,DA1_horns,,0.91,0.92,0.9191594713982467,,,,,,,,,,,,,,,,,,,
PCA,louvain,,linear,e,,,TI,DA1_horns,,0.68,0.82,0.9191594713982467,,,,,,,,,,,,,,,,,,,
PCA,spectral,,linear,e,,,TI,DA1_horns,,0.63,0.78,0.9191594713982467,,,,,,,,,,,,,,,,,,,
PHATE,kmeans,,graph,e,,,TI,DA1_horns,,0.69,0.81,0.9191594713982467,,,,,,,,,,,,,,,,,,,
PHATE,louvain,,graph,e,,,TI,DA1_horns,,0.65,0.76,0.9191594713982467,,,,,,,,,,,,,,,,,,,
PHATE,spectral,,graph,e,,,TI,DA1_horns,,0.8,0.84,0.9191594713982467,,,,,,,,,,,,,,,,,,,
PaCMAP,kmeans,,metric,e,,,TI,DA1_horns,,0.46,0.54,0.9191594713982467,,,,,,,,,,,,,,,,,,,
PaCMAP,louvain,,metric,e,,,TI,DA1_horns,,0.26,0.48,0.9191594713982467,,,,,,,,,,,,,,,,,,,
PaCMAP,spectral,,metric,e,,,TI,DA1_horns,,0.46,0.54,0.9191594713982467,,,,,,,,,,,,,,,,,,,
SAUCIE,kmeans,,deep,e,,,TI,DA1_horns,,0.1,0.19,0.9191594713982467,,,,,,,,,,,,,,,,,,,
SAUCIE,louvain,,deep,e,,,TI,DA1_horns,,0.12,0.26,0.9191594713982467,,,,,,,,,,,,,,,,,,,
SAUCIE,spectral,,deep,e,,,TI,DA1_horns,,0.12,0.19,0.9191594713982467,,,,,,,,,,,,,,,,,,,
SCDRHA,kmeans,,deep,e,,,TI,DA1_horns,,0.3,0.59,0.9191594713982467,,,,,,,,,,,,,,,,,,,
SCDRHA,louvain,,deep,e,,,TI,DA1_horns,,0.29,0.5,0.9191594713982467,,,,,,,,,,,,,,,,,,,
SCDRHA,spectral,,deep,e,,,TI,DA1_horns,,0.09,0.23,0.9191594713982467,,,,,,,,,,,,,,,,,,,
SIMLR,kmeans,,graph,e,,,TI,DA1_horns,,0.96,0.96,0.9191594713982467,,,,,,,,,,,,,,,,,,,
SIMLR,louvain,,graph,e,,,TI,DA1_horns,,0.85,0.91,0.9191594713982467,,,,,,,,,,,,,,,,,,,
SIMLR,spectral,,graph,e,,,TI,DA1_horns,,0.52,0.7,0.9191594713982467,,,,,,,,,,,,,,,,,,,
SPDR,kmeans,,graph,e,,,TI,DA1_horns,,0.9,0.91,0.9191594713982467,,,,,,,,,,,,,,,,,,,
SPDR,louvain,,graph,e,,,TI,DA1_horns,,0.6,0.76,0.9191594713982467,,,,,,,,,,,,,,,,,,,
SPDR,spectral,,graph,e,,,TI,DA1_horns,,0.9,0.91,0.9191594713982467,,,,,,,,,,,,,,,,,,,
SQuaD-MDS,kmeans,,metric,e,,,TI,DA1_horns,,0.6799999999999999,0.735,0.9191594713982467,,,,,,,,,,,,,,,,,,,
SQuaD-MDS,louvain,,metric,e,,,TI,DA1_horns,,0.51,0.675,0.9191594713982467,,,,,,,,,,,,,,,,,,,
SQuaD-MDS,spectral,,metric,e,,,TI,DA1_horns,,0.6799999999999999,0.75,0.9191594713982467,,,,,,,,,,,,,,,,,,,
SSNMDI,kmeans,,linear,e,,,TI,DA1_horns,,0.31,0.46,0.9191594713982467,,,,,,,,,,,,,,,,,,,
SSNMDI,louvain,,linear,e,,,TI,DA1_horns,,0.21,0.43,0.9191594713982467,,,,,,,,,,,,,,,,,,,
SSNMDI,spectral,,linear,e,,,TI,DA1_horns,,0.15,0.28,0.9191594713982467,,,,,,,,,,,,,,,,,,,
TriMap,kmeans,,metric,e,,,TI,DA1_horns,,0.93,0.93,0.9191594713982467,,,,,,,,,,,,,,,,,,,
TriMap,louvain,,metric,e,,,TI,DA1_horns,,0.76,0.85,0.9191594713982467,,,,,,,,,,,,,,,,,,,
TriMap,spectral,,metric,e,,,TI,DA1_horns,,0.93,0.93,0.9191594713982467,,,,,,,,,,,,,,,,,,,
UMAP,kmeans,,graph,e,,,TI,DA1_horns,,0.88,0.89,0.9191594713982467,,,,,,,,,,,,,,,,,,,
UMAP,louvain,,graph,e,,,TI,DA1_horns,,0.67,0.8,0.9191594713982467,,,,,,,,,,,,,,,,,,,
UMAP,spectral,,graph,e,,,TI,DA1_horns,,0.85,0.89,0.9191594713982467,,,,,,,,,,,,,,,,,,,
VAE,kmeans,,deep,e,,,TI,DA1_horns,,0.05,0.09,0.9191594713982467,,,,,,,,,,,,,,,,,,,
VAE,louvain,,deep,e,,,TI,DA1_horns,,0.06,0.17,0.9191594713982467,,,,,,,,,,,,,,,,,,,
VAE,spectral,,deep,e,,,TI,DA1_horns,,0.1,0.16,0.9191594713982467,,,,,,,,,,,,,,,,,,,
VASC,kmeans,,deep,e,,,TI,DA1_horns,,0.85,0.89,0.9191594713982467,,,,,,,,,,,,,,,,,,,
VASC,louvain,,deep,e,,,TI,DA1_horns,,0.49,0.73,0.9191594713982467,,,,,,,,,,,,,,,,,,,
VASC,spectral,,deep,e,,,TI,DA1_horns,,0.88,0.9,0.9191594713982467,,,,,,,,,,,,,,,,,,,
ZIFA,kmeans,,linear,e,,,TI,DA1_horns,,0.88,0.89,0.9191594713982467,,,,,,,,,,,,,,,,,,,
ZIFA,louvain,,linear,e,,,TI,DA1_horns,,0.48,0.7,0.9191594713982467,,,,,,,,,,,,,,,,,,,
ZIFA,spectral,,linear,e,,,TI,DA1_horns,,0.83,0.87,0.9191594713982467,,,,,,,,,,,,,,,,,,,
pCMF,kmeans,,linear,e,,,TI,DA1_horns,,0.0,0.02,0.9191594713982467,,,,,,,,,,,,,,,,,,,
pCMF,louvain,,linear,e,,,TI,DA1_horns,,0.04,0.1,0.9191594713982467,,,,,,,,,,,,,,,,,,,
pCMF,spectral,,linear,e,,,TI,DA1_horns,,0.03,0.09,0.9191594713982467,,,,,,,,,,,,,,,,,,,
scGAE,kmeans,,deep,e,,,TI,DA1_horns,,0.93,0.93,0.9191594713982467,,,,,,,,,,,,,,,,,,,
scGAE,louvain,,deep,e,,,TI,DA1_horns,,0.76,0.85,0.9191594713982467,,,,,,,,,,,,,,,,,,,
scGAE,spectral,,deep,e,,,TI,DA1_horns,,0.93,0.93,0.9191594713982467,,,,,,,,,,,,,,,,,,,
scGBM,kmeans,,linear,e,,,TI,DA1_horns,,0.82,0.84,0.9191594713982467,,,,,,,,,,,,,,,,,,,
scGBM,louvain,,linear,e,,,TI,DA1_horns,,0.52,0.72,0.9191594713982467,,,,,,,,,,,,,,,,,,,
scGBM,spectral,,linear,e,,,TI,DA1_horns,,0.84,0.86,0.9191594713982467,,,,,,,,,,,,,,,,,,,
scScope,kmeans,,deep,e,,,TI,DA1_horns,,0.03,0.07,0.9191594713982467,,,,,,,,,,,,,,,,,,,
scScope,louvain,,deep,e,,,TI,DA1_horns,,0.03,0.07,0.9191594713982467,,,,,,,,,,,,,,,,,,,
scScope,spectral,,deep,e,,,TI,DA1_horns,,0.03,0.06,0.9191594713982467,,,,,,,,,,,,,,,,,,,
scvis,kmeans,,deep,e,,,TI,DA1_horns,,0.76,0.85,0.9191594713982467,,,,,,,,,,,,,,,,,,,
scvis,louvain,,deep,e,,,TI,DA1_horns,,0.42,0.7,0.9191594713982467,,,,,,,,,,,,,,,,,,,
scvis,spectral,,deep,e,,,TI,DA1_horns,,0.87,0.89,0.9191594713982467,,,,,,,,,,,,,,,,,,,
t-SNE,kmeans,,metric,e,,,TI,DA1_horns,,0.79,0.84,0.9191594713982467,,,,,,,,,,,,,,,,,,,
t-SNE,louvain,,metric,e,,,TI,DA1_horns,,0.73,0.8,0.9191594713982467,,,,,,,,,,,,,,,,,,,
t-SNE,spectral,,metric,e,,,TI,DA1_horns,,0.8,0.84,0.9191594713982467,,,,,,,,,,,,,,,,,,,
tGPLVM,kmeans,,linear,e,,,TI,DA1_horns,,0.57,0.68,0.9191594713982467,,,,,,,,,,,,,,,,,,,
tGPLVM,louvain,,linear,e,,,TI,DA1_horns,,0.39,0.58,0.9191594713982467,,,,,,,,,,,,,,,,,,,
tGPLVM,spectral,,linear,e,,,TI,DA1_horns,,0.57,0.68,0.9191594713982467,,,,,,,,,,,,,,,,,,,
DRA,kmeans,,deep,e,,,TI,DC3_VA1d_horns,,0.01,0.12,0.9191594713982467,,,,,,,,,,,,,,,,,,,
DRA,louvain,,deep,e,,,TI,DC3_VA1d_horns,,0.0,0.09,0.9191594713982467,,,,,,,,,,,,,,,,,,,
DRA,spectral,,deep,e,,,TI,DC3_VA1d_horns,,0.01,0.12,0.9191594713982467,,,,,,,,,,,,,,,,,,,
DREAM,kmeans,,deep,e,,,TI,DC3_VA1d_horns,,0.5,0.64,0.9191594713982467,,,,,,,,,,,,,,,,,,,
DREAM,louvain,,deep,e,,,TI,DC3_VA1d_horns,,0.6,0.68,0.9191594713982467,,,,,,,,,,,,,,,,,,,
DREAM,spectral,,deep,e,,,TI,DC3_VA1d_horns,,0.43,0.62,0.9191594713982467,,,,,,,,,,,,,,,,,,,
EDGE,kmeans,,graph,e,,,TI,DC3_VA1d_horns,,0.44,0.66,0.9191594713982467,,,,,,,,,,,,,,,,,,,
EDGE,louvain,,graph,e,,,TI,DC3_VA1d_horns,,0.58,0.72,0.9191594713982467,,,,,,,,,,,,,,,,,,,
EDGE,spectral,,graph,e,,,TI,DC3_VA1d_horns,,0.45,0.67,0.9191594713982467,,,,,,,,,,,,,,,,,,,
GLMPCA,kmeans,,linear,e,,,TI,DC3_VA1d_horns,,0.62,0.73,0.9191594713982467,,,,,,,,,,,,,,,,,,,
GLMPCA,louvain,,linear,e,,,TI,DC3_VA1d_horns,,0.69,0.77,0.9191594713982467,,,,,,,,,,,,,,,,,,,
GLMPCA,spectral,,linear,e,,,TI,DC3_VA1d_horns,,0.54,0.72,0.9191594713982467,,,,,,,,,,,,,,,,,,,
IVIS,kmeans,,metric,e,,,TI,DC3_VA1d_horns,,0.23,0.46,0.9191594713982467,,,,,,,,,,,,,,,,,,,
IVIS,louvain,,metric,e,,,TI,DC3_VA1d_horns,,0.35,0.47,0.9191594713982467,,,,,,,,,,,,,,,,,,,
IVIS,spectral,,metric,e,,,TI,DC3_VA1d_horns,,0.27,0.46,0.9191594713982467,,,,,,,,,,,,,,,,,,,
PCA,kmeans,,linear,e,,,TI,DC3_VA1d_horns,,0.54,0.71,0.9191594713982467,,,,,,,,,,,,,,,,,,,
PCA,louvain,,linear,e,,,TI,DC3_VA1d_horns,,0.63,0.76,0.9191594713982467,,,,,,,,,,,,,,,,,,,
PCA,spectral,,linear,e,,,TI,DC3_VA1d_horns,,0.47,0.7,0.9191594713982467,,,,,,,,,,,,,,,,,,,
PHATE,kmeans,,graph,e,,,TI,DC3_VA1d_horns,,0.45,0.64,0.9191594713982467,,,,,,,,,,,,,,,,,,,
PHATE,louvain,,graph,e,,,TI,DC3_VA1d_horns,,0.44,0.65,0.9191594713982467,,,,,,,,,,,,,,,,,,,
PHATE,spectral,,graph,e,,,TI,DC3_VA1d_horns,,0.44,0.64,0.9191594713982467,,,,,,,,,,,,,,,,,,,
PaCMAP,kmeans,,metric,e,,,TI,DC3_VA1d_horns,,0.28,0.5,0.9191594713982467,,,,,,,,,,,,,,,,,,,
PaCMAP,louvain,,metric,e,,,TI,DC3_VA1d_horns,,0.36,0.53,0.9191594713982467,,,,,,,,,,,,,,,,,,,
PaCMAP,spectral,,metric,e,,,TI,DC3_VA1d_horns,,0.31,0.49,0.9191594713982467,,,,,,,,,,,,,,,,,,,
SAUCIE,kmeans,,deep,e,,,TI,DC3_VA1d_horns,,0.22,0.46,0.9191594713982467,,,,,,,,,,,,,,,,,,,
SAUCIE,louvain,,deep,e,,,TI,DC3_VA1d_horns,,0.25,0.44,0.9191594713982467,,,,,,,,,,,,,,,,,,,
SAUCIE,spectral,,deep,e,,,TI,DC3_VA1d_horns,,0.2,0.41,0.9191594713982467,,,,,,,,,,,,,,,,,,,
SCDRHA,kmeans,,deep,e,,,TI,DC3_VA1d_horns,,0.52,0.64,0.9191594713982467,,,,,,,,,,,,,,,,,,,
SCDRHA,louvain,,deep,e,,,TI,DC3_VA1d_horns,,0.47,0.61,0.9191594713982467,,,,,,,,,,,,,,,,,,,
SCDRHA,spectral,,deep,e,,,TI,DC3_VA1d_horns,,0.35,0.58,0.9191594713982467,,,,,,,,,,,,,,,,,,,
SIMLR,kmeans,,graph,e,,,TI,DC3_VA1d_horns,,0.72,0.76,0.9191594713982467,,,,,,,,,,,,,,,,,,,
SIMLR,louvain,,graph,e,,,TI,DC3_VA1d_horns,,0.67,0.75,0.9191594713982467,,,,,,,,,,,,,,,,,,,
SIMLR,spectral,,graph,e,,,TI,DC3_VA1d_horns,,0.6,0.71,0.9191594713982467,,,,,,,,,,,,,,,,,,,
SPDR,kmeans,,graph,e,,,TI,DC3_VA1d_horns,,0.52,0.69,0.9191594713982467,,,,,,,,,,,,,,,,,,,
SPDR,louvain,,graph,e,,,TI,DC3_VA1d_horns,,0.58,0.71,0.9191594713982467,,,,,,,,,,,,,,,,,,,
SPDR,spectral,,graph,e,,,TI,DC3_VA1d_horns,,0.53,0.7,0.9191594713982467,,,,,,,,,,,,,,,,,,,
SQuaD-MDS,kmeans,,metric,e,,,TI,DC3_VA1d_horns,,0.49,0.675,0.9191594713982467,,,,,,,,,,,,,,,,,,,
SQuaD-MDS,louvain,,metric,e,,,TI,DC3_VA1d_horns,,0.575,0.7,0.9191594713982467,,,,,,,,,,,,,,,,,,,
SQuaD-MDS,spectral,,metric,e,,,TI,DC3_VA1d_horns,,0.46499999999999997,0.655,0.9191594713982467,,,,,,,,,,,,,,,,,,,
SSNMDI,kmeans,,linear,e,,,TI,DC3_VA1d_horns,,0.24,0.47,0.9191594713982467,,,,,,,,,,,,,,,,,,,
SSNMDI,louvain,,linear,e,,,TI,DC3_VA1d_horns,,0.32,0.46,0.9191594713982467,,,,,,,,,,,,,,,,,,,
SSNMDI,spectral,,linear,e,,,TI,DC3_VA1d_horns,,0.24,0.46,0.9191594713982467,,,,,,,,,,,,,,,,,,,
TriMap,kmeans,,metric,e,,,TI,DC3_VA1d_horns,,0.68,0.78,0.9191594713982467,,,,,,,,,,,,,,,,,,,
TriMap,louvain,,metric,e,,,TI,DC3_VA1d_horns,,0.61,0.78,0.9191594713982467,,,,,,,,,,,,,,,,,,,
TriMap,spectral,,metric,e,,,TI,DC3_VA1d_horns,,0.51,0.73,0.9191594713982467,,,,,,,,,,,,,,,,,,,
UMAP,kmeans,,graph,e,,,TI,DC3_VA1d_horns,,0.78,0.84,0.9191594713982467,,,,,,,,,,,,,,,,,,,
UMAP,louvain,,graph,e,,,TI,DC3_VA1d_horns,,0.73,0.84,0.9191594713982467,,,,,,,,,,,,,,,,,,,
UMAP,spectral,,graph,e,,,TI,DC3_VA1d_horns,,0.62,0.79,0.9191594713982467,,,,,,,,,,,,,,,,,,,
VAE,kmeans,,deep,e,,,TI,DC3_VA1d_horns,,0.2,0.27,0.9191594713982467,,,,,,,,,,,,,,,,,,,
VAE,louvain,,deep,e,,,TI,DC3_VA1d_horns,,0.13,0.25,0.9191594713982467,,,,,,,,,,,,,,,,,,,
VAE,spectral,,deep,e,,,TI,DC3_VA1d_horns,,0.13,0.3,0.9191594713982467,,,,,,,,,,,,,,,,,,,
VASC,kmeans,,deep,e,,,TI,DC3_VA1d_horns,,0.6,0.73,0.9191594713982467,,,,,,,,,,,,,,,,,,,
VASC,louvain,,deep,e,,,TI,DC3_VA1d_horns,,0.51,0.73,0.9191594713982467,,,,,,,,,,,,,,,,,,,
VASC,spectral,,deep,e,,,TI,DC3_VA1d_horns,,0.51,0.73,0.9191594713982467,,,,,,,,,,,,,,,,,,,
ZIFA,kmeans,,linear,e,,,TI,DC3_VA1d_horns,,0.5,0.69,0.9191594713982467,,,,,,,,,,,,,,,,,,,
ZIFA,louvain,,linear,e,,,TI,DC3_VA1d_horns,,0.48,0.7,0.9191594713982467,,,,,,,,,,,,,,,,,,,
ZIFA,spectral,,linear,e,,,TI,DC3_VA1d_horns,,0.35,0.61,0.9191594713982467,,,,,,,,,,,,,,,,,,,
pCMF,kmeans,,linear,e,,,TI,DC3_VA1d_horns,,0.02,0.19,0.9191594713982467,,,,,,,,,,,,,,,,,,,
pCMF,louvain,,linear,e,,,TI,DC3_VA1d_horns,,0.03,0.14,0.9191594713982467,,,,,,,,,,,,,,,,,,,
pCMF,spectral,,linear,e,,,TI,DC3_VA1d_horns,,0.04,0.21,0.9191594713982467,,,,,,,,,,,,,,,,,,,
scGAE,kmeans,,deep,e,,,TI,DC3_VA1d_horns,,0.57,0.75,0.9191594713982467,,,,,,,,,,,,,,,,,,,
scGAE,louvain,,deep,e,,,TI,DC3_VA1d_horns,,0.52,0.73,0.9191594713982467,,,,,,,,,,,,,,,,,,,
scGAE,spectral,,deep,e,,,TI,DC3_VA1d_horns,,0.44,0.66,0.9191594713982467,,,,,,,,,,,,,,,,,,,
scGBM,kmeans,,linear,e,,,TI,DC3_VA1d_horns,,0.51,0.72,0.9191594713982467,,,,,,,,,,,,,,,,,,,
scGBM,louvain,,linear,e,,,TI,DC3_VA1d_horns,,0.69,0.75,0.9191594713982467,,,,,,,,,,,,,,,,,,,
scGBM,spectral,,linear,e,,,TI,DC3_VA1d_horns,,0.52,0.72,0.9191594713982467,,,,,,,,,,,,,,,,,,,
scScope,kmeans,,deep,e,,,TI,DC3_VA1d_horns,,0.01,0.11,0.9191594713982467,,,,,,,,,,,,,,,,,,,
scScope,louvain,,deep,e,,,TI,DC3_VA1d_horns,,0.01,0.13,0.9191594713982467,,,,,,,,,,,,,,,,,,,
scScope,spectral,,deep,e,,,TI,DC3_VA1d_horns,,0.02,0.15,0.9191594713982467,,,,,,,,,,,,,,,,,,,
scvis,kmeans,,deep,e,,,TI,DC3_VA1d_horns,,0.73,0.83,0.9191594713982467,,,,,,,,,,,,,,,,,,,
scvis,louvain,,deep,e,,,TI,DC3_VA1d_horns,,0.69,0.8,0.9191594713982467,,,,,,,,,,,,,,,,,,,
scvis,spectral,,deep,e,,,TI,DC3_VA1d_horns,,0.68,0.83,0.9191594713982467,,,,,,,,,,,,,,,,,,,
t-SNE,kmeans,,metric,e,,,TI,DC3_VA1d_horns,,0.48,0.67,0.9191594713982467,,,,,,,,,,,,,,,,,,,
t-SNE,louvain,,metric,e,,,TI,DC3_VA1d_horns,,0.58,0.68,0.9191594713982467,,,,,,,,,,,,,,,,,,,
t-SNE,spectral,,metric,e,,,TI,DC3_VA1d_horns,,0.46,0.66,0.9191594713982467,,,,,,,,,,,,,,,,,,,
tGPLVM,kmeans,,linear,e,,,TI,DC3_VA1d_horns,,0.56,0.67,0.9191594713982467,,,,,,,,,,,,,,,,,,,
tGPLVM,louvain,,linear,e,,,TI,DC3_VA1d_horns,,0.43,0.65,0.9191594713982467,,,,,,,,,,,,,,,,,,,
tGPLVM,spectral,,linear,e,,,TI,DC3_VA1d_horns,,0.4,0.64,0.9191594713982467,,,,,,,,,,,,,,,,,,,
DRA,kmeans,,deep,e,,,TI,ICM,,0.01,0.07,0.9191594713982467,,,,,,,,,,,,,,,,,,,
DRA,louvain,,deep,e,,,TI,ICM,,-0.0,0.06,0.9191594713982467,,,,,,,,,,,,,,,,,,,
DRA,spectral,,deep,e,,,TI,ICM,,-0.0,0.05,0.9191594713982467,,,,,,,,,,,,,,,,,,,
DREAM,kmeans,,deep,e,,,TI,ICM,,0.75,0.85,0.9191594713982467,,,,,,,,,,,,,,,,,,,
DREAM,louvain,,deep,e,,,TI,ICM,,0.82,0.88,0.9191594713982467,,,,,,,,,,,,,,,,,,,
DREAM,spectral,,deep,e,,,TI,ICM,,0.81,0.87,0.9191594713982467,,,,,,,,,,,,,,,,,,,
EDGE,kmeans,,graph,e,,,TI,ICM,,0.78,0.86,0.9191594713982467,,,,,,,,,,,,,,,,,,,
EDGE,louvain,,graph,e,,,TI,ICM,,0.77,0.86,0.9191594713982467,,,,,,,,,,,,,,,,,,,
EDGE,spectral,,graph,e,,,TI,ICM,,0.51,0.74,0.9191594713982467,,,,,,,,,,,,,,,,,,,
GLMPCA,kmeans,,linear,e,,,TI,ICM,,0.65,0.78,0.9191594713982467,,,,,,,,,,,,,,,,,,,
GLMPCA,louvain,,linear,e,,,TI,ICM,,0.54,0.71,0.9191594713982467,,,,,,,,,,,,,,,,,,,
GLMPCA,spectral,,linear,e,,,TI,ICM,,0.54,0.7,0.9191594713982467,,,,,,,,,,,,,,,,,,,
IVIS,kmeans,,metric,e,,,TI,ICM,,0.76,0.84,0.9191594713982467,,,,,,,,,,,,,,,,,,,
IVIS,louvain,,metric,e,,,TI,ICM,,0.78,0.82,0.9191594713982467,,,,,,,,,,,,,,,,,,,
IVIS,spectral,,metric,e,,,TI,ICM,,0.63,0.77,0.9191594713982467,,,,,,,,,,,,,,,,,,,
PCA,kmeans,,linear,e,,,TI,ICM,,0.73,0.81,0.9191594713982467,,,,,,,,,,,,,,,,,,,
PCA,louvain,,linear,e,,,TI,ICM,,0.56,0.72,0.9191594713982467,,,,,,,,,,,,,,,,,,,
PCA,spectral,,linear,e,,,TI,ICM,,0.54,0.73,0.9191594713982467,,,,,,,,,,,,,,,,,,,
PHATE,kmeans,,graph,e,,,TI,ICM,,0.66,0.83,0.9191594713982467,,,,,,,,,,,,,,,,,,,
PHATE,louvain,,graph,e,,,TI,ICM,,0.62,0.8,0.9191594713982467,,,,,,,,,,,,,,,,,,,
PHATE,spectral,,graph,e,,,TI,ICM,,0.67,0.82,0.9191594713982467,,,,,,,,,,,,,,,,,,,
PaCMAP,kmeans,,metric,e,,,TI,ICM,,0.38,0.58,0.9191594713982467,,,,,,,,,,,,,,,,,,,
PaCMAP,louvain,,metric,e,,,TI,ICM,,0.37,0.58,0.9191594713982467,,,,,,,,,,,,,,,,,,,
PaCMAP,spectral,,metric,e,,,TI,ICM,,0.32,0.54,0.9191594713982467,,,,,,,,,,,,,,,,,,,
SAUCIE,kmeans,,deep,e,,,TI,ICM,,0.33,0.51,0.9191594713982467,,,,,,,,,,,,,,,,,,,
SAUCIE,louvain,,deep,e,,,TI,ICM,,0.36,0.54,0.9191594713982467,,,,,,,,,,,,,,,,,,,
SAUCIE,spectral,,deep,e,,,TI,ICM,,0.35,0.54,0.9191594713982467,,,,,,,,,,,,,,,,,,,
SCDRHA,kmeans,,deep,e,,,TI,ICM,,0.57,0.77,0.9191594713982467,,,,,,,,,,,,,,,,,,,
SCDRHA,louvain,,deep,e,,,TI,ICM,,0.54,0.73,0.9191594713982467,,,,,,,,,,,,,,,,,,,
SCDRHA,spectral,,deep,e,,,TI,ICM,,0.46,0.67,0.9191594713982467,,,,,,,,,,,,,,,,,,,
SIMLR,kmeans,,graph,e,,,TI,ICM,,0.78,0.88,0.9191594713982467,,,,,,,,,,,,,,,,,,,
SIMLR,louvain,,graph,e,,,TI,ICM,,0.62,0.82,0.9191594713982467,,,,,,,,,,,,,,,,,,,
SIMLR,spectral,,graph,e,,,TI,ICM,,0.55,0.8,0.9191594713982467,,,,,,,,,,,,,,,,,,,
SPDR,kmeans,,graph,e,,,TI,ICM,,0.81,0.89,0.9191594713982467,,,,,,,,,,,,,,,,,,,
SPDR,louvain,,graph,e,,,TI,ICM,,0.76,0.87,0.9191594713982467,,,,,,,,,,,,,,,,,,,
SPDR,spectral,,graph,e,,,TI,ICM,,0.72,0.86,0.9191594713982467,,,,,,,,,,,,,,,,,,,
SQuaD-MDS,kmeans,,metric,e,,,TI,ICM,,0.65,0.7849999999999999,0.9191594713982467,,,,,,,,,,,,,,,,,,,
SQuaD-MDS,louvain,,metric,e,,,TI,ICM,,0.615,0.78,0.9191594713982467,,,,,,,,,,,,,,,,,,,
SQuaD-MDS,spectral,,metric,e,,,TI,ICM,,0.59,0.75,0.9191594713982467,,,,,,,,,,,,,,,,,,,
SSNMDI,kmeans,,linear,e,,,TI,ICM,,0.26,0.47,0.9191594713982467,,,,,,,,,,,,,,,,,,,
SSNMDI,louvain,,linear,e,,,TI,ICM,,0.26,0.46,0.9191594713982467,,,,,,,,,,,,,,,,,,,
SSNMDI,spectral,,linear,e,,,TI,ICM,,0.16,0.39,0.9191594713982467,,,,,,,,,,,,,,,,,,,
TriMap,kmeans,,metric,e,,,TI,ICM,,0.82,0.88,0.9191594713982467,,,,,,,,,,,,,,,,,,,
TriMap,louvain,,metric,e,,,TI,ICM,,0.65,0.82,0.9191594713982467,,,,,,,,,,,,,,,,,,,
TriMap,spectral,,metric,e,,,TI,ICM,,0.76,0.86,0.9191594713982467,,,,,,,,,,,,,,,,,,,
UMAP,kmeans,,graph,e,,,TI,ICM,,0.9,0.91,0.9191594713982467,,,,,,,,,,,,,,,,,,,
UMAP,louvain,,graph,e,,,TI,ICM,,0.63,0.81,0.9191594713982467,,,,,,,,,,,,,,,,,,,
UMAP,spectral,,graph,e,,,TI,ICM,,0.61,0.79,0.9191594713982467,,,,,,,,,,,,,,,,,,,
VAE,kmeans,,deep,e,,,TI,ICM,,0.41,0.57,0.9191594713982467,,,,,,,,,,,,,,,,,,,
VAE,louvain,,deep,e,,,TI,ICM,,0.36,0.56,0.9191594713982467,,,,,,,,,,,,,,,,,,,
VAE,spectral,,deep,e,,,TI,ICM,,0.33,0.51,0.9191594713982467,,,,,,,,,,,,,,,,,,,
VASC,kmeans,,deep,e,,,TI,ICM,,0.75,0.83,0.9191594713982467,,,,,,,,,,,,,,,,,,,
VASC,louvain,,deep,e,,,TI,ICM,,0.58,0.78,0.9191594713982467,,,,,,,,,,,,,,,,,,,
VASC,spectral,,deep,e,,,TI,ICM,,0.68,0.81,0.9191594713982467,,,,,,,,,,,,,,,,,,,
ZIFA,kmeans,,linear,e,,,TI,ICM,,0.66,0.8,0.9191594713982467,,,,,,,,,,,,,,,,,,,
ZIFA,louvain,,linear,e,,,TI,ICM,,0.64,0.74,0.9191594713982467,,,,,,,,,,,,,,,,,,,
ZIFA,spectral,,linear,e,,,TI,ICM,,0.6,0.74,0.9191594713982467,,,,,,,,,,,,,,,,,,,
pCMF,kmeans,,linear,e,,,TI,ICM,,0.31,0.49,0.9191594713982467,,,,,,,,,,,,,,,,,,,
pCMF,louvain,,linear,e,,,TI,ICM,,0.31,0.5,0.9191594713982467,,,,,,,,,,,,,,,,,,,
pCMF,spectral,,linear,e,,,TI,ICM,,0.26,0.49,0.9191594713982467,,,,,,,,,,,,,,,,,,,
scGAE,kmeans,,deep,e,,,TI,ICM,,0.71,0.83,0.9191594713982467,,,,,,,,,,,,,,,,,,,
scGAE,louvain,,deep,e,,,TI,ICM,,0.67,0.81,0.9191594713982467,,,,,,,,,,,,,,,,,,,
scGAE,spectral,,deep,e,,,TI,ICM,,0.7,0.83,0.9191594713982467,,,,,,,,,,,,,,,,,,,
scGBM,kmeans,,linear,e,,,TI,ICM,,0.63,0.8,0.9191594713982467,,,,,,,,,,,,,,,,,,,
scGBM,louvain,,linear,e,,,TI,ICM,,0.53,0.72,0.9191594713982467,,,,,,,,,,,,,,,,,,,
scGBM,spectral,,linear,e,,,TI,ICM,,0.53,0.72,0.9191594713982467,,,,,,,,,,,,,,,,,,,
scScope,kmeans,,deep,e,,,TI,ICM,,0.04,0.12,0.9191594713982467,,,,,,,,,,,,,,,,,,,
scScope,louvain,,deep,e,,,TI,ICM,,0.04,0.15,0.9191594713982467,,,,,,,,,,,,,,,,,,,
scScope,spectral,,deep,e,,,TI,ICM,,0.05,0.15,0.9191594713982467,,,,,,,,,,,,,,,,,,,
scvis,kmeans,,deep,e,,,TI,ICM,,0.93,0.93,0.9191594713982467,,,,,,,,,,,,,,,,,,,
scvis,louvain,,deep,e,,,TI,ICM,,0.82,0.86,0.9191594713982467,,,,,,,,,,,,,,,,,,,
scvis,spectral,,deep,e,,,TI,ICM,,0.77,0.86,0.9191594713982467,,,,,,,,,,,,,,,,,,,
t-SNE,kmeans,,metric,e,,,TI,ICM,,0.85,0.9,0.9191594713982467,,,,,,,,,,,,,,,,,,,
t-SNE,louvain,,metric,e,,,TI,ICM,,0.65,0.82,0.9191594713982467,,,,,,,,,,,,,,,,,,,
t-SNE,spectral,,metric,e,,,TI,ICM,,0.69,0.83,0.9191594713982467,,,,,,,,,,,,,,,,,,,
tGPLVM,kmeans,,linear,e,,,TI,ICM,,0.32,0.51,0.9191594713982467,,,,,,,,,,,,,,,,,,,
tGPLVM,louvain,,linear,e,,,TI,ICM,,0.33,0.51,0.9191594713982467,,,,,,,,,,,,,,,,,,,
tGPLVM,spectral,,linear,e,,,TI,ICM,,0.28,0.5,0.9191594713982467,,,,,,,,,,,,,,,,,,,
DRA,kmeans,,deep,e,,,TI,blastocyst,,-0.0,0.09,0.9191594713982467,,,,,,,,,,,,,,,,,,,
DRA,louvain,,deep,e,,,TI,blastocyst,,-0.0,0.1,0.9191594713982467,,,,,,,,,,,,,,,,,,,
DRA,spectral,,deep,e,,,TI,blastocyst,,-0.0,0.08,0.9191594713982467,,,,,,,,,,,,,,,,,,,
DREAM,kmeans,,deep,e,,,TI,blastocyst,,0.77,0.85,0.9191594713982467,,,,,,,,,,,,,,,,,,,
DREAM,louvain,,deep,e,,,TI,blastocyst,,0.66,0.82,0.9191594713982467,,,,,,,,,,,,,,,,,,,
DREAM,spectral,,deep,e,,,TI,blastocyst,,0.73,0.84,0.9191594713982467,,,,,,,,,,,,,,,,,,,
EDGE,kmeans,,graph,e,,,TI,blastocyst,,0.7,0.83,0.9191594713982467,,,,,,,,,,,,,,,,,,,
EDGE,louvain,,graph,e,,,TI,blastocyst,,0.75,0.86,0.9191594713982467,,,,,,,,,,,,,,,,,,,
EDGE,spectral,,graph,e,,,TI,blastocyst,,0.7,0.84,0.9191594713982467,,,,,,,,,,,,,,,,,,,
GLMPCA,kmeans,,linear,e,,,TI,blastocyst,,0.6,0.78,0.9191594713982467,,,,,,,,,,,,,,,,,,,
GLMPCA,louvain,,linear,e,,,TI,blastocyst,,0.58,0.75,0.9191594713982467,,,,,,,,,,,,,,,,,,,
GLMPCA,spectral,,linear,e,,,TI,blastocyst,,0.54,0.74,0.9191594713982467,,,,,,,,,,,,,,,,,,,
IVIS,kmeans,,metric,e,,,TI,blastocyst,,0.63,0.77,0.9191594713982467,,,,,,,,,,,,,,,,,,,
IVIS,louvain,,metric,e,,,TI,blastocyst,,0.53,0.75,0.9191594713982467,,,,,,,,,,,,,,,,,,,
IVIS,spectral,,metric,e,,,TI,blastocyst,,0.58,0.76,0.9191594713982467,,,,,,,,,,,,,,,,,,,
PCA,kmeans,,linear,e,,,TI,blastocyst,,0.61,0.79,0.9191594713982467,,,,,,,,,,,,,,,,,,,
PCA,louvain,,linear,e,,,TI,blastocyst,,0.65,0.76,0.9191594713982467,,,,,,,,,,,,,,,,,,,
PCA,spectral,,linear,e,,,TI,blastocyst,,0.55,0.74,0.9191594713982467,,,,,,,,,,,,,,,,,,,
PHATE,kmeans,,graph,e,,,TI,blastocyst,,0.74,0.85,0.9191594713982467,,,,,,,,,,,,,,,,,,,
PHATE,louvain,,graph,e,,,TI,blastocyst,,0.63,0.81,0.9191594713982467,,,,,,,,,,,,,,,,,,,
PHATE,spectral,,graph,e,,,TI,blastocyst,,0.65,0.82,0.9191594713982467,,,,,,,,,,,,,,,,,,,
PaCMAP,kmeans,,metric,e,,,TI,blastocyst,,0.36,0.6,0.9191594713982467,,,,,,,,,,,,,,,,,,,
PaCMAP,louvain,,metric,e,,,TI,blastocyst,,0.34,0.6,0.9191594713982467,,,,,,,,,,,,,,,,,,,
PaCMAP,spectral,,metric,e,,,TI,blastocyst,,0.28,0.55,0.9191594713982467,,,,,,,,,,,,,,,,,,,
SAUCIE,kmeans,,deep,e,,,TI,blastocyst,,0.34,0.58,0.9191594713982467,,,,,,,,,,,,,,,,,,,
SAUCIE,louvain,,deep,e,,,TI,blastocyst,,0.35,0.59,0.9191594713982467,,,,,,,,,,,,,,,,,,,
SAUCIE,spectral,,deep,e,,,TI,blastocyst,,0.37,0.61,0.9191594713982467,,,,,,,,,,,,,,,,,,,
SCDRHA,kmeans,,deep,e,,,TI,blastocyst,,0.6,0.78,0.9191594713982467,,,,,,,,,,,,,,,,,,,
SCDRHA,louvain,,deep,e,,,TI,blastocyst,,0.57,0.75,0.9191594713982467,,,,,,,,,,,,,,,,,,,
SCDRHA,spectral,,deep,e,,,TI,blastocyst,,0.48,0.7,0.9191594713982467,,,,,,,,,,,,,,,,,,,
SIMLR,kmeans,,graph,e,,,TI,blastocyst,,0.81,0.9,0.9191594713982467,,,,,,,,,,,,,,,,,,,
SIMLR,louvain,,graph,e,,,TI,blastocyst,,0.49,0.78,0.9191594713982467,,,,,,,,,,,,,,,,,,,
SIMLR,spectral,,graph,e,,,TI,blastocyst,,0.56,0.77,0.9191594713982467,,,,,,,,,,,,,,,,,,,
SPDR,kmeans,,graph,e,,,TI,blastocyst,,0.87,0.92,0.9191594713982467,,,,,,,,,,,,,,,,,,,
SPDR,louvain,,graph,e,,,TI,blastocyst,,0.68,0.85,0.9191594713982467,,,,,,,,,,,,,,,,,,,
SPDR,spectral,,graph,e,,,TI,blastocyst,,0.51,0.76,0.9191594713982467,,,,,,,,,,,,,,,,,,,
SQuaD-MDS,kmeans,,metric,e,,,TI,blastocyst,,0.6799999999999999,0.81,0.9191594713982467,,,,,,,,,,,,,,,,,,,
SQuaD-MDS,louvain,,metric,e,,,TI,blastocyst,,0.65,0.8,0.9191594713982467,,,,,,,,,,,,,,,,,,,
SQuaD-MDS,spectral,,metric,e,,,TI,blastocyst,,0.53,0.74,0.9191594713982467,,,,,,,,,,,,,,,,,,,
SSNMDI,kmeans,,linear,e,,,TI,blastocyst,,0.29,0.52,0.9191594713982467,,,,,,,,,,,,,,,,,,,
SSNMDI,louvain,,linear,e,,,TI,blastocyst,,0.27,0.52,0.9191594713982467,,,,,,,,,,,,,,,,,,,
SSNMDI,spectral,,linear,e,,,TI,blastocyst,,0.18,0.43,0.9191594713982467,,,,,,,,,,,,,,,,,,,
TriMap,kmeans,,metric,e,,,TI,blastocyst,,0.8,0.89,0.9191594713982467,,,,,,,,,,,,,,,,,,,
TriMap,louvain,,metric,e,,,TI,blastocyst,,0.83,0.9,0.9191594713982467,,,,,,,,,,,,,,,,,,,
TriMap,spectral,,metric,e,,,TI,blastocyst,,0.52,0.78,0.9191594713982467,,,,,,,,,,,,,,,,,,,
UMAP,kmeans,,graph,e,,,TI,blastocyst,,0.9,0.93,0.9191594713982467,,,,,,,,,,,,,,,,,,,
UMAP,louvain,,graph,e,,,TI,blastocyst,,0.65,0.85,0.9191594713982467,,,,,,,,,,,,,,,,,,,
UMAP,spectral,,graph,e,,,TI,blastocyst,,0.44,0.75,0.9191594713982467,,,,,,,,,,,,,,,,,,,
VAE,kmeans,,deep,e,,,TI,blastocyst,,0.23,0.42,0.9191594713982467,,,,,,,,,,,,,,,,,,,
VAE,louvain,,deep,e,,,TI,blastocyst,,0.23,0.42,0.9191594713982467,,,,,,,,,,,,,,,,,,,
VAE,spectral,,deep,e,,,TI,blastocyst,,0.22,0.43,0.9191594713982467,,,,,,,,,,,,,,,,,,,
VASC,kmeans,,deep,e,,,TI,blastocyst,,0.81,0.88,0.9191594713982467,,,,,,,,,,,,,,,,,,,
VASC,louvain,,deep,e,,,TI,blastocyst,,0.62,0.83,0.9191594713982467,,,,,,,,,,,,,,,,,,,
VASC,spectral,,deep,e,,,TI,blastocyst,,0.7,0.85,0.9191594713982467,,,,,,,,,,,,,,,,,,,
ZIFA,kmeans,,linear,e,,,TI,blastocyst,,0.64,0.79,0.9191594713982467,,,,,,,,,,,,,,,,,,,
ZIFA,louvain,,linear,e,,,TI,blastocyst,,0.62,0.77,0.9191594713982467,,,,,,,,,,,,,,,,,,,
ZIFA,spectral,,linear,e,,,TI,blastocyst,,0.57,0.75,0.9191594713982467,,,,,,,,,,,,,,,,,,,
pCMF,kmeans,,linear,e,,,TI,blastocyst,,0.32,0.54,0.9191594713982467,,,,,,,,,,,,,,,,,,,
pCMF,louvain,,linear,e,,,TI,blastocyst,,0.33,0.53,0.9191594713982467,,,,,,,,,,,,,,,,,,,
pCMF,spectral,,linear,e,,,TI,blastocyst,,0.31,0.53,0.9191594713982467,,,,,,,,,,,,,,,,,,,
scGAE,kmeans,,deep,e,,,TI,blastocyst,,0.74,0.85,0.9191594713982467,,,,,,,,,,,,,,,,,,,
scGAE,louvain,,deep,e,,,TI,blastocyst,,0.65,0.82,0.9191594713982467,,,,,,,,,,,,,,,,,,,
scGAE,spectral,,deep,e,,,TI,blastocyst,,0.44,0.73,0.9191594713982467,,,,,,,,,,,,,,,,,,,
scGBM,kmeans,,linear,e,,,TI,blastocyst,,0.58,0.77,0.9191594713982467,,,,,,,,,,,,,,,,,,,
scGBM,louvain,,linear,e,,,TI,blastocyst,,0.56,0.75,0.9191594713982467,,,,,,,,,,,,,,,,,,,
scGBM,spectral,,linear,e,,,TI,blastocyst,,0.54,0.74,0.9191594713982467,,,,,,,,,,,,,,,,,,,
scScope,kmeans,,deep,e,,,TI,blastocyst,,0.05,0.18,0.9191594713982467,,,,,,,,,,,,,,,,,,,
scScope,louvain,,deep,e,,,TI,blastocyst,,0.05,0.16,0.9191594713982467,,,,,,,,,,,,,,,,,,,
scScope,spectral,,deep,e,,,TI,blastocyst,,0.04,0.18,0.9191594713982467,,,,,,,,,,,,,,,,,,,
scvis,kmeans,,deep,e,,,TI,blastocyst,,0.86,0.92,0.9191594713982467,,,,,,,,,,,,,,,,,,,
scvis,louvain,,deep,e,,,TI,blastocyst,,0.73,0.87,0.9191594713982467,,,,,,,,,,,,,,,,,,,
scvis,spectral,,deep,e,,,TI,blastocyst,,0.73,0.86,0.9191594713982467,,,,,,,,,,,,,,,,,,,
t-SNE,kmeans,,metric,e,,,TI,blastocyst,,0.78,0.89,0.9191594713982467,,,,,,,,,,,,,,,,,,,
t-SNE,louvain,,metric,e,,,TI,blastocyst,,0.55,0.82,0.9191594713982467,,,,,,,,,,,,,,,,,,,
t-SNE,spectral,,metric,e,,,TI,blastocyst,,0.41,0.73,0.9191594713982467,,,,,,,,,,,,,,,,,,,
tGPLVM,kmeans,,linear,e,,,TI,blastocyst,,0.25,0.51,0.9191594713982467,,,,,,,,,,,,,,,,,,,
tGPLVM,louvain,,linear,e,,,TI,blastocyst,,0.26,0.49,0.9191594713982467,,,,,,,,,,,,,,,,,,,
tGPLVM,spectral,,linear,e,,,TI,blastocyst,,0.24,0.5,0.9191594713982467,,,,,,,,,,,,,,,,,,,
DRA,kmeans,,deep,e,,,TI,combination-1,,-0.0,0.0,0.9191594713982467,,,,,,,,,,,,,,,,,,,
DRA,louvain,,deep,e,,,TI,combination-1,,0.0,0.02,0.9191594713982467,,,,,,,,,,,,,,,,,,,
DRA,spectral,,deep,e,,,TI,combination-1,,-0.0,0.0,0.9191594713982467,,,,,,,,,,,,,,,,,,,
DREAM,kmeans,,deep,e,,,TI,combination-1,,0.11,0.2,0.9191594713982467,,,,,,,,,,,,,,,,,,,
DREAM,louvain,,deep,e,,,TI,combination-1,,0.01,0.15,0.9191594713982467,,,,,,,,,,,,,,,,,,,
DREAM,spectral,,deep,e,,,TI,combination-1,,0.08,0.18,0.9191594713982467,,,,,,,,,,,,,,,,,,,
EDGE,kmeans,,graph,e,,,TI,combination-1,,0.17,0.36,0.9191594713982467,,,,,,,,,,,,,,,,,,,
EDGE,louvain,,graph,e,,,TI,combination-1,,0.03,0.29,0.9191594713982467,,,,,,,,,,,,,,,,,,,
EDGE,spectral,,graph,e,,,TI,combination-1,,0.15,0.35,0.9191594713982467,,,,,,,,,,,,,,,,,,,
GLMPCA,kmeans,,linear,e,,,TI,combination-1,,0.34,0.57,0.9191594713982467,,,,,,,,,,,,,,,,,,,
GLMPCA,louvain,,linear,e,,,TI,combination-1,,0.05,0.39,0.9191594713982467,,,,,,,,,,,,,,,,,,,
GLMPCA,spectral,,linear,e,,,TI,combination-1,,0.3,0.53,0.9191594713982467,,,,,,,,,,,,,,,,,,,
IVIS,kmeans,,metric,e,,,TI,combination-1,,0.23,0.46,0.9191594713982467,,,,,,,,,,,,,,,,,,,
IVIS,louvain,,metric,e,,,TI,combination-1,,0.04,0.35,0.9191594713982467,,,,,,,,,,,,,,,,,,,
IVIS,spectral,,metric,e,,,TI,combination-1,,0.2,0.46,0.9191594713982467,,,,,,,,,,,,,,,,,,,
PCA,kmeans,,linear,e,,,TI,combination-1,,0.54,0.51,0.9191594713982467,,,,,,,,,,,,,,,,,,,
PCA,louvain,,linear,e,,,TI,combination-1,,0.03,0.28,0.9191594713982467,,,,,,,,,,,,,,,,,,,
PCA,spectral,,linear,e,,,TI,combination-1,,0.19,0.4,0.9191594713982467,,,,,,,,,,,,,,,,,,,
PHATE,kmeans,,graph,e,,,TI,combination-1,,0.35,0.51,0.9191594713982467,,,,,,,,,,,,,,,,,,,
PHATE,louvain,,graph,e,,,TI,combination-1,,0.04,0.37,0.9191594713982467,,,,,,,,,,,,,,,,,,,
PHATE,spectral,,graph,e,,,TI,combination-1,,0.22,0.47,0.9191594713982467,,,,,,,,,,,,,,,,,,,
PaCMAP,kmeans,,metric,e,,,TI,combination-1,,0.0,0.01,0.9191594713982467,,,,,,,,,,,,,,,,,,,
PaCMAP,louvain,,metric,e,,,TI,combination-1,,0.0,0.02,0.9191594713982467,,,,,,,,,,,,,,,,,,,
PaCMAP,spectral,,metric,e,,,TI,combination-1,,0.0,0.01,0.9191594713982467,,,,,,,,,,,,,,,,,,,
SAUCIE,kmeans,,deep,e,,,TI,combination-1,,0.04,0.06,0.9191594713982467,,,,,,,,,,,,,,,,,,,
SAUCIE,louvain,,deep,e,,,TI,combination-1,,0.01,0.08,0.9191594713982467,,,,,,,,,,,,,,,,,,,
SAUCIE,spectral,,deep,e,,,TI,combination-1,,0.03,0.06,0.9191594713982467,,,,,,,,,,,,,,,,,,,
SCDRHA,kmeans,,deep,e,,,TI,combination-1,,0.25,0.47,0.9191594713982467,,,,,,,,,,,,,,,,,,,
SCDRHA,louvain,,deep,e,,,TI,combination-1,,0.04,0.35,0.9191594713982467,,,,,,,,,,,,,,,,,,,
SCDRHA,spectral,,deep,e,,,TI,combination-1,,0.28,0.46,0.9191594713982467,,,,,,,,,,,,,,,,,,,
SIMLR,kmeans,,graph,e,,,TI,combination-1,,0.18,0.41,0.9191594713982467,,,,,,,,,,,,,,,,,,,
SIMLR,louvain,,graph,e,,,TI,combination-1,,0.04,0.35,0.9191594713982467,,,,,,,,,,,,,,,,,,,
SIMLR,spectral,,graph,e,,,TI,combination-1,,0.26,0.49,0.9191594713982467,,,,,,,,,,,,,,,,,,,
SPDR,kmeans,,graph,e,,,TI,combination-1,,0.23,0.46,0.9191594713982467,,,,,,,,,,,,,,,,,,,
SPDR,louvain,,graph,e,,,TI,combination-1,,0.04,0.37,0.9191594713982467,,,,,,,,,,,,,,,,,,,
SPDR,spectral,,graph,e,,,TI,combination-1,,0.23,0.46,0.9191594713982467,,,,,,,,,,,,,,,,,,,
SQuaD-MDS,kmeans,,metric,e,,,TI,combination-1,,0.19,0.395,0.9191594713982467,,,,,,,,,,,,,,,,,,,
SQuaD-MDS,louvain,,metric,e,,,TI,combination-1,,0.04,0.32,0.9191594713982467,,,,,,,,,,,,,,,,,,,
SQuaD-MDS,spectral,,metric,e,,,TI,combination-1,,0.19,0.4,0.9191594713982467,,,,,,,,,,,,,,,,,,,
SSNMDI,kmeans,,linear,e,,,TI,combination-1,,-0.0,0.01,0.9191594713982467,,,,,,,,,,,,,,,,,,,
SSNMDI,louvain,,linear,e,,,TI,combination-1,,0.0,0.02,0.9191594713982467,,,,,,,,,,,,,,,,,,,
SSNMDI,spectral,,linear,e,,,TI,combination-1,,-0.01,0.01,0.9191594713982467,,,,,,,,,,,,,,,,,,,
TriMap,kmeans,,metric,e,,,TI,combination-1,,0.25,0.49,0.9191594713982467,,,,,,,,,,,,,,,,,,,
TriMap,louvain,,metric,e,,,TI,combination-1,,0.04,0.38,0.9191594713982467,,,,,,,,,,,,,,,,,,,
TriMap,spectral,,metric,e,,,TI,combination-1,,0.22,0.47,0.9191594713982467,,,,,,,,,,,,,,,,,,,
UMAP,kmeans,,graph,e,,,TI,combination-1,,0.22,0.49,0.9191594713982467,,,,,,,,,,,,,,,,,,,
UMAP,louvain,,graph,e,,,TI,combination-1,,0.04,0.37,0.9191594713982467,,,,,,,,,,,,,,,,,,,
UMAP,spectral,,graph,e,,,TI,combination-1,,0.3,0.52,0.9191594713982467,,,,,,,,,,,,,,,,,,,
VAE,kmeans,,deep,e,,,TI,combination-1,,0.19,0.4,0.9191594713982467,,,,,,,,,,,,,,,,,,,
VAE,louvain,,deep,e,,,TI,combination-1,,0.04,0.32,0.9191594713982467,,,,,,,,,,,,,,,,,,,
VAE,spectral,,deep,e,,,TI,combination-1,,0.18,0.4,0.9191594713982467,,,,,,,,,,,,,,,,,,,
VASC,kmeans,,deep,e,,,TI,combination-1,,0.3,0.49,0.9191594713982467,,,,,,,,,,,,,,,,,,,
VASC,louvain,,deep,e,,,TI,combination-1,,0.04,0.35,0.9191594713982467,,,,,,,,,,,,,,,,,,,
VASC,spectral,,deep,e,,,TI,combination-1,,0.21,0.47,0.9191594713982467,,,,,,,,,,,,,,,,,,,
ZIFA,kmeans,,linear,e,,,TI,combination-1,,0.27,0.37,0.9191594713982467,,,,,,,,,,,,,,,,,,,
ZIFA,louvain,,linear,e,,,TI,combination-1,,0.03,0.25,0.9191594713982467,,,,,,,,,,,,,,,,,,,
ZIFA,spectral,,linear,e,,,TI,combination-1,,0.14,0.32,0.9191594713982467,,,,,,,,,,,,,,,,,,,
pCMF,kmeans,,linear,e,,,TI,combination-1,,0.03,0.05,0.9191594713982467,,,,,,,,,,,,,,,,,,,
pCMF,louvain,,linear,e,,,TI,combination-1,,0.0,0.06,0.9191594713982467,,,,,,,,,,,,,,,,,,,
pCMF,spectral,,linear,e,,,TI,combination-1,,0.01,0.03,0.9191594713982467,,,,,,,,,,,,,,,,,,,
scGAE,kmeans,,deep,e,,,TI,combination-1,,0.14,0.34,0.9191594713982467,,,,,,,,,,,,,,,,,,,
scGAE,louvain,,deep,e,,,TI,combination-1,,0.03,0.3,0.9191594713982467,,,,,,,,,,,,,,,,,,,
scGAE,spectral,,deep,e,,,TI,combination-1,,0.22,0.42,0.9191594713982467,,,,,,,,,,,,,,,,,,,
scGBM,kmeans,,linear,e,,,TI,combination-1,,0.34,0.57,0.9191594713982467,,,,,,,,,,,,,,,,,,,
scGBM,louvain,,linear,e,,,TI,combination-1,,0.05,0.4,0.9191594713982467,,,,,,,,,,,,,,,,,,,
scGBM,spectral,,linear,e,,,TI,combination-1,,0.25,0.53,0.9191594713982467,,,,,,,,,,,,,,,,,,,
scScope,kmeans,,deep,e,,,TI,combination-1,,0.09,0.22,0.9191594713982467,,,,,,,,,,,,,,,,,,,
scScope,louvain,,deep,e,,,TI,combination-1,,0.03,0.21,0.9191594713982467,,,,,,,,,,,,,,,,,,,
scScope,spectral,,deep,e,,,TI,combination-1,,0.1,0.21,0.9191594713982467,,,,,,,,,,,,,,,,,,,
scvis,kmeans,,deep,e,,,TI,combination-1,,0.39,0.48,0.9191594713982467,,,,,,,,,,,,,,,,,,,
scvis,louvain,,deep,e,,,TI,combination-1,,0.04,0.37,0.9191594713982467,,,,,,,,,,,,,,,,,,,
scvis,spectral,,deep,e,,,TI,combination-1,,0.19,0.45,0.9191594713982467,,,,,,,,,,,,,,,,,,,
t-SNE,kmeans,,metric,e,,,TI,combination-1,,0.22,0.46,0.9191594713982467,,,,,,,,,,,,,,,,,,,
t-SNE,louvain,,metric,e,,,TI,combination-1,,0.04,0.36,0.9191594713982467,,,,,,,,,,,,,,,,,,,
t-SNE,spectral,,metric,e,,,TI,combination-1,,0.24,0.49,0.9191594713982467,,,,,,,,,,,,,,,,,,,
tGPLVM,kmeans,,linear,e,,,TI,combination-1,,0.05,0.04,0.9191594713982467,,,,,,,,,,,,,,,,,,,
tGPLVM,louvain,,linear,e,,,TI,combination-1,,0.0,0.04,0.9191594713982467,,,,,,,,,,,,,,,,,,,
tGPLVM,spectral,,linear,e,,,TI,combination-1,,0.03,0.03,0.9191594713982467,,,,,,,,,,,,,,,,,,,
DRA,kmeans,,deep,e,,,TI,combination-2,,0.0,0.01,0.9191594713982467,,,,,,,,,,,,,,,,,,,
DRA,louvain,,deep,e,,,TI,combination-2,,-0.0,0.02,0.9191594713982467,,,,,,,,,,,,,,,,,,,
DRA,spectral,,deep,e,,,TI,combination-2,,0.0,0.01,0.9191594713982467,,,,,,,,,,,,,,,,,,,
DREAM,kmeans,,deep,e,,,TI,combination-2,,0.31,0.49,0.9191594713982467,,,,,,,,,,,,,,,,,,,
DREAM,louvain,,deep,e,,,TI,combination-2,,0.14,0.41,0.9191594713982467,,,,,,,,,,,,,,,,,,,
DREAM,spectral,,deep,e,,,TI,combination-2,,0.3,0.48,0.9191594713982467,,,,,,,,,,,,,,,,,,,
EDGE,kmeans,,graph,e,,,TI,combination-2,,0.21,0.35,0.9191594713982467,,,,,,,,,,,,,,,,,,,
EDGE,louvain,,graph,e,,,TI,combination-2,,0.09,0.3,0.9191594713982467,,,,,,,,,,,,,,,,,,,
EDGE,spectral,,graph,e,,,TI,combination-2,,0.21,0.35,0.9191594713982467,,,,,,,,,,,,,,,,,,,
GLMPCA,kmeans,,linear,e,,,TI,combination-2,,0.49,0.66,0.9191594713982467,,,,,,,,,,,,,,,,,,,
GLMPCA,louvain,,linear,e,,,TI,combination-2,,0.18,0.55,0.9191594713982467,,,,,,,,,,,,,,,,,,,
GLMPCA,spectral,,linear,e,,,TI,combination-2,,0.45,0.65,0.9191594713982467,,,,,,,,,,,,,,,,,,,
IVIS,kmeans,,metric,e,,,TI,combination-2,,0.3,0.49,0.9191594713982467,,,,,,,,,,,,,,,,,,,
IVIS,louvain,,metric,e,,,TI,combination-2,,0.12,0.42,0.9191594713982467,,,,,,,,,,,,,,,,,,,
IVIS,spectral,,metric,e,,,TI,combination-2,,0.29,0.49,0.9191594713982467,,,,,,,,,,,,,,,,,,,
PCA,kmeans,,linear,e,,,TI,combination-2,,0.3,0.43,0.9191594713982467,,,,,,,,,,,,,,,,,,,
PCA,louvain,,linear,e,,,TI,combination-2,,0.1,0.38,0.9191594713982467,,,,,,,,,,,,,,,,,,,
PCA,spectral,,linear,e,,,TI,combination-2,,0.24,0.41,0.9191594713982467,,,,,,,,,,,,,,,,,,,
PHATE,kmeans,,graph,e,,,TI,combination-2,,0.43,0.59,0.9191594713982467,,,,,,,,,,,,,,,,,,,
PHATE,louvain,,graph,e,,,TI,combination-2,,0.14,0.48,0.9191594713982467,,,,,,,,,,,,,,,,,,,
PHATE,spectral,,graph,e,,,TI,combination-2,,0.39,0.58,0.9191594713982467,,,,,,,,,,,,,,,,,,,
PaCMAP,kmeans,,metric,e,,,TI,combination-2,,0.0,0.01,0.9191594713982467,,,,,,,,,,,,,,,,,,,
PaCMAP,louvain,,metric,e,,,TI,combination-2,,0.0,0.03,0.9191594713982467,,,,,,,,,,,,,,,,,,,
PaCMAP,spectral,,metric,e,,,TI,combination-2,,0.0,0.01,0.9191594713982467,,,,,,,,,,,,,,,,,,,
SAUCIE,kmeans,,deep,e,,,TI,combination-2,,0.02,0.06,0.9191594713982467,,,,,,,,,,,,,,,,,,,
SAUCIE,louvain,,deep,e,,,TI,combination-2,,0.01,0.07,0.9191594713982467,,,,,,,,,,,,,,,,,,,
SAUCIE,spectral,,deep,e,,,TI,combination-2,,0.02,0.06,0.9191594713982467,,,,,,,,,,,,,,,,,,,
SCDRHA,kmeans,,deep,e,,,TI,combination-2,,0.23,0.36,0.9191594713982467,,,,,,,,,,,,,,,,,,,
SCDRHA,louvain,,deep,e,,,TI,combination-2,,0.09,0.34,0.9191594713982467,,,,,,,,,,,,,,,,,,,
SCDRHA,spectral,,deep,e,,,TI,combination-2,,0.21,0.37,0.9191594713982467,,,,,,,,,,,,,,,,,,,
SIMLR,kmeans,,graph,e,,,TI,combination-2,,0.35,0.5,0.9191594713982467,,,,,,,,,,,,,,,,,,,
SIMLR,louvain,,graph,e,,,TI,combination-2,,0.19,0.46,0.9191594713982467,,,,,,,,,,,,,,,,,,,
SIMLR,spectral,,graph,e,,,TI,combination-2,,0.39,0.55,0.9191594713982467,,,,,,,,,,,,,,,,,,,
SPDR,kmeans,,graph,e,,,TI,combination-2,,0.44,0.57,0.9191594713982467,,,,,,,,,,,,,,,,,,,
SPDR,louvain,,graph,e,,,TI,combination-2,,0.15,0.48,0.9191594713982467,,,,,,,,,,,,,,,,,,,
SPDR,spectral,,graph,e,,,TI,combination-2,,0.41,0.56,0.9191594713982467,,,,,,,,,,,,,,,,,,,
SQuaD-MDS,kmeans,,metric,e,,,TI,combination-2,,0.21500000000000002,0.365,0.9191594713982467,,,,,,,,,,,,,,,,,,,
SQuaD-MDS,louvain,,metric,e,,,TI,combination-2,,0.1,0.335,0.9191594713982467,,,,,,,,,,,,,,,,,,,
SQuaD-MDS,spectral,,metric,e,,,TI,combination-2,,0.2,0.36,0.9191594713982467,,,,,,,,,,,,,,,,,,,
SSNMDI,kmeans,,linear,e,,,TI,combination-2,,0.0,0.01,0.9191594713982467,,,,,,,,,,,,,,,,,,,
SSNMDI,louvain,,linear,e,,,TI,combination-2,,0.0,0.04,0.9191594713982467,,,,,,,,,,,,,,,,,,,
SSNMDI,spectral,,linear,e,,,TI,combination-2,,0.0,0.01,0.9191594713982467,,,,,,,,,,,,,,,,,,,
TriMap,kmeans,,metric,e,,,TI,combination-2,,0.42,0.57,0.9191594713982467,,,,,,,,,,,,,,,,,,,
TriMap,louvain,,metric,e,,,TI,combination-2,,0.14,0.48,0.9191594713982467,,,,,,,,,,,,,,,,,,,
TriMap,spectral,,metric,e,,,TI,combination-2,,0.44,0.58,0.9191594713982467,,,,,,,,,,,,,,,,,,,
UMAP,kmeans,,graph,e,,,TI,combination-2,,0.27,0.44,0.9191594713982467,,,,,,,,,,,,,,,,,,,
UMAP,louvain,,graph,e,,,TI,combination-2,,0.1,0.38,0.9191594713982467,,,,,,,,,,,,,,,,,,,
UMAP,spectral,,graph,e,,,TI,combination-2,,0.23,0.41,0.9191594713982467,,,,,,,,,,,,,,,,,,,
VAE,kmeans,,deep,e,,,TI,combination-2,,0.41,0.59,0.9191594713982467,,,,,,,,,,,,,,,,,,,
VAE,louvain,,deep,e,,,TI,combination-2,,0.16,0.5,0.9191594713982467,,,,,,,,,,,,,,,,,,,
VAE,spectral,,deep,e,,,TI,combination-2,,0.4,0.57,0.9191594713982467,,,,,,,,,,,,,,,,,,,
VASC,kmeans,,deep,e,,,TI,combination-2,,0.58,0.65,0.9191594713982467,,,,,,,,,,,,,,,,,,,
VASC,louvain,,deep,e,,,TI,combination-2,,0.16,0.52,0.9191594713982467,,,,,,,,,,,,,,,,,,,
VASC,spectral,,deep,e,,,TI,combination-2,,0.41,0.58,0.9191594713982467,,,,,,,,,,,,,,,,,,,
ZIFA,kmeans,,linear,e,,,TI,combination-2,,0.22,0.37,0.9191594713982467,,,,,,,,,,,,,,,,,,,
ZIFA,louvain,,linear,e,,,TI,combination-2,,0.07,0.33,0.9191594713982467,,,,,,,,,,,,,,,,,,,
ZIFA,spectral,,linear,e,,,TI,combination-2,,0.2,0.36,0.9191594713982467,,,,,,,,,,,,,,,,,,,
pCMF,kmeans,,linear,e,,,TI,combination-2,,0.04,0.09,0.9191594713982467,,,,,,,,,,,,,,,,,,,
pCMF,louvain,,linear,e,,,TI,combination-2,,0.01,0.09,0.9191594713982467,,,,,,,,,,,,,,,,,,,
pCMF,spectral,,linear,e,,,TI,combination-2,,0.04,0.09,0.9191594713982467,,,,,,,,,,,,,,,,,,,
scGAE,kmeans,,deep,e,,,TI,combination-2,,0.13,0.25,0.9191594713982467,,,,,,,,,,,,,,,,,,,
scGAE,louvain,,deep,e,,,TI,combination-2,,0.05,0.29,0.9191594713982467,,,,,,,,,,,,,,,,,,,
scGAE,spectral,,deep,e,,,TI,combination-2,,0.13,0.25,0.9191594713982467,,,,,,,,,,,,,,,,,,,
scGBM,kmeans,,linear,e,,,TI,combination-2,,0.45,0.62,0.9191594713982467,,,,,,,,,,,,,,,,,,,
scGBM,louvain,,linear,e,,,TI,combination-2,,0.17,0.53,0.9191594713982467,,,,,,,,,,,,,,,,,,,
scGBM,spectral,,linear,e,,,TI,combination-2,,0.42,0.62,0.9191594713982467,,,,,,,,,,,,,,,,,,,
scScope,kmeans,,deep,e,,,TI,combination-2,,0.08,0.16,0.9191594713982467,,,,,,,,,,,,,,,,,,,
scScope,louvain,,deep,e,,,TI,combination-2,,0.05,0.21,0.9191594713982467,,,,,,,,,,,,,,,,,,,
scScope,spectral,,deep,e,,,TI,combination-2,,0.08,0.17,0.9191594713982467,,,,,,,,,,,,,,,,,,,
scvis,kmeans,,deep,e,,,TI,combination-2,,0.34,0.48,0.9191594713982467,,,,,,,,,,,,,,,,,,,
scvis,louvain,,deep,e,,,TI,combination-2,,0.15,0.42,0.9191594713982467,,,,,,,,,,,,,,,,,,,
scvis,spectral,,deep,e,,,TI,combination-2,,0.29,0.47,0.9191594713982467,,,,,,,,,,,,,,,,,,,
t-SNE,kmeans,,metric,e,,,TI,combination-2,,0.47,0.66,0.9191594713982467,,,,,,,,,,,,,,,,,,,
t-SNE,louvain,,metric,e,,,TI,combination-2,,0.19,0.57,0.9191594713982467,,,,,,,,,,,,,,,,,,,
t-SNE,spectral,,metric,e,,,TI,combination-2,,0.49,0.66,0.9191594713982467,,,,,,,,,,,,,,,,,,,
tGPLVM,kmeans,,linear,e,,,TI,combination-2,,-0.0,0.01,0.9191594713982467,,,,,,,,,,,,,,,,,,,
tGPLVM,louvain,,linear,e,,,TI,combination-2,,-0.0,0.02,0.9191594713982467,,,,,,,,,,,,,,,,,,,
tGPLVM,spectral,,linear,e,,,TI,combination-2,,0.0,0.01,0.9191594713982467,,,,,,,,,,,,,,,,,,,
DRA,kmeans,,deep,e,,,TI,combination-3,,0.0,0.0,0.9191594713982467,,,,,,,,,,,,,,,,,,,
DRA,louvain,,deep,e,,,TI,combination-3,,-0.0,0.02,0.9191594713982467,,,,,,,,,,,,,,,,,,,
DRA,spectral,,deep,e,,,TI,combination-3,,-0.0,0.0,0.9191594713982467,,,,,,,,,,,,,,,,,,,
DREAM,kmeans,,deep,e,,,TI,combination-3,,0.46,0.56,0.9191594713982467,,,,,,,,,,,,,,,,,,,
DREAM,louvain,,deep,e,,,TI,combination-3,,0.19,0.43,0.9191594713982467,,,,,,,,,,,,,,,,,,,
DREAM,spectral,,deep,e,,,TI,combination-3,,0.37,0.49,0.9191594713982467,,,,,,,,,,,,,,,,,,,
EDGE,kmeans,,graph,e,,,TI,combination-3,,0.39,0.46,0.9191594713982467,,,,,,,,,,,,,,,,,,,
EDGE,louvain,,graph,e,,,TI,combination-3,,0.14,0.39,0.9191594713982467,,,,,,,,,,,,,,,,,,,
EDGE,spectral,,graph,e,,,TI,combination-3,,0.37,0.45,0.9191594713982467,,,,,,,,,,,,,,,,,,,
GLMPCA,kmeans,,linear,e,,,TI,combination-3,,0.61,0.65,0.9191594713982467,,,,,,,,,,,,,,,,,,,
GLMPCA,louvain,,linear,e,,,TI,combination-3,,0.22,0.52,0.9191594713982467,,,,,,,,,,,,,,,,,,,
GLMPCA,spectral,,linear,e,,,TI,combination-3,,0.48,0.61,0.9191594713982467,,,,,,,,,,,,,,,,,,,
IVIS,kmeans,,metric,e,,,TI,combination-3,,0.52,0.64,0.9191594713982467,,,,,,,,,,,,,,,,,,,
IVIS,louvain,,metric,e,,,TI,combination-3,,0.19,0.52,0.9191594713982467,,,,,,,,,,,,,,,,,,,
IVIS,spectral,,metric,e,,,TI,combination-3,,0.41,0.6,0.9191594713982467,,,,,,,,,,,,,,,,,,,
PCA,kmeans,,linear,e,,,TI,combination-3,,0.17,0.24,0.9191594713982467,,,,,,,,,,,,,,,,,,,
PCA,louvain,,linear,e,,,TI,combination-3,,0.07,0.24,0.9191594713982467,,,,,,,,,,,,,,,,,,,
PCA,spectral,,linear,e,,,TI,combination-3,,0.17,0.27,0.9191594713982467,,,,,,,,,,,,,,,,,,,
PHATE,kmeans,,graph,e,,,TI,combination-3,,0.52,0.67,0.9191594713982467,,,,,,,,,,,,,,,,,,,
PHATE,louvain,,graph,e,,,TI,combination-3,,0.19,0.52,0.9191594713982467,,,,,,,,,,,,,,,,,,,
PHATE,spectral,,graph,e,,,TI,combination-3,,0.44,0.62,0.9191594713982467,,,,,,,,,,,,,,,,,,,
PaCMAP,kmeans,,metric,e,,,TI,combination-3,,0.0,0.01,0.9191594713982467,,,,,,,,,,,,,,,,,,,
PaCMAP,louvain,,metric,e,,,TI,combination-3,,0.0,0.02,0.9191594713982467,,,,,,,,,,,,,,,,,,,
PaCMAP,spectral,,metric,e,,,TI,combination-3,,-0.0,0.01,0.9191594713982467,,,,,,,,,,,,,,,,,,,
SAUCIE,kmeans,,deep,e,,,TI,combination-3,,0.08,0.12,0.9191594713982467,,,,,,,,,,,,,,,,,,,
SAUCIE,louvain,,deep,e,,,TI,combination-3,,0.03,0.11,0.9191594713982467,,,,,,,,,,,,,,,,,,,
SAUCIE,spectral,,deep,e,,,TI,combination-3,,0.07,0.13,0.9191594713982467,,,,,,,,,,,,,,,,,,,
SCDRHA,kmeans,,deep,e,,,TI,combination-3,,0.28,0.39,0.9191594713982467,,,,,,,,,,,,,,,,,,,
SCDRHA,louvain,,deep,e,,,TI,combination-3,,0.11,0.33,0.9191594713982467,,,,,,,,,,,,,,,,,,,
SCDRHA,spectral,,deep,e,,,TI,combination-3,,0.26,0.39,0.9191594713982467,,,,,,,,,,,,,,,,,,,
SIMLR,kmeans,,graph,e,,,TI,combination-3,,0.52,0.59,0.9191594713982467,,,,,,,,,,,,,,,,,,,
SIMLR,louvain,,graph,e,,,TI,combination-3,,0.22,0.5,0.9191594713982467,,,,,,,,,,,,,,,,,,,
SIMLR,spectral,,graph,e,,,TI,combination-3,,0.52,0.62,0.9191594713982467,,,,,,,,,,,,,,,,,,,
SPDR,kmeans,,graph,e,,,TI,combination-3,,0.52,0.62,0.9191594713982467,,,,,,,,,,,,,,,,,,,
SPDR,louvain,,graph,e,,,TI,combination-3,,0.19,0.51,0.9191594713982467,,,,,,,,,,,,,,,,,,,
SPDR,spectral,,graph,e,,,TI,combination-3,,0.54,0.64,0.9191594713982467,,,,,,,,,,,,,,,,,,,
SQuaD-MDS,kmeans,,metric,e,,,TI,combination-3,,0.305,0.41500000000000004,0.9191594713982467,,,,,,,,,,,,,,,,,,,
SQuaD-MDS,louvain,,metric,e,,,TI,combination-3,,0.14,0.38,0.9191594713982467,,,,,,,,,,,,,,,,,,,
SQuaD-MDS,spectral,,metric,e,,,TI,combination-3,,0.315,0.44500000000000006,0.9191594713982467,,,,,,,,,,,,,,,,,,,
SSNMDI,kmeans,,linear,e,,,TI,combination-3,,0.0,0.01,0.9191594713982467,,,,,,,,,,,,,,,,,,,
SSNMDI,louvain,,linear,e,,,TI,combination-3,,0.0,0.03,0.9191594713982467,,,,,,,,,,,,,,,,,,,
SSNMDI,spectral,,linear,e,,,TI,combination-3,,0.0,0.01,0.9191594713982467,,,,,,,,,,,,,,,,,,,
TriMap,kmeans,,metric,e,,,TI,combination-3,,0.51,0.62,0.9191594713982467,,,,,,,,,,,,,,,,,,,
TriMap,louvain,,metric,e,,,TI,combination-3,,0.19,0.49,0.9191594713982467,,,,,,,,,,,,,,,,,,,
TriMap,spectral,,metric,e,,,TI,combination-3,,0.51,0.62,0.9191594713982467,,,,,,,,,,,,,,,,,,,
UMAP,kmeans,,graph,e,,,TI,combination-3,,0.46,0.6,0.9191594713982467,,,,,,,,,,,,,,,,,,,
UMAP,louvain,,graph,e,,,TI,combination-3,,0.17,0.48,0.9191594713982467,,,,,,,,,,,,,,,,,,,
UMAP,spectral,,graph,e,,,TI,combination-3,,0.43,0.59,0.9191594713982467,,,,,,,,,,,,,,,,,,,
VAE,kmeans,,deep,e,,,TI,combination-3,,0.57,0.66,0.9191594713982467,,,,,,,,,,,,,,,,,,,
VAE,louvain,,deep,e,,,TI,combination-3,,0.2,0.52,0.9191594713982467,,,,,,,,,,,,,,,,,,,
VAE,spectral,,deep,e,,,TI,combination-3,,0.59,0.69,0.9191594713982467,,,,,,,,,,,,,,,,,,,
VASC,kmeans,,deep,e,,,TI,combination-3,,0.57,0.65,0.9191594713982467,,,,,,,,,,,,,,,,,,,
VASC,louvain,,deep,e,,,TI,combination-3,,0.2,0.53,0.9191594713982467,,,,,,,,,,,,,,,,,,,
VASC,spectral,,deep,e,,,TI,combination-3,,0.45,0.58,0.9191594713982467,,,,,,,,,,,,,,,,,,,
ZIFA,kmeans,,linear,e,,,TI,combination-3,,0.27,0.39,0.9191594713982467,,,,,,,,,,,,,,,,,,,
ZIFA,louvain,,linear,e,,,TI,combination-3,,0.12,0.35,0.9191594713982467,,,,,,,,,,,,,,,,,,,
ZIFA,spectral,,linear,e,,,TI,combination-3,,0.3,0.42,0.9191594713982467,,,,,,,,,,,,,,,,,,,
pCMF,kmeans,,linear,e,,,TI,combination-3,,0.07,0.11,0.9191594713982467,,,,,,,,,,,,,,,,,,,
pCMF,louvain,,linear,e,,,TI,combination-3,,0.02,0.09,0.9191594713982467,,,,,,,,,,,,,,,,,,,
pCMF,spectral,,linear,e,,,TI,combination-3,,0.07,0.11,0.9191594713982467,,,,,,,,,,,,,,,,,,,
scGAE,kmeans,,deep,e,,,TI,combination-3,,0.21,0.32,0.9191594713982467,,,,,,,,,,,,,,,,,,,
scGAE,louvain,,deep,e,,,TI,combination-3,,0.11,0.36,0.9191594713982467,,,,,,,,,,,,,,,,,,,
scGAE,spectral,,deep,e,,,TI,combination-3,,0.31,0.42,0.9191594713982467,,,,,,,,,,,,,,,,,,,
scGBM,kmeans,,linear,e,,,TI,combination-3,,0.6,0.68,0.9191594713982467,,,,,,,,,,,,,,,,,,,
scGBM,louvain,,linear,e,,,TI,combination-3,,0.21,0.56,0.9191594713982467,,,,,,,,,,,,,,,,,,,
scGBM,spectral,,linear,e,,,TI,combination-3,,0.48,0.64,0.9191594713982467,,,,,,,,,,,,,,,,,,,
scScope,kmeans,,deep,e,,,TI,combination-3,,0.08,0.12,0.9191594713982467,,,,,,,,,,,,,,,,,,,
scScope,louvain,,deep,e,,,TI,combination-3,,0.07,0.2,0.9191594713982467,,,,,,,,,,,,,,,,,,,
scScope,spectral,,deep,e,,,TI,combination-3,,0.1,0.14,0.9191594713982467,,,,,,,,,,,,,,,,,,,
scvis,kmeans,,deep,e,,,TI,combination-3,,0.46,0.59,0.9191594713982467,,,,,,,,,,,,,,,,,,,
scvis,louvain,,deep,e,,,TI,combination-3,,0.2,0.48,0.9191594713982467,,,,,,,,,,,,,,,,,,,
scvis,spectral,,deep,e,,,TI,combination-3,,0.48,0.59,0.9191594713982467,,,,,,,,,,,,,,,,,,,
t-SNE,kmeans,,metric,e,,,TI,combination-3,,0.54,0.66,0.9191594713982467,,,,,,,,,,,,,,,,,,,
t-SNE,louvain,,metric,e,,,TI,combination-3,,0.22,0.55,0.9191594713982467,,,,,,,,,,,,,,,,,,,
t-SNE,spectral,,metric,e,,,TI,combination-3,,0.54,0.67,0.9191594713982467,,,,,,,,,,,,,,,,,,,
tGPLVM,kmeans,,linear,e,,,TI,combination-3,,-0.0,0.0,0.9191594713982467,,,,,,,,,,,,,,,,,,,
tGPLVM,louvain,,linear,e,,,TI,combination-3,,-0.0,0.02,0.9191594713982467,,,,,,,,,,,,,,,,,,,
tGPLVM,spectral,,linear,e,,,TI,combination-3,,0.0,0.01,0.9191594713982467,,,,,,,,,,,,,,,,,,,
DRA,kmeans,,deep,e,,,TI,epiblast,,0.02,0.09,0.9191594713982467,,,,,,,,,,,,,,,,,,,
DRA,louvain,,deep,e,,,TI,epiblast,,0.0,0.08,0.9191594713982467,,,,,,,,,,,,,,,,,,,
DRA,spectral,,deep,e,,,TI,epiblast,,-0.0,0.07,0.9191594713982467,,,,,,,,,,,,,,,,,,,
DREAM,kmeans,,deep,e,,,TI,epiblast,,0.7,0.78,0.9191594713982467,,,,,,,,,,,,,,,,,,,
DREAM,louvain,,deep,e,,,TI,epiblast,,0.64,0.76,0.9191594713982467,,,,,,,,,,,,,,,,,,,
DREAM,spectral,,deep,e,,,TI,epiblast,,0.68,0.79,0.9191594713982467,,,,,,,,,,,,,,,,,,,
EDGE,kmeans,,graph,e,,,TI,epiblast,,0.71,0.79,0.9191594713982467,,,,,,,,,,,,,,,,,,,
EDGE,louvain,,graph,e,,,TI,epiblast,,0.62,0.74,0.9191594713982467,,,,,,,,,,,,,,,,,,,
EDGE,spectral,,graph,e,,,TI,epiblast,,0.52,0.7,0.9191594713982467,,,,,,,,,,,,,,,,,,,
GLMPCA,kmeans,,linear,e,,,TI,epiblast,,0.64,0.74,0.9191594713982467,,,,,,,,,,,,,,,,,,,
GLMPCA,louvain,,linear,e,,,TI,epiblast,,0.66,0.75,0.9191594713982467,,,,,,,,,,,,,,,,,,,
GLMPCA,spectral,,linear,e,,,TI,epiblast,,0.6,0.74,0.9191594713982467,,,,,,,,,,,,,,,,,,,
IVIS,kmeans,,metric,e,,,TI,epiblast,,0.57,0.69,0.9191594713982467,,,,,,,,,,,,,,,,,,,
IVIS,louvain,,metric,e,,,TI,epiblast,,0.51,0.67,0.9191594713982467,,,,,,,,,,,,,,,,,,,
IVIS,spectral,,metric,e,,,TI,epiblast,,0.59,0.71,0.9191594713982467,,,,,,,,,,,,,,,,,,,
PCA,kmeans,,linear,e,,,TI,epiblast,,0.7,0.76,0.9191594713982467,,,,,,,,,,,,,,,,,,,
PCA,louvain,,linear,e,,,TI,epiblast,,0.6,0.72,0.9191594713982467,,,,,,,,,,,,,,,,,,,
PCA,spectral,,linear,e,,,TI,epiblast,,0.62,0.74,0.9191594713982467,,,,,,,,,,,,,,,,,,,
PHATE,kmeans,,graph,e,,,TI,epiblast,,0.61,0.7,0.9191594713982467,,,,,,,,,,,,,,,,,,,
PHATE,louvain,,graph,e,,,TI,epiblast,,0.55,0.69,0.9191594713982467,,,,,,,,,,,,,,,,,,,
PHATE,spectral,,graph,e,,,TI,epiblast,,0.57,0.69,0.9191594713982467,,,,,,,,,,,,,,,,,,,
PaCMAP,kmeans,,metric,e,,,TI,epiblast,,0.38,0.54,0.9191594713982467,,,,,,,,,,,,,,,,,,,
PaCMAP,louvain,,metric,e,,,TI,epiblast,,0.36,0.54,0.9191594713982467,,,,,,,,,,,,,,,,,,,
PaCMAP,spectral,,metric,e,,,TI,epiblast,,0.38,0.56,0.9191594713982467,,,,,,,,,,,,,,,,,,,
SAUCIE,kmeans,,deep,e,,,TI,epiblast,,0.55,0.65,0.9191594713982467,,,,,,,,,,,,,,,,,,,
SAUCIE,louvain,,deep,e,,,TI,epiblast,,0.54,0.63,0.9191594713982467,,,,,,,,,,,,,,,,,,,
SAUCIE,spectral,,deep,e,,,TI,epiblast,,0.51,0.61,0.9191594713982467,,,,,,,,,,,,,,,,,,,
SCDRHA,kmeans,,deep,e,,,TI,epiblast,,0.83,0.82,0.9191594713982467,,,,,,,,,,,,,,,,,,,
SCDRHA,louvain,,deep,e,,,TI,epiblast,,0.68,0.77,0.9191594713982467,,,,,,,,,,,,,,,,,,,
SCDRHA,spectral,,deep,e,,,TI,epiblast,,0.7,0.78,0.9191594713982467,,,,,,,,,,,,,,,,,,,
SIMLR,kmeans,,graph,e,,,TI,epiblast,,0.63,0.73,0.9191594713982467,,,,,,,,,,,,,,,,,,,
SIMLR,louvain,,graph,e,,,TI,epiblast,,0.59,0.72,0.9191594713982467,,,,,,,,,,,,,,,,,,,
SIMLR,spectral,,graph,e,,,TI,epiblast,,0.64,0.75,0.9191594713982467,,,,,,,,,,,,,,,,,,,
SPDR,kmeans,,graph,e,,,TI,epiblast,,0.89,0.89,0.9191594713982467,,,,,,,,,,,,,,,,,,,
SPDR,louvain,,graph,e,,,TI,epiblast,,0.79,0.84,0.9191594713982467,,,,,,,,,,,,,,,,,,,
SPDR,spectral,,graph,e,,,TI,epiblast,,0.81,0.85,0.9191594713982467,,,,,,,,,,,,,,,,,,,
SQuaD-MDS,kmeans,,metric,e,,,TI,epiblast,,0.6599999999999999,0.75,0.9191594713982467,,,,,,,,,,,,,,,,,,,
SQuaD-MDS,louvain,,metric,e,,,TI,epiblast,,0.63,0.7450000000000001,0.9191594713982467,,,,,,,,,,,,,,,,,,,
SQuaD-MDS,spectral,,metric,e,,,TI,epiblast,,0.6200000000000001,0.72,0.9191594713982467,,,,,,,,,,,,,,,,,,,
SSNMDI,kmeans,,linear,e,,,TI,epiblast,,0.34,0.49,0.9191594713982467,,,,,,,,,,,,,,,,,,,
SSNMDI,louvain,,linear,e,,,TI,epiblast,,0.33,0.5,0.9191594713982467,,,,,,,,,,,,,,,,,,,
SSNMDI,spectral,,linear,e,,,TI,epiblast,,0.29,0.46,0.9191594713982467,,,,,,,,,,,,,,,,,,,
TriMap,kmeans,,metric,e,,,TI,epiblast,,0.79,0.84,0.9191594713982467,,,,,,,,,,,,,,,,,,,
TriMap,louvain,,metric,e,,,TI,epiblast,,0.72,0.83,0.9191594713982467,,,,,,,,,,,,,,,,,,,
TriMap,spectral,,metric,e,,,TI,epiblast,,0.78,0.85,0.9191594713982467,,,,,,,,,,,,,,,,,,,
UMAP,kmeans,,graph,e,,,TI,epiblast,,0.8,0.86,0.9191594713982467,,,,,,,,,,,,,,,,,,,
UMAP,louvain,,graph,e,,,TI,epiblast,,0.63,0.78,0.9191594713982467,,,,,,,,,,,,,,,,,,,
UMAP,spectral,,graph,e,,,TI,epiblast,,0.66,0.8,0.9191594713982467,,,,,,,,,,,,,,,,,,,
VAE,kmeans,,deep,e,,,TI,epiblast,,0.15,0.27,0.9191594713982467,,,,,,,,,,,,,,,,,,,
VAE,louvain,,deep,e,,,TI,epiblast,,0.15,0.27,0.9191594713982467,,,,,,,,,,,,,,,,,,,
VAE,spectral,,deep,e,,,TI,epiblast,,0.17,0.3,0.9191594713982467,,,,,,,,,,,,,,,,,,,
VASC,kmeans,,deep,e,,,TI,epiblast,,0.81,0.85,0.9191594713982467,,,,,,,,,,,,,,,,,,,
VASC,louvain,,deep,e,,,TI,epiblast,,0.57,0.74,0.9191594713982467,,,,,,,,,,,,,,,,,,,
VASC,spectral,,deep,e,,,TI,epiblast,,0.63,0.75,0.9191594713982467,,,,,,,,,,,,,,,,,,,
ZIFA,kmeans,,linear,e,,,TI,epiblast,,0.63,0.75,0.9191594713982467,,,,,,,,,,,,,,,,,,,
ZIFA,louvain,,linear,e,,,TI,epiblast,,0.55,0.67,0.9191594713982467,,,,,,,,,,,,,,,,,,,
ZIFA,spectral,,linear,e,,,TI,epiblast,,0.57,0.69,0.9191594713982467,,,,,,,,,,,,,,,,,,,
pCMF,kmeans,,linear,e,,,TI,epiblast,,0.35,0.54,0.9191594713982467,,,,,,,,,,,,,,,,,,,
pCMF,louvain,,linear,e,,,TI,epiblast,,0.33,0.54,0.9191594713982467,,,,,,,,,,,,,,,,,,,
pCMF,spectral,,linear,e,,,TI,epiblast,,0.32,0.52,0.9191594713982467,,,,,,,,,,,,,,,,,,,
scGAE,kmeans,,deep,e,,,TI,epiblast,,0.78,0.81,0.9191594713982467,,,,,,,,,,,,,,,,,,,
scGAE,louvain,,deep,e,,,TI,epiblast,,0.71,0.79,0.9191594713982467,,,,,,,,,,,,,,,,,,,
scGAE,spectral,,deep,e,,,TI,epiblast,,0.76,0.81,0.9191594713982467,,,,,,,,,,,,,,,,,,,
scGBM,kmeans,,linear,e,,,TI,epiblast,,0.67,0.75,0.9191594713982467,,,,,,,,,,,,,,,,,,,
scGBM,louvain,,linear,e,,,TI,epiblast,,0.64,0.76,0.9191594713982467,,,,,,,,,,,,,,,,,,,
scGBM,spectral,,linear,e,,,TI,epiblast,,0.65,0.76,0.9191594713982467,,,,,,,,,,,,,,,,,,,
scScope,kmeans,,deep,e,,,TI,epiblast,,0.01,0.09,0.9191594713982467,,,,,,,,,,,,,,,,,,,
scScope,louvain,,deep,e,,,TI,epiblast,,0.02,0.11,0.9191594713982467,,,,,,,,,,,,,,,,,,,
scScope,spectral,,deep,e,,,TI,epiblast,,0.0,0.08,0.9191594713982467,,,,,,,,,,,,,,,,,,,
scvis,kmeans,,deep,e,,,TI,epiblast,,0.78,0.83,0.9191594713982467,,,,,,,,,,,,,,,,,,,
scvis,louvain,,deep,e,,,TI,epiblast,,0.78,0.84,0.9191594713982467,,,,,,,,,,,,,,,,,,,
scvis,spectral,,deep,e,,,TI,epiblast,,0.78,0.84,0.9191594713982467,,,,,,,,,,,,,,,,,,,
t-SNE,kmeans,,metric,e,,,TI,epiblast,,0.82,0.88,0.9191594713982467,,,,,,,,,,,,,,,,,,,
t-SNE,louvain,,metric,e,,,TI,epiblast,,0.61,0.79,0.9191594713982467,,,,,,,,,,,,,,,,,,,
t-SNE,spectral,,metric,e,,,TI,epiblast,,0.79,0.86,0.9191594713982467,,,,,,,,,,,,,,,,,,,
tGPLVM,kmeans,,linear,e,,,TI,epiblast,,0.25,0.4,0.9191594713982467,,,,,,,,,,,,,,,,,,,
tGPLVM,louvain,,linear,e,,,TI,epiblast,,0.27,0.41,0.9191594713982467,,,,,,,,,,,,,,,,,,,
tGPLVM,spectral,,linear,e,,,TI,epiblast,,0.27,0.41,0.9191594713982467,,,,,,,,,,,,,,,,,,,
DRA,kmeans,,deep,e,,,TI,epidermis,,0.0,0.0,0.9191594713982467,,,,,,,,,,,,,,,,,,,
DRA,louvain,,deep,e,,,TI,epidermis,,-0.0,0.01,0.9191594713982467,,,,,,,,,,,,,,,,,,,
DRA,spectral,,deep,e,,,TI,epidermis,,0.0,0.0,0.9191594713982467,,,,,,,,,,,,,,,,,,,
DREAM,kmeans,,deep,e,,,TI,epidermis,,0.24,0.43,0.9191594713982467,,,,,,,,,,,,,,,,,,,
DREAM,louvain,,deep,e,,,TI,epidermis,,0.03,0.26,0.9191594713982467,,,,,,,,,,,,,,,,,,,
DREAM,spectral,,deep,e,,,TI,epidermis,,0.24,0.43,0.9191594713982467,,,,,,,,,,,,,,,,,,,
EDGE,kmeans,,graph,e,,,TI,epidermis,,0.14,0.3,0.9191594713982467,,,,,,,,,,,,,,,,,,,
EDGE,louvain,,graph,e,,,TI,epidermis,,0.02,0.22,0.9191594713982467,,,,,,,,,,,,,,,,,,,
EDGE,spectral,,graph,e,,,TI,epidermis,,0.14,0.3,0.9191594713982467,,,,,,,,,,,,,,,,,,,
GLMPCA,kmeans,,linear,e,,,TI,epidermis,,0.33,0.52,0.9191594713982467,,,,,,,,,,,,,,,,,,,
GLMPCA,louvain,,linear,e,,,TI,epidermis,,0.04,0.33,0.9191594713982467,,,,,,,,,,,,,,,,,,,
GLMPCA,spectral,,linear,e,,,TI,epidermis,,0.31,0.52,0.9191594713982467,,,,,,,,,,,,,,,,,,,
IVIS,kmeans,,metric,e,,,TI,epidermis,,0.31,0.52,0.9191594713982467,,,,,,,,,,,,,,,,,,,
IVIS,louvain,,metric,e,,,TI,epidermis,,0.04,0.33,0.9191594713982467,,,,,,,,,,,,,,,,,,,
IVIS,spectral,,metric,e,,,TI,epidermis,,0.27,0.5,0.9191594713982467,,,,,,,,,,,,,,,,,,,
PCA,kmeans,,linear,e,,,TI,epidermis,,0.63,0.57,0.9191594713982467,,,,,,,,,,,,,,,,,,,
PCA,louvain,,linear,e,,,TI,epidermis,,0.03,0.29,0.9191594713982467,,,,,,,,,,,,,,,,,,,
PCA,spectral,,linear,e,,,TI,epidermis,,0.23,0.45,0.9191594713982467,,,,,,,,,,,,,,,,,,,
PHATE,kmeans,,graph,e,,,TI,epidermis,,0.61,0.59,0.9191594713982467,,,,,,,,,,,,,,,,,,,
PHATE,louvain,,graph,e,,,TI,epidermis,,0.04,0.34,0.9191594713982467,,,,,,,,,,,,,,,,,,,
PHATE,spectral,,graph,e,,,TI,epidermis,,0.28,0.52,0.9191594713982467,,,,,,,,,,,,,,,,,,,
PaCMAP,kmeans,,metric,e,,,TI,epidermis,,0.0,0.01,0.9191594713982467,,,,,,,,,,,,,,,,,,,
PaCMAP,louvain,,metric,e,,,TI,epidermis,,0.0,0.02,0.9191594713982467,,,,,,,,,,,,,,,,,,,
PaCMAP,spectral,,metric,e,,,TI,epidermis,,0.0,0.01,0.9191594713982467,,,,,,,,,,,,,,,,,,,
SAUCIE,kmeans,,deep,e,,,TI,epidermis,,0.04,0.04,0.9191594713982467,,,,,,,,,,,,,,,,,,,
SAUCIE,louvain,,deep,e,,,TI,epidermis,,0.01,0.09,0.9191594713982467,,,,,,,,,,,,,,,,,,,
SAUCIE,spectral,,deep,e,,,TI,epidermis,,0.04,0.05,0.9191594713982467,,,,,,,,,,,,,,,,,,,
SCDRHA,kmeans,,deep,e,,,TI,epidermis,,0.34,0.42,0.9191594713982467,,,,,,,,,,,,,,,,,,,
SCDRHA,louvain,,deep,e,,,TI,epidermis,,0.03,0.29,0.9191594713982467,,,,,,,,,,,,,,,,,,,
SCDRHA,spectral,,deep,e,,,TI,epidermis,,0.19,0.32,0.9191594713982467,,,,,,,,,,,,,,,,,,,
SIMLR,kmeans,,graph,e,,,TI,epidermis,,0.18,0.37,0.9191594713982467,,,,,,,,,,,,,,,,,,,
SIMLR,louvain,,graph,e,,,TI,epidermis,,0.04,0.32,0.9191594713982467,,,,,,,,,,,,,,,,,,,
SIMLR,spectral,,graph,e,,,TI,epidermis,,0.26,0.47,0.9191594713982467,,,,,,,,,,,,,,,,,,,
SPDR,kmeans,,graph,e,,,TI,epidermis,,0.32,0.48,0.9191594713982467,,,,,,,,,,,,,,,,,,,
SPDR,louvain,,graph,e,,,TI,epidermis,,0.03,0.32,0.9191594713982467,,,,,,,,,,,,,,,,,,,
SPDR,spectral,,graph,e,,,TI,epidermis,,0.32,0.48,0.9191594713982467,,,,,,,,,,,,,,,,,,,
SQuaD-MDS,kmeans,,metric,e,,,TI,epidermis,,0.175,0.36,0.9191594713982467,,,,,,,,,,,,,,,,,,,
SQuaD-MDS,louvain,,metric,e,,,TI,epidermis,,0.035,0.29500000000000004,0.9191594713982467,,,,,,,,,,,,,,,,,,,
SQuaD-MDS,spectral,,metric,e,,,TI,epidermis,,0.215,0.38,0.9191594713982467,,,,,,,,,,,,,,,,,,,
SSNMDI,kmeans,,linear,e,,,TI,epidermis,,0.0,0.0,0.9191594713982467,,,,,,,,,,,,,,,,,,,
SSNMDI,louvain,,linear,e,,,TI,epidermis,,-0.0,0.02,0.9191594713982467,,,,,,,,,,,,,,,,,,,
SSNMDI,spectral,,linear,e,,,TI,epidermis,,0.0,0.01,0.9191594713982467,,,,,,,,,,,,,,,,,,,
TriMap,kmeans,,metric,e,,,TI,epidermis,,0.32,0.48,0.9191594713982467,,,,,,,,,,,,,,,,,,,
TriMap,louvain,,metric,e,,,TI,epidermis,,0.04,0.34,0.9191594713982467,,,,,,,,,,,,,,,,,,,
TriMap,spectral,,metric,e,,,TI,epidermis,,0.32,0.51,0.9191594713982467,,,,,,,,,,,,,,,,,,,
UMAP,kmeans,,graph,e,,,TI,epidermis,,0.26,0.47,0.9191594713982467,,,,,,,,,,,,,,,,,,,
UMAP,louvain,,graph,e,,,TI,epidermis,,0.04,0.33,0.9191594713982467,,,,,,,,,,,,,,,,,,,
UMAP,spectral,,graph,e,,,TI,epidermis,,0.25,0.46,0.9191594713982467,,,,,,,,,,,,,,,,,,,
VAE,kmeans,,deep,e,,,TI,epidermis,,0.23,0.39,0.9191594713982467,,,,,,,,,,,,,,,,,,,
VAE,louvain,,deep,e,,,TI,epidermis,,0.03,0.29,0.9191594713982467,,,,,,,,,,,,,,,,,,,
VAE,spectral,,deep,e,,,TI,epidermis,,0.24,0.42,0.9191594713982467,,,,,,,,,,,,,,,,,,,
VASC,kmeans,,deep,e,,,TI,epidermis,,0.44,0.53,0.9191594713982467,,,,,,,,,,,,,,,,,,,
VASC,louvain,,deep,e,,,TI,epidermis,,0.04,0.31,0.9191594713982467,,,,,,,,,,,,,,,,,,,
VASC,spectral,,deep,e,,,TI,epidermis,,0.16,0.41,0.9191594713982467,,,,,,,,,,,,,,,,,,,
ZIFA,kmeans,,linear,e,,,TI,epidermis,,0.4,0.48,0.9191594713982467,,,,,,,,,,,,,,,,,,,
ZIFA,louvain,,linear,e,,,TI,epidermis,,0.03,0.28,0.9191594713982467,,,,,,,,,,,,,,,,,,,
ZIFA,spectral,,linear,e,,,TI,epidermis,,0.24,0.41,0.9191594713982467,,,,,,,,,,,,,,,,,,,
pCMF,kmeans,,linear,e,,,TI,epidermis,,0.04,0.05,0.9191594713982467,,,,,,,,,,,,,,,,,,,
pCMF,louvain,,linear,e,,,TI,epidermis,,0.0,0.04,0.9191594713982467,,,,,,,,,,,,,,,,,,,
pCMF,spectral,,linear,e,,,TI,epidermis,,0.02,0.04,0.9191594713982467,,,,,,,,,,,,,,,,,,,
scGAE,kmeans,,deep,e,,,TI,epidermis,,0.07,0.19,0.9191594713982467,,,,,,,,,,,,,,,,,,,
scGAE,louvain,,deep,e,,,TI,epidermis,,0.03,0.28,0.9191594713982467,,,,,,,,,,,,,,,,,,,
scGAE,spectral,,deep,e,,,TI,epidermis,,0.25,0.48,0.9191594713982467,,,,,,,,,,,,,,,,,,,
scGBM,kmeans,,linear,e,,,TI,epidermis,,0.34,0.53,0.9191594713982467,,,,,,,,,,,,,,,,,,,
scGBM,louvain,,linear,e,,,TI,epidermis,,0.04,0.33,0.9191594713982467,,,,,,,,,,,,,,,,,,,
scGBM,spectral,,linear,e,,,TI,epidermis,,0.32,0.54,0.9191594713982467,,,,,,,,,,,,,,,,,,,
scScope,kmeans,,deep,e,,,TI,epidermis,,0.11,0.24,0.9191594713982467,,,,,,,,,,,,,,,,,,,
scScope,louvain,,deep,e,,,TI,epidermis,,0.03,0.21,0.9191594713982467,,,,,,,,,,,,,,,,,,,
scScope,spectral,,deep,e,,,TI,epidermis,,0.14,0.25,0.9191594713982467,,,,,,,,,,,,,,,,,,,
scvis,kmeans,,deep,e,,,TI,epidermis,,0.56,0.54,0.9191594713982467,,,,,,,,,,,,,,,,,,,
scvis,louvain,,deep,e,,,TI,epidermis,,0.04,0.33,0.9191594713982467,,,,,,,,,,,,,,,,,,,
scvis,spectral,,deep,e,,,TI,epidermis,,0.2,0.4,0.9191594713982467,,,,,,,,,,,,,,,,,,,
t-SNE,kmeans,,metric,e,,,TI,epidermis,,0.27,0.48,0.9191594713982467,,,,,,,,,,,,,,,,,,,
t-SNE,louvain,,metric,e,,,TI,epidermis,,0.04,0.32,0.9191594713982467,,,,,,,,,,,,,,,,,,,
t-SNE,spectral,,metric,e,,,TI,epidermis,,0.25,0.47,0.9191594713982467,,,,,,,,,,,,,,,,,,,
tGPLVM,kmeans,,linear,e,,,TI,epidermis,,0.03,0.05,0.9191594713982467,,,,,,,,,,,,,,,,,,,
tGPLVM,louvain,,linear,e,,,TI,epidermis,,0.0,0.04,0.9191594713982467,,,,,,,,,,,,,,,,,,,
tGPLVM,spectral,,linear,e,,,TI,epidermis,,0.04,0.05,0.9191594713982467,,,,,,,,,,,,,,,,,,,
DRA,kmeans,,deep,e,,,TI,horns,,0.0,0.1,0.9191594713982467,,,,,,,,,,,,,,,,,,,
DRA,louvain,,deep,e,,,TI,horns,,0.0,0.07,0.9191594713982467,,,,,,,,,,,,,,,,,,,
DRA,spectral,,deep,e,,,TI,horns,,0.01,0.1,0.9191594713982467,,,,,,,,,,,,,,,,,,,
DREAM,kmeans,,deep,e,,,TI,horns,,0.64,0.82,0.9191594713982467,,,,,,,,,,,,,,,,,,,
DREAM,louvain,,deep,e,,,TI,horns,,0.76,0.87,0.9191594713982467,,,,,,,,,,,,,,,,,,,
DREAM,spectral,,deep,e,,,TI,horns,,0.68,0.84,0.9191594713982467,,,,,,,,,,,,,,,,,,,
EDGE,kmeans,,graph,e,,,TI,horns,,0.52,0.74,0.9191594713982467,,,,,,,,,,,,,,,,,,,
EDGE,louvain,,graph,e,,,TI,horns,,0.71,0.78,0.9191594713982467,,,,,,,,,,,,,,,,,,,
EDGE,spectral,,graph,e,,,TI,horns,,0.49,0.72,0.9191594713982467,,,,,,,,,,,,,,,,,,,
GLMPCA,kmeans,,linear,e,,,TI,horns,,0.3,0.52,0.9191594713982467,,,,,,,,,,,,,,,,,,,
GLMPCA,louvain,,linear,e,,,TI,horns,,0.26,0.51,0.9191594713982467,,,,,,,,,,,,,,,,,,,
GLMPCA,spectral,,linear,e,,,TI,horns,,0.24,0.49,0.9191594713982467,,,,,,,,,,,,,,,,,,,
IVIS,kmeans,,metric,e,,,TI,horns,,0.5,0.7,0.9191594713982467,,,,,,,,,,,,,,,,,,,
IVIS,louvain,,metric,e,,,TI,horns,,0.52,0.71,0.9191594713982467,,,,,,,,,,,,,,,,,,,
IVIS,spectral,,metric,e,,,TI,horns,,0.45,0.68,0.9191594713982467,,,,,,,,,,,,,,,,,,,
PCA,kmeans,,linear,e,,,TI,horns,,0.45,0.67,0.9191594713982467,,,,,,,,,,,,,,,,,,,
PCA,louvain,,linear,e,,,TI,horns,,0.49,0.68,0.9191594713982467,,,,,,,,,,,,,,,,,,,
PCA,spectral,,linear,e,,,TI,horns,,0.4,0.63,0.9191594713982467,,,,,,,,,,,,,,,,,,,
PHATE,kmeans,,graph,e,,,TI,horns,,0.57,0.72,0.9191594713982467,,,,,,,,,,,,,,,,,,,
PHATE,louvain,,graph,e,,,TI,horns,,0.42,0.7,0.9191594713982467,,,,,,,,,,,,,,,,,,,
PHATE,spectral,,graph,e,,,TI,horns,,0.49,0.72,0.9191594713982467,,,,,,,,,,,,,,,,,,,
PaCMAP,kmeans,,metric,e,,,TI,horns,,0.36,0.61,0.9191594713982467,,,,,,,,,,,,,,,,,,,
PaCMAP,louvain,,metric,e,,,TI,horns,,0.38,0.6,0.9191594713982467,,,,,,,,,,,,,,,,,,,
PaCMAP,spectral,,metric,e,,,TI,horns,,0.36,0.61,0.9191594713982467,,,,,,,,,,,,,,,,,,,
SAUCIE,kmeans,,deep,e,,,TI,horns,,0.16,0.38,0.9191594713982467,,,,,,,,,,,,,,,,,,,
SAUCIE,louvain,,deep,e,,,TI,horns,,0.17,0.37,0.9191594713982467,,,,,,,,,,,,,,,,,,,
SAUCIE,spectral,,deep,e,,,TI,horns,,0.15,0.37,0.9191594713982467,,,,,,,,,,,,,,,,,,,
SCDRHA,kmeans,,deep,e,,,TI,horns,,0.44,0.65,0.9191594713982467,,,,,,,,,,,,,,,,,,,
SCDRHA,louvain,,deep,e,,,TI,horns,,0.3,0.6,0.9191594713982467,,,,,,,,,,,,,,,,,,,
SCDRHA,spectral,,deep,e,,,TI,horns,,0.4,0.63,0.9191594713982467,,,,,,,,,,,,,,,,,,,
SIMLR,kmeans,,graph,e,,,TI,horns,,0.84,0.9,0.9191594713982467,,,,,,,,,,,,,,,,,,,
SIMLR,louvain,,graph,e,,,TI,horns,,0.76,0.87,0.9191594713982467,,,,,,,,,,,,,,,,,,,
SIMLR,spectral,,graph,e,,,TI,horns,,0.43,0.72,0.9191594713982467,,,,,,,,,,,,,,,,,,,
SPDR,kmeans,,graph,e,,,TI,horns,,0.68,0.83,0.9191594713982467,,,,,,,,,,,,,,,,,,,
SPDR,louvain,,graph,e,,,TI,horns,,0.64,0.82,0.9191594713982467,,,,,,,,,,,,,,,,,,,
SPDR,spectral,,graph,e,,,TI,horns,,0.73,0.85,0.9191594713982467,,,,,,,,,,,,,,,,,,,
SQuaD-MDS,kmeans,,metric,e,,,TI,horns,,0.43000000000000005,0.645,0.9191594713982467,,,,,,,,,,,,,,,,,,,
SQuaD-MDS,louvain,,metric,e,,,TI,horns,,0.515,0.675,0.9191594713982467,,,,,,,,,,,,,,,,,,,
SQuaD-MDS,spectral,,metric,e,,,TI,horns,,0.42500000000000004,0.64,0.9191594713982467,,,,,,,,,,,,,,,,,,,
SSNMDI,kmeans,,linear,e,,,TI,horns,,0.31,0.55,0.9191594713982467,,,,,,,,,,,,,,,,,,,
SSNMDI,louvain,,linear,e,,,TI,horns,,0.24,0.55,0.9191594713982467,,,,,,,,,,,,,,,,,,,
SSNMDI,spectral,,linear,e,,,TI,horns,,0.28,0.54,0.9191594713982467,,,,,,,,,,,,,,,,,,,
TriMap,kmeans,,metric,e,,,TI,horns,,0.75,0.87,0.9191594713982467,,,,,,,,,,,,,,,,,,,
TriMap,louvain,,metric,e,,,TI,horns,,0.63,0.83,0.9191594713982467,,,,,,,,,,,,,,,,,,,
TriMap,spectral,,metric,e,,,TI,horns,,0.48,0.75,0.9191594713982467,,,,,,,,,,,,,,,,,,,
UMAP,kmeans,,graph,e,,,TI,horns,,0.65,0.82,0.9191594713982467,,,,,,,,,,,,,,,,,,,
UMAP,louvain,,graph,e,,,TI,horns,,0.59,0.8,0.9191594713982467,,,,,,,,,,,,,,,,,,,
UMAP,spectral,,graph,e,,,TI,horns,,0.65,0.81,0.9191594713982467,,,,,,,,,,,,,,,,,,,
VAE,kmeans,,deep,e,,,TI,horns,,0.14,0.33,0.9191594713982467,,,,,,,,,,,,,,,,,,,
VAE,louvain,,deep,e,,,TI,horns,,0.13,0.34,0.9191594713982467,,,,,,,,,,,,,,,,,,,
VAE,spectral,,deep,e,,,TI,horns,,0.07,0.27,0.9191594713982467,,,,,,,,,,,,,,,,,,,
VASC,kmeans,,deep,e,,,TI,horns,,0.42,0.66,0.9191594713982467,,,,,,,,,,,,,,,,,,,
VASC,louvain,,deep,e,,,TI,horns,,0.45,0.67,0.9191594713982467,,,,,,,,,,,,,,,,,,,
VASC,spectral,,deep,e,,,TI,horns,,0.41,0.65,0.9191594713982467,,,,,,,,,,,,,,,,,,,
ZIFA,kmeans,,linear,e,,,TI,horns,,0.55,0.74,0.9191594713982467,,,,,,,,,,,,,,,,,,,
ZIFA,louvain,,linear,e,,,TI,horns,,0.57,0.75,0.9191594713982467,,,,,,,,,,,,,,,,,,,
ZIFA,spectral,,linear,e,,,TI,horns,,0.56,0.74,0.9191594713982467,,,,,,,,,,,,,,,,,,,
pCMF,kmeans,,linear,e,,,TI,horns,,0.01,0.11,0.9191594713982467,,,,,,,,,,,,,,,,,,,
pCMF,louvain,,linear,e,,,TI,horns,,0.03,0.12,0.9191594713982467,,,,,,,,,,,,,,,,,,,
pCMF,spectral,,linear,e,,,TI,horns,,0.02,0.15,0.9191594713982467,,,,,,,,,,,,,,,,,,,
scGAE,kmeans,,deep,e,,,TI,horns,,0.3,0.54,0.9191594713982467,,,,,,,,,,,,,,,,,,,
scGAE,louvain,,deep,e,,,TI,horns,,0.37,0.55,0.9191594713982467,,,,,,,,,,,,,,,,,,,
scGAE,spectral,,deep,e,,,TI,horns,,0.24,0.48,0.9191594713982467,,,,,,,,,,,,,,,,,,,
scGBM,kmeans,,linear,e,,,TI,horns,,0.59,0.75,0.9191594713982467,,,,,,,,,,,,,,,,,,,
scGBM,louvain,,linear,e,,,TI,horns,,0.67,0.78,0.9191594713982467,,,,,,,,,,,,,,,,,,,
scGBM,spectral,,linear,e,,,TI,horns,,0.55,0.74,0.9191594713982467,,,,,,,,,,,,,,,,,,,
scScope,kmeans,,deep,e,,,TI,horns,,0.02,0.13,0.9191594713982467,,,,,,,,,,,,,,,,,,,
scScope,louvain,,deep,e,,,TI,horns,,0.03,0.12,0.9191594713982467,,,,,,,,,,,,,,,,,,,
scScope,spectral,,deep,e,,,TI,horns,,0.02,0.13,0.9191594713982467,,,,,,,,,,,,,,,,,,,
scvis,kmeans,,deep,e,,,TI,horns,,0.62,0.79,0.9191594713982467,,,,,,,,,,,,,,,,,,,
scvis,louvain,,deep,e,,,TI,horns,,0.48,0.76,0.9191594713982467,,,,,,,,,,,,,,,,,,,
scvis,spectral,,deep,e,,,TI,horns,,0.61,0.8,0.9191594713982467,,,,,,,,,,,,,,,,,,,
t-SNE,kmeans,,metric,e,,,TI,horns,,0.63,0.8,0.9191594713982467,,,,,,,,,,,,,,,,,,,
t-SNE,louvain,,metric,e,,,TI,horns,,0.75,0.84,0.9191594713982467,,,,,,,,,,,,,,,,,,,
t-SNE,spectral,,metric,e,,,TI,horns,,0.66,0.82,0.9191594713982467,,,,,,,,,,,,,,,,,,,
tGPLVM,kmeans,,linear,e,,,TI,horns,,0.45,0.63,0.9191594713982467,,,,,,,,,,,,,,,,,,,
tGPLVM,louvain,,linear,e,,,TI,horns,,0.36,0.59,0.9191594713982467,,,,,,,,,,,,,,,,,,,
tGPLVM,spectral,,linear,e,,,TI,horns,,0.37,0.59,0.9191594713982467,,,,,,,,,,,,,,,,,,,
DRA,kmeans,,deep,e,,,TI,muscle,,0.01,0.0,0.9191594713982467,,,,,,,,,,,,,,,,,,,
DRA,louvain,,deep,e,,,TI,muscle,,0.0,0.01,0.9191594713982467,,,,,,,,,,,,,,,,,,,
DRA,spectral,,deep,e,,,TI,muscle,,0.0,0.0,0.9191594713982467,,,,,,,,,,,,,,,,,,,
DREAM,kmeans,,deep,e,,,TI,muscle,,0.14,0.12,0.9191594713982467,,,,,,,,,,,,,,,,,,,
DREAM,louvain,,deep,e,,,TI,muscle,,0.02,0.11,0.9191594713982467,,,,,,,,,,,,,,,,,,,
DREAM,spectral,,deep,e,,,TI,muscle,,0.11,0.11,0.9191594713982467,,,,,,,,,,,,,,,,,,,
EDGE,kmeans,,graph,e,,,TI,muscle,,0.2,0.2,0.9191594713982467,,,,,,,,,,,,,,,,,,,
EDGE,louvain,,graph,e,,,TI,muscle,,0.03,0.14,0.9191594713982467,,,,,,,,,,,,,,,,,,,
EDGE,spectral,,graph,e,,,TI,muscle,,0.21,0.2,0.9191594713982467,,,,,,,,,,,,,,,,,,,
GLMPCA,kmeans,,linear,e,,,TI,muscle,,0.32,0.34,0.9191594713982467,,,,,,,,,,,,,,,,,,,
GLMPCA,louvain,,linear,e,,,TI,muscle,,0.05,0.22,0.9191594713982467,,,,,,,,,,,,,,,,,,,
GLMPCA,spectral,,linear,e,,,TI,muscle,,0.31,0.33,0.9191594713982467,,,,,,,,,,,,,,,,,,,
IVIS,kmeans,,metric,e,,,TI,muscle,,0.33,0.35,0.9191594713982467,,,,,,,,,,,,,,,,,,,
IVIS,louvain,,metric,e,,,TI,muscle,,0.05,0.21,0.9191594713982467,,,,,,,,,,,,,,,,,,,
IVIS,spectral,,metric,e,,,TI,muscle,,0.34,0.35,0.9191594713982467,,,,,,,,,,,,,,,,,,,
PCA,kmeans,,linear,e,,,TI,muscle,,-0.0,0.0,0.9191594713982467,,,,,,,,,,,,,,,,,,,
PCA,louvain,,linear,e,,,TI,muscle,,0.01,0.03,0.9191594713982467,,,,,,,,,,,,,,,,,,,
PCA,spectral,,linear,e,,,TI,muscle,,0.03,0.03,0.9191594713982467,,,,,,,,,,,,,,,,,,,
PHATE,kmeans,,graph,e,,,TI,muscle,,0.43,0.34,0.9191594713982467,,,,,,,,,,,,,,,,,,,
PHATE,louvain,,graph,e,,,TI,muscle,,0.05,0.22,0.9191594713982467,,,,,,,,,,,,,,,,,,,
PHATE,spectral,,graph,e,,,TI,muscle,,0.3,0.29,0.9191594713982467,,,,,,,,,,,,,,,,,,,
PaCMAP,kmeans,,metric,e,,,TI,muscle,,0.01,0.0,0.9191594713982467,,,,,,,,,,,,,,,,,,,
PaCMAP,louvain,,metric,e,,,TI,muscle,,0.0,0.01,0.9191594713982467,,,,,,,,,,,,,,,,,,,
PaCMAP,spectral,,metric,e,,,TI,muscle,,0.01,0.0,0.9191594713982467,,,,,,,,,,,,,,,,,,,
SAUCIE,kmeans,,deep,e,,,TI,muscle,,0.01,0.04,0.9191594713982467,,,,,,,,,,,,,,,,,,,
SAUCIE,louvain,,deep,e,,,TI,muscle,,0.01,0.03,0.9191594713982467,,,,,,,,,,,,,,,,,,,
SAUCIE,spectral,,deep,e,,,TI,muscle,,0.05,0.04,0.9191594713982467,,,,,,,,,,,,,,,,,,,
SCDRHA,kmeans,,deep,e,,,TI,muscle,,0.37,0.35,0.9191594713982467,,,,,,,,,,,,,,,,,,,
SCDRHA,louvain,,deep,e,,,TI,muscle,,0.04,0.19,0.9191594713982467,,,,,,,,,,,,,,,,,,,
SCDRHA,spectral,,deep,e,,,TI,muscle,,0.12,0.16,0.9191594713982467,,,,,,,,,,,,,,,,,,,
SIMLR,kmeans,,graph,e,,,TI,muscle,,0.18,0.21,0.9191594713982467,,,,,,,,,,,,,,,,,,,
SIMLR,louvain,,graph,e,,,TI,muscle,,0.05,0.18,0.9191594713982467,,,,,,,,,,,,,,,,,,,
SIMLR,spectral,,graph,e,,,TI,muscle,,-0.01,0.01,0.9191594713982467,,,,,,,,,,,,,,,,,,,
SPDR,kmeans,,graph,e,,,TI,muscle,,0.37,0.3,0.9191594713982467,,,,,,,,,,,,,,,,,,,
SPDR,louvain,,graph,e,,,TI,muscle,,0.05,0.21,0.9191594713982467,,,,,,,,,,,,,,,,,,,
SPDR,spectral,,graph,e,,,TI,muscle,,0.37,0.29,0.9191594713982467,,,,,,,,,,,,,,,,,,,
SQuaD-MDS,kmeans,,metric,e,,,TI,muscle,,0.325,0.305,0.9191594713982467,,,,,,,,,,,,,,,,,,,
SQuaD-MDS,louvain,,metric,e,,,TI,muscle,,0.045,0.185,0.9191594713982467,,,,,,,,,,,,,,,,,,,
SQuaD-MDS,spectral,,metric,e,,,TI,muscle,,0.21999999999999997,0.22999999999999998,0.9191594713982467,,,,,,,,,,,,,,,,,,,
SSNMDI,kmeans,,linear,e,,,TI,muscle,,-0.0,0.0,0.9191594713982467,,,,,,,,,,,,,,,,,,,
SSNMDI,louvain,,linear,e,,,TI,muscle,,0.0,0.01,0.9191594713982467,,,,,,,,,,,,,,,,,,,
SSNMDI,spectral,,linear,e,,,TI,muscle,,-0.01,0.0,0.9191594713982467,,,,,,,,,,,,,,,,,,,
TriMap,kmeans,,metric,e,,,TI,muscle,,0.31,0.33,0.9191594713982467,,,,,,,,,,,,,,,,,,,
TriMap,louvain,,metric,e,,,TI,muscle,,0.04,0.19,0.9191594713982467,,,,,,,,,,,,,,,,,,,
TriMap,spectral,,metric,e,,,TI,muscle,,0.41,0.32,0.9191594713982467,,,,,,,,,,,,,,,,,,,
UMAP,kmeans,,graph,e,,,TI,muscle,,0.3,0.32,0.9191594713982467,,,,,,,,,,,,,,,,,,,
UMAP,louvain,,graph,e,,,TI,muscle,,0.05,0.21,0.9191594713982467,,,,,,,,,,,,,,,,,,,
UMAP,spectral,,graph,e,,,TI,muscle,,0.36,0.28,0.9191594713982467,,,,,,,,,,,,,,,,,,,
VAE,kmeans,,deep,e,,,TI,muscle,,0.24,0.26,0.9191594713982467,,,,,,,,,,,,,,,,,,,
VAE,louvain,,deep,e,,,TI,muscle,,0.04,0.18,0.9191594713982467,,,,,,,,,,,,,,,,,,,
VAE,spectral,,deep,e,,,TI,muscle,,0.27,0.27,0.9191594713982467,,,,,,,,,,,,,,,,,,,
VASC,kmeans,,deep,e,,,TI,muscle,,0.0,0.01,0.9191594713982467,,,,,,,,,,,,,,,,,,,
VASC,louvain,,deep,e,,,TI,muscle,,0.0,0.01,0.9191594713982467,,,,,,,,,,,,,,,,,,,
VASC,spectral,,deep,e,,,TI,muscle,,0.01,0.0,0.9191594713982467,,,,,,,,,,,,,,,,,,,
ZIFA,kmeans,,linear,e,,,TI,muscle,,0.32,0.29,0.9191594713982467,,,,,,,,,,,,,,,,,,,
ZIFA,louvain,,linear,e,,,TI,muscle,,0.04,0.19,0.9191594713982467,,,,,,,,,,,,,,,,,,,
ZIFA,spectral,,linear,e,,,TI,muscle,,0.19,0.21,0.9191594713982467,,,,,,,,,,,,,,,,,,,
pCMF,kmeans,,linear,e,,,TI,muscle,,0.01,0.01,0.9191594713982467,,,,,,,,,,,,,,,,,,,
pCMF,louvain,,linear,e,,,TI,muscle,,0.0,0.02,0.9191594713982467,,,,,,,,,,,,,,,,,,,
pCMF,spectral,,linear,e,,,TI,muscle,,0.01,0.01,0.9191594713982467,,,,,,,,,,,,,,,,,,,
scGAE,kmeans,,deep,e,,,TI,muscle,,0.01,0.02,0.9191594713982467,,,,,,,,,,,,,,,,,,,
scGAE,louvain,,deep,e,,,TI,muscle,,0.04,0.17,0.9191594713982467,,,,,,,,,,,,,,,,,,,
scGAE,spectral,,deep,e,,,TI,muscle,,0.11,0.11,0.9191594713982467,,,,,,,,,,,,,,,,,,,
scGBM,kmeans,,linear,e,,,TI,muscle,,0.33,0.35,0.9191594713982467,,,,,,,,,,,,,,,,,,,
scGBM,louvain,,linear,e,,,TI,muscle,,0.04,0.21,0.9191594713982467,,,,,,,,,,,,,,,,,,,
scGBM,spectral,,linear,e,,,TI,muscle,,0.32,0.34,0.9191594713982467,,,,,,,,,,,,,,,,,,,
scScope,kmeans,,deep,e,,,TI,muscle,,0.0,0.0,0.9191594713982467,,,,,,,,,,,,,,,,,,,
scScope,louvain,,deep,e,,,TI,muscle,,0.01,0.06,0.9191594713982467,,,,,,,,,,,,,,,,,,,
scScope,spectral,,deep,e,,,TI,muscle,,0.0,0.01,0.9191594713982467,,,,,,,,,,,,,,,,,,,
scvis,kmeans,,deep,e,,,TI,muscle,,0.38,0.36,0.9191594713982467,,,,,,,,,,,,,,,,,,,
scvis,louvain,,deep,e,,,TI,muscle,,0.04,0.19,0.9191594713982467,,,,,,,,,,,,,,,,,,,
scvis,spectral,,deep,e,,,TI,muscle,,0.19,0.23,0.9191594713982467,,,,,,,,,,,,,,,,,,,
t-SNE,kmeans,,metric,e,,,TI,muscle,,0.27,0.3,0.9191594713982467,,,,,,,,,,,,,,,,,,,
t-SNE,louvain,,metric,e,,,TI,muscle,,0.04,0.19,0.9191594713982467,,,,,,,,,,,,,,,,,,,
t-SNE,spectral,,metric,e,,,TI,muscle,,0.21,0.23,0.9191594713982467,,,,,,,,,,,,,,,,,,,
tGPLVM,kmeans,,linear,e,,,TI,muscle,,0.0,0.0,0.9191594713982467,,,,,,,,,,,,,,,,,,,
tGPLVM,louvain,,linear,e,,,TI,muscle,,-0.0,0.01,0.9191594713982467,,,,,,,,,,,,,,,,,,,
tGPLVM,spectral,,linear,e,,,TI,muscle,,-0.0,0.0,0.9191594713982467,,,,,,,,,,,,,,,,,,,
DRA,kmeans,,deep,e,,,TI,neuron,,0.0,0.0,0.9191594713982467,,,,,,,,,,,,,,,,,,,
DRA,louvain,,deep,e,,,TI,neuron,,0.0,0.02,0.9191594713982467,,,,,,,,,,,,,,,,,,,
DRA,spectral,,deep,e,,,TI,neuron,,0.0,0.01,0.9191594713982467,,,,,,,,,,,,,,,,,,,
DREAM,kmeans,,deep,e,,,TI,neuron,,0.23,0.26,0.9191594713982467,,,,,,,,,,,,,,,,,,,
DREAM,louvain,,deep,e,,,TI,neuron,,0.07,0.23,0.9191594713982467,,,,,,,,,,,,,,,,,,,
DREAM,spectral,,deep,e,,,TI,neuron,,0.15,0.23,0.9191594713982467,,,,,,,,,,,,,,,,,,,
EDGE,kmeans,,graph,e,,,TI,neuron,,0.09,0.12,0.9191594713982467,,,,,,,,,,,,,,,,,,,
EDGE,louvain,,graph,e,,,TI,neuron,,0.03,0.12,0.9191594713982467,,,,,,,,,,,,,,,,,,,
EDGE,spectral,,graph,e,,,TI,neuron,,0.08,0.12,0.9191594713982467,,,,,,,,,,,,,,,,,,,
GLMPCA,kmeans,,linear,e,,,TI,neuron,,0.41,0.5,0.9191594713982467,,,,,,,,,,,,,,,,,,,
GLMPCA,louvain,,linear,e,,,TI,neuron,,0.11,0.41,0.9191594713982467,,,,,,,,,,,,,,,,,,,
GLMPCA,spectral,,linear,e,,,TI,neuron,,0.33,0.48,0.9191594713982467,,,,,,,,,,,,,,,,,,,
IVIS,kmeans,,metric,e,,,TI,neuron,,0.25,0.34,0.9191594713982467,,,,,,,,,,,,,,,,,,,
IVIS,louvain,,metric,e,,,TI,neuron,,0.07,0.28,0.9191594713982467,,,,,,,,,,,,,,,,,,,
IVIS,spectral,,metric,e,,,TI,neuron,,0.22,0.33,0.9191594713982467,,,,,,,,,,,,,,,,,,,
PCA,kmeans,,linear,e,,,TI,neuron,,0.33,0.28,0.9191594713982467,,,,,,,,,,,,,,,,,,,
PCA,louvain,,linear,e,,,TI,neuron,,0.07,0.27,0.9191594713982467,,,,,,,,,,,,,,,,,,,
PCA,spectral,,linear,e,,,TI,neuron,,0.22,0.3,0.9191594713982467,,,,,,,,,,,,,,,,,,,
PHATE,kmeans,,graph,e,,,TI,neuron,,0.25,0.35,0.9191594713982467,,,,,,,,,,,,,,,,,,,
PHATE,louvain,,graph,e,,,TI,neuron,,0.09,0.32,0.9191594713982467,,,,,,,,,,,,,,,,,,,
PHATE,spectral,,graph,e,,,TI,neuron,,0.21,0.31,0.9191594713982467,,,,,,,,,,,,,,,,,,,
PaCMAP,kmeans,,metric,e,,,TI,neuron,,0.01,0.01,0.9191594713982467,,,,,,,,,,,,,,,,,,,
PaCMAP,louvain,,metric,e,,,TI,neuron,,0.0,0.02,0.9191594713982467,,,,,,,,,,,,,,,,,,,
PaCMAP,spectral,,metric,e,,,TI,neuron,,0.0,0.01,0.9191594713982467,,,,,,,,,,,,,,,,,,,
SAUCIE,kmeans,,deep,e,,,TI,neuron,,0.01,0.02,0.9191594713982467,,,,,,,,,,,,,,,,,,,
SAUCIE,louvain,,deep,e,,,TI,neuron,,0.02,0.11,0.9191594713982467,,,,,,,,,,,,,,,,,,,
SAUCIE,spectral,,deep,e,,,TI,neuron,,0.02,0.03,0.9191594713982467,,,,,,,,,,,,,,,,,,,
SCDRHA,kmeans,,deep,e,,,TI,neuron,,0.22,0.28,0.9191594713982467,,,,,,,,,,,,,,,,,,,
SCDRHA,louvain,,deep,e,,,TI,neuron,,0.07,0.26,0.9191594713982467,,,,,,,,,,,,,,,,,,,
SCDRHA,spectral,,deep,e,,,TI,neuron,,0.16,0.26,0.9191594713982467,,,,,,,,,,,,,,,,,,,
SIMLR,kmeans,,graph,e,,,TI,neuron,,0.19,0.24,0.9191594713982467,,,,,,,,,,,,,,,,,,,
SIMLR,louvain,,graph,e,,,TI,neuron,,0.08,0.27,0.9191594713982467,,,,,,,,,,,,,,,,,,,
SIMLR,spectral,,graph,e,,,TI,neuron,,0.3,0.3,0.9191594713982467,,,,,,,,,,,,,,,,,,,
SPDR,kmeans,,graph,e,,,TI,neuron,,0.3,0.37,0.9191594713982467,,,,,,,,,,,,,,,,,,,
SPDR,louvain,,graph,e,,,TI,neuron,,0.09,0.32,0.9191594713982467,,,,,,,,,,,,,,,,,,,
SPDR,spectral,,graph,e,,,TI,neuron,,0.29,0.38,0.9191594713982467,,,,,,,,,,,,,,,,,,,
SQuaD-MDS,kmeans,,metric,e,,,TI,neuron,,0.16499999999999998,0.17,0.9191594713982467,,,,,,,,,,,,,,,,,,,
SQuaD-MDS,louvain,,metric,e,,,TI,neuron,,0.045,0.165,0.9191594713982467,,,,,,,,,,,,,,,,,,,
SQuaD-MDS,spectral,,metric,e,,,TI,neuron,,0.12,0.165,0.9191594713982467,,,,,,,,,,,,,,,,,,,
SSNMDI,kmeans,,linear,e,,,TI,neuron,,0.01,0.02,0.9191594713982467,,,,,,,,,,,,,,,,,,,
SSNMDI,louvain,,linear,e,,,TI,neuron,,0.0,0.03,0.9191594713982467,,,,,,,,,,,,,,,,,,,
SSNMDI,spectral,,linear,e,,,TI,neuron,,0.01,0.01,0.9191594713982467,,,,,,,,,,,,,,,,,,,
TriMap,kmeans,,metric,e,,,TI,neuron,,0.3,0.38,0.9191594713982467,,,,,,,,,,,,,,,,,,,
TriMap,louvain,,metric,e,,,TI,neuron,,0.08,0.32,0.9191594713982467,,,,,,,,,,,,,,,,,,,
TriMap,spectral,,metric,e,,,TI,neuron,,0.35,0.42,0.9191594713982467,,,,,,,,,,,,,,,,,,,
UMAP,kmeans,,graph,e,,,TI,neuron,,0.18,0.25,0.9191594713982467,,,,,,,,,,,,,,,,,,,
UMAP,louvain,,graph,e,,,TI,neuron,,0.07,0.25,0.9191594713982467,,,,,,,,,,,,,,,,,,,
UMAP,spectral,,graph,e,,,TI,neuron,,0.18,0.25,0.9191594713982467,,,,,,,,,,,,,,,,,,,
VAE,kmeans,,deep,e,,,TI,neuron,,0.07,0.11,0.9191594713982467,,,,,,,,,,,,,,,,,,,
VAE,louvain,,deep,e,,,TI,neuron,,0.01,0.11,0.9191594713982467,,,,,,,,,,,,,,,,,,,
VAE,spectral,,deep,e,,,TI,neuron,,0.1,0.08,0.9191594713982467,,,,,,,,,,,,,,,,,,,
VASC,kmeans,,deep,e,,,TI,neuron,,0.58,0.48,0.9191594713982467,,,,,,,,,,,,,,,,,,,
VASC,louvain,,deep,e,,,TI,neuron,,0.11,0.37,0.9191594713982467,,,,,,,,,,,,,,,,,,,
VASC,spectral,,deep,e,,,TI,neuron,,0.3,0.41,0.9191594713982467,,,,,,,,,,,,,,,,,,,
ZIFA,kmeans,,linear,e,,,TI,neuron,,0.2,0.21,0.9191594713982467,,,,,,,,,,,,,,,,,,,
ZIFA,louvain,,linear,e,,,TI,neuron,,0.05,0.2,0.9191594713982467,,,,,,,,,,,,,,,,,,,
ZIFA,spectral,,linear,e,,,TI,neuron,,0.14,0.2,0.9191594713982467,,,,,,,,,,,,,,,,,,,
pCMF,kmeans,,linear,e,,,TI,neuron,,0.07,0.1,0.9191594713982467,,,,,,,,,,,,,,,,,,,
pCMF,louvain,,linear,e,,,TI,neuron,,0.01,0.09,0.9191594713982467,,,,,,,,,,,,,,,,,,,
pCMF,spectral,,linear,e,,,TI,neuron,,0.07,0.1,0.9191594713982467,,,,,,,,,,,,,,,,,,,
scGAE,kmeans,,deep,e,,,TI,neuron,,0.03,0.07,0.9191594713982467,,,,,,,,,,,,,,,,,,,
scGAE,louvain,,deep,e,,,TI,neuron,,0.04,0.16,0.9191594713982467,,,,,,,,,,,,,,,,,,,
scGAE,spectral,,deep,e,,,TI,neuron,,0.01,0.06,0.9191594713982467,,,,,,,,,,,,,,,,,,,
scGBM,kmeans,,linear,e,,,TI,neuron,,0.42,0.52,0.9191594713982467,,,,,,,,,,,,,,,,,,,
scGBM,louvain,,linear,e,,,TI,neuron,,0.1,0.4,0.9191594713982467,,,,,,,,,,,,,,,,,,,
scGBM,spectral,,linear,e,,,TI,neuron,,0.33,0.48,0.9191594713982467,,,,,,,,,,,,,,,,,,,
scScope,kmeans,,deep,e,,,TI,neuron,,0.07,0.08,0.9191594713982467,,,,,,,,,,,,,,,,,,,
scScope,louvain,,deep,e,,,TI,neuron,,0.03,0.11,0.9191594713982467,,,,,,,,,,,,,,,,,,,
scScope,spectral,,deep,e,,,TI,neuron,,0.07,0.09,0.9191594713982467,,,,,,,,,,,,,,,,,,,
scvis,kmeans,,deep,e,,,TI,neuron,,0.28,0.24,0.9191594713982467,,,,,,,,,,,,,,,,,,,
scvis,louvain,,deep,e,,,TI,neuron,,0.04,0.2,0.9191594713982467,,,,,,,,,,,,,,,,,,,
scvis,spectral,,deep,e,,,TI,neuron,,0.18,0.24,0.9191594713982467,,,,,,,,,,,,,,,,,,,
t-SNE,kmeans,,metric,e,,,TI,neuron,,0.36,0.46,0.9191594713982467,,,,,,,,,,,,,,,,,,,
t-SNE,louvain,,metric,e,,,TI,neuron,,0.11,0.39,0.9191594713982467,,,,,,,,,,,,,,,,,,,
t-SNE,spectral,,metric,e,,,TI,neuron,,0.32,0.44,0.9191594713982467,,,,,,,,,,,,,,,,,,,
tGPLVM,kmeans,,linear,e,,,TI,neuron,,0.01,0.01,0.9191594713982467,,,,,,,,,,,,,,,,,,,
tGPLVM,louvain,,linear,e,,,TI,neuron,,-0.0,0.02,0.9191594713982467,,,,,,,,,,,,,,,,,,,
tGPLVM,spectral,,linear,e,,,TI,neuron,,0.0,0.0,0.9191594713982467,,,,,,,,,,,,,,,,,,,
DRA,kmeans,,deep,e,,,TI,pair-1,,-0.0,0.0,0.9191594713982467,,,,,,,,,,,,,,,,,,,
DRA,louvain,,deep,e,,,TI,pair-1,,-0.0,0.01,0.9191594713982467,,,,,,,,,,,,,,,,,,,
DRA,spectral,,deep,e,,,TI,pair-1,,-0.0,0.0,0.9191594713982467,,,,,,,,,,,,,,,,,,,
DREAM,kmeans,,deep,e,,,TI,pair-1,,0.22,0.41,0.9191594713982467,,,,,,,,,,,,,,,,,,,
DREAM,louvain,,deep,e,,,TI,pair-1,,0.02,0.26,0.9191594713982467,,,,,,,,,,,,,,,,,,,
DREAM,spectral,,deep,e,,,TI,pair-1,,0.18,0.37,0.9191594713982467,,,,,,,,,,,,,,,,,,,
EDGE,kmeans,,graph,e,,,TI,pair-1,,0.13,0.22,0.9191594713982467,,,,,,,,,,,,,,,,,,,
EDGE,louvain,,graph,e,,,TI,pair-1,,0.01,0.2,0.9191594713982467,,,,,,,,,,,,,,,,,,,
EDGE,spectral,,graph,e,,,TI,pair-1,,0.12,0.24,0.9191594713982467,,,,,,,,,,,,,,,,,,,
GLMPCA,kmeans,,linear,e,,,TI,pair-1,,0.39,0.56,0.9191594713982467,,,,,,,,,,,,,,,,,,,
GLMPCA,louvain,,linear,e,,,TI,pair-1,,0.02,0.32,0.9191594713982467,,,,,,,,,,,,,,,,,,,
GLMPCA,spectral,,linear,e,,,TI,pair-1,,0.27,0.52,0.9191594713982467,,,,,,,,,,,,,,,,,,,
IVIS,kmeans,,metric,e,,,TI,pair-1,,0.24,0.45,0.9191594713982467,,,,,,,,,,,,,,,,,,,
IVIS,louvain,,metric,e,,,TI,pair-1,,0.02,0.28,0.9191594713982467,,,,,,,,,,,,,,,,,,,
IVIS,spectral,,metric,e,,,TI,pair-1,,0.24,0.44,0.9191594713982467,,,,,,,,,,,,,,,,,,,
PCA,kmeans,,linear,e,,,TI,pair-1,,0.39,0.44,0.9191594713982467,,,,,,,,,,,,,,,,,,,
PCA,louvain,,linear,e,,,TI,pair-1,,0.02,0.26,0.9191594713982467,,,,,,,,,,,,,,,,,,,
PCA,spectral,,linear,e,,,TI,pair-1,,0.18,0.39,0.9191594713982467,,,,,,,,,,,,,,,,,,,
PHATE,kmeans,,graph,e,,,TI,pair-1,,0.44,0.55,0.9191594713982467,,,,,,,,,,,,,,,,,,,
PHATE,louvain,,graph,e,,,TI,pair-1,,0.02,0.3,0.9191594713982467,,,,,,,,,,,,,,,,,,,
PHATE,spectral,,graph,e,,,TI,pair-1,,0.27,0.47,0.9191594713982467,,,,,,,,,,,,,,,,,,,
PaCMAP,kmeans,,metric,e,,,TI,pair-1,,0.01,0.02,0.9191594713982467,,,,,,,,,,,,,,,,,,,
PaCMAP,louvain,,metric,e,,,TI,pair-1,,0.0,0.03,0.9191594713982467,,,,,,,,,,,,,,,,,,,
PaCMAP,spectral,,metric,e,,,TI,pair-1,,0.02,0.02,0.9191594713982467,,,,,,,,,,,,,,,,,,,
SAUCIE,kmeans,,deep,e,,,TI,pair-1,,0.0,0.01,0.9191594713982467,,,,,,,,,,,,,,,,,,,
SAUCIE,louvain,,deep,e,,,TI,pair-1,,0.0,0.04,0.9191594713982467,,,,,,,,,,,,,,,,,,,
SAUCIE,spectral,,deep,e,,,TI,pair-1,,0.0,0.01,0.9191594713982467,,,,,,,,,,,,,,,,,,,
SCDRHA,kmeans,,deep,e,,,TI,pair-1,,0.4,0.47,0.9191594713982467,,,,,,,,,,,,,,,,,,,
SCDRHA,louvain,,deep,e,,,TI,pair-1,,0.02,0.29,0.9191594713982467,,,,,,,,,,,,,,,,,,,
SCDRHA,spectral,,deep,e,,,TI,pair-1,,0.26,0.39,0.9191594713982467,,,,,,,,,,,,,,,,,,,
SPDR,kmeans,,graph,e,,,TI,pair-1,,0.29,0.49,0.9191594713982467,,,,,,,,,,,,,,,,,,,
SPDR,louvain,,graph,e,,,TI,pair-1,,0.02,0.31,0.9191594713982467,,,,,,,,,,,,,,,,,,,
SPDR,spectral,,graph,e,,,TI,pair-1,,0.26,0.48,0.9191594713982467,,,,,,,,,,,,,,,,,,,
SQuaD-MDS,kmeans,,metric,e,,,TI,pair-1,,0.18,0.315,0.9191594713982467,,,,,,,,,,,,,,,,,,,
SQuaD-MDS,louvain,,metric,e,,,TI,pair-1,,0.015,0.24000000000000002,0.9191594713982467,,,,,,,,,,,,,,,,,,,
SQuaD-MDS,spectral,,metric,e,,,TI,pair-1,,0.155,0.305,0.9191594713982467,,,,,,,,,,,,,,,,,,,
SSNMDI,kmeans,,linear,e,,,TI,pair-1,,0.01,0.02,0.9191594713982467,,,,,,,,,,,,,,,,,,,
SSNMDI,louvain,,linear,e,,,TI,pair-1,,0.0,0.03,0.9191594713982467,,,,,,,,,,,,,,,,,,,
SSNMDI,spectral,,linear,e,,,TI,pair-1,,0.01,0.02,0.9191594713982467,,,,,,,,,,,,,,,,,,,
TriMap,kmeans,,metric,e,,,TI,pair-1,,0.31,0.52,0.9191594713982467,,,,,,,,,,,,,,,,,,,
TriMap,louvain,,metric,e,,,TI,pair-1,,0.02,0.32,0.9191594713982467,,,,,,,,,,,,,,,,,,,
TriMap,spectral,,metric,e,,,TI,pair-1,,0.28,0.49,0.9191594713982467,,,,,,,,,,,,,,,,,,,
UMAP,kmeans,,graph,e,,,TI,pair-1,,0.29,0.47,0.9191594713982467,,,,,,,,,,,,,,,,,,,
UMAP,louvain,,graph,e,,,TI,pair-1,,0.02,0.29,0.9191594713982467,,,,,,,,,,,,,,,,,,,
UMAP,spectral,,graph,e,,,TI,pair-1,,0.34,0.49,0.9191594713982467,,,,,,,,,,,,,,,,,,,
VAE,kmeans,,deep,e,,,TI,pair-1,,0.22,0.41,0.9191594713982467,,,,,,,,,,,,,,,,,,,
VAE,louvain,,deep,e,,,TI,pair-1,,0.02,0.29,0.9191594713982467,,,,,,,,,,,,,,,,,,,
VAE,spectral,,deep,e,,,TI,pair-1,,0.2,0.42,0.9191594713982467,,,,,,,,,,,,,,,,,,,
VASC,kmeans,,deep,e,,,TI,pair-1,,0.38,0.55,0.9191594713982467,,,,,,,,,,,,,,,,,,,
VASC,louvain,,deep,e,,,TI,pair-1,,0.02,0.31,0.9191594713982467,,,,,,,,,,,,,,,,,,,
VASC,spectral,,deep,e,,,TI,pair-1,,0.24,0.46,0.9191594713982467,,,,,,,,,,,,,,,,,,,
ZIFA,kmeans,,linear,e,,,TI,pair-1,,0.27,0.37,0.9191594713982467,,,,,,,,,,,,,,,,,,,
ZIFA,louvain,,linear,e,,,TI,pair-1,,0.02,0.25,0.9191594713982467,,,,,,,,,,,,,,,,,,,
ZIFA,spectral,,linear,e,,,TI,pair-1,,0.17,0.34,0.9191594713982467,,,,,,,,,,,,,,,,,,,
pCMF,kmeans,,linear,e,,,TI,pair-1,,0.05,0.06,0.9191594713982467,,,,,,,,,,,,,,,,,,,
pCMF,louvain,,linear,e,,,TI,pair-1,,0.01,0.1,0.9191594713982467,,,,,,,,,,,,,,,,,,,
pCMF,spectral,,linear,e,,,TI,pair-1,,0.04,0.08,0.9191594713982467,,,,,,,,,,,,,,,,,,,
scGAE,kmeans,,deep,e,,,TI,pair-1,,0.14,0.3,0.9191594713982467,,,,,,,,,,,,,,,,,,,
scGAE,louvain,,deep,e,,,TI,pair-1,,0.01,0.25,0.9191594713982467,,,,,,,,,,,,,,,,,,,
scGAE,spectral,,deep,e,,,TI,pair-1,,0.25,0.39,0.9191594713982467,,,,,,,,,,,,,,,,,,,
scGBM,kmeans,,linear,e,,,TI,pair-1,,0.38,0.55,0.9191594713982467,,,,,,,,,,,,,,,,,,,
scGBM,louvain,,linear,e,,,TI,pair-1,,0.02,0.32,0.9191594713982467,,,,,,,,,,,,,,,,,,,
scGBM,spectral,,linear,e,,,TI,pair-1,,0.25,0.49,0.9191594713982467,,,,,,,,,,,,,,,,,,,
scScope,kmeans,,deep,e,,,TI,pair-1,,0.14,0.24,0.9191594713982467,,,,,,,,,,,,,,,,,,,
scScope,louvain,,deep,e,,,TI,pair-1,,0.02,0.21,0.9191594713982467,,,,,,,,,,,,,,,,,,,
scScope,spectral,,deep,e,,,TI,pair-1,,0.12,0.25,0.9191594713982467,,,,,,,,,,,,,,,,,,,
scvis,kmeans,,deep,e,,,TI,pair-1,,0.4,0.51,0.9191594713982467,,,,,,,,,,,,,,,,,,,
scvis,louvain,,deep,e,,,TI,pair-1,,0.02,0.31,0.9191594713982467,,,,,,,,,,,,,,,,,,,
scvis,spectral,,deep,e,,,TI,pair-1,,0.19,0.39,0.9191594713982467,,,,,,,,,,,,,,,,,,,
t-SNE,kmeans,,metric,e,,,TI,pair-1,,0.23,0.47,0.9191594713982467,,,,,,,,,,,,,,,,,,,
t-SNE,louvain,,metric,e,,,TI,pair-1,,0.02,0.32,0.9191594713982467,,,,,,,,,,,,,,,,,,,
t-SNE,spectral,,metric,e,,,TI,pair-1,,0.37,0.57,0.9191594713982467,,,,,,,,,,,,,,,,,,,
tGPLVM,kmeans,,linear,e,,,TI,pair-1,,0.0,0.01,0.9191594713982467,,,,,,,,,,,,,,,,,,,
tGPLVM,louvain,,linear,e,,,TI,pair-1,,0.0,0.02,0.9191594713982467,,,,,,,,,,,,,,,,,,,
tGPLVM,spectral,,linear,e,,,TI,pair-1,,0.0,0.01,0.9191594713982467,,,,,,,,,,,,,,,,,,,
DRA,kmeans,,deep,e,,,TI,pair-2,,-0.0,0.0,0.9191594713982467,,,,,,,,,,,,,,,,,,,
DRA,louvain,,deep,e,,,TI,pair-2,,-0.0,0.01,0.9191594713982467,,,,,,,,,,,,,,,,,,,
DRA,spectral,,deep,e,,,TI,pair-2,,-0.0,0.0,0.9191594713982467,,,,,,,,,,,,,,,,,,,
DREAM,kmeans,,deep,e,,,TI,pair-2,,0.03,0.08,0.9191594713982467,,,,,,,,,,,,,,,,,,,
DREAM,louvain,,deep,e,,,TI,pair-2,,0.0,0.08,0.9191594713982467,,,,,,,,,,,,,,,,,,,
DREAM,spectral,,deep,e,,,TI,pair-2,,0.02,0.08,0.9191594713982467,,,,,,,,,,,,,,,,,,,
EDGE,kmeans,,graph,e,,,TI,pair-2,,0.01,0.05,0.9191594713982467,,,,,,,,,,,,,,,,,,,
EDGE,louvain,,graph,e,,,TI,pair-2,,0.0,0.08,0.9191594713982467,,,,,,,,,,,,,,,,,,,
EDGE,spectral,,graph,e,,,TI,pair-2,,0.02,0.07,0.9191594713982467,,,,,,,,,,,,,,,,,,,
GLMPCA,kmeans,,linear,e,,,TI,pair-2,,0.24,0.5,0.9191594713982467,,,,,,,,,,,,,,,,,,,
GLMPCA,louvain,,linear,e,,,TI,pair-2,,0.02,0.35,0.9191594713982467,,,,,,,,,,,,,,,,,,,
GLMPCA,spectral,,linear,e,,,TI,pair-2,,0.14,0.47,0.9191594713982467,,,,,,,,,,,,,,,,,,,
IVIS,kmeans,,metric,e,,,TI,pair-2,,0.08,0.27,0.9191594713982467,,,,,,,,,,,,,,,,,,,
IVIS,louvain,,metric,e,,,TI,pair-2,,0.01,0.22,0.9191594713982467,,,,,,,,,,,,,,,,,,,
IVIS,spectral,,metric,e,,,TI,pair-2,,0.06,0.26,0.9191594713982467,,,,,,,,,,,,,,,,,,,
PCA,kmeans,,linear,e,,,TI,pair-2,,0.48,0.5,0.9191594713982467,,,,,,,,,,,,,,,,,,,
PCA,louvain,,linear,e,,,TI,pair-2,,0.01,0.32,0.9191594713982467,,,,,,,,,,,,,,,,,,,
PCA,spectral,,linear,e,,,TI,pair-2,,0.14,0.43,0.9191594713982467,,,,,,,,,,,,,,,,,,,
PHATE,kmeans,,graph,e,,,TI,pair-2,,0.15,0.38,0.9191594713982467,,,,,,,,,,,,,,,,,,,
PHATE,louvain,,graph,e,,,TI,pair-2,,0.02,0.3,0.9191594713982467,,,,,,,,,,,,,,,,,,,
PHATE,spectral,,graph,e,,,TI,pair-2,,0.1,0.36,0.9191594713982467,,,,,,,,,,,,,,,,,,,
PaCMAP,kmeans,,metric,e,,,TI,pair-2,,-0.0,0.02,0.9191594713982467,,,,,,,,,,,,,,,,,,,
PaCMAP,louvain,,metric,e,,,TI,pair-2,,0.0,0.04,0.9191594713982467,,,,,,,,,,,,,,,,,,,
PaCMAP,spectral,,metric,e,,,TI,pair-2,,0.0,0.02,0.9191594713982467,,,,,,,,,,,,,,,,,,,
SAUCIE,kmeans,,deep,e,,,TI,pair-2,,0.0,0.02,0.9191594713982467,,,,,,,,,,,,,,,,,,,
SAUCIE,louvain,,deep,e,,,TI,pair-2,,0.0,0.04,0.9191594713982467,,,,,,,,,,,,,,,,,,,
SAUCIE,spectral,,deep,e,,,TI,pair-2,,0.0,0.02,0.9191594713982467,,,,,,,,,,,,,,,,,,,
SCDRHA,kmeans,,deep,e,,,TI,pair-2,,0.12,0.32,0.9191594713982467,,,,,,,,,,,,,,,,,,,
SCDRHA,louvain,,deep,e,,,TI,pair-2,,0.02,0.25,0.9191594713982467,,,,,,,,,,,,,,,,,,,
SCDRHA,spectral,,deep,e,,,TI,pair-2,,0.09,0.31,0.9191594713982467,,,,,,,,,,,,,,,,,,,
SPDR,kmeans,,graph,e,,,TI,pair-2,,0.13,0.4,0.9191594713982467,,,,,,,,,,,,,,,,,,,
SPDR,louvain,,graph,e,,,TI,pair-2,,0.02,0.32,0.9191594713982467,,,,,,,,,,,,,,,,,,,
SPDR,spectral,,graph,e,,,TI,pair-2,,0.14,0.41,0.9191594713982467,,,,,,,,,,,,,,,,,,,
SQuaD-MDS,kmeans,,metric,e,,,TI,pair-2,,0.095,0.235,0.9191594713982467,,,,,,,,,,,,,,,,,,,
SQuaD-MDS,louvain,,metric,e,,,TI,pair-2,,0.01,0.2,0.9191594713982467,,,,,,,,,,,,,,,,,,,
SQuaD-MDS,spectral,,metric,e,,,TI,pair-2,,0.07,0.235,0.9191594713982467,,,,,,,,,,,,,,,,,,,
SSNMDI,kmeans,,linear,e,,,TI,pair-2,,0.01,0.02,0.9191594713982467,,,,,,,,,,,,,,,,,,,
SSNMDI,louvain,,linear,e,,,TI,pair-2,,0.0,0.04,0.9191594713982467,,,,,,,,,,,,,,,,,,,
SSNMDI,spectral,,linear,e,,,TI,pair-2,,0.01,0.02,0.9191594713982467,,,,,,,,,,,,,,,,,,,
TriMap,kmeans,,metric,e,,,TI,pair-2,,0.14,0.41,0.9191594713982467,,,,,,,,,,,,,,,,,,,
TriMap,louvain,,metric,e,,,TI,pair-2,,0.02,0.32,0.9191594713982467,,,,,,,,,,,,,,,,,,,
TriMap,spectral,,metric,e,,,TI,pair-2,,0.13,0.41,0.9191594713982467,,,,,,,,,,,,,,,,,,,
UMAP,kmeans,,graph,e,,,TI,pair-2,,0.06,0.23,0.9191594713982467,,,,,,,,,,,,,,,,,,,
UMAP,louvain,,graph,e,,,TI,pair-2,,0.01,0.2,0.9191594713982467,,,,,,,,,,,,,,,,,,,
UMAP,spectral,,graph,e,,,TI,pair-2,,0.06,0.24,0.9191594713982467,,,,,,,,,,,,,,,,,,,
VAE,kmeans,,deep,e,,,TI,pair-2,,0.14,0.45,0.9191594713982467,,,,,,,,,,,,,,,,,,,
VAE,louvain,,deep,e,,,TI,pair-2,,0.02,0.35,0.9191594713982467,,,,,,,,,,,,,,,,,,,
VAE,spectral,,deep,e,,,TI,pair-2,,0.14,0.46,0.9191594713982467,,,,,,,,,,,,,,,,,,,
VASC,kmeans,,deep,e,,,TI,pair-2,,0.26,0.48,0.9191594713982467,,,,,,,,,,,,,,,,,,,
VASC,louvain,,deep,e,,,TI,pair-2,,0.02,0.34,0.9191594713982467,,,,,,,,,,,,,,,,,,,
VASC,spectral,,deep,e,,,TI,pair-2,,0.14,0.43,0.9191594713982467,,,,,,,,,,,,,,,,,,,
ZIFA,kmeans,,linear,e,,,TI,pair-2,,0.19,0.28,0.9191594713982467,,,,,,,,,,,,,,,,,,,
ZIFA,louvain,,linear,e,,,TI,pair-2,,0.01,0.21,0.9191594713982467,,,,,,,,,,,,,,,,,,,
ZIFA,spectral,,linear,e,,,TI,pair-2,,0.08,0.26,0.9191594713982467,,,,,,,,,,,,,,,,,,,
pCMF,kmeans,,linear,e,,,TI,pair-2,,0.04,0.09,0.9191594713982467,,,,,,,,,,,,,,,,,,,
pCMF,louvain,,linear,e,,,TI,pair-2,,0.0,0.08,0.9191594713982467,,,,,,,,,,,,,,,,,,,
pCMF,spectral,,linear,e,,,TI,pair-2,,0.02,0.09,0.9191594713982467,,,,,,,,,,,,,,,,,,,
scGAE,kmeans,,deep,e,,,TI,pair-2,,0.04,0.14,0.9191594713982467,,,,,,,,,,,,,,,,,,,
scGAE,louvain,,deep,e,,,TI,pair-2,,0.01,0.17,0.9191594713982467,,,,,,,,,,,,,,,,,,,
scGAE,spectral,,deep,e,,,TI,pair-2,,-0.0,0.08,0.9191594713982467,,,,,,,,,,,,,,,,,,,
scGBM,kmeans,,linear,e,,,TI,pair-2,,0.29,0.52,0.9191594713982467,,,,,,,,,,,,,,,,,,,
scGBM,louvain,,linear,e,,,TI,pair-2,,0.02,0.35,0.9191594713982467,,,,,,,,,,,,,,,,,,,
scGBM,spectral,,linear,e,,,TI,pair-2,,0.16,0.48,0.9191594713982467,,,,,,,,,,,,,,,,,,,
scScope,kmeans,,deep,e,,,TI,pair-2,,0.06,0.18,0.9191594713982467,,,,,,,,,,,,,,,,,,,
scScope,louvain,,deep,e,,,TI,pair-2,,0.01,0.2,0.9191594713982467,,,,,,,,,,,,,,,,,,,
scScope,spectral,,deep,e,,,TI,pair-2,,0.06,0.18,0.9191594713982467,,,,,,,,,,,,,,,,,,,
scvis,kmeans,,deep,e,,,TI,pair-2,,0.26,0.31,0.9191594713982467,,,,,,,,,,,,,,,,,,,
scvis,louvain,,deep,e,,,TI,pair-2,,0.01,0.23,0.9191594713982467,,,,,,,,,,,,,,,,,,,
scvis,spectral,,deep,e,,,TI,pair-2,,0.07,0.26,0.9191594713982467,,,,,,,,,,,,,,,,,,,
t-SNE,kmeans,,metric,e,,,TI,pair-2,,0.19,0.53,0.9191594713982467,,,,,,,,,,,,,,,,,,,
t-SNE,louvain,,metric,e,,,TI,pair-2,,0.06,0.44,0.9191594713982467,,,,,,,,,,,,,,,,,,,
t-SNE,spectral,,metric,e,,,TI,pair-2,,0.21,0.55,0.9191594713982467,,,,,,,,,,,,,,,,,,,
tGPLVM,kmeans,,linear,e,,,TI,pair-2,,0.02,0.02,0.9191594713982467,,,,,,,,,,,,,,,,,,,
tGPLVM,louvain,,linear,e,,,TI,pair-2,,0.0,0.04,0.9191594713982467,,,,,,,,,,,,,,,,,,,
tGPLVM,spectral,,linear,e,,,TI,pair-2,,0.01,0.02,0.9191594713982467,,,,,,,,,,,,,,,,,,,
DRA,kmeans,,deep,e,,,TI,pair-3,,-0.0,0.0,0.9191594713982467,,,,,,,,,,,,,,,,,,,
DRA,louvain,,deep,e,,,TI,pair-3,,0.0,0.02,0.9191594713982467,,,,,,,,,,,,,,,,,,,
DRA,spectral,,deep,e,,,TI,pair-3,,0.0,0.0,0.9191594713982467,,,,,,,,,,,,,,,,,,,
DREAM,kmeans,,deep,e,,,TI,pair-3,,0.16,0.39,0.9191594713982467,,,,,,,,,,,,,,,,,,,
DREAM,louvain,,deep,e,,,TI,pair-3,,0.01,0.24,0.9191594713982467,,,,,,,,,,,,,,,,,,,
DREAM,spectral,,deep,e,,,TI,pair-3,,0.1,0.34,0.9191594713982467,,,,,,,,,,,,,,,,,,,
EDGE,kmeans,,graph,e,,,TI,pair-3,,0.06,0.16,0.9191594713982467,,,,,,,,,,,,,,,,,,,
EDGE,louvain,,graph,e,,,TI,pair-3,,0.01,0.15,0.9191594713982467,,,,,,,,,,,,,,,,,,,
EDGE,spectral,,graph,e,,,TI,pair-3,,0.05,0.16,0.9191594713982467,,,,,,,,,,,,,,,,,,,
GLMPCA,kmeans,,linear,e,,,TI,pair-3,,0.23,0.43,0.9191594713982467,,,,,,,,,,,,,,,,,,,
GLMPCA,louvain,,linear,e,,,TI,pair-3,,0.01,0.26,0.9191594713982467,,,,,,,,,,,,,,,,,,,
GLMPCA,spectral,,linear,e,,,TI,pair-3,,0.14,0.39,0.9191594713982467,,,,,,,,,,,,,,,,,,,
IVIS,kmeans,,metric,e,,,TI,pair-3,,0.11,0.31,0.9191594713982467,,,,,,,,,,,,,,,,,,,
IVIS,louvain,,metric,e,,,TI,pair-3,,0.01,0.21,0.9191594713982467,,,,,,,,,,,,,,,,,,,
IVIS,spectral,,metric,e,,,TI,pair-3,,0.09,0.29,0.9191594713982467,,,,,,,,,,,,,,,,,,,
PCA,kmeans,,linear,e,,,TI,pair-3,,0.75,0.58,0.9191594713982467,,,,,,,,,,,,,,,,,,,
PCA,louvain,,linear,e,,,TI,pair-3,,0.01,0.25,0.9191594713982467,,,,,,,,,,,,,,,,,,,
PCA,spectral,,linear,e,,,TI,pair-3,,0.13,0.38,0.9191594713982467,,,,,,,,,,,,,,,,,,,
PHATE,kmeans,,graph,e,,,TI,pair-3,,0.2,0.4,0.9191594713982467,,,,,,,,,,,,,,,,,,,
PHATE,louvain,,graph,e,,,TI,pair-3,,0.01,0.27,0.9191594713982467,,,,,,,,,,,,,,,,,,,
PHATE,spectral,,graph,e,,,TI,pair-3,,0.13,0.36,0.9191594713982467,,,,,,,,,,,,,,,,,,,
PaCMAP,kmeans,,metric,e,,,TI,pair-3,,0.02,0.02,0.9191594713982467,,,,,,,,,,,,,,,,,,,
PaCMAP,louvain,,metric,e,,,TI,pair-3,,0.0,0.03,0.9191594713982467,,,,,,,,,,,,,,,,,,,
PaCMAP,spectral,,metric,e,,,TI,pair-3,,0.02,0.02,0.9191594713982467,,,,,,,,,,,,,,,,,,,
SAUCIE,kmeans,,deep,e,,,TI,pair-3,,0.01,0.03,0.9191594713982467,,,,,,,,,,,,,,,,,,,
SAUCIE,louvain,,deep,e,,,TI,pair-3,,0.0,0.04,0.9191594713982467,,,,,,,,,,,,,,,,,,,
SAUCIE,spectral,,deep,e,,,TI,pair-3,,0.01,0.03,0.9191594713982467,,,,,,,,,,,,,,,,,,,
SCDRHA,kmeans,,deep,e,,,TI,pair-3,,0.16,0.29,0.9191594713982467,,,,,,,,,,,,,,,,,,,
SCDRHA,louvain,,deep,e,,,TI,pair-3,,0.01,0.22,0.9191594713982467,,,,,,,,,,,,,,,,,,,
SCDRHA,spectral,,deep,e,,,TI,pair-3,,0.1,0.29,0.9191594713982467,,,,,,,,,,,,,,,,,,,
SPDR,kmeans,,graph,e,,,TI,pair-3,,0.16,0.39,0.9191594713982467,,,,,,,,,,,,,,,,,,,
SPDR,louvain,,graph,e,,,TI,pair-3,,0.01,0.27,0.9191594713982467,,,,,,,,,,,,,,,,,,,
SPDR,spectral,,graph,e,,,TI,pair-3,,0.11,0.34,0.9191594713982467,,,,,,,,,,,,,,,,,,,
SQuaD-MDS,kmeans,,metric,e,,,TI,pair-3,,0.10500000000000001,0.23500000000000001,0.9191594713982467,,,,,,,,,,,,,,,,,,,
SQuaD-MDS,louvain,,metric,e,,,TI,pair-3,,0.01,0.18,0.9191594713982467,,,,,,,,,,,,,,,,,,,
SQuaD-MDS,spectral,,metric,e,,,TI,pair-3,,0.08,0.225,0.9191594713982467,,,,,,,,,,,,,,,,,,,
SSNMDI,kmeans,,linear,e,,,TI,pair-3,,0.0,0.01,0.9191594713982467,,,,,,,,,,,,,,,,,,,
SSNMDI,louvain,,linear,e,,,TI,pair-3,,0.0,0.03,0.9191594713982467,,,,,,,,,,,,,,,,,,,
SSNMDI,spectral,,linear,e,,,TI,pair-3,,0.01,0.02,0.9191594713982467,,,,,,,,,,,,,,,,,,,
TriMap,kmeans,,metric,e,,,TI,pair-3,,0.16,0.4,0.9191594713982467,,,,,,,,,,,,,,,,,,,
TriMap,louvain,,metric,e,,,TI,pair-3,,0.01,0.27,0.9191594713982467,,,,,,,,,,,,,,,,,,,
TriMap,spectral,,metric,e,,,TI,pair-3,,0.18,0.42,0.9191594713982467,,,,,,,,,,,,,,,,,,,
UMAP,kmeans,,graph,e,,,TI,pair-3,,0.08,0.23,0.9191594713982467,,,,,,,,,,,,,,,,,,,
UMAP,louvain,,graph,e,,,TI,pair-3,,0.01,0.19,0.9191594713982467,,,,,,,,,,,,,,,,,,,
UMAP,spectral,,graph,e,,,TI,pair-3,,0.14,0.28,0.9191594713982467,,,,,,,,,,,,,,,,,,,
VAE,kmeans,,deep,e,,,TI,pair-3,,0.11,0.35,0.9191594713982467,,,,,,,,,,,,,,,,,,,
VAE,louvain,,deep,e,,,TI,pair-3,,0.01,0.28,0.9191594713982467,,,,,,,,,,,,,,,,,,,
VAE,spectral,,deep,e,,,TI,pair-3,,0.13,0.39,0.9191594713982467,,,,,,,,,,,,,,,,,,,
VASC,kmeans,,deep,e,,,TI,pair-3,,0.28,0.51,0.9191594713982467,,,,,,,,,,,,,,,,,,,
VASC,louvain,,deep,e,,,TI,pair-3,,0.02,0.29,0.9191594713982467,,,,,,,,,,,,,,,,,,,
VASC,spectral,,deep,e,,,TI,pair-3,,0.15,0.41,0.9191594713982467,,,,,,,,,,,,,,,,,,,
ZIFA,kmeans,,linear,e,,,TI,pair-3,,0.2,0.31,0.9191594713982467,,,,,,,,,,,,,,,,,,,
ZIFA,louvain,,linear,e,,,TI,pair-3,,0.01,0.2,0.9191594713982467,,,,,,,,,,,,,,,,,,,
ZIFA,spectral,,linear,e,,,TI,pair-3,,0.08,0.25,0.9191594713982467,,,,,,,,,,,,,,,,,,,
pCMF,kmeans,,linear,e,,,TI,pair-3,,0.05,0.09,0.9191594713982467,,,,,,,,,,,,,,,,,,,
pCMF,louvain,,linear,e,,,TI,pair-3,,0.0,0.07,0.9191594713982467,,,,,,,,,,,,,,,,,,,
pCMF,spectral,,linear,e,,,TI,pair-3,,0.02,0.08,0.9191594713982467,,,,,,,,,,,,,,,,,,,
scGAE,kmeans,,deep,e,,,TI,pair-3,,0.01,0.08,0.9191594713982467,,,,,,,,,,,,,,,,,,,
scGAE,louvain,,deep,e,,,TI,pair-3,,0.01,0.18,0.9191594713982467,,,,,,,,,,,,,,,,,,,
scGAE,spectral,,deep,e,,,TI,pair-3,,-0.0,0.07,0.9191594713982467,,,,,,,,,,,,,,,,,,,
scGBM,kmeans,,linear,e,,,TI,pair-3,,0.25,0.46,0.9191594713982467,,,,,,,,,,,,,,,,,,,
scGBM,louvain,,linear,e,,,TI,pair-3,,0.01,0.28,0.9191594713982467,,,,,,,,,,,,,,,,,,,
scGBM,spectral,,linear,e,,,TI,pair-3,,0.14,0.38,0.9191594713982467,,,,,,,,,,,,,,,,,,,
scScope,kmeans,,deep,e,,,TI,pair-3,,0.06,0.19,0.9191594713982467,,,,,,,,,,,,,,,,,,,
scScope,louvain,,deep,e,,,TI,pair-3,,0.01,0.18,0.9191594713982467,,,,,,,,,,,,,,,,,,,
scScope,spectral,,deep,e,,,TI,pair-3,,0.05,0.18,0.9191594713982467,,,,,,,,,,,,,,,,,,,
scvis,kmeans,,deep,e,,,TI,pair-3,,0.25,0.34,0.9191594713982467,,,,,,,,,,,,,,,,,,,
scvis,louvain,,deep,e,,,TI,pair-3,,0.01,0.22,0.9191594713982467,,,,,,,,,,,,,,,,,,,
scvis,spectral,,deep,e,,,TI,pair-3,,0.06,0.21,0.9191594713982467,,,,,,,,,,,,,,,,,,,
t-SNE,kmeans,,metric,e,,,TI,pair-3,,0.16,0.44,0.9191594713982467,,,,,,,,,,,,,,,,,,,
t-SNE,louvain,,metric,e,,,TI,pair-3,,0.02,0.3,0.9191594713982467,,,,,,,,,,,,,,,,,,,
t-SNE,spectral,,metric,e,,,TI,pair-3,,0.18,0.43,0.9191594713982467,,,,,,,,,,,,,,,,,,,
tGPLVM,kmeans,,linear,e,,,TI,pair-3,,0.03,0.03,0.9191594713982467,,,,,,,,,,,,,,,,,,,
tGPLVM,louvain,,linear,e,,,TI,pair-3,,0.0,0.03,0.9191594713982467,,,,,,,,,,,,,,,,,,,
tGPLVM,spectral,,linear,e,,,TI,pair-3,,0.01,0.03,0.9191594713982467,,,,,,,,,,,,,,,,,,,
DRA,kmeans,,deep,e,,,TI,pair-4,,0.0,0.0,0.9191594713982467,,,,,,,,,,,,,,,,,,,
DRA,louvain,,deep,e,,,TI,pair-4,,0.0,0.02,0.9191594713982467,,,,,,,,,,,,,,,,,,,
DRA,spectral,,deep,e,,,TI,pair-4,,0.0,0.0,0.9191594713982467,,,,,,,,,,,,,,,,,,,
DREAM,kmeans,,deep,e,,,TI,pair-4,,0.0,0.01,0.9191594713982467,,,,,,,,,,,,,,,,,,,
DREAM,louvain,,deep,e,,,TI,pair-4,,0.0,0.02,0.9191594713982467,,,,,,,,,,,,,,,,,,,
DREAM,spectral,,deep,e,,,TI,pair-4,,0.0,0.01,0.9191594713982467,,,,,,,,,,,,,,,,,,,
EDGE,kmeans,,graph,e,,,TI,pair-4,,-0.0,0.04,0.9191594713982467,,,,,,,,,,,,,,,,,,,
EDGE,louvain,,graph,e,,,TI,pair-4,,0.0,0.05,0.9191594713982467,,,,,,,,,,,,,,,,,,,
EDGE,spectral,,graph,e,,,TI,pair-4,,0.01,0.04,0.9191594713982467,,,,,,,,,,,,,,,,,,,
GLMPCA,kmeans,,linear,e,,,TI,pair-4,,0.18,0.37,0.9191594713982467,,,,,,,,,,,,,,,,,,,
GLMPCA,louvain,,linear,e,,,TI,pair-4,,0.01,0.24,0.9191594713982467,,,,,,,,,,,,,,,,,,,
GLMPCA,spectral,,linear,e,,,TI,pair-4,,0.1,0.34,0.9191594713982467,,,,,,,,,,,,,,,,,,,
IVIS,kmeans,,metric,e,,,TI,pair-4,,0.02,0.08,0.9191594713982467,,,,,,,,,,,,,,,,,,,
IVIS,louvain,,metric,e,,,TI,pair-4,,0.0,0.09,0.9191594713982467,,,,,,,,,,,,,,,,,,,
IVIS,spectral,,metric,e,,,TI,pair-4,,0.02,0.09,0.9191594713982467,,,,,,,,,,,,,,,,,,,
PCA,kmeans,,linear,e,,,TI,pair-4,,0.25,0.35,0.9191594713982467,,,,,,,,,,,,,,,,,,,
PCA,louvain,,linear,e,,,TI,pair-4,,0.01,0.22,0.9191594713982467,,,,,,,,,,,,,,,,,,,
PCA,spectral,,linear,e,,,TI,pair-4,,0.09,0.3,0.9191594713982467,,,,,,,,,,,,,,,,,,,
PHATE,kmeans,,graph,e,,,TI,pair-4,,0.07,0.23,0.9191594713982467,,,,,,,,,,,,,,,,,,,
PHATE,louvain,,graph,e,,,TI,pair-4,,0.01,0.19,0.9191594713982467,,,,,,,,,,,,,,,,,,,
PHATE,spectral,,graph,e,,,TI,pair-4,,0.05,0.22,0.9191594713982467,,,,,,,,,,,,,,,,,,,
PaCMAP,kmeans,,metric,e,,,TI,pair-4,,0.01,0.03,0.9191594713982467,,,,,,,,,,,,,,,,,,,
PaCMAP,louvain,,metric,e,,,TI,pair-4,,0.0,0.04,0.9191594713982467,,,,,,,,,,,,,,,,,,,
PaCMAP,spectral,,metric,e,,,TI,pair-4,,0.01,0.03,0.9191594713982467,,,,,,,,,,,,,,,,,,,
SAUCIE,kmeans,,deep,e,,,TI,pair-4,,0.02,0.08,0.9191594713982467,,,,,,,,,,,,,,,,,,,
SAUCIE,louvain,,deep,e,,,TI,pair-4,,0.0,0.07,0.9191594713982467,,,,,,,,,,,,,,,,,,,
SAUCIE,spectral,,deep,e,,,TI,pair-4,,0.02,0.08,0.9191594713982467,,,,,,,,,,,,,,,,,,,
SCDRHA,kmeans,,deep,e,,,TI,pair-4,,0.05,0.18,0.9191594713982467,,,,,,,,,,,,,,,,,,,
SCDRHA,louvain,,deep,e,,,TI,pair-4,,0.01,0.14,0.9191594713982467,,,,,,,,,,,,,,,,,,,
SCDRHA,spectral,,deep,e,,,TI,pair-4,,0.05,0.17,0.9191594713982467,,,,,,,,,,,,,,,,,,,
SPDR,kmeans,,graph,e,,,TI,pair-4,,0.06,0.22,0.9191594713982467,,,,,,,,,,,,,,,,,,,
SPDR,louvain,,graph,e,,,TI,pair-4,,0.01,0.21,0.9191594713982467,,,,,,,,,,,,,,,,,,,
SPDR,spectral,,graph,e,,,TI,pair-4,,0.07,0.26,0.9191594713982467,,,,,,,,,,,,,,,,,,,
SQuaD-MDS,kmeans,,metric,e,,,TI,pair-4,,0.07,0.15,0.9191594713982467,,,,,,,,,,,,,,,,,,,
SQuaD-MDS,louvain,,metric,e,,,TI,pair-4,,0.01,0.135,0.9191594713982467,,,,,,,,,,,,,,,,,,,
SQuaD-MDS,spectral,,metric,e,,,TI,pair-4,,0.045,0.15,0.9191594713982467,,,,,,,,,,,,,,,,,,,
SSNMDI,kmeans,,linear,e,,,TI,pair-4,,0.02,0.03,0.9191594713982467,,,,,,,,,,,,,,,,,,,
SSNMDI,louvain,,linear,e,,,TI,pair-4,,0.0,0.04,0.9191594713982467,,,,,,,,,,,,,,,,,,,
SSNMDI,spectral,,linear,e,,,TI,pair-4,,0.01,0.03,0.9191594713982467,,,,,,,,,,,,,,,,,,,
TriMap,kmeans,,metric,e,,,TI,pair-4,,0.11,0.3,0.9191594713982467,,,,,,,,,,,,,,,,,,,
TriMap,louvain,,metric,e,,,TI,pair-4,,0.01,0.23,0.9191594713982467,,,,,,,,,,,,,,,,,,,
TriMap,spectral,,metric,e,,,TI,pair-4,,0.11,0.32,0.9191594713982467,,,,,,,,,,,,,,,,,,,
UMAP,kmeans,,graph,e,,,TI,pair-4,,0.02,0.09,0.9191594713982467,,,,,,,,,,,,,,,,,,,
UMAP,louvain,,graph,e,,,TI,pair-4,,0.0,0.1,0.9191594713982467,,,,,,,,,,,,,,,,,,,
UMAP,spectral,,graph,e,,,TI,pair-4,,0.01,0.08,0.9191594713982467,,,,,,,,,,,,,,,,,,,
VAE,kmeans,,deep,e,,,TI,pair-4,,0.07,0.29,0.9191594713982467,,,,,,,,,,,,,,,,,,,
VAE,louvain,,deep,e,,,TI,pair-4,,0.01,0.24,0.9191594713982467,,,,,,,,,,,,,,,,,,,
VAE,spectral,,deep,e,,,TI,pair-4,,0.09,0.3,0.9191594713982467,,,,,,,,,,,,,,,,,,,
VASC,kmeans,,deep,e,,,TI,pair-4,,0.22,0.42,0.9191594713982467,,,,,,,,,,,,,,,,,,,
VASC,louvain,,deep,e,,,TI,pair-4,,0.01,0.26,0.9191594713982467,,,,,,,,,,,,,,,,,,,
VASC,spectral,,deep,e,,,TI,pair-4,,0.11,0.36,0.9191594713982467,,,,,,,,,,,,,,,,,,,
ZIFA,kmeans,,linear,e,,,TI,pair-4,,0.18,0.29,0.9191594713982467,,,,,,,,,,,,,,,,,,,
ZIFA,louvain,,linear,e,,,TI,pair-4,,0.01,0.18,0.9191594713982467,,,,,,,,,,,,,,,,,,,
ZIFA,spectral,,linear,e,,,TI,pair-4,,0.07,0.23,0.9191594713982467,,,,,,,,,,,,,,,,,,,
pCMF,kmeans,,linear,e,,,TI,pair-4,,0.04,0.09,0.9191594713982467,,,,,,,,,,,,,,,,,,,
pCMF,louvain,,linear,e,,,TI,pair-4,,0.0,0.07,0.9191594713982467,,,,,,,,,,,,,,,,,,,
pCMF,spectral,,linear,e,,,TI,pair-4,,0.02,0.08,0.9191594713982467,,,,,,,,,,,,,,,,,,,
scGAE,kmeans,,deep,e,,,TI,pair-4,,0.03,0.14,0.9191594713982467,,,,,,,,,,,,,,,,,,,
scGAE,louvain,,deep,e,,,TI,pair-4,,0.0,0.16,0.9191594713982467,,,,,,,,,,,,,,,,,,,
scGAE,spectral,,deep,e,,,TI,pair-4,,0.08,0.21,0.9191594713982467,,,,,,,,,,,,,,,,,,,
scGBM,kmeans,,linear,e,,,TI,pair-4,,0.21,0.4,0.9191594713982467,,,,,,,,,,,,,,,,,,,
scGBM,louvain,,linear,e,,,TI,pair-4,,0.01,0.25,0.9191594713982467,,,,,,,,,,,,,,,,,,,
scGBM,spectral,,linear,e,,,TI,pair-4,,0.11,0.35,0.9191594713982467,,,,,,,,,,,,,,,,,,,
scScope,kmeans,,deep,e,,,TI,pair-4,,0.06,0.18,0.9191594713982467,,,,,,,,,,,,,,,,,,,
scScope,louvain,,deep,e,,,TI,pair-4,,0.01,0.15,0.9191594713982467,,,,,,,,,,,,,,,,,,,
scScope,spectral,,deep,e,,,TI,pair-4,,0.04,0.17,0.9191594713982467,,,,,,,,,,,,,,,,,,,
scvis,kmeans,,deep,e,,,TI,pair-4,,0.13,0.19,0.9191594713982467,,,,,,,,,,,,,,,,,,,
scvis,louvain,,deep,e,,,TI,pair-4,,0.01,0.14,0.9191594713982467,,,,,,,,,,,,,,,,,,,
scvis,spectral,,deep,e,,,TI,pair-4,,0.06,0.17,0.9191594713982467,,,,,,,,,,,,,,,,,,,
t-SNE,kmeans,,metric,e,,,TI,pair-4,,0.09,0.33,0.9191594713982467,,,,,,,,,,,,,,,,,,,
t-SNE,louvain,,metric,e,,,TI,pair-4,,0.02,0.28,0.9191594713982467,,,,,,,,,,,,,,,,,,,
t-SNE,spectral,,metric,e,,,TI,pair-4,,0.14,0.38,0.9191594713982467,,,,,,,,,,,,,,,,,,,
tGPLVM,kmeans,,linear,e,,,TI,pair-4,,0.03,0.02,0.9191594713982467,,,,,,,,,,,,,,,,,,,
tGPLVM,louvain,,linear,e,,,TI,pair-4,,0.0,0.03,0.9191594713982467,,,,,,,,,,,,,,,,,,,
tGPLVM,spectral,,linear,e,,,TI,pair-4,,0.01,0.02,0.9191594713982467,,,,,,,,,,,,,,,,,,,
DRA,kmeans,,deep,e,,,TI,parenchyme,,-0.0,0.0,0.9191594713982467,,,,,,,,,,,,,,,,,,,
DRA,louvain,,deep,e,,,TI,parenchyme,,-0.0,0.01,0.9191594713982467,,,,,,,,,,,,,,,,,,,
DRA,spectral,,deep,e,,,TI,parenchyme,,0.0,0.0,0.9191594713982467,,,,,,,,,,,,,,,,,,,
DREAM,kmeans,,deep,e,,,TI,parenchyme,,0.32,0.4,0.9191594713982467,,,,,,,,,,,,,,,,,,,
DREAM,louvain,,deep,e,,,TI,parenchyme,,0.11,0.3,0.9191594713982467,,,,,,,,,,,,,,,,,,,
DREAM,spectral,,deep,e,,,TI,parenchyme,,0.29,0.36,0.9191594713982467,,,,,,,,,,,,,,,,,,,
EDGE,kmeans,,graph,e,,,TI,parenchyme,,0.35,0.41,0.9191594713982467,,,,,,,,,,,,,,,,,,,
EDGE,louvain,,graph,e,,,TI,parenchyme,,0.11,0.31,0.9191594713982467,,,,,,,,,,,,,,,,,,,
EDGE,spectral,,graph,e,,,TI,parenchyme,,0.32,0.4,0.9191594713982467,,,,,,,,,,,,,,,,,,,
GLMPCA,kmeans,,linear,e,,,TI,parenchyme,,0.68,0.68,0.9191594713982467,,,,,,,,,,,,,,,,,,,
GLMPCA,louvain,,linear,e,,,TI,parenchyme,,0.2,0.51,0.9191594713982467,,,,,,,,,,,,,,,,,,,
GLMPCA,spectral,,linear,e,,,TI,parenchyme,,0.59,0.65,0.9191594713982467,,,,,,,,,,,,,,,,,,,
IVIS,kmeans,,metric,e,,,TI,parenchyme,,0.57,0.65,0.9191594713982467,,,,,,,,,,,,,,,,,,,
IVIS,louvain,,metric,e,,,TI,parenchyme,,0.19,0.49,0.9191594713982467,,,,,,,,,,,,,,,,,,,
IVIS,spectral,,metric,e,,,TI,parenchyme,,0.55,0.65,0.9191594713982467,,,,,,,,,,,,,,,,,,,
PCA,kmeans,,linear,e,,,TI,parenchyme,,0.42,0.49,0.9191594713982467,,,,,,,,,,,,,,,,,,,
PCA,louvain,,linear,e,,,TI,parenchyme,,0.14,0.4,0.9191594713982467,,,,,,,,,,,,,,,,,,,
PCA,spectral,,linear,e,,,TI,parenchyme,,0.33,0.43,0.9191594713982467,,,,,,,,,,,,,,,,,,,
PHATE,kmeans,,graph,e,,,TI,parenchyme,,0.58,0.7,0.9191594713982467,,,,,,,,,,,,,,,,,,,
PHATE,louvain,,graph,e,,,TI,parenchyme,,0.17,0.49,0.9191594713982467,,,,,,,,,,,,,,,,,,,
PHATE,spectral,,graph,e,,,TI,parenchyme,,0.58,0.69,0.9191594713982467,,,,,,,,,,,,,,,,,,,
PaCMAP,kmeans,,metric,e,,,TI,parenchyme,,0.0,0.0,0.9191594713982467,,,,,,,,,,,,,,,,,,,
PaCMAP,louvain,,metric,e,,,TI,parenchyme,,0.0,0.01,0.9191594713982467,,,,,,,,,,,,,,,,,,,
PaCMAP,spectral,,metric,e,,,TI,parenchyme,,0.0,0.0,0.9191594713982467,,,,,,,,,,,,,,,,,,,
SAUCIE,kmeans,,deep,e,,,TI,parenchyme,,0.04,0.07,0.9191594713982467,,,,,,,,,,,,,,,,,,,
SAUCIE,louvain,,deep,e,,,TI,parenchyme,,0.01,0.06,0.9191594713982467,,,,,,,,,,,,,,,,,,,
SAUCIE,spectral,,deep,e,,,TI,parenchyme,,0.05,0.07,0.9191594713982467,,,,,,,,,,,,,,,,,,,
SCDRHA,kmeans,,deep,e,,,TI,parenchyme,,0.14,0.25,0.9191594713982467,,,,,,,,,,,,,,,,,,,
SCDRHA,louvain,,deep,e,,,TI,parenchyme,,0.11,0.31,0.9191594713982467,,,,,,,,,,,,,,,,,,,
SCDRHA,spectral,,deep,e,,,TI,parenchyme,,0.13,0.22,0.9191594713982467,,,,,,,,,,,,,,,,,,,
SIMLR,kmeans,,graph,e,,,TI,parenchyme,,0.56,0.59,0.9191594713982467,,,,,,,,,,,,,,,,,,,
SIMLR,louvain,,graph,e,,,TI,parenchyme,,0.19,0.47,0.9191594713982467,,,,,,,,,,,,,,,,,,,
SIMLR,spectral,,graph,e,,,TI,parenchyme,,0.66,0.71,0.9191594713982467,,,,,,,,,,,,,,,,,,,
SPDR,kmeans,,graph,e,,,TI,parenchyme,,0.59,0.66,0.9191594713982467,,,,,,,,,,,,,,,,,,,
SPDR,louvain,,graph,e,,,TI,parenchyme,,0.17,0.46,0.9191594713982467,,,,,,,,,,,,,,,,,,,
SPDR,spectral,,graph,e,,,TI,parenchyme,,0.58,0.65,0.9191594713982467,,,,,,,,,,,,,,,,,,,
SQuaD-MDS,kmeans,,metric,e,,,TI,parenchyme,,0.43000000000000005,0.495,0.9191594713982467,,,,,,,,,,,,,,,,,,,
SQuaD-MDS,louvain,,metric,e,,,TI,parenchyme,,0.15000000000000002,0.38,0.9191594713982467,,,,,,,,,,,,,,,,,,,
SQuaD-MDS,spectral,,metric,e,,,TI,parenchyme,,0.38,0.47,0.9191594713982467,,,,,,,,,,,,,,,,,,,
SSNMDI,kmeans,,linear,e,,,TI,parenchyme,,0.01,0.01,0.9191594713982467,,,,,,,,,,,,,,,,,,,
SSNMDI,louvain,,linear,e,,,TI,parenchyme,,0.0,0.02,0.9191594713982467,,,,,,,,,,,,,,,,,,,
SSNMDI,spectral,,linear,e,,,TI,parenchyme,,0.0,0.01,0.9191594713982467,,,,,,,,,,,,,,,,,,,
TriMap,kmeans,,metric,e,,,TI,parenchyme,,0.6,0.68,0.9191594713982467,,,,,,,,,,,,,,,,,,,
TriMap,louvain,,metric,e,,,TI,parenchyme,,0.16,0.46,0.9191594713982467,,,,,,,,,,,,,,,,,,,
TriMap,spectral,,metric,e,,,TI,parenchyme,,0.62,0.69,0.9191594713982467,,,,,,,,,,,,,,,,,,,
UMAP,kmeans,,graph,e,,,TI,parenchyme,,0.53,0.62,0.9191594713982467,,,,,,,,,,,,,,,,,,,
UMAP,louvain,,graph,e,,,TI,parenchyme,,0.17,0.45,0.9191594713982467,,,,,,,,,,,,,,,,,,,
UMAP,spectral,,graph,e,,,TI,parenchyme,,0.44,0.57,0.9191594713982467,,,,,,,,,,,,,,,,,,,
VAE,kmeans,,deep,e,,,TI,parenchyme,,0.01,0.03,0.9191594713982467,,,,,,,,,,,,,,,,,,,
VAE,louvain,,deep,e,,,TI,parenchyme,,0.01,0.04,0.9191594713982467,,,,,,,,,,,,,,,,,,,
VAE,spectral,,deep,e,,,TI,parenchyme,,0.02,0.03,0.9191594713982467,,,,,,,,,,,,,,,,,,,
VASC,kmeans,,deep,e,,,TI,parenchyme,,0.66,0.69,0.9191594713982467,,,,,,,,,,,,,,,,,,,
VASC,louvain,,deep,e,,,TI,parenchyme,,0.17,0.49,0.9191594713982467,,,,,,,,,,,,,,,,,,,
VASC,spectral,,deep,e,,,TI,parenchyme,,0.55,0.64,0.9191594713982467,,,,,,,,,,,,,,,,,,,
ZIFA,kmeans,,linear,e,,,TI,parenchyme,,0.33,0.43,0.9191594713982467,,,,,,,,,,,,,,,,,,,
ZIFA,louvain,,linear,e,,,TI,parenchyme,,0.13,0.38,0.9191594713982467,,,,,,,,,,,,,,,,,,,
ZIFA,spectral,,linear,e,,,TI,parenchyme,,0.39,0.48,0.9191594713982467,,,,,,,,,,,,,,,,,,,
pCMF,kmeans,,linear,e,,,TI,parenchyme,,0.1,0.13,0.9191594713982467,,,,,,,,,,,,,,,,,,,
pCMF,louvain,,linear,e,,,TI,parenchyme,,0.02,0.1,0.9191594713982467,,,,,,,,,,,,,,,,,,,
pCMF,spectral,,linear,e,,,TI,parenchyme,,0.1,0.13,0.9191594713982467,,,,,,,,,,,,,,,,,,,
scGAE,kmeans,,deep,e,,,TI,parenchyme,,0.08,0.16,0.9191594713982467,,,,,,,,,,,,,,,,,,,
scGAE,louvain,,deep,e,,,TI,parenchyme,,0.06,0.22,0.9191594713982467,,,,,,,,,,,,,,,,,,,
scGAE,spectral,,deep,e,,,TI,parenchyme,,0.14,0.24,0.9191594713982467,,,,,,,,,,,,,,,,,,,
scGBM,kmeans,,linear,e,,,TI,parenchyme,,0.71,0.71,0.9191594713982467,,,,,,,,,,,,,,,,,,,
scGBM,louvain,,linear,e,,,TI,parenchyme,,0.19,0.51,0.9191594713982467,,,,,,,,,,,,,,,,,,,
scGBM,spectral,,linear,e,,,TI,parenchyme,,0.55,0.65,0.9191594713982467,,,,,,,,,,,,,,,,,,,
scScope,kmeans,,deep,e,,,TI,parenchyme,,0.08,0.11,0.9191594713982467,,,,,,,,,,,,,,,,,,,
scScope,louvain,,deep,e,,,TI,parenchyme,,0.08,0.21,0.9191594713982467,,,,,,,,,,,,,,,,,,,
scScope,spectral,,deep,e,,,TI,parenchyme,,0.13,0.15,0.9191594713982467,,,,,,,,,,,,,,,,,,,
scvis,kmeans,,deep,e,,,TI,parenchyme,,0.59,0.66,0.9191594713982467,,,,,,,,,,,,,,,,,,,
scvis,louvain,,deep,e,,,TI,parenchyme,,0.17,0.44,0.9191594713982467,,,,,,,,,,,,,,,,,,,
scvis,spectral,,deep,e,,,TI,parenchyme,,0.52,0.62,0.9191594713982467,,,,,,,,,,,,,,,,,,,
t-SNE,kmeans,,metric,e,,,TI,parenchyme,,0.61,0.7,0.9191594713982467,,,,,,,,,,,,,,,,,,,
t-SNE,louvain,,metric,e,,,TI,parenchyme,,0.21,0.51,0.9191594713982467,,,,,,,,,,,,,,,,,,,
t-SNE,spectral,,metric,e,,,TI,parenchyme,,0.61,0.7,0.9191594713982467,,,,,,,,,,,,,,,,,,,
tGPLVM,kmeans,,linear,e,,,TI,parenchyme,,0.0,0.0,0.9191594713982467,,,,,,,,,,,,,,,,,,,
tGPLVM,louvain,,linear,e,,,TI,parenchyme,,-0.0,0.01,0.9191594713982467,,,,,,,,,,,,,,,,,,,
tGPLVM,spectral,,linear,e,,,TI,parenchyme,,0.0,0.0,0.9191594713982467,,,,,,,,,,,,,,,,,,,
DRA,kmeans,,deep,e,,,TI,phagocyte,,-0.0,0.0,0.9191594713982467,,,,,,,,,,,,,,,,,,,
DRA,louvain,,deep,e,,,TI,phagocyte,,0.0,0.0,0.9191594713982467,,,,,,,,,,,,,,,,,,,
DRA,spectral,,deep,e,,,TI,phagocyte,,-0.0,0.0,0.9191594713982467,,,,,,,,,,,,,,,,,,,
DREAM,kmeans,,deep,e,,,TI,phagocyte,,0.61,0.49,0.9191594713982467,,,,,,,,,,,,,,,,,,,
DREAM,louvain,,deep,e,,,TI,phagocyte,,0.07,0.25,0.9191594713982467,,,,,,,,,,,,,,,,,,,
DREAM,spectral,,deep,e,,,TI,phagocyte,,0.7,0.57,0.9191594713982467,,,,,,,,,,,,,,,,,,,
EDGE,kmeans,,graph,e,,,TI,phagocyte,,0.55,0.46,0.9191594713982467,,,,,,,,,,,,,,,,,,,
EDGE,louvain,,graph,e,,,TI,phagocyte,,0.09,0.28,0.9191594713982467,,,,,,,,,,,,,,,,,,,
EDGE,spectral,,graph,e,,,TI,phagocyte,,0.75,0.64,0.9191594713982467,,,,,,,,,,,,,,,,,,,
GLMPCA,kmeans,,linear,e,,,TI,phagocyte,,0.7,0.59,0.9191594713982467,,,,,,,,,,,,,,,,,,,
GLMPCA,louvain,,linear,e,,,TI,phagocyte,,0.1,0.32,0.9191594713982467,,,,,,,,,,,,,,,,,,,
GLMPCA,spectral,,linear,e,,,TI,phagocyte,,0.5,0.48,0.9191594713982467,,,,,,,,,,,,,,,,,,,
IVIS,kmeans,,metric,e,,,TI,phagocyte,,0.72,0.65,0.9191594713982467,,,,,,,,,,,,,,,,,,,
IVIS,louvain,,metric,e,,,TI,phagocyte,,0.1,0.31,0.9191594713982467,,,,,,,,,,,,,,,,,,,
IVIS,spectral,,metric,e,,,TI,phagocyte,,0.8,0.71,0.9191594713982467,,,,,,,,,,,,,,,,,,,
PCA,kmeans,,linear,e,,,TI,phagocyte,,0.61,0.55,0.9191594713982467,,,,,,,,,,,,,,,,,,,
PCA,louvain,,linear,e,,,TI,phagocyte,,0.1,0.33,0.9191594713982467,,,,,,,,,,,,,,,,,,,
PCA,spectral,,linear,e,,,TI,phagocyte,,0.66,0.59,0.9191594713982467,,,,,,,,,,,,,,,,,,,
PHATE,kmeans,,graph,e,,,TI,phagocyte,,0.78,0.71,0.9191594713982467,,,,,,,,,,,,,,,,,,,
PHATE,louvain,,graph,e,,,TI,phagocyte,,0.11,0.32,0.9191594713982467,,,,,,,,,,,,,,,,,,,
PHATE,spectral,,graph,e,,,TI,phagocyte,,0.49,0.46,0.9191594713982467,,,,,,,,,,,,,,,,,,,
PaCMAP,kmeans,,metric,e,,,TI,phagocyte,,-0.0,0.0,0.9191594713982467,,,,,,,,,,,,,,,,,,,
PaCMAP,louvain,,metric,e,,,TI,phagocyte,,0.0,0.01,0.9191594713982467,,,,,,,,,,,,,,,,,,,
PaCMAP,spectral,,metric,e,,,TI,phagocyte,,0.04,0.02,0.9191594713982467,,,,,,,,,,,,,,,,,,,
SAUCIE,kmeans,,deep,e,,,TI,phagocyte,,0.01,0.0,0.9191594713982467,,,,,,,,,,,,,,,,,,,
SAUCIE,louvain,,deep,e,,,TI,phagocyte,,0.0,0.01,0.9191594713982467,,,,,,,,,,,,,,,,,,,
SAUCIE,spectral,,deep,e,,,TI,phagocyte,,-0.0,0.0,0.9191594713982467,,,,,,,,,,,,,,,,,,,
SCDRHA,kmeans,,deep,e,,,TI,phagocyte,,-0.03,0.01,0.9191594713982467,,,,,,,,,,,,,,,,,,,
SCDRHA,louvain,,deep,e,,,TI,phagocyte,,0.1,0.29,0.9191594713982467,,,,,,,,,,,,,,,,,,,
SCDRHA,spectral,,deep,e,,,TI,phagocyte,,0.12,0.23,0.9191594713982467,,,,,,,,,,,,,,,,,,,
SIMLR,kmeans,,graph,e,,,TI,phagocyte,,0.75,0.62,0.9191594713982467,,,,,,,,,,,,,,,,,,,
SIMLR,louvain,,graph,e,,,TI,phagocyte,,0.1,0.28,0.9191594713982467,,,,,,,,,,,,,,,,,,,
SIMLR,spectral,,graph,e,,,TI,phagocyte,,0.74,0.64,0.9191594713982467,,,,,,,,,,,,,,,,,,,
SPDR,kmeans,,graph,e,,,TI,phagocyte,,0.53,0.45,0.9191594713982467,,,,,,,,,,,,,,,,,,,
SPDR,louvain,,graph,e,,,TI,phagocyte,,0.09,0.27,0.9191594713982467,,,,,,,,,,,,,,,,,,,
SPDR,spectral,,graph,e,,,TI,phagocyte,,-0.05,0.12,0.9191594713982467,,,,,,,,,,,,,,,,,,,
SQuaD-MDS,kmeans,,metric,e,,,TI,phagocyte,,0.54,0.46,0.9191594713982467,,,,,,,,,,,,,,,,,,,
SQuaD-MDS,louvain,,metric,e,,,TI,phagocyte,,0.095,0.275,0.9191594713982467,,,,,,,,,,,,,,,,,,,
SQuaD-MDS,spectral,,metric,e,,,TI,phagocyte,,0.65,0.575,0.9191594713982467,,,,,,,,,,,,,,,,,,,
SSNMDI,kmeans,,linear,e,,,TI,phagocyte,,-0.0,0.0,0.9191594713982467,,,,,,,,,,,,,,,,,,,
SSNMDI,louvain,,linear,e,,,TI,phagocyte,,0.0,0.01,0.9191594713982467,,,,,,,,,,,,,,,,,,,
SSNMDI,spectral,,linear,e,,,TI,phagocyte,,-0.0,0.0,0.9191594713982467,,,,,,,,,,,,,,,,,,,
TriMap,kmeans,,metric,e,,,TI,phagocyte,,0.54,0.49,0.9191594713982467,,,,,,,,,,,,,,,,,,,
TriMap,louvain,,metric,e,,,TI,phagocyte,,0.08,0.29,0.9191594713982467,,,,,,,,,,,,,,,,,,,
TriMap,spectral,,metric,e,,,TI,phagocyte,,0.35,0.4,0.9191594713982467,,,,,,,,,,,,,,,,,,,
UMAP,kmeans,,graph,e,,,TI,phagocyte,,0.77,0.67,0.9191594713982467,,,,,,,,,,,,,,,,,,,
UMAP,louvain,,graph,e,,,TI,phagocyte,,0.1,0.3,0.9191594713982467,,,,,,,,,,,,,,,,,,,
UMAP,spectral,,graph,e,,,TI,phagocyte,,0.79,0.69,0.9191594713982467,,,,,,,,,,,,,,,,,,,
VAE,kmeans,,deep,e,,,TI,phagocyte,,0.03,0.02,0.9191594713982467,,,,,,,,,,,,,,,,,,,
VAE,louvain,,deep,e,,,TI,phagocyte,,0.0,0.03,0.9191594713982467,,,,,,,,,,,,,,,,,,,
VAE,spectral,,deep,e,,,TI,phagocyte,,-0.02,0.01,0.9191594713982467,,,,,,,,,,,,,,,,,,,
VASC,kmeans,,deep,e,,,TI,phagocyte,,0.77,0.67,0.9191594713982467,,,,,,,,,,,,,,,,,,,
VASC,louvain,,deep,e,,,TI,phagocyte,,0.1,0.31,0.9191594713982467,,,,,,,,,,,,,,,,,,,
VASC,spectral,,deep,e,,,TI,phagocyte,,0.43,0.45,0.9191594713982467,,,,,,,,,,,,,,,,,,,
ZIFA,kmeans,,linear,e,,,TI,phagocyte,,0.6,0.47,0.9191594713982467,,,,,,,,,,,,,,,,,,,
ZIFA,louvain,,linear,e,,,TI,phagocyte,,0.1,0.29,0.9191594713982467,,,,,,,,,,,,,,,,,,,
ZIFA,spectral,,linear,e,,,TI,phagocyte,,0.46,0.4,0.9191594713982467,,,,,,,,,,,,,,,,,,,
pCMF,kmeans,,linear,e,,,TI,phagocyte,,-0.02,0.02,0.9191594713982467,,,,,,,,,,,,,,,,,,,
pCMF,louvain,,linear,e,,,TI,phagocyte,,0.03,0.09,0.9191594713982467,,,,,,,,,,,,,,,,,,,
pCMF,spectral,,linear,e,,,TI,phagocyte,,0.0,0.03,0.9191594713982467,,,,,,,,,,,,,,,,,,,
scGAE,kmeans,,deep,e,,,TI,phagocyte,,0.65,0.57,0.9191594713982467,,,,,,,,,,,,,,,,,,,
scGAE,louvain,,deep,e,,,TI,phagocyte,,0.09,0.29,0.9191594713982467,,,,,,,,,,,,,,,,,,,
scGAE,spectral,,deep,e,,,TI,phagocyte,,0.78,0.66,0.9191594713982467,,,,,,,,,,,,,,,,,,,
scGBM,kmeans,,linear,e,,,TI,phagocyte,,0.72,0.61,0.9191594713982467,,,,,,,,,,,,,,,,,,,
scGBM,louvain,,linear,e,,,TI,phagocyte,,0.1,0.31,0.9191594713982467,,,,,,,,,,,,,,,,,,,
scGBM,spectral,,linear,e,,,TI,phagocyte,,0.54,0.51,0.9191594713982467,,,,,,,,,,,,,,,,,,,
scScope,kmeans,,deep,e,,,TI,phagocyte,,-0.0,0.0,0.9191594713982467,,,,,,,,,,,,,,,,,,,
scScope,louvain,,deep,e,,,TI,phagocyte,,0.07,0.17,0.9191594713982467,,,,,,,,,,,,,,,,,,,
scScope,spectral,,deep,e,,,TI,phagocyte,,0.01,0.08,0.9191594713982467,,,,,,,,,,,,,,,,,,,
scvis,kmeans,,deep,e,,,TI,phagocyte,,0.81,0.72,0.9191594713982467,,,,,,,,,,,,,,,,,,,
scvis,louvain,,deep,e,,,TI,phagocyte,,0.11,0.31,0.9191594713982467,,,,,,,,,,,,,,,,,,,
scvis,spectral,,deep,e,,,TI,phagocyte,,0.84,0.73,0.9191594713982467,,,,,,,,,,,,,,,,,,,
t-SNE,kmeans,,metric,e,,,TI,phagocyte,,0.54,0.5,0.9191594713982467,,,,,,,,,,,,,,,,,,,
t-SNE,louvain,,metric,e,,,TI,phagocyte,,0.1,0.31,0.9191594713982467,,,,,,,,,,,,,,,,,,,
t-SNE,spectral,,metric,e,,,TI,phagocyte,,0.8,0.69,0.9191594713982467,,,,,,,,,,,,,,,,,,,
tGPLVM,kmeans,,linear,e,,,TI,phagocyte,,-0.0,0.0,0.9191594713982467,,,,,,,,,,,,,,,,,,,
tGPLVM,louvain,,linear,e,,,TI,phagocyte,,0.0,0.01,0.9191594713982467,,,,,,,,,,,,,,,,,,,
tGPLVM,spectral,,linear,e,,,TI,phagocyte,,-0.0,0.0,0.9191594713982467,,,,,,,,,,,,,,,,,,,
DRA,kmeans,,deep,e,,,TI,pharynx,,-0.01,0.0,0.9191594713982467,,,,,,,,,,,,,,,,,,,
DRA,louvain,,deep,e,,,TI,pharynx,,0.01,0.03,0.9191594713982467,,,,,,,,,,,,,,,,,,,
DRA,spectral,,deep,e,,,TI,pharynx,,-0.01,0.0,0.9191594713982467,,,,,,,,,,,,,,,,,,,
DREAM,kmeans,,deep,e,,,TI,pharynx,,0.85,0.76,0.9191594713982467,,,,,,,,,,,,,,,,,,,
DREAM,louvain,,deep,e,,,TI,pharynx,,0.12,0.31,0.9191594713982467,,,,,,,,,,,,,,,,,,,
DREAM,spectral,,deep,e,,,TI,pharynx,,0.76,0.7,0.9191594713982467,,,,,,,,,,,,,,,,,,,
EDGE,kmeans,,graph,e,,,TI,pharynx,,0.28,0.23,0.9191594713982467,,,,,,,,,,,,,,,,,,,
EDGE,louvain,,graph,e,,,TI,pharynx,,0.08,0.19,0.9191594713982467,,,,,,,,,,,,,,,,,,,
EDGE,spectral,,graph,e,,,TI,pharynx,,0.29,0.22,0.9191594713982467,,,,,,,,,,,,,,,,,,,
GLMPCA,kmeans,,linear,e,,,TI,pharynx,,0.92,0.86,0.9191594713982467,,,,,,,,,,,,,,,,,,,
GLMPCA,louvain,,linear,e,,,TI,pharynx,,0.11,0.35,0.9191594713982467,,,,,,,,,,,,,,,,,,,
GLMPCA,spectral,,linear,e,,,TI,pharynx,,0.92,0.86,0.9191594713982467,,,,,,,,,,,,,,,,,,,
IVIS,kmeans,,metric,e,,,TI,pharynx,,0.89,0.79,0.9191594713982467,,,,,,,,,,,,,,,,,,,
IVIS,louvain,,metric,e,,,TI,pharynx,,0.17,0.38,0.9191594713982467,,,,,,,,,,,,,,,,,,,
IVIS,spectral,,metric,e,,,TI,pharynx,,0.94,0.88,0.9191594713982467,,,,,,,,,,,,,,,,,,,
PCA,kmeans,,linear,e,,,TI,pharynx,,0.92,0.84,0.9191594713982467,,,,,,,,,,,,,,,,,,,
PCA,louvain,,linear,e,,,TI,pharynx,,0.17,0.39,0.9191594713982467,,,,,,,,,,,,,,,,,,,
PCA,spectral,,linear,e,,,TI,pharynx,,0.93,0.88,0.9191594713982467,,,,,,,,,,,,,,,,,,,
PHATE,kmeans,,graph,e,,,TI,pharynx,,0.82,0.71,0.9191594713982467,,,,,,,,,,,,,,,,,,,
PHATE,louvain,,graph,e,,,TI,pharynx,,0.1,0.32,0.9191594713982467,,,,,,,,,,,,,,,,,,,
PHATE,spectral,,graph,e,,,TI,pharynx,,0.81,0.7,0.9191594713982467,,,,,,,,,,,,,,,,,,,
PaCMAP,kmeans,,metric,e,,,TI,pharynx,,0.01,0.0,0.9191594713982467,,,,,,,,,,,,,,,,,,,
PaCMAP,louvain,,metric,e,,,TI,pharynx,,0.0,0.01,0.9191594713982467,,,,,,,,,,,,,,,,,,,
PaCMAP,spectral,,metric,e,,,TI,pharynx,,0.01,0.0,0.9191594713982467,,,,,,,,,,,,,,,,,,,
SAUCIE,kmeans,,deep,e,,,TI,pharynx,,0.03,0.06,0.9191594713982467,,,,,,,,,,,,,,,,,,,
SAUCIE,louvain,,deep,e,,,TI,pharynx,,0.03,0.07,0.9191594713982467,,,,,,,,,,,,,,,,,,,
SAUCIE,spectral,,deep,e,,,TI,pharynx,,0.04,0.07,0.9191594713982467,,,,,,,,,,,,,,,,,,,
SCDRHA,kmeans,,deep,e,,,TI,pharynx,,0.93,0.86,0.9191594713982467,,,,,,,,,,,,,,,,,,,
SCDRHA,louvain,,deep,e,,,TI,pharynx,,0.1,0.33,0.9191594713982467,,,,,,,,,,,,,,,,,,,
SCDRHA,spectral,,deep,e,,,TI,pharynx,,0.3,0.38,0.9191594713982467,,,,,,,,,,,,,,,,,,,
SIMLR,kmeans,,graph,e,,,TI,pharynx,,0.8,0.68,0.9191594713982467,,,,,,,,,,,,,,,,,,,
SIMLR,louvain,,graph,e,,,TI,pharynx,,0.11,0.29,0.9191594713982467,,,,,,,,,,,,,,,,,,,
SIMLR,spectral,,graph,e,,,TI,pharynx,,0.8,0.68,0.9191594713982467,,,,,,,,,,,,,,,,,,,
SPDR,kmeans,,graph,e,,,TI,pharynx,,0.86,0.76,0.9191594713982467,,,,,,,,,,,,,,,,,,,
SPDR,louvain,,graph,e,,,TI,pharynx,,0.17,0.36,0.9191594713982467,,,,,,,,,,,,,,,,,,,
SPDR,spectral,,graph,e,,,TI,pharynx,,0.86,0.76,0.9191594713982467,,,,,,,,,,,,,,,,,,,
SQuaD-MDS,kmeans,,metric,e,,,TI,pharynx,,0.62,0.53,0.9191594713982467,,,,,,,,,,,,,,,,,,,
SQuaD-MDS,louvain,,metric,e,,,TI,pharynx,,0.11,0.28,0.9191594713982467,,,,,,,,,,,,,,,,,,,
SQuaD-MDS,spectral,,metric,e,,,TI,pharynx,,0.595,0.555,0.9191594713982467,,,,,,,,,,,,,,,,,,,
SSNMDI,kmeans,,linear,e,,,TI,pharynx,,-0.02,0.01,0.9191594713982467,,,,,,,,,,,,,,,,,,,
SSNMDI,louvain,,linear,e,,,TI,pharynx,,0.0,0.02,0.9191594713982467,,,,,,,,,,,,,,,,,,,
SSNMDI,spectral,,linear,e,,,TI,pharynx,,-0.0,0.0,0.9191594713982467,,,,,,,,,,,,,,,,,,,
TriMap,kmeans,,metric,e,,,TI,pharynx,,0.92,0.84,0.9191594713982467,,,,,,,,,,,,,,,,,,,
TriMap,louvain,,metric,e,,,TI,pharynx,,0.12,0.35,0.9191594713982467,,,,,,,,,,,,,,,,,,,
TriMap,spectral,,metric,e,,,TI,pharynx,,0.92,0.84,0.9191594713982467,,,,,,,,,,,,,,,,,,,
UMAP,kmeans,,graph,e,,,TI,pharynx,,0.88,0.78,0.9191594713982467,,,,,,,,,,,,,,,,,,,
UMAP,louvain,,graph,e,,,TI,pharynx,,0.09,0.32,0.9191594713982467,,,,,,,,,,,,,,,,,,,
UMAP,spectral,,graph,e,,,TI,pharynx,,0.85,0.75,0.9191594713982467,,,,,,,,,,,,,,,,,,,
VAE,kmeans,,deep,e,,,TI,pharynx,,0.56,0.49,0.9191594713982467,,,,,,,,,,,,,,,,,,,
VAE,louvain,,deep,e,,,TI,pharynx,,0.07,0.23,0.9191594713982467,,,,,,,,,,,,,,,,,,,
VAE,spectral,,deep,e,,,TI,pharynx,,0.57,0.5,0.9191594713982467,,,,,,,,,,,,,,,,,,,
VASC,kmeans,,deep,e,,,TI,pharynx,,0.94,0.9,0.9191594713982467,,,,,,,,,,,,,,,,,,,
VASC,louvain,,deep,e,,,TI,pharynx,,0.12,0.36,0.9191594713982467,,,,,,,,,,,,,,,,,,,
VASC,spectral,,deep,e,,,TI,pharynx,,0.49,0.5,0.9191594713982467,,,,,,,,,,,,,,,,,,,
ZIFA,kmeans,,linear,e,,,TI,pharynx,,0.89,0.79,0.9191594713982467,,,,,,,,,,,,,,,,,,,
ZIFA,louvain,,linear,e,,,TI,pharynx,,0.11,0.35,0.9191594713982467,,,,,,,,,,,,,,,,,,,
ZIFA,spectral,,linear,e,,,TI,pharynx,,0.75,0.69,0.9191594713982467,,,,,,,,,,,,,,,,,,,
pCMF,kmeans,,linear,e,,,TI,pharynx,,0.05,0.07,0.9191594713982467,,,,,,,,,,,,,,,,,,,
pCMF,louvain,,linear,e,,,TI,pharynx,,0.05,0.15,0.9191594713982467,,,,,,,,,,,,,,,,,,,
pCMF,spectral,,linear,e,,,TI,pharynx,,0.0,0.09,0.9191594713982467,,,,,,,,,,,,,,,,,,,
scGAE,kmeans,,deep,e,,,TI,pharynx,,0.53,0.48,0.9191594713982467,,,,,,,,,,,,,,,,,,,
scGAE,louvain,,deep,e,,,TI,pharynx,,0.1,0.31,0.9191594713982467,,,,,,,,,,,,,,,,,,,
scGAE,spectral,,deep,e,,,TI,pharynx,,0.53,0.48,0.9191594713982467,,,,,,,,,,,,,,,,,,,
scGBM,kmeans,,linear,e,,,TI,pharynx,,0.92,0.86,0.9191594713982467,,,,,,,,,,,,,,,,,,,
scGBM,louvain,,linear,e,,,TI,pharynx,,0.12,0.36,0.9191594713982467,,,,,,,,,,,,,,,,,,,
scGBM,spectral,,linear,e,,,TI,pharynx,,0.92,0.86,0.9191594713982467,,,,,,,,,,,,,,,,,,,
scScope,kmeans,,deep,e,,,TI,pharynx,,0.79,0.66,0.9191594713982467,,,,,,,,,,,,,,,,,,,
scScope,louvain,,deep,e,,,TI,pharynx,,0.15,0.32,0.9191594713982467,,,,,,,,,,,,,,,,,,,
scScope,spectral,,deep,e,,,TI,pharynx,,0.82,0.7,0.9191594713982467,,,,,,,,,,,,,,,,,,,
scvis,kmeans,,deep,e,,,TI,pharynx,,0.86,0.76,0.9191594713982467,,,,,,,,,,,,,,,,,,,
scvis,louvain,,deep,e,,,TI,pharynx,,0.17,0.36,0.9191594713982467,,,,,,,,,,,,,,,,,,,
scvis,spectral,,deep,e,,,TI,pharynx,,0.87,0.78,0.9191594713982467,,,,,,,,,,,,,,,,,,,
t-SNE,kmeans,,metric,e,,,TI,pharynx,,0.58,0.52,0.9191594713982467,,,,,,,,,,,,,,,,,,,
t-SNE,louvain,,metric,e,,,TI,pharynx,,0.12,0.33,0.9191594713982467,,,,,,,,,,,,,,,,,,,
t-SNE,spectral,,metric,e,,,TI,pharynx,,0.75,0.65,0.9191594713982467,,,,,,,,,,,,,,,,,,,
tGPLVM,kmeans,,linear,e,,,TI,pharynx,,-0.0,0.0,0.9191594713982467,,,,,,,,,,,,,,,,,,,
tGPLVM,louvain,,linear,e,,,TI,pharynx,,0.0,0.02,0.9191594713982467,,,,,,,,,,,,,,,,,,,
tGPLVM,spectral,,linear,e,,,TI,pharynx,,-0.0,0.0,0.9191594713982467,,,,,,,,,,,,,,,,,,,
DRA,kmeans,,deep,e,,,TI,trophectoderm,,0.06,0.03,0.9191594713982467,,,,,,,,,,,,,,,,,,,
DRA,louvain,,deep,e,,,TI,trophectoderm,,-0.0,0.03,0.9191594713982467,,,,,,,,,,,,,,,,,,,
DRA,spectral,,deep,e,,,TI,trophectoderm,,0.04,0.03,0.9191594713982467,,,,,,,,,,,,,,,,,,,
DREAM,kmeans,,deep,e,,,TI,trophectoderm,,0.96,0.94,0.9191594713982467,,,,,,,,,,,,,,,,,,,
DREAM,louvain,,deep,e,,,TI,trophectoderm,,0.45,0.63,0.9191594713982467,,,,,,,,,,,,,,,,,,,
DREAM,spectral,,deep,e,,,TI,trophectoderm,,0.47,0.67,0.9191594713982467,,,,,,,,,,,,,,,,,,,
EDGE,kmeans,,graph,e,,,TI,trophectoderm,,0.58,0.71,0.9191594713982467,,,,,,,,,,,,,,,,,,,
EDGE,louvain,,graph,e,,,TI,trophectoderm,,0.48,0.68,0.9191594713982467,,,,,,,,,,,,,,,,,,,
EDGE,spectral,,graph,e,,,TI,trophectoderm,,0.53,0.69,0.9191594713982467,,,,,,,,,,,,,,,,,,,
GLMPCA,kmeans,,linear,e,,,TI,trophectoderm,,0.91,0.9,0.9191594713982467,,,,,,,,,,,,,,,,,,,
GLMPCA,louvain,,linear,e,,,TI,trophectoderm,,0.37,0.61,0.9191594713982467,,,,,,,,,,,,,,,,,,,
GLMPCA,spectral,,linear,e,,,TI,trophectoderm,,0.45,0.65,0.9191594713982467,,,,,,,,,,,,,,,,,,,
IVIS,kmeans,,metric,e,,,TI,trophectoderm,,0.67,0.68,0.9191594713982467,,,,,,,,,,,,,,,,,,,
IVIS,louvain,,metric,e,,,TI,trophectoderm,,0.43,0.6,0.9191594713982467,,,,,,,,,,,,,,,,,,,
IVIS,spectral,,metric,e,,,TI,trophectoderm,,0.51,0.62,0.9191594713982467,,,,,,,,,,,,,,,,,,,
PCA,kmeans,,linear,e,,,TI,trophectoderm,,0.91,0.9,0.9191594713982467,,,,,,,,,,,,,,,,,,,
PCA,louvain,,linear,e,,,TI,trophectoderm,,0.49,0.68,0.9191594713982467,,,,,,,,,,,,,,,,,,,
PCA,spectral,,linear,e,,,TI,trophectoderm,,0.45,0.65,0.9191594713982467,,,,,,,,,,,,,,,,,,,
PHATE,kmeans,,graph,e,,,TI,trophectoderm,,1.0,1.0,0.9191594713982467,,,,,,,,,,,,,,,,,,,
PHATE,louvain,,graph,e,,,TI,trophectoderm,,0.36,0.6,0.9191594713982467,,,,,,,,,,,,,,,,,,,
PHATE,spectral,,graph,e,,,TI,trophectoderm,,0.46,0.66,0.9191594713982467,,,,,,,,,,,,,,,,,,,
PaCMAP,kmeans,,metric,e,,,TI,trophectoderm,,0.42,0.51,0.9191594713982467,,,,,,,,,,,,,,,,,,,
PaCMAP,louvain,,metric,e,,,TI,trophectoderm,,0.31,0.48,0.9191594713982467,,,,,,,,,,,,,,,,,,,
PaCMAP,spectral,,metric,e,,,TI,trophectoderm,,0.39,0.5,0.9191594713982467,,,,,,,,,,,,,,,,,,,
SAUCIE,kmeans,,deep,e,,,TI,trophectoderm,,0.68,0.74,0.9191594713982467,,,,,,,,,,,,,,,,,,,
SAUCIE,louvain,,deep,e,,,TI,trophectoderm,,0.46,0.66,0.9191594713982467,,,,,,,,,,,,,,,,,,,
SAUCIE,spectral,,deep,e,,,TI,trophectoderm,,0.6,0.72,0.9191594713982467,,,,,,,,,,,,,,,,,,,
SCDRHA,kmeans,,deep,e,,,TI,trophectoderm,,0.31,0.48,0.9191594713982467,,,,,,,,,,,,,,,,,,,
SCDRHA,louvain,,deep,e,,,TI,trophectoderm,,0.31,0.48,0.9191594713982467,,,,,,,,,,,,,,,,,,,
SCDRHA,spectral,,deep,e,,,TI,trophectoderm,,0.31,0.48,0.9191594713982467,,,,,,,,,,,,,,,,,,,
SIMLR,kmeans,,graph,e,,,TI,trophectoderm,,0.61,0.61,0.9191594713982467,,,,,,,,,,,,,,,,,,,
SIMLR,louvain,,graph,e,,,TI,trophectoderm,,0.33,0.5,0.9191594713982467,,,,,,,,,,,,,,,,,,,
SIMLR,spectral,,graph,e,,,TI,trophectoderm,,0.49,0.56,0.9191594713982467,,,,,,,,,,,,,,,,,,,
SPDR,kmeans,,graph,e,,,TI,trophectoderm,,0.67,0.64,0.9191594713982467,,,,,,,,,,,,,,,,,,,
SPDR,louvain,,graph,e,,,TI,trophectoderm,,0.33,0.49,0.9191594713982467,,,,,,,,,,,,,,,,,,,
SPDR,spectral,,graph,e,,,TI,trophectoderm,,0.57,0.57,0.9191594713982467,,,,,,,,,,,,,,,,,,,
SQuaD-MDS,kmeans,,metric,e,,,TI,trophectoderm,,0.485,0.5700000000000001,0.9191594713982467,,,,,,,,,,,,,,,,,,,
SQuaD-MDS,louvain,,metric,e,,,TI,trophectoderm,,0.355,0.585,0.9191594713982467,,,,,,,,,,,,,,,,,,,
SQuaD-MDS,spectral,,metric,e,,,TI,trophectoderm,,0.405,0.47,0.9191594713982467,,,,,,,,,,,,,,,,,,,
SSNMDI,kmeans,,linear,e,,,TI,trophectoderm,,0.12,0.11,0.9191594713982467,,,,,,,,,,,,,,,,,,,
SSNMDI,louvain,,linear,e,,,TI,trophectoderm,,0.11,0.19,0.9191594713982467,,,,,,,,,,,,,,,,,,,
SSNMDI,spectral,,linear,e,,,TI,trophectoderm,,0.09,0.1,0.9191594713982467,,,,,,,,,,,,,,,,,,,
TriMap,kmeans,,metric,e,,,TI,trophectoderm,,1.0,1.0,0.9191594713982467,,,,,,,,,,,,,,,,,,,
TriMap,louvain,,metric,e,,,TI,trophectoderm,,0.47,0.67,0.9191594713982467,,,,,,,,,,,,,,,,,,,
TriMap,spectral,,metric,e,,,TI,trophectoderm,,0.45,0.65,0.9191594713982467,,,,,,,,,,,,,,,,,,,
UMAP,kmeans,,graph,e,,,TI,trophectoderm,,1.0,1.0,0.9191594713982467,,,,,,,,,,,,,,,,,,,
UMAP,louvain,,graph,e,,,TI,trophectoderm,,0.38,0.62,0.9191594713982467,,,,,,,,,,,,,,,,,,,
UMAP,spectral,,graph,e,,,TI,trophectoderm,,0.58,0.71,0.9191594713982467,,,,,,,,,,,,,,,,,,,
VAE,kmeans,,deep,e,,,TI,trophectoderm,,0.17,0.21,0.9191594713982467,,,,,,,,,,,,,,,,,,,
VAE,louvain,,deep,e,,,TI,trophectoderm,,0.13,0.25,0.9191594713982467,,,,,,,,,,,,,,,,,,,
VAE,spectral,,deep,e,,,TI,trophectoderm,,0.21,0.23,0.9191594713982467,,,,,,,,,,,,,,,,,,,
VASC,kmeans,,deep,e,,,TI,trophectoderm,,0.58,0.61,0.9191594713982467,,,,,,,,,,,,,,,,,,,
VASC,louvain,,deep,e,,,TI,trophectoderm,,0.4,0.64,0.9191594713982467,,,,,,,,,,,,,,,,,,,
VASC,spectral,,deep,e,,,TI,trophectoderm,,0.45,0.65,0.9191594713982467,,,,,,,,,,,,,,,,,,,
ZIFA,kmeans,,linear,e,,,TI,trophectoderm,,0.87,0.86,0.9191594713982467,,,,,,,,,,,,,,,,,,,
ZIFA,louvain,,linear,e,,,TI,trophectoderm,,0.5,0.68,0.9191594713982467,,,,,,,,,,,,,,,,,,,
ZIFA,spectral,,linear,e,,,TI,trophectoderm,,0.45,0.65,0.9191594713982467,,,,,,,,,,,,,,,,,,,
pCMF,kmeans,,linear,e,,,TI,trophectoderm,,0.28,0.46,0.9191594713982467,,,,,,,,,,,,,,,,,,,
pCMF,louvain,,linear,e,,,TI,trophectoderm,,0.4,0.56,0.9191594713982467,,,,,,,,,,,,,,,,,,,
pCMF,spectral,,linear,e,,,TI,trophectoderm,,0.36,0.51,0.9191594713982467,,,,,,,,,,,,,,,,,,,
scGAE,kmeans,,deep,e,,,TI,trophectoderm,,0.56,0.61,0.9191594713982467,,,,,,,,,,,,,,,,,,,
scGAE,louvain,,deep,e,,,TI,trophectoderm,,0.46,0.64,0.9191594713982467,,,,,,,,,,,,,,,,,,,
scGAE,spectral,,deep,e,,,TI,trophectoderm,,0.68,0.71,0.9191594713982467,,,,,,,,,,,,,,,,,,,
scGBM,kmeans,,linear,e,,,TI,trophectoderm,,0.91,0.9,0.9191594713982467,,,,,,,,,,,,,,,,,,,
scGBM,louvain,,linear,e,,,TI,trophectoderm,,0.37,0.61,0.9191594713982467,,,,,,,,,,,,,,,,,,,
scGBM,spectral,,linear,e,,,TI,trophectoderm,,0.45,0.65,0.9191594713982467,,,,,,,,,,,,,,,,,,,
scScope,kmeans,,deep,e,,,TI,trophectoderm,,0.08,0.17,0.9191594713982467,,,,,,,,,,,,,,,,,,,
scScope,louvain,,deep,e,,,TI,trophectoderm,,0.06,0.19,0.9191594713982467,,,,,,,,,,,,,,,,,,,
scScope,spectral,,deep,e,,,TI,trophectoderm,,0.07,0.17,0.9191594713982467,,,,,,,,,,,,,,,,,,,
scvis,kmeans,,deep,e,,,TI,trophectoderm,,0.96,0.94,0.9191594713982467,,,,,,,,,,,,,,,,,,,
scvis,louvain,,deep,e,,,TI,trophectoderm,,0.37,0.62,0.9191594713982467,,,,,,,,,,,,,,,,,,,
scvis,spectral,,deep,e,,,TI,trophectoderm,,0.77,0.8,0.9191594713982467,,,,,,,,,,,,,,,,,,,
t-SNE,kmeans,,metric,e,,,TI,trophectoderm,,0.69,0.76,0.9191594713982467,,,,,,,,,,,,,,,,,,,
t-SNE,louvain,,metric,e,,,TI,trophectoderm,,0.39,0.62,0.9191594713982467,,,,,,,,,,,,,,,,,,,
t-SNE,spectral,,metric,e,,,TI,trophectoderm,,0.55,0.7,0.9191594713982467,,,,,,,,,,,,,,,,,,,
tGPLVM,kmeans,,linear,e,,,TI,trophectoderm,,0.87,0.86,0.9191594713982467,,,,,,,,,,,,,,,,,,,
tGPLVM,louvain,,linear,e,,,TI,trophectoderm,,0.3,0.48,0.9191594713982467,,,,,,,,,,,,,,,,,,,
tGPLVM,spectral,,linear,e,,,TI,trophectoderm,,0.38,0.54,0.9191594713982467,,,,,,,,,,,,,,,,,,,
DRA,kmeans,,deep,e,,,VASC,Baron,,-0.0,0.0,0.9191594713982467,,,,,,,,,,,,,,,,,,,
DRA,louvain,,deep,e,,,VASC,Baron,,-0.0,0.02,0.9191594713982467,,,,,,,,,,,,,,,,,,,
DRA,spectral,,deep,e,,,VASC,Baron,,-0.0,0.01,0.9191594713982467,,,,,,,,,,,,,,,,,,,
DREAM,kmeans,,deep,e,,,VASC,Baron,,0.01,0.02,0.9191594713982467,,,,,,,,,,,,,,,,,,,
DREAM,louvain,,deep,e,,,VASC,Baron,,0.0,0.03,0.9191594713982467,,,,,,,,,,,,,,,,,,,
DREAM,spectral,,deep,e,,,VASC,Baron,,0.01,0.02,0.9191594713982467,,,,,,,,,,,,,,,,,,,
EDGE,kmeans,,graph,e,,,VASC,Baron,,0.02,0.04,0.9191594713982467,,,,,,,,,,,,,,,,,,,
EDGE,louvain,,graph,e,,,VASC,Baron,,0.01,0.07,0.9191594713982467,,,,,,,,,,,,,,,,,,,
EDGE,spectral,,graph,e,,,VASC,Baron,,0.02,0.05,0.9191594713982467,,,,,,,,,,,,,,,,,,,
GLMPCA,kmeans,,linear,e,,,VASC,Baron,,0.02,0.04,0.9191594713982467,,,,,,,,,,,,,,,,,,,
GLMPCA,louvain,,linear,e,,,VASC,Baron,,0.0,0.05,0.9191594713982467,,,,,,,,,,,,,,,,,,,
GLMPCA,spectral,,linear,e,,,VASC,Baron,,0.01,0.03,0.9191594713982467,,,,,,,,,,,,,,,,,,,
IVIS,kmeans,,metric,e,,,VASC,Baron,,0.03,0.06,0.9191594713982467,,,,,,,,,,,,,,,,,,,
IVIS,louvain,,metric,e,,,VASC,Baron,,0.02,0.07,0.9191594713982467,,,,,,,,,,,,,,,,,,,
IVIS,spectral,,metric,e,,,VASC,Baron,,0.03,0.05,0.9191594713982467,,,,,,,,,,,,,,,,,,,
PCA,kmeans,,linear,e,,,VASC,Baron,,0.02,0.02,0.9191594713982467,,,,,,,,,,,,,,,,,,,
PCA,louvain,,linear,e,,,VASC,Baron,,0.0,0.04,0.9191594713982467,,,,,,,,,,,,,,,,,,,
PCA,spectral,,linear,e,,,VASC,Baron,,0.01,0.03,0.9191594713982467,,,,,,,,,,,,,,,,,,,
PHATE,kmeans,,graph,e,,,VASC,Baron,,0.04,0.05,0.9191594713982467,,,,,,,,,,,,,,,,,,,
PHATE,louvain,,graph,e,,,VASC,Baron,,0.01,0.09,0.9191594713982467,,,,,,,,,,,,,,,,,,,
PHATE,spectral,,graph,e,,,VASC,Baron,,0.03,0.07,0.9191594713982467,,,,,,,,,,,,,,,,,,,
PaCMAP,kmeans,,metric,e,,,VASC,Baron,,0.01,0.02,0.9191594713982467,,,,,,,,,,,,,,,,,,,
PaCMAP,louvain,,metric,e,,,VASC,Baron,,0.0,0.04,0.9191594713982467,,,,,,,,,,,,,,,,,,,
PaCMAP,spectral,,metric,e,,,VASC,Baron,,0.01,0.02,0.9191594713982467,,,,,,,,,,,,,,,,,,,
SAUCIE,kmeans,,deep,e,,,VASC,Baron,,0.0,0.01,0.9191594713982467,,,,,,,,,,,,,,,,,,,
SAUCIE,louvain,,deep,e,,,VASC,Baron,,0.0,0.03,0.9191594713982467,,,,,,,,,,,,,,,,,,,
SAUCIE,spectral,,deep,e,,,VASC,Baron,,0.0,0.01,0.9191594713982467,,,,,,,,,,,,,,,,,,,
SCDRHA,kmeans,,deep,e,,,VASC,Baron,,0.03,0.05,0.9191594713982467,,,,,,,,,,,,,,,,,,,
SCDRHA,louvain,,deep,e,,,VASC,Baron,,0.01,0.06,0.9191594713982467,,,,,,,,,,,,,,,,,,,
SCDRHA,spectral,,deep,e,,,VASC,Baron,,0.02,0.05,0.9191594713982467,,,,,,,,,,,,,,,,,,,
SPDR,kmeans,,graph,e,,,VASC,Baron,,0.04,0.07,0.9191594713982467,,,,,,,,,,,,,,,,,,,
SPDR,louvain,,graph,e,,,VASC,Baron,,0.01,0.09,0.9191594713982467,,,,,,,,,,,,,,,,,,,
SPDR,spectral,,graph,e,,,VASC,Baron,,0.04,0.06,0.9191594713982467,,,,,,,,,,,,,,,,,,,
SQuaD-MDS,kmeans,,metric,e,,,VASC,Baron,,0.025,0.04,0.9191594713982467,,,,,,,,,,,,,,,,,,,
SQuaD-MDS,louvain,,metric,e,,,VASC,Baron,,0.005,0.07,0.9191594713982467,,,,,,,,,,,,,,,,,,,
SQuaD-MDS,spectral,,metric,e,,,VASC,Baron,,0.02,0.04,0.9191594713982467,,,,,,,,,,,,,,,,,,,
SSNMDI,kmeans,,linear,e,,,VASC,Baron,,0.01,0.02,0.9191594713982467,,,,,,,,,,,,,,,,,,,
SSNMDI,louvain,,linear,e,,,VASC,Baron,,0.0,0.04,0.9191594713982467,,,,,,,,,,,,,,,,,,,
SSNMDI,spectral,,linear,e,,,VASC,Baron,,0.01,0.02,0.9191594713982467,,,,,,,,,,,,,,,,,,,
TriMap,kmeans,,metric,e,,,VASC,Baron,,0.03,0.06,0.9191594713982467,,,,,,,,,,,,,,,,,,,
TriMap,louvain,,metric,e,,,VASC,Baron,,0.01,0.09,0.9191594713982467,,,,,,,,,,,,,,,,,,,
TriMap,spectral,,metric,e,,,VASC,Baron,,0.03,0.06,0.9191594713982467,,,,,,,,,,,,,,,,,,,
UMAP,kmeans,,graph,e,,,VASC,Baron,,0.03,0.06,0.9191594713982467,,,,,,,,,,,,,,,,,,,
UMAP,louvain,,graph,e,,,VASC,Baron,,0.01,0.09,0.9191594713982467,,,,,,,,,,,,,,,,,,,
UMAP,spectral,,graph,e,,,VASC,Baron,,0.03,0.07,0.9191594713982467,,,,,,,,,,,,,,,,,,,
VAE,kmeans,,deep,e,,,VASC,Baron,,0.03,0.07,0.9191594713982467,,,,,,,,,,,,,,,,,,,
VAE,louvain,,deep,e,,,VASC,Baron,,0.01,0.1,0.9191594713982467,,,,,,,,,,,,,,,,,,,
VAE,spectral,,deep,e,,,VASC,Baron,,0.04,0.06,0.9191594713982467,,,,,,,,,,,,,,,,,,,
VASC,kmeans,,deep,e,,,VASC,Baron,,0.02,0.03,0.9191594713982467,,,,,,,,,,,,,,,,,,,
VASC,louvain,,deep,e,,,VASC,Baron,,0.0,0.05,0.9191594713982467,,,,,,,,,,,,,,,,,,,
VASC,spectral,,deep,e,,,VASC,Baron,,0.01,0.03,0.9191594713982467,,,,,,,,,,,,,,,,,,,
ZIFA,kmeans,,linear,e,,,VASC,Baron,,0.01,0.02,0.9191594713982467,,,,,,,,,,,,,,,,,,,
ZIFA,louvain,,linear,e,,,VASC,Baron,,0.0,0.04,0.9191594713982467,,,,,,,,,,,,,,,,,,,
ZIFA,spectral,,linear,e,,,VASC,Baron,,0.01,0.02,0.9191594713982467,,,,,,,,,,,,,,,,,,,
pCMF,kmeans,,linear,e,,,VASC,Baron,,0.01,0.01,0.9191594713982467,,,,,,,,,,,,,,,,,,,
pCMF,louvain,,linear,e,,,VASC,Baron,,0.0,0.03,0.9191594713982467,,,,,,,,,,,,,,,,,,,
pCMF,spectral,,linear,e,,,VASC,Baron,,0.0,0.01,0.9191594713982467,,,,,,,,,,,,,,,,,,,
scGAE,kmeans,,deep,e,,,VASC,Baron,,0.01,0.02,0.9191594713982467,,,,,,,,,,,,,,,,,,,
scGAE,louvain,,deep,e,,,VASC,Baron,,0.0,0.04,0.9191594713982467,,,,,,,,,,,,,,,,,,,
scGAE,spectral,,deep,e,,,VASC,Baron,,0.01,0.02,0.9191594713982467,,,,,,,,,,,,,,,,,,,
scGBM,kmeans,,linear,e,,,VASC,Baron,,0.02,0.04,0.9191594713982467,,,,,,,,,,,,,,,,,,,
scGBM,louvain,,linear,e,,,VASC,Baron,,0.0,0.05,0.9191594713982467,,,,,,,,,,,,,,,,,,,
scGBM,spectral,,linear,e,,,VASC,Baron,,0.01,0.03,0.9191594713982467,,,,,,,,,,,,,,,,,,,
scScope,kmeans,,deep,e,,,VASC,Baron,,0.03,0.06,0.9191594713982467,,,,,,,,,,,,,,,,,,,
scScope,louvain,,deep,e,,,VASC,Baron,,0.01,0.1,0.9191594713982467,,,,,,,,,,,,,,,,,,,
scScope,spectral,,deep,e,,,VASC,Baron,,0.03,0.06,0.9191594713982467,,,,,,,,,,,,,,,,,,,
scvis,kmeans,,deep,e,,,VASC,Baron,,0.03,0.07,0.9191594713982467,,,,,,,,,,,,,,,,,,,
scvis,louvain,,deep,e,,,VASC,Baron,,0.01,0.08,0.9191594713982467,,,,,,,,,,,,,,,,,,,
scvis,spectral,,deep,e,,,VASC,Baron,,0.03,0.06,0.9191594713982467,,,,,,,,,,,,,,,,,,,
t-SNE,kmeans,,metric,e,,,VASC,Baron,,0.03,0.06,0.9191594713982467,,,,,,,,,,,,,,,,,,,
t-SNE,louvain,,metric,e,,,VASC,Baron,,0.01,0.1,0.9191594713982467,,,,,,,,,,,,,,,,,,,
t-SNE,spectral,,metric,e,,,VASC,Baron,,0.03,0.06,0.9191594713982467,,,,,,,,,,,,,,,,,,,
tGPLVM,kmeans,,linear,e,,,VASC,Baron,,0.02,0.04,0.9191594713982467,,,,,,,,,,,,,,,,,,,
tGPLVM,louvain,,linear,e,,,VASC,Baron,,0.0,0.05,0.9191594713982467,,,,,,,,,,,,,,,,,,,
tGPLVM,spectral,,linear,e,,,VASC,Baron,,0.02,0.03,0.9191594713982467,,,,,,,,,,,,,,,,,,,
DRA,kmeans,,deep,e,,,VASC,Biase,,-0.02,0.03,0.9191594713982467,,,,,,,,,,,,,,,,,,,
DRA,louvain,,deep,e,,,VASC,Biase,,-0.03,0.02,0.9191594713982467,,,,,,,,,,,,,,,,,,,
DRA,spectral,,deep,e,,,VASC,Biase,,-0.03,0.02,0.9191594713982467,,,,,,,,,,,,,,,,,,,
DREAM,kmeans,,deep,e,,,VASC,Biase,,0.92,0.92,0.9191594713982467,,,,,,,,,,,,,,,,,,,
DREAM,louvain,,deep,e,,,VASC,Biase,,0.64,0.74,0.9191594713982467,,,,,,,,,,,,,,,,,,,
DREAM,spectral,,deep,e,,,VASC,Biase,,0.85,0.88,0.9191594713982467,,,,,,,,,,,,,,,,,,,
EDGE,kmeans,,graph,e,,,VASC,Biase,,0.73,0.79,0.9191594713982467,,,,,,,,,,,,,,,,,,,
EDGE,louvain,,graph,e,,,VASC,Biase,,0.61,0.73,0.9191594713982467,,,,,,,,,,,,,,,,,,,
EDGE,spectral,,graph,e,,,VASC,Biase,,0.61,0.73,0.9191594713982467,,,,,,,,,,,,,,,,,,,
GLMPCA,kmeans,,linear,e,,,VASC,Biase,,0.96,0.95,0.9191594713982467,,,,,,,,,,,,,,,,,,,
GLMPCA,louvain,,linear,e,,,VASC,Biase,,0.61,0.73,0.9191594713982467,,,,,,,,,,,,,,,,,,,
GLMPCA,spectral,,linear,e,,,VASC,Biase,,0.61,0.73,0.9191594713982467,,,,,,,,,,,,,,,,,,,
IVIS,kmeans,,metric,e,,,VASC,Biase,,1.0,1.0,0.9191594713982467,,,,,,,,,,,,,,,,,,,
IVIS,louvain,,metric,e,,,VASC,Biase,,0.64,0.74,0.9191594713982467,,,,,,,,,,,,,,,,,,,
IVIS,spectral,,metric,e,,,VASC,Biase,,0.73,0.83,0.9191594713982467,,,,,,,,,,,,,,,,,,,
PCA,kmeans,,linear,e,,,VASC,Biase,,1.0,1.0,0.9191594713982467,,,,,,,,,,,,,,,,,,,
PCA,louvain,,linear,e,,,VASC,Biase,,0.61,0.73,0.9191594713982467,,,,,,,,,,,,,,,,,,,
PCA,spectral,,linear,e,,,VASC,Biase,,0.59,0.72,0.9191594713982467,,,,,,,,,,,,,,,,,,,
PHATE,kmeans,,graph,e,,,VASC,Biase,,1.0,1.0,0.9191594713982467,,,,,,,,,,,,,,,,,,,
PHATE,louvain,,graph,e,,,VASC,Biase,,0.59,0.71,0.9191594713982467,,,,,,,,,,,,,,,,,,,
PHATE,spectral,,graph,e,,,VASC,Biase,,0.65,0.75,0.9191594713982467,,,,,,,,,,,,,,,,,,,
PaCMAP,kmeans,,metric,e,,,VASC,Biase,,0.47,0.52,0.9191594713982467,,,,,,,,,,,,,,,,,,,
PaCMAP,louvain,,metric,e,,,VASC,Biase,,0.42,0.45,0.9191594713982467,,,,,,,,,,,,,,,,,,,
PaCMAP,spectral,,metric,e,,,VASC,Biase,,0.32,0.41,0.9191594713982467,,,,,,,,,,,,,,,,,,,
SAUCIE,kmeans,,deep,e,,,VASC,Biase,,0.3,0.48,0.9191594713982467,,,,,,,,,,,,,,,,,,,
SAUCIE,louvain,,deep,e,,,VASC,Biase,,0.19,0.29,0.9191594713982467,,,,,,,,,,,,,,,,,,,
SAUCIE,spectral,,deep,e,,,VASC,Biase,,0.32,0.47,0.9191594713982467,,,,,,,,,,,,,,,,,,,
SCDRHA,kmeans,,deep,e,,,VASC,Biase,,0.51,0.66,0.9191594713982467,,,,,,,,,,,,,,,,,,,
SCDRHA,louvain,,deep,e,,,VASC,Biase,,0.59,0.71,0.9191594713982467,,,,,,,,,,,,,,,,,,,
SCDRHA,spectral,,deep,e,,,VASC,Biase,,0.53,0.7,0.9191594713982467,,,,,,,,,,,,,,,,,,,
SIMLR,kmeans,,graph,e,,,VASC,Biase,,0.23,0.31,0.9191594713982467,,,,,,,,,,,,,,,,,,,
SIMLR,louvain,,graph,e,,,VASC,Biase,,0.2,0.29,0.9191594713982467,,,,,,,,,,,,,,,,,,,
SIMLR,spectral,,graph,e,,,VASC,Biase,,0.19,0.27,0.9191594713982467,,,,,,,,,,,,,,,,,,,
SPDR,kmeans,,graph,e,,,VASC,Biase,,0.86,0.89,0.9191594713982467,,,,,,,,,,,,,,,,,,,
SPDR,louvain,,graph,e,,,VASC,Biase,,0.61,0.73,0.9191594713982467,,,,,,,,,,,,,,,,,,,
SPDR,spectral,,graph,e,,,VASC,Biase,,0.69,0.77,0.9191594713982467,,,,,,,,,,,,,,,,,,,
SQuaD-MDS,kmeans,,metric,e,,,VASC,Biase,,0.895,0.915,0.9191594713982467,,,,,,,,,,,,,,,,,,,
SQuaD-MDS,louvain,,metric,e,,,VASC,Biase,,0.52,0.655,0.9191594713982467,,,,,,,,,,,,,,,,,,,
SQuaD-MDS,spectral,,metric,e,,,VASC,Biase,,0.595,0.6950000000000001,0.9191594713982467,,,,,,,,,,,,,,,,,,,
SSNMDI,kmeans,,linear,e,,,VASC,Biase,,0.34,0.37,0.9191594713982467,,,,,,,,,,,,,,,,,,,
SSNMDI,louvain,,linear,e,,,VASC,Biase,,0.22,0.26,0.9191594713982467,,,,,,,,,,,,,,,,,,,
SSNMDI,spectral,,linear,e,,,VASC,Biase,,0.22,0.26,0.9191594713982467,,,,,,,,,,,,,,,,,,,
TriMap,kmeans,,metric,e,,,VASC,Biase,,0.96,0.95,0.9191594713982467,,,,,,,,,,,,,,,,,,,
TriMap,louvain,,metric,e,,,VASC,Biase,,0.59,0.71,0.9191594713982467,,,,,,,,,,,,,,,,,,,
TriMap,spectral,,metric,e,,,VASC,Biase,,0.61,0.73,0.9191594713982467,,,,,,,,,,,,,,,,,,,
UMAP,kmeans,,graph,e,,,VASC,Biase,,1.0,1.0,0.9191594713982467,,,,,,,,,,,,,,,,,,,
UMAP,louvain,,graph,e,,,VASC,Biase,,0.61,0.71,0.9191594713982467,,,,,,,,,,,,,,,,,,,
UMAP,spectral,,graph,e,,,VASC,Biase,,0.68,0.77,0.9191594713982467,,,,,,,,,,,,,,,,,,,
VAE,kmeans,,deep,e,,,VASC,Biase,,0.31,0.33,0.9191594713982467,,,,,,,,,,,,,,,,,,,
VAE,louvain,,deep,e,,,VASC,Biase,,0.23,0.22,0.9191594713982467,,,,,,,,,,,,,,,,,,,
VAE,spectral,,deep,e,,,VASC,Biase,,0.25,0.29,0.9191594713982467,,,,,,,,,,,,,,,,,,,
VASC,kmeans,,deep,e,,,VASC,Biase,,0.98,0.96,0.9191594713982467,,,,,,,,,,,,,,,,,,,
VASC,louvain,,deep,e,,,VASC,Biase,,0.59,0.71,0.9191594713982467,,,,,,,,,,,,,,,,,,,
VASC,spectral,,deep,e,,,VASC,Biase,,0.79,0.82,0.9191594713982467,,,,,,,,,,,,,,,,,,,
ZIFA,kmeans,,linear,e,,,VASC,Biase,,0.86,0.89,0.9191594713982467,,,,,,,,,,,,,,,,,,,
ZIFA,louvain,,linear,e,,,VASC,Biase,,0.81,0.83,0.9191594713982467,,,,,,,,,,,,,,,,,,,
ZIFA,spectral,,linear,e,,,VASC,Biase,,0.75,0.84,0.9191594713982467,,,,,,,,,,,,,,,,,,,
pCMF,kmeans,,linear,e,,,VASC,Biase,,0.09,0.17,0.9191594713982467,,,,,,,,,,,,,,,,,,,
pCMF,louvain,,linear,e,,,VASC,Biase,,-0.0,0.09,0.9191594713982467,,,,,,,,,,,,,,,,,,,
pCMF,spectral,,linear,e,,,VASC,Biase,,0.04,0.11,0.9191594713982467,,,,,,,,,,,,,,,,,,,
scGAE,kmeans,,deep,e,,,VASC,Biase,,0.85,0.88,0.9191594713982467,,,,,,,,,,,,,,,,,,,
scGAE,louvain,,deep,e,,,VASC,Biase,,0.64,0.74,0.9191594713982467,,,,,,,,,,,,,,,,,,,
scGAE,spectral,,deep,e,,,VASC,Biase,,0.68,0.76,0.9191594713982467,,,,,,,,,,,,,,,,,,,
scGBM,kmeans,,linear,e,,,VASC,Biase,,1.0,1.0,0.9191594713982467,,,,,,,,,,,,,,,,,,,
scGBM,louvain,,linear,e,,,VASC,Biase,,0.59,0.71,0.9191594713982467,,,,,,,,,,,,,,,,,,,
scGBM,spectral,,linear,e,,,VASC,Biase,,0.69,0.77,0.9191594713982467,,,,,,,,,,,,,,,,,,,
scScope,kmeans,,deep,e,,,VASC,Biase,,0.28,0.42,0.9191594713982467,,,,,,,,,,,,,,,,,,,
scScope,louvain,,deep,e,,,VASC,Biase,,0.2,0.33,0.9191594713982467,,,,,,,,,,,,,,,,,,,
scScope,spectral,,deep,e,,,VASC,Biase,,0.2,0.33,0.9191594713982467,,,,,,,,,,,,,,,,,,,
scvis,kmeans,,deep,e,,,VASC,Biase,,1.0,1.0,0.9191594713982467,,,,,,,,,,,,,,,,,,,
scvis,louvain,,deep,e,,,VASC,Biase,,0.61,0.73,0.9191594713982467,,,,,,,,,,,,,,,,,,,
scvis,spectral,,deep,e,,,VASC,Biase,,0.82,0.87,0.9191594713982467,,,,,,,,,,,,,,,,,,,
t-SNE,kmeans,,metric,e,,,VASC,Biase,,1.0,1.0,0.9191594713982467,,,,,,,,,,,,,,,,,,,
t-SNE,louvain,,metric,e,,,VASC,Biase,,0.61,0.73,0.9191594713982467,,,,,,,,,,,,,,,,,,,
t-SNE,spectral,,metric,e,,,VASC,Biase,,0.82,0.87,0.9191594713982467,,,,,,,,,,,,,,,,,,,
tGPLVM,kmeans,,linear,e,,,VASC,Biase,,0.23,0.49,0.9191594713982467,,,,,,,,,,,,,,,,,,,
tGPLVM,louvain,,linear,e,,,VASC,Biase,,0.2,0.35,0.9191594713982467,,,,,,,,,,,,,,,,,,,
tGPLVM,spectral,,linear,e,,,VASC,Biase,,0.22,0.39,0.9191594713982467,,,,,,,,,,,,,,,,,,,
DRA,kmeans,,deep,e,,,VASC,Goolam,,-0.01,0.03,0.9191594713982467,,,,,,,,,,,,,,,,,,,
DRA,louvain,,deep,e,,,VASC,Goolam,,-0.01,0.05,0.9191594713982467,,,,,,,,,,,,,,,,,,,
DRA,spectral,,deep,e,,,VASC,Goolam,,-0.01,0.03,0.9191594713982467,,,,,,,,,,,,,,,,,,,
DREAM,kmeans,,deep,e,,,VASC,Goolam,,0.51,0.71,0.9191594713982467,,,,,,,,,,,,,,,,,,,
DREAM,louvain,,deep,e,,,VASC,Goolam,,0.4,0.67,0.9191594713982467,,,,,,,,,,,,,,,,,,,
DREAM,spectral,,deep,e,,,VASC,Goolam,,0.45,0.65,0.9191594713982467,,,,,,,,,,,,,,,,,,,
EDGE,kmeans,,graph,e,,,VASC,Goolam,,0.54,0.72,0.9191594713982467,,,,,,,,,,,,,,,,,,,
EDGE,louvain,,graph,e,,,VASC,Goolam,,0.4,0.67,0.9191594713982467,,,,,,,,,,,,,,,,,,,
EDGE,spectral,,graph,e,,,VASC,Goolam,,0.54,0.72,0.9191594713982467,,,,,,,,,,,,,,,,,,,
GLMPCA,kmeans,,linear,e,,,VASC,Goolam,,0.92,0.91,0.9191594713982467,,,,,,,,,,,,,,,,,,,
GLMPCA,louvain,,linear,e,,,VASC,Goolam,,0.42,0.69,0.9191594713982467,,,,,,,,,,,,,,,,,,,
GLMPCA,spectral,,linear,e,,,VASC,Goolam,,0.59,0.75,0.9191594713982467,,,,,,,,,,,,,,,,,,,
IVIS,kmeans,,metric,e,,,VASC,Goolam,,0.71,0.84,0.9191594713982467,,,,,,,,,,,,,,,,,,,
IVIS,louvain,,metric,e,,,VASC,Goolam,,0.52,0.76,0.9191594713982467,,,,,,,,,,,,,,,,,,,
IVIS,spectral,,metric,e,,,VASC,Goolam,,0.44,0.7,0.9191594713982467,,,,,,,,,,,,,,,,,,,
PCA,kmeans,,linear,e,,,VASC,Goolam,,0.75,0.85,0.9191594713982467,,,,,,,,,,,,,,,,,,,
PCA,louvain,,linear,e,,,VASC,Goolam,,0.5,0.74,0.9191594713982467,,,,,,,,,,,,,,,,,,,
PCA,spectral,,linear,e,,,VASC,Goolam,,0.65,0.8,0.9191594713982467,,,,,,,,,,,,,,,,,,,
PHATE,kmeans,,graph,e,,,VASC,Goolam,,0.57,0.73,0.9191594713982467,,,,,,,,,,,,,,,,,,,
PHATE,louvain,,graph,e,,,VASC,Goolam,,0.41,0.67,0.9191594713982467,,,,,,,,,,,,,,,,,,,
PHATE,spectral,,graph,e,,,VASC,Goolam,,0.57,0.73,0.9191594713982467,,,,,,,,,,,,,,,,,,,
PaCMAP,kmeans,,metric,e,,,VASC,Goolam,,0.31,0.41,0.9191594713982467,,,,,,,,,,,,,,,,,,,
PaCMAP,louvain,,metric,e,,,VASC,Goolam,,0.17,0.39,0.9191594713982467,,,,,,,,,,,,,,,,,,,
PaCMAP,spectral,,metric,e,,,VASC,Goolam,,0.14,0.34,0.9191594713982467,,,,,,,,,,,,,,,,,,,
SAUCIE,kmeans,,deep,e,,,VASC,Goolam,,0.91,0.89,0.9191594713982467,,,,,,,,,,,,,,,,,,,
SAUCIE,louvain,,deep,e,,,VASC,Goolam,,0.41,0.67,0.9191594713982467,,,,,,,,,,,,,,,,,,,
SAUCIE,spectral,,deep,e,,,VASC,Goolam,,0.52,0.72,0.9191594713982467,,,,,,,,,,,,,,,,,,,
SCDRHA,kmeans,,deep,e,,,VASC,Goolam,,0.56,0.72,0.9191594713982467,,,,,,,,,,,,,,,,,,,
SCDRHA,louvain,,deep,e,,,VASC,Goolam,,0.39,0.63,0.9191594713982467,,,,,,,,,,,,,,,,,,,
SCDRHA,spectral,,deep,e,,,VASC,Goolam,,0.39,0.59,0.9191594713982467,,,,,,,,,,,,,,,,,,,
SIMLR,kmeans,,graph,e,,,VASC,Goolam,,0.51,0.66,0.9191594713982467,,,,,,,,,,,,,,,,,,,
SIMLR,louvain,,graph,e,,,VASC,Goolam,,0.35,0.61,0.9191594713982467,,,,,,,,,,,,,,,,,,,
SIMLR,spectral,,graph,e,,,VASC,Goolam,,0.51,0.66,0.9191594713982467,,,,,,,,,,,,,,,,,,,
SPDR,kmeans,,graph,e,,,VASC,Goolam,,0.57,0.75,0.9191594713982467,,,,,,,,,,,,,,,,,,,
SPDR,louvain,,graph,e,,,VASC,Goolam,,0.38,0.65,0.9191594713982467,,,,,,,,,,,,,,,,,,,
SPDR,spectral,,graph,e,,,VASC,Goolam,,0.53,0.68,0.9191594713982467,,,,,,,,,,,,,,,,,,,
SQuaD-MDS,kmeans,,metric,e,,,VASC,Goolam,,0.6000000000000001,0.76,0.9191594713982467,,,,,,,,,,,,,,,,,,,
SQuaD-MDS,louvain,,metric,e,,,VASC,Goolam,,0.42000000000000004,0.67,0.9191594713982467,,,,,,,,,,,,,,,,,,,
SQuaD-MDS,spectral,,metric,e,,,VASC,Goolam,,0.53,0.7,0.9191594713982467,,,,,,,,,,,,,,,,,,,
SSNMDI,kmeans,,linear,e,,,VASC,Goolam,,0.12,0.26,0.9191594713982467,,,,,,,,,,,,,,,,,,,
SSNMDI,louvain,,linear,e,,,VASC,Goolam,,0.1,0.27,0.9191594713982467,,,,,,,,,,,,,,,,,,,
SSNMDI,spectral,,linear,e,,,VASC,Goolam,,0.14,0.27,0.9191594713982467,,,,,,,,,,,,,,,,,,,
TriMap,kmeans,,metric,e,,,VASC,Goolam,,0.54,0.72,0.9191594713982467,,,,,,,,,,,,,,,,,,,
TriMap,louvain,,metric,e,,,VASC,Goolam,,0.39,0.67,0.9191594713982467,,,,,,,,,,,,,,,,,,,
TriMap,spectral,,metric,e,,,VASC,Goolam,,0.32,0.58,0.9191594713982467,,,,,,,,,,,,,,,,,,,
UMAP,kmeans,,graph,e,,,VASC,Goolam,,0.54,0.72,0.9191594713982467,,,,,,,,,,,,,,,,,,,
UMAP,louvain,,graph,e,,,VASC,Goolam,,0.39,0.67,0.9191594713982467,,,,,,,,,,,,,,,,,,,
UMAP,spectral,,graph,e,,,VASC,Goolam,,0.54,0.72,0.9191594713982467,,,,,,,,,,,,,,,,,,,
VAE,kmeans,,deep,e,,,VASC,Goolam,,0.39,0.55,0.9191594713982467,,,,,,,,,,,,,,,,,,,
VAE,louvain,,deep,e,,,VASC,Goolam,,0.27,0.5,0.9191594713982467,,,,,,,,,,,,,,,,,,,
VAE,spectral,,deep,e,,,VASC,Goolam,,0.4,0.55,0.9191594713982467,,,,,,,,,,,,,,,,,,,
VASC,kmeans,,deep,e,,,VASC,Goolam,,0.91,0.89,0.9191594713982467,,,,,,,,,,,,,,,,,,,
VASC,louvain,,deep,e,,,VASC,Goolam,,0.4,0.68,0.9191594713982467,,,,,,,,,,,,,,,,,,,
VASC,spectral,,deep,e,,,VASC,Goolam,,0.52,0.73,0.9191594713982467,,,,,,,,,,,,,,,,,,,
ZIFA,kmeans,,linear,e,,,VASC,Goolam,,0.66,0.83,0.9191594713982467,,,,,,,,,,,,,,,,,,,
ZIFA,louvain,,linear,e,,,VASC,Goolam,,0.42,0.69,0.9191594713982467,,,,,,,,,,,,,,,,,,,
ZIFA,spectral,,linear,e,,,VASC,Goolam,,0.63,0.78,0.9191594713982467,,,,,,,,,,,,,,,,,,,
pCMF,kmeans,,linear,e,,,VASC,Goolam,,0.1,0.21,0.9191594713982467,,,,,,,,,,,,,,,,,,,
pCMF,louvain,,linear,e,,,VASC,Goolam,,0.09,0.23,0.9191594713982467,,,,,,,,,,,,,,,,,,,
pCMF,spectral,,linear,e,,,VASC,Goolam,,0.1,0.21,0.9191594713982467,,,,,,,,,,,,,,,,,,,
scGAE,kmeans,,deep,e,,,VASC,Goolam,,0.52,0.72,0.9191594713982467,,,,,,,,,,,,,,,,,,,
scGAE,louvain,,deep,e,,,VASC,Goolam,,0.41,0.67,0.9191594713982467,,,,,,,,,,,,,,,,,,,
scGAE,spectral,,deep,e,,,VASC,Goolam,,0.52,0.72,0.9191594713982467,,,,,,,,,,,,,,,,,,,
scGBM,kmeans,,linear,e,,,VASC,Goolam,,0.7,0.82,0.9191594713982467,,,,,,,,,,,,,,,,,,,
scGBM,louvain,,linear,e,,,VASC,Goolam,,0.5,0.74,0.9191594713982467,,,,,,,,,,,,,,,,,,,
scGBM,spectral,,linear,e,,,VASC,Goolam,,0.65,0.8,0.9191594713982467,,,,,,,,,,,,,,,,,,,
scScope,kmeans,,deep,e,,,VASC,Goolam,,0.17,0.36,0.9191594713982467,,,,,,,,,,,,,,,,,,,
scScope,louvain,,deep,e,,,VASC,Goolam,,0.17,0.36,0.9191594713982467,,,,,,,,,,,,,,,,,,,
scScope,spectral,,deep,e,,,VASC,Goolam,,0.19,0.36,0.9191594713982467,,,,,,,,,,,,,,,,,,,
scvis,kmeans,,deep,e,,,VASC,Goolam,,0.54,0.72,0.9191594713982467,,,,,,,,,,,,,,,,,,,
scvis,louvain,,deep,e,,,VASC,Goolam,,0.39,0.67,0.9191594713982467,,,,,,,,,,,,,,,,,,,
scvis,spectral,,deep,e,,,VASC,Goolam,,0.54,0.72,0.9191594713982467,,,,,,,,,,,,,,,,,,,
t-SNE,kmeans,,metric,e,,,VASC,Goolam,,0.47,0.66,0.9191594713982467,,,,,,,,,,,,,,,,,,,
t-SNE,louvain,,metric,e,,,VASC,Goolam,,0.4,0.67,0.9191594713982467,,,,,,,,,,,,,,,,,,,
t-SNE,spectral,,metric,e,,,VASC,Goolam,,0.54,0.72,0.9191594713982467,,,,,,,,,,,,,,,,,,,
tGPLVM,kmeans,,linear,e,,,VASC,Goolam,,0.49,0.66,0.9191594713982467,,,,,,,,,,,,,,,,,,,
tGPLVM,louvain,,linear,e,,,VASC,Goolam,,0.36,0.59,0.9191594713982467,,,,,,,,,,,,,,,,,,,
tGPLVM,spectral,,linear,e,,,VASC,Goolam,,0.46,0.63,0.9191594713982467,,,,,,,,,,,,,,,,,,,
DRA,kmeans,,deep,e,,,VASC,Xin,,-0.0,0.01,0.9191594713982467,,,,,,,,,,,,,,,,,,,
DRA,louvain,,deep,e,,,VASC,Xin,,-0.0,0.02,0.9191594713982467,,,,,,,,,,,,,,,,,,,
DRA,spectral,,deep,e,,,VASC,Xin,,-0.0,0.01,0.9191594713982467,,,,,,,,,,,,,,,,,,,
DREAM,kmeans,,deep,e,,,VASC,Xin,,0.27,0.48,0.9191594713982467,,,,,,,,,,,,,,,,,,,
DREAM,louvain,,deep,e,,,VASC,Xin,,0.1,0.39,0.9191594713982467,,,,,,,,,,,,,,,,,,,
DREAM,spectral,,deep,e,,,VASC,Xin,,0.23,0.46,0.9191594713982467,,,,,,,,,,,,,,,,,,,
EDGE,kmeans,,graph,e,,,VASC,Xin,,0.18,0.31,0.9191594713982467,,,,,,,,,,,,,,,,,,,
EDGE,louvain,,graph,e,,,VASC,Xin,,0.07,0.27,0.9191594713982467,,,,,,,,,,,,,,,,,,,
EDGE,spectral,,graph,e,,,VASC,Xin,,0.19,0.33,0.9191594713982467,,,,,,,,,,,,,,,,,,,
GLMPCA,kmeans,,linear,e,,,VASC,Xin,,0.39,0.59,0.9191594713982467,,,,,,,,,,,,,,,,,,,
GLMPCA,louvain,,linear,e,,,VASC,Xin,,0.11,0.45,0.9191594713982467,,,,,,,,,,,,,,,,,,,
GLMPCA,spectral,,linear,e,,,VASC,Xin,,0.33,0.54,0.9191594713982467,,,,,,,,,,,,,,,,,,,
IVIS,kmeans,,metric,e,,,VASC,Xin,,0.31,0.55,0.9191594713982467,,,,,,,,,,,,,,,,,,,
IVIS,louvain,,metric,e,,,VASC,Xin,,0.11,0.44,0.9191594713982467,,,,,,,,,,,,,,,,,,,
IVIS,spectral,,metric,e,,,VASC,Xin,,0.3,0.55,0.9191594713982467,,,,,,,,,,,,,,,,,,,
PCA,kmeans,,linear,e,,,VASC,Xin,,0.21,0.26,0.9191594713982467,,,,,,,,,,,,,,,,,,,
PCA,louvain,,linear,e,,,VASC,Xin,,0.05,0.2,0.9191594713982467,,,,,,,,,,,,,,,,,,,
PCA,spectral,,linear,e,,,VASC,Xin,,0.1,0.24,0.9191594713982467,,,,,,,,,,,,,,,,,,,
PHATE,kmeans,,graph,e,,,VASC,Xin,,0.53,0.62,0.9191594713982467,,,,,,,,,,,,,,,,,,,
PHATE,louvain,,graph,e,,,VASC,Xin,,0.13,0.46,0.9191594713982467,,,,,,,,,,,,,,,,,,,
PHATE,spectral,,graph,e,,,VASC,Xin,,0.32,0.55,0.9191594713982467,,,,,,,,,,,,,,,,,,,
PaCMAP,kmeans,,metric,e,,,VASC,Xin,,0.04,0.09,0.9191594713982467,,,,,,,,,,,,,,,,,,,
PaCMAP,louvain,,metric,e,,,VASC,Xin,,0.03,0.12,0.9191594713982467,,,,,,,,,,,,,,,,,,,
PaCMAP,spectral,,metric,e,,,VASC,Xin,,0.06,0.1,0.9191594713982467,,,,,,,,,,,,,,,,,,,
SAUCIE,kmeans,,deep,e,,,VASC,Xin,,0.04,0.08,0.9191594713982467,,,,,,,,,,,,,,,,,,,
SAUCIE,louvain,,deep,e,,,VASC,Xin,,0.01,0.07,0.9191594713982467,,,,,,,,,,,,,,,,,,,
SAUCIE,spectral,,deep,e,,,VASC,Xin,,0.02,0.08,0.9191594713982467,,,,,,,,,,,,,,,,,,,
SCDRHA,kmeans,,deep,e,,,VASC,Xin,,0.44,0.62,0.9191594713982467,,,,,,,,,,,,,,,,,,,
SCDRHA,louvain,,deep,e,,,VASC,Xin,,0.13,0.46,0.9191594713982467,,,,,,,,,,,,,,,,,,,
SCDRHA,spectral,,deep,e,,,VASC,Xin,,0.41,0.62,0.9191594713982467,,,,,,,,,,,,,,,,,,,
SIMLR,kmeans,,graph,e,,,VASC,Xin,,0.48,0.65,0.9191594713982467,,,,,,,,,,,,,,,,,,,
SIMLR,louvain,,graph,e,,,VASC,Xin,,0.12,0.48,0.9191594713982467,,,,,,,,,,,,,,,,,,,
SIMLR,spectral,,graph,e,,,VASC,Xin,,0.32,0.55,0.9191594713982467,,,,,,,,,,,,,,,,,,,
SPDR,kmeans,,graph,e,,,VASC,Xin,,0.52,0.71,0.9191594713982467,,,,,,,,,,,,,,,,,,,
SPDR,louvain,,graph,e,,,VASC,Xin,,0.13,0.5,0.9191594713982467,,,,,,,,,,,,,,,,,,,
SPDR,spectral,,graph,e,,,VASC,Xin,,0.56,0.72,0.9191594713982467,,,,,,,,,,,,,,,,,,,
SQuaD-MDS,kmeans,,metric,e,,,VASC,Xin,,0.245,0.415,0.9191594713982467,,,,,,,,,,,,,,,,,,,
SQuaD-MDS,louvain,,metric,e,,,VASC,Xin,,0.095,0.375,0.9191594713982467,,,,,,,,,,,,,,,,,,,
SQuaD-MDS,spectral,,metric,e,,,VASC,Xin,,0.245,0.43,0.9191594713982467,,,,,,,,,,,,,,,,,,,
SSNMDI,kmeans,,linear,e,,,VASC,Xin,,0.03,0.07,0.9191594713982467,,,,,,,,,,,,,,,,,,,
SSNMDI,louvain,,linear,e,,,VASC,Xin,,0.01,0.1,0.9191594713982467,,,,,,,,,,,,,,,,,,,
SSNMDI,spectral,,linear,e,,,VASC,Xin,,0.02,0.06,0.9191594713982467,,,,,,,,,,,,,,,,,,,
TriMap,kmeans,,metric,e,,,VASC,Xin,,0.51,0.7,0.9191594713982467,,,,,,,,,,,,,,,,,,,
TriMap,louvain,,metric,e,,,VASC,Xin,,0.14,0.51,0.9191594713982467,,,,,,,,,,,,,,,,,,,
TriMap,spectral,,metric,e,,,VASC,Xin,,0.25,0.53,0.9191594713982467,,,,,,,,,,,,,,,,,,,
UMAP,kmeans,,graph,e,,,VASC,Xin,,0.34,0.5,0.9191594713982467,,,,,,,,,,,,,,,,,,,
UMAP,louvain,,graph,e,,,VASC,Xin,,0.09,0.39,0.9191594713982467,,,,,,,,,,,,,,,,,,,
UMAP,spectral,,graph,e,,,VASC,Xin,,0.32,0.5,0.9191594713982467,,,,,,,,,,,,,,,,,,,
VAE,kmeans,,deep,e,,,VASC,Xin,,0.29,0.54,0.9191594713982467,,,,,,,,,,,,,,,,,,,
VAE,louvain,,deep,e,,,VASC,Xin,,0.11,0.46,0.9191594713982467,,,,,,,,,,,,,,,,,,,
VAE,spectral,,deep,e,,,VASC,Xin,,0.35,0.56,0.9191594713982467,,,,,,,,,,,,,,,,,,,
VASC,kmeans,,deep,e,,,VASC,Xin,,0.16,0.26,0.9191594713982467,,,,,,,,,,,,,,,,,,,
VASC,louvain,,deep,e,,,VASC,Xin,,0.02,0.17,0.9191594713982467,,,,,,,,,,,,,,,,,,,
VASC,spectral,,deep,e,,,VASC,Xin,,0.07,0.19,0.9191594713982467,,,,,,,,,,,,,,,,,,,
ZIFA,kmeans,,linear,e,,,VASC,Xin,,0.42,0.61,0.9191594713982467,,,,,,,,,,,,,,,,,,,
ZIFA,louvain,,linear,e,,,VASC,Xin,,0.11,0.45,0.9191594713982467,,,,,,,,,,,,,,,,,,,
ZIFA,spectral,,linear,e,,,VASC,Xin,,0.27,0.54,0.9191594713982467,,,,,,,,,,,,,,,,,,,
pCMF,kmeans,,linear,e,,,VASC,Xin,,0.1,0.17,0.9191594713982467,,,,,,,,,,,,,,,,,,,
pCMF,louvain,,linear,e,,,VASC,Xin,,0.03,0.15,0.9191594713982467,,,,,,,,,,,,,,,,,,,
pCMF,spectral,,linear,e,,,VASC,Xin,,0.08,0.16,0.9191594713982467,,,,,,,,,,,,,,,,,,,
scGAE,kmeans,,deep,e,,,VASC,Xin,,0.27,0.48,0.9191594713982467,,,,,,,,,,,,,,,,,,,
scGAE,louvain,,deep,e,,,VASC,Xin,,0.08,0.38,0.9191594713982467,,,,,,,,,,,,,,,,,,,
scGAE,spectral,,deep,e,,,VASC,Xin,,0.17,0.38,0.9191594713982467,,,,,,,,,,,,,,,,,,,
scGBM,kmeans,,linear,e,,,VASC,Xin,,0.4,0.58,0.9191594713982467,,,,,,,,,,,,,,,,,,,
scGBM,louvain,,linear,e,,,VASC,Xin,,0.11,0.44,0.9191594713982467,,,,,,,,,,,,,,,,,,,
scGBM,spectral,,linear,e,,,VASC,Xin,,0.34,0.54,0.9191594713982467,,,,,,,,,,,,,,,,,,,
scScope,kmeans,,deep,e,,,VASC,Xin,,0.28,0.49,0.9191594713982467,,,,,,,,,,,,,,,,,,,
scScope,louvain,,deep,e,,,VASC,Xin,,0.11,0.41,0.9191594713982467,,,,,,,,,,,,,,,,,,,
scScope,spectral,,deep,e,,,VASC,Xin,,0.27,0.45,0.9191594713982467,,,,,,,,,,,,,,,,,,,
scvis,kmeans,,deep,e,,,VASC,Xin,,0.54,0.58,0.9191594713982467,,,,,,,,,,,,,,,,,,,
scvis,louvain,,deep,e,,,VASC,Xin,,0.12,0.44,0.9191594713982467,,,,,,,,,,,,,,,,,,,
scvis,spectral,,deep,e,,,VASC,Xin,,0.32,0.54,0.9191594713982467,,,,,,,,,,,,,,,,,,,
t-SNE,kmeans,,metric,e,,,VASC,Xin,,0.35,0.58,0.9191594713982467,,,,,,,,,,,,,,,,,,,
t-SNE,louvain,,metric,e,,,VASC,Xin,,0.13,0.49,0.9191594713982467,,,,,,,,,,,,,,,,,,,
t-SNE,spectral,,metric,e,,,VASC,Xin,,0.27,0.5,0.9191594713982467,,,,,,,,,,,,,,,,,,,
tGPLVM,kmeans,,linear,e,,,VASC,Xin,,0.22,0.39,0.9191594713982467,,,,,,,,,,,,,,,,,,,
tGPLVM,louvain,,linear,e,,,VASC,Xin,,0.09,0.33,0.9191594713982467,,,,,,,,,,,,,,,,,,,
tGPLVM,spectral,,linear,e,,,VASC,Xin,,0.21,0.39,0.9191594713982467,,,,,,,,,,,,,,,,,,,
DRA,kmeans,,deep,e,,,VASC,Zeisel,,-0.0,0.01,0.9191594713982467,,,,,,,,,,,,,,,,,,,
DRA,louvain,,deep,e,,,VASC,Zeisel,,-0.0,0.02,0.9191594713982467,,,,,,,,,,,,,,,,,,,
DRA,spectral,,deep,e,,,VASC,Zeisel,,-0.0,0.01,0.9191594713982467,,,,,,,,,,,,,,,,,,,
DREAM,kmeans,,deep,e,,,VASC,Zeisel,,0.51,0.61,0.9191594713982467,,,,,,,,,,,,,,,,,,,
DREAM,louvain,,deep,e,,,VASC,Zeisel,,0.17,0.51,0.9191594713982467,,,,,,,,,,,,,,,,,,,
DREAM,spectral,,deep,e,,,VASC,Zeisel,,0.45,0.59,0.9191594713982467,,,,,,,,,,,,,,,,,,,
EDGE,kmeans,,graph,e,,,VASC,Zeisel,,0.53,0.61,0.9191594713982467,,,,,,,,,,,,,,,,,,,
EDGE,louvain,,graph,e,,,VASC,Zeisel,,0.14,0.5,0.9191594713982467,,,,,,,,,,,,,,,,,,,
EDGE,spectral,,graph,e,,,VASC,Zeisel,,0.46,0.55,0.9191594713982467,,,,,,,,,,,,,,,,,,,
GLMPCA,kmeans,,linear,e,,,VASC,Zeisel,,0.51,0.6,0.9191594713982467,,,,,,,,,,,,,,,,,,,
GLMPCA,louvain,,linear,e,,,VASC,Zeisel,,0.16,0.51,0.9191594713982467,,,,,,,,,,,,,,,,,,,
GLMPCA,spectral,,linear,e,,,VASC,Zeisel,,0.39,0.57,0.9191594713982467,,,,,,,,,,,,,,,,,,,
IVIS,kmeans,,metric,e,,,VASC,Zeisel,,0.54,0.66,0.9191594713982467,,,,,,,,,,,,,,,,,,,
IVIS,louvain,,metric,e,,,VASC,Zeisel,,0.18,0.54,0.9191594713982467,,,,,,,,,,,,,,,,,,,
IVIS,spectral,,metric,e,,,VASC,Zeisel,,0.5,0.65,0.9191594713982467,,,,,,,,,,,,,,,,,,,
PCA,kmeans,,linear,e,,,VASC,Zeisel,,0.44,0.54,0.9191594713982467,,,,,,,,,,,,,,,,,,,
PCA,louvain,,linear,e,,,VASC,Zeisel,,0.11,0.42,0.9191594713982467,,,,,,,,,,,,,,,,,,,
PCA,spectral,,linear,e,,,VASC,Zeisel,,0.29,0.47,0.9191594713982467,,,,,,,,,,,,,,,,,,,
PHATE,kmeans,,graph,e,,,VASC,Zeisel,,0.61,0.65,0.9191594713982467,,,,,,,,,,,,,,,,,,,
PHATE,louvain,,graph,e,,,VASC,Zeisel,,0.15,0.52,0.9191594713982467,,,,,,,,,,,,,,,,,,,
PHATE,spectral,,graph,e,,,VASC,Zeisel,,0.52,0.61,0.9191594713982467,,,,,,,,,,,,,,,,,,,
PaCMAP,kmeans,,metric,e,,,VASC,Zeisel,,0.4,0.46,0.9191594713982467,,,,,,,,,,,,,,,,,,,
PaCMAP,louvain,,metric,e,,,VASC,Zeisel,,0.11,0.42,0.9191594713982467,,,,,,,,,,,,,,,,,,,
PaCMAP,spectral,,metric,e,,,VASC,Zeisel,,0.34,0.39,0.9191594713982467,,,,,,,,,,,,,,,,,,,
SAUCIE,kmeans,,deep,e,,,VASC,Zeisel,,0.28,0.4,0.9191594713982467,,,,,,,,,,,,,,,,,,,
SAUCIE,louvain,,deep,e,,,VASC,Zeisel,,0.1,0.36,0.9191594713982467,,,,,,,,,,,,,,,,,,,
SAUCIE,spectral,,deep,e,,,VASC,Zeisel,,0.22,0.39,0.9191594713982467,,,,,,,,,,,,,,,,,,,
SCDRHA,kmeans,,deep,e,,,VASC,Zeisel,,0.62,0.65,0.9191594713982467,,,,,,,,,,,,,,,,,,,
SCDRHA,louvain,,deep,e,,,VASC,Zeisel,,0.16,0.5,0.9191594713982467,,,,,,,,,,,,,,,,,,,
SCDRHA,spectral,,deep,e,,,VASC,Zeisel,,0.42,0.56,0.9191594713982467,,,,,,,,,,,,,,,,,,,
SIMLR,kmeans,,graph,e,,,VASC,Zeisel,,0.76,0.71,0.9191594713982467,,,,,,,,,,,,,,,,,,,
SIMLR,louvain,,graph,e,,,VASC,Zeisel,,0.15,0.55,0.9191594713982467,,,,,,,,,,,,,,,,,,,
SIMLR,spectral,,graph,e,,,VASC,Zeisel,,0.73,0.69,0.9191594713982467,,,,,,,,,,,,,,,,,,,
SPDR,kmeans,,graph,e,,,VASC,Zeisel,,0.55,0.66,0.9191594713982467,,,,,,,,,,,,,,,,,,,
SPDR,louvain,,graph,e,,,VASC,Zeisel,,0.14,0.54,0.9191594713982467,,,,,,,,,,,,,,,,,,,
SPDR,spectral,,graph,e,,,VASC,Zeisel,,0.58,0.64,0.9191594713982467,,,,,,,,,,,,,,,,,,,
SQuaD-MDS,kmeans,,metric,e,,,VASC,Zeisel,,0.535,0.6100000000000001,0.9191594713982467,,,,,,,,,,,,,,,,,,,
SQuaD-MDS,louvain,,metric,e,,,VASC,Zeisel,,0.14500000000000002,0.495,0.9191594713982467,,,,,,,,,,,,,,,,,,,
SQuaD-MDS,spectral,,metric,e,,,VASC,Zeisel,,0.51,0.5900000000000001,0.9191594713982467,,,,,,,,,,,,,,,,,,,
SSNMDI,kmeans,,linear,e,,,VASC,Zeisel,,0.18,0.31,0.9191594713982467,,,,,,,,,,,,,,,,,,,
SSNMDI,louvain,,linear,e,,,VASC,Zeisel,,0.07,0.36,0.9191594713982467,,,,,,,,,,,,,,,,,,,
SSNMDI,spectral,,linear,e,,,VASC,Zeisel,,0.15,0.27,0.9191594713982467,,,,,,,,,,,,,,,,,,,
TriMap,kmeans,,metric,e,,,VASC,Zeisel,,0.57,0.69,0.9191594713982467,,,,,,,,,,,,,,,,,,,
TriMap,louvain,,metric,e,,,VASC,Zeisel,,0.15,0.56,0.9191594713982467,,,,,,,,,,,,,,,,,,,
TriMap,spectral,,metric,e,,,VASC,Zeisel,,0.71,0.73,0.9191594713982467,,,,,,,,,,,,,,,,,,,
UMAP,kmeans,,graph,e,,,VASC,Zeisel,,0.67,0.7,0.9191594713982467,,,,,,,,,,,,,,,,,,,
UMAP,louvain,,graph,e,,,VASC,Zeisel,,0.15,0.53,0.9191594713982467,,,,,,,,,,,,,,,,,,,
UMAP,spectral,,graph,e,,,VASC,Zeisel,,0.56,0.59,0.9191594713982467,,,,,,,,,,,,,,,,,,,
VAE,kmeans,,deep,e,,,VASC,Zeisel,,0.42,0.59,0.9191594713982467,,,,,,,,,,,,,,,,,,,
VAE,louvain,,deep,e,,,VASC,Zeisel,,0.14,0.52,0.9191594713982467,,,,,,,,,,,,,,,,,,,
VAE,spectral,,deep,e,,,VASC,Zeisel,,0.52,0.57,0.9191594713982467,,,,,,,,,,,,,,,,,,,
VASC,kmeans,,deep,e,,,VASC,Zeisel,,0.57,0.63,0.9191594713982467,,,,,,,,,,,,,,,,,,,
VASC,louvain,,deep,e,,,VASC,Zeisel,,0.14,0.51,0.9191594713982467,,,,,,,,,,,,,,,,,,,
VASC,spectral,,deep,e,,,VASC,Zeisel,,0.46,0.59,0.9191594713982467,,,,,,,,,,,,,,,,,,,
ZIFA,kmeans,,linear,e,,,VASC,Zeisel,,0.4,0.53,0.9191594713982467,,,,,,,,,,,,,,,,,,,
ZIFA,louvain,,linear,e,,,VASC,Zeisel,,0.12,0.42,0.9191594713982467,,,,,,,,,,,,,,,,,,,
ZIFA,spectral,,linear,e,,,VASC,Zeisel,,0.32,0.49,0.9191594713982467,,,,,,,,,,,,,,,,,,,
pCMF,kmeans,,linear,e,,,VASC,Zeisel,,0.28,0.35,0.9191594713982467,,,,,,,,,,,,,,,,,,,
pCMF,louvain,,linear,e,,,VASC,Zeisel,,0.14,0.28,0.9191594713982467,,,,,,,,,,,,,,,,,,,
pCMF,spectral,,linear,e,,,VASC,Zeisel,,0.23,0.33,0.9191594713982467,,,,,,,,,,,,,,,,,,,
scGAE,kmeans,,deep,e,,,VASC,Zeisel,,0.51,0.66,0.9191594713982467,,,,,,,,,,,,,,,,,,,
scGAE,louvain,,deep,e,,,VASC,Zeisel,,0.15,0.54,0.9191594713982467,,,,,,,,,,,,,,,,,,,
scGAE,spectral,,deep,e,,,VASC,Zeisel,,0.39,0.57,0.9191594713982467,,,,,,,,,,,,,,,,,,,
scGBM,kmeans,,linear,e,,,VASC,Zeisel,,0.36,0.52,0.9191594713982467,,,,,,,,,,,,,,,,,,,
scGBM,louvain,,linear,e,,,VASC,Zeisel,,0.12,0.45,0.9191594713982467,,,,,,,,,,,,,,,,,,,
scGBM,spectral,,linear,e,,,VASC,Zeisel,,0.31,0.49,0.9191594713982467,,,,,,,,,,,,,,,,,,,
scScope,kmeans,,deep,e,,,VASC,Zeisel,,0.55,0.7,0.9191594713982467,,,,,,,,,,,,,,,,,,,
scScope,louvain,,deep,e,,,VASC,Zeisel,,0.16,0.56,0.9191594713982467,,,,,,,,,,,,,,,,,,,
scScope,spectral,,deep,e,,,VASC,Zeisel,,0.55,0.67,0.9191594713982467,,,,,,,,,,,,,,,,,,,
scvis,kmeans,,deep,e,,,VASC,Zeisel,,0.65,0.69,0.9191594713982467,,,,,,,,,,,,,,,,,,,
scvis,louvain,,deep,e,,,VASC,Zeisel,,0.17,0.54,0.9191594713982467,,,,,,,,,,,,,,,,,,,
scvis,spectral,,deep,e,,,VASC,Zeisel,,0.59,0.66,0.9191594713982467,,,,,,,,,,,,,,,,,,,
t-SNE,kmeans,,metric,e,,,VASC,Zeisel,,0.43,0.6,0.9191594713982467,,,,,,,,,,,,,,,,,,,
t-SNE,louvain,,metric,e,,,VASC,Zeisel,,0.16,0.54,0.9191594713982467,,,,,,,,,,,,,,,,,,,
t-SNE,spectral,,metric,e,,,VASC,Zeisel,,0.39,0.47,0.9191594713982467,,,,,,,,,,,,,,,,,,,
tGPLVM,kmeans,,linear,e,,,VASC,Zeisel,,0.56,0.66,0.9191594713982467,,,,,,,,,,,,,,,,,,,
tGPLVM,louvain,,linear,e,,,VASC,Zeisel,,0.14,0.5,0.9191594713982467,,,,,,,,,,,,,,,,,,,
tGPLVM,spectral,,linear,e,,,VASC,Zeisel,,0.43,0.62,0.9191594713982467,,,,,,,,,,,,,,,,,,,
DRA,kmeans,,deep,e,,,VASC,yan,,-0.0,0.13,0.9191594713982467,,,,,,,,,,,,,,,,,,,
DRA,louvain,,deep,e,,,VASC,yan,,-0.02,0.06,0.9191594713982467,,,,,,,,,,,,,,,,,,,
DRA,spectral,,deep,e,,,VASC,yan,,0.02,0.12,0.9191594713982467,,,,,,,,,,,,,,,,,,,
DREAM,kmeans,,deep,e,,,VASC,yan,,0.83,0.92,0.9191594713982467,,,,,,,,,,,,,,,,,,,
DREAM,louvain,,deep,e,,,VASC,yan,,0.87,0.87,0.9191594713982467,,,,,,,,,,,,,,,,,,,
DREAM,spectral,,deep,e,,,VASC,yan,,0.76,0.86,0.9191594713982467,,,,,,,,,,,,,,,,,,,
EDGE,kmeans,,graph,e,,,VASC,yan,,0.57,0.76,0.9191594713982467,,,,,,,,,,,,,,,,,,,
EDGE,louvain,,graph,e,,,VASC,yan,,0.81,0.83,0.9191594713982467,,,,,,,,,,,,,,,,,,,
EDGE,spectral,,graph,e,,,VASC,yan,,0.54,0.74,0.9191594713982467,,,,,,,,,,,,,,,,,,,
GLMPCA,kmeans,,linear,e,,,VASC,yan,,0.78,0.87,0.9191594713982467,,,,,,,,,,,,,,,,,,,
GLMPCA,louvain,,linear,e,,,VASC,yan,,0.81,0.83,0.9191594713982467,,,,,,,,,,,,,,,,,,,
GLMPCA,spectral,,linear,e,,,VASC,yan,,0.75,0.87,0.9191594713982467,,,,,,,,,,,,,,,,,,,
IVIS,kmeans,,metric,e,,,VASC,yan,,0.64,0.77,0.9191594713982467,,,,,,,,,,,,,,,,,,,
IVIS,louvain,,metric,e,,,VASC,yan,,0.69,0.75,0.9191594713982467,,,,,,,,,,,,,,,,,,,
IVIS,spectral,,metric,e,,,VASC,yan,,0.6,0.75,0.9191594713982467,,,,,,,,,,,,,,,,,,,
PCA,kmeans,,linear,e,,,VASC,yan,,0.65,0.77,0.9191594713982467,,,,,,,,,,,,,,,,,,,
PCA,louvain,,linear,e,,,VASC,yan,,0.79,0.82,0.9191594713982467,,,,,,,,,,,,,,,,,,,
PCA,spectral,,linear,e,,,VASC,yan,,0.58,0.76,0.9191594713982467,,,,,,,,,,,,,,,,,,,
PHATE,kmeans,,graph,e,,,VASC,yan,,0.81,0.87,0.9191594713982467,,,,,,,,,,,,,,,,,,,
PHATE,louvain,,graph,e,,,VASC,yan,,0.74,0.78,0.9191594713982467,,,,,,,,,,,,,,,,,,,
PHATE,spectral,,graph,e,,,VASC,yan,,0.58,0.78,0.9191594713982467,,,,,,,,,,,,,,,,,,,
PaCMAP,kmeans,,metric,e,,,VASC,yan,,0.39,0.56,0.9191594713982467,,,,,,,,,,,,,,,,,,,
PaCMAP,louvain,,metric,e,,,VASC,yan,,0.34,0.55,0.9191594713982467,,,,,,,,,,,,,,,,,,,
PaCMAP,spectral,,metric,e,,,VASC,yan,,0.4,0.59,0.9191594713982467,,,,,,,,,,,,,,,,,,,
SAUCIE,kmeans,,deep,e,,,VASC,yan,,0.8,0.86,0.9191594713982467,,,,,,,,,,,,,,,,,,,
SAUCIE,louvain,,deep,e,,,VASC,yan,,0.83,0.86,0.9191594713982467,,,,,,,,,,,,,,,,,,,
SAUCIE,spectral,,deep,e,,,VASC,yan,,0.66,0.79,0.9191594713982467,,,,,,,,,,,,,,,,,,,
SCDRHA,kmeans,,deep,e,,,VASC,yan,,0.76,0.81,0.9191594713982467,,,,,,,,,,,,,,,,,,,
SCDRHA,louvain,,deep,e,,,VASC,yan,,0.69,0.75,0.9191594713982467,,,,,,,,,,,,,,,,,,,
SCDRHA,spectral,,deep,e,,,VASC,yan,,0.59,0.7,0.9191594713982467,,,,,,,,,,,,,,,,,,,
SIMLR,kmeans,,graph,e,,,VASC,yan,,0.55,0.71,0.9191594713982467,,,,,,,,,,,,,,,,,,,
SIMLR,louvain,,graph,e,,,VASC,yan,,0.38,0.55,0.9191594713982467,,,,,,,,,,,,,,,,,,,
SIMLR,spectral,,graph,e,,,VASC,yan,,0.55,0.71,0.9191594713982467,,,,,,,,,,,,,,,,,,,
SPDR,kmeans,,graph,e,,,VASC,yan,,0.75,0.84,0.9191594713982467,,,,,,,,,,,,,,,,,,,
SPDR,louvain,,graph,e,,,VASC,yan,,0.62,0.77,0.9191594713982467,,,,,,,,,,,,,,,,,,,
SPDR,spectral,,graph,e,,,VASC,yan,,0.74,0.87,0.9191594713982467,,,,,,,,,,,,,,,,,,,
SQuaD-MDS,kmeans,,metric,e,,,VASC,yan,,0.59,0.76,0.9191594713982467,,,,,,,,,,,,,,,,,,,
SQuaD-MDS,louvain,,metric,e,,,VASC,yan,,0.765,0.8049999999999999,0.9191594713982467,,,,,,,,,,,,,,,,,,,
SQuaD-MDS,spectral,,metric,e,,,VASC,yan,,0.62,0.77,0.9191594713982467,,,,,,,,,,,,,,,,,,,
SSNMDI,kmeans,,linear,e,,,VASC,yan,,0.29,0.45,0.9191594713982467,,,,,,,,,,,,,,,,,,,
SSNMDI,louvain,,linear,e,,,VASC,yan,,0.4,0.47,0.9191594713982467,,,,,,,,,,,,,,,,,,,
SSNMDI,spectral,,linear,e,,,VASC,yan,,0.29,0.46,0.9191594713982467,,,,,,,,,,,,,,,,,,,
TriMap,kmeans,,metric,e,,,VASC,yan,,0.9,0.91,0.9191594713982467,,,,,,,,,,,,,,,,,,,
TriMap,louvain,,metric,e,,,VASC,yan,,0.61,0.77,0.9191594713982467,,,,,,,,,,,,,,,,,,,
TriMap,spectral,,metric,e,,,VASC,yan,,0.73,0.86,0.9191594713982467,,,,,,,,,,,,,,,,,,,
UMAP,kmeans,,graph,e,,,VASC,yan,,0.86,0.89,0.9191594713982467,,,,,,,,,,,,,,,,,,,
UMAP,louvain,,graph,e,,,VASC,yan,,0.81,0.83,0.9191594713982467,,,,,,,,,,,,,,,,,,,
UMAP,spectral,,graph,e,,,VASC,yan,,0.73,0.86,0.9191594713982467,,,,,,,,,,,,,,,,,,,
VAE,kmeans,,deep,e,,,VASC,yan,,0.61,0.71,0.9191594713982467,,,,,,,,,,,,,,,,,,,
VAE,louvain,,deep,e,,,VASC,yan,,0.58,0.67,0.9191594713982467,,,,,,,,,,,,,,,,,,,
VAE,spectral,,deep,e,,,VASC,yan,,0.44,0.63,0.9191594713982467,,,,,,,,,,,,,,,,,,,
VASC,kmeans,,deep,e,,,VASC,yan,,0.65,0.79,0.9191594713982467,,,,,,,,,,,,,,,,,,,
VASC,louvain,,deep,e,,,VASC,yan,,0.79,0.79,0.9191594713982467,,,,,,,,,,,,,,,,,,,
VASC,spectral,,deep,e,,,VASC,yan,,0.61,0.76,0.9191594713982467,,,,,,,,,,,,,,,,,,,
ZIFA,kmeans,,linear,e,,,VASC,yan,,0.63,0.79,0.9191594713982467,,,,,,,,,,,,,,,,,,,
ZIFA,louvain,,linear,e,,,VASC,yan,,0.81,0.83,0.9191594713982467,,,,,,,,,,,,,,,,,,,
ZIFA,spectral,,linear,e,,,VASC,yan,,0.73,0.84,0.9191594713982467,,,,,,,,,,,,,,,,,,,
pCMF,kmeans,,linear,e,,,VASC,yan,,0.68,0.83,0.9191594713982467,,,,,,,,,,,,,,,,,,,
pCMF,louvain,,linear,e,,,VASC,yan,,0.87,0.91,0.9191594713982467,,,,,,,,,,,,,,,,,,,
pCMF,spectral,,linear,e,,,VASC,yan,,0.74,0.86,0.9191594713982467,,,,,,,,,,,,,,,,,,,
scGAE,kmeans,,deep,e,,,VASC,yan,,0.63,0.76,0.9191594713982467,,,,,,,,,,,,,,,,,,,
scGAE,louvain,,deep,e,,,VASC,yan,,0.82,0.83,0.9191594713982467,,,,,,,,,,,,,,,,,,,
scGAE,spectral,,deep,e,,,VASC,yan,,0.61,0.76,0.9191594713982467,,,,,,,,,,,,,,,,,,,
scGBM,kmeans,,linear,e,,,VASC,yan,,0.79,0.88,0.9191594713982467,,,,,,,,,,,,,,,,,,,
scGBM,louvain,,linear,e,,,VASC,yan,,0.81,0.83,0.9191594713982467,,,,,,,,,,,,,,,,,,,
scGBM,spectral,,linear,e,,,VASC,yan,,0.75,0.87,0.9191594713982467,,,,,,,,,,,,,,,,,,,
scScope,kmeans,,deep,e,,,VASC,yan,,0.69,0.8,0.9191594713982467,,,,,,,,,,,,,,,,,,,
scScope,louvain,,deep,e,,,VASC,yan,,0.71,0.78,0.9191594713982467,,,,,,,,,,,,,,,,,,,
scScope,spectral,,deep,e,,,VASC,yan,,0.58,0.75,0.9191594713982467,,,,,,,,,,,,,,,,,,,
scvis,kmeans,,deep,e,,,VASC,yan,,0.66,0.8,0.9191594713982467,,,,,,,,,,,,,,,,,,,
scvis,louvain,,deep,e,,,VASC,yan,,0.73,0.77,0.9191594713982467,,,,,,,,,,,,,,,,,,,
scvis,spectral,,deep,e,,,VASC,yan,,0.68,0.81,0.9191594713982467,,,,,,,,,,,,,,,,,,,
t-SNE,kmeans,,metric,e,,,VASC,yan,,0.88,0.9,0.9191594713982467,,,,,,,,,,,,,,,,,,,
t-SNE,louvain,,metric,e,,,VASC,yan,,0.72,0.78,0.9191594713982467,,,,,,,,,,,,,,,,,,,
t-SNE,spectral,,metric,e,,,VASC,yan,,0.64,0.77,0.9191594713982467,,,,,,,,,,,,,,,,,,,
tGPLVM,kmeans,,linear,e,,,VASC,yan,,0.64,0.71,0.9191594713982467,,,,,,,,,,,,,,,,,,,
tGPLVM,louvain,,linear,e,,,VASC,yan,,0.65,0.72,0.9191594713982467,,,,,,,,,,,,,,,,,,,
tGPLVM,spectral,,linear,e,,,VASC,yan,,0.46,0.69,0.9191594713982467,,,,,,,,,,,,,,,,,,,
DRA,kmeans,,deep,e,,,benchmarker,Baron_mouse,,0.0,0.02,0.9191594713982467,,,,,,,,,,,,,,,,,,,
DRA,louvain,,deep,e,,,benchmarker,Baron_mouse,,-0.0,0.03,0.9191594713982467,,,,,,,,,,,,,,,,,,,
DRA,spectral,,deep,e,,,benchmarker,Baron_mouse,,-0.0,0.02,0.9191594713982467,,,,,,,,,,,,,,,,,,,
DREAM,kmeans,,deep,e,,,benchmarker,Baron_mouse,,0.2,0.46,0.9191594713982467,,,,,,,,,,,,,,,,,,,
DREAM,louvain,,deep,e,,,benchmarker,Baron_mouse,,0.11,0.41,0.9191594713982467,,,,,,,,,,,,,,,,,,,
DREAM,spectral,,deep,e,,,benchmarker,Baron_mouse,,0.18,0.43,0.9191594713982467,,,,,,,,,,,,,,,,,,,
EDGE,kmeans,,graph,e,,,benchmarker,Baron_mouse,,0.19,0.42,0.9191594713982467,,,,,,,,,,,,,,,,,,,
EDGE,louvain,,graph,e,,,benchmarker,Baron_mouse,,0.1,0.39,0.9191594713982467,,,,,,,,,,,,,,,,,,,
EDGE,spectral,,graph,e,,,benchmarker,Baron_mouse,,0.17,0.41,0.9191594713982467,,,,,,,,,,,,,,,,,,,
GLMPCA,kmeans,,linear,e,,,benchmarker,Baron_mouse,,0.33,0.64,0.9191594713982467,,,,,,,,,,,,,,,,,,,
GLMPCA,louvain,,linear,e,,,benchmarker,Baron_mouse,,0.17,0.56,0.9191594713982467,,,,,,,,,,,,,,,,,,,
GLMPCA,spectral,,linear,e,,,benchmarker,Baron_mouse,,0.28,0.63,0.9191594713982467,,,,,,,,,,,,,,,,,,,
IVIS,kmeans,,metric,e,,,benchmarker,Baron_mouse,,0.37,0.69,0.9191594713982467,,,,,,,,,,,,,,,,,,,
IVIS,louvain,,metric,e,,,benchmarker,Baron_mouse,,0.17,0.6,0.9191594713982467,,,,,,,,,,,,,,,,,,,
IVIS,spectral,,metric,e,,,benchmarker,Baron_mouse,,0.31,0.67,0.9191594713982467,,,,,,,,,,,,,,,,,,,
PCA,kmeans,,linear,e,,,benchmarker,Baron_mouse,,0.52,0.6,0.9191594713982467,,,,,,,,,,,,,,,,,,,
PCA,louvain,,linear,e,,,benchmarker,Baron_mouse,,0.12,0.44,0.9191594713982467,,,,,,,,,,,,,,,,,,,
PCA,spectral,,linear,e,,,benchmarker,Baron_mouse,,0.19,0.48,0.9191594713982467,,,,,,,,,,,,,,,,,,,
PHATE,kmeans,,graph,e,,,benchmarker,Baron_mouse,,0.49,0.72,0.9191594713982467,,,,,,,,,,,,,,,,,,,
PHATE,louvain,,graph,e,,,benchmarker,Baron_mouse,,0.19,0.61,0.9191594713982467,,,,,,,,,,,,,,,,,,,
PHATE,spectral,,graph,e,,,benchmarker,Baron_mouse,,0.45,0.69,0.9191594713982467,,,,,,,,,,,,,,,,,,,
PaCMAP,kmeans,,metric,e,,,benchmarker,Baron_mouse,,0.0,0.03,0.9191594713982467,,,,,,,,,,,,,,,,,,,
PaCMAP,louvain,,metric,e,,,benchmarker,Baron_mouse,,0.0,0.05,0.9191594713982467,,,,,,,,,,,,,,,,,,,
PaCMAP,spectral,,metric,e,,,benchmarker,Baron_mouse,,-0.0,0.03,0.9191594713982467,,,,,,,,,,,,,,,,,,,
SAUCIE,kmeans,,deep,e,,,benchmarker,Baron_mouse,,0.11,0.31,0.9191594713982467,,,,,,,,,,,,,,,,,,,
SAUCIE,louvain,,deep,e,,,benchmarker,Baron_mouse,,0.05,0.3,0.9191594713982467,,,,,,,,,,,,,,,,,,,
SAUCIE,spectral,,deep,e,,,benchmarker,Baron_mouse,,0.1,0.33,0.9191594713982467,,,,,,,,,,,,,,,,,,,
SCDRHA,kmeans,,deep,e,,,benchmarker,Baron_mouse,,0.37,0.69,0.9191594713982467,,,,,,,,,,,,,,,,,,,
SCDRHA,louvain,,deep,e,,,benchmarker,Baron_mouse,,0.16,0.57,0.9191594713982467,,,,,,,,,,,,,,,,,,,
SCDRHA,spectral,,deep,e,,,benchmarker,Baron_mouse,,0.31,0.64,0.9191594713982467,,,,,,,,,,,,,,,,,,,
SIMLR,kmeans,,graph,e,,,benchmarker,Baron_mouse,,0.47,0.74,0.9191594713982467,,,,,,,,,,,,,,,,,,,
SIMLR,louvain,,graph,e,,,benchmarker,Baron_mouse,,0.18,0.63,0.9191594713982467,,,,,,,,,,,,,,,,,,,
SIMLR,spectral,,graph,e,,,benchmarker,Baron_mouse,,0.18,0.52,0.9191594713982467,,,,,,,,,,,,,,,,,,,
SPDR,kmeans,,graph,e,,,benchmarker,Baron_mouse,,0.44,0.76,0.9191594713982467,,,,,,,,,,,,,,,,,,,
SPDR,louvain,,graph,e,,,benchmarker,Baron_mouse,,0.19,0.64,0.9191594713982467,,,,,,,,,,,,,,,,,,,
SPDR,spectral,,graph,e,,,benchmarker,Baron_mouse,,0.22,0.57,0.9191594713982467,,,,,,,,,,,,,,,,,,,
SQuaD-MDS,kmeans,,metric,e,,,benchmarker,Baron_mouse,,0.33499999999999996,0.625,0.9191594713982467,,,,,,,,,,,,,,,,,,,
SQuaD-MDS,louvain,,metric,e,,,benchmarker,Baron_mouse,,0.165,0.56,0.9191594713982467,,,,,,,,,,,,,,,,,,,
SQuaD-MDS,spectral,,metric,e,,,benchmarker,Baron_mouse,,0.315,0.625,0.9191594713982467,,,,,,,,,,,,,,,,,,,
SSNMDI,kmeans,,linear,e,,,benchmarker,Baron_mouse,,0.0,0.03,0.9191594713982467,,,,,,,,,,,,,,,,,,,
SSNMDI,louvain,,linear,e,,,benchmarker,Baron_mouse,,0.0,0.05,0.9191594713982467,,,,,,,,,,,,,,,,,,,
SSNMDI,spectral,,linear,e,,,benchmarker,Baron_mouse,,0.0,0.03,0.9191594713982467,,,,,,,,,,,,,,,,,,,
TriMap,kmeans,,metric,e,,,benchmarker,Baron_mouse,,0.42,0.73,0.9191594713982467,,,,,,,,,,,,,,,,,,,
TriMap,louvain,,metric,e,,,benchmarker,Baron_mouse,,0.19,0.64,0.9191594713982467,,,,,,,,,,,,,,,,,,,
TriMap,spectral,,metric,e,,,benchmarker,Baron_mouse,,0.35,0.67,0.9191594713982467,,,,,,,,,,,,,,,,,,,
UMAP,kmeans,,graph,e,,,benchmarker,Baron_mouse,,0.38,0.69,0.9191594713982467,,,,,,,,,,,,,,,,,,,
UMAP,louvain,,graph,e,,,benchmarker,Baron_mouse,,0.17,0.59,0.9191594713982467,,,,,,,,,,,,,,,,,,,
UMAP,spectral,,graph,e,,,benchmarker,Baron_mouse,,0.29,0.6,0.9191594713982467,,,,,,,,,,,,,,,,,,,
VAE,kmeans,,deep,e,,,benchmarker,Baron_mouse,,0.35,0.71,0.9191594713982467,,,,,,,,,,,,,,,,,,,
VAE,louvain,,deep,e,,,benchmarker,Baron_mouse,,0.17,0.61,0.9191594713982467,,,,,,,,,,,,,,,,,,,
VAE,spectral,,deep,e,,,benchmarker,Baron_mouse,,0.36,0.67,0.9191594713982467,,,,,,,,,,,,,,,,,,,
VASC,kmeans,,deep,e,,,benchmarker,Baron_mouse,,0.81,0.76,0.9191594713982467,,,,,,,,,,,,,,,,,,,
VASC,louvain,,deep,e,,,benchmarker,Baron_mouse,,0.15,0.56,0.9191594713982467,,,,,,,,,,,,,,,,,,,
VASC,spectral,,deep,e,,,benchmarker,Baron_mouse,,0.31,0.65,0.9191594713982467,,,,,,,,,,,,,,,,,,,
ZIFA,kmeans,,linear,e,,,benchmarker,Baron_mouse,,0.26,0.51,0.9191594713982467,,,,,,,,,,,,,,,,,,,
ZIFA,louvain,,linear,e,,,benchmarker,Baron_mouse,,0.12,0.45,0.9191594713982467,,,,,,,,,,,,,,,,,,,
ZIFA,spectral,,linear,e,,,benchmarker,Baron_mouse,,0.19,0.49,0.9191594713982467,,,,,,,,,,,,,,,,,,,
pCMF,kmeans,,linear,e,,,benchmarker,Baron_mouse,,0.22,0.32,0.9191594713982467,,,,,,,,,,,,,,,,,,,
pCMF,louvain,,linear,e,,,benchmarker,Baron_mouse,,0.05,0.27,0.9191594713982467,,,,,,,,,,,,,,,,,,,
pCMF,spectral,,linear,e,,,benchmarker,Baron_mouse,,0.13,0.3,0.9191594713982467,,,,,,,,,,,,,,,,,,,
scGAE,kmeans,,deep,e,,,benchmarker,Baron_mouse,,0.28,0.61,0.9191594713982467,,,,,,,,,,,,,,,,,,,
scGAE,louvain,,deep,e,,,benchmarker,Baron_mouse,,0.12,0.52,0.9191594713982467,,,,,,,,,,,,,,,,,,,
scGAE,spectral,,deep,e,,,benchmarker,Baron_mouse,,0.27,0.59,0.9191594713982467,,,,,,,,,,,,,,,,,,,
scGBM,kmeans,,linear,e,,,benchmarker,Baron_mouse,,0.33,0.62,0.9191594713982467,,,,,,,,,,,,,,,,,,,
scGBM,louvain,,linear,e,,,benchmarker,Baron_mouse,,0.17,0.55,0.9191594713982467,,,,,,,,,,,,,,,,,,,
scGBM,spectral,,linear,e,,,benchmarker,Baron_mouse,,0.26,0.61,0.9191594713982467,,,,,,,,,,,,,,,,,,,
scScope,kmeans,,deep,e,,,benchmarker,Baron_mouse,,0.34,0.67,0.9191594713982467,,,,,,,,,,,,,,,,,,,
scScope,louvain,,deep,e,,,benchmarker,Baron_mouse,,0.2,0.61,0.9191594713982467,,,,,,,,,,,,,,,,,,,
scScope,spectral,,deep,e,,,benchmarker,Baron_mouse,,0.32,0.65,0.9191594713982467,,,,,,,,,,,,,,,,,,,
scvis,kmeans,,deep,e,,,benchmarker,Baron_mouse,,0.46,0.7,0.9191594713982467,,,,,,,,,,,,,,,,,,,
scvis,louvain,,deep,e,,,benchmarker,Baron_mouse,,0.21,0.6,0.9191594713982467,,,,,,,,,,,,,,,,,,,
scvis,spectral,,deep,e,,,benchmarker,Baron_mouse,,0.36,0.69,0.9191594713982467,,,,,,,,,,,,,,,,,,,
t-SNE,kmeans,,metric,e,,,benchmarker,Baron_mouse,,0.34,0.71,0.9191594713982467,,,,,,,,,,,,,,,,,,,
t-SNE,louvain,,metric,e,,,benchmarker,Baron_mouse,,0.19,0.62,0.9191594713982467,,,,,,,,,,,,,,,,,,,
t-SNE,spectral,,metric,e,,,benchmarker,Baron_mouse,,0.34,0.66,0.9191594713982467,,,,,,,,,,,,,,,,,,,
tGPLVM,kmeans,,linear,e,,,benchmarker,Baron_mouse,,0.14,0.32,0.9191594713982467,,,,,,,,,,,,,,,,,,,
tGPLVM,louvain,,linear,e,,,benchmarker,Baron_mouse,,0.05,0.27,0.9191594713982467,,,,,,,,,,,,,,,,,,,
tGPLVM,spectral,,linear,e,,,benchmarker,Baron_mouse,,0.12,0.31,0.9191594713982467,,,,,,,,,,,,,,,,,,,
DRA,kmeans,,deep,e,,,benchmarker,Darmanis,,-0.0,0.04,0.9191594713982467,,,,,,,,,,,,,,,,,,,
DRA,louvain,,deep,e,,,benchmarker,Darmanis,,-0.0,0.06,0.9191594713982467,,,,,,,,,,,,,,,,,,,
DRA,spectral,,deep,e,,,benchmarker,Darmanis,,0.01,0.04,0.9191594713982467,,,,,,,,,,,,,,,,,,,
DREAM,kmeans,,deep,e,,,benchmarker,Darmanis,,0.63,0.73,0.9191594713982467,,,,,,,,,,,,,,,,,,,
DREAM,louvain,,deep,e,,,benchmarker,Darmanis,,0.33,0.69,0.9191594713982467,,,,,,,,,,,,,,,,,,,
DREAM,spectral,,deep,e,,,benchmarker,Darmanis,,0.63,0.78,0.9191594713982467,,,,,,,,,,,,,,,,,,,
EDGE,kmeans,,graph,e,,,benchmarker,Darmanis,,0.4,0.55,0.9191594713982467,,,,,,,,,,,,,,,,,,,
EDGE,louvain,,graph,e,,,benchmarker,Darmanis,,0.35,0.58,0.9191594713982467,,,,,,,,,,,,,,,,,,,
EDGE,spectral,,graph,e,,,benchmarker,Darmanis,,0.44,0.59,0.9191594713982467,,,,,,,,,,,,,,,,,,,
GLMPCA,kmeans,,linear,e,,,benchmarker,Darmanis,,0.73,0.75,0.9191594713982467,,,,,,,,,,,,,,,,,,,
GLMPCA,louvain,,linear,e,,,benchmarker,Darmanis,,0.43,0.67,0.9191594713982467,,,,,,,,,,,,,,,,,,,
GLMPCA,spectral,,linear,e,,,benchmarker,Darmanis,,0.5,0.69,0.9191594713982467,,,,,,,,,,,,,,,,,,,
IVIS,kmeans,,metric,e,,,benchmarker,Darmanis,,0.74,0.79,0.9191594713982467,,,,,,,,,,,,,,,,,,,
IVIS,louvain,,metric,e,,,benchmarker,Darmanis,,0.35,0.67,0.9191594713982467,,,,,,,,,,,,,,,,,,,
IVIS,spectral,,metric,e,,,benchmarker,Darmanis,,0.61,0.75,0.9191594713982467,,,,,,,,,,,,,,,,,,,
PCA,kmeans,,linear,e,,,benchmarker,Darmanis,,0.33,0.4,0.9191594713982467,,,,,,,,,,,,,,,,,,,
PCA,louvain,,linear,e,,,benchmarker,Darmanis,,0.28,0.49,0.9191594713982467,,,,,,,,,,,,,,,,,,,
PCA,spectral,,linear,e,,,benchmarker,Darmanis,,0.32,0.49,0.9191594713982467,,,,,,,,,,,,,,,,,,,
PHATE,kmeans,,graph,e,,,benchmarker,Darmanis,,0.71,0.79,0.9191594713982467,,,,,,,,,,,,,,,,,,,
PHATE,louvain,,graph,e,,,benchmarker,Darmanis,,0.52,0.75,0.9191594713982467,,,,,,,,,,,,,,,,,,,
PHATE,spectral,,graph,e,,,benchmarker,Darmanis,,0.63,0.78,0.9191594713982467,,,,,,,,,,,,,,,,,,,
PaCMAP,kmeans,,metric,e,,,benchmarker,Darmanis,,0.05,0.15,0.9191594713982467,,,,,,,,,,,,,,,,,,,
PaCMAP,louvain,,metric,e,,,benchmarker,Darmanis,,0.04,0.17,0.9191594713982467,,,,,,,,,,,,,,,,,,,
PaCMAP,spectral,,metric,e,,,benchmarker,Darmanis,,0.02,0.13,0.9191594713982467,,,,,,,,,,,,,,,,,,,
SAUCIE,kmeans,,deep,e,,,benchmarker,Darmanis,,0.06,0.13,0.9191594713982467,,,,,,,,,,,,,,,,,,,
SAUCIE,louvain,,deep,e,,,benchmarker,Darmanis,,0.06,0.13,0.9191594713982467,,,,,,,,,,,,,,,,,,,
SAUCIE,spectral,,deep,e,,,benchmarker,Darmanis,,0.06,0.12,0.9191594713982467,,,,,,,,,,,,,,,,,,,
SCDRHA,kmeans,,deep,e,,,benchmarker,Darmanis,,0.66,0.75,0.9191594713982467,,,,,,,,,,,,,,,,,,,
SCDRHA,louvain,,deep,e,,,benchmarker,Darmanis,,0.29,0.59,0.9191594713982467,,,,,,,,,,,,,,,,,,,
SCDRHA,spectral,,deep,e,,,benchmarker,Darmanis,,0.52,0.68,0.9191594713982467,,,,,,,,,,,,,,,,,,,
SIMLR,kmeans,,graph,e,,,benchmarker,Darmanis,,0.92,0.9,0.9191594713982467,,,,,,,,,,,,,,,,,,,
SIMLR,louvain,,graph,e,,,benchmarker,Darmanis,,0.47,0.72,0.9191594713982467,,,,,,,,,,,,,,,,,,,
SIMLR,spectral,,graph,e,,,benchmarker,Darmanis,,0.4,0.62,0.9191594713982467,,,,,,,,,,,,,,,,,,,
SPDR,kmeans,,graph,e,,,benchmarker,Darmanis,,0.92,0.91,0.9191594713982467,,,,,,,,,,,,,,,,,,,
SPDR,louvain,,graph,e,,,benchmarker,Darmanis,,0.37,0.71,0.9191594713982467,,,,,,,,,,,,,,,,,,,
SPDR,spectral,,graph,e,,,benchmarker,Darmanis,,0.46,0.69,0.9191594713982467,,,,,,,,,,,,,,,,,,,
SQuaD-MDS,kmeans,,metric,e,,,benchmarker,Darmanis,,0.54,0.6599999999999999,0.9191594713982467,,,,,,,,,,,,,,,,,,,
SQuaD-MDS,louvain,,metric,e,,,benchmarker,Darmanis,,0.45,0.65,0.9191594713982467,,,,,,,,,,,,,,,,,,,
SQuaD-MDS,spectral,,metric,e,,,benchmarker,Darmanis,,0.49,0.64,0.9191594713982467,,,,,,,,,,,,,,,,,,,
SSNMDI,kmeans,,linear,e,,,benchmarker,Darmanis,,0.04,0.11,0.9191594713982467,,,,,,,,,,,,,,,,,,,
SSNMDI,louvain,,linear,e,,,benchmarker,Darmanis,,0.03,0.16,0.9191594713982467,,,,,,,,,,,,,,,,,,,
SSNMDI,spectral,,linear,e,,,benchmarker,Darmanis,,0.04,0.1,0.9191594713982467,,,,,,,,,,,,,,,,,,,
TriMap,kmeans,,metric,e,,,benchmarker,Darmanis,,0.83,0.87,0.9191594713982467,,,,,,,,,,,,,,,,,,,
TriMap,louvain,,metric,e,,,benchmarker,Darmanis,,0.36,0.71,0.9191594713982467,,,,,,,,,,,,,,,,,,,
TriMap,spectral,,metric,e,,,benchmarker,Darmanis,,0.71,0.8,0.9191594713982467,,,,,,,,,,,,,,,,,,,
UMAP,kmeans,,graph,e,,,benchmarker,Darmanis,,0.62,0.78,0.9191594713982467,,,,,,,,,,,,,,,,,,,
UMAP,louvain,,graph,e,,,benchmarker,Darmanis,,0.32,0.68,0.9191594713982467,,,,,,,,,,,,,,,,,,,
UMAP,spectral,,graph,e,,,benchmarker,Darmanis,,0.64,0.76,0.9191594713982467,,,,,,,,,,,,,,,,,,,
VAE,kmeans,,deep,e,,,benchmarker,Darmanis,,0.13,0.17,0.9191594713982467,,,,,,,,,,,,,,,,,,,
VAE,louvain,,deep,e,,,benchmarker,Darmanis,,0.04,0.22,0.9191594713982467,,,,,,,,,,,,,,,,,,,
VAE,spectral,,deep,e,,,benchmarker,Darmanis,,0.13,0.21,0.9191594713982467,,,,,,,,,,,,,,,,,,,
VASC,kmeans,,deep,e,,,benchmarker,Darmanis,,0.73,0.79,0.9191594713982467,,,,,,,,,,,,,,,,,,,
VASC,louvain,,deep,e,,,benchmarker,Darmanis,,0.34,0.68,0.9191594713982467,,,,,,,,,,,,,,,,,,,
VASC,spectral,,deep,e,,,benchmarker,Darmanis,,0.62,0.78,0.9191594713982467,,,,,,,,,,,,,,,,,,,
ZIFA,kmeans,,linear,e,,,benchmarker,Darmanis,,0.74,0.74,0.9191594713982467,,,,,,,,,,,,,,,,,,,
ZIFA,louvain,,linear,e,,,benchmarker,Darmanis,,0.51,0.68,0.9191594713982467,,,,,,,,,,,,,,,,,,,
ZIFA,spectral,,linear,e,,,benchmarker,Darmanis,,0.49,0.66,0.9191594713982467,,,,,,,,,,,,,,,,,,,
pCMF,kmeans,,linear,e,,,benchmarker,Darmanis,,0.15,0.26,0.9191594713982467,,,,,,,,,,,,,,,,,,,
pCMF,louvain,,linear,e,,,benchmarker,Darmanis,,0.18,0.27,0.9191594713982467,,,,,,,,,,,,,,,,,,,
pCMF,spectral,,linear,e,,,benchmarker,Darmanis,,0.15,0.27,0.9191594713982467,,,,,,,,,,,,,,,,,,,
scGAE,kmeans,,deep,e,,,benchmarker,Darmanis,,0.62,0.76,0.9191594713982467,,,,,,,,,,,,,,,,,,,
scGAE,louvain,,deep,e,,,benchmarker,Darmanis,,0.53,0.74,0.9191594713982467,,,,,,,,,,,,,,,,,,,
scGAE,spectral,,deep,e,,,benchmarker,Darmanis,,0.36,0.62,0.9191594713982467,,,,,,,,,,,,,,,,,,,
scGBM,kmeans,,linear,e,,,benchmarker,Darmanis,,0.74,0.75,0.9191594713982467,,,,,,,,,,,,,,,,,,,
scGBM,louvain,,linear,e,,,benchmarker,Darmanis,,0.47,0.69,0.9191594713982467,,,,,,,,,,,,,,,,,,,
scGBM,spectral,,linear,e,,,benchmarker,Darmanis,,0.56,0.71,0.9191594713982467,,,,,,,,,,,,,,,,,,,
scScope,kmeans,,deep,e,,,benchmarker,Darmanis,,0.36,0.49,0.9191594713982467,,,,,,,,,,,,,,,,,,,
scScope,louvain,,deep,e,,,benchmarker,Darmanis,,0.32,0.49,0.9191594713982467,,,,,,,,,,,,,,,,,,,
scScope,spectral,,deep,e,,,benchmarker,Darmanis,,0.32,0.49,0.9191594713982467,,,,,,,,,,,,,,,,,,,
scvis,kmeans,,deep,e,,,benchmarker,Darmanis,,0.68,0.78,0.9191594713982467,,,,,,,,,,,,,,,,,,,
scvis,louvain,,deep,e,,,benchmarker,Darmanis,,0.52,0.72,0.9191594713982467,,,,,,,,,,,,,,,,,,,
scvis,spectral,,deep,e,,,benchmarker,Darmanis,,0.73,0.79,0.9191594713982467,,,,,,,,,,,,,,,,,,,
t-SNE,kmeans,,metric,e,,,benchmarker,Darmanis,,0.66,0.76,0.9191594713982467,,,,,,,,,,,,,,,,,,,
t-SNE,louvain,,metric,e,,,benchmarker,Darmanis,,0.44,0.7,0.9191594713982467,,,,,,,,,,,,,,,,,,,
t-SNE,spectral,,metric,e,,,benchmarker,Darmanis,,0.42,0.64,0.9191594713982467,,,,,,,,,,,,,,,,,,,
tGPLVM,kmeans,,linear,e,,,benchmarker,Darmanis,,0.4,0.52,0.9191594713982467,,,,,,,,,,,,,,,,,,,
tGPLVM,louvain,,linear,e,,,benchmarker,Darmanis,,0.3,0.5,0.9191594713982467,,,,,,,,,,,,,,,,,,,
tGPLVM,spectral,,linear,e,,,benchmarker,Darmanis,,0.36,0.5,0.9191594713982467,,,,,,,,,,,,,,,,,,,
DRA,kmeans,,deep,e,,,benchmarker,Pancreatic,,-0.03,0.12,0.9191594713982467,,,,,,,,,,,,,,,,,,,
DRA,louvain,,deep,e,,,benchmarker,Pancreatic,,-0.01,0.04,0.9191594713982467,,,,,,,,,,,,,,,,,,,
DRA,spectral,,deep,e,,,benchmarker,Pancreatic,,-0.02,0.13,0.9191594713982467,,,,,,,,,,,,,,,,,,,
DREAM,kmeans,,deep,e,,,benchmarker,Pancreatic,,0.26,0.45,0.9191594713982467,,,,,,,,,,,,,,,,,,,
DREAM,louvain,,deep,e,,,benchmarker,Pancreatic,,0.3,0.42,0.9191594713982467,,,,,,,,,,,,,,,,,,,
DREAM,spectral,,deep,e,,,benchmarker,Pancreatic,,0.25,0.42,0.9191594713982467,,,,,,,,,,,,,,,,,,,
EDGE,kmeans,,graph,e,,,benchmarker,Pancreatic,,0.4,0.58,0.9191594713982467,,,,,,,,,,,,,,,,,,,
EDGE,louvain,,graph,e,,,benchmarker,Pancreatic,,0.28,0.44,0.9191594713982467,,,,,,,,,,,,,,,,,,,
EDGE,spectral,,graph,e,,,benchmarker,Pancreatic,,0.32,0.5,0.9191594713982467,,,,,,,,,,,,,,,,,,,
GLMPCA,kmeans,,linear,e,,,benchmarker,Pancreatic,,0.39,0.6,0.9191594713982467,,,,,,,,,,,,,,,,,,,
GLMPCA,louvain,,linear,e,,,benchmarker,Pancreatic,,0.25,0.41,0.9191594713982467,,,,,,,,,,,,,,,,,,,
GLMPCA,spectral,,linear,e,,,benchmarker,Pancreatic,,0.4,0.6,0.9191594713982467,,,,,,,,,,,,,,,,,,,
IVIS,kmeans,,metric,e,,,benchmarker,Pancreatic,,0.24,0.4,0.9191594713982467,,,,,,,,,,,,,,,,,,,
IVIS,louvain,,metric,e,,,benchmarker,Pancreatic,,0.3,0.4,0.9191594713982467,,,,,,,,,,,,,,,,,,,
IVIS,spectral,,metric,e,,,benchmarker,Pancreatic,,0.25,0.39,0.9191594713982467,,,,,,,,,,,,,,,,,,,
PCA,kmeans,,linear,e,,,benchmarker,Pancreatic,,0.33,0.58,0.9191594713982467,,,,,,,,,,,,,,,,,,,
PCA,louvain,,linear,e,,,benchmarker,Pancreatic,,0.33,0.45,0.9191594713982467,,,,,,,,,,,,,,,,,,,
PCA,spectral,,linear,e,,,benchmarker,Pancreatic,,0.4,0.55,0.9191594713982467,,,,,,,,,,,,,,,,,,,
PHATE,kmeans,,graph,e,,,benchmarker,Pancreatic,,0.31,0.62,0.9191594713982467,,,,,,,,,,,,,,,,,,,
PHATE,louvain,,graph,e,,,benchmarker,Pancreatic,,0.27,0.46,0.9191594713982467,,,,,,,,,,,,,,,,,,,
PHATE,spectral,,graph,e,,,benchmarker,Pancreatic,,0.39,0.58,0.9191594713982467,,,,,,,,,,,,,,,,,,,
PaCMAP,kmeans,,metric,e,,,benchmarker,Pancreatic,,-0.02,0.11,0.9191594713982467,,,,,,,,,,,,,,,,,,,
PaCMAP,louvain,,metric,e,,,benchmarker,Pancreatic,,-0.02,0.06,0.9191594713982467,,,,,,,,,,,,,,,,,,,
PaCMAP,spectral,,metric,e,,,benchmarker,Pancreatic,,-0.01,0.12,0.9191594713982467,,,,,,,,,,,,,,,,,,,
SAUCIE,kmeans,,deep,e,,,benchmarker,Pancreatic,,0.11,0.33,0.9191594713982467,,,,,,,,,,,,,,,,,,,
SAUCIE,louvain,,deep,e,,,benchmarker,Pancreatic,,0.16,0.33,0.9191594713982467,,,,,,,,,,,,,,,,,,,
SAUCIE,spectral,,deep,e,,,benchmarker,Pancreatic,,0.14,0.36,0.9191594713982467,,,,,,,,,,,,,,,,,,,
SCDRHA,kmeans,,deep,e,,,benchmarker,Pancreatic,,0.25,0.46,0.9191594713982467,,,,,,,,,,,,,,,,,,,
SCDRHA,louvain,,deep,e,,,benchmarker,Pancreatic,,0.29,0.47,0.9191594713982467,,,,,,,,,,,,,,,,,,,
SCDRHA,spectral,,deep,e,,,benchmarker,Pancreatic,,0.18,0.42,0.9191594713982467,,,,,,,,,,,,,,,,,,,
SIMLR,kmeans,,graph,e,,,benchmarker,Pancreatic,,0.6,0.71,0.9191594713982467,,,,,,,,,,,,,,,,,,,
SIMLR,louvain,,graph,e,,,benchmarker,Pancreatic,,0.47,0.6,0.9191594713982467,,,,,,,,,,,,,,,,,,,
SIMLR,spectral,,graph,e,,,benchmarker,Pancreatic,,0.6,0.71,0.9191594713982467,,,,,,,,,,,,,,,,,,,
SPDR,kmeans,,graph,e,,,benchmarker,Pancreatic,,0.33,0.61,0.9191594713982467,,,,,,,,,,,,,,,,,,,
SPDR,louvain,,graph,e,,,benchmarker,Pancreatic,,0.3,0.47,0.9191594713982467,,,,,,,,,,,,,,,,,,,
SPDR,spectral,,graph,e,,,benchmarker,Pancreatic,,0.61,0.7,0.9191594713982467,,,,,,,,,,,,,,,,,,,
SQuaD-MDS,kmeans,,metric,e,,,benchmarker,Pancreatic,,0.345,0.52,0.9191594713982467,,,,,,,,,,,,,,,,,,,
SQuaD-MDS,louvain,,metric,e,,,benchmarker,Pancreatic,,0.225,0.355,0.9191594713982467,,,,,,,,,,,,,,,,,,,
SQuaD-MDS,spectral,,metric,e,,,benchmarker,Pancreatic,,0.33999999999999997,0.485,0.9191594713982467,,,,,,,,,,,,,,,,,,,
SSNMDI,kmeans,,linear,e,,,benchmarker,Pancreatic,,-0.02,0.13,0.9191594713982467,,,,,,,,,,,,,,,,,,,
SSNMDI,louvain,,linear,e,,,benchmarker,Pancreatic,,-0.01,0.08,0.9191594713982467,,,,,,,,,,,,,,,,,,,
SSNMDI,spectral,,linear,e,,,benchmarker,Pancreatic,,-0.02,0.13,0.9191594713982467,,,,,,,,,,,,,,,,,,,
TriMap,kmeans,,metric,e,,,benchmarker,Pancreatic,,0.66,0.81,0.9191594713982467,,,,,,,,,,,,,,,,,,,
TriMap,louvain,,metric,e,,,benchmarker,Pancreatic,,0.46,0.65,0.9191594713982467,,,,,,,,,,,,,,,,,,,
TriMap,spectral,,metric,e,,,benchmarker,Pancreatic,,0.82,0.86,0.9191594713982467,,,,,,,,,,,,,,,,,,,
UMAP,kmeans,,graph,e,,,benchmarker,Pancreatic,,0.63,0.75,0.9191594713982467,,,,,,,,,,,,,,,,,,,
UMAP,louvain,,graph,e,,,benchmarker,Pancreatic,,0.41,0.57,0.9191594713982467,,,,,,,,,,,,,,,,,,,
UMAP,spectral,,graph,e,,,benchmarker,Pancreatic,,0.67,0.79,0.9191594713982467,,,,,,,,,,,,,,,,,,,
VAE,kmeans,,deep,e,,,benchmarker,Pancreatic,,0.18,0.4,0.9191594713982467,,,,,,,,,,,,,,,,,,,
VAE,louvain,,deep,e,,,benchmarker,Pancreatic,,0.14,0.26,0.9191594713982467,,,,,,,,,,,,,,,,,,,
VAE,spectral,,deep,e,,,benchmarker,Pancreatic,,0.18,0.42,0.9191594713982467,,,,,,,,,,,,,,,,,,,
VASC,kmeans,,deep,e,,,benchmarker,Pancreatic,,0.31,0.54,0.9191594713982467,,,,,,,,,,,,,,,,,,,
VASC,louvain,,deep,e,,,benchmarker,Pancreatic,,0.27,0.43,0.9191594713982467,,,,,,,,,,,,,,,,,,,
VASC,spectral,,deep,e,,,benchmarker,Pancreatic,,0.24,0.46,0.9191594713982467,,,,,,,,,,,,,,,,,,,
ZIFA,kmeans,,linear,e,,,benchmarker,Pancreatic,,0.27,0.55,0.9191594713982467,,,,,,,,,,,,,,,,,,,
ZIFA,louvain,,linear,e,,,benchmarker,Pancreatic,,0.29,0.44,0.9191594713982467,,,,,,,,,,,,,,,,,,,
ZIFA,spectral,,linear,e,,,benchmarker,Pancreatic,,0.39,0.58,0.9191594713982467,,,,,,,,,,,,,,,,,,,
pCMF,kmeans,,linear,e,,,benchmarker,Pancreatic,,0.21,0.42,0.9191594713982467,,,,,,,,,,,,,,,,,,,
pCMF,louvain,,linear,e,,,benchmarker,Pancreatic,,0.25,0.41,0.9191594713982467,,,,,,,,,,,,,,,,,,,
pCMF,spectral,,linear,e,,,benchmarker,Pancreatic,,0.34,0.52,0.9191594713982467,,,,,,,,,,,,,,,,,,,
scGAE,kmeans,,deep,e,,,benchmarker,Pancreatic,,0.55,0.71,0.9191594713982467,,,,,,,,,,,,,,,,,,,
scGAE,louvain,,deep,e,,,benchmarker,Pancreatic,,0.36,0.54,0.9191594713982467,,,,,,,,,,,,,,,,,,,
scGAE,spectral,,deep,e,,,benchmarker,Pancreatic,,0.54,0.69,0.9191594713982467,,,,,,,,,,,,,,,,,,,
scGBM,kmeans,,linear,e,,,benchmarker,Pancreatic,,0.44,0.63,0.9191594713982467,,,,,,,,,,,,,,,,,,,
scGBM,louvain,,linear,e,,,benchmarker,Pancreatic,,0.33,0.49,0.9191594713982467,,,,,,,,,,,,,,,,,,,
scGBM,spectral,,linear,e,,,benchmarker,Pancreatic,,0.45,0.61,0.9191594713982467,,,,,,,,,,,,,,,,,,,
scScope,kmeans,,deep,e,,,benchmarker,Pancreatic,,0.12,0.3,0.9191594713982467,,,,,,,,,,,,,,,,,,,
scScope,louvain,,deep,e,,,benchmarker,Pancreatic,,0.04,0.17,0.9191594713982467,,,,,,,,,,,,,,,,,,,
scScope,spectral,,deep,e,,,benchmarker,Pancreatic,,0.07,0.26,0.9191594713982467,,,,,,,,,,,,,,,,,,,
scvis,kmeans,,deep,e,,,benchmarker,Pancreatic,,0.35,0.63,0.9191594713982467,,,,,,,,,,,,,,,,,,,
scvis,louvain,,deep,e,,,benchmarker,Pancreatic,,0.59,0.69,0.9191594713982467,,,,,,,,,,,,,,,,,,,
scvis,spectral,,deep,e,,,benchmarker,Pancreatic,,0.73,0.8,0.9191594713982467,,,,,,,,,,,,,,,,,,,
t-SNE,kmeans,,metric,e,,,benchmarker,Pancreatic,,0.18,0.35,0.9191594713982467,,,,,,,,,,,,,,,,,,,
t-SNE,louvain,,metric,e,,,benchmarker,Pancreatic,,0.23,0.34,0.9191594713982467,,,,,,,,,,,,,,,,,,,
t-SNE,spectral,,metric,e,,,benchmarker,Pancreatic,,0.24,0.42,0.9191594713982467,,,,,,,,,,,,,,,,,,,
tGPLVM,kmeans,,linear,e,,,benchmarker,Pancreatic,,0.03,0.19,0.9191594713982467,,,,,,,,,,,,,,,,,,,
tGPLVM,louvain,,linear,e,,,benchmarker,Pancreatic,,-0.01,0.06,0.9191594713982467,,,,,,,,,,,,,,,,,,,
tGPLVM,spectral,,linear,e,,,benchmarker,Pancreatic,,0.06,0.2,0.9191594713982467,,,,,,,,,,,,,,,,,,,
DRA,kmeans,,deep,e,,,benchmarker,Silver,,0.0,0.01,0.9191594713982467,,,,,,,,,,,,,,,,,,,
DRA,louvain,,deep,e,,,benchmarker,Silver,,0.0,0.03,0.9191594713982467,,,,,,,,,,,,,,,,,,,
DRA,spectral,,deep,e,,,benchmarker,Silver,,0.0,0.01,0.9191594713982467,,,,,,,,,,,,,,,,,,,
DREAM,kmeans,,deep,e,,,benchmarker,Silver,,0.22,0.34,0.9191594713982467,,,,,,,,,,,,,,,,,,,
DREAM,louvain,,deep,e,,,benchmarker,Silver,,0.13,0.29,0.9191594713982467,,,,,,,,,,,,,,,,,,,
DREAM,spectral,,deep,e,,,benchmarker,Silver,,0.23,0.33,0.9191594713982467,,,,,,,,,,,,,,,,,,,
EDGE,kmeans,,graph,e,,,benchmarker,Silver,,0.31,0.35,0.9191594713982467,,,,,,,,,,,,,,,,,,,
EDGE,louvain,,graph,e,,,benchmarker,Silver,,0.12,0.3,0.9191594713982467,,,,,,,,,,,,,,,,,,,
EDGE,spectral,,graph,e,,,benchmarker,Silver,,0.23,0.34,0.9191594713982467,,,,,,,,,,,,,,,,,,,
GLMPCA,kmeans,,linear,e,,,benchmarker,Silver,,0.32,0.39,0.9191594713982467,,,,,,,,,,,,,,,,,,,
GLMPCA,louvain,,linear,e,,,benchmarker,Silver,,0.14,0.33,0.9191594713982467,,,,,,,,,,,,,,,,,,,
GLMPCA,spectral,,linear,e,,,benchmarker,Silver,,0.28,0.38,0.9191594713982467,,,,,,,,,,,,,,,,,,,
IVIS,kmeans,,metric,e,,,benchmarker,Silver,,0.23,0.39,0.9191594713982467,,,,,,,,,,,,,,,,,,,
IVIS,louvain,,metric,e,,,benchmarker,Silver,,0.16,0.33,0.9191594713982467,,,,,,,,,,,,,,,,,,,
IVIS,spectral,,metric,e,,,benchmarker,Silver,,0.28,0.38,0.9191594713982467,,,,,,,,,,,,,,,,,,,
PCA,kmeans,,linear,e,,,benchmarker,Silver,,0.23,0.39,0.9191594713982467,,,,,,,,,,,,,,,,,,,
PCA,louvain,,linear,e,,,benchmarker,Silver,,0.15,0.33,0.9191594713982467,,,,,,,,,,,,,,,,,,,
PCA,spectral,,linear,e,,,benchmarker,Silver,,0.24,0.38,0.9191594713982467,,,,,,,,,,,,,,,,,,,
PHATE,kmeans,,graph,e,,,benchmarker,Silver,,0.22,0.43,0.9191594713982467,,,,,,,,,,,,,,,,,,,
PHATE,louvain,,graph,e,,,benchmarker,Silver,,0.13,0.33,0.9191594713982467,,,,,,,,,,,,,,,,,,,
PHATE,spectral,,graph,e,,,benchmarker,Silver,,0.24,0.39,0.9191594713982467,,,,,,,,,,,,,,,,,,,
PaCMAP,kmeans,,metric,e,,,benchmarker,Silver,,0.0,0.01,0.9191594713982467,,,,,,,,,,,,,,,,,,,
PaCMAP,louvain,,metric,e,,,benchmarker,Silver,,-0.0,0.02,0.9191594713982467,,,,,,,,,,,,,,,,,,,
PaCMAP,spectral,,metric,e,,,benchmarker,Silver,,-0.0,0.01,0.9191594713982467,,,,,,,,,,,,,,,,,,,
SAUCIE,kmeans,,deep,e,,,benchmarker,Silver,,0.04,0.08,0.9191594713982467,,,,,,,,,,,,,,,,,,,
SAUCIE,louvain,,deep,e,,,benchmarker,Silver,,0.03,0.09,0.9191594713982467,,,,,,,,,,,,,,,,,,,
SAUCIE,spectral,,deep,e,,,benchmarker,Silver,,0.04,0.09,0.9191594713982467,,,,,,,,,,,,,,,,,,,
SCDRHA,kmeans,,deep,e,,,benchmarker,Silver,,0.26,0.39,0.9191594713982467,,,,,,,,,,,,,,,,,,,
SCDRHA,louvain,,deep,e,,,benchmarker,Silver,,0.14,0.33,0.9191594713982467,,,,,,,,,,,,,,,,,,,
SCDRHA,spectral,,deep,e,,,benchmarker,Silver,,0.29,0.39,0.9191594713982467,,,,,,,,,,,,,,,,,,,
SIMLR,kmeans,,graph,e,,,benchmarker,Silver,,0.23,0.37,0.9191594713982467,,,,,,,,,,,,,,,,,,,
SIMLR,louvain,,graph,e,,,benchmarker,Silver,,0.14,0.33,0.9191594713982467,,,,,,,,,,,,,,,,,,,
SIMLR,spectral,,graph,e,,,benchmarker,Silver,,0.21,0.36,0.9191594713982467,,,,,,,,,,,,,,,,,,,
SPDR,kmeans,,graph,e,,,benchmarker,Silver,,0.26,0.4,0.9191594713982467,,,,,,,,,,,,,,,,,,,
SPDR,louvain,,graph,e,,,benchmarker,Silver,,0.14,0.34,0.9191594713982467,,,,,,,,,,,,,,,,,,,
SPDR,spectral,,graph,e,,,benchmarker,Silver,,0.24,0.41,0.9191594713982467,,,,,,,,,,,,,,,,,,,
SQuaD-MDS,kmeans,,metric,e,,,benchmarker,Silver,,0.275,0.36,0.9191594713982467,,,,,,,,,,,,,,,,,,,
SQuaD-MDS,louvain,,metric,e,,,benchmarker,Silver,,0.14,0.315,0.9191594713982467,,,,,,,,,,,,,,,,,,,
SQuaD-MDS,spectral,,metric,e,,,benchmarker,Silver,,0.25,0.35,0.9191594713982467,,,,,,,,,,,,,,,,,,,
SSNMDI,kmeans,,linear,e,,,benchmarker,Silver,,-0.0,0.01,0.9191594713982467,,,,,,,,,,,,,,,,,,,
SSNMDI,louvain,,linear,e,,,benchmarker,Silver,,-0.0,0.03,0.9191594713982467,,,,,,,,,,,,,,,,,,,
SSNMDI,spectral,,linear,e,,,benchmarker,Silver,,0.0,0.01,0.9191594713982467,,,,,,,,,,,,,,,,,,,
TriMap,kmeans,,metric,e,,,benchmarker,Silver,,0.26,0.4,0.9191594713982467,,,,,,,,,,,,,,,,,,,
TriMap,louvain,,metric,e,,,benchmarker,Silver,,0.12,0.33,0.9191594713982467,,,,,,,,,,,,,,,,,,,
TriMap,spectral,,metric,e,,,benchmarker,Silver,,0.24,0.41,0.9191594713982467,,,,,,,,,,,,,,,,,,,
UMAP,kmeans,,graph,e,,,benchmarker,Silver,,0.28,0.38,0.9191594713982467,,,,,,,,,,,,,,,,,,,
UMAP,louvain,,graph,e,,,benchmarker,Silver,,0.12,0.32,0.9191594713982467,,,,,,,,,,,,,,,,,,,
UMAP,spectral,,graph,e,,,benchmarker,Silver,,0.23,0.38,0.9191594713982467,,,,,,,,,,,,,,,,,,,
VAE,kmeans,,deep,e,,,benchmarker,Silver,,0.29,0.38,0.9191594713982467,,,,,,,,,,,,,,,,,,,
VAE,louvain,,deep,e,,,benchmarker,Silver,,0.15,0.33,0.9191594713982467,,,,,,,,,,,,,,,,,,,
VAE,spectral,,deep,e,,,benchmarker,Silver,,0.29,0.38,0.9191594713982467,,,,,,,,,,,,,,,,,,,
VASC,kmeans,,deep,e,,,benchmarker,Silver,,0.41,0.41,0.9191594713982467,,,,,,,,,,,,,,,,,,,
VASC,louvain,,deep,e,,,benchmarker,Silver,,0.12,0.33,0.9191594713982467,,,,,,,,,,,,,,,,,,,
VASC,spectral,,deep,e,,,benchmarker,Silver,,0.28,0.38,0.9191594713982467,,,,,,,,,,,,,,,,,,,
ZIFA,kmeans,,linear,e,,,benchmarker,Silver,,0.27,0.39,0.9191594713982467,,,,,,,,,,,,,,,,,,,
ZIFA,louvain,,linear,e,,,benchmarker,Silver,,0.14,0.33,0.9191594713982467,,,,,,,,,,,,,,,,,,,
ZIFA,spectral,,linear,e,,,benchmarker,Silver,,0.23,0.38,0.9191594713982467,,,,,,,,,,,,,,,,,,,
pCMF,kmeans,,linear,e,,,benchmarker,Silver,,0.01,0.02,0.9191594713982467,,,,,,,,,,,,,,,,,,,
pCMF,louvain,,linear,e,,,benchmarker,Silver,,0.0,0.04,0.9191594713982467,,,,,,,,,,,,,,,,,,,
pCMF,spectral,,linear,e,,,benchmarker,Silver,,0.0,0.01,0.9191594713982467,,,,,,,,,,,,,,,,,,,
scGAE,kmeans,,deep,e,,,benchmarker,Silver,,0.11,0.2,0.9191594713982467,,,,,,,,,,,,,,,,,,,
scGAE,louvain,,deep,e,,,benchmarker,Silver,,0.07,0.23,0.9191594713982467,,,,,,,,,,,,,,,,,,,
scGAE,spectral,,deep,e,,,benchmarker,Silver,,0.12,0.21,0.9191594713982467,,,,,,,,,,,,,,,,,,,
scGBM,kmeans,,linear,e,,,benchmarker,Silver,,0.32,0.4,0.9191594713982467,,,,,,,,,,,,,,,,,,,
scGBM,louvain,,linear,e,,,benchmarker,Silver,,0.16,0.33,0.9191594713982467,,,,,,,,,,,,,,,,,,,
scGBM,spectral,,linear,e,,,benchmarker,Silver,,0.28,0.39,0.9191594713982467,,,,,,,,,,,,,,,,,,,
scScope,kmeans,,deep,e,,,benchmarker,Silver,,0.28,0.36,0.9191594713982467,,,,,,,,,,,,,,,,,,,
scScope,louvain,,deep,e,,,benchmarker,Silver,,0.15,0.32,0.9191594713982467,,,,,,,,,,,,,,,,,,,
scScope,spectral,,deep,e,,,benchmarker,Silver,,0.23,0.36,0.9191594713982467,,,,,,,,,,,,,,,,,,,
scvis,kmeans,,deep,e,,,benchmarker,Silver,,0.24,0.4,0.9191594713982467,,,,,,,,,,,,,,,,,,,
scvis,louvain,,deep,e,,,benchmarker,Silver,,0.18,0.34,0.9191594713982467,,,,,,,,,,,,,,,,,,,
scvis,spectral,,deep,e,,,benchmarker,Silver,,0.26,0.38,0.9191594713982467,,,,,,,,,,,,,,,,,,,
t-SNE,kmeans,,metric,e,,,benchmarker,Silver,,0.3,0.39,0.9191594713982467,,,,,,,,,,,,,,,,,,,
t-SNE,louvain,,metric,e,,,benchmarker,Silver,,0.15,0.34,0.9191594713982467,,,,,,,,,,,,,,,,,,,
t-SNE,spectral,,metric,e,,,benchmarker,Silver,,0.26,0.39,0.9191594713982467,,,,,,,,,,,,,,,,,,,
tGPLVM,kmeans,,linear,e,,,benchmarker,Silver,,0.4,0.39,0.9191594713982467,,,,,,,,,,,,,,,,,,,
tGPLVM,louvain,,linear,e,,,benchmarker,Silver,,0.14,0.32,0.9191594713982467,,,,,,,,,,,,,,,,,,,
tGPLVM,spectral,,linear,e,,,benchmarker,Silver,,0.22,0.36,0.9191594713982467,,,,,,,,,,,,,,,,,,,
DRA,kmeans,,deep,e,,,benchmarker,Zhengmix4eq,,0.0,0.0,0.9191594713982467,,,,,,,,,,,,,,,,,,,
DRA,louvain,,deep,e,,,benchmarker,Zhengmix4eq,,0.0,0.01,0.9191594713982467,,,,,,,,,,,,,,,,,,,
DRA,spectral,,deep,e,,,benchmarker,Zhengmix4eq,,0.0,0.0,0.9191594713982467,,,,,,,,,,,,,,,,,,,
DREAM,kmeans,,deep,e,,,benchmarker,Zhengmix4eq,,0.42,0.45,0.9191594713982467,,,,,,,,,,,,,,,,,,,
DREAM,louvain,,deep,e,,,benchmarker,Zhengmix4eq,,0.07,0.28,0.9191594713982467,,,,,,,,,,,,,,,,,,,
DREAM,spectral,,deep,e,,,benchmarker,Zhengmix4eq,,0.43,0.44,0.9191594713982467,,,,,,,,,,,,,,,,,,,
EDGE,kmeans,,graph,e,,,benchmarker,Zhengmix4eq,,0.41,0.46,0.9191594713982467,,,,,,,,,,,,,,,,,,,
EDGE,louvain,,graph,e,,,benchmarker,Zhengmix4eq,,0.08,0.32,0.9191594713982467,,,,,,,,,,,,,,,,,,,
EDGE,spectral,,graph,e,,,benchmarker,Zhengmix4eq,,0.38,0.43,0.9191594713982467,,,,,,,,,,,,,,,,,,,
GLMPCA,kmeans,,linear,e,,,benchmarker,Zhengmix4eq,,0.84,0.85,0.9191594713982467,,,,,,,,,,,,,,,,,,,
GLMPCA,louvain,,linear,e,,,benchmarker,Zhengmix4eq,,0.11,0.47,0.9191594713982467,,,,,,,,,,,,,,,,,,,
GLMPCA,spectral,,linear,e,,,benchmarker,Zhengmix4eq,,0.84,0.85,0.9191594713982467,,,,,,,,,,,,,,,,,,,
IVIS,kmeans,,metric,e,,,benchmarker,Zhengmix4eq,,0.83,0.85,0.9191594713982467,,,,,,,,,,,,,,,,,,,
IVIS,louvain,,metric,e,,,benchmarker,Zhengmix4eq,,0.13,0.48,0.9191594713982467,,,,,,,,,,,,,,,,,,,
IVIS,spectral,,metric,e,,,benchmarker,Zhengmix4eq,,0.83,0.84,0.9191594713982467,,,,,,,,,,,,,,,,,,,
PCA,kmeans,,linear,e,,,benchmarker,Zhengmix4eq,,0.63,0.79,0.9191594713982467,,,,,,,,,,,,,,,,,,,
PCA,louvain,,linear,e,,,benchmarker,Zhengmix4eq,,0.11,0.45,0.9191594713982467,,,,,,,,,,,,,,,,,,,
PCA,spectral,,linear,e,,,benchmarker,Zhengmix4eq,,0.79,0.82,0.9191594713982467,,,,,,,,,,,,,,,,,,,
PHATE,kmeans,,graph,e,,,benchmarker,Zhengmix4eq,,0.8,0.84,0.9191594713982467,,,,,,,,,,,,,,,,,,,
PHATE,louvain,,graph,e,,,benchmarker,Zhengmix4eq,,0.13,0.49,0.9191594713982467,,,,,,,,,,,,,,,,,,,
PHATE,spectral,,graph,e,,,benchmarker,Zhengmix4eq,,0.6,0.7,0.9191594713982467,,,,,,,,,,,,,,,,,,,
PaCMAP,kmeans,,metric,e,,,benchmarker,Zhengmix4eq,,0.48,0.51,0.9191594713982467,,,,,,,,,,,,,,,,,,,
PaCMAP,louvain,,metric,e,,,benchmarker,Zhengmix4eq,,0.07,0.3,0.9191594713982467,,,,,,,,,,,,,,,,,,,
PaCMAP,spectral,,metric,e,,,benchmarker,Zhengmix4eq,,0.35,0.42,0.9191594713982467,,,,,,,,,,,,,,,,,,,
SAUCIE,kmeans,,deep,e,,,benchmarker,Zhengmix4eq,,0.3,0.36,0.9191594713982467,,,,,,,,,,,,,,,,,,,
SAUCIE,louvain,,deep,e,,,benchmarker,Zhengmix4eq,,0.09,0.37,0.9191594713982467,,,,,,,,,,,,,,,,,,,
SAUCIE,spectral,,deep,e,,,benchmarker,Zhengmix4eq,,0.23,0.35,0.9191594713982467,,,,,,,,,,,,,,,,,,,
SCDRHA,kmeans,,deep,e,,,benchmarker,Zhengmix4eq,,0.64,0.79,0.9191594713982467,,,,,,,,,,,,,,,,,,,
SCDRHA,louvain,,deep,e,,,benchmarker,Zhengmix4eq,,0.12,0.46,0.9191594713982467,,,,,,,,,,,,,,,,,,,
SCDRHA,spectral,,deep,e,,,benchmarker,Zhengmix4eq,,0.83,0.85,0.9191594713982467,,,,,,,,,,,,,,,,,,,
SIMLR,kmeans,,graph,e,,,benchmarker,Zhengmix4eq,,0.61,0.75,0.9191594713982467,,,,,,,,,,,,,,,,,,,
SIMLR,louvain,,graph,e,,,benchmarker,Zhengmix4eq,,0.13,0.49,0.9191594713982467,,,,,,,,,,,,,,,,,,,
SIMLR,spectral,,graph,e,,,benchmarker,Zhengmix4eq,,0.58,0.67,0.9191594713982467,,,,,,,,,,,,,,,,,,,
SPDR,kmeans,,graph,e,,,benchmarker,Zhengmix4eq,,0.86,0.87,0.9191594713982467,,,,,,,,,,,,,,,,,,,
SPDR,louvain,,graph,e,,,benchmarker,Zhengmix4eq,,0.12,0.49,0.9191594713982467,,,,,,,,,,,,,,,,,,,
SPDR,spectral,,graph,e,,,benchmarker,Zhengmix4eq,,0.59,0.71,0.9191594713982467,,,,,,,,,,,,,,,,,,,
SQuaD-MDS,kmeans,,metric,e,,,benchmarker,Zhengmix4eq,,0.6799999999999999,0.755,0.9191594713982467,,,,,,,,,,,,,,,,,,,
SQuaD-MDS,louvain,,metric,e,,,benchmarker,Zhengmix4eq,,0.11,0.445,0.9191594713982467,,,,,,,,,,,,,,,,,,,
SQuaD-MDS,spectral,,metric,e,,,benchmarker,Zhengmix4eq,,0.6699999999999999,0.745,0.9191594713982467,,,,,,,,,,,,,,,,,,,
SSNMDI,kmeans,,linear,e,,,benchmarker,Zhengmix4eq,,0.25,0.32,0.9191594713982467,,,,,,,,,,,,,,,,,,,
SSNMDI,louvain,,linear,e,,,benchmarker,Zhengmix4eq,,0.07,0.32,0.9191594713982467,,,,,,,,,,,,,,,,,,,
SSNMDI,spectral,,linear,e,,,benchmarker,Zhengmix4eq,,0.26,0.33,0.9191594713982467,,,,,,,,,,,,,,,,,,,
TriMap,kmeans,,metric,e,,,benchmarker,Zhengmix4eq,,0.9,0.89,0.9191594713982467,,,,,,,,,,,,,,,,,,,
TriMap,louvain,,metric,e,,,benchmarker,Zhengmix4eq,,0.12,0.49,0.9191594713982467,,,,,,,,,,,,,,,,,,,
TriMap,spectral,,metric,e,,,benchmarker,Zhengmix4eq,,0.67,0.78,0.9191594713982467,,,,,,,,,,,,,,,,,,,
UMAP,kmeans,,graph,e,,,benchmarker,Zhengmix4eq,,0.76,0.8,0.9191594713982467,,,,,,,,,,,,,,,,,,,
UMAP,louvain,,graph,e,,,benchmarker,Zhengmix4eq,,0.11,0.45,0.9191594713982467,,,,,,,,,,,,,,,,,,,
UMAP,spectral,,graph,e,,,benchmarker,Zhengmix4eq,,0.77,0.8,0.9191594713982467,,,,,,,,,,,,,,,,,,,
VAE,kmeans,,deep,e,,,benchmarker,Zhengmix4eq,,0.88,0.87,0.9191594713982467,,,,,,,,,,,,,,,,,,,
VAE,louvain,,deep,e,,,benchmarker,Zhengmix4eq,,0.12,0.47,0.9191594713982467,,,,,,,,,,,,,,,,,,,
VAE,spectral,,deep,e,,,benchmarker,Zhengmix4eq,,0.87,0.86,0.9191594713982467,,,,,,,,,,,,,,,,,,,
VASC,kmeans,,deep,e,,,benchmarker,Zhengmix4eq,,0.52,0.59,0.9191594713982467,,,,,,,,,,,,,,,,,,,
VASC,louvain,,deep,e,,,benchmarker,Zhengmix4eq,,0.06,0.33,0.9191594713982467,,,,,,,,,,,,,,,,,,,
VASC,spectral,,deep,e,,,benchmarker,Zhengmix4eq,,0.52,0.57,0.9191594713982467,,,,,,,,,,,,,,,,,,,
ZIFA,kmeans,,linear,e,,,benchmarker,Zhengmix4eq,,0.62,0.76,0.9191594713982467,,,,,,,,,,,,,,,,,,,
ZIFA,louvain,,linear,e,,,benchmarker,Zhengmix4eq,,0.12,0.45,0.9191594713982467,,,,,,,,,,,,,,,,,,,
ZIFA,spectral,,linear,e,,,benchmarker,Zhengmix4eq,,0.76,0.78,0.9191594713982467,,,,,,,,,,,,,,,,,,,
pCMF,kmeans,,linear,e,,,benchmarker,Zhengmix4eq,,0.12,0.18,0.9191594713982467,,,,,,,,,,,,,,,,,,,
pCMF,louvain,,linear,e,,,benchmarker,Zhengmix4eq,,0.01,0.1,0.9191594713982467,,,,,,,,,,,,,,,,,,,
pCMF,spectral,,linear,e,,,benchmarker,Zhengmix4eq,,0.14,0.17,0.9191594713982467,,,,,,,,,,,,,,,,,,,
scGAE,kmeans,,deep,e,,,benchmarker,Zhengmix4eq,,0.36,0.45,0.9191594713982467,,,,,,,,,,,,,,,,,,,
scGAE,louvain,,deep,e,,,benchmarker,Zhengmix4eq,,0.06,0.34,0.9191594713982467,,,,,,,,,,,,,,,,,,,
scGAE,spectral,,deep,e,,,benchmarker,Zhengmix4eq,,0.42,0.5,0.9191594713982467,,,,,,,,,,,,,,,,,,,
scGBM,kmeans,,linear,e,,,benchmarker,Zhengmix4eq,,0.82,0.85,0.9191594713982467,,,,,,,,,,,,,,,,,,,
scGBM,louvain,,linear,e,,,benchmarker,Zhengmix4eq,,0.12,0.47,0.9191594713982467,,,,,,,,,,,,,,,,,,,
scGBM,spectral,,linear,e,,,benchmarker,Zhengmix4eq,,0.83,0.85,0.9191594713982467,,,,,,,,,,,,,,,,,,,
scScope,kmeans,,deep,e,,,benchmarker,Zhengmix4eq,,0.87,0.87,0.9191594713982467,,,,,,,,,,,,,,,,,,,
scScope,louvain,,deep,e,,,benchmarker,Zhengmix4eq,,0.13,0.48,0.9191594713982467,,,,,,,,,,,,,,,,,,,
scScope,spectral,,deep,e,,,benchmarker,Zhengmix4eq,,0.54,0.67,0.9191594713982467,,,,,,,,,,,,,,,,,,,
scvis,kmeans,,deep,e,,,benchmarker,Zhengmix4eq,,0.65,0.78,0.9191594713982467,,,,,,,,,,,,,,,,,,,
scvis,louvain,,deep,e,,,benchmarker,Zhengmix4eq,,0.13,0.47,0.9191594713982467,,,,,,,,,,,,,,,,,,,
scvis,spectral,,deep,e,,,benchmarker,Zhengmix4eq,,0.76,0.78,0.9191594713982467,,,,,,,,,,,,,,,,,,,
t-SNE,kmeans,,metric,e,,,benchmarker,Zhengmix4eq,,0.9,0.89,0.9191594713982467,,,,,,,,,,,,,,,,,,,
t-SNE,louvain,,metric,e,,,benchmarker,Zhengmix4eq,,0.14,0.5,0.9191594713982467,,,,,,,,,,,,,,,,,,,
t-SNE,spectral,,metric,e,,,benchmarker,Zhengmix4eq,,0.89,0.89,0.9191594713982467,,,,,,,,,,,,,,,,,,,
tGPLVM,kmeans,,linear,e,,,benchmarker,Zhengmix4eq,,0.29,0.46,0.9191594713982467,,,,,,,,,,,,,,,,,,,
tGPLVM,louvain,,linear,e,,,benchmarker,Zhengmix4eq,,0.06,0.25,0.9191594713982467,,,,,,,,,,,,,,,,,,,
tGPLVM,spectral,,linear,e,,,benchmarker,Zhengmix4eq,,0.37,0.44,0.9191594713982467,,,,,,,,,,,,,,,,,,,
DRA,kmeans,,deep,e,,,scDesign3,ACINAR,,0.0,0.01,0.9191594713982467,,,,,,,,,,,,,,,,,,,
DRA,louvain,,deep,e,,,scDesign3,ACINAR,,0.0,0.02,0.9191594713982467,,,,,,,,,,,,,,,,,,,
DRA,spectral,,deep,e,,,scDesign3,ACINAR,,0.0,0.01,0.9191594713982467,,,,,,,,,,,,,,,,,,,
DREAM,kmeans,,deep,e,,,scDesign3,ACINAR,,0.0,0.01,0.9191594713982467,,,,,,,,,,,,,,,,,,,
DREAM,louvain,,deep,e,,,scDesign3,ACINAR,,0.0,0.02,0.9191594713982467,,,,,,,,,,,,,,,,,,,
DREAM,spectral,,deep,e,,,scDesign3,ACINAR,,0.0,0.01,0.9191594713982467,,,,,,,,,,,,,,,,,,,
EDGE,kmeans,,graph,e,,,scDesign3,ACINAR,,0.14,0.23,0.9191594713982467,,,,,,,,,,,,,,,,,,,
EDGE,louvain,,graph,e,,,scDesign3,ACINAR,,0.07,0.25,0.9191594713982467,,,,,,,,,,,,,,,,,,,
EDGE,spectral,,graph,e,,,scDesign3,ACINAR,,0.09,0.19,0.9191594713982467,,,,,,,,,,,,,,,,,,,
GLMPCA,kmeans,,linear,e,,,scDesign3,ACINAR,,0.29,0.45,0.9191594713982467,,,,,,,,,,,,,,,,,,,
GLMPCA,louvain,,linear,e,,,scDesign3,ACINAR,,0.14,0.39,0.9191594713982467,,,,,,,,,,,,,,,,,,,
GLMPCA,spectral,,linear,e,,,scDesign3,ACINAR,,0.3,0.46,0.9191594713982467,,,,,,,,,,,,,,,,,,,
IVIS,kmeans,,metric,e,,,scDesign3,ACINAR,,0.25,0.36,0.9191594713982467,,,,,,,,,,,,,,,,,,,
IVIS,louvain,,metric,e,,,scDesign3,ACINAR,,0.12,0.34,0.9191594713982467,,,,,,,,,,,,,,,,,,,
IVIS,spectral,,metric,e,,,scDesign3,ACINAR,,0.23,0.36,0.9191594713982467,,,,,,,,,,,,,,,,,,,
PCA,kmeans,,linear,e,,,scDesign3,ACINAR,,0.15,0.31,0.9191594713982467,,,,,,,,,,,,,,,,,,,
PCA,louvain,,linear,e,,,scDesign3,ACINAR,,0.1,0.33,0.9191594713982467,,,,,,,,,,,,,,,,,,,
PCA,spectral,,linear,e,,,scDesign3,ACINAR,,0.17,0.32,0.9191594713982467,,,,,,,,,,,,,,,,,,,
PHATE,kmeans,,graph,e,,,scDesign3,ACINAR,,0.16,0.29,0.9191594713982467,,,,,,,,,,,,,,,,,,,
PHATE,louvain,,graph,e,,,scDesign3,ACINAR,,0.09,0.31,0.9191594713982467,,,,,,,,,,,,,,,,,,,
PHATE,spectral,,graph,e,,,scDesign3,ACINAR,,0.17,0.31,0.9191594713982467,,,,,,,,,,,,,,,,,,,
PaCMAP,kmeans,,metric,e,,,scDesign3,ACINAR,,-0.0,0.01,0.9191594713982467,,,,,,,,,,,,,,,,,,,
PaCMAP,louvain,,metric,e,,,scDesign3,ACINAR,,-0.0,0.02,0.9191594713982467,,,,,,,,,,,,,,,,,,,
PaCMAP,spectral,,metric,e,,,scDesign3,ACINAR,,-0.0,0.0,0.9191594713982467,,,,,,,,,,,,,,,,,,,
SAUCIE,kmeans,,deep,e,,,scDesign3,ACINAR,,0.17,0.27,0.9191594713982467,,,,,,,,,,,,,,,,,,,
SAUCIE,louvain,,deep,e,,,scDesign3,ACINAR,,0.11,0.31,0.9191594713982467,,,,,,,,,,,,,,,,,,,
SAUCIE,spectral,,deep,e,,,scDesign3,ACINAR,,0.18,0.31,0.9191594713982467,,,,,,,,,,,,,,,,,,,
SCDRHA,kmeans,,deep,e,,,scDesign3,ACINAR,,0.19,0.29,0.9191594713982467,,,,,,,,,,,,,,,,,,,
SCDRHA,louvain,,deep,e,,,scDesign3,ACINAR,,0.08,0.31,0.9191594713982467,,,,,,,,,,,,,,,,,,,
SCDRHA,spectral,,deep,e,,,scDesign3,ACINAR,,0.19,0.28,0.9191594713982467,,,,,,,,,,,,,,,,,,,
SIMLR,kmeans,,graph,e,,,scDesign3,ACINAR,,0.26,0.35,0.9191594713982467,,,,,,,,,,,,,,,,,,,
SIMLR,louvain,,graph,e,,,scDesign3,ACINAR,,0.13,0.37,0.9191594713982467,,,,,,,,,,,,,,,,,,,
SIMLR,spectral,,graph,e,,,scDesign3,ACINAR,,0.23,0.35,0.9191594713982467,,,,,,,,,,,,,,,,,,,
SPDR,kmeans,,graph,e,,,scDesign3,ACINAR,,0.22,0.36,0.9191594713982467,,,,,,,,,,,,,,,,,,,
SPDR,louvain,,graph,e,,,scDesign3,ACINAR,,0.11,0.36,0.9191594713982467,,,,,,,,,,,,,,,,,,,
SPDR,spectral,,graph,e,,,scDesign3,ACINAR,,0.21,0.37,0.9191594713982467,,,,,,,,,,,,,,,,,,,
SQuaD-MDS,kmeans,,metric,e,,,scDesign3,ACINAR,,0.175,0.29500000000000004,0.9191594713982467,,,,,,,,,,,,,,,,,,,
SQuaD-MDS,louvain,,metric,e,,,scDesign3,ACINAR,,0.11,0.33499999999999996,0.9191594713982467,,,,,,,,,,,,,,,,,,,
SQuaD-MDS,spectral,,metric,e,,,scDesign3,ACINAR,,0.18,0.32,0.9191594713982467,,,,,,,,,,,,,,,,,,,
SSNMDI,kmeans,,linear,e,,,scDesign3,ACINAR,,-0.0,0.01,0.9191594713982467,,,,,,,,,,,,,,,,,,,
SSNMDI,louvain,,linear,e,,,scDesign3,ACINAR,,-0.0,0.02,0.9191594713982467,,,,,,,,,,,,,,,,,,,
SSNMDI,spectral,,linear,e,,,scDesign3,ACINAR,,-0.0,0.01,0.9191594713982467,,,,,,,,,,,,,,,,,,,
TriMap,kmeans,,metric,e,,,scDesign3,ACINAR,,0.23,0.34,0.9191594713982467,,,,,,,,,,,,,,,,,,,
TriMap,louvain,,metric,e,,,scDesign3,ACINAR,,0.12,0.35,0.9191594713982467,,,,,,,,,,,,,,,,,,,
TriMap,spectral,,metric,e,,,scDesign3,ACINAR,,0.21,0.36,0.9191594713982467,,,,,,,,,,,,,,,,,,,
UMAP,kmeans,,graph,e,,,scDesign3,ACINAR,,0.23,0.38,0.9191594713982467,,,,,,,,,,,,,,,,,,,
UMAP,louvain,,graph,e,,,scDesign3,ACINAR,,0.13,0.37,0.9191594713982467,,,,,,,,,,,,,,,,,,,
UMAP,spectral,,graph,e,,,scDesign3,ACINAR,,0.21,0.37,0.9191594713982467,,,,,,,,,,,,,,,,,,,
VAE,kmeans,,deep,e,,,scDesign3,ACINAR,,0.3,0.45,0.9191594713982467,,,,,,,,,,,,,,,,,,,
VAE,louvain,,deep,e,,,scDesign3,ACINAR,,0.19,0.49,0.9191594713982467,,,,,,,,,,,,,,,,,,,
VAE,spectral,,deep,e,,,scDesign3,ACINAR,,0.28,0.43,0.9191594713982467,,,,,,,,,,,,,,,,,,,
VASC,kmeans,,deep,e,,,scDesign3,ACINAR,,0.23,0.39,0.9191594713982467,,,,,,,,,,,,,,,,,,,
VASC,louvain,,deep,e,,,scDesign3,ACINAR,,0.11,0.37,0.9191594713982467,,,,,,,,,,,,,,,,,,,
VASC,spectral,,deep,e,,,scDesign3,ACINAR,,0.26,0.41,0.9191594713982467,,,,,,,,,,,,,,,,,,,
ZIFA,kmeans,,linear,e,,,scDesign3,ACINAR,,0.27,0.44,0.9191594713982467,,,,,,,,,,,,,,,,,,,
ZIFA,louvain,,linear,e,,,scDesign3,ACINAR,,0.15,0.42,0.9191594713982467,,,,,,,,,,,,,,,,,,,
ZIFA,spectral,,linear,e,,,scDesign3,ACINAR,,0.26,0.43,0.9191594713982467,,,,,,,,,,,,,,,,,,,
pCMF,kmeans,,linear,e,,,scDesign3,ACINAR,,0.14,0.27,0.9191594713982467,,,,,,,,,,,,,,,,,,,
pCMF,louvain,,linear,e,,,scDesign3,ACINAR,,0.08,0.29,0.9191594713982467,,,,,,,,,,,,,,,,,,,
pCMF,spectral,,linear,e,,,scDesign3,ACINAR,,0.14,0.29,0.9191594713982467,,,,,,,,,,,,,,,,,,,
scGAE,kmeans,,deep,e,,,scDesign3,ACINAR,,0.15,0.28,0.9191594713982467,,,,,,,,,,,,,,,,,,,
scGAE,louvain,,deep,e,,,scDesign3,ACINAR,,0.08,0.3,0.9191594713982467,,,,,,,,,,,,,,,,,,,
scGAE,spectral,,deep,e,,,scDesign3,ACINAR,,0.15,0.3,0.9191594713982467,,,,,,,,,,,,,,,,,,,
scGBM,kmeans,,linear,e,,,scDesign3,ACINAR,,0.3,0.45,0.9191594713982467,,,,,,,,,,,,,,,,,,,
scGBM,louvain,,linear,e,,,scDesign3,ACINAR,,0.14,0.39,0.9191594713982467,,,,,,,,,,,,,,,,,,,
scGBM,spectral,,linear,e,,,scDesign3,ACINAR,,0.26,0.43,0.9191594713982467,,,,,,,,,,,,,,,,,,,
scScope,kmeans,,deep,e,,,scDesign3,ACINAR,,0.15,0.28,0.9191594713982467,,,,,,,,,,,,,,,,,,,
scScope,louvain,,deep,e,,,scDesign3,ACINAR,,0.1,0.33,0.9191594713982467,,,,,,,,,,,,,,,,,,,
scScope,spectral,,deep,e,,,scDesign3,ACINAR,,0.15,0.3,0.9191594713982467,,,,,,,,,,,,,,,,,,,
scvis,kmeans,,deep,e,,,scDesign3,ACINAR,,0.21,0.33,0.9191594713982467,,,,,,,,,,,,,,,,,,,
scvis,louvain,,deep,e,,,scDesign3,ACINAR,,0.12,0.34,0.9191594713982467,,,,,,,,,,,,,,,,,,,
scvis,spectral,,deep,e,,,scDesign3,ACINAR,,0.21,0.35,0.9191594713982467,,,,,,,,,,,,,,,,,,,
t-SNE,kmeans,,metric,e,,,scDesign3,ACINAR,,0.34,0.48,0.9191594713982467,,,,,,,,,,,,,,,,,,,
t-SNE,louvain,,metric,e,,,scDesign3,ACINAR,,0.18,0.51,0.9191594713982467,,,,,,,,,,,,,,,,,,,
t-SNE,spectral,,metric,e,,,scDesign3,ACINAR,,0.29,0.45,0.9191594713982467,,,,,,,,,,,,,,,,,,,
tGPLVM,kmeans,,linear,e,,,scDesign3,ACINAR,,0.01,0.02,0.9191594713982467,,,,,,,,,,,,,,,,,,,
tGPLVM,louvain,,linear,e,,,scDesign3,ACINAR,,0.0,0.03,0.9191594713982467,,,,,,,,,,,,,,,,,,,
tGPLVM,spectral,,linear,e,,,scDesign3,ACINAR,,0.01,0.02,0.9191594713982467,,,,,,,,,,,,,,,,,,,
DRA,kmeans,,deep,e,,,scDesign3,ATAC,,0.0,0.01,0.9191594713982467,,,,,,,,,,,,,,,,,,,
DRA,louvain,,deep,e,,,scDesign3,ATAC,,-0.0,0.02,0.9191594713982467,,,,,,,,,,,,,,,,,,,
DRA,spectral,,deep,e,,,scDesign3,ATAC,,0.0,0.0,0.9191594713982467,,,,,,,,,,,,,,,,,,,
DREAM,kmeans,,deep,e,,,scDesign3,ATAC,,0.15,0.27,0.9191594713982467,,,,,,,,,,,,,,,,,,,
DREAM,louvain,,deep,e,,,scDesign3,ATAC,,0.02,0.22,0.9191594713982467,,,,,,,,,,,,,,,,,,,
DREAM,spectral,,deep,e,,,scDesign3,ATAC,,0.12,0.27,0.9191594713982467,,,,,,,,,,,,,,,,,,,
EDGE,kmeans,,graph,e,,,scDesign3,ATAC,,0.16,0.42,0.9191594713982467,,,,,,,,,,,,,,,,,,,
EDGE,louvain,,graph,e,,,scDesign3,ATAC,,0.04,0.36,0.9191594713982467,,,,,,,,,,,,,,,,,,,
EDGE,spectral,,graph,e,,,scDesign3,ATAC,,0.19,0.43,0.9191594713982467,,,,,,,,,,,,,,,,,,,
GLMPCA,kmeans,,linear,e,,,scDesign3,ATAC,,0.44,0.63,0.9191594713982467,,,,,,,,,,,,,,,,,,,
GLMPCA,louvain,,linear,e,,,scDesign3,ATAC,,0.06,0.46,0.9191594713982467,,,,,,,,,,,,,,,,,,,
GLMPCA,spectral,,linear,e,,,scDesign3,ATAC,,0.28,0.58,0.9191594713982467,,,,,,,,,,,,,,,,,,,
IVIS,kmeans,,metric,e,,,scDesign3,ATAC,,0.32,0.58,0.9191594713982467,,,,,,,,,,,,,,,,,,,
IVIS,louvain,,metric,e,,,scDesign3,ATAC,,0.06,0.44,0.9191594713982467,,,,,,,,,,,,,,,,,,,
IVIS,spectral,,metric,e,,,scDesign3,ATAC,,0.26,0.57,0.9191594713982467,,,,,,,,,,,,,,,,,,,
PCA,kmeans,,linear,e,,,scDesign3,ATAC,,0.37,0.47,0.9191594713982467,,,,,,,,,,,,,,,,,,,
PCA,louvain,,linear,e,,,scDesign3,ATAC,,0.04,0.37,0.9191594713982467,,,,,,,,,,,,,,,,,,,
PCA,spectral,,linear,e,,,scDesign3,ATAC,,0.18,0.44,0.9191594713982467,,,,,,,,,,,,,,,,,,,
PHATE,kmeans,,graph,e,,,scDesign3,ATAC,,0.49,0.61,0.9191594713982467,,,,,,,,,,,,,,,,,,,
PHATE,louvain,,graph,e,,,scDesign3,ATAC,,0.05,0.44,0.9191594713982467,,,,,,,,,,,,,,,,,,,
PHATE,spectral,,graph,e,,,scDesign3,ATAC,,0.28,0.56,0.9191594713982467,,,,,,,,,,,,,,,,,,,
PaCMAP,kmeans,,metric,e,,,scDesign3,ATAC,,-0.0,0.0,0.9191594713982467,,,,,,,,,,,,,,,,,,,
PaCMAP,louvain,,metric,e,,,scDesign3,ATAC,,0.0,0.02,0.9191594713982467,,,,,,,,,,,,,,,,,,,
PaCMAP,spectral,,metric,e,,,scDesign3,ATAC,,-0.0,0.0,0.9191594713982467,,,,,,,,,,,,,,,,,,,
SAUCIE,kmeans,,deep,e,,,scDesign3,ATAC,,0.3,0.42,0.9191594713982467,,,,,,,,,,,,,,,,,,,
SAUCIE,louvain,,deep,e,,,scDesign3,ATAC,,0.04,0.35,0.9191594713982467,,,,,,,,,,,,,,,,,,,
SAUCIE,spectral,,deep,e,,,scDesign3,ATAC,,0.17,0.4,0.9191594713982467,,,,,,,,,,,,,,,,,,,
SCDRHA,kmeans,,deep,e,,,scDesign3,ATAC,,0.34,0.53,0.9191594713982467,,,,,,,,,,,,,,,,,,,
SCDRHA,louvain,,deep,e,,,scDesign3,ATAC,,0.06,0.43,0.9191594713982467,,,,,,,,,,,,,,,,,,,
SCDRHA,spectral,,deep,e,,,scDesign3,ATAC,,0.25,0.51,0.9191594713982467,,,,,,,,,,,,,,,,,,,
SIMLR,kmeans,,graph,e,,,scDesign3,ATAC,,0.29,0.55,0.9191594713982467,,,,,,,,,,,,,,,,,,,
SIMLR,louvain,,graph,e,,,scDesign3,ATAC,,0.07,0.46,0.9191594713982467,,,,,,,,,,,,,,,,,,,
SIMLR,spectral,,graph,e,,,scDesign3,ATAC,,0.28,0.53,0.9191594713982467,,,,,,,,,,,,,,,,,,,
SPDR,kmeans,,graph,e,,,scDesign3,ATAC,,0.29,0.59,0.9191594713982467,,,,,,,,,,,,,,,,,,,
SPDR,louvain,,graph,e,,,scDesign3,ATAC,,0.06,0.46,0.9191594713982467,,,,,,,,,,,,,,,,,,,
SPDR,spectral,,graph,e,,,scDesign3,ATAC,,0.28,0.58,0.9191594713982467,,,,,,,,,,,,,,,,,,,
SQuaD-MDS,kmeans,,metric,e,,,scDesign3,ATAC,,0.22,0.45499999999999996,0.9191594713982467,,,,,,,,,,,,,,,,,,,
SQuaD-MDS,louvain,,metric,e,,,scDesign3,ATAC,,0.04,0.375,0.9191594713982467,,,,,,,,,,,,,,,,,,,
SQuaD-MDS,spectral,,metric,e,,,scDesign3,ATAC,,0.185,0.445,0.9191594713982467,,,,,,,,,,,,,,,,,,,
SSNMDI,kmeans,,linear,e,,,scDesign3,ATAC,,-0.0,0.0,0.9191594713982467,,,,,,,,,,,,,,,,,,,
SSNMDI,louvain,,linear,e,,,scDesign3,ATAC,,-0.0,0.03,0.9191594713982467,,,,,,,,,,,,,,,,,,,
SSNMDI,spectral,,linear,e,,,scDesign3,ATAC,,-0.0,0.01,0.9191594713982467,,,,,,,,,,,,,,,,,,,
TriMap,kmeans,,metric,e,,,scDesign3,ATAC,,0.28,0.54,0.9191594713982467,,,,,,,,,,,,,,,,,,,
TriMap,louvain,,metric,e,,,scDesign3,ATAC,,0.07,0.45,0.9191594713982467,,,,,,,,,,,,,,,,,,,
TriMap,spectral,,metric,e,,,scDesign3,ATAC,,0.25,0.53,0.9191594713982467,,,,,,,,,,,,,,,,,,,
UMAP,kmeans,,graph,e,,,scDesign3,ATAC,,0.25,0.52,0.9191594713982467,,,,,,,,,,,,,,,,,,,
UMAP,louvain,,graph,e,,,scDesign3,ATAC,,0.05,0.41,0.9191594713982467,,,,,,,,,,,,,,,,,,,
UMAP,spectral,,graph,e,,,scDesign3,ATAC,,0.25,0.51,0.9191594713982467,,,,,,,,,,,,,,,,,,,
VAE,kmeans,,deep,e,,,scDesign3,ATAC,,0.25,0.6,0.9191594713982467,,,,,,,,,,,,,,,,,,,
VAE,louvain,,deep,e,,,scDesign3,ATAC,,0.06,0.5,0.9191594713982467,,,,,,,,,,,,,,,,,,,
VAE,spectral,,deep,e,,,scDesign3,ATAC,,0.33,0.64,0.9191594713982467,,,,,,,,,,,,,,,,,,,
VASC,kmeans,,deep,e,,,scDesign3,ATAC,,0.78,0.7,0.9191594713982467,,,,,,,,,,,,,,,,,,,
VASC,louvain,,deep,e,,,scDesign3,ATAC,,0.07,0.45,0.9191594713982467,,,,,,,,,,,,,,,,,,,
VASC,spectral,,deep,e,,,scDesign3,ATAC,,0.23,0.55,0.9191594713982467,,,,,,,,,,,,,,,,,,,
ZIFA,kmeans,,linear,e,,,scDesign3,ATAC,,0.39,0.55,0.9191594713982467,,,,,,,,,,,,,,,,,,,
ZIFA,louvain,,linear,e,,,scDesign3,ATAC,,0.05,0.4,0.9191594713982467,,,,,,,,,,,,,,,,,,,
ZIFA,spectral,,linear,e,,,scDesign3,ATAC,,0.25,0.52,0.9191594713982467,,,,,,,,,,,,,,,,,,,
pCMF,kmeans,,linear,e,,,scDesign3,ATAC,,0.2,0.22,0.9191594713982467,,,,,,,,,,,,,,,,,,,
pCMF,louvain,,linear,e,,,scDesign3,ATAC,,0.12,0.22,0.9191594713982467,,,,,,,,,,,,,,,,,,,
pCMF,spectral,,linear,e,,,scDesign3,ATAC,,0.1,0.2,0.9191594713982467,,,,,,,,,,,,,,,,,,,
scGAE,kmeans,,deep,e,,,scDesign3,ATAC,,0.14,0.39,0.9191594713982467,,,,,,,,,,,,,,,,,,,
scGAE,louvain,,deep,e,,,scDesign3,ATAC,,0.04,0.38,0.9191594713982467,,,,,,,,,,,,,,,,,,,
scGAE,spectral,,deep,e,,,scDesign3,ATAC,,0.25,0.49,0.9191594713982467,,,,,,,,,,,,,,,,,,,
scGBM,kmeans,,linear,e,,,scDesign3,ATAC,,0.42,0.63,0.9191594713982467,,,,,,,,,,,,,,,,,,,
scGBM,louvain,,linear,e,,,scDesign3,ATAC,,0.06,0.46,0.9191594713982467,,,,,,,,,,,,,,,,,,,
scGBM,spectral,,linear,e,,,scDesign3,ATAC,,0.28,0.59,0.9191594713982467,,,,,,,,,,,,,,,,,,,
scScope,kmeans,,deep,e,,,scDesign3,ATAC,,0.14,0.32,0.9191594713982467,,,,,,,,,,,,,,,,,,,
scScope,louvain,,deep,e,,,scDesign3,ATAC,,0.04,0.28,0.9191594713982467,,,,,,,,,,,,,,,,,,,
scScope,spectral,,deep,e,,,scDesign3,ATAC,,0.15,0.32,0.9191594713982467,,,,,,,,,,,,,,,,,,,
scvis,kmeans,,deep,e,,,scDesign3,ATAC,,0.34,0.53,0.9191594713982467,,,,,,,,,,,,,,,,,,,
scvis,louvain,,deep,e,,,scDesign3,ATAC,,0.06,0.44,0.9191594713982467,,,,,,,,,,,,,,,,,,,
scvis,spectral,,deep,e,,,scDesign3,ATAC,,0.22,0.51,0.9191594713982467,,,,,,,,,,,,,,,,,,,
t-SNE,kmeans,,metric,e,,,scDesign3,ATAC,,0.31,0.66,0.9191594713982467,,,,,,,,,,,,,,,,,,,
t-SNE,louvain,,metric,e,,,scDesign3,ATAC,,0.08,0.55,0.9191594713982467,,,,,,,,,,,,,,,,,,,
t-SNE,spectral,,metric,e,,,scDesign3,ATAC,,0.42,0.7,0.9191594713982467,,,,,,,,,,,,,,,,,,,
tGPLVM,kmeans,,linear,e,,,scDesign3,ATAC,,0.28,0.36,0.9191594713982467,,,,,,,,,,,,,,,,,,,
tGPLVM,louvain,,linear,e,,,scDesign3,ATAC,,0.04,0.29,0.9191594713982467,,,,,,,,,,,,,,,,,,,
tGPLVM,spectral,,linear,e,,,scDesign3,ATAC,,0.14,0.35,0.9191594713982467,,,,,,,,,,,,,,,,,,,
DRA,kmeans,,deep,e,,,scDesign3,BATCH,,-0.0,0.0,0.9191594713982467,,,,,,,,,,,,,,,,,,,
DRA,louvain,,deep,e,,,scDesign3,BATCH,,0.0,0.02,0.9191594713982467,,,,,,,,,,,,,,,,,,,
DRA,spectral,,deep,e,,,scDesign3,BATCH,,-0.0,0.0,0.9191594713982467,,,,,,,,,,,,,,,,,,,
DREAM,kmeans,,deep,e,,,scDesign3,BATCH,,0.02,0.04,0.9191594713982467,,,,,,,,,,,,,,,,,,,
DREAM,louvain,,deep,e,,,scDesign3,BATCH,,0.0,0.05,0.9191594713982467,,,,,,,,,,,,,,,,,,,
DREAM,spectral,,deep,e,,,scDesign3,BATCH,,0.02,0.04,0.9191594713982467,,,,,,,,,,,,,,,,,,,
EDGE,kmeans,,graph,e,,,scDesign3,BATCH,,0.16,0.26,0.9191594713982467,,,,,,,,,,,,,,,,,,,
EDGE,louvain,,graph,e,,,scDesign3,BATCH,,0.04,0.28,0.9191594713982467,,,,,,,,,,,,,,,,,,,
EDGE,spectral,,graph,e,,,scDesign3,BATCH,,0.11,0.2,0.9191594713982467,,,,,,,,,,,,,,,,,,,
GLMPCA,kmeans,,linear,e,,,scDesign3,BATCH,,0.55,0.69,0.9191594713982467,,,,,,,,,,,,,,,,,,,
GLMPCA,louvain,,linear,e,,,scDesign3,BATCH,,0.08,0.48,0.9191594713982467,,,,,,,,,,,,,,,,,,,
GLMPCA,spectral,,linear,e,,,scDesign3,BATCH,,0.47,0.67,0.9191594713982467,,,,,,,,,,,,,,,,,,,
IVIS,kmeans,,metric,e,,,scDesign3,BATCH,,0.5,0.66,0.9191594713982467,,,,,,,,,,,,,,,,,,,
IVIS,louvain,,metric,e,,,scDesign3,BATCH,,0.08,0.45,0.9191594713982467,,,,,,,,,,,,,,,,,,,
IVIS,spectral,,metric,e,,,scDesign3,BATCH,,0.48,0.64,0.9191594713982467,,,,,,,,,,,,,,,,,,,
PCA,kmeans,,linear,e,,,scDesign3,BATCH,,0.19,0.32,0.9191594713982467,,,,,,,,,,,,,,,,,,,
PCA,louvain,,linear,e,,,scDesign3,BATCH,,0.05,0.32,0.9191594713982467,,,,,,,,,,,,,,,,,,,
PCA,spectral,,linear,e,,,scDesign3,BATCH,,0.22,0.41,0.9191594713982467,,,,,,,,,,,,,,,,,,,
PHATE,kmeans,,graph,e,,,scDesign3,BATCH,,0.39,0.57,0.9191594713982467,,,,,,,,,,,,,,,,,,,
PHATE,louvain,,graph,e,,,scDesign3,BATCH,,0.07,0.43,0.9191594713982467,,,,,,,,,,,,,,,,,,,
PHATE,spectral,,graph,e,,,scDesign3,BATCH,,0.34,0.55,0.9191594713982467,,,,,,,,,,,,,,,,,,,
PaCMAP,kmeans,,metric,e,,,scDesign3,BATCH,,0.06,0.09,0.9191594713982467,,,,,,,,,,,,,,,,,,,
PaCMAP,louvain,,metric,e,,,scDesign3,BATCH,,0.01,0.1,0.9191594713982467,,,,,,,,,,,,,,,,,,,
PaCMAP,spectral,,metric,e,,,scDesign3,BATCH,,0.05,0.07,0.9191594713982467,,,,,,,,,,,,,,,,,,,
SAUCIE,kmeans,,deep,e,,,scDesign3,BATCH,,0.3,0.44,0.9191594713982467,,,,,,,,,,,,,,,,,,,
SAUCIE,louvain,,deep,e,,,scDesign3,BATCH,,0.06,0.35,0.9191594713982467,,,,,,,,,,,,,,,,,,,
SAUCIE,spectral,,deep,e,,,scDesign3,BATCH,,0.22,0.42,0.9191594713982467,,,,,,,,,,,,,,,,,,,
SCDRHA,kmeans,,deep,e,,,scDesign3,BATCH,,0.23,0.36,0.9191594713982467,,,,,,,,,,,,,,,,,,,
SCDRHA,louvain,,deep,e,,,scDesign3,BATCH,,0.07,0.43,0.9191594713982467,,,,,,,,,,,,,,,,,,,
SCDRHA,spectral,,deep,e,,,scDesign3,BATCH,,0.25,0.45,0.9191594713982467,,,,,,,,,,,,,,,,,,,
SIMLR,kmeans,,graph,e,,,scDesign3,BATCH,,0.4,0.58,0.9191594713982467,,,,,,,,,,,,,,,,,,,
SIMLR,louvain,,graph,e,,,scDesign3,BATCH,,0.08,0.47,0.9191594713982467,,,,,,,,,,,,,,,,,,,
SIMLR,spectral,,graph,e,,,scDesign3,BATCH,,0.41,0.59,0.9191594713982467,,,,,,,,,,,,,,,,,,,
SPDR,kmeans,,graph,e,,,scDesign3,BATCH,,0.41,0.59,0.9191594713982467,,,,,,,,,,,,,,,,,,,
SPDR,louvain,,graph,e,,,scDesign3,BATCH,,0.07,0.45,0.9191594713982467,,,,,,,,,,,,,,,,,,,
SPDR,spectral,,graph,e,,,scDesign3,BATCH,,0.38,0.56,0.9191594713982467,,,,,,,,,,,,,,,,,,,
SQuaD-MDS,kmeans,,metric,e,,,scDesign3,BATCH,,0.22999999999999998,0.405,0.9191594713982467,,,,,,,,,,,,,,,,,,,
SQuaD-MDS,louvain,,metric,e,,,scDesign3,BATCH,,0.07500000000000001,0.43000000000000005,0.9191594713982467,,,,,,,,,,,,,,,,,,,
SQuaD-MDS,spectral,,metric,e,,,scDesign3,BATCH,,0.28,0.46,0.9191594713982467,,,,,,,,,,,,,,,,,,,
SSNMDI,kmeans,,linear,e,,,scDesign3,BATCH,,0.04,0.07,0.9191594713982467,,,,,,,,,,,,,,,,,,,
SSNMDI,louvain,,linear,e,,,scDesign3,BATCH,,0.01,0.1,0.9191594713982467,,,,,,,,,,,,,,,,,,,
SSNMDI,spectral,,linear,e,,,scDesign3,BATCH,,0.03,0.06,0.9191594713982467,,,,,,,,,,,,,,,,,,,
TriMap,kmeans,,metric,e,,,scDesign3,BATCH,,0.32,0.53,0.9191594713982467,,,,,,,,,,,,,,,,,,,
TriMap,louvain,,metric,e,,,scDesign3,BATCH,,0.07,0.44,0.9191594713982467,,,,,,,,,,,,,,,,,,,
TriMap,spectral,,metric,e,,,scDesign3,BATCH,,0.37,0.55,0.9191594713982467,,,,,,,,,,,,,,,,,,,
UMAP,kmeans,,graph,e,,,scDesign3,BATCH,,0.42,0.6,0.9191594713982467,,,,,,,,,,,,,,,,,,,
UMAP,louvain,,graph,e,,,scDesign3,BATCH,,0.08,0.47,0.9191594713982467,,,,,,,,,,,,,,,,,,,
UMAP,spectral,,graph,e,,,scDesign3,BATCH,,0.31,0.53,0.9191594713982467,,,,,,,,,,,,,,,,,,,
VAE,kmeans,,deep,e,,,scDesign3,BATCH,,0.44,0.62,0.9191594713982467,,,,,,,,,,,,,,,,,,,
VAE,louvain,,deep,e,,,scDesign3,BATCH,,0.09,0.49,0.9191594713982467,,,,,,,,,,,,,,,,,,,
VAE,spectral,,deep,e,,,scDesign3,BATCH,,0.38,0.56,0.9191594713982467,,,,,,,,,,,,,,,,,,,
VASC,kmeans,,deep,e,,,scDesign3,BATCH,,0.41,0.55,0.9191594713982467,,,,,,,,,,,,,,,,,,,
VASC,louvain,,deep,e,,,scDesign3,BATCH,,0.06,0.38,0.9191594713982467,,,,,,,,,,,,,,,,,,,
VASC,spectral,,deep,e,,,scDesign3,BATCH,,0.39,0.53,0.9191594713982467,,,,,,,,,,,,,,,,,,,
ZIFA,kmeans,,linear,e,,,scDesign3,BATCH,,0.28,0.47,0.9191594713982467,,,,,,,,,,,,,,,,,,,
ZIFA,louvain,,linear,e,,,scDesign3,BATCH,,0.06,0.35,0.9191594713982467,,,,,,,,,,,,,,,,,,,
ZIFA,spectral,,linear,e,,,scDesign3,BATCH,,0.26,0.45,0.9191594713982467,,,,,,,,,,,,,,,,,,,
pCMF,kmeans,,linear,e,,,scDesign3,BATCH,,0.11,0.25,0.9191594713982467,,,,,,,,,,,,,,,,,,,
pCMF,louvain,,linear,e,,,scDesign3,BATCH,,0.03,0.22,0.9191594713982467,,,,,,,,,,,,,,,,,,,
pCMF,spectral,,linear,e,,,scDesign3,BATCH,,0.1,0.21,0.9191594713982467,,,,,,,,,,,,,,,,,,,
scGAE,kmeans,,deep,e,,,scDesign3,BATCH,,0.31,0.53,0.9191594713982467,,,,,,,,,,,,,,,,,,,
scGAE,louvain,,deep,e,,,scDesign3,BATCH,,0.06,0.42,0.9191594713982467,,,,,,,,,,,,,,,,,,,
scGAE,spectral,,deep,e,,,scDesign3,BATCH,,0.37,0.57,0.9191594713982467,,,,,,,,,,,,,,,,,,,
scGBM,kmeans,,linear,e,,,scDesign3,BATCH,,0.48,0.67,0.9191594713982467,,,,,,,,,,,,,,,,,,,
scGBM,louvain,,linear,e,,,scDesign3,BATCH,,0.09,0.46,0.9191594713982467,,,,,,,,,,,,,,,,,,,
scGBM,spectral,,linear,e,,,scDesign3,BATCH,,0.42,0.64,0.9191594713982467,,,,,,,,,,,,,,,,,,,
scScope,kmeans,,deep,e,,,scDesign3,BATCH,,0.29,0.5,0.9191594713982467,,,,,,,,,,,,,,,,,,,
scScope,louvain,,deep,e,,,scDesign3,BATCH,,0.07,0.43,0.9191594713982467,,,,,,,,,,,,,,,,,,,
scScope,spectral,,deep,e,,,scDesign3,BATCH,,0.34,0.54,0.9191594713982467,,,,,,,,,,,,,,,,,,,
scvis,kmeans,,deep,e,,,scDesign3,BATCH,,0.37,0.54,0.9191594713982467,,,,,,,,,,,,,,,,,,,
scvis,louvain,,deep,e,,,scDesign3,BATCH,,0.08,0.44,0.9191594713982467,,,,,,,,,,,,,,,,,,,
scvis,spectral,,deep,e,,,scDesign3,BATCH,,0.39,0.57,0.9191594713982467,,,,,,,,,,,,,,,,,,,
t-SNE,kmeans,,metric,e,,,scDesign3,BATCH,,0.43,0.63,0.9191594713982467,,,,,,,,,,,,,,,,,,,
t-SNE,louvain,,metric,e,,,scDesign3,BATCH,,0.09,0.5,0.9191594713982467,,,,,,,,,,,,,,,,,,,
t-SNE,spectral,,metric,e,,,scDesign3,BATCH,,0.41,0.6,0.9191594713982467,,,,,,,,,,,,,,,,,,,
tGPLVM,kmeans,,linear,e,,,scDesign3,BATCH,,0.01,0.03,0.9191594713982467,,,,,,,,,,,,,,,,,,,
tGPLVM,louvain,,linear,e,,,scDesign3,BATCH,,0.0,0.04,0.9191594713982467,,,,,,,,,,,,,,,,,,,
tGPLVM,spectral,,linear,e,,,scDesign3,BATCH,,0.01,0.03,0.9191594713982467,,,,,,,,,,,,,,,,,,,
DRA,kmeans,,deep,e,,,scDesign3,CITE,,0.0,0.0,0.9191594713982467,,,,,,,,,,,,,,,,,,,
DRA,louvain,,deep,e,,,scDesign3,CITE,,-0.0,0.03,0.9191594713982467,,,,,,,,,,,,,,,,,,,
DRA,spectral,,deep,e,,,scDesign3,CITE,,-0.0,0.0,0.9191594713982467,,,,,,,,,,,,,,,,,,,
DREAM,kmeans,,deep,e,,,scDesign3,CITE,,-0.0,0.0,0.9191594713982467,,,,,,,,,,,,,,,,,,,
DREAM,louvain,,deep,e,,,scDesign3,CITE,,-0.0,0.03,0.9191594713982467,,,,,,,,,,,,,,,,,,,
DREAM,spectral,,deep,e,,,scDesign3,CITE,,0.0,0.01,0.9191594713982467,,,,,,,,,,,,,,,,,,,
EDGE,kmeans,,graph,e,,,scDesign3,CITE,,0.11,0.2,0.9191594713982467,,,,,,,,,,,,,,,,,,,
EDGE,louvain,,graph,e,,,scDesign3,CITE,,0.02,0.19,0.9191594713982467,,,,,,,,,,,,,,,,,,,
EDGE,spectral,,graph,e,,,scDesign3,CITE,,0.12,0.21,0.9191594713982467,,,,,,,,,,,,,,,,,,,
GLMPCA,kmeans,,linear,e,,,scDesign3,CITE,,0.17,0.29,0.9191594713982467,,,,,,,,,,,,,,,,,,,
GLMPCA,louvain,,linear,e,,,scDesign3,CITE,,0.02,0.22,0.9191594713982467,,,,,,,,,,,,,,,,,,,
GLMPCA,spectral,,linear,e,,,scDesign3,CITE,,0.13,0.28,0.9191594713982467,,,,,,,,,,,,,,,,,,,
IVIS,kmeans,,metric,e,,,scDesign3,CITE,,0.28,0.47,0.9191594713982467,,,,,,,,,,,,,,,,,,,
IVIS,louvain,,metric,e,,,scDesign3,CITE,,0.18,0.45,0.9191594713982467,,,,,,,,,,,,,,,,,,,
IVIS,spectral,,metric,e,,,scDesign3,CITE,,0.29,0.49,0.9191594713982467,,,,,,,,,,,,,,,,,,,
PCA,kmeans,,linear,e,,,scDesign3,CITE,,0.37,0.54,0.9191594713982467,,,,,,,,,,,,,,,,,,,
PCA,louvain,,linear,e,,,scDesign3,CITE,,0.08,0.43,0.9191594713982467,,,,,,,,,,,,,,,,,,,
PCA,spectral,,linear,e,,,scDesign3,CITE,,0.26,0.5,0.9191594713982467,,,,,,,,,,,,,,,,,,,
PHATE,kmeans,,graph,e,,,scDesign3,CITE,,0.37,0.44,0.9191594713982467,,,,,,,,,,,,,,,,,,,
PHATE,louvain,,graph,e,,,scDesign3,CITE,,0.05,0.37,0.9191594713982467,,,,,,,,,,,,,,,,,,,
PHATE,spectral,,graph,e,,,scDesign3,CITE,,0.25,0.43,0.9191594713982467,,,,,,,,,,,,,,,,,,,
PaCMAP,kmeans,,metric,e,,,scDesign3,CITE,,0.03,0.08,0.9191594713982467,,,,,,,,,,,,,,,,,,,
PaCMAP,louvain,,metric,e,,,scDesign3,CITE,,0.01,0.08,0.9191594713982467,,,,,,,,,,,,,,,,,,,
PaCMAP,spectral,,metric,e,,,scDesign3,CITE,,0.03,0.07,0.9191594713982467,,,,,,,,,,,,,,,,,,,
SAUCIE,kmeans,,deep,e,,,scDesign3,CITE,,0.32,0.33,0.9191594713982467,,,,,,,,,,,,,,,,,,,
SAUCIE,louvain,,deep,e,,,scDesign3,CITE,,0.05,0.34,0.9191594713982467,,,,,,,,,,,,,,,,,,,
SAUCIE,spectral,,deep,e,,,scDesign3,CITE,,0.21,0.35,0.9191594713982467,,,,,,,,,,,,,,,,,,,
SCDRHA,kmeans,,deep,e,,,scDesign3,CITE,,0.28,0.39,0.9191594713982467,,,,,,,,,,,,,,,,,,,
SCDRHA,louvain,,deep,e,,,scDesign3,CITE,,0.05,0.37,0.9191594713982467,,,,,,,,,,,,,,,,,,,
SCDRHA,spectral,,deep,e,,,scDesign3,CITE,,0.42,0.4,0.9191594713982467,,,,,,,,,,,,,,,,,,,
SPDR,kmeans,,graph,e,,,scDesign3,CITE,,0.31,0.49,0.9191594713982467,,,,,,,,,,,,,,,,,,,
SPDR,louvain,,graph,e,,,scDesign3,CITE,,0.06,0.41,0.9191594713982467,,,,,,,,,,,,,,,,,,,
SPDR,spectral,,graph,e,,,scDesign3,CITE,,0.32,0.52,0.9191594713982467,,,,,,,,,,,,,,,,,,,
SQuaD-MDS,kmeans,,metric,e,,,scDesign3,CITE,,0.345,0.45999999999999996,0.9191594713982467,,,,,,,,,,,,,,,,,,,
SQuaD-MDS,louvain,,metric,e,,,scDesign3,CITE,,0.055,0.395,0.9191594713982467,,,,,,,,,,,,,,,,,,,
SQuaD-MDS,spectral,,metric,e,,,scDesign3,CITE,,0.35,0.5,0.9191594713982467,,,,,,,,,,,,,,,,,,,
SSNMDI,kmeans,,linear,e,,,scDesign3,CITE,,0.0,0.01,0.9191594713982467,,,,,,,,,,,,,,,,,,,
SSNMDI,louvain,,linear,e,,,scDesign3,CITE,,0.0,0.05,0.9191594713982467,,,,,,,,,,,,,,,,,,,
SSNMDI,spectral,,linear,e,,,scDesign3,CITE,,0.01,0.02,0.9191594713982467,,,,,,,,,,,,,,,,,,,
TriMap,kmeans,,metric,e,,,scDesign3,CITE,,0.3,0.45,0.9191594713982467,,,,,,,,,,,,,,,,,,,
TriMap,louvain,,metric,e,,,scDesign3,CITE,,0.05,0.4,0.9191594713982467,,,,,,,,,,,,,,,,,,,
TriMap,spectral,,metric,e,,,scDesign3,CITE,,0.32,0.51,0.9191594713982467,,,,,,,,,,,,,,,,,,,
UMAP,kmeans,,graph,e,,,scDesign3,CITE,,0.34,0.5,0.9191594713982467,,,,,,,,,,,,,,,,,,,
UMAP,louvain,,graph,e,,,scDesign3,CITE,,0.05,0.4,0.9191594713982467,,,,,,,,,,,,,,,,,,,
UMAP,spectral,,graph,e,,,scDesign3,CITE,,0.36,0.53,0.9191594713982467,,,,,,,,,,,,,,,,,,,
VAE,kmeans,,deep,e,,,scDesign3,CITE,,0.37,0.61,0.9191594713982467,,,,,,,,,,,,,,,,,,,
VAE,louvain,,deep,e,,,scDesign3,CITE,,0.08,0.5,0.9191594713982467,,,,,,,,,,,,,,,,,,,
VAE,spectral,,deep,e,,,scDesign3,CITE,,0.36,0.63,0.9191594713982467,,,,,,,,,,,,,,,,,,,
VASC,kmeans,,deep,e,,,scDesign3,CITE,,0.42,0.58,0.9191594713982467,,,,,,,,,,,,,,,,,,,
VASC,louvain,,deep,e,,,scDesign3,CITE,,0.05,0.38,0.9191594713982467,,,,,,,,,,,,,,,,,,,
VASC,spectral,,deep,e,,,scDesign3,CITE,,0.26,0.5,0.9191594713982467,,,,,,,,,,,,,,,,,,,
ZIFA,kmeans,,linear,e,,,scDesign3,CITE,,0.32,0.51,0.9191594713982467,,,,,,,,,,,,,,,,,,,
ZIFA,louvain,,linear,e,,,scDesign3,CITE,,0.07,0.4,0.9191594713982467,,,,,,,,,,,,,,,,,,,
ZIFA,spectral,,linear,e,,,scDesign3,CITE,,0.24,0.49,0.9191594713982467,,,,,,,,,,,,,,,,,,,
pCMF,kmeans,,linear,e,,,scDesign3,CITE,,0.39,0.4,0.9191594713982467,,,,,,,,,,,,,,,,,,,
pCMF,louvain,,linear,e,,,scDesign3,CITE,,0.05,0.33,0.9191594713982467,,,,,,,,,,,,,,,,,,,
pCMF,spectral,,linear,e,,,scDesign3,CITE,,0.21,0.38,0.9191594713982467,,,,,,,,,,,,,,,,,,,
scGAE,kmeans,,deep,e,,,scDesign3,CITE,,0.2,0.37,0.9191594713982467,,,,,,,,,,,,,,,,,,,
scGAE,louvain,,deep,e,,,scDesign3,CITE,,0.04,0.35,0.9191594713982467,,,,,,,,,,,,,,,,,,,
scGAE,spectral,,deep,e,,,scDesign3,CITE,,0.26,0.4,0.9191594713982467,,,,,,,,,,,,,,,,,,,
scGBM,kmeans,,linear,e,,,scDesign3,CITE,,0.41,0.56,0.9191594713982467,,,,,,,,,,,,,,,,,,,
scGBM,louvain,,linear,e,,,scDesign3,CITE,,0.06,0.42,0.9191594713982467,,,,,,,,,,,,,,,,,,,
scGBM,spectral,,linear,e,,,scDesign3,CITE,,0.29,0.52,0.9191594713982467,,,,,,,,,,,,,,,,,,,
scScope,kmeans,,deep,e,,,scDesign3,CITE,,0.28,0.51,0.9191594713982467,,,,,,,,,,,,,,,,,,,
scScope,louvain,,deep,e,,,scDesign3,CITE,,0.06,0.43,0.9191594713982467,,,,,,,,,,,,,,,,,,,
scScope,spectral,,deep,e,,,scDesign3,CITE,,0.35,0.53,0.9191594713982467,,,,,,,,,,,,,,,,,,,
scvis,kmeans,,deep,e,,,scDesign3,CITE,,0.28,0.45,0.9191594713982467,,,,,,,,,,,,,,,,,,,
scvis,louvain,,deep,e,,,scDesign3,CITE,,0.06,0.38,0.9191594713982467,,,,,,,,,,,,,,,,,,,
scvis,spectral,,deep,e,,,scDesign3,CITE,,0.28,0.46,0.9191594713982467,,,,,,,,,,,,,,,,,,,
t-SNE,kmeans,,metric,e,,,scDesign3,CITE,,0.39,0.63,0.9191594713982467,,,,,,,,,,,,,,,,,,,
t-SNE,louvain,,metric,e,,,scDesign3,CITE,,0.1,0.53,0.9191594713982467,,,,,,,,,,,,,,,,,,,
t-SNE,spectral,,metric,e,,,scDesign3,CITE,,0.46,0.66,0.9191594713982467,,,,,,,,,,,,,,,,,,,
tGPLVM,kmeans,,linear,e,,,scDesign3,CITE,,0.0,0.02,0.9191594713982467,,,,,,,,,,,,,,,,,,,
tGPLVM,louvain,,linear,e,,,scDesign3,CITE,,0.0,0.04,0.9191594713982467,,,,,,,,,,,,,,,,,,,
tGPLVM,spectral,,linear,e,,,scDesign3,CITE,,0.0,0.01,0.9191594713982467,,,,,,,,,,,,,,,,,,,
DRA,kmeans,,deep,e,,,scDesign3,EMBYRO,,0.0,0.0,0.9191594713982467,,,,,,,,,,,,,,,,,,,
DRA,louvain,,deep,e,,,scDesign3,EMBYRO,,-0.0,0.01,0.9191594713982467,,,,,,,,,,,,,,,,,,,
DRA,spectral,,deep,e,,,scDesign3,EMBYRO,,-0.0,0.0,0.9191594713982467,,,,,,,,,,,,,,,,,,,
DREAM,kmeans,,deep,e,,,scDesign3,EMBYRO,,0.01,0.03,0.9191594713982467,,,,,,,,,,,,,,,,,,,
DREAM,louvain,,deep,e,,,scDesign3,EMBYRO,,0.01,0.03,0.9191594713982467,,,,,,,,,,,,,,,,,,,
DREAM,spectral,,deep,e,,,scDesign3,EMBYRO,,0.01,0.02,0.9191594713982467,,,,,,,,,,,,,,,,,,,
EDGE,kmeans,,graph,e,,,scDesign3,EMBYRO,,0.11,0.19,0.9191594713982467,,,,,,,,,,,,,,,,,,,
EDGE,louvain,,graph,e,,,scDesign3,EMBYRO,,0.08,0.25,0.9191594713982467,,,,,,,,,,,,,,,,,,,
EDGE,spectral,,graph,e,,,scDesign3,EMBYRO,,0.08,0.13,0.9191594713982467,,,,,,,,,,,,,,,,,,,
GLMPCA,kmeans,,linear,e,,,scDesign3,EMBYRO,,0.22,0.32,0.9191594713982467,,,,,,,,,,,,,,,,,,,
GLMPCA,louvain,,linear,e,,,scDesign3,EMBYRO,,0.1,0.3,0.9191594713982467,,,,,,,,,,,,,,,,,,,
GLMPCA,spectral,,linear,e,,,scDesign3,EMBYRO,,0.2,0.3,0.9191594713982467,,,,,,,,,,,,,,,,,,,
IVIS,kmeans,,metric,e,,,scDesign3,EMBYRO,,0.02,0.07,0.9191594713982467,,,,,,,,,,,,,,,,,,,
IVIS,louvain,,metric,e,,,scDesign3,EMBYRO,,0.02,0.06,0.9191594713982467,,,,,,,,,,,,,,,,,,,
IVIS,spectral,,metric,e,,,scDesign3,EMBYRO,,0.02,0.08,0.9191594713982467,,,,,,,,,,,,,,,,,,,
PCA,kmeans,,linear,e,,,scDesign3,EMBYRO,,0.15,0.29,0.9191594713982467,,,,,,,,,,,,,,,,,,,
PCA,louvain,,linear,e,,,scDesign3,EMBYRO,,0.11,0.33,0.9191594713982467,,,,,,,,,,,,,,,,,,,
PCA,spectral,,linear,e,,,scDesign3,EMBYRO,,0.16,0.28,0.9191594713982467,,,,,,,,,,,,,,,,,,,
PHATE,kmeans,,graph,e,,,scDesign3,EMBYRO,,0.13,0.21,0.9191594713982467,,,,,,,,,,,,,,,,,,,
PHATE,louvain,,graph,e,,,scDesign3,EMBYRO,,0.08,0.24,0.9191594713982467,,,,,,,,,,,,,,,,,,,
PHATE,spectral,,graph,e,,,scDesign3,EMBYRO,,0.13,0.21,0.9191594713982467,,,,,,,,,,,,,,,,,,,
PaCMAP,kmeans,,metric,e,,,scDesign3,EMBYRO,,-0.01,0.06,0.9191594713982467,,,,,,,,,,,,,,,,,,,
PaCMAP,louvain,,metric,e,,,scDesign3,EMBYRO,,0.04,0.17,0.9191594713982467,,,,,,,,,,,,,,,,,,,
PaCMAP,spectral,,metric,e,,,scDesign3,EMBYRO,,0.09,0.15,0.9191594713982467,,,,,,,,,,,,,,,,,,,
SAUCIE,kmeans,,deep,e,,,scDesign3,EMBYRO,,0.01,0.08,0.9191594713982467,,,,,,,,,,,,,,,,,,,
SAUCIE,louvain,,deep,e,,,scDesign3,EMBYRO,,0.05,0.18,0.9191594713982467,,,,,,,,,,,,,,,,,,,
SAUCIE,spectral,,deep,e,,,scDesign3,EMBYRO,,0.1,0.2,0.9191594713982467,,,,,,,,,,,,,,,,,,,
SCDRHA,kmeans,,deep,e,,,scDesign3,EMBYRO,,0.04,0.1,0.9191594713982467,,,,,,,,,,,,,,,,,,,
SCDRHA,louvain,,deep,e,,,scDesign3,EMBYRO,,0.05,0.2,0.9191594713982467,,,,,,,,,,,,,,,,,,,
SCDRHA,spectral,,deep,e,,,scDesign3,EMBYRO,,0.06,0.11,0.9191594713982467,,,,,,,,,,,,,,,,,,,
SIMLR,kmeans,,graph,e,,,scDesign3,EMBYRO,,0.09,0.1,0.9191594713982467,,,,,,,,,,,,,,,,,,,
SIMLR,louvain,,graph,e,,,scDesign3,EMBYRO,,0.08,0.28,0.9191594713982467,,,,,,,,,,,,,,,,,,,
SIMLR,spectral,,graph,e,,,scDesign3,EMBYRO,,0.07,0.11,0.9191594713982467,,,,,,,,,,,,,,,,,,,
SPDR,kmeans,,graph,e,,,scDesign3,EMBYRO,,0.12,0.24,0.9191594713982467,,,,,,,,,,,,,,,,,,,
SPDR,louvain,,graph,e,,,scDesign3,EMBYRO,,0.1,0.3,0.9191594713982467,,,,,,,,,,,,,,,,,,,
SPDR,spectral,,graph,e,,,scDesign3,EMBYRO,,0.1,0.22,0.9191594713982467,,,,,,,,,,,,,,,,,,,
SQuaD-MDS,kmeans,,metric,e,,,scDesign3,EMBYRO,,0.060000000000000005,0.135,0.9191594713982467,,,,,,,,,,,,,,,,,,,
SQuaD-MDS,louvain,,metric,e,,,scDesign3,EMBYRO,,0.075,0.255,0.9191594713982467,,,,,,,,,,,,,,,,,,,
SQuaD-MDS,spectral,,metric,e,,,scDesign3,EMBYRO,,0.065,0.14500000000000002,0.9191594713982467,,,,,,,,,,,,,,,,,,,
SSNMDI,kmeans,,linear,e,,,scDesign3,EMBYRO,,0.08,0.13,0.9191594713982467,,,,,,,,,,,,,,,,,,,
SSNMDI,louvain,,linear,e,,,scDesign3,EMBYRO,,0.06,0.23,0.9191594713982467,,,,,,,,,,,,,,,,,,,
SSNMDI,spectral,,linear,e,,,scDesign3,EMBYRO,,0.11,0.17,0.9191594713982467,,,,,,,,,,,,,,,,,,,
TriMap,kmeans,,metric,e,,,scDesign3,EMBYRO,,0.04,0.09,0.9191594713982467,,,,,,,,,,,,,,,,,,,
TriMap,louvain,,metric,e,,,scDesign3,EMBYRO,,0.07,0.25,0.9191594713982467,,,,,,,,,,,,,,,,,,,
TriMap,spectral,,metric,e,,,scDesign3,EMBYRO,,0.1,0.2,0.9191594713982467,,,,,,,,,,,,,,,,,,,
UMAP,kmeans,,graph,e,,,scDesign3,EMBYRO,,0.13,0.24,0.9191594713982467,,,,,,,,,,,,,,,,,,,
UMAP,louvain,,graph,e,,,scDesign3,EMBYRO,,0.08,0.29,0.9191594713982467,,,,,,,,,,,,,,,,,,,
UMAP,spectral,,graph,e,,,scDesign3,EMBYRO,,0.1,0.16,0.9191594713982467,,,,,,,,,,,,,,,,,,,
VAE,kmeans,,deep,e,,,scDesign3,EMBYRO,,0.32,0.45,0.9191594713982467,,,,,,,,,,,,,,,,,,,
VAE,louvain,,deep,e,,,scDesign3,EMBYRO,,0.16,0.48,0.9191594713982467,,,,,,,,,,,,,,,,,,,
VAE,spectral,,deep,e,,,scDesign3,EMBYRO,,0.21,0.38,0.9191594713982467,,,,,,,,,,,,,,,,,,,
VASC,kmeans,,deep,e,,,scDesign3,EMBYRO,,0.38,0.52,0.9191594713982467,,,,,,,,,,,,,,,,,,,
VASC,louvain,,deep,e,,,scDesign3,EMBYRO,,0.22,0.49,0.9191594713982467,,,,,,,,,,,,,,,,,,,
VASC,spectral,,deep,e,,,scDesign3,EMBYRO,,0.3,0.49,0.9191594713982467,,,,,,,,,,,,,,,,,,,
ZIFA,kmeans,,linear,e,,,scDesign3,EMBYRO,,0.51,0.59,0.9191594713982467,,,,,,,,,,,,,,,,,,,
ZIFA,louvain,,linear,e,,,scDesign3,EMBYRO,,0.21,0.48,0.9191594713982467,,,,,,,,,,,,,,,,,,,
ZIFA,spectral,,linear,e,,,scDesign3,EMBYRO,,0.53,0.6,0.9191594713982467,,,,,,,,,,,,,,,,,,,
pCMF,kmeans,,linear,e,,,scDesign3,EMBYRO,,0.09,0.13,0.9191594713982467,,,,,,,,,,,,,,,,,,,
pCMF,louvain,,linear,e,,,scDesign3,EMBYRO,,0.05,0.17,0.9191594713982467,,,,,,,,,,,,,,,,,,,
pCMF,spectral,,linear,e,,,scDesign3,EMBYRO,,0.07,0.13,0.9191594713982467,,,,,,,,,,,,,,,,,,,
scGAE,kmeans,,deep,e,,,scDesign3,EMBYRO,,0.13,0.24,0.9191594713982467,,,,,,,,,,,,,,,,,,,
scGAE,louvain,,deep,e,,,scDesign3,EMBYRO,,0.1,0.3,0.9191594713982467,,,,,,,,,,,,,,,,,,,
scGAE,spectral,,deep,e,,,scDesign3,EMBYRO,,0.1,0.19,0.9191594713982467,,,,,,,,,,,,,,,,,,,
scGBM,kmeans,,linear,e,,,scDesign3,EMBYRO,,0.24,0.43,0.9191594713982467,,,,,,,,,,,,,,,,,,,
scGBM,louvain,,linear,e,,,scDesign3,EMBYRO,,0.16,0.4,0.9191594713982467,,,,,,,,,,,,,,,,,,,
scGBM,spectral,,linear,e,,,scDesign3,EMBYRO,,0.31,0.49,0.9191594713982467,,,,,,,,,,,,,,,,,,,
scScope,kmeans,,deep,e,,,scDesign3,EMBYRO,,0.11,0.2,0.9191594713982467,,,,,,,,,,,,,,,,,,,
scScope,louvain,,deep,e,,,scDesign3,EMBYRO,,0.09,0.29,0.9191594713982467,,,,,,,,,,,,,,,,,,,
scScope,spectral,,deep,e,,,scDesign3,EMBYRO,,0.15,0.26,0.9191594713982467,,,,,,,,,,,,,,,,,,,
scvis,kmeans,,deep,e,,,scDesign3,EMBYRO,,0.1,0.22,0.9191594713982467,,,,,,,,,,,,,,,,,,,
scvis,louvain,,deep,e,,,scDesign3,EMBYRO,,0.11,0.31,0.9191594713982467,,,,,,,,,,,,,,,,,,,
scvis,spectral,,deep,e,,,scDesign3,EMBYRO,,0.11,0.22,0.9191594713982467,,,,,,,,,,,,,,,,,,,
t-SNE,kmeans,,metric,e,,,scDesign3,EMBYRO,,0.44,0.54,0.9191594713982467,,,,,,,,,,,,,,,,,,,
t-SNE,louvain,,metric,e,,,scDesign3,EMBYRO,,0.18,0.48,0.9191594713982467,,,,,,,,,,,,,,,,,,,
t-SNE,spectral,,metric,e,,,scDesign3,EMBYRO,,0.32,0.47,0.9191594713982467,,,,,,,,,,,,,,,,,,,
tGPLVM,kmeans,,linear,e,,,scDesign3,EMBYRO,,-0.0,0.01,0.9191594713982467,,,,,,,,,,,,,,,,,,,
tGPLVM,louvain,,linear,e,,,scDesign3,EMBYRO,,0.0,0.02,0.9191594713982467,,,,,,,,,,,,,,,,,,,
tGPLVM,spectral,,linear,e,,,scDesign3,EMBYRO,,-0.0,0.0,0.9191594713982467,,,,,,,,,,,,,,,,,,,
DRA,kmeans,,deep,e,,,scDesign3,IFNB,,0.0,0.0,0.9191594713982467,,,,,,,,,,,,,,,,,,,
DRA,louvain,,deep,e,,,scDesign3,IFNB,,0.0,0.02,0.9191594713982467,,,,,,,,,,,,,,,,,,,
DRA,spectral,,deep,e,,,scDesign3,IFNB,,-0.0,0.0,0.9191594713982467,,,,,,,,,,,,,,,,,,,
DREAM,kmeans,,deep,e,,,scDesign3,IFNB,,0.1,0.19,0.9191594713982467,,,,,,,,,,,,,,,,,,,
DREAM,louvain,,deep,e,,,scDesign3,IFNB,,0.01,0.15,0.9191594713982467,,,,,,,,,,,,,,,,,,,
DREAM,spectral,,deep,e,,,scDesign3,IFNB,,0.09,0.19,0.9191594713982467,,,,,,,,,,,,,,,,,,,
EDGE,kmeans,,graph,e,,,scDesign3,IFNB,,0.14,0.26,0.9191594713982467,,,,,,,,,,,,,,,,,,,
EDGE,louvain,,graph,e,,,scDesign3,IFNB,,0.02,0.29,0.9191594713982467,,,,,,,,,,,,,,,,,,,
EDGE,spectral,,graph,e,,,scDesign3,IFNB,,0.13,0.24,0.9191594713982467,,,,,,,,,,,,,,,,,,,
GLMPCA,kmeans,,linear,e,,,scDesign3,IFNB,,0.27,0.41,0.9191594713982467,,,,,,,,,,,,,,,,,,,
GLMPCA,louvain,,linear,e,,,scDesign3,IFNB,,0.04,0.31,0.9191594713982467,,,,,,,,,,,,,,,,,,,
GLMPCA,spectral,,linear,e,,,scDesign3,IFNB,,0.21,0.39,0.9191594713982467,,,,,,,,,,,,,,,,,,,
IVIS,kmeans,,metric,e,,,scDesign3,IFNB,,0.25,0.42,0.9191594713982467,,,,,,,,,,,,,,,,,,,
IVIS,louvain,,metric,e,,,scDesign3,IFNB,,0.04,0.33,0.9191594713982467,,,,,,,,,,,,,,,,,,,
IVIS,spectral,,metric,e,,,scDesign3,IFNB,,0.22,0.42,0.9191594713982467,,,,,,,,,,,,,,,,,,,
PCA,kmeans,,linear,e,,,scDesign3,IFNB,,0.1,0.33,0.9191594713982467,,,,,,,,,,,,,,,,,,,
PCA,louvain,,linear,e,,,scDesign3,IFNB,,0.03,0.29,0.9191594713982467,,,,,,,,,,,,,,,,,,,
PCA,spectral,,linear,e,,,scDesign3,IFNB,,0.17,0.35,0.9191594713982467,,,,,,,,,,,,,,,,,,,
PHATE,kmeans,,graph,e,,,scDesign3,IFNB,,0.22,0.41,0.9191594713982467,,,,,,,,,,,,,,,,,,,
PHATE,louvain,,graph,e,,,scDesign3,IFNB,,0.03,0.33,0.9191594713982467,,,,,,,,,,,,,,,,,,,
PHATE,spectral,,graph,e,,,scDesign3,IFNB,,0.21,0.4,0.9191594713982467,,,,,,,,,,,,,,,,,,,
PaCMAP,kmeans,,metric,e,,,scDesign3,IFNB,,0.0,0.0,0.9191594713982467,,,,,,,,,,,,,,,,,,,
PaCMAP,louvain,,metric,e,,,scDesign3,IFNB,,0.0,0.02,0.9191594713982467,,,,,,,,,,,,,,,,,,,
PaCMAP,spectral,,metric,e,,,scDesign3,IFNB,,0.0,0.0,0.9191594713982467,,,,,,,,,,,,,,,,,,,
SAUCIE,kmeans,,deep,e,,,scDesign3,IFNB,,0.19,0.37,0.9191594713982467,,,,,,,,,,,,,,,,,,,
SAUCIE,louvain,,deep,e,,,scDesign3,IFNB,,0.08,0.34,0.9191594713982467,,,,,,,,,,,,,,,,,,,
SAUCIE,spectral,,deep,e,,,scDesign3,IFNB,,0.18,0.34,0.9191594713982467,,,,,,,,,,,,,,,,,,,
SCDRHA,kmeans,,deep,e,,,scDesign3,IFNB,,0.11,0.34,0.9191594713982467,,,,,,,,,,,,,,,,,,,
SCDRHA,louvain,,deep,e,,,scDesign3,IFNB,,0.03,0.3,0.9191594713982467,,,,,,,,,,,,,,,,,,,
SCDRHA,spectral,,deep,e,,,scDesign3,IFNB,,0.21,0.35,0.9191594713982467,,,,,,,,,,,,,,,,,,,
SPDR,kmeans,,graph,e,,,scDesign3,IFNB,,0.25,0.46,0.9191594713982467,,,,,,,,,,,,,,,,,,,
SPDR,louvain,,graph,e,,,scDesign3,IFNB,,0.04,0.37,0.9191594713982467,,,,,,,,,,,,,,,,,,,
SPDR,spectral,,graph,e,,,scDesign3,IFNB,,0.25,0.47,0.9191594713982467,,,,,,,,,,,,,,,,,,,
SQuaD-MDS,kmeans,,metric,e,,,scDesign3,IFNB,,0.16999999999999998,0.41000000000000003,0.9191594713982467,,,,,,,,,,,,,,,,,,,
SQuaD-MDS,louvain,,metric,e,,,scDesign3,IFNB,,0.05500000000000001,0.345,0.9191594713982467,,,,,,,,,,,,,,,,,,,
SQuaD-MDS,spectral,,metric,e,,,scDesign3,IFNB,,0.22000000000000003,0.4,0.9191594713982467,,,,,,,,,,,,,,,,,,,
SSNMDI,kmeans,,linear,e,,,scDesign3,IFNB,,-0.0,0.0,0.9191594713982467,,,,,,,,,,,,,,,,,,,
SSNMDI,louvain,,linear,e,,,scDesign3,IFNB,,0.0,0.03,0.9191594713982467,,,,,,,,,,,,,,,,,,,
SSNMDI,spectral,,linear,e,,,scDesign3,IFNB,,-0.0,0.0,0.9191594713982467,,,,,,,,,,,,,,,,,,,
TriMap,kmeans,,metric,e,,,scDesign3,IFNB,,0.24,0.46,0.9191594713982467,,,,,,,,,,,,,,,,,,,
TriMap,louvain,,metric,e,,,scDesign3,IFNB,,0.08,0.4,0.9191594713982467,,,,,,,,,,,,,,,,,,,
TriMap,spectral,,metric,e,,,scDesign3,IFNB,,0.26,0.47,0.9191594713982467,,,,,,,,,,,,,,,,,,,
UMAP,kmeans,,graph,e,,,scDesign3,IFNB,,0.26,0.49,0.9191594713982467,,,,,,,,,,,,,,,,,,,
UMAP,louvain,,graph,e,,,scDesign3,IFNB,,0.04,0.38,0.9191594713982467,,,,,,,,,,,,,,,,,,,
UMAP,spectral,,graph,e,,,scDesign3,IFNB,,0.31,0.51,0.9191594713982467,,,,,,,,,,,,,,,,,,,
VAE,kmeans,,deep,e,,,scDesign3,IFNB,,0.34,0.58,0.9191594713982467,,,,,,,,,,,,,,,,,,,
VAE,louvain,,deep,e,,,scDesign3,IFNB,,0.05,0.49,0.9191594713982467,,,,,,,,,,,,,,,,,,,
VAE,spectral,,deep,e,,,scDesign3,IFNB,,0.37,0.6,0.9191594713982467,,,,,,,,,,,,,,,,,,,
VASC,kmeans,,deep,e,,,scDesign3,IFNB,,0.28,0.44,0.9191594713982467,,,,,,,,,,,,,,,,,,,
VASC,louvain,,deep,e,,,scDesign3,IFNB,,0.04,0.35,0.9191594713982467,,,,,,,,,,,,,,,,,,,
VASC,spectral,,deep,e,,,scDesign3,IFNB,,0.2,0.41,0.9191594713982467,,,,,,,,,,,,,,,,,,,
ZIFA,kmeans,,linear,e,,,scDesign3,IFNB,,0.23,0.4,0.9191594713982467,,,,,,,,,,,,,,,,,,,
ZIFA,louvain,,linear,e,,,scDesign3,IFNB,,0.04,0.32,0.9191594713982467,,,,,,,,,,,,,,,,,,,
ZIFA,spectral,,linear,e,,,scDesign3,IFNB,,0.19,0.39,0.9191594713982467,,,,,,,,,,,,,,,,,,,
pCMF,kmeans,,linear,e,,,scDesign3,IFNB,,0.15,0.36,0.9191594713982467,,,,,,,,,,,,,,,,,,,
pCMF,louvain,,linear,e,,,scDesign3,IFNB,,0.06,0.29,0.9191594713982467,,,,,,,,,,,,,,,,,,,
pCMF,spectral,,linear,e,,,scDesign3,IFNB,,0.16,0.32,0.9191594713982467,,,,,,,,,,,,,,,,,,,
scGAE,kmeans,,deep,e,,,scDesign3,IFNB,,0.15,0.33,0.9191594713982467,,,,,,,,,,,,,,,,,,,
scGAE,louvain,,deep,e,,,scDesign3,IFNB,,0.02,0.3,0.9191594713982467,,,,,,,,,,,,,,,,,,,
scGAE,spectral,,deep,e,,,scDesign3,IFNB,,0.14,0.34,0.9191594713982467,,,,,,,,,,,,,,,,,,,
scGBM,kmeans,,linear,e,,,scDesign3,IFNB,,0.27,0.4,0.9191594713982467,,,,,,,,,,,,,,,,,,,
scGBM,louvain,,linear,e,,,scDesign3,IFNB,,0.08,0.34,0.9191594713982467,,,,,,,,,,,,,,,,,,,
scGBM,spectral,,linear,e,,,scDesign3,IFNB,,0.2,0.4,0.9191594713982467,,,,,,,,,,,,,,,,,,,
scScope,kmeans,,deep,e,,,scDesign3,IFNB,,0.19,0.39,0.9191594713982467,,,,,,,,,,,,,,,,,,,
scScope,louvain,,deep,e,,,scDesign3,IFNB,,0.04,0.37,0.9191594713982467,,,,,,,,,,,,,,,,,,,
scScope,spectral,,deep,e,,,scDesign3,IFNB,,0.21,0.42,0.9191594713982467,,,,,,,,,,,,,,,,,,,
scvis,kmeans,,deep,e,,,scDesign3,IFNB,,0.19,0.37,0.9191594713982467,,,,,,,,,,,,,,,,,,,
scvis,louvain,,deep,e,,,scDesign3,IFNB,,0.03,0.29,0.9191594713982467,,,,,,,,,,,,,,,,,,,
scvis,spectral,,deep,e,,,scDesign3,IFNB,,0.18,0.36,0.9191594713982467,,,,,,,,,,,,,,,,,,,
t-SNE,kmeans,,metric,e,,,scDesign3,IFNB,,0.36,0.63,0.9191594713982467,,,,,,,,,,,,,,,,,,,
t-SNE,louvain,,metric,e,,,scDesign3,IFNB,,0.06,0.52,0.9191594713982467,,,,,,,,,,,,,,,,,,,
t-SNE,spectral,,metric,e,,,scDesign3,IFNB,,0.52,0.71,0.9191594713982467,,,,,,,,,,,,,,,,,,,
tGPLVM,kmeans,,linear,e,,,scDesign3,IFNB,,0.02,0.07,0.9191594713982467,,,,,,,,,,,,,,,,,,,
tGPLVM,louvain,,linear,e,,,scDesign3,IFNB,,0.01,0.07,0.9191594713982467,,,,,,,,,,,,,,,,,,,
tGPLVM,spectral,,linear,e,,,scDesign3,IFNB,,0.03,0.07,0.9191594713982467,,,,,,,,,,,,,,,,,,,
DRA,kmeans,,deep,e,,,scDesign3,MARROW,,-0.0,0.0,0.9191594713982467,,,,,,,,,,,,,,,,,,,
DRA,louvain,,deep,e,,,scDesign3,MARROW,,0.0,0.01,0.9191594713982467,,,,,,,,,,,,,,,,,,,
DRA,spectral,,deep,e,,,scDesign3,MARROW,,-0.0,0.0,0.9191594713982467,,,,,,,,,,,,,,,,,,,
DREAM,kmeans,,deep,e,,,scDesign3,MARROW,,0.38,0.32,0.9191594713982467,,,,,,,,,,,,,,,,,,,
DREAM,louvain,,deep,e,,,scDesign3,MARROW,,0.05,0.19,0.9191594713982467,,,,,,,,,,,,,,,,,,,
DREAM,spectral,,deep,e,,,scDesign3,MARROW,,0.32,0.3,0.9191594713982467,,,,,,,,,,,,,,,,,,,
EDGE,kmeans,,graph,e,,,scDesign3,MARROW,,0.74,0.7,0.9191594713982467,,,,,,,,,,,,,,,,,,,
EDGE,louvain,,graph,e,,,scDesign3,MARROW,,0.09,0.36,0.9191594713982467,,,,,,,,,,,,,,,,,,,
EDGE,spectral,,graph,e,,,scDesign3,MARROW,,0.74,0.7,0.9191594713982467,,,,,,,,,,,,,,,,,,,
GLMPCA,kmeans,,linear,e,,,scDesign3,MARROW,,0.69,0.69,0.9191594713982467,,,,,,,,,,,,,,,,,,,
GLMPCA,louvain,,linear,e,,,scDesign3,MARROW,,0.1,0.41,0.9191594713982467,,,,,,,,,,,,,,,,,,,
GLMPCA,spectral,,linear,e,,,scDesign3,MARROW,,0.55,0.61,0.9191594713982467,,,,,,,,,,,,,,,,,,,
IVIS,kmeans,,metric,e,,,scDesign3,MARROW,,0.67,0.66,0.9191594713982467,,,,,,,,,,,,,,,,,,,
IVIS,louvain,,metric,e,,,scDesign3,MARROW,,0.09,0.38,0.9191594713982467,,,,,,,,,,,,,,,,,,,
IVIS,spectral,,metric,e,,,scDesign3,MARROW,,0.72,0.69,0.9191594713982467,,,,,,,,,,,,,,,,,,,
PCA,kmeans,,linear,e,,,scDesign3,MARROW,,0.26,0.42,0.9191594713982467,,,,,,,,,,,,,,,,,,,
PCA,louvain,,linear,e,,,scDesign3,MARROW,,0.08,0.35,0.9191594713982467,,,,,,,,,,,,,,,,,,,
PCA,spectral,,linear,e,,,scDesign3,MARROW,,0.46,0.52,0.9191594713982467,,,,,,,,,,,,,,,,,,,
PHATE,kmeans,,graph,e,,,scDesign3,MARROW,,0.57,0.62,0.9191594713982467,,,,,,,,,,,,,,,,,,,
PHATE,louvain,,graph,e,,,scDesign3,MARROW,,0.09,0.38,0.9191594713982467,,,,,,,,,,,,,,,,,,,
PHATE,spectral,,graph,e,,,scDesign3,MARROW,,0.49,0.58,0.9191594713982467,,,,,,,,,,,,,,,,,,,
PaCMAP,kmeans,,metric,e,,,scDesign3,MARROW,,0.0,0.0,0.9191594713982467,,,,,,,,,,,,,,,,,,,
PaCMAP,louvain,,metric,e,,,scDesign3,MARROW,,-0.0,0.01,0.9191594713982467,,,,,,,,,,,,,,,,,,,
PaCMAP,spectral,,metric,e,,,scDesign3,MARROW,,0.0,0.0,0.9191594713982467,,,,,,,,,,,,,,,,,,,
SAUCIE,kmeans,,deep,e,,,scDesign3,MARROW,,0.43,0.54,0.9191594713982467,,,,,,,,,,,,,,,,,,,
SAUCIE,louvain,,deep,e,,,scDesign3,MARROW,,0.07,0.36,0.9191594713982467,,,,,,,,,,,,,,,,,,,
SAUCIE,spectral,,deep,e,,,scDesign3,MARROW,,0.58,0.61,0.9191594713982467,,,,,,,,,,,,,,,,,,,
SCDRHA,kmeans,,deep,e,,,scDesign3,MARROW,,0.33,0.47,0.9191594713982467,,,,,,,,,,,,,,,,,,,
SCDRHA,louvain,,deep,e,,,scDesign3,MARROW,,0.09,0.37,0.9191594713982467,,,,,,,,,,,,,,,,,,,
SCDRHA,spectral,,deep,e,,,scDesign3,MARROW,,0.59,0.61,0.9191594713982467,,,,,,,,,,,,,,,,,,,
SIMLR,kmeans,,graph,e,,,scDesign3,MARROW,,0.52,0.57,0.9191594713982467,,,,,,,,,,,,,,,,,,,
SIMLR,louvain,,graph,e,,,scDesign3,MARROW,,0.08,0.38,0.9191594713982467,,,,,,,,,,,,,,,,,,,
SIMLR,spectral,,graph,e,,,scDesign3,MARROW,,0.62,0.62,0.9191594713982467,,,,,,,,,,,,,,,,,,,
SPDR,kmeans,,graph,e,,,scDesign3,MARROW,,0.67,0.67,0.9191594713982467,,,,,,,,,,,,,,,,,,,
SPDR,louvain,,graph,e,,,scDesign3,MARROW,,0.08,0.38,0.9191594713982467,,,,,,,,,,,,,,,,,,,
SPDR,spectral,,graph,e,,,scDesign3,MARROW,,0.65,0.66,0.9191594713982467,,,,,,,,,,,,,,,,,,,
SQuaD-MDS,kmeans,,metric,e,,,scDesign3,MARROW,,0.41000000000000003,0.525,0.9191594713982467,,,,,,,,,,,,,,,,,,,
SQuaD-MDS,louvain,,metric,e,,,scDesign3,MARROW,,0.095,0.375,0.9191594713982467,,,,,,,,,,,,,,,,,,,
SQuaD-MDS,spectral,,metric,e,,,scDesign3,MARROW,,0.535,0.585,0.9191594713982467,,,,,,,,,,,,,,,,,,,
SSNMDI,kmeans,,linear,e,,,scDesign3,MARROW,,-0.0,0.0,0.9191594713982467,,,,,,,,,,,,,,,,,,,
SSNMDI,louvain,,linear,e,,,scDesign3,MARROW,,0.0,0.01,0.9191594713982467,,,,,,,,,,,,,,,,,,,
SSNMDI,spectral,,linear,e,,,scDesign3,MARROW,,-0.0,0.0,0.9191594713982467,,,,,,,,,,,,,,,,,,,
TriMap,kmeans,,metric,e,,,scDesign3,MARROW,,0.64,0.65,0.9191594713982467,,,,,,,,,,,,,,,,,,,
TriMap,louvain,,metric,e,,,scDesign3,MARROW,,0.08,0.37,0.9191594713982467,,,,,,,,,,,,,,,,,,,
TriMap,spectral,,metric,e,,,scDesign3,MARROW,,0.64,0.65,0.9191594713982467,,,,,,,,,,,,,,,,,,,
UMAP,kmeans,,graph,e,,,scDesign3,MARROW,,0.67,0.67,0.9191594713982467,,,,,,,,,,,,,,,,,,,
UMAP,louvain,,graph,e,,,scDesign3,MARROW,,0.09,0.38,0.9191594713982467,,,,,,,,,,,,,,,,,,,
UMAP,spectral,,graph,e,,,scDesign3,MARROW,,0.66,0.67,0.9191594713982467,,,,,,,,,,,,,,,,,,,
VAE,kmeans,,deep,e,,,scDesign3,MARROW,,0.58,0.59,0.9191594713982467,,,,,,,,,,,,,,,,,,,
VAE,louvain,,deep,e,,,scDesign3,MARROW,,0.08,0.36,0.9191594713982467,,,,,,,,,,,,,,,,,,,
VAE,spectral,,deep,e,,,scDesign3,MARROW,,0.55,0.58,0.9191594713982467,,,,,,,,,,,,,,,,,,,
VASC,kmeans,,deep,e,,,scDesign3,MARROW,,0.67,0.62,0.9191594713982467,,,,,,,,,,,,,,,,,,,
VASC,louvain,,deep,e,,,scDesign3,MARROW,,0.07,0.34,0.9191594713982467,,,,,,,,,,,,,,,,,,,
VASC,spectral,,deep,e,,,scDesign3,MARROW,,0.52,0.54,0.9191594713982467,,,,,,,,,,,,,,,,,,,
ZIFA,kmeans,,linear,e,,,scDesign3,MARROW,,0.74,0.71,0.9191594713982467,,,,,,,,,,,,,,,,,,,
ZIFA,louvain,,linear,e,,,scDesign3,MARROW,,0.09,0.39,0.9191594713982467,,,,,,,,,,,,,,,,,,,
ZIFA,spectral,,linear,e,,,scDesign3,MARROW,,0.61,0.64,0.9191594713982467,,,,,,,,,,,,,,,,,,,
pCMF,kmeans,,linear,e,,,scDesign3,MARROW,,0.35,0.49,0.9191594713982467,,,,,,,,,,,,,,,,,,,
pCMF,louvain,,linear,e,,,scDesign3,MARROW,,0.09,0.36,0.9191594713982467,,,,,,,,,,,,,,,,,,,
pCMF,spectral,,linear,e,,,scDesign3,MARROW,,0.5,0.56,0.9191594713982467,,,,,,,,,,,,,,,,,,,
scGAE,kmeans,,deep,e,,,scDesign3,MARROW,,0.43,0.46,0.9191594713982467,,,,,,,,,,,,,,,,,,,
scGAE,louvain,,deep,e,,,scDesign3,MARROW,,0.07,0.36,0.9191594713982467,,,,,,,,,,,,,,,,,,,
scGAE,spectral,,deep,e,,,scDesign3,MARROW,,0.71,0.7,0.9191594713982467,,,,,,,,,,,,,,,,,,,
scGBM,kmeans,,linear,e,,,scDesign3,MARROW,,0.67,0.68,0.9191594713982467,,,,,,,,,,,,,,,,,,,
scGBM,louvain,,linear,e,,,scDesign3,MARROW,,0.1,0.41,0.9191594713982467,,,,,,,,,,,,,,,,,,,
scGBM,spectral,,linear,e,,,scDesign3,MARROW,,0.56,0.62,0.9191594713982467,,,,,,,,,,,,,,,,,,,
scScope,kmeans,,deep,e,,,scDesign3,MARROW,,0.6,0.62,0.9191594713982467,,,,,,,,,,,,,,,,,,,
scScope,louvain,,deep,e,,,scDesign3,MARROW,,0.07,0.36,0.9191594713982467,,,,,,,,,,,,,,,,,,,
scScope,spectral,,deep,e,,,scDesign3,MARROW,,0.6,0.61,0.9191594713982467,,,,,,,,,,,,,,,,,,,
scvis,kmeans,,deep,e,,,scDesign3,MARROW,,0.57,0.62,0.9191594713982467,,,,,,,,,,,,,,,,,,,
scvis,louvain,,deep,e,,,scDesign3,MARROW,,0.1,0.39,0.9191594713982467,,,,,,,,,,,,,,,,,,,
scvis,spectral,,deep,e,,,scDesign3,MARROW,,0.59,0.63,0.9191594713982467,,,,,,,,,,,,,,,,,,,
t-SNE,kmeans,,metric,e,,,scDesign3,MARROW,,0.62,0.61,0.9191594713982467,,,,,,,,,,,,,,,,,,,
t-SNE,louvain,,metric,e,,,scDesign3,MARROW,,0.09,0.37,0.9191594713982467,,,,,,,,,,,,,,,,,,,
t-SNE,spectral,,metric,e,,,scDesign3,MARROW,,0.61,0.62,0.9191594713982467,,,,,,,,,,,,,,,,,,,
tGPLVM,kmeans,,linear,e,,,scDesign3,MARROW,,0.37,0.49,0.9191594713982467,,,,,,,,,,,,,,,,,,,
tGPLVM,louvain,,linear,e,,,scDesign3,MARROW,,0.09,0.35,0.9191594713982467,,,,,,,,,,,,,,,,,,,
tGPLVM,spectral,,linear,e,,,scDesign3,MARROW,,0.41,0.52,0.9191594713982467,,,,,,,,,,,,,,,,,,,
DRA,kmeans,,deep,e,,,scDesign3,MOBSC,,0.0,0.0,0.9191594713982467,,,,,,,,,,,,,,,,,,,
DRA,louvain,,deep,e,,,scDesign3,MOBSC,,0.0,0.01,0.9191594713982467,,,,,,,,,,,,,,,,,,,
DRA,spectral,,deep,e,,,scDesign3,MOBSC,,-0.0,0.0,0.9191594713982467,,,,,,,,,,,,,,,,,,,
DREAM,kmeans,,deep,e,,,scDesign3,MOBSC,,0.16,0.3,0.9191594713982467,,,,,,,,,,,,,,,,,,,
DREAM,louvain,,deep,e,,,scDesign3,MOBSC,,0.01,0.18,0.9191594713982467,,,,,,,,,,,,,,,,,,,
DREAM,spectral,,deep,e,,,scDesign3,MOBSC,,0.15,0.29,0.9191594713982467,,,,,,,,,,,,,,,,,,,
EDGE,kmeans,,graph,e,,,scDesign3,MOBSC,,0.22,0.35,0.9191594713982467,,,,,,,,,,,,,,,,,,,
EDGE,louvain,,graph,e,,,scDesign3,MOBSC,,0.03,0.27,0.9191594713982467,,,,,,,,,,,,,,,,,,,
EDGE,spectral,,graph,e,,,scDesign3,MOBSC,,0.17,0.23,0.9191594713982467,,,,,,,,,,,,,,,,,,,
GLMPCA,kmeans,,linear,e,,,scDesign3,MOBSC,,0.45,0.52,0.9191594713982467,,,,,,,,,,,,,,,,,,,
GLMPCA,louvain,,linear,e,,,scDesign3,MOBSC,,0.01,0.24,0.9191594713982467,,,,,,,,,,,,,,,,,,,
GLMPCA,spectral,,linear,e,,,scDesign3,MOBSC,,0.36,0.45,0.9191594713982467,,,,,,,,,,,,,,,,,,,
IVIS,kmeans,,metric,e,,,scDesign3,MOBSC,,0.16,0.3,0.9191594713982467,,,,,,,,,,,,,,,,,,,
IVIS,louvain,,metric,e,,,scDesign3,MOBSC,,0.01,0.22,0.9191594713982467,,,,,,,,,,,,,,,,,,,
IVIS,spectral,,metric,e,,,scDesign3,MOBSC,,0.14,0.28,0.9191594713982467,,,,,,,,,,,,,,,,,,,
PCA,kmeans,,linear,e,,,scDesign3,MOBSC,,0.18,0.32,0.9191594713982467,,,,,,,,,,,,,,,,,,,
PCA,louvain,,linear,e,,,scDesign3,MOBSC,,0.01,0.2,0.9191594713982467,,,,,,,,,,,,,,,,,,,
PCA,spectral,,linear,e,,,scDesign3,MOBSC,,0.19,0.37,0.9191594713982467,,,,,,,,,,,,,,,,,,,
PHATE,kmeans,,graph,e,,,scDesign3,MOBSC,,0.4,0.45,0.9191594713982467,,,,,,,,,,,,,,,,,,,
PHATE,louvain,,graph,e,,,scDesign3,MOBSC,,0.01,0.24,0.9191594713982467,,,,,,,,,,,,,,,,,,,
PHATE,spectral,,graph,e,,,scDesign3,MOBSC,,0.39,0.44,0.9191594713982467,,,,,,,,,,,,,,,,,,,
PaCMAP,kmeans,,metric,e,,,scDesign3,MOBSC,,0.07,0.14,0.9191594713982467,,,,,,,,,,,,,,,,,,,
PaCMAP,louvain,,metric,e,,,scDesign3,MOBSC,,0.0,0.09,0.9191594713982467,,,,,,,,,,,,,,,,,,,
PaCMAP,spectral,,metric,e,,,scDesign3,MOBSC,,0.07,0.14,0.9191594713982467,,,,,,,,,,,,,,,,,,,
SAUCIE,kmeans,,deep,e,,,scDesign3,MOBSC,,0.06,0.08,0.9191594713982467,,,,,,,,,,,,,,,,,,,
SAUCIE,louvain,,deep,e,,,scDesign3,MOBSC,,0.0,0.06,0.9191594713982467,,,,,,,,,,,,,,,,,,,
SAUCIE,spectral,,deep,e,,,scDesign3,MOBSC,,0.04,0.07,0.9191594713982467,,,,,,,,,,,,,,,,,,,
SCDRHA,kmeans,,deep,e,,,scDesign3,MOBSC,,0.3,0.44,0.9191594713982467,,,,,,,,,,,,,,,,,,,
SCDRHA,louvain,,deep,e,,,scDesign3,MOBSC,,0.03,0.28,0.9191594713982467,,,,,,,,,,,,,,,,,,,
SCDRHA,spectral,,deep,e,,,scDesign3,MOBSC,,0.45,0.51,0.9191594713982467,,,,,,,,,,,,,,,,,,,
SPDR,kmeans,,graph,e,,,scDesign3,MOBSC,,0.16,0.3,0.9191594713982467,,,,,,,,,,,,,,,,,,,
SPDR,louvain,,graph,e,,,scDesign3,MOBSC,,0.01,0.24,0.9191594713982467,,,,,,,,,,,,,,,,,,,
SPDR,spectral,,graph,e,,,scDesign3,MOBSC,,0.18,0.33,0.9191594713982467,,,,,,,,,,,,,,,,,,,
SQuaD-MDS,kmeans,,metric,e,,,scDesign3,MOBSC,,0.08,0.2,0.9191594713982467,,,,,,,,,,,,,,,,,,,
SQuaD-MDS,louvain,,metric,e,,,scDesign3,MOBSC,,0.01,0.195,0.9191594713982467,,,,,,,,,,,,,,,,,,,
SQuaD-MDS,spectral,,metric,e,,,scDesign3,MOBSC,,0.11000000000000001,0.21500000000000002,0.9191594713982467,,,,,,,,,,,,,,,,,,,
SSNMDI,kmeans,,linear,e,,,scDesign3,MOBSC,,0.01,0.05,0.9191594713982467,,,,,,,,,,,,,,,,,,,
SSNMDI,louvain,,linear,e,,,scDesign3,MOBSC,,0.0,0.08,0.9191594713982467,,,,,,,,,,,,,,,,,,,
SSNMDI,spectral,,linear,e,,,scDesign3,MOBSC,,0.01,0.08,0.9191594713982467,,,,,,,,,,,,,,,,,,,
TriMap,kmeans,,metric,e,,,scDesign3,MOBSC,,0.24,0.34,0.9191594713982467,,,,,,,,,,,,,,,,,,,
TriMap,louvain,,metric,e,,,scDesign3,MOBSC,,0.01,0.25,0.9191594713982467,,,,,,,,,,,,,,,,,,,
TriMap,spectral,,metric,e,,,scDesign3,MOBSC,,0.43,0.49,0.9191594713982467,,,,,,,,,,,,,,,,,,,
UMAP,kmeans,,graph,e,,,scDesign3,MOBSC,,0.21,0.35,0.9191594713982467,,,,,,,,,,,,,,,,,,,
UMAP,louvain,,graph,e,,,scDesign3,MOBSC,,0.01,0.25,0.9191594713982467,,,,,,,,,,,,,,,,,,,
UMAP,spectral,,graph,e,,,scDesign3,MOBSC,,0.45,0.48,0.9191594713982467,,,,,,,,,,,,,,,,,,,
VAE,kmeans,,deep,e,,,scDesign3,MOBSC,,0.16,0.31,0.9191594713982467,,,,,,,,,,,,,,,,,,,
VAE,louvain,,deep,e,,,scDesign3,MOBSC,,0.01,0.24,0.9191594713982467,,,,,,,,,,,,,,,,,,,
VAE,spectral,,deep,e,,,scDesign3,MOBSC,,0.17,0.32,0.9191594713982467,,,,,,,,,,,,,,,,,,,
VASC,kmeans,,deep,e,,,scDesign3,MOBSC,,0.38,0.43,0.9191594713982467,,,,,,,,,,,,,,,,,,,
VASC,louvain,,deep,e,,,scDesign3,MOBSC,,0.01,0.22,0.9191594713982467,,,,,,,,,,,,,,,,,,,
VASC,spectral,,deep,e,,,scDesign3,MOBSC,,0.18,0.34,0.9191594713982467,,,,,,,,,,,,,,,,,,,
ZIFA,kmeans,,linear,e,,,scDesign3,MOBSC,,0.16,0.25,0.9191594713982467,,,,,,,,,,,,,,,,,,,
ZIFA,louvain,,linear,e,,,scDesign3,MOBSC,,0.01,0.15,0.9191594713982467,,,,,,,,,,,,,,,,,,,
ZIFA,spectral,,linear,e,,,scDesign3,MOBSC,,0.13,0.23,0.9191594713982467,,,,,,,,,,,,,,,,,,,
pCMF,kmeans,,linear,e,,,scDesign3,MOBSC,,0.1,0.11,0.9191594713982467,,,,,,,,,,,,,,,,,,,
pCMF,louvain,,linear,e,,,scDesign3,MOBSC,,0.02,0.08,0.9191594713982467,,,,,,,,,,,,,,,,,,,
pCMF,spectral,,linear,e,,,scDesign3,MOBSC,,0.23,0.17,0.9191594713982467,,,,,,,,,,,,,,,,,,,
scGAE,kmeans,,deep,e,,,scDesign3,MOBSC,,0.17,0.29,0.9191594713982467,,,,,,,,,,,,,,,,,,,
scGAE,louvain,,deep,e,,,scDesign3,MOBSC,,0.01,0.22,0.9191594713982467,,,,,,,,,,,,,,,,,,,
scGAE,spectral,,deep,e,,,scDesign3,MOBSC,,0.2,0.32,0.9191594713982467,,,,,,,,,,,,,,,,,,,
scGBM,kmeans,,linear,e,,,scDesign3,MOBSC,,0.45,0.52,0.9191594713982467,,,,,,,,,,,,,,,,,,,
scGBM,louvain,,linear,e,,,scDesign3,MOBSC,,0.03,0.28,0.9191594713982467,,,,,,,,,,,,,,,,,,,
scGBM,spectral,,linear,e,,,scDesign3,MOBSC,,0.38,0.47,0.9191594713982467,,,,,,,,,,,,,,,,,,,
scScope,kmeans,,deep,e,,,scDesign3,MOBSC,,0.17,0.26,0.9191594713982467,,,,,,,,,,,,,,,,,,,
scScope,louvain,,deep,e,,,scDesign3,MOBSC,,0.02,0.21,0.9191594713982467,,,,,,,,,,,,,,,,,,,
scScope,spectral,,deep,e,,,scDesign3,MOBSC,,0.15,0.25,0.9191594713982467,,,,,,,,,,,,,,,,,,,
scvis,kmeans,,deep,e,,,scDesign3,MOBSC,,0.47,0.48,0.9191594713982467,,,,,,,,,,,,,,,,,,,
scvis,louvain,,deep,e,,,scDesign3,MOBSC,,0.01,0.25,0.9191594713982467,,,,,,,,,,,,,,,,,,,
scvis,spectral,,deep,e,,,scDesign3,MOBSC,,0.19,0.32,0.9191594713982467,,,,,,,,,,,,,,,,,,,
t-SNE,kmeans,,metric,e,,,scDesign3,MOBSC,,0.2,0.39,0.9191594713982467,,,,,,,,,,,,,,,,,,,
t-SNE,louvain,,metric,e,,,scDesign3,MOBSC,,0.03,0.31,0.9191594713982467,,,,,,,,,,,,,,,,,,,
t-SNE,spectral,,metric,e,,,scDesign3,MOBSC,,0.43,0.43,0.9191594713982467,,,,,,,,,,,,,,,,,,,
tGPLVM,kmeans,,linear,e,,,scDesign3,MOBSC,,0.17,0.3,0.9191594713982467,,,,,,,,,,,,,,,,,,,
tGPLVM,louvain,,linear,e,,,scDesign3,MOBSC,,0.01,0.14,0.9191594713982467,,,,,,,,,,,,,,,,,,,
tGPLVM,spectral,,linear,e,,,scDesign3,MOBSC,,0.17,0.3,0.9191594713982467,,,,,,,,,,,,,,,,,,,
DRA,kmeans,,deep,e,,,scDesign3,OVARIAN,,0.0,0.01,0.9191594713982467,,,,,,,,,,,,,,,,,,,
DRA,louvain,,deep,e,,,scDesign3,OVARIAN,,0.0,0.02,0.9191594713982467,,,,,,,,,,,,,,,,,,,
DRA,spectral,,deep,e,,,scDesign3,OVARIAN,,0.0,0.01,0.9191594713982467,,,,,,,,,,,,,,,,,,,
DREAM,kmeans,,deep,e,,,scDesign3,OVARIAN,,-0.0,0.01,0.9191594713982467,,,,,,,,,,,,,,,,,,,
DREAM,louvain,,deep,e,,,scDesign3,OVARIAN,,0.0,0.02,0.9191594713982467,,,,,,,,,,,,,,,,,,,
DREAM,spectral,,deep,e,,,scDesign3,OVARIAN,,0.0,0.01,0.9191594713982467,,,,,,,,,,,,,,,,,,,
EDGE,kmeans,,graph,e,,,scDesign3,OVARIAN,,0.12,0.25,0.9191594713982467,,,,,,,,,,,,,,,,,,,
EDGE,louvain,,graph,e,,,scDesign3,OVARIAN,,0.07,0.3,0.9191594713982467,,,,,,,,,,,,,,,,,,,
EDGE,spectral,,graph,e,,,scDesign3,OVARIAN,,0.05,0.16,0.9191594713982467,,,,,,,,,,,,,,,,,,,
GLMPCA,kmeans,,linear,e,,,scDesign3,OVARIAN,,0.28,0.46,0.9191594713982467,,,,,,,,,,,,,,,,,,,
GLMPCA,louvain,,linear,e,,,scDesign3,OVARIAN,,0.14,0.41,0.9191594713982467,,,,,,,,,,,,,,,,,,,
GLMPCA,spectral,,linear,e,,,scDesign3,OVARIAN,,0.27,0.46,0.9191594713982467,,,,,,,,,,,,,,,,,,,
IVIS,kmeans,,metric,e,,,scDesign3,OVARIAN,,0.22,0.37,0.9191594713982467,,,,,,,,,,,,,,,,,,,
IVIS,louvain,,metric,e,,,scDesign3,OVARIAN,,0.13,0.36,0.9191594713982467,,,,,,,,,,,,,,,,,,,
IVIS,spectral,,metric,e,,,scDesign3,OVARIAN,,0.21,0.38,0.9191594713982467,,,,,,,,,,,,,,,,,,,
PCA,kmeans,,linear,e,,,scDesign3,OVARIAN,,0.2,0.39,0.9191594713982467,,,,,,,,,,,,,,,,,,,
PCA,louvain,,linear,e,,,scDesign3,OVARIAN,,0.1,0.36,0.9191594713982467,,,,,,,,,,,,,,,,,,,
PCA,spectral,,linear,e,,,scDesign3,OVARIAN,,0.19,0.37,0.9191594713982467,,,,,,,,,,,,,,,,,,,
PHATE,kmeans,,graph,e,,,scDesign3,OVARIAN,,0.14,0.26,0.9191594713982467,,,,,,,,,,,,,,,,,,,
PHATE,louvain,,graph,e,,,scDesign3,OVARIAN,,0.07,0.28,0.9191594713982467,,,,,,,,,,,,,,,,,,,
PHATE,spectral,,graph,e,,,scDesign3,OVARIAN,,0.11,0.25,0.9191594713982467,,,,,,,,,,,,,,,,,,,
PaCMAP,kmeans,,metric,e,,,scDesign3,OVARIAN,,-0.0,0.0,0.9191594713982467,,,,,,,,,,,,,,,,,,,
PaCMAP,louvain,,metric,e,,,scDesign3,OVARIAN,,-0.0,0.02,0.9191594713982467,,,,,,,,,,,,,,,,,,,
PaCMAP,spectral,,metric,e,,,scDesign3,OVARIAN,,0.0,0.01,0.9191594713982467,,,,,,,,,,,,,,,,,,,
SAUCIE,kmeans,,deep,e,,,scDesign3,OVARIAN,,0.16,0.26,0.9191594713982467,,,,,,,,,,,,,,,,,,,
SAUCIE,louvain,,deep,e,,,scDesign3,OVARIAN,,0.09,0.3,0.9191594713982467,,,,,,,,,,,,,,,,,,,
SAUCIE,spectral,,deep,e,,,scDesign3,OVARIAN,,0.16,0.32,0.9191594713982467,,,,,,,,,,,,,,,,,,,
SCDRHA,kmeans,,deep,e,,,scDesign3,OVARIAN,,0.2,0.29,0.9191594713982467,,,,,,,,,,,,,,,,,,,
SCDRHA,louvain,,deep,e,,,scDesign3,OVARIAN,,0.07,0.3,0.9191594713982467,,,,,,,,,,,,,,,,,,,
SCDRHA,spectral,,deep,e,,,scDesign3,OVARIAN,,0.18,0.3,0.9191594713982467,,,,,,,,,,,,,,,,,,,
SIMLR,kmeans,,graph,e,,,scDesign3,OVARIAN,,0.23,0.34,0.9191594713982467,,,,,,,,,,,,,,,,,,,
SIMLR,louvain,,graph,e,,,scDesign3,OVARIAN,,0.1,0.36,0.9191594713982467,,,,,,,,,,,,,,,,,,,
SIMLR,spectral,,graph,e,,,scDesign3,OVARIAN,,0.15,0.27,0.9191594713982467,,,,,,,,,,,,,,,,,,,
SPDR,kmeans,,graph,e,,,scDesign3,OVARIAN,,0.22,0.34,0.9191594713982467,,,,,,,,,,,,,,,,,,,
SPDR,louvain,,graph,e,,,scDesign3,OVARIAN,,0.1,0.34,0.9191594713982467,,,,,,,,,,,,,,,,,,,
SPDR,spectral,,graph,e,,,scDesign3,OVARIAN,,0.17,0.34,0.9191594713982467,,,,,,,,,,,,,,,,,,,
SQuaD-MDS,kmeans,,metric,e,,,scDesign3,OVARIAN,,0.16999999999999998,0.30000000000000004,0.9191594713982467,,,,,,,,,,,,,,,,,,,
SQuaD-MDS,louvain,,metric,e,,,scDesign3,OVARIAN,,0.105,0.33499999999999996,0.9191594713982467,,,,,,,,,,,,,,,,,,,
SQuaD-MDS,spectral,,metric,e,,,scDesign3,OVARIAN,,0.18,0.32999999999999996,0.9191594713982467,,,,,,,,,,,,,,,,,,,
SSNMDI,kmeans,,linear,e,,,scDesign3,OVARIAN,,-0.0,0.01,0.9191594713982467,,,,,,,,,,,,,,,,,,,
SSNMDI,louvain,,linear,e,,,scDesign3,OVARIAN,,-0.0,0.03,0.9191594713982467,,,,,,,,,,,,,,,,,,,
SSNMDI,spectral,,linear,e,,,scDesign3,OVARIAN,,0.0,0.01,0.9191594713982467,,,,,,,,,,,,,,,,,,,
TriMap,kmeans,,metric,e,,,scDesign3,OVARIAN,,0.17,0.32,0.9191594713982467,,,,,,,,,,,,,,,,,,,
TriMap,louvain,,metric,e,,,scDesign3,OVARIAN,,0.1,0.34,0.9191594713982467,,,,,,,,,,,,,,,,,,,
TriMap,spectral,,metric,e,,,scDesign3,OVARIAN,,0.15,0.31,0.9191594713982467,,,,,,,,,,,,,,,,,,,
UMAP,kmeans,,graph,e,,,scDesign3,OVARIAN,,0.19,0.35,0.9191594713982467,,,,,,,,,,,,,,,,,,,
UMAP,louvain,,graph,e,,,scDesign3,OVARIAN,,0.1,0.34,0.9191594713982467,,,,,,,,,,,,,,,,,,,
UMAP,spectral,,graph,e,,,scDesign3,OVARIAN,,0.18,0.35,0.9191594713982467,,,,,,,,,,,,,,,,,,,
VAE,kmeans,,deep,e,,,scDesign3,OVARIAN,,0.39,0.55,0.9191594713982467,,,,,,,,,,,,,,,,,,,
VAE,louvain,,deep,e,,,scDesign3,OVARIAN,,0.21,0.55,0.9191594713982467,,,,,,,,,,,,,,,,,,,
VAE,spectral,,deep,e,,,scDesign3,OVARIAN,,0.31,0.5,0.9191594713982467,,,,,,,,,,,,,,,,,,,
VASC,kmeans,,deep,e,,,scDesign3,OVARIAN,,0.22,0.44,0.9191594713982467,,,,,,,,,,,,,,,,,,,
VASC,louvain,,deep,e,,,scDesign3,OVARIAN,,0.13,0.4,0.9191594713982467,,,,,,,,,,,,,,,,,,,
VASC,spectral,,deep,e,,,scDesign3,OVARIAN,,0.25,0.44,0.9191594713982467,,,,,,,,,,,,,,,,,,,
ZIFA,kmeans,,linear,e,,,scDesign3,OVARIAN,,0.18,0.38,0.9191594713982467,,,,,,,,,,,,,,,,,,,
ZIFA,louvain,,linear,e,,,scDesign3,OVARIAN,,0.1,0.36,0.9191594713982467,,,,,,,,,,,,,,,,,,,
ZIFA,spectral,,linear,e,,,scDesign3,OVARIAN,,0.2,0.38,0.9191594713982467,,,,,,,,,,,,,,,,,,,
pCMF,kmeans,,linear,e,,,scDesign3,OVARIAN,,0.18,0.3,0.9191594713982467,,,,,,,,,,,,,,,,,,,
pCMF,louvain,,linear,e,,,scDesign3,OVARIAN,,0.09,0.3,0.9191594713982467,,,,,,,,,,,,,,,,,,,
pCMF,spectral,,linear,e,,,scDesign3,OVARIAN,,0.15,0.31,0.9191594713982467,,,,,,,,,,,,,,,,,,,
scGAE,kmeans,,deep,e,,,scDesign3,OVARIAN,,0.17,0.32,0.9191594713982467,,,,,,,,,,,,,,,,,,,
scGAE,louvain,,deep,e,,,scDesign3,OVARIAN,,0.07,0.32,0.9191594713982467,,,,,,,,,,,,,,,,,,,
scGAE,spectral,,deep,e,,,scDesign3,OVARIAN,,0.16,0.3,0.9191594713982467,,,,,,,,,,,,,,,,,,,
scGBM,kmeans,,linear,e,,,scDesign3,OVARIAN,,0.26,0.45,0.9191594713982467,,,,,,,,,,,,,,,,,,,
scGBM,louvain,,linear,e,,,scDesign3,OVARIAN,,0.13,0.41,0.9191594713982467,,,,,,,,,,,,,,,,,,,
scGBM,spectral,,linear,e,,,scDesign3,OVARIAN,,0.26,0.45,0.9191594713982467,,,,,,,,,,,,,,,,,,,
scScope,kmeans,,deep,e,,,scDesign3,OVARIAN,,0.14,0.3,0.9191594713982467,,,,,,,,,,,,,,,,,,,
scScope,louvain,,deep,e,,,scDesign3,OVARIAN,,0.08,0.33,0.9191594713982467,,,,,,,,,,,,,,,,,,,
scScope,spectral,,deep,e,,,scDesign3,OVARIAN,,0.13,0.29,0.9191594713982467,,,,,,,,,,,,,,,,,,,
scvis,kmeans,,deep,e,,,scDesign3,OVARIAN,,0.22,0.34,0.9191594713982467,,,,,,,,,,,,,,,,,,,
scvis,louvain,,deep,e,,,scDesign3,OVARIAN,,0.1,0.33,0.9191594713982467,,,,,,,,,,,,,,,,,,,
scvis,spectral,,deep,e,,,scDesign3,OVARIAN,,0.18,0.36,0.9191594713982467,,,,,,,,,,,,,,,,,,,
t-SNE,kmeans,,metric,e,,,scDesign3,OVARIAN,,0.42,0.57,0.9191594713982467,,,,,,,,,,,,,,,,,,,
t-SNE,louvain,,metric,e,,,scDesign3,OVARIAN,,0.22,0.56,0.9191594713982467,,,,,,,,,,,,,,,,,,,
t-SNE,spectral,,metric,e,,,scDesign3,OVARIAN,,0.41,0.58,0.9191594713982467,,,,,,,,,,,,,,,,,,,
tGPLVM,kmeans,,linear,e,,,scDesign3,OVARIAN,,0.01,0.03,0.9191594713982467,,,,,,,,,,,,,,,,,,,
tGPLVM,louvain,,linear,e,,,scDesign3,OVARIAN,,0.01,0.05,0.9191594713982467,,,,,,,,,,,,,,,,,,,
tGPLVM,spectral,,linear,e,,,scDesign3,OVARIAN,,0.01,0.03,0.9191594713982467,,,,,,,,,,,,,,,,,,,
DRA,kmeans,,deep,e,,,scDesign3,PANCREAS,,-0.0,0.0,0.9191594713982467,,,,,,,,,,,,,,,,,,,
DRA,louvain,,deep,e,,,scDesign3,PANCREAS,,0.0,0.01,0.9191594713982467,,,,,,,,,,,,,,,,,,,
DRA,spectral,,deep,e,,,scDesign3,PANCREAS,,-0.0,0.0,0.9191594713982467,,,,,,,,,,,,,,,,,,,
DREAM,kmeans,,deep,e,,,scDesign3,PANCREAS,,0.13,0.15,0.9191594713982467,,,,,,,,,,,,,,,,,,,
DREAM,louvain,,deep,e,,,scDesign3,PANCREAS,,0.04,0.12,0.9191594713982467,,,,,,,,,,,,,,,,,,,
DREAM,spectral,,deep,e,,,scDesign3,PANCREAS,,0.14,0.15,0.9191594713982467,,,,,,,,,,,,,,,,,,,
EDGE,kmeans,,graph,e,,,scDesign3,PANCREAS,,0.42,0.52,0.9191594713982467,,,,,,,,,,,,,,,,,,,
EDGE,louvain,,graph,e,,,scDesign3,PANCREAS,,0.15,0.4,0.9191594713982467,,,,,,,,,,,,,,,,,,,
EDGE,spectral,,graph,e,,,scDesign3,PANCREAS,,0.39,0.51,0.9191594713982467,,,,,,,,,,,,,,,,,,,
GLMPCA,kmeans,,linear,e,,,scDesign3,PANCREAS,,0.68,0.7,0.9191594713982467,,,,,,,,,,,,,,,,,,,
GLMPCA,louvain,,linear,e,,,scDesign3,PANCREAS,,0.18,0.51,0.9191594713982467,,,,,,,,,,,,,,,,,,,
GLMPCA,spectral,,linear,e,,,scDesign3,PANCREAS,,0.65,0.68,0.9191594713982467,,,,,,,,,,,,,,,,,,,
IVIS,kmeans,,metric,e,,,scDesign3,PANCREAS,,0.5,0.59,0.9191594713982467,,,,,,,,,,,,,,,,,,,
IVIS,louvain,,metric,e,,,scDesign3,PANCREAS,,0.15,0.44,0.9191594713982467,,,,,,,,,,,,,,,,,,,
IVIS,spectral,,metric,e,,,scDesign3,PANCREAS,,0.53,0.6,0.9191594713982467,,,,,,,,,,,,,,,,,,,
PCA,kmeans,,linear,e,,,scDesign3,PANCREAS,,0.59,0.65,0.9191594713982467,,,,,,,,,,,,,,,,,,,
PCA,louvain,,linear,e,,,scDesign3,PANCREAS,,0.16,0.48,0.9191594713982467,,,,,,,,,,,,,,,,,,,
PCA,spectral,,linear,e,,,scDesign3,PANCREAS,,0.41,0.56,0.9191594713982467,,,,,,,,,,,,,,,,,,,
PHATE,kmeans,,graph,e,,,scDesign3,PANCREAS,,0.44,0.57,0.9191594713982467,,,,,,,,,,,,,,,,,,,
PHATE,louvain,,graph,e,,,scDesign3,PANCREAS,,0.13,0.43,0.9191594713982467,,,,,,,,,,,,,,,,,,,
PHATE,spectral,,graph,e,,,scDesign3,PANCREAS,,0.55,0.61,0.9191594713982467,,,,,,,,,,,,,,,,,,,
PaCMAP,kmeans,,metric,e,,,scDesign3,PANCREAS,,0.0,0.0,0.9191594713982467,,,,,,,,,,,,,,,,,,,
PaCMAP,louvain,,metric,e,,,scDesign3,PANCREAS,,0.0,0.01,0.9191594713982467,,,,,,,,,,,,,,,,,,,
PaCMAP,spectral,,metric,e,,,scDesign3,PANCREAS,,0.0,0.0,0.9191594713982467,,,,,,,,,,,,,,,,,,,
SAUCIE,kmeans,,deep,e,,,scDesign3,PANCREAS,,0.36,0.47,0.9191594713982467,,,,,,,,,,,,,,,,,,,
SAUCIE,louvain,,deep,e,,,scDesign3,PANCREAS,,0.11,0.38,0.9191594713982467,,,,,,,,,,,,,,,,,,,
SAUCIE,spectral,,deep,e,,,scDesign3,PANCREAS,,0.46,0.5,0.9191594713982467,,,,,,,,,,,,,,,,,,,
SCDRHA,kmeans,,deep,e,,,scDesign3,PANCREAS,,0.26,0.43,0.9191594713982467,,,,,,,,,,,,,,,,,,,
SCDRHA,louvain,,deep,e,,,scDesign3,PANCREAS,,0.12,0.41,0.9191594713982467,,,,,,,,,,,,,,,,,,,
SCDRHA,spectral,,deep,e,,,scDesign3,PANCREAS,,0.48,0.57,0.9191594713982467,,,,,,,,,,,,,,,,,,,
SIMLR,kmeans,,graph,e,,,scDesign3,PANCREAS,,0.43,0.5,0.9191594713982467,,,,,,,,,,,,,,,,,,,
SIMLR,louvain,,graph,e,,,scDesign3,PANCREAS,,0.13,0.42,0.9191594713982467,,,,,,,,,,,,,,,,,,,
SIMLR,spectral,,graph,e,,,scDesign3,PANCREAS,,0.38,0.49,0.9191594713982467,,,,,,,,,,,,,,,,,,,
SPDR,kmeans,,graph,e,,,scDesign3,PANCREAS,,0.49,0.58,0.9191594713982467,,,,,,,,,,,,,,,,,,,
SPDR,louvain,,graph,e,,,scDesign3,PANCREAS,,0.13,0.43,0.9191594713982467,,,,,,,,,,,,,,,,,,,
SPDR,spectral,,graph,e,,,scDesign3,PANCREAS,,0.41,0.55,0.9191594713982467,,,,,,,,,,,,,,,,,,,
SQuaD-MDS,kmeans,,metric,e,,,scDesign3,PANCREAS,,0.43999999999999995,0.5349999999999999,0.9191594713982467,,,,,,,,,,,,,,,,,,,
SQuaD-MDS,louvain,,metric,e,,,scDesign3,PANCREAS,,0.14500000000000002,0.435,0.9191594713982467,,,,,,,,,,,,,,,,,,,
SQuaD-MDS,spectral,,metric,e,,,scDesign3,PANCREAS,,0.335,0.445,0.9191594713982467,,,,,,,,,,,,,,,,,,,
SSNMDI,kmeans,,linear,e,,,scDesign3,PANCREAS,,0.0,0.0,0.9191594713982467,,,,,,,,,,,,,,,,,,,
SSNMDI,louvain,,linear,e,,,scDesign3,PANCREAS,,-0.0,0.01,0.9191594713982467,,,,,,,,,,,,,,,,,,,
SSNMDI,spectral,,linear,e,,,scDesign3,PANCREAS,,0.0,0.0,0.9191594713982467,,,,,,,,,,,,,,,,,,,
TriMap,kmeans,,metric,e,,,scDesign3,PANCREAS,,0.45,0.57,0.9191594713982467,,,,,,,,,,,,,,,,,,,
TriMap,louvain,,metric,e,,,scDesign3,PANCREAS,,0.14,0.44,0.9191594713982467,,,,,,,,,,,,,,,,,,,
TriMap,spectral,,metric,e,,,scDesign3,PANCREAS,,0.47,0.58,0.9191594713982467,,,,,,,,,,,,,,,,,,,
UMAP,kmeans,,graph,e,,,scDesign3,PANCREAS,,0.52,0.6,0.9191594713982467,,,,,,,,,,,,,,,,,,,
UMAP,louvain,,graph,e,,,scDesign3,PANCREAS,,0.13,0.43,0.9191594713982467,,,,,,,,,,,,,,,,,,,
UMAP,spectral,,graph,e,,,scDesign3,PANCREAS,,0.49,0.59,0.9191594713982467,,,,,,,,,,,,,,,,,,,
VAE,kmeans,,deep,e,,,scDesign3,PANCREAS,,0.67,0.7,0.9191594713982467,,,,,,,,,,,,,,,,,,,
VAE,louvain,,deep,e,,,scDesign3,PANCREAS,,0.14,0.46,0.9191594713982467,,,,,,,,,,,,,,,,,,,
VAE,spectral,,deep,e,,,scDesign3,PANCREAS,,0.64,0.66,0.9191594713982467,,,,,,,,,,,,,,,,,,,
VASC,kmeans,,deep,e,,,scDesign3,PANCREAS,,0.61,0.68,0.9191594713982467,,,,,,,,,,,,,,,,,,,
VASC,louvain,,deep,e,,,scDesign3,PANCREAS,,0.16,0.5,0.9191594713982467,,,,,,,,,,,,,,,,,,,
VASC,spectral,,deep,e,,,scDesign3,PANCREAS,,0.45,0.6,0.9191594713982467,,,,,,,,,,,,,,,,,,,
ZIFA,kmeans,,linear,e,,,scDesign3,PANCREAS,,0.65,0.7,0.9191594713982467,,,,,,,,,,,,,,,,,,,
ZIFA,louvain,,linear,e,,,scDesign3,PANCREAS,,0.17,0.5,0.9191594713982467,,,,,,,,,,,,,,,,,,,
ZIFA,spectral,,linear,e,,,scDesign3,PANCREAS,,0.69,0.72,0.9191594713982467,,,,,,,,,,,,,,,,,,,
pCMF,kmeans,,linear,e,,,scDesign3,PANCREAS,,0.34,0.41,0.9191594713982467,,,,,,,,,,,,,,,,,,,
pCMF,louvain,,linear,e,,,scDesign3,PANCREAS,,0.1,0.32,0.9191594713982467,,,,,,,,,,,,,,,,,,,
pCMF,spectral,,linear,e,,,scDesign3,PANCREAS,,0.4,0.44,0.9191594713982467,,,,,,,,,,,,,,,,,,,
scGAE,kmeans,,deep,e,,,scDesign3,PANCREAS,,0.39,0.51,0.9191594713982467,,,,,,,,,,,,,,,,,,,
scGAE,louvain,,deep,e,,,scDesign3,PANCREAS,,0.11,0.41,0.9191594713982467,,,,,,,,,,,,,,,,,,,
scGAE,spectral,,deep,e,,,scDesign3,PANCREAS,,0.53,0.61,0.9191594713982467,,,,,,,,,,,,,,,,,,,
scGBM,kmeans,,linear,e,,,scDesign3,PANCREAS,,0.67,0.7,0.9191594713982467,,,,,,,,,,,,,,,,,,,
scGBM,louvain,,linear,e,,,scDesign3,PANCREAS,,0.18,0.51,0.9191594713982467,,,,,,,,,,,,,,,,,,,
scGBM,spectral,,linear,e,,,scDesign3,PANCREAS,,0.62,0.69,0.9191594713982467,,,,,,,,,,,,,,,,,,,
scScope,kmeans,,deep,e,,,scDesign3,PANCREAS,,0.43,0.55,0.9191594713982467,,,,,,,,,,,,,,,,,,,
scScope,louvain,,deep,e,,,scDesign3,PANCREAS,,0.13,0.41,0.9191594713982467,,,,,,,,,,,,,,,,,,,
scScope,spectral,,deep,e,,,scDesign3,PANCREAS,,0.49,0.56,0.9191594713982467,,,,,,,,,,,,,,,,,,,
scvis,kmeans,,deep,e,,,scDesign3,PANCREAS,,0.54,0.61,0.9191594713982467,,,,,,,,,,,,,,,,,,,
scvis,louvain,,deep,e,,,scDesign3,PANCREAS,,0.15,0.44,0.9191594713982467,,,,,,,,,,,,,,,,,,,
scvis,spectral,,deep,e,,,scDesign3,PANCREAS,,0.53,0.61,0.9191594713982467,,,,,,,,,,,,,,,,,,,
t-SNE,kmeans,,metric,e,,,scDesign3,PANCREAS,,0.7,0.73,0.9191594713982467,,,,,,,,,,,,,,,,,,,
t-SNE,louvain,,metric,e,,,scDesign3,PANCREAS,,0.16,0.5,0.9191594713982467,,,,,,,,,,,,,,,,,,,
t-SNE,spectral,,metric,e,,,scDesign3,PANCREAS,,0.73,0.75,0.9191594713982467,,,,,,,,,,,,,,,,,,,
tGPLVM,kmeans,,linear,e,,,scDesign3,PANCREAS,,0.12,0.17,0.9191594713982467,,,,,,,,,,,,,,,,,,,
tGPLVM,louvain,,linear,e,,,scDesign3,PANCREAS,,0.04,0.12,0.9191594713982467,,,,,,,,,,,,,,,,,,,
tGPLVM,spectral,,linear,e,,,scDesign3,PANCREAS,,0.13,0.14,0.9191594713982467,,,,,,,,,,,,,,,,,,,
DRA,kmeans,,deep,e,,,scDesign3,SCGEMMETH,,0.01,0.03,0.9191594713982467,,,,,,,,,,,,,,,,,,,
DRA,louvain,,deep,e,,,scDesign3,SCGEMMETH,,-0.01,0.03,0.9191594713982467,,,,,,,,,,,,,,,,,,,
DRA,spectral,,deep,e,,,scDesign3,SCGEMMETH,,0.01,0.04,0.9191594713982467,,,,,,,,,,,,,,,,,,,
DREAM,kmeans,,deep,e,,,scDesign3,SCGEMMETH,,0.23,0.33,0.9191594713982467,,,,,,,,,,,,,,,,,,,
DREAM,louvain,,deep,e,,,scDesign3,SCGEMMETH,,0.17,0.29,0.9191594713982467,,,,,,,,,,,,,,,,,,,
DREAM,spectral,,deep,e,,,scDesign3,SCGEMMETH,,0.23,0.3,0.9191594713982467,,,,,,,,,,,,,,,,,,,
EDGE,kmeans,,graph,e,,,scDesign3,SCGEMMETH,,0.47,0.5,0.9191594713982467,,,,,,,,,,,,,,,,,,,
EDGE,louvain,,graph,e,,,scDesign3,SCGEMMETH,,0.35,0.45,0.9191594713982467,,,,,,,,,,,,,,,,,,,
EDGE,spectral,,graph,e,,,scDesign3,SCGEMMETH,,0.42,0.46,0.9191594713982467,,,,,,,,,,,,,,,,,,,
GLMPCA,kmeans,,linear,e,,,scDesign3,SCGEMMETH,,0.17,0.32,0.9191594713982467,,,,,,,,,,,,,,,,,,,
GLMPCA,louvain,,linear,e,,,scDesign3,SCGEMMETH,,0.23,0.38,0.9191594713982467,,,,,,,,,,,,,,,,,,,
GLMPCA,spectral,,linear,e,,,scDesign3,SCGEMMETH,,0.36,0.42,0.9191594713982467,,,,,,,,,,,,,,,,,,,
IVIS,kmeans,,metric,e,,,scDesign3,SCGEMMETH,,0.28,0.37,0.9191594713982467,,,,,,,,,,,,,,,,,,,
IVIS,louvain,,metric,e,,,scDesign3,SCGEMMETH,,0.24,0.38,0.9191594713982467,,,,,,,,,,,,,,,,,,,
IVIS,spectral,,metric,e,,,scDesign3,SCGEMMETH,,0.36,0.42,0.9191594713982467,,,,,,,,,,,,,,,,,,,
PCA,kmeans,,linear,e,,,scDesign3,SCGEMMETH,,0.44,0.48,0.9191594713982467,,,,,,,,,,,,,,,,,,,
PCA,louvain,,linear,e,,,scDesign3,SCGEMMETH,,0.37,0.48,0.9191594713982467,,,,,,,,,,,,,,,,,,,
PCA,spectral,,linear,e,,,scDesign3,SCGEMMETH,,0.39,0.45,0.9191594713982467,,,,,,,,,,,,,,,,,,,
PHATE,kmeans,,graph,e,,,scDesign3,SCGEMMETH,,0.45,0.48,0.9191594713982467,,,,,,,,,,,,,,,,,,,
PHATE,louvain,,graph,e,,,scDesign3,SCGEMMETH,,0.31,0.45,0.9191594713982467,,,,,,,,,,,,,,,,,,,
PHATE,spectral,,graph,e,,,scDesign3,SCGEMMETH,,0.41,0.46,0.9191594713982467,,,,,,,,,,,,,,,,,,,
PaCMAP,kmeans,,metric,e,,,scDesign3,SCGEMMETH,,0.3,0.38,0.9191594713982467,,,,,,,,,,,,,,,,,,,
PaCMAP,louvain,,metric,e,,,scDesign3,SCGEMMETH,,0.27,0.41,0.9191594713982467,,,,,,,,,,,,,,,,,,,
PaCMAP,spectral,,metric,e,,,scDesign3,SCGEMMETH,,0.3,0.37,0.9191594713982467,,,,,,,,,,,,,,,,,,,
SAUCIE,kmeans,,deep,e,,,scDesign3,SCGEMMETH,,0.44,0.47,0.9191594713982467,,,,,,,,,,,,,,,,,,,
SAUCIE,louvain,,deep,e,,,scDesign3,SCGEMMETH,,0.29,0.43,0.9191594713982467,,,,,,,,,,,,,,,,,,,
SAUCIE,spectral,,deep,e,,,scDesign3,SCGEMMETH,,0.44,0.48,0.9191594713982467,,,,,,,,,,,,,,,,,,,
SCDRHA,kmeans,,deep,e,,,scDesign3,SCGEMMETH,,0.43,0.5,0.9191594713982467,,,,,,,,,,,,,,,,,,,
SCDRHA,louvain,,deep,e,,,scDesign3,SCGEMMETH,,0.35,0.46,0.9191594713982467,,,,,,,,,,,,,,,,,,,
SCDRHA,spectral,,deep,e,,,scDesign3,SCGEMMETH,,0.42,0.48,0.9191594713982467,,,,,,,,,,,,,,,,,,,
SIMLR,kmeans,,graph,e,,,scDesign3,SCGEMMETH,,0.43,0.46,0.9191594713982467,,,,,,,,,,,,,,,,,,,
SIMLR,louvain,,graph,e,,,scDesign3,SCGEMMETH,,0.37,0.44,0.9191594713982467,,,,,,,,,,,,,,,,,,,
SIMLR,spectral,,graph,e,,,scDesign3,SCGEMMETH,,0.36,0.39,0.9191594713982467,,,,,,,,,,,,,,,,,,,
SPDR,kmeans,,graph,e,,,scDesign3,SCGEMMETH,,0.49,0.52,0.9191594713982467,,,,,,,,,,,,,,,,,,,
SPDR,louvain,,graph,e,,,scDesign3,SCGEMMETH,,0.38,0.46,0.9191594713982467,,,,,,,,,,,,,,,,,,,
SPDR,spectral,,graph,e,,,scDesign3,SCGEMMETH,,0.47,0.5,0.9191594713982467,,,,,,,,,,,,,,,,,,,
SQuaD-MDS,kmeans,,metric,e,,,scDesign3,SCGEMMETH,,0.41,0.45,0.9191594713982467,,,,,,,,,,,,,,,,,,,
SQuaD-MDS,louvain,,metric,e,,,scDesign3,SCGEMMETH,,0.28,0.405,0.9191594713982467,,,,,,,,,,,,,,,,,,,
SQuaD-MDS,spectral,,metric,e,,,scDesign3,SCGEMMETH,,0.39,0.445,0.9191594713982467,,,,,,,,,,,,,,,,,,,
SSNMDI,kmeans,,linear,e,,,scDesign3,SCGEMMETH,,0.32,0.38,0.9191594713982467,,,,,,,,,,,,,,,,,,,
SSNMDI,louvain,,linear,e,,,scDesign3,SCGEMMETH,,0.26,0.38,0.9191594713982467,,,,,,,,,,,,,,,,,,,
SSNMDI,spectral,,linear,e,,,scDesign3,SCGEMMETH,,0.32,0.38,0.9191594713982467,,,,,,,,,,,,,,,,,,,
TriMap,kmeans,,metric,e,,,scDesign3,SCGEMMETH,,0.46,0.49,0.9191594713982467,,,,,,,,,,,,,,,,,,,
TriMap,louvain,,metric,e,,,scDesign3,SCGEMMETH,,0.3,0.44,0.9191594713982467,,,,,,,,,,,,,,,,,,,
TriMap,spectral,,metric,e,,,scDesign3,SCGEMMETH,,0.39,0.45,0.9191594713982467,,,,,,,,,,,,,,,,,,,
UMAP,kmeans,,graph,e,,,scDesign3,SCGEMMETH,,0.4,0.44,0.9191594713982467,,,,,,,,,,,,,,,,,,,
UMAP,louvain,,graph,e,,,scDesign3,SCGEMMETH,,0.33,0.45,0.9191594713982467,,,,,,,,,,,,,,,,,,,
UMAP,spectral,,graph,e,,,scDesign3,SCGEMMETH,,0.42,0.46,0.9191594713982467,,,,,,,,,,,,,,,,,,,
VAE,kmeans,,deep,e,,,scDesign3,SCGEMMETH,,0.43,0.47,0.9191594713982467,,,,,,,,,,,,,,,,,,,
VAE,louvain,,deep,e,,,scDesign3,SCGEMMETH,,0.28,0.4,0.9191594713982467,,,,,,,,,,,,,,,,,,,
VAE,spectral,,deep,e,,,scDesign3,SCGEMMETH,,0.4,0.46,0.9191594713982467,,,,,,,,,,,,,,,,,,,
VASC,kmeans,,deep,e,,,scDesign3,SCGEMMETH,,0.03,0.07,0.9191594713982467,,,,,,,,,,,,,,,,,,,
VASC,louvain,,deep,e,,,scDesign3,SCGEMMETH,,0.04,0.11,0.9191594713982467,,,,,,,,,,,,,,,,,,,
VASC,spectral,,deep,e,,,scDesign3,SCGEMMETH,,0.05,0.08,0.9191594713982467,,,,,,,,,,,,,,,,,,,
ZIFA,kmeans,,linear,e,,,scDesign3,SCGEMMETH,,0.04,0.08,0.9191594713982467,,,,,,,,,,,,,,,,,,,
ZIFA,louvain,,linear,e,,,scDesign3,SCGEMMETH,,0.11,0.21,0.9191594713982467,,,,,,,,,,,,,,,,,,,
ZIFA,spectral,,linear,e,,,scDesign3,SCGEMMETH,,0.11,0.15,0.9191594713982467,,,,,,,,,,,,,,,,,,,
pCMF,kmeans,,linear,e,,,scDesign3,SCGEMMETH,,0.36,0.4,0.9191594713982467,,,,,,,,,,,,,,,,,,,
pCMF,louvain,,linear,e,,,scDesign3,SCGEMMETH,,0.29,0.39,0.9191594713982467,,,,,,,,,,,,,,,,,,,
pCMF,spectral,,linear,e,,,scDesign3,SCGEMMETH,,0.33,0.39,0.9191594713982467,,,,,,,,,,,,,,,,,,,
scGAE,kmeans,,deep,e,,,scDesign3,SCGEMMETH,,0.39,0.45,0.9191594713982467,,,,,,,,,,,,,,,,,,,
scGAE,louvain,,deep,e,,,scDesign3,SCGEMMETH,,0.33,0.43,0.9191594713982467,,,,,,,,,,,,,,,,,,,
scGAE,spectral,,deep,e,,,scDesign3,SCGEMMETH,,0.4,0.46,0.9191594713982467,,,,,,,,,,,,,,,,,,,
scGBM,kmeans,,linear,e,,,scDesign3,SCGEMMETH,,0.47,0.51,0.9191594713982467,,,,,,,,,,,,,,,,,,,
scGBM,louvain,,linear,e,,,scDesign3,SCGEMMETH,,0.42,0.49,0.9191594713982467,,,,,,,,,,,,,,,,,,,
scGBM,spectral,,linear,e,,,scDesign3,SCGEMMETH,,0.51,0.54,0.9191594713982467,,,,,,,,,,,,,,,,,,,
scScope,kmeans,,deep,e,,,scDesign3,SCGEMMETH,,0.26,0.33,0.9191594713982467,,,,,,,,,,,,,,,,,,,
scScope,louvain,,deep,e,,,scDesign3,SCGEMMETH,,0.25,0.33,0.9191594713982467,,,,,,,,,,,,,,,,,,,
scScope,spectral,,deep,e,,,scDesign3,SCGEMMETH,,0.27,0.35,0.9191594713982467,,,,,,,,,,,,,,,,,,,
scvis,kmeans,,deep,e,,,scDesign3,SCGEMMETH,,0.39,0.43,0.9191594713982467,,,,,,,,,,,,,,,,,,,
scvis,louvain,,deep,e,,,scDesign3,SCGEMMETH,,0.29,0.41,0.9191594713982467,,,,,,,,,,,,,,,,,,,
scvis,spectral,,deep,e,,,scDesign3,SCGEMMETH,,0.39,0.43,0.9191594713982467,,,,,,,,,,,,,,,,,,,
t-SNE,kmeans,,metric,e,,,scDesign3,SCGEMMETH,,0.42,0.46,0.9191594713982467,,,,,,,,,,,,,,,,,,,
t-SNE,louvain,,metric,e,,,scDesign3,SCGEMMETH,,0.32,0.47,0.9191594713982467,,,,,,,,,,,,,,,,,,,
t-SNE,spectral,,metric,e,,,scDesign3,SCGEMMETH,,0.43,0.47,0.9191594713982467,,,,,,,,,,,,,,,,,,,
tGPLVM,kmeans,,linear,e,,,scDesign3,SCGEMMETH,,0.34,0.41,0.9191594713982467,,,,,,,,,,,,,,,,,,,
tGPLVM,louvain,,linear,e,,,scDesign3,SCGEMMETH,,0.37,0.45,0.9191594713982467,,,,,,,,,,,,,,,,,,,
tGPLVM,spectral,,linear,e,,,scDesign3,SCGEMMETH,,0.32,0.39,0.9191594713982467,,,,,,,,,,,,,,,,,,,
DRA,kmeans,,deep,e,,,scDesign3,SCGEMRNA,,-0.01,0.02,0.9191594713982467,,,,,,,,,,,,,,,,,,,
DRA,louvain,,deep,e,,,scDesign3,SCGEMRNA,,-0.01,0.03,0.9191594713982467,,,,,,,,,,,,,,,,,,,
DRA,spectral,,deep,e,,,scDesign3,SCGEMRNA,,-0.0,0.03,0.9191594713982467,,,,,,,,,,,,,,,,,,,
DREAM,kmeans,,deep,e,,,scDesign3,SCGEMRNA,,0.24,0.39,0.9191594713982467,,,,,,,,,,,,,,,,,,,
DREAM,louvain,,deep,e,,,scDesign3,SCGEMRNA,,0.22,0.38,0.9191594713982467,,,,,,,,,,,,,,,,,,,
DREAM,spectral,,deep,e,,,scDesign3,SCGEMRNA,,0.24,0.4,0.9191594713982467,,,,,,,,,,,,,,,,,,,
EDGE,kmeans,,graph,e,,,scDesign3,SCGEMRNA,,0.64,0.7,0.9191594713982467,,,,,,,,,,,,,,,,,,,
EDGE,louvain,,graph,e,,,scDesign3,SCGEMRNA,,0.58,0.7,0.9191594713982467,,,,,,,,,,,,,,,,,,,
EDGE,spectral,,graph,e,,,scDesign3,SCGEMRNA,,0.63,0.7,0.9191594713982467,,,,,,,,,,,,,,,,,,,
GLMPCA,kmeans,,linear,e,,,scDesign3,SCGEMRNA,,0.51,0.63,0.9191594713982467,,,,,,,,,,,,,,,,,,,
GLMPCA,louvain,,linear,e,,,scDesign3,SCGEMRNA,,0.46,0.6,0.9191594713982467,,,,,,,,,,,,,,,,,,,
GLMPCA,spectral,,linear,e,,,scDesign3,SCGEMRNA,,0.53,0.65,0.9191594713982467,,,,,,,,,,,,,,,,,,,
IVIS,kmeans,,metric,e,,,scDesign3,SCGEMRNA,,0.33,0.48,0.9191594713982467,,,,,,,,,,,,,,,,,,,
IVIS,louvain,,metric,e,,,scDesign3,SCGEMRNA,,0.43,0.57,0.9191594713982467,,,,,,,,,,,,,,,,,,,
IVIS,spectral,,metric,e,,,scDesign3,SCGEMRNA,,0.34,0.48,0.9191594713982467,,,,,,,,,,,,,,,,,,,
PCA,kmeans,,linear,e,,,scDesign3,SCGEMRNA,,0.58,0.66,0.9191594713982467,,,,,,,,,,,,,,,,,,,
PCA,louvain,,linear,e,,,scDesign3,SCGEMRNA,,0.47,0.58,0.9191594713982467,,,,,,,,,,,,,,,,,,,
PCA,spectral,,linear,e,,,scDesign3,SCGEMRNA,,0.58,0.64,0.9191594713982467,,,,,,,,,,,,,,,,,,,
PHATE,kmeans,,graph,e,,,scDesign3,SCGEMRNA,,0.73,0.74,0.9191594713982467,,,,,,,,,,,,,,,,,,,
PHATE,louvain,,graph,e,,,scDesign3,SCGEMRNA,,0.51,0.65,0.9191594713982467,,,,,,,,,,,,,,,,,,,
PHATE,spectral,,graph,e,,,scDesign3,SCGEMRNA,,0.68,0.71,0.9191594713982467,,,,,,,,,,,,,,,,,,,
PaCMAP,kmeans,,metric,e,,,scDesign3,SCGEMRNA,,0.43,0.52,0.9191594713982467,,,,,,,,,,,,,,,,,,,
PaCMAP,louvain,,metric,e,,,scDesign3,SCGEMRNA,,0.32,0.49,0.9191594713982467,,,,,,,,,,,,,,,,,,,
PaCMAP,spectral,,metric,e,,,scDesign3,SCGEMRNA,,0.45,0.53,0.9191594713982467,,,,,,,,,,,,,,,,,,,
SAUCIE,kmeans,,deep,e,,,scDesign3,SCGEMRNA,,0.66,0.7,0.9191594713982467,,,,,,,,,,,,,,,,,,,
SAUCIE,louvain,,deep,e,,,scDesign3,SCGEMRNA,,0.58,0.69,0.9191594713982467,,,,,,,,,,,,,,,,,,,
SAUCIE,spectral,,deep,e,,,scDesign3,SCGEMRNA,,0.73,0.75,0.9191594713982467,,,,,,,,,,,,,,,,,,,
SCDRHA,kmeans,,deep,e,,,scDesign3,SCGEMRNA,,0.62,0.67,0.9191594713982467,,,,,,,,,,,,,,,,,,,
SCDRHA,louvain,,deep,e,,,scDesign3,SCGEMRNA,,0.63,0.68,0.9191594713982467,,,,,,,,,,,,,,,,,,,
SCDRHA,spectral,,deep,e,,,scDesign3,SCGEMRNA,,0.64,0.69,0.9191594713982467,,,,,,,,,,,,,,,,,,,
SIMLR,kmeans,,graph,e,,,scDesign3,SCGEMRNA,,0.35,0.4,0.9191594713982467,,,,,,,,,,,,,,,,,,,
SIMLR,louvain,,graph,e,,,scDesign3,SCGEMRNA,,0.36,0.47,0.9191594713982467,,,,,,,,,,,,,,,,,,,
SIMLR,spectral,,graph,e,,,scDesign3,SCGEMRNA,,0.4,0.45,0.9191594713982467,,,,,,,,,,,,,,,,,,,
SPDR,kmeans,,graph,e,,,scDesign3,SCGEMRNA,,0.67,0.72,0.9191594713982467,,,,,,,,,,,,,,,,,,,
SPDR,louvain,,graph,e,,,scDesign3,SCGEMRNA,,0.45,0.64,0.9191594713982467,,,,,,,,,,,,,,,,,,,
SPDR,spectral,,graph,e,,,scDesign3,SCGEMRNA,,0.62,0.68,0.9191594713982467,,,,,,,,,,,,,,,,,,,
SQuaD-MDS,kmeans,,metric,e,,,scDesign3,SCGEMRNA,,0.605,0.645,0.9191594713982467,,,,,,,,,,,,,,,,,,,
SQuaD-MDS,louvain,,metric,e,,,scDesign3,SCGEMRNA,,0.49,0.6,0.9191594713982467,,,,,,,,,,,,,,,,,,,
SQuaD-MDS,spectral,,metric,e,,,scDesign3,SCGEMRNA,,0.62,0.6699999999999999,0.9191594713982467,,,,,,,,,,,,,,,,,,,
SSNMDI,kmeans,,linear,e,,,scDesign3,SCGEMRNA,,0.3,0.41,0.9191594713982467,,,,,,,,,,,,,,,,,,,
SSNMDI,louvain,,linear,e,,,scDesign3,SCGEMRNA,,0.3,0.45,0.9191594713982467,,,,,,,,,,,,,,,,,,,
SSNMDI,spectral,,linear,e,,,scDesign3,SCGEMRNA,,0.32,0.43,0.9191594713982467,,,,,,,,,,,,,,,,,,,
TriMap,kmeans,,metric,e,,,scDesign3,SCGEMRNA,,0.67,0.71,0.9191594713982467,,,,,,,,,,,,,,,,,,,
TriMap,louvain,,metric,e,,,scDesign3,SCGEMRNA,,0.53,0.67,0.9191594713982467,,,,,,,,,,,,,,,,,,,
TriMap,spectral,,metric,e,,,scDesign3,SCGEMRNA,,0.69,0.73,0.9191594713982467,,,,,,,,,,,,,,,,,,,
UMAP,kmeans,,graph,e,,,scDesign3,SCGEMRNA,,0.67,0.72,0.9191594713982467,,,,,,,,,,,,,,,,,,,
UMAP,louvain,,graph,e,,,scDesign3,SCGEMRNA,,0.47,0.65,0.9191594713982467,,,,,,,,,,,,,,,,,,,
UMAP,spectral,,graph,e,,,scDesign3,SCGEMRNA,,0.64,0.69,0.9191594713982467,,,,,,,,,,,,,,,,,,,
VAE,kmeans,,deep,e,,,scDesign3,SCGEMRNA,,0.57,0.63,0.9191594713982467,,,,,,,,,,,,,,,,,,,
VAE,louvain,,deep,e,,,scDesign3,SCGEMRNA,,0.51,0.63,0.9191594713982467,,,,,,,,,,,,,,,,,,,
VAE,spectral,,deep,e,,,scDesign3,SCGEMRNA,,0.58,0.64,0.9191594713982467,,,,,,,,,,,,,,,,,,,
VASC,kmeans,,deep,e,,,scDesign3,SCGEMRNA,,0.39,0.52,0.9191594713982467,,,,,,,,,,,,,,,,,,,
VASC,louvain,,deep,e,,,scDesign3,SCGEMRNA,,0.28,0.47,0.9191594713982467,,,,,,,,,,,,,,,,,,,
VASC,spectral,,deep,e,,,scDesign3,SCGEMRNA,,0.33,0.48,0.9191594713982467,,,,,,,,,,,,,,,,,,,
ZIFA,kmeans,,linear,e,,,scDesign3,SCGEMRNA,,0.55,0.66,0.9191594713982467,,,,,,,,,,,,,,,,,,,
ZIFA,louvain,,linear,e,,,scDesign3,SCGEMRNA,,0.42,0.57,0.9191594713982467,,,,,,,,,,,,,,,,,,,
ZIFA,spectral,,linear,e,,,scDesign3,SCGEMRNA,,0.6,0.67,0.9191594713982467,,,,,,,,,,,,,,,,,,,
pCMF,kmeans,,linear,e,,,scDesign3,SCGEMRNA,,0.16,0.28,0.9191594713982467,,,,,,,,,,,,,,,,,,,
pCMF,louvain,,linear,e,,,scDesign3,SCGEMRNA,,0.21,0.32,0.9191594713982467,,,,,,,,,,,,,,,,,,,
pCMF,spectral,,linear,e,,,scDesign3,SCGEMRNA,,0.18,0.28,0.9191594713982467,,,,,,,,,,,,,,,,,,,
scGAE,kmeans,,deep,e,,,scDesign3,SCGEMRNA,,0.66,0.72,0.9191594713982467,,,,,,,,,,,,,,,,,,,
scGAE,louvain,,deep,e,,,scDesign3,SCGEMRNA,,0.55,0.67,0.9191594713982467,,,,,,,,,,,,,,,,,,,
scGAE,spectral,,deep,e,,,scDesign3,SCGEMRNA,,0.65,0.72,0.9191594713982467,,,,,,,,,,,,,,,,,,,
scGBM,kmeans,,linear,e,,,scDesign3,SCGEMRNA,,0.52,0.66,0.9191594713982467,,,,,,,,,,,,,,,,,,,
scGBM,louvain,,linear,e,,,scDesign3,SCGEMRNA,,0.48,0.63,0.9191594713982467,,,,,,,,,,,,,,,,,,,
scGBM,spectral,,linear,e,,,scDesign3,SCGEMRNA,,0.62,0.69,0.9191594713982467,,,,,,,,,,,,,,,,,,,
scScope,kmeans,,deep,e,,,scDesign3,SCGEMRNA,,0.35,0.45,0.9191594713982467,,,,,,,,,,,,,,,,,,,
scScope,louvain,,deep,e,,,scDesign3,SCGEMRNA,,0.35,0.51,0.9191594713982467,,,,,,,,,,,,,,,,,,,
scScope,spectral,,deep,e,,,scDesign3,SCGEMRNA,,0.33,0.45,0.9191594713982467,,,,,,,,,,,,,,,,,,,
scvis,kmeans,,deep,e,,,scDesign3,SCGEMRNA,,0.74,0.75,0.9191594713982467,,,,,,,,,,,,,,,,,,,
scvis,louvain,,deep,e,,,scDesign3,SCGEMRNA,,0.58,0.68,0.9191594713982467,,,,,,,,,,,,,,,,,,,
scvis,spectral,,deep,e,,,scDesign3,SCGEMRNA,,0.71,0.74,0.9191594713982467,,,,,,,,,,,,,,,,,,,
t-SNE,kmeans,,metric,e,,,scDesign3,SCGEMRNA,,0.59,0.65,0.9191594713982467,,,,,,,,,,,,,,,,,,,
t-SNE,louvain,,metric,e,,,scDesign3,SCGEMRNA,,0.53,0.63,0.9191594713982467,,,,,,,,,,,,,,,,,,,
t-SNE,spectral,,metric,e,,,scDesign3,SCGEMRNA,,0.59,0.65,0.9191594713982467,,,,,,,,,,,,,,,,,,,
tGPLVM,kmeans,,linear,e,,,scDesign3,SCGEMRNA,,0.35,0.47,0.9191594713982467,,,,,,,,,,,,,,,,,,,
tGPLVM,louvain,,linear,e,,,scDesign3,SCGEMRNA,,0.3,0.46,0.9191594713982467,,,,,,,,,,,,,,,,,,,
tGPLVM,spectral,,linear,e,,,scDesign3,SCGEMRNA,,0.35,0.47,0.9191594713982467,,,,,,,,,,,,,,,,,,,
DRA,kmeans,,deep,e,,,scDesign3,SCIATAC,,-0.0,0.01,0.9191594713982467,,,,,,,,,,,,,,,,,,,
DRA,louvain,,deep,e,,,scDesign3,SCIATAC,,0.0,0.03,0.9191594713982467,,,,,,,,,,,,,,,,,,,
DRA,spectral,,deep,e,,,scDesign3,SCIATAC,,0.0,0.01,0.9191594713982467,,,,,,,,,,,,,,,,,,,
DREAM,kmeans,,deep,e,,,scDesign3,SCIATAC,,-0.0,0.01,0.9191594713982467,,,,,,,,,,,,,,,,,,,
DREAM,louvain,,deep,e,,,scDesign3,SCIATAC,,-0.0,0.03,0.9191594713982467,,,,,,,,,,,,,,,,,,,
DREAM,spectral,,deep,e,,,scDesign3,SCIATAC,,-0.0,0.01,0.9191594713982467,,,,,,,,,,,,,,,,,,,
EDGE,kmeans,,graph,e,,,scDesign3,SCIATAC,,0.06,0.08,0.9191594713982467,,,,,,,,,,,,,,,,,,,
EDGE,louvain,,graph,e,,,scDesign3,SCIATAC,,0.02,0.12,0.9191594713982467,,,,,,,,,,,,,,,,,,,
EDGE,spectral,,graph,e,,,scDesign3,SCIATAC,,0.06,0.1,0.9191594713982467,,,,,,,,,,,,,,,,,,,
GLMPCA,kmeans,,linear,e,,,scDesign3,SCIATAC,,0.21,0.33,0.9191594713982467,,,,,,,,,,,,,,,,,,,
GLMPCA,louvain,,linear,e,,,scDesign3,SCIATAC,,0.06,0.27,0.9191594713982467,,,,,,,,,,,,,,,,,,,
GLMPCA,spectral,,linear,e,,,scDesign3,SCIATAC,,0.18,0.32,0.9191594713982467,,,,,,,,,,,,,,,,,,,
IVIS,kmeans,,metric,e,,,scDesign3,SCIATAC,,0.1,0.16,0.9191594713982467,,,,,,,,,,,,,,,,,,,
IVIS,louvain,,metric,e,,,scDesign3,SCIATAC,,0.04,0.16,0.9191594713982467,,,,,,,,,,,,,,,,,,,
IVIS,spectral,,metric,e,,,scDesign3,SCIATAC,,0.1,0.17,0.9191594713982467,,,,,,,,,,,,,,,,,,,
PCA,kmeans,,linear,e,,,scDesign3,SCIATAC,,0.09,0.12,0.9191594713982467,,,,,,,,,,,,,,,,,,,
PCA,louvain,,linear,e,,,scDesign3,SCIATAC,,0.03,0.14,0.9191594713982467,,,,,,,,,,,,,,,,,,,
PCA,spectral,,linear,e,,,scDesign3,SCIATAC,,0.08,0.14,0.9191594713982467,,,,,,,,,,,,,,,,,,,
PHATE,kmeans,,graph,e,,,scDesign3,SCIATAC,,0.06,0.13,0.9191594713982467,,,,,,,,,,,,,,,,,,,
PHATE,louvain,,graph,e,,,scDesign3,SCIATAC,,0.03,0.14,0.9191594713982467,,,,,,,,,,,,,,,,,,,
PHATE,spectral,,graph,e,,,scDesign3,SCIATAC,,0.06,0.13,0.9191594713982467,,,,,,,,,,,,,,,,,,,
PaCMAP,kmeans,,metric,e,,,scDesign3,SCIATAC,,0.04,0.08,0.9191594713982467,,,,,,,,,,,,,,,,,,,
PaCMAP,louvain,,metric,e,,,scDesign3,SCIATAC,,0.01,0.1,0.9191594713982467,,,,,,,,,,,,,,,,,,,
PaCMAP,spectral,,metric,e,,,scDesign3,SCIATAC,,0.04,0.08,0.9191594713982467,,,,,,,,,,,,,,,,,,,
SAUCIE,kmeans,,deep,e,,,scDesign3,SCIATAC,,0.04,0.05,0.9191594713982467,,,,,,,,,,,,,,,,,,,
SAUCIE,louvain,,deep,e,,,scDesign3,SCIATAC,,0.0,0.06,0.9191594713982467,,,,,,,,,,,,,,,,,,,
SAUCIE,spectral,,deep,e,,,scDesign3,SCIATAC,,0.01,0.05,0.9191594713982467,,,,,,,,,,,,,,,,,,,
SCDRHA,kmeans,,deep,e,,,scDesign3,SCIATAC,,0.06,0.07,0.9191594713982467,,,,,,,,,,,,,,,,,,,
SCDRHA,louvain,,deep,e,,,scDesign3,SCIATAC,,0.02,0.1,0.9191594713982467,,,,,,,,,,,,,,,,,,,
SCDRHA,spectral,,deep,e,,,scDesign3,SCIATAC,,0.04,0.09,0.9191594713982467,,,,,,,,,,,,,,,,,,,
SIMLR,kmeans,,graph,e,,,scDesign3,SCIATAC,,0.03,0.05,0.9191594713982467,,,,,,,,,,,,,,,,,,,
SIMLR,louvain,,graph,e,,,scDesign3,SCIATAC,,0.02,0.07,0.9191594713982467,,,,,,,,,,,,,,,,,,,
SIMLR,spectral,,graph,e,,,scDesign3,SCIATAC,,0.03,0.04,0.9191594713982467,,,,,,,,,,,,,,,,,,,
SPDR,kmeans,,graph,e,,,scDesign3,SCIATAC,,0.07,0.14,0.9191594713982467,,,,,,,,,,,,,,,,,,,
SPDR,louvain,,graph,e,,,scDesign3,SCIATAC,,0.03,0.16,0.9191594713982467,,,,,,,,,,,,,,,,,,,
SPDR,spectral,,graph,e,,,scDesign3,SCIATAC,,0.07,0.13,0.9191594713982467,,,,,,,,,,,,,,,,,,,
SQuaD-MDS,kmeans,,metric,e,,,scDesign3,SCIATAC,,0.01,0.045,0.9191594713982467,,,,,,,,,,,,,,,,,,,
SQuaD-MDS,louvain,,metric,e,,,scDesign3,SCIATAC,,0.01,0.055,0.9191594713982467,,,,,,,,,,,,,,,,,,,
SQuaD-MDS,spectral,,metric,e,,,scDesign3,SCIATAC,,0.015,0.04,0.9191594713982467,,,,,,,,,,,,,,,,,,,
SSNMDI,kmeans,,linear,e,,,scDesign3,SCIATAC,,0.04,0.09,0.9191594713982467,,,,,,,,,,,,,,,,,,,
SSNMDI,louvain,,linear,e,,,scDesign3,SCIATAC,,0.02,0.12,0.9191594713982467,,,,,,,,,,,,,,,,,,,
SSNMDI,spectral,,linear,e,,,scDesign3,SCIATAC,,0.04,0.1,0.9191594713982467,,,,,,,,,,,,,,,,,,,
TriMap,kmeans,,metric,e,,,scDesign3,SCIATAC,,0.06,0.11,0.9191594713982467,,,,,,,,,,,,,,,,,,,
TriMap,louvain,,metric,e,,,scDesign3,SCIATAC,,0.02,0.14,0.9191594713982467,,,,,,,,,,,,,,,,,,,
TriMap,spectral,,metric,e,,,scDesign3,SCIATAC,,0.06,0.11,0.9191594713982467,,,,,,,,,,,,,,,,,,,
UMAP,kmeans,,graph,e,,,scDesign3,SCIATAC,,0.04,0.07,0.9191594713982467,,,,,,,,,,,,,,,,,,,
UMAP,louvain,,graph,e,,,scDesign3,SCIATAC,,0.01,0.08,0.9191594713982467,,,,,,,,,,,,,,,,,,,
UMAP,spectral,,graph,e,,,scDesign3,SCIATAC,,0.04,0.07,0.9191594713982467,,,,,,,,,,,,,,,,,,,
VAE,kmeans,,deep,e,,,scDesign3,SCIATAC,,0.02,0.06,0.9191594713982467,,,,,,,,,,,,,,,,,,,
VAE,louvain,,deep,e,,,scDesign3,SCIATAC,,0.01,0.09,0.9191594713982467,,,,,,,,,,,,,,,,,,,
VAE,spectral,,deep,e,,,scDesign3,SCIATAC,,0.04,0.06,0.9191594713982467,,,,,,,,,,,,,,,,,,,
VASC,kmeans,,deep,e,,,scDesign3,SCIATAC,,0.05,0.06,0.9191594713982467,,,,,,,,,,,,,,,,,,,
VASC,louvain,,deep,e,,,scDesign3,SCIATAC,,0.0,0.07,0.9191594713982467,,,,,,,,,,,,,,,,,,,
VASC,spectral,,deep,e,,,scDesign3,SCIATAC,,0.03,0.06,0.9191594713982467,,,,,,,,,,,,,,,,,,,
ZIFA,kmeans,,linear,e,,,scDesign3,SCIATAC,,0.15,0.28,0.9191594713982467,,,,,,,,,,,,,,,,,,,
ZIFA,louvain,,linear,e,,,scDesign3,SCIATAC,,0.05,0.24,0.9191594713982467,,,,,,,,,,,,,,,,,,,
ZIFA,spectral,,linear,e,,,scDesign3,SCIATAC,,0.14,0.28,0.9191594713982467,,,,,,,,,,,,,,,,,,,
pCMF,kmeans,,linear,e,,,scDesign3,SCIATAC,,0.01,0.02,0.9191594713982467,,,,,,,,,,,,,,,,,,,
pCMF,louvain,,linear,e,,,scDesign3,SCIATAC,,0.01,0.02,0.9191594713982467,,,,,,,,,,,,,,,,,,,
pCMF,spectral,,linear,e,,,scDesign3,SCIATAC,,0.01,0.02,0.9191594713982467,,,,,,,,,,,,,,,,,,,
scGAE,kmeans,,deep,e,,,scDesign3,SCIATAC,,0.03,0.06,0.9191594713982467,,,,,,,,,,,,,,,,,,,
scGAE,louvain,,deep,e,,,scDesign3,SCIATAC,,0.01,0.08,0.9191594713982467,,,,,,,,,,,,,,,,,,,
scGAE,spectral,,deep,e,,,scDesign3,SCIATAC,,0.03,0.06,0.9191594713982467,,,,,,,,,,,,,,,,,,,
scGBM,kmeans,,linear,e,,,scDesign3,SCIATAC,,0.2,0.31,0.9191594713982467,,,,,,,,,,,,,,,,,,,
scGBM,louvain,,linear,e,,,scDesign3,SCIATAC,,0.06,0.26,0.9191594713982467,,,,,,,,,,,,,,,,,,,
scGBM,spectral,,linear,e,,,scDesign3,SCIATAC,,0.17,0.31,0.9191594713982467,,,,,,,,,,,,,,,,,,,
scScope,kmeans,,deep,e,,,scDesign3,SCIATAC,,0.01,0.03,0.9191594713982467,,,,,,,,,,,,,,,,,,,
scScope,louvain,,deep,e,,,scDesign3,SCIATAC,,0.0,0.04,0.9191594713982467,,,,,,,,,,,,,,,,,,,
scScope,spectral,,deep,e,,,scDesign3,SCIATAC,,0.01,0.03,0.9191594713982467,,,,,,,,,,,,,,,,,,,
scvis,kmeans,,deep,e,,,scDesign3,SCIATAC,,0.02,0.03,0.9191594713982467,,,,,,,,,,,,,,,,,,,
scvis,louvain,,deep,e,,,scDesign3,SCIATAC,,0.0,0.04,0.9191594713982467,,,,,,,,,,,,,,,,,,,
scvis,spectral,,deep,e,,,scDesign3,SCIATAC,,0.01,0.03,0.9191594713982467,,,,,,,,,,,,,,,,,,,
t-SNE,kmeans,,metric,e,,,scDesign3,SCIATAC,,0.13,0.23,0.9191594713982467,,,,,,,,,,,,,,,,,,,
t-SNE,louvain,,metric,e,,,scDesign3,SCIATAC,,0.05,0.21,0.9191594713982467,,,,,,,,,,,,,,,,,,,
t-SNE,spectral,,metric,e,,,scDesign3,SCIATAC,,0.12,0.24,0.9191594713982467,,,,,,,,,,,,,,,,,,,
tGPLVM,kmeans,,linear,e,,,scDesign3,SCIATAC,,0.01,0.03,0.9191594713982467,,,,,,,,,,,,,,,,,,,
tGPLVM,louvain,,linear,e,,,scDesign3,SCIATAC,,0.0,0.04,0.9191594713982467,,,,,,,,,,,,,,,,,,,
tGPLVM,spectral,,linear,e,,,scDesign3,SCIATAC,,0.01,0.03,0.9191594713982467,,,,,,,,,,,,,,,,,,,
DRA,kmeans,,deep,e,,,scDesign3,SLIDE,,-0.0,0.0,0.9191594713982467,,,,,,,,,,,,,,,,,,,
DRA,louvain,,deep,e,,,scDesign3,SLIDE,,0.0,0.01,0.9191594713982467,,,,,,,,,,,,,,,,,,,
DRA,spectral,,deep,e,,,scDesign3,SLIDE,,0.0,0.0,0.9191594713982467,,,,,,,,,,,,,,,,,,,
DREAM,kmeans,,deep,e,,,scDesign3,SLIDE,,0.0,0.0,0.9191594713982467,,,,,,,,,,,,,,,,,,,
DREAM,louvain,,deep,e,,,scDesign3,SLIDE,,-0.0,0.01,0.9191594713982467,,,,,,,,,,,,,,,,,,,
DREAM,spectral,,deep,e,,,scDesign3,SLIDE,,0.0,0.0,0.9191594713982467,,,,,,,,,,,,,,,,,,,
EDGE,kmeans,,graph,e,,,scDesign3,SLIDE,,0.02,0.03,0.9191594713982467,,,,,,,,,,,,,,,,,,,
EDGE,louvain,,graph,e,,,scDesign3,SLIDE,,0.0,0.04,0.9191594713982467,,,,,,,,,,,,,,,,,,,
EDGE,spectral,,graph,e,,,scDesign3,SLIDE,,0.01,0.02,0.9191594713982467,,,,,,,,,,,,,,,,,,,
GLMPCA,kmeans,,linear,e,,,scDesign3,SLIDE,,0.09,0.18,0.9191594713982467,,,,,,,,,,,,,,,,,,,
GLMPCA,louvain,,linear,e,,,scDesign3,SLIDE,,0.02,0.14,0.9191594713982467,,,,,,,,,,,,,,,,,,,
GLMPCA,spectral,,linear,e,,,scDesign3,SLIDE,,0.08,0.17,0.9191594713982467,,,,,,,,,,,,,,,,,,,
IVIS,kmeans,,metric,e,,,scDesign3,SLIDE,,0.07,0.11,0.9191594713982467,,,,,,,,,,,,,,,,,,,
IVIS,louvain,,metric,e,,,scDesign3,SLIDE,,0.01,0.09,0.9191594713982467,,,,,,,,,,,,,,,,,,,
IVIS,spectral,,metric,e,,,scDesign3,SLIDE,,0.04,0.11,0.9191594713982467,,,,,,,,,,,,,,,,,,,
PCA,kmeans,,linear,e,,,scDesign3,SLIDE,,-0.03,0.07,0.9191594713982467,,,,,,,,,,,,,,,,,,,
PCA,louvain,,linear,e,,,scDesign3,SLIDE,,0.01,0.09,0.9191594713982467,,,,,,,,,,,,,,,,,,,
PCA,spectral,,linear,e,,,scDesign3,SLIDE,,0.03,0.08,0.9191594713982467,,,,,,,,,,,,,,,,,,,
PHATE,kmeans,,graph,e,,,scDesign3,SLIDE,,0.07,0.12,0.9191594713982467,,,,,,,,,,,,,,,,,,,
PHATE,louvain,,graph,e,,,scDesign3,SLIDE,,0.01,0.09,0.9191594713982467,,,,,,,,,,,,,,,,,,,
PHATE,spectral,,graph,e,,,scDesign3,SLIDE,,0.04,0.1,0.9191594713982467,,,,,,,,,,,,,,,,,,,
PaCMAP,kmeans,,metric,e,,,scDesign3,SLIDE,,0.0,0.0,0.9191594713982467,,,,,,,,,,,,,,,,,,,
PaCMAP,louvain,,metric,e,,,scDesign3,SLIDE,,-0.0,0.01,0.9191594713982467,,,,,,,,,,,,,,,,,,,
PaCMAP,spectral,,metric,e,,,scDesign3,SLIDE,,-0.0,0.0,0.9191594713982467,,,,,,,,,,,,,,,,,,,
SAUCIE,kmeans,,deep,e,,,scDesign3,SLIDE,,-0.0,0.03,0.9191594713982467,,,,,,,,,,,,,,,,,,,
SAUCIE,louvain,,deep,e,,,scDesign3,SLIDE,,0.0,0.02,0.9191594713982467,,,,,,,,,,,,,,,,,,,
SAUCIE,spectral,,deep,e,,,scDesign3,SLIDE,,0.01,0.02,0.9191594713982467,,,,,,,,,,,,,,,,,,,
SCDRHA,kmeans,,deep,e,,,scDesign3,SLIDE,,-0.02,0.03,0.9191594713982467,,,,,,,,,,,,,,,,,,,
SCDRHA,louvain,,deep,e,,,scDesign3,SLIDE,,0.0,0.03,0.9191594713982467,,,,,,,,,,,,,,,,,,,
SCDRHA,spectral,,deep,e,,,scDesign3,SLIDE,,0.01,0.03,0.9191594713982467,,,,,,,,,,,,,,,,,,,
SPDR,kmeans,,graph,e,,,scDesign3,SLIDE,,0.06,0.11,0.9191594713982467,,,,,,,,,,,,,,,,,,,
SPDR,louvain,,graph,e,,,scDesign3,SLIDE,,0.01,0.09,0.9191594713982467,,,,,,,,,,,,,,,,,,,
SPDR,spectral,,graph,e,,,scDesign3,SLIDE,,0.06,0.11,0.9191594713982467,,,,,,,,,,,,,,,,,,,
SQuaD-MDS,kmeans,,metric,e,,,scDesign3,SLIDE,,0.015,0.060000000000000005,0.9191594713982467,,,,,,,,,,,,,,,,,,,
SQuaD-MDS,louvain,,metric,e,,,scDesign3,SLIDE,,0.005,0.060000000000000005,0.9191594713982467,,,,,,,,,,,,,,,,,,,
SQuaD-MDS,spectral,,metric,e,,,scDesign3,SLIDE,,0.02,0.060000000000000005,0.9191594713982467,,,,,,,,,,,,,,,,,,,
SSNMDI,kmeans,,linear,e,,,scDesign3,SLIDE,,-0.0,0.0,0.9191594713982467,,,,,,,,,,,,,,,,,,,
SSNMDI,louvain,,linear,e,,,scDesign3,SLIDE,,-0.0,0.01,0.9191594713982467,,,,,,,,,,,,,,,,,,,
SSNMDI,spectral,,linear,e,,,scDesign3,SLIDE,,-0.0,0.0,0.9191594713982467,,,,,,,,,,,,,,,,,,,
TriMap,kmeans,,metric,e,,,scDesign3,SLIDE,,0.03,0.09,0.9191594713982467,,,,,,,,,,,,,,,,,,,
TriMap,louvain,,metric,e,,,scDesign3,SLIDE,,0.01,0.09,0.9191594713982467,,,,,,,,,,,,,,,,,,,
TriMap,spectral,,metric,e,,,scDesign3,SLIDE,,0.03,0.08,0.9191594713982467,,,,,,,,,,,,,,,,,,,
UMAP,kmeans,,graph,e,,,scDesign3,SLIDE,,0.04,0.09,0.9191594713982467,,,,,,,,,,,,,,,,,,,
UMAP,louvain,,graph,e,,,scDesign3,SLIDE,,0.01,0.08,0.9191594713982467,,,,,,,,,,,,,,,,,,,
UMAP,spectral,,graph,e,,,scDesign3,SLIDE,,0.05,0.1,0.9191594713982467,,,,,,,,,,,,,,,,,,,
VAE,kmeans,,deep,e,,,scDesign3,SLIDE,,0.01,0.03,0.9191594713982467,,,,,,,,,,,,,,,,,,,
VAE,louvain,,deep,e,,,scDesign3,SLIDE,,0.0,0.04,0.9191594713982467,,,,,,,,,,,,,,,,,,,
VAE,spectral,,deep,e,,,scDesign3,SLIDE,,0.01,0.04,0.9191594713982467,,,,,,,,,,,,,,,,,,,
VASC,kmeans,,deep,e,,,scDesign3,SLIDE,,-0.01,0.03,0.9191594713982467,,,,,,,,,,,,,,,,,,,
VASC,louvain,,deep,e,,,scDesign3,SLIDE,,0.0,0.03,0.9191594713982467,,,,,,,,,,,,,,,,,,,
VASC,spectral,,deep,e,,,scDesign3,SLIDE,,0.0,0.02,0.9191594713982467,,,,,,,,,,,,,,,,,,,
ZIFA,kmeans,,linear,e,,,scDesign3,SLIDE,,0.11,0.14,0.9191594713982467,,,,,,,,,,,,,,,,,,,
ZIFA,louvain,,linear,e,,,scDesign3,SLIDE,,0.01,0.11,0.9191594713982467,,,,,,,,,,,,,,,,,,,
ZIFA,spectral,,linear,e,,,scDesign3,SLIDE,,0.06,0.13,0.9191594713982467,,,,,,,,,,,,,,,,,,,
scGAE,kmeans,,deep,e,,,scDesign3,SLIDE,,0.0,0.01,0.9191594713982467,,,,,,,,,,,,,,,,,,,
scGAE,louvain,,deep,e,,,scDesign3,SLIDE,,0.0,0.07,0.9191594713982467,,,,,,,,,,,,,,,,,,,
scGAE,spectral,,deep,e,,,scDesign3,SLIDE,,0.0,0.02,0.9191594713982467,,,,,,,,,,,,,,,,,,,
scGBM,kmeans,,linear,e,,,scDesign3,SLIDE,,0.1,0.18,0.9191594713982467,,,,,,,,,,,,,,,,,,,
scGBM,louvain,,linear,e,,,scDesign3,SLIDE,,0.02,0.14,0.9191594713982467,,,,,,,,,,,,,,,,,,,
scGBM,spectral,,linear,e,,,scDesign3,SLIDE,,0.08,0.18,0.9191594713982467,,,,,,,,,,,,,,,,,,,
scScope,kmeans,,deep,e,,,scDesign3,SLIDE,,0.02,0.06,0.9191594713982467,,,,,,,,,,,,,,,,,,,
scScope,louvain,,deep,e,,,scDesign3,SLIDE,,0.01,0.07,0.9191594713982467,,,,,,,,,,,,,,,,,,,
scScope,spectral,,deep,e,,,scDesign3,SLIDE,,0.05,0.06,0.9191594713982467,,,,,,,,,,,,,,,,,,,
scvis,kmeans,,deep,e,,,scDesign3,SLIDE,,0.02,0.03,0.9191594713982467,,,,,,,,,,,,,,,,,,,
scvis,louvain,,deep,e,,,scDesign3,SLIDE,,0.0,0.02,0.9191594713982467,,,,,,,,,,,,,,,,,,,
scvis,spectral,,deep,e,,,scDesign3,SLIDE,,-0.02,0.02,0.9191594713982467,,,,,,,,,,,,,,,,,,,
t-SNE,kmeans,,metric,e,,,scDesign3,SLIDE,,0.08,0.15,0.9191594713982467,,,,,,,,,,,,,,,,,,,
t-SNE,louvain,,metric,e,,,scDesign3,SLIDE,,0.01,0.14,0.9191594713982467,,,,,,,,,,,,,,,,,,,
t-SNE,spectral,,metric,e,,,scDesign3,SLIDE,,0.1,0.15,0.9191594713982467,,,,,,,,,,,,,,,,,,,
tGPLVM,kmeans,,linear,e,,,scDesign3,SLIDE,,0.0,0.0,0.9191594713982467,,,,,,,,,,,,,,,,,,,
tGPLVM,louvain,,linear,e,,,scDesign3,SLIDE,,0.0,0.01,0.9191594713982467,,,,,,,,,,,,,,,,,,,
tGPLVM,spectral,,linear,e,,,scDesign3,SLIDE,,0.0,0.0,0.9191594713982467,,,,,,,,,,,,,,,,,,,
DRA,kmeans,,deep,e,,,scDesign3,VISIUM,,0.0,0.02,0.9191594713982467,,,,,,,,,,,,,,,,,,,
DRA,louvain,,deep,e,,,scDesign3,VISIUM,,-0.0,0.03,0.9191594713982467,,,,,,,,,,,,,,,,,,,
DRA,spectral,,deep,e,,,scDesign3,VISIUM,,0.0,0.02,0.9191594713982467,,,,,,,,,,,,,,,,,,,
DREAM,kmeans,,deep,e,,,scDesign3,VISIUM,,-0.0,0.02,0.9191594713982467,,,,,,,,,,,,,,,,,,,
DREAM,louvain,,deep,e,,,scDesign3,VISIUM,,0.0,0.03,0.9191594713982467,,,,,,,,,,,,,,,,,,,
DREAM,spectral,,deep,e,,,scDesign3,VISIUM,,0.0,0.02,0.9191594713982467,,,,,,,,,,,,,,,,,,,
EDGE,kmeans,,graph,e,,,scDesign3,VISIUM,,0.18,0.36,0.9191594713982467,,,,,,,,,,,,,,,,,,,
EDGE,louvain,,graph,e,,,scDesign3,VISIUM,,0.1,0.32,0.9191594713982467,,,,,,,,,,,,,,,,,,,
EDGE,spectral,,graph,e,,,scDesign3,VISIUM,,0.13,0.28,0.9191594713982467,,,,,,,,,,,,,,,,,,,
GLMPCA,kmeans,,linear,e,,,scDesign3,VISIUM,,0.33,0.55,0.9191594713982467,,,,,,,,,,,,,,,,,,,
GLMPCA,louvain,,linear,e,,,scDesign3,VISIUM,,0.21,0.52,0.9191594713982467,,,,,,,,,,,,,,,,,,,
GLMPCA,spectral,,linear,e,,,scDesign3,VISIUM,,0.31,0.54,0.9191594713982467,,,,,,,,,,,,,,,,,,,
IVIS,kmeans,,metric,e,,,scDesign3,VISIUM,,0.27,0.46,0.9191594713982467,,,,,,,,,,,,,,,,,,,
IVIS,louvain,,metric,e,,,scDesign3,VISIUM,,0.21,0.47,0.9191594713982467,,,,,,,,,,,,,,,,,,,
IVIS,spectral,,metric,e,,,scDesign3,VISIUM,,0.27,0.47,0.9191594713982467,,,,,,,,,,,,,,,,,,,
PCA,kmeans,,linear,e,,,scDesign3,VISIUM,,0.24,0.46,0.9191594713982467,,,,,,,,,,,,,,,,,,,
PCA,louvain,,linear,e,,,scDesign3,VISIUM,,0.16,0.44,0.9191594713982467,,,,,,,,,,,,,,,,,,,
PCA,spectral,,linear,e,,,scDesign3,VISIUM,,0.24,0.48,0.9191594713982467,,,,,,,,,,,,,,,,,,,
PHATE,kmeans,,graph,e,,,scDesign3,VISIUM,,0.14,0.31,0.9191594713982467,,,,,,,,,,,,,,,,,,,
PHATE,louvain,,graph,e,,,scDesign3,VISIUM,,0.1,0.34,0.9191594713982467,,,,,,,,,,,,,,,,,,,
PHATE,spectral,,graph,e,,,scDesign3,VISIUM,,0.15,0.32,0.9191594713982467,,,,,,,,,,,,,,,,,,,
PaCMAP,kmeans,,metric,e,,,scDesign3,VISIUM,,-0.0,0.01,0.9191594713982467,,,,,,,,,,,,,,,,,,,
PaCMAP,louvain,,metric,e,,,scDesign3,VISIUM,,-0.0,0.04,0.9191594713982467,,,,,,,,,,,,,,,,,,,
PaCMAP,spectral,,metric,e,,,scDesign3,VISIUM,,0.0,0.02,0.9191594713982467,,,,,,,,,,,,,,,,,,,
SAUCIE,kmeans,,deep,e,,,scDesign3,VISIUM,,0.09,0.21,0.9191594713982467,,,,,,,,,,,,,,,,,,,
SAUCIE,louvain,,deep,e,,,scDesign3,VISIUM,,0.06,0.24,0.9191594713982467,,,,,,,,,,,,,,,,,,,
SAUCIE,spectral,,deep,e,,,scDesign3,VISIUM,,0.08,0.22,0.9191594713982467,,,,,,,,,,,,,,,,,,,
SCDRHA,kmeans,,deep,e,,,scDesign3,VISIUM,,0.15,0.31,0.9191594713982467,,,,,,,,,,,,,,,,,,,
SCDRHA,louvain,,deep,e,,,scDesign3,VISIUM,,0.08,0.34,0.9191594713982467,,,,,,,,,,,,,,,,,,,
SCDRHA,spectral,,deep,e,,,scDesign3,VISIUM,,0.11,0.26,0.9191594713982467,,,,,,,,,,,,,,,,,,,
SIMLR,kmeans,,graph,e,,,scDesign3,VISIUM,,0.35,0.49,0.9191594713982467,,,,,,,,,,,,,,,,,,,
SIMLR,louvain,,graph,e,,,scDesign3,VISIUM,,0.18,0.48,0.9191594713982467,,,,,,,,,,,,,,,,,,,
SIMLR,spectral,,graph,e,,,scDesign3,VISIUM,,0.27,0.46,0.9191594713982467,,,,,,,,,,,,,,,,,,,
SPDR,kmeans,,graph,e,,,scDesign3,VISIUM,,0.27,0.46,0.9191594713982467,,,,,,,,,,,,,,,,,,,
SPDR,louvain,,graph,e,,,scDesign3,VISIUM,,0.16,0.45,0.9191594713982467,,,,,,,,,,,,,,,,,,,
SPDR,spectral,,graph,e,,,scDesign3,VISIUM,,0.28,0.47,0.9191594713982467,,,,,,,,,,,,,,,,,,,
SQuaD-MDS,kmeans,,metric,e,,,scDesign3,VISIUM,,0.22500000000000003,0.385,0.9191594713982467,,,,,,,,,,,,,,,,,,,
SQuaD-MDS,louvain,,metric,e,,,scDesign3,VISIUM,,0.15,0.39,0.9191594713982467,,,,,,,,,,,,,,,,,,,
SQuaD-MDS,spectral,,metric,e,,,scDesign3,VISIUM,,0.195,0.38,0.9191594713982467,,,,,,,,,,,,,,,,,,,
SSNMDI,kmeans,,linear,e,,,scDesign3,VISIUM,,-0.0,0.01,0.9191594713982467,,,,,,,,,,,,,,,,,,,
SSNMDI,louvain,,linear,e,,,scDesign3,VISIUM,,0.0,0.04,0.9191594713982467,,,,,,,,,,,,,,,,,,,
SSNMDI,spectral,,linear,e,,,scDesign3,VISIUM,,0.0,0.01,0.9191594713982467,,,,,,,,,,,,,,,,,,,
TriMap,kmeans,,metric,e,,,scDesign3,VISIUM,,0.21,0.41,0.9191594713982467,,,,,,,,,,,,,,,,,,,
TriMap,louvain,,metric,e,,,scDesign3,VISIUM,,0.14,0.43,0.9191594713982467,,,,,,,,,,,,,,,,,,,
TriMap,spectral,,metric,e,,,scDesign3,VISIUM,,0.21,0.41,0.9191594713982467,,,,,,,,,,,,,,,,,,,
UMAP,kmeans,,graph,e,,,scDesign3,VISIUM,,0.27,0.47,0.9191594713982467,,,,,,,,,,,,,,,,,,,
UMAP,louvain,,graph,e,,,scDesign3,VISIUM,,0.17,0.47,0.9191594713982467,,,,,,,,,,,,,,,,,,,
UMAP,spectral,,graph,e,,,scDesign3,VISIUM,,0.3,0.49,0.9191594713982467,,,,,,,,,,,,,,,,,,,
VAE,kmeans,,deep,e,,,scDesign3,VISIUM,,0.57,0.75,0.9191594713982467,,,,,,,,,,,,,,,,,,,
VAE,louvain,,deep,e,,,scDesign3,VISIUM,,0.31,0.69,0.9191594713982467,,,,,,,,,,,,,,,,,,,
VAE,spectral,,deep,e,,,scDesign3,VISIUM,,0.5,0.72,0.9191594713982467,,,,,,,,,,,,,,,,,,,
VASC,kmeans,,deep,e,,,scDesign3,VISIUM,,0.29,0.54,0.9191594713982467,,,,,,,,,,,,,,,,,,,
VASC,louvain,,deep,e,,,scDesign3,VISIUM,,0.21,0.5,0.9191594713982467,,,,,,,,,,,,,,,,,,,
VASC,spectral,,deep,e,,,scDesign3,VISIUM,,0.31,0.52,0.9191594713982467,,,,,,,,,,,,,,,,,,,
ZIFA,kmeans,,linear,e,,,scDesign3,VISIUM,,0.28,0.5,0.9191594713982467,,,,,,,,,,,,,,,,,,,
ZIFA,louvain,,linear,e,,,scDesign3,VISIUM,,0.19,0.47,0.9191594713982467,,,,,,,,,,,,,,,,,,,
ZIFA,spectral,,linear,e,,,scDesign3,VISIUM,,0.26,0.48,0.9191594713982467,,,,,,,,,,,,,,,,,,,
pCMF,kmeans,,linear,e,,,scDesign3,VISIUM,,0.17,0.35,0.9191594713982467,,,,,,,,,,,,,,,,,,,
pCMF,louvain,,linear,e,,,scDesign3,VISIUM,,0.13,0.36,0.9191594713982467,,,,,,,,,,,,,,,,,,,
pCMF,spectral,,linear,e,,,scDesign3,VISIUM,,0.17,0.35,0.9191594713982467,,,,,,,,,,,,,,,,,,,
scGAE,kmeans,,deep,e,,,scDesign3,VISIUM,,0.18,0.36,0.9191594713982467,,,,,,,,,,,,,,,,,,,
scGAE,louvain,,deep,e,,,scDesign3,VISIUM,,0.15,0.42,0.9191594713982467,,,,,,,,,,,,,,,,,,,
scGAE,spectral,,deep,e,,,scDesign3,VISIUM,,0.19,0.38,0.9191594713982467,,,,,,,,,,,,,,,,,,,
scGBM,kmeans,,linear,e,,,scDesign3,VISIUM,,0.34,0.54,0.9191594713982467,,,,,,,,,,,,,,,,,,,
scGBM,louvain,,linear,e,,,scDesign3,VISIUM,,0.21,0.49,0.9191594713982467,,,,,,,,,,,,,,,,,,,
scGBM,spectral,,linear,e,,,scDesign3,VISIUM,,0.28,0.51,0.9191594713982467,,,,,,,,,,,,,,,,,,,
scScope,kmeans,,deep,e,,,scDesign3,VISIUM,,0.21,0.38,0.9191594713982467,,,,,,,,,,,,,,,,,,,
scScope,louvain,,deep,e,,,scDesign3,VISIUM,,0.14,0.42,0.9191594713982467,,,,,,,,,,,,,,,,,,,
scScope,spectral,,deep,e,,,scDesign3,VISIUM,,0.26,0.4,0.9191594713982467,,,,,,,,,,,,,,,,,,,
scvis,kmeans,,deep,e,,,scDesign3,VISIUM,,0.18,0.34,0.9191594713982467,,,,,,,,,,,,,,,,,,,
scvis,louvain,,deep,e,,,scDesign3,VISIUM,,0.14,0.36,0.9191594713982467,,,,,,,,,,,,,,,,,,,
scvis,spectral,,deep,e,,,scDesign3,VISIUM,,0.18,0.35,0.9191594713982467,,,,,,,,,,,,,,,,,,,
t-SNE,kmeans,,metric,e,,,scDesign3,VISIUM,,0.54,0.73,0.9191594713982467,,,,,,,,,,,,,,,,,,,
t-SNE,louvain,,metric,e,,,scDesign3,VISIUM,,0.36,0.71,0.9191594713982467,,,,,,,,,,,,,,,,,,,
t-SNE,spectral,,metric,e,,,scDesign3,VISIUM,,0.5,0.72,0.9191594713982467,,,,,,,,,,,,,,,,,,,
tGPLVM,kmeans,,linear,e,,,scDesign3,VISIUM,,0.01,0.07,0.9191594713982467,,,,,,,,,,,,,,,,,,,
tGPLVM,louvain,,linear,e,,,scDesign3,VISIUM,,0.01,0.08,0.9191594713982467,,,,,,,,,,,,,,,,,,,
tGPLVM,spectral,,linear,e,,,scDesign3,VISIUM,,0.02,0.06,0.9191594713982467,,,,,,,,,,,,,,,,,,,
t-SNE,,,metric,f,,,,,,,,,50.0,0.11574074074074074,432.0,,,,,,,,,,,,,,,,
GLMPCA,,,linear,f,,,,,,,,,42.0,0.09722222222222222,432.0,,,,,,,,,,,,,,,,
scGBM,,,linear,f,,,,,,,,,38.0,0.08796296296296297,432.0,,,,,,,,,,,,,,,,
scvis,,,deep,f,,,,,,,,,37.0,0.08564814814814815,432.0,,,,,,,,,,,,,,,,
TriMap,,,metric,f,,,,,,,,,33.0,0.0763888888888889,432.0,,,,,,,,,,,,,,,,
PHATE,,,graph,f,,,,,,,,,26.0,0.06018518518518518,432.0,,,,,,,,,,,,,,,,
SPDR,,,graph,f,,,,,,,,,23.0,0.05324074074074074,432.0,,,,,,,,,,,,,,,,
VAE,,,deep,f,,,,,,,,,23.0,0.05324074074074074,432.0,,,,,,,,,,,,,,,,
VASC,,,deep,f,,,,,,,,,21.0,0.04861111111111111,432.0,,,,,,,,,,,,,,,,
SIMLR,,,graph,f,,,,,,,,,20.0,0.046296296296296294,432.0,,,,,,,,,,,,,,,,
IVIS,,,metric,f,,,,,,,,,17.0,0.03935185185185185,432.0,,,,,,,,,,,,,,,,
PCA,,,linear,f,,,,,,,,,16.0,0.037037037037037035,432.0,,,,,,,,,,,,,,,,
PCA,,0.255,,g,,,,,,,,,,,,12.5,7.0,16.5,0.0763888888888889,144.0,144.0,,,,,,,,,,
GLMPCA,,0.33,,g,,,,,,,,,,,,6.0,3.375,12.0,0.25,144.0,144.0,,,,,,,,,,
pCMF,,0.08,,g,,,,,,,,,,,,21.0,18.0,23.0,0.014184397163120567,141.0,144.0,,,,,,,,,,
ZIFA,,0.27,,g,,,,,,,,,,,,11.5,7.0,15.625,0.09027777777777778,144.0,144.0,,,,,,,,,,
scGBM,,0.36,,g,,,,,,,,,,,,5.5,3.375,9.125,0.25,144.0,144.0,,,,,,,,,,
SSNMDI,,0.01,,g,,,,,,,,,,,,24.0,21.375,24.5,0.0,144.0,144.0,,,,,,,,,,
tGPLVM,,0.03,,g,,,,,,,,,,,,22.0,18.875,23.5,0.006944444444444444,144.0,144.0,,,,,,,,,,
VAE,,0.19,,g,,,,,,,,,,,,14.25,6.5,20.125,0.1388888888888889,144.0,144.0,,,,,,,,,,
scvis,,0.345,,g,,,,,,,,,,,,8.0,3.375,12.5,0.25,144.0,144.0,,,,,,,,,,
VASC,,0.305,,g,,,,,,,,,,,,8.75,5.0,15.0,0.125,144.0,144.0,,,,,,,,,,
SAUCIE,,0.08,,g,,,,,,,,,,,,21.0,17.0,22.0,0.04861111111111111,144.0,144.0,,,,,,,,,,
scScope,,0.095,,g,,,,,,,,,,,,18.5,12.5,22.0,0.006944444444444444,144.0,144.0,,,,,,,,,,
SCDRHA,,0.26,,g,,,,,,,,,,,,13.0,9.0,17.0,0.06944444444444445,144.0,144.0,,,,,,,,,,
scGAE,,0.195,,g,,,,,,,,,,,,16.5,9.5,19.0,0.04861111111111111,144.0,144.0,,,,,,,,,,
DREAM,,0.195,,g,,,,,,,,,,,,16.0,10.0,21.625,0.09027777777777778,144.0,144.0,,,,,,,,,,
DRA,,0.0,,g,,,,,,,,,,,,25.0,24.5,26.0,0.0,144.0,144.0,,,,,,,,,,
UMAP,,0.315,,g,,,,,,,,,,,,9.0,6.0,12.5,0.1111111111111111,144.0,144.0,,,,,,,,,,
SIMLR,,0.37,,g,,,,,,,,,,,,9.0,5.0,16.0,0.1452991452991453,117.0,144.0,,,,,,,,,,
PHATE,,0.365,,g,,,,,,,,,,,,9.0,5.5,13.0,0.11805555555555555,144.0,144.0,,,,,,,,,,
EDGE,,0.19,,g,,,,,,,,,,,,15.75,10.0,19.0,0.06944444444444445,144.0,144.0,,,,,,,,,,
SPDR,,0.32,,g,,,,,,,,,,,,7.5,5.0,11.0,0.14583333333333334,144.0,144.0,,,,,,,,,,
IVIS,,0.28,,g,,,,,,,,,,,,9.5,6.0,14.0,0.09027777777777778,144.0,144.0,,,,,,,,,,
PaCMAP,,0.01,,g,,,,,,,,,,,,22.0,20.0,24.5,0.0,144.0,144.0,,,,,,,,,,
t-SNE,,0.39,,g,,,,,,,,,,,,5.25,2.0,10.0,0.3472222222222222,144.0,144.0,,,,,,,,,,
TriMap,,0.32,,g,,,,,,,,,,,,8.0,4.0,11.5,0.19444444444444445,144.0,144.0,,,,,,,,,,
SQuaD-MDS,,0.2375,,g,,,,,,,,,,,,13.0,11.0,16.0,0.0,144.0,144.0,,,,,,,,,,
t-SNE,kmeans,,,h,,,,,,,,,11.0,,,,,,,,,,,,,,,,,,
GLMPCA,kmeans,,,h,,,,,,,,,14.0,,,,,,,,,,,,,,,,,,
scGBM,kmeans,,,h,,,,,,,,,13.0,,,,,,,,,,,,,,,,,,
scvis,kmeans,,,h,,,,,,,,,12.0,,,,,,,,,,,,,,,,,,
TriMap,kmeans,,,h,,,,,,,,,8.0,,,,,,,,,,,,,,,,,,
PHATE,kmeans,,,h,,,,,,,,,13.0,,,,,,,,,,,,,,,,,,
SPDR,kmeans,,,h,,,,,,,,,9.0,,,,,,,,,,,,,,,,,,
VAE,kmeans,,,h,,,,,,,,,7.0,,,,,,,,,,,,,,,,,,
VASC,kmeans,,,h,,,,,,,,,15.0,,,,,,,,,,,,,,,,,,
SIMLR,kmeans,,,h,,,,,,,,,9.0,,,,,,,,,,,,,,,,,,
t-SNE,spectral,,,h,,,,,,,,,22.0,,,,,,,,,,,,,,,,,,
GLMPCA,spectral,,,h,,,,,,,,,13.0,,,,,,,,,,,,,,,,,,
scGBM,spectral,,,h,,,,,,,,,11.0,,,,,,,,,,,,,,,,,,
scvis,spectral,,,h,,,,,,,,,13.0,,,,,,,,,,,,,,,,,,
TriMap,spectral,,,h,,,,,,,,,17.0,,,,,,,,,,,,,,,,,,
PHATE,spectral,,,h,,,,,,,,,2.0,,,,,,,,,,,,,,,,,,
SPDR,spectral,,,h,,,,,,,,,10.0,,,,,,,,,,,,,,,,,,
VAE,spectral,,,h,,,,,,,,,12.0,,,,,,,,,,,,,,,,,,
VASC,spectral,,,h,,,,,,,,,2.0,,,,,,,,,,,,,,,,,,
SIMLR,spectral,,,h,,,,,,,,,4.0,,,,,,,,,,,,,,,,,,
t-SNE,louvain,,,h,,,,,,,,,17.0,,,,,,,,,,,,,,,,,,
GLMPCA,louvain,,,h,,,,,,,,,15.0,,,,,,,,,,,,,,,,,,
scGBM,louvain,,,h,,,,,,,,,14.0,,,,,,,,,,,,,,,,,,
scvis,louvain,,,h,,,,,,,,,12.0,,,,,,,,,,,,,,,,,,
TriMap,louvain,,,h,,,,,,,,,8.0,,,,,,,,,,,,,,,,,,
PHATE,louvain,,,h,,,,,,,,,11.0,,,,,,,,,,,,,,,,,,
SPDR,louvain,,,h,,,,,,,,,4.0,,,,,,,,,,,,,,,,,,
VAE,louvain,,,h,,,,,,,,,4.0,,,,,,,,,,,,,,,,,,
VASC,louvain,,,h,,,,,,,,,4.0,,,,,,,,,,,,,,,,,,
SIMLR,louvain,,,h,,,,,,,,,7.0,,,,,,,,,,,,,,,,,,
DRA,,,deep,i,,,,,,,,,,,,,,,,,,0.0,0.0,0.0,0.0,0.0,3.0,,,,
DREAM,,,deep,i,,,,,,,,,,,,,,,,,,0.24,0.085,0.235,0.15499999999999997,0.08808140174482541,3.0,,,,
EDGE,,,graph,i,,,,,,,,,,,,,,,,,,0.29500000000000004,0.09,0.26,0.20500000000000004,0.10965856099730656,3.0,,,,
GLMPCA,,,linear,i,,,,,,,,,,,,,,,,,,0.445,0.14,0.375,0.305,0.15976545308670456,3.0,,,,
IVIS,,,metric,i,,,,,,,,,,,,,,,,,,0.325,0.155,0.325,0.17,0.09814954576223639,3.0,,,,
PCA,,,linear,i,,,,,,,,,,,,,,,,,,0.405,0.11,0.25,0.29500000000000004,0.14756354563373708,3.0,,,,
PHATE,,,graph,i,,,,,,,,,,,,,,,,,,0.47,0.13,0.4,0.33999999999999997,0.17953644012660308,3.0,,,,
PaCMAP,,,metric,i,,,,,,,,,,,,,,,,,,0.01,0.0,0.02,0.02,0.01,3.0,,,,
SAUCIE,,,deep,i,,,,,,,,,,,,,,,,,,0.10500000000000001,0.055,0.11,0.055,0.0304138126514911,3.0,,,,
SCDRHA,,,deep,i,,,,,,,,,,,,,,,,,,0.305,0.10500000000000001,0.28500000000000003,0.19999999999999998,0.11015141094572203,3.0,,,,
SIMLR,,,graph,i,,,,,,,,,,,,,,,,,,0.51,0.18,0.4,0.33,0.16802777548171416,3.0,,,,
SPDR,,,graph,i,,,,,,,,,,,,,,,,,,0.46499999999999997,0.135,0.41,0.32999999999999996,0.17680026395153747,3.0,,,,
SQuaD-MDS,,,metric,i,,,,,,,,,,,,,,,,,,0.33999999999999997,0.11,0.325,0.22999999999999998,0.1286791876463841,3.0,,,,
SSNMDI,,,linear,i,,,,,,,,,,,,,,,,,,0.01,0.0,0.01,0.01,0.005773502691896258,3.0,,,,
TriMap,,,metric,i,,,,,,,,,,,,,,,,,,0.455,0.13,0.4,0.325,0.1739492263085218,3.0,,,,
UMAP,,,graph,i,,,,,,,,,,,,,,,,,,0.41000000000000003,0.11499999999999999,0.425,0.31,0.17480942003603048,3.0,,,,
VAE,,,deep,i,,,,,,,,,,,,,,,,,,0.27,0.11499999999999999,0.26,0.15500000000000003,0.08674675786448738,3.0,,,,
VASC,,,deep,i,,,,,,,,,,,,,,,,,,0.43,0.125,0.32,0.305,0.15446142992130213,3.0,,,,
ZIFA,,,linear,i,,,,,,,,,,,,,,,,,,0.36,0.12,0.28500000000000003,0.24,0.12278029157808674,3.0,,,,
pCMF,,,linear,i,,,,,,,,,,,,,,,,,,0.1,0.04,0.1,0.060000000000000005,0.034641016151377546,3.0,,,,
scGAE,,,deep,i,,,,,,,,,,,,,,,,,,0.24,0.08499999999999999,0.255,0.17,0.09411871935663667,3.0,,,,
scGBM,,,linear,i,,,,,,,,,,,,,,,,,,0.45,0.15000000000000002,0.42,0.3,0.16522711641858306,3.0,,,,
scScope,,,deep,i,,,,,,,,,,,,,,,,,,0.13,0.06,0.135,0.07500000000000001,0.04193248541803042,3.0,,,,
scvis,,,deep,i,,,,,,,,,,,,,,,,,,0.46,0.14500000000000002,0.39,0.315,0.1654035469188413,3.0,,,,
t-SNE,,,metric,i,,,,,,,,,,,,,,,,,,0.435,0.16999999999999998,0.43,0.265,0.15157506391224118,3.0,,,,
tGPLVM,,,linear,i,,,,,,,,,,,,,,,,,,0.04,0.01,0.05,0.04,0.020816659994661327,3.0,,,,
DRA,,,deep,j,,,,,,,,,,,,,,,,,,,,,,,,0.01,0.0,0.03,144.0
SSNMDI,,,linear,j,,,,,,,,,,,,,,,,,,,,,,,,0.03,0.01,0.12,144.0
PaCMAP,,,metric,j,,,,,,,,,,,,,,,,,,,,,,,,0.03500000000000002,0.01,0.1025,144.0
tGPLVM,,,linear,j,,,,,,,,,,,,,,,,,,,,,,,,0.060000000000000005,0.010000000000000007,0.16,144.0
SAUCIE,,,deep,j,,,,,,,,,,,,,,,,,,,,,,,,0.07,0.030000000000000006,0.18,144.0
pCMF,,,linear,j,,,,,,,,,,,,,,,,,,,,,,,,0.08000000000000002,0.04,0.15000000000000002,141.0
DREAM,,,deep,j,,,,,,,,,,,,,,,,,,,,,,,,0.09999999999999998,0.03,0.1725,144.0
EDGE,,,graph,j,,,,,,,,,,,,,,,,,,,,,,,,0.11000000000000001,0.06000000000000005,0.1825,144.0
scvis,,,deep,j,,,,,,,,,,,,,,,,,,,,,,,,0.12499999999999999,0.06000000000000004,0.2,144.0
scScope,,,deep,j,,,,,,,,,,,,,,,,,,,,,,,,0.13,0.08,0.17250000000000004,144.0
SIMLR,,,graph,j,,,,,,,,,,,,,,,,,,,,,,,,0.13,0.07,0.22999999999999998,117.0
scGAE,,,deep,j,,,,,,,,,,,,,,,,,,,,,,,,0.14,0.08,0.20999999999999996,144.0
SQuaD-MDS,,,metric,j,,,,,,,,,,,,,,,,,,,,,,,,0.14,0.08374999999999999,0.18625000000000003,144.0
SCDRHA,,,deep,j,,,,,,,,,,,,,,,,,,,,,,,,0.15000000000000002,0.08999999999999997,0.21250000000000002,144.0
ZIFA,,,linear,j,,,,,,,,,,,,,,,,,,,,,,,,0.15000000000000002,0.09999999999999998,0.2,144.0
PCA,,,linear,j,,,,,,,,,,,,,,,,,,,,,,,,0.15000000000000002,0.08000000000000006,0.21250000000000002,144.0
TriMap,,,metric,j,,,,,,,,,,,,,,,,,,,,,,,,0.155,0.08000000000000002,0.24,144.0
IVIS,,,metric,j,,,,,,,,,,,,,,,,,,,,,,,,0.155,0.09,0.21000000000000002,144.0
VASC,,,deep,j,,,,,,,,,,,,,,,,,,,,,,,,0.155,0.06999999999999995,0.24,144.0
SPDR,,,graph,j,,,,,,,,,,,,,,,,,,,,,,,,0.15999999999999998,0.08000000000000002,0.23,144.0
UMAP,,,graph,j,,,,,,,,,,,,,,,,,,,,,,,,0.15999999999999998,0.07,0.20999999999999996,144.0
PHATE,,,graph,j,,,,,,,,,,,,,,,,,,,,,,,,0.16000000000000003,0.08999999999999997,0.22999999999999998,144.0
VAE,,,deep,j,,,,,,,,,,,,,,,,,,,,,,,,0.16000000000000003,0.06000000000000004,0.22999999999999998,144.0
t-SNE,,,metric,j,,,,,,,,,,,,,,,,,,,,,,,,0.16999999999999998,0.09,0.25999999999999995,144.0
GLMPCA,,,linear,j,,,,,,,,,,,,,,,,,,,,,,,,0.17000000000000004,0.09000000000000002,0.23000000000000004,144.0
scGBM,,,linear,j,,,,,,,,,,,,,,,,,,,,,,,,0.17999999999999997,0.09749999999999998,0.24,144.0
