method_id,method_raw,parent_method,metric,value,dataset_category,dataset_id,structure_table,method_order,collection,sim_axis
PCA,PCA,PCA,Mrre_missing_10,0.786,SIMLR,Pollen,dr3,0,SIMLR,other
PCA,PCA,PCA,Mrre_missing_20,0.782,SIMLR,Pollen,dr3,0,SIMLR,other
PCA,PCA,PCA,Mrre_missing_30,0.77,SIMLR,Pollen,dr3,0,SIMLR,other
PCA,PCA,PCA,aji_10,0.108,SIMLR,Pollen,dr1,0,SIMLR,other
PCA,PCA,PCA,aji_20,0.215,SIMLR,Pollen,dr1,0,SIMLR,other
PCA,PCA,PCA,aji_30,0.255,SIMLR,Pollen,dr1,0,SIMLR,other
PCA,PCA,PCA,nkr_10,0.173,SIMLR,Pollen,dr1,0,SIMLR,other
PCA,PCA,PCA,nkr_20,0.311,SIMLR,Pollen,dr1,0,SIMLR,other
PCA,PCA,PCA,nkr_30,0.369,SIMLR,Pollen,dr1,0,SIMLR,other
PCA,PCA,PCA,Mrre_missing_10,0.464,SIMLR,Usoskin,dr3,0,SIMLR,other
PCA,PCA,PCA,Mrre_missing_20,0.461,SIMLR,Usoskin,dr3,0,SIMLR,other
PCA,PCA,PCA,Mrre_missing_30,0.459,SIMLR,Usoskin,dr3,0,SIMLR,other
PCA,PCA,PCA,aji_10,0.021,SIMLR,Usoskin,dr1,0,SIMLR,other
PCA,PCA,PCA,aji_20,0.036,SIMLR,Usoskin,dr1,0,SIMLR,other
PCA,PCA,PCA,aji_30,0.056,SIMLR,Usoskin,dr1,0,SIMLR,other
PCA,PCA,PCA,nkr_10,0.038,SIMLR,Usoskin,dr1,0,SIMLR,other
PCA,PCA,PCA,nkr_20,0.06,SIMLR,Usoskin,dr1,0,SIMLR,other
PCA,PCA,PCA,nkr_30,0.088,SIMLR,Usoskin,dr1,0,SIMLR,other
PCA,PCA,PCA,Mrre_missing_10,0.866,TI,DA1_horns,dr3,0,trajectory,other
PCA,PCA,PCA,Mrre_missing_20,0.865,TI,DA1_horns,dr3,0,trajectory,other
PCA,PCA,PCA,Mrre_missing_30,0.864,TI,DA1_horns,dr3,0,trajectory,other
PCA,PCA,PCA,aji_10,0.096,TI,DA1_horns,dr1,0,trajectory,other
PCA,PCA,PCA,aji_20,0.192,TI,DA1_horns,dr1,0,trajectory,other
PCA,PCA,PCA,aji_30,0.297,TI,DA1_horns,dr1,0,trajectory,other
PCA,PCA,PCA,nkr_10,0.167,TI,DA1_horns,dr1,0,trajectory,other
PCA,PCA,PCA,nkr_20,0.311,TI,DA1_horns,dr1,0,trajectory,other
PCA,PCA,PCA,nkr_30,0.441,TI,DA1_horns,dr1,0,trajectory,other
PCA,PCA,PCA,Mrre_missing_10,0.887,TI,DC3_VA1d_horns,dr3,0,trajectory,other
PCA,PCA,PCA,Mrre_missing_20,0.888,TI,DC3_VA1d_horns,dr3,0,trajectory,other
PCA,PCA,PCA,Mrre_missing_30,0.886,TI,DC3_VA1d_horns,dr3,0,trajectory,other
PCA,PCA,PCA,aji_10,0.177,TI,DC3_VA1d_horns,dr1,0,trajectory,other
PCA,PCA,PCA,aji_20,0.35,TI,DC3_VA1d_horns,dr1,0,trajectory,other
PCA,PCA,PCA,aji_30,0.512,TI,DC3_VA1d_horns,dr1,0,trajectory,other
PCA,PCA,PCA,nkr_10,0.305,TI,DC3_VA1d_horns,dr1,0,trajectory,other
PCA,PCA,PCA,nkr_20,0.521,TI,DC3_VA1d_horns,dr1,0,trajectory,other
PCA,PCA,PCA,nkr_30,0.676,TI,DC3_VA1d_horns,dr1,0,trajectory,other
PCA,PCA,PCA,Mrre_missing_10,0.921,TI,ICM,dr3,0,trajectory,other
PCA,PCA,PCA,Mrre_missing_20,0.921,TI,ICM,dr3,0,trajectory,other
PCA,PCA,PCA,Mrre_missing_30,0.92,TI,ICM,dr3,0,trajectory,other
PCA,PCA,PCA,aji_10,0.192,TI,ICM,dr1,0,trajectory,other
PCA,PCA,PCA,aji_20,0.352,TI,ICM,dr1,0,trajectory,other
PCA,PCA,PCA,aji_30,0.526,TI,ICM,dr1,0,trajectory,other
PCA,PCA,PCA,nkr_10,0.33,TI,ICM,dr1,0,trajectory,other
PCA,PCA,PCA,nkr_20,0.511,TI,ICM,dr1,0,trajectory,other
PCA,PCA,PCA,nkr_30,0.659,TI,ICM,dr1,0,trajectory,other
PCA,PCA,PCA,Mrre_missing_10,0.943,TI,blastocyst,dr3,0,trajectory,other
PCA,PCA,PCA,Mrre_missing_20,0.941,TI,blastocyst,dr3,0,trajectory,other
PCA,PCA,PCA,Mrre_missing_30,0.94,TI,blastocyst,dr3,0,trajectory,other
PCA,PCA,PCA,aji_10,0.213,TI,blastocyst,dr1,0,trajectory,other
PCA,PCA,PCA,aji_20,0.347,TI,blastocyst,dr1,0,trajectory,other
PCA,PCA,PCA,aji_30,0.483,TI,blastocyst,dr1,0,trajectory,other
PCA,PCA,PCA,nkr_10,0.366,TI,blastocyst,dr1,0,trajectory,other
PCA,PCA,PCA,nkr_20,0.511,TI,blastocyst,dr1,0,trajectory,other
PCA,PCA,PCA,nkr_30,0.63,TI,blastocyst,dr1,0,trajectory,other
PCA,PCA,PCA,Mrre_missing_10,0.79,TI,combination-1,dr3,0,trajectory,other
PCA,PCA,PCA,Mrre_missing_20,0.784,TI,combination-1,dr3,0,trajectory,other
PCA,PCA,PCA,Mrre_missing_30,0.78,TI,combination-1,dr3,0,trajectory,other
PCA,PCA,PCA,aji_10,0.007,TI,combination-1,dr1,0,trajectory,other
PCA,PCA,PCA,aji_20,0.011,TI,combination-1,dr1,0,trajectory,other
PCA,PCA,PCA,aji_30,0.015,TI,combination-1,dr1,0,trajectory,other
PCA,PCA,PCA,nkr_10,0.013,TI,combination-1,dr1,0,trajectory,other
PCA,PCA,PCA,nkr_20,0.022,TI,combination-1,dr1,0,trajectory,other
PCA,PCA,PCA,nkr_30,0.03,TI,combination-1,dr1,0,trajectory,other
PCA,PCA,PCA,Mrre_missing_10,0.778,TI,combination-2,dr3,0,trajectory,other
PCA,PCA,PCA,Mrre_missing_20,0.771,TI,combination-2,dr3,0,trajectory,other
PCA,PCA,PCA,Mrre_missing_30,0.767,TI,combination-2,dr3,0,trajectory,other
PCA,PCA,PCA,aji_10,0.005,TI,combination-2,dr1,0,trajectory,other
PCA,PCA,PCA,aji_20,0.008,TI,combination-2,dr1,0,trajectory,other
PCA,PCA,PCA,aji_30,0.012,TI,combination-2,dr1,0,trajectory,other
PCA,PCA,PCA,nkr_10,0.009,TI,combination-2,dr1,0,trajectory,other
PCA,PCA,PCA,nkr_20,0.016,TI,combination-2,dr1,0,trajectory,other
PCA,PCA,PCA,nkr_30,0.023,TI,combination-2,dr1,0,trajectory,other
PCA,PCA,PCA,Mrre_missing_10,0.782,TI,combination-3,dr3,0,trajectory,other
PCA,PCA,PCA,Mrre_missing_20,0.776,TI,combination-3,dr3,0,trajectory,other
PCA,PCA,PCA,Mrre_missing_30,0.772,TI,combination-3,dr3,0,trajectory,other
PCA,PCA,PCA,aji_10,0.008,TI,combination-3,dr1,0,trajectory,other
PCA,PCA,PCA,aji_20,0.014,TI,combination-3,dr1,0,trajectory,other
PCA,PCA,PCA,aji_30,0.02,TI,combination-3,dr1,0,trajectory,other
PCA,PCA,PCA,nkr_10,0.015,TI,combination-3,dr1,0,trajectory,other
PCA,PCA,PCA,nkr_20,0.028,TI,combination-3,dr1,0,trajectory,other
PCA,PCA,PCA,nkr_30,0.039,TI,combination-3,dr1,0,trajectory,other
PCA,PCA,PCA,Mrre_missing_10,0.877,TI,epiblast,dr3,0,trajectory,other
PCA,PCA,PCA,Mrre_missing_20,0.876,TI,epiblast,dr3,0,trajectory,other
PCA,PCA,PCA,Mrre_missing_30,0.874,TI,epiblast,dr3,0,trajectory,other
PCA,PCA,PCA,aji_10,0.216,TI,epiblast,dr1,0,trajectory,other
PCA,PCA,PCA,aji_20,0.387,TI,epiblast,dr1,0,trajectory,other
PCA,PCA,PCA,aji_30,0.533,TI,epiblast,dr1,0,trajectory,other
PCA,PCA,PCA,nkr_10,0.355,TI,epiblast,dr1,0,trajectory,other
PCA,PCA,PCA,nkr_20,0.534,TI,epiblast,dr1,0,trajectory,other
PCA,PCA,PCA,nkr_30,0.661,TI,epiblast,dr1,0,trajectory,other
PCA,PCA,PCA,Mrre_missing_10,0.791,TI,epidermis,dr3,0,trajectory,other
PCA,PCA,PCA,Mrre_missing_20,0.787,TI,epidermis,dr3,0,trajectory,other
PCA,PCA,PCA,Mrre_missing_30,0.784,TI,epidermis,dr3,0,trajectory,other
PCA,PCA,PCA,aji_10,0.007,TI,epidermis,dr1,0,trajectory,other
PCA,PCA,PCA,aji_20,0.012,TI,epidermis,dr1,0,trajectory,other
PCA,PCA,PCA,aji_30,0.017,TI,epidermis,dr1,0,trajectory,other
PCA,PCA,PCA,nkr_10,0.013,TI,epidermis,dr1,0,trajectory,other
PCA,PCA,PCA,nkr_20,0.024,TI,epidermis,dr1,0,trajectory,other
PCA,PCA,PCA,nkr_30,0.033,TI,epidermis,dr1,0,trajectory,other
PCA,PCA,PCA,Mrre_missing_10,0.876,TI,horns,dr3,0,trajectory,other
PCA,PCA,PCA,Mrre_missing_20,0.873,TI,horns,dr3,0,trajectory,other
PCA,PCA,PCA,Mrre_missing_30,0.871,TI,horns,dr3,0,trajectory,other
PCA,PCA,PCA,aji_10,0.07,TI,horns,dr1,0,trajectory,other
PCA,PCA,PCA,aji_20,0.125,TI,horns,dr1,0,trajectory,other
PCA,PCA,PCA,aji_30,0.176,TI,horns,dr1,0,trajectory,other
PCA,PCA,PCA,nkr_10,0.128,TI,horns,dr1,0,trajectory,other
PCA,PCA,PCA,nkr_20,0.22,TI,horns,dr1,0,trajectory,other
PCA,PCA,PCA,nkr_30,0.297,TI,horns,dr1,0,trajectory,other
PCA,PCA,PCA,Mrre_missing_10,0.604,TI,muscle,dr3,0,trajectory,other
PCA,PCA,PCA,Mrre_missing_20,0.598,TI,muscle,dr3,0,trajectory,other
PCA,PCA,PCA,Mrre_missing_30,0.595,TI,muscle,dr3,0,trajectory,other
PCA,PCA,PCA,aji_10,0.003,TI,muscle,dr1,0,trajectory,other
PCA,PCA,PCA,aji_20,0.007,TI,muscle,dr1,0,trajectory,other
PCA,PCA,PCA,aji_30,0.01,TI,muscle,dr1,0,trajectory,other
PCA,PCA,PCA,nkr_10,0.006,TI,muscle,dr1,0,trajectory,other
PCA,PCA,PCA,nkr_20,0.013,TI,muscle,dr1,0,trajectory,other
PCA,PCA,PCA,nkr_30,0.019,TI,muscle,dr1,0,trajectory,other
PCA,PCA,PCA,Mrre_missing_10,0.711,TI,neuron,dr3,0,trajectory,other
PCA,PCA,PCA,Mrre_missing_20,0.697,TI,neuron,dr3,0,trajectory,other
PCA,PCA,PCA,Mrre_missing_30,0.69,TI,neuron,dr3,0,trajectory,other
PCA,PCA,PCA,aji_10,0.005,TI,neuron,dr1,0,trajectory,other
PCA,PCA,PCA,aji_20,0.009,TI,neuron,dr1,0,trajectory,other
PCA,PCA,PCA,aji_30,0.013,TI,neuron,dr1,0,trajectory,other
PCA,PCA,PCA,nkr_10,0.009,TI,neuron,dr1,0,trajectory,other
PCA,PCA,PCA,nkr_20,0.018,TI,neuron,dr1,0,trajectory,other
PCA,PCA,PCA,nkr_30,0.025,TI,neuron,dr1,0,trajectory,other
PCA,PCA,PCA,Mrre_missing_10,0.773,TI,pair-1,dr3,0,trajectory,other
PCA,PCA,PCA,Mrre_missing_20,0.769,TI,pair-1,dr3,0,trajectory,other
PCA,PCA,PCA,Mrre_missing_30,0.766,TI,pair-1,dr3,0,trajectory,other
PCA,PCA,PCA,aji_10,0.003,TI,pair-1,dr1,0,trajectory,other
PCA,PCA,PCA,aji_20,0.005,TI,pair-1,dr1,0,trajectory,other
PCA,PCA,PCA,aji_30,0.007,TI,pair-1,dr1,0,trajectory,other
PCA,PCA,PCA,nkr_10,0.006,TI,pair-1,dr1,0,trajectory,other
PCA,PCA,PCA,nkr_20,0.01,TI,pair-1,dr1,0,trajectory,other
PCA,PCA,PCA,nkr_30,0.014,TI,pair-1,dr1,0,trajectory,other
PCA,PCA,PCA,Mrre_missing_10,0.73,TI,pair-2,dr3,0,trajectory,other
PCA,PCA,PCA,Mrre_missing_20,0.723,TI,pair-2,dr3,0,trajectory,other
PCA,PCA,PCA,Mrre_missing_30,0.72,TI,pair-2,dr3,0,trajectory,other
PCA,PCA,PCA,aji_10,0.002,TI,pair-2,dr1,0,trajectory,other
PCA,PCA,PCA,aji_20,0.003,TI,pair-2,dr1,0,trajectory,other
PCA,PCA,PCA,aji_30,0.004,TI,pair-2,dr1,0,trajectory,other
PCA,PCA,PCA,nkr_10,0.003,TI,pair-2,dr1,0,trajectory,other
PCA,PCA,PCA,nkr_20,0.006,TI,pair-2,dr1,0,trajectory,other
PCA,PCA,PCA,nkr_30,0.008,TI,pair-2,dr1,0,trajectory,other
PCA,PCA,PCA,Mrre_missing_10,0.757,TI,pair-3,dr3,0,trajectory,other
PCA,PCA,PCA,Mrre_missing_20,0.75,TI,pair-3,dr3,0,trajectory,other
PCA,PCA,PCA,Mrre_missing_30,0.746,TI,pair-3,dr3,0,trajectory,other
PCA,PCA,PCA,aji_10,0.002,TI,pair-3,dr1,0,trajectory,other
PCA,PCA,PCA,aji_20,0.003,TI,pair-3,dr1,0,trajectory,other
PCA,PCA,PCA,aji_30,0.004,TI,pair-3,dr1,0,trajectory,other
PCA,PCA,PCA,nkr_10,0.004,TI,pair-3,dr1,0,trajectory,other
PCA,PCA,PCA,nkr_20,0.007,TI,pair-3,dr1,0,trajectory,other
PCA,PCA,PCA,nkr_30,0.009,TI,pair-3,dr1,0,trajectory,other
PCA,PCA,PCA,Mrre_missing_10,0.73,TI,pair-4,dr3,0,trajectory,other
PCA,PCA,PCA,Mrre_missing_20,0.724,TI,pair-4,dr3,0,trajectory,other
PCA,PCA,PCA,Mrre_missing_30,0.721,TI,pair-4,dr3,0,trajectory,other
PCA,PCA,PCA,aji_10,0.001,TI,pair-4,dr1,0,trajectory,other
PCA,PCA,PCA,aji_20,0.002,TI,pair-4,dr1,0,trajectory,other
PCA,PCA,PCA,aji_30,0.003,TI,pair-4,dr1,0,trajectory,other
PCA,PCA,PCA,nkr_10,0.002,TI,pair-4,dr1,0,trajectory,other
PCA,PCA,PCA,nkr_20,0.004,TI,pair-4,dr1,0,trajectory,other
PCA,PCA,PCA,nkr_30,0.006,TI,pair-4,dr1,0,trajectory,other
PCA,PCA,PCA,Mrre_missing_10,0.846,TI,parenchyme,dr3,0,trajectory,other
PCA,PCA,PCA,Mrre_missing_20,0.84,TI,parenchyme,dr3,0,trajectory,other
PCA,PCA,PCA,Mrre_missing_30,0.836,TI,parenchyme,dr3,0,trajectory,other
PCA,PCA,PCA,aji_10,0.012,TI,parenchyme,dr1,0,trajectory,other
PCA,PCA,PCA,aji_20,0.02,TI,parenchyme,dr1,0,trajectory,other
PCA,PCA,PCA,aji_30,0.029,TI,parenchyme,dr1,0,trajectory,other
PCA,PCA,PCA,nkr_10,0.022,TI,parenchyme,dr1,0,trajectory,other
PCA,PCA,PCA,nkr_20,0.04,TI,parenchyme,dr1,0,trajectory,other
PCA,PCA,PCA,nkr_30,0.056,TI,parenchyme,dr1,0,trajectory,other
PCA,PCA,PCA,Mrre_missing_10,0.84,TI,phagocyte,dr3,0,trajectory,other
PCA,PCA,PCA,Mrre_missing_20,0.833,TI,phagocyte,dr3,0,trajectory,other
PCA,PCA,PCA,Mrre_missing_30,0.828,TI,phagocyte,dr3,0,trajectory,other
PCA,PCA,PCA,aji_10,0.032,TI,phagocyte,dr1,0,trajectory,other
PCA,PCA,PCA,aji_20,0.058,TI,phagocyte,dr1,0,trajectory,other
PCA,PCA,PCA,aji_30,0.078,TI,phagocyte,dr1,0,trajectory,other
PCA,PCA,PCA,nkr_10,0.063,TI,phagocyte,dr1,0,trajectory,other
PCA,PCA,PCA,nkr_20,0.112,TI,phagocyte,dr1,0,trajectory,other
PCA,PCA,PCA,nkr_30,0.148,TI,phagocyte,dr1,0,trajectory,other
PCA,PCA,PCA,Mrre_missing_10,0.824,TI,pharynx,dr3,0,trajectory,other
PCA,PCA,PCA,Mrre_missing_20,0.811,TI,pharynx,dr3,0,trajectory,other
PCA,PCA,PCA,Mrre_missing_30,0.804,TI,pharynx,dr3,0,trajectory,other
PCA,PCA,PCA,aji_10,0.057,TI,pharynx,dr1,0,trajectory,other
PCA,PCA,PCA,aji_20,0.089,TI,pharynx,dr1,0,trajectory,other
PCA,PCA,PCA,aji_30,0.124,TI,pharynx,dr1,0,trajectory,other
PCA,PCA,PCA,nkr_10,0.109,TI,pharynx,dr1,0,trajectory,other
PCA,PCA,PCA,nkr_20,0.172,TI,pharynx,dr1,0,trajectory,other
PCA,PCA,PCA,nkr_30,0.225,TI,pharynx,dr1,0,trajectory,other
PCA,PCA,PCA,Mrre_missing_10,0.886,TI,trophectoderm,dr3,0,trajectory,other
PCA,PCA,PCA,Mrre_missing_20,0.874,TI,trophectoderm,dr3,0,trajectory,other
PCA,PCA,PCA,Mrre_missing_30,0.862,TI,trophectoderm,dr3,0,trajectory,other
PCA,PCA,PCA,aji_10,0.292,TI,trophectoderm,dr1,0,trajectory,other
PCA,PCA,PCA,aji_20,0.479,TI,trophectoderm,dr1,0,trajectory,other
PCA,PCA,PCA,aji_30,0.557,TI,trophectoderm,dr1,0,trajectory,other
PCA,PCA,PCA,nkr_10,0.465,TI,trophectoderm,dr1,0,trajectory,other
PCA,PCA,PCA,nkr_20,0.662,TI,trophectoderm,dr1,0,trajectory,other
PCA,PCA,PCA,nkr_30,0.728,TI,trophectoderm,dr1,0,trajectory,other
PCA,PCA,PCA,Mrre_missing_10,0.887,VASC,Baron,dr3,0,VASC,other
PCA,PCA,PCA,Mrre_missing_20,0.884,VASC,Baron,dr3,0,VASC,other
PCA,PCA,PCA,Mrre_missing_30,0.882,VASC,Baron,dr3,0,VASC,other
PCA,PCA,PCA,aji_10,0.01,VASC,Baron,dr1,0,VASC,other
PCA,PCA,PCA,aji_20,0.017,VASC,Baron,dr1,0,VASC,other
PCA,PCA,PCA,aji_30,0.023,VASC,Baron,dr1,0,VASC,other
PCA,PCA,PCA,nkr_10,0.019,VASC,Baron,dr1,0,VASC,other
PCA,PCA,PCA,nkr_20,0.033,VASC,Baron,dr1,0,VASC,other
PCA,PCA,PCA,nkr_30,0.044,VASC,Baron,dr1,0,VASC,other
PCA,PCA,PCA,Mrre_missing_10,0.93,VASC,Biase,dr3,0,VASC,other
PCA,PCA,PCA,Mrre_missing_20,0.922,VASC,Biase,dr3,0,VASC,other
PCA,PCA,PCA,Mrre_missing_30,0.915,VASC,Biase,dr3,0,VASC,other
PCA,PCA,PCA,aji_10,0.507,VASC,Biase,dr1,0,VASC,other
PCA,PCA,PCA,aji_20,0.806,VASC,Biase,dr1,0,VASC,other
PCA,PCA,PCA,aji_30,0.818,VASC,Biase,dr1,0,VASC,other
PCA,PCA,PCA,nkr_10,0.7,VASC,Biase,dr1,0,VASC,other
PCA,PCA,PCA,nkr_20,0.946,VASC,Biase,dr1,0,VASC,other
PCA,PCA,PCA,nkr_30,0.927,VASC,Biase,dr1,0,VASC,other
PCA,PCA,PCA,Mrre_missing_10,0.916,VASC,Goolam,dr3,0,VASC,other
PCA,PCA,PCA,Mrre_missing_20,0.91,VASC,Goolam,dr3,0,VASC,other
PCA,PCA,PCA,Mrre_missing_30,0.902,VASC,Goolam,dr3,0,VASC,other
PCA,PCA,PCA,aji_10,0.283,VASC,Goolam,dr1,0,VASC,other
PCA,PCA,PCA,aji_20,0.419,VASC,Goolam,dr1,0,VASC,other
PCA,PCA,PCA,aji_30,0.516,VASC,Goolam,dr1,0,VASC,other
PCA,PCA,PCA,nkr_10,0.452,VASC,Goolam,dr1,0,VASC,other
PCA,PCA,PCA,nkr_20,0.602,VASC,Goolam,dr1,0,VASC,other
PCA,PCA,PCA,nkr_30,0.689,VASC,Goolam,dr1,0,VASC,other
PCA,PCA,PCA,Mrre_missing_10,0.589,VASC,Xin,dr3,0,VASC,other
PCA,PCA,PCA,Mrre_missing_20,0.589,VASC,Xin,dr3,0,VASC,other
PCA,PCA,PCA,Mrre_missing_30,0.588,VASC,Xin,dr3,0,VASC,other
PCA,PCA,PCA,aji_10,0.011,VASC,Xin,dr1,0,VASC,other
PCA,PCA,PCA,aji_20,0.021,VASC,Xin,dr1,0,VASC,other
PCA,PCA,PCA,aji_30,0.028,VASC,Xin,dr1,0,VASC,other
PCA,PCA,PCA,nkr_10,0.021,VASC,Xin,dr1,0,VASC,other
PCA,PCA,PCA,nkr_20,0.037,VASC,Xin,dr1,0,VASC,other
PCA,PCA,PCA,nkr_30,0.05,VASC,Xin,dr1,0,VASC,other
PCA,PCA,PCA,Mrre_missing_10,0.901,VASC,Zeisel,dr3,0,VASC,other
PCA,PCA,PCA,Mrre_missing_20,0.898,VASC,Zeisel,dr3,0,VASC,other
PCA,PCA,PCA,Mrre_missing_30,0.896,VASC,Zeisel,dr3,0,VASC,other
PCA,PCA,PCA,aji_10,0.022,VASC,Zeisel,dr1,0,VASC,other
PCA,PCA,PCA,aji_20,0.036,VASC,Zeisel,dr1,0,VASC,other
PCA,PCA,PCA,aji_30,0.049,VASC,Zeisel,dr1,0,VASC,other
PCA,PCA,PCA,nkr_10,0.042,VASC,Zeisel,dr1,0,VASC,other
PCA,PCA,PCA,nkr_20,0.068,VASC,Zeisel,dr1,0,VASC,other
PCA,PCA,PCA,nkr_30,0.089,VASC,Zeisel,dr1,0,VASC,other
PCA,PCA,PCA,Mrre_missing_10,0.954,VASC,yan,dr3,0,VASC,other
PCA,PCA,PCA,Mrre_missing_20,0.95,VASC,yan,dr3,0,VASC,other
PCA,PCA,PCA,Mrre_missing_30,0.948,VASC,yan,dr3,0,VASC,other
PCA,PCA,PCA,aji_10,0.516,VASC,yan,dr1,0,VASC,other
PCA,PCA,PCA,aji_20,0.738,VASC,yan,dr1,0,VASC,other
PCA,PCA,PCA,aji_30,0.841,VASC,yan,dr1,0,VASC,other
PCA,PCA,PCA,nkr_10,0.708,VASC,yan,dr1,0,VASC,other
PCA,PCA,PCA,nkr_20,0.876,VASC,yan,dr1,0,VASC,other
PCA,PCA,PCA,nkr_30,0.944,VASC,yan,dr1,0,VASC,other
PCA,PCA,PCA,Mrre_missing_10,0.806,benchmarker,Baron_mouse,dr3,0,curated,other
PCA,PCA,PCA,Mrre_missing_20,0.802,benchmarker,Baron_mouse,dr3,0,curated,other
PCA,PCA,PCA,Mrre_missing_30,0.8,benchmarker,Baron_mouse,dr3,0,curated,other
PCA,PCA,PCA,aji_10,0.024,benchmarker,Baron_mouse,dr1,0,curated,other
PCA,PCA,PCA,aji_20,0.039,benchmarker,Baron_mouse,dr1,0,curated,other
PCA,PCA,PCA,aji_30,0.055,benchmarker,Baron_mouse,dr1,0,curated,other
PCA,PCA,PCA,nkr_10,0.046,benchmarker,Baron_mouse,dr1,0,curated,other
PCA,PCA,PCA,nkr_20,0.073,benchmarker,Baron_mouse,dr1,0,curated,other
PCA,PCA,PCA,nkr_30,0.096,benchmarker,Baron_mouse,dr1,0,curated,other
PCA,PCA,PCA,Mrre_missing_10,0.78,benchmarker,Darmanis,dr3,0,curated,other
PCA,PCA,PCA,Mrre_missing_20,0.777,benchmarker,Darmanis,dr3,0,curated,other
PCA,PCA,PCA,Mrre_missing_30,0.774,benchmarker,Darmanis,dr3,0,curated,other
PCA,PCA,PCA,aji_10,0.085,benchmarker,Darmanis,dr1,0,curated,other
PCA,PCA,PCA,aji_20,0.139,benchmarker,Darmanis,dr1,0,curated,other
PCA,PCA,PCA,aji_30,0.175,benchmarker,Darmanis,dr1,0,curated,other
PCA,PCA,PCA,nkr_10,0.151,benchmarker,Darmanis,dr1,0,curated,other
PCA,PCA,PCA,nkr_20,0.227,benchmarker,Darmanis,dr1,0,curated,other
PCA,PCA,PCA,nkr_30,0.283,benchmarker,Darmanis,dr1,0,curated,other
PCA,PCA,PCA,Mrre_missing_10,0.809,benchmarker,Pancreatic,dr3,0,curated,other
PCA,PCA,PCA,Mrre_missing_20,0.797,benchmarker,Pancreatic,dr3,0,curated,other
PCA,PCA,PCA,Mrre_missing_30,0.78,benchmarker,Pancreatic,dr3,0,curated,other
PCA,PCA,PCA,aji_10,0.351,benchmarker,Pancreatic,dr1,0,curated,other
PCA,PCA,PCA,aji_20,0.448,benchmarker,Pancreatic,dr1,0,curated,other
PCA,PCA,PCA,aji_30,0.625,benchmarker,Pancreatic,dr1,0,curated,other
PCA,PCA,PCA,nkr_10,0.517,benchmarker,Pancreatic,dr1,0,curated,other
PCA,PCA,PCA,nkr_20,0.639,benchmarker,Pancreatic,dr1,0,curated,other
PCA,PCA,PCA,nkr_30,0.784,benchmarker,Pancreatic,dr1,0,curated,other
PCA,PCA,PCA,Mrre_missing_10,0.864,benchmarker,Silver,dr3,0,curated,other
PCA,PCA,PCA,Mrre_missing_20,0.861,benchmarker,Silver,dr3,0,curated,other
PCA,PCA,PCA,Mrre_missing_30,0.859,benchmarker,Silver,dr3,0,curated,other
PCA,PCA,PCA,aji_10,0.013,benchmarker,Silver,dr1,0,curated,other
PCA,PCA,PCA,aji_20,0.023,benchmarker,Silver,dr1,0,curated,other
PCA,PCA,PCA,aji_30,0.033,benchmarker,Silver,dr1,0,curated,other
PCA,PCA,PCA,nkr_10,0.025,benchmarker,Silver,dr1,0,curated,other
PCA,PCA,PCA,nkr_20,0.045,benchmarker,Silver,dr1,0,curated,other
PCA,PCA,PCA,nkr_30,0.063,benchmarker,Silver,dr1,0,curated,other
PCA,PCA,PCA,Mrre_missing_10,0.861,benchmarker,Zhengmix4eq,dr3,0,curated,other
PCA,PCA,PCA,Mrre_missing_20,0.859,benchmarker,Zhengmix4eq,dr3,0,curated,other
PCA,PCA,PCA,Mrre_missing_30,0.857,benchmarker,Zhengmix4eq,dr3,0,curated,other
PCA,PCA,PCA,aji_10,0.009,benchmarker,Zhengmix4eq,dr1,0,curated,other
PCA,PCA,PCA,aji_20,0.016,benchmarker,Zhengmix4eq,dr1,0,curated,other
PCA,PCA,PCA,aji_30,0.024,benchmarker,Zhengmix4eq,dr1,0,curated,other
PCA,PCA,PCA,nkr_10,0.017,benchmarker,Zhengmix4eq,dr1,0,curated,other
PCA,PCA,PCA,nkr_20,0.029,benchmarker,Zhengmix4eq,dr1,0,curated,other
PCA,PCA,PCA,nkr_30,0.04,benchmarker,Zhengmix4eq,dr1,0,curated,other
PCA,PCA,PCA,Mrre_missing_10,0.921,scDesign3,ACINAR,dr3,0,scDesign3,other
PCA,PCA,PCA,Mrre_missing_20,0.915,scDesign3,ACINAR,dr3,0,scDesign3,other
PCA,PCA,PCA,Mrre_missing_30,0.912,scDesign3,ACINAR,dr3,0,scDesign3,other
PCA,PCA,PCA,aji_10,0.035,scDesign3,ACINAR,dr1,0,scDesign3,other
PCA,PCA,PCA,aji_20,0.055,scDesign3,ACINAR,dr1,0,scDesign3,other
PCA,PCA,PCA,aji_30,0.071,scDesign3,ACINAR,dr1,0,scDesign3,other
PCA,PCA,PCA,nkr_10,0.069,scDesign3,ACINAR,dr1,0,scDesign3,other
PCA,PCA,PCA,nkr_20,0.105,scDesign3,ACINAR,dr1,0,scDesign3,other
PCA,PCA,PCA,nkr_30,0.131,scDesign3,ACINAR,dr1,0,scDesign3,other
PCA,PCA,PCA,Mrre_missing_10,0.788,scDesign3,ATAC,dr3,0,scDesign3,other
PCA,PCA,PCA,Mrre_missing_20,0.787,scDesign3,ATAC,dr3,0,scDesign3,other
PCA,PCA,PCA,Mrre_missing_30,0.787,scDesign3,ATAC,dr3,0,scDesign3,other
PCA,PCA,PCA,aji_10,0.002,scDesign3,ATAC,dr1,0,scDesign3,other
PCA,PCA,PCA,aji_20,0.004,scDesign3,ATAC,dr1,0,scDesign3,other
PCA,PCA,PCA,aji_30,0.006,scDesign3,ATAC,dr1,0,scDesign3,other
PCA,PCA,PCA,nkr_10,0.004,scDesign3,ATAC,dr1,0,scDesign3,other
PCA,PCA,PCA,nkr_20,0.008,scDesign3,ATAC,dr1,0,scDesign3,other
PCA,PCA,PCA,nkr_30,0.012,scDesign3,ATAC,dr1,0,scDesign3,other
PCA,PCA,PCA,Mrre_missing_10,0.934,scDesign3,BATCH,dr3,0,scDesign3,other
PCA,PCA,PCA,Mrre_missing_20,0.933,scDesign3,BATCH,dr3,0,scDesign3,other
PCA,PCA,PCA,Mrre_missing_30,0.932,scDesign3,BATCH,dr3,0,scDesign3,other
PCA,PCA,PCA,aji_10,0.019,scDesign3,BATCH,dr1,0,scDesign3,other
PCA,PCA,PCA,aji_20,0.032,scDesign3,BATCH,dr1,0,scDesign3,other
PCA,PCA,PCA,aji_30,0.043,scDesign3,BATCH,dr1,0,scDesign3,other
PCA,PCA,PCA,nkr_10,0.037,scDesign3,BATCH,dr1,0,scDesign3,other
PCA,PCA,PCA,nkr_20,0.06,scDesign3,BATCH,dr1,0,scDesign3,other
PCA,PCA,PCA,nkr_30,0.08,scDesign3,BATCH,dr1,0,scDesign3,other
PCA,PCA,PCA,Mrre_missing_10,0.854,scDesign3,CITE,dr3,0,scDesign3,other
PCA,PCA,PCA,Mrre_missing_20,0.849,scDesign3,CITE,dr3,0,scDesign3,other
PCA,PCA,PCA,Mrre_missing_30,0.846,scDesign3,CITE,dr3,0,scDesign3,other
PCA,PCA,PCA,aji_10,0.01,scDesign3,CITE,dr1,0,scDesign3,other
PCA,PCA,PCA,aji_20,0.017,scDesign3,CITE,dr1,0,scDesign3,other
PCA,PCA,PCA,aji_30,0.023,scDesign3,CITE,dr1,0,scDesign3,other
PCA,PCA,PCA,nkr_10,0.019,scDesign3,CITE,dr1,0,scDesign3,other
PCA,PCA,PCA,nkr_20,0.031,scDesign3,CITE,dr1,0,scDesign3,other
PCA,PCA,PCA,nkr_30,0.041,scDesign3,CITE,dr1,0,scDesign3,other
PCA,PCA,PCA,Mrre_missing_10,0.877,scDesign3,EMBYRO,dr3,0,scDesign3,other
PCA,PCA,PCA,Mrre_missing_20,0.864,scDesign3,EMBYRO,dr3,0,scDesign3,other
PCA,PCA,PCA,Mrre_missing_30,0.857,scDesign3,EMBYRO,dr3,0,scDesign3,other
PCA,PCA,PCA,aji_10,0.042,scDesign3,EMBYRO,dr1,0,scDesign3,other
PCA,PCA,PCA,aji_20,0.062,scDesign3,EMBYRO,dr1,0,scDesign3,other
PCA,PCA,PCA,aji_30,0.077,scDesign3,EMBYRO,dr1,0,scDesign3,other
PCA,PCA,PCA,nkr_10,0.09,scDesign3,EMBYRO,dr1,0,scDesign3,other
PCA,PCA,PCA,nkr_20,0.121,scDesign3,EMBYRO,dr1,0,scDesign3,other
PCA,PCA,PCA,nkr_30,0.145,scDesign3,EMBYRO,dr1,0,scDesign3,other
PCA,PCA,PCA,Mrre_missing_10,0.909,scDesign3,IFNB,dr3,0,scDesign3,other
PCA,PCA,PCA,Mrre_missing_20,0.906,scDesign3,IFNB,dr3,0,scDesign3,other
PCA,PCA,PCA,Mrre_missing_30,0.903,scDesign3,IFNB,dr3,0,scDesign3,other
PCA,PCA,PCA,aji_10,0.005,scDesign3,IFNB,dr1,0,scDesign3,other
PCA,PCA,PCA,aji_20,0.008,scDesign3,IFNB,dr1,0,scDesign3,other
PCA,PCA,PCA,aji_30,0.011,scDesign3,IFNB,dr1,0,scDesign3,other
PCA,PCA,PCA,nkr_10,0.009,scDesign3,IFNB,dr1,0,scDesign3,other
PCA,PCA,PCA,nkr_20,0.015,scDesign3,IFNB,dr1,0,scDesign3,other
PCA,PCA,PCA,nkr_30,0.021,scDesign3,IFNB,dr1,0,scDesign3,other
PCA,PCA,PCA,Mrre_missing_10,0.925,scDesign3,MARROW,dr3,0,scDesign3,other
PCA,PCA,PCA,Mrre_missing_20,0.924,scDesign3,MARROW,dr3,0,scDesign3,other
PCA,PCA,PCA,Mrre_missing_30,0.924,scDesign3,MARROW,dr3,0,scDesign3,other
PCA,PCA,PCA,aji_10,0.027,scDesign3,MARROW,dr1,0,scDesign3,other
PCA,PCA,PCA,aji_20,0.049,scDesign3,MARROW,dr1,0,scDesign3,other
PCA,PCA,PCA,aji_30,0.07,scDesign3,MARROW,dr1,0,scDesign3,other
PCA,PCA,PCA,nkr_10,0.05,scDesign3,MARROW,dr1,0,scDesign3,other
PCA,PCA,PCA,nkr_20,0.09,scDesign3,MARROW,dr1,0,scDesign3,other
PCA,PCA,PCA,nkr_30,0.126,scDesign3,MARROW,dr1,0,scDesign3,other
PCA,PCA,PCA,Mrre_missing_10,0.877,scDesign3,MOBSC,dr3,0,scDesign3,other
PCA,PCA,PCA,Mrre_missing_20,0.874,scDesign3,MOBSC,dr3,0,scDesign3,other
PCA,PCA,PCA,Mrre_missing_30,0.872,scDesign3,MOBSC,dr3,0,scDesign3,other
PCA,PCA,PCA,aji_10,0.005,scDesign3,MOBSC,dr1,0,scDesign3,other
PCA,PCA,PCA,aji_20,0.009,scDesign3,MOBSC,dr1,0,scDesign3,other
PCA,PCA,PCA,aji_30,0.012,scDesign3,MOBSC,dr1,0,scDesign3,other
PCA,PCA,PCA,nkr_10,0.01,scDesign3,MOBSC,dr1,0,scDesign3,other
PCA,PCA,PCA,nkr_20,0.017,scDesign3,MOBSC,dr1,0,scDesign3,other
PCA,PCA,PCA,nkr_30,0.022,scDesign3,MOBSC,dr1,0,scDesign3,other
PCA,PCA,PCA,Mrre_missing_10,0.909,scDesign3,OVARIAN,dr3,0,scDesign3,other
PCA,PCA,PCA,Mrre_missing_20,0.902,scDesign3,OVARIAN,dr3,0,scDesign3,other
PCA,PCA,PCA,Mrre_missing_30,0.898,scDesign3,OVARIAN,dr3,0,scDesign3,other
PCA,PCA,PCA,aji_10,0.023,scDesign3,OVARIAN,dr1,0,scDesign3,other
PCA,PCA,PCA,aji_20,0.036,scDesign3,OVARIAN,dr1,0,scDesign3,other
PCA,PCA,PCA,aji_30,0.047,scDesign3,OVARIAN,dr1,0,scDesign3,other
PCA,PCA,PCA,nkr_10,0.049,scDesign3,OVARIAN,dr1,0,scDesign3,other
PCA,PCA,PCA,nkr_20,0.071,scDesign3,OVARIAN,dr1,0,scDesign3,other
PCA,PCA,PCA,nkr_30,0.09,scDesign3,OVARIAN,dr1,0,scDesign3,other
PCA,PCA,PCA,Mrre_missing_10,0.925,scDesign3,PANCREAS,dr3,0,scDesign3,other
PCA,PCA,PCA,Mrre_missing_20,0.923,scDesign3,PANCREAS,dr3,0,scDesign3,other
PCA,PCA,PCA,Mrre_missing_30,0.921,scDesign3,PANCREAS,dr3,0,scDesign3,other
PCA,PCA,PCA,aji_10,0.033,scDesign3,PANCREAS,dr1,0,scDesign3,other
PCA,PCA,PCA,aji_20,0.057,scDesign3,PANCREAS,dr1,0,scDesign3,other
PCA,PCA,PCA,aji_30,0.077,scDesign3,PANCREAS,dr1,0,scDesign3,other
PCA,PCA,PCA,nkr_10,0.064,scDesign3,PANCREAS,dr1,0,scDesign3,other
PCA,PCA,PCA,nkr_20,0.107,scDesign3,PANCREAS,dr1,0,scDesign3,other
PCA,PCA,PCA,nkr_30,0.141,scDesign3,PANCREAS,dr1,0,scDesign3,other
PCA,PCA,PCA,Mrre_missing_10,0.894,scDesign3,SCGEMMETH,dr3,0,scDesign3,other
PCA,PCA,PCA,Mrre_missing_20,0.889,scDesign3,SCGEMMETH,dr3,0,scDesign3,other
PCA,PCA,PCA,Mrre_missing_30,0.885,scDesign3,SCGEMMETH,dr3,0,scDesign3,other
PCA,PCA,PCA,aji_10,0.217,scDesign3,SCGEMMETH,dr1,0,scDesign3,other
PCA,PCA,PCA,aji_20,0.351,scDesign3,SCGEMMETH,dr1,0,scDesign3,other
PCA,PCA,PCA,aji_30,0.454,scDesign3,SCGEMMETH,dr1,0,scDesign3,other
PCA,PCA,PCA,nkr_10,0.363,scDesign3,SCGEMMETH,dr1,0,scDesign3,other
PCA,PCA,PCA,nkr_20,0.532,scDesign3,SCGEMMETH,dr1,0,scDesign3,other
PCA,PCA,PCA,nkr_30,0.636,scDesign3,SCGEMMETH,dr1,0,scDesign3,other
PCA,PCA,PCA,Mrre_missing_10,0.914,scDesign3,SCGEMRNA,dr3,0,scDesign3,other
PCA,PCA,PCA,Mrre_missing_20,0.909,scDesign3,SCGEMRNA,dr3,0,scDesign3,other
PCA,PCA,PCA,Mrre_missing_30,0.906,scDesign3,SCGEMRNA,dr3,0,scDesign3,other
PCA,PCA,PCA,aji_10,0.203,scDesign3,SCGEMRNA,dr1,0,scDesign3,other
PCA,PCA,PCA,aji_20,0.337,scDesign3,SCGEMRNA,dr1,0,scDesign3,other
PCA,PCA,PCA,aji_30,0.456,scDesign3,SCGEMRNA,dr1,0,scDesign3,other
PCA,PCA,PCA,nkr_10,0.353,scDesign3,SCGEMRNA,dr1,0,scDesign3,other
PCA,PCA,PCA,nkr_20,0.513,scDesign3,SCGEMRNA,dr1,0,scDesign3,other
PCA,PCA,PCA,nkr_30,0.634,scDesign3,SCGEMRNA,dr1,0,scDesign3,other
PCA,PCA,PCA,Mrre_missing_10,0.478,scDesign3,SCIATAC,dr3,0,scDesign3,other
PCA,PCA,PCA,Mrre_missing_20,0.474,scDesign3,SCIATAC,dr3,0,scDesign3,other
PCA,PCA,PCA,Mrre_missing_30,0.472,scDesign3,SCIATAC,dr3,0,scDesign3,other
PCA,PCA,PCA,aji_10,0.002,scDesign3,SCIATAC,dr1,0,scDesign3,other
PCA,PCA,PCA,aji_20,0.003,scDesign3,SCIATAC,dr1,0,scDesign3,other
PCA,PCA,PCA,aji_30,0.004,scDesign3,SCIATAC,dr1,0,scDesign3,other
PCA,PCA,PCA,nkr_10,0.003,scDesign3,SCIATAC,dr1,0,scDesign3,other
PCA,PCA,PCA,nkr_20,0.005,scDesign3,SCIATAC,dr1,0,scDesign3,other
PCA,PCA,PCA,nkr_30,0.007,scDesign3,SCIATAC,dr1,0,scDesign3,other
PCA,PCA,PCA,Mrre_missing_10,0.501,scDesign3,SLIDE,dr3,0,scDesign3,other
PCA,PCA,PCA,Mrre_missing_20,0.501,scDesign3,SLIDE,dr3,0,scDesign3,other
PCA,PCA,PCA,Mrre_missing_30,0.501,scDesign3,SLIDE,dr3,0,scDesign3,other
PCA,PCA,PCA,aji_10,0.001,scDesign3,SLIDE,dr1,0,scDesign3,other
PCA,PCA,PCA,aji_20,0.001,scDesign3,SLIDE,dr1,0,scDesign3,other
PCA,PCA,PCA,aji_30,0.002,scDesign3,SLIDE,dr1,0,scDesign3,other
PCA,PCA,PCA,nkr_10,0.001,scDesign3,SLIDE,dr1,0,scDesign3,other
PCA,PCA,PCA,nkr_20,0.002,scDesign3,SLIDE,dr1,0,scDesign3,other
PCA,PCA,PCA,nkr_30,0.003,scDesign3,SLIDE,dr1,0,scDesign3,other
PCA,PCA,PCA,Mrre_missing_10,0.939,scDesign3,VISIUM,dr3,0,scDesign3,other
PCA,PCA,PCA,Mrre_missing_20,0.931,scDesign3,VISIUM,dr3,0,scDesign3,other
PCA,PCA,PCA,Mrre_missing_30,0.926,scDesign3,VISIUM,dr3,0,scDesign3,other
PCA,PCA,PCA,aji_10,0.038,scDesign3,VISIUM,dr1,0,scDesign3,other
PCA,PCA,PCA,aji_20,0.057,scDesign3,VISIUM,dr1,0,scDesign3,other
PCA,PCA,PCA,aji_30,0.073,scDesign3,VISIUM,dr1,0,scDesign3,other
PCA,PCA,PCA,nkr_10,0.078,scDesign3,VISIUM,dr1,0,scDesign3,other
PCA,PCA,PCA,nkr_20,0.11,scDesign3,VISIUM,dr1,0,scDesign3,other
PCA,PCA,PCA,nkr_30,0.135,scDesign3,VISIUM,dr1,0,scDesign3,other
GLMPCA,GLMPCA,GLMPCA,Mrre_missing_10,0.852,SIMLR,Pollen,dr3,1,SIMLR,other
GLMPCA,GLMPCA,GLMPCA,Mrre_missing_20,0.848,SIMLR,Pollen,dr3,1,SIMLR,other
GLMPCA,GLMPCA,GLMPCA,Mrre_missing_30,0.835,SIMLR,Pollen,dr3,1,SIMLR,other
GLMPCA,GLMPCA,GLMPCA,aji_10,0.119,SIMLR,Pollen,dr1,1,SIMLR,other
GLMPCA,GLMPCA,GLMPCA,aji_20,0.238,SIMLR,Pollen,dr1,1,SIMLR,other
GLMPCA,GLMPCA,GLMPCA,aji_30,0.308,SIMLR,Pollen,dr1,1,SIMLR,other
GLMPCA,GLMPCA,GLMPCA,nkr_10,0.196,SIMLR,Pollen,dr1,1,SIMLR,other
GLMPCA,GLMPCA,GLMPCA,nkr_20,0.355,SIMLR,Pollen,dr1,1,SIMLR,other
GLMPCA,GLMPCA,GLMPCA,nkr_30,0.438,SIMLR,Pollen,dr1,1,SIMLR,other
GLMPCA,GLMPCA,GLMPCA,Mrre_missing_10,0.734,SIMLR,Usoskin,dr3,1,SIMLR,other
GLMPCA,GLMPCA,GLMPCA,Mrre_missing_20,0.726,SIMLR,Usoskin,dr3,1,SIMLR,other
GLMPCA,GLMPCA,GLMPCA,Mrre_missing_30,0.721,SIMLR,Usoskin,dr3,1,SIMLR,other
GLMPCA,GLMPCA,GLMPCA,aji_10,0.022,SIMLR,Usoskin,dr1,1,SIMLR,other
GLMPCA,GLMPCA,GLMPCA,aji_20,0.039,SIMLR,Usoskin,dr1,1,SIMLR,other
GLMPCA,GLMPCA,GLMPCA,aji_30,0.058,SIMLR,Usoskin,dr1,1,SIMLR,other
GLMPCA,GLMPCA,GLMPCA,nkr_10,0.04,SIMLR,Usoskin,dr1,1,SIMLR,other
GLMPCA,GLMPCA,GLMPCA,nkr_20,0.068,SIMLR,Usoskin,dr1,1,SIMLR,other
GLMPCA,GLMPCA,GLMPCA,nkr_30,0.099,SIMLR,Usoskin,dr1,1,SIMLR,other
GLMPCA,GLMPCA,GLMPCA,Mrre_missing_10,0.864,TI,DA1_horns,dr3,1,trajectory,other
GLMPCA,GLMPCA,GLMPCA,Mrre_missing_20,0.863,TI,DA1_horns,dr3,1,trajectory,other
GLMPCA,GLMPCA,GLMPCA,Mrre_missing_30,0.861,TI,DA1_horns,dr3,1,trajectory,other
GLMPCA,GLMPCA,GLMPCA,aji_10,0.087,TI,DA1_horns,dr1,1,trajectory,other
GLMPCA,GLMPCA,GLMPCA,aji_20,0.181,TI,DA1_horns,dr1,1,trajectory,other
GLMPCA,GLMPCA,GLMPCA,aji_30,0.284,TI,DA1_horns,dr1,1,trajectory,other
GLMPCA,GLMPCA,GLMPCA,nkr_10,0.161,TI,DA1_horns,dr1,1,trajectory,other
GLMPCA,GLMPCA,GLMPCA,nkr_20,0.303,TI,DA1_horns,dr1,1,trajectory,other
GLMPCA,GLMPCA,GLMPCA,nkr_30,0.429,TI,DA1_horns,dr1,1,trajectory,other
GLMPCA,GLMPCA,GLMPCA,Mrre_missing_10,0.893,TI,DC3_VA1d_horns,dr3,1,trajectory,other
GLMPCA,GLMPCA,GLMPCA,Mrre_missing_20,0.893,TI,DC3_VA1d_horns,dr3,1,trajectory,other
GLMPCA,GLMPCA,GLMPCA,Mrre_missing_30,0.891,TI,DC3_VA1d_horns,dr3,1,trajectory,other
GLMPCA,GLMPCA,GLMPCA,aji_10,0.177,TI,DC3_VA1d_horns,dr1,1,trajectory,other
GLMPCA,GLMPCA,GLMPCA,aji_20,0.346,TI,DC3_VA1d_horns,dr1,1,trajectory,other
GLMPCA,GLMPCA,GLMPCA,aji_30,0.524,TI,DC3_VA1d_horns,dr1,1,trajectory,other
GLMPCA,GLMPCA,GLMPCA,nkr_10,0.305,TI,DC3_VA1d_horns,dr1,1,trajectory,other
GLMPCA,GLMPCA,GLMPCA,nkr_20,0.518,TI,DC3_VA1d_horns,dr1,1,trajectory,other
GLMPCA,GLMPCA,GLMPCA,nkr_30,0.689,TI,DC3_VA1d_horns,dr1,1,trajectory,other
GLMPCA,GLMPCA,GLMPCA,Mrre_missing_10,0.929,TI,ICM,dr3,1,trajectory,other
GLMPCA,GLMPCA,GLMPCA,Mrre_missing_20,0.927,TI,ICM,dr3,1,trajectory,other
GLMPCA,GLMPCA,GLMPCA,Mrre_missing_30,0.925,TI,ICM,dr3,1,trajectory,other
GLMPCA,GLMPCA,GLMPCA,aji_10,0.182,TI,ICM,dr1,1,trajectory,other
GLMPCA,GLMPCA,GLMPCA,aji_20,0.341,TI,ICM,dr1,1,trajectory,other
GLMPCA,GLMPCA,GLMPCA,aji_30,0.495,TI,ICM,dr1,1,trajectory,other
GLMPCA,GLMPCA,GLMPCA,nkr_10,0.318,TI,ICM,dr1,1,trajectory,other
GLMPCA,GLMPCA,GLMPCA,nkr_20,0.5,TI,ICM,dr1,1,trajectory,other
GLMPCA,GLMPCA,GLMPCA,nkr_30,0.641,TI,ICM,dr1,1,trajectory,other
GLMPCA,GLMPCA,GLMPCA,Mrre_missing_10,0.947,TI,blastocyst,dr3,1,trajectory,other
GLMPCA,GLMPCA,GLMPCA,Mrre_missing_20,0.944,TI,blastocyst,dr3,1,trajectory,other
GLMPCA,GLMPCA,GLMPCA,Mrre_missing_30,0.942,TI,blastocyst,dr3,1,trajectory,other
GLMPCA,GLMPCA,GLMPCA,aji_10,0.214,TI,blastocyst,dr1,1,trajectory,other
GLMPCA,GLMPCA,GLMPCA,aji_20,0.341,TI,blastocyst,dr1,1,trajectory,other
GLMPCA,GLMPCA,GLMPCA,aji_30,0.466,TI,blastocyst,dr1,1,trajectory,other
GLMPCA,GLMPCA,GLMPCA,nkr_10,0.363,TI,blastocyst,dr1,1,trajectory,other
GLMPCA,GLMPCA,GLMPCA,nkr_20,0.508,TI,blastocyst,dr1,1,trajectory,other
GLMPCA,GLMPCA,GLMPCA,nkr_30,0.62,TI,blastocyst,dr1,1,trajectory,other
GLMPCA,GLMPCA,GLMPCA,Mrre_missing_10,0.806,TI,combination-1,dr3,1,trajectory,other
GLMPCA,GLMPCA,GLMPCA,Mrre_missing_20,0.799,TI,combination-1,dr3,1,trajectory,other
GLMPCA,GLMPCA,GLMPCA,Mrre_missing_30,0.795,TI,combination-1,dr3,1,trajectory,other
GLMPCA,GLMPCA,GLMPCA,aji_10,0.009,TI,combination-1,dr1,1,trajectory,other
GLMPCA,GLMPCA,GLMPCA,aji_20,0.015,TI,combination-1,dr1,1,trajectory,other
GLMPCA,GLMPCA,GLMPCA,aji_30,0.02,TI,combination-1,dr1,1,trajectory,other
GLMPCA,GLMPCA,GLMPCA,nkr_10,0.018,TI,combination-1,dr1,1,trajectory,other
GLMPCA,GLMPCA,GLMPCA,nkr_20,0.029,TI,combination-1,dr1,1,trajectory,other
GLMPCA,GLMPCA,GLMPCA,nkr_30,0.039,TI,combination-1,dr1,1,trajectory,other
GLMPCA,GLMPCA,GLMPCA,Mrre_missing_10,0.777,TI,combination-2,dr3,1,trajectory,other
GLMPCA,GLMPCA,GLMPCA,Mrre_missing_20,0.768,TI,combination-2,dr3,1,trajectory,other
GLMPCA,GLMPCA,GLMPCA,Mrre_missing_30,0.763,TI,combination-2,dr3,1,trajectory,other
GLMPCA,GLMPCA,GLMPCA,aji_10,0.008,TI,combination-2,dr1,1,trajectory,other
GLMPCA,GLMPCA,GLMPCA,aji_20,0.015,TI,combination-2,dr1,1,trajectory,other
GLMPCA,GLMPCA,GLMPCA,aji_30,0.02,TI,combination-2,dr1,1,trajectory,other
GLMPCA,GLMPCA,GLMPCA,nkr_10,0.017,TI,combination-2,dr1,1,trajectory,other
GLMPCA,GLMPCA,GLMPCA,nkr_20,0.029,TI,combination-2,dr1,1,trajectory,other
GLMPCA,GLMPCA,GLMPCA,nkr_30,0.04,TI,combination-2,dr1,1,trajectory,other
GLMPCA,GLMPCA,GLMPCA,Mrre_missing_10,0.838,TI,combination-3,dr3,1,trajectory,other
GLMPCA,GLMPCA,GLMPCA,Mrre_missing_20,0.832,TI,combination-3,dr3,1,trajectory,other
GLMPCA,GLMPCA,GLMPCA,Mrre_missing_30,0.828,TI,combination-3,dr3,1,trajectory,other
GLMPCA,GLMPCA,GLMPCA,aji_10,0.017,TI,combination-3,dr1,1,trajectory,other
GLMPCA,GLMPCA,GLMPCA,aji_20,0.029,TI,combination-3,dr1,1,trajectory,other
GLMPCA,GLMPCA,GLMPCA,aji_30,0.038,TI,combination-3,dr1,1,trajectory,other
GLMPCA,GLMPCA,GLMPCA,nkr_10,0.035,TI,combination-3,dr1,1,trajectory,other
GLMPCA,GLMPCA,GLMPCA,nkr_20,0.056,TI,combination-3,dr1,1,trajectory,other
GLMPCA,GLMPCA,GLMPCA,nkr_30,0.074,TI,combination-3,dr1,1,trajectory,other
GLMPCA,GLMPCA,GLMPCA,Mrre_missing_10,0.914,TI,epiblast,dr3,1,trajectory,other
GLMPCA,GLMPCA,GLMPCA,Mrre_missing_20,0.909,TI,epiblast,dr3,1,trajectory,other
GLMPCA,GLMPCA,GLMPCA,Mrre_missing_30,0.904,TI,epiblast,dr3,1,trajectory,other
GLMPCA,GLMPCA,GLMPCA,aji_10,0.223,TI,epiblast,dr1,1,trajectory,other
GLMPCA,GLMPCA,GLMPCA,aji_20,0.396,TI,epiblast,dr1,1,trajectory,other
GLMPCA,GLMPCA,GLMPCA,aji_30,0.525,TI,epiblast,dr1,1,trajectory,other
GLMPCA,GLMPCA,GLMPCA,nkr_10,0.376,TI,epiblast,dr1,1,trajectory,other
GLMPCA,GLMPCA,GLMPCA,nkr_20,0.559,TI,epiblast,dr1,1,trajectory,other
GLMPCA,GLMPCA,GLMPCA,nkr_30,0.676,TI,epiblast,dr1,1,trajectory,other
GLMPCA,GLMPCA,GLMPCA,Mrre_missing_10,0.795,TI,epidermis,dr3,1,trajectory,other
GLMPCA,GLMPCA,GLMPCA,Mrre_missing_20,0.79,TI,epidermis,dr3,1,trajectory,other
GLMPCA,GLMPCA,GLMPCA,Mrre_missing_30,0.787,TI,epidermis,dr3,1,trajectory,other
GLMPCA,GLMPCA,GLMPCA,aji_10,0.008,TI,epidermis,dr1,1,trajectory,other
GLMPCA,GLMPCA,GLMPCA,aji_20,0.014,TI,epidermis,dr1,1,trajectory,other
GLMPCA,GLMPCA,GLMPCA,aji_30,0.018,TI,epidermis,dr1,1,trajectory,other
GLMPCA,GLMPCA,GLMPCA,nkr_10,0.017,TI,epidermis,dr1,1,trajectory,other
GLMPCA,GLMPCA,GLMPCA,nkr_20,0.027,TI,epidermis,dr1,1,trajectory,other
GLMPCA,GLMPCA,GLMPCA,nkr_30,0.036,TI,epidermis,dr1,1,trajectory,other
GLMPCA,GLMPCA,GLMPCA,Mrre_missing_10,0.835,TI,horns,dr3,1,trajectory,other
GLMPCA,GLMPCA,GLMPCA,Mrre_missing_20,0.834,TI,horns,dr3,1,trajectory,other
GLMPCA,GLMPCA,GLMPCA,Mrre_missing_30,0.833,TI,horns,dr3,1,trajectory,other
GLMPCA,GLMPCA,GLMPCA,aji_10,0.043,TI,horns,dr1,1,trajectory,other
GLMPCA,GLMPCA,GLMPCA,aji_20,0.087,TI,horns,dr1,1,trajectory,other
GLMPCA,GLMPCA,GLMPCA,aji_30,0.131,TI,horns,dr1,1,trajectory,other
GLMPCA,GLMPCA,GLMPCA,nkr_10,0.086,TI,horns,dr1,1,trajectory,other
GLMPCA,GLMPCA,GLMPCA,nkr_20,0.161,TI,horns,dr1,1,trajectory,other
GLMPCA,GLMPCA,GLMPCA,nkr_30,0.229,TI,horns,dr1,1,trajectory,other
GLMPCA,GLMPCA,GLMPCA,Mrre_missing_10,0.788,TI,muscle,dr3,1,trajectory,other
GLMPCA,GLMPCA,GLMPCA,Mrre_missing_20,0.778,TI,muscle,dr3,1,trajectory,other
GLMPCA,GLMPCA,GLMPCA,Mrre_missing_30,0.772,TI,muscle,dr3,1,trajectory,other
GLMPCA,GLMPCA,GLMPCA,aji_10,0.008,TI,muscle,dr1,1,trajectory,other
GLMPCA,GLMPCA,GLMPCA,aji_20,0.015,TI,muscle,dr1,1,trajectory,other
GLMPCA,GLMPCA,GLMPCA,aji_30,0.019,TI,muscle,dr1,1,trajectory,other
GLMPCA,GLMPCA,GLMPCA,nkr_10,0.017,TI,muscle,dr1,1,trajectory,other
GLMPCA,GLMPCA,GLMPCA,nkr_20,0.029,TI,muscle,dr1,1,trajectory,other
GLMPCA,GLMPCA,GLMPCA,nkr_30,0.038,TI,muscle,dr1,1,trajectory,other
GLMPCA,GLMPCA,GLMPCA,Mrre_missing_10,0.728,TI,neuron,dr3,1,trajectory,other
GLMPCA,GLMPCA,GLMPCA,Mrre_missing_20,0.713,TI,neuron,dr3,1,trajectory,other
GLMPCA,GLMPCA,GLMPCA,Mrre_missing_30,0.705,TI,neuron,dr3,1,trajectory,other
GLMPCA,GLMPCA,GLMPCA,aji_10,0.007,TI,neuron,dr1,1,trajectory,other
GLMPCA,GLMPCA,GLMPCA,aji_20,0.011,TI,neuron,dr1,1,trajectory,other
GLMPCA,GLMPCA,GLMPCA,aji_30,0.015,TI,neuron,dr1,1,trajectory,other
GLMPCA,GLMPCA,GLMPCA,nkr_10,0.014,TI,neuron,dr1,1,trajectory,other
GLMPCA,GLMPCA,GLMPCA,nkr_20,0.023,TI,neuron,dr1,1,trajectory,other
GLMPCA,GLMPCA,GLMPCA,nkr_30,0.03,TI,neuron,dr1,1,trajectory,other
GLMPCA,GLMPCA,GLMPCA,Mrre_missing_10,0.828,TI,pair-1,dr3,1,trajectory,other
GLMPCA,GLMPCA,GLMPCA,Mrre_missing_20,0.821,TI,pair-1,dr3,1,trajectory,other
GLMPCA,GLMPCA,GLMPCA,Mrre_missing_30,0.817,TI,pair-1,dr3,1,trajectory,other
GLMPCA,GLMPCA,GLMPCA,aji_10,0.004,TI,pair-1,dr1,1,trajectory,other
GLMPCA,GLMPCA,GLMPCA,aji_20,0.007,TI,pair-1,dr1,1,trajectory,other
GLMPCA,GLMPCA,GLMPCA,aji_30,0.009,TI,pair-1,dr1,1,trajectory,other
GLMPCA,GLMPCA,GLMPCA,nkr_10,0.008,TI,pair-1,dr1,1,trajectory,other
GLMPCA,GLMPCA,GLMPCA,nkr_20,0.014,TI,pair-1,dr1,1,trajectory,other
GLMPCA,GLMPCA,GLMPCA,nkr_30,0.018,TI,pair-1,dr1,1,trajectory,other
GLMPCA,GLMPCA,GLMPCA,Mrre_missing_10,0.761,TI,pair-2,dr3,1,trajectory,other
GLMPCA,GLMPCA,GLMPCA,Mrre_missing_20,0.753,TI,pair-2,dr3,1,trajectory,other
GLMPCA,GLMPCA,GLMPCA,Mrre_missing_30,0.749,TI,pair-2,dr3,1,trajectory,other
GLMPCA,GLMPCA,GLMPCA,aji_10,0.003,TI,pair-2,dr1,1,trajectory,other
GLMPCA,GLMPCA,GLMPCA,aji_20,0.005,TI,pair-2,dr1,1,trajectory,other
GLMPCA,GLMPCA,GLMPCA,aji_30,0.007,TI,pair-2,dr1,1,trajectory,other
GLMPCA,GLMPCA,GLMPCA,nkr_10,0.007,TI,pair-2,dr1,1,trajectory,other
GLMPCA,GLMPCA,GLMPCA,nkr_20,0.011,TI,pair-2,dr1,1,trajectory,other
GLMPCA,GLMPCA,GLMPCA,nkr_30,0.014,TI,pair-2,dr1,1,trajectory,other
GLMPCA,GLMPCA,GLMPCA,Mrre_missing_10,0.792,TI,pair-3,dr3,1,trajectory,other
GLMPCA,GLMPCA,GLMPCA,Mrre_missing_20,0.782,TI,pair-3,dr3,1,trajectory,other
GLMPCA,GLMPCA,GLMPCA,Mrre_missing_30,0.776,TI,pair-3,dr3,1,trajectory,other
GLMPCA,GLMPCA,GLMPCA,aji_10,0.004,TI,pair-3,dr1,1,trajectory,other
GLMPCA,GLMPCA,GLMPCA,aji_20,0.006,TI,pair-3,dr1,1,trajectory,other
GLMPCA,GLMPCA,GLMPCA,aji_30,0.009,TI,pair-3,dr1,1,trajectory,other
GLMPCA,GLMPCA,GLMPCA,nkr_10,0.008,TI,pair-3,dr1,1,trajectory,other
GLMPCA,GLMPCA,GLMPCA,nkr_20,0.013,TI,pair-3,dr1,1,trajectory,other
GLMPCA,GLMPCA,GLMPCA,nkr_30,0.017,TI,pair-3,dr1,1,trajectory,other
GLMPCA,GLMPCA,GLMPCA,Mrre_missing_10,0.738,TI,pair-4,dr3,1,trajectory,other
GLMPCA,GLMPCA,GLMPCA,Mrre_missing_20,0.729,TI,pair-4,dr3,1,trajectory,other
GLMPCA,GLMPCA,GLMPCA,Mrre_missing_30,0.724,TI,pair-4,dr3,1,trajectory,other
GLMPCA,GLMPCA,GLMPCA,aji_10,0.003,TI,pair-4,dr1,1,trajectory,other
GLMPCA,GLMPCA,GLMPCA,aji_20,0.004,TI,pair-4,dr1,1,trajectory,other
GLMPCA,GLMPCA,GLMPCA,aji_30,0.006,TI,pair-4,dr1,1,trajectory,other
GLMPCA,GLMPCA,GLMPCA,nkr_10,0.005,TI,pair-4,dr1,1,trajectory,other
GLMPCA,GLMPCA,GLMPCA,nkr_20,0.008,TI,pair-4,dr1,1,trajectory,other
GLMPCA,GLMPCA,GLMPCA,nkr_30,0.011,TI,pair-4,dr1,1,trajectory,other
GLMPCA,GLMPCA,GLMPCA,Mrre_missing_10,0.842,TI,parenchyme,dr3,1,trajectory,other
GLMPCA,GLMPCA,GLMPCA,Mrre_missing_20,0.833,TI,parenchyme,dr3,1,trajectory,other
GLMPCA,GLMPCA,GLMPCA,Mrre_missing_30,0.827,TI,parenchyme,dr3,1,trajectory,other
GLMPCA,GLMPCA,GLMPCA,aji_10,0.016,TI,parenchyme,dr1,1,trajectory,other
GLMPCA,GLMPCA,GLMPCA,aji_20,0.026,TI,parenchyme,dr1,1,trajectory,other
GLMPCA,GLMPCA,GLMPCA,aji_30,0.035,TI,parenchyme,dr1,1,trajectory,other
GLMPCA,GLMPCA,GLMPCA,nkr_10,0.031,TI,parenchyme,dr1,1,trajectory,other
GLMPCA,GLMPCA,GLMPCA,nkr_20,0.051,TI,parenchyme,dr1,1,trajectory,other
GLMPCA,GLMPCA,GLMPCA,nkr_30,0.068,TI,parenchyme,dr1,1,trajectory,other
GLMPCA,GLMPCA,GLMPCA,Mrre_missing_10,0.832,TI,phagocyte,dr3,1,trajectory,other
GLMPCA,GLMPCA,GLMPCA,Mrre_missing_20,0.825,TI,phagocyte,dr3,1,trajectory,other
GLMPCA,GLMPCA,GLMPCA,Mrre_missing_30,0.82,TI,phagocyte,dr3,1,trajectory,other
GLMPCA,GLMPCA,GLMPCA,aji_10,0.036,TI,phagocyte,dr1,1,trajectory,other
GLMPCA,GLMPCA,GLMPCA,aji_20,0.062,TI,phagocyte,dr1,1,trajectory,other
GLMPCA,GLMPCA,GLMPCA,aji_30,0.081,TI,phagocyte,dr1,1,trajectory,other
GLMPCA,GLMPCA,GLMPCA,nkr_10,0.073,TI,phagocyte,dr1,1,trajectory,other
GLMPCA,GLMPCA,GLMPCA,nkr_20,0.119,TI,phagocyte,dr1,1,trajectory,other
GLMPCA,GLMPCA,GLMPCA,nkr_30,0.152,TI,phagocyte,dr1,1,trajectory,other
GLMPCA,GLMPCA,GLMPCA,Mrre_missing_10,0.812,TI,pharynx,dr3,1,trajectory,other
GLMPCA,GLMPCA,GLMPCA,Mrre_missing_20,0.798,TI,pharynx,dr3,1,trajectory,other
GLMPCA,GLMPCA,GLMPCA,Mrre_missing_30,0.79,TI,pharynx,dr3,1,trajectory,other
GLMPCA,GLMPCA,GLMPCA,aji_10,0.055,TI,pharynx,dr1,1,trajectory,other
GLMPCA,GLMPCA,GLMPCA,aji_20,0.087,TI,pharynx,dr1,1,trajectory,other
GLMPCA,GLMPCA,GLMPCA,aji_30,0.12,TI,pharynx,dr1,1,trajectory,other
GLMPCA,GLMPCA,GLMPCA,nkr_10,0.115,TI,pharynx,dr1,1,trajectory,other
GLMPCA,GLMPCA,GLMPCA,nkr_20,0.167,TI,pharynx,dr1,1,trajectory,other
GLMPCA,GLMPCA,GLMPCA,nkr_30,0.225,TI,pharynx,dr1,1,trajectory,other
GLMPCA,GLMPCA,GLMPCA,Mrre_missing_10,0.88,TI,trophectoderm,dr3,1,trajectory,other
GLMPCA,GLMPCA,GLMPCA,Mrre_missing_20,0.869,TI,trophectoderm,dr3,1,trajectory,other
GLMPCA,GLMPCA,GLMPCA,Mrre_missing_30,0.858,TI,trophectoderm,dr3,1,trajectory,other
GLMPCA,GLMPCA,GLMPCA,aji_10,0.29,TI,trophectoderm,dr1,1,trajectory,other
GLMPCA,GLMPCA,GLMPCA,aji_20,0.458,TI,trophectoderm,dr1,1,trajectory,other
GLMPCA,GLMPCA,GLMPCA,aji_30,0.563,TI,trophectoderm,dr1,1,trajectory,other
GLMPCA,GLMPCA,GLMPCA,nkr_10,0.452,TI,trophectoderm,dr1,1,trajectory,other
GLMPCA,GLMPCA,GLMPCA,nkr_20,0.648,TI,trophectoderm,dr1,1,trajectory,other
GLMPCA,GLMPCA,GLMPCA,nkr_30,0.747,TI,trophectoderm,dr1,1,trajectory,other
GLMPCA,GLMPCA,GLMPCA,Mrre_missing_10,0.937,VASC,Baron,dr3,1,VASC,other
GLMPCA,GLMPCA,GLMPCA,Mrre_missing_20,0.935,VASC,Baron,dr3,1,VASC,other
GLMPCA,GLMPCA,GLMPCA,Mrre_missing_30,0.934,VASC,Baron,dr3,1,VASC,other
GLMPCA,GLMPCA,GLMPCA,aji_10,0.015,VASC,Baron,dr1,1,VASC,other
GLMPCA,GLMPCA,GLMPCA,aji_20,0.025,VASC,Baron,dr1,1,VASC,other
GLMPCA,GLMPCA,GLMPCA,aji_30,0.034,VASC,Baron,dr1,1,VASC,other
GLMPCA,GLMPCA,GLMPCA,nkr_10,0.029,VASC,Baron,dr1,1,VASC,other
GLMPCA,GLMPCA,GLMPCA,nkr_20,0.049,VASC,Baron,dr1,1,VASC,other
GLMPCA,GLMPCA,GLMPCA,nkr_30,0.065,VASC,Baron,dr1,1,VASC,other
GLMPCA,GLMPCA,GLMPCA,Mrre_missing_10,0.918,VASC,Biase,dr3,1,VASC,other
GLMPCA,GLMPCA,GLMPCA,Mrre_missing_20,0.91,VASC,Biase,dr3,1,VASC,other
GLMPCA,GLMPCA,GLMPCA,Mrre_missing_30,0.898,VASC,Biase,dr3,1,VASC,other
GLMPCA,GLMPCA,GLMPCA,aji_10,0.485,VASC,Biase,dr1,1,VASC,other
GLMPCA,GLMPCA,GLMPCA,aji_20,0.758,VASC,Biase,dr1,1,VASC,other
GLMPCA,GLMPCA,GLMPCA,aji_30,0.777,VASC,Biase,dr1,1,VASC,other
GLMPCA,GLMPCA,GLMPCA,nkr_10,0.711,VASC,Biase,dr1,1,VASC,other
GLMPCA,GLMPCA,GLMPCA,nkr_20,0.929,VASC,Biase,dr1,1,VASC,other
GLMPCA,GLMPCA,GLMPCA,nkr_30,0.912,VASC,Biase,dr1,1,VASC,other
GLMPCA,GLMPCA,GLMPCA,Mrre_missing_10,0.933,VASC,Goolam,dr3,1,VASC,other
GLMPCA,GLMPCA,GLMPCA,Mrre_missing_20,0.925,VASC,Goolam,dr3,1,VASC,other
GLMPCA,GLMPCA,GLMPCA,Mrre_missing_30,0.917,VASC,Goolam,dr3,1,VASC,other
GLMPCA,GLMPCA,GLMPCA,aji_10,0.38,VASC,Goolam,dr1,1,VASC,other
GLMPCA,GLMPCA,GLMPCA,aji_20,0.447,VASC,Goolam,dr1,1,VASC,other
GLMPCA,GLMPCA,GLMPCA,aji_30,0.515,VASC,Goolam,dr1,1,VASC,other
GLMPCA,GLMPCA,GLMPCA,nkr_10,0.577,VASC,Goolam,dr1,1,VASC,other
GLMPCA,GLMPCA,GLMPCA,nkr_20,0.648,VASC,Goolam,dr1,1,VASC,other
GLMPCA,GLMPCA,GLMPCA,nkr_30,0.693,VASC,Goolam,dr1,1,VASC,other
GLMPCA,GLMPCA,GLMPCA,Mrre_missing_10,0.753,VASC,Xin,dr3,1,VASC,other
GLMPCA,GLMPCA,GLMPCA,Mrre_missing_20,0.748,VASC,Xin,dr3,1,VASC,other
GLMPCA,GLMPCA,GLMPCA,Mrre_missing_30,0.746,VASC,Xin,dr3,1,VASC,other
GLMPCA,GLMPCA,GLMPCA,aji_10,0.016,VASC,Xin,dr1,1,VASC,other
GLMPCA,GLMPCA,GLMPCA,aji_20,0.026,VASC,Xin,dr1,1,VASC,other
GLMPCA,GLMPCA,GLMPCA,aji_30,0.035,VASC,Xin,dr1,1,VASC,other
GLMPCA,GLMPCA,GLMPCA,nkr_10,0.032,VASC,Xin,dr1,1,VASC,other
GLMPCA,GLMPCA,GLMPCA,nkr_20,0.05,VASC,Xin,dr1,1,VASC,other
GLMPCA,GLMPCA,GLMPCA,nkr_30,0.066,VASC,Xin,dr1,1,VASC,other
GLMPCA,GLMPCA,GLMPCA,Mrre_missing_10,0.908,VASC,Zeisel,dr3,1,VASC,other
GLMPCA,GLMPCA,GLMPCA,Mrre_missing_20,0.903,VASC,Zeisel,dr3,1,VASC,other
GLMPCA,GLMPCA,GLMPCA,Mrre_missing_30,0.899,VASC,Zeisel,dr3,1,VASC,other
GLMPCA,GLMPCA,GLMPCA,aji_10,0.027,VASC,Zeisel,dr1,1,VASC,other
GLMPCA,GLMPCA,GLMPCA,aji_20,0.046,VASC,Zeisel,dr1,1,VASC,other
GLMPCA,GLMPCA,GLMPCA,aji_30,0.06,VASC,Zeisel,dr1,1,VASC,other
GLMPCA,GLMPCA,GLMPCA,nkr_10,0.052,VASC,Zeisel,dr1,1,VASC,other
GLMPCA,GLMPCA,GLMPCA,nkr_20,0.085,VASC,Zeisel,dr1,1,VASC,other
GLMPCA,GLMPCA,GLMPCA,nkr_30,0.111,VASC,Zeisel,dr1,1,VASC,other
GLMPCA,GLMPCA,GLMPCA,Mrre_missing_10,0.951,VASC,yan,dr3,1,VASC,other
GLMPCA,GLMPCA,GLMPCA,Mrre_missing_20,0.946,VASC,yan,dr3,1,VASC,other
GLMPCA,GLMPCA,GLMPCA,Mrre_missing_30,0.943,VASC,yan,dr3,1,VASC,other
GLMPCA,GLMPCA,GLMPCA,aji_10,0.515,VASC,yan,dr1,1,VASC,other
GLMPCA,GLMPCA,GLMPCA,aji_20,0.731,VASC,yan,dr1,1,VASC,other
GLMPCA,GLMPCA,GLMPCA,aji_30,0.82,VASC,yan,dr1,1,VASC,other
GLMPCA,GLMPCA,GLMPCA,nkr_10,0.704,VASC,yan,dr1,1,VASC,other
GLMPCA,GLMPCA,GLMPCA,nkr_20,0.862,VASC,yan,dr1,1,VASC,other
GLMPCA,GLMPCA,GLMPCA,nkr_30,0.932,VASC,yan,dr1,1,VASC,other
GLMPCA,GLMPCA,GLMPCA,Mrre_missing_10,0.866,benchmarker,Baron_mouse,dr3,1,curated,other
GLMPCA,GLMPCA,GLMPCA,Mrre_missing_20,0.862,benchmarker,Baron_mouse,dr3,1,curated,other
GLMPCA,GLMPCA,GLMPCA,Mrre_missing_30,0.859,benchmarker,Baron_mouse,dr3,1,curated,other
GLMPCA,GLMPCA,GLMPCA,aji_10,0.032,benchmarker,Baron_mouse,dr1,1,curated,other
GLMPCA,GLMPCA,GLMPCA,aji_20,0.053,benchmarker,Baron_mouse,dr1,1,curated,other
GLMPCA,GLMPCA,GLMPCA,aji_30,0.076,benchmarker,Baron_mouse,dr1,1,curated,other
GLMPCA,GLMPCA,GLMPCA,nkr_10,0.061,benchmarker,Baron_mouse,dr1,1,curated,other
GLMPCA,GLMPCA,GLMPCA,nkr_20,0.096,benchmarker,Baron_mouse,dr1,1,curated,other
GLMPCA,GLMPCA,GLMPCA,nkr_30,0.128,benchmarker,Baron_mouse,dr1,1,curated,other
GLMPCA,GLMPCA,GLMPCA,Mrre_missing_10,0.865,benchmarker,Darmanis,dr3,1,curated,other
GLMPCA,GLMPCA,GLMPCA,Mrre_missing_20,0.859,benchmarker,Darmanis,dr3,1,curated,other
GLMPCA,GLMPCA,GLMPCA,Mrre_missing_30,0.855,benchmarker,Darmanis,dr3,1,curated,other
GLMPCA,GLMPCA,GLMPCA,aji_10,0.111,benchmarker,Darmanis,dr1,1,curated,other
GLMPCA,GLMPCA,GLMPCA,aji_20,0.187,benchmarker,Darmanis,dr1,1,curated,other
GLMPCA,GLMPCA,GLMPCA,aji_30,0.251,benchmarker,Darmanis,dr1,1,curated,other
GLMPCA,GLMPCA,GLMPCA,nkr_10,0.192,benchmarker,Darmanis,dr1,1,curated,other
GLMPCA,GLMPCA,GLMPCA,nkr_20,0.299,benchmarker,Darmanis,dr1,1,curated,other
GLMPCA,GLMPCA,GLMPCA,nkr_30,0.38,benchmarker,Darmanis,dr1,1,curated,other
GLMPCA,GLMPCA,GLMPCA,Mrre_missing_10,0.785,benchmarker,Pancreatic,dr3,1,curated,other
GLMPCA,GLMPCA,GLMPCA,Mrre_missing_20,0.764,benchmarker,Pancreatic,dr3,1,curated,other
GLMPCA,GLMPCA,GLMPCA,Mrre_missing_30,0.741,benchmarker,Pancreatic,dr3,1,curated,other
GLMPCA,GLMPCA,GLMPCA,aji_10,0.299,benchmarker,Pancreatic,dr1,1,curated,other
GLMPCA,GLMPCA,GLMPCA,aji_20,0.405,benchmarker,Pancreatic,dr1,1,curated,other
GLMPCA,GLMPCA,GLMPCA,aji_30,0.519,benchmarker,Pancreatic,dr1,1,curated,other
GLMPCA,GLMPCA,GLMPCA,nkr_10,0.472,benchmarker,Pancreatic,dr1,1,curated,other
GLMPCA,GLMPCA,GLMPCA,nkr_20,0.598,benchmarker,Pancreatic,dr1,1,curated,other
GLMPCA,GLMPCA,GLMPCA,nkr_30,0.696,benchmarker,Pancreatic,dr1,1,curated,other
GLMPCA,GLMPCA,GLMPCA,Mrre_missing_10,0.856,benchmarker,Silver,dr3,1,curated,other
GLMPCA,GLMPCA,GLMPCA,Mrre_missing_20,0.853,benchmarker,Silver,dr3,1,curated,other
GLMPCA,GLMPCA,GLMPCA,Mrre_missing_30,0.852,benchmarker,Silver,dr3,1,curated,other
GLMPCA,GLMPCA,GLMPCA,aji_10,0.014,benchmarker,Silver,dr1,1,curated,other
GLMPCA,GLMPCA,GLMPCA,aji_20,0.025,benchmarker,Silver,dr1,1,curated,other
GLMPCA,GLMPCA,GLMPCA,aji_30,0.035,benchmarker,Silver,dr1,1,curated,other
GLMPCA,GLMPCA,GLMPCA,nkr_10,0.027,benchmarker,Silver,dr1,1,curated,other
GLMPCA,GLMPCA,GLMPCA,nkr_20,0.045,benchmarker,Silver,dr1,1,curated,other
GLMPCA,GLMPCA,GLMPCA,nkr_30,0.064,benchmarker,Silver,dr1,1,curated,other
GLMPCA,GLMPCA,GLMPCA,Mrre_missing_10,0.856,benchmarker,Zhengmix4eq,dr3,1,curated,other
GLMPCA,GLMPCA,GLMPCA,Mrre_missing_20,0.852,benchmarker,Zhengmix4eq,dr3,1,curated,other
GLMPCA,GLMPCA,GLMPCA,Mrre_missing_30,0.85,benchmarker,Zhengmix4eq,dr3,1,curated,other
GLMPCA,GLMPCA,GLMPCA,aji_10,0.01,benchmarker,Zhengmix4eq,dr1,1,curated,other
GLMPCA,GLMPCA,GLMPCA,aji_20,0.017,benchmarker,Zhengmix4eq,dr1,1,curated,other
GLMPCA,GLMPCA,GLMPCA,aji_30,0.025,benchmarker,Zhengmix4eq,dr1,1,curated,other
GLMPCA,GLMPCA,GLMPCA,nkr_10,0.018,benchmarker,Zhengmix4eq,dr1,1,curated,other
GLMPCA,GLMPCA,GLMPCA,nkr_20,0.031,benchmarker,Zhengmix4eq,dr1,1,curated,other
GLMPCA,GLMPCA,GLMPCA,nkr_30,0.042,benchmarker,Zhengmix4eq,dr1,1,curated,other
GLMPCA,GLMPCA,GLMPCA,Mrre_missing_10,0.926,scDesign3,ACINAR,dr3,1,scDesign3,other
GLMPCA,GLMPCA,GLMPCA,Mrre_missing_20,0.921,scDesign3,ACINAR,dr3,1,scDesign3,other
GLMPCA,GLMPCA,GLMPCA,Mrre_missing_30,0.917,scDesign3,ACINAR,dr3,1,scDesign3,other
GLMPCA,GLMPCA,GLMPCA,aji_10,0.032,scDesign3,ACINAR,dr1,1,scDesign3,other
GLMPCA,GLMPCA,GLMPCA,aji_20,0.048,scDesign3,ACINAR,dr1,1,scDesign3,other
GLMPCA,GLMPCA,GLMPCA,aji_30,0.061,scDesign3,ACINAR,dr1,1,scDesign3,other
GLMPCA,GLMPCA,GLMPCA,nkr_10,0.064,scDesign3,ACINAR,dr1,1,scDesign3,other
GLMPCA,GLMPCA,GLMPCA,nkr_20,0.094,scDesign3,ACINAR,dr1,1,scDesign3,other
GLMPCA,GLMPCA,GLMPCA,nkr_30,0.117,scDesign3,ACINAR,dr1,1,scDesign3,other
GLMPCA,GLMPCA,GLMPCA,Mrre_missing_10,0.828,scDesign3,ATAC,dr3,1,scDesign3,other
GLMPCA,GLMPCA,GLMPCA,Mrre_missing_20,0.825,scDesign3,ATAC,dr3,1,scDesign3,other
GLMPCA,GLMPCA,GLMPCA,Mrre_missing_30,0.823,scDesign3,ATAC,dr3,1,scDesign3,other
GLMPCA,GLMPCA,GLMPCA,aji_10,0.004,scDesign3,ATAC,dr1,1,scDesign3,other
GLMPCA,GLMPCA,GLMPCA,aji_20,0.007,scDesign3,ATAC,dr1,1,scDesign3,other
GLMPCA,GLMPCA,GLMPCA,aji_30,0.011,scDesign3,ATAC,dr1,1,scDesign3,other
GLMPCA,GLMPCA,GLMPCA,nkr_10,0.008,scDesign3,ATAC,dr1,1,scDesign3,other
GLMPCA,GLMPCA,GLMPCA,nkr_20,0.014,scDesign3,ATAC,dr1,1,scDesign3,other
GLMPCA,GLMPCA,GLMPCA,nkr_30,0.021,scDesign3,ATAC,dr1,1,scDesign3,other
GLMPCA,GLMPCA,GLMPCA,Mrre_missing_10,0.938,scDesign3,BATCH,dr3,1,scDesign3,other
GLMPCA,GLMPCA,GLMPCA,Mrre_missing_20,0.934,scDesign3,BATCH,dr3,1,scDesign3,other
GLMPCA,GLMPCA,GLMPCA,Mrre_missing_30,0.932,scDesign3,BATCH,dr3,1,scDesign3,other
GLMPCA,GLMPCA,GLMPCA,aji_10,0.024,scDesign3,BATCH,dr1,1,scDesign3,other
GLMPCA,GLMPCA,GLMPCA,aji_20,0.038,scDesign3,BATCH,dr1,1,scDesign3,other
GLMPCA,GLMPCA,GLMPCA,aji_30,0.048,scDesign3,BATCH,dr1,1,scDesign3,other
GLMPCA,GLMPCA,GLMPCA,nkr_10,0.048,scDesign3,BATCH,dr1,1,scDesign3,other
GLMPCA,GLMPCA,GLMPCA,nkr_20,0.072,scDesign3,BATCH,dr1,1,scDesign3,other
GLMPCA,GLMPCA,GLMPCA,nkr_30,0.09,scDesign3,BATCH,dr1,1,scDesign3,other
GLMPCA,GLMPCA,GLMPCA,Mrre_missing_10,0.931,scDesign3,CITE,dr3,1,scDesign3,other
GLMPCA,GLMPCA,GLMPCA,Mrre_missing_20,0.926,scDesign3,CITE,dr3,1,scDesign3,other
GLMPCA,GLMPCA,GLMPCA,Mrre_missing_30,0.922,scDesign3,CITE,dr3,1,scDesign3,other
GLMPCA,GLMPCA,GLMPCA,aji_10,0.016,scDesign3,CITE,dr1,1,scDesign3,other
GLMPCA,GLMPCA,GLMPCA,aji_20,0.027,scDesign3,CITE,dr1,1,scDesign3,other
GLMPCA,GLMPCA,GLMPCA,aji_30,0.037,scDesign3,CITE,dr1,1,scDesign3,other
GLMPCA,GLMPCA,GLMPCA,nkr_10,0.03,scDesign3,CITE,dr1,1,scDesign3,other
GLMPCA,GLMPCA,GLMPCA,nkr_20,0.051,scDesign3,CITE,dr1,1,scDesign3,other
GLMPCA,GLMPCA,GLMPCA,nkr_30,0.067,scDesign3,CITE,dr1,1,scDesign3,other
GLMPCA,GLMPCA,GLMPCA,Mrre_missing_10,0.889,scDesign3,EMBYRO,dr3,1,scDesign3,other
GLMPCA,GLMPCA,GLMPCA,Mrre_missing_20,0.878,scDesign3,EMBYRO,dr3,1,scDesign3,other
GLMPCA,GLMPCA,GLMPCA,Mrre_missing_30,0.87,scDesign3,EMBYRO,dr3,1,scDesign3,other
GLMPCA,GLMPCA,GLMPCA,aji_10,0.072,scDesign3,EMBYRO,dr1,1,scDesign3,other
GLMPCA,GLMPCA,GLMPCA,aji_20,0.098,scDesign3,EMBYRO,dr1,1,scDesign3,other
GLMPCA,GLMPCA,GLMPCA,aji_30,0.118,scDesign3,EMBYRO,dr1,1,scDesign3,other
GLMPCA,GLMPCA,GLMPCA,nkr_10,0.147,scDesign3,EMBYRO,dr1,1,scDesign3,other
GLMPCA,GLMPCA,GLMPCA,nkr_20,0.186,scDesign3,EMBYRO,dr1,1,scDesign3,other
GLMPCA,GLMPCA,GLMPCA,nkr_30,0.213,scDesign3,EMBYRO,dr1,1,scDesign3,other
GLMPCA,GLMPCA,GLMPCA,Mrre_missing_10,0.935,scDesign3,IFNB,dr3,1,scDesign3,other
GLMPCA,GLMPCA,GLMPCA,Mrre_missing_20,0.932,scDesign3,IFNB,dr3,1,scDesign3,other
GLMPCA,GLMPCA,GLMPCA,Mrre_missing_30,0.929,scDesign3,IFNB,dr3,1,scDesign3,other
GLMPCA,GLMPCA,GLMPCA,aji_10,0.011,scDesign3,IFNB,dr1,1,scDesign3,other
GLMPCA,GLMPCA,GLMPCA,aji_20,0.018,scDesign3,IFNB,dr1,1,scDesign3,other
GLMPCA,GLMPCA,GLMPCA,aji_30,0.025,scDesign3,IFNB,dr1,1,scDesign3,other
GLMPCA,GLMPCA,GLMPCA,nkr_10,0.022,scDesign3,IFNB,dr1,1,scDesign3,other
GLMPCA,GLMPCA,GLMPCA,nkr_20,0.036,scDesign3,IFNB,dr1,1,scDesign3,other
GLMPCA,GLMPCA,GLMPCA,nkr_30,0.047,scDesign3,IFNB,dr1,1,scDesign3,other
GLMPCA,GLMPCA,GLMPCA,Mrre_missing_10,0.911,scDesign3,MARROW,dr3,1,scDesign3,other
GLMPCA,GLMPCA,GLMPCA,Mrre_missing_20,0.909,scDesign3,MARROW,dr3,1,scDesign3,other
GLMPCA,GLMPCA,GLMPCA,Mrre_missing_30,0.907,scDesign3,MARROW,dr3,1,scDesign3,other
GLMPCA,GLMPCA,GLMPCA,aji_10,0.022,scDesign3,MARROW,dr1,1,scDesign3,other
GLMPCA,GLMPCA,GLMPCA,aji_20,0.037,scDesign3,MARROW,dr1,1,scDesign3,other
GLMPCA,GLMPCA,GLMPCA,aji_30,0.051,scDesign3,MARROW,dr1,1,scDesign3,other
GLMPCA,GLMPCA,GLMPCA,nkr_10,0.043,scDesign3,MARROW,dr1,1,scDesign3,other
GLMPCA,GLMPCA,GLMPCA,nkr_20,0.072,scDesign3,MARROW,dr1,1,scDesign3,other
GLMPCA,GLMPCA,GLMPCA,nkr_30,0.097,scDesign3,MARROW,dr1,1,scDesign3,other
GLMPCA,GLMPCA,GLMPCA,Mrre_missing_10,0.852,scDesign3,MOBSC,dr3,1,scDesign3,other
GLMPCA,GLMPCA,GLMPCA,Mrre_missing_20,0.85,scDesign3,MOBSC,dr3,1,scDesign3,other
GLMPCA,GLMPCA,GLMPCA,Mrre_missing_30,0.848,scDesign3,MOBSC,dr3,1,scDesign3,other
GLMPCA,GLMPCA,GLMPCA,aji_10,0.004,scDesign3,MOBSC,dr1,1,scDesign3,other
GLMPCA,GLMPCA,GLMPCA,aji_20,0.007,scDesign3,MOBSC,dr1,1,scDesign3,other
GLMPCA,GLMPCA,GLMPCA,aji_30,0.01,scDesign3,MOBSC,dr1,1,scDesign3,other
GLMPCA,GLMPCA,GLMPCA,nkr_10,0.008,scDesign3,MOBSC,dr1,1,scDesign3,other
GLMPCA,GLMPCA,GLMPCA,nkr_20,0.014,scDesign3,MOBSC,dr1,1,scDesign3,other
GLMPCA,GLMPCA,GLMPCA,nkr_30,0.02,scDesign3,MOBSC,dr1,1,scDesign3,other
GLMPCA,GLMPCA,GLMPCA,Mrre_missing_10,0.94,scDesign3,OVARIAN,dr3,1,scDesign3,other
GLMPCA,GLMPCA,GLMPCA,Mrre_missing_20,0.934,scDesign3,OVARIAN,dr3,1,scDesign3,other
GLMPCA,GLMPCA,GLMPCA,Mrre_missing_30,0.931,scDesign3,OVARIAN,dr3,1,scDesign3,other
GLMPCA,GLMPCA,GLMPCA,aji_10,0.032,scDesign3,OVARIAN,dr1,1,scDesign3,other
GLMPCA,GLMPCA,GLMPCA,aji_20,0.05,scDesign3,OVARIAN,dr1,1,scDesign3,other
GLMPCA,GLMPCA,GLMPCA,aji_30,0.066,scDesign3,OVARIAN,dr1,1,scDesign3,other
GLMPCA,GLMPCA,GLMPCA,nkr_10,0.065,scDesign3,OVARIAN,dr1,1,scDesign3,other
GLMPCA,GLMPCA,GLMPCA,nkr_20,0.099,scDesign3,OVARIAN,dr1,1,scDesign3,other
GLMPCA,GLMPCA,GLMPCA,nkr_30,0.125,scDesign3,OVARIAN,dr1,1,scDesign3,other
GLMPCA,GLMPCA,GLMPCA,Mrre_missing_10,0.952,scDesign3,PANCREAS,dr3,1,scDesign3,other
GLMPCA,GLMPCA,GLMPCA,Mrre_missing_20,0.949,scDesign3,PANCREAS,dr3,1,scDesign3,other
GLMPCA,GLMPCA,GLMPCA,Mrre_missing_30,0.947,scDesign3,PANCREAS,dr3,1,scDesign3,other
GLMPCA,GLMPCA,GLMPCA,aji_10,0.059,scDesign3,PANCREAS,dr1,1,scDesign3,other
GLMPCA,GLMPCA,GLMPCA,aji_20,0.095,scDesign3,PANCREAS,dr1,1,scDesign3,other
GLMPCA,GLMPCA,GLMPCA,aji_30,0.121,scDesign3,PANCREAS,dr1,1,scDesign3,other
GLMPCA,GLMPCA,GLMPCA,nkr_10,0.116,scDesign3,PANCREAS,dr1,1,scDesign3,other
GLMPCA,GLMPCA,GLMPCA,nkr_20,0.175,scDesign3,PANCREAS,dr1,1,scDesign3,other
GLMPCA,GLMPCA,GLMPCA,nkr_30,0.216,scDesign3,PANCREAS,dr1,1,scDesign3,other
GLMPCA,GLMPCA,GLMPCA,Mrre_missing_10,0.806,scDesign3,SCGEMMETH,dr3,1,scDesign3,other
GLMPCA,GLMPCA,GLMPCA,Mrre_missing_20,0.795,scDesign3,SCGEMMETH,dr3,1,scDesign3,other
GLMPCA,GLMPCA,GLMPCA,Mrre_missing_30,0.785,scDesign3,SCGEMMETH,dr3,1,scDesign3,other
GLMPCA,GLMPCA,GLMPCA,aji_10,0.185,scDesign3,SCGEMMETH,dr1,1,scDesign3,other
GLMPCA,GLMPCA,GLMPCA,aji_20,0.302,scDesign3,SCGEMMETH,dr1,1,scDesign3,other
GLMPCA,GLMPCA,GLMPCA,aji_30,0.382,scDesign3,SCGEMMETH,dr1,1,scDesign3,other
GLMPCA,GLMPCA,GLMPCA,nkr_10,0.33,scDesign3,SCGEMMETH,dr1,1,scDesign3,other
GLMPCA,GLMPCA,GLMPCA,nkr_20,0.475,scDesign3,SCGEMMETH,dr1,1,scDesign3,other
GLMPCA,GLMPCA,GLMPCA,nkr_30,0.567,scDesign3,SCGEMMETH,dr1,1,scDesign3,other
GLMPCA,GLMPCA,GLMPCA,Mrre_missing_10,0.867,scDesign3,SCGEMRNA,dr3,1,scDesign3,other
GLMPCA,GLMPCA,GLMPCA,Mrre_missing_20,0.852,scDesign3,SCGEMRNA,dr3,1,scDesign3,other
GLMPCA,GLMPCA,GLMPCA,Mrre_missing_30,0.843,scDesign3,SCGEMRNA,dr3,1,scDesign3,other
GLMPCA,GLMPCA,GLMPCA,aji_10,0.19,scDesign3,SCGEMRNA,dr1,1,scDesign3,other
GLMPCA,GLMPCA,GLMPCA,aji_20,0.302,scDesign3,SCGEMRNA,dr1,1,scDesign3,other
GLMPCA,GLMPCA,GLMPCA,aji_30,0.391,scDesign3,SCGEMRNA,dr1,1,scDesign3,other
GLMPCA,GLMPCA,GLMPCA,nkr_10,0.345,scDesign3,SCGEMRNA,dr1,1,scDesign3,other
GLMPCA,GLMPCA,GLMPCA,nkr_20,0.462,scDesign3,SCGEMRNA,dr1,1,scDesign3,other
GLMPCA,GLMPCA,GLMPCA,nkr_30,0.554,scDesign3,SCGEMRNA,dr1,1,scDesign3,other
GLMPCA,GLMPCA,GLMPCA,Mrre_missing_10,0.555,scDesign3,SCIATAC,dr3,1,scDesign3,other
GLMPCA,GLMPCA,GLMPCA,Mrre_missing_20,0.553,scDesign3,SCIATAC,dr3,1,scDesign3,other
GLMPCA,GLMPCA,GLMPCA,Mrre_missing_30,0.55,scDesign3,SCIATAC,dr3,1,scDesign3,other
GLMPCA,GLMPCA,GLMPCA,aji_10,0.002,scDesign3,SCIATAC,dr1,1,scDesign3,other
GLMPCA,GLMPCA,GLMPCA,aji_20,0.003,scDesign3,SCIATAC,dr1,1,scDesign3,other
GLMPCA,GLMPCA,GLMPCA,aji_30,0.005,scDesign3,SCIATAC,dr1,1,scDesign3,other
GLMPCA,GLMPCA,GLMPCA,nkr_10,0.004,scDesign3,SCIATAC,dr1,1,scDesign3,other
GLMPCA,GLMPCA,GLMPCA,nkr_20,0.007,scDesign3,SCIATAC,dr1,1,scDesign3,other
GLMPCA,GLMPCA,GLMPCA,nkr_30,0.01,scDesign3,SCIATAC,dr1,1,scDesign3,other
GLMPCA,GLMPCA,GLMPCA,Mrre_missing_10,0.594,scDesign3,SLIDE,dr3,1,scDesign3,other
GLMPCA,GLMPCA,GLMPCA,Mrre_missing_20,0.589,scDesign3,SLIDE,dr3,1,scDesign3,other
GLMPCA,GLMPCA,GLMPCA,Mrre_missing_30,0.586,scDesign3,SLIDE,dr3,1,scDesign3,other
GLMPCA,GLMPCA,GLMPCA,aji_10,0.001,scDesign3,SLIDE,dr1,1,scDesign3,other
GLMPCA,GLMPCA,GLMPCA,aji_20,0.002,scDesign3,SLIDE,dr1,1,scDesign3,other
GLMPCA,GLMPCA,GLMPCA,aji_30,0.003,scDesign3,SLIDE,dr1,1,scDesign3,other
GLMPCA,GLMPCA,GLMPCA,nkr_10,0.002,scDesign3,SLIDE,dr1,1,scDesign3,other
GLMPCA,GLMPCA,GLMPCA,nkr_20,0.004,scDesign3,SLIDE,dr1,1,scDesign3,other
GLMPCA,GLMPCA,GLMPCA,nkr_30,0.005,scDesign3,SLIDE,dr1,1,scDesign3,other
GLMPCA,GLMPCA,GLMPCA,Mrre_missing_10,0.945,scDesign3,VISIUM,dr3,1,scDesign3,other
GLMPCA,GLMPCA,GLMPCA,Mrre_missing_20,0.936,scDesign3,VISIUM,dr3,1,scDesign3,other
GLMPCA,GLMPCA,GLMPCA,Mrre_missing_30,0.93,scDesign3,VISIUM,dr3,1,scDesign3,other
GLMPCA,GLMPCA,GLMPCA,aji_10,0.05,scDesign3,VISIUM,dr1,1,scDesign3,other
GLMPCA,GLMPCA,GLMPCA,aji_20,0.074,scDesign3,VISIUM,dr1,1,scDesign3,other
GLMPCA,GLMPCA,GLMPCA,aji_30,0.091,scDesign3,VISIUM,dr1,1,scDesign3,other
GLMPCA,GLMPCA,GLMPCA,nkr_10,0.101,scDesign3,VISIUM,dr1,1,scDesign3,other
GLMPCA,GLMPCA,GLMPCA,nkr_20,0.139,scDesign3,VISIUM,dr1,1,scDesign3,other
GLMPCA,GLMPCA,GLMPCA,nkr_30,0.166,scDesign3,VISIUM,dr1,1,scDesign3,other
pCMF,pCMF,pCMF,Mrre_missing_10,0.75,SIMLR,Pollen,dr3,2,SIMLR,other
pCMF,pCMF,pCMF,Mrre_missing_20,0.745,SIMLR,Pollen,dr3,2,SIMLR,other
pCMF,pCMF,pCMF,Mrre_missing_30,0.733,SIMLR,Pollen,dr3,2,SIMLR,other
pCMF,pCMF,pCMF,aji_10,0.097,SIMLR,Pollen,dr1,2,SIMLR,other
pCMF,pCMF,pCMF,aji_20,0.197,SIMLR,Pollen,dr1,2,SIMLR,other
pCMF,pCMF,pCMF,aji_30,0.224,SIMLR,Pollen,dr1,2,SIMLR,other
pCMF,pCMF,pCMF,nkr_10,0.145,SIMLR,Pollen,dr1,2,SIMLR,other
pCMF,pCMF,pCMF,nkr_20,0.277,SIMLR,Pollen,dr1,2,SIMLR,other
pCMF,pCMF,pCMF,nkr_30,0.324,SIMLR,Pollen,dr1,2,SIMLR,other
pCMF,pCMF,pCMF,Mrre_missing_10,0.406,SIMLR,Usoskin,dr3,2,SIMLR,other
pCMF,pCMF,pCMF,Mrre_missing_20,0.405,SIMLR,Usoskin,dr3,2,SIMLR,other
pCMF,pCMF,pCMF,Mrre_missing_30,0.407,SIMLR,Usoskin,dr3,2,SIMLR,other
pCMF,pCMF,pCMF,aji_10,0.01,SIMLR,Usoskin,dr1,2,SIMLR,other
pCMF,pCMF,pCMF,aji_20,0.018,SIMLR,Usoskin,dr1,2,SIMLR,other
pCMF,pCMF,pCMF,aji_30,0.026,SIMLR,Usoskin,dr1,2,SIMLR,other
pCMF,pCMF,pCMF,nkr_10,0.02,SIMLR,Usoskin,dr1,2,SIMLR,other
pCMF,pCMF,pCMF,nkr_20,0.033,SIMLR,Usoskin,dr1,2,SIMLR,other
pCMF,pCMF,pCMF,nkr_30,0.049,SIMLR,Usoskin,dr1,2,SIMLR,other
pCMF,pCMF,pCMF,Mrre_missing_10,0.558,TI,DA1_horns,dr3,2,trajectory,other
pCMF,pCMF,pCMF,Mrre_missing_20,0.552,TI,DA1_horns,dr3,2,trajectory,other
pCMF,pCMF,pCMF,Mrre_missing_30,0.55,TI,DA1_horns,dr3,2,trajectory,other
pCMF,pCMF,pCMF,aji_10,0.022,TI,DA1_horns,dr1,2,trajectory,other
pCMF,pCMF,pCMF,aji_20,0.048,TI,DA1_horns,dr1,2,trajectory,other
pCMF,pCMF,pCMF,aji_30,0.065,TI,DA1_horns,dr1,2,trajectory,other
pCMF,pCMF,pCMF,nkr_10,0.037,TI,DA1_horns,dr1,2,trajectory,other
pCMF,pCMF,pCMF,nkr_20,0.085,TI,DA1_horns,dr1,2,trajectory,other
pCMF,pCMF,pCMF,nkr_30,0.115,TI,DA1_horns,dr1,2,trajectory,other
pCMF,pCMF,pCMF,Mrre_missing_10,0.581,TI,DC3_VA1d_horns,dr3,2,trajectory,other
pCMF,pCMF,pCMF,Mrre_missing_20,0.573,TI,DC3_VA1d_horns,dr3,2,trajectory,other
pCMF,pCMF,pCMF,Mrre_missing_30,0.565,TI,DC3_VA1d_horns,dr3,2,trajectory,other
pCMF,pCMF,pCMF,aji_10,0.058,TI,DC3_VA1d_horns,dr1,2,trajectory,other
pCMF,pCMF,pCMF,aji_20,0.105,TI,DC3_VA1d_horns,dr1,2,trajectory,other
pCMF,pCMF,pCMF,aji_30,0.142,TI,DC3_VA1d_horns,dr1,2,trajectory,other
pCMF,pCMF,pCMF,nkr_10,0.108,TI,DC3_VA1d_horns,dr1,2,trajectory,other
pCMF,pCMF,pCMF,nkr_20,0.189,TI,DC3_VA1d_horns,dr1,2,trajectory,other
pCMF,pCMF,pCMF,nkr_30,0.249,TI,DC3_VA1d_horns,dr1,2,trajectory,other
pCMF,pCMF,pCMF,Mrre_missing_10,0.851,TI,ICM,dr3,2,trajectory,other
pCMF,pCMF,pCMF,Mrre_missing_20,0.847,TI,ICM,dr3,2,trajectory,other
pCMF,pCMF,pCMF,Mrre_missing_30,0.844,TI,ICM,dr3,2,trajectory,other
pCMF,pCMF,pCMF,aji_10,0.084,TI,ICM,dr1,2,trajectory,other
pCMF,pCMF,pCMF,aji_20,0.159,TI,ICM,dr1,2,trajectory,other
pCMF,pCMF,pCMF,aji_30,0.239,TI,ICM,dr1,2,trajectory,other
pCMF,pCMF,pCMF,nkr_10,0.157,TI,ICM,dr1,2,trajectory,other
pCMF,pCMF,pCMF,nkr_20,0.275,TI,ICM,dr1,2,trajectory,other
pCMF,pCMF,pCMF,nkr_30,0.378,TI,ICM,dr1,2,trajectory,other
pCMF,pCMF,pCMF,Mrre_missing_10,0.867,TI,blastocyst,dr3,2,trajectory,other
pCMF,pCMF,pCMF,Mrre_missing_20,0.862,TI,blastocyst,dr3,2,trajectory,other
pCMF,pCMF,pCMF,Mrre_missing_30,0.86,TI,blastocyst,dr3,2,trajectory,other
pCMF,pCMF,pCMF,aji_10,0.091,TI,blastocyst,dr1,2,trajectory,other
pCMF,pCMF,pCMF,aji_20,0.163,TI,blastocyst,dr1,2,trajectory,other
pCMF,pCMF,pCMF,aji_30,0.229,TI,blastocyst,dr1,2,trajectory,other
pCMF,pCMF,pCMF,nkr_10,0.164,TI,blastocyst,dr1,2,trajectory,other
pCMF,pCMF,pCMF,nkr_20,0.282,TI,blastocyst,dr1,2,trajectory,other
pCMF,pCMF,pCMF,nkr_30,0.366,TI,blastocyst,dr1,2,trajectory,other
pCMF,pCMF,pCMF,Mrre_missing_10,0.627,TI,combination-1,dr3,2,trajectory,other
pCMF,pCMF,pCMF,Mrre_missing_20,0.62,TI,combination-1,dr3,2,trajectory,other
pCMF,pCMF,pCMF,Mrre_missing_30,0.617,TI,combination-1,dr3,2,trajectory,other
pCMF,pCMF,pCMF,aji_10,0.003,TI,combination-1,dr1,2,trajectory,other
pCMF,pCMF,pCMF,aji_20,0.005,TI,combination-1,dr1,2,trajectory,other
pCMF,pCMF,pCMF,aji_30,0.007,TI,combination-1,dr1,2,trajectory,other
pCMF,pCMF,pCMF,nkr_10,0.005,TI,combination-1,dr1,2,trajectory,other
pCMF,pCMF,pCMF,nkr_20,0.01,TI,combination-1,dr1,2,trajectory,other
pCMF,pCMF,pCMF,nkr_30,0.014,TI,combination-1,dr1,2,trajectory,other
pCMF,pCMF,pCMF,Mrre_missing_10,0.725,TI,combination-2,dr3,2,trajectory,other
pCMF,pCMF,pCMF,Mrre_missing_20,0.721,TI,combination-2,dr3,2,trajectory,other
pCMF,pCMF,pCMF,Mrre_missing_30,0.719,TI,combination-2,dr3,2,trajectory,other
pCMF,pCMF,pCMF,aji_10,0.002,TI,combination-2,dr1,2,trajectory,other
pCMF,pCMF,pCMF,aji_20,0.004,TI,combination-2,dr1,2,trajectory,other
pCMF,pCMF,pCMF,aji_30,0.006,TI,combination-2,dr1,2,trajectory,other
pCMF,pCMF,pCMF,nkr_10,0.005,TI,combination-2,dr1,2,trajectory,other
pCMF,pCMF,pCMF,nkr_20,0.008,TI,combination-2,dr1,2,trajectory,other
pCMF,pCMF,pCMF,nkr_30,0.012,TI,combination-2,dr1,2,trajectory,other
pCMF,pCMF,pCMF,Mrre_missing_10,0.686,TI,combination-3,dr3,2,trajectory,other
pCMF,pCMF,pCMF,Mrre_missing_20,0.687,TI,combination-3,dr3,2,trajectory,other
pCMF,pCMF,pCMF,Mrre_missing_30,0.687,TI,combination-3,dr3,2,trajectory,other
pCMF,pCMF,pCMF,aji_10,0.004,TI,combination-3,dr1,2,trajectory,other
pCMF,pCMF,pCMF,aji_20,0.008,TI,combination-3,dr1,2,trajectory,other
pCMF,pCMF,pCMF,aji_30,0.012,TI,combination-3,dr1,2,trajectory,other
pCMF,pCMF,pCMF,nkr_10,0.006,TI,combination-3,dr1,2,trajectory,other
pCMF,pCMF,pCMF,nkr_20,0.015,TI,combination-3,dr1,2,trajectory,other
pCMF,pCMF,pCMF,nkr_30,0.024,TI,combination-3,dr1,2,trajectory,other
pCMF,pCMF,pCMF,Mrre_missing_10,0.837,TI,epiblast,dr3,2,trajectory,other
pCMF,pCMF,pCMF,Mrre_missing_20,0.834,TI,epiblast,dr3,2,trajectory,other
pCMF,pCMF,pCMF,Mrre_missing_30,0.832,TI,epiblast,dr3,2,trajectory,other
pCMF,pCMF,pCMF,aji_10,0.113,TI,epiblast,dr1,2,trajectory,other
pCMF,pCMF,pCMF,aji_20,0.197,TI,epiblast,dr1,2,trajectory,other
pCMF,pCMF,pCMF,aji_30,0.283,TI,epiblast,dr1,2,trajectory,other
pCMF,pCMF,pCMF,nkr_10,0.204,TI,epiblast,dr1,2,trajectory,other
pCMF,pCMF,pCMF,nkr_20,0.336,TI,epiblast,dr1,2,trajectory,other
pCMF,pCMF,pCMF,nkr_30,0.443,TI,epiblast,dr1,2,trajectory,other
pCMF,pCMF,pCMF,Mrre_missing_10,0.569,TI,epidermis,dr3,2,trajectory,other
pCMF,pCMF,pCMF,Mrre_missing_20,0.568,TI,epidermis,dr3,2,trajectory,other
pCMF,pCMF,pCMF,Mrre_missing_30,0.568,TI,epidermis,dr3,2,trajectory,other
pCMF,pCMF,pCMF,aji_10,0.002,TI,epidermis,dr1,2,trajectory,other
pCMF,pCMF,pCMF,aji_20,0.004,TI,epidermis,dr1,2,trajectory,other
pCMF,pCMF,pCMF,aji_30,0.005,TI,epidermis,dr1,2,trajectory,other
pCMF,pCMF,pCMF,nkr_10,0.004,TI,epidermis,dr1,2,trajectory,other
pCMF,pCMF,pCMF,nkr_20,0.007,TI,epidermis,dr1,2,trajectory,other
pCMF,pCMF,pCMF,nkr_30,0.01,TI,epidermis,dr1,2,trajectory,other
pCMF,pCMF,pCMF,Mrre_missing_10,0.516,TI,horns,dr3,2,trajectory,other
pCMF,pCMF,pCMF,Mrre_missing_20,0.514,TI,horns,dr3,2,trajectory,other
pCMF,pCMF,pCMF,Mrre_missing_30,0.513,TI,horns,dr3,2,trajectory,other
pCMF,pCMF,pCMF,aji_10,0.013,TI,horns,dr1,2,trajectory,other
pCMF,pCMF,pCMF,aji_20,0.025,TI,horns,dr1,2,trajectory,other
pCMF,pCMF,pCMF,aji_30,0.039,TI,horns,dr1,2,trajectory,other
pCMF,pCMF,pCMF,nkr_10,0.022,TI,horns,dr1,2,trajectory,other
pCMF,pCMF,pCMF,nkr_20,0.046,TI,horns,dr1,2,trajectory,other
pCMF,pCMF,pCMF,nkr_30,0.07,TI,horns,dr1,2,trajectory,other
pCMF,pCMF,pCMF,Mrre_missing_10,0.561,TI,muscle,dr3,2,trajectory,other
pCMF,pCMF,pCMF,Mrre_missing_20,0.56,TI,muscle,dr3,2,trajectory,other
pCMF,pCMF,pCMF,Mrre_missing_30,0.559,TI,muscle,dr3,2,trajectory,other
pCMF,pCMF,pCMF,aji_10,0.003,TI,muscle,dr1,2,trajectory,other
pCMF,pCMF,pCMF,aji_20,0.006,TI,muscle,dr1,2,trajectory,other
pCMF,pCMF,pCMF,aji_30,0.009,TI,muscle,dr1,2,trajectory,other
pCMF,pCMF,pCMF,nkr_10,0.007,TI,muscle,dr1,2,trajectory,other
pCMF,pCMF,pCMF,nkr_20,0.013,TI,muscle,dr1,2,trajectory,other
pCMF,pCMF,pCMF,nkr_30,0.018,TI,muscle,dr1,2,trajectory,other
pCMF,pCMF,pCMF,Mrre_missing_10,0.72,TI,neuron,dr3,2,trajectory,other
pCMF,pCMF,pCMF,Mrre_missing_20,0.712,TI,neuron,dr3,2,trajectory,other
pCMF,pCMF,pCMF,Mrre_missing_30,0.709,TI,neuron,dr3,2,trajectory,other
pCMF,pCMF,pCMF,aji_10,0.005,TI,neuron,dr1,2,trajectory,other
pCMF,pCMF,pCMF,aji_20,0.008,TI,neuron,dr1,2,trajectory,other
pCMF,pCMF,pCMF,aji_30,0.011,TI,neuron,dr1,2,trajectory,other
pCMF,pCMF,pCMF,nkr_10,0.01,TI,neuron,dr1,2,trajectory,other
pCMF,pCMF,pCMF,nkr_20,0.016,TI,neuron,dr1,2,trajectory,other
pCMF,pCMF,pCMF,nkr_30,0.022,TI,neuron,dr1,2,trajectory,other
pCMF,pCMF,pCMF,Mrre_missing_10,0.609,TI,pair-1,dr3,2,trajectory,other
pCMF,pCMF,pCMF,Mrre_missing_20,0.604,TI,pair-1,dr3,2,trajectory,other
pCMF,pCMF,pCMF,Mrre_missing_30,0.601,TI,pair-1,dr3,2,trajectory,other
pCMF,pCMF,pCMF,aji_10,0.001,TI,pair-1,dr1,2,trajectory,other
pCMF,pCMF,pCMF,aji_20,0.003,TI,pair-1,dr1,2,trajectory,other
pCMF,pCMF,pCMF,aji_30,0.004,TI,pair-1,dr1,2,trajectory,other
pCMF,pCMF,pCMF,nkr_10,0.003,TI,pair-1,dr1,2,trajectory,other
pCMF,pCMF,pCMF,nkr_20,0.005,TI,pair-1,dr1,2,trajectory,other
pCMF,pCMF,pCMF,nkr_30,0.007,TI,pair-1,dr1,2,trajectory,other
pCMF,pCMF,pCMF,Mrre_missing_10,0.644,TI,pair-2,dr3,2,trajectory,other
pCMF,pCMF,pCMF,Mrre_missing_20,0.642,TI,pair-2,dr3,2,trajectory,other
pCMF,pCMF,pCMF,Mrre_missing_30,0.641,TI,pair-2,dr3,2,trajectory,other
pCMF,pCMF,pCMF,aji_10,0.001,TI,pair-2,dr1,2,trajectory,other
pCMF,pCMF,pCMF,aji_20,0.002,TI,pair-2,dr1,2,trajectory,other
pCMF,pCMF,pCMF,aji_30,0.003,TI,pair-2,dr1,2,trajectory,other
pCMF,pCMF,pCMF,nkr_10,0.002,TI,pair-2,dr1,2,trajectory,other
pCMF,pCMF,pCMF,nkr_20,0.003,TI,pair-2,dr1,2,trajectory,other
pCMF,pCMF,pCMF,nkr_30,0.005,TI,pair-2,dr1,2,trajectory,other
pCMF,pCMF,pCMF,Mrre_missing_10,0.658,TI,pair-3,dr3,2,trajectory,other
pCMF,pCMF,pCMF,Mrre_missing_20,0.653,TI,pair-3,dr3,2,trajectory,other
pCMF,pCMF,pCMF,Mrre_missing_30,0.65,TI,pair-3,dr3,2,trajectory,other
pCMF,pCMF,pCMF,aji_10,0.001,TI,pair-3,dr1,2,trajectory,other
pCMF,pCMF,pCMF,aji_20,0.002,TI,pair-3,dr1,2,trajectory,other
pCMF,pCMF,pCMF,aji_30,0.003,TI,pair-3,dr1,2,trajectory,other
pCMF,pCMF,pCMF,nkr_10,0.002,TI,pair-3,dr1,2,trajectory,other
pCMF,pCMF,pCMF,nkr_20,0.005,TI,pair-3,dr1,2,trajectory,other
pCMF,pCMF,pCMF,nkr_30,0.006,TI,pair-3,dr1,2,trajectory,other
pCMF,pCMF,pCMF,Mrre_missing_10,0.626,TI,pair-4,dr3,2,trajectory,other
pCMF,pCMF,pCMF,Mrre_missing_20,0.621,TI,pair-4,dr3,2,trajectory,other
pCMF,pCMF,pCMF,Mrre_missing_30,0.618,TI,pair-4,dr3,2,trajectory,other
pCMF,pCMF,pCMF,aji_10,0.001,TI,pair-4,dr1,2,trajectory,other
pCMF,pCMF,pCMF,aji_20,0.002,TI,pair-4,dr1,2,trajectory,other
pCMF,pCMF,pCMF,aji_30,0.003,TI,pair-4,dr1,2,trajectory,other
pCMF,pCMF,pCMF,nkr_10,0.002,TI,pair-4,dr1,2,trajectory,other
pCMF,pCMF,pCMF,nkr_20,0.004,TI,pair-4,dr1,2,trajectory,other
pCMF,pCMF,pCMF,nkr_30,0.005,TI,pair-4,dr1,2,trajectory,other
pCMF,pCMF,pCMF,Mrre_missing_10,0.697,TI,parenchyme,dr3,2,trajectory,other
pCMF,pCMF,pCMF,Mrre_missing_20,0.694,TI,parenchyme,dr3,2,trajectory,other
pCMF,pCMF,pCMF,Mrre_missing_30,0.693,TI,parenchyme,dr3,2,trajectory,other
pCMF,pCMF,pCMF,aji_10,0.005,TI,parenchyme,dr1,2,trajectory,other
pCMF,pCMF,pCMF,aji_20,0.009,TI,parenchyme,dr1,2,trajectory,other
pCMF,pCMF,pCMF,aji_30,0.013,TI,parenchyme,dr1,2,trajectory,other
pCMF,pCMF,pCMF,nkr_10,0.008,TI,parenchyme,dr1,2,trajectory,other
pCMF,pCMF,pCMF,nkr_20,0.017,TI,parenchyme,dr1,2,trajectory,other
pCMF,pCMF,pCMF,nkr_30,0.025,TI,parenchyme,dr1,2,trajectory,other
pCMF,pCMF,pCMF,Mrre_missing_10,0.667,TI,phagocyte,dr3,2,trajectory,other
pCMF,pCMF,pCMF,Mrre_missing_20,0.668,TI,phagocyte,dr3,2,trajectory,other
pCMF,pCMF,pCMF,Mrre_missing_30,0.668,TI,phagocyte,dr3,2,trajectory,other
pCMF,pCMF,pCMF,aji_10,0.016,TI,phagocyte,dr1,2,trajectory,other
pCMF,pCMF,pCMF,aji_20,0.033,TI,phagocyte,dr1,2,trajectory,other
pCMF,pCMF,pCMF,aji_30,0.048,TI,phagocyte,dr1,2,trajectory,other
pCMF,pCMF,pCMF,nkr_10,0.034,TI,phagocyte,dr1,2,trajectory,other
pCMF,pCMF,pCMF,nkr_20,0.063,TI,phagocyte,dr1,2,trajectory,other
pCMF,pCMF,pCMF,nkr_30,0.09,TI,phagocyte,dr1,2,trajectory,other
pCMF,pCMF,pCMF,Mrre_missing_10,0.615,TI,pharynx,dr3,2,trajectory,other
pCMF,pCMF,pCMF,Mrre_missing_20,0.614,TI,pharynx,dr3,2,trajectory,other
pCMF,pCMF,pCMF,Mrre_missing_30,0.613,TI,pharynx,dr3,2,trajectory,other
pCMF,pCMF,pCMF,aji_10,0.036,TI,pharynx,dr1,2,trajectory,other
pCMF,pCMF,pCMF,aji_20,0.065,TI,pharynx,dr1,2,trajectory,other
pCMF,pCMF,pCMF,aji_30,0.089,TI,pharynx,dr1,2,trajectory,other
pCMF,pCMF,pCMF,nkr_10,0.066,TI,pharynx,dr1,2,trajectory,other
pCMF,pCMF,pCMF,nkr_20,0.121,TI,pharynx,dr1,2,trajectory,other
pCMF,pCMF,pCMF,nkr_30,0.162,TI,pharynx,dr1,2,trajectory,other
pCMF,pCMF,pCMF,Mrre_missing_10,0.786,TI,trophectoderm,dr3,2,trajectory,other
pCMF,pCMF,pCMF,Mrre_missing_20,0.774,TI,trophectoderm,dr3,2,trajectory,other
pCMF,pCMF,pCMF,Mrre_missing_30,0.763,TI,trophectoderm,dr3,2,trajectory,other
pCMF,pCMF,pCMF,aji_10,0.21,TI,trophectoderm,dr1,2,trajectory,other
pCMF,pCMF,pCMF,aji_20,0.365,TI,trophectoderm,dr1,2,trajectory,other
pCMF,pCMF,pCMF,aji_30,0.449,TI,trophectoderm,dr1,2,trajectory,other
pCMF,pCMF,pCMF,nkr_10,0.362,TI,trophectoderm,dr1,2,trajectory,other
pCMF,pCMF,pCMF,nkr_20,0.533,TI,trophectoderm,dr1,2,trajectory,other
pCMF,pCMF,pCMF,nkr_30,0.634,TI,trophectoderm,dr1,2,trajectory,other
pCMF,pCMF,pCMF,Mrre_missing_10,0.572,VASC,Baron,dr3,2,VASC,other
pCMF,pCMF,pCMF,Mrre_missing_20,0.573,VASC,Baron,dr3,2,VASC,other
pCMF,pCMF,pCMF,Mrre_missing_30,0.573,VASC,Baron,dr3,2,VASC,other
pCMF,pCMF,pCMF,aji_10,0.002,VASC,Baron,dr1,2,VASC,other
pCMF,pCMF,pCMF,aji_20,0.004,VASC,Baron,dr1,2,VASC,other
pCMF,pCMF,pCMF,aji_30,0.005,VASC,Baron,dr1,2,VASC,other
pCMF,pCMF,pCMF,nkr_10,0.004,VASC,Baron,dr1,2,VASC,other
pCMF,pCMF,pCMF,nkr_20,0.007,VASC,Baron,dr1,2,VASC,other
pCMF,pCMF,pCMF,nkr_30,0.009,VASC,Baron,dr1,2,VASC,other
pCMF,pCMF,pCMF,Mrre_missing_10,0.559,VASC,Biase,dr3,2,VASC,other
pCMF,pCMF,pCMF,Mrre_missing_20,0.547,VASC,Biase,dr3,2,VASC,other
pCMF,pCMF,pCMF,Mrre_missing_30,0.522,VASC,Biase,dr3,2,VASC,other
pCMF,pCMF,pCMF,aji_10,0.121,VASC,Biase,dr1,2,VASC,other
pCMF,pCMF,pCMF,aji_20,0.252,VASC,Biase,dr1,2,VASC,other
pCMF,pCMF,pCMF,aji_30,0.417,VASC,Biase,dr1,2,VASC,other
pCMF,pCMF,pCMF,nkr_10,0.202,VASC,Biase,dr1,2,VASC,other
pCMF,pCMF,pCMF,nkr_20,0.403,VASC,Biase,dr1,2,VASC,other
pCMF,pCMF,pCMF,nkr_30,0.565,VASC,Biase,dr1,2,VASC,other
pCMF,pCMF,pCMF,Mrre_missing_10,0.795,VASC,Goolam,dr3,2,VASC,other
pCMF,pCMF,pCMF,Mrre_missing_20,0.765,VASC,Goolam,dr3,2,VASC,other
pCMF,pCMF,pCMF,Mrre_missing_30,0.747,VASC,Goolam,dr3,2,VASC,other
pCMF,pCMF,pCMF,aji_10,0.128,VASC,Goolam,dr1,2,VASC,other
pCMF,pCMF,pCMF,aji_20,0.195,VASC,Goolam,dr1,2,VASC,other
pCMF,pCMF,pCMF,aji_30,0.245,VASC,Goolam,dr1,2,VASC,other
pCMF,pCMF,pCMF,nkr_10,0.258,VASC,Goolam,dr1,2,VASC,other
pCMF,pCMF,pCMF,nkr_20,0.352,VASC,Goolam,dr1,2,VASC,other
pCMF,pCMF,pCMF,nkr_30,0.415,VASC,Goolam,dr1,2,VASC,other
pCMF,pCMF,pCMF,Mrre_missing_10,0.58,VASC,Xin,dr3,2,VASC,other
pCMF,pCMF,pCMF,Mrre_missing_20,0.576,VASC,Xin,dr3,2,VASC,other
pCMF,pCMF,pCMF,Mrre_missing_30,0.573,VASC,Xin,dr3,2,VASC,other
pCMF,pCMF,pCMF,aji_10,0.006,VASC,Xin,dr1,2,VASC,other
pCMF,pCMF,pCMF,aji_20,0.011,VASC,Xin,dr1,2,VASC,other
pCMF,pCMF,pCMF,aji_30,0.017,VASC,Xin,dr1,2,VASC,other
pCMF,pCMF,pCMF,nkr_10,0.013,VASC,Xin,dr1,2,VASC,other
pCMF,pCMF,pCMF,nkr_20,0.022,VASC,Xin,dr1,2,VASC,other
pCMF,pCMF,pCMF,nkr_30,0.032,VASC,Xin,dr1,2,VASC,other
pCMF,pCMF,pCMF,Mrre_missing_10,0.796,VASC,Zeisel,dr3,2,VASC,other
pCMF,pCMF,pCMF,Mrre_missing_20,0.794,VASC,Zeisel,dr3,2,VASC,other
pCMF,pCMF,pCMF,Mrre_missing_30,0.793,VASC,Zeisel,dr3,2,VASC,other
pCMF,pCMF,pCMF,aji_10,0.007,VASC,Zeisel,dr1,2,VASC,other
pCMF,pCMF,pCMF,aji_20,0.013,VASC,Zeisel,dr1,2,VASC,other
pCMF,pCMF,pCMF,aji_30,0.021,VASC,Zeisel,dr1,2,VASC,other
pCMF,pCMF,pCMF,nkr_10,0.013,VASC,Zeisel,dr1,2,VASC,other
pCMF,pCMF,pCMF,nkr_20,0.025,VASC,Zeisel,dr1,2,VASC,other
pCMF,pCMF,pCMF,nkr_30,0.038,VASC,Zeisel,dr1,2,VASC,other
pCMF,pCMF,pCMF,Mrre_missing_10,0.925,VASC,yan,dr3,2,VASC,other
pCMF,pCMF,pCMF,Mrre_missing_20,0.919,VASC,yan,dr3,2,VASC,other
pCMF,pCMF,pCMF,Mrre_missing_30,0.914,VASC,yan,dr3,2,VASC,other
pCMF,pCMF,pCMF,aji_10,0.418,VASC,yan,dr1,2,VASC,other
pCMF,pCMF,pCMF,aji_20,0.649,VASC,yan,dr1,2,VASC,other
pCMF,pCMF,pCMF,aji_30,0.771,VASC,yan,dr1,2,VASC,other
pCMF,pCMF,pCMF,nkr_10,0.607,VASC,yan,dr1,2,VASC,other
pCMF,pCMF,pCMF,nkr_20,0.812,VASC,yan,dr1,2,VASC,other
pCMF,pCMF,pCMF,nkr_30,0.893,VASC,yan,dr1,2,VASC,other
pCMF,pCMF,pCMF,Mrre_missing_10,0.725,benchmarker,Baron_mouse,dr3,2,curated,other
pCMF,pCMF,pCMF,Mrre_missing_20,0.721,benchmarker,Baron_mouse,dr3,2,curated,other
pCMF,pCMF,pCMF,Mrre_missing_30,0.718,benchmarker,Baron_mouse,dr3,2,curated,other
pCMF,pCMF,pCMF,aji_10,0.008,benchmarker,Baron_mouse,dr1,2,curated,other
pCMF,pCMF,pCMF,aji_20,0.015,benchmarker,Baron_mouse,dr1,2,curated,other
pCMF,pCMF,pCMF,aji_30,0.021,benchmarker,Baron_mouse,dr1,2,curated,other
pCMF,pCMF,pCMF,nkr_10,0.015,benchmarker,Baron_mouse,dr1,2,curated,other
pCMF,pCMF,pCMF,nkr_20,0.027,benchmarker,Baron_mouse,dr1,2,curated,other
pCMF,pCMF,pCMF,nkr_30,0.039,benchmarker,Baron_mouse,dr1,2,curated,other
pCMF,pCMF,pCMF,Mrre_missing_10,0.667,benchmarker,Darmanis,dr3,2,curated,other
pCMF,pCMF,pCMF,Mrre_missing_20,0.663,benchmarker,Darmanis,dr3,2,curated,other
pCMF,pCMF,pCMF,Mrre_missing_30,0.66,benchmarker,Darmanis,dr3,2,curated,other
pCMF,pCMF,pCMF,aji_10,0.032,benchmarker,Darmanis,dr1,2,curated,other
pCMF,pCMF,pCMF,aji_20,0.056,benchmarker,Darmanis,dr1,2,curated,other
pCMF,pCMF,pCMF,aji_30,0.082,benchmarker,Darmanis,dr1,2,curated,other
pCMF,pCMF,pCMF,nkr_10,0.058,benchmarker,Darmanis,dr1,2,curated,other
pCMF,pCMF,pCMF,nkr_20,0.106,benchmarker,Darmanis,dr1,2,curated,other
pCMF,pCMF,pCMF,nkr_30,0.149,benchmarker,Darmanis,dr1,2,curated,other
pCMF,pCMF,pCMF,Mrre_missing_10,0.775,benchmarker,Pancreatic,dr3,2,curated,other
pCMF,pCMF,pCMF,Mrre_missing_20,0.753,benchmarker,Pancreatic,dr3,2,curated,other
pCMF,pCMF,pCMF,Mrre_missing_30,0.736,benchmarker,Pancreatic,dr3,2,curated,other
pCMF,pCMF,pCMF,aji_10,0.218,benchmarker,Pancreatic,dr1,2,curated,other
pCMF,pCMF,pCMF,aji_20,0.384,benchmarker,Pancreatic,dr1,2,curated,other
pCMF,pCMF,pCMF,aji_30,0.589,benchmarker,Pancreatic,dr1,2,curated,other
pCMF,pCMF,pCMF,nkr_10,0.388,benchmarker,Pancreatic,dr1,2,curated,other
pCMF,pCMF,pCMF,nkr_20,0.562,benchmarker,Pancreatic,dr1,2,curated,other
pCMF,pCMF,pCMF,nkr_30,0.743,benchmarker,Pancreatic,dr1,2,curated,other
pCMF,pCMF,pCMF,Mrre_missing_10,0.499,benchmarker,Silver,dr3,2,curated,other
pCMF,pCMF,pCMF,Mrre_missing_20,0.5,benchmarker,Silver,dr3,2,curated,other
pCMF,pCMF,pCMF,Mrre_missing_30,0.499,benchmarker,Silver,dr3,2,curated,other
pCMF,pCMF,pCMF,aji_10,0.002,benchmarker,Silver,dr1,2,curated,other
pCMF,pCMF,pCMF,aji_20,0.004,benchmarker,Silver,dr1,2,curated,other
pCMF,pCMF,pCMF,aji_30,0.006,benchmarker,Silver,dr1,2,curated,other
pCMF,pCMF,pCMF,nkr_10,0.004,benchmarker,Silver,dr1,2,curated,other
pCMF,pCMF,pCMF,nkr_20,0.009,benchmarker,Silver,dr1,2,curated,other
pCMF,pCMF,pCMF,nkr_30,0.013,benchmarker,Silver,dr1,2,curated,other
pCMF,pCMF,pCMF,Mrre_missing_10,0.464,benchmarker,Zhengmix4eq,dr3,2,curated,other
pCMF,pCMF,pCMF,Mrre_missing_20,0.478,benchmarker,Zhengmix4eq,dr3,2,curated,other
pCMF,pCMF,pCMF,Mrre_missing_30,0.484,benchmarker,Zhengmix4eq,dr3,2,curated,other
pCMF,pCMF,pCMF,aji_10,0.002,benchmarker,Zhengmix4eq,dr1,2,curated,other
pCMF,pCMF,pCMF,aji_20,0.005,benchmarker,Zhengmix4eq,dr1,2,curated,other
pCMF,pCMF,pCMF,aji_30,0.007,benchmarker,Zhengmix4eq,dr1,2,curated,other
pCMF,pCMF,pCMF,nkr_10,0.004,benchmarker,Zhengmix4eq,dr1,2,curated,other
pCMF,pCMF,pCMF,nkr_20,0.009,benchmarker,Zhengmix4eq,dr1,2,curated,other
pCMF,pCMF,pCMF,nkr_30,0.013,benchmarker,Zhengmix4eq,dr1,2,curated,other
pCMF,pCMF,pCMF,Mrre_missing_10,0.968,scDesign3,ACINAR,dr3,2,scDesign3,other
pCMF,pCMF,pCMF,Mrre_missing_20,0.965,scDesign3,ACINAR,dr3,2,scDesign3,other
pCMF,pCMF,pCMF,Mrre_missing_30,0.963,scDesign3,ACINAR,dr3,2,scDesign3,other
pCMF,pCMF,pCMF,aji_10,0.065,scDesign3,ACINAR,dr1,2,scDesign3,other
pCMF,pCMF,pCMF,aji_20,0.099,scDesign3,ACINAR,dr1,2,scDesign3,other
pCMF,pCMF,pCMF,aji_30,0.125,scDesign3,ACINAR,dr1,2,scDesign3,other
pCMF,pCMF,pCMF,nkr_10,0.124,scDesign3,ACINAR,dr1,2,scDesign3,other
pCMF,pCMF,pCMF,nkr_20,0.183,scDesign3,ACINAR,dr1,2,scDesign3,other
pCMF,pCMF,pCMF,nkr_30,0.223,scDesign3,ACINAR,dr1,2,scDesign3,other
pCMF,pCMF,pCMF,Mrre_missing_10,0.764,scDesign3,ATAC,dr3,2,scDesign3,other
pCMF,pCMF,pCMF,Mrre_missing_20,0.76,scDesign3,ATAC,dr3,2,scDesign3,other
pCMF,pCMF,pCMF,Mrre_missing_30,0.758,scDesign3,ATAC,dr3,2,scDesign3,other
pCMF,pCMF,pCMF,aji_10,0.003,scDesign3,ATAC,dr1,2,scDesign3,other
pCMF,pCMF,pCMF,aji_20,0.005,scDesign3,ATAC,dr1,2,scDesign3,other
pCMF,pCMF,pCMF,aji_30,0.007,scDesign3,ATAC,dr1,2,scDesign3,other
pCMF,pCMF,pCMF,nkr_10,0.007,scDesign3,ATAC,dr1,2,scDesign3,other
pCMF,pCMF,pCMF,nkr_20,0.011,scDesign3,ATAC,dr1,2,scDesign3,other
pCMF,pCMF,pCMF,nkr_30,0.014,scDesign3,ATAC,dr1,2,scDesign3,other
pCMF,pCMF,pCMF,Mrre_missing_10,0.957,scDesign3,BATCH,dr3,2,scDesign3,other
pCMF,pCMF,pCMF,Mrre_missing_20,0.955,scDesign3,BATCH,dr3,2,scDesign3,other
pCMF,pCMF,pCMF,Mrre_missing_30,0.953,scDesign3,BATCH,dr3,2,scDesign3,other
pCMF,pCMF,pCMF,aji_10,0.029,scDesign3,BATCH,dr1,2,scDesign3,other
pCMF,pCMF,pCMF,aji_20,0.046,scDesign3,BATCH,dr1,2,scDesign3,other
pCMF,pCMF,pCMF,aji_30,0.061,scDesign3,BATCH,dr1,2,scDesign3,other
pCMF,pCMF,pCMF,nkr_10,0.055,scDesign3,BATCH,dr1,2,scDesign3,other
pCMF,pCMF,pCMF,nkr_20,0.086,scDesign3,BATCH,dr1,2,scDesign3,other
pCMF,pCMF,pCMF,nkr_30,0.111,scDesign3,BATCH,dr1,2,scDesign3,other
pCMF,pCMF,pCMF,Mrre_missing_10,0.991,scDesign3,CITE,dr3,2,scDesign3,other
pCMF,pCMF,pCMF,Mrre_missing_20,0.99,scDesign3,CITE,dr3,2,scDesign3,other
pCMF,pCMF,pCMF,Mrre_missing_30,0.989,scDesign3,CITE,dr3,2,scDesign3,other
pCMF,pCMF,pCMF,aji_10,0.087,scDesign3,CITE,dr1,2,scDesign3,other
pCMF,pCMF,pCMF,aji_20,0.132,scDesign3,CITE,dr1,2,scDesign3,other
pCMF,pCMF,pCMF,aji_30,0.165,scDesign3,CITE,dr1,2,scDesign3,other
pCMF,pCMF,pCMF,nkr_10,0.169,scDesign3,CITE,dr1,2,scDesign3,other
pCMF,pCMF,pCMF,nkr_20,0.236,scDesign3,CITE,dr1,2,scDesign3,other
pCMF,pCMF,pCMF,nkr_30,0.281,scDesign3,CITE,dr1,2,scDesign3,other
pCMF,pCMF,pCMF,Mrre_missing_10,0.933,scDesign3,EMBYRO,dr3,2,scDesign3,other
pCMF,pCMF,pCMF,Mrre_missing_20,0.925,scDesign3,EMBYRO,dr3,2,scDesign3,other
pCMF,pCMF,pCMF,Mrre_missing_30,0.92,scDesign3,EMBYRO,dr3,2,scDesign3,other
pCMF,pCMF,pCMF,aji_10,0.065,scDesign3,EMBYRO,dr1,2,scDesign3,other
pCMF,pCMF,pCMF,aji_20,0.097,scDesign3,EMBYRO,dr1,2,scDesign3,other
pCMF,pCMF,pCMF,aji_30,0.121,scDesign3,EMBYRO,dr1,2,scDesign3,other
pCMF,pCMF,pCMF,nkr_10,0.126,scDesign3,EMBYRO,dr1,2,scDesign3,other
pCMF,pCMF,pCMF,nkr_20,0.178,scDesign3,EMBYRO,dr1,2,scDesign3,other
pCMF,pCMF,pCMF,nkr_30,0.214,scDesign3,EMBYRO,dr1,2,scDesign3,other
pCMF,pCMF,pCMF,Mrre_missing_10,0.933,scDesign3,IFNB,dr3,2,scDesign3,other
pCMF,pCMF,pCMF,Mrre_missing_20,0.931,scDesign3,IFNB,dr3,2,scDesign3,other
pCMF,pCMF,pCMF,Mrre_missing_30,0.93,scDesign3,IFNB,dr3,2,scDesign3,other
pCMF,pCMF,pCMF,aji_10,0.01,scDesign3,IFNB,dr1,2,scDesign3,other
pCMF,pCMF,pCMF,aji_20,0.017,scDesign3,IFNB,dr1,2,scDesign3,other
pCMF,pCMF,pCMF,aji_30,0.024,scDesign3,IFNB,dr1,2,scDesign3,other
pCMF,pCMF,pCMF,nkr_10,0.02,scDesign3,IFNB,dr1,2,scDesign3,other
pCMF,pCMF,pCMF,nkr_20,0.033,scDesign3,IFNB,dr1,2,scDesign3,other
pCMF,pCMF,pCMF,nkr_30,0.045,scDesign3,IFNB,dr1,2,scDesign3,other
pCMF,pCMF,pCMF,Mrre_missing_10,0.958,scDesign3,MARROW,dr3,2,scDesign3,other
pCMF,pCMF,pCMF,Mrre_missing_20,0.957,scDesign3,MARROW,dr3,2,scDesign3,other
pCMF,pCMF,pCMF,Mrre_missing_30,0.956,scDesign3,MARROW,dr3,2,scDesign3,other
pCMF,pCMF,pCMF,aji_10,0.042,scDesign3,MARROW,dr1,2,scDesign3,other
pCMF,pCMF,pCMF,aji_20,0.072,scDesign3,MARROW,dr1,2,scDesign3,other
pCMF,pCMF,pCMF,aji_30,0.1,scDesign3,MARROW,dr1,2,scDesign3,other
pCMF,pCMF,pCMF,nkr_10,0.078,scDesign3,MARROW,dr1,2,scDesign3,other
pCMF,pCMF,pCMF,nkr_20,0.132,scDesign3,MARROW,dr1,2,scDesign3,other
pCMF,pCMF,pCMF,nkr_30,0.177,scDesign3,MARROW,dr1,2,scDesign3,other
pCMF,pCMF,pCMF,Mrre_missing_10,0.544,scDesign3,MOBSC,dr3,2,scDesign3,other
pCMF,pCMF,pCMF,Mrre_missing_20,0.543,scDesign3,MOBSC,dr3,2,scDesign3,other
pCMF,pCMF,pCMF,Mrre_missing_30,0.543,scDesign3,MOBSC,dr3,2,scDesign3,other
pCMF,pCMF,pCMF,aji_10,0.001,scDesign3,MOBSC,dr1,2,scDesign3,other
pCMF,pCMF,pCMF,aji_20,0.001,scDesign3,MOBSC,dr1,2,scDesign3,other
pCMF,pCMF,pCMF,aji_30,0.002,scDesign3,MOBSC,dr1,2,scDesign3,other
pCMF,pCMF,pCMF,nkr_10,0.002,scDesign3,MOBSC,dr1,2,scDesign3,other
pCMF,pCMF,pCMF,nkr_20,0.003,scDesign3,MOBSC,dr1,2,scDesign3,other
pCMF,pCMF,pCMF,nkr_30,0.005,scDesign3,MOBSC,dr1,2,scDesign3,other
pCMF,pCMF,pCMF,Mrre_missing_10,0.974,scDesign3,OVARIAN,dr3,2,scDesign3,other
pCMF,pCMF,pCMF,Mrre_missing_20,0.971,scDesign3,OVARIAN,dr3,2,scDesign3,other
pCMF,pCMF,pCMF,Mrre_missing_30,0.969,scDesign3,OVARIAN,dr3,2,scDesign3,other
pCMF,pCMF,pCMF,aji_10,0.068,scDesign3,OVARIAN,dr1,2,scDesign3,other
pCMF,pCMF,pCMF,aji_20,0.102,scDesign3,OVARIAN,dr1,2,scDesign3,other
pCMF,pCMF,pCMF,aji_30,0.128,scDesign3,OVARIAN,dr1,2,scDesign3,other
pCMF,pCMF,pCMF,nkr_10,0.134,scDesign3,OVARIAN,dr1,2,scDesign3,other
pCMF,pCMF,pCMF,nkr_20,0.191,scDesign3,OVARIAN,dr1,2,scDesign3,other
pCMF,pCMF,pCMF,nkr_30,0.231,scDesign3,OVARIAN,dr1,2,scDesign3,other
pCMF,pCMF,pCMF,Mrre_missing_10,0.923,scDesign3,PANCREAS,dr3,2,scDesign3,other
pCMF,pCMF,pCMF,Mrre_missing_20,0.92,scDesign3,PANCREAS,dr3,2,scDesign3,other
pCMF,pCMF,pCMF,Mrre_missing_30,0.918,scDesign3,PANCREAS,dr3,2,scDesign3,other
pCMF,pCMF,pCMF,aji_10,0.03,scDesign3,PANCREAS,dr1,2,scDesign3,other
pCMF,pCMF,pCMF,aji_20,0.052,scDesign3,PANCREAS,dr1,2,scDesign3,other
pCMF,pCMF,pCMF,aji_30,0.07,scDesign3,PANCREAS,dr1,2,scDesign3,other
pCMF,pCMF,pCMF,nkr_10,0.059,scDesign3,PANCREAS,dr1,2,scDesign3,other
pCMF,pCMF,pCMF,nkr_20,0.098,scDesign3,PANCREAS,dr1,2,scDesign3,other
pCMF,pCMF,pCMF,nkr_30,0.129,scDesign3,PANCREAS,dr1,2,scDesign3,other
pCMF,pCMF,pCMF,Mrre_missing_10,0.878,scDesign3,SCGEMMETH,dr3,2,scDesign3,other
pCMF,pCMF,pCMF,Mrre_missing_20,0.874,scDesign3,SCGEMMETH,dr3,2,scDesign3,other
pCMF,pCMF,pCMF,Mrre_missing_30,0.869,scDesign3,SCGEMMETH,dr3,2,scDesign3,other
pCMF,pCMF,pCMF,aji_10,0.192,scDesign3,SCGEMMETH,dr1,2,scDesign3,other
pCMF,pCMF,pCMF,aji_20,0.329,scDesign3,SCGEMMETH,dr1,2,scDesign3,other
pCMF,pCMF,pCMF,aji_30,0.433,scDesign3,SCGEMMETH,dr1,2,scDesign3,other
pCMF,pCMF,pCMF,nkr_10,0.337,scDesign3,SCGEMMETH,dr1,2,scDesign3,other
pCMF,pCMF,pCMF,nkr_20,0.512,scDesign3,SCGEMMETH,dr1,2,scDesign3,other
pCMF,pCMF,pCMF,nkr_30,0.611,scDesign3,SCGEMMETH,dr1,2,scDesign3,other
pCMF,pCMF,pCMF,Mrre_missing_10,0.709,scDesign3,SCGEMRNA,dr3,2,scDesign3,other
pCMF,pCMF,pCMF,Mrre_missing_20,0.704,scDesign3,SCGEMRNA,dr3,2,scDesign3,other
pCMF,pCMF,pCMF,Mrre_missing_30,0.698,scDesign3,SCGEMRNA,dr3,2,scDesign3,other
pCMF,pCMF,pCMF,aji_10,0.084,scDesign3,SCGEMRNA,dr1,2,scDesign3,other
pCMF,pCMF,pCMF,aji_20,0.151,scDesign3,SCGEMRNA,dr1,2,scDesign3,other
pCMF,pCMF,pCMF,aji_30,0.209,scDesign3,SCGEMRNA,dr1,2,scDesign3,other
pCMF,pCMF,pCMF,nkr_10,0.16,scDesign3,SCGEMRNA,dr1,2,scDesign3,other
pCMF,pCMF,pCMF,nkr_20,0.265,scDesign3,SCGEMRNA,dr1,2,scDesign3,other
pCMF,pCMF,pCMF,nkr_30,0.341,scDesign3,SCGEMRNA,dr1,2,scDesign3,other
pCMF,pCMF,pCMF,Mrre_missing_10,0.585,scDesign3,SCIATAC,dr3,2,scDesign3,other
pCMF,pCMF,pCMF,Mrre_missing_20,0.587,scDesign3,SCIATAC,dr3,2,scDesign3,other
pCMF,pCMF,pCMF,Mrre_missing_30,0.584,scDesign3,SCIATAC,dr3,2,scDesign3,other
pCMF,pCMF,pCMF,aji_10,0.001,scDesign3,SCIATAC,dr1,2,scDesign3,other
pCMF,pCMF,pCMF,aji_20,0.002,scDesign3,SCIATAC,dr1,2,scDesign3,other
pCMF,pCMF,pCMF,aji_30,0.004,scDesign3,SCIATAC,dr1,2,scDesign3,other
pCMF,pCMF,pCMF,nkr_10,0.001,scDesign3,SCIATAC,dr1,2,scDesign3,other
pCMF,pCMF,pCMF,nkr_20,0.005,scDesign3,SCIATAC,dr1,2,scDesign3,other
pCMF,pCMF,pCMF,nkr_30,0.007,scDesign3,SCIATAC,dr1,2,scDesign3,other
pCMF,pCMF,pCMF,Mrre_missing_10,0.744,scDesign3,SLIDE,dr3,2,scDesign3,other
pCMF,pCMF,pCMF,Mrre_missing_20,0.741,scDesign3,SLIDE,dr3,2,scDesign3,other
pCMF,pCMF,pCMF,Mrre_missing_30,0.739,scDesign3,SLIDE,dr3,2,scDesign3,other
pCMF,pCMF,pCMF,aji_10,0.001,scDesign3,SLIDE,dr1,2,scDesign3,other
pCMF,pCMF,pCMF,aji_20,0.002,scDesign3,SLIDE,dr1,2,scDesign3,other
pCMF,pCMF,pCMF,aji_30,0.002,scDesign3,SLIDE,dr1,2,scDesign3,other
pCMF,pCMF,pCMF,nkr_10,0.002,scDesign3,SLIDE,dr1,2,scDesign3,other
pCMF,pCMF,pCMF,nkr_20,0.005,scDesign3,SLIDE,dr1,2,scDesign3,other
pCMF,pCMF,pCMF,nkr_30,0.006,scDesign3,SLIDE,dr1,2,scDesign3,other
pCMF,pCMF,pCMF,Mrre_missing_10,0.971,scDesign3,VISIUM,dr3,2,scDesign3,other
pCMF,pCMF,pCMF,Mrre_missing_20,0.966,scDesign3,VISIUM,dr3,2,scDesign3,other
pCMF,pCMF,pCMF,Mrre_missing_30,0.963,scDesign3,VISIUM,dr3,2,scDesign3,other
pCMF,pCMF,pCMF,aji_10,0.072,scDesign3,VISIUM,dr1,2,scDesign3,other
pCMF,pCMF,pCMF,aji_20,0.105,scDesign3,VISIUM,dr1,2,scDesign3,other
pCMF,pCMF,pCMF,aji_30,0.127,scDesign3,VISIUM,dr1,2,scDesign3,other
pCMF,pCMF,pCMF,nkr_10,0.14,scDesign3,VISIUM,dr1,2,scDesign3,other
pCMF,pCMF,pCMF,nkr_20,0.19,scDesign3,VISIUM,dr1,2,scDesign3,other
pCMF,pCMF,pCMF,nkr_30,0.223,scDesign3,VISIUM,dr1,2,scDesign3,other
ZIFA,ZIFA,ZIFA,Mrre_missing_10,0.82,SIMLR,Pollen,dr3,3,SIMLR,other
ZIFA,ZIFA,ZIFA,Mrre_missing_20,0.816,SIMLR,Pollen,dr3,3,SIMLR,other
ZIFA,ZIFA,ZIFA,Mrre_missing_30,0.805,SIMLR,Pollen,dr3,3,SIMLR,other
ZIFA,ZIFA,ZIFA,aji_10,0.116,SIMLR,Pollen,dr1,3,SIMLR,other
ZIFA,ZIFA,ZIFA,aji_20,0.214,SIMLR,Pollen,dr1,3,SIMLR,other
ZIFA,ZIFA,ZIFA,aji_30,0.26,SIMLR,Pollen,dr1,3,SIMLR,other
ZIFA,ZIFA,ZIFA,nkr_10,0.184,SIMLR,Pollen,dr1,3,SIMLR,other
ZIFA,ZIFA,ZIFA,nkr_20,0.314,SIMLR,Pollen,dr1,3,SIMLR,other
ZIFA,ZIFA,ZIFA,nkr_30,0.378,SIMLR,Pollen,dr1,3,SIMLR,other
ZIFA,ZIFA,ZIFA,Mrre_missing_10,0.574,SIMLR,Usoskin,dr3,3,SIMLR,other
ZIFA,ZIFA,ZIFA,Mrre_missing_20,0.569,SIMLR,Usoskin,dr3,3,SIMLR,other
ZIFA,ZIFA,ZIFA,Mrre_missing_30,0.566,SIMLR,Usoskin,dr3,3,SIMLR,other
ZIFA,ZIFA,ZIFA,aji_10,0.021,SIMLR,Usoskin,dr1,3,SIMLR,other
ZIFA,ZIFA,ZIFA,aji_20,0.037,SIMLR,Usoskin,dr1,3,SIMLR,other
ZIFA,ZIFA,ZIFA,aji_30,0.054,SIMLR,Usoskin,dr1,3,SIMLR,other
ZIFA,ZIFA,ZIFA,nkr_10,0.036,SIMLR,Usoskin,dr1,3,SIMLR,other
ZIFA,ZIFA,ZIFA,nkr_20,0.059,SIMLR,Usoskin,dr1,3,SIMLR,other
ZIFA,ZIFA,ZIFA,nkr_30,0.084,SIMLR,Usoskin,dr1,3,SIMLR,other
ZIFA,ZIFA,ZIFA,Mrre_missing_10,0.866,TI,DA1_horns,dr3,3,trajectory,other
ZIFA,ZIFA,ZIFA,Mrre_missing_20,0.864,TI,DA1_horns,dr3,3,trajectory,other
ZIFA,ZIFA,ZIFA,Mrre_missing_30,0.862,TI,DA1_horns,dr3,3,trajectory,other
ZIFA,ZIFA,ZIFA,aji_10,0.093,TI,DA1_horns,dr1,3,trajectory,other
ZIFA,ZIFA,ZIFA,aji_20,0.191,TI,DA1_horns,dr1,3,trajectory,other
ZIFA,ZIFA,ZIFA,aji_30,0.297,TI,DA1_horns,dr1,3,trajectory,other
ZIFA,ZIFA,ZIFA,nkr_10,0.17,TI,DA1_horns,dr1,3,trajectory,other
ZIFA,ZIFA,ZIFA,nkr_20,0.308,TI,DA1_horns,dr1,3,trajectory,other
ZIFA,ZIFA,ZIFA,nkr_30,0.442,TI,DA1_horns,dr1,3,trajectory,other
ZIFA,ZIFA,ZIFA,Mrre_missing_10,0.875,TI,DC3_VA1d_horns,dr3,3,trajectory,other
ZIFA,ZIFA,ZIFA,Mrre_missing_20,0.876,TI,DC3_VA1d_horns,dr3,3,trajectory,other
ZIFA,ZIFA,ZIFA,Mrre_missing_30,0.873,TI,DC3_VA1d_horns,dr3,3,trajectory,other
ZIFA,ZIFA,ZIFA,aji_10,0.173,TI,DC3_VA1d_horns,dr1,3,trajectory,other
ZIFA,ZIFA,ZIFA,aji_20,0.325,TI,DC3_VA1d_horns,dr1,3,trajectory,other
ZIFA,ZIFA,ZIFA,aji_30,0.5,TI,DC3_VA1d_horns,dr1,3,trajectory,other
ZIFA,ZIFA,ZIFA,nkr_10,0.288,TI,DC3_VA1d_horns,dr1,3,trajectory,other
ZIFA,ZIFA,ZIFA,nkr_20,0.493,TI,DC3_VA1d_horns,dr1,3,trajectory,other
ZIFA,ZIFA,ZIFA,nkr_30,0.663,TI,DC3_VA1d_horns,dr1,3,trajectory,other
ZIFA,ZIFA,ZIFA,Mrre_missing_10,0.931,TI,ICM,dr3,3,trajectory,other
ZIFA,ZIFA,ZIFA,Mrre_missing_20,0.93,TI,ICM,dr3,3,trajectory,other
ZIFA,ZIFA,ZIFA,Mrre_missing_30,0.929,TI,ICM,dr3,3,trajectory,other
ZIFA,ZIFA,ZIFA,aji_10,0.199,TI,ICM,dr1,3,trajectory,other
ZIFA,ZIFA,ZIFA,aji_20,0.362,TI,ICM,dr1,3,trajectory,other
ZIFA,ZIFA,ZIFA,aji_30,0.533,TI,ICM,dr1,3,trajectory,other
ZIFA,ZIFA,ZIFA,nkr_10,0.341,TI,ICM,dr1,3,trajectory,other
ZIFA,ZIFA,ZIFA,nkr_20,0.523,TI,ICM,dr1,3,trajectory,other
ZIFA,ZIFA,ZIFA,nkr_30,0.67,TI,ICM,dr1,3,trajectory,other
ZIFA,ZIFA,ZIFA,Mrre_missing_10,0.948,TI,blastocyst,dr3,3,trajectory,other
ZIFA,ZIFA,ZIFA,Mrre_missing_20,0.946,TI,blastocyst,dr3,3,trajectory,other
ZIFA,ZIFA,ZIFA,Mrre_missing_30,0.944,TI,blastocyst,dr3,3,trajectory,other
ZIFA,ZIFA,ZIFA,aji_10,0.218,TI,blastocyst,dr1,3,trajectory,other
ZIFA,ZIFA,ZIFA,aji_20,0.351,TI,blastocyst,dr1,3,trajectory,other
ZIFA,ZIFA,ZIFA,aji_30,0.479,TI,blastocyst,dr1,3,trajectory,other
ZIFA,ZIFA,ZIFA,nkr_10,0.37,TI,blastocyst,dr1,3,trajectory,other
ZIFA,ZIFA,ZIFA,nkr_20,0.52,TI,blastocyst,dr1,3,trajectory,other
ZIFA,ZIFA,ZIFA,nkr_30,0.632,TI,blastocyst,dr1,3,trajectory,other
ZIFA,ZIFA,ZIFA,Mrre_missing_10,0.464,TI,combination-1,dr3,3,trajectory,other
ZIFA,ZIFA,ZIFA,Mrre_missing_20,0.468,TI,combination-1,dr3,3,trajectory,other
ZIFA,ZIFA,ZIFA,Mrre_missing_30,0.47,TI,combination-1,dr3,3,trajectory,other
ZIFA,ZIFA,ZIFA,aji_10,0.004,TI,combination-1,dr1,3,trajectory,other
ZIFA,ZIFA,ZIFA,aji_20,0.007,TI,combination-1,dr1,3,trajectory,other
ZIFA,ZIFA,ZIFA,aji_30,0.01,TI,combination-1,dr1,3,trajectory,other
ZIFA,ZIFA,ZIFA,nkr_10,0.007,TI,combination-1,dr1,3,trajectory,other
ZIFA,ZIFA,ZIFA,nkr_20,0.012,TI,combination-1,dr1,3,trajectory,other
ZIFA,ZIFA,ZIFA,nkr_30,0.017,TI,combination-1,dr1,3,trajectory,other
ZIFA,ZIFA,ZIFA,Mrre_missing_10,0.542,TI,combination-2,dr3,3,trajectory,other
ZIFA,ZIFA,ZIFA,Mrre_missing_20,0.552,TI,combination-2,dr3,3,trajectory,other
ZIFA,ZIFA,ZIFA,Mrre_missing_30,0.559,TI,combination-2,dr3,3,trajectory,other
ZIFA,ZIFA,ZIFA,aji_10,0.004,TI,combination-2,dr1,3,trajectory,other
ZIFA,ZIFA,ZIFA,aji_20,0.007,TI,combination-2,dr1,3,trajectory,other
ZIFA,ZIFA,ZIFA,aji_30,0.01,TI,combination-2,dr1,3,trajectory,other
ZIFA,ZIFA,ZIFA,nkr_10,0.006,TI,combination-2,dr1,3,trajectory,other
ZIFA,ZIFA,ZIFA,nkr_20,0.012,TI,combination-2,dr1,3,trajectory,other
ZIFA,ZIFA,ZIFA,nkr_30,0.017,TI,combination-2,dr1,3,trajectory,other
ZIFA,ZIFA,ZIFA,Mrre_missing_10,0.614,TI,combination-3,dr3,3,trajectory,other
ZIFA,ZIFA,ZIFA,Mrre_missing_20,0.625,TI,combination-3,dr3,3,trajectory,other
ZIFA,ZIFA,ZIFA,Mrre_missing_30,0.631,TI,combination-3,dr3,3,trajectory,other
ZIFA,ZIFA,ZIFA,aji_10,0.007,TI,combination-3,dr1,3,trajectory,other
ZIFA,ZIFA,ZIFA,aji_20,0.014,TI,combination-3,dr1,3,trajectory,other
ZIFA,ZIFA,ZIFA,aji_30,0.02,TI,combination-3,dr1,3,trajectory,other
ZIFA,ZIFA,ZIFA,nkr_10,0.012,TI,combination-3,dr1,3,trajectory,other
ZIFA,ZIFA,ZIFA,nkr_20,0.024,TI,combination-3,dr1,3,trajectory,other
ZIFA,ZIFA,ZIFA,nkr_30,0.034,TI,combination-3,dr1,3,trajectory,other
ZIFA,ZIFA,ZIFA,Mrre_missing_10,0.875,TI,epiblast,dr3,3,trajectory,other
ZIFA,ZIFA,ZIFA,Mrre_missing_20,0.871,TI,epiblast,dr3,3,trajectory,other
ZIFA,ZIFA,ZIFA,Mrre_missing_30,0.867,TI,epiblast,dr3,3,trajectory,other
ZIFA,ZIFA,ZIFA,aji_10,0.207,TI,epiblast,dr1,3,trajectory,other
ZIFA,ZIFA,ZIFA,aji_20,0.325,TI,epiblast,dr1,3,trajectory,other
ZIFA,ZIFA,ZIFA,aji_30,0.467,TI,epiblast,dr1,3,trajectory,other
ZIFA,ZIFA,ZIFA,nkr_10,0.341,TI,epiblast,dr1,3,trajectory,other
ZIFA,ZIFA,ZIFA,nkr_20,0.479,TI,epiblast,dr1,3,trajectory,other
ZIFA,ZIFA,ZIFA,nkr_30,0.605,TI,epiblast,dr1,3,trajectory,other
ZIFA,ZIFA,ZIFA,Mrre_missing_10,0.504,TI,epidermis,dr3,3,trajectory,other
ZIFA,ZIFA,ZIFA,Mrre_missing_20,0.511,TI,epidermis,dr3,3,trajectory,other
ZIFA,ZIFA,ZIFA,Mrre_missing_30,0.515,TI,epidermis,dr3,3,trajectory,other
ZIFA,ZIFA,ZIFA,aji_10,0.005,TI,epidermis,dr1,3,trajectory,other
ZIFA,ZIFA,ZIFA,aji_20,0.008,TI,epidermis,dr1,3,trajectory,other
ZIFA,ZIFA,ZIFA,aji_30,0.012,TI,epidermis,dr1,3,trajectory,other
ZIFA,ZIFA,ZIFA,nkr_10,0.008,TI,epidermis,dr1,3,trajectory,other
ZIFA,ZIFA,ZIFA,nkr_20,0.015,TI,epidermis,dr1,3,trajectory,other
ZIFA,ZIFA,ZIFA,nkr_30,0.021,TI,epidermis,dr1,3,trajectory,other
ZIFA,ZIFA,ZIFA,Mrre_missing_10,0.879,TI,horns,dr3,3,trajectory,other
ZIFA,ZIFA,ZIFA,Mrre_missing_20,0.875,TI,horns,dr3,3,trajectory,other
ZIFA,ZIFA,ZIFA,Mrre_missing_30,0.872,TI,horns,dr3,3,trajectory,other
ZIFA,ZIFA,ZIFA,aji_10,0.079,TI,horns,dr1,3,trajectory,other
ZIFA,ZIFA,ZIFA,aji_20,0.145,TI,horns,dr1,3,trajectory,other
ZIFA,ZIFA,ZIFA,aji_30,0.196,TI,horns,dr1,3,trajectory,other
ZIFA,ZIFA,ZIFA,nkr_10,0.142,TI,horns,dr1,3,trajectory,other
ZIFA,ZIFA,ZIFA,nkr_20,0.25,TI,horns,dr1,3,trajectory,other
ZIFA,ZIFA,ZIFA,nkr_30,0.329,TI,horns,dr1,3,trajectory,other
ZIFA,ZIFA,ZIFA,Mrre_missing_10,0.445,TI,muscle,dr3,3,trajectory,other
ZIFA,ZIFA,ZIFA,Mrre_missing_20,0.452,TI,muscle,dr3,3,trajectory,other
ZIFA,ZIFA,ZIFA,Mrre_missing_30,0.457,TI,muscle,dr3,3,trajectory,other
ZIFA,ZIFA,ZIFA,aji_10,0.005,TI,muscle,dr1,3,trajectory,other
ZIFA,ZIFA,ZIFA,aji_20,0.009,TI,muscle,dr1,3,trajectory,other
ZIFA,ZIFA,ZIFA,aji_30,0.013,TI,muscle,dr1,3,trajectory,other
ZIFA,ZIFA,ZIFA,nkr_10,0.009,TI,muscle,dr1,3,trajectory,other
ZIFA,ZIFA,ZIFA,nkr_20,0.015,TI,muscle,dr1,3,trajectory,other
ZIFA,ZIFA,ZIFA,nkr_30,0.022,TI,muscle,dr1,3,trajectory,other
ZIFA,ZIFA,ZIFA,Mrre_missing_10,0.377,TI,neuron,dr3,3,trajectory,other
ZIFA,ZIFA,ZIFA,Mrre_missing_20,0.383,TI,neuron,dr3,3,trajectory,other
ZIFA,ZIFA,ZIFA,Mrre_missing_30,0.387,TI,neuron,dr3,3,trajectory,other
ZIFA,ZIFA,ZIFA,aji_10,0.004,TI,neuron,dr1,3,trajectory,other
ZIFA,ZIFA,ZIFA,aji_20,0.007,TI,neuron,dr1,3,trajectory,other
ZIFA,ZIFA,ZIFA,aji_30,0.011,TI,neuron,dr1,3,trajectory,other
ZIFA,ZIFA,ZIFA,nkr_10,0.007,TI,neuron,dr1,3,trajectory,other
ZIFA,ZIFA,ZIFA,nkr_20,0.012,TI,neuron,dr1,3,trajectory,other
ZIFA,ZIFA,ZIFA,nkr_30,0.018,TI,neuron,dr1,3,trajectory,other
ZIFA,ZIFA,ZIFA,Mrre_missing_10,0.429,TI,pair-1,dr3,3,trajectory,other
ZIFA,ZIFA,ZIFA,Mrre_missing_20,0.432,TI,pair-1,dr3,3,trajectory,other
ZIFA,ZIFA,ZIFA,Mrre_missing_30,0.434,TI,pair-1,dr3,3,trajectory,other
ZIFA,ZIFA,ZIFA,aji_10,0.002,TI,pair-1,dr1,3,trajectory,other
ZIFA,ZIFA,ZIFA,aji_20,0.003,TI,pair-1,dr1,3,trajectory,other
ZIFA,ZIFA,ZIFA,aji_30,0.004,TI,pair-1,dr1,3,trajectory,other
ZIFA,ZIFA,ZIFA,nkr_10,0.003,TI,pair-1,dr1,3,trajectory,other
ZIFA,ZIFA,ZIFA,nkr_20,0.005,TI,pair-1,dr1,3,trajectory,other
ZIFA,ZIFA,ZIFA,nkr_30,0.007,TI,pair-1,dr1,3,trajectory,other
ZIFA,ZIFA,ZIFA,Mrre_missing_10,0.351,TI,pair-2,dr3,3,trajectory,other
ZIFA,ZIFA,ZIFA,Mrre_missing_20,0.352,TI,pair-2,dr3,3,trajectory,other
ZIFA,ZIFA,ZIFA,Mrre_missing_30,0.353,TI,pair-2,dr3,3,trajectory,other
ZIFA,ZIFA,ZIFA,aji_10,0.001,TI,pair-2,dr1,3,trajectory,other
ZIFA,ZIFA,ZIFA,aji_20,0.002,TI,pair-2,dr1,3,trajectory,other
ZIFA,ZIFA,ZIFA,aji_30,0.003,TI,pair-2,dr1,3,trajectory,other
ZIFA,ZIFA,ZIFA,nkr_10,0.002,TI,pair-2,dr1,3,trajectory,other
ZIFA,ZIFA,ZIFA,nkr_20,0.003,TI,pair-2,dr1,3,trajectory,other
ZIFA,ZIFA,ZIFA,nkr_30,0.005,TI,pair-2,dr1,3,trajectory,other
ZIFA,ZIFA,ZIFA,Mrre_missing_10,0.382,TI,pair-3,dr3,3,trajectory,other
ZIFA,ZIFA,ZIFA,Mrre_missing_20,0.382,TI,pair-3,dr3,3,trajectory,other
ZIFA,ZIFA,ZIFA,Mrre_missing_30,0.382,TI,pair-3,dr3,3,trajectory,other
ZIFA,ZIFA,ZIFA,aji_10,0.001,TI,pair-3,dr1,3,trajectory,other
ZIFA,ZIFA,ZIFA,aji_20,0.002,TI,pair-3,dr1,3,trajectory,other
ZIFA,ZIFA,ZIFA,aji_30,0.003,TI,pair-3,dr1,3,trajectory,other
ZIFA,ZIFA,ZIFA,nkr_10,0.002,TI,pair-3,dr1,3,trajectory,other
ZIFA,ZIFA,ZIFA,nkr_20,0.004,TI,pair-3,dr1,3,trajectory,other
ZIFA,ZIFA,ZIFA,nkr_30,0.005,TI,pair-3,dr1,3,trajectory,other
ZIFA,ZIFA,ZIFA,Mrre_missing_10,0.308,TI,pair-4,dr3,3,trajectory,other
ZIFA,ZIFA,ZIFA,Mrre_missing_20,0.307,TI,pair-4,dr3,3,trajectory,other
ZIFA,ZIFA,ZIFA,Mrre_missing_30,0.308,TI,pair-4,dr3,3,trajectory,other
ZIFA,ZIFA,ZIFA,aji_10,0.002,TI,pair-4,dr1,3,trajectory,other
ZIFA,ZIFA,ZIFA,aji_20,0.002,TI,pair-4,dr1,3,trajectory,other
ZIFA,ZIFA,ZIFA,aji_30,0.003,TI,pair-4,dr1,3,trajectory,other
ZIFA,ZIFA,ZIFA,nkr_10,0.003,TI,pair-4,dr1,3,trajectory,other
ZIFA,ZIFA,ZIFA,nkr_20,0.004,TI,pair-4,dr1,3,trajectory,other
ZIFA,ZIFA,ZIFA,nkr_30,0.005,TI,pair-4,dr1,3,trajectory,other
ZIFA,ZIFA,ZIFA,Mrre_missing_10,0.642,TI,parenchyme,dr3,3,trajectory,other
ZIFA,ZIFA,ZIFA,Mrre_missing_20,0.648,TI,parenchyme,dr3,3,trajectory,other
ZIFA,ZIFA,ZIFA,Mrre_missing_30,0.651,TI,parenchyme,dr3,3,trajectory,other
ZIFA,ZIFA,ZIFA,aji_10,0.008,TI,parenchyme,dr1,3,trajectory,other
ZIFA,ZIFA,ZIFA,aji_20,0.014,TI,parenchyme,dr1,3,trajectory,other
ZIFA,ZIFA,ZIFA,aji_30,0.021,TI,parenchyme,dr1,3,trajectory,other
ZIFA,ZIFA,ZIFA,nkr_10,0.013,TI,parenchyme,dr1,3,trajectory,other
ZIFA,ZIFA,ZIFA,nkr_20,0.024,TI,parenchyme,dr1,3,trajectory,other
ZIFA,ZIFA,ZIFA,nkr_30,0.034,TI,parenchyme,dr1,3,trajectory,other
ZIFA,ZIFA,ZIFA,Mrre_missing_10,0.752,TI,phagocyte,dr3,3,trajectory,other
ZIFA,ZIFA,ZIFA,Mrre_missing_20,0.753,TI,phagocyte,dr3,3,trajectory,other
ZIFA,ZIFA,ZIFA,Mrre_missing_30,0.754,TI,phagocyte,dr3,3,trajectory,other
ZIFA,ZIFA,ZIFA,aji_10,0.024,TI,phagocyte,dr1,3,trajectory,other
ZIFA,ZIFA,ZIFA,aji_20,0.047,TI,phagocyte,dr1,3,trajectory,other
ZIFA,ZIFA,ZIFA,aji_30,0.067,TI,phagocyte,dr1,3,trajectory,other
ZIFA,ZIFA,ZIFA,nkr_10,0.044,TI,phagocyte,dr1,3,trajectory,other
ZIFA,ZIFA,ZIFA,nkr_20,0.084,TI,phagocyte,dr1,3,trajectory,other
ZIFA,ZIFA,ZIFA,nkr_30,0.117,TI,phagocyte,dr1,3,trajectory,other
ZIFA,ZIFA,ZIFA,Mrre_missing_10,0.81,TI,pharynx,dr3,3,trajectory,other
ZIFA,ZIFA,ZIFA,Mrre_missing_20,0.805,TI,pharynx,dr3,3,trajectory,other
ZIFA,ZIFA,ZIFA,Mrre_missing_30,0.802,TI,pharynx,dr3,3,trajectory,other
ZIFA,ZIFA,ZIFA,aji_10,0.052,TI,pharynx,dr1,3,trajectory,other
ZIFA,ZIFA,ZIFA,aji_20,0.097,TI,pharynx,dr1,3,trajectory,other
ZIFA,ZIFA,ZIFA,aji_30,0.132,TI,pharynx,dr1,3,trajectory,other
ZIFA,ZIFA,ZIFA,nkr_10,0.092,TI,pharynx,dr1,3,trajectory,other
ZIFA,ZIFA,ZIFA,nkr_20,0.169,TI,pharynx,dr1,3,trajectory,other
ZIFA,ZIFA,ZIFA,nkr_30,0.228,TI,pharynx,dr1,3,trajectory,other
ZIFA,ZIFA,ZIFA,Mrre_missing_10,0.887,TI,trophectoderm,dr3,3,trajectory,other
ZIFA,ZIFA,ZIFA,Mrre_missing_20,0.874,TI,trophectoderm,dr3,3,trajectory,other
ZIFA,ZIFA,ZIFA,Mrre_missing_30,0.863,TI,trophectoderm,dr3,3,trajectory,other
ZIFA,ZIFA,ZIFA,aji_10,0.295,TI,trophectoderm,dr1,3,trajectory,other
ZIFA,ZIFA,ZIFA,aji_20,0.478,TI,trophectoderm,dr1,3,trajectory,other
ZIFA,ZIFA,ZIFA,aji_30,0.545,TI,trophectoderm,dr1,3,trajectory,other
ZIFA,ZIFA,ZIFA,nkr_10,0.466,TI,trophectoderm,dr1,3,trajectory,other
ZIFA,ZIFA,ZIFA,nkr_20,0.663,TI,trophectoderm,dr1,3,trajectory,other
ZIFA,ZIFA,ZIFA,nkr_30,0.722,TI,trophectoderm,dr1,3,trajectory,other
ZIFA,ZIFA,ZIFA,Mrre_missing_10,0.886,VASC,Baron,dr3,3,VASC,other
ZIFA,ZIFA,ZIFA,Mrre_missing_20,0.886,VASC,Baron,dr3,3,VASC,other
ZIFA,ZIFA,ZIFA,Mrre_missing_30,0.885,VASC,Baron,dr3,3,VASC,other
ZIFA,ZIFA,ZIFA,aji_10,0.01,VASC,Baron,dr1,3,VASC,other
ZIFA,ZIFA,ZIFA,aji_20,0.017,VASC,Baron,dr1,3,VASC,other
ZIFA,ZIFA,ZIFA,aji_30,0.024,VASC,Baron,dr1,3,VASC,other
ZIFA,ZIFA,ZIFA,nkr_10,0.019,VASC,Baron,dr1,3,VASC,other
ZIFA,ZIFA,ZIFA,nkr_20,0.033,VASC,Baron,dr1,3,VASC,other
ZIFA,ZIFA,ZIFA,nkr_30,0.045,VASC,Baron,dr1,3,VASC,other
ZIFA,ZIFA,ZIFA,Mrre_missing_10,0.93,VASC,Biase,dr3,3,VASC,other
ZIFA,ZIFA,ZIFA,Mrre_missing_20,0.917,VASC,Biase,dr3,3,VASC,other
ZIFA,ZIFA,ZIFA,Mrre_missing_30,0.906,VASC,Biase,dr3,3,VASC,other
ZIFA,ZIFA,ZIFA,aji_10,0.485,VASC,Biase,dr1,3,VASC,other
ZIFA,ZIFA,ZIFA,aji_20,0.759,VASC,Biase,dr1,3,VASC,other
ZIFA,ZIFA,ZIFA,aji_30,0.78,VASC,Biase,dr1,3,VASC,other
ZIFA,ZIFA,ZIFA,nkr_10,0.686,VASC,Biase,dr1,3,VASC,other
ZIFA,ZIFA,ZIFA,nkr_20,0.911,VASC,Biase,dr1,3,VASC,other
ZIFA,ZIFA,ZIFA,nkr_30,0.9,VASC,Biase,dr1,3,VASC,other
ZIFA,ZIFA,ZIFA,Mrre_missing_10,0.921,VASC,Goolam,dr3,3,VASC,other
ZIFA,ZIFA,ZIFA,Mrre_missing_20,0.911,VASC,Goolam,dr3,3,VASC,other
ZIFA,ZIFA,ZIFA,Mrre_missing_30,0.901,VASC,Goolam,dr3,3,VASC,other
ZIFA,ZIFA,ZIFA,aji_10,0.325,VASC,Goolam,dr1,3,VASC,other
ZIFA,ZIFA,ZIFA,aji_20,0.408,VASC,Goolam,dr1,3,VASC,other
ZIFA,ZIFA,ZIFA,aji_30,0.467,VASC,Goolam,dr1,3,VASC,other
ZIFA,ZIFA,ZIFA,nkr_10,0.518,VASC,Goolam,dr1,3,VASC,other
ZIFA,ZIFA,ZIFA,nkr_20,0.605,VASC,Goolam,dr1,3,VASC,other
ZIFA,ZIFA,ZIFA,nkr_30,0.66,VASC,Goolam,dr1,3,VASC,other
ZIFA,ZIFA,ZIFA,Mrre_missing_10,0.714,VASC,Xin,dr3,3,VASC,other
ZIFA,ZIFA,ZIFA,Mrre_missing_20,0.713,VASC,Xin,dr3,3,VASC,other
ZIFA,ZIFA,ZIFA,Mrre_missing_30,0.712,VASC,Xin,dr3,3,VASC,other
ZIFA,ZIFA,ZIFA,aji_10,0.013,VASC,Xin,dr1,3,VASC,other
ZIFA,ZIFA,ZIFA,aji_20,0.022,VASC,Xin,dr1,3,VASC,other
ZIFA,ZIFA,ZIFA,aji_30,0.03,VASC,Xin,dr1,3,VASC,other
ZIFA,ZIFA,ZIFA,nkr_10,0.026,VASC,Xin,dr1,3,VASC,other
ZIFA,ZIFA,ZIFA,nkr_20,0.042,VASC,Xin,dr1,3,VASC,other
ZIFA,ZIFA,ZIFA,nkr_30,0.057,VASC,Xin,dr1,3,VASC,other
ZIFA,ZIFA,ZIFA,Mrre_missing_10,0.841,VASC,Zeisel,dr3,3,VASC,other
ZIFA,ZIFA,ZIFA,Mrre_missing_20,0.839,VASC,Zeisel,dr3,3,VASC,other
ZIFA,ZIFA,ZIFA,Mrre_missing_30,0.838,VASC,Zeisel,dr3,3,VASC,other
ZIFA,ZIFA,ZIFA,aji_10,0.016,VASC,Zeisel,dr1,3,VASC,other
ZIFA,ZIFA,ZIFA,aji_20,0.028,VASC,Zeisel,dr1,3,VASC,other
ZIFA,ZIFA,ZIFA,aji_30,0.038,VASC,Zeisel,dr1,3,VASC,other
ZIFA,ZIFA,ZIFA,nkr_10,0.031,VASC,Zeisel,dr1,3,VASC,other
ZIFA,ZIFA,ZIFA,nkr_20,0.052,VASC,Zeisel,dr1,3,VASC,other
ZIFA,ZIFA,ZIFA,nkr_30,0.071,VASC,Zeisel,dr1,3,VASC,other
ZIFA,ZIFA,ZIFA,Mrre_missing_10,0.953,VASC,yan,dr3,3,VASC,other
ZIFA,ZIFA,ZIFA,Mrre_missing_20,0.948,VASC,yan,dr3,3,VASC,other
ZIFA,ZIFA,ZIFA,Mrre_missing_30,0.944,VASC,yan,dr3,3,VASC,other
ZIFA,ZIFA,ZIFA,aji_10,0.518,VASC,yan,dr1,3,VASC,other
ZIFA,ZIFA,ZIFA,aji_20,0.748,VASC,yan,dr1,3,VASC,other
ZIFA,ZIFA,ZIFA,aji_30,0.814,VASC,yan,dr1,3,VASC,other
ZIFA,ZIFA,ZIFA,nkr_10,0.692,VASC,yan,dr1,3,VASC,other
ZIFA,ZIFA,ZIFA,nkr_20,0.888,VASC,yan,dr1,3,VASC,other
ZIFA,ZIFA,ZIFA,nkr_30,0.937,VASC,yan,dr1,3,VASC,other
ZIFA,ZIFA,ZIFA,Mrre_missing_10,0.73,benchmarker,Baron_mouse,dr3,3,curated,other
ZIFA,ZIFA,ZIFA,Mrre_missing_20,0.729,benchmarker,Baron_mouse,dr3,3,curated,other
ZIFA,ZIFA,ZIFA,Mrre_missing_30,0.729,benchmarker,Baron_mouse,dr3,3,curated,other
ZIFA,ZIFA,ZIFA,aji_10,0.023,benchmarker,Baron_mouse,dr1,3,curated,other
ZIFA,ZIFA,ZIFA,aji_20,0.037,benchmarker,Baron_mouse,dr1,3,curated,other
ZIFA,ZIFA,ZIFA,aji_30,0.053,benchmarker,Baron_mouse,dr1,3,curated,other
ZIFA,ZIFA,ZIFA,nkr_10,0.042,benchmarker,Baron_mouse,dr1,3,curated,other
ZIFA,ZIFA,ZIFA,nkr_20,0.065,benchmarker,Baron_mouse,dr1,3,curated,other
ZIFA,ZIFA,ZIFA,nkr_30,0.089,benchmarker,Baron_mouse,dr1,3,curated,other
ZIFA,ZIFA,ZIFA,Mrre_missing_10,0.864,benchmarker,Darmanis,dr3,3,curated,other
ZIFA,ZIFA,ZIFA,Mrre_missing_20,0.86,benchmarker,Darmanis,dr3,3,curated,other
ZIFA,ZIFA,ZIFA,Mrre_missing_30,0.857,benchmarker,Darmanis,dr3,3,curated,other
ZIFA,ZIFA,ZIFA,aji_10,0.1,benchmarker,Darmanis,dr1,3,curated,other
ZIFA,ZIFA,ZIFA,aji_20,0.182,benchmarker,Darmanis,dr1,3,curated,other
ZIFA,ZIFA,ZIFA,aji_30,0.246,benchmarker,Darmanis,dr1,3,curated,other
ZIFA,ZIFA,ZIFA,nkr_10,0.171,benchmarker,Darmanis,dr1,3,curated,other
ZIFA,ZIFA,ZIFA,nkr_20,0.287,benchmarker,Darmanis,dr1,3,curated,other
ZIFA,ZIFA,ZIFA,nkr_30,0.364,benchmarker,Darmanis,dr1,3,curated,other
ZIFA,ZIFA,ZIFA,Mrre_missing_10,0.817,benchmarker,Pancreatic,dr3,3,curated,other
ZIFA,ZIFA,ZIFA,Mrre_missing_20,0.801,benchmarker,Pancreatic,dr3,3,curated,other
ZIFA,ZIFA,ZIFA,Mrre_missing_30,0.783,benchmarker,Pancreatic,dr3,3,curated,other
ZIFA,ZIFA,ZIFA,aji_10,0.339,benchmarker,Pancreatic,dr1,3,curated,other
ZIFA,ZIFA,ZIFA,aji_20,0.439,benchmarker,Pancreatic,dr1,3,curated,other
ZIFA,ZIFA,ZIFA,aji_30,0.608,benchmarker,Pancreatic,dr1,3,curated,other
ZIFA,ZIFA,ZIFA,nkr_10,0.505,benchmarker,Pancreatic,dr1,3,curated,other
ZIFA,ZIFA,ZIFA,nkr_20,0.63,benchmarker,Pancreatic,dr1,3,curated,other
ZIFA,ZIFA,ZIFA,nkr_30,0.766,benchmarker,Pancreatic,dr1,3,curated,other
ZIFA,ZIFA,ZIFA,Mrre_missing_10,0.787,benchmarker,Silver,dr3,3,curated,other
ZIFA,ZIFA,ZIFA,Mrre_missing_20,0.789,benchmarker,Silver,dr3,3,curated,other
ZIFA,ZIFA,ZIFA,Mrre_missing_30,0.791,benchmarker,Silver,dr3,3,curated,other
ZIFA,ZIFA,ZIFA,aji_10,0.012,benchmarker,Silver,dr1,3,curated,other
ZIFA,ZIFA,ZIFA,aji_20,0.021,benchmarker,Silver,dr1,3,curated,other
ZIFA,ZIFA,ZIFA,aji_30,0.031,benchmarker,Silver,dr1,3,curated,other
ZIFA,ZIFA,ZIFA,nkr_10,0.023,benchmarker,Silver,dr1,3,curated,other
ZIFA,ZIFA,ZIFA,nkr_20,0.039,benchmarker,Silver,dr1,3,curated,other
ZIFA,ZIFA,ZIFA,nkr_30,0.056,benchmarker,Silver,dr1,3,curated,other
ZIFA,ZIFA,ZIFA,Mrre_missing_10,0.795,benchmarker,Zhengmix4eq,dr3,3,curated,other
ZIFA,ZIFA,ZIFA,Mrre_missing_20,0.797,benchmarker,Zhengmix4eq,dr3,3,curated,other
ZIFA,ZIFA,ZIFA,Mrre_missing_30,0.798,benchmarker,Zhengmix4eq,dr3,3,curated,other
ZIFA,ZIFA,ZIFA,aji_10,0.007,benchmarker,Zhengmix4eq,dr1,3,curated,other
ZIFA,ZIFA,ZIFA,aji_20,0.013,benchmarker,Zhengmix4eq,dr1,3,curated,other
ZIFA,ZIFA,ZIFA,aji_30,0.019,benchmarker,Zhengmix4eq,dr1,3,curated,other
ZIFA,ZIFA,ZIFA,nkr_10,0.013,benchmarker,Zhengmix4eq,dr1,3,curated,other
ZIFA,ZIFA,ZIFA,nkr_20,0.023,benchmarker,Zhengmix4eq,dr1,3,curated,other
ZIFA,ZIFA,ZIFA,nkr_30,0.032,benchmarker,Zhengmix4eq,dr1,3,curated,other
ZIFA,ZIFA,ZIFA,Mrre_missing_10,0.904,scDesign3,ACINAR,dr3,3,scDesign3,other
ZIFA,ZIFA,ZIFA,Mrre_missing_20,0.897,scDesign3,ACINAR,dr3,3,scDesign3,other
ZIFA,ZIFA,ZIFA,Mrre_missing_30,0.893,scDesign3,ACINAR,dr3,3,scDesign3,other
ZIFA,ZIFA,ZIFA,aji_10,0.025,scDesign3,ACINAR,dr1,3,scDesign3,other
ZIFA,ZIFA,ZIFA,aji_20,0.041,scDesign3,ACINAR,dr1,3,scDesign3,other
ZIFA,ZIFA,ZIFA,aji_30,0.053,scDesign3,ACINAR,dr1,3,scDesign3,other
ZIFA,ZIFA,ZIFA,nkr_10,0.052,scDesign3,ACINAR,dr1,3,scDesign3,other
ZIFA,ZIFA,ZIFA,nkr_20,0.08,scDesign3,ACINAR,dr1,3,scDesign3,other
ZIFA,ZIFA,ZIFA,nkr_30,0.101,scDesign3,ACINAR,dr1,3,scDesign3,other
ZIFA,ZIFA,ZIFA,Mrre_missing_10,0.804,scDesign3,ATAC,dr3,3,scDesign3,other
ZIFA,ZIFA,ZIFA,Mrre_missing_20,0.801,scDesign3,ATAC,dr3,3,scDesign3,other
ZIFA,ZIFA,ZIFA,Mrre_missing_30,0.8,scDesign3,ATAC,dr3,3,scDesign3,other
ZIFA,ZIFA,ZIFA,aji_10,0.003,scDesign3,ATAC,dr1,3,scDesign3,other
ZIFA,ZIFA,ZIFA,aji_20,0.006,scDesign3,ATAC,dr1,3,scDesign3,other
ZIFA,ZIFA,ZIFA,aji_30,0.009,scDesign3,ATAC,dr1,3,scDesign3,other
ZIFA,ZIFA,ZIFA,nkr_10,0.006,scDesign3,ATAC,dr1,3,scDesign3,other
ZIFA,ZIFA,ZIFA,nkr_20,0.011,scDesign3,ATAC,dr1,3,scDesign3,other
ZIFA,ZIFA,ZIFA,nkr_30,0.017,scDesign3,ATAC,dr1,3,scDesign3,other
ZIFA,ZIFA,ZIFA,Mrre_missing_10,0.945,scDesign3,BATCH,dr3,3,scDesign3,other
ZIFA,ZIFA,ZIFA,Mrre_missing_20,0.944,scDesign3,BATCH,dr3,3,scDesign3,other
ZIFA,ZIFA,ZIFA,Mrre_missing_30,0.943,scDesign3,BATCH,dr3,3,scDesign3,other
ZIFA,ZIFA,ZIFA,aji_10,0.023,scDesign3,BATCH,dr1,3,scDesign3,other
ZIFA,ZIFA,ZIFA,aji_20,0.038,scDesign3,BATCH,dr1,3,scDesign3,other
ZIFA,ZIFA,ZIFA,aji_30,0.051,scDesign3,BATCH,dr1,3,scDesign3,other
ZIFA,ZIFA,ZIFA,nkr_10,0.043,scDesign3,BATCH,dr1,3,scDesign3,other
ZIFA,ZIFA,ZIFA,nkr_20,0.071,scDesign3,BATCH,dr1,3,scDesign3,other
ZIFA,ZIFA,ZIFA,nkr_30,0.095,scDesign3,BATCH,dr1,3,scDesign3,other
ZIFA,ZIFA,ZIFA,Mrre_missing_10,0.896,scDesign3,CITE,dr3,3,scDesign3,other
ZIFA,ZIFA,ZIFA,Mrre_missing_20,0.892,scDesign3,CITE,dr3,3,scDesign3,other
ZIFA,ZIFA,ZIFA,Mrre_missing_30,0.889,scDesign3,CITE,dr3,3,scDesign3,other
ZIFA,ZIFA,ZIFA,aji_10,0.01,scDesign3,CITE,dr1,3,scDesign3,other
ZIFA,ZIFA,ZIFA,aji_20,0.018,scDesign3,CITE,dr1,3,scDesign3,other
ZIFA,ZIFA,ZIFA,aji_30,0.025,scDesign3,CITE,dr1,3,scDesign3,other
ZIFA,ZIFA,ZIFA,nkr_10,0.02,scDesign3,CITE,dr1,3,scDesign3,other
ZIFA,ZIFA,ZIFA,nkr_20,0.034,scDesign3,CITE,dr1,3,scDesign3,other
ZIFA,ZIFA,ZIFA,nkr_30,0.047,scDesign3,CITE,dr1,3,scDesign3,other
ZIFA,ZIFA,ZIFA,Mrre_missing_10,0.842,scDesign3,EMBYRO,dr3,3,scDesign3,other
ZIFA,ZIFA,ZIFA,Mrre_missing_20,0.825,scDesign3,EMBYRO,dr3,3,scDesign3,other
ZIFA,ZIFA,ZIFA,Mrre_missing_30,0.814,scDesign3,EMBYRO,dr3,3,scDesign3,other
ZIFA,ZIFA,ZIFA,aji_10,0.037,scDesign3,EMBYRO,dr1,3,scDesign3,other
ZIFA,ZIFA,ZIFA,aji_20,0.054,scDesign3,EMBYRO,dr1,3,scDesign3,other
ZIFA,ZIFA,ZIFA,aji_30,0.067,scDesign3,EMBYRO,dr1,3,scDesign3,other
ZIFA,ZIFA,ZIFA,nkr_10,0.077,scDesign3,EMBYRO,dr1,3,scDesign3,other
ZIFA,ZIFA,ZIFA,nkr_20,0.106,scDesign3,EMBYRO,dr1,3,scDesign3,other
ZIFA,ZIFA,ZIFA,nkr_30,0.127,scDesign3,EMBYRO,dr1,3,scDesign3,other
ZIFA,ZIFA,ZIFA,Mrre_missing_10,0.903,scDesign3,IFNB,dr3,3,scDesign3,other
ZIFA,ZIFA,ZIFA,Mrre_missing_20,0.899,scDesign3,IFNB,dr3,3,scDesign3,other
ZIFA,ZIFA,ZIFA,Mrre_missing_30,0.896,scDesign3,IFNB,dr3,3,scDesign3,other
ZIFA,ZIFA,ZIFA,aji_10,0.006,scDesign3,IFNB,dr1,3,scDesign3,other
ZIFA,ZIFA,ZIFA,aji_20,0.01,scDesign3,IFNB,dr1,3,scDesign3,other
ZIFA,ZIFA,ZIFA,aji_30,0.013,scDesign3,IFNB,dr1,3,scDesign3,other
ZIFA,ZIFA,ZIFA,nkr_10,0.011,scDesign3,IFNB,dr1,3,scDesign3,other
ZIFA,ZIFA,ZIFA,nkr_20,0.019,scDesign3,IFNB,dr1,3,scDesign3,other
ZIFA,ZIFA,ZIFA,nkr_30,0.026,scDesign3,IFNB,dr1,3,scDesign3,other
ZIFA,ZIFA,ZIFA,Mrre_missing_10,0.895,scDesign3,MARROW,dr3,3,scDesign3,other
ZIFA,ZIFA,ZIFA,Mrre_missing_20,0.893,scDesign3,MARROW,dr3,3,scDesign3,other
ZIFA,ZIFA,ZIFA,Mrre_missing_30,0.892,scDesign3,MARROW,dr3,3,scDesign3,other
ZIFA,ZIFA,ZIFA,aji_10,0.018,scDesign3,MARROW,dr1,3,scDesign3,other
ZIFA,ZIFA,ZIFA,aji_20,0.03,scDesign3,MARROW,dr1,3,scDesign3,other
ZIFA,ZIFA,ZIFA,aji_30,0.043,scDesign3,MARROW,dr1,3,scDesign3,other
ZIFA,ZIFA,ZIFA,nkr_10,0.036,scDesign3,MARROW,dr1,3,scDesign3,other
ZIFA,ZIFA,ZIFA,nkr_20,0.058,scDesign3,MARROW,dr1,3,scDesign3,other
ZIFA,ZIFA,ZIFA,nkr_30,0.082,scDesign3,MARROW,dr1,3,scDesign3,other
ZIFA,ZIFA,ZIFA,Mrre_missing_10,0.787,scDesign3,MOBSC,dr3,3,scDesign3,other
ZIFA,ZIFA,ZIFA,Mrre_missing_20,0.785,scDesign3,MOBSC,dr3,3,scDesign3,other
ZIFA,ZIFA,ZIFA,Mrre_missing_30,0.784,scDesign3,MOBSC,dr3,3,scDesign3,other
ZIFA,ZIFA,ZIFA,aji_10,0.004,scDesign3,MOBSC,dr1,3,scDesign3,other
ZIFA,ZIFA,ZIFA,aji_20,0.006,scDesign3,MOBSC,dr1,3,scDesign3,other
ZIFA,ZIFA,ZIFA,aji_30,0.009,scDesign3,MOBSC,dr1,3,scDesign3,other
ZIFA,ZIFA,ZIFA,nkr_10,0.007,scDesign3,MOBSC,dr1,3,scDesign3,other
ZIFA,ZIFA,ZIFA,nkr_20,0.012,scDesign3,MOBSC,dr1,3,scDesign3,other
ZIFA,ZIFA,ZIFA,nkr_30,0.017,scDesign3,MOBSC,dr1,3,scDesign3,other
ZIFA,ZIFA,ZIFA,Mrre_missing_10,0.898,scDesign3,OVARIAN,dr3,3,scDesign3,other
ZIFA,ZIFA,ZIFA,Mrre_missing_20,0.891,scDesign3,OVARIAN,dr3,3,scDesign3,other
ZIFA,ZIFA,ZIFA,Mrre_missing_30,0.887,scDesign3,OVARIAN,dr3,3,scDesign3,other
ZIFA,ZIFA,ZIFA,aji_10,0.026,scDesign3,OVARIAN,dr1,3,scDesign3,other
ZIFA,ZIFA,ZIFA,aji_20,0.04,scDesign3,OVARIAN,dr1,3,scDesign3,other
ZIFA,ZIFA,ZIFA,aji_30,0.05,scDesign3,OVARIAN,dr1,3,scDesign3,other
ZIFA,ZIFA,ZIFA,nkr_10,0.054,scDesign3,OVARIAN,dr1,3,scDesign3,other
ZIFA,ZIFA,ZIFA,nkr_20,0.078,scDesign3,OVARIAN,dr1,3,scDesign3,other
ZIFA,ZIFA,ZIFA,nkr_30,0.096,scDesign3,OVARIAN,dr1,3,scDesign3,other
ZIFA,ZIFA,ZIFA,Mrre_missing_10,0.921,scDesign3,PANCREAS,dr3,3,scDesign3,other
ZIFA,ZIFA,ZIFA,Mrre_missing_20,0.918,scDesign3,PANCREAS,dr3,3,scDesign3,other
ZIFA,ZIFA,ZIFA,Mrre_missing_30,0.916,scDesign3,PANCREAS,dr3,3,scDesign3,other
ZIFA,ZIFA,ZIFA,aji_10,0.025,scDesign3,PANCREAS,dr1,3,scDesign3,other
ZIFA,ZIFA,ZIFA,aji_20,0.044,scDesign3,PANCREAS,dr1,3,scDesign3,other
ZIFA,ZIFA,ZIFA,aji_30,0.062,scDesign3,PANCREAS,dr1,3,scDesign3,other
ZIFA,ZIFA,ZIFA,nkr_10,0.046,scDesign3,PANCREAS,dr1,3,scDesign3,other
ZIFA,ZIFA,ZIFA,nkr_20,0.084,scDesign3,PANCREAS,dr1,3,scDesign3,other
ZIFA,ZIFA,ZIFA,nkr_30,0.117,scDesign3,PANCREAS,dr1,3,scDesign3,other
ZIFA,ZIFA,ZIFA,Mrre_missing_10,0.741,scDesign3,SCGEMMETH,dr3,3,scDesign3,other
ZIFA,ZIFA,ZIFA,Mrre_missing_20,0.731,scDesign3,SCGEMMETH,dr3,3,scDesign3,other
ZIFA,ZIFA,ZIFA,Mrre_missing_30,0.721,scDesign3,SCGEMMETH,dr3,3,scDesign3,other
ZIFA,ZIFA,ZIFA,aji_10,0.118,scDesign3,SCGEMMETH,dr1,3,scDesign3,other
ZIFA,ZIFA,ZIFA,aji_20,0.216,scDesign3,SCGEMMETH,dr1,3,scDesign3,other
ZIFA,ZIFA,ZIFA,aji_30,0.292,scDesign3,SCGEMMETH,dr1,3,scDesign3,other
ZIFA,ZIFA,ZIFA,nkr_10,0.217,scDesign3,SCGEMMETH,dr1,3,scDesign3,other
ZIFA,ZIFA,ZIFA,nkr_20,0.366,scDesign3,SCGEMMETH,dr1,3,scDesign3,other
ZIFA,ZIFA,ZIFA,nkr_30,0.449,scDesign3,SCGEMMETH,dr1,3,scDesign3,other
ZIFA,ZIFA,ZIFA,Mrre_missing_10,0.885,scDesign3,SCGEMRNA,dr3,3,scDesign3,other
ZIFA,ZIFA,ZIFA,Mrre_missing_20,0.879,scDesign3,SCGEMRNA,dr3,3,scDesign3,other
ZIFA,ZIFA,ZIFA,Mrre_missing_30,0.875,scDesign3,SCGEMRNA,dr3,3,scDesign3,other
ZIFA,ZIFA,ZIFA,aji_10,0.187,scDesign3,SCGEMRNA,dr1,3,scDesign3,other
ZIFA,ZIFA,ZIFA,aji_20,0.297,scDesign3,SCGEMRNA,dr1,3,scDesign3,other
ZIFA,ZIFA,ZIFA,aji_30,0.414,scDesign3,SCGEMRNA,dr1,3,scDesign3,other
ZIFA,ZIFA,ZIFA,nkr_10,0.328,scDesign3,SCGEMRNA,dr1,3,scDesign3,other
ZIFA,ZIFA,ZIFA,nkr_20,0.472,scDesign3,SCGEMRNA,dr1,3,scDesign3,other
ZIFA,ZIFA,ZIFA,nkr_30,0.59,scDesign3,SCGEMRNA,dr1,3,scDesign3,other
ZIFA,ZIFA,ZIFA,Mrre_missing_10,0.398,scDesign3,SCIATAC,dr3,3,scDesign3,other
ZIFA,ZIFA,ZIFA,Mrre_missing_20,0.403,scDesign3,SCIATAC,dr3,3,scDesign3,other
ZIFA,ZIFA,ZIFA,Mrre_missing_30,0.406,scDesign3,SCIATAC,dr3,3,scDesign3,other
ZIFA,ZIFA,ZIFA,aji_10,0.002,scDesign3,SCIATAC,dr1,3,scDesign3,other
ZIFA,ZIFA,ZIFA,aji_20,0.004,scDesign3,SCIATAC,dr1,3,scDesign3,other
ZIFA,ZIFA,ZIFA,aji_30,0.006,scDesign3,SCIATAC,dr1,3,scDesign3,other
ZIFA,ZIFA,ZIFA,nkr_10,0.004,scDesign3,SCIATAC,dr1,3,scDesign3,other
ZIFA,ZIFA,ZIFA,nkr_20,0.007,scDesign3,SCIATAC,dr1,3,scDesign3,other
ZIFA,ZIFA,ZIFA,nkr_30,0.01,scDesign3,SCIATAC,dr1,3,scDesign3,other
ZIFA,ZIFA,ZIFA,Mrre_missing_10,0.539,scDesign3,SLIDE,dr3,3,scDesign3,other
ZIFA,ZIFA,ZIFA,Mrre_missing_20,0.536,scDesign3,SLIDE,dr3,3,scDesign3,other
ZIFA,ZIFA,ZIFA,Mrre_missing_30,0.534,scDesign3,SLIDE,dr3,3,scDesign3,other
ZIFA,ZIFA,ZIFA,aji_10,0.001,scDesign3,SLIDE,dr1,3,scDesign3,other
ZIFA,ZIFA,ZIFA,aji_20,0.001,scDesign3,SLIDE,dr1,3,scDesign3,other
ZIFA,ZIFA,ZIFA,aji_30,0.002,scDesign3,SLIDE,dr1,3,scDesign3,other
ZIFA,ZIFA,ZIFA,nkr_10,0.001,scDesign3,SLIDE,dr1,3,scDesign3,other
ZIFA,ZIFA,ZIFA,nkr_20,0.003,scDesign3,SLIDE,dr1,3,scDesign3,other
ZIFA,ZIFA,ZIFA,nkr_30,0.004,scDesign3,SLIDE,dr1,3,scDesign3,other
ZIFA,ZIFA,ZIFA,Mrre_missing_10,0.936,scDesign3,VISIUM,dr3,3,scDesign3,other
ZIFA,ZIFA,ZIFA,Mrre_missing_20,0.926,scDesign3,VISIUM,dr3,3,scDesign3,other
ZIFA,ZIFA,ZIFA,Mrre_missing_30,0.92,scDesign3,VISIUM,dr3,3,scDesign3,other
ZIFA,ZIFA,ZIFA,aji_10,0.036,scDesign3,VISIUM,dr1,3,scDesign3,other
ZIFA,ZIFA,ZIFA,aji_20,0.056,scDesign3,VISIUM,dr1,3,scDesign3,other
ZIFA,ZIFA,ZIFA,aji_30,0.07,scDesign3,VISIUM,dr1,3,scDesign3,other
ZIFA,ZIFA,ZIFA,nkr_10,0.072,scDesign3,VISIUM,dr1,3,scDesign3,other
ZIFA,ZIFA,ZIFA,nkr_20,0.107,scDesign3,VISIUM,dr1,3,scDesign3,other
ZIFA,ZIFA,ZIFA,nkr_30,0.132,scDesign3,VISIUM,dr1,3,scDesign3,other
scGBM,scGBM,scGBM,Mrre_missing_10,0.854,SIMLR,Pollen,dr3,4,SIMLR,other
scGBM,scGBM,scGBM,Mrre_missing_20,0.849,SIMLR,Pollen,dr3,4,SIMLR,other
scGBM,scGBM,scGBM,Mrre_missing_30,0.836,SIMLR,Pollen,dr3,4,SIMLR,other
scGBM,scGBM,scGBM,aji_10,0.131,SIMLR,Pollen,dr1,4,SIMLR,other
scGBM,scGBM,scGBM,aji_20,0.258,SIMLR,Pollen,dr1,4,SIMLR,other
scGBM,scGBM,scGBM,aji_30,0.319,SIMLR,Pollen,dr1,4,SIMLR,other
scGBM,scGBM,scGBM,nkr_10,0.211,SIMLR,Pollen,dr1,4,SIMLR,other
scGBM,scGBM,scGBM,nkr_20,0.375,SIMLR,Pollen,dr1,4,SIMLR,other
scGBM,scGBM,scGBM,nkr_30,0.45,SIMLR,Pollen,dr1,4,SIMLR,other
scGBM,scGBM,scGBM,Mrre_missing_10,0.734,SIMLR,Usoskin,dr3,4,SIMLR,other
scGBM,scGBM,scGBM,Mrre_missing_20,0.725,SIMLR,Usoskin,dr3,4,SIMLR,other
scGBM,scGBM,scGBM,Mrre_missing_30,0.719,SIMLR,Usoskin,dr3,4,SIMLR,other
scGBM,scGBM,scGBM,aji_10,0.025,SIMLR,Usoskin,dr1,4,SIMLR,other
scGBM,scGBM,scGBM,aji_20,0.04,SIMLR,Usoskin,dr1,4,SIMLR,other
scGBM,scGBM,scGBM,aji_30,0.062,SIMLR,Usoskin,dr1,4,SIMLR,other
scGBM,scGBM,scGBM,nkr_10,0.045,SIMLR,Usoskin,dr1,4,SIMLR,other
scGBM,scGBM,scGBM,nkr_20,0.072,SIMLR,Usoskin,dr1,4,SIMLR,other
scGBM,scGBM,scGBM,nkr_30,0.104,SIMLR,Usoskin,dr1,4,SIMLR,other
scGBM,scGBM,scGBM,Mrre_missing_10,0.865,TI,DA1_horns,dr3,4,trajectory,other
scGBM,scGBM,scGBM,Mrre_missing_20,0.863,TI,DA1_horns,dr3,4,trajectory,other
scGBM,scGBM,scGBM,Mrre_missing_30,0.862,TI,DA1_horns,dr3,4,trajectory,other
scGBM,scGBM,scGBM,aji_10,0.089,TI,DA1_horns,dr1,4,trajectory,other
scGBM,scGBM,scGBM,aji_20,0.184,TI,DA1_horns,dr1,4,trajectory,other
scGBM,scGBM,scGBM,aji_30,0.285,TI,DA1_horns,dr1,4,trajectory,other
scGBM,scGBM,scGBM,nkr_10,0.162,TI,DA1_horns,dr1,4,trajectory,other
scGBM,scGBM,scGBM,nkr_20,0.309,TI,DA1_horns,dr1,4,trajectory,other
scGBM,scGBM,scGBM,nkr_30,0.43,TI,DA1_horns,dr1,4,trajectory,other
scGBM,scGBM,scGBM,Mrre_missing_10,0.889,TI,DC3_VA1d_horns,dr3,4,trajectory,other
scGBM,scGBM,scGBM,Mrre_missing_20,0.889,TI,DC3_VA1d_horns,dr3,4,trajectory,other
scGBM,scGBM,scGBM,Mrre_missing_30,0.887,TI,DC3_VA1d_horns,dr3,4,trajectory,other
scGBM,scGBM,scGBM,aji_10,0.164,TI,DC3_VA1d_horns,dr1,4,trajectory,other
scGBM,scGBM,scGBM,aji_20,0.345,TI,DC3_VA1d_horns,dr1,4,trajectory,other
scGBM,scGBM,scGBM,aji_30,0.519,TI,DC3_VA1d_horns,dr1,4,trajectory,other
scGBM,scGBM,scGBM,nkr_10,0.282,TI,DC3_VA1d_horns,dr1,4,trajectory,other
scGBM,scGBM,scGBM,nkr_20,0.516,TI,DC3_VA1d_horns,dr1,4,trajectory,other
scGBM,scGBM,scGBM,nkr_30,0.683,TI,DC3_VA1d_horns,dr1,4,trajectory,other
scGBM,scGBM,scGBM,Mrre_missing_10,0.934,TI,ICM,dr3,4,trajectory,other
scGBM,scGBM,scGBM,Mrre_missing_20,0.931,TI,ICM,dr3,4,trajectory,other
scGBM,scGBM,scGBM,Mrre_missing_30,0.93,TI,ICM,dr3,4,trajectory,other
scGBM,scGBM,scGBM,aji_10,0.2,TI,ICM,dr1,4,trajectory,other
scGBM,scGBM,scGBM,aji_20,0.356,TI,ICM,dr1,4,trajectory,other
scGBM,scGBM,scGBM,aji_30,0.529,TI,ICM,dr1,4,trajectory,other
scGBM,scGBM,scGBM,nkr_10,0.342,TI,ICM,dr1,4,trajectory,other
scGBM,scGBM,scGBM,nkr_20,0.517,TI,ICM,dr1,4,trajectory,other
scGBM,scGBM,scGBM,nkr_30,0.665,TI,ICM,dr1,4,trajectory,other
scGBM,scGBM,scGBM,Mrre_missing_10,0.949,TI,blastocyst,dr3,4,trajectory,other
scGBM,scGBM,scGBM,Mrre_missing_20,0.946,TI,blastocyst,dr3,4,trajectory,other
scGBM,scGBM,scGBM,Mrre_missing_30,0.944,TI,blastocyst,dr3,4,trajectory,other
scGBM,scGBM,scGBM,aji_10,0.215,TI,blastocyst,dr1,4,trajectory,other
scGBM,scGBM,scGBM,aji_20,0.343,TI,blastocyst,dr1,4,trajectory,other
scGBM,scGBM,scGBM,aji_30,0.471,TI,blastocyst,dr1,4,trajectory,other
scGBM,scGBM,scGBM,nkr_10,0.365,TI,blastocyst,dr1,4,trajectory,other
scGBM,scGBM,scGBM,nkr_20,0.516,TI,blastocyst,dr1,4,trajectory,other
scGBM,scGBM,scGBM,nkr_30,0.626,TI,blastocyst,dr1,4,trajectory,other
scGBM,scGBM,scGBM,Mrre_missing_10,0.801,TI,combination-1,dr3,4,trajectory,other
scGBM,scGBM,scGBM,Mrre_missing_20,0.794,TI,combination-1,dr3,4,trajectory,other
scGBM,scGBM,scGBM,Mrre_missing_30,0.79,TI,combination-1,dr3,4,trajectory,other
scGBM,scGBM,scGBM,aji_10,0.008,TI,combination-1,dr1,4,trajectory,other
scGBM,scGBM,scGBM,aji_20,0.014,TI,combination-1,dr1,4,trajectory,other
scGBM,scGBM,scGBM,aji_30,0.02,TI,combination-1,dr1,4,trajectory,other
scGBM,scGBM,scGBM,nkr_10,0.018,TI,combination-1,dr1,4,trajectory,other
scGBM,scGBM,scGBM,nkr_20,0.029,TI,combination-1,dr1,4,trajectory,other
scGBM,scGBM,scGBM,nkr_30,0.039,TI,combination-1,dr1,4,trajectory,other
scGBM,scGBM,scGBM,Mrre_missing_10,0.781,TI,combination-2,dr3,4,trajectory,other
scGBM,scGBM,scGBM,Mrre_missing_20,0.771,TI,combination-2,dr3,4,trajectory,other
scGBM,scGBM,scGBM,Mrre_missing_30,0.766,TI,combination-2,dr3,4,trajectory,other
scGBM,scGBM,scGBM,aji_10,0.009,TI,combination-2,dr1,4,trajectory,other
scGBM,scGBM,scGBM,aji_20,0.015,TI,combination-2,dr1,4,trajectory,other
scGBM,scGBM,scGBM,aji_30,0.02,TI,combination-2,dr1,4,trajectory,other
scGBM,scGBM,scGBM,nkr_10,0.017,TI,combination-2,dr1,4,trajectory,other
scGBM,scGBM,scGBM,nkr_20,0.03,TI,combination-2,dr1,4,trajectory,other
scGBM,scGBM,scGBM,nkr_30,0.039,TI,combination-2,dr1,4,trajectory,other
scGBM,scGBM,scGBM,Mrre_missing_10,0.846,TI,combination-3,dr3,4,trajectory,other
scGBM,scGBM,scGBM,Mrre_missing_20,0.839,TI,combination-3,dr3,4,trajectory,other
scGBM,scGBM,scGBM,Mrre_missing_30,0.835,TI,combination-3,dr3,4,trajectory,other
scGBM,scGBM,scGBM,aji_10,0.017,TI,combination-3,dr1,4,trajectory,other
scGBM,scGBM,scGBM,aji_20,0.03,TI,combination-3,dr1,4,trajectory,other
scGBM,scGBM,scGBM,aji_30,0.04,TI,combination-3,dr1,4,trajectory,other
scGBM,scGBM,scGBM,nkr_10,0.035,TI,combination-3,dr1,4,trajectory,other
scGBM,scGBM,scGBM,nkr_20,0.058,TI,combination-3,dr1,4,trajectory,other
scGBM,scGBM,scGBM,nkr_30,0.077,TI,combination-3,dr1,4,trajectory,other
scGBM,scGBM,scGBM,Mrre_missing_10,0.912,TI,epiblast,dr3,4,trajectory,other
scGBM,scGBM,scGBM,Mrre_missing_20,0.907,TI,epiblast,dr3,4,trajectory,other
scGBM,scGBM,scGBM,Mrre_missing_30,0.903,TI,epiblast,dr3,4,trajectory,other
scGBM,scGBM,scGBM,aji_10,0.224,TI,epiblast,dr1,4,trajectory,other
scGBM,scGBM,scGBM,aji_20,0.394,TI,epiblast,dr1,4,trajectory,other
scGBM,scGBM,scGBM,aji_30,0.528,TI,epiblast,dr1,4,trajectory,other
scGBM,scGBM,scGBM,nkr_10,0.381,TI,epiblast,dr1,4,trajectory,other
scGBM,scGBM,scGBM,nkr_20,0.559,TI,epiblast,dr1,4,trajectory,other
scGBM,scGBM,scGBM,nkr_30,0.676,TI,epiblast,dr1,4,trajectory,other
scGBM,scGBM,scGBM,Mrre_missing_10,0.793,TI,epidermis,dr3,4,trajectory,other
scGBM,scGBM,scGBM,Mrre_missing_20,0.788,TI,epidermis,dr3,4,trajectory,other
scGBM,scGBM,scGBM,Mrre_missing_30,0.784,TI,epidermis,dr3,4,trajectory,other
scGBM,scGBM,scGBM,aji_10,0.008,TI,epidermis,dr1,4,trajectory,other
scGBM,scGBM,scGBM,aji_20,0.014,TI,epidermis,dr1,4,trajectory,other
scGBM,scGBM,scGBM,aji_30,0.019,TI,epidermis,dr1,4,trajectory,other
scGBM,scGBM,scGBM,nkr_10,0.016,TI,epidermis,dr1,4,trajectory,other
scGBM,scGBM,scGBM,nkr_20,0.028,TI,epidermis,dr1,4,trajectory,other
scGBM,scGBM,scGBM,nkr_30,0.037,TI,epidermis,dr1,4,trajectory,other
scGBM,scGBM,scGBM,Mrre_missing_10,0.887,TI,horns,dr3,4,trajectory,other
scGBM,scGBM,scGBM,Mrre_missing_20,0.883,TI,horns,dr3,4,trajectory,other
scGBM,scGBM,scGBM,Mrre_missing_30,0.879,TI,horns,dr3,4,trajectory,other
scGBM,scGBM,scGBM,aji_10,0.088,TI,horns,dr1,4,trajectory,other
scGBM,scGBM,scGBM,aji_20,0.157,TI,horns,dr1,4,trajectory,other
scGBM,scGBM,scGBM,aji_30,0.214,TI,horns,dr1,4,trajectory,other
scGBM,scGBM,scGBM,nkr_10,0.158,TI,horns,dr1,4,trajectory,other
scGBM,scGBM,scGBM,nkr_20,0.267,TI,horns,dr1,4,trajectory,other
scGBM,scGBM,scGBM,nkr_30,0.35,TI,horns,dr1,4,trajectory,other
scGBM,scGBM,scGBM,Mrre_missing_10,0.789,TI,muscle,dr3,4,trajectory,other
scGBM,scGBM,scGBM,Mrre_missing_20,0.779,TI,muscle,dr3,4,trajectory,other
scGBM,scGBM,scGBM,Mrre_missing_30,0.773,TI,muscle,dr3,4,trajectory,other
scGBM,scGBM,scGBM,aji_10,0.009,TI,muscle,dr1,4,trajectory,other
scGBM,scGBM,scGBM,aji_20,0.015,TI,muscle,dr1,4,trajectory,other
scGBM,scGBM,scGBM,aji_30,0.02,TI,muscle,dr1,4,trajectory,other
scGBM,scGBM,scGBM,nkr_10,0.018,TI,muscle,dr1,4,trajectory,other
scGBM,scGBM,scGBM,nkr_20,0.03,TI,muscle,dr1,4,trajectory,other
scGBM,scGBM,scGBM,nkr_30,0.04,TI,muscle,dr1,4,trajectory,other
scGBM,scGBM,scGBM,Mrre_missing_10,0.727,TI,neuron,dr3,4,trajectory,other
scGBM,scGBM,scGBM,Mrre_missing_20,0.714,TI,neuron,dr3,4,trajectory,other
scGBM,scGBM,scGBM,Mrre_missing_30,0.706,TI,neuron,dr3,4,trajectory,other
scGBM,scGBM,scGBM,aji_10,0.008,TI,neuron,dr1,4,trajectory,other
scGBM,scGBM,scGBM,aji_20,0.012,TI,neuron,dr1,4,trajectory,other
scGBM,scGBM,scGBM,aji_30,0.016,TI,neuron,dr1,4,trajectory,other
scGBM,scGBM,scGBM,nkr_10,0.015,TI,neuron,dr1,4,trajectory,other
scGBM,scGBM,scGBM,nkr_20,0.025,TI,neuron,dr1,4,trajectory,other
scGBM,scGBM,scGBM,nkr_30,0.032,TI,neuron,dr1,4,trajectory,other
scGBM,scGBM,scGBM,Mrre_missing_10,0.822,TI,pair-1,dr3,4,trajectory,other
scGBM,scGBM,scGBM,Mrre_missing_20,0.815,TI,pair-1,dr3,4,trajectory,other
scGBM,scGBM,scGBM,Mrre_missing_30,0.811,TI,pair-1,dr3,4,trajectory,other
scGBM,scGBM,scGBM,aji_10,0.004,TI,pair-1,dr1,4,trajectory,other
scGBM,scGBM,scGBM,aji_20,0.007,TI,pair-1,dr1,4,trajectory,other
scGBM,scGBM,scGBM,aji_30,0.01,TI,pair-1,dr1,4,trajectory,other
scGBM,scGBM,scGBM,nkr_10,0.009,TI,pair-1,dr1,4,trajectory,other
scGBM,scGBM,scGBM,nkr_20,0.015,TI,pair-1,dr1,4,trajectory,other
scGBM,scGBM,scGBM,nkr_30,0.019,TI,pair-1,dr1,4,trajectory,other
scGBM,scGBM,scGBM,Mrre_missing_10,0.75,TI,pair-2,dr3,4,trajectory,other
scGBM,scGBM,scGBM,Mrre_missing_20,0.742,TI,pair-2,dr3,4,trajectory,other
scGBM,scGBM,scGBM,Mrre_missing_30,0.738,TI,pair-2,dr3,4,trajectory,other
scGBM,scGBM,scGBM,aji_10,0.003,TI,pair-2,dr1,4,trajectory,other
scGBM,scGBM,scGBM,aji_20,0.005,TI,pair-2,dr1,4,trajectory,other
scGBM,scGBM,scGBM,aji_30,0.006,TI,pair-2,dr1,4,trajectory,other
scGBM,scGBM,scGBM,nkr_10,0.006,TI,pair-2,dr1,4,trajectory,other
scGBM,scGBM,scGBM,nkr_20,0.009,TI,pair-2,dr1,4,trajectory,other
scGBM,scGBM,scGBM,nkr_30,0.012,TI,pair-2,dr1,4,trajectory,other
scGBM,scGBM,scGBM,Mrre_missing_10,0.797,TI,pair-3,dr3,4,trajectory,other
scGBM,scGBM,scGBM,Mrre_missing_20,0.787,TI,pair-3,dr3,4,trajectory,other
scGBM,scGBM,scGBM,Mrre_missing_30,0.78,TI,pair-3,dr3,4,trajectory,other
scGBM,scGBM,scGBM,aji_10,0.005,TI,pair-3,dr1,4,trajectory,other
scGBM,scGBM,scGBM,aji_20,0.007,TI,pair-3,dr1,4,trajectory,other
scGBM,scGBM,scGBM,aji_30,0.009,TI,pair-3,dr1,4,trajectory,other
scGBM,scGBM,scGBM,nkr_10,0.009,TI,pair-3,dr1,4,trajectory,other
scGBM,scGBM,scGBM,nkr_20,0.014,TI,pair-3,dr1,4,trajectory,other
scGBM,scGBM,scGBM,nkr_30,0.018,TI,pair-3,dr1,4,trajectory,other
scGBM,scGBM,scGBM,Mrre_missing_10,0.729,TI,pair-4,dr3,4,trajectory,other
scGBM,scGBM,scGBM,Mrre_missing_20,0.72,TI,pair-4,dr3,4,trajectory,other
scGBM,scGBM,scGBM,Mrre_missing_30,0.715,TI,pair-4,dr3,4,trajectory,other
scGBM,scGBM,scGBM,aji_10,0.003,TI,pair-4,dr1,4,trajectory,other
scGBM,scGBM,scGBM,aji_20,0.004,TI,pair-4,dr1,4,trajectory,other
scGBM,scGBM,scGBM,aji_30,0.006,TI,pair-4,dr1,4,trajectory,other
scGBM,scGBM,scGBM,nkr_10,0.006,TI,pair-4,dr1,4,trajectory,other
scGBM,scGBM,scGBM,nkr_20,0.009,TI,pair-4,dr1,4,trajectory,other
scGBM,scGBM,scGBM,nkr_30,0.012,TI,pair-4,dr1,4,trajectory,other
scGBM,scGBM,scGBM,Mrre_missing_10,0.838,TI,parenchyme,dr3,4,trajectory,other
scGBM,scGBM,scGBM,Mrre_missing_20,0.829,TI,parenchyme,dr3,4,trajectory,other
scGBM,scGBM,scGBM,Mrre_missing_30,0.823,TI,parenchyme,dr3,4,trajectory,other
scGBM,scGBM,scGBM,aji_10,0.015,TI,parenchyme,dr1,4,trajectory,other
scGBM,scGBM,scGBM,aji_20,0.025,TI,parenchyme,dr1,4,trajectory,other
scGBM,scGBM,scGBM,aji_30,0.034,TI,parenchyme,dr1,4,trajectory,other
scGBM,scGBM,scGBM,nkr_10,0.032,TI,parenchyme,dr1,4,trajectory,other
scGBM,scGBM,scGBM,nkr_20,0.05,TI,parenchyme,dr1,4,trajectory,other
scGBM,scGBM,scGBM,nkr_30,0.066,TI,parenchyme,dr1,4,trajectory,other
scGBM,scGBM,scGBM,Mrre_missing_10,0.84,TI,phagocyte,dr3,4,trajectory,other
scGBM,scGBM,scGBM,Mrre_missing_20,0.832,TI,phagocyte,dr3,4,trajectory,other
scGBM,scGBM,scGBM,Mrre_missing_30,0.826,TI,phagocyte,dr3,4,trajectory,other
scGBM,scGBM,scGBM,aji_10,0.036,TI,phagocyte,dr1,4,trajectory,other
scGBM,scGBM,scGBM,aji_20,0.063,TI,phagocyte,dr1,4,trajectory,other
scGBM,scGBM,scGBM,aji_30,0.084,TI,phagocyte,dr1,4,trajectory,other
scGBM,scGBM,scGBM,nkr_10,0.076,TI,phagocyte,dr1,4,trajectory,other
scGBM,scGBM,scGBM,nkr_20,0.122,TI,phagocyte,dr1,4,trajectory,other
scGBM,scGBM,scGBM,nkr_30,0.156,TI,phagocyte,dr1,4,trajectory,other
scGBM,scGBM,scGBM,Mrre_missing_10,0.828,TI,pharynx,dr3,4,trajectory,other
scGBM,scGBM,scGBM,Mrre_missing_20,0.813,TI,pharynx,dr3,4,trajectory,other
scGBM,scGBM,scGBM,Mrre_missing_30,0.803,TI,pharynx,dr3,4,trajectory,other
scGBM,scGBM,scGBM,aji_10,0.055,TI,pharynx,dr1,4,trajectory,other
scGBM,scGBM,scGBM,aji_20,0.089,TI,pharynx,dr1,4,trajectory,other
scGBM,scGBM,scGBM,aji_30,0.122,TI,pharynx,dr1,4,trajectory,other
scGBM,scGBM,scGBM,nkr_10,0.112,TI,pharynx,dr1,4,trajectory,other
scGBM,scGBM,scGBM,nkr_20,0.174,TI,pharynx,dr1,4,trajectory,other
scGBM,scGBM,scGBM,nkr_30,0.226,TI,pharynx,dr1,4,trajectory,other
scGBM,scGBM,scGBM,Mrre_missing_10,0.88,TI,trophectoderm,dr3,4,trajectory,other
scGBM,scGBM,scGBM,Mrre_missing_20,0.868,TI,trophectoderm,dr3,4,trajectory,other
scGBM,scGBM,scGBM,Mrre_missing_30,0.858,TI,trophectoderm,dr3,4,trajectory,other
scGBM,scGBM,scGBM,aji_10,0.289,TI,trophectoderm,dr1,4,trajectory,other
scGBM,scGBM,scGBM,aji_20,0.456,TI,trophectoderm,dr1,4,trajectory,other
scGBM,scGBM,scGBM,aji_30,0.571,TI,trophectoderm,dr1,4,trajectory,other
scGBM,scGBM,scGBM,nkr_10,0.455,TI,trophectoderm,dr1,4,trajectory,other
scGBM,scGBM,scGBM,nkr_20,0.644,TI,trophectoderm,dr1,4,trajectory,other
scGBM,scGBM,scGBM,nkr_30,0.749,TI,trophectoderm,dr1,4,trajectory,other
scGBM,scGBM,scGBM,Mrre_missing_10,0.935,VASC,Baron,dr3,4,VASC,other
scGBM,scGBM,scGBM,Mrre_missing_20,0.934,VASC,Baron,dr3,4,VASC,other
scGBM,scGBM,scGBM,Mrre_missing_30,0.933,VASC,Baron,dr3,4,VASC,other
scGBM,scGBM,scGBM,aji_10,0.014,VASC,Baron,dr1,4,VASC,other
scGBM,scGBM,scGBM,aji_20,0.024,VASC,Baron,dr1,4,VASC,other
scGBM,scGBM,scGBM,aji_30,0.033,VASC,Baron,dr1,4,VASC,other
scGBM,scGBM,scGBM,nkr_10,0.028,VASC,Baron,dr1,4,VASC,other
scGBM,scGBM,scGBM,nkr_20,0.047,VASC,Baron,dr1,4,VASC,other
scGBM,scGBM,scGBM,nkr_30,0.063,VASC,Baron,dr1,4,VASC,other
scGBM,scGBM,scGBM,Mrre_missing_10,0.927,VASC,Biase,dr3,4,VASC,other
scGBM,scGBM,scGBM,Mrre_missing_20,0.919,VASC,Biase,dr3,4,VASC,other
scGBM,scGBM,scGBM,Mrre_missing_30,0.908,VASC,Biase,dr3,4,VASC,other
scGBM,scGBM,scGBM,aji_10,0.51,VASC,Biase,dr1,4,VASC,other
scGBM,scGBM,scGBM,aji_20,0.79,VASC,Biase,dr1,4,VASC,other
scGBM,scGBM,scGBM,aji_30,0.761,VASC,Biase,dr1,4,VASC,other
scGBM,scGBM,scGBM,nkr_10,0.714,VASC,Biase,dr1,4,VASC,other
scGBM,scGBM,scGBM,nkr_20,0.932,VASC,Biase,dr1,4,VASC,other
scGBM,scGBM,scGBM,nkr_30,0.894,VASC,Biase,dr1,4,VASC,other
scGBM,scGBM,scGBM,Mrre_missing_10,0.92,VASC,Goolam,dr3,4,VASC,other
scGBM,scGBM,scGBM,Mrre_missing_20,0.913,VASC,Goolam,dr3,4,VASC,other
scGBM,scGBM,scGBM,Mrre_missing_30,0.905,VASC,Goolam,dr3,4,VASC,other
scGBM,scGBM,scGBM,aji_10,0.315,VASC,Goolam,dr1,4,VASC,other
scGBM,scGBM,scGBM,aji_20,0.418,VASC,Goolam,dr1,4,VASC,other
scGBM,scGBM,scGBM,aji_30,0.517,VASC,Goolam,dr1,4,VASC,other
scGBM,scGBM,scGBM,nkr_10,0.49,VASC,Goolam,dr1,4,VASC,other
scGBM,scGBM,scGBM,nkr_20,0.602,VASC,Goolam,dr1,4,VASC,other
scGBM,scGBM,scGBM,nkr_30,0.692,VASC,Goolam,dr1,4,VASC,other
scGBM,scGBM,scGBM,Mrre_missing_10,0.756,VASC,Xin,dr3,4,VASC,other
scGBM,scGBM,scGBM,Mrre_missing_20,0.751,VASC,Xin,dr3,4,VASC,other
scGBM,scGBM,scGBM,Mrre_missing_30,0.748,VASC,Xin,dr3,4,VASC,other
scGBM,scGBM,scGBM,aji_10,0.017,VASC,Xin,dr1,4,VASC,other
scGBM,scGBM,scGBM,aji_20,0.027,VASC,Xin,dr1,4,VASC,other
scGBM,scGBM,scGBM,aji_30,0.036,VASC,Xin,dr1,4,VASC,other
scGBM,scGBM,scGBM,nkr_10,0.033,VASC,Xin,dr1,4,VASC,other
scGBM,scGBM,scGBM,nkr_20,0.052,VASC,Xin,dr1,4,VASC,other
scGBM,scGBM,scGBM,nkr_30,0.067,VASC,Xin,dr1,4,VASC,other
scGBM,scGBM,scGBM,Mrre_missing_10,0.894,VASC,Zeisel,dr3,4,VASC,other
scGBM,scGBM,scGBM,Mrre_missing_20,0.888,VASC,Zeisel,dr3,4,VASC,other
scGBM,scGBM,scGBM,Mrre_missing_30,0.885,VASC,Zeisel,dr3,4,VASC,other
scGBM,scGBM,scGBM,aji_10,0.022,VASC,Zeisel,dr1,4,VASC,other
scGBM,scGBM,scGBM,aji_20,0.039,VASC,Zeisel,dr1,4,VASC,other
scGBM,scGBM,scGBM,aji_30,0.053,VASC,Zeisel,dr1,4,VASC,other
scGBM,scGBM,scGBM,nkr_10,0.045,VASC,Zeisel,dr1,4,VASC,other
scGBM,scGBM,scGBM,nkr_20,0.074,VASC,Zeisel,dr1,4,VASC,other
scGBM,scGBM,scGBM,nkr_30,0.098,VASC,Zeisel,dr1,4,VASC,other
scGBM,scGBM,scGBM,Mrre_missing_10,0.952,VASC,yan,dr3,4,VASC,other
scGBM,scGBM,scGBM,Mrre_missing_20,0.947,VASC,yan,dr3,4,VASC,other
scGBM,scGBM,scGBM,Mrre_missing_30,0.944,VASC,yan,dr3,4,VASC,other
scGBM,scGBM,scGBM,aji_10,0.528,VASC,yan,dr1,4,VASC,other
scGBM,scGBM,scGBM,aji_20,0.726,VASC,yan,dr1,4,VASC,other
scGBM,scGBM,scGBM,aji_30,0.806,VASC,yan,dr1,4,VASC,other
scGBM,scGBM,scGBM,nkr_10,0.709,VASC,yan,dr1,4,VASC,other
scGBM,scGBM,scGBM,nkr_20,0.861,VASC,yan,dr1,4,VASC,other
scGBM,scGBM,scGBM,nkr_30,0.927,VASC,yan,dr1,4,VASC,other
scGBM,scGBM,scGBM,Mrre_missing_10,0.831,benchmarker,Baron_mouse,dr3,4,curated,other
scGBM,scGBM,scGBM,Mrre_missing_20,0.827,benchmarker,Baron_mouse,dr3,4,curated,other
scGBM,scGBM,scGBM,Mrre_missing_30,0.824,benchmarker,Baron_mouse,dr3,4,curated,other
scGBM,scGBM,scGBM,aji_10,0.033,benchmarker,Baron_mouse,dr1,4,curated,other
scGBM,scGBM,scGBM,aji_20,0.054,benchmarker,Baron_mouse,dr1,4,curated,other
scGBM,scGBM,scGBM,aji_30,0.075,benchmarker,Baron_mouse,dr1,4,curated,other
scGBM,scGBM,scGBM,nkr_10,0.062,benchmarker,Baron_mouse,dr1,4,curated,other
scGBM,scGBM,scGBM,nkr_20,0.097,benchmarker,Baron_mouse,dr1,4,curated,other
scGBM,scGBM,scGBM,nkr_30,0.128,benchmarker,Baron_mouse,dr1,4,curated,other
scGBM,scGBM,scGBM,Mrre_missing_10,0.866,benchmarker,Darmanis,dr3,4,curated,other
scGBM,scGBM,scGBM,Mrre_missing_20,0.859,benchmarker,Darmanis,dr3,4,curated,other
scGBM,scGBM,scGBM,Mrre_missing_30,0.855,benchmarker,Darmanis,dr3,4,curated,other
scGBM,scGBM,scGBM,aji_10,0.116,benchmarker,Darmanis,dr1,4,curated,other
scGBM,scGBM,scGBM,aji_20,0.188,benchmarker,Darmanis,dr1,4,curated,other
scGBM,scGBM,scGBM,aji_30,0.252,benchmarker,Darmanis,dr1,4,curated,other
scGBM,scGBM,scGBM,nkr_10,0.198,benchmarker,Darmanis,dr1,4,curated,other
scGBM,scGBM,scGBM,nkr_20,0.3,benchmarker,Darmanis,dr1,4,curated,other
scGBM,scGBM,scGBM,nkr_30,0.379,benchmarker,Darmanis,dr1,4,curated,other
scGBM,scGBM,scGBM,Mrre_missing_10,0.789,benchmarker,Pancreatic,dr3,4,curated,other
scGBM,scGBM,scGBM,Mrre_missing_20,0.771,benchmarker,Pancreatic,dr3,4,curated,other
scGBM,scGBM,scGBM,Mrre_missing_30,0.751,benchmarker,Pancreatic,dr3,4,curated,other
scGBM,scGBM,scGBM,aji_10,0.301,benchmarker,Pancreatic,dr1,4,curated,other
scGBM,scGBM,scGBM,aji_20,0.41,benchmarker,Pancreatic,dr1,4,curated,other
scGBM,scGBM,scGBM,aji_30,0.551,benchmarker,Pancreatic,dr1,4,curated,other
scGBM,scGBM,scGBM,nkr_10,0.495,benchmarker,Pancreatic,dr1,4,curated,other
scGBM,scGBM,scGBM,nkr_20,0.602,benchmarker,Pancreatic,dr1,4,curated,other
scGBM,scGBM,scGBM,nkr_30,0.723,benchmarker,Pancreatic,dr1,4,curated,other
scGBM,scGBM,scGBM,Mrre_missing_10,0.854,benchmarker,Silver,dr3,4,curated,other
scGBM,scGBM,scGBM,Mrre_missing_20,0.851,benchmarker,Silver,dr3,4,curated,other
scGBM,scGBM,scGBM,Mrre_missing_30,0.85,benchmarker,Silver,dr3,4,curated,other
scGBM,scGBM,scGBM,aji_10,0.013,benchmarker,Silver,dr1,4,curated,other
scGBM,scGBM,scGBM,aji_20,0.024,benchmarker,Silver,dr1,4,curated,other
scGBM,scGBM,scGBM,aji_30,0.034,benchmarker,Silver,dr1,4,curated,other
scGBM,scGBM,scGBM,nkr_10,0.027,benchmarker,Silver,dr1,4,curated,other
scGBM,scGBM,scGBM,nkr_20,0.044,benchmarker,Silver,dr1,4,curated,other
scGBM,scGBM,scGBM,nkr_30,0.064,benchmarker,Silver,dr1,4,curated,other
scGBM,scGBM,scGBM,Mrre_missing_10,0.858,benchmarker,Zhengmix4eq,dr3,4,curated,other
scGBM,scGBM,scGBM,Mrre_missing_20,0.855,benchmarker,Zhengmix4eq,dr3,4,curated,other
scGBM,scGBM,scGBM,Mrre_missing_30,0.853,benchmarker,Zhengmix4eq,dr3,4,curated,other
scGBM,scGBM,scGBM,aji_10,0.01,benchmarker,Zhengmix4eq,dr1,4,curated,other
scGBM,scGBM,scGBM,aji_20,0.018,benchmarker,Zhengmix4eq,dr1,4,curated,other
scGBM,scGBM,scGBM,aji_30,0.025,benchmarker,Zhengmix4eq,dr1,4,curated,other
scGBM,scGBM,scGBM,nkr_10,0.018,benchmarker,Zhengmix4eq,dr1,4,curated,other
scGBM,scGBM,scGBM,nkr_20,0.032,benchmarker,Zhengmix4eq,dr1,4,curated,other
scGBM,scGBM,scGBM,nkr_30,0.042,benchmarker,Zhengmix4eq,dr1,4,curated,other
scGBM,scGBM,scGBM,Mrre_missing_10,0.935,scDesign3,ACINAR,dr3,4,scDesign3,other
scGBM,scGBM,scGBM,Mrre_missing_20,0.93,scDesign3,ACINAR,dr3,4,scDesign3,other
scGBM,scGBM,scGBM,Mrre_missing_30,0.926,scDesign3,ACINAR,dr3,4,scDesign3,other
scGBM,scGBM,scGBM,aji_10,0.032,scDesign3,ACINAR,dr1,4,scDesign3,other
scGBM,scGBM,scGBM,aji_20,0.05,scDesign3,ACINAR,dr1,4,scDesign3,other
scGBM,scGBM,scGBM,aji_30,0.065,scDesign3,ACINAR,dr1,4,scDesign3,other
scGBM,scGBM,scGBM,nkr_10,0.065,scDesign3,ACINAR,dr1,4,scDesign3,other
scGBM,scGBM,scGBM,nkr_20,0.098,scDesign3,ACINAR,dr1,4,scDesign3,other
scGBM,scGBM,scGBM,nkr_30,0.124,scDesign3,ACINAR,dr1,4,scDesign3,other
scGBM,scGBM,scGBM,Mrre_missing_10,0.828,scDesign3,ATAC,dr3,4,scDesign3,other
scGBM,scGBM,scGBM,Mrre_missing_20,0.825,scDesign3,ATAC,dr3,4,scDesign3,other
scGBM,scGBM,scGBM,Mrre_missing_30,0.823,scDesign3,ATAC,dr3,4,scDesign3,other
scGBM,scGBM,scGBM,aji_10,0.004,scDesign3,ATAC,dr1,4,scDesign3,other
scGBM,scGBM,scGBM,aji_20,0.008,scDesign3,ATAC,dr1,4,scDesign3,other
scGBM,scGBM,scGBM,aji_30,0.011,scDesign3,ATAC,dr1,4,scDesign3,other
scGBM,scGBM,scGBM,nkr_10,0.009,scDesign3,ATAC,dr1,4,scDesign3,other
scGBM,scGBM,scGBM,nkr_20,0.015,scDesign3,ATAC,dr1,4,scDesign3,other
scGBM,scGBM,scGBM,nkr_30,0.021,scDesign3,ATAC,dr1,4,scDesign3,other
scGBM,scGBM,scGBM,Mrre_missing_10,0.943,scDesign3,BATCH,dr3,4,scDesign3,other
scGBM,scGBM,scGBM,Mrre_missing_20,0.94,scDesign3,BATCH,dr3,4,scDesign3,other
scGBM,scGBM,scGBM,Mrre_missing_30,0.938,scDesign3,BATCH,dr3,4,scDesign3,other
scGBM,scGBM,scGBM,aji_10,0.024,scDesign3,BATCH,dr1,4,scDesign3,other
scGBM,scGBM,scGBM,aji_20,0.039,scDesign3,BATCH,dr1,4,scDesign3,other
scGBM,scGBM,scGBM,aji_30,0.05,scDesign3,BATCH,dr1,4,scDesign3,other
scGBM,scGBM,scGBM,nkr_10,0.049,scDesign3,BATCH,dr1,4,scDesign3,other
scGBM,scGBM,scGBM,nkr_20,0.074,scDesign3,BATCH,dr1,4,scDesign3,other
scGBM,scGBM,scGBM,nkr_30,0.095,scDesign3,BATCH,dr1,4,scDesign3,other
scGBM,scGBM,scGBM,Mrre_missing_10,0.975,scDesign3,CITE,dr3,4,scDesign3,other
scGBM,scGBM,scGBM,Mrre_missing_20,0.972,scDesign3,CITE,dr3,4,scDesign3,other
scGBM,scGBM,scGBM,Mrre_missing_30,0.97,scDesign3,CITE,dr3,4,scDesign3,other
scGBM,scGBM,scGBM,aji_10,0.051,scDesign3,CITE,dr1,4,scDesign3,other
scGBM,scGBM,scGBM,aji_20,0.075,scDesign3,CITE,dr1,4,scDesign3,other
scGBM,scGBM,scGBM,aji_30,0.094,scDesign3,CITE,dr1,4,scDesign3,other
scGBM,scGBM,scGBM,nkr_10,0.101,scDesign3,CITE,dr1,4,scDesign3,other
scGBM,scGBM,scGBM,nkr_20,0.141,scDesign3,CITE,dr1,4,scDesign3,other
scGBM,scGBM,scGBM,nkr_30,0.169,scDesign3,CITE,dr1,4,scDesign3,other
scGBM,scGBM,scGBM,Mrre_missing_10,0.913,scDesign3,EMBYRO,dr3,4,scDesign3,other
scGBM,scGBM,scGBM,Mrre_missing_20,0.899,scDesign3,EMBYRO,dr3,4,scDesign3,other
scGBM,scGBM,scGBM,Mrre_missing_30,0.889,scDesign3,EMBYRO,dr3,4,scDesign3,other
scGBM,scGBM,scGBM,aji_10,0.071,scDesign3,EMBYRO,dr1,4,scDesign3,other
scGBM,scGBM,scGBM,aji_20,0.1,scDesign3,EMBYRO,dr1,4,scDesign3,other
scGBM,scGBM,scGBM,aji_30,0.122,scDesign3,EMBYRO,dr1,4,scDesign3,other
scGBM,scGBM,scGBM,nkr_10,0.145,scDesign3,EMBYRO,dr1,4,scDesign3,other
scGBM,scGBM,scGBM,nkr_20,0.185,scDesign3,EMBYRO,dr1,4,scDesign3,other
scGBM,scGBM,scGBM,nkr_30,0.215,scDesign3,EMBYRO,dr1,4,scDesign3,other
scGBM,scGBM,scGBM,Mrre_missing_10,0.941,scDesign3,IFNB,dr3,4,scDesign3,other
scGBM,scGBM,scGBM,Mrre_missing_20,0.938,scDesign3,IFNB,dr3,4,scDesign3,other
scGBM,scGBM,scGBM,Mrre_missing_30,0.935,scDesign3,IFNB,dr3,4,scDesign3,other
scGBM,scGBM,scGBM,aji_10,0.014,scDesign3,IFNB,dr1,4,scDesign3,other
scGBM,scGBM,scGBM,aji_20,0.023,scDesign3,IFNB,dr1,4,scDesign3,other
scGBM,scGBM,scGBM,aji_30,0.03,scDesign3,IFNB,dr1,4,scDesign3,other
scGBM,scGBM,scGBM,nkr_10,0.028,scDesign3,IFNB,dr1,4,scDesign3,other
scGBM,scGBM,scGBM,nkr_20,0.044,scDesign3,IFNB,dr1,4,scDesign3,other
scGBM,scGBM,scGBM,nkr_30,0.056,scDesign3,IFNB,dr1,4,scDesign3,other
scGBM,scGBM,scGBM,Mrre_missing_10,0.917,scDesign3,MARROW,dr3,4,scDesign3,other
scGBM,scGBM,scGBM,Mrre_missing_20,0.915,scDesign3,MARROW,dr3,4,scDesign3,other
scGBM,scGBM,scGBM,Mrre_missing_30,0.913,scDesign3,MARROW,dr3,4,scDesign3,other
scGBM,scGBM,scGBM,aji_10,0.024,scDesign3,MARROW,dr1,4,scDesign3,other
scGBM,scGBM,scGBM,aji_20,0.04,scDesign3,MARROW,dr1,4,scDesign3,other
scGBM,scGBM,scGBM,aji_30,0.055,scDesign3,MARROW,dr1,4,scDesign3,other
scGBM,scGBM,scGBM,nkr_10,0.046,scDesign3,MARROW,dr1,4,scDesign3,other
scGBM,scGBM,scGBM,nkr_20,0.077,scDesign3,MARROW,dr1,4,scDesign3,other
scGBM,scGBM,scGBM,nkr_30,0.104,scDesign3,MARROW,dr1,4,scDesign3,other
scGBM,scGBM,scGBM,Mrre_missing_10,0.851,scDesign3,MOBSC,dr3,4,scDesign3,other
scGBM,scGBM,scGBM,Mrre_missing_20,0.849,scDesign3,MOBSC,dr3,4,scDesign3,other
scGBM,scGBM,scGBM,Mrre_missing_30,0.848,scDesign3,MOBSC,dr3,4,scDesign3,other
scGBM,scGBM,scGBM,aji_10,0.004,scDesign3,MOBSC,dr1,4,scDesign3,other
scGBM,scGBM,scGBM,aji_20,0.008,scDesign3,MOBSC,dr1,4,scDesign3,other
scGBM,scGBM,scGBM,aji_30,0.011,scDesign3,MOBSC,dr1,4,scDesign3,other
scGBM,scGBM,scGBM,nkr_10,0.009,scDesign3,MOBSC,dr1,4,scDesign3,other
scGBM,scGBM,scGBM,nkr_20,0.015,scDesign3,MOBSC,dr1,4,scDesign3,other
scGBM,scGBM,scGBM,nkr_30,0.021,scDesign3,MOBSC,dr1,4,scDesign3,other
scGBM,scGBM,scGBM,Mrre_missing_10,0.934,scDesign3,OVARIAN,dr3,4,scDesign3,other
scGBM,scGBM,scGBM,Mrre_missing_20,0.928,scDesign3,OVARIAN,dr3,4,scDesign3,other
scGBM,scGBM,scGBM,Mrre_missing_30,0.924,scDesign3,OVARIAN,dr3,4,scDesign3,other
scGBM,scGBM,scGBM,aji_10,0.033,scDesign3,OVARIAN,dr1,4,scDesign3,other
scGBM,scGBM,scGBM,aji_20,0.053,scDesign3,OVARIAN,dr1,4,scDesign3,other
scGBM,scGBM,scGBM,aji_30,0.068,scDesign3,OVARIAN,dr1,4,scDesign3,other
scGBM,scGBM,scGBM,nkr_10,0.068,scDesign3,OVARIAN,dr1,4,scDesign3,other
scGBM,scGBM,scGBM,nkr_20,0.103,scDesign3,OVARIAN,dr1,4,scDesign3,other
scGBM,scGBM,scGBM,nkr_30,0.129,scDesign3,OVARIAN,dr1,4,scDesign3,other
scGBM,scGBM,scGBM,Mrre_missing_10,0.951,scDesign3,PANCREAS,dr3,4,scDesign3,other
scGBM,scGBM,scGBM,Mrre_missing_20,0.948,scDesign3,PANCREAS,dr3,4,scDesign3,other
scGBM,scGBM,scGBM,Mrre_missing_30,0.946,scDesign3,PANCREAS,dr3,4,scDesign3,other
scGBM,scGBM,scGBM,aji_10,0.06,scDesign3,PANCREAS,dr1,4,scDesign3,other
scGBM,scGBM,scGBM,aji_20,0.093,scDesign3,PANCREAS,dr1,4,scDesign3,other
scGBM,scGBM,scGBM,aji_30,0.119,scDesign3,PANCREAS,dr1,4,scDesign3,other
scGBM,scGBM,scGBM,nkr_10,0.115,scDesign3,PANCREAS,dr1,4,scDesign3,other
scGBM,scGBM,scGBM,nkr_20,0.172,scDesign3,PANCREAS,dr1,4,scDesign3,other
scGBM,scGBM,scGBM,nkr_30,0.213,scDesign3,PANCREAS,dr1,4,scDesign3,other
scGBM,scGBM,scGBM,Mrre_missing_10,0.888,scDesign3,SCGEMMETH,dr3,4,scDesign3,other
scGBM,scGBM,scGBM,Mrre_missing_20,0.881,scDesign3,SCGEMMETH,dr3,4,scDesign3,other
scGBM,scGBM,scGBM,Mrre_missing_30,0.876,scDesign3,SCGEMMETH,dr3,4,scDesign3,other
scGBM,scGBM,scGBM,aji_10,0.205,scDesign3,SCGEMMETH,dr1,4,scDesign3,other
scGBM,scGBM,scGBM,aji_20,0.333,scDesign3,SCGEMMETH,dr1,4,scDesign3,other
scGBM,scGBM,scGBM,aji_30,0.433,scDesign3,SCGEMMETH,dr1,4,scDesign3,other
scGBM,scGBM,scGBM,nkr_10,0.373,scDesign3,SCGEMMETH,dr1,4,scDesign3,other
scGBM,scGBM,scGBM,nkr_20,0.514,scDesign3,SCGEMMETH,dr1,4,scDesign3,other
scGBM,scGBM,scGBM,nkr_30,0.613,scDesign3,SCGEMMETH,dr1,4,scDesign3,other
scGBM,scGBM,scGBM,Mrre_missing_10,0.911,scDesign3,SCGEMRNA,dr3,4,scDesign3,other
scGBM,scGBM,scGBM,Mrre_missing_20,0.903,scDesign3,SCGEMRNA,dr3,4,scDesign3,other
scGBM,scGBM,scGBM,Mrre_missing_30,0.898,scDesign3,SCGEMRNA,dr3,4,scDesign3,other
scGBM,scGBM,scGBM,aji_10,0.209,scDesign3,SCGEMRNA,dr1,4,scDesign3,other
scGBM,scGBM,scGBM,aji_20,0.308,scDesign3,SCGEMRNA,dr1,4,scDesign3,other
scGBM,scGBM,scGBM,aji_30,0.43,scDesign3,SCGEMRNA,dr1,4,scDesign3,other
scGBM,scGBM,scGBM,nkr_10,0.372,scDesign3,SCGEMRNA,dr1,4,scDesign3,other
scGBM,scGBM,scGBM,nkr_20,0.483,scDesign3,SCGEMRNA,dr1,4,scDesign3,other
scGBM,scGBM,scGBM,nkr_30,0.598,scDesign3,SCGEMRNA,dr1,4,scDesign3,other
scGBM,scGBM,scGBM,Mrre_missing_10,0.664,scDesign3,SCIATAC,dr3,4,scDesign3,other
scGBM,scGBM,scGBM,Mrre_missing_20,0.649,scDesign3,SCIATAC,dr3,4,scDesign3,other
scGBM,scGBM,scGBM,Mrre_missing_30,0.64,scDesign3,SCIATAC,dr3,4,scDesign3,other
scGBM,scGBM,scGBM,aji_10,0.002,scDesign3,SCIATAC,dr1,4,scDesign3,other
scGBM,scGBM,scGBM,aji_20,0.003,scDesign3,SCIATAC,dr1,4,scDesign3,other
scGBM,scGBM,scGBM,aji_30,0.005,scDesign3,SCIATAC,dr1,4,scDesign3,other
scGBM,scGBM,scGBM,nkr_10,0.004,scDesign3,SCIATAC,dr1,4,scDesign3,other
scGBM,scGBM,scGBM,nkr_20,0.007,scDesign3,SCIATAC,dr1,4,scDesign3,other
scGBM,scGBM,scGBM,nkr_30,0.01,scDesign3,SCIATAC,dr1,4,scDesign3,other
scGBM,scGBM,scGBM,Mrre_missing_10,0.645,scDesign3,SLIDE,dr3,4,scDesign3,other
scGBM,scGBM,scGBM,Mrre_missing_20,0.639,scDesign3,SLIDE,dr3,4,scDesign3,other
scGBM,scGBM,scGBM,Mrre_missing_30,0.635,scDesign3,SLIDE,dr3,4,scDesign3,other
scGBM,scGBM,scGBM,aji_10,0.001,scDesign3,SLIDE,dr1,4,scDesign3,other
scGBM,scGBM,scGBM,aji_20,0.002,scDesign3,SLIDE,dr1,4,scDesign3,other
scGBM,scGBM,scGBM,aji_30,0.003,scDesign3,SLIDE,dr1,4,scDesign3,other
scGBM,scGBM,scGBM,nkr_10,0.002,scDesign3,SLIDE,dr1,4,scDesign3,other
scGBM,scGBM,scGBM,nkr_20,0.004,scDesign3,SLIDE,dr1,4,scDesign3,other
scGBM,scGBM,scGBM,nkr_30,0.005,scDesign3,SLIDE,dr1,4,scDesign3,other
scGBM,scGBM,scGBM,Mrre_missing_10,0.948,scDesign3,VISIUM,dr3,4,scDesign3,other
scGBM,scGBM,scGBM,Mrre_missing_20,0.939,scDesign3,VISIUM,dr3,4,scDesign3,other
scGBM,scGBM,scGBM,Mrre_missing_30,0.933,scDesign3,VISIUM,dr3,4,scDesign3,other
scGBM,scGBM,scGBM,aji_10,0.05,scDesign3,VISIUM,dr1,4,scDesign3,other
scGBM,scGBM,scGBM,aji_20,0.075,scDesign3,VISIUM,dr1,4,scDesign3,other
scGBM,scGBM,scGBM,aji_30,0.091,scDesign3,VISIUM,dr1,4,scDesign3,other
scGBM,scGBM,scGBM,nkr_10,0.101,scDesign3,VISIUM,dr1,4,scDesign3,other
scGBM,scGBM,scGBM,nkr_20,0.141,scDesign3,VISIUM,dr1,4,scDesign3,other
scGBM,scGBM,scGBM,nkr_30,0.167,scDesign3,VISIUM,dr1,4,scDesign3,other
SSNMDI,SSNMDI,SSNMDI,Mrre_missing_10,0.554,SIMLR,Pollen,dr3,5,SIMLR,other
SSNMDI,SSNMDI,SSNMDI,Mrre_missing_20,0.556,SIMLR,Pollen,dr3,5,SIMLR,other
SSNMDI,SSNMDI,SSNMDI,Mrre_missing_30,0.554,SIMLR,Pollen,dr3,5,SIMLR,other
SSNMDI,SSNMDI,SSNMDI,aji_10,0.046,SIMLR,Pollen,dr1,5,SIMLR,other
SSNMDI,SSNMDI,SSNMDI,aji_20,0.091,SIMLR,Pollen,dr1,5,SIMLR,other
SSNMDI,SSNMDI,SSNMDI,aji_30,0.106,SIMLR,Pollen,dr1,5,SIMLR,other
SSNMDI,SSNMDI,SSNMDI,nkr_10,0.087,SIMLR,Pollen,dr1,5,SIMLR,other
SSNMDI,SSNMDI,SSNMDI,nkr_20,0.159,SIMLR,Pollen,dr1,5,SIMLR,other
SSNMDI,SSNMDI,SSNMDI,nkr_30,0.187,SIMLR,Pollen,dr1,5,SIMLR,other
SSNMDI,SSNMDI,SSNMDI,Mrre_missing_10,0.62,SIMLR,Usoskin,dr3,5,SIMLR,other
SSNMDI,SSNMDI,SSNMDI,Mrre_missing_20,0.622,SIMLR,Usoskin,dr3,5,SIMLR,other
SSNMDI,SSNMDI,SSNMDI,Mrre_missing_30,0.622,SIMLR,Usoskin,dr3,5,SIMLR,other
SSNMDI,SSNMDI,SSNMDI,aji_10,0.017,SIMLR,Usoskin,dr1,5,SIMLR,other
SSNMDI,SSNMDI,SSNMDI,aji_20,0.031,SIMLR,Usoskin,dr1,5,SIMLR,other
SSNMDI,SSNMDI,SSNMDI,aji_30,0.041,SIMLR,Usoskin,dr1,5,SIMLR,other
SSNMDI,SSNMDI,SSNMDI,nkr_10,0.033,SIMLR,Usoskin,dr1,5,SIMLR,other
SSNMDI,SSNMDI,SSNMDI,nkr_20,0.058,SIMLR,Usoskin,dr1,5,SIMLR,other
SSNMDI,SSNMDI,SSNMDI,nkr_30,0.078,SIMLR,Usoskin,dr1,5,SIMLR,other
SSNMDI,SSNMDI,SSNMDI,Mrre_missing_10,0.655,TI,DA1_horns,dr3,5,trajectory,other
SSNMDI,SSNMDI,SSNMDI,Mrre_missing_20,0.651,TI,DA1_horns,dr3,5,trajectory,other
SSNMDI,SSNMDI,SSNMDI,Mrre_missing_30,0.648,TI,DA1_horns,dr3,5,trajectory,other
SSNMDI,SSNMDI,SSNMDI,aji_10,0.043,TI,DA1_horns,dr1,5,trajectory,other
SSNMDI,SSNMDI,SSNMDI,aji_20,0.087,TI,DA1_horns,dr1,5,trajectory,other
SSNMDI,SSNMDI,SSNMDI,aji_30,0.126,TI,DA1_horns,dr1,5,trajectory,other
SSNMDI,SSNMDI,SSNMDI,nkr_10,0.087,TI,DA1_horns,dr1,5,trajectory,other
SSNMDI,SSNMDI,SSNMDI,nkr_20,0.16,TI,DA1_horns,dr1,5,trajectory,other
SSNMDI,SSNMDI,SSNMDI,nkr_30,0.22,TI,DA1_horns,dr1,5,trajectory,other
SSNMDI,SSNMDI,SSNMDI,Mrre_missing_10,0.688,TI,DC3_VA1d_horns,dr3,5,trajectory,other
SSNMDI,SSNMDI,SSNMDI,Mrre_missing_20,0.681,TI,DC3_VA1d_horns,dr3,5,trajectory,other
SSNMDI,SSNMDI,SSNMDI,Mrre_missing_30,0.676,TI,DC3_VA1d_horns,dr3,5,trajectory,other
SSNMDI,SSNMDI,SSNMDI,aji_10,0.079,TI,DC3_VA1d_horns,dr1,5,trajectory,other
SSNMDI,SSNMDI,SSNMDI,aji_20,0.147,TI,DC3_VA1d_horns,dr1,5,trajectory,other
SSNMDI,SSNMDI,SSNMDI,aji_30,0.229,TI,DC3_VA1d_horns,dr1,5,trajectory,other
SSNMDI,SSNMDI,SSNMDI,nkr_10,0.149,TI,DC3_VA1d_horns,dr1,5,trajectory,other
SSNMDI,SSNMDI,SSNMDI,nkr_20,0.261,TI,DC3_VA1d_horns,dr1,5,trajectory,other
SSNMDI,SSNMDI,SSNMDI,nkr_30,0.356,TI,DC3_VA1d_horns,dr1,5,trajectory,other
SSNMDI,SSNMDI,SSNMDI,Mrre_missing_10,0.684,TI,ICM,dr3,5,trajectory,other
SSNMDI,SSNMDI,SSNMDI,Mrre_missing_20,0.67,TI,ICM,dr3,5,trajectory,other
SSNMDI,SSNMDI,SSNMDI,Mrre_missing_30,0.663,TI,ICM,dr3,5,trajectory,other
SSNMDI,SSNMDI,SSNMDI,aji_10,0.082,TI,ICM,dr1,5,trajectory,other
SSNMDI,SSNMDI,SSNMDI,aji_20,0.117,TI,ICM,dr1,5,trajectory,other
SSNMDI,SSNMDI,SSNMDI,aji_30,0.163,TI,ICM,dr1,5,trajectory,other
SSNMDI,SSNMDI,SSNMDI,nkr_10,0.152,TI,ICM,dr1,5,trajectory,other
SSNMDI,SSNMDI,SSNMDI,nkr_20,0.213,TI,ICM,dr1,5,trajectory,other
SSNMDI,SSNMDI,SSNMDI,nkr_30,0.278,TI,ICM,dr1,5,trajectory,other
SSNMDI,SSNMDI,SSNMDI,Mrre_missing_10,0.751,TI,blastocyst,dr3,5,trajectory,other
SSNMDI,SSNMDI,SSNMDI,Mrre_missing_20,0.731,TI,blastocyst,dr3,5,trajectory,other
SSNMDI,SSNMDI,SSNMDI,Mrre_missing_30,0.722,TI,blastocyst,dr3,5,trajectory,other
SSNMDI,SSNMDI,SSNMDI,aji_10,0.088,TI,blastocyst,dr1,5,trajectory,other
SSNMDI,SSNMDI,SSNMDI,aji_20,0.123,TI,blastocyst,dr1,5,trajectory,other
SSNMDI,SSNMDI,SSNMDI,aji_30,0.153,TI,blastocyst,dr1,5,trajectory,other
SSNMDI,SSNMDI,SSNMDI,nkr_10,0.17,TI,blastocyst,dr1,5,trajectory,other
SSNMDI,SSNMDI,SSNMDI,nkr_20,0.227,TI,blastocyst,dr1,5,trajectory,other
SSNMDI,SSNMDI,SSNMDI,nkr_30,0.269,TI,blastocyst,dr1,5,trajectory,other
SSNMDI,SSNMDI,SSNMDI,Mrre_missing_10,0.455,TI,combination-1,dr3,5,trajectory,other
SSNMDI,SSNMDI,SSNMDI,Mrre_missing_20,0.452,TI,combination-1,dr3,5,trajectory,other
SSNMDI,SSNMDI,SSNMDI,Mrre_missing_30,0.45,TI,combination-1,dr3,5,trajectory,other
SSNMDI,SSNMDI,SSNMDI,aji_10,0.002,TI,combination-1,dr1,5,trajectory,other
SSNMDI,SSNMDI,SSNMDI,aji_20,0.003,TI,combination-1,dr1,5,trajectory,other
SSNMDI,SSNMDI,SSNMDI,aji_30,0.005,TI,combination-1,dr1,5,trajectory,other
SSNMDI,SSNMDI,SSNMDI,nkr_10,0.003,TI,combination-1,dr1,5,trajectory,other
SSNMDI,SSNMDI,SSNMDI,nkr_20,0.007,TI,combination-1,dr1,5,trajectory,other
SSNMDI,SSNMDI,SSNMDI,nkr_30,0.009,TI,combination-1,dr1,5,trajectory,other
SSNMDI,SSNMDI,SSNMDI,Mrre_missing_10,0.528,TI,combination-2,dr3,5,trajectory,other
SSNMDI,SSNMDI,SSNMDI,Mrre_missing_20,0.528,TI,combination-2,dr3,5,trajectory,other
SSNMDI,SSNMDI,SSNMDI,Mrre_missing_30,0.529,TI,combination-2,dr3,5,trajectory,other
SSNMDI,SSNMDI,SSNMDI,aji_10,0.002,TI,combination-2,dr1,5,trajectory,other
SSNMDI,SSNMDI,SSNMDI,aji_20,0.004,TI,combination-2,dr1,5,trajectory,other
SSNMDI,SSNMDI,SSNMDI,aji_30,0.005,TI,combination-2,dr1,5,trajectory,other
SSNMDI,SSNMDI,SSNMDI,nkr_10,0.004,TI,combination-2,dr1,5,trajectory,other
SSNMDI,SSNMDI,SSNMDI,nkr_20,0.007,TI,combination-2,dr1,5,trajectory,other
SSNMDI,SSNMDI,SSNMDI,nkr_30,0.009,TI,combination-2,dr1,5,trajectory,other
SSNMDI,SSNMDI,SSNMDI,Mrre_missing_10,0.479,TI,combination-3,dr3,5,trajectory,other
SSNMDI,SSNMDI,SSNMDI,Mrre_missing_20,0.484,TI,combination-3,dr3,5,trajectory,other
SSNMDI,SSNMDI,SSNMDI,Mrre_missing_30,0.485,TI,combination-3,dr3,5,trajectory,other
SSNMDI,SSNMDI,SSNMDI,aji_10,0.003,TI,combination-3,dr1,5,trajectory,other
SSNMDI,SSNMDI,SSNMDI,aji_20,0.006,TI,combination-3,dr1,5,trajectory,other
SSNMDI,SSNMDI,SSNMDI,aji_30,0.008,TI,combination-3,dr1,5,trajectory,other
SSNMDI,SSNMDI,SSNMDI,nkr_10,0.006,TI,combination-3,dr1,5,trajectory,other
SSNMDI,SSNMDI,SSNMDI,nkr_20,0.011,TI,combination-3,dr1,5,trajectory,other
SSNMDI,SSNMDI,SSNMDI,nkr_30,0.017,TI,combination-3,dr1,5,trajectory,other
SSNMDI,SSNMDI,SSNMDI,Mrre_missing_10,0.671,TI,epiblast,dr3,5,trajectory,other
SSNMDI,SSNMDI,SSNMDI,Mrre_missing_20,0.659,TI,epiblast,dr3,5,trajectory,other
SSNMDI,SSNMDI,SSNMDI,Mrre_missing_30,0.648,TI,epiblast,dr3,5,trajectory,other
SSNMDI,SSNMDI,SSNMDI,aji_10,0.103,TI,epiblast,dr1,5,trajectory,other
SSNMDI,SSNMDI,SSNMDI,aji_20,0.174,TI,epiblast,dr1,5,trajectory,other
SSNMDI,SSNMDI,SSNMDI,aji_30,0.229,TI,epiblast,dr1,5,trajectory,other
SSNMDI,SSNMDI,SSNMDI,nkr_10,0.185,TI,epiblast,dr1,5,trajectory,other
SSNMDI,SSNMDI,SSNMDI,nkr_20,0.29,TI,epiblast,dr1,5,trajectory,other
SSNMDI,SSNMDI,SSNMDI,nkr_30,0.358,TI,epiblast,dr1,5,trajectory,other
SSNMDI,SSNMDI,SSNMDI,Mrre_missing_10,0.513,TI,epidermis,dr3,5,trajectory,other
SSNMDI,SSNMDI,SSNMDI,Mrre_missing_20,0.508,TI,epidermis,dr3,5,trajectory,other
SSNMDI,SSNMDI,SSNMDI,Mrre_missing_30,0.506,TI,epidermis,dr3,5,trajectory,other
SSNMDI,SSNMDI,SSNMDI,aji_10,0.002,TI,epidermis,dr1,5,trajectory,other
SSNMDI,SSNMDI,SSNMDI,aji_20,0.003,TI,epidermis,dr1,5,trajectory,other
SSNMDI,SSNMDI,SSNMDI,aji_30,0.005,TI,epidermis,dr1,5,trajectory,other
SSNMDI,SSNMDI,SSNMDI,nkr_10,0.003,TI,epidermis,dr1,5,trajectory,other
SSNMDI,SSNMDI,SSNMDI,nkr_20,0.006,TI,epidermis,dr1,5,trajectory,other
SSNMDI,SSNMDI,SSNMDI,nkr_30,0.01,TI,epidermis,dr1,5,trajectory,other
SSNMDI,SSNMDI,SSNMDI,Mrre_missing_10,0.687,TI,horns,dr3,5,trajectory,other
SSNMDI,SSNMDI,SSNMDI,Mrre_missing_20,0.68,TI,horns,dr3,5,trajectory,other
SSNMDI,SSNMDI,SSNMDI,Mrre_missing_30,0.674,TI,horns,dr3,5,trajectory,other
SSNMDI,SSNMDI,SSNMDI,aji_10,0.054,TI,horns,dr1,5,trajectory,other
SSNMDI,SSNMDI,SSNMDI,aji_20,0.086,TI,horns,dr1,5,trajectory,other
SSNMDI,SSNMDI,SSNMDI,aji_30,0.107,TI,horns,dr1,5,trajectory,other
SSNMDI,SSNMDI,SSNMDI,nkr_10,0.1,TI,horns,dr1,5,trajectory,other
SSNMDI,SSNMDI,SSNMDI,nkr_20,0.156,TI,horns,dr1,5,trajectory,other
SSNMDI,SSNMDI,SSNMDI,nkr_30,0.192,TI,horns,dr1,5,trajectory,other
SSNMDI,SSNMDI,SSNMDI,Mrre_missing_10,0.466,TI,muscle,dr3,5,trajectory,other
SSNMDI,SSNMDI,SSNMDI,Mrre_missing_20,0.468,TI,muscle,dr3,5,trajectory,other
SSNMDI,SSNMDI,SSNMDI,Mrre_missing_30,0.47,TI,muscle,dr3,5,trajectory,other
SSNMDI,SSNMDI,SSNMDI,aji_10,0.003,TI,muscle,dr1,5,trajectory,other
SSNMDI,SSNMDI,SSNMDI,aji_20,0.006,TI,muscle,dr1,5,trajectory,other
SSNMDI,SSNMDI,SSNMDI,aji_30,0.008,TI,muscle,dr1,5,trajectory,other
SSNMDI,SSNMDI,SSNMDI,nkr_10,0.005,TI,muscle,dr1,5,trajectory,other
SSNMDI,SSNMDI,SSNMDI,nkr_20,0.011,TI,muscle,dr1,5,trajectory,other
SSNMDI,SSNMDI,SSNMDI,nkr_30,0.016,TI,muscle,dr1,5,trajectory,other
SSNMDI,SSNMDI,SSNMDI,Mrre_missing_10,0.461,TI,neuron,dr3,5,trajectory,other
SSNMDI,SSNMDI,SSNMDI,Mrre_missing_20,0.463,TI,neuron,dr3,5,trajectory,other
SSNMDI,SSNMDI,SSNMDI,Mrre_missing_30,0.465,TI,neuron,dr3,5,trajectory,other
SSNMDI,SSNMDI,SSNMDI,aji_10,0.003,TI,neuron,dr1,5,trajectory,other
SSNMDI,SSNMDI,SSNMDI,aji_20,0.006,TI,neuron,dr1,5,trajectory,other
SSNMDI,SSNMDI,SSNMDI,aji_30,0.009,TI,neuron,dr1,5,trajectory,other
SSNMDI,SSNMDI,SSNMDI,nkr_10,0.006,TI,neuron,dr1,5,trajectory,other
SSNMDI,SSNMDI,SSNMDI,nkr_20,0.012,TI,neuron,dr1,5,trajectory,other
SSNMDI,SSNMDI,SSNMDI,nkr_30,0.017,TI,neuron,dr1,5,trajectory,other
SSNMDI,SSNMDI,SSNMDI,Mrre_missing_10,0.52,TI,pair-1,dr3,5,trajectory,other
SSNMDI,SSNMDI,SSNMDI,Mrre_missing_20,0.515,TI,pair-1,dr3,5,trajectory,other
SSNMDI,SSNMDI,SSNMDI,Mrre_missing_30,0.513,TI,pair-1,dr3,5,trajectory,other
SSNMDI,SSNMDI,SSNMDI,aji_10,0.001,TI,pair-1,dr1,5,trajectory,other
SSNMDI,SSNMDI,SSNMDI,aji_20,0.002,TI,pair-1,dr1,5,trajectory,other
SSNMDI,SSNMDI,SSNMDI,aji_30,0.003,TI,pair-1,dr1,5,trajectory,other
SSNMDI,SSNMDI,SSNMDI,nkr_10,0.002,TI,pair-1,dr1,5,trajectory,other
SSNMDI,SSNMDI,SSNMDI,nkr_20,0.004,TI,pair-1,dr1,5,trajectory,other
SSNMDI,SSNMDI,SSNMDI,nkr_30,0.006,TI,pair-1,dr1,5,trajectory,other
SSNMDI,SSNMDI,SSNMDI,Mrre_missing_10,0.545,TI,pair-2,dr3,5,trajectory,other
SSNMDI,SSNMDI,SSNMDI,Mrre_missing_20,0.544,TI,pair-2,dr3,5,trajectory,other
SSNMDI,SSNMDI,SSNMDI,Mrre_missing_30,0.542,TI,pair-2,dr3,5,trajectory,other
SSNMDI,SSNMDI,SSNMDI,aji_10,0.001,TI,pair-2,dr1,5,trajectory,other
SSNMDI,SSNMDI,SSNMDI,aji_20,0.002,TI,pair-2,dr1,5,trajectory,other
SSNMDI,SSNMDI,SSNMDI,aji_30,0.003,TI,pair-2,dr1,5,trajectory,other
SSNMDI,SSNMDI,SSNMDI,nkr_10,0.002,TI,pair-2,dr1,5,trajectory,other
SSNMDI,SSNMDI,SSNMDI,nkr_20,0.004,TI,pair-2,dr1,5,trajectory,other
SSNMDI,SSNMDI,SSNMDI,nkr_30,0.006,TI,pair-2,dr1,5,trajectory,other
SSNMDI,SSNMDI,SSNMDI,Mrre_missing_10,0.533,TI,pair-3,dr3,5,trajectory,other
SSNMDI,SSNMDI,SSNMDI,Mrre_missing_20,0.527,TI,pair-3,dr3,5,trajectory,other
SSNMDI,SSNMDI,SSNMDI,Mrre_missing_30,0.524,TI,pair-3,dr3,5,trajectory,other
SSNMDI,SSNMDI,SSNMDI,aji_10,0.001,TI,pair-3,dr1,5,trajectory,other
SSNMDI,SSNMDI,SSNMDI,aji_20,0.002,TI,pair-3,dr1,5,trajectory,other
SSNMDI,SSNMDI,SSNMDI,aji_30,0.003,TI,pair-3,dr1,5,trajectory,other
SSNMDI,SSNMDI,SSNMDI,nkr_10,0.002,TI,pair-3,dr1,5,trajectory,other
SSNMDI,SSNMDI,SSNMDI,nkr_20,0.004,TI,pair-3,dr1,5,trajectory,other
SSNMDI,SSNMDI,SSNMDI,nkr_30,0.006,TI,pair-3,dr1,5,trajectory,other
SSNMDI,SSNMDI,SSNMDI,Mrre_missing_10,0.565,TI,pair-4,dr3,5,trajectory,other
SSNMDI,SSNMDI,SSNMDI,Mrre_missing_20,0.562,TI,pair-4,dr3,5,trajectory,other
SSNMDI,SSNMDI,SSNMDI,Mrre_missing_30,0.56,TI,pair-4,dr3,5,trajectory,other
SSNMDI,SSNMDI,SSNMDI,aji_10,0.001,TI,pair-4,dr1,5,trajectory,other
SSNMDI,SSNMDI,SSNMDI,aji_20,0.002,TI,pair-4,dr1,5,trajectory,other
SSNMDI,SSNMDI,SSNMDI,aji_30,0.003,TI,pair-4,dr1,5,trajectory,other
SSNMDI,SSNMDI,SSNMDI,nkr_10,0.002,TI,pair-4,dr1,5,trajectory,other
SSNMDI,SSNMDI,SSNMDI,nkr_20,0.004,TI,pair-4,dr1,5,trajectory,other
SSNMDI,SSNMDI,SSNMDI,nkr_30,0.006,TI,pair-4,dr1,5,trajectory,other
SSNMDI,SSNMDI,SSNMDI,Mrre_missing_10,0.484,TI,parenchyme,dr3,5,trajectory,other
SSNMDI,SSNMDI,SSNMDI,Mrre_missing_20,0.485,TI,parenchyme,dr3,5,trajectory,other
SSNMDI,SSNMDI,SSNMDI,Mrre_missing_30,0.486,TI,parenchyme,dr3,5,trajectory,other
SSNMDI,SSNMDI,SSNMDI,aji_10,0.004,TI,parenchyme,dr1,5,trajectory,other
SSNMDI,SSNMDI,SSNMDI,aji_20,0.007,TI,parenchyme,dr1,5,trajectory,other
SSNMDI,SSNMDI,SSNMDI,aji_30,0.01,TI,parenchyme,dr1,5,trajectory,other
SSNMDI,SSNMDI,SSNMDI,nkr_10,0.007,TI,parenchyme,dr1,5,trajectory,other
SSNMDI,SSNMDI,SSNMDI,nkr_20,0.013,TI,parenchyme,dr1,5,trajectory,other
SSNMDI,SSNMDI,SSNMDI,nkr_30,0.019,TI,parenchyme,dr1,5,trajectory,other
SSNMDI,SSNMDI,SSNMDI,Mrre_missing_10,0.488,TI,phagocyte,dr3,5,trajectory,other
SSNMDI,SSNMDI,SSNMDI,Mrre_missing_20,0.49,TI,phagocyte,dr3,5,trajectory,other
SSNMDI,SSNMDI,SSNMDI,Mrre_missing_30,0.491,TI,phagocyte,dr3,5,trajectory,other
SSNMDI,SSNMDI,SSNMDI,aji_10,0.009,TI,phagocyte,dr1,5,trajectory,other
SSNMDI,SSNMDI,SSNMDI,aji_20,0.017,TI,phagocyte,dr1,5,trajectory,other
SSNMDI,SSNMDI,SSNMDI,aji_30,0.025,TI,phagocyte,dr1,5,trajectory,other
SSNMDI,SSNMDI,SSNMDI,nkr_10,0.017,TI,phagocyte,dr1,5,trajectory,other
SSNMDI,SSNMDI,SSNMDI,nkr_20,0.034,TI,phagocyte,dr1,5,trajectory,other
SSNMDI,SSNMDI,SSNMDI,nkr_30,0.048,TI,phagocyte,dr1,5,trajectory,other
SSNMDI,SSNMDI,SSNMDI,Mrre_missing_10,0.503,TI,pharynx,dr3,5,trajectory,other
SSNMDI,SSNMDI,SSNMDI,Mrre_missing_20,0.507,TI,pharynx,dr3,5,trajectory,other
SSNMDI,SSNMDI,SSNMDI,Mrre_missing_30,0.508,TI,pharynx,dr3,5,trajectory,other
SSNMDI,SSNMDI,SSNMDI,aji_10,0.018,TI,pharynx,dr1,5,trajectory,other
SSNMDI,SSNMDI,SSNMDI,aji_20,0.043,TI,pharynx,dr1,5,trajectory,other
SSNMDI,SSNMDI,SSNMDI,aji_30,0.065,TI,pharynx,dr1,5,trajectory,other
SSNMDI,SSNMDI,SSNMDI,nkr_10,0.034,TI,pharynx,dr1,5,trajectory,other
SSNMDI,SSNMDI,SSNMDI,nkr_20,0.078,TI,pharynx,dr1,5,trajectory,other
SSNMDI,SSNMDI,SSNMDI,nkr_30,0.118,TI,pharynx,dr1,5,trajectory,other
SSNMDI,SSNMDI,SSNMDI,Mrre_missing_10,0.635,TI,trophectoderm,dr3,5,trajectory,other
SSNMDI,SSNMDI,SSNMDI,Mrre_missing_20,0.615,TI,trophectoderm,dr3,5,trajectory,other
SSNMDI,SSNMDI,SSNMDI,Mrre_missing_30,0.601,TI,trophectoderm,dr3,5,trajectory,other
SSNMDI,SSNMDI,SSNMDI,aji_10,0.112,TI,trophectoderm,dr1,5,trajectory,other
SSNMDI,SSNMDI,SSNMDI,aji_20,0.184,TI,trophectoderm,dr1,5,trajectory,other
SSNMDI,SSNMDI,SSNMDI,aji_30,0.275,TI,trophectoderm,dr1,5,trajectory,other
SSNMDI,SSNMDI,SSNMDI,nkr_10,0.228,TI,trophectoderm,dr1,5,trajectory,other
SSNMDI,SSNMDI,SSNMDI,nkr_20,0.319,TI,trophectoderm,dr1,5,trajectory,other
SSNMDI,SSNMDI,SSNMDI,nkr_30,0.443,TI,trophectoderm,dr1,5,trajectory,other
SSNMDI,SSNMDI,SSNMDI,Mrre_missing_10,0.507,VASC,Baron,dr3,5,VASC,other
SSNMDI,SSNMDI,SSNMDI,Mrre_missing_20,0.508,VASC,Baron,dr3,5,VASC,other
SSNMDI,SSNMDI,SSNMDI,Mrre_missing_30,0.508,VASC,Baron,dr3,5,VASC,other
SSNMDI,SSNMDI,SSNMDI,aji_10,0.001,VASC,Baron,dr1,5,VASC,other
SSNMDI,SSNMDI,SSNMDI,aji_20,0.002,VASC,Baron,dr1,5,VASC,other
SSNMDI,SSNMDI,SSNMDI,aji_30,0.003,VASC,Baron,dr1,5,VASC,other
SSNMDI,SSNMDI,SSNMDI,nkr_10,0.002,VASC,Baron,dr1,5,VASC,other
SSNMDI,SSNMDI,SSNMDI,nkr_20,0.004,VASC,Baron,dr1,5,VASC,other
SSNMDI,SSNMDI,SSNMDI,nkr_30,0.006,VASC,Baron,dr1,5,VASC,other
SSNMDI,SSNMDI,SSNMDI,Mrre_missing_10,0.645,VASC,Biase,dr3,5,VASC,other
SSNMDI,SSNMDI,SSNMDI,Mrre_missing_20,0.629,VASC,Biase,dr3,5,VASC,other
SSNMDI,SSNMDI,SSNMDI,Mrre_missing_30,0.602,VASC,Biase,dr3,5,VASC,other
SSNMDI,SSNMDI,SSNMDI,aji_10,0.167,VASC,Biase,dr1,5,VASC,other
SSNMDI,SSNMDI,SSNMDI,aji_20,0.344,VASC,Biase,dr1,5,VASC,other
SSNMDI,SSNMDI,SSNMDI,aji_30,0.426,VASC,Biase,dr1,5,VASC,other
SSNMDI,SSNMDI,SSNMDI,nkr_10,0.302,VASC,Biase,dr1,5,VASC,other
SSNMDI,SSNMDI,SSNMDI,nkr_20,0.526,VASC,Biase,dr1,5,VASC,other
SSNMDI,SSNMDI,SSNMDI,nkr_30,0.615,VASC,Biase,dr1,5,VASC,other
SSNMDI,SSNMDI,SSNMDI,Mrre_missing_10,0.717,VASC,Goolam,dr3,5,VASC,other
SSNMDI,SSNMDI,SSNMDI,Mrre_missing_20,0.696,VASC,Goolam,dr3,5,VASC,other
SSNMDI,SSNMDI,SSNMDI,Mrre_missing_30,0.685,VASC,Goolam,dr3,5,VASC,other
SSNMDI,SSNMDI,SSNMDI,aji_10,0.171,VASC,Goolam,dr1,5,VASC,other
SSNMDI,SSNMDI,SSNMDI,aji_20,0.208,VASC,Goolam,dr1,5,VASC,other
SSNMDI,SSNMDI,SSNMDI,aji_30,0.251,VASC,Goolam,dr1,5,VASC,other
SSNMDI,SSNMDI,SSNMDI,nkr_10,0.324,VASC,Goolam,dr1,5,VASC,other
SSNMDI,SSNMDI,SSNMDI,nkr_20,0.359,VASC,Goolam,dr1,5,VASC,other
SSNMDI,SSNMDI,SSNMDI,nkr_30,0.41,VASC,Goolam,dr1,5,VASC,other
SSNMDI,SSNMDI,SSNMDI,Mrre_missing_10,0.513,VASC,Xin,dr3,5,VASC,other
SSNMDI,SSNMDI,SSNMDI,Mrre_missing_20,0.513,VASC,Xin,dr3,5,VASC,other
SSNMDI,SSNMDI,SSNMDI,Mrre_missing_30,0.513,VASC,Xin,dr3,5,VASC,other
SSNMDI,SSNMDI,SSNMDI,aji_10,0.007,VASC,Xin,dr1,5,VASC,other
SSNMDI,SSNMDI,SSNMDI,aji_20,0.011,VASC,Xin,dr1,5,VASC,other
SSNMDI,SSNMDI,SSNMDI,aji_30,0.016,VASC,Xin,dr1,5,VASC,other
SSNMDI,SSNMDI,SSNMDI,nkr_10,0.013,VASC,Xin,dr1,5,VASC,other
SSNMDI,SSNMDI,SSNMDI,nkr_20,0.021,VASC,Xin,dr1,5,VASC,other
SSNMDI,SSNMDI,SSNMDI,nkr_30,0.031,VASC,Xin,dr1,5,VASC,other
SSNMDI,SSNMDI,SSNMDI,Mrre_missing_10,0.607,VASC,Zeisel,dr3,5,VASC,other
SSNMDI,SSNMDI,SSNMDI,Mrre_missing_20,0.605,VASC,Zeisel,dr3,5,VASC,other
SSNMDI,SSNMDI,SSNMDI,Mrre_missing_30,0.603,VASC,Zeisel,dr3,5,VASC,other
SSNMDI,SSNMDI,SSNMDI,aji_10,0.007,VASC,Zeisel,dr1,5,VASC,other
SSNMDI,SSNMDI,SSNMDI,aji_20,0.013,VASC,Zeisel,dr1,5,VASC,other
SSNMDI,SSNMDI,SSNMDI,aji_30,0.018,VASC,Zeisel,dr1,5,VASC,other
SSNMDI,SSNMDI,SSNMDI,nkr_10,0.013,VASC,Zeisel,dr1,5,VASC,other
SSNMDI,SSNMDI,SSNMDI,nkr_20,0.025,VASC,Zeisel,dr1,5,VASC,other
SSNMDI,SSNMDI,SSNMDI,nkr_30,0.035,VASC,Zeisel,dr1,5,VASC,other
SSNMDI,SSNMDI,SSNMDI,Mrre_missing_10,0.714,VASC,yan,dr3,5,VASC,other
SSNMDI,SSNMDI,SSNMDI,Mrre_missing_20,0.696,VASC,yan,dr3,5,VASC,other
SSNMDI,SSNMDI,SSNMDI,Mrre_missing_30,0.687,VASC,yan,dr3,5,VASC,other
SSNMDI,SSNMDI,SSNMDI,aji_10,0.15,VASC,yan,dr1,5,VASC,other
SSNMDI,SSNMDI,SSNMDI,aji_20,0.244,VASC,yan,dr1,5,VASC,other
SSNMDI,SSNMDI,SSNMDI,aji_30,0.399,VASC,yan,dr1,5,VASC,other
SSNMDI,SSNMDI,SSNMDI,nkr_10,0.273,VASC,yan,dr1,5,VASC,other
SSNMDI,SSNMDI,SSNMDI,nkr_20,0.412,VASC,yan,dr1,5,VASC,other
SSNMDI,SSNMDI,SSNMDI,nkr_30,0.569,VASC,yan,dr1,5,VASC,other
SSNMDI,SSNMDI,SSNMDI,Mrre_missing_10,0.508,benchmarker,Baron_mouse,dr3,5,curated,other
SSNMDI,SSNMDI,SSNMDI,Mrre_missing_20,0.508,benchmarker,Baron_mouse,dr3,5,curated,other
SSNMDI,SSNMDI,SSNMDI,Mrre_missing_30,0.507,benchmarker,Baron_mouse,dr3,5,curated,other
SSNMDI,SSNMDI,SSNMDI,aji_10,0.004,benchmarker,Baron_mouse,dr1,5,curated,other
SSNMDI,SSNMDI,SSNMDI,aji_20,0.007,benchmarker,Baron_mouse,dr1,5,curated,other
SSNMDI,SSNMDI,SSNMDI,aji_30,0.009,benchmarker,Baron_mouse,dr1,5,curated,other
SSNMDI,SSNMDI,SSNMDI,nkr_10,0.007,benchmarker,Baron_mouse,dr1,5,curated,other
SSNMDI,SSNMDI,SSNMDI,nkr_20,0.013,benchmarker,Baron_mouse,dr1,5,curated,other
SSNMDI,SSNMDI,SSNMDI,nkr_30,0.018,benchmarker,Baron_mouse,dr1,5,curated,other
SSNMDI,SSNMDI,SSNMDI,Mrre_missing_10,0.526,benchmarker,Darmanis,dr3,5,curated,other
SSNMDI,SSNMDI,SSNMDI,Mrre_missing_20,0.523,benchmarker,Darmanis,dr3,5,curated,other
SSNMDI,SSNMDI,SSNMDI,Mrre_missing_30,0.522,benchmarker,Darmanis,dr3,5,curated,other
SSNMDI,SSNMDI,SSNMDI,aji_10,0.021,benchmarker,Darmanis,dr1,5,curated,other
SSNMDI,SSNMDI,SSNMDI,aji_20,0.037,benchmarker,Darmanis,dr1,5,curated,other
SSNMDI,SSNMDI,SSNMDI,aji_30,0.051,benchmarker,Darmanis,dr1,5,curated,other
SSNMDI,SSNMDI,SSNMDI,nkr_10,0.043,benchmarker,Darmanis,dr1,5,curated,other
SSNMDI,SSNMDI,SSNMDI,nkr_20,0.072,benchmarker,Darmanis,dr1,5,curated,other
SSNMDI,SSNMDI,SSNMDI,nkr_30,0.1,benchmarker,Darmanis,dr1,5,curated,other
SSNMDI,SSNMDI,SSNMDI,Mrre_missing_10,0.407,benchmarker,Pancreatic,dr3,5,curated,other
SSNMDI,SSNMDI,SSNMDI,Mrre_missing_20,0.404,benchmarker,Pancreatic,dr3,5,curated,other
SSNMDI,SSNMDI,SSNMDI,Mrre_missing_30,0.386,benchmarker,Pancreatic,dr3,5,curated,other
SSNMDI,SSNMDI,SSNMDI,aji_10,0.089,benchmarker,Pancreatic,dr1,5,curated,other
SSNMDI,SSNMDI,SSNMDI,aji_20,0.186,benchmarker,Pancreatic,dr1,5,curated,other
SSNMDI,SSNMDI,SSNMDI,aji_30,0.311,benchmarker,Pancreatic,dr1,5,curated,other
SSNMDI,SSNMDI,SSNMDI,nkr_10,0.157,benchmarker,Pancreatic,dr1,5,curated,other
SSNMDI,SSNMDI,SSNMDI,nkr_20,0.303,benchmarker,Pancreatic,dr1,5,curated,other
SSNMDI,SSNMDI,SSNMDI,nkr_30,0.467,benchmarker,Pancreatic,dr1,5,curated,other
SSNMDI,SSNMDI,SSNMDI,Mrre_missing_10,0.49,benchmarker,Silver,dr3,5,curated,other
SSNMDI,SSNMDI,SSNMDI,Mrre_missing_20,0.491,benchmarker,Silver,dr3,5,curated,other
SSNMDI,SSNMDI,SSNMDI,Mrre_missing_30,0.493,benchmarker,Silver,dr3,5,curated,other
SSNMDI,SSNMDI,SSNMDI,aji_10,0.002,benchmarker,Silver,dr1,5,curated,other
SSNMDI,SSNMDI,SSNMDI,aji_20,0.004,benchmarker,Silver,dr1,5,curated,other
SSNMDI,SSNMDI,SSNMDI,aji_30,0.006,benchmarker,Silver,dr1,5,curated,other
SSNMDI,SSNMDI,SSNMDI,nkr_10,0.004,benchmarker,Silver,dr1,5,curated,other
SSNMDI,SSNMDI,SSNMDI,nkr_20,0.007,benchmarker,Silver,dr1,5,curated,other
SSNMDI,SSNMDI,SSNMDI,nkr_30,0.011,benchmarker,Silver,dr1,5,curated,other
SSNMDI,SSNMDI,SSNMDI,Mrre_missing_10,0.576,benchmarker,Zhengmix4eq,dr3,5,curated,other
SSNMDI,SSNMDI,SSNMDI,Mrre_missing_20,0.573,benchmarker,Zhengmix4eq,dr3,5,curated,other
SSNMDI,SSNMDI,SSNMDI,Mrre_missing_30,0.572,benchmarker,Zhengmix4eq,dr3,5,curated,other
SSNMDI,SSNMDI,SSNMDI,aji_10,0.003,benchmarker,Zhengmix4eq,dr1,5,curated,other
SSNMDI,SSNMDI,SSNMDI,aji_20,0.006,benchmarker,Zhengmix4eq,dr1,5,curated,other
SSNMDI,SSNMDI,SSNMDI,aji_30,0.008,benchmarker,Zhengmix4eq,dr1,5,curated,other
SSNMDI,SSNMDI,SSNMDI,nkr_10,0.006,benchmarker,Zhengmix4eq,dr1,5,curated,other
SSNMDI,SSNMDI,SSNMDI,nkr_20,0.011,benchmarker,Zhengmix4eq,dr1,5,curated,other
SSNMDI,SSNMDI,SSNMDI,nkr_30,0.016,benchmarker,Zhengmix4eq,dr1,5,curated,other
SSNMDI,SSNMDI,SSNMDI,Mrre_missing_10,0.499,scDesign3,ACINAR,dr3,5,scDesign3,other
SSNMDI,SSNMDI,SSNMDI,Mrre_missing_20,0.5,scDesign3,ACINAR,dr3,5,scDesign3,other
SSNMDI,SSNMDI,SSNMDI,Mrre_missing_30,0.5,scDesign3,ACINAR,dr3,5,scDesign3,other
SSNMDI,SSNMDI,SSNMDI,aji_10,0.002,scDesign3,ACINAR,dr1,5,scDesign3,other
SSNMDI,SSNMDI,SSNMDI,aji_20,0.003,scDesign3,ACINAR,dr1,5,scDesign3,other
SSNMDI,SSNMDI,SSNMDI,aji_30,0.005,scDesign3,ACINAR,dr1,5,scDesign3,other
SSNMDI,SSNMDI,SSNMDI,nkr_10,0.003,scDesign3,ACINAR,dr1,5,scDesign3,other
SSNMDI,SSNMDI,SSNMDI,nkr_20,0.007,scDesign3,ACINAR,dr1,5,scDesign3,other
SSNMDI,SSNMDI,SSNMDI,nkr_30,0.01,scDesign3,ACINAR,dr1,5,scDesign3,other
SSNMDI,SSNMDI,SSNMDI,Mrre_missing_10,0.504,scDesign3,ATAC,dr3,5,scDesign3,other
SSNMDI,SSNMDI,SSNMDI,Mrre_missing_20,0.503,scDesign3,ATAC,dr3,5,scDesign3,other
SSNMDI,SSNMDI,SSNMDI,Mrre_missing_30,0.503,scDesign3,ATAC,dr3,5,scDesign3,other
SSNMDI,SSNMDI,SSNMDI,aji_10,0.001,scDesign3,ATAC,dr1,5,scDesign3,other
SSNMDI,SSNMDI,SSNMDI,aji_20,0.002,scDesign3,ATAC,dr1,5,scDesign3,other
SSNMDI,SSNMDI,SSNMDI,aji_30,0.002,scDesign3,ATAC,dr1,5,scDesign3,other
SSNMDI,SSNMDI,SSNMDI,nkr_10,0.001,scDesign3,ATAC,dr1,5,scDesign3,other
SSNMDI,SSNMDI,SSNMDI,nkr_20,0.003,scDesign3,ATAC,dr1,5,scDesign3,other
SSNMDI,SSNMDI,SSNMDI,nkr_30,0.004,scDesign3,ATAC,dr1,5,scDesign3,other
SSNMDI,SSNMDI,SSNMDI,Mrre_missing_10,0.577,scDesign3,BATCH,dr3,5,scDesign3,other
SSNMDI,SSNMDI,SSNMDI,Mrre_missing_20,0.576,scDesign3,BATCH,dr3,5,scDesign3,other
SSNMDI,SSNMDI,SSNMDI,Mrre_missing_30,0.576,scDesign3,BATCH,dr3,5,scDesign3,other
SSNMDI,SSNMDI,SSNMDI,aji_10,0.003,scDesign3,BATCH,dr1,5,scDesign3,other
SSNMDI,SSNMDI,SSNMDI,aji_20,0.006,scDesign3,BATCH,dr1,5,scDesign3,other
SSNMDI,SSNMDI,SSNMDI,aji_30,0.009,scDesign3,BATCH,dr1,5,scDesign3,other
SSNMDI,SSNMDI,SSNMDI,nkr_10,0.006,scDesign3,BATCH,dr1,5,scDesign3,other
SSNMDI,SSNMDI,SSNMDI,nkr_20,0.012,scDesign3,BATCH,dr1,5,scDesign3,other
SSNMDI,SSNMDI,SSNMDI,nkr_30,0.017,scDesign3,BATCH,dr1,5,scDesign3,other
SSNMDI,SSNMDI,SSNMDI,Mrre_missing_10,0.505,scDesign3,CITE,dr3,5,scDesign3,other
SSNMDI,SSNMDI,SSNMDI,Mrre_missing_20,0.505,scDesign3,CITE,dr3,5,scDesign3,other
SSNMDI,SSNMDI,SSNMDI,Mrre_missing_30,0.505,scDesign3,CITE,dr3,5,scDesign3,other
SSNMDI,SSNMDI,SSNMDI,aji_10,0.001,scDesign3,CITE,dr1,5,scDesign3,other
SSNMDI,SSNMDI,SSNMDI,aji_20,0.002,scDesign3,CITE,dr1,5,scDesign3,other
SSNMDI,SSNMDI,SSNMDI,aji_30,0.002,scDesign3,CITE,dr1,5,scDesign3,other
SSNMDI,SSNMDI,SSNMDI,nkr_10,0.002,scDesign3,CITE,dr1,5,scDesign3,other
SSNMDI,SSNMDI,SSNMDI,nkr_20,0.003,scDesign3,CITE,dr1,5,scDesign3,other
SSNMDI,SSNMDI,SSNMDI,nkr_30,0.004,scDesign3,CITE,dr1,5,scDesign3,other
SSNMDI,SSNMDI,SSNMDI,Mrre_missing_10,0.595,scDesign3,EMBYRO,dr3,5,scDesign3,other
SSNMDI,SSNMDI,SSNMDI,Mrre_missing_20,0.587,scDesign3,EMBYRO,dr3,5,scDesign3,other
SSNMDI,SSNMDI,SSNMDI,Mrre_missing_30,0.583,scDesign3,EMBYRO,dr3,5,scDesign3,other
SSNMDI,SSNMDI,SSNMDI,aji_10,0.014,scDesign3,EMBYRO,dr1,5,scDesign3,other
SSNMDI,SSNMDI,SSNMDI,aji_20,0.022,scDesign3,EMBYRO,dr1,5,scDesign3,other
SSNMDI,SSNMDI,SSNMDI,aji_30,0.03,scDesign3,EMBYRO,dr1,5,scDesign3,other
SSNMDI,SSNMDI,SSNMDI,nkr_10,0.028,scDesign3,EMBYRO,dr1,5,scDesign3,other
SSNMDI,SSNMDI,SSNMDI,nkr_20,0.044,scDesign3,EMBYRO,dr1,5,scDesign3,other
SSNMDI,SSNMDI,SSNMDI,nkr_30,0.06,scDesign3,EMBYRO,dr1,5,scDesign3,other
SSNMDI,SSNMDI,SSNMDI,Mrre_missing_10,0.503,scDesign3,IFNB,dr3,5,scDesign3,other
SSNMDI,SSNMDI,SSNMDI,Mrre_missing_20,0.503,scDesign3,IFNB,dr3,5,scDesign3,other
SSNMDI,SSNMDI,SSNMDI,Mrre_missing_30,0.502,scDesign3,IFNB,dr3,5,scDesign3,other
SSNMDI,SSNMDI,SSNMDI,aji_10,0.001,scDesign3,IFNB,dr1,5,scDesign3,other
SSNMDI,SSNMDI,SSNMDI,aji_20,0.001,scDesign3,IFNB,dr1,5,scDesign3,other
SSNMDI,SSNMDI,SSNMDI,aji_30,0.001,scDesign3,IFNB,dr1,5,scDesign3,other
SSNMDI,SSNMDI,SSNMDI,nkr_10,0.001,scDesign3,IFNB,dr1,5,scDesign3,other
SSNMDI,SSNMDI,SSNMDI,nkr_20,0.002,scDesign3,IFNB,dr1,5,scDesign3,other
SSNMDI,SSNMDI,SSNMDI,nkr_30,0.003,scDesign3,IFNB,dr1,5,scDesign3,other
SSNMDI,SSNMDI,SSNMDI,Mrre_missing_10,0.5,scDesign3,MARROW,dr3,5,scDesign3,other
SSNMDI,SSNMDI,SSNMDI,Mrre_missing_20,0.5,scDesign3,MARROW,dr3,5,scDesign3,other
SSNMDI,SSNMDI,SSNMDI,Mrre_missing_30,0.5,scDesign3,MARROW,dr3,5,scDesign3,other
SSNMDI,SSNMDI,SSNMDI,aji_10,0.002,scDesign3,MARROW,dr1,5,scDesign3,other
SSNMDI,SSNMDI,SSNMDI,aji_20,0.004,scDesign3,MARROW,dr1,5,scDesign3,other
SSNMDI,SSNMDI,SSNMDI,aji_30,0.006,scDesign3,MARROW,dr1,5,scDesign3,other
SSNMDI,SSNMDI,SSNMDI,nkr_10,0.004,scDesign3,MARROW,dr1,5,scDesign3,other
SSNMDI,SSNMDI,SSNMDI,nkr_20,0.008,scDesign3,MARROW,dr1,5,scDesign3,other
SSNMDI,SSNMDI,SSNMDI,nkr_30,0.012,scDesign3,MARROW,dr1,5,scDesign3,other
SSNMDI,SSNMDI,SSNMDI,Mrre_missing_10,0.614,scDesign3,MOBSC,dr3,5,scDesign3,other
SSNMDI,SSNMDI,SSNMDI,Mrre_missing_20,0.613,scDesign3,MOBSC,dr3,5,scDesign3,other
SSNMDI,SSNMDI,SSNMDI,Mrre_missing_30,0.612,scDesign3,MOBSC,dr3,5,scDesign3,other
SSNMDI,SSNMDI,SSNMDI,aji_10,0.001,scDesign3,MOBSC,dr1,5,scDesign3,other
SSNMDI,SSNMDI,SSNMDI,aji_20,0.002,scDesign3,MOBSC,dr1,5,scDesign3,other
SSNMDI,SSNMDI,SSNMDI,aji_30,0.004,scDesign3,MOBSC,dr1,5,scDesign3,other
SSNMDI,SSNMDI,SSNMDI,nkr_10,0.002,scDesign3,MOBSC,dr1,5,scDesign3,other
SSNMDI,SSNMDI,SSNMDI,nkr_20,0.005,scDesign3,MOBSC,dr1,5,scDesign3,other
SSNMDI,SSNMDI,SSNMDI,nkr_30,0.007,scDesign3,MOBSC,dr1,5,scDesign3,other
SSNMDI,SSNMDI,SSNMDI,Mrre_missing_10,0.5,scDesign3,OVARIAN,dr3,5,scDesign3,other
SSNMDI,SSNMDI,SSNMDI,Mrre_missing_20,0.5,scDesign3,OVARIAN,dr3,5,scDesign3,other
SSNMDI,SSNMDI,SSNMDI,Mrre_missing_30,0.5,scDesign3,OVARIAN,dr3,5,scDesign3,other
SSNMDI,SSNMDI,SSNMDI,aji_10,0.002,scDesign3,OVARIAN,dr1,5,scDesign3,other
SSNMDI,SSNMDI,SSNMDI,aji_20,0.003,scDesign3,OVARIAN,dr1,5,scDesign3,other
SSNMDI,SSNMDI,SSNMDI,aji_30,0.005,scDesign3,OVARIAN,dr1,5,scDesign3,other
SSNMDI,SSNMDI,SSNMDI,nkr_10,0.003,scDesign3,OVARIAN,dr1,5,scDesign3,other
SSNMDI,SSNMDI,SSNMDI,nkr_20,0.006,scDesign3,OVARIAN,dr1,5,scDesign3,other
SSNMDI,SSNMDI,SSNMDI,nkr_30,0.009,scDesign3,OVARIAN,dr1,5,scDesign3,other
SSNMDI,SSNMDI,SSNMDI,Mrre_missing_10,0.496,scDesign3,PANCREAS,dr3,5,scDesign3,other
SSNMDI,SSNMDI,SSNMDI,Mrre_missing_20,0.498,scDesign3,PANCREAS,dr3,5,scDesign3,other
SSNMDI,SSNMDI,SSNMDI,Mrre_missing_30,0.498,scDesign3,PANCREAS,dr3,5,scDesign3,other
SSNMDI,SSNMDI,SSNMDI,aji_10,0.003,scDesign3,PANCREAS,dr1,5,scDesign3,other
SSNMDI,SSNMDI,SSNMDI,aji_20,0.005,scDesign3,PANCREAS,dr1,5,scDesign3,other
SSNMDI,SSNMDI,SSNMDI,aji_30,0.008,scDesign3,PANCREAS,dr1,5,scDesign3,other
SSNMDI,SSNMDI,SSNMDI,nkr_10,0.005,scDesign3,PANCREAS,dr1,5,scDesign3,other
SSNMDI,SSNMDI,SSNMDI,nkr_20,0.01,scDesign3,PANCREAS,dr1,5,scDesign3,other
SSNMDI,SSNMDI,SSNMDI,nkr_30,0.015,scDesign3,PANCREAS,dr1,5,scDesign3,other
SSNMDI,SSNMDI,SSNMDI,Mrre_missing_10,0.654,scDesign3,SCGEMMETH,dr3,5,scDesign3,other
SSNMDI,SSNMDI,SSNMDI,Mrre_missing_20,0.653,scDesign3,SCGEMMETH,dr3,5,scDesign3,other
SSNMDI,SSNMDI,SSNMDI,Mrre_missing_30,0.649,scDesign3,SCGEMMETH,dr3,5,scDesign3,other
SSNMDI,SSNMDI,SSNMDI,aji_10,0.076,scDesign3,SCGEMMETH,dr1,5,scDesign3,other
SSNMDI,SSNMDI,SSNMDI,aji_20,0.155,scDesign3,SCGEMMETH,dr1,5,scDesign3,other
SSNMDI,SSNMDI,SSNMDI,aji_30,0.219,scDesign3,SCGEMMETH,dr1,5,scDesign3,other
SSNMDI,SSNMDI,SSNMDI,nkr_10,0.137,scDesign3,SCGEMMETH,dr1,5,scDesign3,other
SSNMDI,SSNMDI,SSNMDI,nkr_20,0.268,scDesign3,SCGEMMETH,dr1,5,scDesign3,other
SSNMDI,SSNMDI,SSNMDI,nkr_30,0.357,scDesign3,SCGEMMETH,dr1,5,scDesign3,other
SSNMDI,SSNMDI,SSNMDI,Mrre_missing_10,0.658,scDesign3,SCGEMRNA,dr3,5,scDesign3,other
SSNMDI,SSNMDI,SSNMDI,Mrre_missing_20,0.652,scDesign3,SCGEMRNA,dr3,5,scDesign3,other
SSNMDI,SSNMDI,SSNMDI,Mrre_missing_30,0.649,scDesign3,SCGEMRNA,dr3,5,scDesign3,other
SSNMDI,SSNMDI,SSNMDI,aji_10,0.078,scDesign3,SCGEMRNA,dr1,5,scDesign3,other
SSNMDI,SSNMDI,SSNMDI,aji_20,0.151,scDesign3,SCGEMRNA,dr1,5,scDesign3,other
SSNMDI,SSNMDI,SSNMDI,aji_30,0.211,scDesign3,SCGEMRNA,dr1,5,scDesign3,other
SSNMDI,SSNMDI,SSNMDI,nkr_10,0.145,scDesign3,SCGEMRNA,dr1,5,scDesign3,other
SSNMDI,SSNMDI,SSNMDI,nkr_20,0.259,scDesign3,SCGEMRNA,dr1,5,scDesign3,other
SSNMDI,SSNMDI,SSNMDI,nkr_30,0.34,scDesign3,SCGEMRNA,dr1,5,scDesign3,other
SSNMDI,SSNMDI,SSNMDI,Mrre_missing_10,0.513,scDesign3,SCIATAC,dr3,5,scDesign3,other
SSNMDI,SSNMDI,SSNMDI,Mrre_missing_20,0.508,scDesign3,SCIATAC,dr3,5,scDesign3,other
SSNMDI,SSNMDI,SSNMDI,Mrre_missing_30,0.505,scDesign3,SCIATAC,dr3,5,scDesign3,other
SSNMDI,SSNMDI,SSNMDI,aji_10,0.001,scDesign3,SCIATAC,dr1,5,scDesign3,other
SSNMDI,SSNMDI,SSNMDI,aji_20,0.003,scDesign3,SCIATAC,dr1,5,scDesign3,other
SSNMDI,SSNMDI,SSNMDI,aji_30,0.004,scDesign3,SCIATAC,dr1,5,scDesign3,other
SSNMDI,SSNMDI,SSNMDI,nkr_10,0.002,scDesign3,SCIATAC,dr1,5,scDesign3,other
SSNMDI,SSNMDI,SSNMDI,nkr_20,0.005,scDesign3,SCIATAC,dr1,5,scDesign3,other
SSNMDI,SSNMDI,SSNMDI,nkr_30,0.008,scDesign3,SCIATAC,dr1,5,scDesign3,other
SSNMDI,SSNMDI,SSNMDI,Mrre_missing_10,0.505,scDesign3,SLIDE,dr3,5,scDesign3,other
SSNMDI,SSNMDI,SSNMDI,Mrre_missing_20,0.505,scDesign3,SLIDE,dr3,5,scDesign3,other
SSNMDI,SSNMDI,SSNMDI,Mrre_missing_30,0.505,scDesign3,SLIDE,dr3,5,scDesign3,other
SSNMDI,SSNMDI,SSNMDI,aji_10,0.0,scDesign3,SLIDE,dr1,5,scDesign3,other
SSNMDI,SSNMDI,SSNMDI,aji_20,0.0,scDesign3,SLIDE,dr1,5,scDesign3,other
SSNMDI,SSNMDI,SSNMDI,aji_30,0.001,scDesign3,SLIDE,dr1,5,scDesign3,other
SSNMDI,SSNMDI,SSNMDI,nkr_10,0.0,scDesign3,SLIDE,dr1,5,scDesign3,other
SSNMDI,SSNMDI,SSNMDI,nkr_20,0.001,scDesign3,SLIDE,dr1,5,scDesign3,other
SSNMDI,SSNMDI,SSNMDI,nkr_30,0.001,scDesign3,SLIDE,dr1,5,scDesign3,other
SSNMDI,SSNMDI,SSNMDI,Mrre_missing_10,0.503,scDesign3,VISIUM,dr3,5,scDesign3,other
SSNMDI,SSNMDI,SSNMDI,Mrre_missing_20,0.502,scDesign3,VISIUM,dr3,5,scDesign3,other
SSNMDI,SSNMDI,SSNMDI,Mrre_missing_30,0.502,scDesign3,VISIUM,dr3,5,scDesign3,other
SSNMDI,SSNMDI,SSNMDI,aji_10,0.002,scDesign3,VISIUM,dr1,5,scDesign3,other
SSNMDI,SSNMDI,SSNMDI,aji_20,0.004,scDesign3,VISIUM,dr1,5,scDesign3,other
SSNMDI,SSNMDI,SSNMDI,aji_30,0.006,scDesign3,VISIUM,dr1,5,scDesign3,other
SSNMDI,SSNMDI,SSNMDI,nkr_10,0.005,scDesign3,VISIUM,dr1,5,scDesign3,other
SSNMDI,SSNMDI,SSNMDI,nkr_20,0.008,scDesign3,VISIUM,dr1,5,scDesign3,other
SSNMDI,SSNMDI,SSNMDI,nkr_30,0.011,scDesign3,VISIUM,dr1,5,scDesign3,other
tGPLVM,tGPLVM,tGPLVM,Mrre_missing_10,0.53,SIMLR,Pollen,dr3,6,SIMLR,other
tGPLVM,tGPLVM,tGPLVM,Mrre_missing_20,0.526,SIMLR,Pollen,dr3,6,SIMLR,other
tGPLVM,tGPLVM,tGPLVM,Mrre_missing_30,0.524,SIMLR,Pollen,dr3,6,SIMLR,other
tGPLVM,tGPLVM,tGPLVM,aji_10,0.025,SIMLR,Pollen,dr1,6,SIMLR,other
tGPLVM,tGPLVM,tGPLVM,aji_20,0.047,SIMLR,Pollen,dr1,6,SIMLR,other
tGPLVM,tGPLVM,tGPLVM,aji_30,0.07,SIMLR,Pollen,dr1,6,SIMLR,other
tGPLVM,tGPLVM,tGPLVM,nkr_10,0.042,SIMLR,Pollen,dr1,6,SIMLR,other
tGPLVM,tGPLVM,tGPLVM,nkr_20,0.09,SIMLR,Pollen,dr1,6,SIMLR,other
tGPLVM,tGPLVM,tGPLVM,nkr_30,0.129,SIMLR,Pollen,dr1,6,SIMLR,other
tGPLVM,tGPLVM,tGPLVM,Mrre_missing_10,0.583,SIMLR,Usoskin,dr3,6,SIMLR,other
tGPLVM,tGPLVM,tGPLVM,Mrre_missing_20,0.573,SIMLR,Usoskin,dr3,6,SIMLR,other
tGPLVM,tGPLVM,tGPLVM,Mrre_missing_30,0.567,SIMLR,Usoskin,dr3,6,SIMLR,other
tGPLVM,tGPLVM,tGPLVM,aji_10,0.016,SIMLR,Usoskin,dr1,6,SIMLR,other
tGPLVM,tGPLVM,tGPLVM,aji_20,0.03,SIMLR,Usoskin,dr1,6,SIMLR,other
tGPLVM,tGPLVM,tGPLVM,aji_30,0.048,SIMLR,Usoskin,dr1,6,SIMLR,other
tGPLVM,tGPLVM,tGPLVM,nkr_10,0.029,SIMLR,Usoskin,dr1,6,SIMLR,other
tGPLVM,tGPLVM,tGPLVM,nkr_20,0.054,SIMLR,Usoskin,dr1,6,SIMLR,other
tGPLVM,tGPLVM,tGPLVM,nkr_30,0.083,SIMLR,Usoskin,dr1,6,SIMLR,other
tGPLVM,tGPLVM,tGPLVM,Mrre_missing_10,0.822,TI,DA1_horns,dr3,6,trajectory,other
tGPLVM,tGPLVM,tGPLVM,Mrre_missing_20,0.822,TI,DA1_horns,dr3,6,trajectory,other
tGPLVM,tGPLVM,tGPLVM,Mrre_missing_30,0.821,TI,DA1_horns,dr3,6,trajectory,other
tGPLVM,tGPLVM,tGPLVM,aji_10,0.074,TI,DA1_horns,dr1,6,trajectory,other
tGPLVM,tGPLVM,tGPLVM,aji_20,0.162,TI,DA1_horns,dr1,6,trajectory,other
tGPLVM,tGPLVM,tGPLVM,aji_30,0.249,TI,DA1_horns,dr1,6,trajectory,other
tGPLVM,tGPLVM,tGPLVM,nkr_10,0.139,TI,DA1_horns,dr1,6,trajectory,other
tGPLVM,tGPLVM,tGPLVM,nkr_20,0.268,TI,DA1_horns,dr1,6,trajectory,other
tGPLVM,tGPLVM,tGPLVM,nkr_30,0.38,TI,DA1_horns,dr1,6,trajectory,other
tGPLVM,tGPLVM,tGPLVM,Mrre_missing_10,0.856,TI,DC3_VA1d_horns,dr3,6,trajectory,other
tGPLVM,tGPLVM,tGPLVM,Mrre_missing_20,0.855,TI,DC3_VA1d_horns,dr3,6,trajectory,other
tGPLVM,tGPLVM,tGPLVM,Mrre_missing_30,0.853,TI,DC3_VA1d_horns,dr3,6,trajectory,other
tGPLVM,tGPLVM,tGPLVM,aji_10,0.144,TI,DC3_VA1d_horns,dr1,6,trajectory,other
tGPLVM,tGPLVM,tGPLVM,aji_20,0.293,TI,DC3_VA1d_horns,dr1,6,trajectory,other
tGPLVM,tGPLVM,tGPLVM,aji_30,0.432,TI,DC3_VA1d_horns,dr1,6,trajectory,other
tGPLVM,tGPLVM,tGPLVM,nkr_10,0.254,TI,DC3_VA1d_horns,dr1,6,trajectory,other
tGPLVM,tGPLVM,tGPLVM,nkr_20,0.454,TI,DC3_VA1d_horns,dr1,6,trajectory,other
tGPLVM,tGPLVM,tGPLVM,nkr_30,0.593,TI,DC3_VA1d_horns,dr1,6,trajectory,other
tGPLVM,tGPLVM,tGPLVM,Mrre_missing_10,0.835,TI,ICM,dr3,6,trajectory,other
tGPLVM,tGPLVM,tGPLVM,Mrre_missing_20,0.837,TI,ICM,dr3,6,trajectory,other
tGPLVM,tGPLVM,tGPLVM,Mrre_missing_30,0.838,TI,ICM,dr3,6,trajectory,other
tGPLVM,tGPLVM,tGPLVM,aji_10,0.097,TI,ICM,dr1,6,trajectory,other
tGPLVM,tGPLVM,tGPLVM,aji_20,0.188,TI,ICM,dr1,6,trajectory,other
tGPLVM,tGPLVM,tGPLVM,aji_30,0.256,TI,ICM,dr1,6,trajectory,other
tGPLVM,tGPLVM,tGPLVM,nkr_10,0.162,TI,ICM,dr1,6,trajectory,other
tGPLVM,tGPLVM,tGPLVM,nkr_20,0.308,TI,ICM,dr1,6,trajectory,other
tGPLVM,tGPLVM,tGPLVM,nkr_30,0.395,TI,ICM,dr1,6,trajectory,other
tGPLVM,tGPLVM,tGPLVM,Mrre_missing_10,0.845,TI,blastocyst,dr3,6,trajectory,other
tGPLVM,tGPLVM,tGPLVM,Mrre_missing_20,0.843,TI,blastocyst,dr3,6,trajectory,other
tGPLVM,tGPLVM,tGPLVM,Mrre_missing_30,0.841,TI,blastocyst,dr3,6,trajectory,other
tGPLVM,tGPLVM,tGPLVM,aji_10,0.094,TI,blastocyst,dr1,6,trajectory,other
tGPLVM,tGPLVM,tGPLVM,aji_20,0.165,TI,blastocyst,dr1,6,trajectory,other
tGPLVM,tGPLVM,tGPLVM,aji_30,0.22,TI,blastocyst,dr1,6,trajectory,other
tGPLVM,tGPLVM,tGPLVM,nkr_10,0.166,TI,blastocyst,dr1,6,trajectory,other
tGPLVM,tGPLVM,tGPLVM,nkr_20,0.274,TI,blastocyst,dr1,6,trajectory,other
tGPLVM,tGPLVM,tGPLVM,nkr_30,0.354,TI,blastocyst,dr1,6,trajectory,other
tGPLVM,tGPLVM,tGPLVM,Mrre_missing_10,0.432,TI,combination-1,dr3,6,trajectory,other
tGPLVM,tGPLVM,tGPLVM,Mrre_missing_20,0.434,TI,combination-1,dr3,6,trajectory,other
tGPLVM,tGPLVM,tGPLVM,Mrre_missing_30,0.436,TI,combination-1,dr3,6,trajectory,other
tGPLVM,tGPLVM,tGPLVM,aji_10,0.002,TI,combination-1,dr1,6,trajectory,other
tGPLVM,tGPLVM,tGPLVM,aji_20,0.003,TI,combination-1,dr1,6,trajectory,other
tGPLVM,tGPLVM,tGPLVM,aji_30,0.005,TI,combination-1,dr1,6,trajectory,other
tGPLVM,tGPLVM,tGPLVM,nkr_10,0.003,TI,combination-1,dr1,6,trajectory,other
tGPLVM,tGPLVM,tGPLVM,nkr_20,0.006,TI,combination-1,dr1,6,trajectory,other
tGPLVM,tGPLVM,tGPLVM,nkr_30,0.009,TI,combination-1,dr1,6,trajectory,other
tGPLVM,tGPLVM,tGPLVM,Mrre_missing_10,0.496,TI,combination-2,dr3,6,trajectory,other
tGPLVM,tGPLVM,tGPLVM,Mrre_missing_20,0.499,TI,combination-2,dr3,6,trajectory,other
tGPLVM,tGPLVM,tGPLVM,Mrre_missing_30,0.5,TI,combination-2,dr3,6,trajectory,other
tGPLVM,tGPLVM,tGPLVM,aji_10,0.001,TI,combination-2,dr1,6,trajectory,other
tGPLVM,tGPLVM,tGPLVM,aji_20,0.002,TI,combination-2,dr1,6,trajectory,other
tGPLVM,tGPLVM,tGPLVM,aji_30,0.003,TI,combination-2,dr1,6,trajectory,other
tGPLVM,tGPLVM,tGPLVM,nkr_10,0.003,TI,combination-2,dr1,6,trajectory,other
tGPLVM,tGPLVM,tGPLVM,nkr_20,0.004,TI,combination-2,dr1,6,trajectory,other
tGPLVM,tGPLVM,tGPLVM,nkr_30,0.007,TI,combination-2,dr1,6,trajectory,other
tGPLVM,tGPLVM,tGPLVM,Mrre_missing_10,0.513,TI,combination-3,dr3,6,trajectory,other
tGPLVM,tGPLVM,tGPLVM,Mrre_missing_20,0.512,TI,combination-3,dr3,6,trajectory,other
tGPLVM,tGPLVM,tGPLVM,Mrre_missing_30,0.511,TI,combination-3,dr3,6,trajectory,other
tGPLVM,tGPLVM,tGPLVM,aji_10,0.003,TI,combination-3,dr1,6,trajectory,other
tGPLVM,tGPLVM,tGPLVM,aji_20,0.005,TI,combination-3,dr1,6,trajectory,other
tGPLVM,tGPLVM,tGPLVM,aji_30,0.007,TI,combination-3,dr1,6,trajectory,other
tGPLVM,tGPLVM,tGPLVM,nkr_10,0.005,TI,combination-3,dr1,6,trajectory,other
tGPLVM,tGPLVM,tGPLVM,nkr_20,0.01,TI,combination-3,dr1,6,trajectory,other
tGPLVM,tGPLVM,tGPLVM,nkr_30,0.014,TI,combination-3,dr1,6,trajectory,other
tGPLVM,tGPLVM,tGPLVM,Mrre_missing_10,0.75,TI,epiblast,dr3,6,trajectory,other
tGPLVM,tGPLVM,tGPLVM,Mrre_missing_20,0.749,TI,epiblast,dr3,6,trajectory,other
tGPLVM,tGPLVM,tGPLVM,Mrre_missing_30,0.749,TI,epiblast,dr3,6,trajectory,other
tGPLVM,tGPLVM,tGPLVM,aji_10,0.108,TI,epiblast,dr1,6,trajectory,other
tGPLVM,tGPLVM,tGPLVM,aji_20,0.199,TI,epiblast,dr1,6,trajectory,other
tGPLVM,tGPLVM,tGPLVM,aji_30,0.251,TI,epiblast,dr1,6,trajectory,other
tGPLVM,tGPLVM,tGPLVM,nkr_10,0.196,TI,epiblast,dr1,6,trajectory,other
tGPLVM,tGPLVM,tGPLVM,nkr_20,0.317,TI,epiblast,dr1,6,trajectory,other
tGPLVM,tGPLVM,tGPLVM,nkr_30,0.388,TI,epiblast,dr1,6,trajectory,other
tGPLVM,tGPLVM,tGPLVM,Mrre_missing_10,0.596,TI,epidermis,dr3,6,trajectory,other
tGPLVM,tGPLVM,tGPLVM,Mrre_missing_20,0.595,TI,epidermis,dr3,6,trajectory,other
tGPLVM,tGPLVM,tGPLVM,Mrre_missing_30,0.595,TI,epidermis,dr3,6,trajectory,other
tGPLVM,tGPLVM,tGPLVM,aji_10,0.002,TI,epidermis,dr1,6,trajectory,other
tGPLVM,tGPLVM,tGPLVM,aji_20,0.003,TI,epidermis,dr1,6,trajectory,other
tGPLVM,tGPLVM,tGPLVM,aji_30,0.005,TI,epidermis,dr1,6,trajectory,other
tGPLVM,tGPLVM,tGPLVM,nkr_10,0.003,TI,epidermis,dr1,6,trajectory,other
tGPLVM,tGPLVM,tGPLVM,nkr_20,0.006,TI,epidermis,dr1,6,trajectory,other
tGPLVM,tGPLVM,tGPLVM,nkr_30,0.009,TI,epidermis,dr1,6,trajectory,other
tGPLVM,tGPLVM,tGPLVM,Mrre_missing_10,0.851,TI,horns,dr3,6,trajectory,other
tGPLVM,tGPLVM,tGPLVM,Mrre_missing_20,0.849,TI,horns,dr3,6,trajectory,other
tGPLVM,tGPLVM,tGPLVM,Mrre_missing_30,0.846,TI,horns,dr3,6,trajectory,other
tGPLVM,tGPLVM,tGPLVM,aji_10,0.066,TI,horns,dr1,6,trajectory,other
tGPLVM,tGPLVM,tGPLVM,aji_20,0.113,TI,horns,dr1,6,trajectory,other
tGPLVM,tGPLVM,tGPLVM,aji_30,0.158,TI,horns,dr1,6,trajectory,other
tGPLVM,tGPLVM,tGPLVM,nkr_10,0.119,TI,horns,dr1,6,trajectory,other
tGPLVM,tGPLVM,tGPLVM,nkr_20,0.2,TI,horns,dr1,6,trajectory,other
tGPLVM,tGPLVM,tGPLVM,nkr_30,0.269,TI,horns,dr1,6,trajectory,other
tGPLVM,tGPLVM,tGPLVM,Mrre_missing_10,0.525,TI,muscle,dr3,6,trajectory,other
tGPLVM,tGPLVM,tGPLVM,Mrre_missing_20,0.52,TI,muscle,dr3,6,trajectory,other
tGPLVM,tGPLVM,tGPLVM,Mrre_missing_30,0.518,TI,muscle,dr3,6,trajectory,other
tGPLVM,tGPLVM,tGPLVM,aji_10,0.002,TI,muscle,dr1,6,trajectory,other
tGPLVM,tGPLVM,tGPLVM,aji_20,0.004,TI,muscle,dr1,6,trajectory,other
tGPLVM,tGPLVM,tGPLVM,aji_30,0.006,TI,muscle,dr1,6,trajectory,other
tGPLVM,tGPLVM,tGPLVM,nkr_10,0.005,TI,muscle,dr1,6,trajectory,other
tGPLVM,tGPLVM,tGPLVM,nkr_20,0.008,TI,muscle,dr1,6,trajectory,other
tGPLVM,tGPLVM,tGPLVM,nkr_30,0.012,TI,muscle,dr1,6,trajectory,other
tGPLVM,tGPLVM,tGPLVM,Mrre_missing_10,0.545,TI,neuron,dr3,6,trajectory,other
tGPLVM,tGPLVM,tGPLVM,Mrre_missing_20,0.54,TI,neuron,dr3,6,trajectory,other
tGPLVM,tGPLVM,tGPLVM,Mrre_missing_30,0.536,TI,neuron,dr3,6,trajectory,other
tGPLVM,tGPLVM,tGPLVM,aji_10,0.003,TI,neuron,dr1,6,trajectory,other
tGPLVM,tGPLVM,tGPLVM,aji_20,0.004,TI,neuron,dr1,6,trajectory,other
tGPLVM,tGPLVM,tGPLVM,aji_30,0.007,TI,neuron,dr1,6,trajectory,other
tGPLVM,tGPLVM,tGPLVM,nkr_10,0.005,TI,neuron,dr1,6,trajectory,other
tGPLVM,tGPLVM,tGPLVM,nkr_20,0.009,TI,neuron,dr1,6,trajectory,other
tGPLVM,tGPLVM,tGPLVM,nkr_30,0.013,TI,neuron,dr1,6,trajectory,other
tGPLVM,tGPLVM,tGPLVM,Mrre_missing_10,0.437,TI,pair-1,dr3,6,trajectory,other
tGPLVM,tGPLVM,tGPLVM,Mrre_missing_20,0.435,TI,pair-1,dr3,6,trajectory,other
tGPLVM,tGPLVM,tGPLVM,Mrre_missing_30,0.434,TI,pair-1,dr3,6,trajectory,other
tGPLVM,tGPLVM,tGPLVM,aji_10,0.001,TI,pair-1,dr1,6,trajectory,other
tGPLVM,tGPLVM,tGPLVM,aji_20,0.001,TI,pair-1,dr1,6,trajectory,other
tGPLVM,tGPLVM,tGPLVM,aji_30,0.002,TI,pair-1,dr1,6,trajectory,other
tGPLVM,tGPLVM,tGPLVM,nkr_10,0.001,TI,pair-1,dr1,6,trajectory,other
tGPLVM,tGPLVM,tGPLVM,nkr_20,0.002,TI,pair-1,dr1,6,trajectory,other
tGPLVM,tGPLVM,tGPLVM,nkr_30,0.004,TI,pair-1,dr1,6,trajectory,other
tGPLVM,tGPLVM,tGPLVM,Mrre_missing_10,0.484,TI,pair-2,dr3,6,trajectory,other
tGPLVM,tGPLVM,tGPLVM,Mrre_missing_20,0.486,TI,pair-2,dr3,6,trajectory,other
tGPLVM,tGPLVM,tGPLVM,Mrre_missing_30,0.486,TI,pair-2,dr3,6,trajectory,other
tGPLVM,tGPLVM,tGPLVM,aji_10,0.001,TI,pair-2,dr1,6,trajectory,other
tGPLVM,tGPLVM,tGPLVM,aji_20,0.001,TI,pair-2,dr1,6,trajectory,other
tGPLVM,tGPLVM,tGPLVM,aji_30,0.002,TI,pair-2,dr1,6,trajectory,other
tGPLVM,tGPLVM,tGPLVM,nkr_10,0.001,TI,pair-2,dr1,6,trajectory,other
tGPLVM,tGPLVM,tGPLVM,nkr_20,0.002,TI,pair-2,dr1,6,trajectory,other
tGPLVM,tGPLVM,tGPLVM,nkr_30,0.003,TI,pair-2,dr1,6,trajectory,other
tGPLVM,tGPLVM,tGPLVM,Mrre_missing_10,0.543,TI,pair-3,dr3,6,trajectory,other
tGPLVM,tGPLVM,tGPLVM,Mrre_missing_20,0.539,TI,pair-3,dr3,6,trajectory,other
tGPLVM,tGPLVM,tGPLVM,Mrre_missing_30,0.536,TI,pair-3,dr3,6,trajectory,other
tGPLVM,tGPLVM,tGPLVM,aji_10,0.001,TI,pair-3,dr1,6,trajectory,other
tGPLVM,tGPLVM,tGPLVM,aji_20,0.002,TI,pair-3,dr1,6,trajectory,other
tGPLVM,tGPLVM,tGPLVM,aji_30,0.002,TI,pair-3,dr1,6,trajectory,other
tGPLVM,tGPLVM,tGPLVM,nkr_10,0.001,TI,pair-3,dr1,6,trajectory,other
tGPLVM,tGPLVM,tGPLVM,nkr_20,0.003,TI,pair-3,dr1,6,trajectory,other
tGPLVM,tGPLVM,tGPLVM,nkr_30,0.005,TI,pair-3,dr1,6,trajectory,other
tGPLVM,tGPLVM,tGPLVM,Mrre_missing_10,0.513,TI,pair-4,dr3,6,trajectory,other
tGPLVM,tGPLVM,tGPLVM,Mrre_missing_20,0.513,TI,pair-4,dr3,6,trajectory,other
tGPLVM,tGPLVM,tGPLVM,Mrre_missing_30,0.512,TI,pair-4,dr3,6,trajectory,other
tGPLVM,tGPLVM,tGPLVM,aji_10,0.001,TI,pair-4,dr1,6,trajectory,other
tGPLVM,tGPLVM,tGPLVM,aji_20,0.001,TI,pair-4,dr1,6,trajectory,other
tGPLVM,tGPLVM,tGPLVM,aji_30,0.002,TI,pair-4,dr1,6,trajectory,other
tGPLVM,tGPLVM,tGPLVM,nkr_10,0.001,TI,pair-4,dr1,6,trajectory,other
tGPLVM,tGPLVM,tGPLVM,nkr_20,0.003,TI,pair-4,dr1,6,trajectory,other
tGPLVM,tGPLVM,tGPLVM,nkr_30,0.004,TI,pair-4,dr1,6,trajectory,other
tGPLVM,tGPLVM,tGPLVM,Mrre_missing_10,0.524,TI,parenchyme,dr3,6,trajectory,other
tGPLVM,tGPLVM,tGPLVM,Mrre_missing_20,0.524,TI,parenchyme,dr3,6,trajectory,other
tGPLVM,tGPLVM,tGPLVM,Mrre_missing_30,0.522,TI,parenchyme,dr3,6,trajectory,other
tGPLVM,tGPLVM,tGPLVM,aji_10,0.003,TI,parenchyme,dr1,6,trajectory,other
tGPLVM,tGPLVM,tGPLVM,aji_20,0.005,TI,parenchyme,dr1,6,trajectory,other
tGPLVM,tGPLVM,tGPLVM,aji_30,0.007,TI,parenchyme,dr1,6,trajectory,other
tGPLVM,tGPLVM,tGPLVM,nkr_10,0.005,TI,parenchyme,dr1,6,trajectory,other
tGPLVM,tGPLVM,tGPLVM,nkr_20,0.009,TI,parenchyme,dr1,6,trajectory,other
tGPLVM,tGPLVM,tGPLVM,nkr_30,0.014,TI,parenchyme,dr1,6,trajectory,other
tGPLVM,tGPLVM,tGPLVM,Mrre_missing_10,0.469,TI,phagocyte,dr3,6,trajectory,other
tGPLVM,tGPLVM,tGPLVM,Mrre_missing_20,0.476,TI,phagocyte,dr3,6,trajectory,other
tGPLVM,tGPLVM,tGPLVM,Mrre_missing_30,0.479,TI,phagocyte,dr3,6,trajectory,other
tGPLVM,tGPLVM,tGPLVM,aji_10,0.008,TI,phagocyte,dr1,6,trajectory,other
tGPLVM,tGPLVM,tGPLVM,aji_20,0.015,TI,phagocyte,dr1,6,trajectory,other
tGPLVM,tGPLVM,tGPLVM,aji_30,0.023,TI,phagocyte,dr1,6,trajectory,other
tGPLVM,tGPLVM,tGPLVM,nkr_10,0.015,TI,phagocyte,dr1,6,trajectory,other
tGPLVM,tGPLVM,tGPLVM,nkr_20,0.029,TI,phagocyte,dr1,6,trajectory,other
tGPLVM,tGPLVM,tGPLVM,nkr_30,0.044,TI,phagocyte,dr1,6,trajectory,other
tGPLVM,tGPLVM,tGPLVM,Mrre_missing_10,0.484,TI,pharynx,dr3,6,trajectory,other
tGPLVM,tGPLVM,tGPLVM,Mrre_missing_20,0.486,TI,pharynx,dr3,6,trajectory,other
tGPLVM,tGPLVM,tGPLVM,Mrre_missing_30,0.484,TI,pharynx,dr3,6,trajectory,other
tGPLVM,tGPLVM,tGPLVM,aji_10,0.02,TI,pharynx,dr1,6,trajectory,other
tGPLVM,tGPLVM,tGPLVM,aji_20,0.036,TI,pharynx,dr1,6,trajectory,other
tGPLVM,tGPLVM,tGPLVM,aji_30,0.053,TI,pharynx,dr1,6,trajectory,other
tGPLVM,tGPLVM,tGPLVM,nkr_10,0.035,TI,pharynx,dr1,6,trajectory,other
tGPLVM,tGPLVM,tGPLVM,nkr_20,0.067,TI,pharynx,dr1,6,trajectory,other
tGPLVM,tGPLVM,tGPLVM,nkr_30,0.1,TI,pharynx,dr1,6,trajectory,other
tGPLVM,tGPLVM,tGPLVM,Mrre_missing_10,0.75,TI,trophectoderm,dr3,6,trajectory,other
tGPLVM,tGPLVM,tGPLVM,Mrre_missing_20,0.741,TI,trophectoderm,dr3,6,trajectory,other
tGPLVM,tGPLVM,tGPLVM,Mrre_missing_30,0.729,TI,trophectoderm,dr3,6,trajectory,other
tGPLVM,tGPLVM,tGPLVM,aji_10,0.203,TI,trophectoderm,dr1,6,trajectory,other
tGPLVM,tGPLVM,tGPLVM,aji_20,0.352,TI,trophectoderm,dr1,6,trajectory,other
tGPLVM,tGPLVM,tGPLVM,aji_30,0.435,TI,trophectoderm,dr1,6,trajectory,other
tGPLVM,tGPLVM,tGPLVM,nkr_10,0.35,TI,trophectoderm,dr1,6,trajectory,other
tGPLVM,tGPLVM,tGPLVM,nkr_20,0.517,TI,trophectoderm,dr1,6,trajectory,other
tGPLVM,tGPLVM,tGPLVM,nkr_30,0.615,TI,trophectoderm,dr1,6,trajectory,other
tGPLVM,tGPLVM,tGPLVM,Mrre_missing_10,0.943,VASC,Baron,dr3,6,VASC,other
tGPLVM,tGPLVM,tGPLVM,Mrre_missing_20,0.941,VASC,Baron,dr3,6,VASC,other
tGPLVM,tGPLVM,tGPLVM,Mrre_missing_30,0.94,VASC,Baron,dr3,6,VASC,other
tGPLVM,tGPLVM,tGPLVM,aji_10,0.012,VASC,Baron,dr1,6,VASC,other
tGPLVM,tGPLVM,tGPLVM,aji_20,0.021,VASC,Baron,dr1,6,VASC,other
tGPLVM,tGPLVM,tGPLVM,aji_30,0.029,VASC,Baron,dr1,6,VASC,other
tGPLVM,tGPLVM,tGPLVM,nkr_10,0.023,VASC,Baron,dr1,6,VASC,other
tGPLVM,tGPLVM,tGPLVM,nkr_20,0.041,VASC,Baron,dr1,6,VASC,other
tGPLVM,tGPLVM,tGPLVM,nkr_30,0.057,VASC,Baron,dr1,6,VASC,other
tGPLVM,tGPLVM,tGPLVM,Mrre_missing_10,0.727,VASC,Biase,dr3,6,VASC,other
tGPLVM,tGPLVM,tGPLVM,Mrre_missing_20,0.705,VASC,Biase,dr3,6,VASC,other
tGPLVM,tGPLVM,tGPLVM,Mrre_missing_30,0.679,VASC,Biase,dr3,6,VASC,other
tGPLVM,tGPLVM,tGPLVM,aji_10,0.261,VASC,Biase,dr1,6,VASC,other
tGPLVM,tGPLVM,tGPLVM,aji_20,0.342,VASC,Biase,dr1,6,VASC,other
tGPLVM,tGPLVM,tGPLVM,aji_30,0.521,VASC,Biase,dr1,6,VASC,other
tGPLVM,tGPLVM,tGPLVM,nkr_10,0.389,VASC,Biase,dr1,6,VASC,other
tGPLVM,tGPLVM,tGPLVM,nkr_20,0.512,VASC,Biase,dr1,6,VASC,other
tGPLVM,tGPLVM,tGPLVM,nkr_30,0.682,VASC,Biase,dr1,6,VASC,other
tGPLVM,tGPLVM,tGPLVM,Mrre_missing_10,0.905,VASC,Goolam,dr3,6,VASC,other
tGPLVM,tGPLVM,tGPLVM,Mrre_missing_20,0.897,VASC,Goolam,dr3,6,VASC,other
tGPLVM,tGPLVM,tGPLVM,Mrre_missing_30,0.887,VASC,Goolam,dr3,6,VASC,other
tGPLVM,tGPLVM,tGPLVM,aji_10,0.271,VASC,Goolam,dr1,6,VASC,other
tGPLVM,tGPLVM,tGPLVM,aji_20,0.408,VASC,Goolam,dr1,6,VASC,other
tGPLVM,tGPLVM,tGPLVM,aji_30,0.497,VASC,Goolam,dr1,6,VASC,other
tGPLVM,tGPLVM,tGPLVM,nkr_10,0.422,VASC,Goolam,dr1,6,VASC,other
tGPLVM,tGPLVM,tGPLVM,nkr_20,0.592,VASC,Goolam,dr1,6,VASC,other
tGPLVM,tGPLVM,tGPLVM,nkr_30,0.675,VASC,Goolam,dr1,6,VASC,other
tGPLVM,tGPLVM,tGPLVM,Mrre_missing_10,0.661,VASC,Xin,dr3,6,VASC,other
tGPLVM,tGPLVM,tGPLVM,Mrre_missing_20,0.659,VASC,Xin,dr3,6,VASC,other
tGPLVM,tGPLVM,tGPLVM,Mrre_missing_30,0.659,VASC,Xin,dr3,6,VASC,other
tGPLVM,tGPLVM,tGPLVM,aji_10,0.01,VASC,Xin,dr1,6,VASC,other
tGPLVM,tGPLVM,tGPLVM,aji_20,0.017,VASC,Xin,dr1,6,VASC,other
tGPLVM,tGPLVM,tGPLVM,aji_30,0.025,VASC,Xin,dr1,6,VASC,other
tGPLVM,tGPLVM,tGPLVM,nkr_10,0.018,VASC,Xin,dr1,6,VASC,other
tGPLVM,tGPLVM,tGPLVM,nkr_20,0.034,VASC,Xin,dr1,6,VASC,other
tGPLVM,tGPLVM,tGPLVM,nkr_30,0.046,VASC,Xin,dr1,6,VASC,other
tGPLVM,tGPLVM,tGPLVM,Mrre_missing_10,0.887,VASC,Zeisel,dr3,6,VASC,other
tGPLVM,tGPLVM,tGPLVM,Mrre_missing_20,0.883,VASC,Zeisel,dr3,6,VASC,other
tGPLVM,tGPLVM,tGPLVM,Mrre_missing_30,0.881,VASC,Zeisel,dr3,6,VASC,other
tGPLVM,tGPLVM,tGPLVM,aji_10,0.023,VASC,Zeisel,dr1,6,VASC,other
tGPLVM,tGPLVM,tGPLVM,aji_20,0.04,VASC,Zeisel,dr1,6,VASC,other
tGPLVM,tGPLVM,tGPLVM,aji_30,0.055,VASC,Zeisel,dr1,6,VASC,other
tGPLVM,tGPLVM,tGPLVM,nkr_10,0.046,VASC,Zeisel,dr1,6,VASC,other
tGPLVM,tGPLVM,tGPLVM,nkr_20,0.075,VASC,Zeisel,dr1,6,VASC,other
tGPLVM,tGPLVM,tGPLVM,nkr_30,0.102,VASC,Zeisel,dr1,6,VASC,other
tGPLVM,tGPLVM,tGPLVM,Mrre_missing_10,0.895,VASC,yan,dr3,6,VASC,other
tGPLVM,tGPLVM,tGPLVM,Mrre_missing_20,0.892,VASC,yan,dr3,6,VASC,other
tGPLVM,tGPLVM,tGPLVM,Mrre_missing_30,0.887,VASC,yan,dr3,6,VASC,other
tGPLVM,tGPLVM,tGPLVM,aji_10,0.273,VASC,yan,dr1,6,VASC,other
tGPLVM,tGPLVM,tGPLVM,aji_20,0.589,VASC,yan,dr1,6,VASC,other
tGPLVM,tGPLVM,tGPLVM,aji_30,0.798,VASC,yan,dr1,6,VASC,other
tGPLVM,tGPLVM,tGPLVM,nkr_10,0.464,VASC,yan,dr1,6,VASC,other
tGPLVM,tGPLVM,tGPLVM,nkr_20,0.75,VASC,yan,dr1,6,VASC,other
tGPLVM,tGPLVM,tGPLVM,nkr_30,0.933,VASC,yan,dr1,6,VASC,other
tGPLVM,tGPLVM,tGPLVM,Mrre_missing_10,0.742,benchmarker,Baron_mouse,dr3,6,curated,other
tGPLVM,tGPLVM,tGPLVM,Mrre_missing_20,0.736,benchmarker,Baron_mouse,dr3,6,curated,other
tGPLVM,tGPLVM,tGPLVM,Mrre_missing_30,0.733,benchmarker,Baron_mouse,dr3,6,curated,other
tGPLVM,tGPLVM,tGPLVM,aji_10,0.011,benchmarker,Baron_mouse,dr1,6,curated,other
tGPLVM,tGPLVM,tGPLVM,aji_20,0.019,benchmarker,Baron_mouse,dr1,6,curated,other
tGPLVM,tGPLVM,tGPLVM,aji_30,0.027,benchmarker,Baron_mouse,dr1,6,curated,other
tGPLVM,tGPLVM,tGPLVM,nkr_10,0.02,benchmarker,Baron_mouse,dr1,6,curated,other
tGPLVM,tGPLVM,tGPLVM,nkr_20,0.036,benchmarker,Baron_mouse,dr1,6,curated,other
tGPLVM,tGPLVM,tGPLVM,nkr_30,0.051,benchmarker,Baron_mouse,dr1,6,curated,other
tGPLVM,tGPLVM,tGPLVM,Mrre_missing_10,0.785,benchmarker,Darmanis,dr3,6,curated,other
tGPLVM,tGPLVM,tGPLVM,Mrre_missing_20,0.782,benchmarker,Darmanis,dr3,6,curated,other
tGPLVM,tGPLVM,tGPLVM,Mrre_missing_30,0.778,benchmarker,Darmanis,dr3,6,curated,other
tGPLVM,tGPLVM,tGPLVM,aji_10,0.073,benchmarker,Darmanis,dr1,6,curated,other
tGPLVM,tGPLVM,tGPLVM,aji_20,0.134,benchmarker,Darmanis,dr1,6,curated,other
tGPLVM,tGPLVM,tGPLVM,aji_30,0.192,benchmarker,Darmanis,dr1,6,curated,other
tGPLVM,tGPLVM,tGPLVM,nkr_10,0.13,benchmarker,Darmanis,dr1,6,curated,other
tGPLVM,tGPLVM,tGPLVM,nkr_20,0.228,benchmarker,Darmanis,dr1,6,curated,other
tGPLVM,tGPLVM,tGPLVM,nkr_30,0.308,benchmarker,Darmanis,dr1,6,curated,other
tGPLVM,tGPLVM,tGPLVM,Mrre_missing_10,0.469,benchmarker,Pancreatic,dr3,6,curated,other
tGPLVM,tGPLVM,tGPLVM,Mrre_missing_20,0.455,benchmarker,Pancreatic,dr3,6,curated,other
tGPLVM,tGPLVM,tGPLVM,Mrre_missing_30,0.431,benchmarker,Pancreatic,dr3,6,curated,other
tGPLVM,tGPLVM,tGPLVM,aji_10,0.117,benchmarker,Pancreatic,dr1,6,curated,other
tGPLVM,tGPLVM,tGPLVM,aji_20,0.179,benchmarker,Pancreatic,dr1,6,curated,other
tGPLVM,tGPLVM,tGPLVM,aji_30,0.257,benchmarker,Pancreatic,dr1,6,curated,other
tGPLVM,tGPLVM,tGPLVM,nkr_10,0.222,benchmarker,Pancreatic,dr1,6,curated,other
tGPLVM,tGPLVM,tGPLVM,nkr_20,0.308,benchmarker,Pancreatic,dr1,6,curated,other
tGPLVM,tGPLVM,tGPLVM,nkr_30,0.42,benchmarker,Pancreatic,dr1,6,curated,other
tGPLVM,tGPLVM,tGPLVM,Mrre_missing_10,0.86,benchmarker,Silver,dr3,6,curated,other
tGPLVM,tGPLVM,tGPLVM,Mrre_missing_20,0.858,benchmarker,Silver,dr3,6,curated,other
tGPLVM,tGPLVM,tGPLVM,Mrre_missing_30,0.857,benchmarker,Silver,dr3,6,curated,other
tGPLVM,tGPLVM,tGPLVM,aji_10,0.013,benchmarker,Silver,dr1,6,curated,other
tGPLVM,tGPLVM,tGPLVM,aji_20,0.023,benchmarker,Silver,dr1,6,curated,other
tGPLVM,tGPLVM,tGPLVM,aji_30,0.032,benchmarker,Silver,dr1,6,curated,other
tGPLVM,tGPLVM,tGPLVM,nkr_10,0.025,benchmarker,Silver,dr1,6,curated,other
tGPLVM,tGPLVM,tGPLVM,nkr_20,0.043,benchmarker,Silver,dr1,6,curated,other
tGPLVM,tGPLVM,tGPLVM,nkr_30,0.06,benchmarker,Silver,dr1,6,curated,other
tGPLVM,tGPLVM,tGPLVM,Mrre_missing_10,0.748,benchmarker,Zhengmix4eq,dr3,6,curated,other
tGPLVM,tGPLVM,tGPLVM,Mrre_missing_20,0.744,benchmarker,Zhengmix4eq,dr3,6,curated,other
tGPLVM,tGPLVM,tGPLVM,Mrre_missing_30,0.741,benchmarker,Zhengmix4eq,dr3,6,curated,other
tGPLVM,tGPLVM,tGPLVM,aji_10,0.004,benchmarker,Zhengmix4eq,dr1,6,curated,other
tGPLVM,tGPLVM,tGPLVM,aji_20,0.008,benchmarker,Zhengmix4eq,dr1,6,curated,other
tGPLVM,tGPLVM,tGPLVM,aji_30,0.011,benchmarker,Zhengmix4eq,dr1,6,curated,other
tGPLVM,tGPLVM,tGPLVM,nkr_10,0.008,benchmarker,Zhengmix4eq,dr1,6,curated,other
tGPLVM,tGPLVM,tGPLVM,nkr_20,0.015,benchmarker,Zhengmix4eq,dr1,6,curated,other
tGPLVM,tGPLVM,tGPLVM,nkr_30,0.021,benchmarker,Zhengmix4eq,dr1,6,curated,other
tGPLVM,tGPLVM,tGPLVM,Mrre_missing_10,0.529,scDesign3,ACINAR,dr3,6,scDesign3,other
tGPLVM,tGPLVM,tGPLVM,Mrre_missing_20,0.528,scDesign3,ACINAR,dr3,6,scDesign3,other
tGPLVM,tGPLVM,tGPLVM,Mrre_missing_30,0.528,scDesign3,ACINAR,dr3,6,scDesign3,other
tGPLVM,tGPLVM,tGPLVM,aji_10,0.003,scDesign3,ACINAR,dr1,6,scDesign3,other
tGPLVM,tGPLVM,tGPLVM,aji_20,0.005,scDesign3,ACINAR,dr1,6,scDesign3,other
tGPLVM,tGPLVM,tGPLVM,aji_30,0.007,scDesign3,ACINAR,dr1,6,scDesign3,other
tGPLVM,tGPLVM,tGPLVM,nkr_10,0.005,scDesign3,ACINAR,dr1,6,scDesign3,other
tGPLVM,tGPLVM,tGPLVM,nkr_20,0.01,scDesign3,ACINAR,dr1,6,scDesign3,other
tGPLVM,tGPLVM,tGPLVM,nkr_30,0.014,scDesign3,ACINAR,dr1,6,scDesign3,other
tGPLVM,tGPLVM,tGPLVM,Mrre_missing_10,0.804,scDesign3,ATAC,dr3,6,scDesign3,other
tGPLVM,tGPLVM,tGPLVM,Mrre_missing_20,0.803,scDesign3,ATAC,dr3,6,scDesign3,other
tGPLVM,tGPLVM,tGPLVM,Mrre_missing_30,0.802,scDesign3,ATAC,dr3,6,scDesign3,other
tGPLVM,tGPLVM,tGPLVM,aji_10,0.002,scDesign3,ATAC,dr1,6,scDesign3,other
tGPLVM,tGPLVM,tGPLVM,aji_20,0.004,scDesign3,ATAC,dr1,6,scDesign3,other
tGPLVM,tGPLVM,tGPLVM,aji_30,0.005,scDesign3,ATAC,dr1,6,scDesign3,other
tGPLVM,tGPLVM,tGPLVM,nkr_10,0.004,scDesign3,ATAC,dr1,6,scDesign3,other
tGPLVM,tGPLVM,tGPLVM,nkr_20,0.007,scDesign3,ATAC,dr1,6,scDesign3,other
tGPLVM,tGPLVM,tGPLVM,nkr_30,0.011,scDesign3,ATAC,dr1,6,scDesign3,other
tGPLVM,tGPLVM,tGPLVM,Mrre_missing_10,0.59,scDesign3,BATCH,dr3,6,scDesign3,other
tGPLVM,tGPLVM,tGPLVM,Mrre_missing_20,0.589,scDesign3,BATCH,dr3,6,scDesign3,other
tGPLVM,tGPLVM,tGPLVM,Mrre_missing_30,0.588,scDesign3,BATCH,dr3,6,scDesign3,other
tGPLVM,tGPLVM,tGPLVM,aji_10,0.002,scDesign3,BATCH,dr1,6,scDesign3,other
tGPLVM,tGPLVM,tGPLVM,aji_20,0.004,scDesign3,BATCH,dr1,6,scDesign3,other
tGPLVM,tGPLVM,tGPLVM,aji_30,0.005,scDesign3,BATCH,dr1,6,scDesign3,other
tGPLVM,tGPLVM,tGPLVM,nkr_10,0.004,scDesign3,BATCH,dr1,6,scDesign3,other
tGPLVM,tGPLVM,tGPLVM,nkr_20,0.007,scDesign3,BATCH,dr1,6,scDesign3,other
tGPLVM,tGPLVM,tGPLVM,nkr_30,0.01,scDesign3,BATCH,dr1,6,scDesign3,other
tGPLVM,tGPLVM,tGPLVM,Mrre_missing_10,0.52,scDesign3,CITE,dr3,6,scDesign3,other
tGPLVM,tGPLVM,tGPLVM,Mrre_missing_20,0.52,scDesign3,CITE,dr3,6,scDesign3,other
tGPLVM,tGPLVM,tGPLVM,Mrre_missing_30,0.52,scDesign3,CITE,dr3,6,scDesign3,other
tGPLVM,tGPLVM,tGPLVM,aji_10,0.002,scDesign3,CITE,dr1,6,scDesign3,other
tGPLVM,tGPLVM,tGPLVM,aji_20,0.003,scDesign3,CITE,dr1,6,scDesign3,other
tGPLVM,tGPLVM,tGPLVM,aji_30,0.004,scDesign3,CITE,dr1,6,scDesign3,other
tGPLVM,tGPLVM,tGPLVM,nkr_10,0.003,scDesign3,CITE,dr1,6,scDesign3,other
tGPLVM,tGPLVM,tGPLVM,nkr_20,0.005,scDesign3,CITE,dr1,6,scDesign3,other
tGPLVM,tGPLVM,tGPLVM,nkr_30,0.007,scDesign3,CITE,dr1,6,scDesign3,other
tGPLVM,tGPLVM,tGPLVM,Mrre_missing_10,0.544,scDesign3,EMBYRO,dr3,6,scDesign3,other
tGPLVM,tGPLVM,tGPLVM,Mrre_missing_20,0.543,scDesign3,EMBYRO,dr3,6,scDesign3,other
tGPLVM,tGPLVM,tGPLVM,Mrre_missing_30,0.543,scDesign3,EMBYRO,dr3,6,scDesign3,other
tGPLVM,tGPLVM,tGPLVM,aji_10,0.007,scDesign3,EMBYRO,dr1,6,scDesign3,other
tGPLVM,tGPLVM,tGPLVM,aji_20,0.012,scDesign3,EMBYRO,dr1,6,scDesign3,other
tGPLVM,tGPLVM,tGPLVM,aji_30,0.016,scDesign3,EMBYRO,dr1,6,scDesign3,other
tGPLVM,tGPLVM,tGPLVM,nkr_10,0.014,scDesign3,EMBYRO,dr1,6,scDesign3,other
tGPLVM,tGPLVM,tGPLVM,nkr_20,0.023,scDesign3,EMBYRO,dr1,6,scDesign3,other
tGPLVM,tGPLVM,tGPLVM,nkr_30,0.031,scDesign3,EMBYRO,dr1,6,scDesign3,other
tGPLVM,tGPLVM,tGPLVM,Mrre_missing_10,0.569,scDesign3,IFNB,dr3,6,scDesign3,other
tGPLVM,tGPLVM,tGPLVM,Mrre_missing_20,0.569,scDesign3,IFNB,dr3,6,scDesign3,other
tGPLVM,tGPLVM,tGPLVM,Mrre_missing_30,0.569,scDesign3,IFNB,dr3,6,scDesign3,other
tGPLVM,tGPLVM,tGPLVM,aji_10,0.001,scDesign3,IFNB,dr1,6,scDesign3,other
tGPLVM,tGPLVM,tGPLVM,aji_20,0.003,scDesign3,IFNB,dr1,6,scDesign3,other
tGPLVM,tGPLVM,tGPLVM,aji_30,0.004,scDesign3,IFNB,dr1,6,scDesign3,other
tGPLVM,tGPLVM,tGPLVM,nkr_10,0.003,scDesign3,IFNB,dr1,6,scDesign3,other
tGPLVM,tGPLVM,tGPLVM,nkr_20,0.004,scDesign3,IFNB,dr1,6,scDesign3,other
tGPLVM,tGPLVM,tGPLVM,nkr_30,0.006,scDesign3,IFNB,dr1,6,scDesign3,other
tGPLVM,tGPLVM,tGPLVM,Mrre_missing_10,0.911,scDesign3,MARROW,dr3,6,scDesign3,other
tGPLVM,tGPLVM,tGPLVM,Mrre_missing_20,0.91,scDesign3,MARROW,dr3,6,scDesign3,other
tGPLVM,tGPLVM,tGPLVM,Mrre_missing_30,0.91,scDesign3,MARROW,dr3,6,scDesign3,other
tGPLVM,tGPLVM,tGPLVM,aji_10,0.022,scDesign3,MARROW,dr1,6,scDesign3,other
tGPLVM,tGPLVM,tGPLVM,aji_20,0.039,scDesign3,MARROW,dr1,6,scDesign3,other
tGPLVM,tGPLVM,tGPLVM,aji_30,0.055,scDesign3,MARROW,dr1,6,scDesign3,other
tGPLVM,tGPLVM,tGPLVM,nkr_10,0.041,scDesign3,MARROW,dr1,6,scDesign3,other
tGPLVM,tGPLVM,tGPLVM,nkr_20,0.073,scDesign3,MARROW,dr1,6,scDesign3,other
tGPLVM,tGPLVM,tGPLVM,nkr_30,0.102,scDesign3,MARROW,dr1,6,scDesign3,other
tGPLVM,tGPLVM,tGPLVM,Mrre_missing_10,0.824,scDesign3,MOBSC,dr3,6,scDesign3,other
tGPLVM,tGPLVM,tGPLVM,Mrre_missing_20,0.822,scDesign3,MOBSC,dr3,6,scDesign3,other
tGPLVM,tGPLVM,tGPLVM,Mrre_missing_30,0.82,scDesign3,MOBSC,dr3,6,scDesign3,other
tGPLVM,tGPLVM,tGPLVM,aji_10,0.003,scDesign3,MOBSC,dr1,6,scDesign3,other
tGPLVM,tGPLVM,tGPLVM,aji_20,0.005,scDesign3,MOBSC,dr1,6,scDesign3,other
tGPLVM,tGPLVM,tGPLVM,aji_30,0.007,scDesign3,MOBSC,dr1,6,scDesign3,other
tGPLVM,tGPLVM,tGPLVM,nkr_10,0.005,scDesign3,MOBSC,dr1,6,scDesign3,other
tGPLVM,tGPLVM,tGPLVM,nkr_20,0.01,scDesign3,MOBSC,dr1,6,scDesign3,other
tGPLVM,tGPLVM,tGPLVM,nkr_30,0.014,scDesign3,MOBSC,dr1,6,scDesign3,other
tGPLVM,tGPLVM,tGPLVM,Mrre_missing_10,0.558,scDesign3,OVARIAN,dr3,6,scDesign3,other
tGPLVM,tGPLVM,tGPLVM,Mrre_missing_20,0.557,scDesign3,OVARIAN,dr3,6,scDesign3,other
tGPLVM,tGPLVM,tGPLVM,Mrre_missing_30,0.557,scDesign3,OVARIAN,dr3,6,scDesign3,other
tGPLVM,tGPLVM,tGPLVM,aji_10,0.005,scDesign3,OVARIAN,dr1,6,scDesign3,other
tGPLVM,tGPLVM,tGPLVM,aji_20,0.008,scDesign3,OVARIAN,dr1,6,scDesign3,other
tGPLVM,tGPLVM,tGPLVM,aji_30,0.01,scDesign3,OVARIAN,dr1,6,scDesign3,other
tGPLVM,tGPLVM,tGPLVM,nkr_10,0.009,scDesign3,OVARIAN,dr1,6,scDesign3,other
tGPLVM,tGPLVM,tGPLVM,nkr_20,0.015,scDesign3,OVARIAN,dr1,6,scDesign3,other
tGPLVM,tGPLVM,tGPLVM,nkr_30,0.02,scDesign3,OVARIAN,dr1,6,scDesign3,other
tGPLVM,tGPLVM,tGPLVM,Mrre_missing_10,0.689,scDesign3,PANCREAS,dr3,6,scDesign3,other
tGPLVM,tGPLVM,tGPLVM,Mrre_missing_20,0.685,scDesign3,PANCREAS,dr3,6,scDesign3,other
tGPLVM,tGPLVM,tGPLVM,Mrre_missing_30,0.683,scDesign3,PANCREAS,dr3,6,scDesign3,other
tGPLVM,tGPLVM,tGPLVM,aji_10,0.011,scDesign3,PANCREAS,dr1,6,scDesign3,other
tGPLVM,tGPLVM,tGPLVM,aji_20,0.019,scDesign3,PANCREAS,dr1,6,scDesign3,other
tGPLVM,tGPLVM,tGPLVM,aji_30,0.026,scDesign3,PANCREAS,dr1,6,scDesign3,other
tGPLVM,tGPLVM,tGPLVM,nkr_10,0.022,scDesign3,PANCREAS,dr1,6,scDesign3,other
tGPLVM,tGPLVM,tGPLVM,nkr_20,0.036,scDesign3,PANCREAS,dr1,6,scDesign3,other
tGPLVM,tGPLVM,tGPLVM,nkr_30,0.05,scDesign3,PANCREAS,dr1,6,scDesign3,other
tGPLVM,tGPLVM,tGPLVM,Mrre_missing_10,0.852,scDesign3,SCGEMMETH,dr3,6,scDesign3,other
tGPLVM,tGPLVM,tGPLVM,Mrre_missing_20,0.846,scDesign3,SCGEMMETH,dr3,6,scDesign3,other
tGPLVM,tGPLVM,tGPLVM,Mrre_missing_30,0.84,scDesign3,SCGEMMETH,dr3,6,scDesign3,other
tGPLVM,tGPLVM,tGPLVM,aji_10,0.164,scDesign3,SCGEMMETH,dr1,6,scDesign3,other
tGPLVM,tGPLVM,tGPLVM,aji_20,0.275,scDesign3,SCGEMMETH,dr1,6,scDesign3,other
tGPLVM,tGPLVM,tGPLVM,aji_30,0.383,scDesign3,SCGEMMETH,dr1,6,scDesign3,other
tGPLVM,tGPLVM,tGPLVM,nkr_10,0.28,scDesign3,SCGEMMETH,dr1,6,scDesign3,other
tGPLVM,tGPLVM,tGPLVM,nkr_20,0.436,scDesign3,SCGEMMETH,dr1,6,scDesign3,other
tGPLVM,tGPLVM,tGPLVM,nkr_30,0.56,scDesign3,SCGEMMETH,dr1,6,scDesign3,other
tGPLVM,tGPLVM,tGPLVM,Mrre_missing_10,0.821,scDesign3,SCGEMRNA,dr3,6,scDesign3,other
tGPLVM,tGPLVM,tGPLVM,Mrre_missing_20,0.819,scDesign3,SCGEMRNA,dr3,6,scDesign3,other
tGPLVM,tGPLVM,tGPLVM,Mrre_missing_30,0.819,scDesign3,SCGEMRNA,dr3,6,scDesign3,other
tGPLVM,tGPLVM,tGPLVM,aji_10,0.125,scDesign3,SCGEMRNA,dr1,6,scDesign3,other
tGPLVM,tGPLVM,tGPLVM,aji_20,0.21,scDesign3,SCGEMRNA,dr1,6,scDesign3,other
tGPLVM,tGPLVM,tGPLVM,aji_30,0.304,scDesign3,SCGEMRNA,dr1,6,scDesign3,other
tGPLVM,tGPLVM,tGPLVM,nkr_10,0.221,scDesign3,SCGEMRNA,dr1,6,scDesign3,other
tGPLVM,tGPLVM,tGPLVM,nkr_20,0.345,scDesign3,SCGEMRNA,dr1,6,scDesign3,other
tGPLVM,tGPLVM,tGPLVM,nkr_30,0.469,scDesign3,SCGEMRNA,dr1,6,scDesign3,other
tGPLVM,tGPLVM,tGPLVM,Mrre_missing_10,0.489,scDesign3,SCIATAC,dr3,6,scDesign3,other
tGPLVM,tGPLVM,tGPLVM,Mrre_missing_20,0.49,scDesign3,SCIATAC,dr3,6,scDesign3,other
tGPLVM,tGPLVM,tGPLVM,Mrre_missing_30,0.491,scDesign3,SCIATAC,dr3,6,scDesign3,other
tGPLVM,tGPLVM,tGPLVM,aji_10,0.001,scDesign3,SCIATAC,dr1,6,scDesign3,other
tGPLVM,tGPLVM,tGPLVM,aji_20,0.003,scDesign3,SCIATAC,dr1,6,scDesign3,other
tGPLVM,tGPLVM,tGPLVM,aji_30,0.004,scDesign3,SCIATAC,dr1,6,scDesign3,other
tGPLVM,tGPLVM,tGPLVM,nkr_10,0.003,scDesign3,SCIATAC,dr1,6,scDesign3,other
tGPLVM,tGPLVM,tGPLVM,nkr_20,0.005,scDesign3,SCIATAC,dr1,6,scDesign3,other
tGPLVM,tGPLVM,tGPLVM,nkr_30,0.008,scDesign3,SCIATAC,dr1,6,scDesign3,other
tGPLVM,tGPLVM,tGPLVM,Mrre_missing_10,0.516,scDesign3,SLIDE,dr3,6,scDesign3,other
tGPLVM,tGPLVM,tGPLVM,Mrre_missing_20,0.515,scDesign3,SLIDE,dr3,6,scDesign3,other
tGPLVM,tGPLVM,tGPLVM,Mrre_missing_30,0.514,scDesign3,SLIDE,dr3,6,scDesign3,other
tGPLVM,tGPLVM,tGPLVM,aji_10,0.0,scDesign3,SLIDE,dr1,6,scDesign3,other
tGPLVM,tGPLVM,tGPLVM,aji_20,0.001,scDesign3,SLIDE,dr1,6,scDesign3,other
tGPLVM,tGPLVM,tGPLVM,aji_30,0.001,scDesign3,SLIDE,dr1,6,scDesign3,other
tGPLVM,tGPLVM,tGPLVM,nkr_10,0.001,scDesign3,SLIDE,dr1,6,scDesign3,other
tGPLVM,tGPLVM,tGPLVM,nkr_20,0.001,scDesign3,SLIDE,dr1,6,scDesign3,other
tGPLVM,tGPLVM,tGPLVM,nkr_30,0.002,scDesign3,SLIDE,dr1,6,scDesign3,other
tGPLVM,tGPLVM,tGPLVM,Mrre_missing_10,0.58,scDesign3,VISIUM,dr3,6,scDesign3,other
tGPLVM,tGPLVM,tGPLVM,Mrre_missing_20,0.578,scDesign3,VISIUM,dr3,6,scDesign3,other
tGPLVM,tGPLVM,tGPLVM,Mrre_missing_30,0.578,scDesign3,VISIUM,dr3,6,scDesign3,other
tGPLVM,tGPLVM,tGPLVM,aji_10,0.006,scDesign3,VISIUM,dr1,6,scDesign3,other
tGPLVM,tGPLVM,tGPLVM,aji_20,0.009,scDesign3,VISIUM,dr1,6,scDesign3,other
tGPLVM,tGPLVM,tGPLVM,aji_30,0.011,scDesign3,VISIUM,dr1,6,scDesign3,other
tGPLVM,tGPLVM,tGPLVM,nkr_10,0.011,scDesign3,VISIUM,dr1,6,scDesign3,other
tGPLVM,tGPLVM,tGPLVM,nkr_20,0.017,scDesign3,VISIUM,dr1,6,scDesign3,other
tGPLVM,tGPLVM,tGPLVM,nkr_30,0.022,scDesign3,VISIUM,dr1,6,scDesign3,other
VAE,VAE,VAE,Mrre_missing_10,0.793,SIMLR,Pollen,dr3,7,SIMLR,other
VAE,VAE,VAE,Mrre_missing_20,0.788,SIMLR,Pollen,dr3,7,SIMLR,other
VAE,VAE,VAE,Mrre_missing_30,0.777,SIMLR,Pollen,dr3,7,SIMLR,other
VAE,VAE,VAE,aji_10,0.06,SIMLR,Pollen,dr1,7,SIMLR,other
VAE,VAE,VAE,aji_20,0.144,SIMLR,Pollen,dr1,7,SIMLR,other
VAE,VAE,VAE,aji_30,0.194,SIMLR,Pollen,dr1,7,SIMLR,other
VAE,VAE,VAE,nkr_10,0.128,SIMLR,Pollen,dr1,7,SIMLR,other
VAE,VAE,VAE,nkr_20,0.243,SIMLR,Pollen,dr1,7,SIMLR,other
VAE,VAE,VAE,nkr_30,0.314,SIMLR,Pollen,dr1,7,SIMLR,other
VAE,VAE,VAE,Mrre_missing_10,0.509,SIMLR,Usoskin,dr3,7,SIMLR,other
VAE,VAE,VAE,Mrre_missing_20,0.506,SIMLR,Usoskin,dr3,7,SIMLR,other
VAE,VAE,VAE,Mrre_missing_30,0.506,SIMLR,Usoskin,dr3,7,SIMLR,other
VAE,VAE,VAE,aji_10,0.022,SIMLR,Usoskin,dr1,7,SIMLR,other
VAE,VAE,VAE,aji_20,0.046,SIMLR,Usoskin,dr1,7,SIMLR,other
VAE,VAE,VAE,aji_30,0.052,SIMLR,Usoskin,dr1,7,SIMLR,other
VAE,VAE,VAE,nkr_10,0.034,SIMLR,Usoskin,dr1,7,SIMLR,other
VAE,VAE,VAE,nkr_20,0.075,SIMLR,Usoskin,dr1,7,SIMLR,other
VAE,VAE,VAE,nkr_30,0.092,SIMLR,Usoskin,dr1,7,SIMLR,other
VAE,VAE,VAE,Mrre_missing_10,0.548,TI,DA1_horns,dr3,7,trajectory,other
VAE,VAE,VAE,Mrre_missing_20,0.543,TI,DA1_horns,dr3,7,trajectory,other
VAE,VAE,VAE,Mrre_missing_30,0.541,TI,DA1_horns,dr3,7,trajectory,other
VAE,VAE,VAE,aji_10,0.027,TI,DA1_horns,dr1,7,trajectory,other
VAE,VAE,VAE,aji_20,0.055,TI,DA1_horns,dr1,7,trajectory,other
VAE,VAE,VAE,aji_30,0.077,TI,DA1_horns,dr1,7,trajectory,other
VAE,VAE,VAE,nkr_10,0.062,TI,DA1_horns,dr1,7,trajectory,other
VAE,VAE,VAE,nkr_20,0.104,TI,DA1_horns,dr1,7,trajectory,other
VAE,VAE,VAE,nkr_30,0.145,TI,DA1_horns,dr1,7,trajectory,other
VAE,VAE,VAE,Mrre_missing_10,0.609,TI,DC3_VA1d_horns,dr3,7,trajectory,other
VAE,VAE,VAE,Mrre_missing_20,0.605,TI,DC3_VA1d_horns,dr3,7,trajectory,other
VAE,VAE,VAE,Mrre_missing_30,0.599,TI,DC3_VA1d_horns,dr3,7,trajectory,other
VAE,VAE,VAE,aji_10,0.073,TI,DC3_VA1d_horns,dr1,7,trajectory,other
VAE,VAE,VAE,aji_20,0.14,TI,DC3_VA1d_horns,dr1,7,trajectory,other
VAE,VAE,VAE,aji_30,0.179,TI,DC3_VA1d_horns,dr1,7,trajectory,other
VAE,VAE,VAE,nkr_10,0.135,TI,DC3_VA1d_horns,dr1,7,trajectory,other
VAE,VAE,VAE,nkr_20,0.232,TI,DC3_VA1d_horns,dr1,7,trajectory,other
VAE,VAE,VAE,nkr_30,0.296,TI,DC3_VA1d_horns,dr1,7,trajectory,other
VAE,VAE,VAE,Mrre_missing_10,0.785,TI,ICM,dr3,7,trajectory,other
VAE,VAE,VAE,Mrre_missing_20,0.786,TI,ICM,dr3,7,trajectory,other
VAE,VAE,VAE,Mrre_missing_30,0.785,TI,ICM,dr3,7,trajectory,other
VAE,VAE,VAE,aji_10,0.132,TI,ICM,dr1,7,trajectory,other
VAE,VAE,VAE,aji_20,0.256,TI,ICM,dr1,7,trajectory,other
VAE,VAE,VAE,aji_30,0.356,TI,ICM,dr1,7,trajectory,other
VAE,VAE,VAE,nkr_10,0.222,TI,ICM,dr1,7,trajectory,other
VAE,VAE,VAE,nkr_20,0.372,TI,ICM,dr1,7,trajectory,other
VAE,VAE,VAE,nkr_30,0.479,TI,ICM,dr1,7,trajectory,other
VAE,VAE,VAE,Mrre_missing_10,0.732,TI,blastocyst,dr3,7,trajectory,other
VAE,VAE,VAE,Mrre_missing_20,0.727,TI,blastocyst,dr3,7,trajectory,other
VAE,VAE,VAE,Mrre_missing_30,0.724,TI,blastocyst,dr3,7,trajectory,other
VAE,VAE,VAE,aji_10,0.078,TI,blastocyst,dr1,7,trajectory,other
VAE,VAE,VAE,aji_20,0.127,TI,blastocyst,dr1,7,trajectory,other
VAE,VAE,VAE,aji_30,0.18,TI,blastocyst,dr1,7,trajectory,other
VAE,VAE,VAE,nkr_10,0.148,TI,blastocyst,dr1,7,trajectory,other
VAE,VAE,VAE,nkr_20,0.222,TI,blastocyst,dr1,7,trajectory,other
VAE,VAE,VAE,nkr_30,0.287,TI,blastocyst,dr1,7,trajectory,other
VAE,VAE,VAE,Mrre_missing_10,0.778,TI,combination-1,dr3,7,trajectory,other
VAE,VAE,VAE,Mrre_missing_20,0.771,TI,combination-1,dr3,7,trajectory,other
VAE,VAE,VAE,Mrre_missing_30,0.766,TI,combination-1,dr3,7,trajectory,other
VAE,VAE,VAE,aji_10,0.014,TI,combination-1,dr1,7,trajectory,other
VAE,VAE,VAE,aji_20,0.021,TI,combination-1,dr1,7,trajectory,other
VAE,VAE,VAE,aji_30,0.025,TI,combination-1,dr1,7,trajectory,other
VAE,VAE,VAE,nkr_10,0.03,TI,combination-1,dr1,7,trajectory,other
VAE,VAE,VAE,nkr_20,0.042,TI,combination-1,dr1,7,trajectory,other
VAE,VAE,VAE,nkr_30,0.05,TI,combination-1,dr1,7,trajectory,other
VAE,VAE,VAE,Mrre_missing_10,0.803,TI,combination-2,dr3,7,trajectory,other
VAE,VAE,VAE,Mrre_missing_20,0.792,TI,combination-2,dr3,7,trajectory,other
VAE,VAE,VAE,Mrre_missing_30,0.786,TI,combination-2,dr3,7,trajectory,other
VAE,VAE,VAE,aji_10,0.015,TI,combination-2,dr1,7,trajectory,other
VAE,VAE,VAE,aji_20,0.021,TI,combination-2,dr1,7,trajectory,other
VAE,VAE,VAE,aji_30,0.027,TI,combination-2,dr1,7,trajectory,other
VAE,VAE,VAE,nkr_10,0.031,TI,combination-2,dr1,7,trajectory,other
VAE,VAE,VAE,nkr_20,0.043,TI,combination-2,dr1,7,trajectory,other
VAE,VAE,VAE,nkr_30,0.052,TI,combination-2,dr1,7,trajectory,other
VAE,VAE,VAE,Mrre_missing_10,0.859,TI,combination-3,dr3,7,trajectory,other
VAE,VAE,VAE,Mrre_missing_20,0.851,TI,combination-3,dr3,7,trajectory,other
VAE,VAE,VAE,Mrre_missing_30,0.845,TI,combination-3,dr3,7,trajectory,other
VAE,VAE,VAE,aji_10,0.026,TI,combination-3,dr1,7,trajectory,other
VAE,VAE,VAE,aji_20,0.039,TI,combination-3,dr1,7,trajectory,other
VAE,VAE,VAE,aji_30,0.05,TI,combination-3,dr1,7,trajectory,other
VAE,VAE,VAE,nkr_10,0.052,TI,combination-3,dr1,7,trajectory,other
VAE,VAE,VAE,nkr_20,0.075,TI,combination-3,dr1,7,trajectory,other
VAE,VAE,VAE,nkr_30,0.094,TI,combination-3,dr1,7,trajectory,other
VAE,VAE,VAE,Mrre_missing_10,0.61,TI,epiblast,dr3,7,trajectory,other
VAE,VAE,VAE,Mrre_missing_20,0.61,TI,epiblast,dr3,7,trajectory,other
VAE,VAE,VAE,Mrre_missing_30,0.606,TI,epiblast,dr3,7,trajectory,other
VAE,VAE,VAE,aji_10,0.054,TI,epiblast,dr1,7,trajectory,other
VAE,VAE,VAE,aji_20,0.106,TI,epiblast,dr1,7,trajectory,other
VAE,VAE,VAE,aji_30,0.155,TI,epiblast,dr1,7,trajectory,other
VAE,VAE,VAE,nkr_10,0.121,TI,epiblast,dr1,7,trajectory,other
VAE,VAE,VAE,nkr_20,0.197,TI,epiblast,dr1,7,trajectory,other
VAE,VAE,VAE,nkr_30,0.274,TI,epiblast,dr1,7,trajectory,other
VAE,VAE,VAE,Mrre_missing_10,0.766,TI,epidermis,dr3,7,trajectory,other
VAE,VAE,VAE,Mrre_missing_20,0.761,TI,epidermis,dr3,7,trajectory,other
VAE,VAE,VAE,Mrre_missing_30,0.758,TI,epidermis,dr3,7,trajectory,other
VAE,VAE,VAE,aji_10,0.014,TI,epidermis,dr1,7,trajectory,other
VAE,VAE,VAE,aji_20,0.02,TI,epidermis,dr1,7,trajectory,other
VAE,VAE,VAE,aji_30,0.025,TI,epidermis,dr1,7,trajectory,other
VAE,VAE,VAE,nkr_10,0.03,TI,epidermis,dr1,7,trajectory,other
VAE,VAE,VAE,nkr_20,0.04,TI,epidermis,dr1,7,trajectory,other
VAE,VAE,VAE,nkr_30,0.049,TI,epidermis,dr1,7,trajectory,other
VAE,VAE,VAE,Mrre_missing_10,0.637,TI,horns,dr3,7,trajectory,other
VAE,VAE,VAE,Mrre_missing_20,0.632,TI,horns,dr3,7,trajectory,other
VAE,VAE,VAE,Mrre_missing_30,0.628,TI,horns,dr3,7,trajectory,other
VAE,VAE,VAE,aji_10,0.03,TI,horns,dr1,7,trajectory,other
VAE,VAE,VAE,aji_20,0.056,TI,horns,dr1,7,trajectory,other
VAE,VAE,VAE,aji_30,0.087,TI,horns,dr1,7,trajectory,other
VAE,VAE,VAE,nkr_10,0.059,TI,horns,dr1,7,trajectory,other
VAE,VAE,VAE,nkr_20,0.103,TI,horns,dr1,7,trajectory,other
VAE,VAE,VAE,nkr_30,0.16,TI,horns,dr1,7,trajectory,other
VAE,VAE,VAE,Mrre_missing_10,0.773,TI,muscle,dr3,7,trajectory,other
VAE,VAE,VAE,Mrre_missing_20,0.768,TI,muscle,dr3,7,trajectory,other
VAE,VAE,VAE,Mrre_missing_30,0.764,TI,muscle,dr3,7,trajectory,other
VAE,VAE,VAE,aji_10,0.011,TI,muscle,dr1,7,trajectory,other
VAE,VAE,VAE,aji_20,0.017,TI,muscle,dr1,7,trajectory,other
VAE,VAE,VAE,aji_30,0.022,TI,muscle,dr1,7,trajectory,other
VAE,VAE,VAE,nkr_10,0.023,TI,muscle,dr1,7,trajectory,other
VAE,VAE,VAE,nkr_20,0.033,TI,muscle,dr1,7,trajectory,other
VAE,VAE,VAE,nkr_30,0.043,TI,muscle,dr1,7,trajectory,other
VAE,VAE,VAE,Mrre_missing_10,0.666,TI,neuron,dr3,7,trajectory,other
VAE,VAE,VAE,Mrre_missing_20,0.657,TI,neuron,dr3,7,trajectory,other
VAE,VAE,VAE,Mrre_missing_30,0.652,TI,neuron,dr3,7,trajectory,other
VAE,VAE,VAE,aji_10,0.004,TI,neuron,dr1,7,trajectory,other
VAE,VAE,VAE,aji_20,0.01,TI,neuron,dr1,7,trajectory,other
VAE,VAE,VAE,aji_30,0.014,TI,neuron,dr1,7,trajectory,other
VAE,VAE,VAE,nkr_10,0.007,TI,neuron,dr1,7,trajectory,other
VAE,VAE,VAE,nkr_20,0.018,TI,neuron,dr1,7,trajectory,other
VAE,VAE,VAE,nkr_30,0.026,TI,neuron,dr1,7,trajectory,other
VAE,VAE,VAE,Mrre_missing_10,0.849,TI,pair-1,dr3,7,trajectory,other
VAE,VAE,VAE,Mrre_missing_20,0.843,TI,pair-1,dr3,7,trajectory,other
VAE,VAE,VAE,Mrre_missing_30,0.838,TI,pair-1,dr3,7,trajectory,other
VAE,VAE,VAE,aji_10,0.009,TI,pair-1,dr1,7,trajectory,other
VAE,VAE,VAE,aji_20,0.014,TI,pair-1,dr1,7,trajectory,other
VAE,VAE,VAE,aji_30,0.017,TI,pair-1,dr1,7,trajectory,other
VAE,VAE,VAE,nkr_10,0.018,TI,pair-1,dr1,7,trajectory,other
VAE,VAE,VAE,nkr_20,0.027,TI,pair-1,dr1,7,trajectory,other
VAE,VAE,VAE,nkr_30,0.034,TI,pair-1,dr1,7,trajectory,other
VAE,VAE,VAE,Mrre_missing_10,0.784,TI,pair-2,dr3,7,trajectory,other
VAE,VAE,VAE,Mrre_missing_20,0.776,TI,pair-2,dr3,7,trajectory,other
VAE,VAE,VAE,Mrre_missing_30,0.771,TI,pair-2,dr3,7,trajectory,other
VAE,VAE,VAE,aji_10,0.006,TI,pair-2,dr1,7,trajectory,other
VAE,VAE,VAE,aji_20,0.01,TI,pair-2,dr1,7,trajectory,other
VAE,VAE,VAE,aji_30,0.013,TI,pair-2,dr1,7,trajectory,other
VAE,VAE,VAE,nkr_10,0.013,TI,pair-2,dr1,7,trajectory,other
VAE,VAE,VAE,nkr_20,0.019,TI,pair-2,dr1,7,trajectory,other
VAE,VAE,VAE,nkr_30,0.025,TI,pair-2,dr1,7,trajectory,other
VAE,VAE,VAE,Mrre_missing_10,0.778,TI,pair-3,dr3,7,trajectory,other
VAE,VAE,VAE,Mrre_missing_20,0.767,TI,pair-3,dr3,7,trajectory,other
VAE,VAE,VAE,Mrre_missing_30,0.759,TI,pair-3,dr3,7,trajectory,other
VAE,VAE,VAE,aji_10,0.008,TI,pair-3,dr1,7,trajectory,other
VAE,VAE,VAE,aji_20,0.011,TI,pair-3,dr1,7,trajectory,other
VAE,VAE,VAE,aji_30,0.014,TI,pair-3,dr1,7,trajectory,other
VAE,VAE,VAE,nkr_10,0.016,TI,pair-3,dr1,7,trajectory,other
VAE,VAE,VAE,nkr_20,0.023,TI,pair-3,dr1,7,trajectory,other
VAE,VAE,VAE,nkr_30,0.029,TI,pair-3,dr1,7,trajectory,other
VAE,VAE,VAE,Mrre_missing_10,0.731,TI,pair-4,dr3,7,trajectory,other
VAE,VAE,VAE,Mrre_missing_20,0.725,TI,pair-4,dr3,7,trajectory,other
VAE,VAE,VAE,Mrre_missing_30,0.721,TI,pair-4,dr3,7,trajectory,other
VAE,VAE,VAE,aji_10,0.005,TI,pair-4,dr1,7,trajectory,other
VAE,VAE,VAE,aji_20,0.008,TI,pair-4,dr1,7,trajectory,other
VAE,VAE,VAE,aji_30,0.01,TI,pair-4,dr1,7,trajectory,other
VAE,VAE,VAE,nkr_10,0.012,TI,pair-4,dr1,7,trajectory,other
VAE,VAE,VAE,nkr_20,0.016,TI,pair-4,dr1,7,trajectory,other
VAE,VAE,VAE,nkr_30,0.02,TI,pair-4,dr1,7,trajectory,other
VAE,VAE,VAE,Mrre_missing_10,0.56,TI,parenchyme,dr3,7,trajectory,other
VAE,VAE,VAE,Mrre_missing_20,0.554,TI,parenchyme,dr3,7,trajectory,other
VAE,VAE,VAE,Mrre_missing_30,0.551,TI,parenchyme,dr3,7,trajectory,other
VAE,VAE,VAE,aji_10,0.014,TI,parenchyme,dr1,7,trajectory,other
VAE,VAE,VAE,aji_20,0.016,TI,parenchyme,dr1,7,trajectory,other
VAE,VAE,VAE,aji_30,0.018,TI,parenchyme,dr1,7,trajectory,other
VAE,VAE,VAE,nkr_10,0.027,TI,parenchyme,dr1,7,trajectory,other
VAE,VAE,VAE,nkr_20,0.03,TI,parenchyme,dr1,7,trajectory,other
VAE,VAE,VAE,nkr_30,0.035,TI,parenchyme,dr1,7,trajectory,other
VAE,VAE,VAE,Mrre_missing_10,0.677,TI,phagocyte,dr3,7,trajectory,other
VAE,VAE,VAE,Mrre_missing_20,0.673,TI,phagocyte,dr3,7,trajectory,other
VAE,VAE,VAE,Mrre_missing_30,0.669,TI,phagocyte,dr3,7,trajectory,other
VAE,VAE,VAE,aji_10,0.018,TI,phagocyte,dr1,7,trajectory,other
VAE,VAE,VAE,aji_20,0.028,TI,phagocyte,dr1,7,trajectory,other
VAE,VAE,VAE,aji_30,0.044,TI,phagocyte,dr1,7,trajectory,other
VAE,VAE,VAE,nkr_10,0.034,TI,phagocyte,dr1,7,trajectory,other
VAE,VAE,VAE,nkr_20,0.057,TI,phagocyte,dr1,7,trajectory,other
VAE,VAE,VAE,nkr_30,0.085,TI,phagocyte,dr1,7,trajectory,other
VAE,VAE,VAE,Mrre_missing_10,0.687,TI,pharynx,dr3,7,trajectory,other
VAE,VAE,VAE,Mrre_missing_20,0.677,TI,pharynx,dr3,7,trajectory,other
VAE,VAE,VAE,Mrre_missing_30,0.67,TI,pharynx,dr3,7,trajectory,other
VAE,VAE,VAE,aji_10,0.042,TI,pharynx,dr1,7,trajectory,other
VAE,VAE,VAE,aji_20,0.068,TI,pharynx,dr1,7,trajectory,other
VAE,VAE,VAE,aji_30,0.089,TI,pharynx,dr1,7,trajectory,other
VAE,VAE,VAE,nkr_10,0.084,TI,pharynx,dr1,7,trajectory,other
VAE,VAE,VAE,nkr_20,0.132,TI,pharynx,dr1,7,trajectory,other
VAE,VAE,VAE,nkr_30,0.168,TI,pharynx,dr1,7,trajectory,other
VAE,VAE,VAE,Mrre_missing_10,0.61,TI,trophectoderm,dr3,7,trajectory,other
VAE,VAE,VAE,Mrre_missing_20,0.598,TI,trophectoderm,dr3,7,trajectory,other
VAE,VAE,VAE,Mrre_missing_30,0.585,TI,trophectoderm,dr3,7,trajectory,other
VAE,VAE,VAE,aji_10,0.12,TI,trophectoderm,dr1,7,trajectory,other
VAE,VAE,VAE,aji_20,0.215,TI,trophectoderm,dr1,7,trajectory,other
VAE,VAE,VAE,aji_30,0.29,TI,trophectoderm,dr1,7,trajectory,other
VAE,VAE,VAE,nkr_10,0.243,TI,trophectoderm,dr1,7,trajectory,other
VAE,VAE,VAE,nkr_20,0.361,TI,trophectoderm,dr1,7,trajectory,other
VAE,VAE,VAE,nkr_30,0.454,TI,trophectoderm,dr1,7,trajectory,other
VAE,VAE,VAE,Mrre_missing_10,0.964,VASC,Baron,dr3,7,VASC,other
VAE,VAE,VAE,Mrre_missing_20,0.962,VASC,Baron,dr3,7,VASC,other
VAE,VAE,VAE,Mrre_missing_30,0.96,VASC,Baron,dr3,7,VASC,other
VAE,VAE,VAE,aji_10,0.062,VASC,Baron,dr1,7,VASC,other
VAE,VAE,VAE,aji_20,0.091,VASC,Baron,dr1,7,VASC,other
VAE,VAE,VAE,aji_30,0.11,VASC,Baron,dr1,7,VASC,other
VAE,VAE,VAE,nkr_10,0.124,VASC,Baron,dr1,7,VASC,other
VAE,VAE,VAE,nkr_20,0.169,VASC,Baron,dr1,7,VASC,other
VAE,VAE,VAE,nkr_30,0.198,VASC,Baron,dr1,7,VASC,other
VAE,VAE,VAE,Mrre_missing_10,0.639,VASC,Biase,dr3,7,VASC,other
VAE,VAE,VAE,Mrre_missing_20,0.622,VASC,Biase,dr3,7,VASC,other
VAE,VAE,VAE,Mrre_missing_30,0.598,VASC,Biase,dr3,7,VASC,other
VAE,VAE,VAE,aji_10,0.182,VASC,Biase,dr1,7,VASC,other
VAE,VAE,VAE,aji_20,0.356,VASC,Biase,dr1,7,VASC,other
VAE,VAE,VAE,aji_30,0.442,VASC,Biase,dr1,7,VASC,other
VAE,VAE,VAE,nkr_10,0.325,VASC,Biase,dr1,7,VASC,other
VAE,VAE,VAE,nkr_20,0.525,VASC,Biase,dr1,7,VASC,other
VAE,VAE,VAE,nkr_30,0.627,VASC,Biase,dr1,7,VASC,other
VAE,VAE,VAE,Mrre_missing_10,0.765,VASC,Goolam,dr3,7,VASC,other
VAE,VAE,VAE,Mrre_missing_20,0.746,VASC,Goolam,dr3,7,VASC,other
VAE,VAE,VAE,Mrre_missing_30,0.734,VASC,Goolam,dr3,7,VASC,other
VAE,VAE,VAE,aji_10,0.216,VASC,Goolam,dr1,7,VASC,other
VAE,VAE,VAE,aji_20,0.264,VASC,Goolam,dr1,7,VASC,other
VAE,VAE,VAE,aji_30,0.278,VASC,Goolam,dr1,7,VASC,other
VAE,VAE,VAE,nkr_10,0.351,VASC,Goolam,dr1,7,VASC,other
VAE,VAE,VAE,nkr_20,0.429,VASC,Goolam,dr1,7,VASC,other
VAE,VAE,VAE,nkr_30,0.452,VASC,Goolam,dr1,7,VASC,other
VAE,VAE,VAE,Mrre_missing_10,0.77,VASC,Xin,dr3,7,VASC,other
VAE,VAE,VAE,Mrre_missing_20,0.762,VASC,Xin,dr3,7,VASC,other
VAE,VAE,VAE,Mrre_missing_30,0.758,VASC,Xin,dr3,7,VASC,other
VAE,VAE,VAE,aji_10,0.031,VASC,Xin,dr1,7,VASC,other
VAE,VAE,VAE,aji_20,0.043,VASC,Xin,dr1,7,VASC,other
VAE,VAE,VAE,aji_30,0.054,VASC,Xin,dr1,7,VASC,other
VAE,VAE,VAE,nkr_10,0.064,VASC,Xin,dr1,7,VASC,other
VAE,VAE,VAE,nkr_20,0.085,VASC,Xin,dr1,7,VASC,other
VAE,VAE,VAE,nkr_30,0.101,VASC,Xin,dr1,7,VASC,other
VAE,VAE,VAE,Mrre_missing_10,0.917,VASC,Zeisel,dr3,7,VASC,other
VAE,VAE,VAE,Mrre_missing_20,0.91,VASC,Zeisel,dr3,7,VASC,other
VAE,VAE,VAE,Mrre_missing_30,0.906,VASC,Zeisel,dr3,7,VASC,other
VAE,VAE,VAE,aji_10,0.097,VASC,Zeisel,dr1,7,VASC,other
VAE,VAE,VAE,aji_20,0.132,VASC,Zeisel,dr1,7,VASC,other
VAE,VAE,VAE,aji_30,0.152,VASC,Zeisel,dr1,7,VASC,other
VAE,VAE,VAE,nkr_10,0.189,VASC,Zeisel,dr1,7,VASC,other
VAE,VAE,VAE,nkr_20,0.234,VASC,Zeisel,dr1,7,VASC,other
VAE,VAE,VAE,nkr_30,0.26,VASC,Zeisel,dr1,7,VASC,other
VAE,VAE,VAE,Mrre_missing_10,0.85,VASC,yan,dr3,7,VASC,other
VAE,VAE,VAE,Mrre_missing_20,0.843,VASC,yan,dr3,7,VASC,other
VAE,VAE,VAE,Mrre_missing_30,0.832,VASC,yan,dr3,7,VASC,other
VAE,VAE,VAE,aji_10,0.358,VASC,yan,dr1,7,VASC,other
VAE,VAE,VAE,aji_20,0.535,VASC,yan,dr1,7,VASC,other
VAE,VAE,VAE,aji_30,0.603,VASC,yan,dr1,7,VASC,other
VAE,VAE,VAE,nkr_10,0.53,VASC,yan,dr1,7,VASC,other
VAE,VAE,VAE,nkr_20,0.703,VASC,yan,dr1,7,VASC,other
VAE,VAE,VAE,nkr_30,0.758,VASC,yan,dr1,7,VASC,other
VAE,VAE,VAE,Mrre_missing_10,0.865,benchmarker,Baron_mouse,dr3,7,curated,other
VAE,VAE,VAE,Mrre_missing_20,0.857,benchmarker,Baron_mouse,dr3,7,curated,other
VAE,VAE,VAE,Mrre_missing_30,0.851,benchmarker,Baron_mouse,dr3,7,curated,other
VAE,VAE,VAE,aji_10,0.071,benchmarker,Baron_mouse,dr1,7,curated,other
VAE,VAE,VAE,aji_20,0.107,benchmarker,Baron_mouse,dr1,7,curated,other
VAE,VAE,VAE,aji_30,0.136,benchmarker,Baron_mouse,dr1,7,curated,other
VAE,VAE,VAE,nkr_10,0.133,benchmarker,Baron_mouse,dr1,7,curated,other
VAE,VAE,VAE,nkr_20,0.185,benchmarker,Baron_mouse,dr1,7,curated,other
VAE,VAE,VAE,nkr_30,0.225,benchmarker,Baron_mouse,dr1,7,curated,other
VAE,VAE,VAE,Mrre_missing_10,0.694,benchmarker,Darmanis,dr3,7,curated,other
VAE,VAE,VAE,Mrre_missing_20,0.693,benchmarker,Darmanis,dr3,7,curated,other
VAE,VAE,VAE,Mrre_missing_30,0.692,benchmarker,Darmanis,dr3,7,curated,other
VAE,VAE,VAE,aji_10,0.033,benchmarker,Darmanis,dr1,7,curated,other
VAE,VAE,VAE,aji_20,0.063,benchmarker,Darmanis,dr1,7,curated,other
VAE,VAE,VAE,aji_30,0.091,benchmarker,Darmanis,dr1,7,curated,other
VAE,VAE,VAE,nkr_10,0.062,benchmarker,Darmanis,dr1,7,curated,other
VAE,VAE,VAE,nkr_20,0.116,benchmarker,Darmanis,dr1,7,curated,other
VAE,VAE,VAE,nkr_30,0.166,benchmarker,Darmanis,dr1,7,curated,other
VAE,VAE,VAE,Mrre_missing_10,0.666,benchmarker,Pancreatic,dr3,7,curated,other
VAE,VAE,VAE,Mrre_missing_20,0.634,benchmarker,Pancreatic,dr3,7,curated,other
VAE,VAE,VAE,Mrre_missing_30,0.611,benchmarker,Pancreatic,dr3,7,curated,other
VAE,VAE,VAE,aji_10,0.151,benchmarker,Pancreatic,dr1,7,curated,other
VAE,VAE,VAE,aji_20,0.279,benchmarker,Pancreatic,dr1,7,curated,other
VAE,VAE,VAE,aji_30,0.454,benchmarker,Pancreatic,dr1,7,curated,other
VAE,VAE,VAE,nkr_10,0.295,benchmarker,Pancreatic,dr1,7,curated,other
VAE,VAE,VAE,nkr_20,0.452,benchmarker,Pancreatic,dr1,7,curated,other
VAE,VAE,VAE,nkr_30,0.622,benchmarker,Pancreatic,dr1,7,curated,other
VAE,VAE,VAE,Mrre_missing_10,0.841,benchmarker,Silver,dr3,7,curated,other
VAE,VAE,VAE,Mrre_missing_20,0.836,benchmarker,Silver,dr3,7,curated,other
VAE,VAE,VAE,Mrre_missing_30,0.833,benchmarker,Silver,dr3,7,curated,other
VAE,VAE,VAE,aji_10,0.021,benchmarker,Silver,dr1,7,curated,other
VAE,VAE,VAE,aji_20,0.034,benchmarker,Silver,dr1,7,curated,other
VAE,VAE,VAE,aji_30,0.045,benchmarker,Silver,dr1,7,curated,other
VAE,VAE,VAE,nkr_10,0.04,benchmarker,Silver,dr1,7,curated,other
VAE,VAE,VAE,nkr_20,0.062,benchmarker,Silver,dr1,7,curated,other
VAE,VAE,VAE,nkr_30,0.082,benchmarker,Silver,dr1,7,curated,other
VAE,VAE,VAE,Mrre_missing_10,0.811,benchmarker,Zhengmix4eq,dr3,7,curated,other
VAE,VAE,VAE,Mrre_missing_20,0.807,benchmarker,Zhengmix4eq,dr3,7,curated,other
VAE,VAE,VAE,Mrre_missing_30,0.805,benchmarker,Zhengmix4eq,dr3,7,curated,other
VAE,VAE,VAE,aji_10,0.01,benchmarker,Zhengmix4eq,dr1,7,curated,other
VAE,VAE,VAE,aji_20,0.018,benchmarker,Zhengmix4eq,dr1,7,curated,other
VAE,VAE,VAE,aji_30,0.026,benchmarker,Zhengmix4eq,dr1,7,curated,other
VAE,VAE,VAE,nkr_10,0.019,benchmarker,Zhengmix4eq,dr1,7,curated,other
VAE,VAE,VAE,nkr_20,0.032,benchmarker,Zhengmix4eq,dr1,7,curated,other
VAE,VAE,VAE,nkr_30,0.043,benchmarker,Zhengmix4eq,dr1,7,curated,other
VAE,VAE,VAE,Mrre_missing_10,0.881,scDesign3,ACINAR,dr3,7,scDesign3,other
VAE,VAE,VAE,Mrre_missing_20,0.874,scDesign3,ACINAR,dr3,7,scDesign3,other
VAE,VAE,VAE,Mrre_missing_30,0.869,scDesign3,ACINAR,dr3,7,scDesign3,other
VAE,VAE,VAE,aji_10,0.075,scDesign3,ACINAR,dr1,7,scDesign3,other
VAE,VAE,VAE,aji_20,0.096,scDesign3,ACINAR,dr1,7,scDesign3,other
VAE,VAE,VAE,aji_30,0.108,scDesign3,ACINAR,dr1,7,scDesign3,other
VAE,VAE,VAE,nkr_10,0.155,scDesign3,ACINAR,dr1,7,scDesign3,other
VAE,VAE,VAE,nkr_20,0.18,scDesign3,ACINAR,dr1,7,scDesign3,other
VAE,VAE,VAE,nkr_30,0.195,scDesign3,ACINAR,dr1,7,scDesign3,other
VAE,VAE,VAE,Mrre_missing_10,0.756,scDesign3,ATAC,dr3,7,scDesign3,other
VAE,VAE,VAE,Mrre_missing_20,0.753,scDesign3,ATAC,dr3,7,scDesign3,other
VAE,VAE,VAE,Mrre_missing_30,0.75,scDesign3,ATAC,dr3,7,scDesign3,other
VAE,VAE,VAE,aji_10,0.005,scDesign3,ATAC,dr1,7,scDesign3,other
VAE,VAE,VAE,aji_20,0.009,scDesign3,ATAC,dr1,7,scDesign3,other
VAE,VAE,VAE,aji_30,0.012,scDesign3,ATAC,dr1,7,scDesign3,other
VAE,VAE,VAE,nkr_10,0.011,scDesign3,ATAC,dr1,7,scDesign3,other
VAE,VAE,VAE,nkr_20,0.018,scDesign3,ATAC,dr1,7,scDesign3,other
VAE,VAE,VAE,nkr_30,0.024,scDesign3,ATAC,dr1,7,scDesign3,other
VAE,VAE,VAE,Mrre_missing_10,0.95,scDesign3,BATCH,dr3,7,scDesign3,other
VAE,VAE,VAE,Mrre_missing_20,0.948,scDesign3,BATCH,dr3,7,scDesign3,other
VAE,VAE,VAE,Mrre_missing_30,0.946,scDesign3,BATCH,dr3,7,scDesign3,other
VAE,VAE,VAE,aji_10,0.036,scDesign3,BATCH,dr1,7,scDesign3,other
VAE,VAE,VAE,aji_20,0.058,scDesign3,BATCH,dr1,7,scDesign3,other
VAE,VAE,VAE,aji_30,0.074,scDesign3,BATCH,dr1,7,scDesign3,other
VAE,VAE,VAE,nkr_10,0.071,scDesign3,BATCH,dr1,7,scDesign3,other
VAE,VAE,VAE,nkr_20,0.107,scDesign3,BATCH,dr1,7,scDesign3,other
VAE,VAE,VAE,nkr_30,0.135,scDesign3,BATCH,dr1,7,scDesign3,other
VAE,VAE,VAE,Mrre_missing_10,0.864,scDesign3,CITE,dr3,7,scDesign3,other
VAE,VAE,VAE,Mrre_missing_20,0.86,scDesign3,CITE,dr3,7,scDesign3,other
VAE,VAE,VAE,Mrre_missing_30,0.857,scDesign3,CITE,dr3,7,scDesign3,other
VAE,VAE,VAE,aji_10,0.016,scDesign3,CITE,dr1,7,scDesign3,other
VAE,VAE,VAE,aji_20,0.025,scDesign3,CITE,dr1,7,scDesign3,other
VAE,VAE,VAE,aji_30,0.033,scDesign3,CITE,dr1,7,scDesign3,other
VAE,VAE,VAE,nkr_10,0.031,scDesign3,CITE,dr1,7,scDesign3,other
VAE,VAE,VAE,nkr_20,0.047,scDesign3,CITE,dr1,7,scDesign3,other
VAE,VAE,VAE,nkr_30,0.059,scDesign3,CITE,dr1,7,scDesign3,other
VAE,VAE,VAE,Mrre_missing_10,0.885,scDesign3,EMBYRO,dr3,7,scDesign3,other
VAE,VAE,VAE,Mrre_missing_20,0.867,scDesign3,EMBYRO,dr3,7,scDesign3,other
VAE,VAE,VAE,Mrre_missing_30,0.855,scDesign3,EMBYRO,dr3,7,scDesign3,other
VAE,VAE,VAE,aji_10,0.14,scDesign3,EMBYRO,dr1,7,scDesign3,other
VAE,VAE,VAE,aji_20,0.155,scDesign3,EMBYRO,dr1,7,scDesign3,other
VAE,VAE,VAE,aji_30,0.162,scDesign3,EMBYRO,dr1,7,scDesign3,other
VAE,VAE,VAE,nkr_10,0.284,scDesign3,EMBYRO,dr1,7,scDesign3,other
VAE,VAE,VAE,nkr_20,0.289,scDesign3,EMBYRO,dr1,7,scDesign3,other
VAE,VAE,VAE,nkr_30,0.289,scDesign3,EMBYRO,dr1,7,scDesign3,other
VAE,VAE,VAE,Mrre_missing_10,0.905,scDesign3,IFNB,dr3,7,scDesign3,other
VAE,VAE,VAE,Mrre_missing_20,0.9,scDesign3,IFNB,dr3,7,scDesign3,other
VAE,VAE,VAE,Mrre_missing_30,0.896,scDesign3,IFNB,dr3,7,scDesign3,other
VAE,VAE,VAE,aji_10,0.016,scDesign3,IFNB,dr1,7,scDesign3,other
VAE,VAE,VAE,aji_20,0.024,scDesign3,IFNB,dr1,7,scDesign3,other
VAE,VAE,VAE,aji_30,0.031,scDesign3,IFNB,dr1,7,scDesign3,other
VAE,VAE,VAE,nkr_10,0.033,scDesign3,IFNB,dr1,7,scDesign3,other
VAE,VAE,VAE,nkr_20,0.049,scDesign3,IFNB,dr1,7,scDesign3,other
VAE,VAE,VAE,nkr_30,0.061,scDesign3,IFNB,dr1,7,scDesign3,other
VAE,VAE,VAE,Mrre_missing_10,0.892,scDesign3,MARROW,dr3,7,scDesign3,other
VAE,VAE,VAE,Mrre_missing_20,0.89,scDesign3,MARROW,dr3,7,scDesign3,other
VAE,VAE,VAE,Mrre_missing_30,0.889,scDesign3,MARROW,dr3,7,scDesign3,other
VAE,VAE,VAE,aji_10,0.029,scDesign3,MARROW,dr1,7,scDesign3,other
VAE,VAE,VAE,aji_20,0.047,scDesign3,MARROW,dr1,7,scDesign3,other
VAE,VAE,VAE,aji_30,0.062,scDesign3,MARROW,dr1,7,scDesign3,other
VAE,VAE,VAE,nkr_10,0.061,scDesign3,MARROW,dr1,7,scDesign3,other
VAE,VAE,VAE,nkr_20,0.092,scDesign3,MARROW,dr1,7,scDesign3,other
VAE,VAE,VAE,nkr_30,0.117,scDesign3,MARROW,dr1,7,scDesign3,other
VAE,VAE,VAE,Mrre_missing_10,0.855,scDesign3,MOBSC,dr3,7,scDesign3,other
VAE,VAE,VAE,Mrre_missing_20,0.851,scDesign3,MOBSC,dr3,7,scDesign3,other
VAE,VAE,VAE,Mrre_missing_30,0.849,scDesign3,MOBSC,dr3,7,scDesign3,other
VAE,VAE,VAE,aji_10,0.015,scDesign3,MOBSC,dr1,7,scDesign3,other
VAE,VAE,VAE,aji_20,0.021,scDesign3,MOBSC,dr1,7,scDesign3,other
VAE,VAE,VAE,aji_30,0.027,scDesign3,MOBSC,dr1,7,scDesign3,other
VAE,VAE,VAE,nkr_10,0.033,scDesign3,MOBSC,dr1,7,scDesign3,other
VAE,VAE,VAE,nkr_20,0.044,scDesign3,MOBSC,dr1,7,scDesign3,other
VAE,VAE,VAE,nkr_30,0.054,scDesign3,MOBSC,dr1,7,scDesign3,other
VAE,VAE,VAE,Mrre_missing_10,0.895,scDesign3,OVARIAN,dr3,7,scDesign3,other
VAE,VAE,VAE,Mrre_missing_20,0.886,scDesign3,OVARIAN,dr3,7,scDesign3,other
VAE,VAE,VAE,Mrre_missing_30,0.881,scDesign3,OVARIAN,dr3,7,scDesign3,other
VAE,VAE,VAE,aji_10,0.052,scDesign3,OVARIAN,dr1,7,scDesign3,other
VAE,VAE,VAE,aji_20,0.067,scDesign3,OVARIAN,dr1,7,scDesign3,other
VAE,VAE,VAE,aji_30,0.078,scDesign3,OVARIAN,dr1,7,scDesign3,other
VAE,VAE,VAE,nkr_10,0.117,scDesign3,OVARIAN,dr1,7,scDesign3,other
VAE,VAE,VAE,nkr_20,0.136,scDesign3,OVARIAN,dr1,7,scDesign3,other
VAE,VAE,VAE,nkr_30,0.151,scDesign3,OVARIAN,dr1,7,scDesign3,other
VAE,VAE,VAE,Mrre_missing_10,0.912,scDesign3,PANCREAS,dr3,7,scDesign3,other
VAE,VAE,VAE,Mrre_missing_20,0.908,scDesign3,PANCREAS,dr3,7,scDesign3,other
VAE,VAE,VAE,Mrre_missing_30,0.906,scDesign3,PANCREAS,dr3,7,scDesign3,other
VAE,VAE,VAE,aji_10,0.051,scDesign3,PANCREAS,dr1,7,scDesign3,other
VAE,VAE,VAE,aji_20,0.074,scDesign3,PANCREAS,dr1,7,scDesign3,other
VAE,VAE,VAE,aji_30,0.09,scDesign3,PANCREAS,dr1,7,scDesign3,other
VAE,VAE,VAE,nkr_10,0.102,scDesign3,PANCREAS,dr1,7,scDesign3,other
VAE,VAE,VAE,nkr_20,0.14,scDesign3,PANCREAS,dr1,7,scDesign3,other
VAE,VAE,VAE,nkr_30,0.168,scDesign3,PANCREAS,dr1,7,scDesign3,other
VAE,VAE,VAE,Mrre_missing_10,0.903,scDesign3,SCGEMMETH,dr3,7,scDesign3,other
VAE,VAE,VAE,Mrre_missing_20,0.895,scDesign3,SCGEMMETH,dr3,7,scDesign3,other
VAE,VAE,VAE,Mrre_missing_30,0.889,scDesign3,SCGEMMETH,dr3,7,scDesign3,other
VAE,VAE,VAE,aji_10,0.291,scDesign3,SCGEMMETH,dr1,7,scDesign3,other
VAE,VAE,VAE,aji_20,0.361,scDesign3,SCGEMMETH,dr1,7,scDesign3,other
VAE,VAE,VAE,aji_30,0.441,scDesign3,SCGEMMETH,dr1,7,scDesign3,other
VAE,VAE,VAE,nkr_10,0.487,scDesign3,SCGEMMETH,dr1,7,scDesign3,other
VAE,VAE,VAE,nkr_20,0.546,scDesign3,SCGEMMETH,dr1,7,scDesign3,other
VAE,VAE,VAE,nkr_30,0.621,scDesign3,SCGEMMETH,dr1,7,scDesign3,other
VAE,VAE,VAE,Mrre_missing_10,0.94,scDesign3,SCGEMRNA,dr3,7,scDesign3,other
VAE,VAE,VAE,Mrre_missing_20,0.929,scDesign3,SCGEMRNA,dr3,7,scDesign3,other
VAE,VAE,VAE,Mrre_missing_30,0.924,scDesign3,SCGEMRNA,dr3,7,scDesign3,other
VAE,VAE,VAE,aji_10,0.371,scDesign3,SCGEMRNA,dr1,7,scDesign3,other
VAE,VAE,VAE,aji_20,0.398,scDesign3,SCGEMRNA,dr1,7,scDesign3,other
VAE,VAE,VAE,aji_30,0.477,scDesign3,SCGEMRNA,dr1,7,scDesign3,other
VAE,VAE,VAE,nkr_10,0.585,scDesign3,SCGEMRNA,dr1,7,scDesign3,other
VAE,VAE,VAE,nkr_20,0.587,scDesign3,SCGEMRNA,dr1,7,scDesign3,other
VAE,VAE,VAE,nkr_30,0.652,scDesign3,SCGEMRNA,dr1,7,scDesign3,other
VAE,VAE,VAE,Mrre_missing_10,0.652,scDesign3,SCIATAC,dr3,7,scDesign3,other
VAE,VAE,VAE,Mrre_missing_20,0.655,scDesign3,SCIATAC,dr3,7,scDesign3,other
VAE,VAE,VAE,Mrre_missing_30,0.656,scDesign3,SCIATAC,dr3,7,scDesign3,other
VAE,VAE,VAE,aji_10,0.002,scDesign3,SCIATAC,dr1,7,scDesign3,other
VAE,VAE,VAE,aji_20,0.003,scDesign3,SCIATAC,dr1,7,scDesign3,other
VAE,VAE,VAE,aji_30,0.005,scDesign3,SCIATAC,dr1,7,scDesign3,other
VAE,VAE,VAE,nkr_10,0.003,scDesign3,SCIATAC,dr1,7,scDesign3,other
VAE,VAE,VAE,nkr_20,0.006,scDesign3,SCIATAC,dr1,7,scDesign3,other
VAE,VAE,VAE,nkr_30,0.009,scDesign3,SCIATAC,dr1,7,scDesign3,other
VAE,VAE,VAE,Mrre_missing_10,0.709,scDesign3,SLIDE,dr3,7,scDesign3,other
VAE,VAE,VAE,Mrre_missing_20,0.703,scDesign3,SLIDE,dr3,7,scDesign3,other
VAE,VAE,VAE,Mrre_missing_30,0.7,scDesign3,SLIDE,dr3,7,scDesign3,other
VAE,VAE,VAE,aji_10,0.001,scDesign3,SLIDE,dr1,7,scDesign3,other
VAE,VAE,VAE,aji_20,0.002,scDesign3,SLIDE,dr1,7,scDesign3,other
VAE,VAE,VAE,aji_30,0.003,scDesign3,SLIDE,dr1,7,scDesign3,other
VAE,VAE,VAE,nkr_10,0.003,scDesign3,SLIDE,dr1,7,scDesign3,other
VAE,VAE,VAE,nkr_20,0.004,scDesign3,SLIDE,dr1,7,scDesign3,other
VAE,VAE,VAE,nkr_30,0.006,scDesign3,SLIDE,dr1,7,scDesign3,other
VAE,VAE,VAE,Mrre_missing_10,0.935,scDesign3,VISIUM,dr3,7,scDesign3,other
VAE,VAE,VAE,Mrre_missing_20,0.923,scDesign3,VISIUM,dr3,7,scDesign3,other
VAE,VAE,VAE,Mrre_missing_30,0.915,scDesign3,VISIUM,dr3,7,scDesign3,other
VAE,VAE,VAE,aji_10,0.093,scDesign3,VISIUM,dr1,7,scDesign3,other
VAE,VAE,VAE,aji_20,0.119,scDesign3,VISIUM,dr1,7,scDesign3,other
VAE,VAE,VAE,aji_30,0.136,scDesign3,VISIUM,dr1,7,scDesign3,other
VAE,VAE,VAE,nkr_10,0.192,scDesign3,VISIUM,dr1,7,scDesign3,other
VAE,VAE,VAE,nkr_20,0.224,scDesign3,VISIUM,dr1,7,scDesign3,other
VAE,VAE,VAE,nkr_30,0.242,scDesign3,VISIUM,dr1,7,scDesign3,other
scvis,scvis,scvis,Mrre_missing_10,0.929,SIMLR,Pollen,dr3,8,SIMLR,other
scvis,scvis,scvis,Mrre_missing_20,0.92,SIMLR,Pollen,dr3,8,SIMLR,other
scvis,scvis,scvis,Mrre_missing_30,0.909,SIMLR,Pollen,dr3,8,SIMLR,other
scvis,scvis,scvis,aji_10,0.255,SIMLR,Pollen,dr1,8,SIMLR,other
scvis,scvis,scvis,aji_20,0.392,SIMLR,Pollen,dr1,8,SIMLR,other
scvis,scvis,scvis,aji_30,0.408,SIMLR,Pollen,dr1,8,SIMLR,other
scvis,scvis,scvis,nkr_10,0.388,SIMLR,Pollen,dr1,8,SIMLR,other
scvis,scvis,scvis,nkr_20,0.543,SIMLR,Pollen,dr1,8,SIMLR,other
scvis,scvis,scvis,nkr_30,0.569,SIMLR,Pollen,dr1,8,SIMLR,other
scvis,scvis,scvis,Mrre_missing_10,0.832,SIMLR,Usoskin,dr3,8,SIMLR,other
scvis,scvis,scvis,Mrre_missing_20,0.818,SIMLR,Usoskin,dr3,8,SIMLR,other
scvis,scvis,scvis,Mrre_missing_30,0.809,SIMLR,Usoskin,dr3,8,SIMLR,other
scvis,scvis,scvis,aji_10,0.028,SIMLR,Usoskin,dr1,8,SIMLR,other
scvis,scvis,scvis,aji_20,0.052,SIMLR,Usoskin,dr1,8,SIMLR,other
scvis,scvis,scvis,aji_30,0.073,SIMLR,Usoskin,dr1,8,SIMLR,other
scvis,scvis,scvis,nkr_10,0.054,SIMLR,Usoskin,dr1,8,SIMLR,other
scvis,scvis,scvis,nkr_20,0.098,SIMLR,Usoskin,dr1,8,SIMLR,other
scvis,scvis,scvis,nkr_30,0.133,SIMLR,Usoskin,dr1,8,SIMLR,other
scvis,scvis,scvis,Mrre_missing_10,0.904,TI,DA1_horns,dr3,8,trajectory,other
scvis,scvis,scvis,Mrre_missing_20,0.898,TI,DA1_horns,dr3,8,trajectory,other
scvis,scvis,scvis,Mrre_missing_30,0.895,TI,DA1_horns,dr3,8,trajectory,other
scvis,scvis,scvis,aji_10,0.127,TI,DA1_horns,dr1,8,trajectory,other
scvis,scvis,scvis,aji_20,0.247,TI,DA1_horns,dr1,8,trajectory,other
scvis,scvis,scvis,aji_30,0.362,TI,DA1_horns,dr1,8,trajectory,other
scvis,scvis,scvis,nkr_10,0.224,TI,DA1_horns,dr1,8,trajectory,other
scvis,scvis,scvis,nkr_20,0.389,TI,DA1_horns,dr1,8,trajectory,other
scvis,scvis,scvis,nkr_30,0.524,TI,DA1_horns,dr1,8,trajectory,other
scvis,scvis,scvis,Mrre_missing_10,0.944,TI,DC3_VA1d_horns,dr3,8,trajectory,other
scvis,scvis,scvis,Mrre_missing_20,0.939,TI,DC3_VA1d_horns,dr3,8,trajectory,other
scvis,scvis,scvis,Mrre_missing_30,0.936,TI,DC3_VA1d_horns,dr3,8,trajectory,other
scvis,scvis,scvis,aji_10,0.308,TI,DC3_VA1d_horns,dr1,8,trajectory,other
scvis,scvis,scvis,aji_20,0.48,TI,DC3_VA1d_horns,dr1,8,trajectory,other
scvis,scvis,scvis,aji_30,0.603,TI,DC3_VA1d_horns,dr1,8,trajectory,other
scvis,scvis,scvis,nkr_10,0.504,TI,DC3_VA1d_horns,dr1,8,trajectory,other
scvis,scvis,scvis,nkr_20,0.666,TI,DC3_VA1d_horns,dr1,8,trajectory,other
scvis,scvis,scvis,nkr_30,0.766,TI,DC3_VA1d_horns,dr1,8,trajectory,other
scvis,scvis,scvis,Mrre_missing_10,0.974,TI,ICM,dr3,8,trajectory,other
scvis,scvis,scvis,Mrre_missing_20,0.969,TI,ICM,dr3,8,trajectory,other
scvis,scvis,scvis,Mrre_missing_30,0.966,TI,ICM,dr3,8,trajectory,other
scvis,scvis,scvis,aji_10,0.393,TI,ICM,dr1,8,trajectory,other
scvis,scvis,scvis,aji_20,0.553,TI,ICM,dr1,8,trajectory,other
scvis,scvis,scvis,aji_30,0.649,TI,ICM,dr1,8,trajectory,other
scvis,scvis,scvis,nkr_10,0.599,TI,ICM,dr1,8,trajectory,other
scvis,scvis,scvis,nkr_20,0.719,TI,ICM,dr1,8,trajectory,other
scvis,scvis,scvis,nkr_30,0.794,TI,ICM,dr1,8,trajectory,other
scvis,scvis,scvis,Mrre_missing_10,0.969,TI,blastocyst,dr3,8,trajectory,other
scvis,scvis,scvis,Mrre_missing_20,0.964,TI,blastocyst,dr3,8,trajectory,other
scvis,scvis,scvis,Mrre_missing_30,0.96,TI,blastocyst,dr3,8,trajectory,other
scvis,scvis,scvis,aji_10,0.302,TI,blastocyst,dr1,8,trajectory,other
scvis,scvis,scvis,aji_20,0.44,TI,blastocyst,dr1,8,trajectory,other
scvis,scvis,scvis,aji_30,0.569,TI,blastocyst,dr1,8,trajectory,other
scvis,scvis,scvis,nkr_10,0.491,TI,blastocyst,dr1,8,trajectory,other
scvis,scvis,scvis,nkr_20,0.622,TI,blastocyst,dr1,8,trajectory,other
scvis,scvis,scvis,nkr_30,0.723,TI,blastocyst,dr1,8,trajectory,other
scvis,scvis,scvis,Mrre_missing_10,0.886,TI,combination-1,dr3,8,trajectory,other
scvis,scvis,scvis,Mrre_missing_20,0.883,TI,combination-1,dr3,8,trajectory,other
scvis,scvis,scvis,Mrre_missing_30,0.88,TI,combination-1,dr3,8,trajectory,other
scvis,scvis,scvis,aji_10,0.015,TI,combination-1,dr1,8,trajectory,other
scvis,scvis,scvis,aji_20,0.024,TI,combination-1,dr1,8,trajectory,other
scvis,scvis,scvis,aji_30,0.031,TI,combination-1,dr1,8,trajectory,other
scvis,scvis,scvis,nkr_10,0.03,TI,combination-1,dr1,8,trajectory,other
scvis,scvis,scvis,nkr_20,0.045,TI,combination-1,dr1,8,trajectory,other
scvis,scvis,scvis,nkr_30,0.058,TI,combination-1,dr1,8,trajectory,other
scvis,scvis,scvis,Mrre_missing_10,0.888,TI,combination-2,dr3,8,trajectory,other
scvis,scvis,scvis,Mrre_missing_20,0.884,TI,combination-2,dr3,8,trajectory,other
scvis,scvis,scvis,Mrre_missing_30,0.88,TI,combination-2,dr3,8,trajectory,other
scvis,scvis,scvis,aji_10,0.016,TI,combination-2,dr1,8,trajectory,other
scvis,scvis,scvis,aji_20,0.025,TI,combination-2,dr1,8,trajectory,other
scvis,scvis,scvis,aji_30,0.034,TI,combination-2,dr1,8,trajectory,other
scvis,scvis,scvis,nkr_10,0.029,TI,combination-2,dr1,8,trajectory,other
scvis,scvis,scvis,nkr_20,0.046,TI,combination-2,dr1,8,trajectory,other
scvis,scvis,scvis,nkr_30,0.062,TI,combination-2,dr1,8,trajectory,other
scvis,scvis,scvis,Mrre_missing_10,0.915,TI,combination-3,dr3,8,trajectory,other
scvis,scvis,scvis,Mrre_missing_20,0.91,TI,combination-3,dr3,8,trajectory,other
scvis,scvis,scvis,Mrre_missing_30,0.906,TI,combination-3,dr3,8,trajectory,other
scvis,scvis,scvis,aji_10,0.03,TI,combination-3,dr1,8,trajectory,other
scvis,scvis,scvis,aji_20,0.049,TI,combination-3,dr1,8,trajectory,other
scvis,scvis,scvis,aji_30,0.064,TI,combination-3,dr1,8,trajectory,other
scvis,scvis,scvis,nkr_10,0.058,TI,combination-3,dr1,8,trajectory,other
scvis,scvis,scvis,nkr_20,0.092,TI,combination-3,dr1,8,trajectory,other
scvis,scvis,scvis,nkr_30,0.118,TI,combination-3,dr1,8,trajectory,other
scvis,scvis,scvis,Mrre_missing_10,0.955,TI,epiblast,dr3,8,trajectory,other
scvis,scvis,scvis,Mrre_missing_20,0.948,TI,epiblast,dr3,8,trajectory,other
scvis,scvis,scvis,Mrre_missing_30,0.942,TI,epiblast,dr3,8,trajectory,other
scvis,scvis,scvis,aji_10,0.376,TI,epiblast,dr1,8,trajectory,other
scvis,scvis,scvis,aji_20,0.537,TI,epiblast,dr1,8,trajectory,other
scvis,scvis,scvis,aji_30,0.616,TI,epiblast,dr1,8,trajectory,other
scvis,scvis,scvis,nkr_10,0.579,TI,epiblast,dr1,8,trajectory,other
scvis,scvis,scvis,nkr_20,0.698,TI,epiblast,dr1,8,trajectory,other
scvis,scvis,scvis,nkr_30,0.763,TI,epiblast,dr1,8,trajectory,other
scvis,scvis,scvis,Mrre_missing_10,0.892,TI,epidermis,dr3,8,trajectory,other
scvis,scvis,scvis,Mrre_missing_20,0.887,TI,epidermis,dr3,8,trajectory,other
scvis,scvis,scvis,Mrre_missing_30,0.884,TI,epidermis,dr3,8,trajectory,other
scvis,scvis,scvis,aji_10,0.014,TI,epidermis,dr1,8,trajectory,other
scvis,scvis,scvis,aji_20,0.023,TI,epidermis,dr1,8,trajectory,other
scvis,scvis,scvis,aji_30,0.031,TI,epidermis,dr1,8,trajectory,other
scvis,scvis,scvis,nkr_10,0.027,TI,epidermis,dr1,8,trajectory,other
scvis,scvis,scvis,nkr_20,0.043,TI,epidermis,dr1,8,trajectory,other
scvis,scvis,scvis,nkr_30,0.058,TI,epidermis,dr1,8,trajectory,other
scvis,scvis,scvis,Mrre_missing_10,0.917,TI,horns,dr3,8,trajectory,other
scvis,scvis,scvis,Mrre_missing_20,0.91,TI,horns,dr3,8,trajectory,other
scvis,scvis,scvis,Mrre_missing_30,0.906,TI,horns,dr3,8,trajectory,other
scvis,scvis,scvis,aji_10,0.113,TI,horns,dr1,8,trajectory,other
scvis,scvis,scvis,aji_20,0.195,TI,horns,dr1,8,trajectory,other
scvis,scvis,scvis,aji_30,0.256,TI,horns,dr1,8,trajectory,other
scvis,scvis,scvis,nkr_10,0.204,TI,horns,dr1,8,trajectory,other
scvis,scvis,scvis,nkr_20,0.337,TI,horns,dr1,8,trajectory,other
scvis,scvis,scvis,nkr_30,0.418,TI,horns,dr1,8,trajectory,other
scvis,scvis,scvis,Mrre_missing_10,0.871,TI,muscle,dr3,8,trajectory,other
scvis,scvis,scvis,Mrre_missing_20,0.865,TI,muscle,dr3,8,trajectory,other
scvis,scvis,scvis,Mrre_missing_30,0.861,TI,muscle,dr3,8,trajectory,other
scvis,scvis,scvis,aji_10,0.011,TI,muscle,dr1,8,trajectory,other
scvis,scvis,scvis,aji_20,0.02,TI,muscle,dr1,8,trajectory,other
scvis,scvis,scvis,aji_30,0.027,TI,muscle,dr1,8,trajectory,other
scvis,scvis,scvis,nkr_10,0.022,TI,muscle,dr1,8,trajectory,other
scvis,scvis,scvis,nkr_20,0.039,TI,muscle,dr1,8,trajectory,other
scvis,scvis,scvis,nkr_30,0.052,TI,muscle,dr1,8,trajectory,other
scvis,scvis,scvis,Mrre_missing_10,0.808,TI,neuron,dr3,8,trajectory,other
scvis,scvis,scvis,Mrre_missing_20,0.799,TI,neuron,dr3,8,trajectory,other
scvis,scvis,scvis,Mrre_missing_30,0.794,TI,neuron,dr3,8,trajectory,other
scvis,scvis,scvis,aji_10,0.009,TI,neuron,dr1,8,trajectory,other
scvis,scvis,scvis,aji_20,0.013,TI,neuron,dr1,8,trajectory,other
scvis,scvis,scvis,aji_30,0.017,TI,neuron,dr1,8,trajectory,other
scvis,scvis,scvis,nkr_10,0.016,TI,neuron,dr1,8,trajectory,other
scvis,scvis,scvis,nkr_20,0.026,TI,neuron,dr1,8,trajectory,other
scvis,scvis,scvis,nkr_30,0.034,TI,neuron,dr1,8,trajectory,other
scvis,scvis,scvis,Mrre_missing_10,0.915,TI,pair-1,dr3,8,trajectory,other
scvis,scvis,scvis,Mrre_missing_20,0.911,TI,pair-1,dr3,8,trajectory,other
scvis,scvis,scvis,Mrre_missing_30,0.908,TI,pair-1,dr3,8,trajectory,other
scvis,scvis,scvis,aji_10,0.007,TI,pair-1,dr1,8,trajectory,other
scvis,scvis,scvis,aji_20,0.011,TI,pair-1,dr1,8,trajectory,other
scvis,scvis,scvis,aji_30,0.016,TI,pair-1,dr1,8,trajectory,other
scvis,scvis,scvis,nkr_10,0.013,TI,pair-1,dr1,8,trajectory,other
scvis,scvis,scvis,nkr_20,0.022,TI,pair-1,dr1,8,trajectory,other
scvis,scvis,scvis,nkr_30,0.03,TI,pair-1,dr1,8,trajectory,other
scvis,scvis,scvis,Mrre_missing_10,0.875,TI,pair-2,dr3,8,trajectory,other
scvis,scvis,scvis,Mrre_missing_20,0.871,TI,pair-2,dr3,8,trajectory,other
scvis,scvis,scvis,Mrre_missing_30,0.868,TI,pair-2,dr3,8,trajectory,other
scvis,scvis,scvis,aji_10,0.005,TI,pair-2,dr1,8,trajectory,other
scvis,scvis,scvis,aji_20,0.009,TI,pair-2,dr1,8,trajectory,other
scvis,scvis,scvis,aji_30,0.013,TI,pair-2,dr1,8,trajectory,other
scvis,scvis,scvis,nkr_10,0.01,TI,pair-2,dr1,8,trajectory,other
scvis,scvis,scvis,nkr_20,0.017,TI,pair-2,dr1,8,trajectory,other
scvis,scvis,scvis,nkr_30,0.023,TI,pair-2,dr1,8,trajectory,other
scvis,scvis,scvis,Mrre_missing_10,0.872,TI,pair-3,dr3,8,trajectory,other
scvis,scvis,scvis,Mrre_missing_20,0.868,TI,pair-3,dr3,8,trajectory,other
scvis,scvis,scvis,Mrre_missing_30,0.865,TI,pair-3,dr3,8,trajectory,other
scvis,scvis,scvis,aji_10,0.007,TI,pair-3,dr1,8,trajectory,other
scvis,scvis,scvis,aji_20,0.012,TI,pair-3,dr1,8,trajectory,other
scvis,scvis,scvis,aji_30,0.016,TI,pair-3,dr1,8,trajectory,other
scvis,scvis,scvis,nkr_10,0.013,TI,pair-3,dr1,8,trajectory,other
scvis,scvis,scvis,nkr_20,0.023,TI,pair-3,dr1,8,trajectory,other
scvis,scvis,scvis,nkr_30,0.029,TI,pair-3,dr1,8,trajectory,other
scvis,scvis,scvis,Mrre_missing_10,0.787,TI,pair-4,dr3,8,trajectory,other
scvis,scvis,scvis,Mrre_missing_20,0.782,TI,pair-4,dr3,8,trajectory,other
scvis,scvis,scvis,Mrre_missing_30,0.779,TI,pair-4,dr3,8,trajectory,other
scvis,scvis,scvis,aji_10,0.003,TI,pair-4,dr1,8,trajectory,other
scvis,scvis,scvis,aji_20,0.004,TI,pair-4,dr1,8,trajectory,other
scvis,scvis,scvis,aji_30,0.005,TI,pair-4,dr1,8,trajectory,other
scvis,scvis,scvis,nkr_10,0.005,TI,pair-4,dr1,8,trajectory,other
scvis,scvis,scvis,nkr_20,0.008,TI,pair-4,dr1,8,trajectory,other
scvis,scvis,scvis,nkr_30,0.01,TI,pair-4,dr1,8,trajectory,other
scvis,scvis,scvis,Mrre_missing_10,0.915,TI,parenchyme,dr3,8,trajectory,other
scvis,scvis,scvis,Mrre_missing_20,0.908,TI,parenchyme,dr3,8,trajectory,other
scvis,scvis,scvis,Mrre_missing_30,0.902,TI,parenchyme,dr3,8,trajectory,other
scvis,scvis,scvis,aji_10,0.024,TI,parenchyme,dr1,8,trajectory,other
scvis,scvis,scvis,aji_20,0.041,TI,parenchyme,dr1,8,trajectory,other
scvis,scvis,scvis,aji_30,0.057,TI,parenchyme,dr1,8,trajectory,other
scvis,scvis,scvis,nkr_10,0.047,TI,parenchyme,dr1,8,trajectory,other
scvis,scvis,scvis,nkr_20,0.078,TI,parenchyme,dr1,8,trajectory,other
scvis,scvis,scvis,nkr_30,0.105,TI,parenchyme,dr1,8,trajectory,other
scvis,scvis,scvis,Mrre_missing_10,0.903,TI,phagocyte,dr3,8,trajectory,other
scvis,scvis,scvis,Mrre_missing_20,0.895,TI,phagocyte,dr3,8,trajectory,other
scvis,scvis,scvis,Mrre_missing_30,0.889,TI,phagocyte,dr3,8,trajectory,other
scvis,scvis,scvis,aji_10,0.063,TI,phagocyte,dr1,8,trajectory,other
scvis,scvis,scvis,aji_20,0.095,TI,phagocyte,dr1,8,trajectory,other
scvis,scvis,scvis,aji_30,0.121,TI,phagocyte,dr1,8,trajectory,other
scvis,scvis,scvis,nkr_10,0.135,TI,phagocyte,dr1,8,trajectory,other
scvis,scvis,scvis,nkr_20,0.182,TI,phagocyte,dr1,8,trajectory,other
scvis,scvis,scvis,nkr_30,0.221,TI,phagocyte,dr1,8,trajectory,other
scvis,scvis,scvis,Mrre_missing_10,0.873,TI,pharynx,dr3,8,trajectory,other
scvis,scvis,scvis,Mrre_missing_20,0.861,TI,pharynx,dr3,8,trajectory,other
scvis,scvis,scvis,Mrre_missing_30,0.854,TI,pharynx,dr3,8,trajectory,other
scvis,scvis,scvis,aji_10,0.092,TI,pharynx,dr1,8,trajectory,other
scvis,scvis,scvis,aji_20,0.125,TI,pharynx,dr1,8,trajectory,other
scvis,scvis,scvis,aji_30,0.17,TI,pharynx,dr1,8,trajectory,other
scvis,scvis,scvis,nkr_10,0.188,TI,pharynx,dr1,8,trajectory,other
scvis,scvis,scvis,nkr_20,0.239,TI,pharynx,dr1,8,trajectory,other
scvis,scvis,scvis,nkr_30,0.298,TI,pharynx,dr1,8,trajectory,other
scvis,scvis,scvis,Mrre_missing_10,0.932,TI,trophectoderm,dr3,8,trajectory,other
scvis,scvis,scvis,Mrre_missing_20,0.917,TI,trophectoderm,dr3,8,trajectory,other
scvis,scvis,scvis,Mrre_missing_30,0.906,TI,trophectoderm,dr3,8,trajectory,other
scvis,scvis,scvis,aji_10,0.397,TI,trophectoderm,dr1,8,trajectory,other
scvis,scvis,scvis,aji_20,0.545,TI,trophectoderm,dr1,8,trajectory,other
scvis,scvis,scvis,aji_30,0.631,TI,trophectoderm,dr1,8,trajectory,other
scvis,scvis,scvis,nkr_10,0.611,TI,trophectoderm,dr1,8,trajectory,other
scvis,scvis,scvis,nkr_20,0.727,TI,trophectoderm,dr1,8,trajectory,other
scvis,scvis,scvis,nkr_30,0.789,TI,trophectoderm,dr1,8,trajectory,other
scvis,scvis,scvis,Mrre_missing_10,0.98,VASC,Baron,dr3,8,VASC,other
scvis,scvis,scvis,Mrre_missing_20,0.979,VASC,Baron,dr3,8,VASC,other
scvis,scvis,scvis,Mrre_missing_30,0.978,VASC,Baron,dr3,8,VASC,other
scvis,scvis,scvis,aji_10,0.045,VASC,Baron,dr1,8,VASC,other
scvis,scvis,scvis,aji_20,0.075,VASC,Baron,dr1,8,VASC,other
scvis,scvis,scvis,aji_30,0.1,VASC,Baron,dr1,8,VASC,other
scvis,scvis,scvis,nkr_10,0.085,VASC,Baron,dr1,8,VASC,other
scvis,scvis,scvis,nkr_20,0.134,VASC,Baron,dr1,8,VASC,other
scvis,scvis,scvis,nkr_30,0.172,VASC,Baron,dr1,8,VASC,other
scvis,scvis,scvis,Mrre_missing_10,0.946,VASC,Biase,dr3,8,VASC,other
scvis,scvis,scvis,Mrre_missing_20,0.938,VASC,Biase,dr3,8,VASC,other
scvis,scvis,scvis,Mrre_missing_30,0.93,VASC,Biase,dr3,8,VASC,other
scvis,scvis,scvis,aji_10,0.599,VASC,Biase,dr1,8,VASC,other
scvis,scvis,scvis,aji_20,0.819,VASC,Biase,dr1,8,VASC,other
scvis,scvis,scvis,aji_30,0.805,VASC,Biase,dr1,8,VASC,other
scvis,scvis,scvis,nkr_10,0.768,VASC,Biase,dr1,8,VASC,other
scvis,scvis,scvis,nkr_20,0.938,VASC,Biase,dr1,8,VASC,other
scvis,scvis,scvis,nkr_30,0.92,VASC,Biase,dr1,8,VASC,other
scvis,scvis,scvis,Mrre_missing_10,0.981,VASC,Goolam,dr3,8,VASC,other
scvis,scvis,scvis,Mrre_missing_20,0.973,VASC,Goolam,dr3,8,VASC,other
scvis,scvis,scvis,Mrre_missing_30,0.965,VASC,Goolam,dr3,8,VASC,other
scvis,scvis,scvis,aji_10,0.582,VASC,Goolam,dr1,8,VASC,other
scvis,scvis,scvis,aji_20,0.68,VASC,Goolam,dr1,8,VASC,other
scvis,scvis,scvis,aji_30,0.695,VASC,Goolam,dr1,8,VASC,other
scvis,scvis,scvis,nkr_10,0.751,VASC,Goolam,dr1,8,VASC,other
scvis,scvis,scvis,nkr_20,0.813,VASC,Goolam,dr1,8,VASC,other
scvis,scvis,scvis,nkr_30,0.823,VASC,Goolam,dr1,8,VASC,other
scvis,scvis,scvis,Mrre_missing_10,0.883,VASC,Xin,dr3,8,VASC,other
scvis,scvis,scvis,Mrre_missing_20,0.876,VASC,Xin,dr3,8,VASC,other
scvis,scvis,scvis,Mrre_missing_30,0.872,VASC,Xin,dr3,8,VASC,other
scvis,scvis,scvis,aji_10,0.041,VASC,Xin,dr1,8,VASC,other
scvis,scvis,scvis,aji_20,0.057,VASC,Xin,dr1,8,VASC,other
scvis,scvis,scvis,aji_30,0.071,VASC,Xin,dr1,8,VASC,other
scvis,scvis,scvis,nkr_10,0.085,VASC,Xin,dr1,8,VASC,other
scvis,scvis,scvis,nkr_20,0.108,VASC,Xin,dr1,8,VASC,other
scvis,scvis,scvis,nkr_30,0.131,VASC,Xin,dr1,8,VASC,other
scvis,scvis,scvis,Mrre_missing_10,0.967,VASC,Zeisel,dr3,8,VASC,other
scvis,scvis,scvis,Mrre_missing_20,0.964,VASC,Zeisel,dr3,8,VASC,other
scvis,scvis,scvis,Mrre_missing_30,0.962,VASC,Zeisel,dr3,8,VASC,other
scvis,scvis,scvis,aji_10,0.103,VASC,Zeisel,dr1,8,VASC,other
scvis,scvis,scvis,aji_20,0.153,VASC,Zeisel,dr1,8,VASC,other
scvis,scvis,scvis,aji_30,0.181,VASC,Zeisel,dr1,8,VASC,other
scvis,scvis,scvis,nkr_10,0.189,VASC,Zeisel,dr1,8,VASC,other
scvis,scvis,scvis,nkr_20,0.257,VASC,Zeisel,dr1,8,VASC,other
scvis,scvis,scvis,nkr_30,0.297,VASC,Zeisel,dr1,8,VASC,other
scvis,scvis,scvis,Mrre_missing_10,0.973,VASC,yan,dr3,8,VASC,other
scvis,scvis,scvis,Mrre_missing_20,0.97,VASC,yan,dr3,8,VASC,other
scvis,scvis,scvis,Mrre_missing_30,0.967,VASC,yan,dr3,8,VASC,other
scvis,scvis,scvis,aji_10,0.639,VASC,yan,dr1,8,VASC,other
scvis,scvis,scvis,aji_20,0.83,VASC,yan,dr1,8,VASC,other
scvis,scvis,scvis,aji_30,0.8,VASC,yan,dr1,8,VASC,other
scvis,scvis,scvis,nkr_10,0.817,VASC,yan,dr1,8,VASC,other
scvis,scvis,scvis,nkr_20,0.928,VASC,yan,dr1,8,VASC,other
scvis,scvis,scvis,nkr_30,0.935,VASC,yan,dr1,8,VASC,other
scvis,scvis,scvis,Mrre_missing_10,0.952,benchmarker,Baron_mouse,dr3,8,curated,other
scvis,scvis,scvis,Mrre_missing_20,0.948,benchmarker,Baron_mouse,dr3,8,curated,other
scvis,scvis,scvis,Mrre_missing_30,0.945,benchmarker,Baron_mouse,dr3,8,curated,other
scvis,scvis,scvis,aji_10,0.093,benchmarker,Baron_mouse,dr1,8,curated,other
scvis,scvis,scvis,aji_20,0.141,benchmarker,Baron_mouse,dr1,8,curated,other
scvis,scvis,scvis,aji_30,0.179,benchmarker,Baron_mouse,dr1,8,curated,other
scvis,scvis,scvis,nkr_10,0.166,benchmarker,Baron_mouse,dr1,8,curated,other
scvis,scvis,scvis,nkr_20,0.234,benchmarker,Baron_mouse,dr1,8,curated,other
scvis,scvis,scvis,nkr_30,0.283,benchmarker,Baron_mouse,dr1,8,curated,other
scvis,scvis,scvis,Mrre_missing_10,0.947,benchmarker,Darmanis,dr3,8,curated,other
scvis,scvis,scvis,Mrre_missing_20,0.94,benchmarker,Darmanis,dr3,8,curated,other
scvis,scvis,scvis,Mrre_missing_30,0.935,benchmarker,Darmanis,dr3,8,curated,other
scvis,scvis,scvis,aji_10,0.228,benchmarker,Darmanis,dr1,8,curated,other
scvis,scvis,scvis,aji_20,0.319,benchmarker,Darmanis,dr1,8,curated,other
scvis,scvis,scvis,aji_30,0.393,benchmarker,Darmanis,dr1,8,curated,other
scvis,scvis,scvis,nkr_10,0.393,benchmarker,Darmanis,dr1,8,curated,other
scvis,scvis,scvis,nkr_20,0.486,benchmarker,Darmanis,dr1,8,curated,other
scvis,scvis,scvis,nkr_30,0.551,benchmarker,Darmanis,dr1,8,curated,other
scvis,scvis,scvis,Mrre_missing_10,0.899,benchmarker,Pancreatic,dr3,8,curated,other
scvis,scvis,scvis,Mrre_missing_20,0.882,benchmarker,Pancreatic,dr3,8,curated,other
scvis,scvis,scvis,Mrre_missing_30,0.87,benchmarker,Pancreatic,dr3,8,curated,other
scvis,scvis,scvis,aji_10,0.469,benchmarker,Pancreatic,dr1,8,curated,other
scvis,scvis,scvis,aji_20,0.564,benchmarker,Pancreatic,dr1,8,curated,other
scvis,scvis,scvis,aji_30,0.767,benchmarker,Pancreatic,dr1,8,curated,other
scvis,scvis,scvis,nkr_10,0.657,benchmarker,Pancreatic,dr1,8,curated,other
scvis,scvis,scvis,nkr_20,0.744,benchmarker,Pancreatic,dr1,8,curated,other
scvis,scvis,scvis,nkr_30,0.881,benchmarker,Pancreatic,dr1,8,curated,other
scvis,scvis,scvis,Mrre_missing_10,0.919,benchmarker,Silver,dr3,8,curated,other
scvis,scvis,scvis,Mrre_missing_20,0.917,benchmarker,Silver,dr3,8,curated,other
scvis,scvis,scvis,Mrre_missing_30,0.915,benchmarker,Silver,dr3,8,curated,other
scvis,scvis,scvis,aji_10,0.028,benchmarker,Silver,dr1,8,curated,other
scvis,scvis,scvis,aji_20,0.05,benchmarker,Silver,dr1,8,curated,other
scvis,scvis,scvis,aji_30,0.07,benchmarker,Silver,dr1,8,curated,other
scvis,scvis,scvis,nkr_10,0.049,benchmarker,Silver,dr1,8,curated,other
scvis,scvis,scvis,nkr_20,0.087,benchmarker,Silver,dr1,8,curated,other
scvis,scvis,scvis,nkr_30,0.119,benchmarker,Silver,dr1,8,curated,other
scvis,scvis,scvis,Mrre_missing_10,0.891,benchmarker,Zhengmix4eq,dr3,8,curated,other
scvis,scvis,scvis,Mrre_missing_20,0.889,benchmarker,Zhengmix4eq,dr3,8,curated,other
scvis,scvis,scvis,Mrre_missing_30,0.888,benchmarker,Zhengmix4eq,dr3,8,curated,other
scvis,scvis,scvis,aji_10,0.009,benchmarker,Zhengmix4eq,dr1,8,curated,other
scvis,scvis,scvis,aji_20,0.015,benchmarker,Zhengmix4eq,dr1,8,curated,other
scvis,scvis,scvis,aji_30,0.022,benchmarker,Zhengmix4eq,dr1,8,curated,other
scvis,scvis,scvis,nkr_10,0.016,benchmarker,Zhengmix4eq,dr1,8,curated,other
scvis,scvis,scvis,nkr_20,0.029,benchmarker,Zhengmix4eq,dr1,8,curated,other
scvis,scvis,scvis,nkr_30,0.041,benchmarker,Zhengmix4eq,dr1,8,curated,other
scvis,scvis,scvis,Mrre_missing_10,0.986,scDesign3,ACINAR,dr3,8,scDesign3,other
scvis,scvis,scvis,Mrre_missing_20,0.984,scDesign3,ACINAR,dr3,8,scDesign3,other
scvis,scvis,scvis,Mrre_missing_30,0.983,scDesign3,ACINAR,dr3,8,scDesign3,other
scvis,scvis,scvis,aji_10,0.114,scDesign3,ACINAR,dr1,8,scDesign3,other
scvis,scvis,scvis,aji_20,0.171,scDesign3,ACINAR,dr1,8,scDesign3,other
scvis,scvis,scvis,aji_30,0.21,scDesign3,ACINAR,dr1,8,scDesign3,other
scvis,scvis,scvis,nkr_10,0.216,scDesign3,ACINAR,dr1,8,scDesign3,other
scvis,scvis,scvis,nkr_20,0.299,scDesign3,ACINAR,dr1,8,scDesign3,other
scvis,scvis,scvis,nkr_30,0.352,scDesign3,ACINAR,dr1,8,scDesign3,other
scvis,scvis,scvis,Mrre_missing_10,0.923,scDesign3,ATAC,dr3,8,scDesign3,other
scvis,scvis,scvis,Mrre_missing_20,0.92,scDesign3,ATAC,dr3,8,scDesign3,other
scvis,scvis,scvis,Mrre_missing_30,0.918,scDesign3,ATAC,dr3,8,scDesign3,other
scvis,scvis,scvis,aji_10,0.007,scDesign3,ATAC,dr1,8,scDesign3,other
scvis,scvis,scvis,aji_20,0.012,scDesign3,ATAC,dr1,8,scDesign3,other
scvis,scvis,scvis,aji_30,0.018,scDesign3,ATAC,dr1,8,scDesign3,other
scvis,scvis,scvis,nkr_10,0.014,scDesign3,ATAC,dr1,8,scDesign3,other
scvis,scvis,scvis,nkr_20,0.025,scDesign3,ATAC,dr1,8,scDesign3,other
scvis,scvis,scvis,nkr_30,0.034,scDesign3,ATAC,dr1,8,scDesign3,other
scvis,scvis,scvis,Mrre_missing_10,0.99,scDesign3,BATCH,dr3,8,scDesign3,other
scvis,scvis,scvis,Mrre_missing_20,0.989,scDesign3,BATCH,dr3,8,scDesign3,other
scvis,scvis,scvis,Mrre_missing_30,0.989,scDesign3,BATCH,dr3,8,scDesign3,other
scvis,scvis,scvis,aji_10,0.08,scDesign3,BATCH,dr1,8,scDesign3,other
scvis,scvis,scvis,aji_20,0.127,scDesign3,BATCH,dr1,8,scDesign3,other
scvis,scvis,scvis,aji_30,0.165,scDesign3,BATCH,dr1,8,scDesign3,other
scvis,scvis,scvis,nkr_10,0.152,scDesign3,BATCH,dr1,8,scDesign3,other
scvis,scvis,scvis,nkr_20,0.229,scDesign3,BATCH,dr1,8,scDesign3,other
scvis,scvis,scvis,nkr_30,0.284,scDesign3,BATCH,dr1,8,scDesign3,other
scvis,scvis,scvis,Mrre_missing_10,0.996,scDesign3,CITE,dr3,8,scDesign3,other
scvis,scvis,scvis,Mrre_missing_20,0.996,scDesign3,CITE,dr3,8,scDesign3,other
scvis,scvis,scvis,Mrre_missing_30,0.995,scDesign3,CITE,dr3,8,scDesign3,other
scvis,scvis,scvis,aji_10,0.195,scDesign3,CITE,dr1,8,scDesign3,other
scvis,scvis,scvis,aji_20,0.268,scDesign3,CITE,dr1,8,scDesign3,other
scvis,scvis,scvis,aji_30,0.314,scDesign3,CITE,dr1,8,scDesign3,other
scvis,scvis,scvis,nkr_10,0.338,scDesign3,CITE,dr1,8,scDesign3,other
scvis,scvis,scvis,nkr_20,0.419,scDesign3,CITE,dr1,8,scDesign3,other
scvis,scvis,scvis,nkr_30,0.47,scDesign3,CITE,dr1,8,scDesign3,other
scvis,scvis,scvis,Mrre_missing_10,0.982,scDesign3,EMBYRO,dr3,8,scDesign3,other
scvis,scvis,scvis,Mrre_missing_20,0.978,scDesign3,EMBYRO,dr3,8,scDesign3,other
scvis,scvis,scvis,Mrre_missing_30,0.976,scDesign3,EMBYRO,dr3,8,scDesign3,other
scvis,scvis,scvis,aji_10,0.213,scDesign3,EMBYRO,dr1,8,scDesign3,other
scvis,scvis,scvis,aji_20,0.286,scDesign3,EMBYRO,dr1,8,scDesign3,other
scvis,scvis,scvis,aji_30,0.328,scDesign3,EMBYRO,dr1,8,scDesign3,other
scvis,scvis,scvis,nkr_10,0.368,scDesign3,EMBYRO,dr1,8,scDesign3,other
scvis,scvis,scvis,nkr_20,0.45,scDesign3,EMBYRO,dr1,8,scDesign3,other
scvis,scvis,scvis,nkr_30,0.49,scDesign3,EMBYRO,dr1,8,scDesign3,other
scvis,scvis,scvis,Mrre_missing_10,0.985,scDesign3,IFNB,dr3,8,scDesign3,other
scvis,scvis,scvis,Mrre_missing_20,0.984,scDesign3,IFNB,dr3,8,scDesign3,other
scvis,scvis,scvis,Mrre_missing_30,0.984,scDesign3,IFNB,dr3,8,scDesign3,other
scvis,scvis,scvis,aji_10,0.045,scDesign3,IFNB,dr1,8,scDesign3,other
scvis,scvis,scvis,aji_20,0.071,scDesign3,IFNB,dr1,8,scDesign3,other
scvis,scvis,scvis,aji_30,0.091,scDesign3,IFNB,dr1,8,scDesign3,other
scvis,scvis,scvis,nkr_10,0.09,scDesign3,IFNB,dr1,8,scDesign3,other
scvis,scvis,scvis,nkr_20,0.133,scDesign3,IFNB,dr1,8,scDesign3,other
scvis,scvis,scvis,nkr_30,0.163,scDesign3,IFNB,dr1,8,scDesign3,other
scvis,scvis,scvis,Mrre_missing_10,0.983,scDesign3,MARROW,dr3,8,scDesign3,other
scvis,scvis,scvis,Mrre_missing_20,0.982,scDesign3,MARROW,dr3,8,scDesign3,other
scvis,scvis,scvis,Mrre_missing_30,0.981,scDesign3,MARROW,dr3,8,scDesign3,other
scvis,scvis,scvis,aji_10,0.103,scDesign3,MARROW,dr1,8,scDesign3,other
scvis,scvis,scvis,aji_20,0.157,scDesign3,MARROW,dr1,8,scDesign3,other
scvis,scvis,scvis,aji_30,0.201,scDesign3,MARROW,dr1,8,scDesign3,other
scvis,scvis,scvis,nkr_10,0.195,scDesign3,MARROW,dr1,8,scDesign3,other
scvis,scvis,scvis,nkr_20,0.277,scDesign3,MARROW,dr1,8,scDesign3,other
scvis,scvis,scvis,nkr_30,0.338,scDesign3,MARROW,dr1,8,scDesign3,other
scvis,scvis,scvis,Mrre_missing_10,0.932,scDesign3,MOBSC,dr3,8,scDesign3,other
scvis,scvis,scvis,Mrre_missing_20,0.929,scDesign3,MOBSC,dr3,8,scDesign3,other
scvis,scvis,scvis,Mrre_missing_30,0.927,scDesign3,MOBSC,dr3,8,scDesign3,other
scvis,scvis,scvis,aji_10,0.008,scDesign3,MOBSC,dr1,8,scDesign3,other
scvis,scvis,scvis,aji_20,0.015,scDesign3,MOBSC,dr1,8,scDesign3,other
scvis,scvis,scvis,aji_30,0.022,scDesign3,MOBSC,dr1,8,scDesign3,other
scvis,scvis,scvis,nkr_10,0.016,scDesign3,MOBSC,dr1,8,scDesign3,other
scvis,scvis,scvis,nkr_20,0.03,scDesign3,MOBSC,dr1,8,scDesign3,other
scvis,scvis,scvis,nkr_30,0.042,scDesign3,MOBSC,dr1,8,scDesign3,other
scvis,scvis,scvis,Mrre_missing_10,0.991,scDesign3,OVARIAN,dr3,8,scDesign3,other
scvis,scvis,scvis,Mrre_missing_20,0.99,scDesign3,OVARIAN,dr3,8,scDesign3,other
scvis,scvis,scvis,Mrre_missing_30,0.989,scDesign3,OVARIAN,dr3,8,scDesign3,other
scvis,scvis,scvis,aji_10,0.129,scDesign3,OVARIAN,dr1,8,scDesign3,other
scvis,scvis,scvis,aji_20,0.195,scDesign3,OVARIAN,dr1,8,scDesign3,other
scvis,scvis,scvis,aji_30,0.243,scDesign3,OVARIAN,dr1,8,scDesign3,other
scvis,scvis,scvis,nkr_10,0.245,scDesign3,OVARIAN,dr1,8,scDesign3,other
scvis,scvis,scvis,nkr_20,0.334,scDesign3,OVARIAN,dr1,8,scDesign3,other
scvis,scvis,scvis,nkr_30,0.395,scDesign3,OVARIAN,dr1,8,scDesign3,other
scvis,scvis,scvis,Mrre_missing_10,0.984,scDesign3,PANCREAS,dr3,8,scDesign3,other
scvis,scvis,scvis,Mrre_missing_20,0.983,scDesign3,PANCREAS,dr3,8,scDesign3,other
scvis,scvis,scvis,Mrre_missing_30,0.982,scDesign3,PANCREAS,dr3,8,scDesign3,other
scvis,scvis,scvis,aji_10,0.152,scDesign3,PANCREAS,dr1,8,scDesign3,other
scvis,scvis,scvis,aji_20,0.223,scDesign3,PANCREAS,dr1,8,scDesign3,other
scvis,scvis,scvis,aji_30,0.273,scDesign3,PANCREAS,dr1,8,scDesign3,other
scvis,scvis,scvis,nkr_10,0.278,scDesign3,PANCREAS,dr1,8,scDesign3,other
scvis,scvis,scvis,nkr_20,0.368,scDesign3,PANCREAS,dr1,8,scDesign3,other
scvis,scvis,scvis,nkr_30,0.428,scDesign3,PANCREAS,dr1,8,scDesign3,other
scvis,scvis,scvis,Mrre_missing_10,0.938,scDesign3,SCGEMMETH,dr3,8,scDesign3,other
scvis,scvis,scvis,Mrre_missing_20,0.928,scDesign3,SCGEMMETH,dr3,8,scDesign3,other
scvis,scvis,scvis,Mrre_missing_30,0.922,scDesign3,SCGEMMETH,dr3,8,scDesign3,other
scvis,scvis,scvis,aji_10,0.33,scDesign3,SCGEMMETH,dr1,8,scDesign3,other
scvis,scvis,scvis,aji_20,0.448,scDesign3,SCGEMMETH,dr1,8,scDesign3,other
scvis,scvis,scvis,aji_30,0.524,scDesign3,SCGEMMETH,dr1,8,scDesign3,other
scvis,scvis,scvis,nkr_10,0.549,scDesign3,SCGEMMETH,dr1,8,scDesign3,other
scvis,scvis,scvis,nkr_20,0.643,scDesign3,SCGEMMETH,dr1,8,scDesign3,other
scvis,scvis,scvis,nkr_30,0.696,scDesign3,SCGEMMETH,dr1,8,scDesign3,other
scvis,scvis,scvis,Mrre_missing_10,0.969,scDesign3,SCGEMRNA,dr3,8,scDesign3,other
scvis,scvis,scvis,Mrre_missing_20,0.96,scDesign3,SCGEMRNA,dr3,8,scDesign3,other
scvis,scvis,scvis,Mrre_missing_30,0.955,scDesign3,SCGEMRNA,dr3,8,scDesign3,other
scvis,scvis,scvis,aji_10,0.442,scDesign3,SCGEMRNA,dr1,8,scDesign3,other
scvis,scvis,scvis,aji_20,0.52,scDesign3,SCGEMRNA,dr1,8,scDesign3,other
scvis,scvis,scvis,aji_30,0.598,scDesign3,SCGEMRNA,dr1,8,scDesign3,other
scvis,scvis,scvis,nkr_10,0.662,scDesign3,SCGEMRNA,dr1,8,scDesign3,other
scvis,scvis,scvis,nkr_20,0.7,scDesign3,SCGEMRNA,dr1,8,scDesign3,other
scvis,scvis,scvis,nkr_30,0.758,scDesign3,SCGEMRNA,dr1,8,scDesign3,other
scvis,scvis,scvis,Mrre_missing_10,0.429,scDesign3,SCIATAC,dr3,8,scDesign3,other
scvis,scvis,scvis,Mrre_missing_20,0.429,scDesign3,SCIATAC,dr3,8,scDesign3,other
scvis,scvis,scvis,Mrre_missing_30,0.43,scDesign3,SCIATAC,dr3,8,scDesign3,other
scvis,scvis,scvis,aji_10,0.002,scDesign3,SCIATAC,dr1,8,scDesign3,other
scvis,scvis,scvis,aji_20,0.003,scDesign3,SCIATAC,dr1,8,scDesign3,other
scvis,scvis,scvis,aji_30,0.005,scDesign3,SCIATAC,dr1,8,scDesign3,other
scvis,scvis,scvis,nkr_10,0.002,scDesign3,SCIATAC,dr1,8,scDesign3,other
scvis,scvis,scvis,nkr_20,0.005,scDesign3,SCIATAC,dr1,8,scDesign3,other
scvis,scvis,scvis,nkr_30,0.007,scDesign3,SCIATAC,dr1,8,scDesign3,other
scvis,scvis,scvis,Mrre_missing_10,0.573,scDesign3,SLIDE,dr3,8,scDesign3,other
scvis,scvis,scvis,Mrre_missing_20,0.574,scDesign3,SLIDE,dr3,8,scDesign3,other
scvis,scvis,scvis,Mrre_missing_30,0.575,scDesign3,SLIDE,dr3,8,scDesign3,other
scvis,scvis,scvis,aji_10,0.001,scDesign3,SLIDE,dr1,8,scDesign3,other
scvis,scvis,scvis,aji_20,0.001,scDesign3,SLIDE,dr1,8,scDesign3,other
scvis,scvis,scvis,aji_30,0.002,scDesign3,SLIDE,dr1,8,scDesign3,other
scvis,scvis,scvis,nkr_10,0.001,scDesign3,SLIDE,dr1,8,scDesign3,other
scvis,scvis,scvis,nkr_20,0.002,scDesign3,SLIDE,dr1,8,scDesign3,other
scvis,scvis,scvis,nkr_30,0.003,scDesign3,SLIDE,dr1,8,scDesign3,other
scvis,scvis,scvis,Mrre_missing_10,0.992,scDesign3,VISIUM,dr3,8,scDesign3,other
scvis,scvis,scvis,Mrre_missing_20,0.99,scDesign3,VISIUM,dr3,8,scDesign3,other
scvis,scvis,scvis,Mrre_missing_30,0.99,scDesign3,VISIUM,dr3,8,scDesign3,other
scvis,scvis,scvis,aji_10,0.169,scDesign3,VISIUM,dr1,8,scDesign3,other
scvis,scvis,scvis,aji_20,0.242,scDesign3,VISIUM,dr1,8,scDesign3,other
scvis,scvis,scvis,aji_30,0.29,scDesign3,VISIUM,dr1,8,scDesign3,other
scvis,scvis,scvis,nkr_10,0.307,scDesign3,VISIUM,dr1,8,scDesign3,other
scvis,scvis,scvis,nkr_20,0.396,scDesign3,VISIUM,dr1,8,scDesign3,other
scvis,scvis,scvis,nkr_30,0.449,scDesign3,VISIUM,dr1,8,scDesign3,other
VASC,VASC,VASC,Mrre_missing_10,0.747,SIMLR,Pollen,dr3,9,SIMLR,other
VASC,VASC,VASC,Mrre_missing_20,0.744,SIMLR,Pollen,dr3,9,SIMLR,other
VASC,VASC,VASC,Mrre_missing_30,0.736,SIMLR,Pollen,dr3,9,SIMLR,other
VASC,VASC,VASC,aji_10,0.112,SIMLR,Pollen,dr1,9,SIMLR,other
VASC,VASC,VASC,aji_20,0.234,SIMLR,Pollen,dr1,9,SIMLR,other
VASC,VASC,VASC,aji_30,0.305,SIMLR,Pollen,dr1,9,SIMLR,other
VASC,VASC,VASC,nkr_10,0.171,SIMLR,Pollen,dr1,9,SIMLR,other
VASC,VASC,VASC,nkr_20,0.332,SIMLR,Pollen,dr1,9,SIMLR,other
VASC,VASC,VASC,nkr_30,0.42,SIMLR,Pollen,dr1,9,SIMLR,other
VASC,VASC,VASC,Mrre_missing_10,0.435,SIMLR,Usoskin,dr3,9,SIMLR,other
VASC,VASC,VASC,Mrre_missing_20,0.435,SIMLR,Usoskin,dr3,9,SIMLR,other
VASC,VASC,VASC,Mrre_missing_30,0.435,SIMLR,Usoskin,dr3,9,SIMLR,other
VASC,VASC,VASC,aji_10,0.022,SIMLR,Usoskin,dr1,9,SIMLR,other
VASC,VASC,VASC,aji_20,0.037,SIMLR,Usoskin,dr1,9,SIMLR,other
VASC,VASC,VASC,aji_30,0.056,SIMLR,Usoskin,dr1,9,SIMLR,other
VASC,VASC,VASC,nkr_10,0.036,SIMLR,Usoskin,dr1,9,SIMLR,other
VASC,VASC,VASC,nkr_20,0.06,SIMLR,Usoskin,dr1,9,SIMLR,other
VASC,VASC,VASC,nkr_30,0.087,SIMLR,Usoskin,dr1,9,SIMLR,other
VASC,VASC,VASC,Mrre_missing_10,0.872,TI,DA1_horns,dr3,9,trajectory,other
VASC,VASC,VASC,Mrre_missing_20,0.868,TI,DA1_horns,dr3,9,trajectory,other
VASC,VASC,VASC,Mrre_missing_30,0.866,TI,DA1_horns,dr3,9,trajectory,other
VASC,VASC,VASC,aji_10,0.091,TI,DA1_horns,dr1,9,trajectory,other
VASC,VASC,VASC,aji_20,0.189,TI,DA1_horns,dr1,9,trajectory,other
VASC,VASC,VASC,aji_30,0.294,TI,DA1_horns,dr1,9,trajectory,other
VASC,VASC,VASC,nkr_10,0.169,TI,DA1_horns,dr1,9,trajectory,other
VASC,VASC,VASC,nkr_20,0.313,TI,DA1_horns,dr1,9,trajectory,other
VASC,VASC,VASC,nkr_30,0.443,TI,DA1_horns,dr1,9,trajectory,other
VASC,VASC,VASC,Mrre_missing_10,0.886,TI,DC3_VA1d_horns,dr3,9,trajectory,other
VASC,VASC,VASC,Mrre_missing_20,0.882,TI,DC3_VA1d_horns,dr3,9,trajectory,other
VASC,VASC,VASC,Mrre_missing_30,0.877,TI,DC3_VA1d_horns,dr3,9,trajectory,other
VASC,VASC,VASC,aji_10,0.174,TI,DC3_VA1d_horns,dr1,9,trajectory,other
VASC,VASC,VASC,aji_20,0.344,TI,DC3_VA1d_horns,dr1,9,trajectory,other
VASC,VASC,VASC,aji_30,0.511,TI,DC3_VA1d_horns,dr1,9,trajectory,other
VASC,VASC,VASC,nkr_10,0.305,TI,DC3_VA1d_horns,dr1,9,trajectory,other
VASC,VASC,VASC,nkr_20,0.515,TI,DC3_VA1d_horns,dr1,9,trajectory,other
VASC,VASC,VASC,nkr_30,0.678,TI,DC3_VA1d_horns,dr1,9,trajectory,other
VASC,VASC,VASC,Mrre_missing_10,0.929,TI,ICM,dr3,9,trajectory,other
VASC,VASC,VASC,Mrre_missing_20,0.926,TI,ICM,dr3,9,trajectory,other
VASC,VASC,VASC,Mrre_missing_30,0.924,TI,ICM,dr3,9,trajectory,other
VASC,VASC,VASC,aji_10,0.231,TI,ICM,dr1,9,trajectory,other
VASC,VASC,VASC,aji_20,0.392,TI,ICM,dr1,9,trajectory,other
VASC,VASC,VASC,aji_30,0.546,TI,ICM,dr1,9,trajectory,other
VASC,VASC,VASC,nkr_10,0.374,TI,ICM,dr1,9,trajectory,other
VASC,VASC,VASC,nkr_20,0.548,TI,ICM,dr1,9,trajectory,other
VASC,VASC,VASC,nkr_30,0.687,TI,ICM,dr1,9,trajectory,other
VASC,VASC,VASC,Mrre_missing_10,0.952,TI,blastocyst,dr3,9,trajectory,other
VASC,VASC,VASC,Mrre_missing_20,0.95,TI,blastocyst,dr3,9,trajectory,other
VASC,VASC,VASC,Mrre_missing_30,0.948,TI,blastocyst,dr3,9,trajectory,other
VASC,VASC,VASC,aji_10,0.245,TI,blastocyst,dr1,9,trajectory,other
VASC,VASC,VASC,aji_20,0.405,TI,blastocyst,dr1,9,trajectory,other
VASC,VASC,VASC,aji_30,0.541,TI,blastocyst,dr1,9,trajectory,other
VASC,VASC,VASC,nkr_10,0.403,TI,blastocyst,dr1,9,trajectory,other
VASC,VASC,VASC,nkr_20,0.574,TI,blastocyst,dr1,9,trajectory,other
VASC,VASC,VASC,nkr_30,0.693,TI,blastocyst,dr1,9,trajectory,other
VASC,VASC,VASC,Mrre_missing_10,0.727,TI,combination-1,dr3,9,trajectory,other
VASC,VASC,VASC,Mrre_missing_20,0.72,TI,combination-1,dr3,9,trajectory,other
VASC,VASC,VASC,Mrre_missing_30,0.717,TI,combination-1,dr3,9,trajectory,other
VASC,VASC,VASC,aji_10,0.009,TI,combination-1,dr1,9,trajectory,other
VASC,VASC,VASC,aji_20,0.014,TI,combination-1,dr1,9,trajectory,other
VASC,VASC,VASC,aji_30,0.019,TI,combination-1,dr1,9,trajectory,other
VASC,VASC,VASC,nkr_10,0.018,TI,combination-1,dr1,9,trajectory,other
VASC,VASC,VASC,nkr_20,0.028,TI,combination-1,dr1,9,trajectory,other
VASC,VASC,VASC,nkr_30,0.037,TI,combination-1,dr1,9,trajectory,other
VASC,VASC,VASC,Mrre_missing_10,0.802,TI,combination-2,dr3,9,trajectory,other
VASC,VASC,VASC,Mrre_missing_20,0.793,TI,combination-2,dr3,9,trajectory,other
VASC,VASC,VASC,Mrre_missing_30,0.789,TI,combination-2,dr3,9,trajectory,other
VASC,VASC,VASC,aji_10,0.008,TI,combination-2,dr1,9,trajectory,other
VASC,VASC,VASC,aji_20,0.015,TI,combination-2,dr1,9,trajectory,other
VASC,VASC,VASC,aji_30,0.02,TI,combination-2,dr1,9,trajectory,other
VASC,VASC,VASC,nkr_10,0.017,TI,combination-2,dr1,9,trajectory,other
VASC,VASC,VASC,nkr_20,0.029,TI,combination-2,dr1,9,trajectory,other
VASC,VASC,VASC,nkr_30,0.039,TI,combination-2,dr1,9,trajectory,other
VASC,VASC,VASC,Mrre_missing_10,0.845,TI,combination-3,dr3,9,trajectory,other
VASC,VASC,VASC,Mrre_missing_20,0.84,TI,combination-3,dr3,9,trajectory,other
VASC,VASC,VASC,Mrre_missing_30,0.836,TI,combination-3,dr3,9,trajectory,other
VASC,VASC,VASC,aji_10,0.019,TI,combination-3,dr1,9,trajectory,other
VASC,VASC,VASC,aji_20,0.031,TI,combination-3,dr1,9,trajectory,other
VASC,VASC,VASC,aji_30,0.041,TI,combination-3,dr1,9,trajectory,other
VASC,VASC,VASC,nkr_10,0.038,TI,combination-3,dr1,9,trajectory,other
VASC,VASC,VASC,nkr_20,0.061,TI,combination-3,dr1,9,trajectory,other
VASC,VASC,VASC,nkr_30,0.078,TI,combination-3,dr1,9,trajectory,other
VASC,VASC,VASC,Mrre_missing_10,0.894,TI,epiblast,dr3,9,trajectory,other
VASC,VASC,VASC,Mrre_missing_20,0.889,TI,epiblast,dr3,9,trajectory,other
VASC,VASC,VASC,Mrre_missing_30,0.885,TI,epiblast,dr3,9,trajectory,other
VASC,VASC,VASC,aji_10,0.246,TI,epiblast,dr1,9,trajectory,other
VASC,VASC,VASC,aji_20,0.403,TI,epiblast,dr1,9,trajectory,other
VASC,VASC,VASC,aji_30,0.541,TI,epiblast,dr1,9,trajectory,other
VASC,VASC,VASC,nkr_10,0.403,TI,epiblast,dr1,9,trajectory,other
VASC,VASC,VASC,nkr_20,0.556,TI,epiblast,dr1,9,trajectory,other
VASC,VASC,VASC,nkr_30,0.684,TI,epiblast,dr1,9,trajectory,other
VASC,VASC,VASC,Mrre_missing_10,0.672,TI,epidermis,dr3,9,trajectory,other
VASC,VASC,VASC,Mrre_missing_20,0.669,TI,epidermis,dr3,9,trajectory,other
VASC,VASC,VASC,Mrre_missing_30,0.666,TI,epidermis,dr3,9,trajectory,other
VASC,VASC,VASC,aji_10,0.009,TI,epidermis,dr1,9,trajectory,other
VASC,VASC,VASC,aji_20,0.013,TI,epidermis,dr1,9,trajectory,other
VASC,VASC,VASC,aji_30,0.018,TI,epidermis,dr1,9,trajectory,other
VASC,VASC,VASC,nkr_10,0.017,TI,epidermis,dr1,9,trajectory,other
VASC,VASC,VASC,nkr_20,0.026,TI,epidermis,dr1,9,trajectory,other
VASC,VASC,VASC,nkr_30,0.035,TI,epidermis,dr1,9,trajectory,other
VASC,VASC,VASC,Mrre_missing_10,0.861,TI,horns,dr3,9,trajectory,other
VASC,VASC,VASC,Mrre_missing_20,0.857,TI,horns,dr3,9,trajectory,other
VASC,VASC,VASC,Mrre_missing_30,0.854,TI,horns,dr3,9,trajectory,other
VASC,VASC,VASC,aji_10,0.067,TI,horns,dr1,9,trajectory,other
VASC,VASC,VASC,aji_20,0.125,TI,horns,dr1,9,trajectory,other
VASC,VASC,VASC,aji_30,0.177,TI,horns,dr1,9,trajectory,other
VASC,VASC,VASC,nkr_10,0.127,TI,horns,dr1,9,trajectory,other
VASC,VASC,VASC,nkr_20,0.219,TI,horns,dr1,9,trajectory,other
VASC,VASC,VASC,nkr_30,0.297,TI,horns,dr1,9,trajectory,other
VASC,VASC,VASC,Mrre_missing_10,0.589,TI,muscle,dr3,9,trajectory,other
VASC,VASC,VASC,Mrre_missing_20,0.587,TI,muscle,dr3,9,trajectory,other
VASC,VASC,VASC,Mrre_missing_30,0.585,TI,muscle,dr3,9,trajectory,other
VASC,VASC,VASC,aji_10,0.003,TI,muscle,dr1,9,trajectory,other
VASC,VASC,VASC,aji_20,0.005,TI,muscle,dr1,9,trajectory,other
VASC,VASC,VASC,aji_30,0.007,TI,muscle,dr1,9,trajectory,other
VASC,VASC,VASC,nkr_10,0.005,TI,muscle,dr1,9,trajectory,other
VASC,VASC,VASC,nkr_20,0.01,TI,muscle,dr1,9,trajectory,other
VASC,VASC,VASC,nkr_30,0.014,TI,muscle,dr1,9,trajectory,other
VASC,VASC,VASC,Mrre_missing_10,0.725,TI,neuron,dr3,9,trajectory,other
VASC,VASC,VASC,Mrre_missing_20,0.711,TI,neuron,dr3,9,trajectory,other
VASC,VASC,VASC,Mrre_missing_30,0.704,TI,neuron,dr3,9,trajectory,other
VASC,VASC,VASC,aji_10,0.006,TI,neuron,dr1,9,trajectory,other
VASC,VASC,VASC,aji_20,0.011,TI,neuron,dr1,9,trajectory,other
VASC,VASC,VASC,aji_30,0.015,TI,neuron,dr1,9,trajectory,other
VASC,VASC,VASC,nkr_10,0.013,TI,neuron,dr1,9,trajectory,other
VASC,VASC,VASC,nkr_20,0.022,TI,neuron,dr1,9,trajectory,other
VASC,VASC,VASC,nkr_30,0.03,TI,neuron,dr1,9,trajectory,other
VASC,VASC,VASC,Mrre_missing_10,0.82,TI,pair-1,dr3,9,trajectory,other
VASC,VASC,VASC,Mrre_missing_20,0.816,TI,pair-1,dr3,9,trajectory,other
VASC,VASC,VASC,Mrre_missing_30,0.812,TI,pair-1,dr3,9,trajectory,other
VASC,VASC,VASC,aji_10,0.004,TI,pair-1,dr1,9,trajectory,other
VASC,VASC,VASC,aji_20,0.008,TI,pair-1,dr1,9,trajectory,other
VASC,VASC,VASC,aji_30,0.011,TI,pair-1,dr1,9,trajectory,other
VASC,VASC,VASC,nkr_10,0.009,TI,pair-1,dr1,9,trajectory,other
VASC,VASC,VASC,nkr_20,0.016,TI,pair-1,dr1,9,trajectory,other
VASC,VASC,VASC,nkr_30,0.021,TI,pair-1,dr1,9,trajectory,other
VASC,VASC,VASC,Mrre_missing_10,0.728,TI,pair-2,dr3,9,trajectory,other
VASC,VASC,VASC,Mrre_missing_20,0.721,TI,pair-2,dr3,9,trajectory,other
VASC,VASC,VASC,Mrre_missing_30,0.717,TI,pair-2,dr3,9,trajectory,other
VASC,VASC,VASC,aji_10,0.003,TI,pair-2,dr1,9,trajectory,other
VASC,VASC,VASC,aji_20,0.005,TI,pair-2,dr1,9,trajectory,other
VASC,VASC,VASC,aji_30,0.006,TI,pair-2,dr1,9,trajectory,other
VASC,VASC,VASC,nkr_10,0.006,TI,pair-2,dr1,9,trajectory,other
VASC,VASC,VASC,nkr_20,0.009,TI,pair-2,dr1,9,trajectory,other
VASC,VASC,VASC,nkr_30,0.012,TI,pair-2,dr1,9,trajectory,other
VASC,VASC,VASC,Mrre_missing_10,0.689,TI,pair-3,dr3,9,trajectory,other
VASC,VASC,VASC,Mrre_missing_20,0.682,TI,pair-3,dr3,9,trajectory,other
VASC,VASC,VASC,Mrre_missing_30,0.678,TI,pair-3,dr3,9,trajectory,other
VASC,VASC,VASC,aji_10,0.003,TI,pair-3,dr1,9,trajectory,other
VASC,VASC,VASC,aji_20,0.005,TI,pair-3,dr1,9,trajectory,other
VASC,VASC,VASC,aji_30,0.007,TI,pair-3,dr1,9,trajectory,other
VASC,VASC,VASC,nkr_10,0.007,TI,pair-3,dr1,9,trajectory,other
VASC,VASC,VASC,nkr_20,0.011,TI,pair-3,dr1,9,trajectory,other
VASC,VASC,VASC,nkr_30,0.014,TI,pair-3,dr1,9,trajectory,other
VASC,VASC,VASC,Mrre_missing_10,0.722,TI,pair-4,dr3,9,trajectory,other
VASC,VASC,VASC,Mrre_missing_20,0.718,TI,pair-4,dr3,9,trajectory,other
VASC,VASC,VASC,Mrre_missing_30,0.715,TI,pair-4,dr3,9,trajectory,other
VASC,VASC,VASC,aji_10,0.004,TI,pair-4,dr1,9,trajectory,other
VASC,VASC,VASC,aji_20,0.006,TI,pair-4,dr1,9,trajectory,other
VASC,VASC,VASC,aji_30,0.008,TI,pair-4,dr1,9,trajectory,other
VASC,VASC,VASC,nkr_10,0.008,TI,pair-4,dr1,9,trajectory,other
VASC,VASC,VASC,nkr_20,0.011,TI,pair-4,dr1,9,trajectory,other
VASC,VASC,VASC,nkr_30,0.015,TI,pair-4,dr1,9,trajectory,other
VASC,VASC,VASC,Mrre_missing_10,0.835,TI,parenchyme,dr3,9,trajectory,other
VASC,VASC,VASC,Mrre_missing_20,0.828,TI,parenchyme,dr3,9,trajectory,other
VASC,VASC,VASC,Mrre_missing_30,0.823,TI,parenchyme,dr3,9,trajectory,other
VASC,VASC,VASC,aji_10,0.014,TI,parenchyme,dr1,9,trajectory,other
VASC,VASC,VASC,aji_20,0.024,TI,parenchyme,dr1,9,trajectory,other
VASC,VASC,VASC,aji_30,0.033,TI,parenchyme,dr1,9,trajectory,other
VASC,VASC,VASC,nkr_10,0.028,TI,parenchyme,dr1,9,trajectory,other
VASC,VASC,VASC,nkr_20,0.047,TI,parenchyme,dr1,9,trajectory,other
VASC,VASC,VASC,nkr_30,0.065,TI,parenchyme,dr1,9,trajectory,other
VASC,VASC,VASC,Mrre_missing_10,0.727,TI,phagocyte,dr3,9,trajectory,other
VASC,VASC,VASC,Mrre_missing_20,0.725,TI,phagocyte,dr3,9,trajectory,other
VASC,VASC,VASC,Mrre_missing_30,0.723,TI,phagocyte,dr3,9,trajectory,other
VASC,VASC,VASC,aji_10,0.038,TI,phagocyte,dr1,9,trajectory,other
VASC,VASC,VASC,aji_20,0.06,TI,phagocyte,dr1,9,trajectory,other
VASC,VASC,VASC,aji_30,0.08,TI,phagocyte,dr1,9,trajectory,other
VASC,VASC,VASC,nkr_10,0.076,TI,phagocyte,dr1,9,trajectory,other
VASC,VASC,VASC,nkr_20,0.115,TI,phagocyte,dr1,9,trajectory,other
VASC,VASC,VASC,nkr_30,0.145,TI,phagocyte,dr1,9,trajectory,other
VASC,VASC,VASC,Mrre_missing_10,0.761,TI,pharynx,dr3,9,trajectory,other
VASC,VASC,VASC,Mrre_missing_20,0.748,TI,pharynx,dr3,9,trajectory,other
VASC,VASC,VASC,Mrre_missing_30,0.741,TI,pharynx,dr3,9,trajectory,other
VASC,VASC,VASC,aji_10,0.052,TI,pharynx,dr1,9,trajectory,other
VASC,VASC,VASC,aji_20,0.084,TI,pharynx,dr1,9,trajectory,other
VASC,VASC,VASC,aji_30,0.114,TI,pharynx,dr1,9,trajectory,other
VASC,VASC,VASC,nkr_10,0.098,TI,pharynx,dr1,9,trajectory,other
VASC,VASC,VASC,nkr_20,0.16,TI,pharynx,dr1,9,trajectory,other
VASC,VASC,VASC,nkr_30,0.211,TI,pharynx,dr1,9,trajectory,other
VASC,VASC,VASC,Mrre_missing_10,0.863,TI,trophectoderm,dr3,9,trajectory,other
VASC,VASC,VASC,Mrre_missing_20,0.847,TI,trophectoderm,dr3,9,trajectory,other
VASC,VASC,VASC,Mrre_missing_30,0.833,TI,trophectoderm,dr3,9,trajectory,other
VASC,VASC,VASC,aji_10,0.261,TI,trophectoderm,dr1,9,trajectory,other
VASC,VASC,VASC,aji_20,0.435,TI,trophectoderm,dr1,9,trajectory,other
VASC,VASC,VASC,aji_30,0.516,TI,trophectoderm,dr1,9,trajectory,other
VASC,VASC,VASC,nkr_10,0.428,TI,trophectoderm,dr1,9,trajectory,other
VASC,VASC,VASC,nkr_20,0.625,TI,trophectoderm,dr1,9,trajectory,other
VASC,VASC,VASC,nkr_30,0.698,TI,trophectoderm,dr1,9,trajectory,other
VASC,VASC,VASC,Mrre_missing_10,0.934,VASC,Baron,dr3,9,VASC,other
VASC,VASC,VASC,Mrre_missing_20,0.933,VASC,Baron,dr3,9,VASC,other
VASC,VASC,VASC,Mrre_missing_30,0.932,VASC,Baron,dr3,9,VASC,other
VASC,VASC,VASC,aji_10,0.015,VASC,Baron,dr1,9,VASC,other
VASC,VASC,VASC,aji_20,0.026,VASC,Baron,dr1,9,VASC,other
VASC,VASC,VASC,aji_30,0.036,VASC,Baron,dr1,9,VASC,other
VASC,VASC,VASC,nkr_10,0.029,VASC,Baron,dr1,9,VASC,other
VASC,VASC,VASC,nkr_20,0.049,VASC,Baron,dr1,9,VASC,other
VASC,VASC,VASC,nkr_30,0.067,VASC,Baron,dr1,9,VASC,other
VASC,VASC,VASC,Mrre_missing_10,0.933,VASC,Biase,dr3,9,VASC,other
VASC,VASC,VASC,Mrre_missing_20,0.919,VASC,Biase,dr3,9,VASC,other
VASC,VASC,VASC,Mrre_missing_30,0.904,VASC,Biase,dr3,9,VASC,other
VASC,VASC,VASC,aji_10,0.489,VASC,Biase,dr1,9,VASC,other
VASC,VASC,VASC,aji_20,0.702,VASC,Biase,dr1,9,VASC,other
VASC,VASC,VASC,aji_30,0.717,VASC,Biase,dr1,9,VASC,other
VASC,VASC,VASC,nkr_10,0.704,VASC,Biase,dr1,9,VASC,other
VASC,VASC,VASC,nkr_20,0.873,VASC,Biase,dr1,9,VASC,other
VASC,VASC,VASC,nkr_30,0.87,VASC,Biase,dr1,9,VASC,other
VASC,VASC,VASC,Mrre_missing_10,0.937,VASC,Goolam,dr3,9,VASC,other
VASC,VASC,VASC,Mrre_missing_20,0.927,VASC,Goolam,dr3,9,VASC,other
VASC,VASC,VASC,Mrre_missing_30,0.917,VASC,Goolam,dr3,9,VASC,other
VASC,VASC,VASC,aji_10,0.373,VASC,Goolam,dr1,9,VASC,other
VASC,VASC,VASC,aji_20,0.464,VASC,Goolam,dr1,9,VASC,other
VASC,VASC,VASC,aji_30,0.541,VASC,Goolam,dr1,9,VASC,other
VASC,VASC,VASC,nkr_10,0.561,VASC,Goolam,dr1,9,VASC,other
VASC,VASC,VASC,nkr_20,0.65,VASC,Goolam,dr1,9,VASC,other
VASC,VASC,VASC,nkr_30,0.713,VASC,Goolam,dr1,9,VASC,other
VASC,VASC,VASC,Mrre_missing_10,0.619,VASC,Xin,dr3,9,VASC,other
VASC,VASC,VASC,Mrre_missing_20,0.619,VASC,Xin,dr3,9,VASC,other
VASC,VASC,VASC,Mrre_missing_30,0.619,VASC,Xin,dr3,9,VASC,other
VASC,VASC,VASC,aji_10,0.013,VASC,Xin,dr1,9,VASC,other
VASC,VASC,VASC,aji_20,0.02,VASC,Xin,dr1,9,VASC,other
VASC,VASC,VASC,aji_30,0.026,VASC,Xin,dr1,9,VASC,other
VASC,VASC,VASC,nkr_10,0.024,VASC,Xin,dr1,9,VASC,other
VASC,VASC,VASC,nkr_20,0.037,VASC,Xin,dr1,9,VASC,other
VASC,VASC,VASC,nkr_30,0.048,VASC,Xin,dr1,9,VASC,other
VASC,VASC,VASC,Mrre_missing_10,0.919,VASC,Zeisel,dr3,9,VASC,other
VASC,VASC,VASC,Mrre_missing_20,0.917,VASC,Zeisel,dr3,9,VASC,other
VASC,VASC,VASC,Mrre_missing_30,0.915,VASC,Zeisel,dr3,9,VASC,other
VASC,VASC,VASC,aji_10,0.032,VASC,Zeisel,dr1,9,VASC,other
VASC,VASC,VASC,aji_20,0.051,VASC,Zeisel,dr1,9,VASC,other
VASC,VASC,VASC,aji_30,0.068,VASC,Zeisel,dr1,9,VASC,other
VASC,VASC,VASC,nkr_10,0.06,VASC,Zeisel,dr1,9,VASC,other
VASC,VASC,VASC,nkr_20,0.095,VASC,Zeisel,dr1,9,VASC,other
VASC,VASC,VASC,nkr_30,0.123,VASC,Zeisel,dr1,9,VASC,other
VASC,VASC,VASC,Mrre_missing_10,0.948,VASC,yan,dr3,9,VASC,other
VASC,VASC,VASC,Mrre_missing_20,0.944,VASC,yan,dr3,9,VASC,other
VASC,VASC,VASC,Mrre_missing_30,0.938,VASC,yan,dr3,9,VASC,other
VASC,VASC,VASC,aji_10,0.517,VASC,yan,dr1,9,VASC,other
VASC,VASC,VASC,aji_20,0.739,VASC,yan,dr1,9,VASC,other
VASC,VASC,VASC,aji_30,0.777,VASC,yan,dr1,9,VASC,other
VASC,VASC,VASC,nkr_10,0.679,VASC,yan,dr1,9,VASC,other
VASC,VASC,VASC,nkr_20,0.866,VASC,yan,dr1,9,VASC,other
VASC,VASC,VASC,nkr_30,0.912,VASC,yan,dr1,9,VASC,other
VASC,VASC,VASC,Mrre_missing_10,0.865,benchmarker,Baron_mouse,dr3,9,curated,other
VASC,VASC,VASC,Mrre_missing_20,0.862,benchmarker,Baron_mouse,dr3,9,curated,other
VASC,VASC,VASC,Mrre_missing_30,0.859,benchmarker,Baron_mouse,dr3,9,curated,other
VASC,VASC,VASC,aji_10,0.029,benchmarker,Baron_mouse,dr1,9,curated,other
VASC,VASC,VASC,aji_20,0.049,benchmarker,Baron_mouse,dr1,9,curated,other
VASC,VASC,VASC,aji_30,0.07,benchmarker,Baron_mouse,dr1,9,curated,other
VASC,VASC,VASC,nkr_10,0.055,benchmarker,Baron_mouse,dr1,9,curated,other
VASC,VASC,VASC,nkr_20,0.087,benchmarker,Baron_mouse,dr1,9,curated,other
VASC,VASC,VASC,nkr_30,0.117,benchmarker,Baron_mouse,dr1,9,curated,other
VASC,VASC,VASC,Mrre_missing_10,0.905,benchmarker,Darmanis,dr3,9,curated,other
VASC,VASC,VASC,Mrre_missing_20,0.9,benchmarker,Darmanis,dr3,9,curated,other
VASC,VASC,VASC,Mrre_missing_30,0.895,benchmarker,Darmanis,dr3,9,curated,other
VASC,VASC,VASC,aji_10,0.132,benchmarker,Darmanis,dr1,9,curated,other
VASC,VASC,VASC,aji_20,0.217,benchmarker,Darmanis,dr1,9,curated,other
VASC,VASC,VASC,aji_30,0.298,benchmarker,Darmanis,dr1,9,curated,other
VASC,VASC,VASC,nkr_10,0.235,benchmarker,Darmanis,dr1,9,curated,other
VASC,VASC,VASC,nkr_20,0.356,benchmarker,Darmanis,dr1,9,curated,other
VASC,VASC,VASC,nkr_30,0.45,benchmarker,Darmanis,dr1,9,curated,other
VASC,VASC,VASC,Mrre_missing_10,0.81,benchmarker,Pancreatic,dr3,9,curated,other
VASC,VASC,VASC,Mrre_missing_20,0.775,benchmarker,Pancreatic,dr3,9,curated,other
VASC,VASC,VASC,Mrre_missing_30,0.75,benchmarker,Pancreatic,dr3,9,curated,other
VASC,VASC,VASC,aji_10,0.267,benchmarker,Pancreatic,dr1,9,curated,other
VASC,VASC,VASC,aji_20,0.337,benchmarker,Pancreatic,dr1,9,curated,other
VASC,VASC,VASC,aji_30,0.478,benchmarker,Pancreatic,dr1,9,curated,other
VASC,VASC,VASC,nkr_10,0.452,benchmarker,Pancreatic,dr1,9,curated,other
VASC,VASC,VASC,nkr_20,0.538,benchmarker,Pancreatic,dr1,9,curated,other
VASC,VASC,VASC,nkr_30,0.661,benchmarker,Pancreatic,dr1,9,curated,other
VASC,VASC,VASC,Mrre_missing_10,0.86,benchmarker,Silver,dr3,9,curated,other
VASC,VASC,VASC,Mrre_missing_20,0.857,benchmarker,Silver,dr3,9,curated,other
VASC,VASC,VASC,Mrre_missing_30,0.856,benchmarker,Silver,dr3,9,curated,other
VASC,VASC,VASC,aji_10,0.012,benchmarker,Silver,dr1,9,curated,other
VASC,VASC,VASC,aji_20,0.021,benchmarker,Silver,dr1,9,curated,other
VASC,VASC,VASC,aji_30,0.03,benchmarker,Silver,dr1,9,curated,other
VASC,VASC,VASC,nkr_10,0.023,benchmarker,Silver,dr1,9,curated,other
VASC,VASC,VASC,nkr_20,0.04,benchmarker,Silver,dr1,9,curated,other
VASC,VASC,VASC,nkr_30,0.056,benchmarker,Silver,dr1,9,curated,other
VASC,VASC,VASC,Mrre_missing_10,0.779,benchmarker,Zhengmix4eq,dr3,9,curated,other
VASC,VASC,VASC,Mrre_missing_20,0.775,benchmarker,Zhengmix4eq,dr3,9,curated,other
VASC,VASC,VASC,Mrre_missing_30,0.773,benchmarker,Zhengmix4eq,dr3,9,curated,other
VASC,VASC,VASC,aji_10,0.007,benchmarker,Zhengmix4eq,dr1,9,curated,other
VASC,VASC,VASC,aji_20,0.012,benchmarker,Zhengmix4eq,dr1,9,curated,other
VASC,VASC,VASC,aji_30,0.017,benchmarker,Zhengmix4eq,dr1,9,curated,other
VASC,VASC,VASC,nkr_10,0.013,benchmarker,Zhengmix4eq,dr1,9,curated,other
VASC,VASC,VASC,nkr_20,0.022,benchmarker,Zhengmix4eq,dr1,9,curated,other
VASC,VASC,VASC,nkr_30,0.031,benchmarker,Zhengmix4eq,dr1,9,curated,other
VASC,VASC,VASC,Mrre_missing_10,0.91,scDesign3,ACINAR,dr3,9,scDesign3,other
VASC,VASC,VASC,Mrre_missing_20,0.904,scDesign3,ACINAR,dr3,9,scDesign3,other
VASC,VASC,VASC,Mrre_missing_30,0.9,scDesign3,ACINAR,dr3,9,scDesign3,other
VASC,VASC,VASC,aji_10,0.026,scDesign3,ACINAR,dr1,9,scDesign3,other
VASC,VASC,VASC,aji_20,0.041,scDesign3,ACINAR,dr1,9,scDesign3,other
VASC,VASC,VASC,aji_30,0.055,scDesign3,ACINAR,dr1,9,scDesign3,other
VASC,VASC,VASC,nkr_10,0.052,scDesign3,ACINAR,dr1,9,scDesign3,other
VASC,VASC,VASC,nkr_20,0.081,scDesign3,ACINAR,dr1,9,scDesign3,other
VASC,VASC,VASC,nkr_30,0.104,scDesign3,ACINAR,dr1,9,scDesign3,other
VASC,VASC,VASC,Mrre_missing_10,0.836,scDesign3,ATAC,dr3,9,scDesign3,other
VASC,VASC,VASC,Mrre_missing_20,0.833,scDesign3,ATAC,dr3,9,scDesign3,other
VASC,VASC,VASC,Mrre_missing_30,0.832,scDesign3,ATAC,dr3,9,scDesign3,other
VASC,VASC,VASC,aji_10,0.004,scDesign3,ATAC,dr1,9,scDesign3,other
VASC,VASC,VASC,aji_20,0.007,scDesign3,ATAC,dr1,9,scDesign3,other
VASC,VASC,VASC,aji_30,0.01,scDesign3,ATAC,dr1,9,scDesign3,other
VASC,VASC,VASC,nkr_10,0.007,scDesign3,ATAC,dr1,9,scDesign3,other
VASC,VASC,VASC,nkr_20,0.014,scDesign3,ATAC,dr1,9,scDesign3,other
VASC,VASC,VASC,nkr_30,0.02,scDesign3,ATAC,dr1,9,scDesign3,other
VASC,VASC,VASC,Mrre_missing_10,0.92,scDesign3,BATCH,dr3,9,scDesign3,other
VASC,VASC,VASC,Mrre_missing_20,0.918,scDesign3,BATCH,dr3,9,scDesign3,other
VASC,VASC,VASC,Mrre_missing_30,0.917,scDesign3,BATCH,dr3,9,scDesign3,other
VASC,VASC,VASC,aji_10,0.016,scDesign3,BATCH,dr1,9,scDesign3,other
VASC,VASC,VASC,aji_20,0.027,scDesign3,BATCH,dr1,9,scDesign3,other
VASC,VASC,VASC,aji_30,0.037,scDesign3,BATCH,dr1,9,scDesign3,other
VASC,VASC,VASC,nkr_10,0.032,scDesign3,BATCH,dr1,9,scDesign3,other
VASC,VASC,VASC,nkr_20,0.053,scDesign3,BATCH,dr1,9,scDesign3,other
VASC,VASC,VASC,nkr_30,0.07,scDesign3,BATCH,dr1,9,scDesign3,other
VASC,VASC,VASC,Mrre_missing_10,0.846,scDesign3,CITE,dr3,9,scDesign3,other
VASC,VASC,VASC,Mrre_missing_20,0.842,scDesign3,CITE,dr3,9,scDesign3,other
VASC,VASC,VASC,Mrre_missing_30,0.84,scDesign3,CITE,dr3,9,scDesign3,other
VASC,VASC,VASC,aji_10,0.007,scDesign3,CITE,dr1,9,scDesign3,other
VASC,VASC,VASC,aji_20,0.011,scDesign3,CITE,dr1,9,scDesign3,other
VASC,VASC,VASC,aji_30,0.016,scDesign3,CITE,dr1,9,scDesign3,other
VASC,VASC,VASC,nkr_10,0.013,scDesign3,CITE,dr1,9,scDesign3,other
VASC,VASC,VASC,nkr_20,0.021,scDesign3,CITE,dr1,9,scDesign3,other
VASC,VASC,VASC,nkr_30,0.029,scDesign3,CITE,dr1,9,scDesign3,other
VASC,VASC,VASC,Mrre_missing_10,0.848,scDesign3,EMBYRO,dr3,9,scDesign3,other
VASC,VASC,VASC,Mrre_missing_20,0.833,scDesign3,EMBYRO,dr3,9,scDesign3,other
VASC,VASC,VASC,Mrre_missing_30,0.822,scDesign3,EMBYRO,dr3,9,scDesign3,other
VASC,VASC,VASC,aji_10,0.044,scDesign3,EMBYRO,dr1,9,scDesign3,other
VASC,VASC,VASC,aji_20,0.062,scDesign3,EMBYRO,dr1,9,scDesign3,other
VASC,VASC,VASC,aji_30,0.077,scDesign3,EMBYRO,dr1,9,scDesign3,other
VASC,VASC,VASC,nkr_10,0.093,scDesign3,EMBYRO,dr1,9,scDesign3,other
VASC,VASC,VASC,nkr_20,0.12,scDesign3,EMBYRO,dr1,9,scDesign3,other
VASC,VASC,VASC,nkr_30,0.143,scDesign3,EMBYRO,dr1,9,scDesign3,other
VASC,VASC,VASC,Mrre_missing_10,0.904,scDesign3,IFNB,dr3,9,scDesign3,other
VASC,VASC,VASC,Mrre_missing_20,0.9,scDesign3,IFNB,dr3,9,scDesign3,other
VASC,VASC,VASC,Mrre_missing_30,0.898,scDesign3,IFNB,dr3,9,scDesign3,other
VASC,VASC,VASC,aji_10,0.006,scDesign3,IFNB,dr1,9,scDesign3,other
VASC,VASC,VASC,aji_20,0.01,scDesign3,IFNB,dr1,9,scDesign3,other
VASC,VASC,VASC,aji_30,0.014,scDesign3,IFNB,dr1,9,scDesign3,other
VASC,VASC,VASC,nkr_10,0.011,scDesign3,IFNB,dr1,9,scDesign3,other
VASC,VASC,VASC,nkr_20,0.02,scDesign3,IFNB,dr1,9,scDesign3,other
VASC,VASC,VASC,nkr_30,0.027,scDesign3,IFNB,dr1,9,scDesign3,other
VASC,VASC,VASC,Mrre_missing_10,0.9,scDesign3,MARROW,dr3,9,scDesign3,other
VASC,VASC,VASC,Mrre_missing_20,0.899,scDesign3,MARROW,dr3,9,scDesign3,other
VASC,VASC,VASC,Mrre_missing_30,0.898,scDesign3,MARROW,dr3,9,scDesign3,other
VASC,VASC,VASC,aji_10,0.021,scDesign3,MARROW,dr1,9,scDesign3,other
VASC,VASC,VASC,aji_20,0.039,scDesign3,MARROW,dr1,9,scDesign3,other
VASC,VASC,VASC,aji_30,0.053,scDesign3,MARROW,dr1,9,scDesign3,other
VASC,VASC,VASC,nkr_10,0.042,scDesign3,MARROW,dr1,9,scDesign3,other
VASC,VASC,VASC,nkr_20,0.073,scDesign3,MARROW,dr1,9,scDesign3,other
VASC,VASC,VASC,nkr_30,0.098,scDesign3,MARROW,dr1,9,scDesign3,other
VASC,VASC,VASC,Mrre_missing_10,0.876,scDesign3,MOBSC,dr3,9,scDesign3,other
VASC,VASC,VASC,Mrre_missing_20,0.873,scDesign3,MOBSC,dr3,9,scDesign3,other
VASC,VASC,VASC,Mrre_missing_30,0.871,scDesign3,MOBSC,dr3,9,scDesign3,other
VASC,VASC,VASC,aji_10,0.006,scDesign3,MOBSC,dr1,9,scDesign3,other
VASC,VASC,VASC,aji_20,0.01,scDesign3,MOBSC,dr1,9,scDesign3,other
VASC,VASC,VASC,aji_30,0.014,scDesign3,MOBSC,dr1,9,scDesign3,other
VASC,VASC,VASC,nkr_10,0.011,scDesign3,MOBSC,dr1,9,scDesign3,other
VASC,VASC,VASC,nkr_20,0.019,scDesign3,MOBSC,dr1,9,scDesign3,other
VASC,VASC,VASC,nkr_30,0.026,scDesign3,MOBSC,dr1,9,scDesign3,other
VASC,VASC,VASC,Mrre_missing_10,0.904,scDesign3,OVARIAN,dr3,9,scDesign3,other
VASC,VASC,VASC,Mrre_missing_20,0.898,scDesign3,OVARIAN,dr3,9,scDesign3,other
VASC,VASC,VASC,Mrre_missing_30,0.893,scDesign3,OVARIAN,dr3,9,scDesign3,other
VASC,VASC,VASC,aji_10,0.022,scDesign3,OVARIAN,dr1,9,scDesign3,other
VASC,VASC,VASC,aji_20,0.034,scDesign3,OVARIAN,dr1,9,scDesign3,other
VASC,VASC,VASC,aji_30,0.043,scDesign3,OVARIAN,dr1,9,scDesign3,other
VASC,VASC,VASC,nkr_10,0.045,scDesign3,OVARIAN,dr1,9,scDesign3,other
VASC,VASC,VASC,nkr_20,0.067,scDesign3,OVARIAN,dr1,9,scDesign3,other
VASC,VASC,VASC,nkr_30,0.083,scDesign3,OVARIAN,dr1,9,scDesign3,other
VASC,VASC,VASC,Mrre_missing_10,0.926,scDesign3,PANCREAS,dr3,9,scDesign3,other
VASC,VASC,VASC,Mrre_missing_20,0.923,scDesign3,PANCREAS,dr3,9,scDesign3,other
VASC,VASC,VASC,Mrre_missing_30,0.921,scDesign3,PANCREAS,dr3,9,scDesign3,other
VASC,VASC,VASC,aji_10,0.03,scDesign3,PANCREAS,dr1,9,scDesign3,other
VASC,VASC,VASC,aji_20,0.052,scDesign3,PANCREAS,dr1,9,scDesign3,other
VASC,VASC,VASC,aji_30,0.07,scDesign3,PANCREAS,dr1,9,scDesign3,other
VASC,VASC,VASC,nkr_10,0.059,scDesign3,PANCREAS,dr1,9,scDesign3,other
VASC,VASC,VASC,nkr_20,0.097,scDesign3,PANCREAS,dr1,9,scDesign3,other
VASC,VASC,VASC,nkr_30,0.13,scDesign3,PANCREAS,dr1,9,scDesign3,other
VASC,VASC,VASC,Mrre_missing_10,0.654,scDesign3,SCGEMMETH,dr3,9,scDesign3,other
VASC,VASC,VASC,Mrre_missing_20,0.644,scDesign3,SCGEMMETH,dr3,9,scDesign3,other
VASC,VASC,VASC,Mrre_missing_30,0.637,scDesign3,SCGEMMETH,dr3,9,scDesign3,other
VASC,VASC,VASC,aji_10,0.062,scDesign3,SCGEMMETH,dr1,9,scDesign3,other
VASC,VASC,VASC,aji_20,0.121,scDesign3,SCGEMMETH,dr1,9,scDesign3,other
VASC,VASC,VASC,aji_30,0.18,scDesign3,SCGEMMETH,dr1,9,scDesign3,other
VASC,VASC,VASC,nkr_10,0.12,scDesign3,SCGEMMETH,dr1,9,scDesign3,other
VASC,VASC,VASC,nkr_20,0.215,scDesign3,SCGEMMETH,dr1,9,scDesign3,other
VASC,VASC,VASC,nkr_30,0.301,scDesign3,SCGEMMETH,dr1,9,scDesign3,other
VASC,VASC,VASC,Mrre_missing_10,0.871,scDesign3,SCGEMRNA,dr3,9,scDesign3,other
VASC,VASC,VASC,Mrre_missing_20,0.867,scDesign3,SCGEMRNA,dr3,9,scDesign3,other
VASC,VASC,VASC,Mrre_missing_30,0.864,scDesign3,SCGEMRNA,dr3,9,scDesign3,other
VASC,VASC,VASC,aji_10,0.135,scDesign3,SCGEMRNA,dr1,9,scDesign3,other
VASC,VASC,VASC,aji_20,0.257,scDesign3,SCGEMRNA,dr1,9,scDesign3,other
VASC,VASC,VASC,aji_30,0.358,scDesign3,SCGEMRNA,dr1,9,scDesign3,other
VASC,VASC,VASC,nkr_10,0.252,scDesign3,SCGEMRNA,dr1,9,scDesign3,other
VASC,VASC,VASC,nkr_20,0.411,scDesign3,SCGEMRNA,dr1,9,scDesign3,other
VASC,VASC,VASC,nkr_30,0.528,scDesign3,SCGEMRNA,dr1,9,scDesign3,other
VASC,VASC,VASC,Mrre_missing_10,0.455,scDesign3,SCIATAC,dr3,9,scDesign3,other
VASC,VASC,VASC,Mrre_missing_20,0.455,scDesign3,SCIATAC,dr3,9,scDesign3,other
VASC,VASC,VASC,Mrre_missing_30,0.457,scDesign3,SCIATAC,dr3,9,scDesign3,other
VASC,VASC,VASC,aji_10,0.002,scDesign3,SCIATAC,dr1,9,scDesign3,other
VASC,VASC,VASC,aji_20,0.003,scDesign3,SCIATAC,dr1,9,scDesign3,other
VASC,VASC,VASC,aji_30,0.005,scDesign3,SCIATAC,dr1,9,scDesign3,other
VASC,VASC,VASC,nkr_10,0.004,scDesign3,SCIATAC,dr1,9,scDesign3,other
VASC,VASC,VASC,nkr_20,0.006,scDesign3,SCIATAC,dr1,9,scDesign3,other
VASC,VASC,VASC,nkr_30,0.009,scDesign3,SCIATAC,dr1,9,scDesign3,other
VASC,VASC,VASC,Mrre_missing_10,0.45,scDesign3,SLIDE,dr3,9,scDesign3,other
VASC,VASC,VASC,Mrre_missing_20,0.452,scDesign3,SLIDE,dr3,9,scDesign3,other
VASC,VASC,VASC,Mrre_missing_30,0.453,scDesign3,SLIDE,dr3,9,scDesign3,other
VASC,VASC,VASC,aji_10,0.0,scDesign3,SLIDE,dr1,9,scDesign3,other
VASC,VASC,VASC,aji_20,0.001,scDesign3,SLIDE,dr1,9,scDesign3,other
VASC,VASC,VASC,aji_30,0.001,scDesign3,SLIDE,dr1,9,scDesign3,other
VASC,VASC,VASC,nkr_10,0.001,scDesign3,SLIDE,dr1,9,scDesign3,other
VASC,VASC,VASC,nkr_20,0.001,scDesign3,SLIDE,dr1,9,scDesign3,other
VASC,VASC,VASC,nkr_30,0.002,scDesign3,SLIDE,dr1,9,scDesign3,other
VASC,VASC,VASC,Mrre_missing_10,0.921,scDesign3,VISIUM,dr3,9,scDesign3,other
VASC,VASC,VASC,Mrre_missing_20,0.913,scDesign3,VISIUM,dr3,9,scDesign3,other
VASC,VASC,VASC,Mrre_missing_30,0.907,scDesign3,VISIUM,dr3,9,scDesign3,other
VASC,VASC,VASC,aji_10,0.035,scDesign3,VISIUM,dr1,9,scDesign3,other
VASC,VASC,VASC,aji_20,0.053,scDesign3,VISIUM,dr1,9,scDesign3,other
VASC,VASC,VASC,aji_30,0.068,scDesign3,VISIUM,dr1,9,scDesign3,other
VASC,VASC,VASC,nkr_10,0.071,scDesign3,VISIUM,dr1,9,scDesign3,other
VASC,VASC,VASC,nkr_20,0.102,scDesign3,VISIUM,dr1,9,scDesign3,other
VASC,VASC,VASC,nkr_30,0.126,scDesign3,VISIUM,dr1,9,scDesign3,other
SAUCIE,SAUCIE,SAUCIE,Mrre_missing_10,0.539,SIMLR,Pollen,dr3,10,SIMLR,other
SAUCIE,SAUCIE,SAUCIE,Mrre_missing_20,0.547,SIMLR,Pollen,dr3,10,SIMLR,other
SAUCIE,SAUCIE,SAUCIE,Mrre_missing_30,0.552,SIMLR,Pollen,dr3,10,SIMLR,other
SAUCIE,SAUCIE,SAUCIE,aji_10,0.058,SIMLR,Pollen,dr1,10,SIMLR,other
SAUCIE,SAUCIE,SAUCIE,aji_20,0.108,SIMLR,Pollen,dr1,10,SIMLR,other
SAUCIE,SAUCIE,SAUCIE,aji_30,0.141,SIMLR,Pollen,dr1,10,SIMLR,other
SAUCIE,SAUCIE,SAUCIE,nkr_10,0.099,SIMLR,Pollen,dr1,10,SIMLR,other
SAUCIE,SAUCIE,SAUCIE,nkr_20,0.169,SIMLR,Pollen,dr1,10,SIMLR,other
SAUCIE,SAUCIE,SAUCIE,nkr_30,0.223,SIMLR,Pollen,dr1,10,SIMLR,other
SAUCIE,SAUCIE,SAUCIE,Mrre_missing_10,0.437,SIMLR,Usoskin,dr3,10,SIMLR,other
SAUCIE,SAUCIE,SAUCIE,Mrre_missing_20,0.445,SIMLR,Usoskin,dr3,10,SIMLR,other
SAUCIE,SAUCIE,SAUCIE,Mrre_missing_30,0.451,SIMLR,Usoskin,dr3,10,SIMLR,other
SAUCIE,SAUCIE,SAUCIE,aji_10,0.012,SIMLR,Usoskin,dr1,10,SIMLR,other
SAUCIE,SAUCIE,SAUCIE,aji_20,0.021,SIMLR,Usoskin,dr1,10,SIMLR,other
SAUCIE,SAUCIE,SAUCIE,aji_30,0.03,SIMLR,Usoskin,dr1,10,SIMLR,other
SAUCIE,SAUCIE,SAUCIE,nkr_10,0.024,SIMLR,Usoskin,dr1,10,SIMLR,other
SAUCIE,SAUCIE,SAUCIE,nkr_20,0.039,SIMLR,Usoskin,dr1,10,SIMLR,other
SAUCIE,SAUCIE,SAUCIE,nkr_30,0.054,SIMLR,Usoskin,dr1,10,SIMLR,other
SAUCIE,SAUCIE,SAUCIE,Mrre_missing_10,0.604,TI,DA1_horns,dr3,10,trajectory,other
SAUCIE,SAUCIE,SAUCIE,Mrre_missing_20,0.604,TI,DA1_horns,dr3,10,trajectory,other
SAUCIE,SAUCIE,SAUCIE,Mrre_missing_30,0.604,TI,DA1_horns,dr3,10,trajectory,other
SAUCIE,SAUCIE,SAUCIE,aji_10,0.048,TI,DA1_horns,dr1,10,trajectory,other
SAUCIE,SAUCIE,SAUCIE,aji_20,0.083,TI,DA1_horns,dr1,10,trajectory,other
SAUCIE,SAUCIE,SAUCIE,aji_30,0.119,TI,DA1_horns,dr1,10,trajectory,other
SAUCIE,SAUCIE,SAUCIE,nkr_10,0.091,TI,DA1_horns,dr1,10,trajectory,other
SAUCIE,SAUCIE,SAUCIE,nkr_20,0.152,TI,DA1_horns,dr1,10,trajectory,other
SAUCIE,SAUCIE,SAUCIE,nkr_30,0.211,TI,DA1_horns,dr1,10,trajectory,other
SAUCIE,SAUCIE,SAUCIE,Mrre_missing_10,0.785,TI,DC3_VA1d_horns,dr3,10,trajectory,other
SAUCIE,SAUCIE,SAUCIE,Mrre_missing_20,0.775,TI,DC3_VA1d_horns,dr3,10,trajectory,other
SAUCIE,SAUCIE,SAUCIE,Mrre_missing_30,0.767,TI,DC3_VA1d_horns,dr3,10,trajectory,other
SAUCIE,SAUCIE,SAUCIE,aji_10,0.111,TI,DC3_VA1d_horns,dr1,10,trajectory,other
SAUCIE,SAUCIE,SAUCIE,aji_20,0.203,TI,DC3_VA1d_horns,dr1,10,trajectory,other
SAUCIE,SAUCIE,SAUCIE,aji_30,0.278,TI,DC3_VA1d_horns,dr1,10,trajectory,other
SAUCIE,SAUCIE,SAUCIE,nkr_10,0.195,TI,DC3_VA1d_horns,dr1,10,trajectory,other
SAUCIE,SAUCIE,SAUCIE,nkr_20,0.337,TI,DC3_VA1d_horns,dr1,10,trajectory,other
SAUCIE,SAUCIE,SAUCIE,nkr_30,0.438,TI,DC3_VA1d_horns,dr1,10,trajectory,other
SAUCIE,SAUCIE,SAUCIE,Mrre_missing_10,0.816,TI,ICM,dr3,10,trajectory,other
SAUCIE,SAUCIE,SAUCIE,Mrre_missing_20,0.818,TI,ICM,dr3,10,trajectory,other
SAUCIE,SAUCIE,SAUCIE,Mrre_missing_30,0.817,TI,ICM,dr3,10,trajectory,other
SAUCIE,SAUCIE,SAUCIE,aji_10,0.127,TI,ICM,dr1,10,trajectory,other
SAUCIE,SAUCIE,SAUCIE,aji_20,0.213,TI,ICM,dr1,10,trajectory,other
SAUCIE,SAUCIE,SAUCIE,aji_30,0.294,TI,ICM,dr1,10,trajectory,other
SAUCIE,SAUCIE,SAUCIE,nkr_10,0.224,TI,ICM,dr1,10,trajectory,other
SAUCIE,SAUCIE,SAUCIE,nkr_20,0.35,TI,ICM,dr1,10,trajectory,other
SAUCIE,SAUCIE,SAUCIE,nkr_30,0.45,TI,ICM,dr1,10,trajectory,other
SAUCIE,SAUCIE,SAUCIE,Mrre_missing_10,0.881,TI,blastocyst,dr3,10,trajectory,other
SAUCIE,SAUCIE,SAUCIE,Mrre_missing_20,0.881,TI,blastocyst,dr3,10,trajectory,other
SAUCIE,SAUCIE,SAUCIE,Mrre_missing_30,0.88,TI,blastocyst,dr3,10,trajectory,other
SAUCIE,SAUCIE,SAUCIE,aji_10,0.119,TI,blastocyst,dr1,10,trajectory,other
SAUCIE,SAUCIE,SAUCIE,aji_20,0.217,TI,blastocyst,dr1,10,trajectory,other
SAUCIE,SAUCIE,SAUCIE,aji_30,0.289,TI,blastocyst,dr1,10,trajectory,other
SAUCIE,SAUCIE,SAUCIE,nkr_10,0.21,TI,blastocyst,dr1,10,trajectory,other
SAUCIE,SAUCIE,SAUCIE,nkr_20,0.346,TI,blastocyst,dr1,10,trajectory,other
SAUCIE,SAUCIE,SAUCIE,nkr_30,0.438,TI,blastocyst,dr1,10,trajectory,other
SAUCIE,SAUCIE,SAUCIE,Mrre_missing_10,0.631,TI,combination-1,dr3,10,trajectory,other
SAUCIE,SAUCIE,SAUCIE,Mrre_missing_20,0.63,TI,combination-1,dr3,10,trajectory,other
SAUCIE,SAUCIE,SAUCIE,Mrre_missing_30,0.628,TI,combination-1,dr3,10,trajectory,other
SAUCIE,SAUCIE,SAUCIE,aji_10,0.004,TI,combination-1,dr1,10,trajectory,other
SAUCIE,SAUCIE,SAUCIE,aji_20,0.006,TI,combination-1,dr1,10,trajectory,other
SAUCIE,SAUCIE,SAUCIE,aji_30,0.009,TI,combination-1,dr1,10,trajectory,other
SAUCIE,SAUCIE,SAUCIE,nkr_10,0.007,TI,combination-1,dr1,10,trajectory,other
SAUCIE,SAUCIE,SAUCIE,nkr_20,0.012,TI,combination-1,dr1,10,trajectory,other
SAUCIE,SAUCIE,SAUCIE,nkr_30,0.017,TI,combination-1,dr1,10,trajectory,other
SAUCIE,SAUCIE,SAUCIE,Mrre_missing_10,0.658,TI,combination-2,dr3,10,trajectory,other
SAUCIE,SAUCIE,SAUCIE,Mrre_missing_20,0.657,TI,combination-2,dr3,10,trajectory,other
SAUCIE,SAUCIE,SAUCIE,Mrre_missing_30,0.656,TI,combination-2,dr3,10,trajectory,other
SAUCIE,SAUCIE,SAUCIE,aji_10,0.003,TI,combination-2,dr1,10,trajectory,other
SAUCIE,SAUCIE,SAUCIE,aji_20,0.005,TI,combination-2,dr1,10,trajectory,other
SAUCIE,SAUCIE,SAUCIE,aji_30,0.007,TI,combination-2,dr1,10,trajectory,other
SAUCIE,SAUCIE,SAUCIE,nkr_10,0.005,TI,combination-2,dr1,10,trajectory,other
SAUCIE,SAUCIE,SAUCIE,nkr_20,0.009,TI,combination-2,dr1,10,trajectory,other
SAUCIE,SAUCIE,SAUCIE,nkr_30,0.013,TI,combination-2,dr1,10,trajectory,other
SAUCIE,SAUCIE,SAUCIE,Mrre_missing_10,0.72,TI,combination-3,dr3,10,trajectory,other
SAUCIE,SAUCIE,SAUCIE,Mrre_missing_20,0.717,TI,combination-3,dr3,10,trajectory,other
SAUCIE,SAUCIE,SAUCIE,Mrre_missing_30,0.715,TI,combination-3,dr3,10,trajectory,other
SAUCIE,SAUCIE,SAUCIE,aji_10,0.007,TI,combination-3,dr1,10,trajectory,other
SAUCIE,SAUCIE,SAUCIE,aji_20,0.012,TI,combination-3,dr1,10,trajectory,other
SAUCIE,SAUCIE,SAUCIE,aji_30,0.016,TI,combination-3,dr1,10,trajectory,other
SAUCIE,SAUCIE,SAUCIE,nkr_10,0.014,TI,combination-3,dr1,10,trajectory,other
SAUCIE,SAUCIE,SAUCIE,nkr_20,0.024,TI,combination-3,dr1,10,trajectory,other
SAUCIE,SAUCIE,SAUCIE,nkr_30,0.031,TI,combination-3,dr1,10,trajectory,other
SAUCIE,SAUCIE,SAUCIE,Mrre_missing_10,0.815,TI,epiblast,dr3,10,trajectory,other
SAUCIE,SAUCIE,SAUCIE,Mrre_missing_20,0.821,TI,epiblast,dr3,10,trajectory,other
SAUCIE,SAUCIE,SAUCIE,Mrre_missing_30,0.822,TI,epiblast,dr3,10,trajectory,other
SAUCIE,SAUCIE,SAUCIE,aji_10,0.157,TI,epiblast,dr1,10,trajectory,other
SAUCIE,SAUCIE,SAUCIE,aji_20,0.331,TI,epiblast,dr1,10,trajectory,other
SAUCIE,SAUCIE,SAUCIE,aji_30,0.475,TI,epiblast,dr1,10,trajectory,other
SAUCIE,SAUCIE,SAUCIE,nkr_10,0.263,TI,epiblast,dr1,10,trajectory,other
SAUCIE,SAUCIE,SAUCIE,nkr_20,0.466,TI,epiblast,dr1,10,trajectory,other
SAUCIE,SAUCIE,SAUCIE,nkr_30,0.602,TI,epiblast,dr1,10,trajectory,other
SAUCIE,SAUCIE,SAUCIE,Mrre_missing_10,0.691,TI,epidermis,dr3,10,trajectory,other
SAUCIE,SAUCIE,SAUCIE,Mrre_missing_20,0.688,TI,epidermis,dr3,10,trajectory,other
SAUCIE,SAUCIE,SAUCIE,Mrre_missing_30,0.685,TI,epidermis,dr3,10,trajectory,other
SAUCIE,SAUCIE,SAUCIE,aji_10,0.004,TI,epidermis,dr1,10,trajectory,other
SAUCIE,SAUCIE,SAUCIE,aji_20,0.007,TI,epidermis,dr1,10,trajectory,other
SAUCIE,SAUCIE,SAUCIE,aji_30,0.01,TI,epidermis,dr1,10,trajectory,other
SAUCIE,SAUCIE,SAUCIE,nkr_10,0.007,TI,epidermis,dr1,10,trajectory,other
SAUCIE,SAUCIE,SAUCIE,nkr_20,0.014,TI,epidermis,dr1,10,trajectory,other
SAUCIE,SAUCIE,SAUCIE,nkr_30,0.019,TI,epidermis,dr1,10,trajectory,other
SAUCIE,SAUCIE,SAUCIE,Mrre_missing_10,0.735,TI,horns,dr3,10,trajectory,other
SAUCIE,SAUCIE,SAUCIE,Mrre_missing_20,0.73,TI,horns,dr3,10,trajectory,other
SAUCIE,SAUCIE,SAUCIE,Mrre_missing_30,0.727,TI,horns,dr3,10,trajectory,other
SAUCIE,SAUCIE,SAUCIE,aji_10,0.041,TI,horns,dr1,10,trajectory,other
SAUCIE,SAUCIE,SAUCIE,aji_20,0.076,TI,horns,dr1,10,trajectory,other
SAUCIE,SAUCIE,SAUCIE,aji_30,0.105,TI,horns,dr1,10,trajectory,other
SAUCIE,SAUCIE,SAUCIE,nkr_10,0.081,TI,horns,dr1,10,trajectory,other
SAUCIE,SAUCIE,SAUCIE,nkr_20,0.138,TI,horns,dr1,10,trajectory,other
SAUCIE,SAUCIE,SAUCIE,nkr_30,0.192,TI,horns,dr1,10,trajectory,other
SAUCIE,SAUCIE,SAUCIE,Mrre_missing_10,0.582,TI,muscle,dr3,10,trajectory,other
SAUCIE,SAUCIE,SAUCIE,Mrre_missing_20,0.577,TI,muscle,dr3,10,trajectory,other
SAUCIE,SAUCIE,SAUCIE,Mrre_missing_30,0.573,TI,muscle,dr3,10,trajectory,other
SAUCIE,SAUCIE,SAUCIE,aji_10,0.004,TI,muscle,dr1,10,trajectory,other
SAUCIE,SAUCIE,SAUCIE,aji_20,0.007,TI,muscle,dr1,10,trajectory,other
SAUCIE,SAUCIE,SAUCIE,aji_30,0.01,TI,muscle,dr1,10,trajectory,other
SAUCIE,SAUCIE,SAUCIE,nkr_10,0.008,TI,muscle,dr1,10,trajectory,other
SAUCIE,SAUCIE,SAUCIE,nkr_20,0.013,TI,muscle,dr1,10,trajectory,other
SAUCIE,SAUCIE,SAUCIE,nkr_30,0.019,TI,muscle,dr1,10,trajectory,other
SAUCIE,SAUCIE,SAUCIE,Mrre_missing_10,0.603,TI,neuron,dr3,10,trajectory,other
SAUCIE,SAUCIE,SAUCIE,Mrre_missing_20,0.599,TI,neuron,dr3,10,trajectory,other
SAUCIE,SAUCIE,SAUCIE,Mrre_missing_30,0.596,TI,neuron,dr3,10,trajectory,other
SAUCIE,SAUCIE,SAUCIE,aji_10,0.004,TI,neuron,dr1,10,trajectory,other
SAUCIE,SAUCIE,SAUCIE,aji_20,0.008,TI,neuron,dr1,10,trajectory,other
SAUCIE,SAUCIE,SAUCIE,aji_30,0.011,TI,neuron,dr1,10,trajectory,other
SAUCIE,SAUCIE,SAUCIE,nkr_10,0.009,TI,neuron,dr1,10,trajectory,other
SAUCIE,SAUCIE,SAUCIE,nkr_20,0.016,TI,neuron,dr1,10,trajectory,other
SAUCIE,SAUCIE,SAUCIE,nkr_30,0.022,TI,neuron,dr1,10,trajectory,other
SAUCIE,SAUCIE,SAUCIE,Mrre_missing_10,0.516,TI,pair-1,dr3,10,trajectory,other
SAUCIE,SAUCIE,SAUCIE,Mrre_missing_20,0.514,TI,pair-1,dr3,10,trajectory,other
SAUCIE,SAUCIE,SAUCIE,Mrre_missing_30,0.513,TI,pair-1,dr3,10,trajectory,other
SAUCIE,SAUCIE,SAUCIE,aji_10,0.002,TI,pair-1,dr1,10,trajectory,other
SAUCIE,SAUCIE,SAUCIE,aji_20,0.003,TI,pair-1,dr1,10,trajectory,other
SAUCIE,SAUCIE,SAUCIE,aji_30,0.004,TI,pair-1,dr1,10,trajectory,other
SAUCIE,SAUCIE,SAUCIE,nkr_10,0.003,TI,pair-1,dr1,10,trajectory,other
SAUCIE,SAUCIE,SAUCIE,nkr_20,0.006,TI,pair-1,dr1,10,trajectory,other
SAUCIE,SAUCIE,SAUCIE,nkr_30,0.007,TI,pair-1,dr1,10,trajectory,other
SAUCIE,SAUCIE,SAUCIE,Mrre_missing_10,0.583,TI,pair-2,dr3,10,trajectory,other
SAUCIE,SAUCIE,SAUCIE,Mrre_missing_20,0.584,TI,pair-2,dr3,10,trajectory,other
SAUCIE,SAUCIE,SAUCIE,Mrre_missing_30,0.584,TI,pair-2,dr3,10,trajectory,other
SAUCIE,SAUCIE,SAUCIE,aji_10,0.001,TI,pair-2,dr1,10,trajectory,other
SAUCIE,SAUCIE,SAUCIE,aji_20,0.002,TI,pair-2,dr1,10,trajectory,other
SAUCIE,SAUCIE,SAUCIE,aji_30,0.003,TI,pair-2,dr1,10,trajectory,other
SAUCIE,SAUCIE,SAUCIE,nkr_10,0.002,TI,pair-2,dr1,10,trajectory,other
SAUCIE,SAUCIE,SAUCIE,nkr_20,0.004,TI,pair-2,dr1,10,trajectory,other
SAUCIE,SAUCIE,SAUCIE,nkr_30,0.006,TI,pair-2,dr1,10,trajectory,other
SAUCIE,SAUCIE,SAUCIE,Mrre_missing_10,0.625,TI,pair-3,dr3,10,trajectory,other
SAUCIE,SAUCIE,SAUCIE,Mrre_missing_20,0.625,TI,pair-3,dr3,10,trajectory,other
SAUCIE,SAUCIE,SAUCIE,Mrre_missing_30,0.624,TI,pair-3,dr3,10,trajectory,other
SAUCIE,SAUCIE,SAUCIE,aji_10,0.002,TI,pair-3,dr1,10,trajectory,other
SAUCIE,SAUCIE,SAUCIE,aji_20,0.003,TI,pair-3,dr1,10,trajectory,other
SAUCIE,SAUCIE,SAUCIE,aji_30,0.004,TI,pair-3,dr1,10,trajectory,other
SAUCIE,SAUCIE,SAUCIE,nkr_10,0.003,TI,pair-3,dr1,10,trajectory,other
SAUCIE,SAUCIE,SAUCIE,nkr_20,0.005,TI,pair-3,dr1,10,trajectory,other
SAUCIE,SAUCIE,SAUCIE,nkr_30,0.007,TI,pair-3,dr1,10,trajectory,other
SAUCIE,SAUCIE,SAUCIE,Mrre_missing_10,0.665,TI,pair-4,dr3,10,trajectory,other
SAUCIE,SAUCIE,SAUCIE,Mrre_missing_20,0.662,TI,pair-4,dr3,10,trajectory,other
SAUCIE,SAUCIE,SAUCIE,Mrre_missing_30,0.661,TI,pair-4,dr3,10,trajectory,other
SAUCIE,SAUCIE,SAUCIE,aji_10,0.001,TI,pair-4,dr1,10,trajectory,other
SAUCIE,SAUCIE,SAUCIE,aji_20,0.002,TI,pair-4,dr1,10,trajectory,other
SAUCIE,SAUCIE,SAUCIE,aji_30,0.003,TI,pair-4,dr1,10,trajectory,other
SAUCIE,SAUCIE,SAUCIE,nkr_10,0.002,TI,pair-4,dr1,10,trajectory,other
SAUCIE,SAUCIE,SAUCIE,nkr_20,0.004,TI,pair-4,dr1,10,trajectory,other
SAUCIE,SAUCIE,SAUCIE,nkr_30,0.006,TI,pair-4,dr1,10,trajectory,other
SAUCIE,SAUCIE,SAUCIE,Mrre_missing_10,0.639,TI,parenchyme,dr3,10,trajectory,other
SAUCIE,SAUCIE,SAUCIE,Mrre_missing_20,0.636,TI,parenchyme,dr3,10,trajectory,other
SAUCIE,SAUCIE,SAUCIE,Mrre_missing_30,0.635,TI,parenchyme,dr3,10,trajectory,other
SAUCIE,SAUCIE,SAUCIE,aji_10,0.006,TI,parenchyme,dr1,10,trajectory,other
SAUCIE,SAUCIE,SAUCIE,aji_20,0.01,TI,parenchyme,dr1,10,trajectory,other
SAUCIE,SAUCIE,SAUCIE,aji_30,0.014,TI,parenchyme,dr1,10,trajectory,other
SAUCIE,SAUCIE,SAUCIE,nkr_10,0.011,TI,parenchyme,dr1,10,trajectory,other
SAUCIE,SAUCIE,SAUCIE,nkr_20,0.019,TI,parenchyme,dr1,10,trajectory,other
SAUCIE,SAUCIE,SAUCIE,nkr_30,0.027,TI,parenchyme,dr1,10,trajectory,other
SAUCIE,SAUCIE,SAUCIE,Mrre_missing_10,0.711,TI,phagocyte,dr3,10,trajectory,other
SAUCIE,SAUCIE,SAUCIE,Mrre_missing_20,0.705,TI,phagocyte,dr3,10,trajectory,other
SAUCIE,SAUCIE,SAUCIE,Mrre_missing_30,0.7,TI,phagocyte,dr3,10,trajectory,other
SAUCIE,SAUCIE,SAUCIE,aji_10,0.013,TI,phagocyte,dr1,10,trajectory,other
SAUCIE,SAUCIE,SAUCIE,aji_20,0.023,TI,phagocyte,dr1,10,trajectory,other
SAUCIE,SAUCIE,SAUCIE,aji_30,0.035,TI,phagocyte,dr1,10,trajectory,other
SAUCIE,SAUCIE,SAUCIE,nkr_10,0.024,TI,phagocyte,dr1,10,trajectory,other
SAUCIE,SAUCIE,SAUCIE,nkr_20,0.045,TI,phagocyte,dr1,10,trajectory,other
SAUCIE,SAUCIE,SAUCIE,nkr_30,0.066,TI,phagocyte,dr1,10,trajectory,other
SAUCIE,SAUCIE,SAUCIE,Mrre_missing_10,0.662,TI,pharynx,dr3,10,trajectory,other
SAUCIE,SAUCIE,SAUCIE,Mrre_missing_20,0.656,TI,pharynx,dr3,10,trajectory,other
SAUCIE,SAUCIE,SAUCIE,Mrre_missing_30,0.652,TI,pharynx,dr3,10,trajectory,other
SAUCIE,SAUCIE,SAUCIE,aji_10,0.037,TI,pharynx,dr1,10,trajectory,other
SAUCIE,SAUCIE,SAUCIE,aji_20,0.066,TI,pharynx,dr1,10,trajectory,other
SAUCIE,SAUCIE,SAUCIE,aji_30,0.089,TI,pharynx,dr1,10,trajectory,other
SAUCIE,SAUCIE,SAUCIE,nkr_10,0.071,TI,pharynx,dr1,10,trajectory,other
SAUCIE,SAUCIE,SAUCIE,nkr_20,0.123,TI,pharynx,dr1,10,trajectory,other
SAUCIE,SAUCIE,SAUCIE,nkr_30,0.165,TI,pharynx,dr1,10,trajectory,other
SAUCIE,SAUCIE,SAUCIE,Mrre_missing_10,0.868,TI,trophectoderm,dr3,10,trajectory,other
SAUCIE,SAUCIE,SAUCIE,Mrre_missing_20,0.857,TI,trophectoderm,dr3,10,trajectory,other
SAUCIE,SAUCIE,SAUCIE,Mrre_missing_30,0.845,TI,trophectoderm,dr3,10,trajectory,other
SAUCIE,SAUCIE,SAUCIE,aji_10,0.278,TI,trophectoderm,dr1,10,trajectory,other
SAUCIE,SAUCIE,SAUCIE,aji_20,0.446,TI,trophectoderm,dr1,10,trajectory,other
SAUCIE,SAUCIE,SAUCIE,aji_30,0.554,TI,trophectoderm,dr1,10,trajectory,other
SAUCIE,SAUCIE,SAUCIE,nkr_10,0.439,TI,trophectoderm,dr1,10,trajectory,other
SAUCIE,SAUCIE,SAUCIE,nkr_20,0.632,TI,trophectoderm,dr1,10,trajectory,other
SAUCIE,SAUCIE,SAUCIE,nkr_30,0.735,TI,trophectoderm,dr1,10,trajectory,other
SAUCIE,SAUCIE,SAUCIE,Mrre_missing_10,0.741,VASC,Baron,dr3,10,VASC,other
SAUCIE,SAUCIE,SAUCIE,Mrre_missing_20,0.736,VASC,Baron,dr3,10,VASC,other
SAUCIE,SAUCIE,SAUCIE,Mrre_missing_30,0.733,VASC,Baron,dr3,10,VASC,other
SAUCIE,SAUCIE,SAUCIE,aji_10,0.006,VASC,Baron,dr1,10,VASC,other
SAUCIE,SAUCIE,SAUCIE,aji_20,0.01,VASC,Baron,dr1,10,VASC,other
SAUCIE,SAUCIE,SAUCIE,aji_30,0.013,VASC,Baron,dr1,10,VASC,other
SAUCIE,SAUCIE,SAUCIE,nkr_10,0.011,VASC,Baron,dr1,10,VASC,other
SAUCIE,SAUCIE,SAUCIE,nkr_20,0.019,VASC,Baron,dr1,10,VASC,other
SAUCIE,SAUCIE,SAUCIE,nkr_30,0.026,VASC,Baron,dr1,10,VASC,other
SAUCIE,SAUCIE,SAUCIE,Mrre_missing_10,0.789,VASC,Biase,dr3,10,VASC,other
SAUCIE,SAUCIE,SAUCIE,Mrre_missing_20,0.764,VASC,Biase,dr3,10,VASC,other
SAUCIE,SAUCIE,SAUCIE,Mrre_missing_30,0.743,VASC,Biase,dr3,10,VASC,other
SAUCIE,SAUCIE,SAUCIE,aji_10,0.263,VASC,Biase,dr1,10,VASC,other
SAUCIE,SAUCIE,SAUCIE,aji_20,0.416,VASC,Biase,dr1,10,VASC,other
SAUCIE,SAUCIE,SAUCIE,aji_30,0.584,VASC,Biase,dr1,10,VASC,other
SAUCIE,SAUCIE,SAUCIE,nkr_10,0.443,VASC,Biase,dr1,10,VASC,other
SAUCIE,SAUCIE,SAUCIE,nkr_20,0.605,VASC,Biase,dr1,10,VASC,other
SAUCIE,SAUCIE,SAUCIE,nkr_30,0.744,VASC,Biase,dr1,10,VASC,other
SAUCIE,SAUCIE,SAUCIE,Mrre_missing_10,0.931,VASC,Goolam,dr3,10,VASC,other
SAUCIE,SAUCIE,SAUCIE,Mrre_missing_20,0.924,VASC,Goolam,dr3,10,VASC,other
SAUCIE,SAUCIE,SAUCIE,Mrre_missing_30,0.917,VASC,Goolam,dr3,10,VASC,other
SAUCIE,SAUCIE,SAUCIE,aji_10,0.369,VASC,Goolam,dr1,10,VASC,other
SAUCIE,SAUCIE,SAUCIE,aji_20,0.463,VASC,Goolam,dr1,10,VASC,other
SAUCIE,SAUCIE,SAUCIE,aji_30,0.565,VASC,Goolam,dr1,10,VASC,other
SAUCIE,SAUCIE,SAUCIE,nkr_10,0.54,VASC,Goolam,dr1,10,VASC,other
SAUCIE,SAUCIE,SAUCIE,nkr_20,0.649,VASC,Goolam,dr1,10,VASC,other
SAUCIE,SAUCIE,SAUCIE,nkr_30,0.73,VASC,Goolam,dr1,10,VASC,other
SAUCIE,SAUCIE,SAUCIE,Mrre_missing_10,0.52,VASC,Xin,dr3,10,VASC,other
SAUCIE,SAUCIE,SAUCIE,Mrre_missing_20,0.521,VASC,Xin,dr3,10,VASC,other
SAUCIE,SAUCIE,SAUCIE,Mrre_missing_30,0.522,VASC,Xin,dr3,10,VASC,other
SAUCIE,SAUCIE,SAUCIE,aji_10,0.007,VASC,Xin,dr1,10,VASC,other
SAUCIE,SAUCIE,SAUCIE,aji_20,0.012,VASC,Xin,dr1,10,VASC,other
SAUCIE,SAUCIE,SAUCIE,aji_30,0.018,VASC,Xin,dr1,10,VASC,other
SAUCIE,SAUCIE,SAUCIE,nkr_10,0.013,VASC,Xin,dr1,10,VASC,other
SAUCIE,SAUCIE,SAUCIE,nkr_20,0.023,VASC,Xin,dr1,10,VASC,other
SAUCIE,SAUCIE,SAUCIE,nkr_30,0.033,VASC,Xin,dr1,10,VASC,other
SAUCIE,SAUCIE,SAUCIE,Mrre_missing_10,0.858,VASC,Zeisel,dr3,10,VASC,other
SAUCIE,SAUCIE,SAUCIE,Mrre_missing_20,0.856,VASC,Zeisel,dr3,10,VASC,other
SAUCIE,SAUCIE,SAUCIE,Mrre_missing_30,0.854,VASC,Zeisel,dr3,10,VASC,other
SAUCIE,SAUCIE,SAUCIE,aji_10,0.015,VASC,Zeisel,dr1,10,VASC,other
SAUCIE,SAUCIE,SAUCIE,aji_20,0.024,VASC,Zeisel,dr1,10,VASC,other
SAUCIE,SAUCIE,SAUCIE,aji_30,0.032,VASC,Zeisel,dr1,10,VASC,other
SAUCIE,SAUCIE,SAUCIE,nkr_10,0.029,VASC,Zeisel,dr1,10,VASC,other
SAUCIE,SAUCIE,SAUCIE,nkr_20,0.047,VASC,Zeisel,dr1,10,VASC,other
SAUCIE,SAUCIE,SAUCIE,nkr_30,0.063,VASC,Zeisel,dr1,10,VASC,other
SAUCIE,SAUCIE,SAUCIE,Mrre_missing_10,0.937,VASC,yan,dr3,10,VASC,other
SAUCIE,SAUCIE,SAUCIE,Mrre_missing_20,0.934,VASC,yan,dr3,10,VASC,other
SAUCIE,SAUCIE,SAUCIE,Mrre_missing_30,0.931,VASC,yan,dr3,10,VASC,other
SAUCIE,SAUCIE,SAUCIE,aji_10,0.415,VASC,yan,dr1,10,VASC,other
SAUCIE,SAUCIE,SAUCIE,aji_20,0.724,VASC,yan,dr1,10,VASC,other
SAUCIE,SAUCIE,SAUCIE,aji_30,0.812,VASC,yan,dr1,10,VASC,other
SAUCIE,SAUCIE,SAUCIE,nkr_10,0.621,VASC,yan,dr1,10,VASC,other
SAUCIE,SAUCIE,SAUCIE,nkr_20,0.868,VASC,yan,dr1,10,VASC,other
SAUCIE,SAUCIE,SAUCIE,nkr_30,0.941,VASC,yan,dr1,10,VASC,other
SAUCIE,SAUCIE,SAUCIE,Mrre_missing_10,0.642,benchmarker,Baron_mouse,dr3,10,curated,other
SAUCIE,SAUCIE,SAUCIE,Mrre_missing_20,0.637,benchmarker,Baron_mouse,dr3,10,curated,other
SAUCIE,SAUCIE,SAUCIE,Mrre_missing_30,0.635,benchmarker,Baron_mouse,dr3,10,curated,other
SAUCIE,SAUCIE,SAUCIE,aji_10,0.014,benchmarker,Baron_mouse,dr1,10,curated,other
SAUCIE,SAUCIE,SAUCIE,aji_20,0.024,benchmarker,Baron_mouse,dr1,10,curated,other
SAUCIE,SAUCIE,SAUCIE,aji_30,0.032,benchmarker,Baron_mouse,dr1,10,curated,other
SAUCIE,SAUCIE,SAUCIE,nkr_10,0.027,benchmarker,Baron_mouse,dr1,10,curated,other
SAUCIE,SAUCIE,SAUCIE,nkr_20,0.046,benchmarker,Baron_mouse,dr1,10,curated,other
SAUCIE,SAUCIE,SAUCIE,nkr_30,0.061,benchmarker,Baron_mouse,dr1,10,curated,other
SAUCIE,SAUCIE,SAUCIE,Mrre_missing_10,0.673,benchmarker,Darmanis,dr3,10,curated,other
SAUCIE,SAUCIE,SAUCIE,Mrre_missing_20,0.671,benchmarker,Darmanis,dr3,10,curated,other
SAUCIE,SAUCIE,SAUCIE,Mrre_missing_30,0.669,benchmarker,Darmanis,dr3,10,curated,other
SAUCIE,SAUCIE,SAUCIE,aji_10,0.035,benchmarker,Darmanis,dr1,10,curated,other
SAUCIE,SAUCIE,SAUCIE,aji_20,0.059,benchmarker,Darmanis,dr1,10,curated,other
SAUCIE,SAUCIE,SAUCIE,aji_30,0.081,benchmarker,Darmanis,dr1,10,curated,other
SAUCIE,SAUCIE,SAUCIE,nkr_10,0.062,benchmarker,Darmanis,dr1,10,curated,other
SAUCIE,SAUCIE,SAUCIE,nkr_20,0.107,benchmarker,Darmanis,dr1,10,curated,other
SAUCIE,SAUCIE,SAUCIE,nkr_30,0.142,benchmarker,Darmanis,dr1,10,curated,other
SAUCIE,SAUCIE,SAUCIE,Mrre_missing_10,0.68,benchmarker,Pancreatic,dr3,10,curated,other
SAUCIE,SAUCIE,SAUCIE,Mrre_missing_20,0.663,benchmarker,Pancreatic,dr3,10,curated,other
SAUCIE,SAUCIE,SAUCIE,Mrre_missing_30,0.645,benchmarker,Pancreatic,dr3,10,curated,other
SAUCIE,SAUCIE,SAUCIE,aji_10,0.166,benchmarker,Pancreatic,dr1,10,curated,other
SAUCIE,SAUCIE,SAUCIE,aji_20,0.307,benchmarker,Pancreatic,dr1,10,curated,other
SAUCIE,SAUCIE,SAUCIE,aji_30,0.519,benchmarker,Pancreatic,dr1,10,curated,other
SAUCIE,SAUCIE,SAUCIE,nkr_10,0.292,benchmarker,Pancreatic,dr1,10,curated,other
SAUCIE,SAUCIE,SAUCIE,nkr_20,0.464,benchmarker,Pancreatic,dr1,10,curated,other
SAUCIE,SAUCIE,SAUCIE,nkr_30,0.689,benchmarker,Pancreatic,dr1,10,curated,other
SAUCIE,SAUCIE,SAUCIE,Mrre_missing_10,0.571,benchmarker,Silver,dr3,10,curated,other
SAUCIE,SAUCIE,SAUCIE,Mrre_missing_20,0.579,benchmarker,Silver,dr3,10,curated,other
SAUCIE,SAUCIE,SAUCIE,Mrre_missing_30,0.583,benchmarker,Silver,dr3,10,curated,other
SAUCIE,SAUCIE,SAUCIE,aji_10,0.005,benchmarker,Silver,dr1,10,curated,other
SAUCIE,SAUCIE,SAUCIE,aji_20,0.008,benchmarker,Silver,dr1,10,curated,other
SAUCIE,SAUCIE,SAUCIE,aji_30,0.013,benchmarker,Silver,dr1,10,curated,other
SAUCIE,SAUCIE,SAUCIE,nkr_10,0.009,benchmarker,Silver,dr1,10,curated,other
SAUCIE,SAUCIE,SAUCIE,nkr_20,0.016,benchmarker,Silver,dr1,10,curated,other
SAUCIE,SAUCIE,SAUCIE,nkr_30,0.024,benchmarker,Silver,dr1,10,curated,other
SAUCIE,SAUCIE,SAUCIE,Mrre_missing_10,0.696,benchmarker,Zhengmix4eq,dr3,10,curated,other
SAUCIE,SAUCIE,SAUCIE,Mrre_missing_20,0.695,benchmarker,Zhengmix4eq,dr3,10,curated,other
SAUCIE,SAUCIE,SAUCIE,Mrre_missing_30,0.694,benchmarker,Zhengmix4eq,dr3,10,curated,other
SAUCIE,SAUCIE,SAUCIE,aji_10,0.006,benchmarker,Zhengmix4eq,dr1,10,curated,other
SAUCIE,SAUCIE,SAUCIE,aji_20,0.011,benchmarker,Zhengmix4eq,dr1,10,curated,other
SAUCIE,SAUCIE,SAUCIE,aji_30,0.016,benchmarker,Zhengmix4eq,dr1,10,curated,other
SAUCIE,SAUCIE,SAUCIE,nkr_10,0.011,benchmarker,Zhengmix4eq,dr1,10,curated,other
SAUCIE,SAUCIE,SAUCIE,nkr_20,0.021,benchmarker,Zhengmix4eq,dr1,10,curated,other
SAUCIE,SAUCIE,SAUCIE,nkr_30,0.03,benchmarker,Zhengmix4eq,dr1,10,curated,other
SAUCIE,SAUCIE,SAUCIE,Mrre_missing_10,0.982,scDesign3,ACINAR,dr3,10,scDesign3,other
SAUCIE,SAUCIE,SAUCIE,Mrre_missing_20,0.98,scDesign3,ACINAR,dr3,10,scDesign3,other
SAUCIE,SAUCIE,SAUCIE,Mrre_missing_30,0.979,scDesign3,ACINAR,dr3,10,scDesign3,other
SAUCIE,SAUCIE,SAUCIE,aji_10,0.086,scDesign3,ACINAR,dr1,10,scDesign3,other
SAUCIE,SAUCIE,SAUCIE,aji_20,0.132,scDesign3,ACINAR,dr1,10,scDesign3,other
SAUCIE,SAUCIE,SAUCIE,aji_30,0.17,scDesign3,ACINAR,dr1,10,scDesign3,other
SAUCIE,SAUCIE,SAUCIE,nkr_10,0.166,scDesign3,ACINAR,dr1,10,scDesign3,other
SAUCIE,SAUCIE,SAUCIE,nkr_20,0.241,scDesign3,ACINAR,dr1,10,scDesign3,other
SAUCIE,SAUCIE,SAUCIE,nkr_30,0.294,scDesign3,ACINAR,dr1,10,scDesign3,other
SAUCIE,SAUCIE,SAUCIE,Mrre_missing_10,0.765,scDesign3,ATAC,dr3,10,scDesign3,other
SAUCIE,SAUCIE,SAUCIE,Mrre_missing_20,0.764,scDesign3,ATAC,dr3,10,scDesign3,other
SAUCIE,SAUCIE,SAUCIE,Mrre_missing_30,0.763,scDesign3,ATAC,dr3,10,scDesign3,other
SAUCIE,SAUCIE,SAUCIE,aji_10,0.002,scDesign3,ATAC,dr1,10,scDesign3,other
SAUCIE,SAUCIE,SAUCIE,aji_20,0.005,scDesign3,ATAC,dr1,10,scDesign3,other
SAUCIE,SAUCIE,SAUCIE,aji_30,0.007,scDesign3,ATAC,dr1,10,scDesign3,other
SAUCIE,SAUCIE,SAUCIE,nkr_10,0.004,scDesign3,ATAC,dr1,10,scDesign3,other
SAUCIE,SAUCIE,SAUCIE,nkr_20,0.008,scDesign3,ATAC,dr1,10,scDesign3,other
SAUCIE,SAUCIE,SAUCIE,nkr_30,0.013,scDesign3,ATAC,dr1,10,scDesign3,other
SAUCIE,SAUCIE,SAUCIE,Mrre_missing_10,0.968,scDesign3,BATCH,dr3,10,scDesign3,other
SAUCIE,SAUCIE,SAUCIE,Mrre_missing_20,0.966,scDesign3,BATCH,dr3,10,scDesign3,other
SAUCIE,SAUCIE,SAUCIE,Mrre_missing_30,0.965,scDesign3,BATCH,dr3,10,scDesign3,other
SAUCIE,SAUCIE,SAUCIE,aji_10,0.035,scDesign3,BATCH,dr1,10,scDesign3,other
SAUCIE,SAUCIE,SAUCIE,aji_20,0.057,scDesign3,BATCH,dr1,10,scDesign3,other
SAUCIE,SAUCIE,SAUCIE,aji_30,0.076,scDesign3,BATCH,dr1,10,scDesign3,other
SAUCIE,SAUCIE,SAUCIE,nkr_10,0.068,scDesign3,BATCH,dr1,10,scDesign3,other
SAUCIE,SAUCIE,SAUCIE,nkr_20,0.107,scDesign3,BATCH,dr1,10,scDesign3,other
SAUCIE,SAUCIE,SAUCIE,nkr_30,0.137,scDesign3,BATCH,dr1,10,scDesign3,other
SAUCIE,SAUCIE,SAUCIE,Mrre_missing_10,0.987,scDesign3,CITE,dr3,10,scDesign3,other
SAUCIE,SAUCIE,SAUCIE,Mrre_missing_20,0.985,scDesign3,CITE,dr3,10,scDesign3,other
SAUCIE,SAUCIE,SAUCIE,Mrre_missing_30,0.984,scDesign3,CITE,dr3,10,scDesign3,other
SAUCIE,SAUCIE,SAUCIE,aji_10,0.081,scDesign3,CITE,dr1,10,scDesign3,other
SAUCIE,SAUCIE,SAUCIE,aji_20,0.112,scDesign3,CITE,dr1,10,scDesign3,other
SAUCIE,SAUCIE,SAUCIE,aji_30,0.132,scDesign3,CITE,dr1,10,scDesign3,other
SAUCIE,SAUCIE,SAUCIE,nkr_10,0.169,scDesign3,CITE,dr1,10,scDesign3,other
SAUCIE,SAUCIE,SAUCIE,nkr_20,0.212,scDesign3,CITE,dr1,10,scDesign3,other
SAUCIE,SAUCIE,SAUCIE,nkr_30,0.24,scDesign3,CITE,dr1,10,scDesign3,other
SAUCIE,SAUCIE,SAUCIE,Mrre_missing_10,0.973,scDesign3,EMBYRO,dr3,10,scDesign3,other
SAUCIE,SAUCIE,SAUCIE,Mrre_missing_20,0.97,scDesign3,EMBYRO,dr3,10,scDesign3,other
SAUCIE,SAUCIE,SAUCIE,Mrre_missing_30,0.967,scDesign3,EMBYRO,dr3,10,scDesign3,other
SAUCIE,SAUCIE,SAUCIE,aji_10,0.168,scDesign3,EMBYRO,dr1,10,scDesign3,other
SAUCIE,SAUCIE,SAUCIE,aji_20,0.232,scDesign3,EMBYRO,dr1,10,scDesign3,other
SAUCIE,SAUCIE,SAUCIE,aji_30,0.277,scDesign3,EMBYRO,dr1,10,scDesign3,other
SAUCIE,SAUCIE,SAUCIE,nkr_10,0.295,scDesign3,EMBYRO,dr1,10,scDesign3,other
SAUCIE,SAUCIE,SAUCIE,nkr_20,0.372,scDesign3,EMBYRO,dr1,10,scDesign3,other
SAUCIE,SAUCIE,SAUCIE,nkr_30,0.422,scDesign3,EMBYRO,dr1,10,scDesign3,other
SAUCIE,SAUCIE,SAUCIE,Mrre_missing_10,0.961,scDesign3,IFNB,dr3,10,scDesign3,other
SAUCIE,SAUCIE,SAUCIE,Mrre_missing_20,0.959,scDesign3,IFNB,dr3,10,scDesign3,other
SAUCIE,SAUCIE,SAUCIE,Mrre_missing_30,0.958,scDesign3,IFNB,dr3,10,scDesign3,other
SAUCIE,SAUCIE,SAUCIE,aji_10,0.03,scDesign3,IFNB,dr1,10,scDesign3,other
SAUCIE,SAUCIE,SAUCIE,aji_20,0.047,scDesign3,IFNB,dr1,10,scDesign3,other
SAUCIE,SAUCIE,SAUCIE,aji_30,0.059,scDesign3,IFNB,dr1,10,scDesign3,other
SAUCIE,SAUCIE,SAUCIE,nkr_10,0.059,scDesign3,IFNB,dr1,10,scDesign3,other
SAUCIE,SAUCIE,SAUCIE,nkr_20,0.087,scDesign3,IFNB,dr1,10,scDesign3,other
SAUCIE,SAUCIE,SAUCIE,nkr_30,0.107,scDesign3,IFNB,dr1,10,scDesign3,other
SAUCIE,SAUCIE,SAUCIE,Mrre_missing_10,0.962,scDesign3,MARROW,dr3,10,scDesign3,other
SAUCIE,SAUCIE,SAUCIE,Mrre_missing_20,0.961,scDesign3,MARROW,dr3,10,scDesign3,other
SAUCIE,SAUCIE,SAUCIE,Mrre_missing_30,0.96,scDesign3,MARROW,dr3,10,scDesign3,other
SAUCIE,SAUCIE,SAUCIE,aji_10,0.05,scDesign3,MARROW,dr1,10,scDesign3,other
SAUCIE,SAUCIE,SAUCIE,aji_20,0.084,scDesign3,MARROW,dr1,10,scDesign3,other
SAUCIE,SAUCIE,SAUCIE,aji_30,0.114,scDesign3,MARROW,dr1,10,scDesign3,other
SAUCIE,SAUCIE,SAUCIE,nkr_10,0.097,scDesign3,MARROW,dr1,10,scDesign3,other
SAUCIE,SAUCIE,SAUCIE,nkr_20,0.156,scDesign3,MARROW,dr1,10,scDesign3,other
SAUCIE,SAUCIE,SAUCIE,nkr_30,0.203,scDesign3,MARROW,dr1,10,scDesign3,other
SAUCIE,SAUCIE,SAUCIE,Mrre_missing_10,0.748,scDesign3,MOBSC,dr3,10,scDesign3,other
SAUCIE,SAUCIE,SAUCIE,Mrre_missing_20,0.744,scDesign3,MOBSC,dr3,10,scDesign3,other
SAUCIE,SAUCIE,SAUCIE,Mrre_missing_30,0.742,scDesign3,MOBSC,dr3,10,scDesign3,other
SAUCIE,SAUCIE,SAUCIE,aji_10,0.002,scDesign3,MOBSC,dr1,10,scDesign3,other
SAUCIE,SAUCIE,SAUCIE,aji_20,0.004,scDesign3,MOBSC,dr1,10,scDesign3,other
SAUCIE,SAUCIE,SAUCIE,aji_30,0.006,scDesign3,MOBSC,dr1,10,scDesign3,other
SAUCIE,SAUCIE,SAUCIE,nkr_10,0.004,scDesign3,MOBSC,dr1,10,scDesign3,other
SAUCIE,SAUCIE,SAUCIE,nkr_20,0.008,scDesign3,MOBSC,dr1,10,scDesign3,other
SAUCIE,SAUCIE,SAUCIE,nkr_30,0.011,scDesign3,MOBSC,dr1,10,scDesign3,other
SAUCIE,SAUCIE,SAUCIE,Mrre_missing_10,0.984,scDesign3,OVARIAN,dr3,10,scDesign3,other
SAUCIE,SAUCIE,SAUCIE,Mrre_missing_20,0.983,scDesign3,OVARIAN,dr3,10,scDesign3,other
SAUCIE,SAUCIE,SAUCIE,Mrre_missing_30,0.982,scDesign3,OVARIAN,dr3,10,scDesign3,other
SAUCIE,SAUCIE,SAUCIE,aji_10,0.112,scDesign3,OVARIAN,dr1,10,scDesign3,other
SAUCIE,SAUCIE,SAUCIE,aji_20,0.169,scDesign3,OVARIAN,dr1,10,scDesign3,other
SAUCIE,SAUCIE,SAUCIE,aji_30,0.209,scDesign3,OVARIAN,dr1,10,scDesign3,other
SAUCIE,SAUCIE,SAUCIE,nkr_10,0.214,scDesign3,OVARIAN,dr1,10,scDesign3,other
SAUCIE,SAUCIE,SAUCIE,nkr_20,0.291,scDesign3,OVARIAN,dr1,10,scDesign3,other
SAUCIE,SAUCIE,SAUCIE,nkr_30,0.345,scDesign3,OVARIAN,dr1,10,scDesign3,other
SAUCIE,SAUCIE,SAUCIE,Mrre_missing_10,0.954,scDesign3,PANCREAS,dr3,10,scDesign3,other
SAUCIE,SAUCIE,SAUCIE,Mrre_missing_20,0.952,scDesign3,PANCREAS,dr3,10,scDesign3,other
SAUCIE,SAUCIE,SAUCIE,Mrre_missing_30,0.951,scDesign3,PANCREAS,dr3,10,scDesign3,other
SAUCIE,SAUCIE,SAUCIE,aji_10,0.076,scDesign3,PANCREAS,dr1,10,scDesign3,other
SAUCIE,SAUCIE,SAUCIE,aji_20,0.118,scDesign3,PANCREAS,dr1,10,scDesign3,other
SAUCIE,SAUCIE,SAUCIE,aji_30,0.15,scDesign3,PANCREAS,dr1,10,scDesign3,other
SAUCIE,SAUCIE,SAUCIE,nkr_10,0.14,scDesign3,PANCREAS,dr1,10,scDesign3,other
SAUCIE,SAUCIE,SAUCIE,nkr_20,0.203,scDesign3,PANCREAS,dr1,10,scDesign3,other
SAUCIE,SAUCIE,SAUCIE,nkr_30,0.25,scDesign3,PANCREAS,dr1,10,scDesign3,other
SAUCIE,SAUCIE,SAUCIE,Mrre_missing_10,0.89,scDesign3,SCGEMMETH,dr3,10,scDesign3,other
SAUCIE,SAUCIE,SAUCIE,Mrre_missing_20,0.885,scDesign3,SCGEMMETH,dr3,10,scDesign3,other
SAUCIE,SAUCIE,SAUCIE,Mrre_missing_30,0.881,scDesign3,SCGEMMETH,dr3,10,scDesign3,other
SAUCIE,SAUCIE,SAUCIE,aji_10,0.206,scDesign3,SCGEMMETH,dr1,10,scDesign3,other
SAUCIE,SAUCIE,SAUCIE,aji_20,0.343,scDesign3,SCGEMMETH,dr1,10,scDesign3,other
SAUCIE,SAUCIE,SAUCIE,aji_30,0.445,scDesign3,SCGEMMETH,dr1,10,scDesign3,other
SAUCIE,SAUCIE,SAUCIE,nkr_10,0.351,scDesign3,SCGEMMETH,dr1,10,scDesign3,other
SAUCIE,SAUCIE,SAUCIE,nkr_20,0.521,scDesign3,SCGEMMETH,dr1,10,scDesign3,other
SAUCIE,SAUCIE,SAUCIE,nkr_30,0.625,scDesign3,SCGEMMETH,dr1,10,scDesign3,other
SAUCIE,SAUCIE,SAUCIE,Mrre_missing_10,0.95,scDesign3,SCGEMRNA,dr3,10,scDesign3,other
SAUCIE,SAUCIE,SAUCIE,Mrre_missing_20,0.944,scDesign3,SCGEMRNA,dr3,10,scDesign3,other
SAUCIE,SAUCIE,SAUCIE,Mrre_missing_30,0.939,scDesign3,SCGEMRNA,dr3,10,scDesign3,other
SAUCIE,SAUCIE,SAUCIE,aji_10,0.277,scDesign3,SCGEMRNA,dr1,10,scDesign3,other
SAUCIE,SAUCIE,SAUCIE,aji_20,0.442,scDesign3,SCGEMRNA,dr1,10,scDesign3,other
SAUCIE,SAUCIE,SAUCIE,aji_30,0.554,scDesign3,SCGEMRNA,dr1,10,scDesign3,other
SAUCIE,SAUCIE,SAUCIE,nkr_10,0.471,scDesign3,SCGEMRNA,dr1,10,scDesign3,other
SAUCIE,SAUCIE,SAUCIE,nkr_20,0.629,scDesign3,SCGEMRNA,dr1,10,scDesign3,other
SAUCIE,SAUCIE,SAUCIE,nkr_30,0.724,scDesign3,SCGEMRNA,dr1,10,scDesign3,other
SAUCIE,SAUCIE,SAUCIE,Mrre_missing_10,0.412,scDesign3,SCIATAC,dr3,10,scDesign3,other
SAUCIE,SAUCIE,SAUCIE,Mrre_missing_20,0.408,scDesign3,SCIATAC,dr3,10,scDesign3,other
SAUCIE,SAUCIE,SAUCIE,Mrre_missing_30,0.407,scDesign3,SCIATAC,dr3,10,scDesign3,other
SAUCIE,SAUCIE,SAUCIE,aji_10,0.002,scDesign3,SCIATAC,dr1,10,scDesign3,other
SAUCIE,SAUCIE,SAUCIE,aji_20,0.003,scDesign3,SCIATAC,dr1,10,scDesign3,other
SAUCIE,SAUCIE,SAUCIE,aji_30,0.005,scDesign3,SCIATAC,dr1,10,scDesign3,other
SAUCIE,SAUCIE,SAUCIE,nkr_10,0.003,scDesign3,SCIATAC,dr1,10,scDesign3,other
SAUCIE,SAUCIE,SAUCIE,nkr_20,0.005,scDesign3,SCIATAC,dr1,10,scDesign3,other
SAUCIE,SAUCIE,SAUCIE,nkr_30,0.007,scDesign3,SCIATAC,dr1,10,scDesign3,other
SAUCIE,SAUCIE,SAUCIE,Mrre_missing_10,0.536,scDesign3,SLIDE,dr3,10,scDesign3,other
SAUCIE,SAUCIE,SAUCIE,Mrre_missing_20,0.533,scDesign3,SLIDE,dr3,10,scDesign3,other
SAUCIE,SAUCIE,SAUCIE,Mrre_missing_30,0.532,scDesign3,SLIDE,dr3,10,scDesign3,other
SAUCIE,SAUCIE,SAUCIE,aji_10,0.0,scDesign3,SLIDE,dr1,10,scDesign3,other
SAUCIE,SAUCIE,SAUCIE,aji_20,0.001,scDesign3,SLIDE,dr1,10,scDesign3,other
SAUCIE,SAUCIE,SAUCIE,aji_30,0.001,scDesign3,SLIDE,dr1,10,scDesign3,other
SAUCIE,SAUCIE,SAUCIE,nkr_10,0.001,scDesign3,SLIDE,dr1,10,scDesign3,other
SAUCIE,SAUCIE,SAUCIE,nkr_20,0.002,scDesign3,SLIDE,dr1,10,scDesign3,other
SAUCIE,SAUCIE,SAUCIE,nkr_30,0.003,scDesign3,SLIDE,dr1,10,scDesign3,other
SAUCIE,SAUCIE,SAUCIE,Mrre_missing_10,0.98,scDesign3,VISIUM,dr3,10,scDesign3,other
SAUCIE,SAUCIE,SAUCIE,Mrre_missing_20,0.978,scDesign3,VISIUM,dr3,10,scDesign3,other
SAUCIE,SAUCIE,SAUCIE,Mrre_missing_30,0.976,scDesign3,VISIUM,dr3,10,scDesign3,other
SAUCIE,SAUCIE,SAUCIE,aji_10,0.128,scDesign3,VISIUM,dr1,10,scDesign3,other
SAUCIE,SAUCIE,SAUCIE,aji_20,0.171,scDesign3,VISIUM,dr1,10,scDesign3,other
SAUCIE,SAUCIE,SAUCIE,aji_30,0.196,scDesign3,VISIUM,dr1,10,scDesign3,other
SAUCIE,SAUCIE,SAUCIE,nkr_10,0.237,scDesign3,VISIUM,dr1,10,scDesign3,other
SAUCIE,SAUCIE,SAUCIE,nkr_20,0.297,scDesign3,VISIUM,dr1,10,scDesign3,other
SAUCIE,SAUCIE,SAUCIE,nkr_30,0.33,scDesign3,VISIUM,dr1,10,scDesign3,other
scScope,scScope,scScope,Mrre_missing_10,0.602,SIMLR,Pollen,dr3,11,SIMLR,other
scScope,scScope,scScope,Mrre_missing_20,0.593,SIMLR,Pollen,dr3,11,SIMLR,other
scScope,scScope,scScope,Mrre_missing_30,0.589,SIMLR,Pollen,dr3,11,SIMLR,other
scScope,scScope,scScope,aji_10,0.034,SIMLR,Pollen,dr1,11,SIMLR,other
scScope,scScope,scScope,aji_20,0.061,SIMLR,Pollen,dr1,11,SIMLR,other
scScope,scScope,scScope,aji_30,0.092,SIMLR,Pollen,dr1,11,SIMLR,other
scScope,scScope,scScope,nkr_10,0.061,SIMLR,Pollen,dr1,11,SIMLR,other
scScope,scScope,scScope,nkr_20,0.109,SIMLR,Pollen,dr1,11,SIMLR,other
scScope,scScope,scScope,nkr_30,0.156,SIMLR,Pollen,dr1,11,SIMLR,other
scScope,scScope,scScope,Mrre_missing_10,0.317,SIMLR,Usoskin,dr3,11,SIMLR,other
scScope,scScope,scScope,Mrre_missing_20,0.321,SIMLR,Usoskin,dr3,11,SIMLR,other
scScope,scScope,scScope,Mrre_missing_30,0.323,SIMLR,Usoskin,dr3,11,SIMLR,other
scScope,scScope,scScope,aji_10,0.015,SIMLR,Usoskin,dr1,11,SIMLR,other
scScope,scScope,scScope,aji_20,0.029,SIMLR,Usoskin,dr1,11,SIMLR,other
scScope,scScope,scScope,aji_30,0.038,SIMLR,Usoskin,dr1,11,SIMLR,other
scScope,scScope,scScope,nkr_10,0.021,SIMLR,Usoskin,dr1,11,SIMLR,other
scScope,scScope,scScope,nkr_20,0.042,SIMLR,Usoskin,dr1,11,SIMLR,other
scScope,scScope,scScope,nkr_30,0.055,SIMLR,Usoskin,dr1,11,SIMLR,other
scScope,scScope,scScope,Mrre_missing_10,0.493,TI,DA1_horns,dr3,11,trajectory,other
scScope,scScope,scScope,Mrre_missing_20,0.498,TI,DA1_horns,dr3,11,trajectory,other
scScope,scScope,scScope,Mrre_missing_30,0.501,TI,DA1_horns,dr3,11,trajectory,other
scScope,scScope,scScope,aji_10,0.023,TI,DA1_horns,dr1,11,trajectory,other
scScope,scScope,scScope,aji_20,0.046,TI,DA1_horns,dr1,11,trajectory,other
scScope,scScope,scScope,aji_30,0.071,TI,DA1_horns,dr1,11,trajectory,other
scScope,scScope,scScope,nkr_10,0.039,TI,DA1_horns,dr1,11,trajectory,other
scScope,scScope,scScope,nkr_20,0.085,TI,DA1_horns,dr1,11,trajectory,other
scScope,scScope,scScope,nkr_30,0.128,TI,DA1_horns,dr1,11,trajectory,other
scScope,scScope,scScope,Mrre_missing_10,0.544,TI,DC3_VA1d_horns,dr3,11,trajectory,other
scScope,scScope,scScope,Mrre_missing_20,0.539,TI,DC3_VA1d_horns,dr3,11,trajectory,other
scScope,scScope,scScope,Mrre_missing_30,0.534,TI,DC3_VA1d_horns,dr3,11,trajectory,other
scScope,scScope,scScope,aji_10,0.039,TI,DC3_VA1d_horns,dr1,11,trajectory,other
scScope,scScope,scScope,aji_20,0.077,TI,DC3_VA1d_horns,dr1,11,trajectory,other
scScope,scScope,scScope,aji_30,0.109,TI,DC3_VA1d_horns,dr1,11,trajectory,other
scScope,scScope,scScope,nkr_10,0.076,TI,DC3_VA1d_horns,dr1,11,trajectory,other
scScope,scScope,scScope,nkr_20,0.146,TI,DC3_VA1d_horns,dr1,11,trajectory,other
scScope,scScope,scScope,nkr_30,0.198,TI,DC3_VA1d_horns,dr1,11,trajectory,other
scScope,scScope,scScope,Mrre_missing_10,0.559,TI,ICM,dr3,11,trajectory,other
scScope,scScope,scScope,Mrre_missing_20,0.556,TI,ICM,dr3,11,trajectory,other
scScope,scScope,scScope,Mrre_missing_30,0.553,TI,ICM,dr3,11,trajectory,other
scScope,scScope,scScope,aji_10,0.03,TI,ICM,dr1,11,trajectory,other
scScope,scScope,scScope,aji_20,0.055,TI,ICM,dr1,11,trajectory,other
scScope,scScope,scScope,aji_30,0.08,TI,ICM,dr1,11,trajectory,other
scScope,scScope,scScope,nkr_10,0.053,TI,ICM,dr1,11,trajectory,other
scScope,scScope,scScope,nkr_20,0.104,TI,ICM,dr1,11,trajectory,other
scScope,scScope,scScope,nkr_30,0.146,TI,ICM,dr1,11,trajectory,other
scScope,scScope,scScope,Mrre_missing_10,0.606,TI,blastocyst,dr3,11,trajectory,other
scScope,scScope,scScope,Mrre_missing_20,0.601,TI,blastocyst,dr3,11,trajectory,other
scScope,scScope,scScope,Mrre_missing_30,0.6,TI,blastocyst,dr3,11,trajectory,other
scScope,scScope,scScope,aji_10,0.024,TI,blastocyst,dr1,11,trajectory,other
scScope,scScope,scScope,aji_20,0.047,TI,blastocyst,dr1,11,trajectory,other
scScope,scScope,scScope,aji_30,0.07,TI,blastocyst,dr1,11,trajectory,other
scScope,scScope,scScope,nkr_10,0.045,TI,blastocyst,dr1,11,trajectory,other
scScope,scScope,scScope,nkr_20,0.087,TI,blastocyst,dr1,11,trajectory,other
scScope,scScope,scScope,nkr_30,0.127,TI,blastocyst,dr1,11,trajectory,other
scScope,scScope,scScope,Mrre_missing_10,0.558,TI,combination-1,dr3,11,trajectory,other
scScope,scScope,scScope,Mrre_missing_20,0.559,TI,combination-1,dr3,11,trajectory,other
scScope,scScope,scScope,Mrre_missing_30,0.559,TI,combination-1,dr3,11,trajectory,other
scScope,scScope,scScope,aji_10,0.013,TI,combination-1,dr1,11,trajectory,other
scScope,scScope,scScope,aji_20,0.02,TI,combination-1,dr1,11,trajectory,other
scScope,scScope,scScope,aji_30,0.024,TI,combination-1,dr1,11,trajectory,other
scScope,scScope,scScope,nkr_10,0.026,TI,combination-1,dr1,11,trajectory,other
scScope,scScope,scScope,nkr_20,0.036,TI,combination-1,dr1,11,trajectory,other
scScope,scScope,scScope,nkr_30,0.043,TI,combination-1,dr1,11,trajectory,other
scScope,scScope,scScope,Mrre_missing_10,0.526,TI,combination-2,dr3,11,trajectory,other
scScope,scScope,scScope,Mrre_missing_20,0.528,TI,combination-2,dr3,11,trajectory,other
scScope,scScope,scScope,Mrre_missing_30,0.529,TI,combination-2,dr3,11,trajectory,other
scScope,scScope,scScope,aji_10,0.013,TI,combination-2,dr1,11,trajectory,other
scScope,scScope,scScope,aji_20,0.02,TI,combination-2,dr1,11,trajectory,other
scScope,scScope,scScope,aji_30,0.025,TI,combination-2,dr1,11,trajectory,other
scScope,scScope,scScope,nkr_10,0.025,TI,combination-2,dr1,11,trajectory,other
scScope,scScope,scScope,nkr_20,0.036,TI,combination-2,dr1,11,trajectory,other
scScope,scScope,scScope,nkr_30,0.044,TI,combination-2,dr1,11,trajectory,other
scScope,scScope,scScope,Mrre_missing_10,0.42,TI,combination-3,dr3,11,trajectory,other
scScope,scScope,scScope,Mrre_missing_20,0.426,TI,combination-3,dr3,11,trajectory,other
scScope,scScope,scScope,Mrre_missing_30,0.431,TI,combination-3,dr3,11,trajectory,other
scScope,scScope,scScope,aji_10,0.017,TI,combination-3,dr1,11,trajectory,other
scScope,scScope,scScope,aji_20,0.027,TI,combination-3,dr1,11,trajectory,other
scScope,scScope,scScope,aji_30,0.034,TI,combination-3,dr1,11,trajectory,other
scScope,scScope,scScope,nkr_10,0.03,TI,combination-3,dr1,11,trajectory,other
scScope,scScope,scScope,nkr_20,0.046,TI,combination-3,dr1,11,trajectory,other
scScope,scScope,scScope,nkr_30,0.058,TI,combination-3,dr1,11,trajectory,other
scScope,scScope,scScope,Mrre_missing_10,0.56,TI,epiblast,dr3,11,trajectory,other
scScope,scScope,scScope,Mrre_missing_20,0.553,TI,epiblast,dr3,11,trajectory,other
scScope,scScope,scScope,Mrre_missing_30,0.55,TI,epiblast,dr3,11,trajectory,other
scScope,scScope,scScope,aji_10,0.039,TI,epiblast,dr1,11,trajectory,other
scScope,scScope,scScope,aji_20,0.07,TI,epiblast,dr1,11,trajectory,other
scScope,scScope,scScope,aji_30,0.1,TI,epiblast,dr1,11,trajectory,other
scScope,scScope,scScope,nkr_10,0.07,TI,epiblast,dr1,11,trajectory,other
scScope,scScope,scScope,nkr_20,0.126,TI,epiblast,dr1,11,trajectory,other
scScope,scScope,scScope,nkr_30,0.182,TI,epiblast,dr1,11,trajectory,other
scScope,scScope,scScope,Mrre_missing_10,0.607,TI,epidermis,dr3,11,trajectory,other
scScope,scScope,scScope,Mrre_missing_20,0.605,TI,epidermis,dr3,11,trajectory,other
scScope,scScope,scScope,Mrre_missing_30,0.603,TI,epidermis,dr3,11,trajectory,other
scScope,scScope,scScope,aji_10,0.015,TI,epidermis,dr1,11,trajectory,other
scScope,scScope,scScope,aji_20,0.023,TI,epidermis,dr1,11,trajectory,other
scScope,scScope,scScope,aji_30,0.029,TI,epidermis,dr1,11,trajectory,other
scScope,scScope,scScope,nkr_10,0.03,TI,epidermis,dr1,11,trajectory,other
scScope,scScope,scScope,nkr_20,0.042,TI,epidermis,dr1,11,trajectory,other
scScope,scScope,scScope,nkr_30,0.051,TI,epidermis,dr1,11,trajectory,other
scScope,scScope,scScope,Mrre_missing_10,0.501,TI,horns,dr3,11,trajectory,other
scScope,scScope,scScope,Mrre_missing_20,0.507,TI,horns,dr3,11,trajectory,other
scScope,scScope,scScope,Mrre_missing_30,0.51,TI,horns,dr3,11,trajectory,other
scScope,scScope,scScope,aji_10,0.014,TI,horns,dr1,11,trajectory,other
scScope,scScope,scScope,aji_20,0.028,TI,horns,dr1,11,trajectory,other
scScope,scScope,scScope,aji_30,0.044,TI,horns,dr1,11,trajectory,other
scScope,scScope,scScope,nkr_10,0.027,TI,horns,dr1,11,trajectory,other
scScope,scScope,scScope,nkr_20,0.053,TI,horns,dr1,11,trajectory,other
scScope,scScope,scScope,nkr_30,0.079,TI,horns,dr1,11,trajectory,other
scScope,scScope,scScope,Mrre_missing_10,0.36,TI,muscle,dr3,11,trajectory,other
scScope,scScope,scScope,Mrre_missing_20,0.365,TI,muscle,dr3,11,trajectory,other
scScope,scScope,scScope,Mrre_missing_30,0.368,TI,muscle,dr3,11,trajectory,other
scScope,scScope,scScope,aji_10,0.008,TI,muscle,dr1,11,trajectory,other
scScope,scScope,scScope,aji_20,0.013,TI,muscle,dr1,11,trajectory,other
scScope,scScope,scScope,aji_30,0.019,TI,muscle,dr1,11,trajectory,other
scScope,scScope,scScope,nkr_10,0.015,TI,muscle,dr1,11,trajectory,other
scScope,scScope,scScope,nkr_20,0.023,TI,muscle,dr1,11,trajectory,other
scScope,scScope,scScope,nkr_30,0.032,TI,muscle,dr1,11,trajectory,other
scScope,scScope,scScope,Mrre_missing_10,0.399,TI,neuron,dr3,11,trajectory,other
scScope,scScope,scScope,Mrre_missing_20,0.4,TI,neuron,dr3,11,trajectory,other
scScope,scScope,scScope,Mrre_missing_30,0.401,TI,neuron,dr3,11,trajectory,other
scScope,scScope,scScope,aji_10,0.011,TI,neuron,dr1,11,trajectory,other
scScope,scScope,scScope,aji_20,0.015,TI,neuron,dr1,11,trajectory,other
scScope,scScope,scScope,aji_30,0.019,TI,neuron,dr1,11,trajectory,other
scScope,scScope,scScope,nkr_10,0.019,TI,neuron,dr1,11,trajectory,other
scScope,scScope,scScope,nkr_20,0.026,TI,neuron,dr1,11,trajectory,other
scScope,scScope,scScope,nkr_30,0.034,TI,neuron,dr1,11,trajectory,other
scScope,scScope,scScope,Mrre_missing_10,0.706,TI,pair-1,dr3,11,trajectory,other
scScope,scScope,scScope,Mrre_missing_20,0.697,TI,pair-1,dr3,11,trajectory,other
scScope,scScope,scScope,Mrre_missing_30,0.69,TI,pair-1,dr3,11,trajectory,other
scScope,scScope,scScope,aji_10,0.008,TI,pair-1,dr1,11,trajectory,other
scScope,scScope,scScope,aji_20,0.013,TI,pair-1,dr1,11,trajectory,other
scScope,scScope,scScope,aji_30,0.016,TI,pair-1,dr1,11,trajectory,other
scScope,scScope,scScope,nkr_10,0.016,TI,pair-1,dr1,11,trajectory,other
scScope,scScope,scScope,nkr_20,0.024,TI,pair-1,dr1,11,trajectory,other
scScope,scScope,scScope,nkr_30,0.03,TI,pair-1,dr1,11,trajectory,other
scScope,scScope,scScope,Mrre_missing_10,0.66,TI,pair-2,dr3,11,trajectory,other
scScope,scScope,scScope,Mrre_missing_20,0.65,TI,pair-2,dr3,11,trajectory,other
scScope,scScope,scScope,Mrre_missing_30,0.644,TI,pair-2,dr3,11,trajectory,other
scScope,scScope,scScope,aji_10,0.007,TI,pair-2,dr1,11,trajectory,other
scScope,scScope,scScope,aji_20,0.01,TI,pair-2,dr1,11,trajectory,other
scScope,scScope,scScope,aji_30,0.013,TI,pair-2,dr1,11,trajectory,other
scScope,scScope,scScope,nkr_10,0.014,TI,pair-2,dr1,11,trajectory,other
scScope,scScope,scScope,nkr_20,0.02,TI,pair-2,dr1,11,trajectory,other
scScope,scScope,scScope,nkr_30,0.024,TI,pair-2,dr1,11,trajectory,other
scScope,scScope,scScope,Mrre_missing_10,0.686,TI,pair-3,dr3,11,trajectory,other
scScope,scScope,scScope,Mrre_missing_20,0.676,TI,pair-3,dr3,11,trajectory,other
scScope,scScope,scScope,Mrre_missing_30,0.67,TI,pair-3,dr3,11,trajectory,other
scScope,scScope,scScope,aji_10,0.008,TI,pair-3,dr1,11,trajectory,other
scScope,scScope,scScope,aji_20,0.012,TI,pair-3,dr1,11,trajectory,other
scScope,scScope,scScope,aji_30,0.015,TI,pair-3,dr1,11,trajectory,other
scScope,scScope,scScope,nkr_10,0.017,TI,pair-3,dr1,11,trajectory,other
scScope,scScope,scScope,nkr_20,0.023,TI,pair-3,dr1,11,trajectory,other
scScope,scScope,scScope,nkr_30,0.028,TI,pair-3,dr1,11,trajectory,other
scScope,scScope,scScope,Mrre_missing_10,0.643,TI,pair-4,dr3,11,trajectory,other
scScope,scScope,scScope,Mrre_missing_20,0.635,TI,pair-4,dr3,11,trajectory,other
scScope,scScope,scScope,Mrre_missing_30,0.631,TI,pair-4,dr3,11,trajectory,other
scScope,scScope,scScope,aji_10,0.006,TI,pair-4,dr1,11,trajectory,other
scScope,scScope,scScope,aji_20,0.009,TI,pair-4,dr1,11,trajectory,other
scScope,scScope,scScope,aji_30,0.011,TI,pair-4,dr1,11,trajectory,other
scScope,scScope,scScope,nkr_10,0.011,TI,pair-4,dr1,11,trajectory,other
scScope,scScope,scScope,nkr_20,0.018,TI,pair-4,dr1,11,trajectory,other
scScope,scScope,scScope,nkr_30,0.022,TI,pair-4,dr1,11,trajectory,other
scScope,scScope,scScope,Mrre_missing_10,0.4,TI,parenchyme,dr3,11,trajectory,other
scScope,scScope,scScope,Mrre_missing_20,0.403,TI,parenchyme,dr3,11,trajectory,other
scScope,scScope,scScope,Mrre_missing_30,0.405,TI,parenchyme,dr3,11,trajectory,other
scScope,scScope,scScope,aji_10,0.014,TI,parenchyme,dr1,11,trajectory,other
scScope,scScope,scScope,aji_20,0.023,TI,parenchyme,dr1,11,trajectory,other
scScope,scScope,scScope,aji_30,0.03,TI,parenchyme,dr1,11,trajectory,other
scScope,scScope,scScope,nkr_10,0.025,TI,parenchyme,dr1,11,trajectory,other
scScope,scScope,scScope,nkr_20,0.038,TI,parenchyme,dr1,11,trajectory,other
scScope,scScope,scScope,nkr_30,0.049,TI,parenchyme,dr1,11,trajectory,other
scScope,scScope,scScope,Mrre_missing_10,0.453,TI,phagocyte,dr3,11,trajectory,other
scScope,scScope,scScope,Mrre_missing_20,0.455,TI,phagocyte,dr3,11,trajectory,other
scScope,scScope,scScope,Mrre_missing_30,0.457,TI,phagocyte,dr3,11,trajectory,other
scScope,scScope,scScope,aji_10,0.024,TI,phagocyte,dr1,11,trajectory,other
scScope,scScope,scScope,aji_20,0.043,TI,phagocyte,dr1,11,trajectory,other
scScope,scScope,scScope,aji_30,0.061,TI,phagocyte,dr1,11,trajectory,other
scScope,scScope,scScope,nkr_10,0.046,TI,phagocyte,dr1,11,trajectory,other
scScope,scScope,scScope,nkr_20,0.075,TI,phagocyte,dr1,11,trajectory,other
scScope,scScope,scScope,nkr_30,0.101,TI,phagocyte,dr1,11,trajectory,other
scScope,scScope,scScope,Mrre_missing_10,0.714,TI,pharynx,dr3,11,trajectory,other
scScope,scScope,scScope,Mrre_missing_20,0.716,TI,pharynx,dr3,11,trajectory,other
scScope,scScope,scScope,Mrre_missing_30,0.716,TI,pharynx,dr3,11,trajectory,other
scScope,scScope,scScope,aji_10,0.054,TI,pharynx,dr1,11,trajectory,other
scScope,scScope,scScope,aji_20,0.093,TI,pharynx,dr1,11,trajectory,other
scScope,scScope,scScope,aji_30,0.123,TI,pharynx,dr1,11,trajectory,other
scScope,scScope,scScope,nkr_10,0.097,TI,pharynx,dr1,11,trajectory,other
scScope,scScope,scScope,nkr_20,0.154,TI,pharynx,dr1,11,trajectory,other
scScope,scScope,scScope,nkr_30,0.201,TI,pharynx,dr1,11,trajectory,other
scScope,scScope,scScope,Mrre_missing_10,0.584,TI,trophectoderm,dr3,11,trajectory,other
scScope,scScope,scScope,Mrre_missing_20,0.581,TI,trophectoderm,dr3,11,trajectory,other
scScope,scScope,scScope,Mrre_missing_30,0.571,TI,trophectoderm,dr3,11,trajectory,other
scScope,scScope,scScope,aji_10,0.099,TI,trophectoderm,dr1,11,trajectory,other
scScope,scScope,scScope,aji_20,0.2,TI,trophectoderm,dr1,11,trajectory,other
scScope,scScope,scScope,aji_30,0.29,TI,trophectoderm,dr1,11,trajectory,other
scScope,scScope,scScope,nkr_10,0.173,TI,trophectoderm,dr1,11,trajectory,other
scScope,scScope,scScope,nkr_20,0.332,TI,trophectoderm,dr1,11,trajectory,other
scScope,scScope,scScope,nkr_30,0.448,TI,trophectoderm,dr1,11,trajectory,other
scScope,scScope,scScope,Mrre_missing_10,0.967,VASC,Baron,dr3,11,VASC,other
scScope,scScope,scScope,Mrre_missing_20,0.964,VASC,Baron,dr3,11,VASC,other
scScope,scScope,scScope,Mrre_missing_30,0.963,VASC,Baron,dr3,11,VASC,other
scScope,scScope,scScope,aji_10,0.067,VASC,Baron,dr1,11,VASC,other
scScope,scScope,scScope,aji_20,0.096,VASC,Baron,dr1,11,VASC,other
scScope,scScope,scScope,aji_30,0.115,VASC,Baron,dr1,11,VASC,other
scScope,scScope,scScope,nkr_10,0.138,VASC,Baron,dr1,11,VASC,other
scScope,scScope,scScope,nkr_20,0.177,VASC,Baron,dr1,11,VASC,other
scScope,scScope,scScope,nkr_30,0.205,VASC,Baron,dr1,11,VASC,other
scScope,scScope,scScope,Mrre_missing_10,0.706,VASC,Biase,dr3,11,VASC,other
scScope,scScope,scScope,Mrre_missing_20,0.685,VASC,Biase,dr3,11,VASC,other
scScope,scScope,scScope,Mrre_missing_30,0.663,VASC,Biase,dr3,11,VASC,other
scScope,scScope,scScope,aji_10,0.238,VASC,Biase,dr1,11,VASC,other
scScope,scScope,scScope,aji_20,0.369,VASC,Biase,dr1,11,VASC,other
scScope,scScope,scScope,aji_30,0.527,VASC,Biase,dr1,11,VASC,other
scScope,scScope,scScope,nkr_10,0.395,VASC,Biase,dr1,11,VASC,other
scScope,scScope,scScope,nkr_20,0.551,VASC,Biase,dr1,11,VASC,other
scScope,scScope,scScope,nkr_30,0.702,VASC,Biase,dr1,11,VASC,other
scScope,scScope,scScope,Mrre_missing_10,0.743,VASC,Goolam,dr3,11,VASC,other
scScope,scScope,scScope,Mrre_missing_20,0.737,VASC,Goolam,dr3,11,VASC,other
scScope,scScope,scScope,Mrre_missing_30,0.732,VASC,Goolam,dr3,11,VASC,other
scScope,scScope,scScope,aji_10,0.151,VASC,Goolam,dr1,11,VASC,other
scScope,scScope,scScope,aji_20,0.222,VASC,Goolam,dr1,11,VASC,other
scScope,scScope,scScope,aji_30,0.308,VASC,Goolam,dr1,11,VASC,other
scScope,scScope,scScope,nkr_10,0.279,VASC,Goolam,dr1,11,VASC,other
scScope,scScope,scScope,nkr_20,0.368,VASC,Goolam,dr1,11,VASC,other
scScope,scScope,scScope,nkr_30,0.471,VASC,Goolam,dr1,11,VASC,other
scScope,scScope,scScope,Mrre_missing_10,0.7,VASC,Xin,dr3,11,VASC,other
scScope,scScope,scScope,Mrre_missing_20,0.693,VASC,Xin,dr3,11,VASC,other
scScope,scScope,scScope,Mrre_missing_30,0.689,VASC,Xin,dr3,11,VASC,other
scScope,scScope,scScope,aji_10,0.019,VASC,Xin,dr1,11,VASC,other
scScope,scScope,scScope,aji_20,0.03,VASC,Xin,dr1,11,VASC,other
scScope,scScope,scScope,aji_30,0.039,VASC,Xin,dr1,11,VASC,other
scScope,scScope,scScope,nkr_10,0.041,VASC,Xin,dr1,11,VASC,other
scScope,scScope,scScope,nkr_20,0.059,VASC,Xin,dr1,11,VASC,other
scScope,scScope,scScope,nkr_30,0.075,VASC,Xin,dr1,11,VASC,other
scScope,scScope,scScope,Mrre_missing_10,0.901,VASC,Zeisel,dr3,11,VASC,other
scScope,scScope,scScope,Mrre_missing_20,0.898,VASC,Zeisel,dr3,11,VASC,other
scScope,scScope,scScope,Mrre_missing_30,0.896,VASC,Zeisel,dr3,11,VASC,other
scScope,scScope,scScope,aji_10,0.075,VASC,Zeisel,dr1,11,VASC,other
scScope,scScope,scScope,aji_20,0.11,VASC,Zeisel,dr1,11,VASC,other
scScope,scScope,scScope,aji_30,0.131,VASC,Zeisel,dr1,11,VASC,other
scScope,scScope,scScope,nkr_10,0.139,VASC,Zeisel,dr1,11,VASC,other
scScope,scScope,scScope,nkr_20,0.187,VASC,Zeisel,dr1,11,VASC,other
scScope,scScope,scScope,nkr_30,0.217,VASC,Zeisel,dr1,11,VASC,other
scScope,scScope,scScope,Mrre_missing_10,0.934,VASC,yan,dr3,11,VASC,other
scScope,scScope,scScope,Mrre_missing_20,0.929,VASC,yan,dr3,11,VASC,other
scScope,scScope,scScope,Mrre_missing_30,0.924,VASC,yan,dr3,11,VASC,other
scScope,scScope,scScope,aji_10,0.483,VASC,yan,dr1,11,VASC,other
scScope,scScope,scScope,aji_20,0.661,VASC,yan,dr1,11,VASC,other
scScope,scScope,scScope,aji_30,0.76,VASC,yan,dr1,11,VASC,other
scScope,scScope,scScope,nkr_10,0.657,VASC,yan,dr1,11,VASC,other
scScope,scScope,scScope,nkr_20,0.814,VASC,yan,dr1,11,VASC,other
scScope,scScope,scScope,nkr_30,0.907,VASC,yan,dr1,11,VASC,other
scScope,scScope,scScope,Mrre_missing_10,0.809,benchmarker,Baron_mouse,dr3,11,curated,other
scScope,scScope,scScope,Mrre_missing_20,0.802,benchmarker,Baron_mouse,dr3,11,curated,other
scScope,scScope,scScope,Mrre_missing_30,0.798,benchmarker,Baron_mouse,dr3,11,curated,other
scScope,scScope,scScope,aji_10,0.063,benchmarker,Baron_mouse,dr1,11,curated,other
scScope,scScope,scScope,aji_20,0.095,benchmarker,Baron_mouse,dr1,11,curated,other
scScope,scScope,scScope,aji_30,0.125,benchmarker,Baron_mouse,dr1,11,curated,other
scScope,scScope,scScope,nkr_10,0.113,benchmarker,Baron_mouse,dr1,11,curated,other
scScope,scScope,scScope,nkr_20,0.159,benchmarker,Baron_mouse,dr1,11,curated,other
scScope,scScope,scScope,nkr_30,0.198,benchmarker,Baron_mouse,dr1,11,curated,other
scScope,scScope,scScope,Mrre_missing_10,0.763,benchmarker,Darmanis,dr3,11,curated,other
scScope,scScope,scScope,Mrre_missing_20,0.756,benchmarker,Darmanis,dr3,11,curated,other
scScope,scScope,scScope,Mrre_missing_30,0.75,benchmarker,Darmanis,dr3,11,curated,other
scScope,scScope,scScope,aji_10,0.079,benchmarker,Darmanis,dr1,11,curated,other
scScope,scScope,scScope,aji_20,0.138,benchmarker,Darmanis,dr1,11,curated,other
scScope,scScope,scScope,aji_30,0.189,benchmarker,Darmanis,dr1,11,curated,other
scScope,scScope,scScope,nkr_10,0.145,benchmarker,Darmanis,dr1,11,curated,other
scScope,scScope,scScope,nkr_20,0.227,benchmarker,Darmanis,dr1,11,curated,other
scScope,scScope,scScope,nkr_30,0.292,benchmarker,Darmanis,dr1,11,curated,other
scScope,scScope,scScope,Mrre_missing_10,0.59,benchmarker,Pancreatic,dr3,11,curated,other
scScope,scScope,scScope,Mrre_missing_20,0.579,benchmarker,Pancreatic,dr3,11,curated,other
scScope,scScope,scScope,Mrre_missing_30,0.557,benchmarker,Pancreatic,dr3,11,curated,other
scScope,scScope,scScope,aji_10,0.133,benchmarker,Pancreatic,dr1,11,curated,other
scScope,scScope,scScope,aji_20,0.243,benchmarker,Pancreatic,dr1,11,curated,other
scScope,scScope,scScope,aji_30,0.386,benchmarker,Pancreatic,dr1,11,curated,other
scScope,scScope,scScope,nkr_10,0.267,benchmarker,Pancreatic,dr1,11,curated,other
scScope,scScope,scScope,nkr_20,0.408,benchmarker,Pancreatic,dr1,11,curated,other
scScope,scScope,scScope,nkr_30,0.569,benchmarker,Pancreatic,dr1,11,curated,other
scScope,scScope,scScope,Mrre_missing_10,0.782,benchmarker,Silver,dr3,11,curated,other
scScope,scScope,scScope,Mrre_missing_20,0.785,benchmarker,Silver,dr3,11,curated,other
scScope,scScope,scScope,Mrre_missing_30,0.787,benchmarker,Silver,dr3,11,curated,other
scScope,scScope,scScope,aji_10,0.021,benchmarker,Silver,dr1,11,curated,other
scScope,scScope,scScope,aji_20,0.036,benchmarker,Silver,dr1,11,curated,other
scScope,scScope,scScope,aji_30,0.047,benchmarker,Silver,dr1,11,curated,other
scScope,scScope,scScope,nkr_10,0.038,benchmarker,Silver,dr1,11,curated,other
scScope,scScope,scScope,nkr_20,0.062,benchmarker,Silver,dr1,11,curated,other
scScope,scScope,scScope,nkr_30,0.081,benchmarker,Silver,dr1,11,curated,other
scScope,scScope,scScope,Mrre_missing_10,0.803,benchmarker,Zhengmix4eq,dr3,11,curated,other
scScope,scScope,scScope,Mrre_missing_20,0.803,benchmarker,Zhengmix4eq,dr3,11,curated,other
scScope,scScope,scScope,Mrre_missing_30,0.802,benchmarker,Zhengmix4eq,dr3,11,curated,other
scScope,scScope,scScope,aji_10,0.013,benchmarker,Zhengmix4eq,dr1,11,curated,other
scScope,scScope,scScope,aji_20,0.022,benchmarker,Zhengmix4eq,dr1,11,curated,other
scScope,scScope,scScope,aji_30,0.031,benchmarker,Zhengmix4eq,dr1,11,curated,other
scScope,scScope,scScope,nkr_10,0.024,benchmarker,Zhengmix4eq,dr1,11,curated,other
scScope,scScope,scScope,nkr_20,0.039,benchmarker,Zhengmix4eq,dr1,11,curated,other
scScope,scScope,scScope,nkr_30,0.05,benchmarker,Zhengmix4eq,dr1,11,curated,other
scScope,scScope,scScope,Mrre_missing_10,0.962,scDesign3,ACINAR,dr3,11,scDesign3,other
scScope,scScope,scScope,Mrre_missing_20,0.958,scDesign3,ACINAR,dr3,11,scDesign3,other
scScope,scScope,scScope,Mrre_missing_30,0.956,scDesign3,ACINAR,dr3,11,scDesign3,other
scScope,scScope,scScope,aji_10,0.159,scDesign3,ACINAR,dr1,11,scDesign3,other
scScope,scScope,scScope,aji_20,0.183,scDesign3,ACINAR,dr1,11,scDesign3,other
scScope,scScope,scScope,aji_30,0.195,scDesign3,ACINAR,dr1,11,scDesign3,other
scScope,scScope,scScope,nkr_10,0.326,scDesign3,ACINAR,dr1,11,scDesign3,other
scScope,scScope,scScope,nkr_20,0.336,scDesign3,ACINAR,dr1,11,scDesign3,other
scScope,scScope,scScope,nkr_30,0.343,scDesign3,ACINAR,dr1,11,scDesign3,other
scScope,scScope,scScope,Mrre_missing_10,0.849,scDesign3,ATAC,dr3,11,scDesign3,other
scScope,scScope,scScope,Mrre_missing_20,0.845,scDesign3,ATAC,dr3,11,scDesign3,other
scScope,scScope,scScope,Mrre_missing_30,0.843,scDesign3,ATAC,dr3,11,scDesign3,other
scScope,scScope,scScope,aji_10,0.016,scDesign3,ATAC,dr1,11,scDesign3,other
scScope,scScope,scScope,aji_20,0.02,scDesign3,ATAC,dr1,11,scDesign3,other
scScope,scScope,scScope,aji_30,0.023,scDesign3,ATAC,dr1,11,scDesign3,other
scScope,scScope,scScope,nkr_10,0.043,scDesign3,ATAC,dr1,11,scDesign3,other
scScope,scScope,scScope,nkr_20,0.047,scDesign3,ATAC,dr1,11,scDesign3,other
scScope,scScope,scScope,nkr_30,0.052,scDesign3,ATAC,dr1,11,scDesign3,other
scScope,scScope,scScope,Mrre_missing_10,0.983,scDesign3,BATCH,dr3,11,scDesign3,other
scScope,scScope,scScope,Mrre_missing_20,0.982,scDesign3,BATCH,dr3,11,scDesign3,other
scScope,scScope,scScope,Mrre_missing_30,0.981,scDesign3,BATCH,dr3,11,scDesign3,other
scScope,scScope,scScope,aji_10,0.149,scDesign3,BATCH,dr1,11,scDesign3,other
scScope,scScope,scScope,aji_20,0.184,scDesign3,BATCH,dr1,11,scDesign3,other
scScope,scScope,scScope,aji_30,0.207,scDesign3,BATCH,dr1,11,scDesign3,other
scScope,scScope,scScope,nkr_10,0.302,scDesign3,BATCH,dr1,11,scDesign3,other
scScope,scScope,scScope,nkr_20,0.331,scDesign3,BATCH,dr1,11,scDesign3,other
scScope,scScope,scScope,nkr_30,0.354,scDesign3,BATCH,dr1,11,scDesign3,other
scScope,scScope,scScope,Mrre_missing_10,0.992,scDesign3,CITE,dr3,11,scDesign3,other
scScope,scScope,scScope,Mrre_missing_20,0.99,scDesign3,CITE,dr3,11,scDesign3,other
scScope,scScope,scScope,Mrre_missing_30,0.989,scDesign3,CITE,dr3,11,scDesign3,other
scScope,scScope,scScope,aji_10,0.288,scDesign3,CITE,dr1,11,scDesign3,other
scScope,scScope,scScope,aji_20,0.327,scDesign3,CITE,dr1,11,scDesign3,other
scScope,scScope,scScope,aji_30,0.346,scDesign3,CITE,dr1,11,scDesign3,other
scScope,scScope,scScope,nkr_10,0.493,scDesign3,CITE,dr1,11,scDesign3,other
scScope,scScope,scScope,nkr_20,0.509,scDesign3,CITE,dr1,11,scDesign3,other
scScope,scScope,scScope,nkr_30,0.518,scDesign3,CITE,dr1,11,scDesign3,other
scScope,scScope,scScope,Mrre_missing_10,0.961,scDesign3,EMBYRO,dr3,11,scDesign3,other
scScope,scScope,scScope,Mrre_missing_20,0.954,scDesign3,EMBYRO,dr3,11,scDesign3,other
scScope,scScope,scScope,Mrre_missing_30,0.949,scDesign3,EMBYRO,dr3,11,scDesign3,other
scScope,scScope,scScope,aji_10,0.256,scDesign3,EMBYRO,dr1,11,scDesign3,other
scScope,scScope,scScope,aji_20,0.282,scDesign3,EMBYRO,dr1,11,scDesign3,other
scScope,scScope,scScope,aji_30,0.306,scDesign3,EMBYRO,dr1,11,scDesign3,other
scScope,scScope,scScope,nkr_10,0.46,scDesign3,EMBYRO,dr1,11,scDesign3,other
scScope,scScope,scScope,nkr_20,0.46,scDesign3,EMBYRO,dr1,11,scDesign3,other
scScope,scScope,scScope,nkr_30,0.469,scDesign3,EMBYRO,dr1,11,scDesign3,other
scScope,scScope,scScope,Mrre_missing_10,0.958,scDesign3,IFNB,dr3,11,scDesign3,other
scScope,scScope,scScope,Mrre_missing_20,0.955,scDesign3,IFNB,dr3,11,scDesign3,other
scScope,scScope,scScope,Mrre_missing_30,0.953,scDesign3,IFNB,dr3,11,scDesign3,other
scScope,scScope,scScope,aji_10,0.111,scDesign3,IFNB,dr1,11,scDesign3,other
scScope,scScope,scScope,aji_20,0.13,scDesign3,IFNB,dr1,11,scDesign3,other
scScope,scScope,scScope,aji_30,0.143,scDesign3,IFNB,dr1,11,scDesign3,other
scScope,scScope,scScope,nkr_10,0.24,scDesign3,IFNB,dr1,11,scDesign3,other
scScope,scScope,scScope,nkr_20,0.25,scDesign3,IFNB,dr1,11,scDesign3,other
scScope,scScope,scScope,nkr_30,0.259,scDesign3,IFNB,dr1,11,scDesign3,other
scScope,scScope,scScope,Mrre_missing_10,0.963,scDesign3,MARROW,dr3,11,scDesign3,other
scScope,scScope,scScope,Mrre_missing_20,0.961,scDesign3,MARROW,dr3,11,scDesign3,other
scScope,scScope,scScope,Mrre_missing_30,0.96,scDesign3,MARROW,dr3,11,scDesign3,other
scScope,scScope,scScope,aji_10,0.115,scDesign3,MARROW,dr1,11,scDesign3,other
scScope,scScope,scScope,aji_20,0.15,scDesign3,MARROW,dr1,11,scDesign3,other
scScope,scScope,scScope,aji_30,0.178,scDesign3,MARROW,dr1,11,scDesign3,other
scScope,scScope,scScope,nkr_10,0.242,scDesign3,MARROW,dr1,11,scDesign3,other
scScope,scScope,scScope,nkr_20,0.278,scDesign3,MARROW,dr1,11,scDesign3,other
scScope,scScope,scScope,nkr_30,0.31,scDesign3,MARROW,dr1,11,scDesign3,other
scScope,scScope,scScope,Mrre_missing_10,0.866,scDesign3,MOBSC,dr3,11,scDesign3,other
scScope,scScope,scScope,Mrre_missing_20,0.863,scDesign3,MOBSC,dr3,11,scDesign3,other
scScope,scScope,scScope,Mrre_missing_30,0.861,scDesign3,MOBSC,dr3,11,scDesign3,other
scScope,scScope,scScope,aji_10,0.021,scDesign3,MOBSC,dr1,11,scDesign3,other
scScope,scScope,scScope,aji_20,0.027,scDesign3,MOBSC,dr1,11,scDesign3,other
scScope,scScope,scScope,aji_30,0.032,scDesign3,MOBSC,dr1,11,scDesign3,other
scScope,scScope,scScope,nkr_10,0.054,scDesign3,MOBSC,dr1,11,scDesign3,other
scScope,scScope,scScope,nkr_20,0.061,scDesign3,MOBSC,dr1,11,scDesign3,other
scScope,scScope,scScope,nkr_30,0.068,scDesign3,MOBSC,dr1,11,scDesign3,other
scScope,scScope,scScope,Mrre_missing_10,0.968,scDesign3,OVARIAN,dr3,11,scDesign3,other
scScope,scScope,scScope,Mrre_missing_20,0.964,scDesign3,OVARIAN,dr3,11,scDesign3,other
scScope,scScope,scScope,Mrre_missing_30,0.962,scDesign3,OVARIAN,dr3,11,scDesign3,other
scScope,scScope,scScope,aji_10,0.163,scDesign3,OVARIAN,dr1,11,scDesign3,other
scScope,scScope,scScope,aji_20,0.183,scDesign3,OVARIAN,dr1,11,scDesign3,other
scScope,scScope,scScope,aji_30,0.196,scDesign3,OVARIAN,dr1,11,scDesign3,other
scScope,scScope,scScope,nkr_10,0.335,scDesign3,OVARIAN,dr1,11,scDesign3,other
scScope,scScope,scScope,nkr_20,0.339,scDesign3,OVARIAN,dr1,11,scDesign3,other
scScope,scScope,scScope,nkr_30,0.346,scDesign3,OVARIAN,dr1,11,scDesign3,other
scScope,scScope,scScope,Mrre_missing_10,0.959,scDesign3,PANCREAS,dr3,11,scDesign3,other
scScope,scScope,scScope,Mrre_missing_20,0.957,scDesign3,PANCREAS,dr3,11,scDesign3,other
scScope,scScope,scScope,Mrre_missing_30,0.955,scDesign3,PANCREAS,dr3,11,scDesign3,other
scScope,scScope,scScope,aji_10,0.156,scDesign3,PANCREAS,dr1,11,scDesign3,other
scScope,scScope,scScope,aji_20,0.193,scDesign3,PANCREAS,dr1,11,scDesign3,other
scScope,scScope,scScope,aji_30,0.22,scDesign3,PANCREAS,dr1,11,scDesign3,other
scScope,scScope,scScope,nkr_10,0.313,scDesign3,PANCREAS,dr1,11,scDesign3,other
scScope,scScope,scScope,nkr_20,0.345,scDesign3,PANCREAS,dr1,11,scDesign3,other
scScope,scScope,scScope,nkr_30,0.372,scDesign3,PANCREAS,dr1,11,scDesign3,other
scScope,scScope,scScope,Mrre_missing_10,0.85,scDesign3,SCGEMMETH,dr3,11,scDesign3,other
scScope,scScope,scScope,Mrre_missing_20,0.839,scDesign3,SCGEMMETH,dr3,11,scDesign3,other
scScope,scScope,scScope,Mrre_missing_30,0.829,scDesign3,SCGEMMETH,dr3,11,scDesign3,other
scScope,scScope,scScope,aji_10,0.201,scDesign3,SCGEMMETH,dr1,11,scDesign3,other
scScope,scScope,scScope,aji_20,0.313,scDesign3,SCGEMMETH,dr1,11,scDesign3,other
scScope,scScope,scScope,aji_30,0.38,scDesign3,SCGEMMETH,dr1,11,scDesign3,other
scScope,scScope,scScope,nkr_10,0.373,scDesign3,SCGEMMETH,dr1,11,scDesign3,other
scScope,scScope,scScope,nkr_20,0.486,scDesign3,SCGEMMETH,dr1,11,scDesign3,other
scScope,scScope,scScope,nkr_30,0.552,scDesign3,SCGEMMETH,dr1,11,scDesign3,other
scScope,scScope,scScope,Mrre_missing_10,0.902,scDesign3,SCGEMRNA,dr3,11,scDesign3,other
scScope,scScope,scScope,Mrre_missing_20,0.893,scDesign3,SCGEMRNA,dr3,11,scDesign3,other
scScope,scScope,scScope,Mrre_missing_30,0.887,scDesign3,SCGEMRNA,dr3,11,scDesign3,other
scScope,scScope,scScope,aji_10,0.21,scDesign3,SCGEMRNA,dr1,11,scDesign3,other
scScope,scScope,scScope,aji_20,0.291,scDesign3,SCGEMRNA,dr1,11,scDesign3,other
scScope,scScope,scScope,aji_30,0.39,scDesign3,SCGEMRNA,dr1,11,scDesign3,other
scScope,scScope,scScope,nkr_10,0.393,scDesign3,SCGEMRNA,dr1,11,scDesign3,other
scScope,scScope,scScope,nkr_20,0.471,scDesign3,SCGEMRNA,dr1,11,scDesign3,other
scScope,scScope,scScope,nkr_30,0.571,scDesign3,SCGEMRNA,dr1,11,scDesign3,other
scScope,scScope,scScope,Mrre_missing_10,0.551,scDesign3,SCIATAC,dr3,11,scDesign3,other
scScope,scScope,scScope,Mrre_missing_20,0.55,scDesign3,SCIATAC,dr3,11,scDesign3,other
scScope,scScope,scScope,Mrre_missing_30,0.549,scDesign3,SCIATAC,dr3,11,scDesign3,other
scScope,scScope,scScope,aji_10,0.002,scDesign3,SCIATAC,dr1,11,scDesign3,other
scScope,scScope,scScope,aji_20,0.003,scDesign3,SCIATAC,dr1,11,scDesign3,other
scScope,scScope,scScope,aji_30,0.005,scDesign3,SCIATAC,dr1,11,scDesign3,other
scScope,scScope,scScope,nkr_10,0.003,scDesign3,SCIATAC,dr1,11,scDesign3,other
scScope,scScope,scScope,nkr_20,0.006,scDesign3,SCIATAC,dr1,11,scDesign3,other
scScope,scScope,scScope,nkr_30,0.009,scDesign3,SCIATAC,dr1,11,scDesign3,other
scScope,scScope,scScope,Mrre_missing_10,0.785,scDesign3,SLIDE,dr3,11,scDesign3,other
scScope,scScope,scScope,Mrre_missing_20,0.779,scDesign3,SLIDE,dr3,11,scDesign3,other
scScope,scScope,scScope,Mrre_missing_30,0.775,scDesign3,SLIDE,dr3,11,scDesign3,other
scScope,scScope,scScope,aji_10,0.013,scDesign3,SLIDE,dr1,11,scDesign3,other
scScope,scScope,scScope,aji_20,0.018,scDesign3,SLIDE,dr1,11,scDesign3,other
scScope,scScope,scScope,aji_30,0.021,scDesign3,SLIDE,dr1,11,scDesign3,other
scScope,scScope,scScope,nkr_10,0.032,scDesign3,SLIDE,dr1,11,scDesign3,other
scScope,scScope,scScope,nkr_20,0.038,scDesign3,SLIDE,dr1,11,scDesign3,other
scScope,scScope,scScope,nkr_30,0.043,scDesign3,SLIDE,dr1,11,scDesign3,other
scScope,scScope,scScope,Mrre_missing_10,0.962,scDesign3,VISIUM,dr3,11,scDesign3,other
scScope,scScope,scScope,Mrre_missing_20,0.956,scDesign3,VISIUM,dr3,11,scDesign3,other
scScope,scScope,scScope,Mrre_missing_30,0.953,scDesign3,VISIUM,dr3,11,scDesign3,other
scScope,scScope,scScope,aji_10,0.158,scDesign3,VISIUM,dr1,11,scDesign3,other
scScope,scScope,scScope,aji_20,0.189,scDesign3,VISIUM,dr1,11,scDesign3,other
scScope,scScope,scScope,aji_30,0.207,scDesign3,VISIUM,dr1,11,scDesign3,other
scScope,scScope,scScope,nkr_10,0.331,scDesign3,VISIUM,dr1,11,scDesign3,other
scScope,scScope,scScope,nkr_20,0.347,scDesign3,VISIUM,dr1,11,scDesign3,other
scScope,scScope,scScope,nkr_30,0.359,scDesign3,VISIUM,dr1,11,scDesign3,other
SCDRHA,SCDRHA,SCDRHA,Mrre_missing_10,0.845,SIMLR,Pollen,dr3,12,SIMLR,other
SCDRHA,SCDRHA,SCDRHA,Mrre_missing_20,0.839,SIMLR,Pollen,dr3,12,SIMLR,other
SCDRHA,SCDRHA,SCDRHA,Mrre_missing_30,0.826,SIMLR,Pollen,dr3,12,SIMLR,other
SCDRHA,SCDRHA,SCDRHA,aji_10,0.141,SIMLR,Pollen,dr1,12,SIMLR,other
SCDRHA,SCDRHA,SCDRHA,aji_20,0.242,SIMLR,Pollen,dr1,12,SIMLR,other
SCDRHA,SCDRHA,SCDRHA,aji_30,0.31,SIMLR,Pollen,dr1,12,SIMLR,other
SCDRHA,SCDRHA,SCDRHA,nkr_10,0.22,SIMLR,Pollen,dr1,12,SIMLR,other
SCDRHA,SCDRHA,SCDRHA,nkr_20,0.364,SIMLR,Pollen,dr1,12,SIMLR,other
SCDRHA,SCDRHA,SCDRHA,nkr_30,0.432,SIMLR,Pollen,dr1,12,SIMLR,other
SCDRHA,SCDRHA,SCDRHA,Mrre_missing_10,0.59,SIMLR,Usoskin,dr3,12,SIMLR,other
SCDRHA,SCDRHA,SCDRHA,Mrre_missing_20,0.582,SIMLR,Usoskin,dr3,12,SIMLR,other
SCDRHA,SCDRHA,SCDRHA,Mrre_missing_30,0.577,SIMLR,Usoskin,dr3,12,SIMLR,other
SCDRHA,SCDRHA,SCDRHA,aji_10,0.022,SIMLR,Usoskin,dr1,12,SIMLR,other
SCDRHA,SCDRHA,SCDRHA,aji_20,0.042,SIMLR,Usoskin,dr1,12,SIMLR,other
SCDRHA,SCDRHA,SCDRHA,aji_30,0.063,SIMLR,Usoskin,dr1,12,SIMLR,other
SCDRHA,SCDRHA,SCDRHA,nkr_10,0.041,SIMLR,Usoskin,dr1,12,SIMLR,other
SCDRHA,SCDRHA,SCDRHA,nkr_20,0.068,SIMLR,Usoskin,dr1,12,SIMLR,other
SCDRHA,SCDRHA,SCDRHA,nkr_30,0.101,SIMLR,Usoskin,dr1,12,SIMLR,other
SCDRHA,SCDRHA,SCDRHA,Mrre_missing_10,0.754,TI,DA1_horns,dr3,12,trajectory,other
SCDRHA,SCDRHA,SCDRHA,Mrre_missing_20,0.75,TI,DA1_horns,dr3,12,trajectory,other
SCDRHA,SCDRHA,SCDRHA,Mrre_missing_30,0.748,TI,DA1_horns,dr3,12,trajectory,other
SCDRHA,SCDRHA,SCDRHA,aji_10,0.068,TI,DA1_horns,dr1,12,trajectory,other
SCDRHA,SCDRHA,SCDRHA,aji_20,0.126,TI,DA1_horns,dr1,12,trajectory,other
SCDRHA,SCDRHA,SCDRHA,aji_30,0.195,TI,DA1_horns,dr1,12,trajectory,other
SCDRHA,SCDRHA,SCDRHA,nkr_10,0.122,TI,DA1_horns,dr1,12,trajectory,other
SCDRHA,SCDRHA,SCDRHA,nkr_20,0.216,TI,DA1_horns,dr1,12,trajectory,other
SCDRHA,SCDRHA,SCDRHA,nkr_30,0.305,TI,DA1_horns,dr1,12,trajectory,other
SCDRHA,SCDRHA,SCDRHA,Mrre_missing_10,0.855,TI,DC3_VA1d_horns,dr3,12,trajectory,other
SCDRHA,SCDRHA,SCDRHA,Mrre_missing_20,0.856,TI,DC3_VA1d_horns,dr3,12,trajectory,other
SCDRHA,SCDRHA,SCDRHA,Mrre_missing_30,0.855,TI,DC3_VA1d_horns,dr3,12,trajectory,other
SCDRHA,SCDRHA,SCDRHA,aji_10,0.139,TI,DC3_VA1d_horns,dr1,12,trajectory,other
SCDRHA,SCDRHA,SCDRHA,aji_20,0.291,TI,DC3_VA1d_horns,dr1,12,trajectory,other
SCDRHA,SCDRHA,SCDRHA,aji_30,0.448,TI,DC3_VA1d_horns,dr1,12,trajectory,other
SCDRHA,SCDRHA,SCDRHA,nkr_10,0.251,TI,DC3_VA1d_horns,dr1,12,trajectory,other
SCDRHA,SCDRHA,SCDRHA,nkr_20,0.441,TI,DC3_VA1d_horns,dr1,12,trajectory,other
SCDRHA,SCDRHA,SCDRHA,nkr_30,0.605,TI,DC3_VA1d_horns,dr1,12,trajectory,other
SCDRHA,SCDRHA,SCDRHA,Mrre_missing_10,0.919,TI,ICM,dr3,12,trajectory,other
SCDRHA,SCDRHA,SCDRHA,Mrre_missing_20,0.919,TI,ICM,dr3,12,trajectory,other
SCDRHA,SCDRHA,SCDRHA,Mrre_missing_30,0.918,TI,ICM,dr3,12,trajectory,other
SCDRHA,SCDRHA,SCDRHA,aji_10,0.158,TI,ICM,dr1,12,trajectory,other
SCDRHA,SCDRHA,SCDRHA,aji_20,0.311,TI,ICM,dr1,12,trajectory,other
SCDRHA,SCDRHA,SCDRHA,aji_30,0.494,TI,ICM,dr1,12,trajectory,other
SCDRHA,SCDRHA,SCDRHA,nkr_10,0.283,TI,ICM,dr1,12,trajectory,other
SCDRHA,SCDRHA,SCDRHA,nkr_20,0.473,TI,ICM,dr1,12,trajectory,other
SCDRHA,SCDRHA,SCDRHA,nkr_30,0.639,TI,ICM,dr1,12,trajectory,other
SCDRHA,SCDRHA,SCDRHA,Mrre_missing_10,0.934,TI,blastocyst,dr3,12,trajectory,other
SCDRHA,SCDRHA,SCDRHA,Mrre_missing_20,0.929,TI,blastocyst,dr3,12,trajectory,other
SCDRHA,SCDRHA,SCDRHA,Mrre_missing_30,0.926,TI,blastocyst,dr3,12,trajectory,other
SCDRHA,SCDRHA,SCDRHA,aji_10,0.195,TI,blastocyst,dr1,12,trajectory,other
SCDRHA,SCDRHA,SCDRHA,aji_20,0.352,TI,blastocyst,dr1,12,trajectory,other
SCDRHA,SCDRHA,SCDRHA,aji_30,0.494,TI,blastocyst,dr1,12,trajectory,other
SCDRHA,SCDRHA,SCDRHA,nkr_10,0.341,TI,blastocyst,dr1,12,trajectory,other
SCDRHA,SCDRHA,SCDRHA,nkr_20,0.516,TI,blastocyst,dr1,12,trajectory,other
SCDRHA,SCDRHA,SCDRHA,nkr_30,0.647,TI,blastocyst,dr1,12,trajectory,other
SCDRHA,SCDRHA,SCDRHA,Mrre_missing_10,0.805,TI,combination-1,dr3,12,trajectory,other
SCDRHA,SCDRHA,SCDRHA,Mrre_missing_20,0.8,TI,combination-1,dr3,12,trajectory,other
SCDRHA,SCDRHA,SCDRHA,Mrre_missing_30,0.798,TI,combination-1,dr3,12,trajectory,other
SCDRHA,SCDRHA,SCDRHA,aji_10,0.008,TI,combination-1,dr1,12,trajectory,other
SCDRHA,SCDRHA,SCDRHA,aji_20,0.015,TI,combination-1,dr1,12,trajectory,other
SCDRHA,SCDRHA,SCDRHA,aji_30,0.02,TI,combination-1,dr1,12,trajectory,other
SCDRHA,SCDRHA,SCDRHA,nkr_10,0.017,TI,combination-1,dr1,12,trajectory,other
SCDRHA,SCDRHA,SCDRHA,nkr_20,0.029,TI,combination-1,dr1,12,trajectory,other
SCDRHA,SCDRHA,SCDRHA,nkr_30,0.039,TI,combination-1,dr1,12,trajectory,other
SCDRHA,SCDRHA,SCDRHA,Mrre_missing_10,0.804,TI,combination-2,dr3,12,trajectory,other
SCDRHA,SCDRHA,SCDRHA,Mrre_missing_20,0.799,TI,combination-2,dr3,12,trajectory,other
SCDRHA,SCDRHA,SCDRHA,Mrre_missing_30,0.796,TI,combination-2,dr3,12,trajectory,other
SCDRHA,SCDRHA,SCDRHA,aji_10,0.008,TI,combination-2,dr1,12,trajectory,other
SCDRHA,SCDRHA,SCDRHA,aji_20,0.013,TI,combination-2,dr1,12,trajectory,other
SCDRHA,SCDRHA,SCDRHA,aji_30,0.017,TI,combination-2,dr1,12,trajectory,other
SCDRHA,SCDRHA,SCDRHA,nkr_10,0.016,TI,combination-2,dr1,12,trajectory,other
SCDRHA,SCDRHA,SCDRHA,nkr_20,0.025,TI,combination-2,dr1,12,trajectory,other
SCDRHA,SCDRHA,SCDRHA,nkr_30,0.034,TI,combination-2,dr1,12,trajectory,other
SCDRHA,SCDRHA,SCDRHA,Mrre_missing_10,0.813,TI,combination-3,dr3,12,trajectory,other
SCDRHA,SCDRHA,SCDRHA,Mrre_missing_20,0.807,TI,combination-3,dr3,12,trajectory,other
SCDRHA,SCDRHA,SCDRHA,Mrre_missing_30,0.803,TI,combination-3,dr3,12,trajectory,other
SCDRHA,SCDRHA,SCDRHA,aji_10,0.012,TI,combination-3,dr1,12,trajectory,other
SCDRHA,SCDRHA,SCDRHA,aji_20,0.021,TI,combination-3,dr1,12,trajectory,other
SCDRHA,SCDRHA,SCDRHA,aji_30,0.029,TI,combination-3,dr1,12,trajectory,other
SCDRHA,SCDRHA,SCDRHA,nkr_10,0.025,TI,combination-3,dr1,12,trajectory,other
SCDRHA,SCDRHA,SCDRHA,nkr_20,0.042,TI,combination-3,dr1,12,trajectory,other
SCDRHA,SCDRHA,SCDRHA,nkr_30,0.058,TI,combination-3,dr1,12,trajectory,other
SCDRHA,SCDRHA,SCDRHA,Mrre_missing_10,0.881,TI,epiblast,dr3,12,trajectory,other
SCDRHA,SCDRHA,SCDRHA,Mrre_missing_20,0.881,TI,epiblast,dr3,12,trajectory,other
SCDRHA,SCDRHA,SCDRHA,Mrre_missing_30,0.878,TI,epiblast,dr3,12,trajectory,other
SCDRHA,SCDRHA,SCDRHA,aji_10,0.171,TI,epiblast,dr1,12,trajectory,other
SCDRHA,SCDRHA,SCDRHA,aji_20,0.358,TI,epiblast,dr1,12,trajectory,other
SCDRHA,SCDRHA,SCDRHA,aji_30,0.546,TI,epiblast,dr1,12,trajectory,other
SCDRHA,SCDRHA,SCDRHA,nkr_10,0.298,TI,epiblast,dr1,12,trajectory,other
SCDRHA,SCDRHA,SCDRHA,nkr_20,0.509,TI,epiblast,dr1,12,trajectory,other
SCDRHA,SCDRHA,SCDRHA,nkr_30,0.677,TI,epiblast,dr1,12,trajectory,other
SCDRHA,SCDRHA,SCDRHA,Mrre_missing_10,0.815,TI,epidermis,dr3,12,trajectory,other
SCDRHA,SCDRHA,SCDRHA,Mrre_missing_20,0.808,TI,epidermis,dr3,12,trajectory,other
SCDRHA,SCDRHA,SCDRHA,Mrre_missing_30,0.804,TI,epidermis,dr3,12,trajectory,other
SCDRHA,SCDRHA,SCDRHA,aji_10,0.009,TI,epidermis,dr1,12,trajectory,other
SCDRHA,SCDRHA,SCDRHA,aji_20,0.015,TI,epidermis,dr1,12,trajectory,other
SCDRHA,SCDRHA,SCDRHA,aji_30,0.021,TI,epidermis,dr1,12,trajectory,other
SCDRHA,SCDRHA,SCDRHA,nkr_10,0.018,TI,epidermis,dr1,12,trajectory,other
SCDRHA,SCDRHA,SCDRHA,nkr_20,0.031,TI,epidermis,dr1,12,trajectory,other
SCDRHA,SCDRHA,SCDRHA,nkr_30,0.041,TI,epidermis,dr1,12,trajectory,other
SCDRHA,SCDRHA,SCDRHA,Mrre_missing_10,0.849,TI,horns,dr3,12,trajectory,other
SCDRHA,SCDRHA,SCDRHA,Mrre_missing_20,0.847,TI,horns,dr3,12,trajectory,other
SCDRHA,SCDRHA,SCDRHA,Mrre_missing_30,0.846,TI,horns,dr3,12,trajectory,other
SCDRHA,SCDRHA,SCDRHA,aji_10,0.064,TI,horns,dr1,12,trajectory,other
SCDRHA,SCDRHA,SCDRHA,aji_20,0.116,TI,horns,dr1,12,trajectory,other
SCDRHA,SCDRHA,SCDRHA,aji_30,0.156,TI,horns,dr1,12,trajectory,other
SCDRHA,SCDRHA,SCDRHA,nkr_10,0.12,TI,horns,dr1,12,trajectory,other
SCDRHA,SCDRHA,SCDRHA,nkr_20,0.208,TI,horns,dr1,12,trajectory,other
SCDRHA,SCDRHA,SCDRHA,nkr_30,0.269,TI,horns,dr1,12,trajectory,other
SCDRHA,SCDRHA,SCDRHA,Mrre_missing_10,0.745,TI,muscle,dr3,12,trajectory,other
SCDRHA,SCDRHA,SCDRHA,Mrre_missing_20,0.74,TI,muscle,dr3,12,trajectory,other
SCDRHA,SCDRHA,SCDRHA,Mrre_missing_30,0.736,TI,muscle,dr3,12,trajectory,other
SCDRHA,SCDRHA,SCDRHA,aji_10,0.007,TI,muscle,dr1,12,trajectory,other
SCDRHA,SCDRHA,SCDRHA,aji_20,0.013,TI,muscle,dr1,12,trajectory,other
SCDRHA,SCDRHA,SCDRHA,aji_30,0.018,TI,muscle,dr1,12,trajectory,other
SCDRHA,SCDRHA,SCDRHA,nkr_10,0.014,TI,muscle,dr1,12,trajectory,other
SCDRHA,SCDRHA,SCDRHA,nkr_20,0.025,TI,muscle,dr1,12,trajectory,other
SCDRHA,SCDRHA,SCDRHA,nkr_30,0.035,TI,muscle,dr1,12,trajectory,other
SCDRHA,SCDRHA,SCDRHA,Mrre_missing_10,0.774,TI,neuron,dr3,12,trajectory,other
SCDRHA,SCDRHA,SCDRHA,Mrre_missing_20,0.764,TI,neuron,dr3,12,trajectory,other
SCDRHA,SCDRHA,SCDRHA,Mrre_missing_30,0.758,TI,neuron,dr3,12,trajectory,other
SCDRHA,SCDRHA,SCDRHA,aji_10,0.006,TI,neuron,dr1,12,trajectory,other
SCDRHA,SCDRHA,SCDRHA,aji_20,0.011,TI,neuron,dr1,12,trajectory,other
SCDRHA,SCDRHA,SCDRHA,aji_30,0.014,TI,neuron,dr1,12,trajectory,other
SCDRHA,SCDRHA,SCDRHA,nkr_10,0.013,TI,neuron,dr1,12,trajectory,other
SCDRHA,SCDRHA,SCDRHA,nkr_20,0.022,TI,neuron,dr1,12,trajectory,other
SCDRHA,SCDRHA,SCDRHA,nkr_30,0.028,TI,neuron,dr1,12,trajectory,other
SCDRHA,SCDRHA,SCDRHA,Mrre_missing_10,0.714,TI,pair-1,dr3,12,trajectory,other
SCDRHA,SCDRHA,SCDRHA,Mrre_missing_20,0.708,TI,pair-1,dr3,12,trajectory,other
SCDRHA,SCDRHA,SCDRHA,Mrre_missing_30,0.704,TI,pair-1,dr3,12,trajectory,other
SCDRHA,SCDRHA,SCDRHA,aji_10,0.004,TI,pair-1,dr1,12,trajectory,other
SCDRHA,SCDRHA,SCDRHA,aji_20,0.007,TI,pair-1,dr1,12,trajectory,other
SCDRHA,SCDRHA,SCDRHA,aji_30,0.01,TI,pair-1,dr1,12,trajectory,other
SCDRHA,SCDRHA,SCDRHA,nkr_10,0.009,TI,pair-1,dr1,12,trajectory,other
SCDRHA,SCDRHA,SCDRHA,nkr_20,0.014,TI,pair-1,dr1,12,trajectory,other
SCDRHA,SCDRHA,SCDRHA,nkr_30,0.019,TI,pair-1,dr1,12,trajectory,other
SCDRHA,SCDRHA,SCDRHA,Mrre_missing_10,0.8,TI,pair-2,dr3,12,trajectory,other
SCDRHA,SCDRHA,SCDRHA,Mrre_missing_20,0.795,TI,pair-2,dr3,12,trajectory,other
SCDRHA,SCDRHA,SCDRHA,Mrre_missing_30,0.792,TI,pair-2,dr3,12,trajectory,other
SCDRHA,SCDRHA,SCDRHA,aji_10,0.003,TI,pair-2,dr1,12,trajectory,other
SCDRHA,SCDRHA,SCDRHA,aji_20,0.005,TI,pair-2,dr1,12,trajectory,other
SCDRHA,SCDRHA,SCDRHA,aji_30,0.007,TI,pair-2,dr1,12,trajectory,other
SCDRHA,SCDRHA,SCDRHA,nkr_10,0.007,TI,pair-2,dr1,12,trajectory,other
SCDRHA,SCDRHA,SCDRHA,nkr_20,0.011,TI,pair-2,dr1,12,trajectory,other
SCDRHA,SCDRHA,SCDRHA,nkr_30,0.014,TI,pair-2,dr1,12,trajectory,other
SCDRHA,SCDRHA,SCDRHA,Mrre_missing_10,0.781,TI,pair-3,dr3,12,trajectory,other
SCDRHA,SCDRHA,SCDRHA,Mrre_missing_20,0.776,TI,pair-3,dr3,12,trajectory,other
SCDRHA,SCDRHA,SCDRHA,Mrre_missing_30,0.772,TI,pair-3,dr3,12,trajectory,other
SCDRHA,SCDRHA,SCDRHA,aji_10,0.004,TI,pair-3,dr1,12,trajectory,other
SCDRHA,SCDRHA,SCDRHA,aji_20,0.007,TI,pair-3,dr1,12,trajectory,other
SCDRHA,SCDRHA,SCDRHA,aji_30,0.009,TI,pair-3,dr1,12,trajectory,other
SCDRHA,SCDRHA,SCDRHA,nkr_10,0.008,TI,pair-3,dr1,12,trajectory,other
SCDRHA,SCDRHA,SCDRHA,nkr_20,0.014,TI,pair-3,dr1,12,trajectory,other
SCDRHA,SCDRHA,SCDRHA,nkr_30,0.018,TI,pair-3,dr1,12,trajectory,other
SCDRHA,SCDRHA,SCDRHA,Mrre_missing_10,0.718,TI,pair-4,dr3,12,trajectory,other
SCDRHA,SCDRHA,SCDRHA,Mrre_missing_20,0.715,TI,pair-4,dr3,12,trajectory,other
SCDRHA,SCDRHA,SCDRHA,Mrre_missing_30,0.714,TI,pair-4,dr3,12,trajectory,other
SCDRHA,SCDRHA,SCDRHA,aji_10,0.002,TI,pair-4,dr1,12,trajectory,other
SCDRHA,SCDRHA,SCDRHA,aji_20,0.004,TI,pair-4,dr1,12,trajectory,other
SCDRHA,SCDRHA,SCDRHA,aji_30,0.005,TI,pair-4,dr1,12,trajectory,other
SCDRHA,SCDRHA,SCDRHA,nkr_10,0.005,TI,pair-4,dr1,12,trajectory,other
SCDRHA,SCDRHA,SCDRHA,nkr_20,0.007,TI,pair-4,dr1,12,trajectory,other
SCDRHA,SCDRHA,SCDRHA,nkr_30,0.01,TI,pair-4,dr1,12,trajectory,other
SCDRHA,SCDRHA,SCDRHA,Mrre_missing_10,0.752,TI,parenchyme,dr3,12,trajectory,other
SCDRHA,SCDRHA,SCDRHA,Mrre_missing_20,0.746,TI,parenchyme,dr3,12,trajectory,other
SCDRHA,SCDRHA,SCDRHA,Mrre_missing_30,0.741,TI,parenchyme,dr3,12,trajectory,other
SCDRHA,SCDRHA,SCDRHA,aji_10,0.01,TI,parenchyme,dr1,12,trajectory,other
SCDRHA,SCDRHA,SCDRHA,aji_20,0.02,TI,parenchyme,dr1,12,trajectory,other
SCDRHA,SCDRHA,SCDRHA,aji_30,0.028,TI,parenchyme,dr1,12,trajectory,other
SCDRHA,SCDRHA,SCDRHA,nkr_10,0.022,TI,parenchyme,dr1,12,trajectory,other
SCDRHA,SCDRHA,SCDRHA,nkr_20,0.039,TI,parenchyme,dr1,12,trajectory,other
SCDRHA,SCDRHA,SCDRHA,nkr_30,0.054,TI,parenchyme,dr1,12,trajectory,other
SCDRHA,SCDRHA,SCDRHA,Mrre_missing_10,0.84,TI,phagocyte,dr3,12,trajectory,other
SCDRHA,SCDRHA,SCDRHA,Mrre_missing_20,0.833,TI,phagocyte,dr3,12,trajectory,other
SCDRHA,SCDRHA,SCDRHA,Mrre_missing_30,0.828,TI,phagocyte,dr3,12,trajectory,other
SCDRHA,SCDRHA,SCDRHA,aji_10,0.036,TI,phagocyte,dr1,12,trajectory,other
SCDRHA,SCDRHA,SCDRHA,aji_20,0.063,TI,phagocyte,dr1,12,trajectory,other
SCDRHA,SCDRHA,SCDRHA,aji_30,0.084,TI,phagocyte,dr1,12,trajectory,other
SCDRHA,SCDRHA,SCDRHA,nkr_10,0.077,TI,phagocyte,dr1,12,trajectory,other
SCDRHA,SCDRHA,SCDRHA,nkr_20,0.12,TI,phagocyte,dr1,12,trajectory,other
SCDRHA,SCDRHA,SCDRHA,nkr_30,0.156,TI,phagocyte,dr1,12,trajectory,other
SCDRHA,SCDRHA,SCDRHA,Mrre_missing_10,0.763,TI,pharynx,dr3,12,trajectory,other
SCDRHA,SCDRHA,SCDRHA,Mrre_missing_20,0.75,TI,pharynx,dr3,12,trajectory,other
SCDRHA,SCDRHA,SCDRHA,Mrre_missing_30,0.742,TI,pharynx,dr3,12,trajectory,other
SCDRHA,SCDRHA,SCDRHA,aji_10,0.053,TI,pharynx,dr1,12,trajectory,other
SCDRHA,SCDRHA,SCDRHA,aji_20,0.077,TI,pharynx,dr1,12,trajectory,other
SCDRHA,SCDRHA,SCDRHA,aji_30,0.104,TI,pharynx,dr1,12,trajectory,other
SCDRHA,SCDRHA,SCDRHA,nkr_10,0.105,TI,pharynx,dr1,12,trajectory,other
SCDRHA,SCDRHA,SCDRHA,nkr_20,0.149,TI,pharynx,dr1,12,trajectory,other
SCDRHA,SCDRHA,SCDRHA,nkr_30,0.195,TI,pharynx,dr1,12,trajectory,other
SCDRHA,SCDRHA,SCDRHA,Mrre_missing_10,0.751,TI,trophectoderm,dr3,12,trajectory,other
SCDRHA,SCDRHA,SCDRHA,Mrre_missing_20,0.736,TI,trophectoderm,dr3,12,trajectory,other
SCDRHA,SCDRHA,SCDRHA,Mrre_missing_30,0.721,TI,trophectoderm,dr3,12,trajectory,other
SCDRHA,SCDRHA,SCDRHA,aji_10,0.173,TI,trophectoderm,dr1,12,trajectory,other
SCDRHA,SCDRHA,SCDRHA,aji_20,0.368,TI,trophectoderm,dr1,12,trajectory,other
SCDRHA,SCDRHA,SCDRHA,aji_30,0.428,TI,trophectoderm,dr1,12,trajectory,other
SCDRHA,SCDRHA,SCDRHA,nkr_10,0.32,TI,trophectoderm,dr1,12,trajectory,other
SCDRHA,SCDRHA,SCDRHA,nkr_20,0.507,TI,trophectoderm,dr1,12,trajectory,other
SCDRHA,SCDRHA,SCDRHA,nkr_30,0.628,TI,trophectoderm,dr1,12,trajectory,other
SCDRHA,SCDRHA,SCDRHA,Mrre_missing_10,0.954,VASC,Baron,dr3,12,VASC,other
SCDRHA,SCDRHA,SCDRHA,Mrre_missing_20,0.952,VASC,Baron,dr3,12,VASC,other
SCDRHA,SCDRHA,SCDRHA,Mrre_missing_30,0.95,VASC,Baron,dr3,12,VASC,other
SCDRHA,SCDRHA,SCDRHA,aji_10,0.033,VASC,Baron,dr1,12,VASC,other
SCDRHA,SCDRHA,SCDRHA,aji_20,0.053,VASC,Baron,dr1,12,VASC,other
SCDRHA,SCDRHA,SCDRHA,aji_30,0.066,VASC,Baron,dr1,12,VASC,other
SCDRHA,SCDRHA,SCDRHA,nkr_10,0.065,VASC,Baron,dr1,12,VASC,other
SCDRHA,SCDRHA,SCDRHA,nkr_20,0.099,VASC,Baron,dr1,12,VASC,other
SCDRHA,SCDRHA,SCDRHA,nkr_30,0.121,VASC,Baron,dr1,12,VASC,other
SCDRHA,SCDRHA,SCDRHA,Mrre_missing_10,0.892,VASC,Biase,dr3,12,VASC,other
SCDRHA,SCDRHA,SCDRHA,Mrre_missing_20,0.881,VASC,Biase,dr3,12,VASC,other
SCDRHA,SCDRHA,SCDRHA,Mrre_missing_30,0.864,VASC,Biase,dr3,12,VASC,other
SCDRHA,SCDRHA,SCDRHA,aji_10,0.453,VASC,Biase,dr1,12,VASC,other
SCDRHA,SCDRHA,SCDRHA,aji_20,0.673,VASC,Biase,dr1,12,VASC,other
SCDRHA,SCDRHA,SCDRHA,aji_30,0.67,VASC,Biase,dr1,12,VASC,other
SCDRHA,SCDRHA,SCDRHA,nkr_10,0.634,VASC,Biase,dr1,12,VASC,other
SCDRHA,SCDRHA,SCDRHA,nkr_20,0.839,VASC,Biase,dr1,12,VASC,other
SCDRHA,SCDRHA,SCDRHA,nkr_30,0.824,VASC,Biase,dr1,12,VASC,other
SCDRHA,SCDRHA,SCDRHA,Mrre_missing_10,0.907,VASC,Goolam,dr3,12,VASC,other
SCDRHA,SCDRHA,SCDRHA,Mrre_missing_20,0.896,VASC,Goolam,dr3,12,VASC,other
SCDRHA,SCDRHA,SCDRHA,Mrre_missing_30,0.885,VASC,Goolam,dr3,12,VASC,other
SCDRHA,SCDRHA,SCDRHA,aji_10,0.303,VASC,Goolam,dr1,12,VASC,other
SCDRHA,SCDRHA,SCDRHA,aji_20,0.39,VASC,Goolam,dr1,12,VASC,other
SCDRHA,SCDRHA,SCDRHA,aji_30,0.452,VASC,Goolam,dr1,12,VASC,other
SCDRHA,SCDRHA,SCDRHA,nkr_10,0.487,VASC,Goolam,dr1,12,VASC,other
SCDRHA,SCDRHA,SCDRHA,nkr_20,0.597,VASC,Goolam,dr1,12,VASC,other
SCDRHA,SCDRHA,SCDRHA,nkr_30,0.632,VASC,Goolam,dr1,12,VASC,other
SCDRHA,SCDRHA,SCDRHA,Mrre_missing_10,0.745,VASC,Xin,dr3,12,VASC,other
SCDRHA,SCDRHA,SCDRHA,Mrre_missing_20,0.741,VASC,Xin,dr3,12,VASC,other
SCDRHA,SCDRHA,SCDRHA,Mrre_missing_30,0.74,VASC,Xin,dr3,12,VASC,other
SCDRHA,SCDRHA,SCDRHA,aji_10,0.017,VASC,Xin,dr1,12,VASC,other
SCDRHA,SCDRHA,SCDRHA,aji_20,0.03,VASC,Xin,dr1,12,VASC,other
SCDRHA,SCDRHA,SCDRHA,aji_30,0.04,VASC,Xin,dr1,12,VASC,other
SCDRHA,SCDRHA,SCDRHA,nkr_10,0.033,VASC,Xin,dr1,12,VASC,other
SCDRHA,SCDRHA,SCDRHA,nkr_20,0.055,VASC,Xin,dr1,12,VASC,other
SCDRHA,SCDRHA,SCDRHA,nkr_30,0.074,VASC,Xin,dr1,12,VASC,other
SCDRHA,SCDRHA,SCDRHA,Mrre_missing_10,0.92,VASC,Zeisel,dr3,12,VASC,other
SCDRHA,SCDRHA,SCDRHA,Mrre_missing_20,0.917,VASC,Zeisel,dr3,12,VASC,other
SCDRHA,SCDRHA,SCDRHA,Mrre_missing_30,0.914,VASC,Zeisel,dr3,12,VASC,other
SCDRHA,SCDRHA,SCDRHA,aji_10,0.038,VASC,Zeisel,dr1,12,VASC,other
SCDRHA,SCDRHA,SCDRHA,aji_20,0.059,VASC,Zeisel,dr1,12,VASC,other
SCDRHA,SCDRHA,SCDRHA,aji_30,0.074,VASC,Zeisel,dr1,12,VASC,other
SCDRHA,SCDRHA,SCDRHA,nkr_10,0.073,VASC,Zeisel,dr1,12,VASC,other
SCDRHA,SCDRHA,SCDRHA,nkr_20,0.111,VASC,Zeisel,dr1,12,VASC,other
SCDRHA,SCDRHA,SCDRHA,nkr_30,0.135,VASC,Zeisel,dr1,12,VASC,other
SCDRHA,SCDRHA,SCDRHA,Mrre_missing_10,0.889,VASC,yan,dr3,12,VASC,other
SCDRHA,SCDRHA,SCDRHA,Mrre_missing_20,0.884,VASC,yan,dr3,12,VASC,other
SCDRHA,SCDRHA,SCDRHA,Mrre_missing_30,0.876,VASC,yan,dr3,12,VASC,other
SCDRHA,SCDRHA,SCDRHA,aji_10,0.327,VASC,yan,dr1,12,VASC,other
SCDRHA,SCDRHA,SCDRHA,aji_20,0.571,VASC,yan,dr1,12,VASC,other
SCDRHA,SCDRHA,SCDRHA,aji_30,0.721,VASC,yan,dr1,12,VASC,other
SCDRHA,SCDRHA,SCDRHA,nkr_10,0.464,VASC,yan,dr1,12,VASC,other
SCDRHA,SCDRHA,SCDRHA,nkr_20,0.736,VASC,yan,dr1,12,VASC,other
SCDRHA,SCDRHA,SCDRHA,nkr_30,0.873,VASC,yan,dr1,12,VASC,other
SCDRHA,SCDRHA,SCDRHA,Mrre_missing_10,0.823,benchmarker,Baron_mouse,dr3,12,curated,other
SCDRHA,SCDRHA,SCDRHA,Mrre_missing_20,0.816,benchmarker,Baron_mouse,dr3,12,curated,other
SCDRHA,SCDRHA,SCDRHA,Mrre_missing_30,0.811,benchmarker,Baron_mouse,dr3,12,curated,other
SCDRHA,SCDRHA,SCDRHA,aji_10,0.042,benchmarker,Baron_mouse,dr1,12,curated,other
SCDRHA,SCDRHA,SCDRHA,aji_20,0.067,benchmarker,Baron_mouse,dr1,12,curated,other
SCDRHA,SCDRHA,SCDRHA,aji_30,0.091,benchmarker,Baron_mouse,dr1,12,curated,other
SCDRHA,SCDRHA,SCDRHA,nkr_10,0.08,benchmarker,Baron_mouse,dr1,12,curated,other
SCDRHA,SCDRHA,SCDRHA,nkr_20,0.12,benchmarker,Baron_mouse,dr1,12,curated,other
SCDRHA,SCDRHA,SCDRHA,nkr_30,0.154,benchmarker,Baron_mouse,dr1,12,curated,other
SCDRHA,SCDRHA,SCDRHA,Mrre_missing_10,0.897,benchmarker,Darmanis,dr3,12,curated,other
SCDRHA,SCDRHA,SCDRHA,Mrre_missing_20,0.892,benchmarker,Darmanis,dr3,12,curated,other
SCDRHA,SCDRHA,SCDRHA,Mrre_missing_30,0.888,benchmarker,Darmanis,dr3,12,curated,other
SCDRHA,SCDRHA,SCDRHA,aji_10,0.11,benchmarker,Darmanis,dr1,12,curated,other
SCDRHA,SCDRHA,SCDRHA,aji_20,0.201,benchmarker,Darmanis,dr1,12,curated,other
SCDRHA,SCDRHA,SCDRHA,aji_30,0.287,benchmarker,Darmanis,dr1,12,curated,other
SCDRHA,SCDRHA,SCDRHA,nkr_10,0.201,benchmarker,Darmanis,dr1,12,curated,other
SCDRHA,SCDRHA,SCDRHA,nkr_20,0.323,benchmarker,Darmanis,dr1,12,curated,other
SCDRHA,SCDRHA,SCDRHA,nkr_30,0.422,benchmarker,Darmanis,dr1,12,curated,other
SCDRHA,SCDRHA,SCDRHA,Mrre_missing_10,0.786,benchmarker,Pancreatic,dr3,12,curated,other
SCDRHA,SCDRHA,SCDRHA,Mrre_missing_20,0.757,benchmarker,Pancreatic,dr3,12,curated,other
SCDRHA,SCDRHA,SCDRHA,Mrre_missing_30,0.739,benchmarker,Pancreatic,dr3,12,curated,other
SCDRHA,SCDRHA,SCDRHA,aji_10,0.211,benchmarker,Pancreatic,dr1,12,curated,other
SCDRHA,SCDRHA,SCDRHA,aji_20,0.32,benchmarker,Pancreatic,dr1,12,curated,other
SCDRHA,SCDRHA,SCDRHA,aji_30,0.555,benchmarker,Pancreatic,dr1,12,curated,other
SCDRHA,SCDRHA,SCDRHA,nkr_10,0.348,benchmarker,Pancreatic,dr1,12,curated,other
SCDRHA,SCDRHA,SCDRHA,nkr_20,0.509,benchmarker,Pancreatic,dr1,12,curated,other
SCDRHA,SCDRHA,SCDRHA,nkr_30,0.716,benchmarker,Pancreatic,dr1,12,curated,other
SCDRHA,SCDRHA,SCDRHA,Mrre_missing_10,0.879,benchmarker,Silver,dr3,12,curated,other
SCDRHA,SCDRHA,SCDRHA,Mrre_missing_20,0.875,benchmarker,Silver,dr3,12,curated,other
SCDRHA,SCDRHA,SCDRHA,Mrre_missing_30,0.872,benchmarker,Silver,dr3,12,curated,other
SCDRHA,SCDRHA,SCDRHA,aji_10,0.02,benchmarker,Silver,dr1,12,curated,other
SCDRHA,SCDRHA,SCDRHA,aji_20,0.034,benchmarker,Silver,dr1,12,curated,other
SCDRHA,SCDRHA,SCDRHA,aji_30,0.045,benchmarker,Silver,dr1,12,curated,other
SCDRHA,SCDRHA,SCDRHA,nkr_10,0.037,benchmarker,Silver,dr1,12,curated,other
SCDRHA,SCDRHA,SCDRHA,nkr_20,0.063,benchmarker,Silver,dr1,12,curated,other
SCDRHA,SCDRHA,SCDRHA,nkr_30,0.084,benchmarker,Silver,dr1,12,curated,other
SCDRHA,SCDRHA,SCDRHA,Mrre_missing_10,0.852,benchmarker,Zhengmix4eq,dr3,12,curated,other
SCDRHA,SCDRHA,SCDRHA,Mrre_missing_20,0.849,benchmarker,Zhengmix4eq,dr3,12,curated,other
SCDRHA,SCDRHA,SCDRHA,Mrre_missing_30,0.848,benchmarker,Zhengmix4eq,dr3,12,curated,other
SCDRHA,SCDRHA,SCDRHA,aji_10,0.01,benchmarker,Zhengmix4eq,dr1,12,curated,other
SCDRHA,SCDRHA,SCDRHA,aji_20,0.019,benchmarker,Zhengmix4eq,dr1,12,curated,other
SCDRHA,SCDRHA,SCDRHA,aji_30,0.027,benchmarker,Zhengmix4eq,dr1,12,curated,other
SCDRHA,SCDRHA,SCDRHA,nkr_10,0.019,benchmarker,Zhengmix4eq,dr1,12,curated,other
SCDRHA,SCDRHA,SCDRHA,nkr_20,0.032,benchmarker,Zhengmix4eq,dr1,12,curated,other
SCDRHA,SCDRHA,SCDRHA,nkr_30,0.044,benchmarker,Zhengmix4eq,dr1,12,curated,other
SCDRHA,SCDRHA,SCDRHA,Mrre_missing_10,0.967,scDesign3,ACINAR,dr3,12,scDesign3,other
SCDRHA,SCDRHA,SCDRHA,Mrre_missing_20,0.965,scDesign3,ACINAR,dr3,12,scDesign3,other
SCDRHA,SCDRHA,SCDRHA,Mrre_missing_30,0.964,scDesign3,ACINAR,dr3,12,scDesign3,other
SCDRHA,SCDRHA,SCDRHA,aji_10,0.094,scDesign3,ACINAR,dr1,12,scDesign3,other
SCDRHA,SCDRHA,SCDRHA,aji_20,0.13,scDesign3,ACINAR,dr1,12,scDesign3,other
SCDRHA,SCDRHA,SCDRHA,aji_30,0.151,scDesign3,ACINAR,dr1,12,scDesign3,other
SCDRHA,SCDRHA,SCDRHA,nkr_10,0.199,scDesign3,ACINAR,dr1,12,scDesign3,other
SCDRHA,SCDRHA,SCDRHA,nkr_20,0.244,scDesign3,ACINAR,dr1,12,scDesign3,other
SCDRHA,SCDRHA,SCDRHA,nkr_30,0.272,scDesign3,ACINAR,dr1,12,scDesign3,other
SCDRHA,SCDRHA,SCDRHA,Mrre_missing_10,0.82,scDesign3,ATAC,dr3,12,scDesign3,other
SCDRHA,SCDRHA,SCDRHA,Mrre_missing_20,0.818,scDesign3,ATAC,dr3,12,scDesign3,other
SCDRHA,SCDRHA,SCDRHA,Mrre_missing_30,0.816,scDesign3,ATAC,dr3,12,scDesign3,other
SCDRHA,SCDRHA,SCDRHA,aji_10,0.004,scDesign3,ATAC,dr1,12,scDesign3,other
SCDRHA,SCDRHA,SCDRHA,aji_20,0.007,scDesign3,ATAC,dr1,12,scDesign3,other
SCDRHA,SCDRHA,SCDRHA,aji_30,0.009,scDesign3,ATAC,dr1,12,scDesign3,other
SCDRHA,SCDRHA,SCDRHA,nkr_10,0.007,scDesign3,ATAC,dr1,12,scDesign3,other
SCDRHA,SCDRHA,SCDRHA,nkr_20,0.013,scDesign3,ATAC,dr1,12,scDesign3,other
SCDRHA,SCDRHA,SCDRHA,nkr_30,0.018,scDesign3,ATAC,dr1,12,scDesign3,other
SCDRHA,SCDRHA,SCDRHA,Mrre_missing_10,0.985,scDesign3,BATCH,dr3,12,scDesign3,other
SCDRHA,SCDRHA,SCDRHA,Mrre_missing_20,0.984,scDesign3,BATCH,dr3,12,scDesign3,other
SCDRHA,SCDRHA,SCDRHA,Mrre_missing_30,0.983,scDesign3,BATCH,dr3,12,scDesign3,other
SCDRHA,SCDRHA,SCDRHA,aji_10,0.073,scDesign3,BATCH,dr1,12,scDesign3,other
SCDRHA,SCDRHA,SCDRHA,aji_20,0.113,scDesign3,BATCH,dr1,12,scDesign3,other
SCDRHA,SCDRHA,SCDRHA,aji_30,0.143,scDesign3,BATCH,dr1,12,scDesign3,other
SCDRHA,SCDRHA,SCDRHA,nkr_10,0.144,scDesign3,BATCH,dr1,12,scDesign3,other
SCDRHA,SCDRHA,SCDRHA,nkr_20,0.207,scDesign3,BATCH,dr1,12,scDesign3,other
SCDRHA,SCDRHA,SCDRHA,nkr_30,0.252,scDesign3,BATCH,dr1,12,scDesign3,other
SCDRHA,SCDRHA,SCDRHA,Mrre_missing_10,0.987,scDesign3,CITE,dr3,12,scDesign3,other
SCDRHA,SCDRHA,SCDRHA,Mrre_missing_20,0.986,scDesign3,CITE,dr3,12,scDesign3,other
SCDRHA,SCDRHA,SCDRHA,Mrre_missing_30,0.986,scDesign3,CITE,dr3,12,scDesign3,other
SCDRHA,SCDRHA,SCDRHA,aji_10,0.134,scDesign3,CITE,dr1,12,scDesign3,other
SCDRHA,SCDRHA,SCDRHA,aji_20,0.174,scDesign3,CITE,dr1,12,scDesign3,other
SCDRHA,SCDRHA,SCDRHA,aji_30,0.202,scDesign3,CITE,dr1,12,scDesign3,other
SCDRHA,SCDRHA,SCDRHA,nkr_10,0.264,scDesign3,CITE,dr1,12,scDesign3,other
SCDRHA,SCDRHA,SCDRHA,nkr_20,0.31,scDesign3,CITE,dr1,12,scDesign3,other
SCDRHA,SCDRHA,SCDRHA,nkr_30,0.343,scDesign3,CITE,dr1,12,scDesign3,other
SCDRHA,SCDRHA,SCDRHA,Mrre_missing_10,0.93,scDesign3,EMBYRO,dr3,12,scDesign3,other
SCDRHA,SCDRHA,SCDRHA,Mrre_missing_20,0.925,scDesign3,EMBYRO,dr3,12,scDesign3,other
SCDRHA,SCDRHA,SCDRHA,Mrre_missing_30,0.922,scDesign3,EMBYRO,dr3,12,scDesign3,other
SCDRHA,SCDRHA,SCDRHA,aji_10,0.116,scDesign3,EMBYRO,dr1,12,scDesign3,other
SCDRHA,SCDRHA,SCDRHA,aji_20,0.166,scDesign3,EMBYRO,dr1,12,scDesign3,other
SCDRHA,SCDRHA,SCDRHA,aji_30,0.2,scDesign3,EMBYRO,dr1,12,scDesign3,other
SCDRHA,SCDRHA,SCDRHA,nkr_10,0.225,scDesign3,EMBYRO,dr1,12,scDesign3,other
SCDRHA,SCDRHA,SCDRHA,nkr_20,0.29,scDesign3,EMBYRO,dr1,12,scDesign3,other
SCDRHA,SCDRHA,SCDRHA,nkr_30,0.33,scDesign3,EMBYRO,dr1,12,scDesign3,other
SCDRHA,SCDRHA,SCDRHA,Mrre_missing_10,0.977,scDesign3,IFNB,dr3,12,scDesign3,other
SCDRHA,SCDRHA,SCDRHA,Mrre_missing_20,0.975,scDesign3,IFNB,dr3,12,scDesign3,other
SCDRHA,SCDRHA,SCDRHA,Mrre_missing_30,0.974,scDesign3,IFNB,dr3,12,scDesign3,other
SCDRHA,SCDRHA,SCDRHA,aji_10,0.047,scDesign3,IFNB,dr1,12,scDesign3,other
SCDRHA,SCDRHA,SCDRHA,aji_20,0.071,scDesign3,IFNB,dr1,12,scDesign3,other
SCDRHA,SCDRHA,SCDRHA,aji_30,0.089,scDesign3,IFNB,dr1,12,scDesign3,other
SCDRHA,SCDRHA,SCDRHA,nkr_10,0.092,scDesign3,IFNB,dr1,12,scDesign3,other
SCDRHA,SCDRHA,SCDRHA,nkr_20,0.131,scDesign3,IFNB,dr1,12,scDesign3,other
SCDRHA,SCDRHA,SCDRHA,nkr_30,0.16,scDesign3,IFNB,dr1,12,scDesign3,other
SCDRHA,SCDRHA,SCDRHA,Mrre_missing_10,0.963,scDesign3,MARROW,dr3,12,scDesign3,other
SCDRHA,SCDRHA,SCDRHA,Mrre_missing_20,0.961,scDesign3,MARROW,dr3,12,scDesign3,other
SCDRHA,SCDRHA,SCDRHA,Mrre_missing_30,0.961,scDesign3,MARROW,dr3,12,scDesign3,other
SCDRHA,SCDRHA,SCDRHA,aji_10,0.068,scDesign3,MARROW,dr1,12,scDesign3,other
SCDRHA,SCDRHA,SCDRHA,aji_20,0.109,scDesign3,MARROW,dr1,12,scDesign3,other
SCDRHA,SCDRHA,SCDRHA,aji_30,0.143,scDesign3,MARROW,dr1,12,scDesign3,other
SCDRHA,SCDRHA,SCDRHA,nkr_10,0.13,scDesign3,MARROW,dr1,12,scDesign3,other
SCDRHA,SCDRHA,SCDRHA,nkr_20,0.195,scDesign3,MARROW,dr1,12,scDesign3,other
SCDRHA,SCDRHA,SCDRHA,nkr_30,0.246,scDesign3,MARROW,dr1,12,scDesign3,other
SCDRHA,SCDRHA,SCDRHA,Mrre_missing_10,0.901,scDesign3,MOBSC,dr3,12,scDesign3,other
SCDRHA,SCDRHA,SCDRHA,Mrre_missing_20,0.898,scDesign3,MOBSC,dr3,12,scDesign3,other
SCDRHA,SCDRHA,SCDRHA,Mrre_missing_30,0.895,scDesign3,MOBSC,dr3,12,scDesign3,other
SCDRHA,SCDRHA,SCDRHA,aji_10,0.009,scDesign3,MOBSC,dr1,12,scDesign3,other
SCDRHA,SCDRHA,SCDRHA,aji_20,0.016,scDesign3,MOBSC,dr1,12,scDesign3,other
SCDRHA,SCDRHA,SCDRHA,aji_30,0.022,scDesign3,MOBSC,dr1,12,scDesign3,other
SCDRHA,SCDRHA,SCDRHA,nkr_10,0.018,scDesign3,MOBSC,dr1,12,scDesign3,other
SCDRHA,SCDRHA,SCDRHA,nkr_20,0.031,scDesign3,MOBSC,dr1,12,scDesign3,other
SCDRHA,SCDRHA,SCDRHA,nkr_30,0.041,scDesign3,MOBSC,dr1,12,scDesign3,other
SCDRHA,SCDRHA,SCDRHA,Mrre_missing_10,0.972,scDesign3,OVARIAN,dr3,12,scDesign3,other
SCDRHA,SCDRHA,SCDRHA,Mrre_missing_20,0.97,scDesign3,OVARIAN,dr3,12,scDesign3,other
SCDRHA,SCDRHA,SCDRHA,Mrre_missing_30,0.969,scDesign3,OVARIAN,dr3,12,scDesign3,other
SCDRHA,SCDRHA,SCDRHA,aji_10,0.106,scDesign3,OVARIAN,dr1,12,scDesign3,other
SCDRHA,SCDRHA,SCDRHA,aji_20,0.138,scDesign3,OVARIAN,dr1,12,scDesign3,other
SCDRHA,SCDRHA,SCDRHA,aji_30,0.161,scDesign3,OVARIAN,dr1,12,scDesign3,other
SCDRHA,SCDRHA,SCDRHA,nkr_10,0.217,scDesign3,OVARIAN,dr1,12,scDesign3,other
SCDRHA,SCDRHA,SCDRHA,nkr_20,0.257,scDesign3,OVARIAN,dr1,12,scDesign3,other
SCDRHA,SCDRHA,SCDRHA,nkr_30,0.288,scDesign3,OVARIAN,dr1,12,scDesign3,other
SCDRHA,SCDRHA,SCDRHA,Mrre_missing_10,0.97,scDesign3,PANCREAS,dr3,12,scDesign3,other
SCDRHA,SCDRHA,SCDRHA,Mrre_missing_20,0.968,scDesign3,PANCREAS,dr3,12,scDesign3,other
SCDRHA,SCDRHA,SCDRHA,Mrre_missing_30,0.967,scDesign3,PANCREAS,dr3,12,scDesign3,other
SCDRHA,SCDRHA,SCDRHA,aji_10,0.104,scDesign3,PANCREAS,dr1,12,scDesign3,other
SCDRHA,SCDRHA,SCDRHA,aji_20,0.157,scDesign3,PANCREAS,dr1,12,scDesign3,other
SCDRHA,SCDRHA,SCDRHA,aji_30,0.197,scDesign3,PANCREAS,dr1,12,scDesign3,other
SCDRHA,SCDRHA,SCDRHA,nkr_10,0.199,scDesign3,PANCREAS,dr1,12,scDesign3,other
SCDRHA,SCDRHA,SCDRHA,nkr_20,0.275,scDesign3,PANCREAS,dr1,12,scDesign3,other
SCDRHA,SCDRHA,SCDRHA,nkr_30,0.33,scDesign3,PANCREAS,dr1,12,scDesign3,other
SCDRHA,SCDRHA,SCDRHA,Mrre_missing_10,0.876,scDesign3,SCGEMMETH,dr3,12,scDesign3,other
SCDRHA,SCDRHA,SCDRHA,Mrre_missing_20,0.872,scDesign3,SCGEMMETH,dr3,12,scDesign3,other
SCDRHA,SCDRHA,SCDRHA,Mrre_missing_30,0.869,scDesign3,SCGEMMETH,dr3,12,scDesign3,other
SCDRHA,SCDRHA,SCDRHA,aji_10,0.196,scDesign3,SCGEMMETH,dr1,12,scDesign3,other
SCDRHA,SCDRHA,SCDRHA,aji_20,0.323,scDesign3,SCGEMMETH,dr1,12,scDesign3,other
SCDRHA,SCDRHA,SCDRHA,aji_30,0.426,scDesign3,SCGEMMETH,dr1,12,scDesign3,other
SCDRHA,SCDRHA,SCDRHA,nkr_10,0.34,scDesign3,SCGEMMETH,dr1,12,scDesign3,other
SCDRHA,SCDRHA,SCDRHA,nkr_20,0.492,scDesign3,SCGEMMETH,dr1,12,scDesign3,other
SCDRHA,SCDRHA,SCDRHA,nkr_30,0.61,scDesign3,SCGEMMETH,dr1,12,scDesign3,other
SCDRHA,SCDRHA,SCDRHA,Mrre_missing_10,0.919,scDesign3,SCGEMRNA,dr3,12,scDesign3,other
SCDRHA,SCDRHA,SCDRHA,Mrre_missing_20,0.912,scDesign3,SCGEMRNA,dr3,12,scDesign3,other
SCDRHA,SCDRHA,SCDRHA,Mrre_missing_30,0.908,scDesign3,SCGEMRNA,dr3,12,scDesign3,other
SCDRHA,SCDRHA,SCDRHA,aji_10,0.24,scDesign3,SCGEMRNA,dr1,12,scDesign3,other
SCDRHA,SCDRHA,SCDRHA,aji_20,0.37,scDesign3,SCGEMRNA,dr1,12,scDesign3,other
SCDRHA,SCDRHA,SCDRHA,aji_30,0.471,scDesign3,SCGEMRNA,dr1,12,scDesign3,other
SCDRHA,SCDRHA,SCDRHA,nkr_10,0.421,scDesign3,SCGEMRNA,dr1,12,scDesign3,other
SCDRHA,SCDRHA,SCDRHA,nkr_20,0.554,scDesign3,SCGEMRNA,dr1,12,scDesign3,other
SCDRHA,SCDRHA,SCDRHA,nkr_30,0.648,scDesign3,SCGEMRNA,dr1,12,scDesign3,other
SCDRHA,SCDRHA,SCDRHA,Mrre_missing_10,0.579,scDesign3,SCIATAC,dr3,12,scDesign3,other
SCDRHA,SCDRHA,SCDRHA,Mrre_missing_20,0.574,scDesign3,SCIATAC,dr3,12,scDesign3,other
SCDRHA,SCDRHA,SCDRHA,Mrre_missing_30,0.571,scDesign3,SCIATAC,dr3,12,scDesign3,other
SCDRHA,SCDRHA,SCDRHA,aji_10,0.002,scDesign3,SCIATAC,dr1,12,scDesign3,other
SCDRHA,SCDRHA,SCDRHA,aji_20,0.003,scDesign3,SCIATAC,dr1,12,scDesign3,other
SCDRHA,SCDRHA,SCDRHA,aji_30,0.005,scDesign3,SCIATAC,dr1,12,scDesign3,other
SCDRHA,SCDRHA,SCDRHA,nkr_10,0.003,scDesign3,SCIATAC,dr1,12,scDesign3,other
SCDRHA,SCDRHA,SCDRHA,nkr_20,0.006,scDesign3,SCIATAC,dr1,12,scDesign3,other
SCDRHA,SCDRHA,SCDRHA,nkr_30,0.01,scDesign3,SCIATAC,dr1,12,scDesign3,other
SCDRHA,SCDRHA,SCDRHA,Mrre_missing_10,0.657,scDesign3,SLIDE,dr3,12,scDesign3,other
SCDRHA,SCDRHA,SCDRHA,Mrre_missing_20,0.652,scDesign3,SLIDE,dr3,12,scDesign3,other
SCDRHA,SCDRHA,SCDRHA,Mrre_missing_30,0.649,scDesign3,SLIDE,dr3,12,scDesign3,other
SCDRHA,SCDRHA,SCDRHA,aji_10,0.003,scDesign3,SLIDE,dr1,12,scDesign3,other
SCDRHA,SCDRHA,SCDRHA,aji_20,0.003,scDesign3,SLIDE,dr1,12,scDesign3,other
SCDRHA,SCDRHA,SCDRHA,aji_30,0.004,scDesign3,SLIDE,dr1,12,scDesign3,other
SCDRHA,SCDRHA,SCDRHA,nkr_10,0.005,scDesign3,SLIDE,dr1,12,scDesign3,other
SCDRHA,SCDRHA,SCDRHA,nkr_20,0.007,scDesign3,SLIDE,dr1,12,scDesign3,other
SCDRHA,SCDRHA,SCDRHA,nkr_30,0.009,scDesign3,SLIDE,dr1,12,scDesign3,other
SCDRHA,SCDRHA,SCDRHA,Mrre_missing_10,0.974,scDesign3,VISIUM,dr3,12,scDesign3,other
SCDRHA,SCDRHA,SCDRHA,Mrre_missing_20,0.972,scDesign3,VISIUM,dr3,12,scDesign3,other
SCDRHA,SCDRHA,SCDRHA,Mrre_missing_30,0.971,scDesign3,VISIUM,dr3,12,scDesign3,other
SCDRHA,SCDRHA,SCDRHA,aji_10,0.146,scDesign3,VISIUM,dr1,12,scDesign3,other
SCDRHA,SCDRHA,SCDRHA,aji_20,0.185,scDesign3,VISIUM,dr1,12,scDesign3,other
SCDRHA,SCDRHA,SCDRHA,aji_30,0.212,scDesign3,VISIUM,dr1,12,scDesign3,other
SCDRHA,SCDRHA,SCDRHA,nkr_10,0.287,scDesign3,VISIUM,dr1,12,scDesign3,other
SCDRHA,SCDRHA,SCDRHA,nkr_20,0.329,scDesign3,VISIUM,dr1,12,scDesign3,other
SCDRHA,SCDRHA,SCDRHA,nkr_30,0.357,scDesign3,VISIUM,dr1,12,scDesign3,other
scGAE,scGAE,scGAE,Mrre_missing_10,0.828,SIMLR,Pollen,dr3,13,SIMLR,other
scGAE,scGAE,scGAE,Mrre_missing_20,0.825,SIMLR,Pollen,dr3,13,SIMLR,other
scGAE,scGAE,scGAE,Mrre_missing_30,0.811,SIMLR,Pollen,dr3,13,SIMLR,other
scGAE,scGAE,scGAE,aji_10,0.124,SIMLR,Pollen,dr1,13,SIMLR,other
scGAE,scGAE,scGAE,aji_20,0.228,SIMLR,Pollen,dr1,13,SIMLR,other
scGAE,scGAE,scGAE,aji_30,0.273,SIMLR,Pollen,dr1,13,SIMLR,other
scGAE,scGAE,scGAE,nkr_10,0.181,SIMLR,Pollen,dr1,13,SIMLR,other
scGAE,scGAE,scGAE,nkr_20,0.318,SIMLR,Pollen,dr1,13,SIMLR,other
scGAE,scGAE,scGAE,nkr_30,0.389,SIMLR,Pollen,dr1,13,SIMLR,other
scGAE,scGAE,scGAE,Mrre_missing_10,0.429,SIMLR,Usoskin,dr3,13,SIMLR,other
scGAE,scGAE,scGAE,Mrre_missing_20,0.429,SIMLR,Usoskin,dr3,13,SIMLR,other
scGAE,scGAE,scGAE,Mrre_missing_30,0.43,SIMLR,Usoskin,dr3,13,SIMLR,other
scGAE,scGAE,scGAE,aji_10,0.018,SIMLR,Usoskin,dr1,13,SIMLR,other
scGAE,scGAE,scGAE,aji_20,0.031,SIMLR,Usoskin,dr1,13,SIMLR,other
scGAE,scGAE,scGAE,aji_30,0.046,SIMLR,Usoskin,dr1,13,SIMLR,other
scGAE,scGAE,scGAE,nkr_10,0.03,SIMLR,Usoskin,dr1,13,SIMLR,other
scGAE,scGAE,scGAE,nkr_20,0.048,SIMLR,Usoskin,dr1,13,SIMLR,other
scGAE,scGAE,scGAE,nkr_30,0.07,SIMLR,Usoskin,dr1,13,SIMLR,other
scGAE,scGAE,scGAE,Mrre_missing_10,0.857,TI,DA1_horns,dr3,13,trajectory,other
scGAE,scGAE,scGAE,Mrre_missing_20,0.846,TI,DA1_horns,dr3,13,trajectory,other
scGAE,scGAE,scGAE,Mrre_missing_30,0.838,TI,DA1_horns,dr3,13,trajectory,other
scGAE,scGAE,scGAE,aji_10,0.106,TI,DA1_horns,dr1,13,trajectory,other
scGAE,scGAE,scGAE,aji_20,0.198,TI,DA1_horns,dr1,13,trajectory,other
scGAE,scGAE,scGAE,aji_30,0.303,TI,DA1_horns,dr1,13,trajectory,other
scGAE,scGAE,scGAE,nkr_10,0.191,TI,DA1_horns,dr1,13,trajectory,other
scGAE,scGAE,scGAE,nkr_20,0.325,TI,DA1_horns,dr1,13,trajectory,other
scGAE,scGAE,scGAE,nkr_30,0.452,TI,DA1_horns,dr1,13,trajectory,other
scGAE,scGAE,scGAE,Mrre_missing_10,0.903,TI,DC3_VA1d_horns,dr3,13,trajectory,other
scGAE,scGAE,scGAE,Mrre_missing_20,0.9,TI,DC3_VA1d_horns,dr3,13,trajectory,other
scGAE,scGAE,scGAE,Mrre_missing_30,0.895,TI,DC3_VA1d_horns,dr3,13,trajectory,other
scGAE,scGAE,scGAE,aji_10,0.178,TI,DC3_VA1d_horns,dr1,13,trajectory,other
scGAE,scGAE,scGAE,aji_20,0.369,TI,DC3_VA1d_horns,dr1,13,trajectory,other
scGAE,scGAE,scGAE,aji_30,0.533,TI,DC3_VA1d_horns,dr1,13,trajectory,other
scGAE,scGAE,scGAE,nkr_10,0.305,TI,DC3_VA1d_horns,dr1,13,trajectory,other
scGAE,scGAE,scGAE,nkr_20,0.543,TI,DC3_VA1d_horns,dr1,13,trajectory,other
scGAE,scGAE,scGAE,nkr_30,0.697,TI,DC3_VA1d_horns,dr1,13,trajectory,other
scGAE,scGAE,scGAE,Mrre_missing_10,0.937,TI,ICM,dr3,13,trajectory,other
scGAE,scGAE,scGAE,Mrre_missing_20,0.933,TI,ICM,dr3,13,trajectory,other
scGAE,scGAE,scGAE,Mrre_missing_30,0.93,TI,ICM,dr3,13,trajectory,other
scGAE,scGAE,scGAE,aji_10,0.215,TI,ICM,dr1,13,trajectory,other
scGAE,scGAE,scGAE,aji_20,0.41,TI,ICM,dr1,13,trajectory,other
scGAE,scGAE,scGAE,aji_30,0.575,TI,ICM,dr1,13,trajectory,other
scGAE,scGAE,scGAE,nkr_10,0.361,TI,ICM,dr1,13,trajectory,other
scGAE,scGAE,scGAE,nkr_20,0.574,TI,ICM,dr1,13,trajectory,other
scGAE,scGAE,scGAE,nkr_30,0.721,TI,ICM,dr1,13,trajectory,other
scGAE,scGAE,scGAE,Mrre_missing_10,0.947,TI,blastocyst,dr3,13,trajectory,other
scGAE,scGAE,scGAE,Mrre_missing_20,0.946,TI,blastocyst,dr3,13,trajectory,other
scGAE,scGAE,scGAE,Mrre_missing_30,0.944,TI,blastocyst,dr3,13,trajectory,other
scGAE,scGAE,scGAE,aji_10,0.232,TI,blastocyst,dr1,13,trajectory,other
scGAE,scGAE,scGAE,aji_20,0.402,TI,blastocyst,dr1,13,trajectory,other
scGAE,scGAE,scGAE,aji_30,0.55,TI,blastocyst,dr1,13,trajectory,other
scGAE,scGAE,scGAE,nkr_10,0.384,TI,blastocyst,dr1,13,trajectory,other
scGAE,scGAE,scGAE,nkr_20,0.57,TI,blastocyst,dr1,13,trajectory,other
scGAE,scGAE,scGAE,nkr_30,0.701,TI,blastocyst,dr1,13,trajectory,other
scGAE,scGAE,scGAE,Mrre_missing_10,0.676,TI,combination-1,dr3,13,trajectory,other
scGAE,scGAE,scGAE,Mrre_missing_20,0.672,TI,combination-1,dr3,13,trajectory,other
scGAE,scGAE,scGAE,Mrre_missing_30,0.669,TI,combination-1,dr3,13,trajectory,other
scGAE,scGAE,scGAE,aji_10,0.007,TI,combination-1,dr1,13,trajectory,other
scGAE,scGAE,scGAE,aji_20,0.011,TI,combination-1,dr1,13,trajectory,other
scGAE,scGAE,scGAE,aji_30,0.015,TI,combination-1,dr1,13,trajectory,other
scGAE,scGAE,scGAE,nkr_10,0.014,TI,combination-1,dr1,13,trajectory,other
scGAE,scGAE,scGAE,nkr_20,0.022,TI,combination-1,dr1,13,trajectory,other
scGAE,scGAE,scGAE,nkr_30,0.029,TI,combination-1,dr1,13,trajectory,other
scGAE,scGAE,scGAE,Mrre_missing_10,0.58,TI,combination-2,dr3,13,trajectory,other
scGAE,scGAE,scGAE,Mrre_missing_20,0.575,TI,combination-2,dr3,13,trajectory,other
scGAE,scGAE,scGAE,Mrre_missing_30,0.572,TI,combination-2,dr3,13,trajectory,other
scGAE,scGAE,scGAE,aji_10,0.005,TI,combination-2,dr1,13,trajectory,other
scGAE,scGAE,scGAE,aji_20,0.01,TI,combination-2,dr1,13,trajectory,other
scGAE,scGAE,scGAE,aji_30,0.013,TI,combination-2,dr1,13,trajectory,other
scGAE,scGAE,scGAE,nkr_10,0.011,TI,combination-2,dr1,13,trajectory,other
scGAE,scGAE,scGAE,nkr_20,0.019,TI,combination-2,dr1,13,trajectory,other
scGAE,scGAE,scGAE,nkr_30,0.025,TI,combination-2,dr1,13,trajectory,other
scGAE,scGAE,scGAE,Mrre_missing_10,0.691,TI,combination-3,dr3,13,trajectory,other
scGAE,scGAE,scGAE,Mrre_missing_20,0.685,TI,combination-3,dr3,13,trajectory,other
scGAE,scGAE,scGAE,Mrre_missing_30,0.68,TI,combination-3,dr3,13,trajectory,other
scGAE,scGAE,scGAE,aji_10,0.013,TI,combination-3,dr1,13,trajectory,other
scGAE,scGAE,scGAE,aji_20,0.021,TI,combination-3,dr1,13,trajectory,other
scGAE,scGAE,scGAE,aji_30,0.029,TI,combination-3,dr1,13,trajectory,other
scGAE,scGAE,scGAE,nkr_10,0.025,TI,combination-3,dr1,13,trajectory,other
scGAE,scGAE,scGAE,nkr_20,0.042,TI,combination-3,dr1,13,trajectory,other
scGAE,scGAE,scGAE,nkr_30,0.055,TI,combination-3,dr1,13,trajectory,other
scGAE,scGAE,scGAE,Mrre_missing_10,0.898,TI,epiblast,dr3,13,trajectory,other
scGAE,scGAE,scGAE,Mrre_missing_20,0.894,TI,epiblast,dr3,13,trajectory,other
scGAE,scGAE,scGAE,Mrre_missing_30,0.889,TI,epiblast,dr3,13,trajectory,other
scGAE,scGAE,scGAE,aji_10,0.214,TI,epiblast,dr1,13,trajectory,other
scGAE,scGAE,scGAE,aji_20,0.395,TI,epiblast,dr1,13,trajectory,other
scGAE,scGAE,scGAE,aji_30,0.553,TI,epiblast,dr1,13,trajectory,other
scGAE,scGAE,scGAE,nkr_10,0.341,TI,epiblast,dr1,13,trajectory,other
scGAE,scGAE,scGAE,nkr_20,0.547,TI,epiblast,dr1,13,trajectory,other
scGAE,scGAE,scGAE,nkr_30,0.694,TI,epiblast,dr1,13,trajectory,other
scGAE,scGAE,scGAE,Mrre_missing_10,0.685,TI,epidermis,dr3,13,trajectory,other
scGAE,scGAE,scGAE,Mrre_missing_20,0.68,TI,epidermis,dr3,13,trajectory,other
scGAE,scGAE,scGAE,Mrre_missing_30,0.677,TI,epidermis,dr3,13,trajectory,other
scGAE,scGAE,scGAE,aji_10,0.007,TI,epidermis,dr1,13,trajectory,other
scGAE,scGAE,scGAE,aji_20,0.012,TI,epidermis,dr1,13,trajectory,other
scGAE,scGAE,scGAE,aji_30,0.016,TI,epidermis,dr1,13,trajectory,other
scGAE,scGAE,scGAE,nkr_10,0.015,TI,epidermis,dr1,13,trajectory,other
scGAE,scGAE,scGAE,nkr_20,0.024,TI,epidermis,dr1,13,trajectory,other
scGAE,scGAE,scGAE,nkr_30,0.031,TI,epidermis,dr1,13,trajectory,other
scGAE,scGAE,scGAE,Mrre_missing_10,0.774,TI,horns,dr3,13,trajectory,other
scGAE,scGAE,scGAE,Mrre_missing_20,0.77,TI,horns,dr3,13,trajectory,other
scGAE,scGAE,scGAE,Mrre_missing_30,0.768,TI,horns,dr3,13,trajectory,other
scGAE,scGAE,scGAE,aji_10,0.065,TI,horns,dr1,13,trajectory,other
scGAE,scGAE,scGAE,aji_20,0.119,TI,horns,dr1,13,trajectory,other
scGAE,scGAE,scGAE,aji_30,0.156,TI,horns,dr1,13,trajectory,other
scGAE,scGAE,scGAE,nkr_10,0.115,TI,horns,dr1,13,trajectory,other
scGAE,scGAE,scGAE,nkr_20,0.209,TI,horns,dr1,13,trajectory,other
scGAE,scGAE,scGAE,nkr_30,0.269,TI,horns,dr1,13,trajectory,other
scGAE,scGAE,scGAE,Mrre_missing_10,0.591,TI,muscle,dr3,13,trajectory,other
scGAE,scGAE,scGAE,Mrre_missing_20,0.587,TI,muscle,dr3,13,trajectory,other
scGAE,scGAE,scGAE,Mrre_missing_30,0.583,TI,muscle,dr3,13,trajectory,other
scGAE,scGAE,scGAE,aji_10,0.005,TI,muscle,dr1,13,trajectory,other
scGAE,scGAE,scGAE,aji_20,0.01,TI,muscle,dr1,13,trajectory,other
scGAE,scGAE,scGAE,aji_30,0.014,TI,muscle,dr1,13,trajectory,other
scGAE,scGAE,scGAE,nkr_10,0.011,TI,muscle,dr1,13,trajectory,other
scGAE,scGAE,scGAE,nkr_20,0.019,TI,muscle,dr1,13,trajectory,other
scGAE,scGAE,scGAE,nkr_30,0.027,TI,muscle,dr1,13,trajectory,other
scGAE,scGAE,scGAE,Mrre_missing_10,0.546,TI,neuron,dr3,13,trajectory,other
scGAE,scGAE,scGAE,Mrre_missing_20,0.542,TI,neuron,dr3,13,trajectory,other
scGAE,scGAE,scGAE,Mrre_missing_30,0.54,TI,neuron,dr3,13,trajectory,other
scGAE,scGAE,scGAE,aji_10,0.006,TI,neuron,dr1,13,trajectory,other
scGAE,scGAE,scGAE,aji_20,0.009,TI,neuron,dr1,13,trajectory,other
scGAE,scGAE,scGAE,aji_30,0.012,TI,neuron,dr1,13,trajectory,other
scGAE,scGAE,scGAE,nkr_10,0.011,TI,neuron,dr1,13,trajectory,other
scGAE,scGAE,scGAE,nkr_20,0.018,TI,neuron,dr1,13,trajectory,other
scGAE,scGAE,scGAE,nkr_30,0.024,TI,neuron,dr1,13,trajectory,other
scGAE,scGAE,scGAE,Mrre_missing_10,0.665,TI,pair-1,dr3,13,trajectory,other
scGAE,scGAE,scGAE,Mrre_missing_20,0.664,TI,pair-1,dr3,13,trajectory,other
scGAE,scGAE,scGAE,Mrre_missing_30,0.663,TI,pair-1,dr3,13,trajectory,other
scGAE,scGAE,scGAE,aji_10,0.002,TI,pair-1,dr1,13,trajectory,other
scGAE,scGAE,scGAE,aji_20,0.004,TI,pair-1,dr1,13,trajectory,other
scGAE,scGAE,scGAE,aji_30,0.006,TI,pair-1,dr1,13,trajectory,other
scGAE,scGAE,scGAE,nkr_10,0.005,TI,pair-1,dr1,13,trajectory,other
scGAE,scGAE,scGAE,nkr_20,0.008,TI,pair-1,dr1,13,trajectory,other
scGAE,scGAE,scGAE,nkr_30,0.011,TI,pair-1,dr1,13,trajectory,other
scGAE,scGAE,scGAE,Mrre_missing_10,0.507,TI,pair-2,dr3,13,trajectory,other
scGAE,scGAE,scGAE,Mrre_missing_20,0.507,TI,pair-2,dr3,13,trajectory,other
scGAE,scGAE,scGAE,Mrre_missing_30,0.508,TI,pair-2,dr3,13,trajectory,other
scGAE,scGAE,scGAE,aji_10,0.001,TI,pair-2,dr1,13,trajectory,other
scGAE,scGAE,scGAE,aji_20,0.002,TI,pair-2,dr1,13,trajectory,other
scGAE,scGAE,scGAE,aji_30,0.003,TI,pair-2,dr1,13,trajectory,other
scGAE,scGAE,scGAE,nkr_10,0.003,TI,pair-2,dr1,13,trajectory,other
scGAE,scGAE,scGAE,nkr_20,0.005,TI,pair-2,dr1,13,trajectory,other
scGAE,scGAE,scGAE,nkr_30,0.007,TI,pair-2,dr1,13,trajectory,other
scGAE,scGAE,scGAE,Mrre_missing_10,0.556,TI,pair-3,dr3,13,trajectory,other
scGAE,scGAE,scGAE,Mrre_missing_20,0.554,TI,pair-3,dr3,13,trajectory,other
scGAE,scGAE,scGAE,Mrre_missing_30,0.554,TI,pair-3,dr3,13,trajectory,other
scGAE,scGAE,scGAE,aji_10,0.002,TI,pair-3,dr1,13,trajectory,other
scGAE,scGAE,scGAE,aji_20,0.003,TI,pair-3,dr1,13,trajectory,other
scGAE,scGAE,scGAE,aji_30,0.004,TI,pair-3,dr1,13,trajectory,other
scGAE,scGAE,scGAE,nkr_10,0.004,TI,pair-3,dr1,13,trajectory,other
scGAE,scGAE,scGAE,nkr_20,0.007,TI,pair-3,dr1,13,trajectory,other
scGAE,scGAE,scGAE,nkr_30,0.009,TI,pair-3,dr1,13,trajectory,other
scGAE,scGAE,scGAE,Mrre_missing_10,0.551,TI,pair-4,dr3,13,trajectory,other
scGAE,scGAE,scGAE,Mrre_missing_20,0.547,TI,pair-4,dr3,13,trajectory,other
scGAE,scGAE,scGAE,Mrre_missing_30,0.545,TI,pair-4,dr3,13,trajectory,other
scGAE,scGAE,scGAE,aji_10,0.001,TI,pair-4,dr1,13,trajectory,other
scGAE,scGAE,scGAE,aji_20,0.002,TI,pair-4,dr1,13,trajectory,other
scGAE,scGAE,scGAE,aji_30,0.003,TI,pair-4,dr1,13,trajectory,other
scGAE,scGAE,scGAE,nkr_10,0.003,TI,pair-4,dr1,13,trajectory,other
scGAE,scGAE,scGAE,nkr_20,0.005,TI,pair-4,dr1,13,trajectory,other
scGAE,scGAE,scGAE,nkr_30,0.007,TI,pair-4,dr1,13,trajectory,other
scGAE,scGAE,scGAE,Mrre_missing_10,0.543,TI,parenchyme,dr3,13,trajectory,other
scGAE,scGAE,scGAE,Mrre_missing_20,0.539,TI,parenchyme,dr3,13,trajectory,other
scGAE,scGAE,scGAE,Mrre_missing_30,0.536,TI,parenchyme,dr3,13,trajectory,other
scGAE,scGAE,scGAE,aji_10,0.008,TI,parenchyme,dr1,13,trajectory,other
scGAE,scGAE,scGAE,aji_20,0.014,TI,parenchyme,dr1,13,trajectory,other
scGAE,scGAE,scGAE,aji_30,0.02,TI,parenchyme,dr1,13,trajectory,other
scGAE,scGAE,scGAE,nkr_10,0.016,TI,parenchyme,dr1,13,trajectory,other
scGAE,scGAE,scGAE,nkr_20,0.028,TI,parenchyme,dr1,13,trajectory,other
scGAE,scGAE,scGAE,nkr_30,0.039,TI,parenchyme,dr1,13,trajectory,other
scGAE,scGAE,scGAE,Mrre_missing_10,0.745,TI,phagocyte,dr3,13,trajectory,other
scGAE,scGAE,scGAE,Mrre_missing_20,0.736,TI,phagocyte,dr3,13,trajectory,other
scGAE,scGAE,scGAE,Mrre_missing_30,0.73,TI,phagocyte,dr3,13,trajectory,other
scGAE,scGAE,scGAE,aji_10,0.03,TI,phagocyte,dr1,13,trajectory,other
scGAE,scGAE,scGAE,aji_20,0.05,TI,phagocyte,dr1,13,trajectory,other
scGAE,scGAE,scGAE,aji_30,0.066,TI,phagocyte,dr1,13,trajectory,other
scGAE,scGAE,scGAE,nkr_10,0.061,TI,phagocyte,dr1,13,trajectory,other
scGAE,scGAE,scGAE,nkr_20,0.097,TI,phagocyte,dr1,13,trajectory,other
scGAE,scGAE,scGAE,nkr_30,0.126,TI,phagocyte,dr1,13,trajectory,other
scGAE,scGAE,scGAE,Mrre_missing_10,0.631,TI,pharynx,dr3,13,trajectory,other
scGAE,scGAE,scGAE,Mrre_missing_20,0.623,TI,pharynx,dr3,13,trajectory,other
scGAE,scGAE,scGAE,Mrre_missing_30,0.619,TI,pharynx,dr3,13,trajectory,other
scGAE,scGAE,scGAE,aji_10,0.038,TI,pharynx,dr1,13,trajectory,other
scGAE,scGAE,scGAE,aji_20,0.058,TI,pharynx,dr1,13,trajectory,other
scGAE,scGAE,scGAE,aji_30,0.083,TI,pharynx,dr1,13,trajectory,other
scGAE,scGAE,scGAE,nkr_10,0.076,TI,pharynx,dr1,13,trajectory,other
scGAE,scGAE,scGAE,nkr_20,0.117,TI,pharynx,dr1,13,trajectory,other
scGAE,scGAE,scGAE,nkr_30,0.156,TI,pharynx,dr1,13,trajectory,other
scGAE,scGAE,scGAE,Mrre_missing_10,0.858,TI,trophectoderm,dr3,13,trajectory,other
scGAE,scGAE,scGAE,Mrre_missing_20,0.846,TI,trophectoderm,dr3,13,trajectory,other
scGAE,scGAE,scGAE,Mrre_missing_30,0.834,TI,trophectoderm,dr3,13,trajectory,other
scGAE,scGAE,scGAE,aji_10,0.282,TI,trophectoderm,dr1,13,trajectory,other
scGAE,scGAE,scGAE,aji_20,0.459,TI,trophectoderm,dr1,13,trajectory,other
scGAE,scGAE,scGAE,aji_30,0.54,TI,trophectoderm,dr1,13,trajectory,other
scGAE,scGAE,scGAE,nkr_10,0.462,TI,trophectoderm,dr1,13,trajectory,other
scGAE,scGAE,scGAE,nkr_20,0.64,TI,trophectoderm,dr1,13,trajectory,other
scGAE,scGAE,scGAE,nkr_30,0.729,TI,trophectoderm,dr1,13,trajectory,other
scGAE,scGAE,scGAE,Mrre_missing_10,0.784,VASC,Baron,dr3,13,VASC,other
scGAE,scGAE,scGAE,Mrre_missing_20,0.78,VASC,Baron,dr3,13,VASC,other
scGAE,scGAE,scGAE,Mrre_missing_30,0.778,VASC,Baron,dr3,13,VASC,other
scGAE,scGAE,scGAE,aji_10,0.01,VASC,Baron,dr1,13,VASC,other
scGAE,scGAE,scGAE,aji_20,0.014,VASC,Baron,dr1,13,VASC,other
scGAE,scGAE,scGAE,aji_30,0.019,VASC,Baron,dr1,13,VASC,other
scGAE,scGAE,scGAE,nkr_10,0.02,VASC,Baron,dr1,13,VASC,other
scGAE,scGAE,scGAE,nkr_20,0.03,VASC,Baron,dr1,13,VASC,other
scGAE,scGAE,scGAE,nkr_30,0.038,VASC,Baron,dr1,13,VASC,other
scGAE,scGAE,scGAE,Mrre_missing_10,0.86,VASC,Biase,dr3,13,VASC,other
scGAE,scGAE,scGAE,Mrre_missing_20,0.849,VASC,Biase,dr3,13,VASC,other
scGAE,scGAE,scGAE,Mrre_missing_30,0.828,VASC,Biase,dr3,13,VASC,other
scGAE,scGAE,scGAE,aji_10,0.395,VASC,Biase,dr1,13,VASC,other
scGAE,scGAE,scGAE,aji_20,0.647,VASC,Biase,dr1,13,VASC,other
scGAE,scGAE,scGAE,aji_30,0.593,VASC,Biase,dr1,13,VASC,other
scGAE,scGAE,scGAE,nkr_10,0.58,VASC,Biase,dr1,13,VASC,other
scGAE,scGAE,scGAE,nkr_20,0.822,VASC,Biase,dr1,13,VASC,other
scGAE,scGAE,scGAE,nkr_30,0.788,VASC,Biase,dr1,13,VASC,other
scGAE,scGAE,scGAE,Mrre_missing_10,0.933,VASC,Goolam,dr3,13,VASC,other
scGAE,scGAE,scGAE,Mrre_missing_20,0.926,VASC,Goolam,dr3,13,VASC,other
scGAE,scGAE,scGAE,Mrre_missing_30,0.917,VASC,Goolam,dr3,13,VASC,other
scGAE,scGAE,scGAE,aji_10,0.379,VASC,Goolam,dr1,13,VASC,other
scGAE,scGAE,scGAE,aji_20,0.501,VASC,Goolam,dr1,13,VASC,other
scGAE,scGAE,scGAE,aji_30,0.603,VASC,Goolam,dr1,13,VASC,other
scGAE,scGAE,scGAE,nkr_10,0.561,VASC,Goolam,dr1,13,VASC,other
scGAE,scGAE,scGAE,nkr_20,0.683,VASC,Goolam,dr1,13,VASC,other
scGAE,scGAE,scGAE,nkr_30,0.761,VASC,Goolam,dr1,13,VASC,other
scGAE,scGAE,scGAE,Mrre_missing_10,0.646,VASC,Xin,dr3,13,VASC,other
scGAE,scGAE,scGAE,Mrre_missing_20,0.644,VASC,Xin,dr3,13,VASC,other
scGAE,scGAE,scGAE,Mrre_missing_30,0.643,VASC,Xin,dr3,13,VASC,other
scGAE,scGAE,scGAE,aji_10,0.012,VASC,Xin,dr1,13,VASC,other
scGAE,scGAE,scGAE,aji_20,0.021,VASC,Xin,dr1,13,VASC,other
scGAE,scGAE,scGAE,aji_30,0.029,VASC,Xin,dr1,13,VASC,other
scGAE,scGAE,scGAE,nkr_10,0.023,VASC,Xin,dr1,13,VASC,other
scGAE,scGAE,scGAE,nkr_20,0.04,VASC,Xin,dr1,13,VASC,other
scGAE,scGAE,scGAE,nkr_30,0.055,VASC,Xin,dr1,13,VASC,other
scGAE,scGAE,scGAE,Mrre_missing_10,0.919,VASC,Zeisel,dr3,13,VASC,other
scGAE,scGAE,scGAE,Mrre_missing_20,0.916,VASC,Zeisel,dr3,13,VASC,other
scGAE,scGAE,scGAE,Mrre_missing_30,0.914,VASC,Zeisel,dr3,13,VASC,other
scGAE,scGAE,scGAE,aji_10,0.035,VASC,Zeisel,dr1,13,VASC,other
scGAE,scGAE,scGAE,aji_20,0.052,VASC,Zeisel,dr1,13,VASC,other
scGAE,scGAE,scGAE,aji_30,0.066,VASC,Zeisel,dr1,13,VASC,other
scGAE,scGAE,scGAE,nkr_10,0.069,VASC,Zeisel,dr1,13,VASC,other
scGAE,scGAE,scGAE,nkr_20,0.097,VASC,Zeisel,dr1,13,VASC,other
scGAE,scGAE,scGAE,nkr_30,0.12,VASC,Zeisel,dr1,13,VASC,other
scGAE,scGAE,scGAE,Mrre_missing_10,0.927,VASC,yan,dr3,13,VASC,other
scGAE,scGAE,scGAE,Mrre_missing_20,0.923,VASC,yan,dr3,13,VASC,other
scGAE,scGAE,scGAE,Mrre_missing_30,0.92,VASC,yan,dr3,13,VASC,other
scGAE,scGAE,scGAE,aji_10,0.459,VASC,yan,dr1,13,VASC,other
scGAE,scGAE,scGAE,aji_20,0.718,VASC,yan,dr1,13,VASC,other
scGAE,scGAE,scGAE,aji_30,0.806,VASC,yan,dr1,13,VASC,other
scGAE,scGAE,scGAE,nkr_10,0.63,VASC,yan,dr1,13,VASC,other
scGAE,scGAE,scGAE,nkr_20,0.837,VASC,yan,dr1,13,VASC,other
scGAE,scGAE,scGAE,nkr_30,0.921,VASC,yan,dr1,13,VASC,other
scGAE,scGAE,scGAE,Mrre_missing_10,0.763,benchmarker,Baron_mouse,dr3,13,curated,other
scGAE,scGAE,scGAE,Mrre_missing_20,0.759,benchmarker,Baron_mouse,dr3,13,curated,other
scGAE,scGAE,scGAE,Mrre_missing_30,0.756,benchmarker,Baron_mouse,dr3,13,curated,other
scGAE,scGAE,scGAE,aji_10,0.026,benchmarker,Baron_mouse,dr1,13,curated,other
scGAE,scGAE,scGAE,aji_20,0.044,benchmarker,Baron_mouse,dr1,13,curated,other
scGAE,scGAE,scGAE,aji_30,0.063,benchmarker,Baron_mouse,dr1,13,curated,other
scGAE,scGAE,scGAE,nkr_10,0.051,benchmarker,Baron_mouse,dr1,13,curated,other
scGAE,scGAE,scGAE,nkr_20,0.079,benchmarker,Baron_mouse,dr1,13,curated,other
scGAE,scGAE,scGAE,nkr_30,0.108,benchmarker,Baron_mouse,dr1,13,curated,other
scGAE,scGAE,scGAE,Mrre_missing_10,0.889,benchmarker,Darmanis,dr3,13,curated,other
scGAE,scGAE,scGAE,Mrre_missing_20,0.883,benchmarker,Darmanis,dr3,13,curated,other
scGAE,scGAE,scGAE,Mrre_missing_30,0.877,benchmarker,Darmanis,dr3,13,curated,other
scGAE,scGAE,scGAE,aji_10,0.117,benchmarker,Darmanis,dr1,13,curated,other
scGAE,scGAE,scGAE,aji_20,0.203,benchmarker,Darmanis,dr1,13,curated,other
scGAE,scGAE,scGAE,aji_30,0.281,benchmarker,Darmanis,dr1,13,curated,other
scGAE,scGAE,scGAE,nkr_10,0.208,benchmarker,Darmanis,dr1,13,curated,other
scGAE,scGAE,scGAE,nkr_20,0.325,benchmarker,Darmanis,dr1,13,curated,other
scGAE,scGAE,scGAE,nkr_30,0.412,benchmarker,Darmanis,dr1,13,curated,other
scGAE,scGAE,scGAE,Mrre_missing_10,0.808,benchmarker,Pancreatic,dr3,13,curated,other
scGAE,scGAE,scGAE,Mrre_missing_20,0.783,benchmarker,Pancreatic,dr3,13,curated,other
scGAE,scGAE,scGAE,Mrre_missing_30,0.763,benchmarker,Pancreatic,dr3,13,curated,other
scGAE,scGAE,scGAE,aji_10,0.302,benchmarker,Pancreatic,dr1,13,curated,other
scGAE,scGAE,scGAE,aji_20,0.408,benchmarker,Pancreatic,dr1,13,curated,other
scGAE,scGAE,scGAE,aji_30,0.554,benchmarker,Pancreatic,dr1,13,curated,other
scGAE,scGAE,scGAE,nkr_10,0.492,benchmarker,Pancreatic,dr1,13,curated,other
scGAE,scGAE,scGAE,nkr_20,0.602,benchmarker,Pancreatic,dr1,13,curated,other
scGAE,scGAE,scGAE,nkr_30,0.732,benchmarker,Pancreatic,dr1,13,curated,other
scGAE,scGAE,scGAE,Mrre_missing_10,0.669,benchmarker,Silver,dr3,13,curated,other
scGAE,scGAE,scGAE,Mrre_missing_20,0.667,benchmarker,Silver,dr3,13,curated,other
scGAE,scGAE,scGAE,Mrre_missing_30,0.666,benchmarker,Silver,dr3,13,curated,other
scGAE,scGAE,scGAE,aji_10,0.008,benchmarker,Silver,dr1,13,curated,other
scGAE,scGAE,scGAE,aji_20,0.014,benchmarker,Silver,dr1,13,curated,other
scGAE,scGAE,scGAE,aji_30,0.021,benchmarker,Silver,dr1,13,curated,other
scGAE,scGAE,scGAE,nkr_10,0.016,benchmarker,Silver,dr1,13,curated,other
scGAE,scGAE,scGAE,nkr_20,0.028,benchmarker,Silver,dr1,13,curated,other
scGAE,scGAE,scGAE,nkr_30,0.041,benchmarker,Silver,dr1,13,curated,other
scGAE,scGAE,scGAE,Mrre_missing_10,0.685,benchmarker,Zhengmix4eq,dr3,13,curated,other
scGAE,scGAE,scGAE,Mrre_missing_20,0.682,benchmarker,Zhengmix4eq,dr3,13,curated,other
scGAE,scGAE,scGAE,Mrre_missing_30,0.68,benchmarker,Zhengmix4eq,dr3,13,curated,other
scGAE,scGAE,scGAE,aji_10,0.006,benchmarker,Zhengmix4eq,dr1,13,curated,other
scGAE,scGAE,scGAE,aji_20,0.01,benchmarker,Zhengmix4eq,dr1,13,curated,other
scGAE,scGAE,scGAE,aji_30,0.014,benchmarker,Zhengmix4eq,dr1,13,curated,other
scGAE,scGAE,scGAE,nkr_10,0.011,benchmarker,Zhengmix4eq,dr1,13,curated,other
scGAE,scGAE,scGAE,nkr_20,0.02,benchmarker,Zhengmix4eq,dr1,13,curated,other
scGAE,scGAE,scGAE,nkr_30,0.028,benchmarker,Zhengmix4eq,dr1,13,curated,other
scGAE,scGAE,scGAE,Mrre_missing_10,0.975,scDesign3,ACINAR,dr3,13,scDesign3,other
scGAE,scGAE,scGAE,Mrre_missing_20,0.973,scDesign3,ACINAR,dr3,13,scDesign3,other
scGAE,scGAE,scGAE,Mrre_missing_30,0.971,scDesign3,ACINAR,dr3,13,scDesign3,other
scGAE,scGAE,scGAE,aji_10,0.093,scDesign3,ACINAR,dr1,13,scDesign3,other
scGAE,scGAE,scGAE,aji_20,0.131,scDesign3,ACINAR,dr1,13,scDesign3,other
scGAE,scGAE,scGAE,aji_30,0.164,scDesign3,ACINAR,dr1,13,scDesign3,other
scGAE,scGAE,scGAE,nkr_10,0.188,scDesign3,ACINAR,dr1,13,scDesign3,other
scGAE,scGAE,scGAE,nkr_20,0.247,scDesign3,ACINAR,dr1,13,scDesign3,other
scGAE,scGAE,scGAE,nkr_30,0.291,scDesign3,ACINAR,dr1,13,scDesign3,other
scGAE,scGAE,scGAE,Mrre_missing_10,0.552,scDesign3,ATAC,dr3,13,scDesign3,other
scGAE,scGAE,scGAE,Mrre_missing_20,0.549,scDesign3,ATAC,dr3,13,scDesign3,other
scGAE,scGAE,scGAE,Mrre_missing_30,0.548,scDesign3,ATAC,dr3,13,scDesign3,other
scGAE,scGAE,scGAE,aji_10,0.003,scDesign3,ATAC,dr1,13,scDesign3,other
scGAE,scGAE,scGAE,aji_20,0.005,scDesign3,ATAC,dr1,13,scDesign3,other
scGAE,scGAE,scGAE,aji_30,0.007,scDesign3,ATAC,dr1,13,scDesign3,other
scGAE,scGAE,scGAE,nkr_10,0.005,scDesign3,ATAC,dr1,13,scDesign3,other
scGAE,scGAE,scGAE,nkr_20,0.009,scDesign3,ATAC,dr1,13,scDesign3,other
scGAE,scGAE,scGAE,nkr_30,0.013,scDesign3,ATAC,dr1,13,scDesign3,other
scGAE,scGAE,scGAE,Mrre_missing_10,0.98,scDesign3,BATCH,dr3,13,scDesign3,other
scGAE,scGAE,scGAE,Mrre_missing_20,0.978,scDesign3,BATCH,dr3,13,scDesign3,other
scGAE,scGAE,scGAE,Mrre_missing_30,0.977,scDesign3,BATCH,dr3,13,scDesign3,other
scGAE,scGAE,scGAE,aji_10,0.09,scDesign3,BATCH,dr1,13,scDesign3,other
scGAE,scGAE,scGAE,aji_20,0.13,scDesign3,BATCH,dr1,13,scDesign3,other
scGAE,scGAE,scGAE,aji_30,0.157,scDesign3,BATCH,dr1,13,scDesign3,other
scGAE,scGAE,scGAE,nkr_10,0.178,scDesign3,BATCH,dr1,13,scDesign3,other
scGAE,scGAE,scGAE,nkr_20,0.235,scDesign3,BATCH,dr1,13,scDesign3,other
scGAE,scGAE,scGAE,nkr_30,0.272,scDesign3,BATCH,dr1,13,scDesign3,other
scGAE,scGAE,scGAE,Mrre_missing_10,0.99,scDesign3,CITE,dr3,13,scDesign3,other
scGAE,scGAE,scGAE,Mrre_missing_20,0.989,scDesign3,CITE,dr3,13,scDesign3,other
scGAE,scGAE,scGAE,Mrre_missing_30,0.988,scDesign3,CITE,dr3,13,scDesign3,other
scGAE,scGAE,scGAE,aji_10,0.137,scDesign3,CITE,dr1,13,scDesign3,other
scGAE,scGAE,scGAE,aji_20,0.188,scDesign3,CITE,dr1,13,scDesign3,other
scGAE,scGAE,scGAE,aji_30,0.221,scDesign3,CITE,dr1,13,scDesign3,other
scGAE,scGAE,scGAE,nkr_10,0.262,scDesign3,CITE,dr1,13,scDesign3,other
scGAE,scGAE,scGAE,nkr_20,0.322,scDesign3,CITE,dr1,13,scDesign3,other
scGAE,scGAE,scGAE,nkr_30,0.36,scDesign3,CITE,dr1,13,scDesign3,other
scGAE,scGAE,scGAE,Mrre_missing_10,0.97,scDesign3,EMBYRO,dr3,13,scDesign3,other
scGAE,scGAE,scGAE,Mrre_missing_20,0.965,scDesign3,EMBYRO,dr3,13,scDesign3,other
scGAE,scGAE,scGAE,Mrre_missing_30,0.961,scDesign3,EMBYRO,dr3,13,scDesign3,other
scGAE,scGAE,scGAE,aji_10,0.287,scDesign3,EMBYRO,dr1,13,scDesign3,other
scGAE,scGAE,scGAE,aji_20,0.327,scDesign3,EMBYRO,dr1,13,scDesign3,other
scGAE,scGAE,scGAE,aji_30,0.353,scDesign3,EMBYRO,dr1,13,scDesign3,other
scGAE,scGAE,scGAE,nkr_10,0.492,scDesign3,EMBYRO,dr1,13,scDesign3,other
scGAE,scGAE,scGAE,nkr_20,0.513,scDesign3,EMBYRO,dr1,13,scDesign3,other
scGAE,scGAE,scGAE,nkr_30,0.527,scDesign3,EMBYRO,dr1,13,scDesign3,other
scGAE,scGAE,scGAE,Mrre_missing_10,0.963,scDesign3,IFNB,dr3,13,scDesign3,other
scGAE,scGAE,scGAE,Mrre_missing_20,0.961,scDesign3,IFNB,dr3,13,scDesign3,other
scGAE,scGAE,scGAE,Mrre_missing_30,0.96,scDesign3,IFNB,dr3,13,scDesign3,other
scGAE,scGAE,scGAE,aji_10,0.064,scDesign3,IFNB,dr1,13,scDesign3,other
scGAE,scGAE,scGAE,aji_20,0.086,scDesign3,IFNB,dr1,13,scDesign3,other
scGAE,scGAE,scGAE,aji_30,0.101,scDesign3,IFNB,dr1,13,scDesign3,other
scGAE,scGAE,scGAE,nkr_10,0.129,scDesign3,IFNB,dr1,13,scDesign3,other
scGAE,scGAE,scGAE,nkr_20,0.162,scDesign3,IFNB,dr1,13,scDesign3,other
scGAE,scGAE,scGAE,nkr_30,0.184,scDesign3,IFNB,dr1,13,scDesign3,other
scGAE,scGAE,scGAE,Mrre_missing_10,0.957,scDesign3,MARROW,dr3,13,scDesign3,other
scGAE,scGAE,scGAE,Mrre_missing_20,0.955,scDesign3,MARROW,dr3,13,scDesign3,other
scGAE,scGAE,scGAE,Mrre_missing_30,0.954,scDesign3,MARROW,dr3,13,scDesign3,other
scGAE,scGAE,scGAE,aji_10,0.058,scDesign3,MARROW,dr1,13,scDesign3,other
scGAE,scGAE,scGAE,aji_20,0.093,scDesign3,MARROW,dr1,13,scDesign3,other
scGAE,scGAE,scGAE,aji_30,0.121,scDesign3,MARROW,dr1,13,scDesign3,other
scGAE,scGAE,scGAE,nkr_10,0.112,scDesign3,MARROW,dr1,13,scDesign3,other
scGAE,scGAE,scGAE,nkr_20,0.169,scDesign3,MARROW,dr1,13,scDesign3,other
scGAE,scGAE,scGAE,nkr_30,0.215,scDesign3,MARROW,dr1,13,scDesign3,other
scGAE,scGAE,scGAE,Mrre_missing_10,0.874,scDesign3,MOBSC,dr3,13,scDesign3,other
scGAE,scGAE,scGAE,Mrre_missing_20,0.87,scDesign3,MOBSC,dr3,13,scDesign3,other
scGAE,scGAE,scGAE,Mrre_missing_30,0.867,scDesign3,MOBSC,dr3,13,scDesign3,other
scGAE,scGAE,scGAE,aji_10,0.01,scDesign3,MOBSC,dr1,13,scDesign3,other
scGAE,scGAE,scGAE,aji_20,0.015,scDesign3,MOBSC,dr1,13,scDesign3,other
scGAE,scGAE,scGAE,aji_30,0.02,scDesign3,MOBSC,dr1,13,scDesign3,other
scGAE,scGAE,scGAE,nkr_10,0.019,scDesign3,MOBSC,dr1,13,scDesign3,other
scGAE,scGAE,scGAE,nkr_20,0.03,scDesign3,MOBSC,dr1,13,scDesign3,other
scGAE,scGAE,scGAE,nkr_30,0.04,scDesign3,MOBSC,dr1,13,scDesign3,other
scGAE,scGAE,scGAE,Mrre_missing_10,0.985,scDesign3,OVARIAN,dr3,13,scDesign3,other
scGAE,scGAE,scGAE,Mrre_missing_20,0.983,scDesign3,OVARIAN,dr3,13,scDesign3,other
scGAE,scGAE,scGAE,Mrre_missing_30,0.982,scDesign3,OVARIAN,dr3,13,scDesign3,other
scGAE,scGAE,scGAE,aji_10,0.158,scDesign3,OVARIAN,dr1,13,scDesign3,other
scGAE,scGAE,scGAE,aji_20,0.206,scDesign3,OVARIAN,dr1,13,scDesign3,other
scGAE,scGAE,scGAE,aji_30,0.237,scDesign3,OVARIAN,dr1,13,scDesign3,other
scGAE,scGAE,scGAE,nkr_10,0.304,scDesign3,OVARIAN,dr1,13,scDesign3,other
scGAE,scGAE,scGAE,nkr_20,0.36,scDesign3,OVARIAN,dr1,13,scDesign3,other
scGAE,scGAE,scGAE,nkr_30,0.395,scDesign3,OVARIAN,dr1,13,scDesign3,other
scGAE,scGAE,scGAE,Mrre_missing_10,0.962,scDesign3,PANCREAS,dr3,13,scDesign3,other
scGAE,scGAE,scGAE,Mrre_missing_20,0.96,scDesign3,PANCREAS,dr3,13,scDesign3,other
scGAE,scGAE,scGAE,Mrre_missing_30,0.958,scDesign3,PANCREAS,dr3,13,scDesign3,other
scGAE,scGAE,scGAE,aji_10,0.112,scDesign3,PANCREAS,dr1,13,scDesign3,other
scGAE,scGAE,scGAE,aji_20,0.16,scDesign3,PANCREAS,dr1,13,scDesign3,other
scGAE,scGAE,scGAE,aji_30,0.194,scDesign3,PANCREAS,dr1,13,scDesign3,other
scGAE,scGAE,scGAE,nkr_10,0.215,scDesign3,PANCREAS,dr1,13,scDesign3,other
scGAE,scGAE,scGAE,nkr_20,0.28,scDesign3,PANCREAS,dr1,13,scDesign3,other
scGAE,scGAE,scGAE,nkr_30,0.326,scDesign3,PANCREAS,dr1,13,scDesign3,other
scGAE,scGAE,scGAE,Mrre_missing_10,0.875,scDesign3,SCGEMMETH,dr3,13,scDesign3,other
scGAE,scGAE,scGAE,Mrre_missing_20,0.87,scDesign3,SCGEMMETH,dr3,13,scDesign3,other
scGAE,scGAE,scGAE,Mrre_missing_30,0.866,scDesign3,SCGEMMETH,dr3,13,scDesign3,other
scGAE,scGAE,scGAE,aji_10,0.199,scDesign3,SCGEMMETH,dr1,13,scDesign3,other
scGAE,scGAE,scGAE,aji_20,0.319,scDesign3,SCGEMMETH,dr1,13,scDesign3,other
scGAE,scGAE,scGAE,aji_30,0.417,scDesign3,SCGEMMETH,dr1,13,scDesign3,other
scGAE,scGAE,scGAE,nkr_10,0.351,scDesign3,SCGEMMETH,dr1,13,scDesign3,other
scGAE,scGAE,scGAE,nkr_20,0.495,scDesign3,SCGEMMETH,dr1,13,scDesign3,other
scGAE,scGAE,scGAE,nkr_30,0.596,scDesign3,SCGEMMETH,dr1,13,scDesign3,other
scGAE,scGAE,scGAE,Mrre_missing_10,0.951,scDesign3,SCGEMRNA,dr3,13,scDesign3,other
scGAE,scGAE,scGAE,Mrre_missing_20,0.942,scDesign3,SCGEMRNA,dr3,13,scDesign3,other
scGAE,scGAE,scGAE,Mrre_missing_30,0.936,scDesign3,SCGEMRNA,dr3,13,scDesign3,other
scGAE,scGAE,scGAE,aji_10,0.35,scDesign3,SCGEMRNA,dr1,13,scDesign3,other
scGAE,scGAE,scGAE,aji_20,0.44,scDesign3,SCGEMRNA,dr1,13,scDesign3,other
scGAE,scGAE,scGAE,aji_30,0.538,scDesign3,SCGEMRNA,dr1,13,scDesign3,other
scGAE,scGAE,scGAE,nkr_10,0.564,scDesign3,SCGEMRNA,dr1,13,scDesign3,other
scGAE,scGAE,scGAE,nkr_20,0.631,scDesign3,SCGEMRNA,dr1,13,scDesign3,other
scGAE,scGAE,scGAE,nkr_30,0.708,scDesign3,SCGEMRNA,dr1,13,scDesign3,other
scGAE,scGAE,scGAE,Mrre_missing_10,0.329,scDesign3,SCIATAC,dr3,13,scDesign3,other
scGAE,scGAE,scGAE,Mrre_missing_20,0.325,scDesign3,SCIATAC,dr3,13,scDesign3,other
scGAE,scGAE,scGAE,Mrre_missing_30,0.325,scDesign3,SCIATAC,dr3,13,scDesign3,other
scGAE,scGAE,scGAE,aji_10,0.002,scDesign3,SCIATAC,dr1,13,scDesign3,other
scGAE,scGAE,scGAE,aji_20,0.004,scDesign3,SCIATAC,dr1,13,scDesign3,other
scGAE,scGAE,scGAE,aji_30,0.006,scDesign3,SCIATAC,dr1,13,scDesign3,other
scGAE,scGAE,scGAE,nkr_10,0.002,scDesign3,SCIATAC,dr1,13,scDesign3,other
scGAE,scGAE,scGAE,nkr_20,0.005,scDesign3,SCIATAC,dr1,13,scDesign3,other
scGAE,scGAE,scGAE,nkr_30,0.008,scDesign3,SCIATAC,dr1,13,scDesign3,other
scGAE,scGAE,scGAE,Mrre_missing_10,0.403,scDesign3,SLIDE,dr3,13,scDesign3,other
scGAE,scGAE,scGAE,Mrre_missing_20,0.403,scDesign3,SLIDE,dr3,13,scDesign3,other
scGAE,scGAE,scGAE,Mrre_missing_30,0.403,scDesign3,SLIDE,dr3,13,scDesign3,other
scGAE,scGAE,scGAE,aji_10,0.001,scDesign3,SLIDE,dr1,13,scDesign3,other
scGAE,scGAE,scGAE,aji_20,0.001,scDesign3,SLIDE,dr1,13,scDesign3,other
scGAE,scGAE,scGAE,aji_30,0.002,scDesign3,SLIDE,dr1,13,scDesign3,other
scGAE,scGAE,scGAE,nkr_10,0.001,scDesign3,SLIDE,dr1,13,scDesign3,other
scGAE,scGAE,scGAE,nkr_20,0.002,scDesign3,SLIDE,dr1,13,scDesign3,other
scGAE,scGAE,scGAE,nkr_30,0.003,scDesign3,SLIDE,dr1,13,scDesign3,other
scGAE,scGAE,scGAE,Mrre_missing_10,0.98,scDesign3,VISIUM,dr3,13,scDesign3,other
scGAE,scGAE,scGAE,Mrre_missing_20,0.978,scDesign3,VISIUM,dr3,13,scDesign3,other
scGAE,scGAE,scGAE,Mrre_missing_30,0.976,scDesign3,VISIUM,dr3,13,scDesign3,other
scGAE,scGAE,scGAE,aji_10,0.233,scDesign3,VISIUM,dr1,13,scDesign3,other
scGAE,scGAE,scGAE,aji_20,0.284,scDesign3,VISIUM,dr1,13,scDesign3,other
scGAE,scGAE,scGAE,aji_30,0.314,scDesign3,VISIUM,dr1,13,scDesign3,other
scGAE,scGAE,scGAE,nkr_10,0.423,scDesign3,VISIUM,dr1,13,scDesign3,other
scGAE,scGAE,scGAE,nkr_20,0.463,scDesign3,VISIUM,dr1,13,scDesign3,other
scGAE,scGAE,scGAE,nkr_30,0.488,scDesign3,VISIUM,dr1,13,scDesign3,other
DREAM,DREAM,DREAM,Mrre_missing_10,0.859,SIMLR,Pollen,dr3,14,SIMLR,other
DREAM,DREAM,DREAM,Mrre_missing_20,0.851,SIMLR,Pollen,dr3,14,SIMLR,other
DREAM,DREAM,DREAM,Mrre_missing_30,0.841,SIMLR,Pollen,dr3,14,SIMLR,other
DREAM,DREAM,DREAM,aji_10,0.136,SIMLR,Pollen,dr1,14,SIMLR,other
DREAM,DREAM,DREAM,aji_20,0.27,SIMLR,Pollen,dr1,14,SIMLR,other
DREAM,DREAM,DREAM,aji_30,0.32,SIMLR,Pollen,dr1,14,SIMLR,other
DREAM,DREAM,DREAM,nkr_10,0.225,SIMLR,Pollen,dr1,14,SIMLR,other
DREAM,DREAM,DREAM,nkr_20,0.388,SIMLR,Pollen,dr1,14,SIMLR,other
DREAM,DREAM,DREAM,nkr_30,0.454,SIMLR,Pollen,dr1,14,SIMLR,other
DREAM,DREAM,DREAM,Mrre_missing_10,0.618,SIMLR,Usoskin,dr3,14,SIMLR,other
DREAM,DREAM,DREAM,Mrre_missing_20,0.611,SIMLR,Usoskin,dr3,14,SIMLR,other
DREAM,DREAM,DREAM,Mrre_missing_30,0.607,SIMLR,Usoskin,dr3,14,SIMLR,other
DREAM,DREAM,DREAM,aji_10,0.022,SIMLR,Usoskin,dr1,14,SIMLR,other
DREAM,DREAM,DREAM,aji_20,0.039,SIMLR,Usoskin,dr1,14,SIMLR,other
DREAM,DREAM,DREAM,aji_30,0.062,SIMLR,Usoskin,dr1,14,SIMLR,other
DREAM,DREAM,DREAM,nkr_10,0.038,SIMLR,Usoskin,dr1,14,SIMLR,other
DREAM,DREAM,DREAM,nkr_20,0.068,SIMLR,Usoskin,dr1,14,SIMLR,other
DREAM,DREAM,DREAM,nkr_30,0.102,SIMLR,Usoskin,dr1,14,SIMLR,other
DREAM,DREAM,DREAM,Mrre_missing_10,0.86,TI,DA1_horns,dr3,14,trajectory,other
DREAM,DREAM,DREAM,Mrre_missing_20,0.853,TI,DA1_horns,dr3,14,trajectory,other
DREAM,DREAM,DREAM,Mrre_missing_30,0.848,TI,DA1_horns,dr3,14,trajectory,other
DREAM,DREAM,DREAM,aji_10,0.12,TI,DA1_horns,dr1,14,trajectory,other
DREAM,DREAM,DREAM,aji_20,0.204,TI,DA1_horns,dr1,14,trajectory,other
DREAM,DREAM,DREAM,aji_30,0.292,TI,DA1_horns,dr1,14,trajectory,other
DREAM,DREAM,DREAM,nkr_10,0.209,TI,DA1_horns,dr1,14,trajectory,other
DREAM,DREAM,DREAM,nkr_20,0.34,TI,DA1_horns,dr1,14,trajectory,other
DREAM,DREAM,DREAM,nkr_30,0.448,TI,DA1_horns,dr1,14,trajectory,other
DREAM,DREAM,DREAM,Mrre_missing_10,0.807,TI,DC3_VA1d_horns,dr3,14,trajectory,other
DREAM,DREAM,DREAM,Mrre_missing_20,0.799,TI,DC3_VA1d_horns,dr3,14,trajectory,other
DREAM,DREAM,DREAM,Mrre_missing_30,0.792,TI,DC3_VA1d_horns,dr3,14,trajectory,other
DREAM,DREAM,DREAM,aji_10,0.177,TI,DC3_VA1d_horns,dr1,14,trajectory,other
DREAM,DREAM,DREAM,aji_20,0.271,TI,DC3_VA1d_horns,dr1,14,trajectory,other
DREAM,DREAM,DREAM,aji_30,0.352,TI,DC3_VA1d_horns,dr1,14,trajectory,other
DREAM,DREAM,DREAM,nkr_10,0.323,TI,DC3_VA1d_horns,dr1,14,trajectory,other
DREAM,DREAM,DREAM,nkr_20,0.447,TI,DC3_VA1d_horns,dr1,14,trajectory,other
DREAM,DREAM,DREAM,nkr_30,0.534,TI,DC3_VA1d_horns,dr1,14,trajectory,other
DREAM,DREAM,DREAM,Mrre_missing_10,0.948,TI,ICM,dr3,14,trajectory,other
DREAM,DREAM,DREAM,Mrre_missing_20,0.941,TI,ICM,dr3,14,trajectory,other
DREAM,DREAM,DREAM,Mrre_missing_30,0.937,TI,ICM,dr3,14,trajectory,other
DREAM,DREAM,DREAM,aji_10,0.267,TI,ICM,dr1,14,trajectory,other
DREAM,DREAM,DREAM,aji_20,0.415,TI,ICM,dr1,14,trajectory,other
DREAM,DREAM,DREAM,aji_30,0.554,TI,ICM,dr1,14,trajectory,other
DREAM,DREAM,DREAM,nkr_10,0.435,TI,ICM,dr1,14,trajectory,other
DREAM,DREAM,DREAM,nkr_20,0.59,TI,ICM,dr1,14,trajectory,other
DREAM,DREAM,DREAM,nkr_30,0.705,TI,ICM,dr1,14,trajectory,other
DREAM,DREAM,DREAM,Mrre_missing_10,0.959,TI,blastocyst,dr3,14,trajectory,other
DREAM,DREAM,DREAM,Mrre_missing_20,0.955,TI,blastocyst,dr3,14,trajectory,other
DREAM,DREAM,DREAM,Mrre_missing_30,0.952,TI,blastocyst,dr3,14,trajectory,other
DREAM,DREAM,DREAM,aji_10,0.252,TI,blastocyst,dr1,14,trajectory,other
DREAM,DREAM,DREAM,aji_20,0.398,TI,blastocyst,dr1,14,trajectory,other
DREAM,DREAM,DREAM,aji_30,0.541,TI,blastocyst,dr1,14,trajectory,other
DREAM,DREAM,DREAM,nkr_10,0.415,TI,blastocyst,dr1,14,trajectory,other
DREAM,DREAM,DREAM,nkr_20,0.582,TI,blastocyst,dr1,14,trajectory,other
DREAM,DREAM,DREAM,nkr_30,0.7,TI,blastocyst,dr1,14,trajectory,other
DREAM,DREAM,DREAM,Mrre_missing_10,0.649,TI,combination-1,dr3,14,trajectory,other
DREAM,DREAM,DREAM,Mrre_missing_20,0.647,TI,combination-1,dr3,14,trajectory,other
DREAM,DREAM,DREAM,Mrre_missing_30,0.645,TI,combination-1,dr3,14,trajectory,other
DREAM,DREAM,DREAM,aji_10,0.002,TI,combination-1,dr1,14,trajectory,other
DREAM,DREAM,DREAM,aji_20,0.004,TI,combination-1,dr1,14,trajectory,other
DREAM,DREAM,DREAM,aji_30,0.006,TI,combination-1,dr1,14,trajectory,other
DREAM,DREAM,DREAM,nkr_10,0.004,TI,combination-1,dr1,14,trajectory,other
DREAM,DREAM,DREAM,nkr_20,0.008,TI,combination-1,dr1,14,trajectory,other
DREAM,DREAM,DREAM,nkr_30,0.012,TI,combination-1,dr1,14,trajectory,other
DREAM,DREAM,DREAM,Mrre_missing_10,0.763,TI,combination-2,dr3,14,trajectory,other
DREAM,DREAM,DREAM,Mrre_missing_20,0.758,TI,combination-2,dr3,14,trajectory,other
DREAM,DREAM,DREAM,Mrre_missing_30,0.755,TI,combination-2,dr3,14,trajectory,other
DREAM,DREAM,DREAM,aji_10,0.005,TI,combination-2,dr1,14,trajectory,other
DREAM,DREAM,DREAM,aji_20,0.009,TI,combination-2,dr1,14,trajectory,other
DREAM,DREAM,DREAM,aji_30,0.013,TI,combination-2,dr1,14,trajectory,other
DREAM,DREAM,DREAM,nkr_10,0.009,TI,combination-2,dr1,14,trajectory,other
DREAM,DREAM,DREAM,nkr_20,0.018,TI,combination-2,dr1,14,trajectory,other
DREAM,DREAM,DREAM,nkr_30,0.025,TI,combination-2,dr1,14,trajectory,other
DREAM,DREAM,DREAM,Mrre_missing_10,0.834,TI,combination-3,dr3,14,trajectory,other
DREAM,DREAM,DREAM,Mrre_missing_20,0.83,TI,combination-3,dr3,14,trajectory,other
DREAM,DREAM,DREAM,Mrre_missing_30,0.826,TI,combination-3,dr3,14,trajectory,other
DREAM,DREAM,DREAM,aji_10,0.011,TI,combination-3,dr1,14,trajectory,other
DREAM,DREAM,DREAM,aji_20,0.018,TI,combination-3,dr1,14,trajectory,other
DREAM,DREAM,DREAM,aji_30,0.025,TI,combination-3,dr1,14,trajectory,other
DREAM,DREAM,DREAM,nkr_10,0.022,TI,combination-3,dr1,14,trajectory,other
DREAM,DREAM,DREAM,nkr_20,0.036,TI,combination-3,dr1,14,trajectory,other
DREAM,DREAM,DREAM,nkr_30,0.049,TI,combination-3,dr1,14,trajectory,other
DREAM,DREAM,DREAM,Mrre_missing_10,0.915,TI,epiblast,dr3,14,trajectory,other
DREAM,DREAM,DREAM,Mrre_missing_20,0.909,TI,epiblast,dr3,14,trajectory,other
DREAM,DREAM,DREAM,Mrre_missing_30,0.903,TI,epiblast,dr3,14,trajectory,other
DREAM,DREAM,DREAM,aji_10,0.25,TI,epiblast,dr1,14,trajectory,other
DREAM,DREAM,DREAM,aji_20,0.397,TI,epiblast,dr1,14,trajectory,other
DREAM,DREAM,DREAM,aji_30,0.532,TI,epiblast,dr1,14,trajectory,other
DREAM,DREAM,DREAM,nkr_10,0.41,TI,epiblast,dr1,14,trajectory,other
DREAM,DREAM,DREAM,nkr_20,0.569,TI,epiblast,dr1,14,trajectory,other
DREAM,DREAM,DREAM,nkr_30,0.688,TI,epiblast,dr1,14,trajectory,other
DREAM,DREAM,DREAM,Mrre_missing_10,0.736,TI,epidermis,dr3,14,trajectory,other
DREAM,DREAM,DREAM,Mrre_missing_20,0.733,TI,epidermis,dr3,14,trajectory,other
DREAM,DREAM,DREAM,Mrre_missing_30,0.73,TI,epidermis,dr3,14,trajectory,other
DREAM,DREAM,DREAM,aji_10,0.005,TI,epidermis,dr1,14,trajectory,other
DREAM,DREAM,DREAM,aji_20,0.009,TI,epidermis,dr1,14,trajectory,other
DREAM,DREAM,DREAM,aji_30,0.013,TI,epidermis,dr1,14,trajectory,other
DREAM,DREAM,DREAM,nkr_10,0.01,TI,epidermis,dr1,14,trajectory,other
DREAM,DREAM,DREAM,nkr_20,0.018,TI,epidermis,dr1,14,trajectory,other
DREAM,DREAM,DREAM,nkr_30,0.025,TI,epidermis,dr1,14,trajectory,other
DREAM,DREAM,DREAM,Mrre_missing_10,0.893,TI,horns,dr3,14,trajectory,other
DREAM,DREAM,DREAM,Mrre_missing_20,0.887,TI,horns,dr3,14,trajectory,other
DREAM,DREAM,DREAM,Mrre_missing_30,0.881,TI,horns,dr3,14,trajectory,other
DREAM,DREAM,DREAM,aji_10,0.089,TI,horns,dr1,14,trajectory,other
DREAM,DREAM,DREAM,aji_20,0.163,TI,horns,dr1,14,trajectory,other
DREAM,DREAM,DREAM,aji_30,0.227,TI,horns,dr1,14,trajectory,other
DREAM,DREAM,DREAM,nkr_10,0.164,TI,horns,dr1,14,trajectory,other
DREAM,DREAM,DREAM,nkr_20,0.28,TI,horns,dr1,14,trajectory,other
DREAM,DREAM,DREAM,nkr_30,0.372,TI,horns,dr1,14,trajectory,other
DREAM,DREAM,DREAM,Mrre_missing_10,0.629,TI,muscle,dr3,14,trajectory,other
DREAM,DREAM,DREAM,Mrre_missing_20,0.623,TI,muscle,dr3,14,trajectory,other
DREAM,DREAM,DREAM,Mrre_missing_30,0.619,TI,muscle,dr3,14,trajectory,other
DREAM,DREAM,DREAM,aji_10,0.004,TI,muscle,dr1,14,trajectory,other
DREAM,DREAM,DREAM,aji_20,0.008,TI,muscle,dr1,14,trajectory,other
DREAM,DREAM,DREAM,aji_30,0.011,TI,muscle,dr1,14,trajectory,other
DREAM,DREAM,DREAM,nkr_10,0.007,TI,muscle,dr1,14,trajectory,other
DREAM,DREAM,DREAM,nkr_20,0.015,TI,muscle,dr1,14,trajectory,other
DREAM,DREAM,DREAM,nkr_30,0.022,TI,muscle,dr1,14,trajectory,other
DREAM,DREAM,DREAM,Mrre_missing_10,0.664,TI,neuron,dr3,14,trajectory,other
DREAM,DREAM,DREAM,Mrre_missing_20,0.65,TI,neuron,dr3,14,trajectory,other
DREAM,DREAM,DREAM,Mrre_missing_30,0.644,TI,neuron,dr3,14,trajectory,other
DREAM,DREAM,DREAM,aji_10,0.004,TI,neuron,dr1,14,trajectory,other
DREAM,DREAM,DREAM,aji_20,0.007,TI,neuron,dr1,14,trajectory,other
DREAM,DREAM,DREAM,aji_30,0.011,TI,neuron,dr1,14,trajectory,other
DREAM,DREAM,DREAM,nkr_10,0.007,TI,neuron,dr1,14,trajectory,other
DREAM,DREAM,DREAM,nkr_20,0.014,TI,neuron,dr1,14,trajectory,other
DREAM,DREAM,DREAM,nkr_30,0.021,TI,neuron,dr1,14,trajectory,other
DREAM,DREAM,DREAM,Mrre_missing_10,0.712,TI,pair-1,dr3,14,trajectory,other
DREAM,DREAM,DREAM,Mrre_missing_20,0.711,TI,pair-1,dr3,14,trajectory,other
DREAM,DREAM,DREAM,Mrre_missing_30,0.709,TI,pair-1,dr3,14,trajectory,other
DREAM,DREAM,DREAM,aji_10,0.002,TI,pair-1,dr1,14,trajectory,other
DREAM,DREAM,DREAM,aji_20,0.004,TI,pair-1,dr1,14,trajectory,other
DREAM,DREAM,DREAM,aji_30,0.006,TI,pair-1,dr1,14,trajectory,other
DREAM,DREAM,DREAM,nkr_10,0.004,TI,pair-1,dr1,14,trajectory,other
DREAM,DREAM,DREAM,nkr_20,0.008,TI,pair-1,dr1,14,trajectory,other
DREAM,DREAM,DREAM,nkr_30,0.011,TI,pair-1,dr1,14,trajectory,other
DREAM,DREAM,DREAM,Mrre_missing_10,0.546,TI,pair-2,dr3,14,trajectory,other
DREAM,DREAM,DREAM,Mrre_missing_20,0.545,TI,pair-2,dr3,14,trajectory,other
DREAM,DREAM,DREAM,Mrre_missing_30,0.545,TI,pair-2,dr3,14,trajectory,other
DREAM,DREAM,DREAM,aji_10,0.001,TI,pair-2,dr1,14,trajectory,other
DREAM,DREAM,DREAM,aji_20,0.001,TI,pair-2,dr1,14,trajectory,other
DREAM,DREAM,DREAM,aji_30,0.002,TI,pair-2,dr1,14,trajectory,other
DREAM,DREAM,DREAM,nkr_10,0.001,TI,pair-2,dr1,14,trajectory,other
DREAM,DREAM,DREAM,nkr_20,0.003,TI,pair-2,dr1,14,trajectory,other
DREAM,DREAM,DREAM,nkr_30,0.004,TI,pair-2,dr1,14,trajectory,other
DREAM,DREAM,DREAM,Mrre_missing_10,0.685,TI,pair-3,dr3,14,trajectory,other
DREAM,DREAM,DREAM,Mrre_missing_20,0.68,TI,pair-3,dr3,14,trajectory,other
DREAM,DREAM,DREAM,Mrre_missing_30,0.677,TI,pair-3,dr3,14,trajectory,other
DREAM,DREAM,DREAM,aji_10,0.002,TI,pair-3,dr1,14,trajectory,other
DREAM,DREAM,DREAM,aji_20,0.004,TI,pair-3,dr1,14,trajectory,other
DREAM,DREAM,DREAM,aji_30,0.005,TI,pair-3,dr1,14,trajectory,other
DREAM,DREAM,DREAM,nkr_10,0.004,TI,pair-3,dr1,14,trajectory,other
DREAM,DREAM,DREAM,nkr_20,0.008,TI,pair-3,dr1,14,trajectory,other
DREAM,DREAM,DREAM,nkr_30,0.01,TI,pair-3,dr1,14,trajectory,other
DREAM,DREAM,DREAM,Mrre_missing_10,0.49,TI,pair-4,dr3,14,trajectory,other
DREAM,DREAM,DREAM,Mrre_missing_20,0.493,TI,pair-4,dr3,14,trajectory,other
DREAM,DREAM,DREAM,Mrre_missing_30,0.494,TI,pair-4,dr3,14,trajectory,other
DREAM,DREAM,DREAM,aji_10,0.001,TI,pair-4,dr1,14,trajectory,other
DREAM,DREAM,DREAM,aji_20,0.001,TI,pair-4,dr1,14,trajectory,other
DREAM,DREAM,DREAM,aji_30,0.002,TI,pair-4,dr1,14,trajectory,other
DREAM,DREAM,DREAM,nkr_10,0.001,TI,pair-4,dr1,14,trajectory,other
DREAM,DREAM,DREAM,nkr_20,0.002,TI,pair-4,dr1,14,trajectory,other
DREAM,DREAM,DREAM,nkr_30,0.003,TI,pair-4,dr1,14,trajectory,other
DREAM,DREAM,DREAM,Mrre_missing_10,0.745,TI,parenchyme,dr3,14,trajectory,other
DREAM,DREAM,DREAM,Mrre_missing_20,0.739,TI,parenchyme,dr3,14,trajectory,other
DREAM,DREAM,DREAM,Mrre_missing_30,0.735,TI,parenchyme,dr3,14,trajectory,other
DREAM,DREAM,DREAM,aji_10,0.008,TI,parenchyme,dr1,14,trajectory,other
DREAM,DREAM,DREAM,aji_20,0.015,TI,parenchyme,dr1,14,trajectory,other
DREAM,DREAM,DREAM,aji_30,0.021,TI,parenchyme,dr1,14,trajectory,other
DREAM,DREAM,DREAM,nkr_10,0.015,TI,parenchyme,dr1,14,trajectory,other
DREAM,DREAM,DREAM,nkr_20,0.028,TI,parenchyme,dr1,14,trajectory,other
DREAM,DREAM,DREAM,nkr_30,0.041,TI,parenchyme,dr1,14,trajectory,other
DREAM,DREAM,DREAM,Mrre_missing_10,0.752,TI,phagocyte,dr3,14,trajectory,other
DREAM,DREAM,DREAM,Mrre_missing_20,0.745,TI,phagocyte,dr3,14,trajectory,other
DREAM,DREAM,DREAM,Mrre_missing_30,0.741,TI,phagocyte,dr3,14,trajectory,other
DREAM,DREAM,DREAM,aji_10,0.021,TI,phagocyte,dr1,14,trajectory,other
DREAM,DREAM,DREAM,aji_20,0.037,TI,phagocyte,dr1,14,trajectory,other
DREAM,DREAM,DREAM,aji_30,0.052,TI,phagocyte,dr1,14,trajectory,other
DREAM,DREAM,DREAM,nkr_10,0.04,TI,phagocyte,dr1,14,trajectory,other
DREAM,DREAM,DREAM,nkr_20,0.071,TI,phagocyte,dr1,14,trajectory,other
DREAM,DREAM,DREAM,nkr_30,0.097,TI,phagocyte,dr1,14,trajectory,other
DREAM,DREAM,DREAM,Mrre_missing_10,0.811,TI,pharynx,dr3,14,trajectory,other
DREAM,DREAM,DREAM,Mrre_missing_20,0.798,TI,pharynx,dr3,14,trajectory,other
DREAM,DREAM,DREAM,Mrre_missing_30,0.791,TI,pharynx,dr3,14,trajectory,other
DREAM,DREAM,DREAM,aji_10,0.059,TI,pharynx,dr1,14,trajectory,other
DREAM,DREAM,DREAM,aji_20,0.101,TI,pharynx,dr1,14,trajectory,other
DREAM,DREAM,DREAM,aji_30,0.134,TI,pharynx,dr1,14,trajectory,other
DREAM,DREAM,DREAM,nkr_10,0.118,TI,pharynx,dr1,14,trajectory,other
DREAM,DREAM,DREAM,nkr_20,0.189,TI,pharynx,dr1,14,trajectory,other
DREAM,DREAM,DREAM,nkr_30,0.243,TI,pharynx,dr1,14,trajectory,other
DREAM,DREAM,DREAM,Mrre_missing_10,0.851,TI,trophectoderm,dr3,14,trajectory,other
DREAM,DREAM,DREAM,Mrre_missing_20,0.838,TI,trophectoderm,dr3,14,trajectory,other
DREAM,DREAM,DREAM,Mrre_missing_30,0.825,TI,trophectoderm,dr3,14,trajectory,other
DREAM,DREAM,DREAM,aji_10,0.236,TI,trophectoderm,dr1,14,trajectory,other
DREAM,DREAM,DREAM,aji_20,0.43,TI,trophectoderm,dr1,14,trajectory,other
DREAM,DREAM,DREAM,aji_30,0.503,TI,trophectoderm,dr1,14,trajectory,other
DREAM,DREAM,DREAM,nkr_10,0.422,TI,trophectoderm,dr1,14,trajectory,other
DREAM,DREAM,DREAM,nkr_20,0.624,TI,trophectoderm,dr1,14,trajectory,other
DREAM,DREAM,DREAM,nkr_30,0.693,TI,trophectoderm,dr1,14,trajectory,other
DREAM,DREAM,DREAM,Mrre_missing_10,0.867,VASC,Baron,dr3,14,VASC,other
DREAM,DREAM,DREAM,Mrre_missing_20,0.866,VASC,Baron,dr3,14,VASC,other
DREAM,DREAM,DREAM,Mrre_missing_30,0.866,VASC,Baron,dr3,14,VASC,other
DREAM,DREAM,DREAM,aji_10,0.004,VASC,Baron,dr1,14,VASC,other
DREAM,DREAM,DREAM,aji_20,0.008,VASC,Baron,dr1,14,VASC,other
DREAM,DREAM,DREAM,aji_30,0.012,VASC,Baron,dr1,14,VASC,other
DREAM,DREAM,DREAM,nkr_10,0.008,VASC,Baron,dr1,14,VASC,other
DREAM,DREAM,DREAM,nkr_20,0.015,VASC,Baron,dr1,14,VASC,other
DREAM,DREAM,DREAM,nkr_30,0.023,VASC,Baron,dr1,14,VASC,other
DREAM,DREAM,DREAM,Mrre_missing_10,0.884,VASC,Biase,dr3,14,VASC,other
DREAM,DREAM,DREAM,Mrre_missing_20,0.867,VASC,Biase,dr3,14,VASC,other
DREAM,DREAM,DREAM,Mrre_missing_30,0.851,VASC,Biase,dr3,14,VASC,other
DREAM,DREAM,DREAM,aji_10,0.424,VASC,Biase,dr1,14,VASC,other
DREAM,DREAM,DREAM,aji_20,0.677,VASC,Biase,dr1,14,VASC,other
DREAM,DREAM,DREAM,aji_30,0.666,VASC,Biase,dr1,14,VASC,other
DREAM,DREAM,DREAM,nkr_10,0.623,VASC,Biase,dr1,14,VASC,other
DREAM,DREAM,DREAM,nkr_20,0.845,VASC,Biase,dr1,14,VASC,other
DREAM,DREAM,DREAM,nkr_30,0.829,VASC,Biase,dr1,14,VASC,other
DREAM,DREAM,DREAM,Mrre_missing_10,0.934,VASC,Goolam,dr3,14,VASC,other
DREAM,DREAM,DREAM,Mrre_missing_20,0.919,VASC,Goolam,dr3,14,VASC,other
DREAM,DREAM,DREAM,Mrre_missing_30,0.904,VASC,Goolam,dr3,14,VASC,other
DREAM,DREAM,DREAM,aji_10,0.393,VASC,Goolam,dr1,14,VASC,other
DREAM,DREAM,DREAM,aji_20,0.482,VASC,Goolam,dr1,14,VASC,other
DREAM,DREAM,DREAM,aji_30,0.501,VASC,Goolam,dr1,14,VASC,other
DREAM,DREAM,DREAM,nkr_10,0.602,VASC,Goolam,dr1,14,VASC,other
DREAM,DREAM,DREAM,nkr_20,0.686,VASC,Goolam,dr1,14,VASC,other
DREAM,DREAM,DREAM,nkr_30,0.692,VASC,Goolam,dr1,14,VASC,other
DREAM,DREAM,DREAM,Mrre_missing_10,0.715,VASC,Xin,dr3,14,VASC,other
DREAM,DREAM,DREAM,Mrre_missing_20,0.709,VASC,Xin,dr3,14,VASC,other
DREAM,DREAM,DREAM,Mrre_missing_30,0.705,VASC,Xin,dr3,14,VASC,other
DREAM,DREAM,DREAM,aji_10,0.009,VASC,Xin,dr1,14,VASC,other
DREAM,DREAM,DREAM,aji_20,0.017,VASC,Xin,dr1,14,VASC,other
DREAM,DREAM,DREAM,aji_30,0.023,VASC,Xin,dr1,14,VASC,other
DREAM,DREAM,DREAM,nkr_10,0.017,VASC,Xin,dr1,14,VASC,other
DREAM,DREAM,DREAM,nkr_20,0.032,VASC,Xin,dr1,14,VASC,other
DREAM,DREAM,DREAM,nkr_30,0.045,VASC,Xin,dr1,14,VASC,other
DREAM,DREAM,DREAM,Mrre_missing_10,0.903,VASC,Zeisel,dr3,14,VASC,other
DREAM,DREAM,DREAM,Mrre_missing_20,0.899,VASC,Zeisel,dr3,14,VASC,other
DREAM,DREAM,DREAM,Mrre_missing_30,0.896,VASC,Zeisel,dr3,14,VASC,other
DREAM,DREAM,DREAM,aji_10,0.021,VASC,Zeisel,dr1,14,VASC,other
DREAM,DREAM,DREAM,aji_20,0.037,VASC,Zeisel,dr1,14,VASC,other
DREAM,DREAM,DREAM,aji_30,0.05,VASC,Zeisel,dr1,14,VASC,other
DREAM,DREAM,DREAM,nkr_10,0.04,VASC,Zeisel,dr1,14,VASC,other
DREAM,DREAM,DREAM,nkr_20,0.069,VASC,Zeisel,dr1,14,VASC,other
DREAM,DREAM,DREAM,nkr_30,0.093,VASC,Zeisel,dr1,14,VASC,other
DREAM,DREAM,DREAM,Mrre_missing_10,0.933,VASC,yan,dr3,14,VASC,other
DREAM,DREAM,DREAM,Mrre_missing_20,0.925,VASC,yan,dr3,14,VASC,other
DREAM,DREAM,DREAM,Mrre_missing_30,0.916,VASC,yan,dr3,14,VASC,other
DREAM,DREAM,DREAM,aji_10,0.489,VASC,yan,dr1,14,VASC,other
DREAM,DREAM,DREAM,aji_20,0.609,VASC,yan,dr1,14,VASC,other
DREAM,DREAM,DREAM,aji_30,0.659,VASC,yan,dr1,14,VASC,other
DREAM,DREAM,DREAM,nkr_10,0.667,VASC,yan,dr1,14,VASC,other
DREAM,DREAM,DREAM,nkr_20,0.78,VASC,yan,dr1,14,VASC,other
DREAM,DREAM,DREAM,nkr_30,0.81,VASC,yan,dr1,14,VASC,other
DREAM,DREAM,DREAM,Mrre_missing_10,0.765,benchmarker,Baron_mouse,dr3,14,curated,other
DREAM,DREAM,DREAM,Mrre_missing_20,0.76,benchmarker,Baron_mouse,dr3,14,curated,other
DREAM,DREAM,DREAM,Mrre_missing_30,0.756,benchmarker,Baron_mouse,dr3,14,curated,other
DREAM,DREAM,DREAM,aji_10,0.013,benchmarker,Baron_mouse,dr1,14,curated,other
DREAM,DREAM,DREAM,aji_20,0.026,benchmarker,Baron_mouse,dr1,14,curated,other
DREAM,DREAM,DREAM,aji_30,0.037,benchmarker,Baron_mouse,dr1,14,curated,other
DREAM,DREAM,DREAM,nkr_10,0.026,benchmarker,Baron_mouse,dr1,14,curated,other
DREAM,DREAM,DREAM,nkr_20,0.048,benchmarker,Baron_mouse,dr1,14,curated,other
DREAM,DREAM,DREAM,nkr_30,0.067,benchmarker,Baron_mouse,dr1,14,curated,other
DREAM,DREAM,DREAM,Mrre_missing_10,0.866,benchmarker,Darmanis,dr3,14,curated,other
DREAM,DREAM,DREAM,Mrre_missing_20,0.859,benchmarker,Darmanis,dr3,14,curated,other
DREAM,DREAM,DREAM,Mrre_missing_30,0.854,benchmarker,Darmanis,dr3,14,curated,other
DREAM,DREAM,DREAM,aji_10,0.144,benchmarker,Darmanis,dr1,14,curated,other
DREAM,DREAM,DREAM,aji_20,0.235,benchmarker,Darmanis,dr1,14,curated,other
DREAM,DREAM,DREAM,aji_30,0.307,benchmarker,Darmanis,dr1,14,curated,other
DREAM,DREAM,DREAM,nkr_10,0.253,benchmarker,Darmanis,dr1,14,curated,other
DREAM,DREAM,DREAM,nkr_20,0.375,benchmarker,Darmanis,dr1,14,curated,other
DREAM,DREAM,DREAM,nkr_30,0.451,benchmarker,Darmanis,dr1,14,curated,other
DREAM,DREAM,DREAM,Mrre_missing_10,0.8,benchmarker,Pancreatic,dr3,14,curated,other
DREAM,DREAM,DREAM,Mrre_missing_20,0.778,benchmarker,Pancreatic,dr3,14,curated,other
DREAM,DREAM,DREAM,Mrre_missing_30,0.755,benchmarker,Pancreatic,dr3,14,curated,other
DREAM,DREAM,DREAM,aji_10,0.283,benchmarker,Pancreatic,dr1,14,curated,other
DREAM,DREAM,DREAM,aji_20,0.4,benchmarker,Pancreatic,dr1,14,curated,other
DREAM,DREAM,DREAM,aji_30,0.544,benchmarker,Pancreatic,dr1,14,curated,other
DREAM,DREAM,DREAM,nkr_10,0.463,benchmarker,Pancreatic,dr1,14,curated,other
DREAM,DREAM,DREAM,nkr_20,0.589,benchmarker,Pancreatic,dr1,14,curated,other
DREAM,DREAM,DREAM,nkr_30,0.726,benchmarker,Pancreatic,dr1,14,curated,other
DREAM,DREAM,DREAM,Mrre_missing_10,0.804,benchmarker,Silver,dr3,14,curated,other
DREAM,DREAM,DREAM,Mrre_missing_20,0.804,benchmarker,Silver,dr3,14,curated,other
DREAM,DREAM,DREAM,Mrre_missing_30,0.804,benchmarker,Silver,dr3,14,curated,other
DREAM,DREAM,DREAM,aji_10,0.008,benchmarker,Silver,dr1,14,curated,other
DREAM,DREAM,DREAM,aji_20,0.015,benchmarker,Silver,dr1,14,curated,other
DREAM,DREAM,DREAM,aji_30,0.021,benchmarker,Silver,dr1,14,curated,other
DREAM,DREAM,DREAM,nkr_10,0.015,benchmarker,Silver,dr1,14,curated,other
DREAM,DREAM,DREAM,nkr_20,0.028,benchmarker,Silver,dr1,14,curated,other
DREAM,DREAM,DREAM,nkr_30,0.041,benchmarker,Silver,dr1,14,curated,other
DREAM,DREAM,DREAM,Mrre_missing_10,0.701,benchmarker,Zhengmix4eq,dr3,14,curated,other
DREAM,DREAM,DREAM,Mrre_missing_20,0.701,benchmarker,Zhengmix4eq,dr3,14,curated,other
DREAM,DREAM,DREAM,Mrre_missing_30,0.701,benchmarker,Zhengmix4eq,dr3,14,curated,other
DREAM,DREAM,DREAM,aji_10,0.003,benchmarker,Zhengmix4eq,dr1,14,curated,other
DREAM,DREAM,DREAM,aji_20,0.007,benchmarker,Zhengmix4eq,dr1,14,curated,other
DREAM,DREAM,DREAM,aji_30,0.01,benchmarker,Zhengmix4eq,dr1,14,curated,other
DREAM,DREAM,DREAM,nkr_10,0.006,benchmarker,Zhengmix4eq,dr1,14,curated,other
DREAM,DREAM,DREAM,nkr_20,0.013,benchmarker,Zhengmix4eq,dr1,14,curated,other
DREAM,DREAM,DREAM,nkr_30,0.019,benchmarker,Zhengmix4eq,dr1,14,curated,other
DREAM,DREAM,DREAM,Mrre_missing_10,0.494,scDesign3,ACINAR,dr3,14,scDesign3,other
DREAM,DREAM,DREAM,Mrre_missing_20,0.495,scDesign3,ACINAR,dr3,14,scDesign3,other
DREAM,DREAM,DREAM,Mrre_missing_30,0.495,scDesign3,ACINAR,dr3,14,scDesign3,other
DREAM,DREAM,DREAM,aji_10,0.002,scDesign3,ACINAR,dr1,14,scDesign3,other
DREAM,DREAM,DREAM,aji_20,0.003,scDesign3,ACINAR,dr1,14,scDesign3,other
DREAM,DREAM,DREAM,aji_30,0.005,scDesign3,ACINAR,dr1,14,scDesign3,other
DREAM,DREAM,DREAM,nkr_10,0.003,scDesign3,ACINAR,dr1,14,scDesign3,other
DREAM,DREAM,DREAM,nkr_20,0.007,scDesign3,ACINAR,dr1,14,scDesign3,other
DREAM,DREAM,DREAM,nkr_30,0.01,scDesign3,ACINAR,dr1,14,scDesign3,other
DREAM,DREAM,DREAM,Mrre_missing_10,0.71,scDesign3,ATAC,dr3,14,scDesign3,other
DREAM,DREAM,DREAM,Mrre_missing_20,0.709,scDesign3,ATAC,dr3,14,scDesign3,other
DREAM,DREAM,DREAM,Mrre_missing_30,0.708,scDesign3,ATAC,dr3,14,scDesign3,other
DREAM,DREAM,DREAM,aji_10,0.002,scDesign3,ATAC,dr1,14,scDesign3,other
DREAM,DREAM,DREAM,aji_20,0.003,scDesign3,ATAC,dr1,14,scDesign3,other
DREAM,DREAM,DREAM,aji_30,0.005,scDesign3,ATAC,dr1,14,scDesign3,other
DREAM,DREAM,DREAM,nkr_10,0.003,scDesign3,ATAC,dr1,14,scDesign3,other
DREAM,DREAM,DREAM,nkr_20,0.006,scDesign3,ATAC,dr1,14,scDesign3,other
DREAM,DREAM,DREAM,nkr_30,0.009,scDesign3,ATAC,dr1,14,scDesign3,other
DREAM,DREAM,DREAM,Mrre_missing_10,0.622,scDesign3,BATCH,dr3,14,scDesign3,other
DREAM,DREAM,DREAM,Mrre_missing_20,0.622,scDesign3,BATCH,dr3,14,scDesign3,other
DREAM,DREAM,DREAM,Mrre_missing_30,0.622,scDesign3,BATCH,dr3,14,scDesign3,other
DREAM,DREAM,DREAM,aji_10,0.002,scDesign3,BATCH,dr1,14,scDesign3,other
DREAM,DREAM,DREAM,aji_20,0.003,scDesign3,BATCH,dr1,14,scDesign3,other
DREAM,DREAM,DREAM,aji_30,0.005,scDesign3,BATCH,dr1,14,scDesign3,other
DREAM,DREAM,DREAM,nkr_10,0.003,scDesign3,BATCH,dr1,14,scDesign3,other
DREAM,DREAM,DREAM,nkr_20,0.006,scDesign3,BATCH,dr1,14,scDesign3,other
DREAM,DREAM,DREAM,nkr_30,0.009,scDesign3,BATCH,dr1,14,scDesign3,other
DREAM,DREAM,DREAM,Mrre_missing_10,0.502,scDesign3,CITE,dr3,14,scDesign3,other
DREAM,DREAM,DREAM,Mrre_missing_20,0.501,scDesign3,CITE,dr3,14,scDesign3,other
DREAM,DREAM,DREAM,Mrre_missing_30,0.502,scDesign3,CITE,dr3,14,scDesign3,other
DREAM,DREAM,DREAM,aji_10,0.001,scDesign3,CITE,dr1,14,scDesign3,other
DREAM,DREAM,DREAM,aji_20,0.001,scDesign3,CITE,dr1,14,scDesign3,other
DREAM,DREAM,DREAM,aji_30,0.002,scDesign3,CITE,dr1,14,scDesign3,other
DREAM,DREAM,DREAM,nkr_10,0.001,scDesign3,CITE,dr1,14,scDesign3,other
DREAM,DREAM,DREAM,nkr_20,0.002,scDesign3,CITE,dr1,14,scDesign3,other
DREAM,DREAM,DREAM,nkr_30,0.004,scDesign3,CITE,dr1,14,scDesign3,other
DREAM,DREAM,DREAM,Mrre_missing_10,0.616,scDesign3,EMBYRO,dr3,14,scDesign3,other
DREAM,DREAM,DREAM,Mrre_missing_20,0.614,scDesign3,EMBYRO,dr3,14,scDesign3,other
DREAM,DREAM,DREAM,Mrre_missing_30,0.613,scDesign3,EMBYRO,dr3,14,scDesign3,other
DREAM,DREAM,DREAM,aji_10,0.008,scDesign3,EMBYRO,dr1,14,scDesign3,other
DREAM,DREAM,DREAM,aji_20,0.016,scDesign3,EMBYRO,dr1,14,scDesign3,other
DREAM,DREAM,DREAM,aji_30,0.022,scDesign3,EMBYRO,dr1,14,scDesign3,other
DREAM,DREAM,DREAM,nkr_10,0.015,scDesign3,EMBYRO,dr1,14,scDesign3,other
DREAM,DREAM,DREAM,nkr_20,0.03,scDesign3,EMBYRO,dr1,14,scDesign3,other
DREAM,DREAM,DREAM,nkr_30,0.043,scDesign3,EMBYRO,dr1,14,scDesign3,other
DREAM,DREAM,DREAM,Mrre_missing_10,0.715,scDesign3,IFNB,dr3,14,scDesign3,other
DREAM,DREAM,DREAM,Mrre_missing_20,0.714,scDesign3,IFNB,dr3,14,scDesign3,other
DREAM,DREAM,DREAM,Mrre_missing_30,0.714,scDesign3,IFNB,dr3,14,scDesign3,other
DREAM,DREAM,DREAM,aji_10,0.002,scDesign3,IFNB,dr1,14,scDesign3,other
DREAM,DREAM,DREAM,aji_20,0.003,scDesign3,IFNB,dr1,14,scDesign3,other
DREAM,DREAM,DREAM,aji_30,0.004,scDesign3,IFNB,dr1,14,scDesign3,other
DREAM,DREAM,DREAM,nkr_10,0.003,scDesign3,IFNB,dr1,14,scDesign3,other
DREAM,DREAM,DREAM,nkr_20,0.005,scDesign3,IFNB,dr1,14,scDesign3,other
DREAM,DREAM,DREAM,nkr_30,0.007,scDesign3,IFNB,dr1,14,scDesign3,other
DREAM,DREAM,DREAM,Mrre_missing_10,0.688,scDesign3,MARROW,dr3,14,scDesign3,other
DREAM,DREAM,DREAM,Mrre_missing_20,0.689,scDesign3,MARROW,dr3,14,scDesign3,other
DREAM,DREAM,DREAM,Mrre_missing_30,0.689,scDesign3,MARROW,dr3,14,scDesign3,other
DREAM,DREAM,DREAM,aji_10,0.006,scDesign3,MARROW,dr1,14,scDesign3,other
DREAM,DREAM,DREAM,aji_20,0.011,scDesign3,MARROW,dr1,14,scDesign3,other
DREAM,DREAM,DREAM,aji_30,0.016,scDesign3,MARROW,dr1,14,scDesign3,other
DREAM,DREAM,DREAM,nkr_10,0.01,scDesign3,MARROW,dr1,14,scDesign3,other
DREAM,DREAM,DREAM,nkr_20,0.021,scDesign3,MARROW,dr1,14,scDesign3,other
DREAM,DREAM,DREAM,nkr_30,0.031,scDesign3,MARROW,dr1,14,scDesign3,other
DREAM,DREAM,DREAM,Mrre_missing_10,0.768,scDesign3,MOBSC,dr3,14,scDesign3,other
DREAM,DREAM,DREAM,Mrre_missing_20,0.767,scDesign3,MOBSC,dr3,14,scDesign3,other
DREAM,DREAM,DREAM,Mrre_missing_30,0.766,scDesign3,MOBSC,dr3,14,scDesign3,other
DREAM,DREAM,DREAM,aji_10,0.002,scDesign3,MOBSC,dr1,14,scDesign3,other
DREAM,DREAM,DREAM,aji_20,0.004,scDesign3,MOBSC,dr1,14,scDesign3,other
DREAM,DREAM,DREAM,aji_30,0.006,scDesign3,MOBSC,dr1,14,scDesign3,other
DREAM,DREAM,DREAM,nkr_10,0.004,scDesign3,MOBSC,dr1,14,scDesign3,other
DREAM,DREAM,DREAM,nkr_20,0.008,scDesign3,MOBSC,dr1,14,scDesign3,other
DREAM,DREAM,DREAM,nkr_30,0.011,scDesign3,MOBSC,dr1,14,scDesign3,other
DREAM,DREAM,DREAM,Mrre_missing_10,0.5,scDesign3,OVARIAN,dr3,14,scDesign3,other
DREAM,DREAM,DREAM,Mrre_missing_20,0.5,scDesign3,OVARIAN,dr3,14,scDesign3,other
DREAM,DREAM,DREAM,Mrre_missing_30,0.5,scDesign3,OVARIAN,dr3,14,scDesign3,other
DREAM,DREAM,DREAM,aji_10,0.001,scDesign3,OVARIAN,dr1,14,scDesign3,other
DREAM,DREAM,DREAM,aji_20,0.003,scDesign3,OVARIAN,dr1,14,scDesign3,other
DREAM,DREAM,DREAM,aji_30,0.005,scDesign3,OVARIAN,dr1,14,scDesign3,other
DREAM,DREAM,DREAM,nkr_10,0.003,scDesign3,OVARIAN,dr1,14,scDesign3,other
DREAM,DREAM,DREAM,nkr_20,0.006,scDesign3,OVARIAN,dr1,14,scDesign3,other
DREAM,DREAM,DREAM,nkr_30,0.009,scDesign3,OVARIAN,dr1,14,scDesign3,other
DREAM,DREAM,DREAM,Mrre_missing_10,0.633,scDesign3,PANCREAS,dr3,14,scDesign3,other
DREAM,DREAM,DREAM,Mrre_missing_20,0.633,scDesign3,PANCREAS,dr3,14,scDesign3,other
DREAM,DREAM,DREAM,Mrre_missing_30,0.632,scDesign3,PANCREAS,dr3,14,scDesign3,other
DREAM,DREAM,DREAM,aji_10,0.005,scDesign3,PANCREAS,dr1,14,scDesign3,other
DREAM,DREAM,DREAM,aji_20,0.01,scDesign3,PANCREAS,dr1,14,scDesign3,other
DREAM,DREAM,DREAM,aji_30,0.015,scDesign3,PANCREAS,dr1,14,scDesign3,other
DREAM,DREAM,DREAM,nkr_10,0.009,scDesign3,PANCREAS,dr1,14,scDesign3,other
DREAM,DREAM,DREAM,nkr_20,0.018,scDesign3,PANCREAS,dr1,14,scDesign3,other
DREAM,DREAM,DREAM,nkr_30,0.028,scDesign3,PANCREAS,dr1,14,scDesign3,other
DREAM,DREAM,DREAM,Mrre_missing_10,0.699,scDesign3,SCGEMMETH,dr3,14,scDesign3,other
DREAM,DREAM,DREAM,Mrre_missing_20,0.7,scDesign3,SCGEMMETH,dr3,14,scDesign3,other
DREAM,DREAM,DREAM,Mrre_missing_30,0.697,scDesign3,SCGEMMETH,dr3,14,scDesign3,other
DREAM,DREAM,DREAM,aji_10,0.104,scDesign3,SCGEMMETH,dr1,14,scDesign3,other
DREAM,DREAM,DREAM,aji_20,0.194,scDesign3,SCGEMMETH,dr1,14,scDesign3,other
DREAM,DREAM,DREAM,aji_30,0.276,scDesign3,SCGEMMETH,dr1,14,scDesign3,other
DREAM,DREAM,DREAM,nkr_10,0.17,scDesign3,SCGEMMETH,dr1,14,scDesign3,other
DREAM,DREAM,DREAM,nkr_20,0.32,scDesign3,SCGEMMETH,dr1,14,scDesign3,other
DREAM,DREAM,DREAM,nkr_30,0.431,scDesign3,SCGEMMETH,dr1,14,scDesign3,other
DREAM,DREAM,DREAM,Mrre_missing_10,0.732,scDesign3,SCGEMRNA,dr3,14,scDesign3,other
DREAM,DREAM,DREAM,Mrre_missing_20,0.733,scDesign3,SCGEMRNA,dr3,14,scDesign3,other
DREAM,DREAM,DREAM,Mrre_missing_30,0.732,scDesign3,SCGEMRNA,dr3,14,scDesign3,other
DREAM,DREAM,DREAM,aji_10,0.096,scDesign3,SCGEMRNA,dr1,14,scDesign3,other
DREAM,DREAM,DREAM,aji_20,0.175,scDesign3,SCGEMRNA,dr1,14,scDesign3,other
DREAM,DREAM,DREAM,aji_30,0.251,scDesign3,SCGEMRNA,dr1,14,scDesign3,other
DREAM,DREAM,DREAM,nkr_10,0.171,scDesign3,SCGEMRNA,dr1,14,scDesign3,other
DREAM,DREAM,DREAM,nkr_20,0.292,scDesign3,SCGEMRNA,dr1,14,scDesign3,other
DREAM,DREAM,DREAM,nkr_30,0.397,scDesign3,SCGEMRNA,dr1,14,scDesign3,other
DREAM,DREAM,DREAM,Mrre_missing_10,0.453,scDesign3,SCIATAC,dr3,14,scDesign3,other
DREAM,DREAM,DREAM,Mrre_missing_20,0.446,scDesign3,SCIATAC,dr3,14,scDesign3,other
DREAM,DREAM,DREAM,Mrre_missing_30,0.448,scDesign3,SCIATAC,dr3,14,scDesign3,other
DREAM,DREAM,DREAM,aji_10,0.001,scDesign3,SCIATAC,dr1,14,scDesign3,other
DREAM,DREAM,DREAM,aji_20,0.002,scDesign3,SCIATAC,dr1,14,scDesign3,other
DREAM,DREAM,DREAM,aji_30,0.003,scDesign3,SCIATAC,dr1,14,scDesign3,other
DREAM,DREAM,DREAM,nkr_10,0.003,scDesign3,SCIATAC,dr1,14,scDesign3,other
DREAM,DREAM,DREAM,nkr_20,0.005,scDesign3,SCIATAC,dr1,14,scDesign3,other
DREAM,DREAM,DREAM,nkr_30,0.007,scDesign3,SCIATAC,dr1,14,scDesign3,other
DREAM,DREAM,DREAM,Mrre_missing_10,0.529,scDesign3,SLIDE,dr3,14,scDesign3,other
DREAM,DREAM,DREAM,Mrre_missing_20,0.529,scDesign3,SLIDE,dr3,14,scDesign3,other
DREAM,DREAM,DREAM,Mrre_missing_30,0.529,scDesign3,SLIDE,dr3,14,scDesign3,other
DREAM,DREAM,DREAM,aji_10,0.0,scDesign3,SLIDE,dr1,14,scDesign3,other
DREAM,DREAM,DREAM,aji_20,0.001,scDesign3,SLIDE,dr1,14,scDesign3,other
DREAM,DREAM,DREAM,aji_30,0.001,scDesign3,SLIDE,dr1,14,scDesign3,other
DREAM,DREAM,DREAM,nkr_10,0.001,scDesign3,SLIDE,dr1,14,scDesign3,other
DREAM,DREAM,DREAM,nkr_20,0.001,scDesign3,SLIDE,dr1,14,scDesign3,other
DREAM,DREAM,DREAM,nkr_30,0.002,scDesign3,SLIDE,dr1,14,scDesign3,other
DREAM,DREAM,DREAM,Mrre_missing_10,0.502,scDesign3,VISIUM,dr3,14,scDesign3,other
DREAM,DREAM,DREAM,Mrre_missing_20,0.501,scDesign3,VISIUM,dr3,14,scDesign3,other
DREAM,DREAM,DREAM,Mrre_missing_30,0.5,scDesign3,VISIUM,dr3,14,scDesign3,other
DREAM,DREAM,DREAM,aji_10,0.002,scDesign3,VISIUM,dr1,14,scDesign3,other
DREAM,DREAM,DREAM,aji_20,0.004,scDesign3,VISIUM,dr1,14,scDesign3,other
DREAM,DREAM,DREAM,aji_30,0.006,scDesign3,VISIUM,dr1,14,scDesign3,other
DREAM,DREAM,DREAM,nkr_10,0.003,scDesign3,VISIUM,dr1,14,scDesign3,other
DREAM,DREAM,DREAM,nkr_20,0.007,scDesign3,VISIUM,dr1,14,scDesign3,other
DREAM,DREAM,DREAM,nkr_30,0.011,scDesign3,VISIUM,dr1,14,scDesign3,other
DRA,DRA,DRA,Mrre_missing_10,0.509,SIMLR,Pollen,dr3,15,SIMLR,other
DRA,DRA,DRA,Mrre_missing_20,0.507,SIMLR,Pollen,dr3,15,SIMLR,other
DRA,DRA,DRA,Mrre_missing_30,0.507,SIMLR,Pollen,dr3,15,SIMLR,other
DRA,DRA,DRA,aji_10,0.024,SIMLR,Pollen,dr1,15,SIMLR,other
DRA,DRA,DRA,aji_20,0.045,SIMLR,Pollen,dr1,15,SIMLR,other
DRA,DRA,DRA,aji_30,0.065,SIMLR,Pollen,dr1,15,SIMLR,other
DRA,DRA,DRA,nkr_10,0.044,SIMLR,Pollen,dr1,15,SIMLR,other
DRA,DRA,DRA,nkr_20,0.086,SIMLR,Pollen,dr1,15,SIMLR,other
DRA,DRA,DRA,nkr_30,0.122,SIMLR,Pollen,dr1,15,SIMLR,other
DRA,DRA,DRA,Mrre_missing_10,0.496,SIMLR,Usoskin,dr3,15,SIMLR,other
DRA,DRA,DRA,Mrre_missing_20,0.494,SIMLR,Usoskin,dr3,15,SIMLR,other
DRA,DRA,DRA,Mrre_missing_30,0.493,SIMLR,Usoskin,dr3,15,SIMLR,other
DRA,DRA,DRA,aji_10,0.009,SIMLR,Usoskin,dr1,15,SIMLR,other
DRA,DRA,DRA,aji_20,0.016,SIMLR,Usoskin,dr1,15,SIMLR,other
DRA,DRA,DRA,aji_30,0.024,SIMLR,Usoskin,dr1,15,SIMLR,other
DRA,DRA,DRA,nkr_10,0.018,SIMLR,Usoskin,dr1,15,SIMLR,other
DRA,DRA,DRA,nkr_20,0.032,SIMLR,Usoskin,dr1,15,SIMLR,other
DRA,DRA,DRA,nkr_30,0.047,SIMLR,Usoskin,dr1,15,SIMLR,other
DRA,DRA,DRA,Mrre_missing_10,0.509,TI,DA1_horns,dr3,15,trajectory,other
DRA,DRA,DRA,Mrre_missing_20,0.508,TI,DA1_horns,dr3,15,trajectory,other
DRA,DRA,DRA,Mrre_missing_30,0.506,TI,DA1_horns,dr3,15,trajectory,other
DRA,DRA,DRA,aji_10,0.025,TI,DA1_horns,dr1,15,trajectory,other
DRA,DRA,DRA,aji_20,0.044,TI,DA1_horns,dr1,15,trajectory,other
DRA,DRA,DRA,aji_30,0.065,TI,DA1_horns,dr1,15,trajectory,other
DRA,DRA,DRA,nkr_10,0.044,TI,DA1_horns,dr1,15,trajectory,other
DRA,DRA,DRA,nkr_20,0.082,TI,DA1_horns,dr1,15,trajectory,other
DRA,DRA,DRA,nkr_30,0.122,TI,DA1_horns,dr1,15,trajectory,other
DRA,DRA,DRA,Mrre_missing_10,0.502,TI,DC3_VA1d_horns,dr3,15,trajectory,other
DRA,DRA,DRA,Mrre_missing_20,0.5,TI,DC3_VA1d_horns,dr3,15,trajectory,other
DRA,DRA,DRA,Mrre_missing_30,0.497,TI,DC3_VA1d_horns,dr3,15,trajectory,other
DRA,DRA,DRA,aji_10,0.034,TI,DC3_VA1d_horns,dr1,15,trajectory,other
DRA,DRA,DRA,aji_20,0.066,TI,DC3_VA1d_horns,dr1,15,trajectory,other
DRA,DRA,DRA,aji_30,0.099,TI,DC3_VA1d_horns,dr1,15,trajectory,other
DRA,DRA,DRA,nkr_10,0.071,TI,DC3_VA1d_horns,dr1,15,trajectory,other
DRA,DRA,DRA,nkr_20,0.124,TI,DC3_VA1d_horns,dr1,15,trajectory,other
DRA,DRA,DRA,nkr_30,0.182,TI,DC3_VA1d_horns,dr1,15,trajectory,other
DRA,DRA,DRA,Mrre_missing_10,0.503,TI,ICM,dr3,15,trajectory,other
DRA,DRA,DRA,Mrre_missing_20,0.502,TI,ICM,dr3,15,trajectory,other
DRA,DRA,DRA,Mrre_missing_30,0.501,TI,ICM,dr3,15,trajectory,other
DRA,DRA,DRA,aji_10,0.022,TI,ICM,dr1,15,trajectory,other
DRA,DRA,DRA,aji_20,0.04,TI,ICM,dr1,15,trajectory,other
DRA,DRA,DRA,aji_30,0.057,TI,ICM,dr1,15,trajectory,other
DRA,DRA,DRA,nkr_10,0.043,TI,ICM,dr1,15,trajectory,other
DRA,DRA,DRA,nkr_20,0.076,TI,ICM,dr1,15,trajectory,other
DRA,DRA,DRA,nkr_30,0.107,TI,ICM,dr1,15,trajectory,other
DRA,DRA,DRA,Mrre_missing_10,0.502,TI,blastocyst,dr3,15,trajectory,other
DRA,DRA,DRA,Mrre_missing_20,0.501,TI,blastocyst,dr3,15,trajectory,other
DRA,DRA,DRA,Mrre_missing_30,0.5,TI,blastocyst,dr3,15,trajectory,other
DRA,DRA,DRA,aji_10,0.016,TI,blastocyst,dr1,15,trajectory,other
DRA,DRA,DRA,aji_20,0.031,TI,blastocyst,dr1,15,trajectory,other
DRA,DRA,DRA,aji_30,0.046,TI,blastocyst,dr1,15,trajectory,other
DRA,DRA,DRA,nkr_10,0.028,TI,blastocyst,dr1,15,trajectory,other
DRA,DRA,DRA,nkr_20,0.059,TI,blastocyst,dr1,15,trajectory,other
DRA,DRA,DRA,nkr_30,0.086,TI,blastocyst,dr1,15,trajectory,other
DRA,DRA,DRA,Mrre_missing_10,0.481,TI,combination-1,dr3,15,trajectory,other
DRA,DRA,DRA,Mrre_missing_20,0.486,TI,combination-1,dr3,15,trajectory,other
DRA,DRA,DRA,Mrre_missing_30,0.488,TI,combination-1,dr3,15,trajectory,other
DRA,DRA,DRA,aji_10,0.001,TI,combination-1,dr1,15,trajectory,other
DRA,DRA,DRA,aji_20,0.002,TI,combination-1,dr1,15,trajectory,other
DRA,DRA,DRA,aji_30,0.004,TI,combination-1,dr1,15,trajectory,other
DRA,DRA,DRA,nkr_10,0.003,TI,combination-1,dr1,15,trajectory,other
DRA,DRA,DRA,nkr_20,0.005,TI,combination-1,dr1,15,trajectory,other
DRA,DRA,DRA,nkr_30,0.007,TI,combination-1,dr1,15,trajectory,other
DRA,DRA,DRA,Mrre_missing_10,0.495,TI,combination-2,dr3,15,trajectory,other
DRA,DRA,DRA,Mrre_missing_20,0.495,TI,combination-2,dr3,15,trajectory,other
DRA,DRA,DRA,Mrre_missing_30,0.495,TI,combination-2,dr3,15,trajectory,other
DRA,DRA,DRA,aji_10,0.001,TI,combination-2,dr1,15,trajectory,other
DRA,DRA,DRA,aji_20,0.002,TI,combination-2,dr1,15,trajectory,other
DRA,DRA,DRA,aji_30,0.004,TI,combination-2,dr1,15,trajectory,other
DRA,DRA,DRA,nkr_10,0.002,TI,combination-2,dr1,15,trajectory,other
DRA,DRA,DRA,nkr_20,0.004,TI,combination-2,dr1,15,trajectory,other
DRA,DRA,DRA,nkr_30,0.007,TI,combination-2,dr1,15,trajectory,other
DRA,DRA,DRA,Mrre_missing_10,0.523,TI,combination-3,dr3,15,trajectory,other
DRA,DRA,DRA,Mrre_missing_20,0.514,TI,combination-3,dr3,15,trajectory,other
DRA,DRA,DRA,Mrre_missing_30,0.511,TI,combination-3,dr3,15,trajectory,other
DRA,DRA,DRA,aji_10,0.003,TI,combination-3,dr1,15,trajectory,other
DRA,DRA,DRA,aji_20,0.005,TI,combination-3,dr1,15,trajectory,other
DRA,DRA,DRA,aji_30,0.007,TI,combination-3,dr1,15,trajectory,other
DRA,DRA,DRA,nkr_10,0.005,TI,combination-3,dr1,15,trajectory,other
DRA,DRA,DRA,nkr_20,0.009,TI,combination-3,dr1,15,trajectory,other
DRA,DRA,DRA,nkr_30,0.014,TI,combination-3,dr1,15,trajectory,other
DRA,DRA,DRA,Mrre_missing_10,0.527,TI,epiblast,dr3,15,trajectory,other
DRA,DRA,DRA,Mrre_missing_20,0.526,TI,epiblast,dr3,15,trajectory,other
DRA,DRA,DRA,Mrre_missing_30,0.523,TI,epiblast,dr3,15,trajectory,other
DRA,DRA,DRA,aji_10,0.033,TI,epiblast,dr1,15,trajectory,other
DRA,DRA,DRA,aji_20,0.058,TI,epiblast,dr1,15,trajectory,other
DRA,DRA,DRA,aji_30,0.094,TI,epiblast,dr1,15,trajectory,other
DRA,DRA,DRA,nkr_10,0.06,TI,epiblast,dr1,15,trajectory,other
DRA,DRA,DRA,nkr_20,0.112,TI,epiblast,dr1,15,trajectory,other
DRA,DRA,DRA,nkr_30,0.174,TI,epiblast,dr1,15,trajectory,other
DRA,DRA,DRA,Mrre_missing_10,0.462,TI,epidermis,dr3,15,trajectory,other
DRA,DRA,DRA,Mrre_missing_20,0.467,TI,epidermis,dr3,15,trajectory,other
DRA,DRA,DRA,Mrre_missing_30,0.469,TI,epidermis,dr3,15,trajectory,other
DRA,DRA,DRA,aji_10,0.001,TI,epidermis,dr1,15,trajectory,other
DRA,DRA,DRA,aji_20,0.002,TI,epidermis,dr1,15,trajectory,other
DRA,DRA,DRA,aji_30,0.004,TI,epidermis,dr1,15,trajectory,other
DRA,DRA,DRA,nkr_10,0.003,TI,epidermis,dr1,15,trajectory,other
DRA,DRA,DRA,nkr_20,0.004,TI,epidermis,dr1,15,trajectory,other
DRA,DRA,DRA,nkr_30,0.007,TI,epidermis,dr1,15,trajectory,other
DRA,DRA,DRA,Mrre_missing_10,0.498,TI,horns,dr3,15,trajectory,other
DRA,DRA,DRA,Mrre_missing_20,0.496,TI,horns,dr3,15,trajectory,other
DRA,DRA,DRA,Mrre_missing_30,0.495,TI,horns,dr3,15,trajectory,other
DRA,DRA,DRA,aji_10,0.011,TI,horns,dr1,15,trajectory,other
DRA,DRA,DRA,aji_20,0.022,TI,horns,dr1,15,trajectory,other
DRA,DRA,DRA,aji_30,0.032,TI,horns,dr1,15,trajectory,other
DRA,DRA,DRA,nkr_10,0.021,TI,horns,dr1,15,trajectory,other
DRA,DRA,DRA,nkr_20,0.042,TI,horns,dr1,15,trajectory,other
DRA,DRA,DRA,nkr_30,0.062,TI,horns,dr1,15,trajectory,other
DRA,DRA,DRA,Mrre_missing_10,0.499,TI,muscle,dr3,15,trajectory,other
DRA,DRA,DRA,Mrre_missing_20,0.501,TI,muscle,dr3,15,trajectory,other
DRA,DRA,DRA,Mrre_missing_30,0.502,TI,muscle,dr3,15,trajectory,other
DRA,DRA,DRA,aji_10,0.002,TI,muscle,dr1,15,trajectory,other
DRA,DRA,DRA,aji_20,0.005,TI,muscle,dr1,15,trajectory,other
DRA,DRA,DRA,aji_30,0.007,TI,muscle,dr1,15,trajectory,other
DRA,DRA,DRA,nkr_10,0.005,TI,muscle,dr1,15,trajectory,other
DRA,DRA,DRA,nkr_20,0.009,TI,muscle,dr1,15,trajectory,other
DRA,DRA,DRA,nkr_30,0.013,TI,muscle,dr1,15,trajectory,other
DRA,DRA,DRA,Mrre_missing_10,0.488,TI,neuron,dr3,15,trajectory,other
DRA,DRA,DRA,Mrre_missing_20,0.492,TI,neuron,dr3,15,trajectory,other
DRA,DRA,DRA,Mrre_missing_30,0.494,TI,neuron,dr3,15,trajectory,other
DRA,DRA,DRA,aji_10,0.003,TI,neuron,dr1,15,trajectory,other
DRA,DRA,DRA,aji_20,0.005,TI,neuron,dr1,15,trajectory,other
DRA,DRA,DRA,aji_30,0.006,TI,neuron,dr1,15,trajectory,other
DRA,DRA,DRA,nkr_10,0.005,TI,neuron,dr1,15,trajectory,other
DRA,DRA,DRA,nkr_20,0.008,TI,neuron,dr1,15,trajectory,other
DRA,DRA,DRA,nkr_30,0.013,TI,neuron,dr1,15,trajectory,other
DRA,DRA,DRA,Mrre_missing_10,0.488,TI,pair-1,dr3,15,trajectory,other
DRA,DRA,DRA,Mrre_missing_20,0.488,TI,pair-1,dr3,15,trajectory,other
DRA,DRA,DRA,Mrre_missing_30,0.488,TI,pair-1,dr3,15,trajectory,other
DRA,DRA,DRA,aji_10,0.001,TI,pair-1,dr1,15,trajectory,other
DRA,DRA,DRA,aji_20,0.001,TI,pair-1,dr1,15,trajectory,other
DRA,DRA,DRA,aji_30,0.001,TI,pair-1,dr1,15,trajectory,other
DRA,DRA,DRA,nkr_10,0.001,TI,pair-1,dr1,15,trajectory,other
DRA,DRA,DRA,nkr_20,0.002,TI,pair-1,dr1,15,trajectory,other
DRA,DRA,DRA,nkr_30,0.003,TI,pair-1,dr1,15,trajectory,other
DRA,DRA,DRA,Mrre_missing_10,0.509,TI,pair-2,dr3,15,trajectory,other
DRA,DRA,DRA,Mrre_missing_20,0.509,TI,pair-2,dr3,15,trajectory,other
DRA,DRA,DRA,Mrre_missing_30,0.509,TI,pair-2,dr3,15,trajectory,other
DRA,DRA,DRA,aji_10,0.0,TI,pair-2,dr1,15,trajectory,other
DRA,DRA,DRA,aji_20,0.001,TI,pair-2,dr1,15,trajectory,other
DRA,DRA,DRA,aji_30,0.001,TI,pair-2,dr1,15,trajectory,other
DRA,DRA,DRA,nkr_10,0.001,TI,pair-2,dr1,15,trajectory,other
DRA,DRA,DRA,nkr_20,0.002,TI,pair-2,dr1,15,trajectory,other
DRA,DRA,DRA,nkr_30,0.003,TI,pair-2,dr1,15,trajectory,other
DRA,DRA,DRA,Mrre_missing_10,0.499,TI,pair-3,dr3,15,trajectory,other
DRA,DRA,DRA,Mrre_missing_20,0.5,TI,pair-3,dr3,15,trajectory,other
DRA,DRA,DRA,Mrre_missing_30,0.5,TI,pair-3,dr3,15,trajectory,other
DRA,DRA,DRA,aji_10,0.001,TI,pair-3,dr1,15,trajectory,other
DRA,DRA,DRA,aji_20,0.001,TI,pair-3,dr1,15,trajectory,other
DRA,DRA,DRA,aji_30,0.002,TI,pair-3,dr1,15,trajectory,other
DRA,DRA,DRA,nkr_10,0.001,TI,pair-3,dr1,15,trajectory,other
DRA,DRA,DRA,nkr_20,0.002,TI,pair-3,dr1,15,trajectory,other
DRA,DRA,DRA,nkr_30,0.004,TI,pair-3,dr1,15,trajectory,other
DRA,DRA,DRA,Mrre_missing_10,0.478,TI,pair-4,dr3,15,trajectory,other
DRA,DRA,DRA,Mrre_missing_20,0.479,TI,pair-4,dr3,15,trajectory,other
DRA,DRA,DRA,Mrre_missing_30,0.48,TI,pair-4,dr3,15,trajectory,other
DRA,DRA,DRA,aji_10,0.001,TI,pair-4,dr1,15,trajectory,other
DRA,DRA,DRA,aji_20,0.001,TI,pair-4,dr1,15,trajectory,other
DRA,DRA,DRA,aji_30,0.002,TI,pair-4,dr1,15,trajectory,other
DRA,DRA,DRA,nkr_10,0.001,TI,pair-4,dr1,15,trajectory,other
DRA,DRA,DRA,nkr_20,0.002,TI,pair-4,dr1,15,trajectory,other
DRA,DRA,DRA,nkr_30,0.003,TI,pair-4,dr1,15,trajectory,other
DRA,DRA,DRA,Mrre_missing_10,0.503,TI,parenchyme,dr3,15,trajectory,other
DRA,DRA,DRA,Mrre_missing_20,0.502,TI,parenchyme,dr3,15,trajectory,other
DRA,DRA,DRA,Mrre_missing_30,0.502,TI,parenchyme,dr3,15,trajectory,other
DRA,DRA,DRA,aji_10,0.003,TI,parenchyme,dr1,15,trajectory,other
DRA,DRA,DRA,aji_20,0.005,TI,parenchyme,dr1,15,trajectory,other
DRA,DRA,DRA,aji_30,0.008,TI,parenchyme,dr1,15,trajectory,other
DRA,DRA,DRA,nkr_10,0.005,TI,parenchyme,dr1,15,trajectory,other
DRA,DRA,DRA,nkr_20,0.011,TI,parenchyme,dr1,15,trajectory,other
DRA,DRA,DRA,nkr_30,0.015,TI,parenchyme,dr1,15,trajectory,other
DRA,DRA,DRA,Mrre_missing_10,0.489,TI,phagocyte,dr3,15,trajectory,other
DRA,DRA,DRA,Mrre_missing_20,0.496,TI,phagocyte,dr3,15,trajectory,other
DRA,DRA,DRA,Mrre_missing_30,0.499,TI,phagocyte,dr3,15,trajectory,other
DRA,DRA,DRA,aji_10,0.009,TI,phagocyte,dr1,15,trajectory,other
DRA,DRA,DRA,aji_20,0.015,TI,phagocyte,dr1,15,trajectory,other
DRA,DRA,DRA,aji_30,0.023,TI,phagocyte,dr1,15,trajectory,other
DRA,DRA,DRA,nkr_10,0.015,TI,phagocyte,dr1,15,trajectory,other
DRA,DRA,DRA,nkr_20,0.03,TI,phagocyte,dr1,15,trajectory,other
DRA,DRA,DRA,nkr_30,0.044,TI,phagocyte,dr1,15,trajectory,other
DRA,DRA,DRA,Mrre_missing_10,0.498,TI,pharynx,dr3,15,trajectory,other
DRA,DRA,DRA,Mrre_missing_20,0.499,TI,pharynx,dr3,15,trajectory,other
DRA,DRA,DRA,Mrre_missing_30,0.499,TI,pharynx,dr3,15,trajectory,other
DRA,DRA,DRA,aji_10,0.021,TI,pharynx,dr1,15,trajectory,other
DRA,DRA,DRA,aji_20,0.037,TI,pharynx,dr1,15,trajectory,other
DRA,DRA,DRA,aji_30,0.056,TI,pharynx,dr1,15,trajectory,other
DRA,DRA,DRA,nkr_10,0.038,TI,pharynx,dr1,15,trajectory,other
DRA,DRA,DRA,nkr_20,0.072,TI,pharynx,dr1,15,trajectory,other
DRA,DRA,DRA,nkr_30,0.108,TI,pharynx,dr1,15,trajectory,other
DRA,DRA,DRA,Mrre_missing_10,0.533,TI,trophectoderm,dr3,15,trajectory,other
DRA,DRA,DRA,Mrre_missing_20,0.528,TI,trophectoderm,dr3,15,trajectory,other
DRA,DRA,DRA,Mrre_missing_30,0.518,TI,trophectoderm,dr3,15,trajectory,other
DRA,DRA,DRA,aji_10,0.069,TI,trophectoderm,dr1,15,trajectory,other
DRA,DRA,DRA,aji_20,0.155,TI,trophectoderm,dr1,15,trajectory,other
DRA,DRA,DRA,aji_30,0.251,TI,trophectoderm,dr1,15,trajectory,other
DRA,DRA,DRA,nkr_10,0.116,TI,trophectoderm,dr1,15,trajectory,other
DRA,DRA,DRA,nkr_20,0.267,TI,trophectoderm,dr1,15,trajectory,other
DRA,DRA,DRA,nkr_30,0.392,TI,trophectoderm,dr1,15,trajectory,other
DRA,DRA,DRA,Mrre_missing_10,0.498,VASC,Baron,dr3,15,VASC,other
DRA,DRA,DRA,Mrre_missing_20,0.499,VASC,Baron,dr3,15,VASC,other
DRA,DRA,DRA,Mrre_missing_30,0.5,VASC,Baron,dr3,15,VASC,other
DRA,DRA,DRA,aji_10,0.001,VASC,Baron,dr1,15,VASC,other
DRA,DRA,DRA,aji_20,0.001,VASC,Baron,dr1,15,VASC,other
DRA,DRA,DRA,aji_30,0.002,VASC,Baron,dr1,15,VASC,other
DRA,DRA,DRA,nkr_10,0.001,VASC,Baron,dr1,15,VASC,other
DRA,DRA,DRA,nkr_20,0.002,VASC,Baron,dr1,15,VASC,other
DRA,DRA,DRA,nkr_30,0.003,VASC,Baron,dr1,15,VASC,other
DRA,DRA,DRA,Mrre_missing_10,0.538,VASC,Biase,dr3,15,VASC,other
DRA,DRA,DRA,Mrre_missing_20,0.515,VASC,Biase,dr3,15,VASC,other
DRA,DRA,DRA,Mrre_missing_30,0.49,VASC,Biase,dr3,15,VASC,other
DRA,DRA,DRA,aji_10,0.096,VASC,Biase,dr1,15,VASC,other
DRA,DRA,DRA,aji_20,0.215,VASC,Biase,dr1,15,VASC,other
DRA,DRA,DRA,aji_30,0.359,VASC,Biase,dr1,15,VASC,other
DRA,DRA,DRA,nkr_10,0.188,VASC,Biase,dr1,15,VASC,other
DRA,DRA,DRA,nkr_20,0.362,VASC,Biase,dr1,15,VASC,other
DRA,DRA,DRA,nkr_30,0.532,VASC,Biase,dr1,15,VASC,other
DRA,DRA,DRA,Mrre_missing_10,0.491,VASC,Goolam,dr3,15,VASC,other
DRA,DRA,DRA,Mrre_missing_20,0.488,VASC,Goolam,dr3,15,VASC,other
DRA,DRA,DRA,Mrre_missing_30,0.481,VASC,Goolam,dr3,15,VASC,other
DRA,DRA,DRA,aji_10,0.041,VASC,Goolam,dr1,15,VASC,other
DRA,DRA,DRA,aji_20,0.092,VASC,Goolam,dr1,15,VASC,other
DRA,DRA,DRA,aji_30,0.138,VASC,Goolam,dr1,15,VASC,other
DRA,DRA,DRA,nkr_10,0.076,VASC,Goolam,dr1,15,VASC,other
DRA,DRA,DRA,nkr_20,0.165,VASC,Goolam,dr1,15,VASC,other
DRA,DRA,DRA,nkr_30,0.241,VASC,Goolam,dr1,15,VASC,other
DRA,DRA,DRA,Mrre_missing_10,0.492,VASC,Xin,dr3,15,VASC,other
DRA,DRA,DRA,Mrre_missing_20,0.492,VASC,Xin,dr3,15,VASC,other
DRA,DRA,DRA,Mrre_missing_30,0.491,VASC,Xin,dr3,15,VASC,other
DRA,DRA,DRA,aji_10,0.003,VASC,Xin,dr1,15,VASC,other
DRA,DRA,DRA,aji_20,0.007,VASC,Xin,dr1,15,VASC,other
DRA,DRA,DRA,aji_30,0.01,VASC,Xin,dr1,15,VASC,other
DRA,DRA,DRA,nkr_10,0.007,VASC,Xin,dr1,15,VASC,other
DRA,DRA,DRA,nkr_20,0.013,VASC,Xin,dr1,15,VASC,other
DRA,DRA,DRA,nkr_30,0.018,VASC,Xin,dr1,15,VASC,other
DRA,DRA,DRA,Mrre_missing_10,0.476,VASC,Zeisel,dr3,15,VASC,other
DRA,DRA,DRA,Mrre_missing_20,0.48,VASC,Zeisel,dr3,15,VASC,other
DRA,DRA,DRA,Mrre_missing_30,0.481,VASC,Zeisel,dr3,15,VASC,other
DRA,DRA,DRA,aji_10,0.002,VASC,Zeisel,dr1,15,VASC,other
DRA,DRA,DRA,aji_20,0.004,VASC,Zeisel,dr1,15,VASC,other
DRA,DRA,DRA,aji_30,0.005,VASC,Zeisel,dr1,15,VASC,other
DRA,DRA,DRA,nkr_10,0.003,VASC,Zeisel,dr1,15,VASC,other
DRA,DRA,DRA,nkr_20,0.007,VASC,Zeisel,dr1,15,VASC,other
DRA,DRA,DRA,nkr_30,0.01,VASC,Zeisel,dr1,15,VASC,other
DRA,DRA,DRA,Mrre_missing_10,0.49,VASC,yan,dr3,15,VASC,other
DRA,DRA,DRA,Mrre_missing_20,0.485,VASC,yan,dr3,15,VASC,other
DRA,DRA,DRA,Mrre_missing_30,0.476,VASC,yan,dr3,15,VASC,other
DRA,DRA,DRA,aji_10,0.065,VASC,yan,dr1,15,VASC,other
DRA,DRA,DRA,aji_20,0.122,VASC,yan,dr1,15,VASC,other
DRA,DRA,DRA,aji_30,0.193,VASC,yan,dr1,15,VASC,other
DRA,DRA,DRA,nkr_10,0.129,VASC,yan,dr1,15,VASC,other
DRA,DRA,DRA,nkr_20,0.217,VASC,yan,dr1,15,VASC,other
DRA,DRA,DRA,nkr_30,0.32,VASC,yan,dr1,15,VASC,other
DRA,DRA,DRA,Mrre_missing_10,0.492,benchmarker,Baron_mouse,dr3,15,curated,other
DRA,DRA,DRA,Mrre_missing_20,0.491,benchmarker,Baron_mouse,dr3,15,curated,other
DRA,DRA,DRA,Mrre_missing_30,0.49,benchmarker,Baron_mouse,dr3,15,curated,other
DRA,DRA,DRA,aji_10,0.002,benchmarker,Baron_mouse,dr1,15,curated,other
DRA,DRA,DRA,aji_20,0.005,benchmarker,Baron_mouse,dr1,15,curated,other
DRA,DRA,DRA,aji_30,0.008,benchmarker,Baron_mouse,dr1,15,curated,other
DRA,DRA,DRA,nkr_10,0.005,benchmarker,Baron_mouse,dr1,15,curated,other
DRA,DRA,DRA,nkr_20,0.01,benchmarker,Baron_mouse,dr1,15,curated,other
DRA,DRA,DRA,nkr_30,0.016,benchmarker,Baron_mouse,dr1,15,curated,other
DRA,DRA,DRA,Mrre_missing_10,0.486,benchmarker,Darmanis,dr3,15,curated,other
DRA,DRA,DRA,Mrre_missing_20,0.486,benchmarker,Darmanis,dr3,15,curated,other
DRA,DRA,DRA,Mrre_missing_30,0.486,benchmarker,Darmanis,dr3,15,curated,other
DRA,DRA,DRA,aji_10,0.012,benchmarker,Darmanis,dr1,15,curated,other
DRA,DRA,DRA,aji_20,0.026,benchmarker,Darmanis,dr1,15,curated,other
DRA,DRA,DRA,aji_30,0.039,benchmarker,Darmanis,dr1,15,curated,other
DRA,DRA,DRA,nkr_10,0.023,benchmarker,Darmanis,dr1,15,curated,other
DRA,DRA,DRA,nkr_20,0.049,benchmarker,Darmanis,dr1,15,curated,other
DRA,DRA,DRA,nkr_30,0.075,benchmarker,Darmanis,dr1,15,curated,other
DRA,DRA,DRA,Mrre_missing_10,0.481,benchmarker,Pancreatic,dr3,15,curated,other
DRA,DRA,DRA,Mrre_missing_20,0.466,benchmarker,Pancreatic,dr3,15,curated,other
DRA,DRA,DRA,Mrre_missing_30,0.444,benchmarker,Pancreatic,dr3,15,curated,other
DRA,DRA,DRA,aji_10,0.097,benchmarker,Pancreatic,dr1,15,curated,other
DRA,DRA,DRA,aji_20,0.192,benchmarker,Pancreatic,dr1,15,curated,other
DRA,DRA,DRA,aji_30,0.32,benchmarker,Pancreatic,dr1,15,curated,other
DRA,DRA,DRA,nkr_10,0.18,benchmarker,Pancreatic,dr1,15,curated,other
DRA,DRA,DRA,nkr_20,0.326,benchmarker,Pancreatic,dr1,15,curated,other
DRA,DRA,DRA,nkr_30,0.484,benchmarker,Pancreatic,dr1,15,curated,other
DRA,DRA,DRA,Mrre_missing_10,0.495,benchmarker,Silver,dr3,15,curated,other
DRA,DRA,DRA,Mrre_missing_20,0.494,benchmarker,Silver,dr3,15,curated,other
DRA,DRA,DRA,Mrre_missing_30,0.494,benchmarker,Silver,dr3,15,curated,other
DRA,DRA,DRA,aji_10,0.002,benchmarker,Silver,dr1,15,curated,other
DRA,DRA,DRA,aji_20,0.004,benchmarker,Silver,dr1,15,curated,other
DRA,DRA,DRA,aji_30,0.006,benchmarker,Silver,dr1,15,curated,other
DRA,DRA,DRA,nkr_10,0.004,benchmarker,Silver,dr1,15,curated,other
DRA,DRA,DRA,nkr_20,0.008,benchmarker,Silver,dr1,15,curated,other
DRA,DRA,DRA,nkr_30,0.012,benchmarker,Silver,dr1,15,curated,other
DRA,DRA,DRA,Mrre_missing_10,0.518,benchmarker,Zhengmix4eq,dr3,15,curated,other
DRA,DRA,DRA,Mrre_missing_20,0.515,benchmarker,Zhengmix4eq,dr3,15,curated,other
DRA,DRA,DRA,Mrre_missing_30,0.514,benchmarker,Zhengmix4eq,dr3,15,curated,other
DRA,DRA,DRA,aji_10,0.001,benchmarker,Zhengmix4eq,dr1,15,curated,other
DRA,DRA,DRA,aji_20,0.003,benchmarker,Zhengmix4eq,dr1,15,curated,other
DRA,DRA,DRA,aji_30,0.004,benchmarker,Zhengmix4eq,dr1,15,curated,other
DRA,DRA,DRA,nkr_10,0.003,benchmarker,Zhengmix4eq,dr1,15,curated,other
DRA,DRA,DRA,nkr_20,0.005,benchmarker,Zhengmix4eq,dr1,15,curated,other
DRA,DRA,DRA,nkr_30,0.008,benchmarker,Zhengmix4eq,dr1,15,curated,other
DRA,DRA,DRA,Mrre_missing_10,0.502,scDesign3,ACINAR,dr3,15,scDesign3,other
DRA,DRA,DRA,Mrre_missing_20,0.502,scDesign3,ACINAR,dr3,15,scDesign3,other
DRA,DRA,DRA,Mrre_missing_30,0.502,scDesign3,ACINAR,dr3,15,scDesign3,other
DRA,DRA,DRA,aji_10,0.002,scDesign3,ACINAR,dr1,15,scDesign3,other
DRA,DRA,DRA,aji_20,0.004,scDesign3,ACINAR,dr1,15,scDesign3,other
DRA,DRA,DRA,aji_30,0.005,scDesign3,ACINAR,dr1,15,scDesign3,other
DRA,DRA,DRA,nkr_10,0.003,scDesign3,ACINAR,dr1,15,scDesign3,other
DRA,DRA,DRA,nkr_20,0.007,scDesign3,ACINAR,dr1,15,scDesign3,other
DRA,DRA,DRA,nkr_30,0.01,scDesign3,ACINAR,dr1,15,scDesign3,other
DRA,DRA,DRA,Mrre_missing_10,0.497,scDesign3,ATAC,dr3,15,scDesign3,other
DRA,DRA,DRA,Mrre_missing_20,0.497,scDesign3,ATAC,dr3,15,scDesign3,other
DRA,DRA,DRA,Mrre_missing_30,0.497,scDesign3,ATAC,dr3,15,scDesign3,other
DRA,DRA,DRA,aji_10,0.001,scDesign3,ATAC,dr1,15,scDesign3,other
DRA,DRA,DRA,aji_20,0.002,scDesign3,ATAC,dr1,15,scDesign3,other
DRA,DRA,DRA,aji_30,0.002,scDesign3,ATAC,dr1,15,scDesign3,other
DRA,DRA,DRA,nkr_10,0.001,scDesign3,ATAC,dr1,15,scDesign3,other
DRA,DRA,DRA,nkr_20,0.003,scDesign3,ATAC,dr1,15,scDesign3,other
DRA,DRA,DRA,nkr_30,0.004,scDesign3,ATAC,dr1,15,scDesign3,other
DRA,DRA,DRA,Mrre_missing_10,0.501,scDesign3,BATCH,dr3,15,scDesign3,other
DRA,DRA,DRA,Mrre_missing_20,0.5,scDesign3,BATCH,dr3,15,scDesign3,other
DRA,DRA,DRA,Mrre_missing_30,0.5,scDesign3,BATCH,dr3,15,scDesign3,other
DRA,DRA,DRA,aji_10,0.001,scDesign3,BATCH,dr1,15,scDesign3,other
DRA,DRA,DRA,aji_20,0.002,scDesign3,BATCH,dr1,15,scDesign3,other
DRA,DRA,DRA,aji_30,0.002,scDesign3,BATCH,dr1,15,scDesign3,other
DRA,DRA,DRA,nkr_10,0.001,scDesign3,BATCH,dr1,15,scDesign3,other
DRA,DRA,DRA,nkr_20,0.003,scDesign3,BATCH,dr1,15,scDesign3,other
DRA,DRA,DRA,nkr_30,0.005,scDesign3,BATCH,dr1,15,scDesign3,other
DRA,DRA,DRA,Mrre_missing_10,0.501,scDesign3,CITE,dr3,15,scDesign3,other
DRA,DRA,DRA,Mrre_missing_20,0.5,scDesign3,CITE,dr3,15,scDesign3,other
DRA,DRA,DRA,Mrre_missing_30,0.5,scDesign3,CITE,dr3,15,scDesign3,other
DRA,DRA,DRA,aji_10,0.001,scDesign3,CITE,dr1,15,scDesign3,other
DRA,DRA,DRA,aji_20,0.001,scDesign3,CITE,dr1,15,scDesign3,other
DRA,DRA,DRA,aji_30,0.002,scDesign3,CITE,dr1,15,scDesign3,other
DRA,DRA,DRA,nkr_10,0.001,scDesign3,CITE,dr1,15,scDesign3,other
DRA,DRA,DRA,nkr_20,0.002,scDesign3,CITE,dr1,15,scDesign3,other
DRA,DRA,DRA,nkr_30,0.003,scDesign3,CITE,dr1,15,scDesign3,other
DRA,DRA,DRA,Mrre_missing_10,0.505,scDesign3,EMBYRO,dr3,15,scDesign3,other
DRA,DRA,DRA,Mrre_missing_20,0.504,scDesign3,EMBYRO,dr3,15,scDesign3,other
DRA,DRA,DRA,Mrre_missing_30,0.503,scDesign3,EMBYRO,dr3,15,scDesign3,other
DRA,DRA,DRA,aji_10,0.004,scDesign3,EMBYRO,dr1,15,scDesign3,other
DRA,DRA,DRA,aji_20,0.008,scDesign3,EMBYRO,dr1,15,scDesign3,other
DRA,DRA,DRA,aji_30,0.012,scDesign3,EMBYRO,dr1,15,scDesign3,other
DRA,DRA,DRA,nkr_10,0.008,scDesign3,EMBYRO,dr1,15,scDesign3,other
DRA,DRA,DRA,nkr_20,0.015,scDesign3,EMBYRO,dr1,15,scDesign3,other
DRA,DRA,DRA,nkr_30,0.023,scDesign3,EMBYRO,dr1,15,scDesign3,other
DRA,DRA,DRA,Mrre_missing_10,0.499,scDesign3,IFNB,dr3,15,scDesign3,other
DRA,DRA,DRA,Mrre_missing_20,0.499,scDesign3,IFNB,dr3,15,scDesign3,other
DRA,DRA,DRA,Mrre_missing_30,0.5,scDesign3,IFNB,dr3,15,scDesign3,other
DRA,DRA,DRA,aji_10,0.0,scDesign3,IFNB,dr1,15,scDesign3,other
DRA,DRA,DRA,aji_20,0.001,scDesign3,IFNB,dr1,15,scDesign3,other
DRA,DRA,DRA,aji_30,0.001,scDesign3,IFNB,dr1,15,scDesign3,other
DRA,DRA,DRA,nkr_10,0.001,scDesign3,IFNB,dr1,15,scDesign3,other
DRA,DRA,DRA,nkr_20,0.002,scDesign3,IFNB,dr1,15,scDesign3,other
DRA,DRA,DRA,nkr_30,0.002,scDesign3,IFNB,dr1,15,scDesign3,other
DRA,DRA,DRA,Mrre_missing_10,0.498,scDesign3,MARROW,dr3,15,scDesign3,other
DRA,DRA,DRA,Mrre_missing_20,0.498,scDesign3,MARROW,dr3,15,scDesign3,other
DRA,DRA,DRA,Mrre_missing_30,0.498,scDesign3,MARROW,dr3,15,scDesign3,other
DRA,DRA,DRA,aji_10,0.002,scDesign3,MARROW,dr1,15,scDesign3,other
DRA,DRA,DRA,aji_20,0.004,scDesign3,MARROW,dr1,15,scDesign3,other
DRA,DRA,DRA,aji_30,0.006,scDesign3,MARROW,dr1,15,scDesign3,other
DRA,DRA,DRA,nkr_10,0.005,scDesign3,MARROW,dr1,15,scDesign3,other
DRA,DRA,DRA,nkr_20,0.008,scDesign3,MARROW,dr1,15,scDesign3,other
DRA,DRA,DRA,nkr_30,0.012,scDesign3,MARROW,dr1,15,scDesign3,other
DRA,DRA,DRA,Mrre_missing_10,0.5,scDesign3,MOBSC,dr3,15,scDesign3,other
DRA,DRA,DRA,Mrre_missing_20,0.501,scDesign3,MOBSC,dr3,15,scDesign3,other
DRA,DRA,DRA,Mrre_missing_30,0.5,scDesign3,MOBSC,dr3,15,scDesign3,other
DRA,DRA,DRA,aji_10,0.0,scDesign3,MOBSC,dr1,15,scDesign3,other
DRA,DRA,DRA,aji_20,0.001,scDesign3,MOBSC,dr1,15,scDesign3,other
DRA,DRA,DRA,aji_30,0.001,scDesign3,MOBSC,dr1,15,scDesign3,other
DRA,DRA,DRA,nkr_10,0.001,scDesign3,MOBSC,dr1,15,scDesign3,other
DRA,DRA,DRA,nkr_20,0.002,scDesign3,MOBSC,dr1,15,scDesign3,other
DRA,DRA,DRA,nkr_30,0.002,scDesign3,MOBSC,dr1,15,scDesign3,other
DRA,DRA,DRA,Mrre_missing_10,0.497,scDesign3,OVARIAN,dr3,15,scDesign3,other
DRA,DRA,DRA,Mrre_missing_20,0.497,scDesign3,OVARIAN,dr3,15,scDesign3,other
DRA,DRA,DRA,Mrre_missing_30,0.497,scDesign3,OVARIAN,dr3,15,scDesign3,other
DRA,DRA,DRA,aji_10,0.002,scDesign3,OVARIAN,dr1,15,scDesign3,other
DRA,DRA,DRA,aji_20,0.003,scDesign3,OVARIAN,dr1,15,scDesign3,other
DRA,DRA,DRA,aji_30,0.005,scDesign3,OVARIAN,dr1,15,scDesign3,other
DRA,DRA,DRA,nkr_10,0.003,scDesign3,OVARIAN,dr1,15,scDesign3,other
DRA,DRA,DRA,nkr_20,0.007,scDesign3,OVARIAN,dr1,15,scDesign3,other
DRA,DRA,DRA,nkr_30,0.009,scDesign3,OVARIAN,dr1,15,scDesign3,other
DRA,DRA,DRA,Mrre_missing_10,0.508,scDesign3,PANCREAS,dr3,15,scDesign3,other
DRA,DRA,DRA,Mrre_missing_20,0.507,scDesign3,PANCREAS,dr3,15,scDesign3,other
DRA,DRA,DRA,Mrre_missing_30,0.507,scDesign3,PANCREAS,dr3,15,scDesign3,other
DRA,DRA,DRA,aji_10,0.003,scDesign3,PANCREAS,dr1,15,scDesign3,other
DRA,DRA,DRA,aji_20,0.005,scDesign3,PANCREAS,dr1,15,scDesign3,other
DRA,DRA,DRA,aji_30,0.008,scDesign3,PANCREAS,dr1,15,scDesign3,other
DRA,DRA,DRA,nkr_10,0.006,scDesign3,PANCREAS,dr1,15,scDesign3,other
DRA,DRA,DRA,nkr_20,0.01,scDesign3,PANCREAS,dr1,15,scDesign3,other
DRA,DRA,DRA,nkr_30,0.015,scDesign3,PANCREAS,dr1,15,scDesign3,other
DRA,DRA,DRA,Mrre_missing_10,0.533,scDesign3,SCGEMMETH,dr3,15,scDesign3,other
DRA,DRA,DRA,Mrre_missing_20,0.526,scDesign3,SCGEMMETH,dr3,15,scDesign3,other
DRA,DRA,DRA,Mrre_missing_30,0.522,scDesign3,SCGEMMETH,dr3,15,scDesign3,other
DRA,DRA,DRA,aji_10,0.032,scDesign3,SCGEMMETH,dr1,15,scDesign3,other
DRA,DRA,DRA,aji_20,0.073,scDesign3,SCGEMMETH,dr1,15,scDesign3,other
DRA,DRA,DRA,aji_30,0.12,scDesign3,SCGEMMETH,dr1,15,scDesign3,other
DRA,DRA,DRA,nkr_10,0.061,scDesign3,SCGEMMETH,dr1,15,scDesign3,other
DRA,DRA,DRA,nkr_20,0.138,scDesign3,SCGEMMETH,dr1,15,scDesign3,other
DRA,DRA,DRA,nkr_30,0.214,scDesign3,SCGEMMETH,dr1,15,scDesign3,other
DRA,DRA,DRA,Mrre_missing_10,0.495,scDesign3,SCGEMRNA,dr3,15,scDesign3,other
DRA,DRA,DRA,Mrre_missing_20,0.491,scDesign3,SCGEMRNA,dr3,15,scDesign3,other
DRA,DRA,DRA,Mrre_missing_30,0.489,scDesign3,SCGEMRNA,dr3,15,scDesign3,other
DRA,DRA,DRA,aji_10,0.027,scDesign3,SCGEMRNA,dr1,15,scDesign3,other
DRA,DRA,DRA,aji_20,0.059,scDesign3,SCGEMRNA,dr1,15,scDesign3,other
DRA,DRA,DRA,aji_30,0.087,scDesign3,SCGEMRNA,dr1,15,scDesign3,other
DRA,DRA,DRA,nkr_10,0.053,scDesign3,SCGEMRNA,dr1,15,scDesign3,other
DRA,DRA,DRA,nkr_20,0.109,scDesign3,SCGEMRNA,dr1,15,scDesign3,other
DRA,DRA,DRA,nkr_30,0.16,scDesign3,SCGEMRNA,dr1,15,scDesign3,other
DRA,DRA,DRA,Mrre_missing_10,0.51,scDesign3,SCIATAC,dr3,15,scDesign3,other
DRA,DRA,DRA,Mrre_missing_20,0.511,scDesign3,SCIATAC,dr3,15,scDesign3,other
DRA,DRA,DRA,Mrre_missing_30,0.508,scDesign3,SCIATAC,dr3,15,scDesign3,other
DRA,DRA,DRA,aji_10,0.001,scDesign3,SCIATAC,dr1,15,scDesign3,other
DRA,DRA,DRA,aji_20,0.002,scDesign3,SCIATAC,dr1,15,scDesign3,other
DRA,DRA,DRA,aji_30,0.004,scDesign3,SCIATAC,dr1,15,scDesign3,other
DRA,DRA,DRA,nkr_10,0.002,scDesign3,SCIATAC,dr1,15,scDesign3,other
DRA,DRA,DRA,nkr_20,0.005,scDesign3,SCIATAC,dr1,15,scDesign3,other
DRA,DRA,DRA,nkr_30,0.007,scDesign3,SCIATAC,dr1,15,scDesign3,other
DRA,DRA,DRA,Mrre_missing_10,0.496,scDesign3,SLIDE,dr3,15,scDesign3,other
DRA,DRA,DRA,Mrre_missing_20,0.496,scDesign3,SLIDE,dr3,15,scDesign3,other
DRA,DRA,DRA,Mrre_missing_30,0.496,scDesign3,SLIDE,dr3,15,scDesign3,other
DRA,DRA,DRA,aji_10,0.0,scDesign3,SLIDE,dr1,15,scDesign3,other
DRA,DRA,DRA,aji_20,0.0,scDesign3,SLIDE,dr1,15,scDesign3,other
DRA,DRA,DRA,aji_30,0.001,scDesign3,SLIDE,dr1,15,scDesign3,other
DRA,DRA,DRA,nkr_10,0.0,scDesign3,SLIDE,dr1,15,scDesign3,other
DRA,DRA,DRA,nkr_20,0.001,scDesign3,SLIDE,dr1,15,scDesign3,other
DRA,DRA,DRA,nkr_30,0.001,scDesign3,SLIDE,dr1,15,scDesign3,other
DRA,DRA,DRA,Mrre_missing_10,0.499,scDesign3,VISIUM,dr3,15,scDesign3,other
DRA,DRA,DRA,Mrre_missing_20,0.5,scDesign3,VISIUM,dr3,15,scDesign3,other
DRA,DRA,DRA,Mrre_missing_30,0.5,scDesign3,VISIUM,dr3,15,scDesign3,other
DRA,DRA,DRA,aji_10,0.002,scDesign3,VISIUM,dr1,15,scDesign3,other
DRA,DRA,DRA,aji_20,0.004,scDesign3,VISIUM,dr1,15,scDesign3,other
DRA,DRA,DRA,aji_30,0.005,scDesign3,VISIUM,dr1,15,scDesign3,other
DRA,DRA,DRA,nkr_10,0.003,scDesign3,VISIUM,dr1,15,scDesign3,other
DRA,DRA,DRA,nkr_20,0.007,scDesign3,VISIUM,dr1,15,scDesign3,other
DRA,DRA,DRA,nkr_30,0.011,scDesign3,VISIUM,dr1,15,scDesign3,other
UMAP,UMAP,UMAP,Mrre_missing_10,0.903,SIMLR,Pollen,dr3,16,SIMLR,other
Parametric UMAP 50,ParametricUMAP50,UMAP,Mrre_missing_10,0.914,SIMLR,Pollen,dr3,16,SIMLR,other
Parametric UMAP 200,ParametricUMAP200,UMAP,Mrre_missing_10,0.912,SIMLR,Pollen,dr3,16,SIMLR,other
UMAP,UMAP,UMAP,Mrre_missing_20,0.889,SIMLR,Pollen,dr3,16,SIMLR,other
Parametric UMAP 50,ParametricUMAP50,UMAP,Mrre_missing_20,0.901,SIMLR,Pollen,dr3,16,SIMLR,other
Parametric UMAP 200,ParametricUMAP200,UMAP,Mrre_missing_20,0.898,SIMLR,Pollen,dr3,16,SIMLR,other
UMAP,UMAP,UMAP,Mrre_missing_30,0.871,SIMLR,Pollen,dr3,16,SIMLR,other
Parametric UMAP 50,ParametricUMAP50,UMAP,Mrre_missing_30,0.883,SIMLR,Pollen,dr3,16,SIMLR,other
Parametric UMAP 200,ParametricUMAP200,UMAP,Mrre_missing_30,0.881,SIMLR,Pollen,dr3,16,SIMLR,other
UMAP,UMAP,UMAP,aji_10,0.135,SIMLR,Pollen,dr1,16,SIMLR,other
Parametric UMAP 50,ParametricUMAP50,UMAP,aji_10,0.136,SIMLR,Pollen,dr1,16,SIMLR,other
Parametric UMAP 200,ParametricUMAP200,UMAP,aji_10,0.146,SIMLR,Pollen,dr1,16,SIMLR,other
UMAP,UMAP,UMAP,aji_20,0.24,SIMLR,Pollen,dr1,16,SIMLR,other
Parametric UMAP 50,ParametricUMAP50,UMAP,aji_20,0.25,SIMLR,Pollen,dr1,16,SIMLR,other
Parametric UMAP 200,ParametricUMAP200,UMAP,aji_20,0.253,SIMLR,Pollen,dr1,16,SIMLR,other
UMAP,UMAP,UMAP,aji_30,0.297,SIMLR,Pollen,dr1,16,SIMLR,other
Parametric UMAP 50,ParametricUMAP50,UMAP,aji_30,0.318,SIMLR,Pollen,dr1,16,SIMLR,other
Parametric UMAP 200,ParametricUMAP200,UMAP,aji_30,0.31,SIMLR,Pollen,dr1,16,SIMLR,other
UMAP,UMAP,UMAP,nkr_10,0.245,SIMLR,Pollen,dr1,16,SIMLR,other
Parametric UMAP 50,ParametricUMAP50,UMAP,nkr_10,0.248,SIMLR,Pollen,dr1,16,SIMLR,other
Parametric UMAP 200,ParametricUMAP200,UMAP,nkr_10,0.27,SIMLR,Pollen,dr1,16,SIMLR,other
UMAP,UMAP,UMAP,nkr_20,0.388,SIMLR,Pollen,dr1,16,SIMLR,other
Parametric UMAP 50,ParametricUMAP50,UMAP,nkr_20,0.4,SIMLR,Pollen,dr1,16,SIMLR,other
Parametric UMAP 200,ParametricUMAP200,UMAP,nkr_20,0.405,SIMLR,Pollen,dr1,16,SIMLR,other
UMAP,UMAP,UMAP,nkr_30,0.462,SIMLR,Pollen,dr1,16,SIMLR,other
Parametric UMAP 50,ParametricUMAP50,UMAP,nkr_30,0.489,SIMLR,Pollen,dr1,16,SIMLR,other
Parametric UMAP 200,ParametricUMAP200,UMAP,nkr_30,0.481,SIMLR,Pollen,dr1,16,SIMLR,other
UMAP,UMAP,UMAP,Mrre_missing_10,0.849,SIMLR,Usoskin,dr3,16,SIMLR,other
Parametric UMAP 50,ParametricUMAP50,UMAP,Mrre_missing_10,0.856,SIMLR,Usoskin,dr3,16,SIMLR,other
Parametric UMAP 200,ParametricUMAP200,UMAP,Mrre_missing_10,0.854,SIMLR,Usoskin,dr3,16,SIMLR,other
UMAP,UMAP,UMAP,Mrre_missing_20,0.824,SIMLR,Usoskin,dr3,16,SIMLR,other
Parametric UMAP 50,ParametricUMAP50,UMAP,Mrre_missing_20,0.833,SIMLR,Usoskin,dr3,16,SIMLR,other
Parametric UMAP 200,ParametricUMAP200,UMAP,Mrre_missing_20,0.83,SIMLR,Usoskin,dr3,16,SIMLR,other
UMAP,UMAP,UMAP,Mrre_missing_30,0.808,SIMLR,Usoskin,dr3,16,SIMLR,other
Parametric UMAP 50,ParametricUMAP50,UMAP,Mrre_missing_30,0.818,SIMLR,Usoskin,dr3,16,SIMLR,other
Parametric UMAP 200,ParametricUMAP200,UMAP,Mrre_missing_30,0.815,SIMLR,Usoskin,dr3,16,SIMLR,other
UMAP,UMAP,UMAP,aji_10,0.04,SIMLR,Usoskin,dr1,16,SIMLR,other
Parametric UMAP 50,ParametricUMAP50,UMAP,aji_10,0.039,SIMLR,Usoskin,dr1,16,SIMLR,other
Parametric UMAP 200,ParametricUMAP200,UMAP,aji_10,0.04,SIMLR,Usoskin,dr1,16,SIMLR,other
UMAP,UMAP,UMAP,aji_20,0.057,SIMLR,Usoskin,dr1,16,SIMLR,other
Parametric UMAP 50,ParametricUMAP50,UMAP,aji_20,0.058,SIMLR,Usoskin,dr1,16,SIMLR,other
Parametric UMAP 200,ParametricUMAP200,UMAP,aji_20,0.059,SIMLR,Usoskin,dr1,16,SIMLR,other
UMAP,UMAP,UMAP,aji_30,0.073,SIMLR,Usoskin,dr1,16,SIMLR,other
Parametric UMAP 50,ParametricUMAP50,UMAP,aji_30,0.074,SIMLR,Usoskin,dr1,16,SIMLR,other
Parametric UMAP 200,ParametricUMAP200,UMAP,aji_30,0.075,SIMLR,Usoskin,dr1,16,SIMLR,other
UMAP,UMAP,UMAP,nkr_10,0.09,SIMLR,Usoskin,dr1,16,SIMLR,other
Parametric UMAP 50,ParametricUMAP50,UMAP,nkr_10,0.094,SIMLR,Usoskin,dr1,16,SIMLR,other
Parametric UMAP 200,ParametricUMAP200,UMAP,nkr_10,0.092,SIMLR,Usoskin,dr1,16,SIMLR,other
UMAP,UMAP,UMAP,nkr_20,0.121,SIMLR,Usoskin,dr1,16,SIMLR,other
Parametric UMAP 50,ParametricUMAP50,UMAP,nkr_20,0.122,SIMLR,Usoskin,dr1,16,SIMLR,other
Parametric UMAP 200,ParametricUMAP200,UMAP,nkr_20,0.124,SIMLR,Usoskin,dr1,16,SIMLR,other
UMAP,UMAP,UMAP,nkr_30,0.146,SIMLR,Usoskin,dr1,16,SIMLR,other
Parametric UMAP 50,ParametricUMAP50,UMAP,nkr_30,0.149,SIMLR,Usoskin,dr1,16,SIMLR,other
Parametric UMAP 200,ParametricUMAP200,UMAP,nkr_30,0.149,SIMLR,Usoskin,dr1,16,SIMLR,other
UMAP,UMAP,UMAP,Mrre_missing_10,0.9,TI,DA1_horns,dr3,16,trajectory,other
Parametric UMAP 50,ParametricUMAP50,UMAP,Mrre_missing_10,0.891,TI,DA1_horns,dr3,16,trajectory,other
Parametric UMAP 200,ParametricUMAP200,UMAP,Mrre_missing_10,0.898,TI,DA1_horns,dr3,16,trajectory,other
UMAP,UMAP,UMAP,Mrre_missing_20,0.892,TI,DA1_horns,dr3,16,trajectory,other
Parametric UMAP 50,ParametricUMAP50,UMAP,Mrre_missing_20,0.884,TI,DA1_horns,dr3,16,trajectory,other
Parametric UMAP 200,ParametricUMAP200,UMAP,Mrre_missing_20,0.89,TI,DA1_horns,dr3,16,trajectory,other
UMAP,UMAP,UMAP,Mrre_missing_30,0.888,TI,DA1_horns,dr3,16,trajectory,other
Parametric UMAP 50,ParametricUMAP50,UMAP,Mrre_missing_30,0.881,TI,DA1_horns,dr3,16,trajectory,other
Parametric UMAP 200,ParametricUMAP200,UMAP,Mrre_missing_30,0.886,TI,DA1_horns,dr3,16,trajectory,other
UMAP,UMAP,UMAP,aji_10,0.116,TI,DA1_horns,dr1,16,trajectory,other
Parametric UMAP 50,ParametricUMAP50,UMAP,aji_10,0.117,TI,DA1_horns,dr1,16,trajectory,other
Parametric UMAP 200,ParametricUMAP200,UMAP,aji_10,0.117,TI,DA1_horns,dr1,16,trajectory,other
UMAP,UMAP,UMAP,aji_20,0.204,TI,DA1_horns,dr1,16,trajectory,other
Parametric UMAP 50,ParametricUMAP50,UMAP,aji_20,0.204,TI,DA1_horns,dr1,16,trajectory,other
Parametric UMAP 200,ParametricUMAP200,UMAP,aji_20,0.206,TI,DA1_horns,dr1,16,trajectory,other
UMAP,UMAP,UMAP,aji_30,0.305,TI,DA1_horns,dr1,16,trajectory,other
Parametric UMAP 50,ParametricUMAP50,UMAP,aji_30,0.305,TI,DA1_horns,dr1,16,trajectory,other
Parametric UMAP 200,ParametricUMAP200,UMAP,aji_30,0.3,TI,DA1_horns,dr1,16,trajectory,other
UMAP,UMAP,UMAP,nkr_10,0.234,TI,DA1_horns,dr1,16,trajectory,other
Parametric UMAP 50,ParametricUMAP50,UMAP,nkr_10,0.214,TI,DA1_horns,dr1,16,trajectory,other
Parametric UMAP 200,ParametricUMAP200,UMAP,nkr_10,0.223,TI,DA1_horns,dr1,16,trajectory,other
UMAP,UMAP,UMAP,nkr_20,0.357,TI,DA1_horns,dr1,16,trajectory,other
Parametric UMAP 50,ParametricUMAP50,UMAP,nkr_20,0.341,TI,DA1_horns,dr1,16,trajectory,other
Parametric UMAP 200,ParametricUMAP200,UMAP,nkr_20,0.349,TI,DA1_horns,dr1,16,trajectory,other
UMAP,UMAP,UMAP,nkr_30,0.465,TI,DA1_horns,dr1,16,trajectory,other
Parametric UMAP 50,ParametricUMAP50,UMAP,nkr_30,0.462,TI,DA1_horns,dr1,16,trajectory,other
Parametric UMAP 200,ParametricUMAP200,UMAP,nkr_30,0.464,TI,DA1_horns,dr1,16,trajectory,other
UMAP,UMAP,UMAP,Mrre_missing_10,0.924,TI,DC3_VA1d_horns,dr3,16,trajectory,other
Parametric UMAP 50,ParametricUMAP50,UMAP,Mrre_missing_10,0.911,TI,DC3_VA1d_horns,dr3,16,trajectory,other
Parametric UMAP 200,ParametricUMAP200,UMAP,Mrre_missing_10,0.923,TI,DC3_VA1d_horns,dr3,16,trajectory,other
UMAP,UMAP,UMAP,Mrre_missing_20,0.918,TI,DC3_VA1d_horns,dr3,16,trajectory,other
Parametric UMAP 50,ParametricUMAP50,UMAP,Mrre_missing_20,0.908,TI,DC3_VA1d_horns,dr3,16,trajectory,other
Parametric UMAP 200,ParametricUMAP200,UMAP,Mrre_missing_20,0.918,TI,DC3_VA1d_horns,dr3,16,trajectory,other
UMAP,UMAP,UMAP,Mrre_missing_30,0.912,TI,DC3_VA1d_horns,dr3,16,trajectory,other
Parametric UMAP 50,ParametricUMAP50,UMAP,Mrre_missing_30,0.904,TI,DC3_VA1d_horns,dr3,16,trajectory,other
Parametric UMAP 200,ParametricUMAP200,UMAP,Mrre_missing_30,0.914,TI,DC3_VA1d_horns,dr3,16,trajectory,other
UMAP,UMAP,UMAP,aji_10,0.226,TI,DC3_VA1d_horns,dr1,16,trajectory,other
Parametric UMAP 50,ParametricUMAP50,UMAP,aji_10,0.207,TI,DC3_VA1d_horns,dr1,16,trajectory,other
Parametric UMAP 200,ParametricUMAP200,UMAP,aji_10,0.225,TI,DC3_VA1d_horns,dr1,16,trajectory,other
UMAP,UMAP,UMAP,aji_20,0.383,TI,DC3_VA1d_horns,dr1,16,trajectory,other
Parametric UMAP 50,ParametricUMAP50,UMAP,aji_20,0.358,TI,DC3_VA1d_horns,dr1,16,trajectory,other
Parametric UMAP 200,ParametricUMAP200,UMAP,aji_20,0.384,TI,DC3_VA1d_horns,dr1,16,trajectory,other
UMAP,UMAP,UMAP,aji_30,0.531,TI,DC3_VA1d_horns,dr1,16,trajectory,other
Parametric UMAP 50,ParametricUMAP50,UMAP,aji_30,0.524,TI,DC3_VA1d_horns,dr1,16,trajectory,other
Parametric UMAP 200,ParametricUMAP200,UMAP,aji_30,0.546,TI,DC3_VA1d_horns,dr1,16,trajectory,other
UMAP,UMAP,UMAP,nkr_10,0.404,TI,DC3_VA1d_horns,dr1,16,trajectory,other
Parametric UMAP 50,ParametricUMAP50,UMAP,nkr_10,0.358,TI,DC3_VA1d_horns,dr1,16,trajectory,other
Parametric UMAP 200,ParametricUMAP200,UMAP,nkr_10,0.403,TI,DC3_VA1d_horns,dr1,16,trajectory,other
UMAP,UMAP,UMAP,nkr_20,0.57,TI,DC3_VA1d_horns,dr1,16,trajectory,other
Parametric UMAP 50,ParametricUMAP50,UMAP,nkr_20,0.538,TI,DC3_VA1d_horns,dr1,16,trajectory,other
Parametric UMAP 200,ParametricUMAP200,UMAP,nkr_20,0.578,TI,DC3_VA1d_horns,dr1,16,trajectory,other
UMAP,UMAP,UMAP,nkr_30,0.699,TI,DC3_VA1d_horns,dr1,16,trajectory,other
Parametric UMAP 50,ParametricUMAP50,UMAP,nkr_30,0.697,TI,DC3_VA1d_horns,dr1,16,trajectory,other
Parametric UMAP 200,ParametricUMAP200,UMAP,nkr_30,0.714,TI,DC3_VA1d_horns,dr1,16,trajectory,other
UMAP,UMAP,UMAP,Mrre_missing_10,0.962,TI,ICM,dr3,16,trajectory,other
Parametric UMAP 50,ParametricUMAP50,UMAP,Mrre_missing_10,0.958,TI,ICM,dr3,16,trajectory,other
Parametric UMAP 200,ParametricUMAP200,UMAP,Mrre_missing_10,0.96,TI,ICM,dr3,16,trajectory,other
UMAP,UMAP,UMAP,Mrre_missing_20,0.954,TI,ICM,dr3,16,trajectory,other
Parametric UMAP 50,ParametricUMAP50,UMAP,Mrre_missing_20,0.952,TI,ICM,dr3,16,trajectory,other
Parametric UMAP 200,ParametricUMAP200,UMAP,Mrre_missing_20,0.953,TI,ICM,dr3,16,trajectory,other
UMAP,UMAP,UMAP,Mrre_missing_30,0.949,TI,ICM,dr3,16,trajectory,other
Parametric UMAP 50,ParametricUMAP50,UMAP,Mrre_missing_30,0.949,TI,ICM,dr3,16,trajectory,other
Parametric UMAP 200,ParametricUMAP200,UMAP,Mrre_missing_30,0.949,TI,ICM,dr3,16,trajectory,other
UMAP,UMAP,UMAP,aji_10,0.294,TI,ICM,dr1,16,trajectory,other
Parametric UMAP 50,ParametricUMAP50,UMAP,aji_10,0.282,TI,ICM,dr1,16,trajectory,other
Parametric UMAP 200,ParametricUMAP200,UMAP,aji_10,0.273,TI,ICM,dr1,16,trajectory,other
UMAP,UMAP,UMAP,aji_20,0.429,TI,ICM,dr1,16,trajectory,other
Parametric UMAP 50,ParametricUMAP50,UMAP,aji_20,0.425,TI,ICM,dr1,16,trajectory,other
Parametric UMAP 200,ParametricUMAP200,UMAP,aji_20,0.436,TI,ICM,dr1,16,trajectory,other
UMAP,UMAP,UMAP,aji_30,0.561,TI,ICM,dr1,16,trajectory,other
Parametric UMAP 50,ParametricUMAP50,UMAP,aji_30,0.554,TI,ICM,dr1,16,trajectory,other
Parametric UMAP 200,ParametricUMAP200,UMAP,aji_30,0.569,TI,ICM,dr1,16,trajectory,other
UMAP,UMAP,UMAP,nkr_10,0.499,TI,ICM,dr1,16,trajectory,other
Parametric UMAP 50,ParametricUMAP50,UMAP,nkr_10,0.477,TI,ICM,dr1,16,trajectory,other
Parametric UMAP 200,ParametricUMAP200,UMAP,nkr_10,0.468,TI,ICM,dr1,16,trajectory,other
UMAP,UMAP,UMAP,nkr_20,0.615,TI,ICM,dr1,16,trajectory,other
Parametric UMAP 50,ParametricUMAP50,UMAP,nkr_20,0.606,TI,ICM,dr1,16,trajectory,other
Parametric UMAP 200,ParametricUMAP200,UMAP,nkr_20,0.615,TI,ICM,dr1,16,trajectory,other
UMAP,UMAP,UMAP,nkr_30,0.718,TI,ICM,dr1,16,trajectory,other
Parametric UMAP 50,ParametricUMAP50,UMAP,nkr_30,0.705,TI,ICM,dr1,16,trajectory,other
Parametric UMAP 200,ParametricUMAP200,UMAP,nkr_30,0.724,TI,ICM,dr1,16,trajectory,other
UMAP,UMAP,UMAP,Mrre_missing_10,0.971,TI,blastocyst,dr3,16,trajectory,other
Parametric UMAP 50,ParametricUMAP50,UMAP,Mrre_missing_10,0.968,TI,blastocyst,dr3,16,trajectory,other
Parametric UMAP 200,ParametricUMAP200,UMAP,Mrre_missing_10,0.968,TI,blastocyst,dr3,16,trajectory,other
UMAP,UMAP,UMAP,Mrre_missing_20,0.966,TI,blastocyst,dr3,16,trajectory,other
Parametric UMAP 50,ParametricUMAP50,UMAP,Mrre_missing_20,0.964,TI,blastocyst,dr3,16,trajectory,other
Parametric UMAP 200,ParametricUMAP200,UMAP,Mrre_missing_20,0.963,TI,blastocyst,dr3,16,trajectory,other
UMAP,UMAP,UMAP,Mrre_missing_30,0.962,TI,blastocyst,dr3,16,trajectory,other
Parametric UMAP 50,ParametricUMAP50,UMAP,Mrre_missing_30,0.961,TI,blastocyst,dr3,16,trajectory,other
Parametric UMAP 200,ParametricUMAP200,UMAP,Mrre_missing_30,0.96,TI,blastocyst,dr3,16,trajectory,other
UMAP,UMAP,UMAP,aji_10,0.306,TI,blastocyst,dr1,16,trajectory,other
Parametric UMAP 50,ParametricUMAP50,UMAP,aji_10,0.275,TI,blastocyst,dr1,16,trajectory,other
Parametric UMAP 200,ParametricUMAP200,UMAP,aji_10,0.276,TI,blastocyst,dr1,16,trajectory,other
UMAP,UMAP,UMAP,aji_20,0.429,TI,blastocyst,dr1,16,trajectory,other
Parametric UMAP 50,ParametricUMAP50,UMAP,aji_20,0.413,TI,blastocyst,dr1,16,trajectory,other
Parametric UMAP 200,ParametricUMAP200,UMAP,aji_20,0.415,TI,blastocyst,dr1,16,trajectory,other
UMAP,UMAP,UMAP,aji_30,0.539,TI,blastocyst,dr1,16,trajectory,other
Parametric UMAP 50,ParametricUMAP50,UMAP,aji_30,0.542,TI,blastocyst,dr1,16,trajectory,other
Parametric UMAP 200,ParametricUMAP200,UMAP,aji_30,0.524,TI,blastocyst,dr1,16,trajectory,other
UMAP,UMAP,UMAP,nkr_10,0.509,TI,blastocyst,dr1,16,trajectory,other
Parametric UMAP 50,ParametricUMAP50,UMAP,nkr_10,0.466,TI,blastocyst,dr1,16,trajectory,other
Parametric UMAP 200,ParametricUMAP200,UMAP,nkr_10,0.464,TI,blastocyst,dr1,16,trajectory,other
UMAP,UMAP,UMAP,nkr_20,0.624,TI,blastocyst,dr1,16,trajectory,other
Parametric UMAP 50,ParametricUMAP50,UMAP,nkr_20,0.606,TI,blastocyst,dr1,16,trajectory,other
Parametric UMAP 200,ParametricUMAP200,UMAP,nkr_20,0.604,TI,blastocyst,dr1,16,trajectory,other
UMAP,UMAP,UMAP,nkr_30,0.706,TI,blastocyst,dr1,16,trajectory,other
Parametric UMAP 50,ParametricUMAP50,UMAP,nkr_30,0.71,TI,blastocyst,dr1,16,trajectory,other
Parametric UMAP 200,ParametricUMAP200,UMAP,nkr_30,0.694,TI,blastocyst,dr1,16,trajectory,other
UMAP,UMAP,UMAP,Mrre_missing_10,0.862,TI,combination-1,dr3,16,trajectory,other
Parametric UMAP 50,ParametricUMAP50,UMAP,Mrre_missing_10,0.879,TI,combination-1,dr3,16,trajectory,other
Parametric UMAP 200,ParametricUMAP200,UMAP,Mrre_missing_10,0.878,TI,combination-1,dr3,16,trajectory,other
UMAP,UMAP,UMAP,Mrre_missing_20,0.849,TI,combination-1,dr3,16,trajectory,other
Parametric UMAP 50,ParametricUMAP50,UMAP,Mrre_missing_20,0.864,TI,combination-1,dr3,16,trajectory,other
Parametric UMAP 200,ParametricUMAP200,UMAP,Mrre_missing_20,0.863,TI,combination-1,dr3,16,trajectory,other
UMAP,UMAP,UMAP,Mrre_missing_30,0.841,TI,combination-1,dr3,16,trajectory,other
Parametric UMAP 50,ParametricUMAP50,UMAP,Mrre_missing_30,0.854,TI,combination-1,dr3,16,trajectory,other
Parametric UMAP 200,ParametricUMAP200,UMAP,Mrre_missing_30,0.853,TI,combination-1,dr3,16,trajectory,other
UMAP,UMAP,UMAP,aji_10,0.02,TI,combination-1,dr1,16,trajectory,other
Parametric UMAP 50,ParametricUMAP50,UMAP,aji_10,0.017,TI,combination-1,dr1,16,trajectory,other
Parametric UMAP 200,ParametricUMAP200,UMAP,aji_10,0.018,TI,combination-1,dr1,16,trajectory,other
UMAP,UMAP,UMAP,aji_20,0.027,TI,combination-1,dr1,16,trajectory,other
Parametric UMAP 50,ParametricUMAP50,UMAP,aji_20,0.025,TI,combination-1,dr1,16,trajectory,other
Parametric UMAP 200,ParametricUMAP200,UMAP,aji_20,0.025,TI,combination-1,dr1,16,trajectory,other
UMAP,UMAP,UMAP,aji_30,0.033,TI,combination-1,dr1,16,trajectory,other
Parametric UMAP 50,ParametricUMAP50,UMAP,aji_30,0.03,TI,combination-1,dr1,16,trajectory,other
Parametric UMAP 200,ParametricUMAP200,UMAP,aji_30,0.03,TI,combination-1,dr1,16,trajectory,other
UMAP,UMAP,UMAP,nkr_10,0.044,TI,combination-1,dr1,16,trajectory,other
Parametric UMAP 50,ParametricUMAP50,UMAP,nkr_10,0.039,TI,combination-1,dr1,16,trajectory,other
Parametric UMAP 200,ParametricUMAP200,UMAP,nkr_10,0.041,TI,combination-1,dr1,16,trajectory,other
UMAP,UMAP,UMAP,nkr_20,0.058,TI,combination-1,dr1,16,trajectory,other
Parametric UMAP 50,ParametricUMAP50,UMAP,nkr_20,0.053,TI,combination-1,dr1,16,trajectory,other
Parametric UMAP 200,ParametricUMAP200,UMAP,nkr_20,0.054,TI,combination-1,dr1,16,trajectory,other
UMAP,UMAP,UMAP,nkr_30,0.068,TI,combination-1,dr1,16,trajectory,other
Parametric UMAP 50,ParametricUMAP50,UMAP,nkr_30,0.061,TI,combination-1,dr1,16,trajectory,other
Parametric UMAP 200,ParametricUMAP200,UMAP,nkr_30,0.062,TI,combination-1,dr1,16,trajectory,other
UMAP,UMAP,UMAP,Mrre_missing_10,0.886,TI,combination-2,dr3,16,trajectory,other
Parametric UMAP 50,ParametricUMAP50,UMAP,Mrre_missing_10,0.885,TI,combination-2,dr3,16,trajectory,other
Parametric UMAP 200,ParametricUMAP200,UMAP,Mrre_missing_10,0.887,TI,combination-2,dr3,16,trajectory,other
UMAP,UMAP,UMAP,Mrre_missing_20,0.87,TI,combination-2,dr3,16,trajectory,other
Parametric UMAP 50,ParametricUMAP50,UMAP,Mrre_missing_20,0.869,TI,combination-2,dr3,16,trajectory,other
Parametric UMAP 200,ParametricUMAP200,UMAP,Mrre_missing_20,0.87,TI,combination-2,dr3,16,trajectory,other
UMAP,UMAP,UMAP,Mrre_missing_30,0.86,TI,combination-2,dr3,16,trajectory,other
Parametric UMAP 50,ParametricUMAP50,UMAP,Mrre_missing_30,0.858,TI,combination-2,dr3,16,trajectory,other
Parametric UMAP 200,ParametricUMAP200,UMAP,Mrre_missing_30,0.86,TI,combination-2,dr3,16,trajectory,other
UMAP,UMAP,UMAP,aji_10,0.02,TI,combination-2,dr1,16,trajectory,other
Parametric UMAP 50,ParametricUMAP50,UMAP,aji_10,0.017,TI,combination-2,dr1,16,trajectory,other
Parametric UMAP 200,ParametricUMAP200,UMAP,aji_10,0.018,TI,combination-2,dr1,16,trajectory,other
UMAP,UMAP,UMAP,aji_20,0.028,TI,combination-2,dr1,16,trajectory,other
Parametric UMAP 50,ParametricUMAP50,UMAP,aji_20,0.025,TI,combination-2,dr1,16,trajectory,other
Parametric UMAP 200,ParametricUMAP200,UMAP,aji_20,0.026,TI,combination-2,dr1,16,trajectory,other
UMAP,UMAP,UMAP,aji_30,0.033,TI,combination-2,dr1,16,trajectory,other
Parametric UMAP 50,ParametricUMAP50,UMAP,aji_30,0.03,TI,combination-2,dr1,16,trajectory,other
Parametric UMAP 200,ParametricUMAP200,UMAP,aji_30,0.031,TI,combination-2,dr1,16,trajectory,other
UMAP,UMAP,UMAP,nkr_10,0.044,TI,combination-2,dr1,16,trajectory,other
Parametric UMAP 50,ParametricUMAP50,UMAP,nkr_10,0.037,TI,combination-2,dr1,16,trajectory,other
Parametric UMAP 200,ParametricUMAP200,UMAP,nkr_10,0.04,TI,combination-2,dr1,16,trajectory,other
UMAP,UMAP,UMAP,nkr_20,0.059,TI,combination-2,dr1,16,trajectory,other
Parametric UMAP 50,ParametricUMAP50,UMAP,nkr_20,0.052,TI,combination-2,dr1,16,trajectory,other
Parametric UMAP 200,ParametricUMAP200,UMAP,nkr_20,0.055,TI,combination-2,dr1,16,trajectory,other
UMAP,UMAP,UMAP,nkr_30,0.068,TI,combination-2,dr1,16,trajectory,other
Parametric UMAP 50,ParametricUMAP50,UMAP,nkr_30,0.062,TI,combination-2,dr1,16,trajectory,other
Parametric UMAP 200,ParametricUMAP200,UMAP,nkr_30,0.064,TI,combination-2,dr1,16,trajectory,other
UMAP,UMAP,UMAP,Mrre_missing_10,0.908,TI,combination-3,dr3,16,trajectory,other
Parametric UMAP 50,ParametricUMAP50,UMAP,Mrre_missing_10,0.906,TI,combination-3,dr3,16,trajectory,other
Parametric UMAP 200,ParametricUMAP200,UMAP,Mrre_missing_10,0.908,TI,combination-3,dr3,16,trajectory,other
UMAP,UMAP,UMAP,Mrre_missing_20,0.895,TI,combination-3,dr3,16,trajectory,other
Parametric UMAP 50,ParametricUMAP50,UMAP,Mrre_missing_20,0.892,TI,combination-3,dr3,16,trajectory,other
Parametric UMAP 200,ParametricUMAP200,UMAP,Mrre_missing_20,0.895,TI,combination-3,dr3,16,trajectory,other
UMAP,UMAP,UMAP,Mrre_missing_30,0.886,TI,combination-3,dr3,16,trajectory,other
Parametric UMAP 50,ParametricUMAP50,UMAP,Mrre_missing_30,0.883,TI,combination-3,dr3,16,trajectory,other
Parametric UMAP 200,ParametricUMAP200,UMAP,Mrre_missing_30,0.886,TI,combination-3,dr3,16,trajectory,other
UMAP,UMAP,UMAP,aji_10,0.032,TI,combination-3,dr1,16,trajectory,other
Parametric UMAP 50,ParametricUMAP50,UMAP,aji_10,0.029,TI,combination-3,dr1,16,trajectory,other
Parametric UMAP 200,ParametricUMAP200,UMAP,aji_10,0.03,TI,combination-3,dr1,16,trajectory,other
UMAP,UMAP,UMAP,aji_20,0.044,TI,combination-3,dr1,16,trajectory,other
Parametric UMAP 50,ParametricUMAP50,UMAP,aji_20,0.041,TI,combination-3,dr1,16,trajectory,other
Parametric UMAP 200,ParametricUMAP200,UMAP,aji_20,0.043,TI,combination-3,dr1,16,trajectory,other
UMAP,UMAP,UMAP,aji_30,0.054,TI,combination-3,dr1,16,trajectory,other
Parametric UMAP 50,ParametricUMAP50,UMAP,aji_30,0.05,TI,combination-3,dr1,16,trajectory,other
Parametric UMAP 200,ParametricUMAP200,UMAP,aji_30,0.052,TI,combination-3,dr1,16,trajectory,other
UMAP,UMAP,UMAP,nkr_10,0.07,TI,combination-3,dr1,16,trajectory,other
Parametric UMAP 50,ParametricUMAP50,UMAP,nkr_10,0.063,TI,combination-3,dr1,16,trajectory,other
Parametric UMAP 200,ParametricUMAP200,UMAP,nkr_10,0.066,TI,combination-3,dr1,16,trajectory,other
UMAP,UMAP,UMAP,nkr_20,0.092,TI,combination-3,dr1,16,trajectory,other
Parametric UMAP 50,ParametricUMAP50,UMAP,nkr_20,0.085,TI,combination-3,dr1,16,trajectory,other
Parametric UMAP 200,ParametricUMAP200,UMAP,nkr_20,0.089,TI,combination-3,dr1,16,trajectory,other
UMAP,UMAP,UMAP,nkr_30,0.108,TI,combination-3,dr1,16,trajectory,other
Parametric UMAP 50,ParametricUMAP50,UMAP,nkr_30,0.101,TI,combination-3,dr1,16,trajectory,other
Parametric UMAP 200,ParametricUMAP200,UMAP,nkr_30,0.105,TI,combination-3,dr1,16,trajectory,other
UMAP,UMAP,UMAP,Mrre_missing_10,0.947,TI,epiblast,dr3,16,trajectory,other
Parametric UMAP 50,ParametricUMAP50,UMAP,Mrre_missing_10,0.942,TI,epiblast,dr3,16,trajectory,other
Parametric UMAP 200,ParametricUMAP200,UMAP,Mrre_missing_10,0.941,TI,epiblast,dr3,16,trajectory,other
UMAP,UMAP,UMAP,Mrre_missing_20,0.935,TI,epiblast,dr3,16,trajectory,other
Parametric UMAP 50,ParametricUMAP50,UMAP,Mrre_missing_20,0.931,TI,epiblast,dr3,16,trajectory,other
Parametric UMAP 200,ParametricUMAP200,UMAP,Mrre_missing_20,0.93,TI,epiblast,dr3,16,trajectory,other
UMAP,UMAP,UMAP,Mrre_missing_30,0.928,TI,epiblast,dr3,16,trajectory,other
Parametric UMAP 50,ParametricUMAP50,UMAP,Mrre_missing_30,0.924,TI,epiblast,dr3,16,trajectory,other
Parametric UMAP 200,ParametricUMAP200,UMAP,Mrre_missing_30,0.922,TI,epiblast,dr3,16,trajectory,other
UMAP,UMAP,UMAP,aji_10,0.298,TI,epiblast,dr1,16,trajectory,other
Parametric UMAP 50,ParametricUMAP50,UMAP,aji_10,0.288,TI,epiblast,dr1,16,trajectory,other
Parametric UMAP 200,ParametricUMAP200,UMAP,aji_10,0.286,TI,epiblast,dr1,16,trajectory,other
UMAP,UMAP,UMAP,aji_20,0.426,TI,epiblast,dr1,16,trajectory,other
Parametric UMAP 50,ParametricUMAP50,UMAP,aji_20,0.432,TI,epiblast,dr1,16,trajectory,other
Parametric UMAP 200,ParametricUMAP200,UMAP,aji_20,0.432,TI,epiblast,dr1,16,trajectory,other
UMAP,UMAP,UMAP,aji_30,0.547,TI,epiblast,dr1,16,trajectory,other
Parametric UMAP 50,ParametricUMAP50,UMAP,aji_30,0.556,TI,epiblast,dr1,16,trajectory,other
Parametric UMAP 200,ParametricUMAP200,UMAP,aji_30,0.547,TI,epiblast,dr1,16,trajectory,other
UMAP,UMAP,UMAP,nkr_10,0.502,TI,epiblast,dr1,16,trajectory,other
Parametric UMAP 50,ParametricUMAP50,UMAP,nkr_10,0.485,TI,epiblast,dr1,16,trajectory,other
Parametric UMAP 200,ParametricUMAP200,UMAP,nkr_10,0.482,TI,epiblast,dr1,16,trajectory,other
UMAP,UMAP,UMAP,nkr_20,0.611,TI,epiblast,dr1,16,trajectory,other
Parametric UMAP 50,ParametricUMAP50,UMAP,nkr_20,0.619,TI,epiblast,dr1,16,trajectory,other
Parametric UMAP 200,ParametricUMAP200,UMAP,nkr_20,0.609,TI,epiblast,dr1,16,trajectory,other
UMAP,UMAP,UMAP,nkr_30,0.701,TI,epiblast,dr1,16,trajectory,other
Parametric UMAP 50,ParametricUMAP50,UMAP,nkr_30,0.71,TI,epiblast,dr1,16,trajectory,other
Parametric UMAP 200,ParametricUMAP200,UMAP,nkr_30,0.7,TI,epiblast,dr1,16,trajectory,other
UMAP,UMAP,UMAP,Mrre_missing_10,0.894,TI,epidermis,dr3,16,trajectory,other
Parametric UMAP 50,ParametricUMAP50,UMAP,Mrre_missing_10,0.896,TI,epidermis,dr3,16,trajectory,other
Parametric UMAP 200,ParametricUMAP200,UMAP,Mrre_missing_10,0.895,TI,epidermis,dr3,16,trajectory,other
UMAP,UMAP,UMAP,Mrre_missing_20,0.876,TI,epidermis,dr3,16,trajectory,other
Parametric UMAP 50,ParametricUMAP50,UMAP,Mrre_missing_20,0.878,TI,epidermis,dr3,16,trajectory,other
Parametric UMAP 200,ParametricUMAP200,UMAP,Mrre_missing_20,0.877,TI,epidermis,dr3,16,trajectory,other
UMAP,UMAP,UMAP,Mrre_missing_30,0.865,TI,epidermis,dr3,16,trajectory,other
Parametric UMAP 50,ParametricUMAP50,UMAP,Mrre_missing_30,0.868,TI,epidermis,dr3,16,trajectory,other
Parametric UMAP 200,ParametricUMAP200,UMAP,Mrre_missing_30,0.867,TI,epidermis,dr3,16,trajectory,other
UMAP,UMAP,UMAP,aji_10,0.019,TI,epidermis,dr1,16,trajectory,other
Parametric UMAP 50,ParametricUMAP50,UMAP,aji_10,0.018,TI,epidermis,dr1,16,trajectory,other
Parametric UMAP 200,ParametricUMAP200,UMAP,aji_10,0.018,TI,epidermis,dr1,16,trajectory,other
UMAP,UMAP,UMAP,aji_20,0.027,TI,epidermis,dr1,16,trajectory,other
Parametric UMAP 50,ParametricUMAP50,UMAP,aji_20,0.026,TI,epidermis,dr1,16,trajectory,other
Parametric UMAP 200,ParametricUMAP200,UMAP,aji_20,0.025,TI,epidermis,dr1,16,trajectory,other
UMAP,UMAP,UMAP,aji_30,0.032,TI,epidermis,dr1,16,trajectory,other
Parametric UMAP 50,ParametricUMAP50,UMAP,aji_30,0.032,TI,epidermis,dr1,16,trajectory,other
Parametric UMAP 200,ParametricUMAP200,UMAP,aji_30,0.031,TI,epidermis,dr1,16,trajectory,other
UMAP,UMAP,UMAP,nkr_10,0.042,TI,epidermis,dr1,16,trajectory,other
Parametric UMAP 50,ParametricUMAP50,UMAP,nkr_10,0.041,TI,epidermis,dr1,16,trajectory,other
Parametric UMAP 200,ParametricUMAP200,UMAP,nkr_10,0.042,TI,epidermis,dr1,16,trajectory,other
UMAP,UMAP,UMAP,nkr_20,0.057,TI,epidermis,dr1,16,trajectory,other
Parametric UMAP 50,ParametricUMAP50,UMAP,nkr_20,0.056,TI,epidermis,dr1,16,trajectory,other
Parametric UMAP 200,ParametricUMAP200,UMAP,nkr_20,0.055,TI,epidermis,dr1,16,trajectory,other
UMAP,UMAP,UMAP,nkr_30,0.067,TI,epidermis,dr1,16,trajectory,other
Parametric UMAP 50,ParametricUMAP50,UMAP,nkr_30,0.067,TI,epidermis,dr1,16,trajectory,other
Parametric UMAP 200,ParametricUMAP200,UMAP,nkr_30,0.066,TI,epidermis,dr1,16,trajectory,other
UMAP,UMAP,UMAP,Mrre_missing_10,0.922,TI,horns,dr3,16,trajectory,other
Parametric UMAP 50,ParametricUMAP50,UMAP,Mrre_missing_10,0.917,TI,horns,dr3,16,trajectory,other
Parametric UMAP 200,ParametricUMAP200,UMAP,Mrre_missing_10,0.918,TI,horns,dr3,16,trajectory,other
UMAP,UMAP,UMAP,Mrre_missing_20,0.914,TI,horns,dr3,16,trajectory,other
Parametric UMAP 50,ParametricUMAP50,UMAP,Mrre_missing_20,0.909,TI,horns,dr3,16,trajectory,other
Parametric UMAP 200,ParametricUMAP200,UMAP,Mrre_missing_20,0.911,TI,horns,dr3,16,trajectory,other
UMAP,UMAP,UMAP,Mrre_missing_30,0.909,TI,horns,dr3,16,trajectory,other
Parametric UMAP 50,ParametricUMAP50,UMAP,Mrre_missing_30,0.904,TI,horns,dr3,16,trajectory,other
Parametric UMAP 200,ParametricUMAP200,UMAP,Mrre_missing_30,0.905,TI,horns,dr3,16,trajectory,other
UMAP,UMAP,UMAP,aji_10,0.12,TI,horns,dr1,16,trajectory,other
Parametric UMAP 50,ParametricUMAP50,UMAP,aji_10,0.101,TI,horns,dr1,16,trajectory,other
Parametric UMAP 200,ParametricUMAP200,UMAP,aji_10,0.116,TI,horns,dr1,16,trajectory,other
UMAP,UMAP,UMAP,aji_20,0.183,TI,horns,dr1,16,trajectory,other
Parametric UMAP 50,ParametricUMAP50,UMAP,aji_20,0.175,TI,horns,dr1,16,trajectory,other
Parametric UMAP 200,ParametricUMAP200,UMAP,aji_20,0.192,TI,horns,dr1,16,trajectory,other
UMAP,UMAP,UMAP,aji_30,0.234,TI,horns,dr1,16,trajectory,other
Parametric UMAP 50,ParametricUMAP50,UMAP,aji_30,0.235,TI,horns,dr1,16,trajectory,other
Parametric UMAP 200,ParametricUMAP200,UMAP,aji_30,0.243,TI,horns,dr1,16,trajectory,other
UMAP,UMAP,UMAP,nkr_10,0.225,TI,horns,dr1,16,trajectory,other
Parametric UMAP 50,ParametricUMAP50,UMAP,nkr_10,0.186,TI,horns,dr1,16,trajectory,other
Parametric UMAP 200,ParametricUMAP200,UMAP,nkr_10,0.217,TI,horns,dr1,16,trajectory,other
UMAP,UMAP,UMAP,nkr_20,0.322,TI,horns,dr1,16,trajectory,other
Parametric UMAP 50,ParametricUMAP50,UMAP,nkr_20,0.301,TI,horns,dr1,16,trajectory,other
Parametric UMAP 200,ParametricUMAP200,UMAP,nkr_20,0.329,TI,horns,dr1,16,trajectory,other
UMAP,UMAP,UMAP,nkr_30,0.388,TI,horns,dr1,16,trajectory,other
Parametric UMAP 50,ParametricUMAP50,UMAP,nkr_30,0.385,TI,horns,dr1,16,trajectory,other
Parametric UMAP 200,ParametricUMAP200,UMAP,nkr_30,0.398,TI,horns,dr1,16,trajectory,other
UMAP,UMAP,UMAP,Mrre_missing_10,0.865,TI,muscle,dr3,16,trajectory,other
Parametric UMAP 50,ParametricUMAP50,UMAP,Mrre_missing_10,0.87,TI,muscle,dr3,16,trajectory,other
Parametric UMAP 200,ParametricUMAP200,UMAP,Mrre_missing_10,0.869,TI,muscle,dr3,16,trajectory,other
UMAP,UMAP,UMAP,Mrre_missing_20,0.846,TI,muscle,dr3,16,trajectory,other
Parametric UMAP 50,ParametricUMAP50,UMAP,Mrre_missing_20,0.851,TI,muscle,dr3,16,trajectory,other
Parametric UMAP 200,ParametricUMAP200,UMAP,Mrre_missing_20,0.849,TI,muscle,dr3,16,trajectory,other
UMAP,UMAP,UMAP,Mrre_missing_30,0.835,TI,muscle,dr3,16,trajectory,other
Parametric UMAP 50,ParametricUMAP50,UMAP,Mrre_missing_30,0.84,TI,muscle,dr3,16,trajectory,other
Parametric UMAP 200,ParametricUMAP200,UMAP,Mrre_missing_30,0.838,TI,muscle,dr3,16,trajectory,other
UMAP,UMAP,UMAP,aji_10,0.017,TI,muscle,dr1,16,trajectory,other
Parametric UMAP 50,ParametricUMAP50,UMAP,aji_10,0.015,TI,muscle,dr1,16,trajectory,other
Parametric UMAP 200,ParametricUMAP200,UMAP,aji_10,0.017,TI,muscle,dr1,16,trajectory,other
UMAP,UMAP,UMAP,aji_20,0.023,TI,muscle,dr1,16,trajectory,other
Parametric UMAP 50,ParametricUMAP50,UMAP,aji_20,0.022,TI,muscle,dr1,16,trajectory,other
Parametric UMAP 200,ParametricUMAP200,UMAP,aji_20,0.023,TI,muscle,dr1,16,trajectory,other
UMAP,UMAP,UMAP,aji_30,0.028,TI,muscle,dr1,16,trajectory,other
Parametric UMAP 50,ParametricUMAP50,UMAP,aji_30,0.027,TI,muscle,dr1,16,trajectory,other
Parametric UMAP 200,ParametricUMAP200,UMAP,aji_30,0.028,TI,muscle,dr1,16,trajectory,other
UMAP,UMAP,UMAP,nkr_10,0.04,TI,muscle,dr1,16,trajectory,other
Parametric UMAP 50,ParametricUMAP50,UMAP,nkr_10,0.038,TI,muscle,dr1,16,trajectory,other
Parametric UMAP 200,ParametricUMAP200,UMAP,nkr_10,0.041,TI,muscle,dr1,16,trajectory,other
UMAP,UMAP,UMAP,nkr_20,0.051,TI,muscle,dr1,16,trajectory,other
Parametric UMAP 50,ParametricUMAP50,UMAP,nkr_20,0.05,TI,muscle,dr1,16,trajectory,other
Parametric UMAP 200,ParametricUMAP200,UMAP,nkr_20,0.052,TI,muscle,dr1,16,trajectory,other
UMAP,UMAP,UMAP,nkr_30,0.06,TI,muscle,dr1,16,trajectory,other
Parametric UMAP 50,ParametricUMAP50,UMAP,nkr_30,0.059,TI,muscle,dr1,16,trajectory,other
Parametric UMAP 200,ParametricUMAP200,UMAP,nkr_30,0.061,TI,muscle,dr1,16,trajectory,other
UMAP,UMAP,UMAP,Mrre_missing_10,0.834,TI,neuron,dr3,16,trajectory,other
Parametric UMAP 50,ParametricUMAP50,UMAP,Mrre_missing_10,0.841,TI,neuron,dr3,16,trajectory,other
Parametric UMAP 200,ParametricUMAP200,UMAP,Mrre_missing_10,0.841,TI,neuron,dr3,16,trajectory,other
UMAP,UMAP,UMAP,Mrre_missing_20,0.811,TI,neuron,dr3,16,trajectory,other
Parametric UMAP 50,ParametricUMAP50,UMAP,Mrre_missing_20,0.816,TI,neuron,dr3,16,trajectory,other
Parametric UMAP 200,ParametricUMAP200,UMAP,Mrre_missing_20,0.816,TI,neuron,dr3,16,trajectory,other
UMAP,UMAP,UMAP,Mrre_missing_30,0.798,TI,neuron,dr3,16,trajectory,other
Parametric UMAP 50,ParametricUMAP50,UMAP,Mrre_missing_30,0.803,TI,neuron,dr3,16,trajectory,other
Parametric UMAP 200,ParametricUMAP200,UMAP,Mrre_missing_30,0.802,TI,neuron,dr3,16,trajectory,other
UMAP,UMAP,UMAP,aji_10,0.02,TI,neuron,dr1,16,trajectory,other
Parametric UMAP 50,ParametricUMAP50,UMAP,aji_10,0.019,TI,neuron,dr1,16,trajectory,other
Parametric UMAP 200,ParametricUMAP200,UMAP,aji_10,0.019,TI,neuron,dr1,16,trajectory,other
UMAP,UMAP,UMAP,aji_20,0.025,TI,neuron,dr1,16,trajectory,other
Parametric UMAP 50,ParametricUMAP50,UMAP,aji_20,0.023,TI,neuron,dr1,16,trajectory,other
Parametric UMAP 200,ParametricUMAP200,UMAP,aji_20,0.024,TI,neuron,dr1,16,trajectory,other
UMAP,UMAP,UMAP,aji_30,0.028,TI,neuron,dr1,16,trajectory,other
Parametric UMAP 50,ParametricUMAP50,UMAP,aji_30,0.026,TI,neuron,dr1,16,trajectory,other
Parametric UMAP 200,ParametricUMAP200,UMAP,aji_30,0.026,TI,neuron,dr1,16,trajectory,other
UMAP,UMAP,UMAP,nkr_10,0.048,TI,neuron,dr1,16,trajectory,other
Parametric UMAP 50,ParametricUMAP50,UMAP,nkr_10,0.046,TI,neuron,dr1,16,trajectory,other
Parametric UMAP 200,ParametricUMAP200,UMAP,nkr_10,0.046,TI,neuron,dr1,16,trajectory,other
UMAP,UMAP,UMAP,nkr_20,0.055,TI,neuron,dr1,16,trajectory,other
Parametric UMAP 50,ParametricUMAP50,UMAP,nkr_20,0.053,TI,neuron,dr1,16,trajectory,other
Parametric UMAP 200,ParametricUMAP200,UMAP,nkr_20,0.054,TI,neuron,dr1,16,trajectory,other
UMAP,UMAP,UMAP,nkr_30,0.059,TI,neuron,dr1,16,trajectory,other
Parametric UMAP 50,ParametricUMAP50,UMAP,nkr_30,0.058,TI,neuron,dr1,16,trajectory,other
Parametric UMAP 200,ParametricUMAP200,UMAP,nkr_30,0.059,TI,neuron,dr1,16,trajectory,other
UMAP,UMAP,UMAP,Mrre_missing_10,0.914,TI,pair-1,dr3,16,trajectory,other
Parametric UMAP 50,ParametricUMAP50,UMAP,Mrre_missing_10,0.927,TI,pair-1,dr3,16,trajectory,other
Parametric UMAP 200,ParametricUMAP200,UMAP,Mrre_missing_10,0.929,TI,pair-1,dr3,16,trajectory,other
UMAP,UMAP,UMAP,Mrre_missing_20,0.904,TI,pair-1,dr3,16,trajectory,other
Parametric UMAP 50,ParametricUMAP50,UMAP,Mrre_missing_20,0.915,TI,pair-1,dr3,16,trajectory,other
Parametric UMAP 200,ParametricUMAP200,UMAP,Mrre_missing_20,0.916,TI,pair-1,dr3,16,trajectory,other
UMAP,UMAP,UMAP,Mrre_missing_30,0.896,TI,pair-1,dr3,16,trajectory,other
Parametric UMAP 50,ParametricUMAP50,UMAP,Mrre_missing_30,0.906,TI,pair-1,dr3,16,trajectory,other
Parametric UMAP 200,ParametricUMAP200,UMAP,Mrre_missing_30,0.908,TI,pair-1,dr3,16,trajectory,other
UMAP,UMAP,UMAP,aji_10,0.011,TI,pair-1,dr1,16,trajectory,other
Parametric UMAP 50,ParametricUMAP50,UMAP,aji_10,0.011,TI,pair-1,dr1,16,trajectory,other
Parametric UMAP 200,ParametricUMAP200,UMAP,aji_10,0.011,TI,pair-1,dr1,16,trajectory,other
UMAP,UMAP,UMAP,aji_20,0.016,TI,pair-1,dr1,16,trajectory,other
Parametric UMAP 50,ParametricUMAP50,UMAP,aji_20,0.016,TI,pair-1,dr1,16,trajectory,other
Parametric UMAP 200,ParametricUMAP200,UMAP,aji_20,0.016,TI,pair-1,dr1,16,trajectory,other
UMAP,UMAP,UMAP,aji_30,0.02,TI,pair-1,dr1,16,trajectory,other
Parametric UMAP 50,ParametricUMAP50,UMAP,aji_30,0.02,TI,pair-1,dr1,16,trajectory,other
Parametric UMAP 200,ParametricUMAP200,UMAP,aji_30,0.02,TI,pair-1,dr1,16,trajectory,other
UMAP,UMAP,UMAP,nkr_10,0.024,TI,pair-1,dr1,16,trajectory,other
Parametric UMAP 50,ParametricUMAP50,UMAP,nkr_10,0.025,TI,pair-1,dr1,16,trajectory,other
Parametric UMAP 200,ParametricUMAP200,UMAP,nkr_10,0.026,TI,pair-1,dr1,16,trajectory,other
UMAP,UMAP,UMAP,nkr_20,0.033,TI,pair-1,dr1,16,trajectory,other
Parametric UMAP 50,ParametricUMAP50,UMAP,nkr_20,0.035,TI,pair-1,dr1,16,trajectory,other
Parametric UMAP 200,ParametricUMAP200,UMAP,nkr_20,0.036,TI,pair-1,dr1,16,trajectory,other
UMAP,UMAP,UMAP,nkr_30,0.04,TI,pair-1,dr1,16,trajectory,other
Parametric UMAP 50,ParametricUMAP50,UMAP,nkr_30,0.042,TI,pair-1,dr1,16,trajectory,other
Parametric UMAP 200,ParametricUMAP200,UMAP,nkr_30,0.043,TI,pair-1,dr1,16,trajectory,other
UMAP,UMAP,UMAP,Mrre_missing_10,0.88,TI,pair-2,dr3,16,trajectory,other
Parametric UMAP 50,ParametricUMAP50,UMAP,Mrre_missing_10,0.898,TI,pair-2,dr3,16,trajectory,other
Parametric UMAP 200,ParametricUMAP200,UMAP,Mrre_missing_10,0.902,TI,pair-2,dr3,16,trajectory,other
UMAP,UMAP,UMAP,Mrre_missing_20,0.867,TI,pair-2,dr3,16,trajectory,other
Parametric UMAP 50,ParametricUMAP50,UMAP,Mrre_missing_20,0.881,TI,pair-2,dr3,16,trajectory,other
Parametric UMAP 200,ParametricUMAP200,UMAP,Mrre_missing_20,0.885,TI,pair-2,dr3,16,trajectory,other
UMAP,UMAP,UMAP,Mrre_missing_30,0.857,TI,pair-2,dr3,16,trajectory,other
Parametric UMAP 50,ParametricUMAP50,UMAP,Mrre_missing_30,0.87,TI,pair-2,dr3,16,trajectory,other
Parametric UMAP 200,ParametricUMAP200,UMAP,Mrre_missing_30,0.874,TI,pair-2,dr3,16,trajectory,other
UMAP,UMAP,UMAP,aji_10,0.008,TI,pair-2,dr1,16,trajectory,other
Parametric UMAP 50,ParametricUMAP50,UMAP,aji_10,0.009,TI,pair-2,dr1,16,trajectory,other
Parametric UMAP 200,ParametricUMAP200,UMAP,aji_10,0.009,TI,pair-2,dr1,16,trajectory,other
UMAP,UMAP,UMAP,aji_20,0.012,TI,pair-2,dr1,16,trajectory,other
Parametric UMAP 50,ParametricUMAP50,UMAP,aji_20,0.013,TI,pair-2,dr1,16,trajectory,other
Parametric UMAP 200,ParametricUMAP200,UMAP,aji_20,0.014,TI,pair-2,dr1,16,trajectory,other
UMAP,UMAP,UMAP,aji_30,0.015,TI,pair-2,dr1,16,trajectory,other
Parametric UMAP 50,ParametricUMAP50,UMAP,aji_30,0.016,TI,pair-2,dr1,16,trajectory,other
Parametric UMAP 200,ParametricUMAP200,UMAP,aji_30,0.017,TI,pair-2,dr1,16,trajectory,other
UMAP,UMAP,UMAP,nkr_10,0.017,TI,pair-2,dr1,16,trajectory,other
Parametric UMAP 50,ParametricUMAP50,UMAP,nkr_10,0.021,TI,pair-2,dr1,16,trajectory,other
Parametric UMAP 200,ParametricUMAP200,UMAP,nkr_10,0.022,TI,pair-2,dr1,16,trajectory,other
UMAP,UMAP,UMAP,nkr_20,0.025,TI,pair-2,dr1,16,trajectory,other
Parametric UMAP 50,ParametricUMAP50,UMAP,nkr_20,0.029,TI,pair-2,dr1,16,trajectory,other
Parametric UMAP 200,ParametricUMAP200,UMAP,nkr_20,0.031,TI,pair-2,dr1,16,trajectory,other
UMAP,UMAP,UMAP,nkr_30,0.03,TI,pair-2,dr1,16,trajectory,other
Parametric UMAP 50,ParametricUMAP50,UMAP,nkr_30,0.035,TI,pair-2,dr1,16,trajectory,other
Parametric UMAP 200,ParametricUMAP200,UMAP,nkr_30,0.036,TI,pair-2,dr1,16,trajectory,other
UMAP,UMAP,UMAP,Mrre_missing_10,0.885,TI,pair-3,dr3,16,trajectory,other
Parametric UMAP 50,ParametricUMAP50,UMAP,Mrre_missing_10,0.888,TI,pair-3,dr3,16,trajectory,other
Parametric UMAP 200,ParametricUMAP200,UMAP,Mrre_missing_10,0.892,TI,pair-3,dr3,16,trajectory,other
UMAP,UMAP,UMAP,Mrre_missing_20,0.869,TI,pair-3,dr3,16,trajectory,other
Parametric UMAP 50,ParametricUMAP50,UMAP,Mrre_missing_20,0.87,TI,pair-3,dr3,16,trajectory,other
Parametric UMAP 200,ParametricUMAP200,UMAP,Mrre_missing_20,0.875,TI,pair-3,dr3,16,trajectory,other
UMAP,UMAP,UMAP,Mrre_missing_30,0.858,TI,pair-3,dr3,16,trajectory,other
Parametric UMAP 50,ParametricUMAP50,UMAP,Mrre_missing_30,0.859,TI,pair-3,dr3,16,trajectory,other
Parametric UMAP 200,ParametricUMAP200,UMAP,Mrre_missing_30,0.864,TI,pair-3,dr3,16,trajectory,other
UMAP,UMAP,UMAP,aji_10,0.01,TI,pair-3,dr1,16,trajectory,other
Parametric UMAP 50,ParametricUMAP50,UMAP,aji_10,0.01,TI,pair-3,dr1,16,trajectory,other
Parametric UMAP 200,ParametricUMAP200,UMAP,aji_10,0.01,TI,pair-3,dr1,16,trajectory,other
UMAP,UMAP,UMAP,aji_20,0.015,TI,pair-3,dr1,16,trajectory,other
Parametric UMAP 50,ParametricUMAP50,UMAP,aji_20,0.015,TI,pair-3,dr1,16,trajectory,other
Parametric UMAP 200,ParametricUMAP200,UMAP,aji_20,0.015,TI,pair-3,dr1,16,trajectory,other
UMAP,UMAP,UMAP,aji_30,0.018,TI,pair-3,dr1,16,trajectory,other
Parametric UMAP 50,ParametricUMAP50,UMAP,aji_30,0.018,TI,pair-3,dr1,16,trajectory,other
Parametric UMAP 200,ParametricUMAP200,UMAP,aji_30,0.018,TI,pair-3,dr1,16,trajectory,other
UMAP,UMAP,UMAP,nkr_10,0.023,TI,pair-3,dr1,16,trajectory,other
Parametric UMAP 50,ParametricUMAP50,UMAP,nkr_10,0.023,TI,pair-3,dr1,16,trajectory,other
Parametric UMAP 200,ParametricUMAP200,UMAP,nkr_10,0.025,TI,pair-3,dr1,16,trajectory,other
UMAP,UMAP,UMAP,nkr_20,0.033,TI,pair-3,dr1,16,trajectory,other
Parametric UMAP 50,ParametricUMAP50,UMAP,nkr_20,0.032,TI,pair-3,dr1,16,trajectory,other
Parametric UMAP 200,ParametricUMAP200,UMAP,nkr_20,0.033,TI,pair-3,dr1,16,trajectory,other
UMAP,UMAP,UMAP,nkr_30,0.038,TI,pair-3,dr1,16,trajectory,other
Parametric UMAP 50,ParametricUMAP50,UMAP,nkr_30,0.037,TI,pair-3,dr1,16,trajectory,other
Parametric UMAP 200,ParametricUMAP200,UMAP,nkr_30,0.038,TI,pair-3,dr1,16,trajectory,other
UMAP,UMAP,UMAP,Mrre_missing_10,0.858,TI,pair-4,dr3,16,trajectory,other
Parametric UMAP 50,ParametricUMAP50,UMAP,Mrre_missing_10,0.876,TI,pair-4,dr3,16,trajectory,other
Parametric UMAP 200,ParametricUMAP200,UMAP,Mrre_missing_10,0.878,TI,pair-4,dr3,16,trajectory,other
UMAP,UMAP,UMAP,Mrre_missing_20,0.841,TI,pair-4,dr3,16,trajectory,other
Parametric UMAP 50,ParametricUMAP50,UMAP,Mrre_missing_20,0.857,TI,pair-4,dr3,16,trajectory,other
Parametric UMAP 200,ParametricUMAP200,UMAP,Mrre_missing_20,0.859,TI,pair-4,dr3,16,trajectory,other
UMAP,UMAP,UMAP,Mrre_missing_30,0.831,TI,pair-4,dr3,16,trajectory,other
Parametric UMAP 50,ParametricUMAP50,UMAP,Mrre_missing_30,0.845,TI,pair-4,dr3,16,trajectory,other
Parametric UMAP 200,ParametricUMAP200,UMAP,Mrre_missing_30,0.847,TI,pair-4,dr3,16,trajectory,other
UMAP,UMAP,UMAP,aji_10,0.008,TI,pair-4,dr1,16,trajectory,other
Parametric UMAP 50,ParametricUMAP50,UMAP,aji_10,0.008,TI,pair-4,dr1,16,trajectory,other
Parametric UMAP 200,ParametricUMAP200,UMAP,aji_10,0.009,TI,pair-4,dr1,16,trajectory,other
UMAP,UMAP,UMAP,aji_20,0.011,TI,pair-4,dr1,16,trajectory,other
Parametric UMAP 50,ParametricUMAP50,UMAP,aji_20,0.011,TI,pair-4,dr1,16,trajectory,other
Parametric UMAP 200,ParametricUMAP200,UMAP,aji_20,0.012,TI,pair-4,dr1,16,trajectory,other
UMAP,UMAP,UMAP,aji_30,0.014,TI,pair-4,dr1,16,trajectory,other
Parametric UMAP 50,ParametricUMAP50,UMAP,aji_30,0.014,TI,pair-4,dr1,16,trajectory,other
Parametric UMAP 200,ParametricUMAP200,UMAP,aji_30,0.014,TI,pair-4,dr1,16,trajectory,other
UMAP,UMAP,UMAP,nkr_10,0.019,TI,pair-4,dr1,16,trajectory,other
Parametric UMAP 50,ParametricUMAP50,UMAP,nkr_10,0.019,TI,pair-4,dr1,16,trajectory,other
Parametric UMAP 200,ParametricUMAP200,UMAP,nkr_10,0.021,TI,pair-4,dr1,16,trajectory,other
UMAP,UMAP,UMAP,nkr_20,0.024,TI,pair-4,dr1,16,trajectory,other
Parametric UMAP 50,ParametricUMAP50,UMAP,nkr_20,0.025,TI,pair-4,dr1,16,trajectory,other
Parametric UMAP 200,ParametricUMAP200,UMAP,nkr_20,0.027,TI,pair-4,dr1,16,trajectory,other
UMAP,UMAP,UMAP,nkr_30,0.029,TI,pair-4,dr1,16,trajectory,other
Parametric UMAP 50,ParametricUMAP50,UMAP,nkr_30,0.03,TI,pair-4,dr1,16,trajectory,other
Parametric UMAP 200,ParametricUMAP200,UMAP,nkr_30,0.031,TI,pair-4,dr1,16,trajectory,other
UMAP,UMAP,UMAP,Mrre_missing_10,0.906,TI,parenchyme,dr3,16,trajectory,other
Parametric UMAP 50,ParametricUMAP50,UMAP,Mrre_missing_10,0.906,TI,parenchyme,dr3,16,trajectory,other
Parametric UMAP 200,ParametricUMAP200,UMAP,Mrre_missing_10,0.902,TI,parenchyme,dr3,16,trajectory,other
UMAP,UMAP,UMAP,Mrre_missing_20,0.889,TI,parenchyme,dr3,16,trajectory,other
Parametric UMAP 50,ParametricUMAP50,UMAP,Mrre_missing_20,0.891,TI,parenchyme,dr3,16,trajectory,other
Parametric UMAP 200,ParametricUMAP200,UMAP,Mrre_missing_20,0.886,TI,parenchyme,dr3,16,trajectory,other
UMAP,UMAP,UMAP,Mrre_missing_30,0.879,TI,parenchyme,dr3,16,trajectory,other
Parametric UMAP 50,ParametricUMAP50,UMAP,Mrre_missing_30,0.881,TI,parenchyme,dr3,16,trajectory,other
Parametric UMAP 200,ParametricUMAP200,UMAP,Mrre_missing_30,0.876,TI,parenchyme,dr3,16,trajectory,other
UMAP,UMAP,UMAP,aji_10,0.025,TI,parenchyme,dr1,16,trajectory,other
Parametric UMAP 50,ParametricUMAP50,UMAP,aji_10,0.023,TI,parenchyme,dr1,16,trajectory,other
Parametric UMAP 200,ParametricUMAP200,UMAP,aji_10,0.024,TI,parenchyme,dr1,16,trajectory,other
UMAP,UMAP,UMAP,aji_20,0.035,TI,parenchyme,dr1,16,trajectory,other
Parametric UMAP 50,ParametricUMAP50,UMAP,aji_20,0.033,TI,parenchyme,dr1,16,trajectory,other
Parametric UMAP 200,ParametricUMAP200,UMAP,aji_20,0.033,TI,parenchyme,dr1,16,trajectory,other
UMAP,UMAP,UMAP,aji_30,0.044,TI,parenchyme,dr1,16,trajectory,other
Parametric UMAP 50,ParametricUMAP50,UMAP,aji_30,0.042,TI,parenchyme,dr1,16,trajectory,other
Parametric UMAP 200,ParametricUMAP200,UMAP,aji_30,0.041,TI,parenchyme,dr1,16,trajectory,other
UMAP,UMAP,UMAP,nkr_10,0.064,TI,parenchyme,dr1,16,trajectory,other
Parametric UMAP 50,ParametricUMAP50,UMAP,nkr_10,0.055,TI,parenchyme,dr1,16,trajectory,other
Parametric UMAP 200,ParametricUMAP200,UMAP,nkr_10,0.057,TI,parenchyme,dr1,16,trajectory,other
UMAP,UMAP,UMAP,nkr_20,0.08,TI,parenchyme,dr1,16,trajectory,other
Parametric UMAP 50,ParametricUMAP50,UMAP,nkr_20,0.075,TI,parenchyme,dr1,16,trajectory,other
Parametric UMAP 200,ParametricUMAP200,UMAP,nkr_20,0.076,TI,parenchyme,dr1,16,trajectory,other
UMAP,UMAP,UMAP,nkr_30,0.094,TI,parenchyme,dr1,16,trajectory,other
Parametric UMAP 50,ParametricUMAP50,UMAP,nkr_30,0.09,TI,parenchyme,dr1,16,trajectory,other
Parametric UMAP 200,ParametricUMAP200,UMAP,nkr_30,0.089,TI,parenchyme,dr1,16,trajectory,other
UMAP,UMAP,UMAP,Mrre_missing_10,0.875,TI,phagocyte,dr3,16,trajectory,other
Parametric UMAP 50,ParametricUMAP50,UMAP,Mrre_missing_10,0.879,TI,phagocyte,dr3,16,trajectory,other
Parametric UMAP 200,ParametricUMAP200,UMAP,Mrre_missing_10,0.877,TI,phagocyte,dr3,16,trajectory,other
UMAP,UMAP,UMAP,Mrre_missing_20,0.858,TI,phagocyte,dr3,16,trajectory,other
Parametric UMAP 50,ParametricUMAP50,UMAP,Mrre_missing_20,0.861,TI,phagocyte,dr3,16,trajectory,other
Parametric UMAP 200,ParametricUMAP200,UMAP,Mrre_missing_20,0.857,TI,phagocyte,dr3,16,trajectory,other
UMAP,UMAP,UMAP,Mrre_missing_30,0.847,TI,phagocyte,dr3,16,trajectory,other
Parametric UMAP 50,ParametricUMAP50,UMAP,Mrre_missing_30,0.849,TI,phagocyte,dr3,16,trajectory,other
Parametric UMAP 200,ParametricUMAP200,UMAP,Mrre_missing_30,0.845,TI,phagocyte,dr3,16,trajectory,other
UMAP,UMAP,UMAP,aji_10,0.051,TI,phagocyte,dr1,16,trajectory,other
Parametric UMAP 50,ParametricUMAP50,UMAP,aji_10,0.05,TI,phagocyte,dr1,16,trajectory,other
Parametric UMAP 200,ParametricUMAP200,UMAP,aji_10,0.05,TI,phagocyte,dr1,16,trajectory,other
UMAP,UMAP,UMAP,aji_20,0.071,TI,phagocyte,dr1,16,trajectory,other
Parametric UMAP 50,ParametricUMAP50,UMAP,aji_20,0.071,TI,phagocyte,dr1,16,trajectory,other
Parametric UMAP 200,ParametricUMAP200,UMAP,aji_20,0.075,TI,phagocyte,dr1,16,trajectory,other
UMAP,UMAP,UMAP,aji_30,0.091,TI,phagocyte,dr1,16,trajectory,other
Parametric UMAP 50,ParametricUMAP50,UMAP,aji_30,0.09,TI,phagocyte,dr1,16,trajectory,other
Parametric UMAP 200,ParametricUMAP200,UMAP,aji_30,0.094,TI,phagocyte,dr1,16,trajectory,other
UMAP,UMAP,UMAP,nkr_10,0.12,TI,phagocyte,dr1,16,trajectory,other
Parametric UMAP 50,ParametricUMAP50,UMAP,nkr_10,0.119,TI,phagocyte,dr1,16,trajectory,other
Parametric UMAP 200,ParametricUMAP200,UMAP,nkr_10,0.122,TI,phagocyte,dr1,16,trajectory,other
UMAP,UMAP,UMAP,nkr_20,0.15,TI,phagocyte,dr1,16,trajectory,other
Parametric UMAP 50,ParametricUMAP50,UMAP,nkr_20,0.151,TI,phagocyte,dr1,16,trajectory,other
Parametric UMAP 200,ParametricUMAP200,UMAP,nkr_20,0.157,TI,phagocyte,dr1,16,trajectory,other
UMAP,UMAP,UMAP,nkr_30,0.179,TI,phagocyte,dr1,16,trajectory,other
Parametric UMAP 50,ParametricUMAP50,UMAP,nkr_30,0.177,TI,phagocyte,dr1,16,trajectory,other
Parametric UMAP 200,ParametricUMAP200,UMAP,nkr_30,0.183,TI,phagocyte,dr1,16,trajectory,other
UMAP,UMAP,UMAP,Mrre_missing_10,0.836,TI,pharynx,dr3,16,trajectory,other
Parametric UMAP 50,ParametricUMAP50,UMAP,Mrre_missing_10,0.841,TI,pharynx,dr3,16,trajectory,other
Parametric UMAP 200,ParametricUMAP200,UMAP,Mrre_missing_10,0.84,TI,pharynx,dr3,16,trajectory,other
UMAP,UMAP,UMAP,Mrre_missing_20,0.813,TI,pharynx,dr3,16,trajectory,other
Parametric UMAP 50,ParametricUMAP50,UMAP,Mrre_missing_20,0.819,TI,pharynx,dr3,16,trajectory,other
Parametric UMAP 200,ParametricUMAP200,UMAP,Mrre_missing_20,0.818,TI,pharynx,dr3,16,trajectory,other
UMAP,UMAP,UMAP,Mrre_missing_30,0.799,TI,pharynx,dr3,16,trajectory,other
Parametric UMAP 50,ParametricUMAP50,UMAP,Mrre_missing_30,0.805,TI,pharynx,dr3,16,trajectory,other
Parametric UMAP 200,ParametricUMAP200,UMAP,Mrre_missing_30,0.804,TI,pharynx,dr3,16,trajectory,other
UMAP,UMAP,UMAP,aji_10,0.08,TI,pharynx,dr1,16,trajectory,other
Parametric UMAP 50,ParametricUMAP50,UMAP,aji_10,0.07,TI,pharynx,dr1,16,trajectory,other
Parametric UMAP 200,ParametricUMAP200,UMAP,aji_10,0.074,TI,pharynx,dr1,16,trajectory,other
UMAP,UMAP,UMAP,aji_20,0.104,TI,pharynx,dr1,16,trajectory,other
Parametric UMAP 50,ParametricUMAP50,UMAP,aji_20,0.1,TI,pharynx,dr1,16,trajectory,other
Parametric UMAP 200,ParametricUMAP200,UMAP,aji_20,0.096,TI,pharynx,dr1,16,trajectory,other
UMAP,UMAP,UMAP,aji_30,0.123,TI,pharynx,dr1,16,trajectory,other
Parametric UMAP 50,ParametricUMAP50,UMAP,aji_30,0.125,TI,pharynx,dr1,16,trajectory,other
Parametric UMAP 200,ParametricUMAP200,UMAP,aji_30,0.124,TI,pharynx,dr1,16,trajectory,other
UMAP,UMAP,UMAP,nkr_10,0.167,TI,pharynx,dr1,16,trajectory,other
Parametric UMAP 50,ParametricUMAP50,UMAP,nkr_10,0.159,TI,pharynx,dr1,16,trajectory,other
Parametric UMAP 200,ParametricUMAP200,UMAP,nkr_10,0.162,TI,pharynx,dr1,16,trajectory,other
UMAP,UMAP,UMAP,nkr_20,0.208,TI,pharynx,dr1,16,trajectory,other
Parametric UMAP 50,ParametricUMAP50,UMAP,nkr_20,0.202,TI,pharynx,dr1,16,trajectory,other
Parametric UMAP 200,ParametricUMAP200,UMAP,nkr_20,0.197,TI,pharynx,dr1,16,trajectory,other
UMAP,UMAP,UMAP,nkr_30,0.237,TI,pharynx,dr1,16,trajectory,other
Parametric UMAP 50,ParametricUMAP50,UMAP,nkr_30,0.24,TI,pharynx,dr1,16,trajectory,other
Parametric UMAP 200,ParametricUMAP200,UMAP,nkr_30,0.239,TI,pharynx,dr1,16,trajectory,other
UMAP,UMAP,UMAP,Mrre_missing_10,0.896,TI,trophectoderm,dr3,16,trajectory,other
Parametric UMAP 50,ParametricUMAP50,UMAP,Mrre_missing_10,0.912,TI,trophectoderm,dr3,16,trajectory,other
Parametric UMAP 200,ParametricUMAP200,UMAP,Mrre_missing_10,0.907,TI,trophectoderm,dr3,16,trajectory,other
UMAP,UMAP,UMAP,Mrre_missing_20,0.88,TI,trophectoderm,dr3,16,trajectory,other
Parametric UMAP 50,ParametricUMAP50,UMAP,Mrre_missing_20,0.896,TI,trophectoderm,dr3,16,trajectory,other
Parametric UMAP 200,ParametricUMAP200,UMAP,Mrre_missing_20,0.89,TI,trophectoderm,dr3,16,trajectory,other
UMAP,UMAP,UMAP,Mrre_missing_30,0.868,TI,trophectoderm,dr3,16,trajectory,other
Parametric UMAP 50,ParametricUMAP50,UMAP,Mrre_missing_30,0.884,TI,trophectoderm,dr3,16,trajectory,other
Parametric UMAP 200,ParametricUMAP200,UMAP,Mrre_missing_30,0.877,TI,trophectoderm,dr3,16,trajectory,other
UMAP,UMAP,UMAP,aji_10,0.293,TI,trophectoderm,dr1,16,trajectory,other
Parametric UMAP 50,ParametricUMAP50,UMAP,aji_10,0.304,TI,trophectoderm,dr1,16,trajectory,other
Parametric UMAP 200,ParametricUMAP200,UMAP,aji_10,0.309,TI,trophectoderm,dr1,16,trajectory,other
UMAP,UMAP,UMAP,aji_20,0.471,TI,trophectoderm,dr1,16,trajectory,other
Parametric UMAP 50,ParametricUMAP50,UMAP,aji_20,0.503,TI,trophectoderm,dr1,16,trajectory,other
Parametric UMAP 200,ParametricUMAP200,UMAP,aji_20,0.486,TI,trophectoderm,dr1,16,trajectory,other
UMAP,UMAP,UMAP,aji_30,0.528,TI,trophectoderm,dr1,16,trajectory,other
Parametric UMAP 50,ParametricUMAP50,UMAP,aji_30,0.572,TI,trophectoderm,dr1,16,trajectory,other
Parametric UMAP 200,ParametricUMAP200,UMAP,aji_30,0.556,TI,trophectoderm,dr1,16,trajectory,other
UMAP,UMAP,UMAP,nkr_10,0.506,TI,trophectoderm,dr1,16,trajectory,other
Parametric UMAP 50,ParametricUMAP50,UMAP,nkr_10,0.512,TI,trophectoderm,dr1,16,trajectory,other
Parametric UMAP 200,ParametricUMAP200,UMAP,nkr_10,0.511,TI,trophectoderm,dr1,16,trajectory,other
UMAP,UMAP,UMAP,nkr_20,0.654,TI,trophectoderm,dr1,16,trajectory,other
Parametric UMAP 50,ParametricUMAP50,UMAP,nkr_20,0.704,TI,trophectoderm,dr1,16,trajectory,other
Parametric UMAP 200,ParametricUMAP200,UMAP,nkr_20,0.68,TI,trophectoderm,dr1,16,trajectory,other
UMAP,UMAP,UMAP,nkr_30,0.712,TI,trophectoderm,dr1,16,trajectory,other
Parametric UMAP 50,ParametricUMAP50,UMAP,nkr_30,0.749,TI,trophectoderm,dr1,16,trajectory,other
Parametric UMAP 200,ParametricUMAP200,UMAP,nkr_30,0.737,TI,trophectoderm,dr1,16,trajectory,other
UMAP,UMAP,UMAP,Mrre_missing_10,0.98,VASC,Baron,dr3,16,VASC,other
Parametric UMAP 50,ParametricUMAP50,UMAP,Mrre_missing_10,0.978,VASC,Baron,dr3,16,VASC,other
Parametric UMAP 200,ParametricUMAP200,UMAP,Mrre_missing_10,0.978,VASC,Baron,dr3,16,VASC,other
UMAP,UMAP,UMAP,Mrre_missing_20,0.977,VASC,Baron,dr3,16,VASC,other
Parametric UMAP 50,ParametricUMAP50,UMAP,Mrre_missing_20,0.975,VASC,Baron,dr3,16,VASC,other
Parametric UMAP 200,ParametricUMAP200,UMAP,Mrre_missing_20,0.976,VASC,Baron,dr3,16,VASC,other
UMAP,UMAP,UMAP,Mrre_missing_30,0.975,VASC,Baron,dr3,16,VASC,other
Parametric UMAP 50,ParametricUMAP50,UMAP,Mrre_missing_30,0.974,VASC,Baron,dr3,16,VASC,other
Parametric UMAP 200,ParametricUMAP200,UMAP,Mrre_missing_30,0.974,VASC,Baron,dr3,16,VASC,other
UMAP,UMAP,UMAP,aji_10,0.059,VASC,Baron,dr1,16,VASC,other
Parametric UMAP 50,ParametricUMAP50,UMAP,aji_10,0.043,VASC,Baron,dr1,16,VASC,other
Parametric UMAP 200,ParametricUMAP200,UMAP,aji_10,0.049,VASC,Baron,dr1,16,VASC,other
UMAP,UMAP,UMAP,aji_20,0.086,VASC,Baron,dr1,16,VASC,other
Parametric UMAP 50,ParametricUMAP50,UMAP,aji_20,0.069,VASC,Baron,dr1,16,VASC,other
Parametric UMAP 200,ParametricUMAP200,UMAP,aji_20,0.074,VASC,Baron,dr1,16,VASC,other
UMAP,UMAP,UMAP,aji_30,0.105,VASC,Baron,dr1,16,VASC,other
Parametric UMAP 50,ParametricUMAP50,UMAP,aji_30,0.088,VASC,Baron,dr1,16,VASC,other
Parametric UMAP 200,ParametricUMAP200,UMAP,aji_30,0.094,VASC,Baron,dr1,16,VASC,other
UMAP,UMAP,UMAP,nkr_10,0.119,VASC,Baron,dr1,16,VASC,other
Parametric UMAP 50,ParametricUMAP50,UMAP,nkr_10,0.087,VASC,Baron,dr1,16,VASC,other
Parametric UMAP 200,ParametricUMAP200,UMAP,nkr_10,0.098,VASC,Baron,dr1,16,VASC,other
UMAP,UMAP,UMAP,nkr_20,0.162,VASC,Baron,dr1,16,VASC,other
Parametric UMAP 50,ParametricUMAP50,UMAP,nkr_20,0.131,VASC,Baron,dr1,16,VASC,other
Parametric UMAP 200,ParametricUMAP200,UMAP,nkr_20,0.141,VASC,Baron,dr1,16,VASC,other
UMAP,UMAP,UMAP,nkr_30,0.191,VASC,Baron,dr1,16,VASC,other
Parametric UMAP 50,ParametricUMAP50,UMAP,nkr_30,0.162,VASC,Baron,dr1,16,VASC,other
Parametric UMAP 200,ParametricUMAP200,UMAP,nkr_30,0.172,VASC,Baron,dr1,16,VASC,other
UMAP,UMAP,UMAP,Mrre_missing_10,0.929,VASC,Biase,dr3,16,VASC,other
Parametric UMAP 50,ParametricUMAP50,UMAP,Mrre_missing_10,0.943,VASC,Biase,dr3,16,VASC,other
Parametric UMAP 200,ParametricUMAP200,UMAP,Mrre_missing_10,0.936,VASC,Biase,dr3,16,VASC,other
UMAP,UMAP,UMAP,Mrre_missing_20,0.901,VASC,Biase,dr3,16,VASC,other
Parametric UMAP 50,ParametricUMAP50,UMAP,Mrre_missing_20,0.933,VASC,Biase,dr3,16,VASC,other
Parametric UMAP 200,ParametricUMAP200,UMAP,Mrre_missing_20,0.925,VASC,Biase,dr3,16,VASC,other
UMAP,UMAP,UMAP,Mrre_missing_30,0.877,VASC,Biase,dr3,16,VASC,other
Parametric UMAP 50,ParametricUMAP50,UMAP,Mrre_missing_30,0.918,VASC,Biase,dr3,16,VASC,other
Parametric UMAP 200,ParametricUMAP200,UMAP,Mrre_missing_30,0.909,VASC,Biase,dr3,16,VASC,other
UMAP,UMAP,UMAP,aji_10,0.482,VASC,Biase,dr1,16,VASC,other
Parametric UMAP 50,ParametricUMAP50,UMAP,aji_10,0.514,VASC,Biase,dr1,16,VASC,other
Parametric UMAP 200,ParametricUMAP200,UMAP,aji_10,0.53,VASC,Biase,dr1,16,VASC,other
UMAP,UMAP,UMAP,aji_20,0.651,VASC,Biase,dr1,16,VASC,other
Parametric UMAP 50,ParametricUMAP50,UMAP,aji_20,0.774,VASC,Biase,dr1,16,VASC,other
Parametric UMAP 200,ParametricUMAP200,UMAP,aji_20,0.749,VASC,Biase,dr1,16,VASC,other
UMAP,UMAP,UMAP,aji_30,0.528,VASC,Biase,dr1,16,VASC,other
Parametric UMAP 50,ParametricUMAP50,UMAP,aji_30,0.671,VASC,Biase,dr1,16,VASC,other
Parametric UMAP 200,ParametricUMAP200,UMAP,aji_30,0.643,VASC,Biase,dr1,16,VASC,other
UMAP,UMAP,UMAP,nkr_10,0.721,VASC,Biase,dr1,16,VASC,other
Parametric UMAP 50,ParametricUMAP50,UMAP,nkr_10,0.704,VASC,Biase,dr1,16,VASC,other
Parametric UMAP 200,ParametricUMAP200,UMAP,nkr_10,0.732,VASC,Biase,dr1,16,VASC,other
UMAP,UMAP,UMAP,nkr_20,0.808,VASC,Biase,dr1,16,VASC,other
Parametric UMAP 50,ParametricUMAP50,UMAP,nkr_20,0.917,VASC,Biase,dr1,16,VASC,other
Parametric UMAP 200,ParametricUMAP200,UMAP,nkr_20,0.913,VASC,Biase,dr1,16,VASC,other
UMAP,UMAP,UMAP,nkr_30,0.712,VASC,Biase,dr1,16,VASC,other
Parametric UMAP 50,ParametricUMAP50,UMAP,nkr_30,0.832,VASC,Biase,dr1,16,VASC,other
Parametric UMAP 200,ParametricUMAP200,UMAP,nkr_30,0.815,VASC,Biase,dr1,16,VASC,other
UMAP,UMAP,UMAP,Mrre_missing_10,0.971,VASC,Goolam,dr3,16,VASC,other
Parametric UMAP 50,ParametricUMAP50,UMAP,Mrre_missing_10,0.967,VASC,Goolam,dr3,16,VASC,other
Parametric UMAP 200,ParametricUMAP200,UMAP,Mrre_missing_10,0.967,VASC,Goolam,dr3,16,VASC,other
UMAP,UMAP,UMAP,Mrre_missing_20,0.961,VASC,Goolam,dr3,16,VASC,other
Parametric UMAP 50,ParametricUMAP50,UMAP,Mrre_missing_20,0.956,VASC,Goolam,dr3,16,VASC,other
Parametric UMAP 200,ParametricUMAP200,UMAP,Mrre_missing_20,0.956,VASC,Goolam,dr3,16,VASC,other
UMAP,UMAP,UMAP,Mrre_missing_30,0.952,VASC,Goolam,dr3,16,VASC,other
Parametric UMAP 50,ParametricUMAP50,UMAP,Mrre_missing_30,0.945,VASC,Goolam,dr3,16,VASC,other
Parametric UMAP 200,ParametricUMAP200,UMAP,Mrre_missing_30,0.945,VASC,Goolam,dr3,16,VASC,other
UMAP,UMAP,UMAP,aji_10,0.463,VASC,Goolam,dr1,16,VASC,other
Parametric UMAP 50,ParametricUMAP50,UMAP,aji_10,0.417,VASC,Goolam,dr1,16,VASC,other
Parametric UMAP 200,ParametricUMAP200,UMAP,aji_10,0.432,VASC,Goolam,dr1,16,VASC,other
UMAP,UMAP,UMAP,aji_20,0.585,VASC,Goolam,dr1,16,VASC,other
Parametric UMAP 50,ParametricUMAP50,UMAP,aji_20,0.566,VASC,Goolam,dr1,16,VASC,other
Parametric UMAP 200,ParametricUMAP200,UMAP,aji_20,0.563,VASC,Goolam,dr1,16,VASC,other
UMAP,UMAP,UMAP,aji_30,0.589,VASC,Goolam,dr1,16,VASC,other
Parametric UMAP 50,ParametricUMAP50,UMAP,aji_30,0.603,VASC,Goolam,dr1,16,VASC,other
Parametric UMAP 200,ParametricUMAP200,UMAP,aji_30,0.576,VASC,Goolam,dr1,16,VASC,other
UMAP,UMAP,UMAP,nkr_10,0.688,VASC,Goolam,dr1,16,VASC,other
Parametric UMAP 50,ParametricUMAP50,UMAP,nkr_10,0.646,VASC,Goolam,dr1,16,VASC,other
Parametric UMAP 200,ParametricUMAP200,UMAP,nkr_10,0.657,VASC,Goolam,dr1,16,VASC,other
UMAP,UMAP,UMAP,nkr_20,0.76,VASC,Goolam,dr1,16,VASC,other
Parametric UMAP 50,ParametricUMAP50,UMAP,nkr_20,0.744,VASC,Goolam,dr1,16,VASC,other
Parametric UMAP 200,ParametricUMAP200,UMAP,nkr_20,0.739,VASC,Goolam,dr1,16,VASC,other
UMAP,UMAP,UMAP,nkr_30,0.759,VASC,Goolam,dr1,16,VASC,other
Parametric UMAP 50,ParametricUMAP50,UMAP,nkr_30,0.774,VASC,Goolam,dr1,16,VASC,other
Parametric UMAP 200,ParametricUMAP200,UMAP,nkr_30,0.753,VASC,Goolam,dr1,16,VASC,other
UMAP,UMAP,UMAP,Mrre_missing_10,0.857,VASC,Xin,dr3,16,VASC,other
Parametric UMAP 50,ParametricUMAP50,UMAP,Mrre_missing_10,0.861,VASC,Xin,dr3,16,VASC,other
Parametric UMAP 200,ParametricUMAP200,UMAP,Mrre_missing_10,0.858,VASC,Xin,dr3,16,VASC,other
UMAP,UMAP,UMAP,Mrre_missing_20,0.841,VASC,Xin,dr3,16,VASC,other
Parametric UMAP 50,ParametricUMAP50,UMAP,Mrre_missing_20,0.846,VASC,Xin,dr3,16,VASC,other
Parametric UMAP 200,ParametricUMAP200,UMAP,Mrre_missing_20,0.842,VASC,Xin,dr3,16,VASC,other
UMAP,UMAP,UMAP,Mrre_missing_30,0.833,VASC,Xin,dr3,16,VASC,other
Parametric UMAP 50,ParametricUMAP50,UMAP,Mrre_missing_30,0.838,VASC,Xin,dr3,16,VASC,other
Parametric UMAP 200,ParametricUMAP200,UMAP,Mrre_missing_30,0.833,VASC,Xin,dr3,16,VASC,other
UMAP,UMAP,UMAP,aji_10,0.041,VASC,Xin,dr1,16,VASC,other
Parametric UMAP 50,ParametricUMAP50,UMAP,aji_10,0.036,VASC,Xin,dr1,16,VASC,other
Parametric UMAP 200,ParametricUMAP200,UMAP,aji_10,0.035,VASC,Xin,dr1,16,VASC,other
UMAP,UMAP,UMAP,aji_20,0.054,VASC,Xin,dr1,16,VASC,other
Parametric UMAP 50,ParametricUMAP50,UMAP,aji_20,0.05,VASC,Xin,dr1,16,VASC,other
Parametric UMAP 200,ParametricUMAP200,UMAP,aji_20,0.051,VASC,Xin,dr1,16,VASC,other
UMAP,UMAP,UMAP,aji_30,0.064,VASC,Xin,dr1,16,VASC,other
Parametric UMAP 50,ParametricUMAP50,UMAP,aji_30,0.061,VASC,Xin,dr1,16,VASC,other
Parametric UMAP 200,ParametricUMAP200,UMAP,aji_30,0.061,VASC,Xin,dr1,16,VASC,other
UMAP,UMAP,UMAP,nkr_10,0.093,VASC,Xin,dr1,16,VASC,other
Parametric UMAP 50,ParametricUMAP50,UMAP,nkr_10,0.078,VASC,Xin,dr1,16,VASC,other
Parametric UMAP 200,ParametricUMAP200,UMAP,nkr_10,0.08,VASC,Xin,dr1,16,VASC,other
UMAP,UMAP,UMAP,nkr_20,0.112,VASC,Xin,dr1,16,VASC,other
Parametric UMAP 50,ParametricUMAP50,UMAP,nkr_20,0.103,VASC,Xin,dr1,16,VASC,other
Parametric UMAP 200,ParametricUMAP200,UMAP,nkr_20,0.107,VASC,Xin,dr1,16,VASC,other
UMAP,UMAP,UMAP,nkr_30,0.126,VASC,Xin,dr1,16,VASC,other
Parametric UMAP 50,ParametricUMAP50,UMAP,nkr_30,0.12,VASC,Xin,dr1,16,VASC,other
Parametric UMAP 200,ParametricUMAP200,UMAP,nkr_30,0.122,VASC,Xin,dr1,16,VASC,other
UMAP,UMAP,UMAP,Mrre_missing_10,0.963,VASC,Zeisel,dr3,16,VASC,other
Parametric UMAP 50,ParametricUMAP50,UMAP,Mrre_missing_10,0.962,VASC,Zeisel,dr3,16,VASC,other
Parametric UMAP 200,ParametricUMAP200,UMAP,Mrre_missing_10,0.962,VASC,Zeisel,dr3,16,VASC,other
UMAP,UMAP,UMAP,Mrre_missing_20,0.957,VASC,Zeisel,dr3,16,VASC,other
Parametric UMAP 50,ParametricUMAP50,UMAP,Mrre_missing_20,0.956,VASC,Zeisel,dr3,16,VASC,other
Parametric UMAP 200,ParametricUMAP200,UMAP,Mrre_missing_20,0.956,VASC,Zeisel,dr3,16,VASC,other
UMAP,UMAP,UMAP,Mrre_missing_30,0.952,VASC,Zeisel,dr3,16,VASC,other
Parametric UMAP 50,ParametricUMAP50,UMAP,Mrre_missing_30,0.952,VASC,Zeisel,dr3,16,VASC,other
Parametric UMAP 200,ParametricUMAP200,UMAP,Mrre_missing_30,0.952,VASC,Zeisel,dr3,16,VASC,other
UMAP,UMAP,UMAP,aji_10,0.091,VASC,Zeisel,dr1,16,VASC,other
Parametric UMAP 50,ParametricUMAP50,UMAP,aji_10,0.079,VASC,Zeisel,dr1,16,VASC,other
Parametric UMAP 200,ParametricUMAP200,UMAP,aji_10,0.082,VASC,Zeisel,dr1,16,VASC,other
UMAP,UMAP,UMAP,aji_20,0.128,VASC,Zeisel,dr1,16,VASC,other
Parametric UMAP 50,ParametricUMAP50,UMAP,aji_20,0.115,VASC,Zeisel,dr1,16,VASC,other
Parametric UMAP 200,ParametricUMAP200,UMAP,aji_20,0.119,VASC,Zeisel,dr1,16,VASC,other
UMAP,UMAP,UMAP,aji_30,0.149,VASC,Zeisel,dr1,16,VASC,other
Parametric UMAP 50,ParametricUMAP50,UMAP,aji_30,0.141,VASC,Zeisel,dr1,16,VASC,other
Parametric UMAP 200,ParametricUMAP200,UMAP,aji_30,0.143,VASC,Zeisel,dr1,16,VASC,other
UMAP,UMAP,UMAP,nkr_10,0.186,VASC,Zeisel,dr1,16,VASC,other
Parametric UMAP 50,ParametricUMAP50,UMAP,nkr_10,0.156,VASC,Zeisel,dr1,16,VASC,other
Parametric UMAP 200,ParametricUMAP200,UMAP,nkr_10,0.163,VASC,Zeisel,dr1,16,VASC,other
UMAP,UMAP,UMAP,nkr_20,0.235,VASC,Zeisel,dr1,16,VASC,other
Parametric UMAP 50,ParametricUMAP50,UMAP,nkr_20,0.211,VASC,Zeisel,dr1,16,VASC,other
Parametric UMAP 200,ParametricUMAP200,UMAP,nkr_20,0.218,VASC,Zeisel,dr1,16,VASC,other
UMAP,UMAP,UMAP,nkr_30,0.263,VASC,Zeisel,dr1,16,VASC,other
Parametric UMAP 50,ParametricUMAP50,UMAP,nkr_30,0.247,VASC,Zeisel,dr1,16,VASC,other
Parametric UMAP 200,ParametricUMAP200,UMAP,nkr_30,0.251,VASC,Zeisel,dr1,16,VASC,other
UMAP,UMAP,UMAP,Mrre_missing_10,0.96,VASC,yan,dr3,16,VASC,other
Parametric UMAP 50,ParametricUMAP50,UMAP,Mrre_missing_10,0.956,VASC,yan,dr3,16,VASC,other
Parametric UMAP 200,ParametricUMAP200,UMAP,Mrre_missing_10,0.961,VASC,yan,dr3,16,VASC,other
UMAP,UMAP,UMAP,Mrre_missing_20,0.943,VASC,yan,dr3,16,VASC,other
Parametric UMAP 50,ParametricUMAP50,UMAP,Mrre_missing_20,0.95,VASC,yan,dr3,16,VASC,other
Parametric UMAP 200,ParametricUMAP200,UMAP,Mrre_missing_20,0.954,VASC,yan,dr3,16,VASC,other
UMAP,UMAP,UMAP,Mrre_missing_30,0.929,VASC,yan,dr3,16,VASC,other
Parametric UMAP 50,ParametricUMAP50,UMAP,Mrre_missing_30,0.946,VASC,yan,dr3,16,VASC,other
Parametric UMAP 200,ParametricUMAP200,UMAP,Mrre_missing_30,0.95,VASC,yan,dr3,16,VASC,other
UMAP,UMAP,UMAP,aji_10,0.544,VASC,yan,dr1,16,VASC,other
Parametric UMAP 50,ParametricUMAP50,UMAP,aji_10,0.505,VASC,yan,dr1,16,VASC,other
Parametric UMAP 200,ParametricUMAP200,UMAP,aji_10,0.543,VASC,yan,dr1,16,VASC,other
UMAP,UMAP,UMAP,aji_20,0.604,VASC,yan,dr1,16,VASC,other
Parametric UMAP 50,ParametricUMAP50,UMAP,aji_20,0.695,VASC,yan,dr1,16,VASC,other
Parametric UMAP 200,ParametricUMAP200,UMAP,aji_20,0.7,VASC,yan,dr1,16,VASC,other
UMAP,UMAP,UMAP,aji_30,0.642,VASC,yan,dr1,16,VASC,other
Parametric UMAP 50,ParametricUMAP50,UMAP,aji_30,0.804,VASC,yan,dr1,16,VASC,other
Parametric UMAP 200,ParametricUMAP200,UMAP,aji_30,0.814,VASC,yan,dr1,16,VASC,other
UMAP,UMAP,UMAP,nkr_10,0.744,VASC,yan,dr1,16,VASC,other
Parametric UMAP 50,ParametricUMAP50,UMAP,nkr_10,0.718,VASC,yan,dr1,16,VASC,other
Parametric UMAP 200,ParametricUMAP200,UMAP,nkr_10,0.736,VASC,yan,dr1,16,VASC,other
UMAP,UMAP,UMAP,nkr_20,0.784,VASC,yan,dr1,16,VASC,other
Parametric UMAP 50,ParametricUMAP50,UMAP,nkr_20,0.841,VASC,yan,dr1,16,VASC,other
Parametric UMAP 200,ParametricUMAP200,UMAP,nkr_20,0.843,VASC,yan,dr1,16,VASC,other
UMAP,UMAP,UMAP,nkr_30,0.791,VASC,yan,dr1,16,VASC,other
Parametric UMAP 50,ParametricUMAP50,UMAP,nkr_30,0.93,VASC,yan,dr1,16,VASC,other
Parametric UMAP 200,ParametricUMAP200,UMAP,nkr_30,0.929,VASC,yan,dr1,16,VASC,other
UMAP,UMAP,UMAP,Mrre_missing_10,0.947,benchmarker,Baron_mouse,dr3,16,curated,other
Parametric UMAP 50,ParametricUMAP50,UMAP,Mrre_missing_10,0.944,benchmarker,Baron_mouse,dr3,16,curated,other
Parametric UMAP 200,ParametricUMAP200,UMAP,Mrre_missing_10,0.947,benchmarker,Baron_mouse,dr3,16,curated,other
UMAP,UMAP,UMAP,Mrre_missing_20,0.939,benchmarker,Baron_mouse,dr3,16,curated,other
Parametric UMAP 50,ParametricUMAP50,UMAP,Mrre_missing_20,0.937,benchmarker,Baron_mouse,dr3,16,curated,other
Parametric UMAP 200,ParametricUMAP200,UMAP,Mrre_missing_20,0.939,benchmarker,Baron_mouse,dr3,16,curated,other
UMAP,UMAP,UMAP,Mrre_missing_30,0.934,benchmarker,Baron_mouse,dr3,16,curated,other
Parametric UMAP 50,ParametricUMAP50,UMAP,Mrre_missing_30,0.932,benchmarker,Baron_mouse,dr3,16,curated,other
Parametric UMAP 200,ParametricUMAP200,UMAP,Mrre_missing_30,0.934,benchmarker,Baron_mouse,dr3,16,curated,other
UMAP,UMAP,UMAP,aji_10,0.075,benchmarker,Baron_mouse,dr1,16,curated,other
Parametric UMAP 50,ParametricUMAP50,UMAP,aji_10,0.063,benchmarker,Baron_mouse,dr1,16,curated,other
Parametric UMAP 200,ParametricUMAP200,UMAP,aji_10,0.067,benchmarker,Baron_mouse,dr1,16,curated,other
UMAP,UMAP,UMAP,aji_20,0.106,benchmarker,Baron_mouse,dr1,16,curated,other
Parametric UMAP 50,ParametricUMAP50,UMAP,aji_20,0.099,benchmarker,Baron_mouse,dr1,16,curated,other
Parametric UMAP 200,ParametricUMAP200,UMAP,aji_20,0.1,benchmarker,Baron_mouse,dr1,16,curated,other
UMAP,UMAP,UMAP,aji_30,0.136,benchmarker,Baron_mouse,dr1,16,curated,other
Parametric UMAP 50,ParametricUMAP50,UMAP,aji_30,0.127,benchmarker,Baron_mouse,dr1,16,curated,other
Parametric UMAP 200,ParametricUMAP200,UMAP,aji_30,0.131,benchmarker,Baron_mouse,dr1,16,curated,other
UMAP,UMAP,UMAP,nkr_10,0.153,benchmarker,Baron_mouse,dr1,16,curated,other
Parametric UMAP 50,ParametricUMAP50,UMAP,nkr_10,0.126,benchmarker,Baron_mouse,dr1,16,curated,other
Parametric UMAP 200,ParametricUMAP200,UMAP,nkr_10,0.133,benchmarker,Baron_mouse,dr1,16,curated,other
UMAP,UMAP,UMAP,nkr_20,0.198,benchmarker,Baron_mouse,dr1,16,curated,other
Parametric UMAP 50,ParametricUMAP50,UMAP,nkr_20,0.181,benchmarker,Baron_mouse,dr1,16,curated,other
Parametric UMAP 200,ParametricUMAP200,UMAP,nkr_20,0.185,benchmarker,Baron_mouse,dr1,16,curated,other
UMAP,UMAP,UMAP,nkr_30,0.236,benchmarker,Baron_mouse,dr1,16,curated,other
Parametric UMAP 50,ParametricUMAP50,UMAP,nkr_30,0.221,benchmarker,Baron_mouse,dr1,16,curated,other
Parametric UMAP 200,ParametricUMAP200,UMAP,nkr_30,0.227,benchmarker,Baron_mouse,dr1,16,curated,other
UMAP,UMAP,UMAP,Mrre_missing_10,0.936,benchmarker,Darmanis,dr3,16,curated,other
Parametric UMAP 50,ParametricUMAP50,UMAP,Mrre_missing_10,0.935,benchmarker,Darmanis,dr3,16,curated,other
Parametric UMAP 200,ParametricUMAP200,UMAP,Mrre_missing_10,0.937,benchmarker,Darmanis,dr3,16,curated,other
UMAP,UMAP,UMAP,Mrre_missing_20,0.927,benchmarker,Darmanis,dr3,16,curated,other
Parametric UMAP 50,ParametricUMAP50,UMAP,Mrre_missing_20,0.927,benchmarker,Darmanis,dr3,16,curated,other
Parametric UMAP 200,ParametricUMAP200,UMAP,Mrre_missing_20,0.929,benchmarker,Darmanis,dr3,16,curated,other
UMAP,UMAP,UMAP,Mrre_missing_30,0.921,benchmarker,Darmanis,dr3,16,curated,other
Parametric UMAP 50,ParametricUMAP50,UMAP,Mrre_missing_30,0.921,benchmarker,Darmanis,dr3,16,curated,other
Parametric UMAP 200,ParametricUMAP200,UMAP,Mrre_missing_30,0.923,benchmarker,Darmanis,dr3,16,curated,other
UMAP,UMAP,UMAP,aji_10,0.191,benchmarker,Darmanis,dr1,16,curated,other
Parametric UMAP 50,ParametricUMAP50,UMAP,aji_10,0.175,benchmarker,Darmanis,dr1,16,curated,other
Parametric UMAP 200,ParametricUMAP200,UMAP,aji_10,0.185,benchmarker,Darmanis,dr1,16,curated,other
UMAP,UMAP,UMAP,aji_20,0.246,benchmarker,Darmanis,dr1,16,curated,other
Parametric UMAP 50,ParametricUMAP50,UMAP,aji_20,0.237,benchmarker,Darmanis,dr1,16,curated,other
Parametric UMAP 200,ParametricUMAP200,UMAP,aji_20,0.248,benchmarker,Darmanis,dr1,16,curated,other
UMAP,UMAP,UMAP,aji_30,0.3,benchmarker,Darmanis,dr1,16,curated,other
Parametric UMAP 50,ParametricUMAP50,UMAP,aji_30,0.303,benchmarker,Darmanis,dr1,16,curated,other
Parametric UMAP 200,ParametricUMAP200,UMAP,aji_30,0.315,benchmarker,Darmanis,dr1,16,curated,other
UMAP,UMAP,UMAP,nkr_10,0.337,benchmarker,Darmanis,dr1,16,curated,other
Parametric UMAP 50,ParametricUMAP50,UMAP,nkr_10,0.312,benchmarker,Darmanis,dr1,16,curated,other
Parametric UMAP 200,ParametricUMAP200,UMAP,nkr_10,0.33,benchmarker,Darmanis,dr1,16,curated,other
UMAP,UMAP,UMAP,nkr_20,0.406,benchmarker,Darmanis,dr1,16,curated,other
Parametric UMAP 50,ParametricUMAP50,UMAP,nkr_20,0.395,benchmarker,Darmanis,dr1,16,curated,other
Parametric UMAP 200,ParametricUMAP200,UMAP,nkr_20,0.407,benchmarker,Darmanis,dr1,16,curated,other
UMAP,UMAP,UMAP,nkr_30,0.463,benchmarker,Darmanis,dr1,16,curated,other
Parametric UMAP 50,ParametricUMAP50,UMAP,nkr_30,0.465,benchmarker,Darmanis,dr1,16,curated,other
Parametric UMAP 200,ParametricUMAP200,UMAP,nkr_30,0.478,benchmarker,Darmanis,dr1,16,curated,other
UMAP,UMAP,UMAP,Mrre_missing_10,0.796,benchmarker,Pancreatic,dr3,16,curated,other
Parametric UMAP 50,ParametricUMAP50,UMAP,Mrre_missing_10,0.829,benchmarker,Pancreatic,dr3,16,curated,other
Parametric UMAP 200,ParametricUMAP200,UMAP,Mrre_missing_10,0.839,benchmarker,Pancreatic,dr3,16,curated,other
UMAP,UMAP,UMAP,Mrre_missing_20,0.775,benchmarker,Pancreatic,dr3,16,curated,other
Parametric UMAP 50,ParametricUMAP50,UMAP,Mrre_missing_20,0.804,benchmarker,Pancreatic,dr3,16,curated,other
Parametric UMAP 200,ParametricUMAP200,UMAP,Mrre_missing_20,0.813,benchmarker,Pancreatic,dr3,16,curated,other
UMAP,UMAP,UMAP,Mrre_missing_30,0.755,benchmarker,Pancreatic,dr3,16,curated,other
Parametric UMAP 50,ParametricUMAP50,UMAP,Mrre_missing_30,0.787,benchmarker,Pancreatic,dr3,16,curated,other
Parametric UMAP 200,ParametricUMAP200,UMAP,Mrre_missing_30,0.793,benchmarker,Pancreatic,dr3,16,curated,other
UMAP,UMAP,UMAP,aji_10,0.317,benchmarker,Pancreatic,dr1,16,curated,other
Parametric UMAP 50,ParametricUMAP50,UMAP,aji_10,0.344,benchmarker,Pancreatic,dr1,16,curated,other
Parametric UMAP 200,ParametricUMAP200,UMAP,aji_10,0.335,benchmarker,Pancreatic,dr1,16,curated,other
UMAP,UMAP,UMAP,aji_20,0.38,benchmarker,Pancreatic,dr1,16,curated,other
Parametric UMAP 50,ParametricUMAP50,UMAP,aji_20,0.397,benchmarker,Pancreatic,dr1,16,curated,other
Parametric UMAP 200,ParametricUMAP200,UMAP,aji_20,0.394,benchmarker,Pancreatic,dr1,16,curated,other
UMAP,UMAP,UMAP,aji_30,0.533,benchmarker,Pancreatic,dr1,16,curated,other
Parametric UMAP 50,ParametricUMAP50,UMAP,aji_30,0.57,benchmarker,Pancreatic,dr1,16,curated,other
Parametric UMAP 200,ParametricUMAP200,UMAP,aji_30,0.545,benchmarker,Pancreatic,dr1,16,curated,other
UMAP,UMAP,UMAP,nkr_10,0.503,benchmarker,Pancreatic,dr1,16,curated,other
Parametric UMAP 50,ParametricUMAP50,UMAP,nkr_10,0.537,benchmarker,Pancreatic,dr1,16,curated,other
Parametric UMAP 200,ParametricUMAP200,UMAP,nkr_10,0.528,benchmarker,Pancreatic,dr1,16,curated,other
UMAP,UMAP,UMAP,nkr_20,0.575,benchmarker,Pancreatic,dr1,16,curated,other
Parametric UMAP 50,ParametricUMAP50,UMAP,nkr_20,0.597,benchmarker,Pancreatic,dr1,16,curated,other
Parametric UMAP 200,ParametricUMAP200,UMAP,nkr_20,0.602,benchmarker,Pancreatic,dr1,16,curated,other
UMAP,UMAP,UMAP,nkr_30,0.703,benchmarker,Pancreatic,dr1,16,curated,other
Parametric UMAP 50,ParametricUMAP50,UMAP,nkr_30,0.737,benchmarker,Pancreatic,dr1,16,curated,other
Parametric UMAP 200,ParametricUMAP200,UMAP,nkr_30,0.71,benchmarker,Pancreatic,dr1,16,curated,other
UMAP,UMAP,UMAP,Mrre_missing_10,0.896,benchmarker,Silver,dr3,16,curated,other
Parametric UMAP 50,ParametricUMAP50,UMAP,Mrre_missing_10,0.899,benchmarker,Silver,dr3,16,curated,other
Parametric UMAP 200,ParametricUMAP200,UMAP,Mrre_missing_10,0.902,benchmarker,Silver,dr3,16,curated,other
UMAP,UMAP,UMAP,Mrre_missing_20,0.887,benchmarker,Silver,dr3,16,curated,other
Parametric UMAP 50,ParametricUMAP50,UMAP,Mrre_missing_20,0.89,benchmarker,Silver,dr3,16,curated,other
Parametric UMAP 200,ParametricUMAP200,UMAP,Mrre_missing_20,0.892,benchmarker,Silver,dr3,16,curated,other
UMAP,UMAP,UMAP,Mrre_missing_30,0.882,benchmarker,Silver,dr3,16,curated,other
Parametric UMAP 50,ParametricUMAP50,UMAP,Mrre_missing_30,0.885,benchmarker,Silver,dr3,16,curated,other
Parametric UMAP 200,ParametricUMAP200,UMAP,Mrre_missing_30,0.886,benchmarker,Silver,dr3,16,curated,other
UMAP,UMAP,UMAP,aji_10,0.026,benchmarker,Silver,dr1,16,curated,other
Parametric UMAP 50,ParametricUMAP50,UMAP,aji_10,0.023,benchmarker,Silver,dr1,16,curated,other
Parametric UMAP 200,ParametricUMAP200,UMAP,aji_10,0.025,benchmarker,Silver,dr1,16,curated,other
UMAP,UMAP,UMAP,aji_20,0.042,benchmarker,Silver,dr1,16,curated,other
Parametric UMAP 50,ParametricUMAP50,UMAP,aji_20,0.038,benchmarker,Silver,dr1,16,curated,other
Parametric UMAP 200,ParametricUMAP200,UMAP,aji_20,0.04,benchmarker,Silver,dr1,16,curated,other
UMAP,UMAP,UMAP,aji_30,0.054,benchmarker,Silver,dr1,16,curated,other
Parametric UMAP 50,ParametricUMAP50,UMAP,aji_30,0.051,benchmarker,Silver,dr1,16,curated,other
Parametric UMAP 200,ParametricUMAP200,UMAP,aji_30,0.052,benchmarker,Silver,dr1,16,curated,other
UMAP,UMAP,UMAP,nkr_10,0.056,benchmarker,Silver,dr1,16,curated,other
Parametric UMAP 50,ParametricUMAP50,UMAP,nkr_10,0.047,benchmarker,Silver,dr1,16,curated,other
Parametric UMAP 200,ParametricUMAP200,UMAP,nkr_10,0.051,benchmarker,Silver,dr1,16,curated,other
UMAP,UMAP,UMAP,nkr_20,0.082,benchmarker,Silver,dr1,16,curated,other
Parametric UMAP 50,ParametricUMAP50,UMAP,nkr_20,0.074,benchmarker,Silver,dr1,16,curated,other
Parametric UMAP 200,ParametricUMAP200,UMAP,nkr_20,0.078,benchmarker,Silver,dr1,16,curated,other
UMAP,UMAP,UMAP,nkr_30,0.101,benchmarker,Silver,dr1,16,curated,other
Parametric UMAP 50,ParametricUMAP50,UMAP,nkr_30,0.095,benchmarker,Silver,dr1,16,curated,other
Parametric UMAP 200,ParametricUMAP200,UMAP,nkr_30,0.098,benchmarker,Silver,dr1,16,curated,other
UMAP,UMAP,UMAP,Mrre_missing_10,0.893,benchmarker,Zhengmix4eq,dr3,16,curated,other
Parametric UMAP 50,ParametricUMAP50,UMAP,Mrre_missing_10,0.907,benchmarker,Zhengmix4eq,dr3,16,curated,other
Parametric UMAP 200,ParametricUMAP200,UMAP,Mrre_missing_10,0.908,benchmarker,Zhengmix4eq,dr3,16,curated,other
UMAP,UMAP,UMAP,Mrre_missing_20,0.886,benchmarker,Zhengmix4eq,dr3,16,curated,other
Parametric UMAP 50,ParametricUMAP50,UMAP,Mrre_missing_20,0.898,benchmarker,Zhengmix4eq,dr3,16,curated,other
Parametric UMAP 200,ParametricUMAP200,UMAP,Mrre_missing_20,0.899,benchmarker,Zhengmix4eq,dr3,16,curated,other
UMAP,UMAP,UMAP,Mrre_missing_30,0.882,benchmarker,Zhengmix4eq,dr3,16,curated,other
Parametric UMAP 50,ParametricUMAP50,UMAP,Mrre_missing_30,0.892,benchmarker,Zhengmix4eq,dr3,16,curated,other
Parametric UMAP 200,ParametricUMAP200,UMAP,Mrre_missing_30,0.893,benchmarker,Zhengmix4eq,dr3,16,curated,other
UMAP,UMAP,UMAP,aji_10,0.015,benchmarker,Zhengmix4eq,dr1,16,curated,other
Parametric UMAP 50,ParametricUMAP50,UMAP,aji_10,0.016,benchmarker,Zhengmix4eq,dr1,16,curated,other
Parametric UMAP 200,ParametricUMAP200,UMAP,aji_10,0.016,benchmarker,Zhengmix4eq,dr1,16,curated,other
UMAP,UMAP,UMAP,aji_20,0.024,benchmarker,Zhengmix4eq,dr1,16,curated,other
Parametric UMAP 50,ParametricUMAP50,UMAP,aji_20,0.024,benchmarker,Zhengmix4eq,dr1,16,curated,other
Parametric UMAP 200,ParametricUMAP200,UMAP,aji_20,0.024,benchmarker,Zhengmix4eq,dr1,16,curated,other
UMAP,UMAP,UMAP,aji_30,0.032,benchmarker,Zhengmix4eq,dr1,16,curated,other
Parametric UMAP 50,ParametricUMAP50,UMAP,aji_30,0.032,benchmarker,Zhengmix4eq,dr1,16,curated,other
Parametric UMAP 200,ParametricUMAP200,UMAP,aji_30,0.032,benchmarker,Zhengmix4eq,dr1,16,curated,other
UMAP,UMAP,UMAP,nkr_10,0.033,benchmarker,Zhengmix4eq,dr1,16,curated,other
Parametric UMAP 50,ParametricUMAP50,UMAP,nkr_10,0.035,benchmarker,Zhengmix4eq,dr1,16,curated,other
Parametric UMAP 200,ParametricUMAP200,UMAP,nkr_10,0.035,benchmarker,Zhengmix4eq,dr1,16,curated,other
UMAP,UMAP,UMAP,nkr_20,0.048,benchmarker,Zhengmix4eq,dr1,16,curated,other
Parametric UMAP 50,ParametricUMAP50,UMAP,nkr_20,0.049,benchmarker,Zhengmix4eq,dr1,16,curated,other
Parametric UMAP 200,ParametricUMAP200,UMAP,nkr_20,0.049,benchmarker,Zhengmix4eq,dr1,16,curated,other
UMAP,UMAP,UMAP,nkr_30,0.061,benchmarker,Zhengmix4eq,dr1,16,curated,other
Parametric UMAP 50,ParametricUMAP50,UMAP,nkr_30,0.062,benchmarker,Zhengmix4eq,dr1,16,curated,other
Parametric UMAP 200,ParametricUMAP200,UMAP,nkr_30,0.062,benchmarker,Zhengmix4eq,dr1,16,curated,other
UMAP,UMAP,UMAP,Mrre_missing_10,0.987,scDesign3,ACINAR,dr3,16,scDesign3,other
Parametric UMAP 50,ParametricUMAP50,UMAP,Mrre_missing_10,0.986,scDesign3,ACINAR,dr3,16,scDesign3,other
Parametric UMAP 200,ParametricUMAP200,UMAP,Mrre_missing_10,0.987,scDesign3,ACINAR,dr3,16,scDesign3,other
UMAP,UMAP,UMAP,Mrre_missing_20,0.984,scDesign3,ACINAR,dr3,16,scDesign3,other
Parametric UMAP 50,ParametricUMAP50,UMAP,Mrre_missing_20,0.983,scDesign3,ACINAR,dr3,16,scDesign3,other
Parametric UMAP 200,ParametricUMAP200,UMAP,Mrre_missing_20,0.984,scDesign3,ACINAR,dr3,16,scDesign3,other
UMAP,UMAP,UMAP,Mrre_missing_30,0.982,scDesign3,ACINAR,dr3,16,scDesign3,other
Parametric UMAP 50,ParametricUMAP50,UMAP,Mrre_missing_30,0.981,scDesign3,ACINAR,dr3,16,scDesign3,other
Parametric UMAP 200,ParametricUMAP200,UMAP,Mrre_missing_30,0.982,scDesign3,ACINAR,dr3,16,scDesign3,other
UMAP,UMAP,UMAP,aji_10,0.211,scDesign3,ACINAR,dr1,16,scDesign3,other
Parametric UMAP 50,ParametricUMAP50,UMAP,aji_10,0.157,scDesign3,ACINAR,dr1,16,scDesign3,other
Parametric UMAP 200,ParametricUMAP200,UMAP,aji_10,0.17,scDesign3,ACINAR,dr1,16,scDesign3,other
UMAP,UMAP,UMAP,aji_20,0.255,scDesign3,ACINAR,dr1,16,scDesign3,other
Parametric UMAP 50,ParametricUMAP50,UMAP,aji_20,0.209,scDesign3,ACINAR,dr1,16,scDesign3,other
Parametric UMAP 200,ParametricUMAP200,UMAP,aji_20,0.223,scDesign3,ACINAR,dr1,16,scDesign3,other
UMAP,UMAP,UMAP,aji_30,0.283,scDesign3,ACINAR,dr1,16,scDesign3,other
Parametric UMAP 50,ParametricUMAP50,UMAP,aji_30,0.241,scDesign3,ACINAR,dr1,16,scDesign3,other
Parametric UMAP 200,ParametricUMAP200,UMAP,aji_30,0.256,scDesign3,ACINAR,dr1,16,scDesign3,other
UMAP,UMAP,UMAP,nkr_10,0.393,scDesign3,ACINAR,dr1,16,scDesign3,other
Parametric UMAP 50,ParametricUMAP50,UMAP,nkr_10,0.304,scDesign3,ACINAR,dr1,16,scDesign3,other
Parametric UMAP 200,ParametricUMAP200,UMAP,nkr_10,0.322,scDesign3,ACINAR,dr1,16,scDesign3,other
UMAP,UMAP,UMAP,nkr_20,0.434,scDesign3,ACINAR,dr1,16,scDesign3,other
Parametric UMAP 50,ParametricUMAP50,UMAP,nkr_20,0.366,scDesign3,ACINAR,dr1,16,scDesign3,other
Parametric UMAP 200,ParametricUMAP200,UMAP,nkr_20,0.385,scDesign3,ACINAR,dr1,16,scDesign3,other
UMAP,UMAP,UMAP,nkr_30,0.456,scDesign3,ACINAR,dr1,16,scDesign3,other
Parametric UMAP 50,ParametricUMAP50,UMAP,nkr_30,0.4,scDesign3,ACINAR,dr1,16,scDesign3,other
Parametric UMAP 200,ParametricUMAP200,UMAP,nkr_30,0.421,scDesign3,ACINAR,dr1,16,scDesign3,other
UMAP,UMAP,UMAP,Mrre_missing_10,0.914,scDesign3,ATAC,dr3,16,scDesign3,other
Parametric UMAP 50,ParametricUMAP50,UMAP,Mrre_missing_10,0.91,scDesign3,ATAC,dr3,16,scDesign3,other
Parametric UMAP 200,ParametricUMAP200,UMAP,Mrre_missing_10,0.912,scDesign3,ATAC,dr3,16,scDesign3,other
UMAP,UMAP,UMAP,Mrre_missing_20,0.906,scDesign3,ATAC,dr3,16,scDesign3,other
Parametric UMAP 50,ParametricUMAP50,UMAP,Mrre_missing_20,0.903,scDesign3,ATAC,dr3,16,scDesign3,other
Parametric UMAP 200,ParametricUMAP200,UMAP,Mrre_missing_20,0.904,scDesign3,ATAC,dr3,16,scDesign3,other
UMAP,UMAP,UMAP,Mrre_missing_30,0.901,scDesign3,ATAC,dr3,16,scDesign3,other
Parametric UMAP 50,ParametricUMAP50,UMAP,Mrre_missing_30,0.899,scDesign3,ATAC,dr3,16,scDesign3,other
Parametric UMAP 200,ParametricUMAP200,UMAP,Mrre_missing_30,0.9,scDesign3,ATAC,dr3,16,scDesign3,other
UMAP,UMAP,UMAP,aji_10,0.013,scDesign3,ATAC,dr1,16,scDesign3,other
Parametric UMAP 50,ParametricUMAP50,UMAP,aji_10,0.011,scDesign3,ATAC,dr1,16,scDesign3,other
Parametric UMAP 200,ParametricUMAP200,UMAP,aji_10,0.012,scDesign3,ATAC,dr1,16,scDesign3,other
UMAP,UMAP,UMAP,aji_20,0.019,scDesign3,ATAC,dr1,16,scDesign3,other
Parametric UMAP 50,ParametricUMAP50,UMAP,aji_20,0.017,scDesign3,ATAC,dr1,16,scDesign3,other
Parametric UMAP 200,ParametricUMAP200,UMAP,aji_20,0.018,scDesign3,ATAC,dr1,16,scDesign3,other
UMAP,UMAP,UMAP,aji_30,0.024,scDesign3,ATAC,dr1,16,scDesign3,other
Parametric UMAP 50,ParametricUMAP50,UMAP,aji_30,0.021,scDesign3,ATAC,dr1,16,scDesign3,other
Parametric UMAP 200,ParametricUMAP200,UMAP,aji_30,0.022,scDesign3,ATAC,dr1,16,scDesign3,other
UMAP,UMAP,UMAP,nkr_10,0.032,scDesign3,ATAC,dr1,16,scDesign3,other
Parametric UMAP 50,ParametricUMAP50,UMAP,nkr_10,0.025,scDesign3,ATAC,dr1,16,scDesign3,other
Parametric UMAP 200,ParametricUMAP200,UMAP,nkr_10,0.028,scDesign3,ATAC,dr1,16,scDesign3,other
UMAP,UMAP,UMAP,nkr_20,0.043,scDesign3,ATAC,dr1,16,scDesign3,other
Parametric UMAP 50,ParametricUMAP50,UMAP,nkr_20,0.036,scDesign3,ATAC,dr1,16,scDesign3,other
Parametric UMAP 200,ParametricUMAP200,UMAP,nkr_20,0.038,scDesign3,ATAC,dr1,16,scDesign3,other
UMAP,UMAP,UMAP,nkr_30,0.051,scDesign3,ATAC,dr1,16,scDesign3,other
Parametric UMAP 50,ParametricUMAP50,UMAP,nkr_30,0.045,scDesign3,ATAC,dr1,16,scDesign3,other
Parametric UMAP 200,ParametricUMAP200,UMAP,nkr_30,0.047,scDesign3,ATAC,dr1,16,scDesign3,other
UMAP,UMAP,UMAP,Mrre_missing_10,0.99,scDesign3,BATCH,dr3,16,scDesign3,other
Parametric UMAP 50,ParametricUMAP50,UMAP,Mrre_missing_10,0.991,scDesign3,BATCH,dr3,16,scDesign3,other
Parametric UMAP 200,ParametricUMAP200,UMAP,Mrre_missing_10,0.99,scDesign3,BATCH,dr3,16,scDesign3,other
UMAP,UMAP,UMAP,Mrre_missing_20,0.988,scDesign3,BATCH,dr3,16,scDesign3,other
Parametric UMAP 50,ParametricUMAP50,UMAP,Mrre_missing_20,0.989,scDesign3,BATCH,dr3,16,scDesign3,other
Parametric UMAP 200,ParametricUMAP200,UMAP,Mrre_missing_20,0.988,scDesign3,BATCH,dr3,16,scDesign3,other
UMAP,UMAP,UMAP,Mrre_missing_30,0.987,scDesign3,BATCH,dr3,16,scDesign3,other
Parametric UMAP 50,ParametricUMAP50,UMAP,Mrre_missing_30,0.988,scDesign3,BATCH,dr3,16,scDesign3,other
Parametric UMAP 200,ParametricUMAP200,UMAP,Mrre_missing_30,0.987,scDesign3,BATCH,dr3,16,scDesign3,other
UMAP,UMAP,UMAP,aji_10,0.144,scDesign3,BATCH,dr1,16,scDesign3,other
Parametric UMAP 50,ParametricUMAP50,UMAP,aji_10,0.12,scDesign3,BATCH,dr1,16,scDesign3,other
Parametric UMAP 200,ParametricUMAP200,UMAP,aji_10,0.126,scDesign3,BATCH,dr1,16,scDesign3,other
UMAP,UMAP,UMAP,aji_20,0.197,scDesign3,BATCH,dr1,16,scDesign3,other
Parametric UMAP 50,ParametricUMAP50,UMAP,aji_20,0.174,scDesign3,BATCH,dr1,16,scDesign3,other
Parametric UMAP 200,ParametricUMAP200,UMAP,aji_20,0.181,scDesign3,BATCH,dr1,16,scDesign3,other
UMAP,UMAP,UMAP,aji_30,0.235,scDesign3,BATCH,dr1,16,scDesign3,other
Parametric UMAP 50,ParametricUMAP50,UMAP,aji_30,0.21,scDesign3,BATCH,dr1,16,scDesign3,other
Parametric UMAP 200,ParametricUMAP200,UMAP,aji_30,0.218,scDesign3,BATCH,dr1,16,scDesign3,other
UMAP,UMAP,UMAP,nkr_10,0.28,scDesign3,BATCH,dr1,16,scDesign3,other
Parametric UMAP 50,ParametricUMAP50,UMAP,nkr_10,0.234,scDesign3,BATCH,dr1,16,scDesign3,other
Parametric UMAP 200,ParametricUMAP200,UMAP,nkr_10,0.247,scDesign3,BATCH,dr1,16,scDesign3,other
UMAP,UMAP,UMAP,nkr_20,0.347,scDesign3,BATCH,dr1,16,scDesign3,other
Parametric UMAP 50,ParametricUMAP50,UMAP,nkr_20,0.309,scDesign3,BATCH,dr1,16,scDesign3,other
Parametric UMAP 200,ParametricUMAP200,UMAP,nkr_20,0.322,scDesign3,BATCH,dr1,16,scDesign3,other
UMAP,UMAP,UMAP,nkr_30,0.391,scDesign3,BATCH,dr1,16,scDesign3,other
Parametric UMAP 50,ParametricUMAP50,UMAP,nkr_30,0.355,scDesign3,BATCH,dr1,16,scDesign3,other
Parametric UMAP 200,ParametricUMAP200,UMAP,nkr_30,0.368,scDesign3,BATCH,dr1,16,scDesign3,other
UMAP,UMAP,UMAP,Mrre_missing_10,0.996,scDesign3,CITE,dr3,16,scDesign3,other
Parametric UMAP 50,ParametricUMAP50,UMAP,Mrre_missing_10,0.994,scDesign3,CITE,dr3,16,scDesign3,other
Parametric UMAP 200,ParametricUMAP200,UMAP,Mrre_missing_10,0.995,scDesign3,CITE,dr3,16,scDesign3,other
UMAP,UMAP,UMAP,Mrre_missing_20,0.995,scDesign3,CITE,dr3,16,scDesign3,other
Parametric UMAP 50,ParametricUMAP50,UMAP,Mrre_missing_20,0.994,scDesign3,CITE,dr3,16,scDesign3,other
Parametric UMAP 200,ParametricUMAP200,UMAP,Mrre_missing_20,0.994,scDesign3,CITE,dr3,16,scDesign3,other
UMAP,UMAP,UMAP,Mrre_missing_30,0.994,scDesign3,CITE,dr3,16,scDesign3,other
Parametric UMAP 50,ParametricUMAP50,UMAP,Mrre_missing_30,0.993,scDesign3,CITE,dr3,16,scDesign3,other
Parametric UMAP 200,ParametricUMAP200,UMAP,Mrre_missing_30,0.993,scDesign3,CITE,dr3,16,scDesign3,other
UMAP,UMAP,UMAP,aji_10,0.267,scDesign3,CITE,dr1,16,scDesign3,other
Parametric UMAP 50,ParametricUMAP50,UMAP,aji_10,0.179,scDesign3,CITE,dr1,16,scDesign3,other
Parametric UMAP 200,ParametricUMAP200,UMAP,aji_10,0.187,scDesign3,CITE,dr1,16,scDesign3,other
UMAP,UMAP,UMAP,aji_20,0.323,scDesign3,CITE,dr1,16,scDesign3,other
Parametric UMAP 50,ParametricUMAP50,UMAP,aji_20,0.24,scDesign3,CITE,dr1,16,scDesign3,other
Parametric UMAP 200,ParametricUMAP200,UMAP,aji_20,0.248,scDesign3,CITE,dr1,16,scDesign3,other
UMAP,UMAP,UMAP,aji_30,0.356,scDesign3,CITE,dr1,16,scDesign3,other
Parametric UMAP 50,ParametricUMAP50,UMAP,aji_30,0.281,scDesign3,CITE,dr1,16,scDesign3,other
Parametric UMAP 200,ParametricUMAP200,UMAP,aji_30,0.289,scDesign3,CITE,dr1,16,scDesign3,other
UMAP,UMAP,UMAP,nkr_10,0.461,scDesign3,CITE,dr1,16,scDesign3,other
Parametric UMAP 50,ParametricUMAP50,UMAP,nkr_10,0.333,scDesign3,CITE,dr1,16,scDesign3,other
Parametric UMAP 200,ParametricUMAP200,UMAP,nkr_10,0.347,scDesign3,CITE,dr1,16,scDesign3,other
UMAP,UMAP,UMAP,nkr_20,0.506,scDesign3,CITE,dr1,16,scDesign3,other
Parametric UMAP 50,ParametricUMAP50,UMAP,nkr_20,0.403,scDesign3,CITE,dr1,16,scDesign3,other
Parametric UMAP 200,ParametricUMAP200,UMAP,nkr_20,0.415,scDesign3,CITE,dr1,16,scDesign3,other
UMAP,UMAP,UMAP,nkr_30,0.533,scDesign3,CITE,dr1,16,scDesign3,other
Parametric UMAP 50,ParametricUMAP50,UMAP,nkr_30,0.446,scDesign3,CITE,dr1,16,scDesign3,other
Parametric UMAP 200,ParametricUMAP200,UMAP,nkr_30,0.457,scDesign3,CITE,dr1,16,scDesign3,other
UMAP,UMAP,UMAP,Mrre_missing_10,0.979,scDesign3,EMBYRO,dr3,16,scDesign3,other
Parametric UMAP 50,ParametricUMAP50,UMAP,Mrre_missing_10,0.927,scDesign3,EMBYRO,dr3,16,scDesign3,other
Parametric UMAP 200,ParametricUMAP200,UMAP,Mrre_missing_10,0.978,scDesign3,EMBYRO,dr3,16,scDesign3,other
UMAP,UMAP,UMAP,Mrre_missing_20,0.972,scDesign3,EMBYRO,dr3,16,scDesign3,other
Parametric UMAP 50,ParametricUMAP50,UMAP,Mrre_missing_20,0.919,scDesign3,EMBYRO,dr3,16,scDesign3,other
Parametric UMAP 200,ParametricUMAP200,UMAP,Mrre_missing_20,0.972,scDesign3,EMBYRO,dr3,16,scDesign3,other
UMAP,UMAP,UMAP,Mrre_missing_30,0.967,scDesign3,EMBYRO,dr3,16,scDesign3,other
Parametric UMAP 50,ParametricUMAP50,UMAP,Mrre_missing_30,0.914,scDesign3,EMBYRO,dr3,16,scDesign3,other
Parametric UMAP 200,ParametricUMAP200,UMAP,Mrre_missing_30,0.968,scDesign3,EMBYRO,dr3,16,scDesign3,other
UMAP,UMAP,UMAP,aji_10,0.313,scDesign3,EMBYRO,dr1,16,scDesign3,other
Parametric UMAP 50,ParametricUMAP50,UMAP,aji_10,0.098,scDesign3,EMBYRO,dr1,16,scDesign3,other
Parametric UMAP 200,ParametricUMAP200,UMAP,aji_10,0.234,scDesign3,EMBYRO,dr1,16,scDesign3,other
UMAP,UMAP,UMAP,aji_20,0.36,scDesign3,EMBYRO,dr1,16,scDesign3,other
Parametric UMAP 50,ParametricUMAP50,UMAP,aji_20,0.145,scDesign3,EMBYRO,dr1,16,scDesign3,other
Parametric UMAP 200,ParametricUMAP200,UMAP,aji_20,0.3,scDesign3,EMBYRO,dr1,16,scDesign3,other
UMAP,UMAP,UMAP,aji_30,0.379,scDesign3,EMBYRO,dr1,16,scDesign3,other
Parametric UMAP 50,ParametricUMAP50,UMAP,aji_30,0.18,scDesign3,EMBYRO,dr1,16,scDesign3,other
Parametric UMAP 200,ParametricUMAP200,UMAP,aji_30,0.332,scDesign3,EMBYRO,dr1,16,scDesign3,other
UMAP,UMAP,UMAP,nkr_10,0.529,scDesign3,EMBYRO,dr1,16,scDesign3,other
Parametric UMAP 50,ParametricUMAP50,UMAP,nkr_10,0.192,scDesign3,EMBYRO,dr1,16,scDesign3,other
Parametric UMAP 200,ParametricUMAP200,UMAP,nkr_10,0.407,scDesign3,EMBYRO,dr1,16,scDesign3,other
UMAP,UMAP,UMAP,nkr_20,0.554,scDesign3,EMBYRO,dr1,16,scDesign3,other
Parametric UMAP 50,ParametricUMAP50,UMAP,nkr_20,0.26,scDesign3,EMBYRO,dr1,16,scDesign3,other
Parametric UMAP 200,ParametricUMAP200,UMAP,nkr_20,0.482,scDesign3,EMBYRO,dr1,16,scDesign3,other
UMAP,UMAP,UMAP,nkr_30,0.561,scDesign3,EMBYRO,dr1,16,scDesign3,other
Parametric UMAP 50,ParametricUMAP50,UMAP,nkr_30,0.306,scDesign3,EMBYRO,dr1,16,scDesign3,other
Parametric UMAP 200,ParametricUMAP200,UMAP,nkr_30,0.507,scDesign3,EMBYRO,dr1,16,scDesign3,other
UMAP,UMAP,UMAP,Mrre_missing_10,0.99,scDesign3,IFNB,dr3,16,scDesign3,other
Parametric UMAP 50,ParametricUMAP50,UMAP,Mrre_missing_10,0.988,scDesign3,IFNB,dr3,16,scDesign3,other
Parametric UMAP 200,ParametricUMAP200,UMAP,Mrre_missing_10,0.989,scDesign3,IFNB,dr3,16,scDesign3,other
UMAP,UMAP,UMAP,Mrre_missing_20,0.988,scDesign3,IFNB,dr3,16,scDesign3,other
Parametric UMAP 50,ParametricUMAP50,UMAP,Mrre_missing_20,0.986,scDesign3,IFNB,dr3,16,scDesign3,other
Parametric UMAP 200,ParametricUMAP200,UMAP,Mrre_missing_20,0.987,scDesign3,IFNB,dr3,16,scDesign3,other
UMAP,UMAP,UMAP,Mrre_missing_30,0.986,scDesign3,IFNB,dr3,16,scDesign3,other
Parametric UMAP 50,ParametricUMAP50,UMAP,Mrre_missing_30,0.985,scDesign3,IFNB,dr3,16,scDesign3,other
Parametric UMAP 200,ParametricUMAP200,UMAP,Mrre_missing_30,0.985,scDesign3,IFNB,dr3,16,scDesign3,other
UMAP,UMAP,UMAP,aji_10,0.097,scDesign3,IFNB,dr1,16,scDesign3,other
Parametric UMAP 50,ParametricUMAP50,UMAP,aji_10,0.075,scDesign3,IFNB,dr1,16,scDesign3,other
Parametric UMAP 200,ParametricUMAP200,UMAP,aji_10,0.083,scDesign3,IFNB,dr1,16,scDesign3,other
UMAP,UMAP,UMAP,aji_20,0.133,scDesign3,IFNB,dr1,16,scDesign3,other
Parametric UMAP 50,ParametricUMAP50,UMAP,aji_20,0.109,scDesign3,IFNB,dr1,16,scDesign3,other
Parametric UMAP 200,ParametricUMAP200,UMAP,aji_20,0.119,scDesign3,IFNB,dr1,16,scDesign3,other
UMAP,UMAP,UMAP,aji_30,0.157,scDesign3,IFNB,dr1,16,scDesign3,other
Parametric UMAP 50,ParametricUMAP50,UMAP,aji_30,0.133,scDesign3,IFNB,dr1,16,scDesign3,other
Parametric UMAP 200,ParametricUMAP200,UMAP,aji_30,0.143,scDesign3,IFNB,dr1,16,scDesign3,other
UMAP,UMAP,UMAP,nkr_10,0.193,scDesign3,IFNB,dr1,16,scDesign3,other
Parametric UMAP 50,ParametricUMAP50,UMAP,nkr_10,0.148,scDesign3,IFNB,dr1,16,scDesign3,other
Parametric UMAP 200,ParametricUMAP200,UMAP,nkr_10,0.166,scDesign3,IFNB,dr1,16,scDesign3,other
UMAP,UMAP,UMAP,nkr_20,0.243,scDesign3,IFNB,dr1,16,scDesign3,other
Parametric UMAP 50,ParametricUMAP50,UMAP,nkr_20,0.2,scDesign3,IFNB,dr1,16,scDesign3,other
Parametric UMAP 200,ParametricUMAP200,UMAP,nkr_20,0.218,scDesign3,IFNB,dr1,16,scDesign3,other
UMAP,UMAP,UMAP,nkr_30,0.274,scDesign3,IFNB,dr1,16,scDesign3,other
Parametric UMAP 50,ParametricUMAP50,UMAP,nkr_30,0.235,scDesign3,IFNB,dr1,16,scDesign3,other
Parametric UMAP 200,ParametricUMAP200,UMAP,nkr_30,0.251,scDesign3,IFNB,dr1,16,scDesign3,other
UMAP,UMAP,UMAP,Mrre_missing_10,0.982,scDesign3,MARROW,dr3,16,scDesign3,other
Parametric UMAP 50,ParametricUMAP50,UMAP,Mrre_missing_10,0.98,scDesign3,MARROW,dr3,16,scDesign3,other
Parametric UMAP 200,ParametricUMAP200,UMAP,Mrre_missing_10,0.981,scDesign3,MARROW,dr3,16,scDesign3,other
UMAP,UMAP,UMAP,Mrre_missing_20,0.98,scDesign3,MARROW,dr3,16,scDesign3,other
Parametric UMAP 50,ParametricUMAP50,UMAP,Mrre_missing_20,0.978,scDesign3,MARROW,dr3,16,scDesign3,other
Parametric UMAP 200,ParametricUMAP200,UMAP,Mrre_missing_20,0.979,scDesign3,MARROW,dr3,16,scDesign3,other
UMAP,UMAP,UMAP,Mrre_missing_30,0.978,scDesign3,MARROW,dr3,16,scDesign3,other
Parametric UMAP 50,ParametricUMAP50,UMAP,Mrre_missing_30,0.977,scDesign3,MARROW,dr3,16,scDesign3,other
Parametric UMAP 200,ParametricUMAP200,UMAP,Mrre_missing_30,0.977,scDesign3,MARROW,dr3,16,scDesign3,other
UMAP,UMAP,UMAP,aji_10,0.11,scDesign3,MARROW,dr1,16,scDesign3,other
Parametric UMAP 50,ParametricUMAP50,UMAP,aji_10,0.097,scDesign3,MARROW,dr1,16,scDesign3,other
Parametric UMAP 200,ParametricUMAP200,UMAP,aji_10,0.102,scDesign3,MARROW,dr1,16,scDesign3,other
UMAP,UMAP,UMAP,aji_20,0.154,scDesign3,MARROW,dr1,16,scDesign3,other
Parametric UMAP 50,ParametricUMAP50,UMAP,aji_20,0.139,scDesign3,MARROW,dr1,16,scDesign3,other
Parametric UMAP 200,ParametricUMAP200,UMAP,aji_20,0.144,scDesign3,MARROW,dr1,16,scDesign3,other
UMAP,UMAP,UMAP,aji_30,0.187,scDesign3,MARROW,dr1,16,scDesign3,other
Parametric UMAP 50,ParametricUMAP50,UMAP,aji_30,0.173,scDesign3,MARROW,dr1,16,scDesign3,other
Parametric UMAP 200,ParametricUMAP200,UMAP,aji_30,0.178,scDesign3,MARROW,dr1,16,scDesign3,other
UMAP,UMAP,UMAP,nkr_10,0.225,scDesign3,MARROW,dr1,16,scDesign3,other
Parametric UMAP 50,ParametricUMAP50,UMAP,nkr_10,0.195,scDesign3,MARROW,dr1,16,scDesign3,other
Parametric UMAP 200,ParametricUMAP200,UMAP,nkr_10,0.207,scDesign3,MARROW,dr1,16,scDesign3,other
UMAP,UMAP,UMAP,nkr_20,0.283,scDesign3,MARROW,dr1,16,scDesign3,other
Parametric UMAP 50,ParametricUMAP50,UMAP,nkr_20,0.256,scDesign3,MARROW,dr1,16,scDesign3,other
Parametric UMAP 200,ParametricUMAP200,UMAP,nkr_20,0.266,scDesign3,MARROW,dr1,16,scDesign3,other
UMAP,UMAP,UMAP,nkr_30,0.325,scDesign3,MARROW,dr1,16,scDesign3,other
Parametric UMAP 50,ParametricUMAP50,UMAP,nkr_30,0.303,scDesign3,MARROW,dr1,16,scDesign3,other
Parametric UMAP 200,ParametricUMAP200,UMAP,nkr_30,0.311,scDesign3,MARROW,dr1,16,scDesign3,other
UMAP,UMAP,UMAP,Mrre_missing_10,0.936,scDesign3,MOBSC,dr3,16,scDesign3,other
Parametric UMAP 50,ParametricUMAP50,UMAP,Mrre_missing_10,0.93,scDesign3,MOBSC,dr3,16,scDesign3,other
Parametric UMAP 200,ParametricUMAP200,UMAP,Mrre_missing_10,0.93,scDesign3,MOBSC,dr3,16,scDesign3,other
UMAP,UMAP,UMAP,Mrre_missing_20,0.93,scDesign3,MOBSC,dr3,16,scDesign3,other
Parametric UMAP 50,ParametricUMAP50,UMAP,Mrre_missing_20,0.925,scDesign3,MOBSC,dr3,16,scDesign3,other
Parametric UMAP 200,ParametricUMAP200,UMAP,Mrre_missing_20,0.924,scDesign3,MOBSC,dr3,16,scDesign3,other
UMAP,UMAP,UMAP,Mrre_missing_30,0.926,scDesign3,MOBSC,dr3,16,scDesign3,other
Parametric UMAP 50,ParametricUMAP50,UMAP,Mrre_missing_30,0.922,scDesign3,MOBSC,dr3,16,scDesign3,other
Parametric UMAP 200,ParametricUMAP200,UMAP,Mrre_missing_30,0.92,scDesign3,MOBSC,dr3,16,scDesign3,other
UMAP,UMAP,UMAP,aji_10,0.016,scDesign3,MOBSC,dr1,16,scDesign3,other
Parametric UMAP 50,ParametricUMAP50,UMAP,aji_10,0.011,scDesign3,MOBSC,dr1,16,scDesign3,other
Parametric UMAP 200,ParametricUMAP200,UMAP,aji_10,0.012,scDesign3,MOBSC,dr1,16,scDesign3,other
UMAP,UMAP,UMAP,aji_20,0.023,scDesign3,MOBSC,dr1,16,scDesign3,other
Parametric UMAP 50,ParametricUMAP50,UMAP,aji_20,0.018,scDesign3,MOBSC,dr1,16,scDesign3,other
Parametric UMAP 200,ParametricUMAP200,UMAP,aji_20,0.019,scDesign3,MOBSC,dr1,16,scDesign3,other
UMAP,UMAP,UMAP,aji_30,0.029,scDesign3,MOBSC,dr1,16,scDesign3,other
Parametric UMAP 50,ParametricUMAP50,UMAP,aji_30,0.024,scDesign3,MOBSC,dr1,16,scDesign3,other
Parametric UMAP 200,ParametricUMAP200,UMAP,aji_30,0.025,scDesign3,MOBSC,dr1,16,scDesign3,other
UMAP,UMAP,UMAP,nkr_10,0.034,scDesign3,MOBSC,dr1,16,scDesign3,other
Parametric UMAP 50,ParametricUMAP50,UMAP,nkr_10,0.023,scDesign3,MOBSC,dr1,16,scDesign3,other
Parametric UMAP 200,ParametricUMAP200,UMAP,nkr_10,0.025,scDesign3,MOBSC,dr1,16,scDesign3,other
UMAP,UMAP,UMAP,nkr_20,0.048,scDesign3,MOBSC,dr1,16,scDesign3,other
Parametric UMAP 50,ParametricUMAP50,UMAP,nkr_20,0.037,scDesign3,MOBSC,dr1,16,scDesign3,other
Parametric UMAP 200,ParametricUMAP200,UMAP,nkr_20,0.038,scDesign3,MOBSC,dr1,16,scDesign3,other
UMAP,UMAP,UMAP,nkr_30,0.059,scDesign3,MOBSC,dr1,16,scDesign3,other
Parametric UMAP 50,ParametricUMAP50,UMAP,nkr_30,0.048,scDesign3,MOBSC,dr1,16,scDesign3,other
Parametric UMAP 200,ParametricUMAP200,UMAP,nkr_30,0.05,scDesign3,MOBSC,dr1,16,scDesign3,other
UMAP,UMAP,UMAP,Mrre_missing_10,0.99,scDesign3,OVARIAN,dr3,16,scDesign3,other
Parametric UMAP 50,ParametricUMAP50,UMAP,Mrre_missing_10,0.99,scDesign3,OVARIAN,dr3,16,scDesign3,other
Parametric UMAP 200,ParametricUMAP200,UMAP,Mrre_missing_10,0.989,scDesign3,OVARIAN,dr3,16,scDesign3,other
UMAP,UMAP,UMAP,Mrre_missing_20,0.988,scDesign3,OVARIAN,dr3,16,scDesign3,other
Parametric UMAP 50,ParametricUMAP50,UMAP,Mrre_missing_20,0.989,scDesign3,OVARIAN,dr3,16,scDesign3,other
Parametric UMAP 200,ParametricUMAP200,UMAP,Mrre_missing_20,0.986,scDesign3,OVARIAN,dr3,16,scDesign3,other
UMAP,UMAP,UMAP,Mrre_missing_30,0.986,scDesign3,OVARIAN,dr3,16,scDesign3,other
Parametric UMAP 50,ParametricUMAP50,UMAP,Mrre_missing_30,0.987,scDesign3,OVARIAN,dr3,16,scDesign3,other
Parametric UMAP 200,ParametricUMAP200,UMAP,Mrre_missing_30,0.985,scDesign3,OVARIAN,dr3,16,scDesign3,other
UMAP,UMAP,UMAP,aji_10,0.201,scDesign3,OVARIAN,dr1,16,scDesign3,other
Parametric UMAP 50,ParametricUMAP50,UMAP,aji_10,0.144,scDesign3,OVARIAN,dr1,16,scDesign3,other
Parametric UMAP 200,ParametricUMAP200,UMAP,aji_10,0.157,scDesign3,OVARIAN,dr1,16,scDesign3,other
UMAP,UMAP,UMAP,aji_20,0.25,scDesign3,OVARIAN,dr1,16,scDesign3,other
Parametric UMAP 50,ParametricUMAP50,UMAP,aji_20,0.198,scDesign3,OVARIAN,dr1,16,scDesign3,other
Parametric UMAP 200,ParametricUMAP200,UMAP,aji_20,0.206,scDesign3,OVARIAN,dr1,16,scDesign3,other
UMAP,UMAP,UMAP,aji_30,0.281,scDesign3,OVARIAN,dr1,16,scDesign3,other
Parametric UMAP 50,ParametricUMAP50,UMAP,aji_30,0.235,scDesign3,OVARIAN,dr1,16,scDesign3,other
Parametric UMAP 200,ParametricUMAP200,UMAP,aji_30,0.239,scDesign3,OVARIAN,dr1,16,scDesign3,other
UMAP,UMAP,UMAP,nkr_10,0.377,scDesign3,OVARIAN,dr1,16,scDesign3,other
Parametric UMAP 50,ParametricUMAP50,UMAP,nkr_10,0.279,scDesign3,OVARIAN,dr1,16,scDesign3,other
Parametric UMAP 200,ParametricUMAP200,UMAP,nkr_10,0.303,scDesign3,OVARIAN,dr1,16,scDesign3,other
UMAP,UMAP,UMAP,nkr_20,0.424,scDesign3,OVARIAN,dr1,16,scDesign3,other
Parametric UMAP 50,ParametricUMAP50,UMAP,nkr_20,0.347,scDesign3,OVARIAN,dr1,16,scDesign3,other
Parametric UMAP 200,ParametricUMAP200,UMAP,nkr_20,0.362,scDesign3,OVARIAN,dr1,16,scDesign3,other
UMAP,UMAP,UMAP,nkr_30,0.453,scDesign3,OVARIAN,dr1,16,scDesign3,other
Parametric UMAP 50,ParametricUMAP50,UMAP,nkr_30,0.392,scDesign3,OVARIAN,dr1,16,scDesign3,other
Parametric UMAP 200,ParametricUMAP200,UMAP,nkr_30,0.4,scDesign3,OVARIAN,dr1,16,scDesign3,other
UMAP,UMAP,UMAP,Mrre_missing_10,0.984,scDesign3,PANCREAS,dr3,16,scDesign3,other
Parametric UMAP 50,ParametricUMAP50,UMAP,Mrre_missing_10,0.982,scDesign3,PANCREAS,dr3,16,scDesign3,other
Parametric UMAP 200,ParametricUMAP200,UMAP,Mrre_missing_10,0.982,scDesign3,PANCREAS,dr3,16,scDesign3,other
UMAP,UMAP,UMAP,Mrre_missing_20,0.982,scDesign3,PANCREAS,dr3,16,scDesign3,other
Parametric UMAP 50,ParametricUMAP50,UMAP,Mrre_missing_20,0.98,scDesign3,PANCREAS,dr3,16,scDesign3,other
Parametric UMAP 200,ParametricUMAP200,UMAP,Mrre_missing_20,0.979,scDesign3,PANCREAS,dr3,16,scDesign3,other
UMAP,UMAP,UMAP,Mrre_missing_30,0.98,scDesign3,PANCREAS,dr3,16,scDesign3,other
Parametric UMAP 50,ParametricUMAP50,UMAP,Mrre_missing_30,0.978,scDesign3,PANCREAS,dr3,16,scDesign3,other
Parametric UMAP 200,ParametricUMAP200,UMAP,Mrre_missing_30,0.978,scDesign3,PANCREAS,dr3,16,scDesign3,other
UMAP,UMAP,UMAP,aji_10,0.184,scDesign3,PANCREAS,dr1,16,scDesign3,other
Parametric UMAP 50,ParametricUMAP50,UMAP,aji_10,0.156,scDesign3,PANCREAS,dr1,16,scDesign3,other
Parametric UMAP 200,ParametricUMAP200,UMAP,aji_10,0.161,scDesign3,PANCREAS,dr1,16,scDesign3,other
UMAP,UMAP,UMAP,aji_20,0.235,scDesign3,PANCREAS,dr1,16,scDesign3,other
Parametric UMAP 50,ParametricUMAP50,UMAP,aji_20,0.214,scDesign3,PANCREAS,dr1,16,scDesign3,other
Parametric UMAP 200,ParametricUMAP200,UMAP,aji_20,0.214,scDesign3,PANCREAS,dr1,16,scDesign3,other
UMAP,UMAP,UMAP,aji_30,0.274,scDesign3,PANCREAS,dr1,16,scDesign3,other
Parametric UMAP 50,ParametricUMAP50,UMAP,aji_30,0.255,scDesign3,PANCREAS,dr1,16,scDesign3,other
Parametric UMAP 200,ParametricUMAP200,UMAP,aji_30,0.254,scDesign3,PANCREAS,dr1,16,scDesign3,other
UMAP,UMAP,UMAP,nkr_10,0.341,scDesign3,PANCREAS,dr1,16,scDesign3,other
Parametric UMAP 50,ParametricUMAP50,UMAP,nkr_10,0.295,scDesign3,PANCREAS,dr1,16,scDesign3,other
Parametric UMAP 200,ParametricUMAP200,UMAP,nkr_10,0.305,scDesign3,PANCREAS,dr1,16,scDesign3,other
UMAP,UMAP,UMAP,nkr_20,0.4,scDesign3,PANCREAS,dr1,16,scDesign3,other
Parametric UMAP 50,ParametricUMAP50,UMAP,nkr_20,0.368,scDesign3,PANCREAS,dr1,16,scDesign3,other
Parametric UMAP 200,ParametricUMAP200,UMAP,nkr_20,0.37,scDesign3,PANCREAS,dr1,16,scDesign3,other
UMAP,UMAP,UMAP,nkr_30,0.441,scDesign3,PANCREAS,dr1,16,scDesign3,other
Parametric UMAP 50,ParametricUMAP50,UMAP,nkr_30,0.414,scDesign3,PANCREAS,dr1,16,scDesign3,other
Parametric UMAP 200,ParametricUMAP200,UMAP,nkr_30,0.415,scDesign3,PANCREAS,dr1,16,scDesign3,other
UMAP,UMAP,UMAP,Mrre_missing_10,0.93,scDesign3,SCGEMMETH,dr3,16,scDesign3,other
Parametric UMAP 50,ParametricUMAP50,UMAP,Mrre_missing_10,0.932,scDesign3,SCGEMMETH,dr3,16,scDesign3,other
Parametric UMAP 200,ParametricUMAP200,UMAP,Mrre_missing_10,0.931,scDesign3,SCGEMMETH,dr3,16,scDesign3,other
UMAP,UMAP,UMAP,Mrre_missing_20,0.919,scDesign3,SCGEMMETH,dr3,16,scDesign3,other
Parametric UMAP 50,ParametricUMAP50,UMAP,Mrre_missing_20,0.922,scDesign3,SCGEMMETH,dr3,16,scDesign3,other
Parametric UMAP 200,ParametricUMAP200,UMAP,Mrre_missing_20,0.921,scDesign3,SCGEMMETH,dr3,16,scDesign3,other
UMAP,UMAP,UMAP,Mrre_missing_30,0.912,scDesign3,SCGEMMETH,dr3,16,scDesign3,other
Parametric UMAP 50,ParametricUMAP50,UMAP,Mrre_missing_30,0.915,scDesign3,SCGEMMETH,dr3,16,scDesign3,other
Parametric UMAP 200,ParametricUMAP200,UMAP,Mrre_missing_30,0.914,scDesign3,SCGEMMETH,dr3,16,scDesign3,other
UMAP,UMAP,UMAP,aji_10,0.307,scDesign3,SCGEMMETH,dr1,16,scDesign3,other
Parametric UMAP 50,ParametricUMAP50,UMAP,aji_10,0.286,scDesign3,SCGEMMETH,dr1,16,scDesign3,other
Parametric UMAP 200,ParametricUMAP200,UMAP,aji_10,0.298,scDesign3,SCGEMMETH,dr1,16,scDesign3,other
UMAP,UMAP,UMAP,aji_20,0.403,scDesign3,SCGEMMETH,dr1,16,scDesign3,other
Parametric UMAP 50,ParametricUMAP50,UMAP,aji_20,0.404,scDesign3,SCGEMMETH,dr1,16,scDesign3,other
Parametric UMAP 200,ParametricUMAP200,UMAP,aji_20,0.403,scDesign3,SCGEMMETH,dr1,16,scDesign3,other
UMAP,UMAP,UMAP,aji_30,0.471,scDesign3,SCGEMMETH,dr1,16,scDesign3,other
Parametric UMAP 50,ParametricUMAP50,UMAP,aji_30,0.48,scDesign3,SCGEMMETH,dr1,16,scDesign3,other
Parametric UMAP 200,ParametricUMAP200,UMAP,aji_30,0.475,scDesign3,SCGEMMETH,dr1,16,scDesign3,other
UMAP,UMAP,UMAP,nkr_10,0.535,scDesign3,SCGEMMETH,dr1,16,scDesign3,other
Parametric UMAP 50,ParametricUMAP50,UMAP,nkr_10,0.489,scDesign3,SCGEMMETH,dr1,16,scDesign3,other
Parametric UMAP 200,ParametricUMAP200,UMAP,nkr_10,0.514,scDesign3,SCGEMMETH,dr1,16,scDesign3,other
UMAP,UMAP,UMAP,nkr_20,0.609,scDesign3,SCGEMMETH,dr1,16,scDesign3,other
Parametric UMAP 50,ParametricUMAP50,UMAP,nkr_20,0.608,scDesign3,SCGEMMETH,dr1,16,scDesign3,other
Parametric UMAP 200,ParametricUMAP200,UMAP,nkr_20,0.603,scDesign3,SCGEMMETH,dr1,16,scDesign3,other
UMAP,UMAP,UMAP,nkr_30,0.661,scDesign3,SCGEMMETH,dr1,16,scDesign3,other
Parametric UMAP 50,ParametricUMAP50,UMAP,nkr_30,0.667,scDesign3,SCGEMMETH,dr1,16,scDesign3,other
Parametric UMAP 200,ParametricUMAP200,UMAP,nkr_30,0.665,scDesign3,SCGEMMETH,dr1,16,scDesign3,other
UMAP,UMAP,UMAP,Mrre_missing_10,0.958,scDesign3,SCGEMRNA,dr3,16,scDesign3,other
Parametric UMAP 50,ParametricUMAP50,UMAP,Mrre_missing_10,0.954,scDesign3,SCGEMRNA,dr3,16,scDesign3,other
Parametric UMAP 200,ParametricUMAP200,UMAP,Mrre_missing_10,0.956,scDesign3,SCGEMRNA,dr3,16,scDesign3,other
UMAP,UMAP,UMAP,Mrre_missing_20,0.945,scDesign3,SCGEMRNA,dr3,16,scDesign3,other
Parametric UMAP 50,ParametricUMAP50,UMAP,Mrre_missing_20,0.943,scDesign3,SCGEMRNA,dr3,16,scDesign3,other
Parametric UMAP 200,ParametricUMAP200,UMAP,Mrre_missing_20,0.945,scDesign3,SCGEMRNA,dr3,16,scDesign3,other
UMAP,UMAP,UMAP,Mrre_missing_30,0.937,scDesign3,SCGEMRNA,dr3,16,scDesign3,other
Parametric UMAP 50,ParametricUMAP50,UMAP,Mrre_missing_30,0.937,scDesign3,SCGEMRNA,dr3,16,scDesign3,other
Parametric UMAP 200,ParametricUMAP200,UMAP,Mrre_missing_30,0.938,scDesign3,SCGEMRNA,dr3,16,scDesign3,other
UMAP,UMAP,UMAP,aji_10,0.374,scDesign3,SCGEMRNA,dr1,16,scDesign3,other
Parametric UMAP 50,ParametricUMAP50,UMAP,aji_10,0.341,scDesign3,SCGEMRNA,dr1,16,scDesign3,other
Parametric UMAP 200,ParametricUMAP200,UMAP,aji_10,0.369,scDesign3,SCGEMRNA,dr1,16,scDesign3,other
UMAP,UMAP,UMAP,aji_20,0.407,scDesign3,SCGEMRNA,dr1,16,scDesign3,other
Parametric UMAP 50,ParametricUMAP50,UMAP,aji_20,0.403,scDesign3,SCGEMRNA,dr1,16,scDesign3,other
Parametric UMAP 200,ParametricUMAP200,UMAP,aji_20,0.397,scDesign3,SCGEMRNA,dr1,16,scDesign3,other
UMAP,UMAP,UMAP,aji_30,0.503,scDesign3,SCGEMRNA,dr1,16,scDesign3,other
Parametric UMAP 50,ParametricUMAP50,UMAP,aji_30,0.511,scDesign3,SCGEMRNA,dr1,16,scDesign3,other
Parametric UMAP 200,ParametricUMAP200,UMAP,aji_30,0.508,scDesign3,SCGEMRNA,dr1,16,scDesign3,other
UMAP,UMAP,UMAP,nkr_10,0.6,scDesign3,SCGEMRNA,dr1,16,scDesign3,other
Parametric UMAP 50,ParametricUMAP50,UMAP,nkr_10,0.56,scDesign3,SCGEMRNA,dr1,16,scDesign3,other
Parametric UMAP 200,ParametricUMAP200,UMAP,nkr_10,0.585,scDesign3,SCGEMRNA,dr1,16,scDesign3,other
UMAP,UMAP,UMAP,nkr_20,0.616,scDesign3,SCGEMRNA,dr1,16,scDesign3,other
Parametric UMAP 50,ParametricUMAP50,UMAP,nkr_20,0.604,scDesign3,SCGEMRNA,dr1,16,scDesign3,other
Parametric UMAP 200,ParametricUMAP200,UMAP,nkr_20,0.603,scDesign3,SCGEMRNA,dr1,16,scDesign3,other
UMAP,UMAP,UMAP,nkr_30,0.681,scDesign3,SCGEMRNA,dr1,16,scDesign3,other
Parametric UMAP 50,ParametricUMAP50,UMAP,nkr_30,0.685,scDesign3,SCGEMRNA,dr1,16,scDesign3,other
Parametric UMAP 200,ParametricUMAP200,UMAP,nkr_30,0.684,scDesign3,SCGEMRNA,dr1,16,scDesign3,other
UMAP,UMAP,UMAP,Mrre_missing_10,0.712,scDesign3,SCIATAC,dr3,16,scDesign3,other
Parametric UMAP 50,ParametricUMAP50,UMAP,Mrre_missing_10,0.741,scDesign3,SCIATAC,dr3,16,scDesign3,other
Parametric UMAP 200,ParametricUMAP200,UMAP,Mrre_missing_10,0.748,scDesign3,SCIATAC,dr3,16,scDesign3,other
UMAP,UMAP,UMAP,Mrre_missing_20,0.694,scDesign3,SCIATAC,dr3,16,scDesign3,other
Parametric UMAP 50,ParametricUMAP50,UMAP,Mrre_missing_20,0.705,scDesign3,SCIATAC,dr3,16,scDesign3,other
Parametric UMAP 200,ParametricUMAP200,UMAP,Mrre_missing_20,0.713,scDesign3,SCIATAC,dr3,16,scDesign3,other
UMAP,UMAP,UMAP,Mrre_missing_30,0.683,scDesign3,SCIATAC,dr3,16,scDesign3,other
Parametric UMAP 50,ParametricUMAP50,UMAP,Mrre_missing_30,0.687,scDesign3,SCIATAC,dr3,16,scDesign3,other
Parametric UMAP 200,ParametricUMAP200,UMAP,Mrre_missing_30,0.695,scDesign3,SCIATAC,dr3,16,scDesign3,other
UMAP,UMAP,UMAP,aji_10,0.006,scDesign3,SCIATAC,dr1,16,scDesign3,other
Parametric UMAP 50,ParametricUMAP50,UMAP,aji_10,0.004,scDesign3,SCIATAC,dr1,16,scDesign3,other
Parametric UMAP 200,ParametricUMAP200,UMAP,aji_10,0.005,scDesign3,SCIATAC,dr1,16,scDesign3,other
UMAP,UMAP,UMAP,aji_20,0.007,scDesign3,SCIATAC,dr1,16,scDesign3,other
Parametric UMAP 50,ParametricUMAP50,UMAP,aji_20,0.006,scDesign3,SCIATAC,dr1,16,scDesign3,other
Parametric UMAP 200,ParametricUMAP200,UMAP,aji_20,0.006,scDesign3,SCIATAC,dr1,16,scDesign3,other
UMAP,UMAP,UMAP,aji_30,0.008,scDesign3,SCIATAC,dr1,16,scDesign3,other
Parametric UMAP 50,ParametricUMAP50,UMAP,aji_30,0.007,scDesign3,SCIATAC,dr1,16,scDesign3,other
Parametric UMAP 200,ParametricUMAP200,UMAP,aji_30,0.008,scDesign3,SCIATAC,dr1,16,scDesign3,other
UMAP,UMAP,UMAP,nkr_10,0.023,scDesign3,SCIATAC,dr1,16,scDesign3,other
Parametric UMAP 50,ParametricUMAP50,UMAP,nkr_10,0.016,scDesign3,SCIATAC,dr1,16,scDesign3,other
Parametric UMAP 200,ParametricUMAP200,UMAP,nkr_10,0.019,scDesign3,SCIATAC,dr1,16,scDesign3,other
UMAP,UMAP,UMAP,nkr_20,0.022,scDesign3,SCIATAC,dr1,16,scDesign3,other
Parametric UMAP 50,ParametricUMAP50,UMAP,nkr_20,0.018,scDesign3,SCIATAC,dr1,16,scDesign3,other
Parametric UMAP 200,ParametricUMAP200,UMAP,nkr_20,0.02,scDesign3,SCIATAC,dr1,16,scDesign3,other
UMAP,UMAP,UMAP,nkr_30,0.022,scDesign3,SCIATAC,dr1,16,scDesign3,other
Parametric UMAP 50,ParametricUMAP50,UMAP,nkr_30,0.02,scDesign3,SCIATAC,dr1,16,scDesign3,other
Parametric UMAP 200,ParametricUMAP200,UMAP,nkr_30,0.022,scDesign3,SCIATAC,dr1,16,scDesign3,other
UMAP,UMAP,UMAP,Mrre_missing_10,0.88,scDesign3,SLIDE,dr3,16,scDesign3,other
Parametric UMAP 50,ParametricUMAP50,UMAP,Mrre_missing_10,0.879,scDesign3,SLIDE,dr3,16,scDesign3,other
Parametric UMAP 200,ParametricUMAP200,UMAP,Mrre_missing_10,0.88,scDesign3,SLIDE,dr3,16,scDesign3,other
UMAP,UMAP,UMAP,Mrre_missing_20,0.871,scDesign3,SLIDE,dr3,16,scDesign3,other
Parametric UMAP 50,ParametricUMAP50,UMAP,Mrre_missing_20,0.87,scDesign3,SLIDE,dr3,16,scDesign3,other
Parametric UMAP 200,ParametricUMAP200,UMAP,Mrre_missing_20,0.87,scDesign3,SLIDE,dr3,16,scDesign3,other
UMAP,UMAP,UMAP,Mrre_missing_30,0.865,scDesign3,SLIDE,dr3,16,scDesign3,other
Parametric UMAP 50,ParametricUMAP50,UMAP,Mrre_missing_30,0.865,scDesign3,SLIDE,dr3,16,scDesign3,other
Parametric UMAP 200,ParametricUMAP200,UMAP,Mrre_missing_30,0.864,scDesign3,SLIDE,dr3,16,scDesign3,other
UMAP,UMAP,UMAP,aji_10,0.01,scDesign3,SLIDE,dr1,16,scDesign3,other
Parametric UMAP 50,ParametricUMAP50,UMAP,aji_10,0.008,scDesign3,SLIDE,dr1,16,scDesign3,other
Parametric UMAP 200,ParametricUMAP200,UMAP,aji_10,0.009,scDesign3,SLIDE,dr1,16,scDesign3,other
UMAP,UMAP,UMAP,aji_20,0.014,scDesign3,SLIDE,dr1,16,scDesign3,other
Parametric UMAP 50,ParametricUMAP50,UMAP,aji_20,0.012,scDesign3,SLIDE,dr1,16,scDesign3,other
Parametric UMAP 200,ParametricUMAP200,UMAP,aji_20,0.012,scDesign3,SLIDE,dr1,16,scDesign3,other
UMAP,UMAP,UMAP,aji_30,0.016,scDesign3,SLIDE,dr1,16,scDesign3,other
Parametric UMAP 50,ParametricUMAP50,UMAP,aji_30,0.014,scDesign3,SLIDE,dr1,16,scDesign3,other
Parametric UMAP 200,ParametricUMAP200,UMAP,aji_30,0.015,scDesign3,SLIDE,dr1,16,scDesign3,other
UMAP,UMAP,UMAP,nkr_10,0.022,scDesign3,SLIDE,dr1,16,scDesign3,other
Parametric UMAP 50,ParametricUMAP50,UMAP,nkr_10,0.017,scDesign3,SLIDE,dr1,16,scDesign3,other
Parametric UMAP 200,ParametricUMAP200,UMAP,nkr_10,0.019,scDesign3,SLIDE,dr1,16,scDesign3,other
UMAP,UMAP,UMAP,nkr_20,0.029,scDesign3,SLIDE,dr1,16,scDesign3,other
Parametric UMAP 50,ParametricUMAP50,UMAP,nkr_20,0.024,scDesign3,SLIDE,dr1,16,scDesign3,other
Parametric UMAP 200,ParametricUMAP200,UMAP,nkr_20,0.026,scDesign3,SLIDE,dr1,16,scDesign3,other
UMAP,UMAP,UMAP,nkr_30,0.033,scDesign3,SLIDE,dr1,16,scDesign3,other
Parametric UMAP 50,ParametricUMAP50,UMAP,nkr_30,0.029,scDesign3,SLIDE,dr1,16,scDesign3,other
Parametric UMAP 200,ParametricUMAP200,UMAP,nkr_30,0.031,scDesign3,SLIDE,dr1,16,scDesign3,other
UMAP,UMAP,UMAP,Mrre_missing_10,0.989,scDesign3,VISIUM,dr3,16,scDesign3,other
Parametric UMAP 50,ParametricUMAP50,UMAP,Mrre_missing_10,0.993,scDesign3,VISIUM,dr3,16,scDesign3,other
Parametric UMAP 200,ParametricUMAP200,UMAP,Mrre_missing_10,0.992,scDesign3,VISIUM,dr3,16,scDesign3,other
UMAP,UMAP,UMAP,Mrre_missing_20,0.986,scDesign3,VISIUM,dr3,16,scDesign3,other
Parametric UMAP 50,ParametricUMAP50,UMAP,Mrre_missing_20,0.991,scDesign3,VISIUM,dr3,16,scDesign3,other
Parametric UMAP 200,ParametricUMAP200,UMAP,Mrre_missing_20,0.99,scDesign3,VISIUM,dr3,16,scDesign3,other
UMAP,UMAP,UMAP,Mrre_missing_30,0.983,scDesign3,VISIUM,dr3,16,scDesign3,other
Parametric UMAP 50,ParametricUMAP50,UMAP,Mrre_missing_30,0.99,scDesign3,VISIUM,dr3,16,scDesign3,other
Parametric UMAP 200,ParametricUMAP200,UMAP,Mrre_missing_30,0.988,scDesign3,VISIUM,dr3,16,scDesign3,other
UMAP,UMAP,UMAP,aji_10,0.303,scDesign3,VISIUM,dr1,16,scDesign3,other
Parametric UMAP 50,ParametricUMAP50,UMAP,aji_10,0.239,scDesign3,VISIUM,dr1,16,scDesign3,other
Parametric UMAP 200,ParametricUMAP200,UMAP,aji_10,0.261,scDesign3,VISIUM,dr1,16,scDesign3,other
UMAP,UMAP,UMAP,aji_20,0.362,scDesign3,VISIUM,dr1,16,scDesign3,other
Parametric UMAP 50,ParametricUMAP50,UMAP,aji_20,0.303,scDesign3,VISIUM,dr1,16,scDesign3,other
Parametric UMAP 200,ParametricUMAP200,UMAP,aji_20,0.326,scDesign3,VISIUM,dr1,16,scDesign3,other
UMAP,UMAP,UMAP,aji_30,0.39,scDesign3,VISIUM,dr1,16,scDesign3,other
Parametric UMAP 50,ParametricUMAP50,UMAP,aji_30,0.342,scDesign3,VISIUM,dr1,16,scDesign3,other
Parametric UMAP 200,ParametricUMAP200,UMAP,aji_30,0.361,scDesign3,VISIUM,dr1,16,scDesign3,other
UMAP,UMAP,UMAP,nkr_10,0.521,scDesign3,VISIUM,dr1,16,scDesign3,other
Parametric UMAP 50,ParametricUMAP50,UMAP,nkr_10,0.426,scDesign3,VISIUM,dr1,16,scDesign3,other
Parametric UMAP 200,ParametricUMAP200,UMAP,nkr_10,0.463,scDesign3,VISIUM,dr1,16,scDesign3,other
UMAP,UMAP,UMAP,nkr_20,0.56,scDesign3,VISIUM,dr1,16,scDesign3,other
Parametric UMAP 50,ParametricUMAP50,UMAP,nkr_20,0.486,scDesign3,VISIUM,dr1,16,scDesign3,other
Parametric UMAP 200,ParametricUMAP200,UMAP,nkr_20,0.519,scDesign3,VISIUM,dr1,16,scDesign3,other
UMAP,UMAP,UMAP,nkr_30,0.576,scDesign3,VISIUM,dr1,16,scDesign3,other
Parametric UMAP 50,ParametricUMAP50,UMAP,nkr_30,0.522,scDesign3,VISIUM,dr1,16,scDesign3,other
Parametric UMAP 200,ParametricUMAP200,UMAP,nkr_30,0.545,scDesign3,VISIUM,dr1,16,scDesign3,other
SIMLR,SIMLR,SIMLR,Mrre_missing_10,0.802,SIMLR,Pollen,dr3,17,SIMLR,other
SIMLR,SIMLR,SIMLR,Mrre_missing_20,0.788,SIMLR,Pollen,dr3,17,SIMLR,other
SIMLR,SIMLR,SIMLR,Mrre_missing_30,0.772,SIMLR,Pollen,dr3,17,SIMLR,other
SIMLR,SIMLR,SIMLR,aji_10,0.166,SIMLR,Pollen,dr1,17,SIMLR,other
SIMLR,SIMLR,SIMLR,aji_20,0.278,SIMLR,Pollen,dr1,17,SIMLR,other
SIMLR,SIMLR,SIMLR,aji_30,0.305,SIMLR,Pollen,dr1,17,SIMLR,other
SIMLR,SIMLR,SIMLR,nkr_10,0.243,SIMLR,Pollen,dr1,17,SIMLR,other
SIMLR,SIMLR,SIMLR,nkr_20,0.385,SIMLR,Pollen,dr1,17,SIMLR,other
SIMLR,SIMLR,SIMLR,nkr_30,0.442,SIMLR,Pollen,dr1,17,SIMLR,other
SIMLR,SIMLR,SIMLR,Mrre_missing_10,0.739,SIMLR,Usoskin,dr3,17,SIMLR,other
SIMLR,SIMLR,SIMLR,Mrre_missing_20,0.738,SIMLR,Usoskin,dr3,17,SIMLR,other
SIMLR,SIMLR,SIMLR,Mrre_missing_30,0.737,SIMLR,Usoskin,dr3,17,SIMLR,other
SIMLR,SIMLR,SIMLR,aji_10,0.036,SIMLR,Usoskin,dr1,17,SIMLR,other
SIMLR,SIMLR,SIMLR,aji_20,0.048,SIMLR,Usoskin,dr1,17,SIMLR,other
SIMLR,SIMLR,SIMLR,aji_30,0.069,SIMLR,Usoskin,dr1,17,SIMLR,other
SIMLR,SIMLR,SIMLR,nkr_10,0.055,SIMLR,Usoskin,dr1,17,SIMLR,other
SIMLR,SIMLR,SIMLR,nkr_20,0.078,SIMLR,Usoskin,dr1,17,SIMLR,other
SIMLR,SIMLR,SIMLR,nkr_30,0.107,SIMLR,Usoskin,dr1,17,SIMLR,other
SIMLR,SIMLR,SIMLR,Mrre_missing_10,0.846,TI,DA1_horns,dr3,17,trajectory,other
SIMLR,SIMLR,SIMLR,Mrre_missing_20,0.839,TI,DA1_horns,dr3,17,trajectory,other
SIMLR,SIMLR,SIMLR,Mrre_missing_30,0.833,TI,DA1_horns,dr3,17,trajectory,other
SIMLR,SIMLR,SIMLR,aji_10,0.171,TI,DA1_horns,dr1,17,trajectory,other
SIMLR,SIMLR,SIMLR,aji_20,0.273,TI,DA1_horns,dr1,17,trajectory,other
SIMLR,SIMLR,SIMLR,aji_30,0.372,TI,DA1_horns,dr1,17,trajectory,other
SIMLR,SIMLR,SIMLR,nkr_10,0.292,TI,DA1_horns,dr1,17,trajectory,other
SIMLR,SIMLR,SIMLR,nkr_20,0.434,TI,DA1_horns,dr1,17,trajectory,other
SIMLR,SIMLR,SIMLR,nkr_30,0.543,TI,DA1_horns,dr1,17,trajectory,other
SIMLR,SIMLR,SIMLR,Mrre_missing_10,0.733,TI,DC3_VA1d_horns,dr3,17,trajectory,other
SIMLR,SIMLR,SIMLR,Mrre_missing_20,0.721,TI,DC3_VA1d_horns,dr3,17,trajectory,other
SIMLR,SIMLR,SIMLR,Mrre_missing_30,0.709,TI,DC3_VA1d_horns,dr3,17,trajectory,other
SIMLR,SIMLR,SIMLR,aji_10,0.189,TI,DC3_VA1d_horns,dr1,17,trajectory,other
SIMLR,SIMLR,SIMLR,aji_20,0.296,TI,DC3_VA1d_horns,dr1,17,trajectory,other
SIMLR,SIMLR,SIMLR,aji_30,0.348,TI,DC3_VA1d_horns,dr1,17,trajectory,other
SIMLR,SIMLR,SIMLR,nkr_10,0.356,TI,DC3_VA1d_horns,dr1,17,trajectory,other
SIMLR,SIMLR,SIMLR,nkr_20,0.472,TI,DC3_VA1d_horns,dr1,17,trajectory,other
SIMLR,SIMLR,SIMLR,nkr_30,0.518,TI,DC3_VA1d_horns,dr1,17,trajectory,other
SIMLR,SIMLR,SIMLR,Mrre_missing_10,0.86,TI,ICM,dr3,17,trajectory,other
SIMLR,SIMLR,SIMLR,Mrre_missing_20,0.839,TI,ICM,dr3,17,trajectory,other
SIMLR,SIMLR,SIMLR,Mrre_missing_30,0.825,TI,ICM,dr3,17,trajectory,other
SIMLR,SIMLR,SIMLR,aji_10,0.34,TI,ICM,dr1,17,trajectory,other
SIMLR,SIMLR,SIMLR,aji_20,0.413,TI,ICM,dr1,17,trajectory,other
SIMLR,SIMLR,SIMLR,aji_30,0.469,TI,ICM,dr1,17,trajectory,other
SIMLR,SIMLR,SIMLR,nkr_10,0.522,TI,ICM,dr1,17,trajectory,other
SIMLR,SIMLR,SIMLR,nkr_20,0.579,TI,ICM,dr1,17,trajectory,other
SIMLR,SIMLR,SIMLR,nkr_30,0.626,TI,ICM,dr1,17,trajectory,other
SIMLR,SIMLR,SIMLR,Mrre_missing_10,0.915,TI,blastocyst,dr3,17,trajectory,other
SIMLR,SIMLR,SIMLR,Mrre_missing_20,0.893,TI,blastocyst,dr3,17,trajectory,other
SIMLR,SIMLR,SIMLR,Mrre_missing_30,0.878,TI,blastocyst,dr3,17,trajectory,other
SIMLR,SIMLR,SIMLR,aji_10,0.336,TI,blastocyst,dr1,17,trajectory,other
SIMLR,SIMLR,SIMLR,aji_20,0.361,TI,blastocyst,dr1,17,trajectory,other
SIMLR,SIMLR,SIMLR,aji_30,0.403,TI,blastocyst,dr1,17,trajectory,other
SIMLR,SIMLR,SIMLR,nkr_10,0.534,TI,blastocyst,dr1,17,trajectory,other
SIMLR,SIMLR,SIMLR,nkr_20,0.544,TI,blastocyst,dr1,17,trajectory,other
SIMLR,SIMLR,SIMLR,nkr_30,0.572,TI,blastocyst,dr1,17,trajectory,other
SIMLR,SIMLR,SIMLR,Mrre_missing_10,0.663,TI,combination-1,dr3,17,trajectory,other
SIMLR,SIMLR,SIMLR,Mrre_missing_20,0.661,TI,combination-1,dr3,17,trajectory,other
SIMLR,SIMLR,SIMLR,Mrre_missing_30,0.66,TI,combination-1,dr3,17,trajectory,other
SIMLR,SIMLR,SIMLR,aji_10,0.013,TI,combination-1,dr1,17,trajectory,other
SIMLR,SIMLR,SIMLR,aji_20,0.018,TI,combination-1,dr1,17,trajectory,other
SIMLR,SIMLR,SIMLR,aji_30,0.022,TI,combination-1,dr1,17,trajectory,other
SIMLR,SIMLR,SIMLR,nkr_10,0.027,TI,combination-1,dr1,17,trajectory,other
SIMLR,SIMLR,SIMLR,nkr_20,0.033,TI,combination-1,dr1,17,trajectory,other
SIMLR,SIMLR,SIMLR,nkr_30,0.039,TI,combination-1,dr1,17,trajectory,other
SIMLR,SIMLR,SIMLR,Mrre_missing_10,0.672,TI,combination-2,dr3,17,trajectory,other
SIMLR,SIMLR,SIMLR,Mrre_missing_20,0.681,TI,combination-2,dr3,17,trajectory,other
SIMLR,SIMLR,SIMLR,Mrre_missing_30,0.685,TI,combination-2,dr3,17,trajectory,other
SIMLR,SIMLR,SIMLR,aji_10,0.012,TI,combination-2,dr1,17,trajectory,other
SIMLR,SIMLR,SIMLR,aji_20,0.019,TI,combination-2,dr1,17,trajectory,other
SIMLR,SIMLR,SIMLR,aji_30,0.024,TI,combination-2,dr1,17,trajectory,other
SIMLR,SIMLR,SIMLR,nkr_10,0.024,TI,combination-2,dr1,17,trajectory,other
SIMLR,SIMLR,SIMLR,nkr_20,0.034,TI,combination-2,dr1,17,trajectory,other
SIMLR,SIMLR,SIMLR,nkr_30,0.042,TI,combination-2,dr1,17,trajectory,other
SIMLR,SIMLR,SIMLR,Mrre_missing_10,0.783,TI,combination-3,dr3,17,trajectory,other
SIMLR,SIMLR,SIMLR,Mrre_missing_20,0.782,TI,combination-3,dr3,17,trajectory,other
SIMLR,SIMLR,SIMLR,Mrre_missing_30,0.781,TI,combination-3,dr3,17,trajectory,other
SIMLR,SIMLR,SIMLR,aji_10,0.022,TI,combination-3,dr1,17,trajectory,other
SIMLR,SIMLR,SIMLR,aji_20,0.032,TI,combination-3,dr1,17,trajectory,other
SIMLR,SIMLR,SIMLR,aji_30,0.041,TI,combination-3,dr1,17,trajectory,other
SIMLR,SIMLR,SIMLR,nkr_10,0.04,TI,combination-3,dr1,17,trajectory,other
SIMLR,SIMLR,SIMLR,nkr_20,0.055,TI,combination-3,dr1,17,trajectory,other
SIMLR,SIMLR,SIMLR,nkr_30,0.068,TI,combination-3,dr1,17,trajectory,other
SIMLR,SIMLR,SIMLR,Mrre_missing_10,0.864,TI,epiblast,dr3,17,trajectory,other
SIMLR,SIMLR,SIMLR,Mrre_missing_20,0.842,TI,epiblast,dr3,17,trajectory,other
SIMLR,SIMLR,SIMLR,Mrre_missing_30,0.828,TI,epiblast,dr3,17,trajectory,other
SIMLR,SIMLR,SIMLR,aji_10,0.266,TI,epiblast,dr1,17,trajectory,other
SIMLR,SIMLR,SIMLR,aji_20,0.319,TI,epiblast,dr1,17,trajectory,other
SIMLR,SIMLR,SIMLR,aji_30,0.354,TI,epiblast,dr1,17,trajectory,other
SIMLR,SIMLR,SIMLR,nkr_10,0.448,TI,epiblast,dr1,17,trajectory,other
SIMLR,SIMLR,SIMLR,nkr_20,0.497,TI,epiblast,dr1,17,trajectory,other
SIMLR,SIMLR,SIMLR,nkr_30,0.515,TI,epiblast,dr1,17,trajectory,other
SIMLR,SIMLR,SIMLR,Mrre_missing_10,0.647,TI,epidermis,dr3,17,trajectory,other
SIMLR,SIMLR,SIMLR,Mrre_missing_20,0.647,TI,epidermis,dr3,17,trajectory,other
SIMLR,SIMLR,SIMLR,Mrre_missing_30,0.647,TI,epidermis,dr3,17,trajectory,other
SIMLR,SIMLR,SIMLR,aji_10,0.015,TI,epidermis,dr1,17,trajectory,other
SIMLR,SIMLR,SIMLR,aji_20,0.021,TI,epidermis,dr1,17,trajectory,other
SIMLR,SIMLR,SIMLR,aji_30,0.026,TI,epidermis,dr1,17,trajectory,other
SIMLR,SIMLR,SIMLR,nkr_10,0.029,TI,epidermis,dr1,17,trajectory,other
SIMLR,SIMLR,SIMLR,nkr_20,0.037,TI,epidermis,dr1,17,trajectory,other
SIMLR,SIMLR,SIMLR,nkr_30,0.045,TI,epidermis,dr1,17,trajectory,other
SIMLR,SIMLR,SIMLR,Mrre_missing_10,0.752,TI,horns,dr3,17,trajectory,other
SIMLR,SIMLR,SIMLR,Mrre_missing_20,0.74,TI,horns,dr3,17,trajectory,other
SIMLR,SIMLR,SIMLR,Mrre_missing_30,0.73,TI,horns,dr3,17,trajectory,other
SIMLR,SIMLR,SIMLR,aji_10,0.165,TI,horns,dr1,17,trajectory,other
SIMLR,SIMLR,SIMLR,aji_20,0.226,TI,horns,dr1,17,trajectory,other
SIMLR,SIMLR,SIMLR,aji_30,0.255,TI,horns,dr1,17,trajectory,other
SIMLR,SIMLR,SIMLR,nkr_10,0.293,TI,horns,dr1,17,trajectory,other
SIMLR,SIMLR,SIMLR,nkr_20,0.384,TI,horns,dr1,17,trajectory,other
SIMLR,SIMLR,SIMLR,nkr_30,0.419,TI,horns,dr1,17,trajectory,other
SIMLR,SIMLR,SIMLR,Mrre_missing_10,0.615,TI,muscle,dr3,17,trajectory,other
SIMLR,SIMLR,SIMLR,Mrre_missing_20,0.615,TI,muscle,dr3,17,trajectory,other
SIMLR,SIMLR,SIMLR,Mrre_missing_30,0.615,TI,muscle,dr3,17,trajectory,other
SIMLR,SIMLR,SIMLR,aji_10,0.014,TI,muscle,dr1,17,trajectory,other
SIMLR,SIMLR,SIMLR,aji_20,0.019,TI,muscle,dr1,17,trajectory,other
SIMLR,SIMLR,SIMLR,aji_30,0.024,TI,muscle,dr1,17,trajectory,other
SIMLR,SIMLR,SIMLR,nkr_10,0.024,TI,muscle,dr1,17,trajectory,other
SIMLR,SIMLR,SIMLR,nkr_20,0.033,TI,muscle,dr1,17,trajectory,other
SIMLR,SIMLR,SIMLR,nkr_30,0.039,TI,muscle,dr1,17,trajectory,other
SIMLR,SIMLR,SIMLR,Mrre_missing_10,0.592,TI,neuron,dr3,17,trajectory,other
SIMLR,SIMLR,SIMLR,Mrre_missing_20,0.591,TI,neuron,dr3,17,trajectory,other
SIMLR,SIMLR,SIMLR,Mrre_missing_30,0.59,TI,neuron,dr3,17,trajectory,other
SIMLR,SIMLR,SIMLR,aji_10,0.013,TI,neuron,dr1,17,trajectory,other
SIMLR,SIMLR,SIMLR,aji_20,0.017,TI,neuron,dr1,17,trajectory,other
SIMLR,SIMLR,SIMLR,aji_30,0.022,TI,neuron,dr1,17,trajectory,other
SIMLR,SIMLR,SIMLR,nkr_10,0.025,TI,neuron,dr1,17,trajectory,other
SIMLR,SIMLR,SIMLR,nkr_20,0.032,TI,neuron,dr1,17,trajectory,other
SIMLR,SIMLR,SIMLR,nkr_30,0.039,TI,neuron,dr1,17,trajectory,other
SIMLR,SIMLR,SIMLR,Mrre_missing_10,0.755,TI,parenchyme,dr3,17,trajectory,other
SIMLR,SIMLR,SIMLR,Mrre_missing_20,0.753,TI,parenchyme,dr3,17,trajectory,other
SIMLR,SIMLR,SIMLR,Mrre_missing_30,0.752,TI,parenchyme,dr3,17,trajectory,other
SIMLR,SIMLR,SIMLR,aji_10,0.017,TI,parenchyme,dr1,17,trajectory,other
SIMLR,SIMLR,SIMLR,aji_20,0.028,TI,parenchyme,dr1,17,trajectory,other
SIMLR,SIMLR,SIMLR,aji_30,0.036,TI,parenchyme,dr1,17,trajectory,other
SIMLR,SIMLR,SIMLR,nkr_10,0.029,TI,parenchyme,dr1,17,trajectory,other
SIMLR,SIMLR,SIMLR,nkr_20,0.044,TI,parenchyme,dr1,17,trajectory,other
SIMLR,SIMLR,SIMLR,nkr_30,0.056,TI,parenchyme,dr1,17,trajectory,other
SIMLR,SIMLR,SIMLR,Mrre_missing_10,0.656,TI,phagocyte,dr3,17,trajectory,other
SIMLR,SIMLR,SIMLR,Mrre_missing_20,0.655,TI,phagocyte,dr3,17,trajectory,other
SIMLR,SIMLR,SIMLR,Mrre_missing_30,0.655,TI,phagocyte,dr3,17,trajectory,other
SIMLR,SIMLR,SIMLR,aji_10,0.044,TI,phagocyte,dr1,17,trajectory,other
SIMLR,SIMLR,SIMLR,aji_20,0.064,TI,phagocyte,dr1,17,trajectory,other
SIMLR,SIMLR,SIMLR,aji_30,0.079,TI,phagocyte,dr1,17,trajectory,other
SIMLR,SIMLR,SIMLR,nkr_10,0.08,TI,phagocyte,dr1,17,trajectory,other
SIMLR,SIMLR,SIMLR,nkr_20,0.11,TI,phagocyte,dr1,17,trajectory,other
SIMLR,SIMLR,SIMLR,nkr_30,0.133,TI,phagocyte,dr1,17,trajectory,other
SIMLR,SIMLR,SIMLR,Mrre_missing_10,0.655,TI,pharynx,dr3,17,trajectory,other
SIMLR,SIMLR,SIMLR,Mrre_missing_20,0.645,TI,pharynx,dr3,17,trajectory,other
SIMLR,SIMLR,SIMLR,Mrre_missing_30,0.641,TI,pharynx,dr3,17,trajectory,other
SIMLR,SIMLR,SIMLR,aji_10,0.068,TI,pharynx,dr1,17,trajectory,other
SIMLR,SIMLR,SIMLR,aji_20,0.106,TI,pharynx,dr1,17,trajectory,other
SIMLR,SIMLR,SIMLR,aji_30,0.135,TI,pharynx,dr1,17,trajectory,other
SIMLR,SIMLR,SIMLR,nkr_10,0.123,TI,pharynx,dr1,17,trajectory,other
SIMLR,SIMLR,SIMLR,nkr_20,0.171,TI,pharynx,dr1,17,trajectory,other
SIMLR,SIMLR,SIMLR,nkr_30,0.206,TI,pharynx,dr1,17,trajectory,other
SIMLR,SIMLR,SIMLR,Mrre_missing_10,0.79,TI,trophectoderm,dr3,17,trajectory,other
SIMLR,SIMLR,SIMLR,Mrre_missing_20,0.778,TI,trophectoderm,dr3,17,trajectory,other
SIMLR,SIMLR,SIMLR,Mrre_missing_30,0.761,TI,trophectoderm,dr3,17,trajectory,other
SIMLR,SIMLR,SIMLR,aji_10,0.266,TI,trophectoderm,dr1,17,trajectory,other
SIMLR,SIMLR,SIMLR,aji_20,0.414,TI,trophectoderm,dr1,17,trajectory,other
SIMLR,SIMLR,SIMLR,aji_30,0.434,TI,trophectoderm,dr1,17,trajectory,other
SIMLR,SIMLR,SIMLR,nkr_10,0.446,TI,trophectoderm,dr1,17,trajectory,other
SIMLR,SIMLR,SIMLR,nkr_20,0.591,TI,trophectoderm,dr1,17,trajectory,other
SIMLR,SIMLR,SIMLR,nkr_30,0.617,TI,trophectoderm,dr1,17,trajectory,other
SIMLR,SIMLR,SIMLR,Mrre_missing_10,0.661,VASC,Biase,dr3,17,VASC,other
SIMLR,SIMLR,SIMLR,Mrre_missing_20,0.637,VASC,Biase,dr3,17,VASC,other
SIMLR,SIMLR,SIMLR,Mrre_missing_30,0.61,VASC,Biase,dr3,17,VASC,other
SIMLR,SIMLR,SIMLR,aji_10,0.174,VASC,Biase,dr1,17,VASC,other
SIMLR,SIMLR,SIMLR,aji_20,0.337,VASC,Biase,dr1,17,VASC,other
SIMLR,SIMLR,SIMLR,aji_30,0.392,VASC,Biase,dr1,17,VASC,other
SIMLR,SIMLR,SIMLR,nkr_10,0.312,VASC,Biase,dr1,17,VASC,other
SIMLR,SIMLR,SIMLR,nkr_20,0.505,VASC,Biase,dr1,17,VASC,other
SIMLR,SIMLR,SIMLR,nkr_30,0.57,VASC,Biase,dr1,17,VASC,other
SIMLR,SIMLR,SIMLR,Mrre_missing_10,0.926,VASC,Goolam,dr3,17,VASC,other
SIMLR,SIMLR,SIMLR,Mrre_missing_20,0.905,VASC,Goolam,dr3,17,VASC,other
SIMLR,SIMLR,SIMLR,Mrre_missing_30,0.888,VASC,Goolam,dr3,17,VASC,other
SIMLR,SIMLR,SIMLR,aji_10,0.401,VASC,Goolam,dr1,17,VASC,other
SIMLR,SIMLR,SIMLR,aji_20,0.432,VASC,Goolam,dr1,17,VASC,other
SIMLR,SIMLR,SIMLR,aji_30,0.46,VASC,Goolam,dr1,17,VASC,other
SIMLR,SIMLR,SIMLR,nkr_10,0.621,VASC,Goolam,dr1,17,VASC,other
SIMLR,SIMLR,SIMLR,nkr_20,0.635,VASC,Goolam,dr1,17,VASC,other
SIMLR,SIMLR,SIMLR,nkr_30,0.626,VASC,Goolam,dr1,17,VASC,other
SIMLR,SIMLR,SIMLR,Mrre_missing_10,0.715,VASC,Xin,dr3,17,VASC,other
SIMLR,SIMLR,SIMLR,Mrre_missing_20,0.709,VASC,Xin,dr3,17,VASC,other
SIMLR,SIMLR,SIMLR,Mrre_missing_30,0.706,VASC,Xin,dr3,17,VASC,other
SIMLR,SIMLR,SIMLR,aji_10,0.044,VASC,Xin,dr1,17,VASC,other
SIMLR,SIMLR,SIMLR,aji_20,0.055,VASC,Xin,dr1,17,VASC,other
SIMLR,SIMLR,SIMLR,aji_30,0.066,VASC,Xin,dr1,17,VASC,other
SIMLR,SIMLR,SIMLR,nkr_10,0.089,VASC,Xin,dr1,17,VASC,other
SIMLR,SIMLR,SIMLR,nkr_20,0.107,VASC,Xin,dr1,17,VASC,other
SIMLR,SIMLR,SIMLR,nkr_30,0.121,VASC,Xin,dr1,17,VASC,other
SIMLR,SIMLR,SIMLR,Mrre_missing_10,0.866,VASC,Zeisel,dr3,17,VASC,other
SIMLR,SIMLR,SIMLR,Mrre_missing_20,0.862,VASC,Zeisel,dr3,17,VASC,other
SIMLR,SIMLR,SIMLR,Mrre_missing_30,0.859,VASC,Zeisel,dr3,17,VASC,other
SIMLR,SIMLR,SIMLR,aji_10,0.102,VASC,Zeisel,dr1,17,VASC,other
SIMLR,SIMLR,SIMLR,aji_20,0.134,VASC,Zeisel,dr1,17,VASC,other
SIMLR,SIMLR,SIMLR,aji_30,0.151,VASC,Zeisel,dr1,17,VASC,other
SIMLR,SIMLR,SIMLR,nkr_10,0.185,VASC,Zeisel,dr1,17,VASC,other
SIMLR,SIMLR,SIMLR,nkr_20,0.222,VASC,Zeisel,dr1,17,VASC,other
SIMLR,SIMLR,SIMLR,nkr_30,0.244,VASC,Zeisel,dr1,17,VASC,other
SIMLR,SIMLR,SIMLR,Mrre_missing_10,0.824,VASC,yan,dr3,17,VASC,other
SIMLR,SIMLR,SIMLR,Mrre_missing_20,0.792,VASC,yan,dr3,17,VASC,other
SIMLR,SIMLR,SIMLR,Mrre_missing_30,0.762,VASC,yan,dr3,17,VASC,other
SIMLR,SIMLR,SIMLR,aji_10,0.458,VASC,yan,dr1,17,VASC,other
SIMLR,SIMLR,SIMLR,aji_20,0.359,VASC,yan,dr1,17,VASC,other
SIMLR,SIMLR,SIMLR,aji_30,0.32,VASC,yan,dr1,17,VASC,other
SIMLR,SIMLR,SIMLR,nkr_10,0.658,VASC,yan,dr1,17,VASC,other
SIMLR,SIMLR,SIMLR,nkr_20,0.556,VASC,yan,dr1,17,VASC,other
SIMLR,SIMLR,SIMLR,nkr_30,0.519,VASC,yan,dr1,17,VASC,other
SIMLR,SIMLR,SIMLR,Mrre_missing_10,0.797,benchmarker,Baron_mouse,dr3,17,curated,other
SIMLR,SIMLR,SIMLR,Mrre_missing_20,0.795,benchmarker,Baron_mouse,dr3,17,curated,other
SIMLR,SIMLR,SIMLR,Mrre_missing_30,0.793,benchmarker,Baron_mouse,dr3,17,curated,other
SIMLR,SIMLR,SIMLR,aji_10,0.087,benchmarker,Baron_mouse,dr1,17,curated,other
SIMLR,SIMLR,SIMLR,aji_20,0.12,benchmarker,Baron_mouse,dr1,17,curated,other
SIMLR,SIMLR,SIMLR,aji_30,0.144,benchmarker,Baron_mouse,dr1,17,curated,other
SIMLR,SIMLR,SIMLR,nkr_10,0.154,benchmarker,Baron_mouse,dr1,17,curated,other
SIMLR,SIMLR,SIMLR,nkr_20,0.194,benchmarker,Baron_mouse,dr1,17,curated,other
SIMLR,SIMLR,SIMLR,nkr_30,0.223,benchmarker,Baron_mouse,dr1,17,curated,other
SIMLR,SIMLR,SIMLR,Mrre_missing_10,0.892,benchmarker,Darmanis,dr3,17,curated,other
SIMLR,SIMLR,SIMLR,Mrre_missing_20,0.881,benchmarker,Darmanis,dr3,17,curated,other
SIMLR,SIMLR,SIMLR,Mrre_missing_30,0.873,benchmarker,Darmanis,dr3,17,curated,other
SIMLR,SIMLR,SIMLR,aji_10,0.211,benchmarker,Darmanis,dr1,17,curated,other
SIMLR,SIMLR,SIMLR,aji_20,0.274,benchmarker,Darmanis,dr1,17,curated,other
SIMLR,SIMLR,SIMLR,aji_30,0.336,benchmarker,Darmanis,dr1,17,curated,other
SIMLR,SIMLR,SIMLR,nkr_10,0.362,benchmarker,Darmanis,dr1,17,curated,other
SIMLR,SIMLR,SIMLR,nkr_20,0.431,benchmarker,Darmanis,dr1,17,curated,other
SIMLR,SIMLR,SIMLR,nkr_30,0.489,benchmarker,Darmanis,dr1,17,curated,other
SIMLR,SIMLR,SIMLR,Mrre_missing_10,0.644,benchmarker,Pancreatic,dr3,17,curated,other
SIMLR,SIMLR,SIMLR,Mrre_missing_20,0.631,benchmarker,Pancreatic,dr3,17,curated,other
SIMLR,SIMLR,SIMLR,Mrre_missing_30,0.615,benchmarker,Pancreatic,dr3,17,curated,other
SIMLR,SIMLR,SIMLR,aji_10,0.31,benchmarker,Pancreatic,dr1,17,curated,other
SIMLR,SIMLR,SIMLR,aji_20,0.32,benchmarker,Pancreatic,dr1,17,curated,other
SIMLR,SIMLR,SIMLR,aji_30,0.438,benchmarker,Pancreatic,dr1,17,curated,other
SIMLR,SIMLR,SIMLR,nkr_10,0.478,benchmarker,Pancreatic,dr1,17,curated,other
SIMLR,SIMLR,SIMLR,nkr_20,0.491,benchmarker,Pancreatic,dr1,17,curated,other
SIMLR,SIMLR,SIMLR,nkr_30,0.609,benchmarker,Pancreatic,dr1,17,curated,other
SIMLR,SIMLR,SIMLR,Mrre_missing_10,0.757,benchmarker,Silver,dr3,17,curated,other
SIMLR,SIMLR,SIMLR,Mrre_missing_20,0.757,benchmarker,Silver,dr3,17,curated,other
SIMLR,SIMLR,SIMLR,Mrre_missing_30,0.757,benchmarker,Silver,dr3,17,curated,other
SIMLR,SIMLR,SIMLR,aji_10,0.029,benchmarker,Silver,dr1,17,curated,other
SIMLR,SIMLR,SIMLR,aji_20,0.048,benchmarker,Silver,dr1,17,curated,other
SIMLR,SIMLR,SIMLR,aji_30,0.058,benchmarker,Silver,dr1,17,curated,other
SIMLR,SIMLR,SIMLR,nkr_10,0.051,benchmarker,Silver,dr1,17,curated,other
SIMLR,SIMLR,SIMLR,nkr_20,0.079,benchmarker,Silver,dr1,17,curated,other
SIMLR,SIMLR,SIMLR,nkr_30,0.097,benchmarker,Silver,dr1,17,curated,other
SIMLR,SIMLR,SIMLR,Mrre_missing_10,0.757,benchmarker,Zhengmix4eq,dr3,17,curated,other
SIMLR,SIMLR,SIMLR,Mrre_missing_20,0.757,benchmarker,Zhengmix4eq,dr3,17,curated,other
SIMLR,SIMLR,SIMLR,Mrre_missing_30,0.757,benchmarker,Zhengmix4eq,dr3,17,curated,other
SIMLR,SIMLR,SIMLR,aji_10,0.014,benchmarker,Zhengmix4eq,dr1,17,curated,other
SIMLR,SIMLR,SIMLR,aji_20,0.024,benchmarker,Zhengmix4eq,dr1,17,curated,other
SIMLR,SIMLR,SIMLR,aji_30,0.032,benchmarker,Zhengmix4eq,dr1,17,curated,other
SIMLR,SIMLR,SIMLR,nkr_10,0.025,benchmarker,Zhengmix4eq,dr1,17,curated,other
SIMLR,SIMLR,SIMLR,nkr_20,0.04,benchmarker,Zhengmix4eq,dr1,17,curated,other
SIMLR,SIMLR,SIMLR,nkr_30,0.05,benchmarker,Zhengmix4eq,dr1,17,curated,other
SIMLR,SIMLR,SIMLR,Mrre_missing_10,0.958,scDesign3,ACINAR,dr3,17,scDesign3,other
SIMLR,SIMLR,SIMLR,Mrre_missing_20,0.953,scDesign3,ACINAR,dr3,17,scDesign3,other
SIMLR,SIMLR,SIMLR,Mrre_missing_30,0.949,scDesign3,ACINAR,dr3,17,scDesign3,other
SIMLR,SIMLR,SIMLR,aji_10,0.256,scDesign3,ACINAR,dr1,17,scDesign3,other
SIMLR,SIMLR,SIMLR,aji_20,0.279,scDesign3,ACINAR,dr1,17,scDesign3,other
SIMLR,SIMLR,SIMLR,aji_30,0.288,scDesign3,ACINAR,dr1,17,scDesign3,other
SIMLR,SIMLR,SIMLR,nkr_10,0.457,scDesign3,ACINAR,dr1,17,scDesign3,other
SIMLR,SIMLR,SIMLR,nkr_20,0.46,scDesign3,ACINAR,dr1,17,scDesign3,other
SIMLR,SIMLR,SIMLR,nkr_30,0.457,scDesign3,ACINAR,dr1,17,scDesign3,other
SIMLR,SIMLR,SIMLR,Mrre_missing_10,0.773,scDesign3,ATAC,dr3,17,scDesign3,other
SIMLR,SIMLR,SIMLR,Mrre_missing_20,0.771,scDesign3,ATAC,dr3,17,scDesign3,other
SIMLR,SIMLR,SIMLR,Mrre_missing_30,0.77,scDesign3,ATAC,dr3,17,scDesign3,other
SIMLR,SIMLR,SIMLR,aji_10,0.01,scDesign3,ATAC,dr1,17,scDesign3,other
SIMLR,SIMLR,SIMLR,aji_20,0.013,scDesign3,ATAC,dr1,17,scDesign3,other
SIMLR,SIMLR,SIMLR,aji_30,0.015,scDesign3,ATAC,dr1,17,scDesign3,other
SIMLR,SIMLR,SIMLR,nkr_10,0.024,scDesign3,ATAC,dr1,17,scDesign3,other
SIMLR,SIMLR,SIMLR,nkr_20,0.028,scDesign3,ATAC,dr1,17,scDesign3,other
SIMLR,SIMLR,SIMLR,nkr_30,0.031,scDesign3,ATAC,dr1,17,scDesign3,other
SIMLR,SIMLR,SIMLR,Mrre_missing_10,0.972,scDesign3,BATCH,dr3,17,scDesign3,other
SIMLR,SIMLR,SIMLR,Mrre_missing_20,0.968,scDesign3,BATCH,dr3,17,scDesign3,other
SIMLR,SIMLR,SIMLR,Mrre_missing_30,0.966,scDesign3,BATCH,dr3,17,scDesign3,other
SIMLR,SIMLR,SIMLR,aji_10,0.187,scDesign3,BATCH,dr1,17,scDesign3,other
SIMLR,SIMLR,SIMLR,aji_20,0.222,scDesign3,BATCH,dr1,17,scDesign3,other
SIMLR,SIMLR,SIMLR,aji_30,0.245,scDesign3,BATCH,dr1,17,scDesign3,other
SIMLR,SIMLR,SIMLR,nkr_10,0.358,scDesign3,BATCH,dr1,17,scDesign3,other
SIMLR,SIMLR,SIMLR,nkr_20,0.384,scDesign3,BATCH,dr1,17,scDesign3,other
SIMLR,SIMLR,SIMLR,nkr_30,0.403,scDesign3,BATCH,dr1,17,scDesign3,other
SIMLR,SIMLR,SIMLR,Mrre_missing_10,0.915,scDesign3,EMBYRO,dr3,17,scDesign3,other
SIMLR,SIMLR,SIMLR,Mrre_missing_20,0.903,scDesign3,EMBYRO,dr3,17,scDesign3,other
SIMLR,SIMLR,SIMLR,Mrre_missing_30,0.895,scDesign3,EMBYRO,dr3,17,scDesign3,other
SIMLR,SIMLR,SIMLR,aji_10,0.303,scDesign3,EMBYRO,dr1,17,scDesign3,other
SIMLR,SIMLR,SIMLR,aji_20,0.316,scDesign3,EMBYRO,dr1,17,scDesign3,other
SIMLR,SIMLR,SIMLR,aji_30,0.317,scDesign3,EMBYRO,dr1,17,scDesign3,other
SIMLR,SIMLR,SIMLR,nkr_10,0.511,scDesign3,EMBYRO,dr1,17,scDesign3,other
SIMLR,SIMLR,SIMLR,nkr_20,0.493,scDesign3,EMBYRO,dr1,17,scDesign3,other
SIMLR,SIMLR,SIMLR,nkr_30,0.479,scDesign3,EMBYRO,dr1,17,scDesign3,other
SIMLR,SIMLR,SIMLR,Mrre_missing_10,0.962,scDesign3,MARROW,dr3,17,scDesign3,other
SIMLR,SIMLR,SIMLR,Mrre_missing_20,0.96,scDesign3,MARROW,dr3,17,scDesign3,other
SIMLR,SIMLR,SIMLR,Mrre_missing_30,0.96,scDesign3,MARROW,dr3,17,scDesign3,other
SIMLR,SIMLR,SIMLR,aji_10,0.125,scDesign3,MARROW,dr1,17,scDesign3,other
SIMLR,SIMLR,SIMLR,aji_20,0.157,scDesign3,MARROW,dr1,17,scDesign3,other
SIMLR,SIMLR,SIMLR,aji_30,0.182,scDesign3,MARROW,dr1,17,scDesign3,other
SIMLR,SIMLR,SIMLR,nkr_10,0.253,scDesign3,MARROW,dr1,17,scDesign3,other
SIMLR,SIMLR,SIMLR,nkr_20,0.286,scDesign3,MARROW,dr1,17,scDesign3,other
SIMLR,SIMLR,SIMLR,nkr_30,0.314,scDesign3,MARROW,dr1,17,scDesign3,other
SIMLR,SIMLR,SIMLR,Mrre_missing_10,0.942,scDesign3,OVARIAN,dr3,17,scDesign3,other
SIMLR,SIMLR,SIMLR,Mrre_missing_20,0.934,scDesign3,OVARIAN,dr3,17,scDesign3,other
SIMLR,SIMLR,SIMLR,Mrre_missing_30,0.928,scDesign3,OVARIAN,dr3,17,scDesign3,other
SIMLR,SIMLR,SIMLR,aji_10,0.256,scDesign3,OVARIAN,dr1,17,scDesign3,other
SIMLR,SIMLR,SIMLR,aji_20,0.269,scDesign3,OVARIAN,dr1,17,scDesign3,other
SIMLR,SIMLR,SIMLR,aji_30,0.28,scDesign3,OVARIAN,dr1,17,scDesign3,other
SIMLR,SIMLR,SIMLR,nkr_10,0.462,scDesign3,OVARIAN,dr1,17,scDesign3,other
SIMLR,SIMLR,SIMLR,nkr_20,0.449,scDesign3,OVARIAN,dr1,17,scDesign3,other
SIMLR,SIMLR,SIMLR,nkr_30,0.449,scDesign3,OVARIAN,dr1,17,scDesign3,other
SIMLR,SIMLR,SIMLR,Mrre_missing_10,0.964,scDesign3,PANCREAS,dr3,17,scDesign3,other
SIMLR,SIMLR,SIMLR,Mrre_missing_20,0.96,scDesign3,PANCREAS,dr3,17,scDesign3,other
SIMLR,SIMLR,SIMLR,Mrre_missing_30,0.957,scDesign3,PANCREAS,dr3,17,scDesign3,other
SIMLR,SIMLR,SIMLR,aji_10,0.205,scDesign3,PANCREAS,dr1,17,scDesign3,other
SIMLR,SIMLR,SIMLR,aji_20,0.241,scDesign3,PANCREAS,dr1,17,scDesign3,other
SIMLR,SIMLR,SIMLR,aji_30,0.267,scDesign3,PANCREAS,dr1,17,scDesign3,other
SIMLR,SIMLR,SIMLR,nkr_10,0.385,scDesign3,PANCREAS,dr1,17,scDesign3,other
SIMLR,SIMLR,SIMLR,nkr_20,0.41,scDesign3,PANCREAS,dr1,17,scDesign3,other
SIMLR,SIMLR,SIMLR,nkr_30,0.432,scDesign3,PANCREAS,dr1,17,scDesign3,other
SIMLR,SIMLR,SIMLR,Mrre_missing_10,0.857,scDesign3,SCGEMMETH,dr3,17,scDesign3,other
SIMLR,SIMLR,SIMLR,Mrre_missing_20,0.843,scDesign3,SCGEMMETH,dr3,17,scDesign3,other
SIMLR,SIMLR,SIMLR,Mrre_missing_30,0.833,scDesign3,SCGEMMETH,dr3,17,scDesign3,other
SIMLR,SIMLR,SIMLR,aji_10,0.219,scDesign3,SCGEMMETH,dr1,17,scDesign3,other
SIMLR,SIMLR,SIMLR,aji_20,0.307,scDesign3,SCGEMMETH,dr1,17,scDesign3,other
SIMLR,SIMLR,SIMLR,aji_30,0.37,scDesign3,SCGEMMETH,dr1,17,scDesign3,other
SIMLR,SIMLR,SIMLR,nkr_10,0.404,scDesign3,SCGEMMETH,dr1,17,scDesign3,other
SIMLR,SIMLR,SIMLR,nkr_20,0.496,scDesign3,SCGEMMETH,dr1,17,scDesign3,other
SIMLR,SIMLR,SIMLR,nkr_30,0.548,scDesign3,SCGEMMETH,dr1,17,scDesign3,other
SIMLR,SIMLR,SIMLR,Mrre_missing_10,0.817,scDesign3,SCGEMRNA,dr3,17,scDesign3,other
SIMLR,SIMLR,SIMLR,Mrre_missing_20,0.799,scDesign3,SCGEMRNA,dr3,17,scDesign3,other
SIMLR,SIMLR,SIMLR,Mrre_missing_30,0.789,scDesign3,SCGEMRNA,dr3,17,scDesign3,other
SIMLR,SIMLR,SIMLR,aji_10,0.237,scDesign3,SCGEMRNA,dr1,17,scDesign3,other
SIMLR,SIMLR,SIMLR,aji_20,0.263,scDesign3,SCGEMRNA,dr1,17,scDesign3,other
SIMLR,SIMLR,SIMLR,aji_30,0.302,scDesign3,SCGEMRNA,dr1,17,scDesign3,other
SIMLR,SIMLR,SIMLR,nkr_10,0.422,scDesign3,SCGEMRNA,dr1,17,scDesign3,other
SIMLR,SIMLR,SIMLR,nkr_20,0.433,scDesign3,SCGEMRNA,dr1,17,scDesign3,other
SIMLR,SIMLR,SIMLR,nkr_30,0.463,scDesign3,SCGEMRNA,dr1,17,scDesign3,other
SIMLR,SIMLR,SIMLR,Mrre_missing_10,0.522,scDesign3,SCIATAC,dr3,17,scDesign3,other
SIMLR,SIMLR,SIMLR,Mrre_missing_20,0.525,scDesign3,SCIATAC,dr3,17,scDesign3,other
SIMLR,SIMLR,SIMLR,Mrre_missing_30,0.539,scDesign3,SCIATAC,dr3,17,scDesign3,other
SIMLR,SIMLR,SIMLR,aji_10,0.003,scDesign3,SCIATAC,dr1,17,scDesign3,other
SIMLR,SIMLR,SIMLR,aji_20,0.004,scDesign3,SCIATAC,dr1,17,scDesign3,other
SIMLR,SIMLR,SIMLR,aji_30,0.005,scDesign3,SCIATAC,dr1,17,scDesign3,other
SIMLR,SIMLR,SIMLR,nkr_10,0.004,scDesign3,SCIATAC,dr1,17,scDesign3,other
SIMLR,SIMLR,SIMLR,nkr_20,0.006,scDesign3,SCIATAC,dr1,17,scDesign3,other
SIMLR,SIMLR,SIMLR,nkr_30,0.009,scDesign3,SCIATAC,dr1,17,scDesign3,other
SIMLR,SIMLR,SIMLR,Mrre_missing_10,0.969,scDesign3,VISIUM,dr3,17,scDesign3,other
SIMLR,SIMLR,SIMLR,Mrre_missing_20,0.962,scDesign3,VISIUM,dr3,17,scDesign3,other
SIMLR,SIMLR,SIMLR,Mrre_missing_30,0.957,scDesign3,VISIUM,dr3,17,scDesign3,other
SIMLR,SIMLR,SIMLR,aji_10,0.362,scDesign3,VISIUM,dr1,17,scDesign3,other
SIMLR,SIMLR,SIMLR,aji_20,0.387,scDesign3,VISIUM,dr1,17,scDesign3,other
SIMLR,SIMLR,SIMLR,aji_30,0.393,scDesign3,VISIUM,dr1,17,scDesign3,other
SIMLR,SIMLR,SIMLR,nkr_10,0.584,scDesign3,VISIUM,dr1,17,scDesign3,other
SIMLR,SIMLR,SIMLR,nkr_20,0.579,scDesign3,VISIUM,dr1,17,scDesign3,other
SIMLR,SIMLR,SIMLR,nkr_30,0.571,scDesign3,VISIUM,dr1,17,scDesign3,other
PHATE,PHATE,PHATE,Mrre_missing_10,0.905,SIMLR,Pollen,dr3,18,SIMLR,other
PHATE,PHATE,PHATE,Mrre_missing_20,0.892,SIMLR,Pollen,dr3,18,SIMLR,other
PHATE,PHATE,PHATE,Mrre_missing_30,0.875,SIMLR,Pollen,dr3,18,SIMLR,other
PHATE,PHATE,PHATE,aji_10,0.16,SIMLR,Pollen,dr1,18,SIMLR,other
PHATE,PHATE,PHATE,aji_20,0.316,SIMLR,Pollen,dr1,18,SIMLR,other
PHATE,PHATE,PHATE,aji_30,0.353,SIMLR,Pollen,dr1,18,SIMLR,other
PHATE,PHATE,PHATE,nkr_10,0.261,SIMLR,Pollen,dr1,18,SIMLR,other
PHATE,PHATE,PHATE,nkr_20,0.45,SIMLR,Pollen,dr1,18,SIMLR,other
PHATE,PHATE,PHATE,nkr_30,0.516,SIMLR,Pollen,dr1,18,SIMLR,other
PHATE,PHATE,PHATE,Mrre_missing_10,0.738,SIMLR,Usoskin,dr3,18,SIMLR,other
PHATE,PHATE,PHATE,Mrre_missing_20,0.723,SIMLR,Usoskin,dr3,18,SIMLR,other
PHATE,PHATE,PHATE,Mrre_missing_30,0.713,SIMLR,Usoskin,dr3,18,SIMLR,other
PHATE,PHATE,PHATE,aji_10,0.033,SIMLR,Usoskin,dr1,18,SIMLR,other
PHATE,PHATE,PHATE,aji_20,0.055,SIMLR,Usoskin,dr1,18,SIMLR,other
PHATE,PHATE,PHATE,aji_30,0.08,SIMLR,Usoskin,dr1,18,SIMLR,other
PHATE,PHATE,PHATE,nkr_10,0.062,SIMLR,Usoskin,dr1,18,SIMLR,other
PHATE,PHATE,PHATE,nkr_20,0.101,SIMLR,Usoskin,dr1,18,SIMLR,other
PHATE,PHATE,PHATE,nkr_30,0.139,SIMLR,Usoskin,dr1,18,SIMLR,other
PHATE,PHATE,PHATE,Mrre_missing_10,0.847,TI,DA1_horns,dr3,18,trajectory,other
PHATE,PHATE,PHATE,Mrre_missing_20,0.847,TI,DA1_horns,dr3,18,trajectory,other
PHATE,PHATE,PHATE,Mrre_missing_30,0.847,TI,DA1_horns,dr3,18,trajectory,other
PHATE,PHATE,PHATE,aji_10,0.095,TI,DA1_horns,dr1,18,trajectory,other
PHATE,PHATE,PHATE,aji_20,0.19,TI,DA1_horns,dr1,18,trajectory,other
PHATE,PHATE,PHATE,aji_30,0.288,TI,DA1_horns,dr1,18,trajectory,other
PHATE,PHATE,PHATE,nkr_10,0.171,TI,DA1_horns,dr1,18,trajectory,other
PHATE,PHATE,PHATE,nkr_20,0.315,TI,DA1_horns,dr1,18,trajectory,other
PHATE,PHATE,PHATE,nkr_30,0.438,TI,DA1_horns,dr1,18,trajectory,other
PHATE,PHATE,PHATE,Mrre_missing_10,0.87,TI,DC3_VA1d_horns,dr3,18,trajectory,other
PHATE,PHATE,PHATE,Mrre_missing_20,0.869,TI,DC3_VA1d_horns,dr3,18,trajectory,other
PHATE,PHATE,PHATE,Mrre_missing_30,0.867,TI,DC3_VA1d_horns,dr3,18,trajectory,other
PHATE,PHATE,PHATE,aji_10,0.15,TI,DC3_VA1d_horns,dr1,18,trajectory,other
PHATE,PHATE,PHATE,aji_20,0.294,TI,DC3_VA1d_horns,dr1,18,trajectory,other
PHATE,PHATE,PHATE,aji_30,0.466,TI,DC3_VA1d_horns,dr1,18,trajectory,other
PHATE,PHATE,PHATE,nkr_10,0.258,TI,DC3_VA1d_horns,dr1,18,trajectory,other
PHATE,PHATE,PHATE,nkr_20,0.454,TI,DC3_VA1d_horns,dr1,18,trajectory,other
PHATE,PHATE,PHATE,nkr_30,0.628,TI,DC3_VA1d_horns,dr1,18,trajectory,other
PHATE,PHATE,PHATE,Mrre_missing_10,0.943,TI,ICM,dr3,18,trajectory,other
PHATE,PHATE,PHATE,Mrre_missing_20,0.939,TI,ICM,dr3,18,trajectory,other
PHATE,PHATE,PHATE,Mrre_missing_30,0.935,TI,ICM,dr3,18,trajectory,other
PHATE,PHATE,PHATE,aji_10,0.252,TI,ICM,dr1,18,trajectory,other
PHATE,PHATE,PHATE,aji_20,0.395,TI,ICM,dr1,18,trajectory,other
PHATE,PHATE,PHATE,aji_30,0.546,TI,ICM,dr1,18,trajectory,other
PHATE,PHATE,PHATE,nkr_10,0.43,TI,ICM,dr1,18,trajectory,other
PHATE,PHATE,PHATE,nkr_20,0.572,TI,ICM,dr1,18,trajectory,other
PHATE,PHATE,PHATE,nkr_30,0.695,TI,ICM,dr1,18,trajectory,other
PHATE,PHATE,PHATE,Mrre_missing_10,0.958,TI,blastocyst,dr3,18,trajectory,other
PHATE,PHATE,PHATE,Mrre_missing_20,0.954,TI,blastocyst,dr3,18,trajectory,other
PHATE,PHATE,PHATE,Mrre_missing_30,0.951,TI,blastocyst,dr3,18,trajectory,other
PHATE,PHATE,PHATE,aji_10,0.276,TI,blastocyst,dr1,18,trajectory,other
PHATE,PHATE,PHATE,aji_20,0.369,TI,blastocyst,dr1,18,trajectory,other
PHATE,PHATE,PHATE,aji_30,0.487,TI,blastocyst,dr1,18,trajectory,other
PHATE,PHATE,PHATE,nkr_10,0.456,TI,blastocyst,dr1,18,trajectory,other
PHATE,PHATE,PHATE,nkr_20,0.554,TI,blastocyst,dr1,18,trajectory,other
PHATE,PHATE,PHATE,nkr_30,0.65,TI,blastocyst,dr1,18,trajectory,other
PHATE,PHATE,PHATE,Mrre_missing_10,0.834,TI,combination-1,dr3,18,trajectory,other
PHATE,PHATE,PHATE,Mrre_missing_20,0.827,TI,combination-1,dr3,18,trajectory,other
PHATE,PHATE,PHATE,Mrre_missing_30,0.823,TI,combination-1,dr3,18,trajectory,other
PHATE,PHATE,PHATE,aji_10,0.014,TI,combination-1,dr1,18,trajectory,other
PHATE,PHATE,PHATE,aji_20,0.022,TI,combination-1,dr1,18,trajectory,other
PHATE,PHATE,PHATE,aji_30,0.029,TI,combination-1,dr1,18,trajectory,other
PHATE,PHATE,PHATE,nkr_10,0.03,TI,combination-1,dr1,18,trajectory,other
PHATE,PHATE,PHATE,nkr_20,0.045,TI,combination-1,dr1,18,trajectory,other
PHATE,PHATE,PHATE,nkr_30,0.057,TI,combination-1,dr1,18,trajectory,other
PHATE,PHATE,PHATE,Mrre_missing_10,0.845,TI,combination-2,dr3,18,trajectory,other
PHATE,PHATE,PHATE,Mrre_missing_20,0.834,TI,combination-2,dr3,18,trajectory,other
PHATE,PHATE,PHATE,Mrre_missing_30,0.827,TI,combination-2,dr3,18,trajectory,other
PHATE,PHATE,PHATE,aji_10,0.015,TI,combination-2,dr1,18,trajectory,other
PHATE,PHATE,PHATE,aji_20,0.023,TI,combination-2,dr1,18,trajectory,other
PHATE,PHATE,PHATE,aji_30,0.028,TI,combination-2,dr1,18,trajectory,other
PHATE,PHATE,PHATE,nkr_10,0.029,TI,combination-2,dr1,18,trajectory,other
PHATE,PHATE,PHATE,nkr_20,0.046,TI,combination-2,dr1,18,trajectory,other
PHATE,PHATE,PHATE,nkr_30,0.056,TI,combination-2,dr1,18,trajectory,other
PHATE,PHATE,PHATE,Mrre_missing_10,0.88,TI,combination-3,dr3,18,trajectory,other
PHATE,PHATE,PHATE,Mrre_missing_20,0.871,TI,combination-3,dr3,18,trajectory,other
PHATE,PHATE,PHATE,Mrre_missing_30,0.864,TI,combination-3,dr3,18,trajectory,other
PHATE,PHATE,PHATE,aji_10,0.025,TI,combination-3,dr1,18,trajectory,other
PHATE,PHATE,PHATE,aji_20,0.037,TI,combination-3,dr1,18,trajectory,other
PHATE,PHATE,PHATE,aji_30,0.048,TI,combination-3,dr1,18,trajectory,other
PHATE,PHATE,PHATE,nkr_10,0.053,TI,combination-3,dr1,18,trajectory,other
PHATE,PHATE,PHATE,nkr_20,0.076,TI,combination-3,dr1,18,trajectory,other
PHATE,PHATE,PHATE,nkr_30,0.095,TI,combination-3,dr1,18,trajectory,other
PHATE,PHATE,PHATE,Mrre_missing_10,0.896,TI,epiblast,dr3,18,trajectory,other
PHATE,PHATE,PHATE,Mrre_missing_20,0.89,TI,epiblast,dr3,18,trajectory,other
PHATE,PHATE,PHATE,Mrre_missing_30,0.884,TI,epiblast,dr3,18,trajectory,other
PHATE,PHATE,PHATE,aji_10,0.206,TI,epiblast,dr1,18,trajectory,other
PHATE,PHATE,PHATE,aji_20,0.346,TI,epiblast,dr1,18,trajectory,other
PHATE,PHATE,PHATE,aji_30,0.493,TI,epiblast,dr1,18,trajectory,other
PHATE,PHATE,PHATE,nkr_10,0.37,TI,epiblast,dr1,18,trajectory,other
PHATE,PHATE,PHATE,nkr_20,0.514,TI,epiblast,dr1,18,trajectory,other
PHATE,PHATE,PHATE,nkr_30,0.642,TI,epiblast,dr1,18,trajectory,other
PHATE,PHATE,PHATE,Mrre_missing_10,0.814,TI,epidermis,dr3,18,trajectory,other
PHATE,PHATE,PHATE,Mrre_missing_20,0.809,TI,epidermis,dr3,18,trajectory,other
PHATE,PHATE,PHATE,Mrre_missing_30,0.805,TI,epidermis,dr3,18,trajectory,other
PHATE,PHATE,PHATE,aji_10,0.016,TI,epidermis,dr1,18,trajectory,other
PHATE,PHATE,PHATE,aji_20,0.024,TI,epidermis,dr1,18,trajectory,other
PHATE,PHATE,PHATE,aji_30,0.03,TI,epidermis,dr1,18,trajectory,other
PHATE,PHATE,PHATE,nkr_10,0.033,TI,epidermis,dr1,18,trajectory,other
PHATE,PHATE,PHATE,nkr_20,0.049,TI,epidermis,dr1,18,trajectory,other
PHATE,PHATE,PHATE,nkr_30,0.061,TI,epidermis,dr1,18,trajectory,other
PHATE,PHATE,PHATE,Mrre_missing_10,0.886,TI,horns,dr3,18,trajectory,other
PHATE,PHATE,PHATE,Mrre_missing_20,0.881,TI,horns,dr3,18,trajectory,other
PHATE,PHATE,PHATE,Mrre_missing_30,0.877,TI,horns,dr3,18,trajectory,other
PHATE,PHATE,PHATE,aji_10,0.091,TI,horns,dr1,18,trajectory,other
PHATE,PHATE,PHATE,aji_20,0.154,TI,horns,dr1,18,trajectory,other
PHATE,PHATE,PHATE,aji_30,0.21,TI,horns,dr1,18,trajectory,other
PHATE,PHATE,PHATE,nkr_10,0.17,TI,horns,dr1,18,trajectory,other
PHATE,PHATE,PHATE,nkr_20,0.269,TI,horns,dr1,18,trajectory,other
PHATE,PHATE,PHATE,nkr_30,0.353,TI,horns,dr1,18,trajectory,other
PHATE,PHATE,PHATE,Mrre_missing_10,0.823,TI,muscle,dr3,18,trajectory,other
PHATE,PHATE,PHATE,Mrre_missing_20,0.809,TI,muscle,dr3,18,trajectory,other
PHATE,PHATE,PHATE,Mrre_missing_30,0.8,TI,muscle,dr3,18,trajectory,other
PHATE,PHATE,PHATE,aji_10,0.014,TI,muscle,dr1,18,trajectory,other
PHATE,PHATE,PHATE,aji_20,0.021,TI,muscle,dr1,18,trajectory,other
PHATE,PHATE,PHATE,aji_30,0.027,TI,muscle,dr1,18,trajectory,other
PHATE,PHATE,PHATE,nkr_10,0.028,TI,muscle,dr1,18,trajectory,other
PHATE,PHATE,PHATE,nkr_20,0.044,TI,muscle,dr1,18,trajectory,other
PHATE,PHATE,PHATE,nkr_30,0.056,TI,muscle,dr1,18,trajectory,other
PHATE,PHATE,PHATE,Mrre_missing_10,0.801,TI,neuron,dr3,18,trajectory,other
PHATE,PHATE,PHATE,Mrre_missing_20,0.786,TI,neuron,dr3,18,trajectory,other
PHATE,PHATE,PHATE,Mrre_missing_30,0.778,TI,neuron,dr3,18,trajectory,other
PHATE,PHATE,PHATE,aji_10,0.015,TI,neuron,dr1,18,trajectory,other
PHATE,PHATE,PHATE,aji_20,0.021,TI,neuron,dr1,18,trajectory,other
PHATE,PHATE,PHATE,aji_30,0.025,TI,neuron,dr1,18,trajectory,other
PHATE,PHATE,PHATE,nkr_10,0.032,TI,neuron,dr1,18,trajectory,other
PHATE,PHATE,PHATE,nkr_20,0.043,TI,neuron,dr1,18,trajectory,other
PHATE,PHATE,PHATE,nkr_30,0.052,TI,neuron,dr1,18,trajectory,other
PHATE,PHATE,PHATE,Mrre_missing_10,0.898,TI,pair-1,dr3,18,trajectory,other
PHATE,PHATE,PHATE,Mrre_missing_20,0.889,TI,pair-1,dr3,18,trajectory,other
PHATE,PHATE,PHATE,Mrre_missing_30,0.883,TI,pair-1,dr3,18,trajectory,other
PHATE,PHATE,PHATE,aji_10,0.008,TI,pair-1,dr1,18,trajectory,other
PHATE,PHATE,PHATE,aji_20,0.012,TI,pair-1,dr1,18,trajectory,other
PHATE,PHATE,PHATE,aji_30,0.016,TI,pair-1,dr1,18,trajectory,other
PHATE,PHATE,PHATE,nkr_10,0.017,TI,pair-1,dr1,18,trajectory,other
PHATE,PHATE,PHATE,nkr_20,0.025,TI,pair-1,dr1,18,trajectory,other
PHATE,PHATE,PHATE,nkr_30,0.032,TI,pair-1,dr1,18,trajectory,other
PHATE,PHATE,PHATE,Mrre_missing_10,0.883,TI,pair-2,dr3,18,trajectory,other
PHATE,PHATE,PHATE,Mrre_missing_20,0.872,TI,pair-2,dr3,18,trajectory,other
PHATE,PHATE,PHATE,Mrre_missing_30,0.864,TI,pair-2,dr3,18,trajectory,other
PHATE,PHATE,PHATE,aji_10,0.006,TI,pair-2,dr1,18,trajectory,other
PHATE,PHATE,PHATE,aji_20,0.01,TI,pair-2,dr1,18,trajectory,other
PHATE,PHATE,PHATE,aji_30,0.013,TI,pair-2,dr1,18,trajectory,other
PHATE,PHATE,PHATE,nkr_10,0.013,TI,pair-2,dr1,18,trajectory,other
PHATE,PHATE,PHATE,nkr_20,0.02,TI,pair-2,dr1,18,trajectory,other
PHATE,PHATE,PHATE,nkr_30,0.026,TI,pair-2,dr1,18,trajectory,other
PHATE,PHATE,PHATE,Mrre_missing_10,0.87,TI,pair-3,dr3,18,trajectory,other
PHATE,PHATE,PHATE,Mrre_missing_20,0.857,TI,pair-3,dr3,18,trajectory,other
PHATE,PHATE,PHATE,Mrre_missing_30,0.848,TI,pair-3,dr3,18,trajectory,other
PHATE,PHATE,PHATE,aji_10,0.008,TI,pair-3,dr1,18,trajectory,other
PHATE,PHATE,PHATE,aji_20,0.012,TI,pair-3,dr1,18,trajectory,other
PHATE,PHATE,PHATE,aji_30,0.016,TI,pair-3,dr1,18,trajectory,other
PHATE,PHATE,PHATE,nkr_10,0.017,TI,pair-3,dr1,18,trajectory,other
PHATE,PHATE,PHATE,nkr_20,0.026,TI,pair-3,dr1,18,trajectory,other
PHATE,PHATE,PHATE,nkr_30,0.032,TI,pair-3,dr1,18,trajectory,other
PHATE,PHATE,PHATE,Mrre_missing_10,0.837,TI,pair-4,dr3,18,trajectory,other
PHATE,PHATE,PHATE,Mrre_missing_20,0.827,TI,pair-4,dr3,18,trajectory,other
PHATE,PHATE,PHATE,Mrre_missing_30,0.821,TI,pair-4,dr3,18,trajectory,other
PHATE,PHATE,PHATE,aji_10,0.005,TI,pair-4,dr1,18,trajectory,other
PHATE,PHATE,PHATE,aji_20,0.008,TI,pair-4,dr1,18,trajectory,other
PHATE,PHATE,PHATE,aji_30,0.01,TI,pair-4,dr1,18,trajectory,other
PHATE,PHATE,PHATE,nkr_10,0.011,TI,pair-4,dr1,18,trajectory,other
PHATE,PHATE,PHATE,nkr_20,0.016,TI,pair-4,dr1,18,trajectory,other
PHATE,PHATE,PHATE,nkr_30,0.021,TI,pair-4,dr1,18,trajectory,other
PHATE,PHATE,PHATE,Mrre_missing_10,0.865,TI,parenchyme,dr3,18,trajectory,other
PHATE,PHATE,PHATE,Mrre_missing_20,0.856,TI,parenchyme,dr3,18,trajectory,other
PHATE,PHATE,PHATE,Mrre_missing_30,0.85,TI,parenchyme,dr3,18,trajectory,other
PHATE,PHATE,PHATE,aji_10,0.018,TI,parenchyme,dr1,18,trajectory,other
PHATE,PHATE,PHATE,aji_20,0.03,TI,parenchyme,dr1,18,trajectory,other
PHATE,PHATE,PHATE,aji_30,0.041,TI,parenchyme,dr1,18,trajectory,other
PHATE,PHATE,PHATE,nkr_10,0.038,TI,parenchyme,dr1,18,trajectory,other
PHATE,PHATE,PHATE,nkr_20,0.061,TI,parenchyme,dr1,18,trajectory,other
PHATE,PHATE,PHATE,nkr_30,0.08,TI,parenchyme,dr1,18,trajectory,other
PHATE,PHATE,PHATE,Mrre_missing_10,0.866,TI,phagocyte,dr3,18,trajectory,other
PHATE,PHATE,PHATE,Mrre_missing_20,0.854,TI,phagocyte,dr3,18,trajectory,other
PHATE,PHATE,PHATE,Mrre_missing_30,0.846,TI,phagocyte,dr3,18,trajectory,other
PHATE,PHATE,PHATE,aji_10,0.051,TI,phagocyte,dr1,18,trajectory,other
PHATE,PHATE,PHATE,aji_20,0.074,TI,phagocyte,dr1,18,trajectory,other
PHATE,PHATE,PHATE,aji_30,0.095,TI,phagocyte,dr1,18,trajectory,other
PHATE,PHATE,PHATE,nkr_10,0.107,TI,phagocyte,dr1,18,trajectory,other
PHATE,PHATE,PHATE,nkr_20,0.145,TI,phagocyte,dr1,18,trajectory,other
PHATE,PHATE,PHATE,nkr_30,0.181,TI,phagocyte,dr1,18,trajectory,other
PHATE,PHATE,PHATE,Mrre_missing_10,0.827,TI,pharynx,dr3,18,trajectory,other
PHATE,PHATE,PHATE,Mrre_missing_20,0.81,TI,pharynx,dr3,18,trajectory,other
PHATE,PHATE,PHATE,Mrre_missing_30,0.801,TI,pharynx,dr3,18,trajectory,other
PHATE,PHATE,PHATE,aji_10,0.07,TI,pharynx,dr1,18,trajectory,other
PHATE,PHATE,PHATE,aji_20,0.099,TI,pharynx,dr1,18,trajectory,other
PHATE,PHATE,PHATE,aji_30,0.122,TI,pharynx,dr1,18,trajectory,other
PHATE,PHATE,PHATE,nkr_10,0.144,TI,pharynx,dr1,18,trajectory,other
PHATE,PHATE,PHATE,nkr_20,0.195,TI,pharynx,dr1,18,trajectory,other
PHATE,PHATE,PHATE,nkr_30,0.232,TI,pharynx,dr1,18,trajectory,other
PHATE,PHATE,PHATE,Mrre_missing_10,0.848,TI,trophectoderm,dr3,18,trajectory,other
PHATE,PHATE,PHATE,Mrre_missing_20,0.837,TI,trophectoderm,dr3,18,trajectory,other
PHATE,PHATE,PHATE,Mrre_missing_30,0.826,TI,trophectoderm,dr3,18,trajectory,other
PHATE,PHATE,PHATE,aji_10,0.247,TI,trophectoderm,dr1,18,trajectory,other
PHATE,PHATE,PHATE,aji_20,0.437,TI,trophectoderm,dr1,18,trajectory,other
PHATE,PHATE,PHATE,aji_30,0.5,TI,trophectoderm,dr1,18,trajectory,other
PHATE,PHATE,PHATE,nkr_10,0.418,TI,trophectoderm,dr1,18,trajectory,other
PHATE,PHATE,PHATE,nkr_20,0.612,TI,trophectoderm,dr1,18,trajectory,other
PHATE,PHATE,PHATE,nkr_30,0.691,TI,trophectoderm,dr1,18,trajectory,other
PHATE,PHATE,PHATE,Mrre_missing_10,0.973,VASC,Baron,dr3,18,VASC,other
PHATE,PHATE,PHATE,Mrre_missing_20,0.971,VASC,Baron,dr3,18,VASC,other
PHATE,PHATE,PHATE,Mrre_missing_30,0.969,VASC,Baron,dr3,18,VASC,other
PHATE,PHATE,PHATE,aji_10,0.048,VASC,Baron,dr1,18,VASC,other
PHATE,PHATE,PHATE,aji_20,0.071,VASC,Baron,dr1,18,VASC,other
PHATE,PHATE,PHATE,aji_30,0.087,VASC,Baron,dr1,18,VASC,other
PHATE,PHATE,PHATE,nkr_10,0.096,VASC,Baron,dr1,18,VASC,other
PHATE,PHATE,PHATE,nkr_20,0.134,VASC,Baron,dr1,18,VASC,other
PHATE,PHATE,PHATE,nkr_30,0.161,VASC,Baron,dr1,18,VASC,other
PHATE,PHATE,PHATE,Mrre_missing_10,0.925,VASC,Biase,dr3,18,VASC,other
PHATE,PHATE,PHATE,Mrre_missing_20,0.914,VASC,Biase,dr3,18,VASC,other
PHATE,PHATE,PHATE,Mrre_missing_30,0.9,VASC,Biase,dr3,18,VASC,other
PHATE,PHATE,PHATE,aji_10,0.477,VASC,Biase,dr1,18,VASC,other
PHATE,PHATE,PHATE,aji_20,0.78,VASC,Biase,dr1,18,VASC,other
PHATE,PHATE,PHATE,aji_30,0.646,VASC,Biase,dr1,18,VASC,other
PHATE,PHATE,PHATE,nkr_10,0.704,VASC,Biase,dr1,18,VASC,other
PHATE,PHATE,PHATE,nkr_20,0.928,VASC,Biase,dr1,18,VASC,other
PHATE,PHATE,PHATE,nkr_30,0.821,VASC,Biase,dr1,18,VASC,other
PHATE,PHATE,PHATE,Mrre_missing_10,0.953,VASC,Goolam,dr3,18,VASC,other
PHATE,PHATE,PHATE,Mrre_missing_20,0.937,VASC,Goolam,dr3,18,VASC,other
PHATE,PHATE,PHATE,Mrre_missing_30,0.919,VASC,Goolam,dr3,18,VASC,other
PHATE,PHATE,PHATE,aji_10,0.399,VASC,Goolam,dr1,18,VASC,other
PHATE,PHATE,PHATE,aji_20,0.469,VASC,Goolam,dr1,18,VASC,other
PHATE,PHATE,PHATE,aji_30,0.497,VASC,Goolam,dr1,18,VASC,other
PHATE,PHATE,PHATE,nkr_10,0.606,VASC,Goolam,dr1,18,VASC,other
PHATE,PHATE,PHATE,nkr_20,0.666,VASC,Goolam,dr1,18,VASC,other
PHATE,PHATE,PHATE,nkr_30,0.687,VASC,Goolam,dr1,18,VASC,other
PHATE,PHATE,PHATE,Mrre_missing_10,0.793,VASC,Xin,dr3,18,VASC,other
PHATE,PHATE,PHATE,Mrre_missing_20,0.787,VASC,Xin,dr3,18,VASC,other
PHATE,PHATE,PHATE,Mrre_missing_30,0.783,VASC,Xin,dr3,18,VASC,other
PHATE,PHATE,PHATE,aji_10,0.024,VASC,Xin,dr1,18,VASC,other
PHATE,PHATE,PHATE,aji_20,0.036,VASC,Xin,dr1,18,VASC,other
PHATE,PHATE,PHATE,aji_30,0.047,VASC,Xin,dr1,18,VASC,other
PHATE,PHATE,PHATE,nkr_10,0.048,VASC,Xin,dr1,18,VASC,other
PHATE,PHATE,PHATE,nkr_20,0.07,VASC,Xin,dr1,18,VASC,other
PHATE,PHATE,PHATE,nkr_30,0.089,VASC,Xin,dr1,18,VASC,other
PHATE,PHATE,PHATE,Mrre_missing_10,0.94,VASC,Zeisel,dr3,18,VASC,other
PHATE,PHATE,PHATE,Mrre_missing_20,0.934,VASC,Zeisel,dr3,18,VASC,other
PHATE,PHATE,PHATE,Mrre_missing_30,0.93,VASC,Zeisel,dr3,18,VASC,other
PHATE,PHATE,PHATE,aji_10,0.069,VASC,Zeisel,dr1,18,VASC,other
PHATE,PHATE,PHATE,aji_20,0.098,VASC,Zeisel,dr1,18,VASC,other
PHATE,PHATE,PHATE,aji_30,0.115,VASC,Zeisel,dr1,18,VASC,other
PHATE,PHATE,PHATE,nkr_10,0.137,VASC,Zeisel,dr1,18,VASC,other
PHATE,PHATE,PHATE,nkr_20,0.18,VASC,Zeisel,dr1,18,VASC,other
PHATE,PHATE,PHATE,nkr_30,0.206,VASC,Zeisel,dr1,18,VASC,other
PHATE,PHATE,PHATE,Mrre_missing_10,0.955,VASC,yan,dr3,18,VASC,other
PHATE,PHATE,PHATE,Mrre_missing_20,0.945,VASC,yan,dr3,18,VASC,other
PHATE,PHATE,PHATE,Mrre_missing_30,0.938,VASC,yan,dr3,18,VASC,other
PHATE,PHATE,PHATE,aji_10,0.51,VASC,yan,dr1,18,VASC,other
PHATE,PHATE,PHATE,aji_20,0.674,VASC,yan,dr1,18,VASC,other
PHATE,PHATE,PHATE,aji_30,0.804,VASC,yan,dr1,18,VASC,other
PHATE,PHATE,PHATE,nkr_10,0.717,VASC,yan,dr1,18,VASC,other
PHATE,PHATE,PHATE,nkr_20,0.802,VASC,yan,dr1,18,VASC,other
PHATE,PHATE,PHATE,nkr_30,0.918,VASC,yan,dr1,18,VASC,other
PHATE,PHATE,PHATE,Mrre_missing_10,0.902,benchmarker,Baron_mouse,dr3,18,curated,other
PHATE,PHATE,PHATE,Mrre_missing_20,0.897,benchmarker,Baron_mouse,dr3,18,curated,other
PHATE,PHATE,PHATE,Mrre_missing_30,0.893,benchmarker,Baron_mouse,dr3,18,curated,other
PHATE,PHATE,PHATE,aji_10,0.056,benchmarker,Baron_mouse,dr1,18,curated,other
PHATE,PHATE,PHATE,aji_20,0.087,benchmarker,Baron_mouse,dr1,18,curated,other
PHATE,PHATE,PHATE,aji_30,0.113,benchmarker,Baron_mouse,dr1,18,curated,other
PHATE,PHATE,PHATE,nkr_10,0.108,benchmarker,Baron_mouse,dr1,18,curated,other
PHATE,PHATE,PHATE,nkr_20,0.154,benchmarker,Baron_mouse,dr1,18,curated,other
PHATE,PHATE,PHATE,nkr_30,0.191,benchmarker,Baron_mouse,dr1,18,curated,other
PHATE,PHATE,PHATE,Mrre_missing_10,0.923,benchmarker,Darmanis,dr3,18,curated,other
PHATE,PHATE,PHATE,Mrre_missing_20,0.916,benchmarker,Darmanis,dr3,18,curated,other
PHATE,PHATE,PHATE,Mrre_missing_30,0.911,benchmarker,Darmanis,dr3,18,curated,other
PHATE,PHATE,PHATE,aji_10,0.151,benchmarker,Darmanis,dr1,18,curated,other
PHATE,PHATE,PHATE,aji_20,0.234,benchmarker,Darmanis,dr1,18,curated,other
PHATE,PHATE,PHATE,aji_30,0.305,benchmarker,Darmanis,dr1,18,curated,other
PHATE,PHATE,PHATE,nkr_10,0.276,benchmarker,Darmanis,dr1,18,curated,other
PHATE,PHATE,PHATE,nkr_20,0.381,benchmarker,Darmanis,dr1,18,curated,other
PHATE,PHATE,PHATE,nkr_30,0.459,benchmarker,Darmanis,dr1,18,curated,other
PHATE,PHATE,PHATE,Mrre_missing_10,0.717,benchmarker,Pancreatic,dr3,18,curated,other
PHATE,PHATE,PHATE,Mrre_missing_20,0.707,benchmarker,Pancreatic,dr3,18,curated,other
PHATE,PHATE,PHATE,Mrre_missing_30,0.689,benchmarker,Pancreatic,dr3,18,curated,other
PHATE,PHATE,PHATE,aji_10,0.316,benchmarker,Pancreatic,dr1,18,curated,other
PHATE,PHATE,PHATE,aji_20,0.38,benchmarker,Pancreatic,dr1,18,curated,other
PHATE,PHATE,PHATE,aji_30,0.526,benchmarker,Pancreatic,dr1,18,curated,other
PHATE,PHATE,PHATE,nkr_10,0.467,benchmarker,Pancreatic,dr1,18,curated,other
PHATE,PHATE,PHATE,nkr_20,0.55,benchmarker,Pancreatic,dr1,18,curated,other
PHATE,PHATE,PHATE,nkr_30,0.691,benchmarker,Pancreatic,dr1,18,curated,other
PHATE,PHATE,PHATE,Mrre_missing_10,0.877,benchmarker,Silver,dr3,18,curated,other
PHATE,PHATE,PHATE,Mrre_missing_20,0.875,benchmarker,Silver,dr3,18,curated,other
PHATE,PHATE,PHATE,Mrre_missing_30,0.873,benchmarker,Silver,dr3,18,curated,other
PHATE,PHATE,PHATE,aji_10,0.023,benchmarker,Silver,dr1,18,curated,other
PHATE,PHATE,PHATE,aji_20,0.038,benchmarker,Silver,dr1,18,curated,other
PHATE,PHATE,PHATE,aji_30,0.051,benchmarker,Silver,dr1,18,curated,other
PHATE,PHATE,PHATE,nkr_10,0.043,benchmarker,Silver,dr1,18,curated,other
PHATE,PHATE,PHATE,nkr_20,0.07,benchmarker,Silver,dr1,18,curated,other
PHATE,PHATE,PHATE,nkr_30,0.092,benchmarker,Silver,dr1,18,curated,other
PHATE,PHATE,PHATE,Mrre_missing_10,0.867,benchmarker,Zhengmix4eq,dr3,18,curated,other
PHATE,PHATE,PHATE,Mrre_missing_20,0.862,benchmarker,Zhengmix4eq,dr3,18,curated,other
PHATE,PHATE,PHATE,Mrre_missing_30,0.86,benchmarker,Zhengmix4eq,dr3,18,curated,other
PHATE,PHATE,PHATE,aji_10,0.012,benchmarker,Zhengmix4eq,dr1,18,curated,other
PHATE,PHATE,PHATE,aji_20,0.02,benchmarker,Zhengmix4eq,dr1,18,curated,other
PHATE,PHATE,PHATE,aji_30,0.028,benchmarker,Zhengmix4eq,dr1,18,curated,other
PHATE,PHATE,PHATE,nkr_10,0.024,benchmarker,Zhengmix4eq,dr1,18,curated,other
PHATE,PHATE,PHATE,nkr_20,0.036,benchmarker,Zhengmix4eq,dr1,18,curated,other
PHATE,PHATE,PHATE,nkr_30,0.049,benchmarker,Zhengmix4eq,dr1,18,curated,other
PHATE,PHATE,PHATE,Mrre_missing_10,0.986,scDesign3,ACINAR,dr3,18,scDesign3,other
PHATE,PHATE,PHATE,Mrre_missing_20,0.982,scDesign3,ACINAR,dr3,18,scDesign3,other
PHATE,PHATE,PHATE,Mrre_missing_30,0.98,scDesign3,ACINAR,dr3,18,scDesign3,other
PHATE,PHATE,PHATE,aji_10,0.118,scDesign3,ACINAR,dr1,18,scDesign3,other
PHATE,PHATE,PHATE,aji_20,0.152,scDesign3,ACINAR,dr1,18,scDesign3,other
PHATE,PHATE,PHATE,aji_30,0.177,scDesign3,ACINAR,dr1,18,scDesign3,other
PHATE,PHATE,PHATE,nkr_10,0.243,scDesign3,ACINAR,dr1,18,scDesign3,other
PHATE,PHATE,PHATE,nkr_20,0.286,scDesign3,ACINAR,dr1,18,scDesign3,other
PHATE,PHATE,PHATE,nkr_30,0.315,scDesign3,ACINAR,dr1,18,scDesign3,other
PHATE,PHATE,PHATE,Mrre_missing_10,0.848,scDesign3,ATAC,dr3,18,scDesign3,other
PHATE,PHATE,PHATE,Mrre_missing_20,0.844,scDesign3,ATAC,dr3,18,scDesign3,other
PHATE,PHATE,PHATE,Mrre_missing_30,0.842,scDesign3,ATAC,dr3,18,scDesign3,other
PHATE,PHATE,PHATE,aji_10,0.006,scDesign3,ATAC,dr1,18,scDesign3,other
PHATE,PHATE,PHATE,aji_20,0.009,scDesign3,ATAC,dr1,18,scDesign3,other
PHATE,PHATE,PHATE,aji_30,0.013,scDesign3,ATAC,dr1,18,scDesign3,other
PHATE,PHATE,PHATE,nkr_10,0.011,scDesign3,ATAC,dr1,18,scDesign3,other
PHATE,PHATE,PHATE,nkr_20,0.019,scDesign3,ATAC,dr1,18,scDesign3,other
PHATE,PHATE,PHATE,nkr_30,0.025,scDesign3,ATAC,dr1,18,scDesign3,other
PHATE,PHATE,PHATE,Mrre_missing_10,0.989,scDesign3,BATCH,dr3,18,scDesign3,other
PHATE,PHATE,PHATE,Mrre_missing_20,0.988,scDesign3,BATCH,dr3,18,scDesign3,other
PHATE,PHATE,PHATE,Mrre_missing_30,0.986,scDesign3,BATCH,dr3,18,scDesign3,other
PHATE,PHATE,PHATE,aji_10,0.094,scDesign3,BATCH,dr1,18,scDesign3,other
PHATE,PHATE,PHATE,aji_20,0.134,scDesign3,BATCH,dr1,18,scDesign3,other
PHATE,PHATE,PHATE,aji_30,0.162,scDesign3,BATCH,dr1,18,scDesign3,other
PHATE,PHATE,PHATE,nkr_10,0.185,scDesign3,BATCH,dr1,18,scDesign3,other
PHATE,PHATE,PHATE,nkr_20,0.245,scDesign3,BATCH,dr1,18,scDesign3,other
PHATE,PHATE,PHATE,nkr_30,0.285,scDesign3,BATCH,dr1,18,scDesign3,other
PHATE,PHATE,PHATE,Mrre_missing_10,0.993,scDesign3,CITE,dr3,18,scDesign3,other
PHATE,PHATE,PHATE,Mrre_missing_20,0.991,scDesign3,CITE,dr3,18,scDesign3,other
PHATE,PHATE,PHATE,Mrre_missing_30,0.989,scDesign3,CITE,dr3,18,scDesign3,other
PHATE,PHATE,PHATE,aji_10,0.149,scDesign3,CITE,dr1,18,scDesign3,other
PHATE,PHATE,PHATE,aji_20,0.167,scDesign3,CITE,dr1,18,scDesign3,other
PHATE,PHATE,PHATE,aji_30,0.179,scDesign3,CITE,dr1,18,scDesign3,other
PHATE,PHATE,PHATE,nkr_10,0.296,scDesign3,CITE,dr1,18,scDesign3,other
PHATE,PHATE,PHATE,nkr_20,0.305,scDesign3,CITE,dr1,18,scDesign3,other
PHATE,PHATE,PHATE,nkr_30,0.314,scDesign3,CITE,dr1,18,scDesign3,other
PHATE,PHATE,PHATE,Mrre_missing_10,0.969,scDesign3,EMBYRO,dr3,18,scDesign3,other
PHATE,PHATE,PHATE,Mrre_missing_20,0.96,scDesign3,EMBYRO,dr3,18,scDesign3,other
PHATE,PHATE,PHATE,Mrre_missing_30,0.955,scDesign3,EMBYRO,dr3,18,scDesign3,other
PHATE,PHATE,PHATE,aji_10,0.128,scDesign3,EMBYRO,dr1,18,scDesign3,other
PHATE,PHATE,PHATE,aji_20,0.164,scDesign3,EMBYRO,dr1,18,scDesign3,other
PHATE,PHATE,PHATE,aji_30,0.186,scDesign3,EMBYRO,dr1,18,scDesign3,other
PHATE,PHATE,PHATE,nkr_10,0.258,scDesign3,EMBYRO,dr1,18,scDesign3,other
PHATE,PHATE,PHATE,nkr_20,0.295,scDesign3,EMBYRO,dr1,18,scDesign3,other
PHATE,PHATE,PHATE,nkr_30,0.32,scDesign3,EMBYRO,dr1,18,scDesign3,other
PHATE,PHATE,PHATE,Mrre_missing_10,0.985,scDesign3,IFNB,dr3,18,scDesign3,other
PHATE,PHATE,PHATE,Mrre_missing_20,0.983,scDesign3,IFNB,dr3,18,scDesign3,other
PHATE,PHATE,PHATE,Mrre_missing_30,0.982,scDesign3,IFNB,dr3,18,scDesign3,other
PHATE,PHATE,PHATE,aji_10,0.06,scDesign3,IFNB,dr1,18,scDesign3,other
PHATE,PHATE,PHATE,aji_20,0.081,scDesign3,IFNB,dr1,18,scDesign3,other
PHATE,PHATE,PHATE,aji_30,0.097,scDesign3,IFNB,dr1,18,scDesign3,other
PHATE,PHATE,PHATE,nkr_10,0.122,scDesign3,IFNB,dr1,18,scDesign3,other
PHATE,PHATE,PHATE,nkr_20,0.156,scDesign3,IFNB,dr1,18,scDesign3,other
PHATE,PHATE,PHATE,nkr_30,0.178,scDesign3,IFNB,dr1,18,scDesign3,other
PHATE,PHATE,PHATE,Mrre_missing_10,0.976,scDesign3,MARROW,dr3,18,scDesign3,other
PHATE,PHATE,PHATE,Mrre_missing_20,0.974,scDesign3,MARROW,dr3,18,scDesign3,other
PHATE,PHATE,PHATE,Mrre_missing_30,0.972,scDesign3,MARROW,dr3,18,scDesign3,other
PHATE,PHATE,PHATE,aji_10,0.077,scDesign3,MARROW,dr1,18,scDesign3,other
PHATE,PHATE,PHATE,aji_20,0.118,scDesign3,MARROW,dr1,18,scDesign3,other
PHATE,PHATE,PHATE,aji_30,0.149,scDesign3,MARROW,dr1,18,scDesign3,other
PHATE,PHATE,PHATE,nkr_10,0.157,scDesign3,MARROW,dr1,18,scDesign3,other
PHATE,PHATE,PHATE,nkr_20,0.221,scDesign3,MARROW,dr1,18,scDesign3,other
PHATE,PHATE,PHATE,nkr_30,0.265,scDesign3,MARROW,dr1,18,scDesign3,other
PHATE,PHATE,PHATE,Mrre_missing_10,0.907,scDesign3,MOBSC,dr3,18,scDesign3,other
PHATE,PHATE,PHATE,Mrre_missing_20,0.903,scDesign3,MOBSC,dr3,18,scDesign3,other
PHATE,PHATE,PHATE,Mrre_missing_30,0.901,scDesign3,MOBSC,dr3,18,scDesign3,other
PHATE,PHATE,PHATE,aji_10,0.009,scDesign3,MOBSC,dr1,18,scDesign3,other
PHATE,PHATE,PHATE,aji_20,0.015,scDesign3,MOBSC,dr1,18,scDesign3,other
PHATE,PHATE,PHATE,aji_30,0.02,scDesign3,MOBSC,dr1,18,scDesign3,other
PHATE,PHATE,PHATE,nkr_10,0.017,scDesign3,MOBSC,dr1,18,scDesign3,other
PHATE,PHATE,PHATE,nkr_20,0.029,scDesign3,MOBSC,dr1,18,scDesign3,other
PHATE,PHATE,PHATE,nkr_30,0.038,scDesign3,MOBSC,dr1,18,scDesign3,other
PHATE,PHATE,PHATE,Mrre_missing_10,0.983,scDesign3,OVARIAN,dr3,18,scDesign3,other
PHATE,PHATE,PHATE,Mrre_missing_20,0.979,scDesign3,OVARIAN,dr3,18,scDesign3,other
PHATE,PHATE,PHATE,Mrre_missing_30,0.977,scDesign3,OVARIAN,dr3,18,scDesign3,other
PHATE,PHATE,PHATE,aji_10,0.106,scDesign3,OVARIAN,dr1,18,scDesign3,other
PHATE,PHATE,PHATE,aji_20,0.131,scDesign3,OVARIAN,dr1,18,scDesign3,other
PHATE,PHATE,PHATE,aji_30,0.15,scDesign3,OVARIAN,dr1,18,scDesign3,other
PHATE,PHATE,PHATE,nkr_10,0.218,scDesign3,OVARIAN,dr1,18,scDesign3,other
PHATE,PHATE,PHATE,nkr_20,0.249,scDesign3,OVARIAN,dr1,18,scDesign3,other
PHATE,PHATE,PHATE,nkr_30,0.272,scDesign3,OVARIAN,dr1,18,scDesign3,other
PHATE,PHATE,PHATE,Mrre_missing_10,0.974,scDesign3,PANCREAS,dr3,18,scDesign3,other
PHATE,PHATE,PHATE,Mrre_missing_20,0.971,scDesign3,PANCREAS,dr3,18,scDesign3,other
PHATE,PHATE,PHATE,Mrre_missing_30,0.969,scDesign3,PANCREAS,dr3,18,scDesign3,other
PHATE,PHATE,PHATE,aji_10,0.1,scDesign3,PANCREAS,dr1,18,scDesign3,other
PHATE,PHATE,PHATE,aji_20,0.137,scDesign3,PANCREAS,dr1,18,scDesign3,other
PHATE,PHATE,PHATE,aji_30,0.165,scDesign3,PANCREAS,dr1,18,scDesign3,other
PHATE,PHATE,PHATE,nkr_10,0.203,scDesign3,PANCREAS,dr1,18,scDesign3,other
PHATE,PHATE,PHATE,nkr_20,0.256,scDesign3,PANCREAS,dr1,18,scDesign3,other
PHATE,PHATE,PHATE,nkr_30,0.295,scDesign3,PANCREAS,dr1,18,scDesign3,other
PHATE,PHATE,PHATE,Mrre_missing_10,0.898,scDesign3,SCGEMMETH,dr3,18,scDesign3,other
PHATE,PHATE,PHATE,Mrre_missing_20,0.891,scDesign3,SCGEMMETH,dr3,18,scDesign3,other
PHATE,PHATE,PHATE,Mrre_missing_30,0.886,scDesign3,SCGEMMETH,dr3,18,scDesign3,other
PHATE,PHATE,PHATE,aji_10,0.184,scDesign3,SCGEMMETH,dr1,18,scDesign3,other
PHATE,PHATE,PHATE,aji_20,0.321,scDesign3,SCGEMMETH,dr1,18,scDesign3,other
PHATE,PHATE,PHATE,aji_30,0.426,scDesign3,SCGEMMETH,dr1,18,scDesign3,other
PHATE,PHATE,PHATE,nkr_10,0.344,scDesign3,SCGEMMETH,dr1,18,scDesign3,other
PHATE,PHATE,PHATE,nkr_20,0.493,scDesign3,SCGEMMETH,dr1,18,scDesign3,other
PHATE,PHATE,PHATE,nkr_30,0.605,scDesign3,SCGEMMETH,dr1,18,scDesign3,other
PHATE,PHATE,PHATE,Mrre_missing_10,0.945,scDesign3,SCGEMRNA,dr3,18,scDesign3,other
PHATE,PHATE,PHATE,Mrre_missing_20,0.935,scDesign3,SCGEMRNA,dr3,18,scDesign3,other
PHATE,PHATE,PHATE,Mrre_missing_30,0.929,scDesign3,SCGEMRNA,dr3,18,scDesign3,other
PHATE,PHATE,PHATE,aji_10,0.257,scDesign3,SCGEMRNA,dr1,18,scDesign3,other
PHATE,PHATE,PHATE,aji_20,0.365,scDesign3,SCGEMRNA,dr1,18,scDesign3,other
PHATE,PHATE,PHATE,aji_30,0.492,scDesign3,SCGEMRNA,dr1,18,scDesign3,other
PHATE,PHATE,PHATE,nkr_10,0.46,scDesign3,SCGEMRNA,dr1,18,scDesign3,other
PHATE,PHATE,PHATE,nkr_20,0.555,scDesign3,SCGEMRNA,dr1,18,scDesign3,other
PHATE,PHATE,PHATE,nkr_30,0.667,scDesign3,SCGEMRNA,dr1,18,scDesign3,other
PHATE,PHATE,PHATE,Mrre_missing_10,0.452,scDesign3,SCIATAC,dr3,18,scDesign3,other
PHATE,PHATE,PHATE,Mrre_missing_20,0.454,scDesign3,SCIATAC,dr3,18,scDesign3,other
PHATE,PHATE,PHATE,Mrre_missing_30,0.455,scDesign3,SCIATAC,dr3,18,scDesign3,other
PHATE,PHATE,PHATE,aji_10,0.002,scDesign3,SCIATAC,dr1,18,scDesign3,other
PHATE,PHATE,PHATE,aji_20,0.003,scDesign3,SCIATAC,dr1,18,scDesign3,other
PHATE,PHATE,PHATE,aji_30,0.005,scDesign3,SCIATAC,dr1,18,scDesign3,other
PHATE,PHATE,PHATE,nkr_10,0.003,scDesign3,SCIATAC,dr1,18,scDesign3,other
PHATE,PHATE,PHATE,nkr_20,0.006,scDesign3,SCIATAC,dr1,18,scDesign3,other
PHATE,PHATE,PHATE,nkr_30,0.01,scDesign3,SCIATAC,dr1,18,scDesign3,other
PHATE,PHATE,PHATE,Mrre_missing_10,0.851,scDesign3,SLIDE,dr3,18,scDesign3,other
PHATE,PHATE,PHATE,Mrre_missing_20,0.845,scDesign3,SLIDE,dr3,18,scDesign3,other
PHATE,PHATE,PHATE,Mrre_missing_30,0.841,scDesign3,SLIDE,dr3,18,scDesign3,other
PHATE,PHATE,PHATE,aji_10,0.006,scDesign3,SLIDE,dr1,18,scDesign3,other
PHATE,PHATE,PHATE,aji_20,0.009,scDesign3,SLIDE,dr1,18,scDesign3,other
PHATE,PHATE,PHATE,aji_30,0.011,scDesign3,SLIDE,dr1,18,scDesign3,other
PHATE,PHATE,PHATE,nkr_10,0.012,scDesign3,SLIDE,dr1,18,scDesign3,other
PHATE,PHATE,PHATE,nkr_20,0.017,scDesign3,SLIDE,dr1,18,scDesign3,other
PHATE,PHATE,PHATE,nkr_30,0.021,scDesign3,SLIDE,dr1,18,scDesign3,other
PHATE,PHATE,PHATE,Mrre_missing_10,0.986,scDesign3,VISIUM,dr3,18,scDesign3,other
PHATE,PHATE,PHATE,Mrre_missing_20,0.982,scDesign3,VISIUM,dr3,18,scDesign3,other
PHATE,PHATE,PHATE,Mrre_missing_30,0.979,scDesign3,VISIUM,dr3,18,scDesign3,other
PHATE,PHATE,PHATE,aji_10,0.142,scDesign3,VISIUM,dr1,18,scDesign3,other
PHATE,PHATE,PHATE,aji_20,0.169,scDesign3,VISIUM,dr1,18,scDesign3,other
PHATE,PHATE,PHATE,aji_30,0.186,scDesign3,VISIUM,dr1,18,scDesign3,other
PHATE,PHATE,PHATE,nkr_10,0.288,scDesign3,VISIUM,dr1,18,scDesign3,other
PHATE,PHATE,PHATE,nkr_20,0.311,scDesign3,VISIUM,dr1,18,scDesign3,other
PHATE,PHATE,PHATE,nkr_30,0.327,scDesign3,VISIUM,dr1,18,scDesign3,other
EDGE,EDGE,EDGE,Mrre_missing_10,0.853,SIMLR,Pollen,dr3,19,SIMLR,other
EDGE,EDGE,EDGE,Mrre_missing_20,0.843,SIMLR,Pollen,dr3,19,SIMLR,other
EDGE,EDGE,EDGE,Mrre_missing_30,0.825,SIMLR,Pollen,dr3,19,SIMLR,other
EDGE,EDGE,EDGE,aji_10,0.139,SIMLR,Pollen,dr1,19,SIMLR,other
EDGE,EDGE,EDGE,aji_20,0.28,SIMLR,Pollen,dr1,19,SIMLR,other
EDGE,EDGE,EDGE,aji_30,0.332,SIMLR,Pollen,dr1,19,SIMLR,other
EDGE,EDGE,EDGE,nkr_10,0.221,SIMLR,Pollen,dr1,19,SIMLR,other
EDGE,EDGE,EDGE,nkr_20,0.402,SIMLR,Pollen,dr1,19,SIMLR,other
EDGE,EDGE,EDGE,nkr_30,0.474,SIMLR,Pollen,dr1,19,SIMLR,other
EDGE,EDGE,EDGE,Mrre_missing_10,0.621,SIMLR,Usoskin,dr3,19,SIMLR,other
EDGE,EDGE,EDGE,Mrre_missing_20,0.615,SIMLR,Usoskin,dr3,19,SIMLR,other
EDGE,EDGE,EDGE,Mrre_missing_30,0.611,SIMLR,Usoskin,dr3,19,SIMLR,other
EDGE,EDGE,EDGE,aji_10,0.026,SIMLR,Usoskin,dr1,19,SIMLR,other
EDGE,EDGE,EDGE,aji_20,0.047,SIMLR,Usoskin,dr1,19,SIMLR,other
EDGE,EDGE,EDGE,aji_30,0.068,SIMLR,Usoskin,dr1,19,SIMLR,other
EDGE,EDGE,EDGE,nkr_10,0.043,SIMLR,Usoskin,dr1,19,SIMLR,other
EDGE,EDGE,EDGE,nkr_20,0.075,SIMLR,Usoskin,dr1,19,SIMLR,other
EDGE,EDGE,EDGE,nkr_30,0.105,SIMLR,Usoskin,dr1,19,SIMLR,other
EDGE,EDGE,EDGE,Mrre_missing_10,0.851,TI,DA1_horns,dr3,19,trajectory,other
EDGE,EDGE,EDGE,Mrre_missing_20,0.849,TI,DA1_horns,dr3,19,trajectory,other
EDGE,EDGE,EDGE,Mrre_missing_30,0.848,TI,DA1_horns,dr3,19,trajectory,other
EDGE,EDGE,EDGE,aji_10,0.1,TI,DA1_horns,dr1,19,trajectory,other
EDGE,EDGE,EDGE,aji_20,0.189,TI,DA1_horns,dr1,19,trajectory,other
EDGE,EDGE,EDGE,aji_30,0.281,TI,DA1_horns,dr1,19,trajectory,other
EDGE,EDGE,EDGE,nkr_10,0.174,TI,DA1_horns,dr1,19,trajectory,other
EDGE,EDGE,EDGE,nkr_20,0.316,TI,DA1_horns,dr1,19,trajectory,other
EDGE,EDGE,EDGE,nkr_30,0.429,TI,DA1_horns,dr1,19,trajectory,other
EDGE,EDGE,EDGE,Mrre_missing_10,0.886,TI,DC3_VA1d_horns,dr3,19,trajectory,other
EDGE,EDGE,EDGE,Mrre_missing_20,0.885,TI,DC3_VA1d_horns,dr3,19,trajectory,other
EDGE,EDGE,EDGE,Mrre_missing_30,0.882,TI,DC3_VA1d_horns,dr3,19,trajectory,other
EDGE,EDGE,EDGE,aji_10,0.184,TI,DC3_VA1d_horns,dr1,19,trajectory,other
EDGE,EDGE,EDGE,aji_20,0.339,TI,DC3_VA1d_horns,dr1,19,trajectory,other
EDGE,EDGE,EDGE,aji_30,0.492,TI,DC3_VA1d_horns,dr1,19,trajectory,other
EDGE,EDGE,EDGE,nkr_10,0.32,TI,DC3_VA1d_horns,dr1,19,trajectory,other
EDGE,EDGE,EDGE,nkr_20,0.505,TI,DC3_VA1d_horns,dr1,19,trajectory,other
EDGE,EDGE,EDGE,nkr_30,0.656,TI,DC3_VA1d_horns,dr1,19,trajectory,other
EDGE,EDGE,EDGE,Mrre_missing_10,0.936,TI,ICM,dr3,19,trajectory,other
EDGE,EDGE,EDGE,Mrre_missing_20,0.932,TI,ICM,dr3,19,trajectory,other
EDGE,EDGE,EDGE,Mrre_missing_30,0.928,TI,ICM,dr3,19,trajectory,other
EDGE,EDGE,EDGE,aji_10,0.233,TI,ICM,dr1,19,trajectory,other
EDGE,EDGE,EDGE,aji_20,0.397,TI,ICM,dr1,19,trajectory,other
EDGE,EDGE,EDGE,aji_30,0.558,TI,ICM,dr1,19,trajectory,other
EDGE,EDGE,EDGE,nkr_10,0.388,TI,ICM,dr1,19,trajectory,other
EDGE,EDGE,EDGE,nkr_20,0.573,TI,ICM,dr1,19,trajectory,other
EDGE,EDGE,EDGE,nkr_30,0.708,TI,ICM,dr1,19,trajectory,other
EDGE,EDGE,EDGE,Mrre_missing_10,0.95,TI,blastocyst,dr3,19,trajectory,other
EDGE,EDGE,EDGE,Mrre_missing_20,0.949,TI,blastocyst,dr3,19,trajectory,other
EDGE,EDGE,EDGE,Mrre_missing_30,0.947,TI,blastocyst,dr3,19,trajectory,other
EDGE,EDGE,EDGE,aji_10,0.233,TI,blastocyst,dr1,19,trajectory,other
EDGE,EDGE,EDGE,aji_20,0.381,TI,blastocyst,dr1,19,trajectory,other
EDGE,EDGE,EDGE,aji_30,0.54,TI,blastocyst,dr1,19,trajectory,other
EDGE,EDGE,EDGE,nkr_10,0.392,TI,blastocyst,dr1,19,trajectory,other
EDGE,EDGE,EDGE,nkr_20,0.564,TI,blastocyst,dr1,19,trajectory,other
EDGE,EDGE,EDGE,nkr_30,0.699,TI,blastocyst,dr1,19,trajectory,other
EDGE,EDGE,EDGE,Mrre_missing_10,0.623,TI,combination-1,dr3,19,trajectory,other
EDGE,EDGE,EDGE,Mrre_missing_20,0.626,TI,combination-1,dr3,19,trajectory,other
EDGE,EDGE,EDGE,Mrre_missing_30,0.627,TI,combination-1,dr3,19,trajectory,other
EDGE,EDGE,EDGE,aji_10,0.008,TI,combination-1,dr1,19,trajectory,other
EDGE,EDGE,EDGE,aji_20,0.014,TI,combination-1,dr1,19,trajectory,other
EDGE,EDGE,EDGE,aji_30,0.018,TI,combination-1,dr1,19,trajectory,other
EDGE,EDGE,EDGE,nkr_10,0.015,TI,combination-1,dr1,19,trajectory,other
EDGE,EDGE,EDGE,nkr_20,0.026,TI,combination-1,dr1,19,trajectory,other
EDGE,EDGE,EDGE,nkr_30,0.034,TI,combination-1,dr1,19,trajectory,other
EDGE,EDGE,EDGE,Mrre_missing_10,0.722,TI,combination-2,dr3,19,trajectory,other
EDGE,EDGE,EDGE,Mrre_missing_20,0.717,TI,combination-2,dr3,19,trajectory,other
EDGE,EDGE,EDGE,Mrre_missing_30,0.713,TI,combination-2,dr3,19,trajectory,other
EDGE,EDGE,EDGE,aji_10,0.008,TI,combination-2,dr1,19,trajectory,other
EDGE,EDGE,EDGE,aji_20,0.013,TI,combination-2,dr1,19,trajectory,other
EDGE,EDGE,EDGE,aji_30,0.019,TI,combination-2,dr1,19,trajectory,other
EDGE,EDGE,EDGE,nkr_10,0.016,TI,combination-2,dr1,19,trajectory,other
EDGE,EDGE,EDGE,nkr_20,0.026,TI,combination-2,dr1,19,trajectory,other
EDGE,EDGE,EDGE,nkr_30,0.036,TI,combination-2,dr1,19,trajectory,other
EDGE,EDGE,EDGE,Mrre_missing_10,0.773,TI,combination-3,dr3,19,trajectory,other
EDGE,EDGE,EDGE,Mrre_missing_20,0.766,TI,combination-3,dr3,19,trajectory,other
EDGE,EDGE,EDGE,Mrre_missing_30,0.761,TI,combination-3,dr3,19,trajectory,other
EDGE,EDGE,EDGE,aji_10,0.016,TI,combination-3,dr1,19,trajectory,other
EDGE,EDGE,EDGE,aji_20,0.028,TI,combination-3,dr1,19,trajectory,other
EDGE,EDGE,EDGE,aji_30,0.036,TI,combination-3,dr1,19,trajectory,other
EDGE,EDGE,EDGE,nkr_10,0.03,TI,combination-3,dr1,19,trajectory,other
EDGE,EDGE,EDGE,nkr_20,0.052,TI,combination-3,dr1,19,trajectory,other
EDGE,EDGE,EDGE,nkr_30,0.068,TI,combination-3,dr1,19,trajectory,other
EDGE,EDGE,EDGE,Mrre_missing_10,0.915,TI,epiblast,dr3,19,trajectory,other
EDGE,EDGE,EDGE,Mrre_missing_20,0.91,TI,epiblast,dr3,19,trajectory,other
EDGE,EDGE,EDGE,Mrre_missing_30,0.905,TI,epiblast,dr3,19,trajectory,other
EDGE,EDGE,EDGE,aji_10,0.25,TI,epiblast,dr1,19,trajectory,other
EDGE,EDGE,EDGE,aji_20,0.415,TI,epiblast,dr1,19,trajectory,other
EDGE,EDGE,EDGE,aji_30,0.556,TI,epiblast,dr1,19,trajectory,other
EDGE,EDGE,EDGE,nkr_10,0.412,TI,epiblast,dr1,19,trajectory,other
EDGE,EDGE,EDGE,nkr_20,0.589,TI,epiblast,dr1,19,trajectory,other
EDGE,EDGE,EDGE,nkr_30,0.709,TI,epiblast,dr1,19,trajectory,other
EDGE,EDGE,EDGE,Mrre_missing_10,0.552,TI,epidermis,dr3,19,trajectory,other
EDGE,EDGE,EDGE,Mrre_missing_20,0.553,TI,epidermis,dr3,19,trajectory,other
EDGE,EDGE,EDGE,Mrre_missing_30,0.554,TI,epidermis,dr3,19,trajectory,other
EDGE,EDGE,EDGE,aji_10,0.007,TI,epidermis,dr1,19,trajectory,other
EDGE,EDGE,EDGE,aji_20,0.011,TI,epidermis,dr1,19,trajectory,other
EDGE,EDGE,EDGE,aji_30,0.016,TI,epidermis,dr1,19,trajectory,other
EDGE,EDGE,EDGE,nkr_10,0.013,TI,epidermis,dr1,19,trajectory,other
EDGE,EDGE,EDGE,nkr_20,0.021,TI,epidermis,dr1,19,trajectory,other
EDGE,EDGE,EDGE,nkr_30,0.029,TI,epidermis,dr1,19,trajectory,other
EDGE,EDGE,EDGE,Mrre_missing_10,0.881,TI,horns,dr3,19,trajectory,other
EDGE,EDGE,EDGE,Mrre_missing_20,0.878,TI,horns,dr3,19,trajectory,other
EDGE,EDGE,EDGE,Mrre_missing_30,0.875,TI,horns,dr3,19,trajectory,other
EDGE,EDGE,EDGE,aji_10,0.094,TI,horns,dr1,19,trajectory,other
EDGE,EDGE,EDGE,aji_20,0.153,TI,horns,dr1,19,trajectory,other
EDGE,EDGE,EDGE,aji_30,0.202,TI,horns,dr1,19,trajectory,other
EDGE,EDGE,EDGE,nkr_10,0.163,TI,horns,dr1,19,trajectory,other
EDGE,EDGE,EDGE,nkr_20,0.265,TI,horns,dr1,19,trajectory,other
EDGE,EDGE,EDGE,nkr_30,0.337,TI,horns,dr1,19,trajectory,other
EDGE,EDGE,EDGE,Mrre_missing_10,0.554,TI,muscle,dr3,19,trajectory,other
EDGE,EDGE,EDGE,Mrre_missing_20,0.555,TI,muscle,dr3,19,trajectory,other
EDGE,EDGE,EDGE,Mrre_missing_30,0.556,TI,muscle,dr3,19,trajectory,other
EDGE,EDGE,EDGE,aji_10,0.006,TI,muscle,dr1,19,trajectory,other
EDGE,EDGE,EDGE,aji_20,0.012,TI,muscle,dr1,19,trajectory,other
EDGE,EDGE,EDGE,aji_30,0.017,TI,muscle,dr1,19,trajectory,other
EDGE,EDGE,EDGE,nkr_10,0.012,TI,muscle,dr1,19,trajectory,other
EDGE,EDGE,EDGE,nkr_20,0.023,TI,muscle,dr1,19,trajectory,other
EDGE,EDGE,EDGE,nkr_30,0.033,TI,muscle,dr1,19,trajectory,other
EDGE,EDGE,EDGE,Mrre_missing_10,0.607,TI,neuron,dr3,19,trajectory,other
EDGE,EDGE,EDGE,Mrre_missing_20,0.599,TI,neuron,dr3,19,trajectory,other
EDGE,EDGE,EDGE,Mrre_missing_30,0.595,TI,neuron,dr3,19,trajectory,other
EDGE,EDGE,EDGE,aji_10,0.006,TI,neuron,dr1,19,trajectory,other
EDGE,EDGE,EDGE,aji_20,0.01,TI,neuron,dr1,19,trajectory,other
EDGE,EDGE,EDGE,aji_30,0.014,TI,neuron,dr1,19,trajectory,other
EDGE,EDGE,EDGE,nkr_10,0.012,TI,neuron,dr1,19,trajectory,other
EDGE,EDGE,EDGE,nkr_20,0.02,TI,neuron,dr1,19,trajectory,other
EDGE,EDGE,EDGE,nkr_30,0.027,TI,neuron,dr1,19,trajectory,other
EDGE,EDGE,EDGE,Mrre_missing_10,0.685,TI,pair-1,dr3,19,trajectory,other
EDGE,EDGE,EDGE,Mrre_missing_20,0.685,TI,pair-1,dr3,19,trajectory,other
EDGE,EDGE,EDGE,Mrre_missing_30,0.685,TI,pair-1,dr3,19,trajectory,other
EDGE,EDGE,EDGE,aji_10,0.004,TI,pair-1,dr1,19,trajectory,other
EDGE,EDGE,EDGE,aji_20,0.006,TI,pair-1,dr1,19,trajectory,other
EDGE,EDGE,EDGE,aji_30,0.009,TI,pair-1,dr1,19,trajectory,other
EDGE,EDGE,EDGE,nkr_10,0.007,TI,pair-1,dr1,19,trajectory,other
EDGE,EDGE,EDGE,nkr_20,0.012,TI,pair-1,dr1,19,trajectory,other
EDGE,EDGE,EDGE,nkr_30,0.016,TI,pair-1,dr1,19,trajectory,other
EDGE,EDGE,EDGE,Mrre_missing_10,0.555,TI,pair-2,dr3,19,trajectory,other
EDGE,EDGE,EDGE,Mrre_missing_20,0.553,TI,pair-2,dr3,19,trajectory,other
EDGE,EDGE,EDGE,Mrre_missing_30,0.553,TI,pair-2,dr3,19,trajectory,other
EDGE,EDGE,EDGE,aji_10,0.002,TI,pair-2,dr1,19,trajectory,other
EDGE,EDGE,EDGE,aji_20,0.004,TI,pair-2,dr1,19,trajectory,other
EDGE,EDGE,EDGE,aji_30,0.005,TI,pair-2,dr1,19,trajectory,other
EDGE,EDGE,EDGE,nkr_10,0.005,TI,pair-2,dr1,19,trajectory,other
EDGE,EDGE,EDGE,nkr_20,0.008,TI,pair-2,dr1,19,trajectory,other
EDGE,EDGE,EDGE,nkr_30,0.011,TI,pair-2,dr1,19,trajectory,other
EDGE,EDGE,EDGE,Mrre_missing_10,0.638,TI,pair-3,dr3,19,trajectory,other
EDGE,EDGE,EDGE,Mrre_missing_20,0.637,TI,pair-3,dr3,19,trajectory,other
EDGE,EDGE,EDGE,Mrre_missing_30,0.637,TI,pair-3,dr3,19,trajectory,other
EDGE,EDGE,EDGE,aji_10,0.003,TI,pair-3,dr1,19,trajectory,other
EDGE,EDGE,EDGE,aji_20,0.005,TI,pair-3,dr1,19,trajectory,other
EDGE,EDGE,EDGE,aji_30,0.007,TI,pair-3,dr1,19,trajectory,other
EDGE,EDGE,EDGE,nkr_10,0.006,TI,pair-3,dr1,19,trajectory,other
EDGE,EDGE,EDGE,nkr_20,0.011,TI,pair-3,dr1,19,trajectory,other
EDGE,EDGE,EDGE,nkr_30,0.014,TI,pair-3,dr1,19,trajectory,other
EDGE,EDGE,EDGE,Mrre_missing_10,0.509,TI,pair-4,dr3,19,trajectory,other
EDGE,EDGE,EDGE,Mrre_missing_20,0.505,TI,pair-4,dr3,19,trajectory,other
EDGE,EDGE,EDGE,Mrre_missing_30,0.503,TI,pair-4,dr3,19,trajectory,other
EDGE,EDGE,EDGE,aji_10,0.002,TI,pair-4,dr1,19,trajectory,other
EDGE,EDGE,EDGE,aji_20,0.003,TI,pair-4,dr1,19,trajectory,other
EDGE,EDGE,EDGE,aji_30,0.005,TI,pair-4,dr1,19,trajectory,other
EDGE,EDGE,EDGE,nkr_10,0.004,TI,pair-4,dr1,19,trajectory,other
EDGE,EDGE,EDGE,nkr_20,0.006,TI,pair-4,dr1,19,trajectory,other
EDGE,EDGE,EDGE,nkr_30,0.009,TI,pair-4,dr1,19,trajectory,other
EDGE,EDGE,EDGE,Mrre_missing_10,0.759,TI,parenchyme,dr3,19,trajectory,other
EDGE,EDGE,EDGE,Mrre_missing_20,0.751,TI,parenchyme,dr3,19,trajectory,other
EDGE,EDGE,EDGE,Mrre_missing_30,0.745,TI,parenchyme,dr3,19,trajectory,other
EDGE,EDGE,EDGE,aji_10,0.014,TI,parenchyme,dr1,19,trajectory,other
EDGE,EDGE,EDGE,aji_20,0.023,TI,parenchyme,dr1,19,trajectory,other
EDGE,EDGE,EDGE,aji_30,0.032,TI,parenchyme,dr1,19,trajectory,other
EDGE,EDGE,EDGE,nkr_10,0.026,TI,parenchyme,dr1,19,trajectory,other
EDGE,EDGE,EDGE,nkr_20,0.044,TI,parenchyme,dr1,19,trajectory,other
EDGE,EDGE,EDGE,nkr_30,0.061,TI,parenchyme,dr1,19,trajectory,other
EDGE,EDGE,EDGE,Mrre_missing_10,0.732,TI,phagocyte,dr3,19,trajectory,other
EDGE,EDGE,EDGE,Mrre_missing_20,0.733,TI,phagocyte,dr3,19,trajectory,other
EDGE,EDGE,EDGE,Mrre_missing_30,0.732,TI,phagocyte,dr3,19,trajectory,other
EDGE,EDGE,EDGE,aji_10,0.038,TI,phagocyte,dr1,19,trajectory,other
EDGE,EDGE,EDGE,aji_20,0.062,TI,phagocyte,dr1,19,trajectory,other
EDGE,EDGE,EDGE,aji_30,0.081,TI,phagocyte,dr1,19,trajectory,other
EDGE,EDGE,EDGE,nkr_10,0.074,TI,phagocyte,dr1,19,trajectory,other
EDGE,EDGE,EDGE,nkr_20,0.113,TI,phagocyte,dr1,19,trajectory,other
EDGE,EDGE,EDGE,nkr_30,0.147,TI,phagocyte,dr1,19,trajectory,other
EDGE,EDGE,EDGE,Mrre_missing_10,0.544,TI,pharynx,dr3,19,trajectory,other
EDGE,EDGE,EDGE,Mrre_missing_20,0.55,TI,pharynx,dr3,19,trajectory,other
EDGE,EDGE,EDGE,Mrre_missing_30,0.551,TI,pharynx,dr3,19,trajectory,other
EDGE,EDGE,EDGE,aji_10,0.049,TI,pharynx,dr1,19,trajectory,other
EDGE,EDGE,EDGE,aji_20,0.079,TI,pharynx,dr1,19,trajectory,other
EDGE,EDGE,EDGE,aji_30,0.098,TI,pharynx,dr1,19,trajectory,other
EDGE,EDGE,EDGE,nkr_10,0.092,TI,pharynx,dr1,19,trajectory,other
EDGE,EDGE,EDGE,nkr_20,0.141,TI,pharynx,dr1,19,trajectory,other
EDGE,EDGE,EDGE,nkr_30,0.176,TI,pharynx,dr1,19,trajectory,other
EDGE,EDGE,EDGE,Mrre_missing_10,0.823,TI,trophectoderm,dr3,19,trajectory,other
EDGE,EDGE,EDGE,Mrre_missing_20,0.812,TI,trophectoderm,dr3,19,trajectory,other
EDGE,EDGE,EDGE,Mrre_missing_30,0.793,TI,trophectoderm,dr3,19,trajectory,other
EDGE,EDGE,EDGE,aji_10,0.266,TI,trophectoderm,dr1,19,trajectory,other
EDGE,EDGE,EDGE,aji_20,0.421,TI,trophectoderm,dr1,19,trajectory,other
EDGE,EDGE,EDGE,aji_30,0.472,TI,trophectoderm,dr1,19,trajectory,other
EDGE,EDGE,EDGE,nkr_10,0.433,TI,trophectoderm,dr1,19,trajectory,other
EDGE,EDGE,EDGE,nkr_20,0.593,TI,trophectoderm,dr1,19,trajectory,other
EDGE,EDGE,EDGE,nkr_30,0.664,TI,trophectoderm,dr1,19,trajectory,other
EDGE,EDGE,EDGE,Mrre_missing_10,0.939,VASC,Baron,dr3,19,VASC,other
EDGE,EDGE,EDGE,Mrre_missing_20,0.938,VASC,Baron,dr3,19,VASC,other
EDGE,EDGE,EDGE,Mrre_missing_30,0.937,VASC,Baron,dr3,19,VASC,other
EDGE,EDGE,EDGE,aji_10,0.027,VASC,Baron,dr1,19,VASC,other
EDGE,EDGE,EDGE,aji_20,0.046,VASC,Baron,dr1,19,VASC,other
EDGE,EDGE,EDGE,aji_30,0.062,VASC,Baron,dr1,19,VASC,other
EDGE,EDGE,EDGE,nkr_10,0.051,VASC,Baron,dr1,19,VASC,other
EDGE,EDGE,EDGE,nkr_20,0.084,VASC,Baron,dr1,19,VASC,other
EDGE,EDGE,EDGE,nkr_30,0.111,VASC,Baron,dr1,19,VASC,other
EDGE,EDGE,EDGE,Mrre_missing_10,0.87,VASC,Biase,dr3,19,VASC,other
EDGE,EDGE,EDGE,Mrre_missing_20,0.856,VASC,Biase,dr3,19,VASC,other
EDGE,EDGE,EDGE,Mrre_missing_30,0.84,VASC,Biase,dr3,19,VASC,other
EDGE,EDGE,EDGE,aji_10,0.369,VASC,Biase,dr1,19,VASC,other
EDGE,EDGE,EDGE,aji_20,0.646,VASC,Biase,dr1,19,VASC,other
EDGE,EDGE,EDGE,aji_30,0.656,VASC,Biase,dr1,19,VASC,other
EDGE,EDGE,EDGE,nkr_10,0.589,VASC,Biase,dr1,19,VASC,other
EDGE,EDGE,EDGE,nkr_20,0.827,VASC,Biase,dr1,19,VASC,other
EDGE,EDGE,EDGE,nkr_30,0.821,VASC,Biase,dr1,19,VASC,other
EDGE,EDGE,EDGE,Mrre_missing_10,0.943,VASC,Goolam,dr3,19,VASC,other
EDGE,EDGE,EDGE,Mrre_missing_20,0.929,VASC,Goolam,dr3,19,VASC,other
EDGE,EDGE,EDGE,Mrre_missing_30,0.916,VASC,Goolam,dr3,19,VASC,other
EDGE,EDGE,EDGE,aji_10,0.395,VASC,Goolam,dr1,19,VASC,other
EDGE,EDGE,EDGE,aji_20,0.526,VASC,Goolam,dr1,19,VASC,other
EDGE,EDGE,EDGE,aji_30,0.556,VASC,Goolam,dr1,19,VASC,other
EDGE,EDGE,EDGE,nkr_10,0.599,VASC,Goolam,dr1,19,VASC,other
EDGE,EDGE,EDGE,nkr_20,0.729,VASC,Goolam,dr1,19,VASC,other
EDGE,EDGE,EDGE,nkr_30,0.736,VASC,Goolam,dr1,19,VASC,other
EDGE,EDGE,EDGE,Mrre_missing_10,0.721,VASC,Xin,dr3,19,VASC,other
EDGE,EDGE,EDGE,Mrre_missing_20,0.717,VASC,Xin,dr3,19,VASC,other
EDGE,EDGE,EDGE,Mrre_missing_30,0.714,VASC,Xin,dr3,19,VASC,other
EDGE,EDGE,EDGE,aji_10,0.016,VASC,Xin,dr1,19,VASC,other
EDGE,EDGE,EDGE,aji_20,0.027,VASC,Xin,dr1,19,VASC,other
EDGE,EDGE,EDGE,aji_30,0.034,VASC,Xin,dr1,19,VASC,other
EDGE,EDGE,EDGE,nkr_10,0.031,VASC,Xin,dr1,19,VASC,other
EDGE,EDGE,EDGE,nkr_20,0.05,VASC,Xin,dr1,19,VASC,other
EDGE,EDGE,EDGE,nkr_30,0.066,VASC,Xin,dr1,19,VASC,other
EDGE,EDGE,EDGE,Mrre_missing_10,0.887,VASC,Zeisel,dr3,19,VASC,other
EDGE,EDGE,EDGE,Mrre_missing_20,0.885,VASC,Zeisel,dr3,19,VASC,other
EDGE,EDGE,EDGE,Mrre_missing_30,0.883,VASC,Zeisel,dr3,19,VASC,other
EDGE,EDGE,EDGE,aji_10,0.051,VASC,Zeisel,dr1,19,VASC,other
EDGE,EDGE,EDGE,aji_20,0.08,VASC,Zeisel,dr1,19,VASC,other
EDGE,EDGE,EDGE,aji_30,0.102,VASC,Zeisel,dr1,19,VASC,other
EDGE,EDGE,EDGE,nkr_10,0.094,VASC,Zeisel,dr1,19,VASC,other
EDGE,EDGE,EDGE,nkr_20,0.141,VASC,Zeisel,dr1,19,VASC,other
EDGE,EDGE,EDGE,nkr_30,0.175,VASC,Zeisel,dr1,19,VASC,other
EDGE,EDGE,EDGE,Mrre_missing_10,0.92,VASC,yan,dr3,19,VASC,other
EDGE,EDGE,EDGE,Mrre_missing_20,0.915,VASC,yan,dr3,19,VASC,other
EDGE,EDGE,EDGE,Mrre_missing_30,0.902,VASC,yan,dr3,19,VASC,other
EDGE,EDGE,EDGE,aji_10,0.43,VASC,yan,dr1,19,VASC,other
EDGE,EDGE,EDGE,aji_20,0.632,VASC,yan,dr1,19,VASC,other
EDGE,EDGE,EDGE,aji_30,0.715,VASC,yan,dr1,19,VASC,other
EDGE,EDGE,EDGE,nkr_10,0.611,VASC,yan,dr1,19,VASC,other
EDGE,EDGE,EDGE,nkr_20,0.788,VASC,yan,dr1,19,VASC,other
EDGE,EDGE,EDGE,nkr_30,0.869,VASC,yan,dr1,19,VASC,other
EDGE,EDGE,EDGE,Mrre_missing_10,0.746,benchmarker,Baron_mouse,dr3,19,curated,other
EDGE,EDGE,EDGE,Mrre_missing_20,0.742,benchmarker,Baron_mouse,dr3,19,curated,other
EDGE,EDGE,EDGE,Mrre_missing_30,0.74,benchmarker,Baron_mouse,dr3,19,curated,other
EDGE,EDGE,EDGE,aji_10,0.037,benchmarker,Baron_mouse,dr1,19,curated,other
EDGE,EDGE,EDGE,aji_20,0.063,benchmarker,Baron_mouse,dr1,19,curated,other
EDGE,EDGE,EDGE,aji_30,0.085,benchmarker,Baron_mouse,dr1,19,curated,other
EDGE,EDGE,EDGE,nkr_10,0.069,benchmarker,Baron_mouse,dr1,19,curated,other
EDGE,EDGE,EDGE,nkr_20,0.107,benchmarker,Baron_mouse,dr1,19,curated,other
EDGE,EDGE,EDGE,nkr_30,0.137,benchmarker,Baron_mouse,dr1,19,curated,other
EDGE,EDGE,EDGE,Mrre_missing_10,0.849,benchmarker,Darmanis,dr3,19,curated,other
EDGE,EDGE,EDGE,Mrre_missing_20,0.845,benchmarker,Darmanis,dr3,19,curated,other
EDGE,EDGE,EDGE,Mrre_missing_30,0.842,benchmarker,Darmanis,dr3,19,curated,other
EDGE,EDGE,EDGE,aji_10,0.13,benchmarker,Darmanis,dr1,19,curated,other
EDGE,EDGE,EDGE,aji_20,0.18,benchmarker,Darmanis,dr1,19,curated,other
EDGE,EDGE,EDGE,aji_30,0.233,benchmarker,Darmanis,dr1,19,curated,other
EDGE,EDGE,EDGE,nkr_10,0.219,benchmarker,Darmanis,dr1,19,curated,other
EDGE,EDGE,EDGE,nkr_20,0.3,benchmarker,Darmanis,dr1,19,curated,other
EDGE,EDGE,EDGE,nkr_30,0.362,benchmarker,Darmanis,dr1,19,curated,other
EDGE,EDGE,EDGE,Mrre_missing_10,0.692,benchmarker,Pancreatic,dr3,19,curated,other
EDGE,EDGE,EDGE,Mrre_missing_20,0.668,benchmarker,Pancreatic,dr3,19,curated,other
EDGE,EDGE,EDGE,Mrre_missing_30,0.643,benchmarker,Pancreatic,dr3,19,curated,other
EDGE,EDGE,EDGE,aji_10,0.247,benchmarker,Pancreatic,dr1,19,curated,other
EDGE,EDGE,EDGE,aji_20,0.335,benchmarker,Pancreatic,dr1,19,curated,other
EDGE,EDGE,EDGE,aji_30,0.423,benchmarker,Pancreatic,dr1,19,curated,other
EDGE,EDGE,EDGE,nkr_10,0.4,benchmarker,Pancreatic,dr1,19,curated,other
EDGE,EDGE,EDGE,nkr_20,0.517,benchmarker,Pancreatic,dr1,19,curated,other
EDGE,EDGE,EDGE,nkr_30,0.602,benchmarker,Pancreatic,dr1,19,curated,other
EDGE,EDGE,EDGE,Mrre_missing_10,0.738,benchmarker,Silver,dr3,19,curated,other
EDGE,EDGE,EDGE,Mrre_missing_20,0.741,benchmarker,Silver,dr3,19,curated,other
EDGE,EDGE,EDGE,Mrre_missing_30,0.742,benchmarker,Silver,dr3,19,curated,other
EDGE,EDGE,EDGE,aji_10,0.015,benchmarker,Silver,dr1,19,curated,other
EDGE,EDGE,EDGE,aji_20,0.027,benchmarker,Silver,dr1,19,curated,other
EDGE,EDGE,EDGE,aji_30,0.037,benchmarker,Silver,dr1,19,curated,other
EDGE,EDGE,EDGE,nkr_10,0.028,benchmarker,Silver,dr1,19,curated,other
EDGE,EDGE,EDGE,nkr_20,0.047,benchmarker,Silver,dr1,19,curated,other
EDGE,EDGE,EDGE,nkr_30,0.065,benchmarker,Silver,dr1,19,curated,other
EDGE,EDGE,EDGE,Mrre_missing_10,0.673,benchmarker,Zhengmix4eq,dr3,19,curated,other
EDGE,EDGE,EDGE,Mrre_missing_20,0.673,benchmarker,Zhengmix4eq,dr3,19,curated,other
EDGE,EDGE,EDGE,Mrre_missing_30,0.673,benchmarker,Zhengmix4eq,dr3,19,curated,other
EDGE,EDGE,EDGE,aji_10,0.008,benchmarker,Zhengmix4eq,dr1,19,curated,other
EDGE,EDGE,EDGE,aji_20,0.014,benchmarker,Zhengmix4eq,dr1,19,curated,other
EDGE,EDGE,EDGE,aji_30,0.021,benchmarker,Zhengmix4eq,dr1,19,curated,other
EDGE,EDGE,EDGE,nkr_10,0.014,benchmarker,Zhengmix4eq,dr1,19,curated,other
EDGE,EDGE,EDGE,nkr_20,0.026,benchmarker,Zhengmix4eq,dr1,19,curated,other
EDGE,EDGE,EDGE,nkr_30,0.037,benchmarker,Zhengmix4eq,dr1,19,curated,other
EDGE,EDGE,EDGE,Mrre_missing_10,0.688,scDesign3,ACINAR,dr3,19,scDesign3,other
EDGE,EDGE,EDGE,Mrre_missing_20,0.684,scDesign3,ACINAR,dr3,19,scDesign3,other
EDGE,EDGE,EDGE,Mrre_missing_30,0.682,scDesign3,ACINAR,dr3,19,scDesign3,other
EDGE,EDGE,EDGE,aji_10,0.022,scDesign3,ACINAR,dr1,19,scDesign3,other
EDGE,EDGE,EDGE,aji_20,0.037,scDesign3,ACINAR,dr1,19,scDesign3,other
EDGE,EDGE,EDGE,aji_30,0.05,scDesign3,ACINAR,dr1,19,scDesign3,other
EDGE,EDGE,EDGE,nkr_10,0.045,scDesign3,ACINAR,dr1,19,scDesign3,other
EDGE,EDGE,EDGE,nkr_20,0.072,scDesign3,ACINAR,dr1,19,scDesign3,other
EDGE,EDGE,EDGE,nkr_30,0.094,scDesign3,ACINAR,dr1,19,scDesign3,other
EDGE,EDGE,EDGE,Mrre_missing_10,0.82,scDesign3,ATAC,dr3,19,scDesign3,other
EDGE,EDGE,EDGE,Mrre_missing_20,0.818,scDesign3,ATAC,dr3,19,scDesign3,other
EDGE,EDGE,EDGE,Mrre_missing_30,0.816,scDesign3,ATAC,dr3,19,scDesign3,other
EDGE,EDGE,EDGE,aji_10,0.006,scDesign3,ATAC,dr1,19,scDesign3,other
EDGE,EDGE,EDGE,aji_20,0.01,scDesign3,ATAC,dr1,19,scDesign3,other
EDGE,EDGE,EDGE,aji_30,0.014,scDesign3,ATAC,dr1,19,scDesign3,other
EDGE,EDGE,EDGE,nkr_10,0.011,scDesign3,ATAC,dr1,19,scDesign3,other
EDGE,EDGE,EDGE,nkr_20,0.02,scDesign3,ATAC,dr1,19,scDesign3,other
EDGE,EDGE,EDGE,nkr_30,0.027,scDesign3,ATAC,dr1,19,scDesign3,other
EDGE,EDGE,EDGE,Mrre_missing_10,0.688,scDesign3,BATCH,dr3,19,scDesign3,other
EDGE,EDGE,EDGE,Mrre_missing_20,0.685,scDesign3,BATCH,dr3,19,scDesign3,other
EDGE,EDGE,EDGE,Mrre_missing_30,0.682,scDesign3,BATCH,dr3,19,scDesign3,other
EDGE,EDGE,EDGE,aji_10,0.017,scDesign3,BATCH,dr1,19,scDesign3,other
EDGE,EDGE,EDGE,aji_20,0.028,scDesign3,BATCH,dr1,19,scDesign3,other
EDGE,EDGE,EDGE,aji_30,0.037,scDesign3,BATCH,dr1,19,scDesign3,other
EDGE,EDGE,EDGE,nkr_10,0.032,scDesign3,BATCH,dr1,19,scDesign3,other
EDGE,EDGE,EDGE,nkr_20,0.052,scDesign3,BATCH,dr1,19,scDesign3,other
EDGE,EDGE,EDGE,nkr_30,0.067,scDesign3,BATCH,dr1,19,scDesign3,other
EDGE,EDGE,EDGE,Mrre_missing_10,0.697,scDesign3,CITE,dr3,19,scDesign3,other
EDGE,EDGE,EDGE,Mrre_missing_20,0.695,scDesign3,CITE,dr3,19,scDesign3,other
EDGE,EDGE,EDGE,Mrre_missing_30,0.693,scDesign3,CITE,dr3,19,scDesign3,other
EDGE,EDGE,EDGE,aji_10,0.004,scDesign3,CITE,dr1,19,scDesign3,other
EDGE,EDGE,EDGE,aji_20,0.006,scDesign3,CITE,dr1,19,scDesign3,other
EDGE,EDGE,EDGE,aji_30,0.009,scDesign3,CITE,dr1,19,scDesign3,other
EDGE,EDGE,EDGE,nkr_10,0.007,scDesign3,CITE,dr1,19,scDesign3,other
EDGE,EDGE,EDGE,nkr_20,0.012,scDesign3,CITE,dr1,19,scDesign3,other
EDGE,EDGE,EDGE,nkr_30,0.017,scDesign3,CITE,dr1,19,scDesign3,other
EDGE,EDGE,EDGE,Mrre_missing_10,0.811,scDesign3,EMBYRO,dr3,19,scDesign3,other
EDGE,EDGE,EDGE,Mrre_missing_20,0.801,scDesign3,EMBYRO,dr3,19,scDesign3,other
EDGE,EDGE,EDGE,Mrre_missing_30,0.794,scDesign3,EMBYRO,dr3,19,scDesign3,other
EDGE,EDGE,EDGE,aji_10,0.063,scDesign3,EMBYRO,dr1,19,scDesign3,other
EDGE,EDGE,EDGE,aji_20,0.1,scDesign3,EMBYRO,dr1,19,scDesign3,other
EDGE,EDGE,EDGE,aji_30,0.125,scDesign3,EMBYRO,dr1,19,scDesign3,other
EDGE,EDGE,EDGE,nkr_10,0.116,scDesign3,EMBYRO,dr1,19,scDesign3,other
EDGE,EDGE,EDGE,nkr_20,0.175,scDesign3,EMBYRO,dr1,19,scDesign3,other
EDGE,EDGE,EDGE,nkr_30,0.213,scDesign3,EMBYRO,dr1,19,scDesign3,other
EDGE,EDGE,EDGE,Mrre_missing_10,0.72,scDesign3,IFNB,dr3,19,scDesign3,other
EDGE,EDGE,EDGE,Mrre_missing_20,0.717,scDesign3,IFNB,dr3,19,scDesign3,other
EDGE,EDGE,EDGE,Mrre_missing_30,0.715,scDesign3,IFNB,dr3,19,scDesign3,other
EDGE,EDGE,EDGE,aji_10,0.006,scDesign3,IFNB,dr1,19,scDesign3,other
EDGE,EDGE,EDGE,aji_20,0.012,scDesign3,IFNB,dr1,19,scDesign3,other
EDGE,EDGE,EDGE,aji_30,0.017,scDesign3,IFNB,dr1,19,scDesign3,other
EDGE,EDGE,EDGE,nkr_10,0.013,scDesign3,IFNB,dr1,19,scDesign3,other
EDGE,EDGE,EDGE,nkr_20,0.023,scDesign3,IFNB,dr1,19,scDesign3,other
EDGE,EDGE,EDGE,nkr_30,0.032,scDesign3,IFNB,dr1,19,scDesign3,other
EDGE,EDGE,EDGE,Mrre_missing_10,0.92,scDesign3,MARROW,dr3,19,scDesign3,other
EDGE,EDGE,EDGE,Mrre_missing_20,0.918,scDesign3,MARROW,dr3,19,scDesign3,other
EDGE,EDGE,EDGE,Mrre_missing_30,0.917,scDesign3,MARROW,dr3,19,scDesign3,other
EDGE,EDGE,EDGE,aji_10,0.036,scDesign3,MARROW,dr1,19,scDesign3,other
EDGE,EDGE,EDGE,aji_20,0.061,scDesign3,MARROW,dr1,19,scDesign3,other
EDGE,EDGE,EDGE,aji_30,0.085,scDesign3,MARROW,dr1,19,scDesign3,other
EDGE,EDGE,EDGE,nkr_10,0.066,scDesign3,MARROW,dr1,19,scDesign3,other
EDGE,EDGE,EDGE,nkr_20,0.115,scDesign3,MARROW,dr1,19,scDesign3,other
EDGE,EDGE,EDGE,nkr_30,0.155,scDesign3,MARROW,dr1,19,scDesign3,other
EDGE,EDGE,EDGE,Mrre_missing_10,0.845,scDesign3,MOBSC,dr3,19,scDesign3,other
EDGE,EDGE,EDGE,Mrre_missing_20,0.84,scDesign3,MOBSC,dr3,19,scDesign3,other
EDGE,EDGE,EDGE,Mrre_missing_30,0.837,scDesign3,MOBSC,dr3,19,scDesign3,other
EDGE,EDGE,EDGE,aji_10,0.013,scDesign3,MOBSC,dr1,19,scDesign3,other
EDGE,EDGE,EDGE,aji_20,0.022,scDesign3,MOBSC,dr1,19,scDesign3,other
EDGE,EDGE,EDGE,aji_30,0.029,scDesign3,MOBSC,dr1,19,scDesign3,other
EDGE,EDGE,EDGE,nkr_10,0.025,scDesign3,MOBSC,dr1,19,scDesign3,other
EDGE,EDGE,EDGE,nkr_20,0.041,scDesign3,MOBSC,dr1,19,scDesign3,other
EDGE,EDGE,EDGE,nkr_30,0.053,scDesign3,MOBSC,dr1,19,scDesign3,other
EDGE,EDGE,EDGE,Mrre_missing_10,0.706,scDesign3,OVARIAN,dr3,19,scDesign3,other
EDGE,EDGE,EDGE,Mrre_missing_20,0.702,scDesign3,OVARIAN,dr3,19,scDesign3,other
EDGE,EDGE,EDGE,Mrre_missing_30,0.699,scDesign3,OVARIAN,dr3,19,scDesign3,other
EDGE,EDGE,EDGE,aji_10,0.019,scDesign3,OVARIAN,dr1,19,scDesign3,other
EDGE,EDGE,EDGE,aji_20,0.032,scDesign3,OVARIAN,dr1,19,scDesign3,other
EDGE,EDGE,EDGE,aji_30,0.042,scDesign3,OVARIAN,dr1,19,scDesign3,other
EDGE,EDGE,EDGE,nkr_10,0.037,scDesign3,OVARIAN,dr1,19,scDesign3,other
EDGE,EDGE,EDGE,nkr_20,0.061,scDesign3,OVARIAN,dr1,19,scDesign3,other
EDGE,EDGE,EDGE,nkr_30,0.08,scDesign3,OVARIAN,dr1,19,scDesign3,other
EDGE,EDGE,EDGE,Mrre_missing_10,0.884,scDesign3,PANCREAS,dr3,19,scDesign3,other
EDGE,EDGE,EDGE,Mrre_missing_20,0.883,scDesign3,PANCREAS,dr3,19,scDesign3,other
EDGE,EDGE,EDGE,Mrre_missing_30,0.882,scDesign3,PANCREAS,dr3,19,scDesign3,other
EDGE,EDGE,EDGE,aji_10,0.036,scDesign3,PANCREAS,dr1,19,scDesign3,other
EDGE,EDGE,EDGE,aji_20,0.061,scDesign3,PANCREAS,dr1,19,scDesign3,other
EDGE,EDGE,EDGE,aji_30,0.08,scDesign3,PANCREAS,dr1,19,scDesign3,other
EDGE,EDGE,EDGE,nkr_10,0.068,scDesign3,PANCREAS,dr1,19,scDesign3,other
EDGE,EDGE,EDGE,nkr_20,0.11,scDesign3,PANCREAS,dr1,19,scDesign3,other
EDGE,EDGE,EDGE,nkr_30,0.14,scDesign3,PANCREAS,dr1,19,scDesign3,other
EDGE,EDGE,EDGE,Mrre_missing_10,0.908,scDesign3,SCGEMMETH,dr3,19,scDesign3,other
EDGE,EDGE,EDGE,Mrre_missing_20,0.899,scDesign3,SCGEMMETH,dr3,19,scDesign3,other
EDGE,EDGE,EDGE,Mrre_missing_30,0.893,scDesign3,SCGEMMETH,dr3,19,scDesign3,other
EDGE,EDGE,EDGE,aji_10,0.284,scDesign3,SCGEMMETH,dr1,19,scDesign3,other
EDGE,EDGE,EDGE,aji_20,0.374,scDesign3,SCGEMMETH,dr1,19,scDesign3,other
EDGE,EDGE,EDGE,aji_30,0.447,scDesign3,SCGEMMETH,dr1,19,scDesign3,other
EDGE,EDGE,EDGE,nkr_10,0.471,scDesign3,SCGEMMETH,dr1,19,scDesign3,other
EDGE,EDGE,EDGE,nkr_20,0.574,scDesign3,SCGEMMETH,dr1,19,scDesign3,other
EDGE,EDGE,EDGE,nkr_30,0.633,scDesign3,SCGEMMETH,dr1,19,scDesign3,other
EDGE,EDGE,EDGE,Mrre_missing_10,0.931,scDesign3,SCGEMRNA,dr3,19,scDesign3,other
EDGE,EDGE,EDGE,Mrre_missing_20,0.923,scDesign3,SCGEMRNA,dr3,19,scDesign3,other
EDGE,EDGE,EDGE,Mrre_missing_30,0.918,scDesign3,SCGEMRNA,dr3,19,scDesign3,other
EDGE,EDGE,EDGE,aji_10,0.294,scDesign3,SCGEMRNA,dr1,19,scDesign3,other
EDGE,EDGE,EDGE,aji_20,0.387,scDesign3,SCGEMRNA,dr1,19,scDesign3,other
EDGE,EDGE,EDGE,aji_30,0.495,scDesign3,SCGEMRNA,dr1,19,scDesign3,other
EDGE,EDGE,EDGE,nkr_10,0.485,scDesign3,SCGEMRNA,dr1,19,scDesign3,other
EDGE,EDGE,EDGE,nkr_20,0.586,scDesign3,SCGEMRNA,dr1,19,scDesign3,other
EDGE,EDGE,EDGE,nkr_30,0.674,scDesign3,SCGEMRNA,dr1,19,scDesign3,other
EDGE,EDGE,EDGE,Mrre_missing_10,0.594,scDesign3,SCIATAC,dr3,19,scDesign3,other
EDGE,EDGE,EDGE,Mrre_missing_20,0.591,scDesign3,SCIATAC,dr3,19,scDesign3,other
EDGE,EDGE,EDGE,Mrre_missing_30,0.589,scDesign3,SCIATAC,dr3,19,scDesign3,other
EDGE,EDGE,EDGE,aji_10,0.002,scDesign3,SCIATAC,dr1,19,scDesign3,other
EDGE,EDGE,EDGE,aji_20,0.003,scDesign3,SCIATAC,dr1,19,scDesign3,other
EDGE,EDGE,EDGE,aji_30,0.005,scDesign3,SCIATAC,dr1,19,scDesign3,other
EDGE,EDGE,EDGE,nkr_10,0.003,scDesign3,SCIATAC,dr1,19,scDesign3,other
EDGE,EDGE,EDGE,nkr_20,0.006,scDesign3,SCIATAC,dr1,19,scDesign3,other
EDGE,EDGE,EDGE,nkr_30,0.01,scDesign3,SCIATAC,dr1,19,scDesign3,other
EDGE,EDGE,EDGE,Mrre_missing_10,0.624,scDesign3,SLIDE,dr3,19,scDesign3,other
EDGE,EDGE,EDGE,Mrre_missing_20,0.622,scDesign3,SLIDE,dr3,19,scDesign3,other
EDGE,EDGE,EDGE,Mrre_missing_30,0.62,scDesign3,SLIDE,dr3,19,scDesign3,other
EDGE,EDGE,EDGE,aji_10,0.001,scDesign3,SLIDE,dr1,19,scDesign3,other
EDGE,EDGE,EDGE,aji_20,0.002,scDesign3,SLIDE,dr1,19,scDesign3,other
EDGE,EDGE,EDGE,aji_30,0.003,scDesign3,SLIDE,dr1,19,scDesign3,other
EDGE,EDGE,EDGE,nkr_10,0.002,scDesign3,SLIDE,dr1,19,scDesign3,other
EDGE,EDGE,EDGE,nkr_20,0.004,scDesign3,SLIDE,dr1,19,scDesign3,other
EDGE,EDGE,EDGE,nkr_30,0.006,scDesign3,SLIDE,dr1,19,scDesign3,other
EDGE,EDGE,EDGE,Mrre_missing_10,0.665,scDesign3,VISIUM,dr3,19,scDesign3,other
EDGE,EDGE,EDGE,Mrre_missing_20,0.659,scDesign3,VISIUM,dr3,19,scDesign3,other
EDGE,EDGE,EDGE,Mrre_missing_30,0.654,scDesign3,VISIUM,dr3,19,scDesign3,other
EDGE,EDGE,EDGE,aji_10,0.019,scDesign3,VISIUM,dr1,19,scDesign3,other
EDGE,EDGE,EDGE,aji_20,0.029,scDesign3,VISIUM,dr1,19,scDesign3,other
EDGE,EDGE,EDGE,aji_30,0.036,scDesign3,VISIUM,dr1,19,scDesign3,other
EDGE,EDGE,EDGE,nkr_10,0.036,scDesign3,VISIUM,dr1,19,scDesign3,other
EDGE,EDGE,EDGE,nkr_20,0.054,scDesign3,VISIUM,dr1,19,scDesign3,other
EDGE,EDGE,EDGE,nkr_30,0.067,scDesign3,VISIUM,dr1,19,scDesign3,other
SPDR,SPDR,SPDR,Mrre_missing_10,0.773,SIMLR,Pollen,dr3,20,SIMLR,other
SPDR,SPDR,SPDR,Mrre_missing_20,0.751,SIMLR,Pollen,dr3,20,SIMLR,other
SPDR,SPDR,SPDR,Mrre_missing_30,0.728,SIMLR,Pollen,dr3,20,SIMLR,other
SPDR,SPDR,SPDR,aji_10,0.18,SIMLR,Pollen,dr1,20,SIMLR,other
SPDR,SPDR,SPDR,aji_20,0.314,SIMLR,Pollen,dr1,20,SIMLR,other
SPDR,SPDR,SPDR,aji_30,0.318,SIMLR,Pollen,dr1,20,SIMLR,other
SPDR,SPDR,SPDR,nkr_10,0.265,SIMLR,Pollen,dr1,20,SIMLR,other
SPDR,SPDR,SPDR,nkr_20,0.433,SIMLR,Pollen,dr1,20,SIMLR,other
SPDR,SPDR,SPDR,nkr_30,0.447,SIMLR,Pollen,dr1,20,SIMLR,other
SPDR,SPDR,SPDR,Mrre_missing_10,0.743,SIMLR,Usoskin,dr3,20,SIMLR,other
SPDR,SPDR,SPDR,Mrre_missing_20,0.723,SIMLR,Usoskin,dr3,20,SIMLR,other
SPDR,SPDR,SPDR,Mrre_missing_30,0.71,SIMLR,Usoskin,dr3,20,SIMLR,other
SPDR,SPDR,SPDR,aji_10,0.035,SIMLR,Usoskin,dr1,20,SIMLR,other
SPDR,SPDR,SPDR,aji_20,0.067,SIMLR,Usoskin,dr1,20,SIMLR,other
SPDR,SPDR,SPDR,aji_30,0.1,SIMLR,Usoskin,dr1,20,SIMLR,other
SPDR,SPDR,SPDR,nkr_10,0.058,SIMLR,Usoskin,dr1,20,SIMLR,other
SPDR,SPDR,SPDR,nkr_20,0.109,SIMLR,Usoskin,dr1,20,SIMLR,other
SPDR,SPDR,SPDR,nkr_30,0.159,SIMLR,Usoskin,dr1,20,SIMLR,other
SPDR,SPDR,SPDR,Mrre_missing_10,0.906,TI,DA1_horns,dr3,20,trajectory,other
SPDR,SPDR,SPDR,Mrre_missing_20,0.902,TI,DA1_horns,dr3,20,trajectory,other
SPDR,SPDR,SPDR,Mrre_missing_30,0.899,TI,DA1_horns,dr3,20,trajectory,other
SPDR,SPDR,SPDR,aji_10,0.174,TI,DA1_horns,dr1,20,trajectory,other
SPDR,SPDR,SPDR,aji_20,0.298,TI,DA1_horns,dr1,20,trajectory,other
SPDR,SPDR,SPDR,aji_30,0.388,TI,DA1_horns,dr1,20,trajectory,other
SPDR,SPDR,SPDR,nkr_10,0.289,TI,DA1_horns,dr1,20,trajectory,other
SPDR,SPDR,SPDR,nkr_20,0.464,TI,DA1_horns,dr1,20,trajectory,other
SPDR,SPDR,SPDR,nkr_30,0.565,TI,DA1_horns,dr1,20,trajectory,other
SPDR,SPDR,SPDR,Mrre_missing_10,0.922,TI,DC3_VA1d_horns,dr3,20,trajectory,other
SPDR,SPDR,SPDR,Mrre_missing_20,0.919,TI,DC3_VA1d_horns,dr3,20,trajectory,other
SPDR,SPDR,SPDR,Mrre_missing_30,0.916,TI,DC3_VA1d_horns,dr3,20,trajectory,other
SPDR,SPDR,SPDR,aji_10,0.249,TI,DC3_VA1d_horns,dr1,20,trajectory,other
SPDR,SPDR,SPDR,aji_20,0.451,TI,DC3_VA1d_horns,dr1,20,trajectory,other
SPDR,SPDR,SPDR,aji_30,0.575,TI,DC3_VA1d_horns,dr1,20,trajectory,other
SPDR,SPDR,SPDR,nkr_10,0.42,TI,DC3_VA1d_horns,dr1,20,trajectory,other
SPDR,SPDR,SPDR,nkr_20,0.63,TI,DC3_VA1d_horns,dr1,20,trajectory,other
SPDR,SPDR,SPDR,nkr_30,0.742,TI,DC3_VA1d_horns,dr1,20,trajectory,other
SPDR,SPDR,SPDR,Mrre_missing_10,0.959,TI,ICM,dr3,20,trajectory,other
SPDR,SPDR,SPDR,Mrre_missing_20,0.953,TI,ICM,dr3,20,trajectory,other
SPDR,SPDR,SPDR,Mrre_missing_30,0.95,TI,ICM,dr3,20,trajectory,other
SPDR,SPDR,SPDR,aji_10,0.322,TI,ICM,dr1,20,trajectory,other
SPDR,SPDR,SPDR,aji_20,0.525,TI,ICM,dr1,20,trajectory,other
SPDR,SPDR,SPDR,aji_30,0.636,TI,ICM,dr1,20,trajectory,other
SPDR,SPDR,SPDR,nkr_10,0.504,TI,ICM,dr1,20,trajectory,other
SPDR,SPDR,SPDR,nkr_20,0.69,TI,ICM,dr1,20,trajectory,other
SPDR,SPDR,SPDR,nkr_30,0.785,TI,ICM,dr1,20,trajectory,other
SPDR,SPDR,SPDR,Mrre_missing_10,0.97,TI,blastocyst,dr3,20,trajectory,other
SPDR,SPDR,SPDR,Mrre_missing_20,0.966,TI,blastocyst,dr3,20,trajectory,other
SPDR,SPDR,SPDR,Mrre_missing_30,0.963,TI,blastocyst,dr3,20,trajectory,other
SPDR,SPDR,SPDR,aji_10,0.339,TI,blastocyst,dr1,20,trajectory,other
SPDR,SPDR,SPDR,aji_20,0.489,TI,blastocyst,dr1,20,trajectory,other
SPDR,SPDR,SPDR,aji_30,0.596,TI,blastocyst,dr1,20,trajectory,other
SPDR,SPDR,SPDR,nkr_10,0.526,TI,blastocyst,dr1,20,trajectory,other
SPDR,SPDR,SPDR,nkr_20,0.672,TI,blastocyst,dr1,20,trajectory,other
SPDR,SPDR,SPDR,nkr_30,0.753,TI,blastocyst,dr1,20,trajectory,other
SPDR,SPDR,SPDR,Mrre_missing_10,0.834,TI,combination-1,dr3,20,trajectory,other
SPDR,SPDR,SPDR,Mrre_missing_20,0.827,TI,combination-1,dr3,20,trajectory,other
SPDR,SPDR,SPDR,Mrre_missing_30,0.822,TI,combination-1,dr3,20,trajectory,other
SPDR,SPDR,SPDR,aji_10,0.017,TI,combination-1,dr1,20,trajectory,other
SPDR,SPDR,SPDR,aji_20,0.027,TI,combination-1,dr1,20,trajectory,other
SPDR,SPDR,SPDR,aji_30,0.035,TI,combination-1,dr1,20,trajectory,other
SPDR,SPDR,SPDR,nkr_10,0.035,TI,combination-1,dr1,20,trajectory,other
SPDR,SPDR,SPDR,nkr_20,0.054,TI,combination-1,dr1,20,trajectory,other
SPDR,SPDR,SPDR,nkr_30,0.068,TI,combination-1,dr1,20,trajectory,other
SPDR,SPDR,SPDR,Mrre_missing_10,0.855,TI,combination-2,dr3,20,trajectory,other
SPDR,SPDR,SPDR,Mrre_missing_20,0.845,TI,combination-2,dr3,20,trajectory,other
SPDR,SPDR,SPDR,Mrre_missing_30,0.839,TI,combination-2,dr3,20,trajectory,other
SPDR,SPDR,SPDR,aji_10,0.016,TI,combination-2,dr1,20,trajectory,other
SPDR,SPDR,SPDR,aji_20,0.026,TI,combination-2,dr1,20,trajectory,other
SPDR,SPDR,SPDR,aji_30,0.034,TI,combination-2,dr1,20,trajectory,other
SPDR,SPDR,SPDR,nkr_10,0.03,TI,combination-2,dr1,20,trajectory,other
SPDR,SPDR,SPDR,nkr_20,0.051,TI,combination-2,dr1,20,trajectory,other
SPDR,SPDR,SPDR,nkr_30,0.065,TI,combination-2,dr1,20,trajectory,other
SPDR,SPDR,SPDR,Mrre_missing_10,0.895,TI,combination-3,dr3,20,trajectory,other
SPDR,SPDR,SPDR,Mrre_missing_20,0.886,TI,combination-3,dr3,20,trajectory,other
SPDR,SPDR,SPDR,Mrre_missing_30,0.88,TI,combination-3,dr3,20,trajectory,other
SPDR,SPDR,SPDR,aji_10,0.028,TI,combination-3,dr1,20,trajectory,other
SPDR,SPDR,SPDR,aji_20,0.044,TI,combination-3,dr1,20,trajectory,other
SPDR,SPDR,SPDR,aji_30,0.058,TI,combination-3,dr1,20,trajectory,other
SPDR,SPDR,SPDR,nkr_10,0.056,TI,combination-3,dr1,20,trajectory,other
SPDR,SPDR,SPDR,nkr_20,0.087,TI,combination-3,dr1,20,trajectory,other
SPDR,SPDR,SPDR,nkr_30,0.11,TI,combination-3,dr1,20,trajectory,other
SPDR,SPDR,SPDR,Mrre_missing_10,0.938,TI,epiblast,dr3,20,trajectory,other
SPDR,SPDR,SPDR,Mrre_missing_20,0.93,TI,epiblast,dr3,20,trajectory,other
SPDR,SPDR,SPDR,Mrre_missing_30,0.924,TI,epiblast,dr3,20,trajectory,other
SPDR,SPDR,SPDR,aji_10,0.32,TI,epiblast,dr1,20,trajectory,other
SPDR,SPDR,SPDR,aji_20,0.527,TI,epiblast,dr1,20,trajectory,other
SPDR,SPDR,SPDR,aji_30,0.611,TI,epiblast,dr1,20,trajectory,other
SPDR,SPDR,SPDR,nkr_10,0.489,TI,epiblast,dr1,20,trajectory,other
SPDR,SPDR,SPDR,nkr_20,0.696,TI,epiblast,dr1,20,trajectory,other
SPDR,SPDR,SPDR,nkr_30,0.766,TI,epiblast,dr1,20,trajectory,other
SPDR,SPDR,SPDR,Mrre_missing_10,0.825,TI,epidermis,dr3,20,trajectory,other
SPDR,SPDR,SPDR,Mrre_missing_20,0.817,TI,epidermis,dr3,20,trajectory,other
SPDR,SPDR,SPDR,Mrre_missing_30,0.811,TI,epidermis,dr3,20,trajectory,other
SPDR,SPDR,SPDR,aji_10,0.017,TI,epidermis,dr1,20,trajectory,other
SPDR,SPDR,SPDR,aji_20,0.028,TI,epidermis,dr1,20,trajectory,other
SPDR,SPDR,SPDR,aji_30,0.037,TI,epidermis,dr1,20,trajectory,other
SPDR,SPDR,SPDR,nkr_10,0.035,TI,epidermis,dr1,20,trajectory,other
SPDR,SPDR,SPDR,nkr_20,0.055,TI,epidermis,dr1,20,trajectory,other
SPDR,SPDR,SPDR,nkr_30,0.072,TI,epidermis,dr1,20,trajectory,other
SPDR,SPDR,SPDR,Mrre_missing_10,0.916,TI,horns,dr3,20,trajectory,other
SPDR,SPDR,SPDR,Mrre_missing_20,0.91,TI,horns,dr3,20,trajectory,other
SPDR,SPDR,SPDR,Mrre_missing_30,0.905,TI,horns,dr3,20,trajectory,other
SPDR,SPDR,SPDR,aji_10,0.142,TI,horns,dr1,20,trajectory,other
SPDR,SPDR,SPDR,aji_20,0.246,TI,horns,dr1,20,trajectory,other
SPDR,SPDR,SPDR,aji_30,0.295,TI,horns,dr1,20,trajectory,other
SPDR,SPDR,SPDR,nkr_10,0.253,TI,horns,dr1,20,trajectory,other
SPDR,SPDR,SPDR,nkr_20,0.401,TI,horns,dr1,20,trajectory,other
SPDR,SPDR,SPDR,nkr_30,0.468,TI,horns,dr1,20,trajectory,other
SPDR,SPDR,SPDR,Mrre_missing_10,0.828,TI,muscle,dr3,20,trajectory,other
SPDR,SPDR,SPDR,Mrre_missing_20,0.817,TI,muscle,dr3,20,trajectory,other
SPDR,SPDR,SPDR,Mrre_missing_30,0.81,TI,muscle,dr3,20,trajectory,other
SPDR,SPDR,SPDR,aji_10,0.015,TI,muscle,dr1,20,trajectory,other
SPDR,SPDR,SPDR,aji_20,0.025,TI,muscle,dr1,20,trajectory,other
SPDR,SPDR,SPDR,aji_30,0.032,TI,muscle,dr1,20,trajectory,other
SPDR,SPDR,SPDR,nkr_10,0.029,TI,muscle,dr1,20,trajectory,other
SPDR,SPDR,SPDR,nkr_20,0.049,TI,muscle,dr1,20,trajectory,other
SPDR,SPDR,SPDR,nkr_30,0.061,TI,muscle,dr1,20,trajectory,other
SPDR,SPDR,SPDR,Mrre_missing_10,0.794,TI,neuron,dr3,20,trajectory,other
SPDR,SPDR,SPDR,Mrre_missing_20,0.777,TI,neuron,dr3,20,trajectory,other
SPDR,SPDR,SPDR,Mrre_missing_30,0.768,TI,neuron,dr3,20,trajectory,other
SPDR,SPDR,SPDR,aji_10,0.015,TI,neuron,dr1,20,trajectory,other
SPDR,SPDR,SPDR,aji_20,0.023,TI,neuron,dr1,20,trajectory,other
SPDR,SPDR,SPDR,aji_30,0.028,TI,neuron,dr1,20,trajectory,other
SPDR,SPDR,SPDR,nkr_10,0.029,TI,neuron,dr1,20,trajectory,other
SPDR,SPDR,SPDR,nkr_20,0.046,TI,neuron,dr1,20,trajectory,other
SPDR,SPDR,SPDR,nkr_30,0.058,TI,neuron,dr1,20,trajectory,other
SPDR,SPDR,SPDR,Mrre_missing_10,0.909,TI,pair-1,dr3,20,trajectory,other
SPDR,SPDR,SPDR,Mrre_missing_20,0.899,TI,pair-1,dr3,20,trajectory,other
SPDR,SPDR,SPDR,Mrre_missing_30,0.893,TI,pair-1,dr3,20,trajectory,other
SPDR,SPDR,SPDR,aji_10,0.008,TI,pair-1,dr1,20,trajectory,other
SPDR,SPDR,SPDR,aji_20,0.013,TI,pair-1,dr1,20,trajectory,other
SPDR,SPDR,SPDR,aji_30,0.017,TI,pair-1,dr1,20,trajectory,other
SPDR,SPDR,SPDR,nkr_10,0.016,TI,pair-1,dr1,20,trajectory,other
SPDR,SPDR,SPDR,nkr_20,0.026,TI,pair-1,dr1,20,trajectory,other
SPDR,SPDR,SPDR,nkr_30,0.033,TI,pair-1,dr1,20,trajectory,other
SPDR,SPDR,SPDR,Mrre_missing_10,0.869,TI,pair-2,dr3,20,trajectory,other
SPDR,SPDR,SPDR,Mrre_missing_20,0.858,TI,pair-2,dr3,20,trajectory,other
SPDR,SPDR,SPDR,Mrre_missing_30,0.852,TI,pair-2,dr3,20,trajectory,other
SPDR,SPDR,SPDR,aji_10,0.006,TI,pair-2,dr1,20,trajectory,other
SPDR,SPDR,SPDR,aji_20,0.009,TI,pair-2,dr1,20,trajectory,other
SPDR,SPDR,SPDR,aji_30,0.013,TI,pair-2,dr1,20,trajectory,other
SPDR,SPDR,SPDR,nkr_10,0.012,TI,pair-2,dr1,20,trajectory,other
SPDR,SPDR,SPDR,nkr_20,0.019,TI,pair-2,dr1,20,trajectory,other
SPDR,SPDR,SPDR,nkr_30,0.025,TI,pair-2,dr1,20,trajectory,other
SPDR,SPDR,SPDR,Mrre_missing_10,0.87,TI,pair-3,dr3,20,trajectory,other
SPDR,SPDR,SPDR,Mrre_missing_20,0.857,TI,pair-3,dr3,20,trajectory,other
SPDR,SPDR,SPDR,Mrre_missing_30,0.849,TI,pair-3,dr3,20,trajectory,other
SPDR,SPDR,SPDR,aji_10,0.007,TI,pair-3,dr1,20,trajectory,other
SPDR,SPDR,SPDR,aji_20,0.012,TI,pair-3,dr1,20,trajectory,other
SPDR,SPDR,SPDR,aji_30,0.015,TI,pair-3,dr1,20,trajectory,other
SPDR,SPDR,SPDR,nkr_10,0.015,TI,pair-3,dr1,20,trajectory,other
SPDR,SPDR,SPDR,nkr_20,0.024,TI,pair-3,dr1,20,trajectory,other
SPDR,SPDR,SPDR,nkr_30,0.031,TI,pair-3,dr1,20,trajectory,other
SPDR,SPDR,SPDR,Mrre_missing_10,0.814,TI,pair-4,dr3,20,trajectory,other
SPDR,SPDR,SPDR,Mrre_missing_20,0.804,TI,pair-4,dr3,20,trajectory,other
SPDR,SPDR,SPDR,Mrre_missing_30,0.798,TI,pair-4,dr3,20,trajectory,other
SPDR,SPDR,SPDR,aji_10,0.005,TI,pair-4,dr1,20,trajectory,other
SPDR,SPDR,SPDR,aji_20,0.008,TI,pair-4,dr1,20,trajectory,other
SPDR,SPDR,SPDR,aji_30,0.011,TI,pair-4,dr1,20,trajectory,other
SPDR,SPDR,SPDR,nkr_10,0.011,TI,pair-4,dr1,20,trajectory,other
SPDR,SPDR,SPDR,nkr_20,0.017,TI,pair-4,dr1,20,trajectory,other
SPDR,SPDR,SPDR,nkr_30,0.022,TI,pair-4,dr1,20,trajectory,other
SPDR,SPDR,SPDR,Mrre_missing_10,0.888,TI,parenchyme,dr3,20,trajectory,other
SPDR,SPDR,SPDR,Mrre_missing_20,0.877,TI,parenchyme,dr3,20,trajectory,other
SPDR,SPDR,SPDR,Mrre_missing_30,0.87,TI,parenchyme,dr3,20,trajectory,other
SPDR,SPDR,SPDR,aji_10,0.021,TI,parenchyme,dr1,20,trajectory,other
SPDR,SPDR,SPDR,aji_20,0.034,TI,parenchyme,dr1,20,trajectory,other
SPDR,SPDR,SPDR,aji_30,0.047,TI,parenchyme,dr1,20,trajectory,other
SPDR,SPDR,SPDR,nkr_10,0.045,TI,parenchyme,dr1,20,trajectory,other
SPDR,SPDR,SPDR,nkr_20,0.071,TI,parenchyme,dr1,20,trajectory,other
SPDR,SPDR,SPDR,nkr_30,0.092,TI,parenchyme,dr1,20,trajectory,other
SPDR,SPDR,SPDR,Mrre_missing_10,0.867,TI,phagocyte,dr3,20,trajectory,other
SPDR,SPDR,SPDR,Mrre_missing_20,0.853,TI,phagocyte,dr3,20,trajectory,other
SPDR,SPDR,SPDR,Mrre_missing_30,0.844,TI,phagocyte,dr3,20,trajectory,other
SPDR,SPDR,SPDR,aji_10,0.059,TI,phagocyte,dr1,20,trajectory,other
SPDR,SPDR,SPDR,aji_20,0.087,TI,phagocyte,dr1,20,trajectory,other
SPDR,SPDR,SPDR,aji_30,0.111,TI,phagocyte,dr1,20,trajectory,other
SPDR,SPDR,SPDR,nkr_10,0.119,TI,phagocyte,dr1,20,trajectory,other
SPDR,SPDR,SPDR,nkr_20,0.164,TI,phagocyte,dr1,20,trajectory,other
SPDR,SPDR,SPDR,nkr_30,0.204,TI,phagocyte,dr1,20,trajectory,other
SPDR,SPDR,SPDR,Mrre_missing_10,0.833,TI,pharynx,dr3,20,trajectory,other
SPDR,SPDR,SPDR,Mrre_missing_20,0.818,TI,pharynx,dr3,20,trajectory,other
SPDR,SPDR,SPDR,Mrre_missing_30,0.81,TI,pharynx,dr3,20,trajectory,other
SPDR,SPDR,SPDR,aji_10,0.092,TI,pharynx,dr1,20,trajectory,other
SPDR,SPDR,SPDR,aji_20,0.138,TI,pharynx,dr1,20,trajectory,other
SPDR,SPDR,SPDR,aji_30,0.174,TI,pharynx,dr1,20,trajectory,other
SPDR,SPDR,SPDR,nkr_10,0.179,TI,pharynx,dr1,20,trajectory,other
SPDR,SPDR,SPDR,nkr_20,0.256,TI,pharynx,dr1,20,trajectory,other
SPDR,SPDR,SPDR,nkr_30,0.305,TI,pharynx,dr1,20,trajectory,other
SPDR,SPDR,SPDR,Mrre_missing_10,0.862,TI,trophectoderm,dr3,20,trajectory,other
SPDR,SPDR,SPDR,Mrre_missing_20,0.848,TI,trophectoderm,dr3,20,trajectory,other
SPDR,SPDR,SPDR,Mrre_missing_30,0.833,TI,trophectoderm,dr3,20,trajectory,other
SPDR,SPDR,SPDR,aji_10,0.346,TI,trophectoderm,dr1,20,trajectory,other
SPDR,SPDR,SPDR,aji_20,0.484,TI,trophectoderm,dr1,20,trajectory,other
SPDR,SPDR,SPDR,aji_30,0.545,TI,trophectoderm,dr1,20,trajectory,other
SPDR,SPDR,SPDR,nkr_10,0.517,TI,trophectoderm,dr1,20,trajectory,other
SPDR,SPDR,SPDR,nkr_20,0.663,TI,trophectoderm,dr1,20,trajectory,other
SPDR,SPDR,SPDR,nkr_30,0.712,TI,trophectoderm,dr1,20,trajectory,other
SPDR,SPDR,SPDR,Mrre_missing_10,0.976,VASC,Baron,dr3,20,VASC,other
SPDR,SPDR,SPDR,Mrre_missing_20,0.974,VASC,Baron,dr3,20,VASC,other
SPDR,SPDR,SPDR,Mrre_missing_30,0.973,VASC,Baron,dr3,20,VASC,other
SPDR,SPDR,SPDR,aji_10,0.055,VASC,Baron,dr1,20,VASC,other
SPDR,SPDR,SPDR,aji_20,0.087,VASC,Baron,dr1,20,VASC,other
SPDR,SPDR,SPDR,aji_30,0.11,VASC,Baron,dr1,20,VASC,other
SPDR,SPDR,SPDR,nkr_10,0.107,VASC,Baron,dr1,20,VASC,other
SPDR,SPDR,SPDR,nkr_20,0.159,VASC,Baron,dr1,20,VASC,other
SPDR,SPDR,SPDR,nkr_30,0.195,VASC,Baron,dr1,20,VASC,other
SPDR,SPDR,SPDR,Mrre_missing_10,0.891,VASC,Biase,dr3,20,VASC,other
SPDR,SPDR,SPDR,Mrre_missing_20,0.879,VASC,Biase,dr3,20,VASC,other
SPDR,SPDR,SPDR,Mrre_missing_30,0.846,VASC,Biase,dr3,20,VASC,other
SPDR,SPDR,SPDR,aji_10,0.478,VASC,Biase,dr1,20,VASC,other
SPDR,SPDR,SPDR,aji_20,0.763,VASC,Biase,dr1,20,VASC,other
SPDR,SPDR,SPDR,aji_30,0.547,VASC,Biase,dr1,20,VASC,other
SPDR,SPDR,SPDR,nkr_10,0.648,VASC,Biase,dr1,20,VASC,other
SPDR,SPDR,SPDR,nkr_20,0.923,VASC,Biase,dr1,20,VASC,other
SPDR,SPDR,SPDR,nkr_30,0.754,VASC,Biase,dr1,20,VASC,other
SPDR,SPDR,SPDR,Mrre_missing_10,0.951,VASC,Goolam,dr3,20,VASC,other
SPDR,SPDR,SPDR,Mrre_missing_20,0.937,VASC,Goolam,dr3,20,VASC,other
SPDR,SPDR,SPDR,Mrre_missing_30,0.922,VASC,Goolam,dr3,20,VASC,other
SPDR,SPDR,SPDR,aji_10,0.489,VASC,Goolam,dr1,20,VASC,other
SPDR,SPDR,SPDR,aji_20,0.583,VASC,Goolam,dr1,20,VASC,other
SPDR,SPDR,SPDR,aji_30,0.615,VASC,Goolam,dr1,20,VASC,other
SPDR,SPDR,SPDR,nkr_10,0.685,VASC,Goolam,dr1,20,VASC,other
SPDR,SPDR,SPDR,nkr_20,0.772,VASC,Goolam,dr1,20,VASC,other
SPDR,SPDR,SPDR,nkr_30,0.775,VASC,Goolam,dr1,20,VASC,other
SPDR,SPDR,SPDR,Mrre_missing_10,0.833,VASC,Xin,dr3,20,VASC,other
SPDR,SPDR,SPDR,Mrre_missing_20,0.826,VASC,Xin,dr3,20,VASC,other
SPDR,SPDR,SPDR,Mrre_missing_30,0.821,VASC,Xin,dr3,20,VASC,other
SPDR,SPDR,SPDR,aji_10,0.039,VASC,Xin,dr1,20,VASC,other
SPDR,SPDR,SPDR,aji_20,0.059,VASC,Xin,dr1,20,VASC,other
SPDR,SPDR,SPDR,aji_30,0.074,VASC,Xin,dr1,20,VASC,other
SPDR,SPDR,SPDR,nkr_10,0.077,VASC,Xin,dr1,20,VASC,other
SPDR,SPDR,SPDR,nkr_20,0.109,VASC,Xin,dr1,20,VASC,other
SPDR,SPDR,SPDR,nkr_30,0.136,VASC,Xin,dr1,20,VASC,other
SPDR,SPDR,SPDR,Mrre_missing_10,0.939,VASC,Zeisel,dr3,20,VASC,other
SPDR,SPDR,SPDR,Mrre_missing_20,0.933,VASC,Zeisel,dr3,20,VASC,other
SPDR,SPDR,SPDR,Mrre_missing_30,0.929,VASC,Zeisel,dr3,20,VASC,other
SPDR,SPDR,SPDR,aji_10,0.087,VASC,Zeisel,dr1,20,VASC,other
SPDR,SPDR,SPDR,aji_20,0.13,VASC,Zeisel,dr1,20,VASC,other
SPDR,SPDR,SPDR,aji_30,0.156,VASC,Zeisel,dr1,20,VASC,other
SPDR,SPDR,SPDR,nkr_10,0.164,VASC,Zeisel,dr1,20,VASC,other
SPDR,SPDR,SPDR,nkr_20,0.227,VASC,Zeisel,dr1,20,VASC,other
SPDR,SPDR,SPDR,nkr_30,0.264,VASC,Zeisel,dr1,20,VASC,other
SPDR,SPDR,SPDR,Mrre_missing_10,0.945,VASC,yan,dr3,20,VASC,other
SPDR,SPDR,SPDR,Mrre_missing_20,0.942,VASC,yan,dr3,20,VASC,other
SPDR,SPDR,SPDR,Mrre_missing_30,0.935,VASC,yan,dr3,20,VASC,other
SPDR,SPDR,SPDR,aji_10,0.557,VASC,yan,dr1,20,VASC,other
SPDR,SPDR,SPDR,aji_20,0.757,VASC,yan,dr1,20,VASC,other
SPDR,SPDR,SPDR,aji_30,0.773,VASC,yan,dr1,20,VASC,other
SPDR,SPDR,SPDR,nkr_10,0.727,VASC,yan,dr1,20,VASC,other
SPDR,SPDR,SPDR,nkr_20,0.893,VASC,yan,dr1,20,VASC,other
SPDR,SPDR,SPDR,nkr_30,0.921,VASC,yan,dr1,20,VASC,other
SPDR,SPDR,SPDR,Mrre_missing_10,0.908,benchmarker,Baron_mouse,dr3,20,curated,other
SPDR,SPDR,SPDR,Mrre_missing_20,0.904,benchmarker,Baron_mouse,dr3,20,curated,other
SPDR,SPDR,SPDR,Mrre_missing_30,0.901,benchmarker,Baron_mouse,dr3,20,curated,other
SPDR,SPDR,SPDR,aji_10,0.082,benchmarker,Baron_mouse,dr1,20,curated,other
SPDR,SPDR,SPDR,aji_20,0.124,benchmarker,Baron_mouse,dr1,20,curated,other
SPDR,SPDR,SPDR,aji_30,0.156,benchmarker,Baron_mouse,dr1,20,curated,other
SPDR,SPDR,SPDR,nkr_10,0.149,benchmarker,Baron_mouse,dr1,20,curated,other
SPDR,SPDR,SPDR,nkr_20,0.212,benchmarker,Baron_mouse,dr1,20,curated,other
SPDR,SPDR,SPDR,nkr_30,0.254,benchmarker,Baron_mouse,dr1,20,curated,other
SPDR,SPDR,SPDR,Mrre_missing_10,0.922,benchmarker,Darmanis,dr3,20,curated,other
SPDR,SPDR,SPDR,Mrre_missing_20,0.915,benchmarker,Darmanis,dr3,20,curated,other
SPDR,SPDR,SPDR,Mrre_missing_30,0.908,benchmarker,Darmanis,dr3,20,curated,other
SPDR,SPDR,SPDR,aji_10,0.204,benchmarker,Darmanis,dr1,20,curated,other
SPDR,SPDR,SPDR,aji_20,0.296,benchmarker,Darmanis,dr1,20,curated,other
SPDR,SPDR,SPDR,aji_30,0.372,benchmarker,Darmanis,dr1,20,curated,other
SPDR,SPDR,SPDR,nkr_10,0.34,benchmarker,Darmanis,dr1,20,curated,other
SPDR,SPDR,SPDR,nkr_20,0.458,benchmarker,Darmanis,dr1,20,curated,other
SPDR,SPDR,SPDR,nkr_30,0.529,benchmarker,Darmanis,dr1,20,curated,other
SPDR,SPDR,SPDR,Mrre_missing_10,0.86,benchmarker,Pancreatic,dr3,20,curated,other
SPDR,SPDR,SPDR,Mrre_missing_20,0.842,benchmarker,Pancreatic,dr3,20,curated,other
SPDR,SPDR,SPDR,Mrre_missing_30,0.829,benchmarker,Pancreatic,dr3,20,curated,other
SPDR,SPDR,SPDR,aji_10,0.402,benchmarker,Pancreatic,dr1,20,curated,other
SPDR,SPDR,SPDR,aji_20,0.532,benchmarker,Pancreatic,dr1,20,curated,other
SPDR,SPDR,SPDR,aji_30,0.709,benchmarker,Pancreatic,dr1,20,curated,other
SPDR,SPDR,SPDR,nkr_10,0.61,benchmarker,Pancreatic,dr1,20,curated,other
SPDR,SPDR,SPDR,nkr_20,0.708,benchmarker,Pancreatic,dr1,20,curated,other
SPDR,SPDR,SPDR,nkr_30,0.836,benchmarker,Pancreatic,dr1,20,curated,other
SPDR,SPDR,SPDR,Mrre_missing_10,0.894,benchmarker,Silver,dr3,20,curated,other
SPDR,SPDR,SPDR,Mrre_missing_20,0.89,benchmarker,Silver,dr3,20,curated,other
SPDR,SPDR,SPDR,Mrre_missing_30,0.887,benchmarker,Silver,dr3,20,curated,other
SPDR,SPDR,SPDR,aji_10,0.025,benchmarker,Silver,dr1,20,curated,other
SPDR,SPDR,SPDR,aji_20,0.044,benchmarker,Silver,dr1,20,curated,other
SPDR,SPDR,SPDR,aji_30,0.062,benchmarker,Silver,dr1,20,curated,other
SPDR,SPDR,SPDR,nkr_10,0.048,benchmarker,Silver,dr1,20,curated,other
SPDR,SPDR,SPDR,nkr_20,0.081,benchmarker,Silver,dr1,20,curated,other
SPDR,SPDR,SPDR,nkr_30,0.11,benchmarker,Silver,dr1,20,curated,other
SPDR,SPDR,SPDR,Mrre_missing_10,0.876,benchmarker,Zhengmix4eq,dr3,20,curated,other
SPDR,SPDR,SPDR,Mrre_missing_20,0.872,benchmarker,Zhengmix4eq,dr3,20,curated,other
SPDR,SPDR,SPDR,Mrre_missing_30,0.869,benchmarker,Zhengmix4eq,dr3,20,curated,other
SPDR,SPDR,SPDR,aji_10,0.013,benchmarker,Zhengmix4eq,dr1,20,curated,other
SPDR,SPDR,SPDR,aji_20,0.023,benchmarker,Zhengmix4eq,dr1,20,curated,other
SPDR,SPDR,SPDR,aji_30,0.033,benchmarker,Zhengmix4eq,dr1,20,curated,other
SPDR,SPDR,SPDR,nkr_10,0.024,benchmarker,Zhengmix4eq,dr1,20,curated,other
SPDR,SPDR,SPDR,nkr_20,0.041,benchmarker,Zhengmix4eq,dr1,20,curated,other
SPDR,SPDR,SPDR,nkr_30,0.057,benchmarker,Zhengmix4eq,dr1,20,curated,other
SPDR,SPDR,SPDR,Mrre_missing_10,0.987,scDesign3,ACINAR,dr3,20,scDesign3,other
SPDR,SPDR,SPDR,Mrre_missing_20,0.985,scDesign3,ACINAR,dr3,20,scDesign3,other
SPDR,SPDR,SPDR,Mrre_missing_30,0.983,scDesign3,ACINAR,dr3,20,scDesign3,other
SPDR,SPDR,SPDR,aji_10,0.171,scDesign3,ACINAR,dr1,20,scDesign3,other
SPDR,SPDR,SPDR,aji_20,0.234,scDesign3,ACINAR,dr1,20,scDesign3,other
SPDR,SPDR,SPDR,aji_30,0.266,scDesign3,ACINAR,dr1,20,scDesign3,other
SPDR,SPDR,SPDR,nkr_10,0.315,scDesign3,ACINAR,dr1,20,scDesign3,other
SPDR,SPDR,SPDR,nkr_20,0.395,scDesign3,ACINAR,dr1,20,scDesign3,other
SPDR,SPDR,SPDR,nkr_30,0.43,scDesign3,ACINAR,dr1,20,scDesign3,other
SPDR,SPDR,SPDR,Mrre_missing_10,0.884,scDesign3,ATAC,dr3,20,scDesign3,other
SPDR,SPDR,SPDR,Mrre_missing_20,0.881,scDesign3,ATAC,dr3,20,scDesign3,other
SPDR,SPDR,SPDR,Mrre_missing_30,0.879,scDesign3,ATAC,dr3,20,scDesign3,other
SPDR,SPDR,SPDR,aji_10,0.006,scDesign3,ATAC,dr1,20,scDesign3,other
SPDR,SPDR,SPDR,aji_20,0.011,scDesign3,ATAC,dr1,20,scDesign3,other
SPDR,SPDR,SPDR,aji_30,0.015,scDesign3,ATAC,dr1,20,scDesign3,other
SPDR,SPDR,SPDR,nkr_10,0.012,scDesign3,ATAC,dr1,20,scDesign3,other
SPDR,SPDR,SPDR,nkr_20,0.021,scDesign3,ATAC,dr1,20,scDesign3,other
SPDR,SPDR,SPDR,nkr_30,0.029,scDesign3,ATAC,dr1,20,scDesign3,other
SPDR,SPDR,SPDR,Mrre_missing_10,0.991,scDesign3,BATCH,dr3,20,scDesign3,other
SPDR,SPDR,SPDR,Mrre_missing_20,0.989,scDesign3,BATCH,dr3,20,scDesign3,other
SPDR,SPDR,SPDR,Mrre_missing_30,0.988,scDesign3,BATCH,dr3,20,scDesign3,other
SPDR,SPDR,SPDR,aji_10,0.13,scDesign3,BATCH,dr1,20,scDesign3,other
SPDR,SPDR,SPDR,aji_20,0.192,scDesign3,BATCH,dr1,20,scDesign3,other
SPDR,SPDR,SPDR,aji_30,0.232,scDesign3,BATCH,dr1,20,scDesign3,other
SPDR,SPDR,SPDR,nkr_10,0.244,scDesign3,BATCH,dr1,20,scDesign3,other
SPDR,SPDR,SPDR,nkr_20,0.331,scDesign3,BATCH,dr1,20,scDesign3,other
SPDR,SPDR,SPDR,nkr_30,0.383,scDesign3,BATCH,dr1,20,scDesign3,other
SPDR,SPDR,SPDR,Mrre_missing_10,0.995,scDesign3,CITE,dr3,20,scDesign3,other
SPDR,SPDR,SPDR,Mrre_missing_20,0.995,scDesign3,CITE,dr3,20,scDesign3,other
SPDR,SPDR,SPDR,Mrre_missing_30,0.994,scDesign3,CITE,dr3,20,scDesign3,other
SPDR,SPDR,SPDR,aji_10,0.238,scDesign3,CITE,dr1,20,scDesign3,other
SPDR,SPDR,SPDR,aji_20,0.31,scDesign3,CITE,dr1,20,scDesign3,other
SPDR,SPDR,SPDR,aji_30,0.345,scDesign3,CITE,dr1,20,scDesign3,other
SPDR,SPDR,SPDR,nkr_10,0.412,scDesign3,CITE,dr1,20,scDesign3,other
SPDR,SPDR,SPDR,nkr_20,0.486,scDesign3,CITE,dr1,20,scDesign3,other
SPDR,SPDR,SPDR,nkr_30,0.517,scDesign3,CITE,dr1,20,scDesign3,other
SPDR,SPDR,SPDR,Mrre_missing_10,0.976,scDesign3,EMBYRO,dr3,20,scDesign3,other
SPDR,SPDR,SPDR,Mrre_missing_20,0.972,scDesign3,EMBYRO,dr3,20,scDesign3,other
SPDR,SPDR,SPDR,Mrre_missing_30,0.968,scDesign3,EMBYRO,dr3,20,scDesign3,other
SPDR,SPDR,SPDR,aji_10,0.271,scDesign3,EMBYRO,dr1,20,scDesign3,other
SPDR,SPDR,SPDR,aji_20,0.333,scDesign3,EMBYRO,dr1,20,scDesign3,other
SPDR,SPDR,SPDR,aji_30,0.362,scDesign3,EMBYRO,dr1,20,scDesign3,other
SPDR,SPDR,SPDR,nkr_10,0.456,scDesign3,EMBYRO,dr1,20,scDesign3,other
SPDR,SPDR,SPDR,nkr_20,0.517,scDesign3,EMBYRO,dr1,20,scDesign3,other
SPDR,SPDR,SPDR,nkr_30,0.538,scDesign3,EMBYRO,dr1,20,scDesign3,other
SPDR,SPDR,SPDR,Mrre_missing_10,0.988,scDesign3,IFNB,dr3,20,scDesign3,other
SPDR,SPDR,SPDR,Mrre_missing_20,0.987,scDesign3,IFNB,dr3,20,scDesign3,other
SPDR,SPDR,SPDR,Mrre_missing_30,0.986,scDesign3,IFNB,dr3,20,scDesign3,other
SPDR,SPDR,SPDR,aji_10,0.085,scDesign3,IFNB,dr1,20,scDesign3,other
SPDR,SPDR,SPDR,aji_20,0.124,scDesign3,IFNB,dr1,20,scDesign3,other
SPDR,SPDR,SPDR,aji_30,0.15,scDesign3,IFNB,dr1,20,scDesign3,other
SPDR,SPDR,SPDR,nkr_10,0.165,scDesign3,IFNB,dr1,20,scDesign3,other
SPDR,SPDR,SPDR,nkr_20,0.224,scDesign3,IFNB,dr1,20,scDesign3,other
SPDR,SPDR,SPDR,nkr_30,0.259,scDesign3,IFNB,dr1,20,scDesign3,other
SPDR,SPDR,SPDR,Mrre_missing_10,0.978,scDesign3,MARROW,dr3,20,scDesign3,other
SPDR,SPDR,SPDR,Mrre_missing_20,0.976,scDesign3,MARROW,dr3,20,scDesign3,other
SPDR,SPDR,SPDR,Mrre_missing_30,0.975,scDesign3,MARROW,dr3,20,scDesign3,other
SPDR,SPDR,SPDR,aji_10,0.103,scDesign3,MARROW,dr1,20,scDesign3,other
SPDR,SPDR,SPDR,aji_20,0.154,scDesign3,MARROW,dr1,20,scDesign3,other
SPDR,SPDR,SPDR,aji_30,0.189,scDesign3,MARROW,dr1,20,scDesign3,other
SPDR,SPDR,SPDR,nkr_10,0.192,scDesign3,MARROW,dr1,20,scDesign3,other
SPDR,SPDR,SPDR,nkr_20,0.27,scDesign3,MARROW,dr1,20,scDesign3,other
SPDR,SPDR,SPDR,nkr_30,0.322,scDesign3,MARROW,dr1,20,scDesign3,other
SPDR,SPDR,SPDR,Mrre_missing_10,0.911,scDesign3,MOBSC,dr3,20,scDesign3,other
SPDR,SPDR,SPDR,Mrre_missing_20,0.908,scDesign3,MOBSC,dr3,20,scDesign3,other
SPDR,SPDR,SPDR,Mrre_missing_30,0.906,scDesign3,MOBSC,dr3,20,scDesign3,other
SPDR,SPDR,SPDR,aji_10,0.012,scDesign3,MOBSC,dr1,20,scDesign3,other
SPDR,SPDR,SPDR,aji_20,0.02,scDesign3,MOBSC,dr1,20,scDesign3,other
SPDR,SPDR,SPDR,aji_30,0.027,scDesign3,MOBSC,dr1,20,scDesign3,other
SPDR,SPDR,SPDR,nkr_10,0.025,scDesign3,MOBSC,dr1,20,scDesign3,other
SPDR,SPDR,SPDR,nkr_20,0.04,scDesign3,MOBSC,dr1,20,scDesign3,other
SPDR,SPDR,SPDR,nkr_30,0.052,scDesign3,MOBSC,dr1,20,scDesign3,other
SPDR,SPDR,SPDR,Mrre_missing_10,0.991,scDesign3,OVARIAN,dr3,20,scDesign3,other
SPDR,SPDR,SPDR,Mrre_missing_20,0.989,scDesign3,OVARIAN,dr3,20,scDesign3,other
SPDR,SPDR,SPDR,Mrre_missing_30,0.988,scDesign3,OVARIAN,dr3,20,scDesign3,other
SPDR,SPDR,SPDR,aji_10,0.171,scDesign3,OVARIAN,dr1,20,scDesign3,other
SPDR,SPDR,SPDR,aji_20,0.235,scDesign3,OVARIAN,dr1,20,scDesign3,other
SPDR,SPDR,SPDR,aji_30,0.273,scDesign3,OVARIAN,dr1,20,scDesign3,other
SPDR,SPDR,SPDR,nkr_10,0.313,scDesign3,OVARIAN,dr1,20,scDesign3,other
SPDR,SPDR,SPDR,nkr_20,0.396,scDesign3,OVARIAN,dr1,20,scDesign3,other
SPDR,SPDR,SPDR,nkr_30,0.438,scDesign3,OVARIAN,dr1,20,scDesign3,other
SPDR,SPDR,SPDR,Mrre_missing_10,0.98,scDesign3,PANCREAS,dr3,20,scDesign3,other
SPDR,SPDR,SPDR,Mrre_missing_20,0.978,scDesign3,PANCREAS,dr3,20,scDesign3,other
SPDR,SPDR,SPDR,Mrre_missing_30,0.977,scDesign3,PANCREAS,dr3,20,scDesign3,other
SPDR,SPDR,SPDR,aji_10,0.167,scDesign3,PANCREAS,dr1,20,scDesign3,other
SPDR,SPDR,SPDR,aji_20,0.236,scDesign3,PANCREAS,dr1,20,scDesign3,other
SPDR,SPDR,SPDR,aji_30,0.279,scDesign3,PANCREAS,dr1,20,scDesign3,other
SPDR,SPDR,SPDR,nkr_10,0.305,scDesign3,PANCREAS,dr1,20,scDesign3,other
SPDR,SPDR,SPDR,nkr_20,0.394,scDesign3,PANCREAS,dr1,20,scDesign3,other
SPDR,SPDR,SPDR,nkr_30,0.443,scDesign3,PANCREAS,dr1,20,scDesign3,other
SPDR,SPDR,SPDR,Mrre_missing_10,0.924,scDesign3,SCGEMMETH,dr3,20,scDesign3,other
SPDR,SPDR,SPDR,Mrre_missing_20,0.916,scDesign3,SCGEMMETH,dr3,20,scDesign3,other
SPDR,SPDR,SPDR,Mrre_missing_30,0.91,scDesign3,SCGEMMETH,dr3,20,scDesign3,other
SPDR,SPDR,SPDR,aji_10,0.307,scDesign3,SCGEMMETH,dr1,20,scDesign3,other
SPDR,SPDR,SPDR,aji_20,0.429,scDesign3,SCGEMMETH,dr1,20,scDesign3,other
SPDR,SPDR,SPDR,aji_30,0.495,scDesign3,SCGEMMETH,dr1,20,scDesign3,other
SPDR,SPDR,SPDR,nkr_10,0.525,scDesign3,SCGEMMETH,dr1,20,scDesign3,other
SPDR,SPDR,SPDR,nkr_20,0.638,scDesign3,SCGEMMETH,dr1,20,scDesign3,other
SPDR,SPDR,SPDR,nkr_30,0.685,scDesign3,SCGEMMETH,dr1,20,scDesign3,other
SPDR,SPDR,SPDR,Mrre_missing_10,0.949,scDesign3,SCGEMRNA,dr3,20,scDesign3,other
SPDR,SPDR,SPDR,Mrre_missing_20,0.939,scDesign3,SCGEMRNA,dr3,20,scDesign3,other
SPDR,SPDR,SPDR,Mrre_missing_30,0.933,scDesign3,SCGEMRNA,dr3,20,scDesign3,other
SPDR,SPDR,SPDR,aji_10,0.378,scDesign3,SCGEMRNA,dr1,20,scDesign3,other
SPDR,SPDR,SPDR,aji_20,0.437,scDesign3,SCGEMRNA,dr1,20,scDesign3,other
SPDR,SPDR,SPDR,aji_30,0.527,scDesign3,SCGEMRNA,dr1,20,scDesign3,other
SPDR,SPDR,SPDR,nkr_10,0.592,scDesign3,SCGEMRNA,dr1,20,scDesign3,other
SPDR,SPDR,SPDR,nkr_20,0.639,scDesign3,SCGEMRNA,dr1,20,scDesign3,other
SPDR,SPDR,SPDR,nkr_30,0.704,scDesign3,SCGEMRNA,dr1,20,scDesign3,other
SPDR,SPDR,SPDR,Mrre_missing_10,0.589,scDesign3,SCIATAC,dr3,20,scDesign3,other
SPDR,SPDR,SPDR,Mrre_missing_20,0.591,scDesign3,SCIATAC,dr3,20,scDesign3,other
SPDR,SPDR,SPDR,Mrre_missing_30,0.592,scDesign3,SCIATAC,dr3,20,scDesign3,other
SPDR,SPDR,SPDR,aji_10,0.002,scDesign3,SCIATAC,dr1,20,scDesign3,other
SPDR,SPDR,SPDR,aji_20,0.005,scDesign3,SCIATAC,dr1,20,scDesign3,other
SPDR,SPDR,SPDR,aji_30,0.007,scDesign3,SCIATAC,dr1,20,scDesign3,other
SPDR,SPDR,SPDR,nkr_10,0.004,scDesign3,SCIATAC,dr1,20,scDesign3,other
SPDR,SPDR,SPDR,nkr_20,0.009,scDesign3,SCIATAC,dr1,20,scDesign3,other
SPDR,SPDR,SPDR,nkr_30,0.013,scDesign3,SCIATAC,dr1,20,scDesign3,other
SPDR,SPDR,SPDR,Mrre_missing_10,0.802,scDesign3,SLIDE,dr3,20,scDesign3,other
SPDR,SPDR,SPDR,Mrre_missing_20,0.795,scDesign3,SLIDE,dr3,20,scDesign3,other
SPDR,SPDR,SPDR,Mrre_missing_30,0.79,scDesign3,SLIDE,dr3,20,scDesign3,other
SPDR,SPDR,SPDR,aji_10,0.006,scDesign3,SLIDE,dr1,20,scDesign3,other
SPDR,SPDR,SPDR,aji_20,0.009,scDesign3,SLIDE,dr1,20,scDesign3,other
SPDR,SPDR,SPDR,aji_30,0.012,scDesign3,SLIDE,dr1,20,scDesign3,other
SPDR,SPDR,SPDR,nkr_10,0.012,scDesign3,SLIDE,dr1,20,scDesign3,other
SPDR,SPDR,SPDR,nkr_20,0.018,scDesign3,SLIDE,dr1,20,scDesign3,other
SPDR,SPDR,SPDR,nkr_30,0.023,scDesign3,SLIDE,dr1,20,scDesign3,other
SPDR,SPDR,SPDR,Mrre_missing_10,0.992,scDesign3,VISIUM,dr3,20,scDesign3,other
SPDR,SPDR,SPDR,Mrre_missing_20,0.99,scDesign3,VISIUM,dr3,20,scDesign3,other
SPDR,SPDR,SPDR,Mrre_missing_30,0.988,scDesign3,VISIUM,dr3,20,scDesign3,other
SPDR,SPDR,SPDR,aji_10,0.249,scDesign3,VISIUM,dr1,20,scDesign3,other
SPDR,SPDR,SPDR,aji_20,0.331,scDesign3,VISIUM,dr1,20,scDesign3,other
SPDR,SPDR,SPDR,aji_30,0.369,scDesign3,VISIUM,dr1,20,scDesign3,other
SPDR,SPDR,SPDR,nkr_10,0.432,scDesign3,VISIUM,dr1,20,scDesign3,other
SPDR,SPDR,SPDR,nkr_20,0.515,scDesign3,VISIUM,dr1,20,scDesign3,other
SPDR,SPDR,SPDR,nkr_30,0.548,scDesign3,VISIUM,dr1,20,scDesign3,other
IVIS,ivis,IVIS,Mrre_missing_10,0.888,SIMLR,Pollen,dr3,21,SIMLR,other
IVIS,ivis,IVIS,Mrre_missing_20,0.88,SIMLR,Pollen,dr3,21,SIMLR,other
IVIS,ivis,IVIS,Mrre_missing_30,0.863,SIMLR,Pollen,dr3,21,SIMLR,other
IVIS,ivis,IVIS,aji_10,0.137,SIMLR,Pollen,dr1,21,SIMLR,other
IVIS,ivis,IVIS,aji_20,0.249,SIMLR,Pollen,dr1,21,SIMLR,other
IVIS,ivis,IVIS,aji_30,0.326,SIMLR,Pollen,dr1,21,SIMLR,other
IVIS,ivis,IVIS,nkr_10,0.23,SIMLR,Pollen,dr1,21,SIMLR,other
IVIS,ivis,IVIS,nkr_20,0.387,SIMLR,Pollen,dr1,21,SIMLR,other
IVIS,ivis,IVIS,nkr_30,0.487,SIMLR,Pollen,dr1,21,SIMLR,other
IVIS,ivis,IVIS,Mrre_missing_10,0.699,SIMLR,Usoskin,dr3,21,SIMLR,other
IVIS,ivis,IVIS,Mrre_missing_20,0.691,SIMLR,Usoskin,dr3,21,SIMLR,other
IVIS,ivis,IVIS,Mrre_missing_30,0.685,SIMLR,Usoskin,dr3,21,SIMLR,other
IVIS,ivis,IVIS,aji_10,0.019,SIMLR,Usoskin,dr1,21,SIMLR,other
IVIS,ivis,IVIS,aji_20,0.038,SIMLR,Usoskin,dr1,21,SIMLR,other
IVIS,ivis,IVIS,aji_30,0.055,SIMLR,Usoskin,dr1,21,SIMLR,other
IVIS,ivis,IVIS,nkr_10,0.036,SIMLR,Usoskin,dr1,21,SIMLR,other
IVIS,ivis,IVIS,nkr_20,0.068,SIMLR,Usoskin,dr1,21,SIMLR,other
IVIS,ivis,IVIS,nkr_30,0.097,SIMLR,Usoskin,dr1,21,SIMLR,other
IVIS,ivis,IVIS,Mrre_missing_10,0.824,TI,DA1_horns,dr3,21,trajectory,other
IVIS,ivis,IVIS,Mrre_missing_20,0.825,TI,DA1_horns,dr3,21,trajectory,other
IVIS,ivis,IVIS,Mrre_missing_30,0.825,TI,DA1_horns,dr3,21,trajectory,other
IVIS,ivis,IVIS,aji_10,0.075,TI,DA1_horns,dr1,21,trajectory,other
IVIS,ivis,IVIS,aji_20,0.167,TI,DA1_horns,dr1,21,trajectory,other
IVIS,ivis,IVIS,aji_30,0.253,TI,DA1_horns,dr1,21,trajectory,other
IVIS,ivis,IVIS,nkr_10,0.141,TI,DA1_horns,dr1,21,trajectory,other
IVIS,ivis,IVIS,nkr_20,0.276,TI,DA1_horns,dr1,21,trajectory,other
IVIS,ivis,IVIS,nkr_30,0.389,TI,DA1_horns,dr1,21,trajectory,other
IVIS,ivis,IVIS,Mrre_missing_10,0.814,TI,DC3_VA1d_horns,dr3,21,trajectory,other
IVIS,ivis,IVIS,Mrre_missing_20,0.815,TI,DC3_VA1d_horns,dr3,21,trajectory,other
IVIS,ivis,IVIS,Mrre_missing_30,0.815,TI,DC3_VA1d_horns,dr3,21,trajectory,other
IVIS,ivis,IVIS,aji_10,0.106,TI,DC3_VA1d_horns,dr1,21,trajectory,other
IVIS,ivis,IVIS,aji_20,0.219,TI,DC3_VA1d_horns,dr1,21,trajectory,other
IVIS,ivis,IVIS,aji_30,0.345,TI,DC3_VA1d_horns,dr1,21,trajectory,other
IVIS,ivis,IVIS,nkr_10,0.189,TI,DC3_VA1d_horns,dr1,21,trajectory,other
IVIS,ivis,IVIS,nkr_20,0.346,TI,DC3_VA1d_horns,dr1,21,trajectory,other
IVIS,ivis,IVIS,nkr_30,0.493,TI,DC3_VA1d_horns,dr1,21,trajectory,other
IVIS,ivis,IVIS,Mrre_missing_10,0.933,TI,ICM,dr3,21,trajectory,other
IVIS,ivis,IVIS,Mrre_missing_20,0.93,TI,ICM,dr3,21,trajectory,other
IVIS,ivis,IVIS,Mrre_missing_30,0.927,TI,ICM,dr3,21,trajectory,other
IVIS,ivis,IVIS,aji_10,0.187,TI,ICM,dr1,21,trajectory,other
IVIS,ivis,IVIS,aji_20,0.362,TI,ICM,dr1,21,trajectory,other
IVIS,ivis,IVIS,aji_30,0.53,TI,ICM,dr1,21,trajectory,other
IVIS,ivis,IVIS,nkr_10,0.317,TI,ICM,dr1,21,trajectory,other
IVIS,ivis,IVIS,nkr_20,0.521,TI,ICM,dr1,21,trajectory,other
IVIS,ivis,IVIS,nkr_30,0.673,TI,ICM,dr1,21,trajectory,other
IVIS,ivis,IVIS,Mrre_missing_10,0.94,TI,blastocyst,dr3,21,trajectory,other
IVIS,ivis,IVIS,Mrre_missing_20,0.94,TI,blastocyst,dr3,21,trajectory,other
IVIS,ivis,IVIS,Mrre_missing_30,0.939,TI,blastocyst,dr3,21,trajectory,other
IVIS,ivis,IVIS,aji_10,0.188,TI,blastocyst,dr1,21,trajectory,other
IVIS,ivis,IVIS,aji_20,0.333,TI,blastocyst,dr1,21,trajectory,other
IVIS,ivis,IVIS,aji_30,0.466,TI,blastocyst,dr1,21,trajectory,other
IVIS,ivis,IVIS,nkr_10,0.314,TI,blastocyst,dr1,21,trajectory,other
IVIS,ivis,IVIS,nkr_20,0.495,TI,blastocyst,dr1,21,trajectory,other
IVIS,ivis,IVIS,nkr_30,0.623,TI,blastocyst,dr1,21,trajectory,other
IVIS,ivis,IVIS,Mrre_missing_10,0.867,TI,combination-1,dr3,21,trajectory,other
IVIS,ivis,IVIS,Mrre_missing_20,0.86,TI,combination-1,dr3,21,trajectory,other
IVIS,ivis,IVIS,Mrre_missing_30,0.855,TI,combination-1,dr3,21,trajectory,other
IVIS,ivis,IVIS,aji_10,0.008,TI,combination-1,dr1,21,trajectory,other
IVIS,ivis,IVIS,aji_20,0.014,TI,combination-1,dr1,21,trajectory,other
IVIS,ivis,IVIS,aji_30,0.02,TI,combination-1,dr1,21,trajectory,other
IVIS,ivis,IVIS,nkr_10,0.016,TI,combination-1,dr1,21,trajectory,other
IVIS,ivis,IVIS,nkr_20,0.028,TI,combination-1,dr1,21,trajectory,other
IVIS,ivis,IVIS,nkr_30,0.039,TI,combination-1,dr1,21,trajectory,other
IVIS,ivis,IVIS,Mrre_missing_10,0.855,TI,combination-2,dr3,21,trajectory,other
IVIS,ivis,IVIS,Mrre_missing_20,0.845,TI,combination-2,dr3,21,trajectory,other
IVIS,ivis,IVIS,Mrre_missing_30,0.839,TI,combination-2,dr3,21,trajectory,other
IVIS,ivis,IVIS,aji_10,0.008,TI,combination-2,dr1,21,trajectory,other
IVIS,ivis,IVIS,aji_20,0.016,TI,combination-2,dr1,21,trajectory,other
IVIS,ivis,IVIS,aji_30,0.022,TI,combination-2,dr1,21,trajectory,other
IVIS,ivis,IVIS,nkr_10,0.016,TI,combination-2,dr1,21,trajectory,other
IVIS,ivis,IVIS,nkr_20,0.031,TI,combination-2,dr1,21,trajectory,other
IVIS,ivis,IVIS,nkr_30,0.042,TI,combination-2,dr1,21,trajectory,other
IVIS,ivis,IVIS,Mrre_missing_10,0.881,TI,combination-3,dr3,21,trajectory,other
IVIS,ivis,IVIS,Mrre_missing_20,0.875,TI,combination-3,dr3,21,trajectory,other
IVIS,ivis,IVIS,Mrre_missing_30,0.871,TI,combination-3,dr3,21,trajectory,other
IVIS,ivis,IVIS,aji_10,0.018,TI,combination-3,dr1,21,trajectory,other
IVIS,ivis,IVIS,aji_20,0.029,TI,combination-3,dr1,21,trajectory,other
IVIS,ivis,IVIS,aji_30,0.041,TI,combination-3,dr1,21,trajectory,other
IVIS,ivis,IVIS,nkr_10,0.032,TI,combination-3,dr1,21,trajectory,other
IVIS,ivis,IVIS,nkr_20,0.056,TI,combination-3,dr1,21,trajectory,other
IVIS,ivis,IVIS,nkr_30,0.077,TI,combination-3,dr1,21,trajectory,other
IVIS,ivis,IVIS,Mrre_missing_10,0.892,TI,epiblast,dr3,21,trajectory,other
IVIS,ivis,IVIS,Mrre_missing_20,0.887,TI,epiblast,dr3,21,trajectory,other
IVIS,ivis,IVIS,Mrre_missing_30,0.883,TI,epiblast,dr3,21,trajectory,other
IVIS,ivis,IVIS,aji_10,0.2,TI,epiblast,dr1,21,trajectory,other
IVIS,ivis,IVIS,aji_20,0.348,TI,epiblast,dr1,21,trajectory,other
IVIS,ivis,IVIS,aji_30,0.478,TI,epiblast,dr1,21,trajectory,other
IVIS,ivis,IVIS,nkr_10,0.333,TI,epiblast,dr1,21,trajectory,other
IVIS,ivis,IVIS,nkr_20,0.504,TI,epiblast,dr1,21,trajectory,other
IVIS,ivis,IVIS,nkr_30,0.623,TI,epiblast,dr1,21,trajectory,other
IVIS,ivis,IVIS,Mrre_missing_10,0.859,TI,epidermis,dr3,21,trajectory,other
IVIS,ivis,IVIS,Mrre_missing_20,0.853,TI,epidermis,dr3,21,trajectory,other
IVIS,ivis,IVIS,Mrre_missing_30,0.849,TI,epidermis,dr3,21,trajectory,other
IVIS,ivis,IVIS,aji_10,0.009,TI,epidermis,dr1,21,trajectory,other
IVIS,ivis,IVIS,aji_20,0.015,TI,epidermis,dr1,21,trajectory,other
IVIS,ivis,IVIS,aji_30,0.021,TI,epidermis,dr1,21,trajectory,other
IVIS,ivis,IVIS,nkr_10,0.018,TI,epidermis,dr1,21,trajectory,other
IVIS,ivis,IVIS,nkr_20,0.03,TI,epidermis,dr1,21,trajectory,other
IVIS,ivis,IVIS,nkr_30,0.041,TI,epidermis,dr1,21,trajectory,other
IVIS,ivis,IVIS,Mrre_missing_10,0.886,TI,horns,dr3,21,trajectory,other
IVIS,ivis,IVIS,Mrre_missing_20,0.884,TI,horns,dr3,21,trajectory,other
IVIS,ivis,IVIS,Mrre_missing_30,0.881,TI,horns,dr3,21,trajectory,other
IVIS,ivis,IVIS,aji_10,0.079,TI,horns,dr1,21,trajectory,other
IVIS,ivis,IVIS,aji_20,0.139,TI,horns,dr1,21,trajectory,other
IVIS,ivis,IVIS,aji_30,0.195,TI,horns,dr1,21,trajectory,other
IVIS,ivis,IVIS,nkr_10,0.148,TI,horns,dr1,21,trajectory,other
IVIS,ivis,IVIS,nkr_20,0.244,TI,horns,dr1,21,trajectory,other
IVIS,ivis,IVIS,nkr_30,0.323,TI,horns,dr1,21,trajectory,other
IVIS,ivis,IVIS,Mrre_missing_10,0.84,TI,muscle,dr3,21,trajectory,other
IVIS,ivis,IVIS,Mrre_missing_20,0.831,TI,muscle,dr3,21,trajectory,other
IVIS,ivis,IVIS,Mrre_missing_30,0.826,TI,muscle,dr3,21,trajectory,other
IVIS,ivis,IVIS,aji_10,0.007,TI,muscle,dr1,21,trajectory,other
IVIS,ivis,IVIS,aji_20,0.014,TI,muscle,dr1,21,trajectory,other
IVIS,ivis,IVIS,aji_30,0.019,TI,muscle,dr1,21,trajectory,other
IVIS,ivis,IVIS,nkr_10,0.014,TI,muscle,dr1,21,trajectory,other
IVIS,ivis,IVIS,nkr_20,0.026,TI,muscle,dr1,21,trajectory,other
IVIS,ivis,IVIS,nkr_30,0.038,TI,muscle,dr1,21,trajectory,other
IVIS,ivis,IVIS,Mrre_missing_10,0.804,TI,neuron,dr3,21,trajectory,other
IVIS,ivis,IVIS,Mrre_missing_20,0.794,TI,neuron,dr3,21,trajectory,other
IVIS,ivis,IVIS,Mrre_missing_30,0.787,TI,neuron,dr3,21,trajectory,other
IVIS,ivis,IVIS,aji_10,0.006,TI,neuron,dr1,21,trajectory,other
IVIS,ivis,IVIS,aji_20,0.011,TI,neuron,dr1,21,trajectory,other
IVIS,ivis,IVIS,aji_30,0.015,TI,neuron,dr1,21,trajectory,other
IVIS,ivis,IVIS,nkr_10,0.012,TI,neuron,dr1,21,trajectory,other
IVIS,ivis,IVIS,nkr_20,0.022,TI,neuron,dr1,21,trajectory,other
IVIS,ivis,IVIS,nkr_30,0.03,TI,neuron,dr1,21,trajectory,other
IVIS,ivis,IVIS,Mrre_missing_10,0.901,TI,pair-1,dr3,21,trajectory,other
IVIS,ivis,IVIS,Mrre_missing_20,0.894,TI,pair-1,dr3,21,trajectory,other
IVIS,ivis,IVIS,Mrre_missing_30,0.889,TI,pair-1,dr3,21,trajectory,other
IVIS,ivis,IVIS,aji_10,0.005,TI,pair-1,dr1,21,trajectory,other
IVIS,ivis,IVIS,aji_20,0.009,TI,pair-1,dr1,21,trajectory,other
IVIS,ivis,IVIS,aji_30,0.012,TI,pair-1,dr1,21,trajectory,other
IVIS,ivis,IVIS,nkr_10,0.009,TI,pair-1,dr1,21,trajectory,other
IVIS,ivis,IVIS,nkr_20,0.017,TI,pair-1,dr1,21,trajectory,other
IVIS,ivis,IVIS,nkr_30,0.023,TI,pair-1,dr1,21,trajectory,other
IVIS,ivis,IVIS,Mrre_missing_10,0.857,TI,pair-2,dr3,21,trajectory,other
IVIS,ivis,IVIS,Mrre_missing_20,0.848,TI,pair-2,dr3,21,trajectory,other
IVIS,ivis,IVIS,Mrre_missing_30,0.842,TI,pair-2,dr3,21,trajectory,other
IVIS,ivis,IVIS,aji_10,0.004,TI,pair-2,dr1,21,trajectory,other
IVIS,ivis,IVIS,aji_20,0.006,TI,pair-2,dr1,21,trajectory,other
IVIS,ivis,IVIS,aji_30,0.009,TI,pair-2,dr1,21,trajectory,other
IVIS,ivis,IVIS,nkr_10,0.007,TI,pair-2,dr1,21,trajectory,other
IVIS,ivis,IVIS,nkr_20,0.012,TI,pair-2,dr1,21,trajectory,other
IVIS,ivis,IVIS,nkr_30,0.017,TI,pair-2,dr1,21,trajectory,other
IVIS,ivis,IVIS,Mrre_missing_10,0.851,TI,pair-3,dr3,21,trajectory,other
IVIS,ivis,IVIS,Mrre_missing_20,0.843,TI,pair-3,dr3,21,trajectory,other
IVIS,ivis,IVIS,Mrre_missing_30,0.837,TI,pair-3,dr3,21,trajectory,other
IVIS,ivis,IVIS,aji_10,0.004,TI,pair-3,dr1,21,trajectory,other
IVIS,ivis,IVIS,aji_20,0.007,TI,pair-3,dr1,21,trajectory,other
IVIS,ivis,IVIS,aji_30,0.01,TI,pair-3,dr1,21,trajectory,other
IVIS,ivis,IVIS,nkr_10,0.008,TI,pair-3,dr1,21,trajectory,other
IVIS,ivis,IVIS,nkr_20,0.014,TI,pair-3,dr1,21,trajectory,other
IVIS,ivis,IVIS,nkr_30,0.019,TI,pair-3,dr1,21,trajectory,other
IVIS,ivis,IVIS,Mrre_missing_10,0.812,TI,pair-4,dr3,21,trajectory,other
IVIS,ivis,IVIS,Mrre_missing_20,0.804,TI,pair-4,dr3,21,trajectory,other
IVIS,ivis,IVIS,Mrre_missing_30,0.798,TI,pair-4,dr3,21,trajectory,other
IVIS,ivis,IVIS,aji_10,0.003,TI,pair-4,dr1,21,trajectory,other
IVIS,ivis,IVIS,aji_20,0.005,TI,pair-4,dr1,21,trajectory,other
IVIS,ivis,IVIS,aji_30,0.007,TI,pair-4,dr1,21,trajectory,other
IVIS,ivis,IVIS,nkr_10,0.006,TI,pair-4,dr1,21,trajectory,other
IVIS,ivis,IVIS,nkr_20,0.01,TI,pair-4,dr1,21,trajectory,other
IVIS,ivis,IVIS,nkr_30,0.013,TI,pair-4,dr1,21,trajectory,other
IVIS,ivis,IVIS,Mrre_missing_10,0.877,TI,parenchyme,dr3,21,trajectory,other
IVIS,ivis,IVIS,Mrre_missing_20,0.87,TI,parenchyme,dr3,21,trajectory,other
IVIS,ivis,IVIS,Mrre_missing_30,0.866,TI,parenchyme,dr3,21,trajectory,other
IVIS,ivis,IVIS,aji_10,0.013,TI,parenchyme,dr1,21,trajectory,other
IVIS,ivis,IVIS,aji_20,0.025,TI,parenchyme,dr1,21,trajectory,other
IVIS,ivis,IVIS,aji_30,0.035,TI,parenchyme,dr1,21,trajectory,other
IVIS,ivis,IVIS,nkr_10,0.027,TI,parenchyme,dr1,21,trajectory,other
IVIS,ivis,IVIS,nkr_20,0.048,TI,parenchyme,dr1,21,trajectory,other
IVIS,ivis,IVIS,nkr_30,0.067,TI,parenchyme,dr1,21,trajectory,other
IVIS,ivis,IVIS,Mrre_missing_10,0.837,TI,phagocyte,dr3,21,trajectory,other
IVIS,ivis,IVIS,Mrre_missing_20,0.835,TI,phagocyte,dr3,21,trajectory,other
IVIS,ivis,IVIS,Mrre_missing_30,0.833,TI,phagocyte,dr3,21,trajectory,other
IVIS,ivis,IVIS,aji_10,0.027,TI,phagocyte,dr1,21,trajectory,other
IVIS,ivis,IVIS,aji_20,0.051,TI,phagocyte,dr1,21,trajectory,other
IVIS,ivis,IVIS,aji_30,0.073,TI,phagocyte,dr1,21,trajectory,other
IVIS,ivis,IVIS,nkr_10,0.053,TI,phagocyte,dr1,21,trajectory,other
IVIS,ivis,IVIS,nkr_20,0.1,TI,phagocyte,dr1,21,trajectory,other
IVIS,ivis,IVIS,nkr_30,0.135,TI,phagocyte,dr1,21,trajectory,other
IVIS,ivis,IVIS,Mrre_missing_10,0.775,TI,pharynx,dr3,21,trajectory,other
IVIS,ivis,IVIS,Mrre_missing_20,0.761,TI,pharynx,dr3,21,trajectory,other
IVIS,ivis,IVIS,Mrre_missing_30,0.754,TI,pharynx,dr3,21,trajectory,other
IVIS,ivis,IVIS,aji_10,0.035,TI,pharynx,dr1,21,trajectory,other
IVIS,ivis,IVIS,aji_20,0.07,TI,pharynx,dr1,21,trajectory,other
IVIS,ivis,IVIS,aji_30,0.103,TI,pharynx,dr1,21,trajectory,other
IVIS,ivis,IVIS,nkr_10,0.072,TI,pharynx,dr1,21,trajectory,other
IVIS,ivis,IVIS,nkr_20,0.134,TI,pharynx,dr1,21,trajectory,other
IVIS,ivis,IVIS,nkr_30,0.193,TI,pharynx,dr1,21,trajectory,other
IVIS,ivis,IVIS,Mrre_missing_10,0.837,TI,trophectoderm,dr3,21,trajectory,other
IVIS,ivis,IVIS,Mrre_missing_20,0.828,TI,trophectoderm,dr3,21,trajectory,other
IVIS,ivis,IVIS,Mrre_missing_30,0.818,TI,trophectoderm,dr3,21,trajectory,other
IVIS,ivis,IVIS,aji_10,0.256,TI,trophectoderm,dr1,21,trajectory,other
IVIS,ivis,IVIS,aji_20,0.424,TI,trophectoderm,dr1,21,trajectory,other
IVIS,ivis,IVIS,aji_30,0.522,TI,trophectoderm,dr1,21,trajectory,other
IVIS,ivis,IVIS,nkr_10,0.417,TI,trophectoderm,dr1,21,trajectory,other
IVIS,ivis,IVIS,nkr_20,0.607,TI,trophectoderm,dr1,21,trajectory,other
IVIS,ivis,IVIS,nkr_30,0.696,TI,trophectoderm,dr1,21,trajectory,other
IVIS,ivis,IVIS,Mrre_missing_10,0.969,VASC,Baron,dr3,21,VASC,other
IVIS,ivis,IVIS,Mrre_missing_20,0.967,VASC,Baron,dr3,21,VASC,other
IVIS,ivis,IVIS,Mrre_missing_30,0.966,VASC,Baron,dr3,21,VASC,other
IVIS,ivis,IVIS,aji_10,0.021,VASC,Baron,dr1,21,VASC,other
IVIS,ivis,IVIS,aji_20,0.038,VASC,Baron,dr1,21,VASC,other
IVIS,ivis,IVIS,aji_30,0.052,VASC,Baron,dr1,21,VASC,other
IVIS,ivis,IVIS,nkr_10,0.041,VASC,Baron,dr1,21,VASC,other
IVIS,ivis,IVIS,nkr_20,0.072,VASC,Baron,dr1,21,VASC,other
IVIS,ivis,IVIS,nkr_30,0.098,VASC,Baron,dr1,21,VASC,other
IVIS,ivis,IVIS,Mrre_missing_10,0.894,VASC,Biase,dr3,21,VASC,other
IVIS,ivis,IVIS,Mrre_missing_20,0.884,VASC,Biase,dr3,21,VASC,other
IVIS,ivis,IVIS,Mrre_missing_30,0.867,VASC,Biase,dr3,21,VASC,other
IVIS,ivis,IVIS,aji_10,0.45,VASC,Biase,dr1,21,VASC,other
IVIS,ivis,IVIS,aji_20,0.758,VASC,Biase,dr1,21,VASC,other
IVIS,ivis,IVIS,aji_30,0.636,VASC,Biase,dr1,21,VASC,other
IVIS,ivis,IVIS,nkr_10,0.652,VASC,Biase,dr1,21,VASC,other
IVIS,ivis,IVIS,nkr_20,0.919,VASC,Biase,dr1,21,VASC,other
IVIS,ivis,IVIS,nkr_30,0.801,VASC,Biase,dr1,21,VASC,other
IVIS,ivis,IVIS,Mrre_missing_10,0.933,VASC,Goolam,dr3,21,VASC,other
IVIS,ivis,IVIS,Mrre_missing_20,0.925,VASC,Goolam,dr3,21,VASC,other
IVIS,ivis,IVIS,Mrre_missing_30,0.915,VASC,Goolam,dr3,21,VASC,other
IVIS,ivis,IVIS,aji_10,0.307,VASC,Goolam,dr1,21,VASC,other
IVIS,ivis,IVIS,aji_20,0.474,VASC,Goolam,dr1,21,VASC,other
IVIS,ivis,IVIS,aji_30,0.555,VASC,Goolam,dr1,21,VASC,other
IVIS,ivis,IVIS,nkr_10,0.493,VASC,Goolam,dr1,21,VASC,other
IVIS,ivis,IVIS,nkr_20,0.662,VASC,Goolam,dr1,21,VASC,other
IVIS,ivis,IVIS,nkr_30,0.733,VASC,Goolam,dr1,21,VASC,other
IVIS,ivis,IVIS,Mrre_missing_10,0.769,VASC,Xin,dr3,21,VASC,other
IVIS,ivis,IVIS,Mrre_missing_20,0.762,VASC,Xin,dr3,21,VASC,other
IVIS,ivis,IVIS,Mrre_missing_30,0.758,VASC,Xin,dr3,21,VASC,other
IVIS,ivis,IVIS,aji_10,0.014,VASC,Xin,dr1,21,VASC,other
IVIS,ivis,IVIS,aji_20,0.024,VASC,Xin,dr1,21,VASC,other
IVIS,ivis,IVIS,aji_30,0.032,VASC,Xin,dr1,21,VASC,other
IVIS,ivis,IVIS,nkr_10,0.027,VASC,Xin,dr1,21,VASC,other
IVIS,ivis,IVIS,nkr_20,0.046,VASC,Xin,dr1,21,VASC,other
IVIS,ivis,IVIS,nkr_30,0.061,VASC,Xin,dr1,21,VASC,other
IVIS,ivis,IVIS,Mrre_missing_10,0.925,VASC,Zeisel,dr3,21,VASC,other
IVIS,ivis,IVIS,Mrre_missing_20,0.921,VASC,Zeisel,dr3,21,VASC,other
IVIS,ivis,IVIS,Mrre_missing_30,0.918,VASC,Zeisel,dr3,21,VASC,other
IVIS,ivis,IVIS,aji_10,0.03,VASC,Zeisel,dr1,21,VASC,other
IVIS,ivis,IVIS,aji_20,0.053,VASC,Zeisel,dr1,21,VASC,other
IVIS,ivis,IVIS,aji_30,0.07,VASC,Zeisel,dr1,21,VASC,other
IVIS,ivis,IVIS,nkr_10,0.058,VASC,Zeisel,dr1,21,VASC,other
IVIS,ivis,IVIS,nkr_20,0.098,VASC,Zeisel,dr1,21,VASC,other
IVIS,ivis,IVIS,nkr_30,0.128,VASC,Zeisel,dr1,21,VASC,other
IVIS,ivis,IVIS,Mrre_missing_10,0.926,VASC,yan,dr3,21,VASC,other
IVIS,ivis,IVIS,Mrre_missing_20,0.921,VASC,yan,dr3,21,VASC,other
IVIS,ivis,IVIS,Mrre_missing_30,0.917,VASC,yan,dr3,21,VASC,other
IVIS,ivis,IVIS,aji_10,0.445,VASC,yan,dr1,21,VASC,other
IVIS,ivis,IVIS,aji_20,0.67,VASC,yan,dr1,21,VASC,other
IVIS,ivis,IVIS,aji_30,0.783,VASC,yan,dr1,21,VASC,other
IVIS,ivis,IVIS,nkr_10,0.63,VASC,yan,dr1,21,VASC,other
IVIS,ivis,IVIS,nkr_20,0.824,VASC,yan,dr1,21,VASC,other
IVIS,ivis,IVIS,nkr_30,0.904,VASC,yan,dr1,21,VASC,other
IVIS,ivis,IVIS,Mrre_missing_10,0.924,benchmarker,Baron_mouse,dr3,21,curated,other
IVIS,ivis,IVIS,Mrre_missing_20,0.921,benchmarker,Baron_mouse,dr3,21,curated,other
IVIS,ivis,IVIS,Mrre_missing_30,0.919,benchmarker,Baron_mouse,dr3,21,curated,other
IVIS,ivis,IVIS,aji_10,0.037,benchmarker,Baron_mouse,dr1,21,curated,other
IVIS,ivis,IVIS,aji_20,0.064,benchmarker,Baron_mouse,dr1,21,curated,other
IVIS,ivis,IVIS,aji_30,0.093,benchmarker,Baron_mouse,dr1,21,curated,other
IVIS,ivis,IVIS,nkr_10,0.07,benchmarker,Baron_mouse,dr1,21,curated,other
IVIS,ivis,IVIS,nkr_20,0.118,benchmarker,Baron_mouse,dr1,21,curated,other
IVIS,ivis,IVIS,nkr_30,0.161,benchmarker,Baron_mouse,dr1,21,curated,other
IVIS,ivis,IVIS,Mrre_missing_10,0.868,benchmarker,Darmanis,dr3,21,curated,other
IVIS,ivis,IVIS,Mrre_missing_20,0.86,benchmarker,Darmanis,dr3,21,curated,other
IVIS,ivis,IVIS,Mrre_missing_30,0.854,benchmarker,Darmanis,dr3,21,curated,other
IVIS,ivis,IVIS,aji_10,0.102,benchmarker,Darmanis,dr1,21,curated,other
IVIS,ivis,IVIS,aji_20,0.181,benchmarker,Darmanis,dr1,21,curated,other
IVIS,ivis,IVIS,aji_30,0.251,benchmarker,Darmanis,dr1,21,curated,other
IVIS,ivis,IVIS,nkr_10,0.179,benchmarker,Darmanis,dr1,21,curated,other
IVIS,ivis,IVIS,nkr_20,0.29,benchmarker,Darmanis,dr1,21,curated,other
IVIS,ivis,IVIS,nkr_30,0.379,benchmarker,Darmanis,dr1,21,curated,other
IVIS,ivis,IVIS,Mrre_missing_10,0.781,benchmarker,Pancreatic,dr3,21,curated,other
IVIS,ivis,IVIS,Mrre_missing_20,0.759,benchmarker,Pancreatic,dr3,21,curated,other
IVIS,ivis,IVIS,Mrre_missing_30,0.738,benchmarker,Pancreatic,dr3,21,curated,other
IVIS,ivis,IVIS,aji_10,0.238,benchmarker,Pancreatic,dr1,21,curated,other
IVIS,ivis,IVIS,aji_20,0.364,benchmarker,Pancreatic,dr1,21,curated,other
IVIS,ivis,IVIS,aji_30,0.543,benchmarker,Pancreatic,dr1,21,curated,other
IVIS,ivis,IVIS,nkr_10,0.388,benchmarker,Pancreatic,dr1,21,curated,other
IVIS,ivis,IVIS,nkr_20,0.558,benchmarker,Pancreatic,dr1,21,curated,other
IVIS,ivis,IVIS,nkr_30,0.709,benchmarker,Pancreatic,dr1,21,curated,other
IVIS,ivis,IVIS,Mrre_missing_10,0.889,benchmarker,Silver,dr3,21,curated,other
IVIS,ivis,IVIS,Mrre_missing_20,0.887,benchmarker,Silver,dr3,21,curated,other
IVIS,ivis,IVIS,Mrre_missing_30,0.886,benchmarker,Silver,dr3,21,curated,other
IVIS,ivis,IVIS,aji_10,0.015,benchmarker,Silver,dr1,21,curated,other
IVIS,ivis,IVIS,aji_20,0.027,benchmarker,Silver,dr1,21,curated,other
IVIS,ivis,IVIS,aji_30,0.04,benchmarker,Silver,dr1,21,curated,other
IVIS,ivis,IVIS,nkr_10,0.028,benchmarker,Silver,dr1,21,curated,other
IVIS,ivis,IVIS,nkr_20,0.052,benchmarker,Silver,dr1,21,curated,other
IVIS,ivis,IVIS,nkr_30,0.073,benchmarker,Silver,dr1,21,curated,other
IVIS,ivis,IVIS,Mrre_missing_10,0.883,benchmarker,Zhengmix4eq,dr3,21,curated,other
IVIS,ivis,IVIS,Mrre_missing_20,0.881,benchmarker,Zhengmix4eq,dr3,21,curated,other
IVIS,ivis,IVIS,Mrre_missing_30,0.879,benchmarker,Zhengmix4eq,dr3,21,curated,other
IVIS,ivis,IVIS,aji_10,0.009,benchmarker,Zhengmix4eq,dr1,21,curated,other
IVIS,ivis,IVIS,aji_20,0.016,benchmarker,Zhengmix4eq,dr1,21,curated,other
IVIS,ivis,IVIS,aji_30,0.024,benchmarker,Zhengmix4eq,dr1,21,curated,other
IVIS,ivis,IVIS,nkr_10,0.016,benchmarker,Zhengmix4eq,dr1,21,curated,other
IVIS,ivis,IVIS,nkr_20,0.03,benchmarker,Zhengmix4eq,dr1,21,curated,other
IVIS,ivis,IVIS,nkr_30,0.043,benchmarker,Zhengmix4eq,dr1,21,curated,other
IVIS,ivis,IVIS,Mrre_missing_10,0.958,scDesign3,ACINAR,dr3,21,scDesign3,other
IVIS,ivis,IVIS,Mrre_missing_20,0.954,scDesign3,ACINAR,dr3,21,scDesign3,other
IVIS,ivis,IVIS,Mrre_missing_30,0.951,scDesign3,ACINAR,dr3,21,scDesign3,other
IVIS,ivis,IVIS,aji_10,0.043,scDesign3,ACINAR,dr1,21,scDesign3,other
IVIS,ivis,IVIS,aji_20,0.066,scDesign3,ACINAR,dr1,21,scDesign3,other
IVIS,ivis,IVIS,aji_30,0.083,scDesign3,ACINAR,dr1,21,scDesign3,other
IVIS,ivis,IVIS,nkr_10,0.087,scDesign3,ACINAR,dr1,21,scDesign3,other
IVIS,ivis,IVIS,nkr_20,0.128,scDesign3,ACINAR,dr1,21,scDesign3,other
IVIS,ivis,IVIS,nkr_30,0.157,scDesign3,ACINAR,dr1,21,scDesign3,other
IVIS,ivis,IVIS,Mrre_missing_10,0.853,scDesign3,ATAC,dr3,21,scDesign3,other
IVIS,ivis,IVIS,Mrre_missing_20,0.848,scDesign3,ATAC,dr3,21,scDesign3,other
IVIS,ivis,IVIS,Mrre_missing_30,0.845,scDesign3,ATAC,dr3,21,scDesign3,other
IVIS,ivis,IVIS,aji_10,0.006,scDesign3,ATAC,dr1,21,scDesign3,other
IVIS,ivis,IVIS,aji_20,0.01,scDesign3,ATAC,dr1,21,scDesign3,other
IVIS,ivis,IVIS,aji_30,0.014,scDesign3,ATAC,dr1,21,scDesign3,other
IVIS,ivis,IVIS,nkr_10,0.012,scDesign3,ATAC,dr1,21,scDesign3,other
IVIS,ivis,IVIS,nkr_20,0.021,scDesign3,ATAC,dr1,21,scDesign3,other
IVIS,ivis,IVIS,nkr_30,0.028,scDesign3,ATAC,dr1,21,scDesign3,other
IVIS,ivis,IVIS,Mrre_missing_10,0.963,scDesign3,BATCH,dr3,21,scDesign3,other
IVIS,ivis,IVIS,Mrre_missing_20,0.96,scDesign3,BATCH,dr3,21,scDesign3,other
IVIS,ivis,IVIS,Mrre_missing_30,0.959,scDesign3,BATCH,dr3,21,scDesign3,other
IVIS,ivis,IVIS,aji_10,0.034,scDesign3,BATCH,dr1,21,scDesign3,other
IVIS,ivis,IVIS,aji_20,0.054,scDesign3,BATCH,dr1,21,scDesign3,other
IVIS,ivis,IVIS,aji_30,0.069,scDesign3,BATCH,dr1,21,scDesign3,other
IVIS,ivis,IVIS,nkr_10,0.066,scDesign3,BATCH,dr1,21,scDesign3,other
IVIS,ivis,IVIS,nkr_20,0.101,scDesign3,BATCH,dr1,21,scDesign3,other
IVIS,ivis,IVIS,nkr_30,0.128,scDesign3,BATCH,dr1,21,scDesign3,other
IVIS,ivis,IVIS,Mrre_missing_10,0.978,scDesign3,CITE,dr3,21,scDesign3,other
IVIS,ivis,IVIS,Mrre_missing_20,0.975,scDesign3,CITE,dr3,21,scDesign3,other
IVIS,ivis,IVIS,Mrre_missing_30,0.974,scDesign3,CITE,dr3,21,scDesign3,other
IVIS,ivis,IVIS,aji_10,0.045,scDesign3,CITE,dr1,21,scDesign3,other
IVIS,ivis,IVIS,aji_20,0.067,scDesign3,CITE,dr1,21,scDesign3,other
IVIS,ivis,IVIS,aji_30,0.082,scDesign3,CITE,dr1,21,scDesign3,other
IVIS,ivis,IVIS,nkr_10,0.096,scDesign3,CITE,dr1,21,scDesign3,other
IVIS,ivis,IVIS,nkr_20,0.132,scDesign3,CITE,dr1,21,scDesign3,other
IVIS,ivis,IVIS,nkr_30,0.155,scDesign3,CITE,dr1,21,scDesign3,other
IVIS,ivis,IVIS,Mrre_missing_10,0.515,scDesign3,EMBYRO,dr3,21,scDesign3,other
IVIS,ivis,IVIS,Mrre_missing_20,0.515,scDesign3,EMBYRO,dr3,21,scDesign3,other
IVIS,ivis,IVIS,Mrre_missing_30,0.514,scDesign3,EMBYRO,dr3,21,scDesign3,other
IVIS,ivis,IVIS,aji_10,0.007,scDesign3,EMBYRO,dr1,21,scDesign3,other
IVIS,ivis,IVIS,aji_20,0.01,scDesign3,EMBYRO,dr1,21,scDesign3,other
IVIS,ivis,IVIS,aji_30,0.013,scDesign3,EMBYRO,dr1,21,scDesign3,other
IVIS,ivis,IVIS,nkr_10,0.012,scDesign3,EMBYRO,dr1,21,scDesign3,other
IVIS,ivis,IVIS,nkr_20,0.018,scDesign3,EMBYRO,dr1,21,scDesign3,other
IVIS,ivis,IVIS,nkr_30,0.023,scDesign3,EMBYRO,dr1,21,scDesign3,other
IVIS,ivis,IVIS,Mrre_missing_10,0.969,scDesign3,IFNB,dr3,21,scDesign3,other
IVIS,ivis,IVIS,Mrre_missing_20,0.967,scDesign3,IFNB,dr3,21,scDesign3,other
IVIS,ivis,IVIS,Mrre_missing_30,0.966,scDesign3,IFNB,dr3,21,scDesign3,other
IVIS,ivis,IVIS,aji_10,0.017,scDesign3,IFNB,dr1,21,scDesign3,other
IVIS,ivis,IVIS,aji_20,0.028,scDesign3,IFNB,dr1,21,scDesign3,other
IVIS,ivis,IVIS,aji_30,0.036,scDesign3,IFNB,dr1,21,scDesign3,other
IVIS,ivis,IVIS,nkr_10,0.036,scDesign3,IFNB,dr1,21,scDesign3,other
IVIS,ivis,IVIS,nkr_20,0.056,scDesign3,IFNB,dr1,21,scDesign3,other
IVIS,ivis,IVIS,nkr_30,0.072,scDesign3,IFNB,dr1,21,scDesign3,other
IVIS,ivis,IVIS,Mrre_missing_10,0.937,scDesign3,MARROW,dr3,21,scDesign3,other
IVIS,ivis,IVIS,Mrre_missing_20,0.934,scDesign3,MARROW,dr3,21,scDesign3,other
IVIS,ivis,IVIS,Mrre_missing_30,0.931,scDesign3,MARROW,dr3,21,scDesign3,other
IVIS,ivis,IVIS,aji_10,0.032,scDesign3,MARROW,dr1,21,scDesign3,other
IVIS,ivis,IVIS,aji_20,0.054,scDesign3,MARROW,dr1,21,scDesign3,other
IVIS,ivis,IVIS,aji_30,0.072,scDesign3,MARROW,dr1,21,scDesign3,other
IVIS,ivis,IVIS,nkr_10,0.062,scDesign3,MARROW,dr1,21,scDesign3,other
IVIS,ivis,IVIS,nkr_20,0.102,scDesign3,MARROW,dr1,21,scDesign3,other
IVIS,ivis,IVIS,nkr_30,0.134,scDesign3,MARROW,dr1,21,scDesign3,other
IVIS,ivis,IVIS,Mrre_missing_10,0.901,scDesign3,MOBSC,dr3,21,scDesign3,other
IVIS,ivis,IVIS,Mrre_missing_20,0.898,scDesign3,MOBSC,dr3,21,scDesign3,other
IVIS,ivis,IVIS,Mrre_missing_30,0.897,scDesign3,MOBSC,dr3,21,scDesign3,other
IVIS,ivis,IVIS,aji_10,0.005,scDesign3,MOBSC,dr1,21,scDesign3,other
IVIS,ivis,IVIS,aji_20,0.01,scDesign3,MOBSC,dr1,21,scDesign3,other
IVIS,ivis,IVIS,aji_30,0.014,scDesign3,MOBSC,dr1,21,scDesign3,other
IVIS,ivis,IVIS,nkr_10,0.01,scDesign3,MOBSC,dr1,21,scDesign3,other
IVIS,ivis,IVIS,nkr_20,0.019,scDesign3,MOBSC,dr1,21,scDesign3,other
IVIS,ivis,IVIS,nkr_30,0.027,scDesign3,MOBSC,dr1,21,scDesign3,other
IVIS,ivis,IVIS,Mrre_missing_10,0.969,scDesign3,OVARIAN,dr3,21,scDesign3,other
IVIS,ivis,IVIS,Mrre_missing_20,0.965,scDesign3,OVARIAN,dr3,21,scDesign3,other
IVIS,ivis,IVIS,Mrre_missing_30,0.962,scDesign3,OVARIAN,dr3,21,scDesign3,other
IVIS,ivis,IVIS,aji_10,0.048,scDesign3,OVARIAN,dr1,21,scDesign3,other
IVIS,ivis,IVIS,aji_20,0.073,scDesign3,OVARIAN,dr1,21,scDesign3,other
IVIS,ivis,IVIS,aji_30,0.094,scDesign3,OVARIAN,dr1,21,scDesign3,other
IVIS,ivis,IVIS,nkr_10,0.098,scDesign3,OVARIAN,dr1,21,scDesign3,other
IVIS,ivis,IVIS,nkr_20,0.14,scDesign3,OVARIAN,dr1,21,scDesign3,other
IVIS,ivis,IVIS,nkr_30,0.175,scDesign3,OVARIAN,dr1,21,scDesign3,other
IVIS,ivis,IVIS,Mrre_missing_10,0.967,scDesign3,PANCREAS,dr3,21,scDesign3,other
IVIS,ivis,IVIS,Mrre_missing_20,0.965,scDesign3,PANCREAS,dr3,21,scDesign3,other
IVIS,ivis,IVIS,Mrre_missing_30,0.964,scDesign3,PANCREAS,dr3,21,scDesign3,other
IVIS,ivis,IVIS,aji_10,0.078,scDesign3,PANCREAS,dr1,21,scDesign3,other
IVIS,ivis,IVIS,aji_20,0.123,scDesign3,PANCREAS,dr1,21,scDesign3,other
IVIS,ivis,IVIS,aji_30,0.16,scDesign3,PANCREAS,dr1,21,scDesign3,other
IVIS,ivis,IVIS,nkr_10,0.151,scDesign3,PANCREAS,dr1,21,scDesign3,other
IVIS,ivis,IVIS,nkr_20,0.221,scDesign3,PANCREAS,dr1,21,scDesign3,other
IVIS,ivis,IVIS,nkr_30,0.274,scDesign3,PANCREAS,dr1,21,scDesign3,other
IVIS,ivis,IVIS,Mrre_missing_10,0.841,scDesign3,SCGEMMETH,dr3,21,scDesign3,other
IVIS,ivis,IVIS,Mrre_missing_20,0.83,scDesign3,SCGEMMETH,dr3,21,scDesign3,other
IVIS,ivis,IVIS,Mrre_missing_30,0.821,scDesign3,SCGEMMETH,dr3,21,scDesign3,other
IVIS,ivis,IVIS,aji_10,0.154,scDesign3,SCGEMMETH,dr1,21,scDesign3,other
IVIS,ivis,IVIS,aji_20,0.264,scDesign3,SCGEMMETH,dr1,21,scDesign3,other
IVIS,ivis,IVIS,aji_30,0.357,scDesign3,SCGEMMETH,dr1,21,scDesign3,other
IVIS,ivis,IVIS,nkr_10,0.283,scDesign3,SCGEMMETH,dr1,21,scDesign3,other
IVIS,ivis,IVIS,nkr_20,0.429,scDesign3,SCGEMMETH,dr1,21,scDesign3,other
IVIS,ivis,IVIS,nkr_30,0.529,scDesign3,SCGEMMETH,dr1,21,scDesign3,other
IVIS,ivis,IVIS,Mrre_missing_10,0.899,scDesign3,SCGEMRNA,dr3,21,scDesign3,other
IVIS,ivis,IVIS,Mrre_missing_20,0.889,scDesign3,SCGEMRNA,dr3,21,scDesign3,other
IVIS,ivis,IVIS,Mrre_missing_30,0.883,scDesign3,SCGEMRNA,dr3,21,scDesign3,other
IVIS,ivis,IVIS,aji_10,0.205,scDesign3,SCGEMRNA,dr1,21,scDesign3,other
IVIS,ivis,IVIS,aji_20,0.27,scDesign3,SCGEMRNA,dr1,21,scDesign3,other
IVIS,ivis,IVIS,aji_30,0.363,scDesign3,SCGEMRNA,dr1,21,scDesign3,other
IVIS,ivis,IVIS,nkr_10,0.351,scDesign3,SCGEMRNA,dr1,21,scDesign3,other
IVIS,ivis,IVIS,nkr_20,0.445,scDesign3,SCGEMRNA,dr1,21,scDesign3,other
IVIS,ivis,IVIS,nkr_30,0.538,scDesign3,SCGEMRNA,dr1,21,scDesign3,other
IVIS,ivis,IVIS,Mrre_missing_10,0.523,scDesign3,SCIATAC,dr3,21,scDesign3,other
IVIS,ivis,IVIS,Mrre_missing_20,0.522,scDesign3,SCIATAC,dr3,21,scDesign3,other
IVIS,ivis,IVIS,Mrre_missing_30,0.522,scDesign3,SCIATAC,dr3,21,scDesign3,other
IVIS,ivis,IVIS,aji_10,0.002,scDesign3,SCIATAC,dr1,21,scDesign3,other
IVIS,ivis,IVIS,aji_20,0.003,scDesign3,SCIATAC,dr1,21,scDesign3,other
IVIS,ivis,IVIS,aji_30,0.005,scDesign3,SCIATAC,dr1,21,scDesign3,other
IVIS,ivis,IVIS,nkr_10,0.003,scDesign3,SCIATAC,dr1,21,scDesign3,other
IVIS,ivis,IVIS,nkr_20,0.006,scDesign3,SCIATAC,dr1,21,scDesign3,other
IVIS,ivis,IVIS,nkr_30,0.009,scDesign3,SCIATAC,dr1,21,scDesign3,other
IVIS,ivis,IVIS,Mrre_missing_10,0.765,scDesign3,SLIDE,dr3,21,scDesign3,other
IVIS,ivis,IVIS,Mrre_missing_20,0.758,scDesign3,SLIDE,dr3,21,scDesign3,other
IVIS,ivis,IVIS,Mrre_missing_30,0.753,scDesign3,SLIDE,dr3,21,scDesign3,other
IVIS,ivis,IVIS,aji_10,0.002,scDesign3,SLIDE,dr1,21,scDesign3,other
IVIS,ivis,IVIS,aji_20,0.004,scDesign3,SLIDE,dr1,21,scDesign3,other
IVIS,ivis,IVIS,aji_30,0.006,scDesign3,SLIDE,dr1,21,scDesign3,other
IVIS,ivis,IVIS,nkr_10,0.005,scDesign3,SLIDE,dr1,21,scDesign3,other
IVIS,ivis,IVIS,nkr_20,0.008,scDesign3,SLIDE,dr1,21,scDesign3,other
IVIS,ivis,IVIS,nkr_30,0.011,scDesign3,SLIDE,dr1,21,scDesign3,other
IVIS,ivis,IVIS,Mrre_missing_10,0.966,scDesign3,VISIUM,dr3,21,scDesign3,other
IVIS,ivis,IVIS,Mrre_missing_20,0.96,scDesign3,VISIUM,dr3,21,scDesign3,other
IVIS,ivis,IVIS,Mrre_missing_30,0.956,scDesign3,VISIUM,dr3,21,scDesign3,other
IVIS,ivis,IVIS,aji_10,0.058,scDesign3,VISIUM,dr1,21,scDesign3,other
IVIS,ivis,IVIS,aji_20,0.087,scDesign3,VISIUM,dr1,21,scDesign3,other
IVIS,ivis,IVIS,aji_30,0.108,scDesign3,VISIUM,dr1,21,scDesign3,other
IVIS,ivis,IVIS,nkr_10,0.12,scDesign3,VISIUM,dr1,21,scDesign3,other
IVIS,ivis,IVIS,nkr_20,0.169,scDesign3,VISIUM,dr1,21,scDesign3,other
IVIS,ivis,IVIS,nkr_30,0.201,scDesign3,VISIUM,dr1,21,scDesign3,other
PaCMAP,PaCMAP,PaCMAP,Mrre_missing_10,0.527,SIMLR,Pollen,dr3,22,SIMLR,other
PaCMAP,PaCMAP,PaCMAP,Mrre_missing_20,0.525,SIMLR,Pollen,dr3,22,SIMLR,other
PaCMAP,PaCMAP,PaCMAP,Mrre_missing_30,0.521,SIMLR,Pollen,dr3,22,SIMLR,other
PaCMAP,PaCMAP,PaCMAP,aji_10,0.049,SIMLR,Pollen,dr1,22,SIMLR,other
PaCMAP,PaCMAP,PaCMAP,aji_20,0.087,SIMLR,Pollen,dr1,22,SIMLR,other
PaCMAP,PaCMAP,PaCMAP,aji_30,0.112,SIMLR,Pollen,dr1,22,SIMLR,other
PaCMAP,PaCMAP,PaCMAP,nkr_10,0.096,SIMLR,Pollen,dr1,22,SIMLR,other
PaCMAP,PaCMAP,PaCMAP,nkr_20,0.153,SIMLR,Pollen,dr1,22,SIMLR,other
PaCMAP,PaCMAP,PaCMAP,nkr_30,0.199,SIMLR,Pollen,dr1,22,SIMLR,other
PaCMAP,PaCMAP,PaCMAP,Mrre_missing_10,0.598,SIMLR,Usoskin,dr3,22,SIMLR,other
PaCMAP,PaCMAP,PaCMAP,Mrre_missing_20,0.597,SIMLR,Usoskin,dr3,22,SIMLR,other
PaCMAP,PaCMAP,PaCMAP,Mrre_missing_30,0.595,SIMLR,Usoskin,dr3,22,SIMLR,other
PaCMAP,PaCMAP,PaCMAP,aji_10,0.017,SIMLR,Usoskin,dr1,22,SIMLR,other
PaCMAP,PaCMAP,PaCMAP,aji_20,0.032,SIMLR,Usoskin,dr1,22,SIMLR,other
PaCMAP,PaCMAP,PaCMAP,aji_30,0.045,SIMLR,Usoskin,dr1,22,SIMLR,other
PaCMAP,PaCMAP,PaCMAP,nkr_10,0.03,SIMLR,Usoskin,dr1,22,SIMLR,other
PaCMAP,PaCMAP,PaCMAP,nkr_20,0.06,SIMLR,Usoskin,dr1,22,SIMLR,other
PaCMAP,PaCMAP,PaCMAP,nkr_30,0.086,SIMLR,Usoskin,dr1,22,SIMLR,other
PaCMAP,PaCMAP,PaCMAP,Mrre_missing_10,0.679,TI,DA1_horns,dr3,22,trajectory,other
PaCMAP,PaCMAP,PaCMAP,Mrre_missing_20,0.678,TI,DA1_horns,dr3,22,trajectory,other
PaCMAP,PaCMAP,PaCMAP,Mrre_missing_30,0.678,TI,DA1_horns,dr3,22,trajectory,other
PaCMAP,PaCMAP,PaCMAP,aji_10,0.057,TI,DA1_horns,dr1,22,trajectory,other
PaCMAP,PaCMAP,PaCMAP,aji_20,0.094,TI,DA1_horns,dr1,22,trajectory,other
PaCMAP,PaCMAP,PaCMAP,aji_30,0.136,TI,DA1_horns,dr1,22,trajectory,other
PaCMAP,PaCMAP,PaCMAP,nkr_10,0.1,TI,DA1_horns,dr1,22,trajectory,other
PaCMAP,PaCMAP,PaCMAP,nkr_20,0.164,TI,DA1_horns,dr1,22,trajectory,other
PaCMAP,PaCMAP,PaCMAP,nkr_30,0.237,TI,DA1_horns,dr1,22,trajectory,other
PaCMAP,PaCMAP,PaCMAP,Mrre_missing_10,0.661,TI,DC3_VA1d_horns,dr3,22,trajectory,other
PaCMAP,PaCMAP,PaCMAP,Mrre_missing_20,0.663,TI,DC3_VA1d_horns,dr3,22,trajectory,other
PaCMAP,PaCMAP,PaCMAP,Mrre_missing_30,0.661,TI,DC3_VA1d_horns,dr3,22,trajectory,other
PaCMAP,PaCMAP,PaCMAP,aji_10,0.082,TI,DC3_VA1d_horns,dr1,22,trajectory,other
PaCMAP,PaCMAP,PaCMAP,aji_20,0.149,TI,DC3_VA1d_horns,dr1,22,trajectory,other
PaCMAP,PaCMAP,PaCMAP,aji_30,0.215,TI,DC3_VA1d_horns,dr1,22,trajectory,other
PaCMAP,PaCMAP,PaCMAP,nkr_10,0.148,TI,DC3_VA1d_horns,dr1,22,trajectory,other
PaCMAP,PaCMAP,PaCMAP,nkr_20,0.26,TI,DC3_VA1d_horns,dr1,22,trajectory,other
PaCMAP,PaCMAP,PaCMAP,nkr_30,0.35,TI,DC3_VA1d_horns,dr1,22,trajectory,other
PaCMAP,PaCMAP,PaCMAP,Mrre_missing_10,0.764,TI,ICM,dr3,22,trajectory,other
PaCMAP,PaCMAP,PaCMAP,Mrre_missing_20,0.75,TI,ICM,dr3,22,trajectory,other
PaCMAP,PaCMAP,PaCMAP,Mrre_missing_30,0.741,TI,ICM,dr3,22,trajectory,other
PaCMAP,PaCMAP,PaCMAP,aji_10,0.105,TI,ICM,dr1,22,trajectory,other
PaCMAP,PaCMAP,PaCMAP,aji_20,0.174,TI,ICM,dr1,22,trajectory,other
PaCMAP,PaCMAP,PaCMAP,aji_30,0.227,TI,ICM,dr1,22,trajectory,other
PaCMAP,PaCMAP,PaCMAP,nkr_10,0.2,TI,ICM,dr1,22,trajectory,other
PaCMAP,PaCMAP,PaCMAP,nkr_20,0.295,TI,ICM,dr1,22,trajectory,other
PaCMAP,PaCMAP,PaCMAP,nkr_30,0.356,TI,ICM,dr1,22,trajectory,other
PaCMAP,PaCMAP,PaCMAP,Mrre_missing_10,0.783,TI,blastocyst,dr3,22,trajectory,other
PaCMAP,PaCMAP,PaCMAP,Mrre_missing_20,0.768,TI,blastocyst,dr3,22,trajectory,other
PaCMAP,PaCMAP,PaCMAP,Mrre_missing_30,0.761,TI,blastocyst,dr3,22,trajectory,other
PaCMAP,PaCMAP,PaCMAP,aji_10,0.11,TI,blastocyst,dr1,22,trajectory,other
PaCMAP,PaCMAP,PaCMAP,aji_20,0.171,TI,blastocyst,dr1,22,trajectory,other
PaCMAP,PaCMAP,PaCMAP,aji_30,0.209,TI,blastocyst,dr1,22,trajectory,other
PaCMAP,PaCMAP,PaCMAP,nkr_10,0.213,TI,blastocyst,dr1,22,trajectory,other
PaCMAP,PaCMAP,PaCMAP,nkr_20,0.294,TI,blastocyst,dr1,22,trajectory,other
PaCMAP,PaCMAP,PaCMAP,nkr_30,0.342,TI,blastocyst,dr1,22,trajectory,other
PaCMAP,PaCMAP,PaCMAP,Mrre_missing_10,0.526,TI,combination-1,dr3,22,trajectory,other
PaCMAP,PaCMAP,PaCMAP,Mrre_missing_20,0.526,TI,combination-1,dr3,22,trajectory,other
PaCMAP,PaCMAP,PaCMAP,Mrre_missing_30,0.526,TI,combination-1,dr3,22,trajectory,other
PaCMAP,PaCMAP,PaCMAP,aji_10,0.002,TI,combination-1,dr1,22,trajectory,other
PaCMAP,PaCMAP,PaCMAP,aji_20,0.003,TI,combination-1,dr1,22,trajectory,other
PaCMAP,PaCMAP,PaCMAP,aji_30,0.005,TI,combination-1,dr1,22,trajectory,other
PaCMAP,PaCMAP,PaCMAP,nkr_10,0.003,TI,combination-1,dr1,22,trajectory,other
PaCMAP,PaCMAP,PaCMAP,nkr_20,0.006,TI,combination-1,dr1,22,trajectory,other
PaCMAP,PaCMAP,PaCMAP,nkr_30,0.009,TI,combination-1,dr1,22,trajectory,other
PaCMAP,PaCMAP,PaCMAP,Mrre_missing_10,0.54,TI,combination-2,dr3,22,trajectory,other
PaCMAP,PaCMAP,PaCMAP,Mrre_missing_20,0.537,TI,combination-2,dr3,22,trajectory,other
PaCMAP,PaCMAP,PaCMAP,Mrre_missing_30,0.536,TI,combination-2,dr3,22,trajectory,other
PaCMAP,PaCMAP,PaCMAP,aji_10,0.001,TI,combination-2,dr1,22,trajectory,other
PaCMAP,PaCMAP,PaCMAP,aji_20,0.003,TI,combination-2,dr1,22,trajectory,other
PaCMAP,PaCMAP,PaCMAP,aji_30,0.004,TI,combination-2,dr1,22,trajectory,other
PaCMAP,PaCMAP,PaCMAP,nkr_10,0.003,TI,combination-2,dr1,22,trajectory,other
PaCMAP,PaCMAP,PaCMAP,nkr_20,0.005,TI,combination-2,dr1,22,trajectory,other
PaCMAP,PaCMAP,PaCMAP,nkr_30,0.008,TI,combination-2,dr1,22,trajectory,other
PaCMAP,PaCMAP,PaCMAP,Mrre_missing_10,0.552,TI,combination-3,dr3,22,trajectory,other
PaCMAP,PaCMAP,PaCMAP,Mrre_missing_20,0.548,TI,combination-3,dr3,22,trajectory,other
PaCMAP,PaCMAP,PaCMAP,Mrre_missing_30,0.546,TI,combination-3,dr3,22,trajectory,other
PaCMAP,PaCMAP,PaCMAP,aji_10,0.002,TI,combination-3,dr1,22,trajectory,other
PaCMAP,PaCMAP,PaCMAP,aji_20,0.005,TI,combination-3,dr1,22,trajectory,other
PaCMAP,PaCMAP,PaCMAP,aji_30,0.008,TI,combination-3,dr1,22,trajectory,other
PaCMAP,PaCMAP,PaCMAP,nkr_10,0.005,TI,combination-3,dr1,22,trajectory,other
PaCMAP,PaCMAP,PaCMAP,nkr_20,0.01,TI,combination-3,dr1,22,trajectory,other
PaCMAP,PaCMAP,PaCMAP,nkr_30,0.015,TI,combination-3,dr1,22,trajectory,other
PaCMAP,PaCMAP,PaCMAP,Mrre_missing_10,0.684,TI,epiblast,dr3,22,trajectory,other
PaCMAP,PaCMAP,PaCMAP,Mrre_missing_20,0.666,TI,epiblast,dr3,22,trajectory,other
PaCMAP,PaCMAP,PaCMAP,Mrre_missing_30,0.655,TI,epiblast,dr3,22,trajectory,other
PaCMAP,PaCMAP,PaCMAP,aji_10,0.11,TI,epiblast,dr1,22,trajectory,other
PaCMAP,PaCMAP,PaCMAP,aji_20,0.176,TI,epiblast,dr1,22,trajectory,other
PaCMAP,PaCMAP,PaCMAP,aji_30,0.241,TI,epiblast,dr1,22,trajectory,other
PaCMAP,PaCMAP,PaCMAP,nkr_10,0.213,TI,epiblast,dr1,22,trajectory,other
PaCMAP,PaCMAP,PaCMAP,nkr_20,0.304,TI,epiblast,dr1,22,trajectory,other
PaCMAP,PaCMAP,PaCMAP,nkr_30,0.385,TI,epiblast,dr1,22,trajectory,other
PaCMAP,PaCMAP,PaCMAP,Mrre_missing_10,0.561,TI,epidermis,dr3,22,trajectory,other
PaCMAP,PaCMAP,PaCMAP,Mrre_missing_20,0.557,TI,epidermis,dr3,22,trajectory,other
PaCMAP,PaCMAP,PaCMAP,Mrre_missing_30,0.554,TI,epidermis,dr3,22,trajectory,other
PaCMAP,PaCMAP,PaCMAP,aji_10,0.002,TI,epidermis,dr1,22,trajectory,other
PaCMAP,PaCMAP,PaCMAP,aji_20,0.004,TI,epidermis,dr1,22,trajectory,other
PaCMAP,PaCMAP,PaCMAP,aji_30,0.006,TI,epidermis,dr1,22,trajectory,other
PaCMAP,PaCMAP,PaCMAP,nkr_10,0.004,TI,epidermis,dr1,22,trajectory,other
PaCMAP,PaCMAP,PaCMAP,nkr_20,0.007,TI,epidermis,dr1,22,trajectory,other
PaCMAP,PaCMAP,PaCMAP,nkr_30,0.011,TI,epidermis,dr1,22,trajectory,other
PaCMAP,PaCMAP,PaCMAP,Mrre_missing_10,0.662,TI,horns,dr3,22,trajectory,other
PaCMAP,PaCMAP,PaCMAP,Mrre_missing_20,0.655,TI,horns,dr3,22,trajectory,other
PaCMAP,PaCMAP,PaCMAP,Mrre_missing_30,0.65,TI,horns,dr3,22,trajectory,other
PaCMAP,PaCMAP,PaCMAP,aji_10,0.041,TI,horns,dr1,22,trajectory,other
PaCMAP,PaCMAP,PaCMAP,aji_20,0.072,TI,horns,dr1,22,trajectory,other
PaCMAP,PaCMAP,PaCMAP,aji_30,0.103,TI,horns,dr1,22,trajectory,other
PaCMAP,PaCMAP,PaCMAP,nkr_10,0.084,TI,horns,dr1,22,trajectory,other
PaCMAP,PaCMAP,PaCMAP,nkr_20,0.136,TI,horns,dr1,22,trajectory,other
PaCMAP,PaCMAP,PaCMAP,nkr_30,0.189,TI,horns,dr1,22,trajectory,other
PaCMAP,PaCMAP,PaCMAP,Mrre_missing_10,0.541,TI,muscle,dr3,22,trajectory,other
PaCMAP,PaCMAP,PaCMAP,Mrre_missing_20,0.539,TI,muscle,dr3,22,trajectory,other
PaCMAP,PaCMAP,PaCMAP,Mrre_missing_30,0.538,TI,muscle,dr3,22,trajectory,other
PaCMAP,PaCMAP,PaCMAP,aji_10,0.003,TI,muscle,dr1,22,trajectory,other
PaCMAP,PaCMAP,PaCMAP,aji_20,0.005,TI,muscle,dr1,22,trajectory,other
PaCMAP,PaCMAP,PaCMAP,aji_30,0.007,TI,muscle,dr1,22,trajectory,other
PaCMAP,PaCMAP,PaCMAP,nkr_10,0.005,TI,muscle,dr1,22,trajectory,other
PaCMAP,PaCMAP,PaCMAP,nkr_20,0.01,TI,muscle,dr1,22,trajectory,other
PaCMAP,PaCMAP,PaCMAP,nkr_30,0.014,TI,muscle,dr1,22,trajectory,other
PaCMAP,PaCMAP,PaCMAP,Mrre_missing_10,0.533,TI,neuron,dr3,22,trajectory,other
PaCMAP,PaCMAP,PaCMAP,Mrre_missing_20,0.534,TI,neuron,dr3,22,trajectory,other
PaCMAP,PaCMAP,PaCMAP,Mrre_missing_30,0.534,TI,neuron,dr3,22,trajectory,other
PaCMAP,PaCMAP,PaCMAP,aji_10,0.003,TI,neuron,dr1,22,trajectory,other
PaCMAP,PaCMAP,PaCMAP,aji_20,0.005,TI,neuron,dr1,22,trajectory,other
PaCMAP,PaCMAP,PaCMAP,aji_30,0.008,TI,neuron,dr1,22,trajectory,other
PaCMAP,PaCMAP,PaCMAP,nkr_10,0.005,TI,neuron,dr1,22,trajectory,other
PaCMAP,PaCMAP,PaCMAP,nkr_20,0.01,TI,neuron,dr1,22,trajectory,other
PaCMAP,PaCMAP,PaCMAP,nkr_30,0.015,TI,neuron,dr1,22,trajectory,other
PaCMAP,PaCMAP,PaCMAP,Mrre_missing_10,0.566,TI,pair-1,dr3,22,trajectory,other
PaCMAP,PaCMAP,PaCMAP,Mrre_missing_20,0.564,TI,pair-1,dr3,22,trajectory,other
PaCMAP,PaCMAP,PaCMAP,Mrre_missing_30,0.562,TI,pair-1,dr3,22,trajectory,other
PaCMAP,PaCMAP,PaCMAP,aji_10,0.001,TI,pair-1,dr1,22,trajectory,other
PaCMAP,PaCMAP,PaCMAP,aji_20,0.002,TI,pair-1,dr1,22,trajectory,other
PaCMAP,PaCMAP,PaCMAP,aji_30,0.002,TI,pair-1,dr1,22,trajectory,other
PaCMAP,PaCMAP,PaCMAP,nkr_10,0.001,TI,pair-1,dr1,22,trajectory,other
PaCMAP,PaCMAP,PaCMAP,nkr_20,0.003,TI,pair-1,dr1,22,trajectory,other
PaCMAP,PaCMAP,PaCMAP,nkr_30,0.005,TI,pair-1,dr1,22,trajectory,other
PaCMAP,PaCMAP,PaCMAP,Mrre_missing_10,0.609,TI,pair-2,dr3,22,trajectory,other
PaCMAP,PaCMAP,PaCMAP,Mrre_missing_20,0.606,TI,pair-2,dr3,22,trajectory,other
PaCMAP,PaCMAP,PaCMAP,Mrre_missing_30,0.604,TI,pair-2,dr3,22,trajectory,other
PaCMAP,PaCMAP,PaCMAP,aji_10,0.001,TI,pair-2,dr1,22,trajectory,other
PaCMAP,PaCMAP,PaCMAP,aji_20,0.002,TI,pair-2,dr1,22,trajectory,other
PaCMAP,PaCMAP,PaCMAP,aji_30,0.002,TI,pair-2,dr1,22,trajectory,other
PaCMAP,PaCMAP,PaCMAP,nkr_10,0.001,TI,pair-2,dr1,22,trajectory,other
PaCMAP,PaCMAP,PaCMAP,nkr_20,0.003,TI,pair-2,dr1,22,trajectory,other
PaCMAP,PaCMAP,PaCMAP,nkr_30,0.004,TI,pair-2,dr1,22,trajectory,other
PaCMAP,PaCMAP,PaCMAP,Mrre_missing_10,0.623,TI,pair-3,dr3,22,trajectory,other
PaCMAP,PaCMAP,PaCMAP,Mrre_missing_20,0.616,TI,pair-3,dr3,22,trajectory,other
PaCMAP,PaCMAP,PaCMAP,Mrre_missing_30,0.613,TI,pair-3,dr3,22,trajectory,other
PaCMAP,PaCMAP,PaCMAP,aji_10,0.001,TI,pair-3,dr1,22,trajectory,other
PaCMAP,PaCMAP,PaCMAP,aji_20,0.002,TI,pair-3,dr1,22,trajectory,other
PaCMAP,PaCMAP,PaCMAP,aji_30,0.003,TI,pair-3,dr1,22,trajectory,other
PaCMAP,PaCMAP,PaCMAP,nkr_10,0.002,TI,pair-3,dr1,22,trajectory,other
PaCMAP,PaCMAP,PaCMAP,nkr_20,0.004,TI,pair-3,dr1,22,trajectory,other
PaCMAP,PaCMAP,PaCMAP,nkr_30,0.006,TI,pair-3,dr1,22,trajectory,other
PaCMAP,PaCMAP,PaCMAP,Mrre_missing_10,0.638,TI,pair-4,dr3,22,trajectory,other
PaCMAP,PaCMAP,PaCMAP,Mrre_missing_20,0.636,TI,pair-4,dr3,22,trajectory,other
PaCMAP,PaCMAP,PaCMAP,Mrre_missing_30,0.634,TI,pair-4,dr3,22,trajectory,other
PaCMAP,PaCMAP,PaCMAP,aji_10,0.001,TI,pair-4,dr1,22,trajectory,other
PaCMAP,PaCMAP,PaCMAP,aji_20,0.002,TI,pair-4,dr1,22,trajectory,other
PaCMAP,PaCMAP,PaCMAP,aji_30,0.002,TI,pair-4,dr1,22,trajectory,other
PaCMAP,PaCMAP,PaCMAP,nkr_10,0.002,TI,pair-4,dr1,22,trajectory,other
PaCMAP,PaCMAP,PaCMAP,nkr_20,0.004,TI,pair-4,dr1,22,trajectory,other
PaCMAP,PaCMAP,PaCMAP,nkr_30,0.005,TI,pair-4,dr1,22,trajectory,other
PaCMAP,PaCMAP,PaCMAP,Mrre_missing_10,0.576,TI,parenchyme,dr3,22,trajectory,other
PaCMAP,PaCMAP,PaCMAP,Mrre_missing_20,0.571,TI,parenchyme,dr3,22,trajectory,other
PaCMAP,PaCMAP,PaCMAP,Mrre_missing_30,0.569,TI,parenchyme,dr3,22,trajectory,other
PaCMAP,PaCMAP,PaCMAP,aji_10,0.003,TI,parenchyme,dr1,22,trajectory,other
PaCMAP,PaCMAP,PaCMAP,aji_20,0.006,TI,parenchyme,dr1,22,trajectory,other
PaCMAP,PaCMAP,PaCMAP,aji_30,0.009,TI,parenchyme,dr1,22,trajectory,other
PaCMAP,PaCMAP,PaCMAP,nkr_10,0.006,TI,parenchyme,dr1,22,trajectory,other
PaCMAP,PaCMAP,PaCMAP,nkr_20,0.012,TI,parenchyme,dr1,22,trajectory,other
PaCMAP,PaCMAP,PaCMAP,nkr_30,0.018,TI,parenchyme,dr1,22,trajectory,other
PaCMAP,PaCMAP,PaCMAP,Mrre_missing_10,0.568,TI,phagocyte,dr3,22,trajectory,other
PaCMAP,PaCMAP,PaCMAP,Mrre_missing_20,0.565,TI,phagocyte,dr3,22,trajectory,other
PaCMAP,PaCMAP,PaCMAP,Mrre_missing_30,0.561,TI,phagocyte,dr3,22,trajectory,other
PaCMAP,PaCMAP,PaCMAP,aji_10,0.012,TI,phagocyte,dr1,22,trajectory,other
PaCMAP,PaCMAP,PaCMAP,aji_20,0.019,TI,phagocyte,dr1,22,trajectory,other
PaCMAP,PaCMAP,PaCMAP,aji_30,0.026,TI,phagocyte,dr1,22,trajectory,other
PaCMAP,PaCMAP,PaCMAP,nkr_10,0.022,TI,phagocyte,dr1,22,trajectory,other
PaCMAP,PaCMAP,PaCMAP,nkr_20,0.036,TI,phagocyte,dr1,22,trajectory,other
PaCMAP,PaCMAP,PaCMAP,nkr_30,0.051,TI,phagocyte,dr1,22,trajectory,other
PaCMAP,PaCMAP,PaCMAP,Mrre_missing_10,0.444,TI,pharynx,dr3,22,trajectory,other
PaCMAP,PaCMAP,PaCMAP,Mrre_missing_20,0.45,TI,pharynx,dr3,22,trajectory,other
PaCMAP,PaCMAP,PaCMAP,Mrre_missing_30,0.453,TI,pharynx,dr3,22,trajectory,other
PaCMAP,PaCMAP,PaCMAP,aji_10,0.019,TI,pharynx,dr1,22,trajectory,other
PaCMAP,PaCMAP,PaCMAP,aji_20,0.04,TI,pharynx,dr1,22,trajectory,other
PaCMAP,PaCMAP,PaCMAP,aji_30,0.058,TI,pharynx,dr1,22,trajectory,other
PaCMAP,PaCMAP,PaCMAP,nkr_10,0.038,TI,pharynx,dr1,22,trajectory,other
PaCMAP,PaCMAP,PaCMAP,nkr_20,0.073,TI,pharynx,dr1,22,trajectory,other
PaCMAP,PaCMAP,PaCMAP,nkr_30,0.11,TI,pharynx,dr1,22,trajectory,other
PaCMAP,PaCMAP,PaCMAP,Mrre_missing_10,0.751,TI,trophectoderm,dr3,22,trajectory,other
PaCMAP,PaCMAP,PaCMAP,Mrre_missing_20,0.738,TI,trophectoderm,dr3,22,trajectory,other
PaCMAP,PaCMAP,PaCMAP,Mrre_missing_30,0.726,TI,trophectoderm,dr3,22,trajectory,other
PaCMAP,PaCMAP,PaCMAP,aji_10,0.171,TI,trophectoderm,dr1,22,trajectory,other
PaCMAP,PaCMAP,PaCMAP,aji_20,0.304,TI,trophectoderm,dr1,22,trajectory,other
PaCMAP,PaCMAP,PaCMAP,aji_30,0.393,TI,trophectoderm,dr1,22,trajectory,other
PaCMAP,PaCMAP,PaCMAP,nkr_10,0.326,TI,trophectoderm,dr1,22,trajectory,other
PaCMAP,PaCMAP,PaCMAP,nkr_20,0.458,TI,trophectoderm,dr1,22,trajectory,other
PaCMAP,PaCMAP,PaCMAP,nkr_30,0.57,TI,trophectoderm,dr1,22,trajectory,other
PaCMAP,PaCMAP,PaCMAP,Mrre_missing_10,0.513,VASC,Baron,dr3,22,VASC,other
PaCMAP,PaCMAP,PaCMAP,Mrre_missing_20,0.512,VASC,Baron,dr3,22,VASC,other
PaCMAP,PaCMAP,PaCMAP,Mrre_missing_30,0.512,VASC,Baron,dr3,22,VASC,other
PaCMAP,PaCMAP,PaCMAP,aji_10,0.001,VASC,Baron,dr1,22,VASC,other
PaCMAP,PaCMAP,PaCMAP,aji_20,0.002,VASC,Baron,dr1,22,VASC,other
PaCMAP,PaCMAP,PaCMAP,aji_30,0.003,VASC,Baron,dr1,22,VASC,other
PaCMAP,PaCMAP,PaCMAP,nkr_10,0.002,VASC,Baron,dr1,22,VASC,other
PaCMAP,PaCMAP,PaCMAP,nkr_20,0.004,VASC,Baron,dr1,22,VASC,other
PaCMAP,PaCMAP,PaCMAP,nkr_30,0.006,VASC,Baron,dr1,22,VASC,other
PaCMAP,PaCMAP,PaCMAP,Mrre_missing_10,0.771,VASC,Biase,dr3,22,VASC,other
PaCMAP,PaCMAP,PaCMAP,Mrre_missing_20,0.755,VASC,Biase,dr3,22,VASC,other
PaCMAP,PaCMAP,PaCMAP,Mrre_missing_30,0.729,VASC,Biase,dr3,22,VASC,other
PaCMAP,PaCMAP,PaCMAP,aji_10,0.206,VASC,Biase,dr1,22,VASC,other
PaCMAP,PaCMAP,PaCMAP,aji_20,0.462,VASC,Biase,dr1,22,VASC,other
PaCMAP,PaCMAP,PaCMAP,aji_30,0.513,VASC,Biase,dr1,22,VASC,other
PaCMAP,PaCMAP,PaCMAP,nkr_10,0.359,VASC,Biase,dr1,22,VASC,other
PaCMAP,PaCMAP,PaCMAP,nkr_20,0.658,VASC,Biase,dr1,22,VASC,other
PaCMAP,PaCMAP,PaCMAP,nkr_30,0.696,VASC,Biase,dr1,22,VASC,other
PaCMAP,PaCMAP,PaCMAP,Mrre_missing_10,0.794,VASC,Goolam,dr3,22,VASC,other
PaCMAP,PaCMAP,PaCMAP,Mrre_missing_20,0.763,VASC,Goolam,dr3,22,VASC,other
PaCMAP,PaCMAP,PaCMAP,Mrre_missing_30,0.745,VASC,Goolam,dr3,22,VASC,other
PaCMAP,PaCMAP,PaCMAP,aji_10,0.167,VASC,Goolam,dr1,22,VASC,other
PaCMAP,PaCMAP,PaCMAP,aji_20,0.22,VASC,Goolam,dr1,22,VASC,other
PaCMAP,PaCMAP,PaCMAP,aji_30,0.286,VASC,Goolam,dr1,22,VASC,other
PaCMAP,PaCMAP,PaCMAP,nkr_10,0.335,VASC,Goolam,dr1,22,VASC,other
PaCMAP,PaCMAP,PaCMAP,nkr_20,0.379,VASC,Goolam,dr1,22,VASC,other
PaCMAP,PaCMAP,PaCMAP,nkr_30,0.444,VASC,Goolam,dr1,22,VASC,other
PaCMAP,PaCMAP,PaCMAP,Mrre_missing_10,0.582,VASC,Xin,dr3,22,VASC,other
PaCMAP,PaCMAP,PaCMAP,Mrre_missing_20,0.579,VASC,Xin,dr3,22,VASC,other
PaCMAP,PaCMAP,PaCMAP,Mrre_missing_30,0.577,VASC,Xin,dr3,22,VASC,other
PaCMAP,PaCMAP,PaCMAP,aji_10,0.007,VASC,Xin,dr1,22,VASC,other
PaCMAP,PaCMAP,PaCMAP,aji_20,0.013,VASC,Xin,dr1,22,VASC,other
PaCMAP,PaCMAP,PaCMAP,aji_30,0.018,VASC,Xin,dr1,22,VASC,other
PaCMAP,PaCMAP,PaCMAP,nkr_10,0.015,VASC,Xin,dr1,22,VASC,other
PaCMAP,PaCMAP,PaCMAP,nkr_20,0.025,VASC,Xin,dr1,22,VASC,other
PaCMAP,PaCMAP,PaCMAP,nkr_30,0.035,VASC,Xin,dr1,22,VASC,other
PaCMAP,PaCMAP,PaCMAP,Mrre_missing_10,0.692,VASC,Zeisel,dr3,22,VASC,other
PaCMAP,PaCMAP,PaCMAP,Mrre_missing_20,0.69,VASC,Zeisel,dr3,22,VASC,other
PaCMAP,PaCMAP,PaCMAP,Mrre_missing_30,0.688,VASC,Zeisel,dr3,22,VASC,other
PaCMAP,PaCMAP,PaCMAP,aji_10,0.014,VASC,Zeisel,dr1,22,VASC,other
PaCMAP,PaCMAP,PaCMAP,aji_20,0.022,VASC,Zeisel,dr1,22,VASC,other
PaCMAP,PaCMAP,PaCMAP,aji_30,0.029,VASC,Zeisel,dr1,22,VASC,other
PaCMAP,PaCMAP,PaCMAP,nkr_10,0.026,VASC,Zeisel,dr1,22,VASC,other
PaCMAP,PaCMAP,PaCMAP,nkr_20,0.042,VASC,Zeisel,dr1,22,VASC,other
PaCMAP,PaCMAP,PaCMAP,nkr_30,0.054,VASC,Zeisel,dr1,22,VASC,other
PaCMAP,PaCMAP,PaCMAP,Mrre_missing_10,0.797,VASC,yan,dr3,22,VASC,other
PaCMAP,PaCMAP,PaCMAP,Mrre_missing_20,0.783,VASC,yan,dr3,22,VASC,other
PaCMAP,PaCMAP,PaCMAP,Mrre_missing_30,0.771,VASC,yan,dr3,22,VASC,other
PaCMAP,PaCMAP,PaCMAP,aji_10,0.226,VASC,yan,dr1,22,VASC,other
PaCMAP,PaCMAP,PaCMAP,aji_20,0.358,VASC,yan,dr1,22,VASC,other
PaCMAP,PaCMAP,PaCMAP,aji_30,0.469,VASC,yan,dr1,22,VASC,other
PaCMAP,PaCMAP,PaCMAP,nkr_10,0.378,VASC,yan,dr1,22,VASC,other
PaCMAP,PaCMAP,PaCMAP,nkr_20,0.521,VASC,yan,dr1,22,VASC,other
PaCMAP,PaCMAP,PaCMAP,nkr_30,0.644,VASC,yan,dr1,22,VASC,other
PaCMAP,PaCMAP,PaCMAP,Mrre_missing_10,0.479,benchmarker,Baron_mouse,dr3,22,curated,other
PaCMAP,PaCMAP,PaCMAP,Mrre_missing_20,0.48,benchmarker,Baron_mouse,dr3,22,curated,other
PaCMAP,PaCMAP,PaCMAP,Mrre_missing_30,0.481,benchmarker,Baron_mouse,dr3,22,curated,other
PaCMAP,PaCMAP,PaCMAP,aji_10,0.004,benchmarker,Baron_mouse,dr1,22,curated,other
PaCMAP,PaCMAP,PaCMAP,aji_20,0.007,benchmarker,Baron_mouse,dr1,22,curated,other
PaCMAP,PaCMAP,PaCMAP,aji_30,0.01,benchmarker,Baron_mouse,dr1,22,curated,other
PaCMAP,PaCMAP,PaCMAP,nkr_10,0.007,benchmarker,Baron_mouse,dr1,22,curated,other
PaCMAP,PaCMAP,PaCMAP,nkr_20,0.013,benchmarker,Baron_mouse,dr1,22,curated,other
PaCMAP,PaCMAP,PaCMAP,nkr_30,0.02,benchmarker,Baron_mouse,dr1,22,curated,other
PaCMAP,PaCMAP,PaCMAP,Mrre_missing_10,0.565,benchmarker,Darmanis,dr3,22,curated,other
PaCMAP,PaCMAP,PaCMAP,Mrre_missing_20,0.561,benchmarker,Darmanis,dr3,22,curated,other
PaCMAP,PaCMAP,PaCMAP,Mrre_missing_30,0.557,benchmarker,Darmanis,dr3,22,curated,other
PaCMAP,PaCMAP,PaCMAP,aji_10,0.024,benchmarker,Darmanis,dr1,22,curated,other
PaCMAP,PaCMAP,PaCMAP,aji_20,0.041,benchmarker,Darmanis,dr1,22,curated,other
PaCMAP,PaCMAP,PaCMAP,aji_30,0.056,benchmarker,Darmanis,dr1,22,curated,other
PaCMAP,PaCMAP,PaCMAP,nkr_10,0.045,benchmarker,Darmanis,dr1,22,curated,other
PaCMAP,PaCMAP,PaCMAP,nkr_20,0.077,benchmarker,Darmanis,dr1,22,curated,other
PaCMAP,PaCMAP,PaCMAP,nkr_30,0.104,benchmarker,Darmanis,dr1,22,curated,other
PaCMAP,PaCMAP,PaCMAP,Mrre_missing_10,0.519,benchmarker,Pancreatic,dr3,22,curated,other
PaCMAP,PaCMAP,PaCMAP,Mrre_missing_20,0.51,benchmarker,Pancreatic,dr3,22,curated,other
PaCMAP,PaCMAP,PaCMAP,Mrre_missing_30,0.489,benchmarker,Pancreatic,dr3,22,curated,other
PaCMAP,PaCMAP,PaCMAP,aji_10,0.114,benchmarker,Pancreatic,dr1,22,curated,other
PaCMAP,PaCMAP,PaCMAP,aji_20,0.216,benchmarker,Pancreatic,dr1,22,curated,other
PaCMAP,PaCMAP,PaCMAP,aji_30,0.371,benchmarker,Pancreatic,dr1,22,curated,other
PaCMAP,PaCMAP,PaCMAP,nkr_10,0.19,benchmarker,Pancreatic,dr1,22,curated,other
PaCMAP,PaCMAP,PaCMAP,nkr_20,0.348,benchmarker,Pancreatic,dr1,22,curated,other
PaCMAP,PaCMAP,PaCMAP,nkr_30,0.549,benchmarker,Pancreatic,dr1,22,curated,other
PaCMAP,PaCMAP,PaCMAP,Mrre_missing_10,0.485,benchmarker,Silver,dr3,22,curated,other
PaCMAP,PaCMAP,PaCMAP,Mrre_missing_20,0.488,benchmarker,Silver,dr3,22,curated,other
PaCMAP,PaCMAP,PaCMAP,Mrre_missing_30,0.489,benchmarker,Silver,dr3,22,curated,other
PaCMAP,PaCMAP,PaCMAP,aji_10,0.002,benchmarker,Silver,dr1,22,curated,other
PaCMAP,PaCMAP,PaCMAP,aji_20,0.004,benchmarker,Silver,dr1,22,curated,other
PaCMAP,PaCMAP,PaCMAP,aji_30,0.006,benchmarker,Silver,dr1,22,curated,other
PaCMAP,PaCMAP,PaCMAP,nkr_10,0.003,benchmarker,Silver,dr1,22,curated,other
PaCMAP,PaCMAP,PaCMAP,nkr_20,0.008,benchmarker,Silver,dr1,22,curated,other
PaCMAP,PaCMAP,PaCMAP,nkr_30,0.011,benchmarker,Silver,dr1,22,curated,other
PaCMAP,PaCMAP,PaCMAP,Mrre_missing_10,0.68,benchmarker,Zhengmix4eq,dr3,22,curated,other
PaCMAP,PaCMAP,PaCMAP,Mrre_missing_20,0.678,benchmarker,Zhengmix4eq,dr3,22,curated,other
PaCMAP,PaCMAP,PaCMAP,Mrre_missing_30,0.677,benchmarker,Zhengmix4eq,dr3,22,curated,other
PaCMAP,PaCMAP,PaCMAP,aji_10,0.003,benchmarker,Zhengmix4eq,dr1,22,curated,other
PaCMAP,PaCMAP,PaCMAP,aji_20,0.006,benchmarker,Zhengmix4eq,dr1,22,curated,other
PaCMAP,PaCMAP,PaCMAP,aji_30,0.009,benchmarker,Zhengmix4eq,dr1,22,curated,other
PaCMAP,PaCMAP,PaCMAP,nkr_10,0.006,benchmarker,Zhengmix4eq,dr1,22,curated,other
PaCMAP,PaCMAP,PaCMAP,nkr_20,0.011,benchmarker,Zhengmix4eq,dr1,22,curated,other
PaCMAP,PaCMAP,PaCMAP,nkr_30,0.017,benchmarker,Zhengmix4eq,dr1,22,curated,other
PaCMAP,PaCMAP,PaCMAP,Mrre_missing_10,0.502,scDesign3,ACINAR,dr3,22,scDesign3,other
PaCMAP,PaCMAP,PaCMAP,Mrre_missing_20,0.502,scDesign3,ACINAR,dr3,22,scDesign3,other
PaCMAP,PaCMAP,PaCMAP,Mrre_missing_30,0.502,scDesign3,ACINAR,dr3,22,scDesign3,other
PaCMAP,PaCMAP,PaCMAP,aji_10,0.002,scDesign3,ACINAR,dr1,22,scDesign3,other
PaCMAP,PaCMAP,PaCMAP,aji_20,0.003,scDesign3,ACINAR,dr1,22,scDesign3,other
PaCMAP,PaCMAP,PaCMAP,aji_30,0.005,scDesign3,ACINAR,dr1,22,scDesign3,other
PaCMAP,PaCMAP,PaCMAP,nkr_10,0.003,scDesign3,ACINAR,dr1,22,scDesign3,other
PaCMAP,PaCMAP,PaCMAP,nkr_20,0.007,scDesign3,ACINAR,dr1,22,scDesign3,other
PaCMAP,PaCMAP,PaCMAP,nkr_30,0.01,scDesign3,ACINAR,dr1,22,scDesign3,other
PaCMAP,PaCMAP,PaCMAP,Mrre_missing_10,0.501,scDesign3,ATAC,dr3,22,scDesign3,other
PaCMAP,PaCMAP,PaCMAP,Mrre_missing_20,0.501,scDesign3,ATAC,dr3,22,scDesign3,other
PaCMAP,PaCMAP,PaCMAP,Mrre_missing_30,0.501,scDesign3,ATAC,dr3,22,scDesign3,other
PaCMAP,PaCMAP,PaCMAP,aji_10,0.001,scDesign3,ATAC,dr1,22,scDesign3,other
PaCMAP,PaCMAP,PaCMAP,aji_20,0.001,scDesign3,ATAC,dr1,22,scDesign3,other
PaCMAP,PaCMAP,PaCMAP,aji_30,0.002,scDesign3,ATAC,dr1,22,scDesign3,other
PaCMAP,PaCMAP,PaCMAP,nkr_10,0.001,scDesign3,ATAC,dr1,22,scDesign3,other
PaCMAP,PaCMAP,PaCMAP,nkr_20,0.003,scDesign3,ATAC,dr1,22,scDesign3,other
PaCMAP,PaCMAP,PaCMAP,nkr_30,0.004,scDesign3,ATAC,dr1,22,scDesign3,other
PaCMAP,PaCMAP,PaCMAP,Mrre_missing_10,0.602,scDesign3,BATCH,dr3,22,scDesign3,other
PaCMAP,PaCMAP,PaCMAP,Mrre_missing_20,0.6,scDesign3,BATCH,dr3,22,scDesign3,other
PaCMAP,PaCMAP,PaCMAP,Mrre_missing_30,0.6,scDesign3,BATCH,dr3,22,scDesign3,other
PaCMAP,PaCMAP,PaCMAP,aji_10,0.002,scDesign3,BATCH,dr1,22,scDesign3,other
PaCMAP,PaCMAP,PaCMAP,aji_20,0.005,scDesign3,BATCH,dr1,22,scDesign3,other
PaCMAP,PaCMAP,PaCMAP,aji_30,0.007,scDesign3,BATCH,dr1,22,scDesign3,other
PaCMAP,PaCMAP,PaCMAP,nkr_10,0.005,scDesign3,BATCH,dr1,22,scDesign3,other
PaCMAP,PaCMAP,PaCMAP,nkr_20,0.01,scDesign3,BATCH,dr1,22,scDesign3,other
PaCMAP,PaCMAP,PaCMAP,nkr_30,0.014,scDesign3,BATCH,dr1,22,scDesign3,other
PaCMAP,PaCMAP,PaCMAP,Mrre_missing_10,0.54,scDesign3,CITE,dr3,22,scDesign3,other
PaCMAP,PaCMAP,PaCMAP,Mrre_missing_20,0.539,scDesign3,CITE,dr3,22,scDesign3,other
PaCMAP,PaCMAP,PaCMAP,Mrre_missing_30,0.539,scDesign3,CITE,dr3,22,scDesign3,other
PaCMAP,PaCMAP,PaCMAP,aji_10,0.002,scDesign3,CITE,dr1,22,scDesign3,other
PaCMAP,PaCMAP,PaCMAP,aji_20,0.003,scDesign3,CITE,dr1,22,scDesign3,other
PaCMAP,PaCMAP,PaCMAP,aji_30,0.005,scDesign3,CITE,dr1,22,scDesign3,other
PaCMAP,PaCMAP,PaCMAP,nkr_10,0.003,scDesign3,CITE,dr1,22,scDesign3,other
PaCMAP,PaCMAP,PaCMAP,nkr_20,0.006,scDesign3,CITE,dr1,22,scDesign3,other
PaCMAP,PaCMAP,PaCMAP,nkr_30,0.009,scDesign3,CITE,dr1,22,scDesign3,other
PaCMAP,PaCMAP,PaCMAP,Mrre_missing_10,0.596,scDesign3,EMBYRO,dr3,22,scDesign3,other
PaCMAP,PaCMAP,PaCMAP,Mrre_missing_20,0.59,scDesign3,EMBYRO,dr3,22,scDesign3,other
PaCMAP,PaCMAP,PaCMAP,Mrre_missing_30,0.586,scDesign3,EMBYRO,dr3,22,scDesign3,other
PaCMAP,PaCMAP,PaCMAP,aji_10,0.016,scDesign3,EMBYRO,dr1,22,scDesign3,other
PaCMAP,PaCMAP,PaCMAP,aji_20,0.025,scDesign3,EMBYRO,dr1,22,scDesign3,other
PaCMAP,PaCMAP,PaCMAP,aji_30,0.032,scDesign3,EMBYRO,dr1,22,scDesign3,other
PaCMAP,PaCMAP,PaCMAP,nkr_10,0.034,scDesign3,EMBYRO,dr1,22,scDesign3,other
PaCMAP,PaCMAP,PaCMAP,nkr_20,0.05,scDesign3,EMBYRO,dr1,22,scDesign3,other
PaCMAP,PaCMAP,PaCMAP,nkr_30,0.06,scDesign3,EMBYRO,dr1,22,scDesign3,other
PaCMAP,PaCMAP,PaCMAP,Mrre_missing_10,0.505,scDesign3,IFNB,dr3,22,scDesign3,other
PaCMAP,PaCMAP,PaCMAP,Mrre_missing_20,0.505,scDesign3,IFNB,dr3,22,scDesign3,other
PaCMAP,PaCMAP,PaCMAP,Mrre_missing_30,0.505,scDesign3,IFNB,dr3,22,scDesign3,other
PaCMAP,PaCMAP,PaCMAP,aji_10,0.0,scDesign3,IFNB,dr1,22,scDesign3,other
PaCMAP,PaCMAP,PaCMAP,aji_20,0.001,scDesign3,IFNB,dr1,22,scDesign3,other
PaCMAP,PaCMAP,PaCMAP,aji_30,0.001,scDesign3,IFNB,dr1,22,scDesign3,other
PaCMAP,PaCMAP,PaCMAP,nkr_10,0.001,scDesign3,IFNB,dr1,22,scDesign3,other
PaCMAP,PaCMAP,PaCMAP,nkr_20,0.002,scDesign3,IFNB,dr1,22,scDesign3,other
PaCMAP,PaCMAP,PaCMAP,nkr_30,0.002,scDesign3,IFNB,dr1,22,scDesign3,other
PaCMAP,PaCMAP,PaCMAP,Mrre_missing_10,0.494,scDesign3,MARROW,dr3,22,scDesign3,other
PaCMAP,PaCMAP,PaCMAP,Mrre_missing_20,0.495,scDesign3,MARROW,dr3,22,scDesign3,other
PaCMAP,PaCMAP,PaCMAP,Mrre_missing_30,0.495,scDesign3,MARROW,dr3,22,scDesign3,other
PaCMAP,PaCMAP,PaCMAP,aji_10,0.002,scDesign3,MARROW,dr1,22,scDesign3,other
PaCMAP,PaCMAP,PaCMAP,aji_20,0.004,scDesign3,MARROW,dr1,22,scDesign3,other
PaCMAP,PaCMAP,PaCMAP,aji_30,0.006,scDesign3,MARROW,dr1,22,scDesign3,other
PaCMAP,PaCMAP,PaCMAP,nkr_10,0.003,scDesign3,MARROW,dr1,22,scDesign3,other
PaCMAP,PaCMAP,PaCMAP,nkr_20,0.008,scDesign3,MARROW,dr1,22,scDesign3,other
PaCMAP,PaCMAP,PaCMAP,nkr_30,0.011,scDesign3,MARROW,dr1,22,scDesign3,other
PaCMAP,PaCMAP,PaCMAP,Mrre_missing_10,0.617,scDesign3,MOBSC,dr3,22,scDesign3,other
PaCMAP,PaCMAP,PaCMAP,Mrre_missing_20,0.616,scDesign3,MOBSC,dr3,22,scDesign3,other
PaCMAP,PaCMAP,PaCMAP,Mrre_missing_30,0.615,scDesign3,MOBSC,dr3,22,scDesign3,other
PaCMAP,PaCMAP,PaCMAP,aji_10,0.001,scDesign3,MOBSC,dr1,22,scDesign3,other
PaCMAP,PaCMAP,PaCMAP,aji_20,0.002,scDesign3,MOBSC,dr1,22,scDesign3,other
PaCMAP,PaCMAP,PaCMAP,aji_30,0.003,scDesign3,MOBSC,dr1,22,scDesign3,other
PaCMAP,PaCMAP,PaCMAP,nkr_10,0.002,scDesign3,MOBSC,dr1,22,scDesign3,other
PaCMAP,PaCMAP,PaCMAP,nkr_20,0.004,scDesign3,MOBSC,dr1,22,scDesign3,other
PaCMAP,PaCMAP,PaCMAP,nkr_30,0.006,scDesign3,MOBSC,dr1,22,scDesign3,other
PaCMAP,PaCMAP,PaCMAP,Mrre_missing_10,0.502,scDesign3,OVARIAN,dr3,22,scDesign3,other
PaCMAP,PaCMAP,PaCMAP,Mrre_missing_20,0.501,scDesign3,OVARIAN,dr3,22,scDesign3,other
PaCMAP,PaCMAP,PaCMAP,Mrre_missing_30,0.501,scDesign3,OVARIAN,dr3,22,scDesign3,other
PaCMAP,PaCMAP,PaCMAP,aji_10,0.001,scDesign3,OVARIAN,dr1,22,scDesign3,other
PaCMAP,PaCMAP,PaCMAP,aji_20,0.003,scDesign3,OVARIAN,dr1,22,scDesign3,other
PaCMAP,PaCMAP,PaCMAP,aji_30,0.004,scDesign3,OVARIAN,dr1,22,scDesign3,other
PaCMAP,PaCMAP,PaCMAP,nkr_10,0.003,scDesign3,OVARIAN,dr1,22,scDesign3,other
PaCMAP,PaCMAP,PaCMAP,nkr_20,0.006,scDesign3,OVARIAN,dr1,22,scDesign3,other
PaCMAP,PaCMAP,PaCMAP,nkr_30,0.009,scDesign3,OVARIAN,dr1,22,scDesign3,other
PaCMAP,PaCMAP,PaCMAP,Mrre_missing_10,0.506,scDesign3,PANCREAS,dr3,22,scDesign3,other
PaCMAP,PaCMAP,PaCMAP,Mrre_missing_20,0.505,scDesign3,PANCREAS,dr3,22,scDesign3,other
PaCMAP,PaCMAP,PaCMAP,Mrre_missing_30,0.504,scDesign3,PANCREAS,dr3,22,scDesign3,other
PaCMAP,PaCMAP,PaCMAP,aji_10,0.002,scDesign3,PANCREAS,dr1,22,scDesign3,other
PaCMAP,PaCMAP,PaCMAP,aji_20,0.005,scDesign3,PANCREAS,dr1,22,scDesign3,other
PaCMAP,PaCMAP,PaCMAP,aji_30,0.007,scDesign3,PANCREAS,dr1,22,scDesign3,other
PaCMAP,PaCMAP,PaCMAP,nkr_10,0.004,scDesign3,PANCREAS,dr1,22,scDesign3,other
PaCMAP,PaCMAP,PaCMAP,nkr_20,0.009,scDesign3,PANCREAS,dr1,22,scDesign3,other
PaCMAP,PaCMAP,PaCMAP,nkr_30,0.014,scDesign3,PANCREAS,dr1,22,scDesign3,other
PaCMAP,PaCMAP,PaCMAP,Mrre_missing_10,0.681,scDesign3,SCGEMMETH,dr3,22,scDesign3,other
PaCMAP,PaCMAP,PaCMAP,Mrre_missing_20,0.673,scDesign3,SCGEMMETH,dr3,22,scDesign3,other
PaCMAP,PaCMAP,PaCMAP,Mrre_missing_30,0.668,scDesign3,SCGEMMETH,dr3,22,scDesign3,other
PaCMAP,PaCMAP,PaCMAP,aji_10,0.083,scDesign3,SCGEMMETH,dr1,22,scDesign3,other
PaCMAP,PaCMAP,PaCMAP,aji_20,0.143,scDesign3,SCGEMMETH,dr1,22,scDesign3,other
PaCMAP,PaCMAP,PaCMAP,aji_30,0.217,scDesign3,SCGEMMETH,dr1,22,scDesign3,other
PaCMAP,PaCMAP,PaCMAP,nkr_10,0.158,scDesign3,SCGEMMETH,dr1,22,scDesign3,other
PaCMAP,PaCMAP,PaCMAP,nkr_20,0.254,scDesign3,SCGEMMETH,dr1,22,scDesign3,other
PaCMAP,PaCMAP,PaCMAP,nkr_30,0.352,scDesign3,SCGEMMETH,dr1,22,scDesign3,other
PaCMAP,PaCMAP,PaCMAP,Mrre_missing_10,0.707,scDesign3,SCGEMRNA,dr3,22,scDesign3,other
PaCMAP,PaCMAP,PaCMAP,Mrre_missing_20,0.697,scDesign3,SCGEMRNA,dr3,22,scDesign3,other
PaCMAP,PaCMAP,PaCMAP,Mrre_missing_30,0.691,scDesign3,SCGEMRNA,dr3,22,scDesign3,other
PaCMAP,PaCMAP,PaCMAP,aji_10,0.082,scDesign3,SCGEMRNA,dr1,22,scDesign3,other
PaCMAP,PaCMAP,PaCMAP,aji_20,0.158,scDesign3,SCGEMRNA,dr1,22,scDesign3,other
PaCMAP,PaCMAP,PaCMAP,aji_30,0.223,scDesign3,SCGEMRNA,dr1,22,scDesign3,other
PaCMAP,PaCMAP,PaCMAP,nkr_10,0.159,scDesign3,SCGEMRNA,dr1,22,scDesign3,other
PaCMAP,PaCMAP,PaCMAP,nkr_20,0.275,scDesign3,SCGEMRNA,dr1,22,scDesign3,other
PaCMAP,PaCMAP,PaCMAP,nkr_30,0.367,scDesign3,SCGEMRNA,dr1,22,scDesign3,other
PaCMAP,PaCMAP,PaCMAP,Mrre_missing_10,0.543,scDesign3,SCIATAC,dr3,22,scDesign3,other
PaCMAP,PaCMAP,PaCMAP,Mrre_missing_20,0.538,scDesign3,SCIATAC,dr3,22,scDesign3,other
PaCMAP,PaCMAP,PaCMAP,Mrre_missing_30,0.533,scDesign3,SCIATAC,dr3,22,scDesign3,other
PaCMAP,PaCMAP,PaCMAP,aji_10,0.001,scDesign3,SCIATAC,dr1,22,scDesign3,other
PaCMAP,PaCMAP,PaCMAP,aji_20,0.003,scDesign3,SCIATAC,dr1,22,scDesign3,other
PaCMAP,PaCMAP,PaCMAP,aji_30,0.004,scDesign3,SCIATAC,dr1,22,scDesign3,other
PaCMAP,PaCMAP,PaCMAP,nkr_10,0.002,scDesign3,SCIATAC,dr1,22,scDesign3,other
PaCMAP,PaCMAP,PaCMAP,nkr_20,0.006,scDesign3,SCIATAC,dr1,22,scDesign3,other
PaCMAP,PaCMAP,PaCMAP,nkr_30,0.008,scDesign3,SCIATAC,dr1,22,scDesign3,other
PaCMAP,PaCMAP,PaCMAP,Mrre_missing_10,0.501,scDesign3,SLIDE,dr3,22,scDesign3,other
PaCMAP,PaCMAP,PaCMAP,Mrre_missing_20,0.501,scDesign3,SLIDE,dr3,22,scDesign3,other
PaCMAP,PaCMAP,PaCMAP,Mrre_missing_30,0.501,scDesign3,SLIDE,dr3,22,scDesign3,other
PaCMAP,PaCMAP,PaCMAP,aji_10,0.0,scDesign3,SLIDE,dr1,22,scDesign3,other
PaCMAP,PaCMAP,PaCMAP,aji_20,0.0,scDesign3,SLIDE,dr1,22,scDesign3,other
PaCMAP,PaCMAP,PaCMAP,aji_30,0.001,scDesign3,SLIDE,dr1,22,scDesign3,other
PaCMAP,PaCMAP,PaCMAP,nkr_10,0.0,scDesign3,SLIDE,dr1,22,scDesign3,other
PaCMAP,PaCMAP,PaCMAP,nkr_20,0.001,scDesign3,SLIDE,dr1,22,scDesign3,other
PaCMAP,PaCMAP,PaCMAP,nkr_30,0.001,scDesign3,SLIDE,dr1,22,scDesign3,other
PaCMAP,PaCMAP,PaCMAP,Mrre_missing_10,0.496,scDesign3,VISIUM,dr3,22,scDesign3,other
PaCMAP,PaCMAP,PaCMAP,Mrre_missing_20,0.496,scDesign3,VISIUM,dr3,22,scDesign3,other
PaCMAP,PaCMAP,PaCMAP,Mrre_missing_30,0.497,scDesign3,VISIUM,dr3,22,scDesign3,other
PaCMAP,PaCMAP,PaCMAP,aji_10,0.002,scDesign3,VISIUM,dr1,22,scDesign3,other
PaCMAP,PaCMAP,PaCMAP,aji_20,0.004,scDesign3,VISIUM,dr1,22,scDesign3,other
PaCMAP,PaCMAP,PaCMAP,aji_30,0.006,scDesign3,VISIUM,dr1,22,scDesign3,other
PaCMAP,PaCMAP,PaCMAP,nkr_10,0.004,scDesign3,VISIUM,dr1,22,scDesign3,other
PaCMAP,PaCMAP,PaCMAP,nkr_20,0.007,scDesign3,VISIUM,dr1,22,scDesign3,other
PaCMAP,PaCMAP,PaCMAP,nkr_30,0.011,scDesign3,VISIUM,dr1,22,scDesign3,other
t-SNE,TSNE,t-SNE,Mrre_missing_10,0.805,SIMLR,Pollen,dr3,23,SIMLR,other
t-SNE,TSNE,t-SNE,Mrre_missing_20,0.794,SIMLR,Pollen,dr3,23,SIMLR,other
t-SNE,TSNE,t-SNE,Mrre_missing_30,0.776,SIMLR,Pollen,dr3,23,SIMLR,other
t-SNE,TSNE,t-SNE,aji_10,0.177,SIMLR,Pollen,dr1,23,SIMLR,other
t-SNE,TSNE,t-SNE,aji_20,0.303,SIMLR,Pollen,dr1,23,SIMLR,other
t-SNE,TSNE,t-SNE,aji_30,0.321,SIMLR,Pollen,dr1,23,SIMLR,other
t-SNE,TSNE,t-SNE,nkr_10,0.267,SIMLR,Pollen,dr1,23,SIMLR,other
t-SNE,TSNE,t-SNE,nkr_20,0.425,SIMLR,Pollen,dr1,23,SIMLR,other
t-SNE,TSNE,t-SNE,nkr_30,0.463,SIMLR,Pollen,dr1,23,SIMLR,other
t-SNE,TSNE,t-SNE,Mrre_missing_10,0.635,SIMLR,Usoskin,dr3,23,SIMLR,other
t-SNE,TSNE,t-SNE,Mrre_missing_20,0.616,SIMLR,Usoskin,dr3,23,SIMLR,other
t-SNE,TSNE,t-SNE,Mrre_missing_30,0.605,SIMLR,Usoskin,dr3,23,SIMLR,other
t-SNE,TSNE,t-SNE,aji_10,0.035,SIMLR,Usoskin,dr1,23,SIMLR,other
t-SNE,TSNE,t-SNE,aji_20,0.061,SIMLR,Usoskin,dr1,23,SIMLR,other
t-SNE,TSNE,t-SNE,aji_30,0.082,SIMLR,Usoskin,dr1,23,SIMLR,other
t-SNE,TSNE,t-SNE,nkr_10,0.062,SIMLR,Usoskin,dr1,23,SIMLR,other
t-SNE,TSNE,t-SNE,nkr_20,0.099,SIMLR,Usoskin,dr1,23,SIMLR,other
t-SNE,TSNE,t-SNE,nkr_30,0.132,SIMLR,Usoskin,dr1,23,SIMLR,other
t-SNE,TSNE,t-SNE,Mrre_missing_10,0.897,TI,DA1_horns,dr3,23,trajectory,other
t-SNE,TSNE,t-SNE,Mrre_missing_20,0.889,TI,DA1_horns,dr3,23,trajectory,other
t-SNE,TSNE,t-SNE,Mrre_missing_30,0.884,TI,DA1_horns,dr3,23,trajectory,other
t-SNE,TSNE,t-SNE,aji_10,0.13,TI,DA1_horns,dr1,23,trajectory,other
t-SNE,TSNE,t-SNE,aji_20,0.222,TI,DA1_horns,dr1,23,trajectory,other
t-SNE,TSNE,t-SNE,aji_30,0.315,TI,DA1_horns,dr1,23,trajectory,other
t-SNE,TSNE,t-SNE,nkr_10,0.263,TI,DA1_horns,dr1,23,trajectory,other
t-SNE,TSNE,t-SNE,nkr_20,0.373,TI,DA1_horns,dr1,23,trajectory,other
t-SNE,TSNE,t-SNE,nkr_30,0.479,TI,DA1_horns,dr1,23,trajectory,other
t-SNE,TSNE,t-SNE,Mrre_missing_10,0.91,TI,DC3_VA1d_horns,dr3,23,trajectory,other
t-SNE,TSNE,t-SNE,Mrre_missing_20,0.905,TI,DC3_VA1d_horns,dr3,23,trajectory,other
t-SNE,TSNE,t-SNE,Mrre_missing_30,0.901,TI,DC3_VA1d_horns,dr3,23,trajectory,other
t-SNE,TSNE,t-SNE,aji_10,0.213,TI,DC3_VA1d_horns,dr1,23,trajectory,other
t-SNE,TSNE,t-SNE,aji_20,0.336,TI,DC3_VA1d_horns,dr1,23,trajectory,other
t-SNE,TSNE,t-SNE,aji_30,0.49,TI,DC3_VA1d_horns,dr1,23,trajectory,other
t-SNE,TSNE,t-SNE,nkr_10,0.392,TI,DC3_VA1d_horns,dr1,23,trajectory,other
t-SNE,TSNE,t-SNE,nkr_20,0.52,TI,DC3_VA1d_horns,dr1,23,trajectory,other
t-SNE,TSNE,t-SNE,nkr_30,0.66,TI,DC3_VA1d_horns,dr1,23,trajectory,other
t-SNE,TSNE,t-SNE,Mrre_missing_10,0.963,TI,ICM,dr3,23,trajectory,other
t-SNE,TSNE,t-SNE,Mrre_missing_20,0.955,TI,ICM,dr3,23,trajectory,other
t-SNE,TSNE,t-SNE,Mrre_missing_30,0.95,TI,ICM,dr3,23,trajectory,other
t-SNE,TSNE,t-SNE,aji_10,0.357,TI,ICM,dr1,23,trajectory,other
t-SNE,TSNE,t-SNE,aji_20,0.46,TI,ICM,dr1,23,trajectory,other
t-SNE,TSNE,t-SNE,aji_30,0.581,TI,ICM,dr1,23,trajectory,other
t-SNE,TSNE,t-SNE,nkr_10,0.558,TI,ICM,dr1,23,trajectory,other
t-SNE,TSNE,t-SNE,nkr_20,0.637,TI,ICM,dr1,23,trajectory,other
t-SNE,TSNE,t-SNE,nkr_30,0.73,TI,ICM,dr1,23,trajectory,other
t-SNE,TSNE,t-SNE,Mrre_missing_10,0.97,TI,blastocyst,dr3,23,trajectory,other
t-SNE,TSNE,t-SNE,Mrre_missing_20,0.962,TI,blastocyst,dr3,23,trajectory,other
t-SNE,TSNE,t-SNE,Mrre_missing_30,0.956,TI,blastocyst,dr3,23,trajectory,other
t-SNE,TSNE,t-SNE,aji_10,0.351,TI,blastocyst,dr1,23,trajectory,other
t-SNE,TSNE,t-SNE,aji_20,0.446,TI,blastocyst,dr1,23,trajectory,other
t-SNE,TSNE,t-SNE,aji_30,0.555,TI,blastocyst,dr1,23,trajectory,other
t-SNE,TSNE,t-SNE,nkr_10,0.57,TI,blastocyst,dr1,23,trajectory,other
t-SNE,TSNE,t-SNE,nkr_20,0.633,TI,blastocyst,dr1,23,trajectory,other
t-SNE,TSNE,t-SNE,nkr_30,0.716,TI,blastocyst,dr1,23,trajectory,other
t-SNE,TSNE,t-SNE,Mrre_missing_10,0.83,TI,combination-1,dr3,23,trajectory,other
t-SNE,TSNE,t-SNE,Mrre_missing_20,0.822,TI,combination-1,dr3,23,trajectory,other
t-SNE,TSNE,t-SNE,Mrre_missing_30,0.817,TI,combination-1,dr3,23,trajectory,other
t-SNE,TSNE,t-SNE,aji_10,0.019,TI,combination-1,dr1,23,trajectory,other
t-SNE,TSNE,t-SNE,aji_20,0.027,TI,combination-1,dr1,23,trajectory,other
t-SNE,TSNE,t-SNE,aji_30,0.033,TI,combination-1,dr1,23,trajectory,other
t-SNE,TSNE,t-SNE,nkr_10,0.041,TI,combination-1,dr1,23,trajectory,other
t-SNE,TSNE,t-SNE,nkr_20,0.056,TI,combination-1,dr1,23,trajectory,other
t-SNE,TSNE,t-SNE,nkr_30,0.066,TI,combination-1,dr1,23,trajectory,other
t-SNE,TSNE,t-SNE,Mrre_missing_10,0.801,TI,combination-2,dr3,23,trajectory,other
t-SNE,TSNE,t-SNE,Mrre_missing_20,0.793,TI,combination-2,dr3,23,trajectory,other
t-SNE,TSNE,t-SNE,Mrre_missing_30,0.788,TI,combination-2,dr3,23,trajectory,other
t-SNE,TSNE,t-SNE,aji_10,0.014,TI,combination-2,dr1,23,trajectory,other
t-SNE,TSNE,t-SNE,aji_20,0.021,TI,combination-2,dr1,23,trajectory,other
t-SNE,TSNE,t-SNE,aji_30,0.026,TI,combination-2,dr1,23,trajectory,other
t-SNE,TSNE,t-SNE,nkr_10,0.03,TI,combination-2,dr1,23,trajectory,other
t-SNE,TSNE,t-SNE,nkr_20,0.042,TI,combination-2,dr1,23,trajectory,other
t-SNE,TSNE,t-SNE,nkr_30,0.052,TI,combination-2,dr1,23,trajectory,other
t-SNE,TSNE,t-SNE,Mrre_missing_10,0.88,TI,combination-3,dr3,23,trajectory,other
t-SNE,TSNE,t-SNE,Mrre_missing_20,0.872,TI,combination-3,dr3,23,trajectory,other
t-SNE,TSNE,t-SNE,Mrre_missing_30,0.866,TI,combination-3,dr3,23,trajectory,other
t-SNE,TSNE,t-SNE,aji_10,0.024,TI,combination-3,dr1,23,trajectory,other
t-SNE,TSNE,t-SNE,aji_20,0.036,TI,combination-3,dr1,23,trajectory,other
t-SNE,TSNE,t-SNE,aji_30,0.047,TI,combination-3,dr1,23,trajectory,other
t-SNE,TSNE,t-SNE,nkr_10,0.051,TI,combination-3,dr1,23,trajectory,other
t-SNE,TSNE,t-SNE,nkr_20,0.073,TI,combination-3,dr1,23,trajectory,other
t-SNE,TSNE,t-SNE,nkr_30,0.092,TI,combination-3,dr1,23,trajectory,other
t-SNE,TSNE,t-SNE,Mrre_missing_10,0.942,TI,epiblast,dr3,23,trajectory,other
t-SNE,TSNE,t-SNE,Mrre_missing_20,0.931,TI,epiblast,dr3,23,trajectory,other
t-SNE,TSNE,t-SNE,Mrre_missing_30,0.923,TI,epiblast,dr3,23,trajectory,other
t-SNE,TSNE,t-SNE,aji_10,0.331,TI,epiblast,dr1,23,trajectory,other
t-SNE,TSNE,t-SNE,aji_20,0.441,TI,epiblast,dr1,23,trajectory,other
t-SNE,TSNE,t-SNE,aji_30,0.559,TI,epiblast,dr1,23,trajectory,other
t-SNE,TSNE,t-SNE,nkr_10,0.532,TI,epiblast,dr1,23,trajectory,other
t-SNE,TSNE,t-SNE,nkr_20,0.621,TI,epiblast,dr1,23,trajectory,other
t-SNE,TSNE,t-SNE,nkr_30,0.709,TI,epiblast,dr1,23,trajectory,other
t-SNE,TSNE,t-SNE,Mrre_missing_10,0.804,TI,epidermis,dr3,23,trajectory,other
t-SNE,TSNE,t-SNE,Mrre_missing_20,0.8,TI,epidermis,dr3,23,trajectory,other
t-SNE,TSNE,t-SNE,Mrre_missing_30,0.797,TI,epidermis,dr3,23,trajectory,other
t-SNE,TSNE,t-SNE,aji_10,0.019,TI,epidermis,dr1,23,trajectory,other
t-SNE,TSNE,t-SNE,aji_20,0.027,TI,epidermis,dr1,23,trajectory,other
t-SNE,TSNE,t-SNE,aji_30,0.034,TI,epidermis,dr1,23,trajectory,other
t-SNE,TSNE,t-SNE,nkr_10,0.041,TI,epidermis,dr1,23,trajectory,other
t-SNE,TSNE,t-SNE,nkr_20,0.055,TI,epidermis,dr1,23,trajectory,other
t-SNE,TSNE,t-SNE,nkr_30,0.067,TI,epidermis,dr1,23,trajectory,other
t-SNE,TSNE,t-SNE,Mrre_missing_10,0.907,TI,horns,dr3,23,trajectory,other
t-SNE,TSNE,t-SNE,Mrre_missing_20,0.9,TI,horns,dr3,23,trajectory,other
t-SNE,TSNE,t-SNE,Mrre_missing_30,0.895,TI,horns,dr3,23,trajectory,other
t-SNE,TSNE,t-SNE,aji_10,0.13,TI,horns,dr1,23,trajectory,other
t-SNE,TSNE,t-SNE,aji_20,0.196,TI,horns,dr1,23,trajectory,other
t-SNE,TSNE,t-SNE,aji_30,0.248,TI,horns,dr1,23,trajectory,other
t-SNE,TSNE,t-SNE,nkr_10,0.248,TI,horns,dr1,23,trajectory,other
t-SNE,TSNE,t-SNE,nkr_20,0.345,TI,horns,dr1,23,trajectory,other
t-SNE,TSNE,t-SNE,nkr_30,0.412,TI,horns,dr1,23,trajectory,other
t-SNE,TSNE,t-SNE,Mrre_missing_10,0.754,TI,muscle,dr3,23,trajectory,other
t-SNE,TSNE,t-SNE,Mrre_missing_20,0.751,TI,muscle,dr3,23,trajectory,other
t-SNE,TSNE,t-SNE,Mrre_missing_30,0.748,TI,muscle,dr3,23,trajectory,other
t-SNE,TSNE,t-SNE,aji_10,0.013,TI,muscle,dr1,23,trajectory,other
t-SNE,TSNE,t-SNE,aji_20,0.019,TI,muscle,dr1,23,trajectory,other
t-SNE,TSNE,t-SNE,aji_30,0.025,TI,muscle,dr1,23,trajectory,other
t-SNE,TSNE,t-SNE,nkr_10,0.027,TI,muscle,dr1,23,trajectory,other
t-SNE,TSNE,t-SNE,nkr_20,0.039,TI,muscle,dr1,23,trajectory,other
t-SNE,TSNE,t-SNE,nkr_30,0.049,TI,muscle,dr1,23,trajectory,other
t-SNE,TSNE,t-SNE,Mrre_missing_10,0.756,TI,neuron,dr3,23,trajectory,other
t-SNE,TSNE,t-SNE,Mrre_missing_20,0.744,TI,neuron,dr3,23,trajectory,other
t-SNE,TSNE,t-SNE,Mrre_missing_30,0.736,TI,neuron,dr3,23,trajectory,other
t-SNE,TSNE,t-SNE,aji_10,0.013,TI,neuron,dr1,23,trajectory,other
t-SNE,TSNE,t-SNE,aji_20,0.018,TI,neuron,dr1,23,trajectory,other
t-SNE,TSNE,t-SNE,aji_30,0.022,TI,neuron,dr1,23,trajectory,other
t-SNE,TSNE,t-SNE,nkr_10,0.027,TI,neuron,dr1,23,trajectory,other
t-SNE,TSNE,t-SNE,nkr_20,0.036,TI,neuron,dr1,23,trajectory,other
t-SNE,TSNE,t-SNE,nkr_30,0.044,TI,neuron,dr1,23,trajectory,other
t-SNE,TSNE,t-SNE,Mrre_missing_10,0.862,TI,pair-1,dr3,23,trajectory,other
t-SNE,TSNE,t-SNE,Mrre_missing_20,0.856,TI,pair-1,dr3,23,trajectory,other
t-SNE,TSNE,t-SNE,Mrre_missing_30,0.852,TI,pair-1,dr3,23,trajectory,other
t-SNE,TSNE,t-SNE,aji_10,0.009,TI,pair-1,dr1,23,trajectory,other
t-SNE,TSNE,t-SNE,aji_20,0.014,TI,pair-1,dr1,23,trajectory,other
t-SNE,TSNE,t-SNE,aji_30,0.018,TI,pair-1,dr1,23,trajectory,other
t-SNE,TSNE,t-SNE,nkr_10,0.02,TI,pair-1,dr1,23,trajectory,other
t-SNE,TSNE,t-SNE,nkr_20,0.029,TI,pair-1,dr1,23,trajectory,other
t-SNE,TSNE,t-SNE,nkr_30,0.037,TI,pair-1,dr1,23,trajectory,other
t-SNE,TSNE,t-SNE,Mrre_missing_10,0.825,TI,pair-2,dr3,23,trajectory,other
t-SNE,TSNE,t-SNE,Mrre_missing_20,0.817,TI,pair-2,dr3,23,trajectory,other
t-SNE,TSNE,t-SNE,Mrre_missing_30,0.812,TI,pair-2,dr3,23,trajectory,other
t-SNE,TSNE,t-SNE,aji_10,0.006,TI,pair-2,dr1,23,trajectory,other
t-SNE,TSNE,t-SNE,aji_20,0.01,TI,pair-2,dr1,23,trajectory,other
t-SNE,TSNE,t-SNE,aji_30,0.013,TI,pair-2,dr1,23,trajectory,other
t-SNE,TSNE,t-SNE,nkr_10,0.013,TI,pair-2,dr1,23,trajectory,other
t-SNE,TSNE,t-SNE,nkr_20,0.02,TI,pair-2,dr1,23,trajectory,other
t-SNE,TSNE,t-SNE,nkr_30,0.026,TI,pair-2,dr1,23,trajectory,other
t-SNE,TSNE,t-SNE,Mrre_missing_10,0.832,TI,pair-3,dr3,23,trajectory,other
t-SNE,TSNE,t-SNE,Mrre_missing_20,0.823,TI,pair-3,dr3,23,trajectory,other
t-SNE,TSNE,t-SNE,Mrre_missing_30,0.817,TI,pair-3,dr3,23,trajectory,other
t-SNE,TSNE,t-SNE,aji_10,0.008,TI,pair-3,dr1,23,trajectory,other
t-SNE,TSNE,t-SNE,aji_20,0.012,TI,pair-3,dr1,23,trajectory,other
t-SNE,TSNE,t-SNE,aji_30,0.015,TI,pair-3,dr1,23,trajectory,other
t-SNE,TSNE,t-SNE,nkr_10,0.016,TI,pair-3,dr1,23,trajectory,other
t-SNE,TSNE,t-SNE,nkr_20,0.024,TI,pair-3,dr1,23,trajectory,other
t-SNE,TSNE,t-SNE,nkr_30,0.031,TI,pair-3,dr1,23,trajectory,other
t-SNE,TSNE,t-SNE,Mrre_missing_10,0.8,TI,pair-4,dr3,23,trajectory,other
t-SNE,TSNE,t-SNE,Mrre_missing_20,0.793,TI,pair-4,dr3,23,trajectory,other
t-SNE,TSNE,t-SNE,Mrre_missing_30,0.788,TI,pair-4,dr3,23,trajectory,other
t-SNE,TSNE,t-SNE,aji_10,0.006,TI,pair-4,dr1,23,trajectory,other
t-SNE,TSNE,t-SNE,aji_20,0.009,TI,pair-4,dr1,23,trajectory,other
t-SNE,TSNE,t-SNE,aji_30,0.012,TI,pair-4,dr1,23,trajectory,other
t-SNE,TSNE,t-SNE,nkr_10,0.014,TI,pair-4,dr1,23,trajectory,other
t-SNE,TSNE,t-SNE,nkr_20,0.02,TI,pair-4,dr1,23,trajectory,other
t-SNE,TSNE,t-SNE,nkr_30,0.024,TI,pair-4,dr1,23,trajectory,other
t-SNE,TSNE,t-SNE,Mrre_missing_10,0.861,TI,parenchyme,dr3,23,trajectory,other
t-SNE,TSNE,t-SNE,Mrre_missing_20,0.852,TI,parenchyme,dr3,23,trajectory,other
t-SNE,TSNE,t-SNE,Mrre_missing_30,0.847,TI,parenchyme,dr3,23,trajectory,other
t-SNE,TSNE,t-SNE,aji_10,0.02,TI,parenchyme,dr1,23,trajectory,other
t-SNE,TSNE,t-SNE,aji_20,0.031,TI,parenchyme,dr1,23,trajectory,other
t-SNE,TSNE,t-SNE,aji_30,0.042,TI,parenchyme,dr1,23,trajectory,other
t-SNE,TSNE,t-SNE,nkr_10,0.042,TI,parenchyme,dr1,23,trajectory,other
t-SNE,TSNE,t-SNE,nkr_20,0.063,TI,parenchyme,dr1,23,trajectory,other
t-SNE,TSNE,t-SNE,nkr_30,0.082,TI,parenchyme,dr1,23,trajectory,other
t-SNE,TSNE,t-SNE,Mrre_missing_10,0.793,TI,phagocyte,dr3,23,trajectory,other
t-SNE,TSNE,t-SNE,Mrre_missing_20,0.785,TI,phagocyte,dr3,23,trajectory,other
t-SNE,TSNE,t-SNE,Mrre_missing_30,0.78,TI,phagocyte,dr3,23,trajectory,other
t-SNE,TSNE,t-SNE,aji_10,0.049,TI,phagocyte,dr1,23,trajectory,other
t-SNE,TSNE,t-SNE,aji_20,0.075,TI,phagocyte,dr1,23,trajectory,other
t-SNE,TSNE,t-SNE,aji_30,0.097,TI,phagocyte,dr1,23,trajectory,other
t-SNE,TSNE,t-SNE,nkr_10,0.101,TI,phagocyte,dr1,23,trajectory,other
t-SNE,TSNE,t-SNE,nkr_20,0.145,TI,phagocyte,dr1,23,trajectory,other
t-SNE,TSNE,t-SNE,nkr_30,0.179,TI,phagocyte,dr1,23,trajectory,other
t-SNE,TSNE,t-SNE,Mrre_missing_10,0.804,TI,pharynx,dr3,23,trajectory,other
t-SNE,TSNE,t-SNE,Mrre_missing_20,0.79,TI,pharynx,dr3,23,trajectory,other
t-SNE,TSNE,t-SNE,Mrre_missing_30,0.782,TI,pharynx,dr3,23,trajectory,other
t-SNE,TSNE,t-SNE,aji_10,0.061,TI,pharynx,dr1,23,trajectory,other
t-SNE,TSNE,t-SNE,aji_20,0.102,TI,pharynx,dr1,23,trajectory,other
t-SNE,TSNE,t-SNE,aji_30,0.131,TI,pharynx,dr1,23,trajectory,other
t-SNE,TSNE,t-SNE,nkr_10,0.133,TI,pharynx,dr1,23,trajectory,other
t-SNE,TSNE,t-SNE,nkr_20,0.201,TI,pharynx,dr1,23,trajectory,other
t-SNE,TSNE,t-SNE,nkr_30,0.244,TI,pharynx,dr1,23,trajectory,other
t-SNE,TSNE,t-SNE,Mrre_missing_10,0.915,TI,trophectoderm,dr3,23,trajectory,other
t-SNE,TSNE,t-SNE,Mrre_missing_20,0.896,TI,trophectoderm,dr3,23,trajectory,other
t-SNE,TSNE,t-SNE,Mrre_missing_30,0.882,TI,trophectoderm,dr3,23,trajectory,other
t-SNE,TSNE,t-SNE,aji_10,0.31,TI,trophectoderm,dr1,23,trajectory,other
t-SNE,TSNE,t-SNE,aji_20,0.448,TI,trophectoderm,dr1,23,trajectory,other
t-SNE,TSNE,t-SNE,aji_30,0.546,TI,trophectoderm,dr1,23,trajectory,other
t-SNE,TSNE,t-SNE,nkr_10,0.541,TI,trophectoderm,dr1,23,trajectory,other
t-SNE,TSNE,t-SNE,nkr_20,0.634,TI,trophectoderm,dr1,23,trajectory,other
t-SNE,TSNE,t-SNE,nkr_30,0.717,TI,trophectoderm,dr1,23,trajectory,other
t-SNE,TSNE,t-SNE,Mrre_missing_10,0.967,VASC,Baron,dr3,23,VASC,other
t-SNE,TSNE,t-SNE,Mrre_missing_20,0.965,VASC,Baron,dr3,23,VASC,other
t-SNE,TSNE,t-SNE,Mrre_missing_30,0.963,VASC,Baron,dr3,23,VASC,other
t-SNE,TSNE,t-SNE,aji_10,0.057,VASC,Baron,dr1,23,VASC,other
t-SNE,TSNE,t-SNE,aji_20,0.085,VASC,Baron,dr1,23,VASC,other
t-SNE,TSNE,t-SNE,aji_30,0.105,VASC,Baron,dr1,23,VASC,other
t-SNE,TSNE,t-SNE,nkr_10,0.115,VASC,Baron,dr1,23,VASC,other
t-SNE,TSNE,t-SNE,nkr_20,0.157,VASC,Baron,dr1,23,VASC,other
t-SNE,TSNE,t-SNE,nkr_30,0.187,VASC,Baron,dr1,23,VASC,other
t-SNE,TSNE,t-SNE,Mrre_missing_10,0.942,VASC,Biase,dr3,23,VASC,other
t-SNE,TSNE,t-SNE,Mrre_missing_20,0.929,VASC,Biase,dr3,23,VASC,other
t-SNE,TSNE,t-SNE,Mrre_missing_30,0.906,VASC,Biase,dr3,23,VASC,other
t-SNE,TSNE,t-SNE,aji_10,0.571,VASC,Biase,dr1,23,VASC,other
t-SNE,TSNE,t-SNE,aji_20,0.752,VASC,Biase,dr1,23,VASC,other
t-SNE,TSNE,t-SNE,aji_30,0.613,VASC,Biase,dr1,23,VASC,other
t-SNE,TSNE,t-SNE,nkr_10,0.725,VASC,Biase,dr1,23,VASC,other
t-SNE,TSNE,t-SNE,nkr_20,0.891,VASC,Biase,dr1,23,VASC,other
t-SNE,TSNE,t-SNE,nkr_30,0.785,VASC,Biase,dr1,23,VASC,other
t-SNE,TSNE,t-SNE,Mrre_missing_10,0.963,VASC,Goolam,dr3,23,VASC,other
t-SNE,TSNE,t-SNE,Mrre_missing_20,0.952,VASC,Goolam,dr3,23,VASC,other
t-SNE,TSNE,t-SNE,Mrre_missing_30,0.94,VASC,Goolam,dr3,23,VASC,other
t-SNE,TSNE,t-SNE,aji_10,0.44,VASC,Goolam,dr1,23,VASC,other
t-SNE,TSNE,t-SNE,aji_20,0.578,VASC,Goolam,dr1,23,VASC,other
t-SNE,TSNE,t-SNE,aji_30,0.561,VASC,Goolam,dr1,23,VASC,other
t-SNE,TSNE,t-SNE,nkr_10,0.639,VASC,Goolam,dr1,23,VASC,other
t-SNE,TSNE,t-SNE,nkr_20,0.743,VASC,Goolam,dr1,23,VASC,other
t-SNE,TSNE,t-SNE,nkr_30,0.728,VASC,Goolam,dr1,23,VASC,other
t-SNE,TSNE,t-SNE,Mrre_missing_10,0.776,VASC,Xin,dr3,23,VASC,other
t-SNE,TSNE,t-SNE,Mrre_missing_20,0.769,VASC,Xin,dr3,23,VASC,other
t-SNE,TSNE,t-SNE,Mrre_missing_30,0.765,VASC,Xin,dr3,23,VASC,other
t-SNE,TSNE,t-SNE,aji_10,0.033,VASC,Xin,dr1,23,VASC,other
t-SNE,TSNE,t-SNE,aji_20,0.048,VASC,Xin,dr1,23,VASC,other
t-SNE,TSNE,t-SNE,aji_30,0.06,VASC,Xin,dr1,23,VASC,other
t-SNE,TSNE,t-SNE,nkr_10,0.062,VASC,Xin,dr1,23,VASC,other
t-SNE,TSNE,t-SNE,nkr_20,0.087,VASC,Xin,dr1,23,VASC,other
t-SNE,TSNE,t-SNE,nkr_30,0.107,VASC,Xin,dr1,23,VASC,other
t-SNE,TSNE,t-SNE,Mrre_missing_10,0.938,VASC,Zeisel,dr3,23,VASC,other
t-SNE,TSNE,t-SNE,Mrre_missing_20,0.932,VASC,Zeisel,dr3,23,VASC,other
t-SNE,TSNE,t-SNE,Mrre_missing_30,0.927,VASC,Zeisel,dr3,23,VASC,other
t-SNE,TSNE,t-SNE,aji_10,0.087,VASC,Zeisel,dr1,23,VASC,other
t-SNE,TSNE,t-SNE,aji_20,0.125,VASC,Zeisel,dr1,23,VASC,other
t-SNE,TSNE,t-SNE,aji_30,0.152,VASC,Zeisel,dr1,23,VASC,other
t-SNE,TSNE,t-SNE,nkr_10,0.171,VASC,Zeisel,dr1,23,VASC,other
t-SNE,TSNE,t-SNE,nkr_20,0.221,VASC,Zeisel,dr1,23,VASC,other
t-SNE,TSNE,t-SNE,nkr_30,0.258,VASC,Zeisel,dr1,23,VASC,other
t-SNE,TSNE,t-SNE,Mrre_missing_10,0.961,VASC,yan,dr3,23,VASC,other
t-SNE,TSNE,t-SNE,Mrre_missing_20,0.955,VASC,yan,dr3,23,VASC,other
t-SNE,TSNE,t-SNE,Mrre_missing_30,0.951,VASC,yan,dr3,23,VASC,other
t-SNE,TSNE,t-SNE,aji_10,0.533,VASC,yan,dr1,23,VASC,other
t-SNE,TSNE,t-SNE,aji_20,0.712,VASC,yan,dr1,23,VASC,other
t-SNE,TSNE,t-SNE,aji_30,0.829,VASC,yan,dr1,23,VASC,other
t-SNE,TSNE,t-SNE,nkr_10,0.721,VASC,yan,dr1,23,VASC,other
t-SNE,TSNE,t-SNE,nkr_20,0.838,VASC,yan,dr1,23,VASC,other
t-SNE,TSNE,t-SNE,nkr_30,0.932,VASC,yan,dr1,23,VASC,other
t-SNE,TSNE,t-SNE,Mrre_missing_10,0.879,benchmarker,Baron_mouse,dr3,23,curated,other
t-SNE,TSNE,t-SNE,Mrre_missing_20,0.873,benchmarker,Baron_mouse,dr3,23,curated,other
t-SNE,TSNE,t-SNE,Mrre_missing_30,0.87,benchmarker,Baron_mouse,dr3,23,curated,other
t-SNE,TSNE,t-SNE,aji_10,0.071,benchmarker,Baron_mouse,dr1,23,curated,other
t-SNE,TSNE,t-SNE,aji_20,0.105,benchmarker,Baron_mouse,dr1,23,curated,other
t-SNE,TSNE,t-SNE,aji_30,0.137,benchmarker,Baron_mouse,dr1,23,curated,other
t-SNE,TSNE,t-SNE,nkr_10,0.133,benchmarker,Baron_mouse,dr1,23,curated,other
t-SNE,TSNE,t-SNE,nkr_20,0.181,benchmarker,Baron_mouse,dr1,23,curated,other
t-SNE,TSNE,t-SNE,nkr_30,0.224,benchmarker,Baron_mouse,dr1,23,curated,other
t-SNE,TSNE,t-SNE,Mrre_missing_10,0.92,benchmarker,Darmanis,dr3,23,curated,other
t-SNE,TSNE,t-SNE,Mrre_missing_20,0.914,benchmarker,Darmanis,dr3,23,curated,other
t-SNE,TSNE,t-SNE,Mrre_missing_30,0.909,benchmarker,Darmanis,dr3,23,curated,other
t-SNE,TSNE,t-SNE,aji_10,0.175,benchmarker,Darmanis,dr1,23,curated,other
t-SNE,TSNE,t-SNE,aji_20,0.248,benchmarker,Darmanis,dr1,23,curated,other
t-SNE,TSNE,t-SNE,aji_30,0.317,benchmarker,Darmanis,dr1,23,curated,other
t-SNE,TSNE,t-SNE,nkr_10,0.307,benchmarker,Darmanis,dr1,23,curated,other
t-SNE,TSNE,t-SNE,nkr_20,0.403,benchmarker,Darmanis,dr1,23,curated,other
t-SNE,TSNE,t-SNE,nkr_30,0.473,benchmarker,Darmanis,dr1,23,curated,other
t-SNE,TSNE,t-SNE,Mrre_missing_10,0.785,benchmarker,Pancreatic,dr3,23,curated,other
t-SNE,TSNE,t-SNE,Mrre_missing_20,0.754,benchmarker,Pancreatic,dr3,23,curated,other
t-SNE,TSNE,t-SNE,Mrre_missing_30,0.727,benchmarker,Pancreatic,dr3,23,curated,other
t-SNE,TSNE,t-SNE,aji_10,0.258,benchmarker,Pancreatic,dr1,23,curated,other
t-SNE,TSNE,t-SNE,aji_20,0.36,benchmarker,Pancreatic,dr1,23,curated,other
t-SNE,TSNE,t-SNE,aji_30,0.476,benchmarker,Pancreatic,dr1,23,curated,other
t-SNE,TSNE,t-SNE,nkr_10,0.423,benchmarker,Pancreatic,dr1,23,curated,other
t-SNE,TSNE,t-SNE,nkr_20,0.542,benchmarker,Pancreatic,dr1,23,curated,other
t-SNE,TSNE,t-SNE,nkr_30,0.659,benchmarker,Pancreatic,dr1,23,curated,other
t-SNE,TSNE,t-SNE,Mrre_missing_10,0.878,benchmarker,Silver,dr3,23,curated,other
t-SNE,TSNE,t-SNE,Mrre_missing_20,0.874,benchmarker,Silver,dr3,23,curated,other
t-SNE,TSNE,t-SNE,Mrre_missing_30,0.871,benchmarker,Silver,dr3,23,curated,other
t-SNE,TSNE,t-SNE,aji_10,0.022,benchmarker,Silver,dr1,23,curated,other
t-SNE,TSNE,t-SNE,aji_20,0.039,benchmarker,Silver,dr1,23,curated,other
t-SNE,TSNE,t-SNE,aji_30,0.052,benchmarker,Silver,dr1,23,curated,other
t-SNE,TSNE,t-SNE,nkr_10,0.044,benchmarker,Silver,dr1,23,curated,other
t-SNE,TSNE,t-SNE,nkr_20,0.071,benchmarker,Silver,dr1,23,curated,other
t-SNE,TSNE,t-SNE,nkr_30,0.093,benchmarker,Silver,dr1,23,curated,other
t-SNE,TSNE,t-SNE,Mrre_missing_10,0.854,benchmarker,Zhengmix4eq,dr3,23,curated,other
t-SNE,TSNE,t-SNE,Mrre_missing_20,0.85,benchmarker,Zhengmix4eq,dr3,23,curated,other
t-SNE,TSNE,t-SNE,Mrre_missing_30,0.848,benchmarker,Zhengmix4eq,dr3,23,curated,other
t-SNE,TSNE,t-SNE,aji_10,0.011,benchmarker,Zhengmix4eq,dr1,23,curated,other
t-SNE,TSNE,t-SNE,aji_20,0.019,benchmarker,Zhengmix4eq,dr1,23,curated,other
t-SNE,TSNE,t-SNE,aji_30,0.028,benchmarker,Zhengmix4eq,dr1,23,curated,other
t-SNE,TSNE,t-SNE,nkr_10,0.02,benchmarker,Zhengmix4eq,dr1,23,curated,other
t-SNE,TSNE,t-SNE,nkr_20,0.034,benchmarker,Zhengmix4eq,dr1,23,curated,other
t-SNE,TSNE,t-SNE,nkr_30,0.046,benchmarker,Zhengmix4eq,dr1,23,curated,other
t-SNE,TSNE,t-SNE,Mrre_missing_10,0.909,scDesign3,ACINAR,dr3,23,scDesign3,other
t-SNE,TSNE,t-SNE,Mrre_missing_20,0.902,scDesign3,ACINAR,dr3,23,scDesign3,other
t-SNE,TSNE,t-SNE,Mrre_missing_30,0.898,scDesign3,ACINAR,dr3,23,scDesign3,other
t-SNE,TSNE,t-SNE,aji_10,0.095,scDesign3,ACINAR,dr1,23,scDesign3,other
t-SNE,TSNE,t-SNE,aji_20,0.118,scDesign3,ACINAR,dr1,23,scDesign3,other
t-SNE,TSNE,t-SNE,aji_30,0.131,scDesign3,ACINAR,dr1,23,scDesign3,other
t-SNE,TSNE,t-SNE,nkr_10,0.191,scDesign3,ACINAR,dr1,23,scDesign3,other
t-SNE,TSNE,t-SNE,nkr_20,0.215,scDesign3,ACINAR,dr1,23,scDesign3,other
t-SNE,TSNE,t-SNE,nkr_30,0.232,scDesign3,ACINAR,dr1,23,scDesign3,other
t-SNE,TSNE,t-SNE,Mrre_missing_10,0.825,scDesign3,ATAC,dr3,23,scDesign3,other
t-SNE,TSNE,t-SNE,Mrre_missing_20,0.822,scDesign3,ATAC,dr3,23,scDesign3,other
t-SNE,TSNE,t-SNE,Mrre_missing_30,0.821,scDesign3,ATAC,dr3,23,scDesign3,other
t-SNE,TSNE,t-SNE,aji_10,0.004,scDesign3,ATAC,dr1,23,scDesign3,other
t-SNE,TSNE,t-SNE,aji_20,0.007,scDesign3,ATAC,dr1,23,scDesign3,other
t-SNE,TSNE,t-SNE,aji_30,0.01,scDesign3,ATAC,dr1,23,scDesign3,other
t-SNE,TSNE,t-SNE,nkr_10,0.008,scDesign3,ATAC,dr1,23,scDesign3,other
t-SNE,TSNE,t-SNE,nkr_20,0.014,scDesign3,ATAC,dr1,23,scDesign3,other
t-SNE,TSNE,t-SNE,nkr_30,0.02,scDesign3,ATAC,dr1,23,scDesign3,other
t-SNE,TSNE,t-SNE,Mrre_missing_10,0.965,scDesign3,BATCH,dr3,23,scDesign3,other
t-SNE,TSNE,t-SNE,Mrre_missing_20,0.962,scDesign3,BATCH,dr3,23,scDesign3,other
t-SNE,TSNE,t-SNE,Mrre_missing_30,0.961,scDesign3,BATCH,dr3,23,scDesign3,other
t-SNE,TSNE,t-SNE,aji_10,0.05,scDesign3,BATCH,dr1,23,scDesign3,other
t-SNE,TSNE,t-SNE,aji_20,0.08,scDesign3,BATCH,dr1,23,scDesign3,other
t-SNE,TSNE,t-SNE,aji_30,0.102,scDesign3,BATCH,dr1,23,scDesign3,other
t-SNE,TSNE,t-SNE,nkr_10,0.098,scDesign3,BATCH,dr1,23,scDesign3,other
t-SNE,TSNE,t-SNE,nkr_20,0.145,scDesign3,BATCH,dr1,23,scDesign3,other
t-SNE,TSNE,t-SNE,nkr_30,0.18,scDesign3,BATCH,dr1,23,scDesign3,other
t-SNE,TSNE,t-SNE,Mrre_missing_10,0.878,scDesign3,CITE,dr3,23,scDesign3,other
t-SNE,TSNE,t-SNE,Mrre_missing_20,0.871,scDesign3,CITE,dr3,23,scDesign3,other
t-SNE,TSNE,t-SNE,Mrre_missing_30,0.868,scDesign3,CITE,dr3,23,scDesign3,other
t-SNE,TSNE,t-SNE,aji_10,0.018,scDesign3,CITE,dr1,23,scDesign3,other
t-SNE,TSNE,t-SNE,aji_20,0.027,scDesign3,CITE,dr1,23,scDesign3,other
t-SNE,TSNE,t-SNE,aji_30,0.036,scDesign3,CITE,dr1,23,scDesign3,other
t-SNE,TSNE,t-SNE,nkr_10,0.036,scDesign3,CITE,dr1,23,scDesign3,other
t-SNE,TSNE,t-SNE,nkr_20,0.052,scDesign3,CITE,dr1,23,scDesign3,other
t-SNE,TSNE,t-SNE,nkr_30,0.065,scDesign3,CITE,dr1,23,scDesign3,other
t-SNE,TSNE,t-SNE,Mrre_missing_10,0.883,scDesign3,EMBYRO,dr3,23,scDesign3,other
t-SNE,TSNE,t-SNE,Mrre_missing_20,0.865,scDesign3,EMBYRO,dr3,23,scDesign3,other
t-SNE,TSNE,t-SNE,Mrre_missing_30,0.853,scDesign3,EMBYRO,dr3,23,scDesign3,other
t-SNE,TSNE,t-SNE,aji_10,0.139,scDesign3,EMBYRO,dr1,23,scDesign3,other
t-SNE,TSNE,t-SNE,aji_20,0.163,scDesign3,EMBYRO,dr1,23,scDesign3,other
t-SNE,TSNE,t-SNE,aji_30,0.17,scDesign3,EMBYRO,dr1,23,scDesign3,other
t-SNE,TSNE,t-SNE,nkr_10,0.279,scDesign3,EMBYRO,dr1,23,scDesign3,other
t-SNE,TSNE,t-SNE,nkr_20,0.297,scDesign3,EMBYRO,dr1,23,scDesign3,other
t-SNE,TSNE,t-SNE,nkr_30,0.297,scDesign3,EMBYRO,dr1,23,scDesign3,other
t-SNE,TSNE,t-SNE,Mrre_missing_10,0.928,scDesign3,IFNB,dr3,23,scDesign3,other
t-SNE,TSNE,t-SNE,Mrre_missing_20,0.924,scDesign3,IFNB,dr3,23,scDesign3,other
t-SNE,TSNE,t-SNE,Mrre_missing_30,0.921,scDesign3,IFNB,dr3,23,scDesign3,other
t-SNE,TSNE,t-SNE,aji_10,0.018,scDesign3,IFNB,dr1,23,scDesign3,other
t-SNE,TSNE,t-SNE,aji_20,0.027,scDesign3,IFNB,dr1,23,scDesign3,other
t-SNE,TSNE,t-SNE,aji_30,0.035,scDesign3,IFNB,dr1,23,scDesign3,other
t-SNE,TSNE,t-SNE,nkr_10,0.037,scDesign3,IFNB,dr1,23,scDesign3,other
t-SNE,TSNE,t-SNE,nkr_20,0.054,scDesign3,IFNB,dr1,23,scDesign3,other
t-SNE,TSNE,t-SNE,nkr_30,0.067,scDesign3,IFNB,dr1,23,scDesign3,other
t-SNE,TSNE,t-SNE,Mrre_missing_10,0.944,scDesign3,MARROW,dr3,23,scDesign3,other
t-SNE,TSNE,t-SNE,Mrre_missing_20,0.942,scDesign3,MARROW,dr3,23,scDesign3,other
t-SNE,TSNE,t-SNE,Mrre_missing_30,0.941,scDesign3,MARROW,dr3,23,scDesign3,other
t-SNE,TSNE,t-SNE,aji_10,0.049,scDesign3,MARROW,dr1,23,scDesign3,other
t-SNE,TSNE,t-SNE,aji_20,0.076,scDesign3,MARROW,dr1,23,scDesign3,other
t-SNE,TSNE,t-SNE,aji_30,0.1,scDesign3,MARROW,dr1,23,scDesign3,other
t-SNE,TSNE,t-SNE,nkr_10,0.097,scDesign3,MARROW,dr1,23,scDesign3,other
t-SNE,TSNE,t-SNE,nkr_20,0.144,scDesign3,MARROW,dr1,23,scDesign3,other
t-SNE,TSNE,t-SNE,nkr_30,0.182,scDesign3,MARROW,dr1,23,scDesign3,other
t-SNE,TSNE,t-SNE,Mrre_missing_10,0.898,scDesign3,MOBSC,dr3,23,scDesign3,other
t-SNE,TSNE,t-SNE,Mrre_missing_20,0.894,scDesign3,MOBSC,dr3,23,scDesign3,other
t-SNE,TSNE,t-SNE,Mrre_missing_30,0.892,scDesign3,MOBSC,dr3,23,scDesign3,other
t-SNE,TSNE,t-SNE,aji_10,0.022,scDesign3,MOBSC,dr1,23,scDesign3,other
t-SNE,TSNE,t-SNE,aji_20,0.031,scDesign3,MOBSC,dr1,23,scDesign3,other
t-SNE,TSNE,t-SNE,aji_30,0.038,scDesign3,MOBSC,dr1,23,scDesign3,other
t-SNE,TSNE,t-SNE,nkr_10,0.048,scDesign3,MOBSC,dr1,23,scDesign3,other
t-SNE,TSNE,t-SNE,nkr_20,0.064,scDesign3,MOBSC,dr1,23,scDesign3,other
t-SNE,TSNE,t-SNE,nkr_30,0.075,scDesign3,MOBSC,dr1,23,scDesign3,other
t-SNE,TSNE,t-SNE,Mrre_missing_10,0.914,scDesign3,OVARIAN,dr3,23,scDesign3,other
t-SNE,TSNE,t-SNE,Mrre_missing_20,0.907,scDesign3,OVARIAN,dr3,23,scDesign3,other
t-SNE,TSNE,t-SNE,Mrre_missing_30,0.902,scDesign3,OVARIAN,dr3,23,scDesign3,other
t-SNE,TSNE,t-SNE,aji_10,0.056,scDesign3,OVARIAN,dr1,23,scDesign3,other
t-SNE,TSNE,t-SNE,aji_20,0.073,scDesign3,OVARIAN,dr1,23,scDesign3,other
t-SNE,TSNE,t-SNE,aji_30,0.084,scDesign3,OVARIAN,dr1,23,scDesign3,other
t-SNE,TSNE,t-SNE,nkr_10,0.125,scDesign3,OVARIAN,dr1,23,scDesign3,other
t-SNE,TSNE,t-SNE,nkr_20,0.146,scDesign3,OVARIAN,dr1,23,scDesign3,other
t-SNE,TSNE,t-SNE,nkr_30,0.16,scDesign3,OVARIAN,dr1,23,scDesign3,other
t-SNE,TSNE,t-SNE,Mrre_missing_10,0.934,scDesign3,PANCREAS,dr3,23,scDesign3,other
t-SNE,TSNE,t-SNE,Mrre_missing_20,0.931,scDesign3,PANCREAS,dr3,23,scDesign3,other
t-SNE,TSNE,t-SNE,Mrre_missing_30,0.928,scDesign3,PANCREAS,dr3,23,scDesign3,other
t-SNE,TSNE,t-SNE,aji_10,0.062,scDesign3,PANCREAS,dr1,23,scDesign3,other
t-SNE,TSNE,t-SNE,aji_20,0.09,scDesign3,PANCREAS,dr1,23,scDesign3,other
t-SNE,TSNE,t-SNE,aji_30,0.113,scDesign3,PANCREAS,dr1,23,scDesign3,other
t-SNE,TSNE,t-SNE,nkr_10,0.127,scDesign3,PANCREAS,dr1,23,scDesign3,other
t-SNE,TSNE,t-SNE,nkr_20,0.17,scDesign3,PANCREAS,dr1,23,scDesign3,other
t-SNE,TSNE,t-SNE,nkr_30,0.206,scDesign3,PANCREAS,dr1,23,scDesign3,other
t-SNE,TSNE,t-SNE,Mrre_missing_10,0.922,scDesign3,SCGEMMETH,dr3,23,scDesign3,other
t-SNE,TSNE,t-SNE,Mrre_missing_20,0.911,scDesign3,SCGEMMETH,dr3,23,scDesign3,other
t-SNE,TSNE,t-SNE,Mrre_missing_30,0.904,scDesign3,SCGEMMETH,dr3,23,scDesign3,other
t-SNE,TSNE,t-SNE,aji_10,0.314,scDesign3,SCGEMMETH,dr1,23,scDesign3,other
t-SNE,TSNE,t-SNE,aji_20,0.379,scDesign3,SCGEMMETH,dr1,23,scDesign3,other
t-SNE,TSNE,t-SNE,aji_30,0.454,scDesign3,SCGEMMETH,dr1,23,scDesign3,other
t-SNE,TSNE,t-SNE,nkr_10,0.542,scDesign3,SCGEMMETH,dr1,23,scDesign3,other
t-SNE,TSNE,t-SNE,nkr_20,0.577,scDesign3,SCGEMMETH,dr1,23,scDesign3,other
t-SNE,TSNE,t-SNE,nkr_30,0.634,scDesign3,SCGEMMETH,dr1,23,scDesign3,other
t-SNE,TSNE,t-SNE,Mrre_missing_10,0.922,scDesign3,SCGEMRNA,dr3,23,scDesign3,other
t-SNE,TSNE,t-SNE,Mrre_missing_20,0.913,scDesign3,SCGEMRNA,dr3,23,scDesign3,other
t-SNE,TSNE,t-SNE,Mrre_missing_30,0.907,scDesign3,SCGEMRNA,dr3,23,scDesign3,other
t-SNE,TSNE,t-SNE,aji_10,0.302,scDesign3,SCGEMRNA,dr1,23,scDesign3,other
t-SNE,TSNE,t-SNE,aji_20,0.377,scDesign3,SCGEMRNA,dr1,23,scDesign3,other
t-SNE,TSNE,t-SNE,aji_30,0.457,scDesign3,SCGEMRNA,dr1,23,scDesign3,other
t-SNE,TSNE,t-SNE,nkr_10,0.507,scDesign3,SCGEMRNA,dr1,23,scDesign3,other
t-SNE,TSNE,t-SNE,nkr_20,0.564,scDesign3,SCGEMRNA,dr1,23,scDesign3,other
t-SNE,TSNE,t-SNE,nkr_30,0.632,scDesign3,SCGEMRNA,dr1,23,scDesign3,other
t-SNE,TSNE,t-SNE,Mrre_missing_10,0.61,scDesign3,SCIATAC,dr3,23,scDesign3,other
t-SNE,TSNE,t-SNE,Mrre_missing_20,0.611,scDesign3,SCIATAC,dr3,23,scDesign3,other
t-SNE,TSNE,t-SNE,Mrre_missing_30,0.61,scDesign3,SCIATAC,dr3,23,scDesign3,other
t-SNE,TSNE,t-SNE,aji_10,0.002,scDesign3,SCIATAC,dr1,23,scDesign3,other
t-SNE,TSNE,t-SNE,aji_20,0.005,scDesign3,SCIATAC,dr1,23,scDesign3,other
t-SNE,TSNE,t-SNE,aji_30,0.007,scDesign3,SCIATAC,dr1,23,scDesign3,other
t-SNE,TSNE,t-SNE,nkr_10,0.004,scDesign3,SCIATAC,dr1,23,scDesign3,other
t-SNE,TSNE,t-SNE,nkr_20,0.008,scDesign3,SCIATAC,dr1,23,scDesign3,other
t-SNE,TSNE,t-SNE,nkr_30,0.011,scDesign3,SCIATAC,dr1,23,scDesign3,other
t-SNE,TSNE,t-SNE,Mrre_missing_10,0.611,scDesign3,SLIDE,dr3,23,scDesign3,other
t-SNE,TSNE,t-SNE,Mrre_missing_20,0.609,scDesign3,SLIDE,dr3,23,scDesign3,other
t-SNE,TSNE,t-SNE,Mrre_missing_30,0.607,scDesign3,SLIDE,dr3,23,scDesign3,other
t-SNE,TSNE,t-SNE,aji_10,0.002,scDesign3,SLIDE,dr1,23,scDesign3,other
t-SNE,TSNE,t-SNE,aji_20,0.003,scDesign3,SLIDE,dr1,23,scDesign3,other
t-SNE,TSNE,t-SNE,aji_30,0.003,scDesign3,SLIDE,dr1,23,scDesign3,other
t-SNE,TSNE,t-SNE,nkr_10,0.003,scDesign3,SLIDE,dr1,23,scDesign3,other
t-SNE,TSNE,t-SNE,nkr_20,0.005,scDesign3,SLIDE,dr1,23,scDesign3,other
t-SNE,TSNE,t-SNE,nkr_30,0.006,scDesign3,SLIDE,dr1,23,scDesign3,other
t-SNE,TSNE,t-SNE,Mrre_missing_10,0.949,scDesign3,VISIUM,dr3,23,scDesign3,other
t-SNE,TSNE,t-SNE,Mrre_missing_20,0.939,scDesign3,VISIUM,dr3,23,scDesign3,other
t-SNE,TSNE,t-SNE,Mrre_missing_30,0.932,scDesign3,VISIUM,dr3,23,scDesign3,other
t-SNE,TSNE,t-SNE,aji_10,0.095,scDesign3,VISIUM,dr1,23,scDesign3,other
t-SNE,TSNE,t-SNE,aji_20,0.121,scDesign3,VISIUM,dr1,23,scDesign3,other
t-SNE,TSNE,t-SNE,aji_30,0.138,scDesign3,VISIUM,dr1,23,scDesign3,other
t-SNE,TSNE,t-SNE,nkr_10,0.194,scDesign3,VISIUM,dr1,23,scDesign3,other
t-SNE,TSNE,t-SNE,nkr_20,0.226,scDesign3,VISIUM,dr1,23,scDesign3,other
t-SNE,TSNE,t-SNE,nkr_30,0.245,scDesign3,VISIUM,dr1,23,scDesign3,other
TriMap,TriMap,TriMap,Mrre_missing_10,0.808,SIMLR,Pollen,dr3,24,SIMLR,other
TriMap,TriMap,TriMap,Mrre_missing_20,0.794,SIMLR,Pollen,dr3,24,SIMLR,other
TriMap,TriMap,TriMap,Mrre_missing_30,0.773,SIMLR,Pollen,dr3,24,SIMLR,other
TriMap,TriMap,TriMap,aji_10,0.165,SIMLR,Pollen,dr1,24,SIMLR,other
TriMap,TriMap,TriMap,aji_20,0.288,SIMLR,Pollen,dr1,24,SIMLR,other
TriMap,TriMap,TriMap,aji_30,0.298,SIMLR,Pollen,dr1,24,SIMLR,other
TriMap,TriMap,TriMap,nkr_10,0.263,SIMLR,Pollen,dr1,24,SIMLR,other
TriMap,TriMap,TriMap,nkr_20,0.407,SIMLR,Pollen,dr1,24,SIMLR,other
TriMap,TriMap,TriMap,nkr_30,0.43,SIMLR,Pollen,dr1,24,SIMLR,other
TriMap,TriMap,TriMap,Mrre_missing_10,0.622,SIMLR,Usoskin,dr3,24,SIMLR,other
TriMap,TriMap,TriMap,Mrre_missing_20,0.601,SIMLR,Usoskin,dr3,24,SIMLR,other
TriMap,TriMap,TriMap,Mrre_missing_30,0.589,SIMLR,Usoskin,dr3,24,SIMLR,other
TriMap,TriMap,TriMap,aji_10,0.029,SIMLR,Usoskin,dr1,24,SIMLR,other
TriMap,TriMap,TriMap,aji_20,0.05,SIMLR,Usoskin,dr1,24,SIMLR,other
TriMap,TriMap,TriMap,aji_30,0.07,SIMLR,Usoskin,dr1,24,SIMLR,other
TriMap,TriMap,TriMap,nkr_10,0.051,SIMLR,Usoskin,dr1,24,SIMLR,other
TriMap,TriMap,TriMap,nkr_20,0.082,SIMLR,Usoskin,dr1,24,SIMLR,other
TriMap,TriMap,TriMap,nkr_30,0.11,SIMLR,Usoskin,dr1,24,SIMLR,other
TriMap,TriMap,TriMap,Mrre_missing_10,0.897,TI,DA1_horns,dr3,24,trajectory,other
TriMap,TriMap,TriMap,Mrre_missing_20,0.892,TI,DA1_horns,dr3,24,trajectory,other
TriMap,TriMap,TriMap,Mrre_missing_30,0.888,TI,DA1_horns,dr3,24,trajectory,other
TriMap,TriMap,TriMap,aji_10,0.154,TI,DA1_horns,dr1,24,trajectory,other
TriMap,TriMap,TriMap,aji_20,0.275,TI,DA1_horns,dr1,24,trajectory,other
TriMap,TriMap,TriMap,aji_30,0.374,TI,DA1_horns,dr1,24,trajectory,other
TriMap,TriMap,TriMap,nkr_10,0.271,TI,DA1_horns,dr1,24,trajectory,other
TriMap,TriMap,TriMap,nkr_20,0.435,TI,DA1_horns,dr1,24,trajectory,other
TriMap,TriMap,TriMap,nkr_30,0.547,TI,DA1_horns,dr1,24,trajectory,other
TriMap,TriMap,TriMap,Mrre_missing_10,0.92,TI,DC3_VA1d_horns,dr3,24,trajectory,other
TriMap,TriMap,TriMap,Mrre_missing_20,0.917,TI,DC3_VA1d_horns,dr3,24,trajectory,other
TriMap,TriMap,TriMap,Mrre_missing_30,0.914,TI,DC3_VA1d_horns,dr3,24,trajectory,other
TriMap,TriMap,TriMap,aji_10,0.248,TI,DC3_VA1d_horns,dr1,24,trajectory,other
TriMap,TriMap,TriMap,aji_20,0.419,TI,DC3_VA1d_horns,dr1,24,trajectory,other
TriMap,TriMap,TriMap,aji_30,0.564,TI,DC3_VA1d_horns,dr1,24,trajectory,other
TriMap,TriMap,TriMap,nkr_10,0.418,TI,DC3_VA1d_horns,dr1,24,trajectory,other
TriMap,TriMap,TriMap,nkr_20,0.611,TI,DC3_VA1d_horns,dr1,24,trajectory,other
TriMap,TriMap,TriMap,nkr_30,0.736,TI,DC3_VA1d_horns,dr1,24,trajectory,other
TriMap,TriMap,TriMap,Mrre_missing_10,0.953,TI,ICM,dr3,24,trajectory,other
TriMap,TriMap,TriMap,Mrre_missing_20,0.948,TI,ICM,dr3,24,trajectory,other
TriMap,TriMap,TriMap,Mrre_missing_30,0.944,TI,ICM,dr3,24,trajectory,other
TriMap,TriMap,TriMap,aji_10,0.3,TI,ICM,dr1,24,trajectory,other
TriMap,TriMap,TriMap,aji_20,0.455,TI,ICM,dr1,24,trajectory,other
TriMap,TriMap,TriMap,aji_30,0.592,TI,ICM,dr1,24,trajectory,other
TriMap,TriMap,TriMap,nkr_10,0.483,TI,ICM,dr1,24,trajectory,other
TriMap,TriMap,TriMap,nkr_20,0.626,TI,ICM,dr1,24,trajectory,other
TriMap,TriMap,TriMap,nkr_30,0.737,TI,ICM,dr1,24,trajectory,other
TriMap,TriMap,TriMap,Mrre_missing_10,0.967,TI,blastocyst,dr3,24,trajectory,other
TriMap,TriMap,TriMap,Mrre_missing_20,0.962,TI,blastocyst,dr3,24,trajectory,other
TriMap,TriMap,TriMap,Mrre_missing_30,0.959,TI,blastocyst,dr3,24,trajectory,other
TriMap,TriMap,TriMap,aji_10,0.314,TI,blastocyst,dr1,24,trajectory,other
TriMap,TriMap,TriMap,aji_20,0.446,TI,blastocyst,dr1,24,trajectory,other
TriMap,TriMap,TriMap,aji_30,0.562,TI,blastocyst,dr1,24,trajectory,other
TriMap,TriMap,TriMap,nkr_10,0.511,TI,blastocyst,dr1,24,trajectory,other
TriMap,TriMap,TriMap,nkr_20,0.633,TI,blastocyst,dr1,24,trajectory,other
TriMap,TriMap,TriMap,nkr_30,0.723,TI,blastocyst,dr1,24,trajectory,other
TriMap,TriMap,TriMap,Mrre_missing_10,0.834,TI,combination-1,dr3,24,trajectory,other
TriMap,TriMap,TriMap,Mrre_missing_20,0.828,TI,combination-1,dr3,24,trajectory,other
TriMap,TriMap,TriMap,Mrre_missing_30,0.824,TI,combination-1,dr3,24,trajectory,other
TriMap,TriMap,TriMap,aji_10,0.015,TI,combination-1,dr1,24,trajectory,other
TriMap,TriMap,TriMap,aji_20,0.024,TI,combination-1,dr1,24,trajectory,other
TriMap,TriMap,TriMap,aji_30,0.031,TI,combination-1,dr1,24,trajectory,other
TriMap,TriMap,TriMap,nkr_10,0.031,TI,combination-1,dr1,24,trajectory,other
TriMap,TriMap,TriMap,nkr_20,0.048,TI,combination-1,dr1,24,trajectory,other
TriMap,TriMap,TriMap,nkr_30,0.061,TI,combination-1,dr1,24,trajectory,other
TriMap,TriMap,TriMap,Mrre_missing_10,0.844,TI,combination-2,dr3,24,trajectory,other
TriMap,TriMap,TriMap,Mrre_missing_20,0.835,TI,combination-2,dr3,24,trajectory,other
TriMap,TriMap,TriMap,Mrre_missing_30,0.829,TI,combination-2,dr3,24,trajectory,other
TriMap,TriMap,TriMap,aji_10,0.014,TI,combination-2,dr1,24,trajectory,other
TriMap,TriMap,TriMap,aji_20,0.023,TI,combination-2,dr1,24,trajectory,other
TriMap,TriMap,TriMap,aji_30,0.029,TI,combination-2,dr1,24,trajectory,other
TriMap,TriMap,TriMap,nkr_10,0.028,TI,combination-2,dr1,24,trajectory,other
TriMap,TriMap,TriMap,nkr_20,0.045,TI,combination-2,dr1,24,trajectory,other
TriMap,TriMap,TriMap,nkr_30,0.056,TI,combination-2,dr1,24,trajectory,other
TriMap,TriMap,TriMap,Mrre_missing_10,0.878,TI,combination-3,dr3,24,trajectory,other
TriMap,TriMap,TriMap,Mrre_missing_20,0.87,TI,combination-3,dr3,24,trajectory,other
TriMap,TriMap,TriMap,Mrre_missing_30,0.864,TI,combination-3,dr3,24,trajectory,other
TriMap,TriMap,TriMap,aji_10,0.026,TI,combination-3,dr1,24,trajectory,other
TriMap,TriMap,TriMap,aji_20,0.04,TI,combination-3,dr1,24,trajectory,other
TriMap,TriMap,TriMap,aji_30,0.05,TI,combination-3,dr1,24,trajectory,other
TriMap,TriMap,TriMap,nkr_10,0.052,TI,combination-3,dr1,24,trajectory,other
TriMap,TriMap,TriMap,nkr_20,0.077,TI,combination-3,dr1,24,trajectory,other
TriMap,TriMap,TriMap,nkr_30,0.095,TI,combination-3,dr1,24,trajectory,other
TriMap,TriMap,TriMap,Mrre_missing_10,0.927,TI,epiblast,dr3,24,trajectory,other
TriMap,TriMap,TriMap,Mrre_missing_20,0.919,TI,epiblast,dr3,24,trajectory,other
TriMap,TriMap,TriMap,Mrre_missing_30,0.913,TI,epiblast,dr3,24,trajectory,other
TriMap,TriMap,TriMap,aji_10,0.311,TI,epiblast,dr1,24,trajectory,other
TriMap,TriMap,TriMap,aji_20,0.46,TI,epiblast,dr1,24,trajectory,other
TriMap,TriMap,TriMap,aji_30,0.574,TI,epiblast,dr1,24,trajectory,other
TriMap,TriMap,TriMap,nkr_10,0.493,TI,epiblast,dr1,24,trajectory,other
TriMap,TriMap,TriMap,nkr_20,0.632,TI,epiblast,dr1,24,trajectory,other
TriMap,TriMap,TriMap,nkr_30,0.726,TI,epiblast,dr1,24,trajectory,other
TriMap,TriMap,TriMap,Mrre_missing_10,0.833,TI,epidermis,dr3,24,trajectory,other
TriMap,TriMap,TriMap,Mrre_missing_20,0.826,TI,epidermis,dr3,24,trajectory,other
TriMap,TriMap,TriMap,Mrre_missing_30,0.821,TI,epidermis,dr3,24,trajectory,other
TriMap,TriMap,TriMap,aji_10,0.015,TI,epidermis,dr1,24,trajectory,other
TriMap,TriMap,TriMap,aji_20,0.024,TI,epidermis,dr1,24,trajectory,other
TriMap,TriMap,TriMap,aji_30,0.032,TI,epidermis,dr1,24,trajectory,other
TriMap,TriMap,TriMap,nkr_10,0.032,TI,epidermis,dr1,24,trajectory,other
TriMap,TriMap,TriMap,nkr_20,0.048,TI,epidermis,dr1,24,trajectory,other
TriMap,TriMap,TriMap,nkr_30,0.063,TI,epidermis,dr1,24,trajectory,other
TriMap,TriMap,TriMap,Mrre_missing_10,0.91,TI,horns,dr3,24,trajectory,other
TriMap,TriMap,TriMap,Mrre_missing_20,0.905,TI,horns,dr3,24,trajectory,other
TriMap,TriMap,TriMap,Mrre_missing_30,0.901,TI,horns,dr3,24,trajectory,other
TriMap,TriMap,TriMap,aji_10,0.137,TI,horns,dr1,24,trajectory,other
TriMap,TriMap,TriMap,aji_20,0.23,TI,horns,dr1,24,trajectory,other
TriMap,TriMap,TriMap,aji_30,0.281,TI,horns,dr1,24,trajectory,other
TriMap,TriMap,TriMap,nkr_10,0.239,TI,horns,dr1,24,trajectory,other
TriMap,TriMap,TriMap,nkr_20,0.377,TI,horns,dr1,24,trajectory,other
TriMap,TriMap,TriMap,nkr_30,0.448,TI,horns,dr1,24,trajectory,other
TriMap,TriMap,TriMap,Mrre_missing_10,0.769,TI,muscle,dr3,24,trajectory,other
TriMap,TriMap,TriMap,Mrre_missing_20,0.761,TI,muscle,dr3,24,trajectory,other
TriMap,TriMap,TriMap,Mrre_missing_30,0.755,TI,muscle,dr3,24,trajectory,other
TriMap,TriMap,TriMap,aji_10,0.012,TI,muscle,dr1,24,trajectory,other
TriMap,TriMap,TriMap,aji_20,0.02,TI,muscle,dr1,24,trajectory,other
TriMap,TriMap,TriMap,aji_30,0.026,TI,muscle,dr1,24,trajectory,other
TriMap,TriMap,TriMap,nkr_10,0.023,TI,muscle,dr1,24,trajectory,other
TriMap,TriMap,TriMap,nkr_20,0.039,TI,muscle,dr1,24,trajectory,other
TriMap,TriMap,TriMap,nkr_30,0.05,TI,muscle,dr1,24,trajectory,other
TriMap,TriMap,TriMap,Mrre_missing_10,0.781,TI,neuron,dr3,24,trajectory,other
TriMap,TriMap,TriMap,Mrre_missing_20,0.767,TI,neuron,dr3,24,trajectory,other
TriMap,TriMap,TriMap,Mrre_missing_30,0.759,TI,neuron,dr3,24,trajectory,other
TriMap,TriMap,TriMap,aji_10,0.015,TI,neuron,dr1,24,trajectory,other
TriMap,TriMap,TriMap,aji_20,0.021,TI,neuron,dr1,24,trajectory,other
TriMap,TriMap,TriMap,aji_30,0.026,TI,neuron,dr1,24,trajectory,other
TriMap,TriMap,TriMap,nkr_10,0.031,TI,neuron,dr1,24,trajectory,other
TriMap,TriMap,TriMap,nkr_20,0.044,TI,neuron,dr1,24,trajectory,other
TriMap,TriMap,TriMap,nkr_30,0.051,TI,neuron,dr1,24,trajectory,other
TriMap,TriMap,TriMap,Mrre_missing_10,0.9,TI,pair-1,dr3,24,trajectory,other
TriMap,TriMap,TriMap,Mrre_missing_20,0.89,TI,pair-1,dr3,24,trajectory,other
TriMap,TriMap,TriMap,Mrre_missing_30,0.884,TI,pair-1,dr3,24,trajectory,other
TriMap,TriMap,TriMap,aji_10,0.007,TI,pair-1,dr1,24,trajectory,other
TriMap,TriMap,TriMap,aji_20,0.011,TI,pair-1,dr1,24,trajectory,other
TriMap,TriMap,TriMap,aji_30,0.014,TI,pair-1,dr1,24,trajectory,other
TriMap,TriMap,TriMap,nkr_10,0.014,TI,pair-1,dr1,24,trajectory,other
TriMap,TriMap,TriMap,nkr_20,0.022,TI,pair-1,dr1,24,trajectory,other
TriMap,TriMap,TriMap,nkr_30,0.028,TI,pair-1,dr1,24,trajectory,other
TriMap,TriMap,TriMap,Mrre_missing_10,0.862,TI,pair-2,dr3,24,trajectory,other
TriMap,TriMap,TriMap,Mrre_missing_20,0.853,TI,pair-2,dr3,24,trajectory,other
TriMap,TriMap,TriMap,Mrre_missing_30,0.847,TI,pair-2,dr3,24,trajectory,other
TriMap,TriMap,TriMap,aji_10,0.005,TI,pair-2,dr1,24,trajectory,other
TriMap,TriMap,TriMap,aji_20,0.008,TI,pair-2,dr1,24,trajectory,other
TriMap,TriMap,TriMap,aji_30,0.011,TI,pair-2,dr1,24,trajectory,other
TriMap,TriMap,TriMap,nkr_10,0.01,TI,pair-2,dr1,24,trajectory,other
TriMap,TriMap,TriMap,nkr_20,0.016,TI,pair-2,dr1,24,trajectory,other
TriMap,TriMap,TriMap,nkr_30,0.021,TI,pair-2,dr1,24,trajectory,other
TriMap,TriMap,TriMap,Mrre_missing_10,0.853,TI,pair-3,dr3,24,trajectory,other
TriMap,TriMap,TriMap,Mrre_missing_20,0.842,TI,pair-3,dr3,24,trajectory,other
TriMap,TriMap,TriMap,Mrre_missing_30,0.835,TI,pair-3,dr3,24,trajectory,other
TriMap,TriMap,TriMap,aji_10,0.006,TI,pair-3,dr1,24,trajectory,other
TriMap,TriMap,TriMap,aji_20,0.01,TI,pair-3,dr1,24,trajectory,other
TriMap,TriMap,TriMap,aji_30,0.013,TI,pair-3,dr1,24,trajectory,other
TriMap,TriMap,TriMap,nkr_10,0.012,TI,pair-3,dr1,24,trajectory,other
TriMap,TriMap,TriMap,nkr_20,0.02,TI,pair-3,dr1,24,trajectory,other
TriMap,TriMap,TriMap,nkr_30,0.026,TI,pair-3,dr1,24,trajectory,other
TriMap,TriMap,TriMap,Mrre_missing_10,0.816,TI,pair-4,dr3,24,trajectory,other
TriMap,TriMap,TriMap,Mrre_missing_20,0.809,TI,pair-4,dr3,24,trajectory,other
TriMap,TriMap,TriMap,Mrre_missing_30,0.804,TI,pair-4,dr3,24,trajectory,other
TriMap,TriMap,TriMap,aji_10,0.005,TI,pair-4,dr1,24,trajectory,other
TriMap,TriMap,TriMap,aji_20,0.008,TI,pair-4,dr1,24,trajectory,other
TriMap,TriMap,TriMap,aji_30,0.01,TI,pair-4,dr1,24,trajectory,other
TriMap,TriMap,TriMap,nkr_10,0.01,TI,pair-4,dr1,24,trajectory,other
TriMap,TriMap,TriMap,nkr_20,0.015,TI,pair-4,dr1,24,trajectory,other
TriMap,TriMap,TriMap,nkr_30,0.02,TI,pair-4,dr1,24,trajectory,other
TriMap,TriMap,TriMap,Mrre_missing_10,0.872,TI,parenchyme,dr3,24,trajectory,other
TriMap,TriMap,TriMap,Mrre_missing_20,0.863,TI,parenchyme,dr3,24,trajectory,other
TriMap,TriMap,TriMap,Mrre_missing_30,0.857,TI,parenchyme,dr3,24,trajectory,other
TriMap,TriMap,TriMap,aji_10,0.019,TI,parenchyme,dr1,24,trajectory,other
TriMap,TriMap,TriMap,aji_20,0.03,TI,parenchyme,dr1,24,trajectory,other
TriMap,TriMap,TriMap,aji_30,0.04,TI,parenchyme,dr1,24,trajectory,other
TriMap,TriMap,TriMap,nkr_10,0.041,TI,parenchyme,dr1,24,trajectory,other
TriMap,TriMap,TriMap,nkr_20,0.061,TI,parenchyme,dr1,24,trajectory,other
TriMap,TriMap,TriMap,nkr_30,0.077,TI,parenchyme,dr1,24,trajectory,other
TriMap,TriMap,TriMap,Mrre_missing_10,0.848,TI,phagocyte,dr3,24,trajectory,other
TriMap,TriMap,TriMap,Mrre_missing_20,0.835,TI,phagocyte,dr3,24,trajectory,other
TriMap,TriMap,TriMap,Mrre_missing_30,0.828,TI,phagocyte,dr3,24,trajectory,other
TriMap,TriMap,TriMap,aji_10,0.051,TI,phagocyte,dr1,24,trajectory,other
TriMap,TriMap,TriMap,aji_20,0.079,TI,phagocyte,dr1,24,trajectory,other
TriMap,TriMap,TriMap,aji_30,0.098,TI,phagocyte,dr1,24,trajectory,other
TriMap,TriMap,TriMap,nkr_10,0.105,TI,phagocyte,dr1,24,trajectory,other
TriMap,TriMap,TriMap,nkr_20,0.153,TI,phagocyte,dr1,24,trajectory,other
TriMap,TriMap,TriMap,nkr_30,0.184,TI,phagocyte,dr1,24,trajectory,other
TriMap,TriMap,TriMap,Mrre_missing_10,0.81,TI,pharynx,dr3,24,trajectory,other
TriMap,TriMap,TriMap,Mrre_missing_20,0.798,TI,pharynx,dr3,24,trajectory,other
TriMap,TriMap,TriMap,Mrre_missing_30,0.792,TI,pharynx,dr3,24,trajectory,other
TriMap,TriMap,TriMap,aji_10,0.088,TI,pharynx,dr1,24,trajectory,other
TriMap,TriMap,TriMap,aji_20,0.135,TI,pharynx,dr1,24,trajectory,other
TriMap,TriMap,TriMap,aji_30,0.158,TI,pharynx,dr1,24,trajectory,other
TriMap,TriMap,TriMap,nkr_10,0.172,TI,pharynx,dr1,24,trajectory,other
TriMap,TriMap,TriMap,nkr_20,0.239,TI,pharynx,dr1,24,trajectory,other
TriMap,TriMap,TriMap,nkr_30,0.278,TI,pharynx,dr1,24,trajectory,other
TriMap,TriMap,TriMap,Mrre_missing_10,0.918,TI,trophectoderm,dr3,24,trajectory,other
TriMap,TriMap,TriMap,Mrre_missing_20,0.902,TI,trophectoderm,dr3,24,trajectory,other
TriMap,TriMap,TriMap,Mrre_missing_30,0.89,TI,trophectoderm,dr3,24,trajectory,other
TriMap,TriMap,TriMap,aji_10,0.356,TI,trophectoderm,dr1,24,trajectory,other
TriMap,TriMap,TriMap,aji_20,0.515,TI,trophectoderm,dr1,24,trajectory,other
TriMap,TriMap,TriMap,aji_30,0.586,TI,trophectoderm,dr1,24,trajectory,other
TriMap,TriMap,TriMap,nkr_10,0.559,TI,trophectoderm,dr1,24,trajectory,other
TriMap,TriMap,TriMap,nkr_20,0.709,TI,trophectoderm,dr1,24,trajectory,other
TriMap,TriMap,TriMap,nkr_30,0.756,TI,trophectoderm,dr1,24,trajectory,other
TriMap,TriMap,TriMap,Mrre_missing_10,0.973,VASC,Baron,dr3,24,VASC,other
TriMap,TriMap,TriMap,Mrre_missing_20,0.971,VASC,Baron,dr3,24,VASC,other
TriMap,TriMap,TriMap,Mrre_missing_30,0.97,VASC,Baron,dr3,24,VASC,other
TriMap,TriMap,TriMap,aji_10,0.056,VASC,Baron,dr1,24,VASC,other
TriMap,TriMap,TriMap,aji_20,0.086,VASC,Baron,dr1,24,VASC,other
TriMap,TriMap,TriMap,aji_30,0.108,VASC,Baron,dr1,24,VASC,other
TriMap,TriMap,TriMap,nkr_10,0.108,VASC,Baron,dr1,24,VASC,other
TriMap,TriMap,TriMap,nkr_20,0.159,VASC,Baron,dr1,24,VASC,other
TriMap,TriMap,TriMap,nkr_30,0.192,VASC,Baron,dr1,24,VASC,other
TriMap,TriMap,TriMap,Mrre_missing_10,0.938,VASC,Biase,dr3,24,VASC,other
TriMap,TriMap,TriMap,Mrre_missing_20,0.929,VASC,Biase,dr3,24,VASC,other
TriMap,TriMap,TriMap,Mrre_missing_30,0.914,VASC,Biase,dr3,24,VASC,other
TriMap,TriMap,TriMap,aji_10,0.509,VASC,Biase,dr1,24,VASC,other
TriMap,TriMap,TriMap,aji_20,0.777,VASC,Biase,dr1,24,VASC,other
TriMap,TriMap,TriMap,aji_30,0.655,VASC,Biase,dr1,24,VASC,other
TriMap,TriMap,TriMap,nkr_10,0.716,VASC,Biase,dr1,24,VASC,other
TriMap,TriMap,TriMap,nkr_20,0.914,VASC,Biase,dr1,24,VASC,other
TriMap,TriMap,TriMap,nkr_30,0.812,VASC,Biase,dr1,24,VASC,other
TriMap,TriMap,TriMap,Mrre_missing_10,0.966,VASC,Goolam,dr3,24,VASC,other
TriMap,TriMap,TriMap,Mrre_missing_20,0.953,VASC,Goolam,dr3,24,VASC,other
TriMap,TriMap,TriMap,Mrre_missing_30,0.942,VASC,Goolam,dr3,24,VASC,other
TriMap,TriMap,TriMap,aji_10,0.503,VASC,Goolam,dr1,24,VASC,other
TriMap,TriMap,TriMap,aji_20,0.549,VASC,Goolam,dr1,24,VASC,other
TriMap,TriMap,TriMap,aji_30,0.566,VASC,Goolam,dr1,24,VASC,other
TriMap,TriMap,TriMap,nkr_10,0.722,VASC,Goolam,dr1,24,VASC,other
TriMap,TriMap,TriMap,nkr_20,0.735,VASC,Goolam,dr1,24,VASC,other
TriMap,TriMap,TriMap,nkr_30,0.727,VASC,Goolam,dr1,24,VASC,other
TriMap,TriMap,TriMap,Mrre_missing_10,0.816,VASC,Xin,dr3,24,VASC,other
TriMap,TriMap,TriMap,Mrre_missing_20,0.809,VASC,Xin,dr3,24,VASC,other
TriMap,TriMap,TriMap,Mrre_missing_30,0.805,VASC,Xin,dr3,24,VASC,other
TriMap,TriMap,TriMap,aji_10,0.036,VASC,Xin,dr1,24,VASC,other
TriMap,TriMap,TriMap,aji_20,0.057,VASC,Xin,dr1,24,VASC,other
TriMap,TriMap,TriMap,aji_30,0.073,VASC,Xin,dr1,24,VASC,other
TriMap,TriMap,TriMap,nkr_10,0.072,VASC,Xin,dr1,24,VASC,other
TriMap,TriMap,TriMap,nkr_20,0.108,VASC,Xin,dr1,24,VASC,other
TriMap,TriMap,TriMap,nkr_30,0.133,VASC,Xin,dr1,24,VASC,other
TriMap,TriMap,TriMap,Mrre_missing_10,0.929,VASC,Zeisel,dr3,24,VASC,other
TriMap,TriMap,TriMap,Mrre_missing_20,0.925,VASC,Zeisel,dr3,24,VASC,other
TriMap,TriMap,TriMap,Mrre_missing_30,0.921,VASC,Zeisel,dr3,24,VASC,other
TriMap,TriMap,TriMap,aji_10,0.084,VASC,Zeisel,dr1,24,VASC,other
TriMap,TriMap,TriMap,aji_20,0.125,VASC,Zeisel,dr1,24,VASC,other
TriMap,TriMap,TriMap,aji_30,0.147,VASC,Zeisel,dr1,24,VASC,other
TriMap,TriMap,TriMap,nkr_10,0.16,VASC,Zeisel,dr1,24,VASC,other
TriMap,TriMap,TriMap,nkr_20,0.218,VASC,Zeisel,dr1,24,VASC,other
TriMap,TriMap,TriMap,nkr_30,0.248,VASC,Zeisel,dr1,24,VASC,other
TriMap,TriMap,TriMap,Mrre_missing_10,0.96,VASC,yan,dr3,24,VASC,other
TriMap,TriMap,TriMap,Mrre_missing_20,0.954,VASC,yan,dr3,24,VASC,other
TriMap,TriMap,TriMap,Mrre_missing_30,0.95,VASC,yan,dr3,24,VASC,other
TriMap,TriMap,TriMap,aji_10,0.591,VASC,yan,dr1,24,VASC,other
TriMap,TriMap,TriMap,aji_20,0.71,VASC,yan,dr1,24,VASC,other
TriMap,TriMap,TriMap,aji_30,0.783,VASC,yan,dr1,24,VASC,other
TriMap,TriMap,TriMap,nkr_10,0.762,VASC,yan,dr1,24,VASC,other
TriMap,TriMap,TriMap,nkr_20,0.856,VASC,yan,dr1,24,VASC,other
TriMap,TriMap,TriMap,nkr_30,0.916,VASC,yan,dr1,24,VASC,other
TriMap,TriMap,TriMap,Mrre_missing_10,0.875,benchmarker,Baron_mouse,dr3,24,curated,other
TriMap,TriMap,TriMap,Mrre_missing_20,0.866,benchmarker,Baron_mouse,dr3,24,curated,other
TriMap,TriMap,TriMap,Mrre_missing_30,0.86,benchmarker,Baron_mouse,dr3,24,curated,other
TriMap,TriMap,TriMap,aji_10,0.078,benchmarker,Baron_mouse,dr1,24,curated,other
TriMap,TriMap,TriMap,aji_20,0.116,benchmarker,Baron_mouse,dr1,24,curated,other
TriMap,TriMap,TriMap,aji_30,0.145,benchmarker,Baron_mouse,dr1,24,curated,other
TriMap,TriMap,TriMap,nkr_10,0.142,benchmarker,Baron_mouse,dr1,24,curated,other
TriMap,TriMap,TriMap,nkr_20,0.199,benchmarker,Baron_mouse,dr1,24,curated,other
TriMap,TriMap,TriMap,nkr_30,0.236,benchmarker,Baron_mouse,dr1,24,curated,other
TriMap,TriMap,TriMap,Mrre_missing_10,0.917,benchmarker,Darmanis,dr3,24,curated,other
TriMap,TriMap,TriMap,Mrre_missing_20,0.908,benchmarker,Darmanis,dr3,24,curated,other
TriMap,TriMap,TriMap,Mrre_missing_30,0.902,benchmarker,Darmanis,dr3,24,curated,other
TriMap,TriMap,TriMap,aji_10,0.211,benchmarker,Darmanis,dr1,24,curated,other
TriMap,TriMap,TriMap,aji_20,0.284,benchmarker,Darmanis,dr1,24,curated,other
TriMap,TriMap,TriMap,aji_30,0.356,benchmarker,Darmanis,dr1,24,curated,other
TriMap,TriMap,TriMap,nkr_10,0.349,benchmarker,Darmanis,dr1,24,curated,other
TriMap,TriMap,TriMap,nkr_20,0.447,benchmarker,Darmanis,dr1,24,curated,other
TriMap,TriMap,TriMap,nkr_30,0.518,benchmarker,Darmanis,dr1,24,curated,other
TriMap,TriMap,TriMap,Mrre_missing_10,0.878,benchmarker,Pancreatic,dr3,24,curated,other
TriMap,TriMap,TriMap,Mrre_missing_20,0.851,benchmarker,Pancreatic,dr3,24,curated,other
TriMap,TriMap,TriMap,Mrre_missing_30,0.836,benchmarker,Pancreatic,dr3,24,curated,other
TriMap,TriMap,TriMap,aji_10,0.428,benchmarker,Pancreatic,dr1,24,curated,other
TriMap,TriMap,TriMap,aji_20,0.521,benchmarker,Pancreatic,dr1,24,curated,other
TriMap,TriMap,TriMap,aji_30,0.675,benchmarker,Pancreatic,dr1,24,curated,other
TriMap,TriMap,TriMap,nkr_10,0.628,benchmarker,Pancreatic,dr1,24,curated,other
TriMap,TriMap,TriMap,nkr_20,0.714,benchmarker,Pancreatic,dr1,24,curated,other
TriMap,TriMap,TriMap,nkr_30,0.797,benchmarker,Pancreatic,dr1,24,curated,other
TriMap,TriMap,TriMap,Mrre_missing_10,0.889,benchmarker,Silver,dr3,24,curated,other
TriMap,TriMap,TriMap,Mrre_missing_20,0.886,benchmarker,Silver,dr3,24,curated,other
TriMap,TriMap,TriMap,Mrre_missing_30,0.884,benchmarker,Silver,dr3,24,curated,other
TriMap,TriMap,TriMap,aji_10,0.026,benchmarker,Silver,dr1,24,curated,other
TriMap,TriMap,TriMap,aji_20,0.043,benchmarker,Silver,dr1,24,curated,other
TriMap,TriMap,TriMap,aji_30,0.059,benchmarker,Silver,dr1,24,curated,other
TriMap,TriMap,TriMap,nkr_10,0.048,benchmarker,Silver,dr1,24,curated,other
TriMap,TriMap,TriMap,nkr_20,0.079,benchmarker,Silver,dr1,24,curated,other
TriMap,TriMap,TriMap,nkr_30,0.105,benchmarker,Silver,dr1,24,curated,other
TriMap,TriMap,TriMap,Mrre_missing_10,0.856,benchmarker,Zhengmix4eq,dr3,24,curated,other
TriMap,TriMap,TriMap,Mrre_missing_20,0.852,benchmarker,Zhengmix4eq,dr3,24,curated,other
TriMap,TriMap,TriMap,Mrre_missing_30,0.85,benchmarker,Zhengmix4eq,dr3,24,curated,other
TriMap,TriMap,TriMap,aji_10,0.013,benchmarker,Zhengmix4eq,dr1,24,curated,other
TriMap,TriMap,TriMap,aji_20,0.023,benchmarker,Zhengmix4eq,dr1,24,curated,other
TriMap,TriMap,TriMap,aji_30,0.032,benchmarker,Zhengmix4eq,dr1,24,curated,other
TriMap,TriMap,TriMap,nkr_10,0.025,benchmarker,Zhengmix4eq,dr1,24,curated,other
TriMap,TriMap,TriMap,nkr_20,0.04,benchmarker,Zhengmix4eq,dr1,24,curated,other
TriMap,TriMap,TriMap,nkr_30,0.053,benchmarker,Zhengmix4eq,dr1,24,curated,other
TriMap,TriMap,TriMap,Mrre_missing_10,0.987,scDesign3,ACINAR,dr3,24,scDesign3,other
TriMap,TriMap,TriMap,Mrre_missing_20,0.985,scDesign3,ACINAR,dr3,24,scDesign3,other
TriMap,TriMap,TriMap,Mrre_missing_30,0.983,scDesign3,ACINAR,dr3,24,scDesign3,other
TriMap,TriMap,TriMap,aji_10,0.167,scDesign3,ACINAR,dr1,24,scDesign3,other
TriMap,TriMap,TriMap,aji_20,0.218,scDesign3,ACINAR,dr1,24,scDesign3,other
TriMap,TriMap,TriMap,aji_30,0.248,scDesign3,ACINAR,dr1,24,scDesign3,other
TriMap,TriMap,TriMap,nkr_10,0.308,scDesign3,ACINAR,dr1,24,scDesign3,other
TriMap,TriMap,TriMap,nkr_20,0.374,scDesign3,ACINAR,dr1,24,scDesign3,other
TriMap,TriMap,TriMap,nkr_30,0.408,scDesign3,ACINAR,dr1,24,scDesign3,other
TriMap,TriMap,TriMap,Mrre_missing_10,0.843,scDesign3,ATAC,dr3,24,scDesign3,other
TriMap,TriMap,TriMap,Mrre_missing_20,0.841,scDesign3,ATAC,dr3,24,scDesign3,other
TriMap,TriMap,TriMap,Mrre_missing_30,0.839,scDesign3,ATAC,dr3,24,scDesign3,other
TriMap,TriMap,TriMap,aji_10,0.005,scDesign3,ATAC,dr1,24,scDesign3,other
TriMap,TriMap,TriMap,aji_20,0.009,scDesign3,ATAC,dr1,24,scDesign3,other
TriMap,TriMap,TriMap,aji_30,0.013,scDesign3,ATAC,dr1,24,scDesign3,other
TriMap,TriMap,TriMap,nkr_10,0.01,scDesign3,ATAC,dr1,24,scDesign3,other
TriMap,TriMap,TriMap,nkr_20,0.018,scDesign3,ATAC,dr1,24,scDesign3,other
TriMap,TriMap,TriMap,nkr_30,0.024,scDesign3,ATAC,dr1,24,scDesign3,other
TriMap,TriMap,TriMap,Mrre_missing_10,0.989,scDesign3,BATCH,dr3,24,scDesign3,other
TriMap,TriMap,TriMap,Mrre_missing_20,0.988,scDesign3,BATCH,dr3,24,scDesign3,other
TriMap,TriMap,TriMap,Mrre_missing_30,0.987,scDesign3,BATCH,dr3,24,scDesign3,other
TriMap,TriMap,TriMap,aji_10,0.124,scDesign3,BATCH,dr1,24,scDesign3,other
TriMap,TriMap,TriMap,aji_20,0.175,scDesign3,BATCH,dr1,24,scDesign3,other
TriMap,TriMap,TriMap,aji_30,0.211,scDesign3,BATCH,dr1,24,scDesign3,other
TriMap,TriMap,TriMap,nkr_10,0.235,scDesign3,BATCH,dr1,24,scDesign3,other
TriMap,TriMap,TriMap,nkr_20,0.309,scDesign3,BATCH,dr1,24,scDesign3,other
TriMap,TriMap,TriMap,nkr_30,0.355,scDesign3,BATCH,dr1,24,scDesign3,other
TriMap,TriMap,TriMap,Mrre_missing_10,0.997,scDesign3,CITE,dr3,24,scDesign3,other
TriMap,TriMap,TriMap,Mrre_missing_20,0.997,scDesign3,CITE,dr3,24,scDesign3,other
TriMap,TriMap,TriMap,Mrre_missing_30,0.996,scDesign3,CITE,dr3,24,scDesign3,other
TriMap,TriMap,TriMap,aji_10,0.234,scDesign3,CITE,dr1,24,scDesign3,other
TriMap,TriMap,TriMap,aji_20,0.297,scDesign3,CITE,dr1,24,scDesign3,other
TriMap,TriMap,TriMap,aji_30,0.332,scDesign3,CITE,dr1,24,scDesign3,other
TriMap,TriMap,TriMap,nkr_10,0.401,scDesign3,CITE,dr1,24,scDesign3,other
TriMap,TriMap,TriMap,nkr_20,0.47,scDesign3,CITE,dr1,24,scDesign3,other
TriMap,TriMap,TriMap,nkr_30,0.502,scDesign3,CITE,dr1,24,scDesign3,other
TriMap,TriMap,TriMap,Mrre_missing_10,0.974,scDesign3,EMBYRO,dr3,24,scDesign3,other
TriMap,TriMap,TriMap,Mrre_missing_20,0.968,scDesign3,EMBYRO,dr3,24,scDesign3,other
TriMap,TriMap,TriMap,Mrre_missing_30,0.964,scDesign3,EMBYRO,dr3,24,scDesign3,other
TriMap,TriMap,TriMap,aji_10,0.249,scDesign3,EMBYRO,dr1,24,scDesign3,other
TriMap,TriMap,TriMap,aji_20,0.289,scDesign3,EMBYRO,dr1,24,scDesign3,other
TriMap,TriMap,TriMap,aji_30,0.311,scDesign3,EMBYRO,dr1,24,scDesign3,other
TriMap,TriMap,TriMap,nkr_10,0.426,scDesign3,EMBYRO,dr1,24,scDesign3,other
TriMap,TriMap,TriMap,nkr_20,0.463,scDesign3,EMBYRO,dr1,24,scDesign3,other
TriMap,TriMap,TriMap,nkr_30,0.475,scDesign3,EMBYRO,dr1,24,scDesign3,other
TriMap,TriMap,TriMap,Mrre_missing_10,0.988,scDesign3,IFNB,dr3,24,scDesign3,other
TriMap,TriMap,TriMap,Mrre_missing_20,0.987,scDesign3,IFNB,dr3,24,scDesign3,other
TriMap,TriMap,TriMap,Mrre_missing_30,0.986,scDesign3,IFNB,dr3,24,scDesign3,other
TriMap,TriMap,TriMap,aji_10,0.081,scDesign3,IFNB,dr1,24,scDesign3,other
TriMap,TriMap,TriMap,aji_20,0.114,scDesign3,IFNB,dr1,24,scDesign3,other
TriMap,TriMap,TriMap,aji_30,0.137,scDesign3,IFNB,dr1,24,scDesign3,other
TriMap,TriMap,TriMap,nkr_10,0.156,scDesign3,IFNB,dr1,24,scDesign3,other
TriMap,TriMap,TriMap,nkr_20,0.207,scDesign3,IFNB,dr1,24,scDesign3,other
TriMap,TriMap,TriMap,nkr_30,0.24,scDesign3,IFNB,dr1,24,scDesign3,other
TriMap,TriMap,TriMap,Mrre_missing_10,0.973,scDesign3,MARROW,dr3,24,scDesign3,other
TriMap,TriMap,TriMap,Mrre_missing_20,0.972,scDesign3,MARROW,dr3,24,scDesign3,other
TriMap,TriMap,TriMap,Mrre_missing_30,0.971,scDesign3,MARROW,dr3,24,scDesign3,other
TriMap,TriMap,TriMap,aji_10,0.095,scDesign3,MARROW,dr1,24,scDesign3,other
TriMap,TriMap,TriMap,aji_20,0.14,scDesign3,MARROW,dr1,24,scDesign3,other
TriMap,TriMap,TriMap,aji_30,0.174,scDesign3,MARROW,dr1,24,scDesign3,other
TriMap,TriMap,TriMap,nkr_10,0.18,scDesign3,MARROW,dr1,24,scDesign3,other
TriMap,TriMap,TriMap,nkr_20,0.249,scDesign3,MARROW,dr1,24,scDesign3,other
TriMap,TriMap,TriMap,nkr_30,0.298,scDesign3,MARROW,dr1,24,scDesign3,other
TriMap,TriMap,TriMap,Mrre_missing_10,0.891,scDesign3,MOBSC,dr3,24,scDesign3,other
TriMap,TriMap,TriMap,Mrre_missing_20,0.887,scDesign3,MOBSC,dr3,24,scDesign3,other
TriMap,TriMap,TriMap,Mrre_missing_30,0.885,scDesign3,MOBSC,dr3,24,scDesign3,other
TriMap,TriMap,TriMap,aji_10,0.015,scDesign3,MOBSC,dr1,24,scDesign3,other
TriMap,TriMap,TriMap,aji_20,0.024,scDesign3,MOBSC,dr1,24,scDesign3,other
TriMap,TriMap,TriMap,aji_30,0.03,scDesign3,MOBSC,dr1,24,scDesign3,other
TriMap,TriMap,TriMap,nkr_10,0.03,scDesign3,MOBSC,dr1,24,scDesign3,other
TriMap,TriMap,TriMap,nkr_20,0.046,scDesign3,MOBSC,dr1,24,scDesign3,other
TriMap,TriMap,TriMap,nkr_30,0.058,scDesign3,MOBSC,dr1,24,scDesign3,other
TriMap,TriMap,TriMap,Mrre_missing_10,0.991,scDesign3,OVARIAN,dr3,24,scDesign3,other
TriMap,TriMap,TriMap,Mrre_missing_20,0.989,scDesign3,OVARIAN,dr3,24,scDesign3,other
TriMap,TriMap,TriMap,Mrre_missing_30,0.988,scDesign3,OVARIAN,dr3,24,scDesign3,other
TriMap,TriMap,TriMap,aji_10,0.165,scDesign3,OVARIAN,dr1,24,scDesign3,other
TriMap,TriMap,TriMap,aji_20,0.217,scDesign3,OVARIAN,dr1,24,scDesign3,other
TriMap,TriMap,TriMap,aji_30,0.251,scDesign3,OVARIAN,dr1,24,scDesign3,other
TriMap,TriMap,TriMap,nkr_10,0.306,scDesign3,OVARIAN,dr1,24,scDesign3,other
TriMap,TriMap,TriMap,nkr_20,0.373,scDesign3,OVARIAN,dr1,24,scDesign3,other
TriMap,TriMap,TriMap,nkr_30,0.411,scDesign3,OVARIAN,dr1,24,scDesign3,other
TriMap,TriMap,TriMap,Mrre_missing_10,0.982,scDesign3,PANCREAS,dr3,24,scDesign3,other
TriMap,TriMap,TriMap,Mrre_missing_20,0.98,scDesign3,PANCREAS,dr3,24,scDesign3,other
TriMap,TriMap,TriMap,Mrre_missing_30,0.978,scDesign3,PANCREAS,dr3,24,scDesign3,other
TriMap,TriMap,TriMap,aji_10,0.164,scDesign3,PANCREAS,dr1,24,scDesign3,other
TriMap,TriMap,TriMap,aji_20,0.222,scDesign3,PANCREAS,dr1,24,scDesign3,other
TriMap,TriMap,TriMap,aji_30,0.261,scDesign3,PANCREAS,dr1,24,scDesign3,other
TriMap,TriMap,TriMap,nkr_10,0.302,scDesign3,PANCREAS,dr1,24,scDesign3,other
TriMap,TriMap,TriMap,nkr_20,0.376,scDesign3,PANCREAS,dr1,24,scDesign3,other
TriMap,TriMap,TriMap,nkr_30,0.421,scDesign3,PANCREAS,dr1,24,scDesign3,other
TriMap,TriMap,TriMap,Mrre_missing_10,0.915,scDesign3,SCGEMMETH,dr3,24,scDesign3,other
TriMap,TriMap,TriMap,Mrre_missing_20,0.906,scDesign3,SCGEMMETH,dr3,24,scDesign3,other
TriMap,TriMap,TriMap,Mrre_missing_30,0.9,scDesign3,SCGEMMETH,dr3,24,scDesign3,other
TriMap,TriMap,TriMap,aji_10,0.298,scDesign3,SCGEMMETH,dr1,24,scDesign3,other
TriMap,TriMap,TriMap,aji_20,0.396,scDesign3,SCGEMMETH,dr1,24,scDesign3,other
TriMap,TriMap,TriMap,aji_30,0.461,scDesign3,SCGEMMETH,dr1,24,scDesign3,other
TriMap,TriMap,TriMap,nkr_10,0.511,scDesign3,SCGEMMETH,dr1,24,scDesign3,other
TriMap,TriMap,TriMap,nkr_20,0.6,scDesign3,SCGEMMETH,dr1,24,scDesign3,other
TriMap,TriMap,TriMap,nkr_30,0.654,scDesign3,SCGEMMETH,dr1,24,scDesign3,other
TriMap,TriMap,TriMap,Mrre_missing_10,0.948,scDesign3,SCGEMRNA,dr3,24,scDesign3,other
TriMap,TriMap,TriMap,Mrre_missing_20,0.937,scDesign3,SCGEMRNA,dr3,24,scDesign3,other
TriMap,TriMap,TriMap,Mrre_missing_30,0.932,scDesign3,SCGEMRNA,dr3,24,scDesign3,other
TriMap,TriMap,TriMap,aji_10,0.359,scDesign3,SCGEMRNA,dr1,24,scDesign3,other
TriMap,TriMap,TriMap,aji_20,0.399,scDesign3,SCGEMRNA,dr1,24,scDesign3,other
TriMap,TriMap,TriMap,aji_30,0.522,scDesign3,SCGEMRNA,dr1,24,scDesign3,other
TriMap,TriMap,TriMap,nkr_10,0.57,scDesign3,SCGEMRNA,dr1,24,scDesign3,other
TriMap,TriMap,TriMap,nkr_20,0.594,scDesign3,SCGEMRNA,dr1,24,scDesign3,other
TriMap,TriMap,TriMap,nkr_30,0.693,scDesign3,SCGEMRNA,dr1,24,scDesign3,other
TriMap,TriMap,TriMap,Mrre_missing_10,0.441,scDesign3,SCIATAC,dr3,24,scDesign3,other
TriMap,TriMap,TriMap,Mrre_missing_20,0.439,scDesign3,SCIATAC,dr3,24,scDesign3,other
TriMap,TriMap,TriMap,Mrre_missing_30,0.439,scDesign3,SCIATAC,dr3,24,scDesign3,other
TriMap,TriMap,TriMap,aji_10,0.002,scDesign3,SCIATAC,dr1,24,scDesign3,other
TriMap,TriMap,TriMap,aji_20,0.003,scDesign3,SCIATAC,dr1,24,scDesign3,other
TriMap,TriMap,TriMap,aji_30,0.004,scDesign3,SCIATAC,dr1,24,scDesign3,other
TriMap,TriMap,TriMap,nkr_10,0.003,scDesign3,SCIATAC,dr1,24,scDesign3,other
TriMap,TriMap,TriMap,nkr_20,0.005,scDesign3,SCIATAC,dr1,24,scDesign3,other
TriMap,TriMap,TriMap,nkr_30,0.008,scDesign3,SCIATAC,dr1,24,scDesign3,other
TriMap,TriMap,TriMap,Mrre_missing_10,0.733,scDesign3,SLIDE,dr3,24,scDesign3,other
TriMap,TriMap,TriMap,Mrre_missing_20,0.727,scDesign3,SLIDE,dr3,24,scDesign3,other
TriMap,TriMap,TriMap,Mrre_missing_30,0.724,scDesign3,SLIDE,dr3,24,scDesign3,other
TriMap,TriMap,TriMap,aji_10,0.004,scDesign3,SLIDE,dr1,24,scDesign3,other
TriMap,TriMap,TriMap,aji_20,0.007,scDesign3,SLIDE,dr1,24,scDesign3,other
TriMap,TriMap,TriMap,aji_30,0.008,scDesign3,SLIDE,dr1,24,scDesign3,other
TriMap,TriMap,TriMap,nkr_10,0.009,scDesign3,SLIDE,dr1,24,scDesign3,other
TriMap,TriMap,TriMap,nkr_20,0.013,scDesign3,SLIDE,dr1,24,scDesign3,other
TriMap,TriMap,TriMap,nkr_30,0.016,scDesign3,SLIDE,dr1,24,scDesign3,other
TriMap,TriMap,TriMap,Mrre_missing_10,0.993,scDesign3,VISIUM,dr3,24,scDesign3,other
TriMap,TriMap,TriMap,Mrre_missing_20,0.991,scDesign3,VISIUM,dr3,24,scDesign3,other
TriMap,TriMap,TriMap,Mrre_missing_30,0.99,scDesign3,VISIUM,dr3,24,scDesign3,other
TriMap,TriMap,TriMap,aji_10,0.246,scDesign3,VISIUM,dr1,24,scDesign3,other
TriMap,TriMap,TriMap,aji_20,0.311,scDesign3,VISIUM,dr1,24,scDesign3,other
TriMap,TriMap,TriMap,aji_30,0.346,scDesign3,VISIUM,dr1,24,scDesign3,other
TriMap,TriMap,TriMap,nkr_10,0.426,scDesign3,VISIUM,dr1,24,scDesign3,other
TriMap,TriMap,TriMap,nkr_20,0.492,scDesign3,VISIUM,dr1,24,scDesign3,other
TriMap,TriMap,TriMap,nkr_30,0.521,scDesign3,VISIUM,dr1,24,scDesign3,other
SQuaD-MDS,SQuaD_MDS,SQuaD-MDS,Mrre_missing_10,0.841,SIMLR,Pollen,dr3,25,SIMLR,other
SQuaD-MDS hybrid,SQuaD_MDS_hybrid,SQuaD-MDS,Mrre_missing_10,0.917,SIMLR,Pollen,dr3,25,SIMLR,other
SQuaD-MDS,SQuaD_MDS,SQuaD-MDS,Mrre_missing_20,0.839,SIMLR,Pollen,dr3,25,SIMLR,other
SQuaD-MDS hybrid,SQuaD_MDS_hybrid,SQuaD-MDS,Mrre_missing_20,0.907,SIMLR,Pollen,dr3,25,SIMLR,other
SQuaD-MDS,SQuaD_MDS,SQuaD-MDS,Mrre_missing_30,0.837,SIMLR,Pollen,dr3,25,SIMLR,other
SQuaD-MDS hybrid,SQuaD_MDS_hybrid,SQuaD-MDS,Mrre_missing_30,0.894,SIMLR,Pollen,dr3,25,SIMLR,other
SQuaD-MDS,SQuaD_MDS,SQuaD-MDS,aji_10,0.132,SIMLR,Pollen,dr1,25,SIMLR,other
SQuaD-MDS hybrid,SQuaD_MDS_hybrid,SQuaD-MDS,aji_10,0.182,SIMLR,Pollen,dr1,25,SIMLR,other
SQuaD-MDS,SQuaD_MDS,SQuaD-MDS,aji_20,0.215,SIMLR,Pollen,dr1,25,SIMLR,other
SQuaD-MDS hybrid,SQuaD_MDS_hybrid,SQuaD-MDS,aji_20,0.289,SIMLR,Pollen,dr1,25,SIMLR,other
SQuaD-MDS,SQuaD_MDS,SQuaD-MDS,aji_30,0.272,SIMLR,Pollen,dr1,25,SIMLR,other
SQuaD-MDS hybrid,SQuaD_MDS_hybrid,SQuaD-MDS,aji_30,0.334,SIMLR,Pollen,dr1,25,SIMLR,other
SQuaD-MDS,SQuaD_MDS,SQuaD-MDS,nkr_10,0.204,SIMLR,Pollen,dr1,25,SIMLR,other
SQuaD-MDS hybrid,SQuaD_MDS_hybrid,SQuaD-MDS,nkr_10,0.32,SIMLR,Pollen,dr1,25,SIMLR,other
SQuaD-MDS,SQuaD_MDS,SQuaD-MDS,nkr_20,0.326,SIMLR,Pollen,dr1,25,SIMLR,other
SQuaD-MDS hybrid,SQuaD_MDS_hybrid,SQuaD-MDS,nkr_20,0.443,SIMLR,Pollen,dr1,25,SIMLR,other
SQuaD-MDS,SQuaD_MDS,SQuaD-MDS,nkr_30,0.397,SIMLR,Pollen,dr1,25,SIMLR,other
SQuaD-MDS hybrid,SQuaD_MDS_hybrid,SQuaD-MDS,nkr_30,0.503,SIMLR,Pollen,dr1,25,SIMLR,other
SQuaD-MDS,SQuaD_MDS,SQuaD-MDS,Mrre_missing_10,0.755,SIMLR,Usoskin,dr3,25,SIMLR,other
SQuaD-MDS hybrid,SQuaD_MDS_hybrid,SQuaD-MDS,Mrre_missing_10,0.852,SIMLR,Usoskin,dr3,25,SIMLR,other
SQuaD-MDS,SQuaD_MDS,SQuaD-MDS,Mrre_missing_20,0.753,SIMLR,Usoskin,dr3,25,SIMLR,other
SQuaD-MDS hybrid,SQuaD_MDS_hybrid,SQuaD-MDS,Mrre_missing_20,0.834,SIMLR,Usoskin,dr3,25,SIMLR,other
SQuaD-MDS,SQuaD_MDS,SQuaD-MDS,Mrre_missing_30,0.751,SIMLR,Usoskin,dr3,25,SIMLR,other
SQuaD-MDS hybrid,SQuaD_MDS_hybrid,SQuaD-MDS,Mrre_missing_30,0.822,SIMLR,Usoskin,dr3,25,SIMLR,other
SQuaD-MDS,SQuaD_MDS,SQuaD-MDS,aji_10,0.021,SIMLR,Usoskin,dr1,25,SIMLR,other
SQuaD-MDS hybrid,SQuaD_MDS_hybrid,SQuaD-MDS,aji_10,0.037,SIMLR,Usoskin,dr1,25,SIMLR,other
SQuaD-MDS,SQuaD_MDS,SQuaD-MDS,aji_20,0.041,SIMLR,Usoskin,dr1,25,SIMLR,other
SQuaD-MDS hybrid,SQuaD_MDS_hybrid,SQuaD-MDS,aji_20,0.06,SIMLR,Usoskin,dr1,25,SIMLR,other
SQuaD-MDS,SQuaD_MDS,SQuaD-MDS,aji_30,0.063,SIMLR,Usoskin,dr1,25,SIMLR,other
SQuaD-MDS hybrid,SQuaD_MDS_hybrid,SQuaD-MDS,aji_30,0.083,SIMLR,Usoskin,dr1,25,SIMLR,other
SQuaD-MDS,SQuaD_MDS,SQuaD-MDS,nkr_10,0.036,SIMLR,Usoskin,dr1,25,SIMLR,other
SQuaD-MDS hybrid,SQuaD_MDS_hybrid,SQuaD-MDS,nkr_10,0.099,SIMLR,Usoskin,dr1,25,SIMLR,other
SQuaD-MDS,SQuaD_MDS,SQuaD-MDS,nkr_20,0.069,SIMLR,Usoskin,dr1,25,SIMLR,other
SQuaD-MDS hybrid,SQuaD_MDS_hybrid,SQuaD-MDS,nkr_20,0.129,SIMLR,Usoskin,dr1,25,SIMLR,other
SQuaD-MDS,SQuaD_MDS,SQuaD-MDS,nkr_30,0.101,SIMLR,Usoskin,dr1,25,SIMLR,other
SQuaD-MDS hybrid,SQuaD_MDS_hybrid,SQuaD-MDS,nkr_30,0.162,SIMLR,Usoskin,dr1,25,SIMLR,other
SQuaD-MDS,SQuaD_MDS,SQuaD-MDS,Mrre_missing_10,0.835,TI,DA1_horns,dr3,25,trajectory,other
SQuaD-MDS hybrid,SQuaD_MDS_hybrid,SQuaD-MDS,Mrre_missing_10,0.915,TI,DA1_horns,dr3,25,trajectory,other
SQuaD-MDS,SQuaD_MDS,SQuaD-MDS,Mrre_missing_20,0.832,TI,DA1_horns,dr3,25,trajectory,other
SQuaD-MDS hybrid,SQuaD_MDS_hybrid,SQuaD-MDS,Mrre_missing_20,0.905,TI,DA1_horns,dr3,25,trajectory,other
SQuaD-MDS,SQuaD_MDS,SQuaD-MDS,Mrre_missing_30,0.83,TI,DA1_horns,dr3,25,trajectory,other
SQuaD-MDS hybrid,SQuaD_MDS_hybrid,SQuaD-MDS,Mrre_missing_30,0.901,TI,DA1_horns,dr3,25,trajectory,other
SQuaD-MDS,SQuaD_MDS,SQuaD-MDS,aji_10,0.081,TI,DA1_horns,dr1,25,trajectory,other
SQuaD-MDS hybrid,SQuaD_MDS_hybrid,SQuaD-MDS,aji_10,0.125,TI,DA1_horns,dr1,25,trajectory,other
SQuaD-MDS,SQuaD_MDS,SQuaD-MDS,aji_20,0.158,TI,DA1_horns,dr1,25,trajectory,other
SQuaD-MDS hybrid,SQuaD_MDS_hybrid,SQuaD-MDS,aji_20,0.229,TI,DA1_horns,dr1,25,trajectory,other
SQuaD-MDS,SQuaD_MDS,SQuaD-MDS,aji_30,0.231,TI,DA1_horns,dr1,25,trajectory,other
SQuaD-MDS hybrid,SQuaD_MDS_hybrid,SQuaD-MDS,aji_30,0.334,TI,DA1_horns,dr1,25,trajectory,other
SQuaD-MDS,SQuaD_MDS,SQuaD-MDS,nkr_10,0.14,TI,DA1_horns,dr1,25,trajectory,other
SQuaD-MDS hybrid,SQuaD_MDS_hybrid,SQuaD-MDS,nkr_10,0.283,TI,DA1_horns,dr1,25,trajectory,other
SQuaD-MDS,SQuaD_MDS,SQuaD-MDS,nkr_20,0.265,TI,DA1_horns,dr1,25,trajectory,other
SQuaD-MDS hybrid,SQuaD_MDS_hybrid,SQuaD-MDS,nkr_20,0.388,TI,DA1_horns,dr1,25,trajectory,other
SQuaD-MDS,SQuaD_MDS,SQuaD-MDS,nkr_30,0.365,TI,DA1_horns,dr1,25,trajectory,other
SQuaD-MDS hybrid,SQuaD_MDS_hybrid,SQuaD-MDS,nkr_30,0.499,TI,DA1_horns,dr1,25,trajectory,other
SQuaD-MDS,SQuaD_MDS,SQuaD-MDS,Mrre_missing_10,0.822,TI,DC3_VA1d_horns,dr3,25,trajectory,other
SQuaD-MDS hybrid,SQuaD_MDS_hybrid,SQuaD-MDS,Mrre_missing_10,0.933,TI,DC3_VA1d_horns,dr3,25,trajectory,other
SQuaD-MDS,SQuaD_MDS,SQuaD-MDS,Mrre_missing_20,0.821,TI,DC3_VA1d_horns,dr3,25,trajectory,other
SQuaD-MDS hybrid,SQuaD_MDS_hybrid,SQuaD-MDS,Mrre_missing_20,0.925,TI,DC3_VA1d_horns,dr3,25,trajectory,other
SQuaD-MDS,SQuaD_MDS,SQuaD-MDS,Mrre_missing_30,0.818,TI,DC3_VA1d_horns,dr3,25,trajectory,other
SQuaD-MDS hybrid,SQuaD_MDS_hybrid,SQuaD-MDS,Mrre_missing_30,0.919,TI,DC3_VA1d_horns,dr3,25,trajectory,other
SQuaD-MDS,SQuaD_MDS,SQuaD-MDS,aji_10,0.138,TI,DC3_VA1d_horns,dr1,25,trajectory,other
SQuaD-MDS hybrid,SQuaD_MDS_hybrid,SQuaD-MDS,aji_10,0.235,TI,DC3_VA1d_horns,dr1,25,trajectory,other
SQuaD-MDS,SQuaD_MDS,SQuaD-MDS,aji_20,0.259,TI,DC3_VA1d_horns,dr1,25,trajectory,other
SQuaD-MDS hybrid,SQuaD_MDS_hybrid,SQuaD-MDS,aji_20,0.393,TI,DC3_VA1d_horns,dr1,25,trajectory,other
SQuaD-MDS,SQuaD_MDS,SQuaD-MDS,aji_30,0.357,TI,DC3_VA1d_horns,dr1,25,trajectory,other
SQuaD-MDS hybrid,SQuaD_MDS_hybrid,SQuaD-MDS,aji_30,0.531,TI,DC3_VA1d_horns,dr1,25,trajectory,other
SQuaD-MDS,SQuaD_MDS,SQuaD-MDS,nkr_10,0.243,TI,DC3_VA1d_horns,dr1,25,trajectory,other
SQuaD-MDS hybrid,SQuaD_MDS_hybrid,SQuaD-MDS,nkr_10,0.429,TI,DC3_VA1d_horns,dr1,25,trajectory,other
SQuaD-MDS,SQuaD_MDS,SQuaD-MDS,nkr_20,0.414,TI,DC3_VA1d_horns,dr1,25,trajectory,other
SQuaD-MDS hybrid,SQuaD_MDS_hybrid,SQuaD-MDS,nkr_20,0.569,TI,DC3_VA1d_horns,dr1,25,trajectory,other
SQuaD-MDS,SQuaD_MDS,SQuaD-MDS,nkr_30,0.531,TI,DC3_VA1d_horns,dr1,25,trajectory,other
SQuaD-MDS hybrid,SQuaD_MDS_hybrid,SQuaD-MDS,nkr_30,0.693,TI,DC3_VA1d_horns,dr1,25,trajectory,other
SQuaD-MDS,SQuaD_MDS,SQuaD-MDS,Mrre_missing_10,0.917,TI,ICM,dr3,25,trajectory,other
SQuaD-MDS hybrid,SQuaD_MDS_hybrid,SQuaD-MDS,Mrre_missing_10,0.968,TI,ICM,dr3,25,trajectory,other
SQuaD-MDS,SQuaD_MDS,SQuaD-MDS,Mrre_missing_20,0.913,TI,ICM,dr3,25,trajectory,other
SQuaD-MDS hybrid,SQuaD_MDS_hybrid,SQuaD-MDS,Mrre_missing_20,0.962,TI,ICM,dr3,25,trajectory,other
SQuaD-MDS,SQuaD_MDS,SQuaD-MDS,Mrre_missing_30,0.91,TI,ICM,dr3,25,trajectory,other
SQuaD-MDS hybrid,SQuaD_MDS_hybrid,SQuaD-MDS,Mrre_missing_30,0.958,TI,ICM,dr3,25,trajectory,other
SQuaD-MDS,SQuaD_MDS,SQuaD-MDS,aji_10,0.189,TI,ICM,dr1,25,trajectory,other
SQuaD-MDS hybrid,SQuaD_MDS_hybrid,SQuaD-MDS,aji_10,0.347,TI,ICM,dr1,25,trajectory,other
SQuaD-MDS,SQuaD_MDS,SQuaD-MDS,aji_20,0.304,TI,ICM,dr1,25,trajectory,other
SQuaD-MDS hybrid,SQuaD_MDS_hybrid,SQuaD-MDS,aji_20,0.476,TI,ICM,dr1,25,trajectory,other
SQuaD-MDS,SQuaD_MDS,SQuaD-MDS,aji_30,0.395,TI,ICM,dr1,25,trajectory,other
SQuaD-MDS hybrid,SQuaD_MDS_hybrid,SQuaD-MDS,aji_30,0.595,TI,ICM,dr1,25,trajectory,other
SQuaD-MDS,SQuaD_MDS,SQuaD-MDS,nkr_10,0.319,TI,ICM,dr1,25,trajectory,other
SQuaD-MDS hybrid,SQuaD_MDS_hybrid,SQuaD-MDS,nkr_10,0.546,TI,ICM,dr1,25,trajectory,other
SQuaD-MDS,SQuaD_MDS,SQuaD-MDS,nkr_20,0.467,TI,ICM,dr1,25,trajectory,other
SQuaD-MDS hybrid,SQuaD_MDS_hybrid,SQuaD-MDS,nkr_20,0.64,TI,ICM,dr1,25,trajectory,other
SQuaD-MDS,SQuaD_MDS,SQuaD-MDS,nkr_30,0.565,TI,ICM,dr1,25,trajectory,other
SQuaD-MDS hybrid,SQuaD_MDS_hybrid,SQuaD-MDS,nkr_30,0.733,TI,ICM,dr1,25,trajectory,other
SQuaD-MDS,SQuaD_MDS,SQuaD-MDS,Mrre_missing_10,0.932,TI,blastocyst,dr3,25,trajectory,other
SQuaD-MDS hybrid,SQuaD_MDS_hybrid,SQuaD-MDS,Mrre_missing_10,0.978,TI,blastocyst,dr3,25,trajectory,other
SQuaD-MDS,SQuaD_MDS,SQuaD-MDS,Mrre_missing_20,0.929,TI,blastocyst,dr3,25,trajectory,other
SQuaD-MDS hybrid,SQuaD_MDS_hybrid,SQuaD-MDS,Mrre_missing_20,0.972,TI,blastocyst,dr3,25,trajectory,other
SQuaD-MDS,SQuaD_MDS,SQuaD-MDS,Mrre_missing_30,0.927,TI,blastocyst,dr3,25,trajectory,other
SQuaD-MDS hybrid,SQuaD_MDS_hybrid,SQuaD-MDS,Mrre_missing_30,0.969,TI,blastocyst,dr3,25,trajectory,other
SQuaD-MDS,SQuaD_MDS,SQuaD-MDS,aji_10,0.194,TI,blastocyst,dr1,25,trajectory,other
SQuaD-MDS hybrid,SQuaD_MDS_hybrid,SQuaD-MDS,aji_10,0.336,TI,blastocyst,dr1,25,trajectory,other
SQuaD-MDS,SQuaD_MDS,SQuaD-MDS,aji_20,0.293,TI,blastocyst,dr1,25,trajectory,other
SQuaD-MDS hybrid,SQuaD_MDS_hybrid,SQuaD-MDS,aji_20,0.462,TI,blastocyst,dr1,25,trajectory,other
SQuaD-MDS,SQuaD_MDS,SQuaD-MDS,aji_30,0.382,TI,blastocyst,dr1,25,trajectory,other
SQuaD-MDS hybrid,SQuaD_MDS_hybrid,SQuaD-MDS,aji_30,0.566,TI,blastocyst,dr1,25,trajectory,other
SQuaD-MDS,SQuaD_MDS,SQuaD-MDS,nkr_10,0.325,TI,blastocyst,dr1,25,trajectory,other
SQuaD-MDS hybrid,SQuaD_MDS_hybrid,SQuaD-MDS,nkr_10,0.549,TI,blastocyst,dr1,25,trajectory,other
SQuaD-MDS,SQuaD_MDS,SQuaD-MDS,nkr_20,0.458,TI,blastocyst,dr1,25,trajectory,other
SQuaD-MDS hybrid,SQuaD_MDS_hybrid,SQuaD-MDS,nkr_20,0.638,TI,blastocyst,dr1,25,trajectory,other
SQuaD-MDS,SQuaD_MDS,SQuaD-MDS,nkr_30,0.553,TI,blastocyst,dr1,25,trajectory,other
SQuaD-MDS hybrid,SQuaD_MDS_hybrid,SQuaD-MDS,nkr_30,0.717,TI,blastocyst,dr1,25,trajectory,other
SQuaD-MDS,SQuaD_MDS,SQuaD-MDS,Mrre_missing_10,0.814,TI,combination-1,dr3,25,trajectory,other
SQuaD-MDS hybrid,SQuaD_MDS_hybrid,SQuaD-MDS,Mrre_missing_10,0.878,TI,combination-1,dr3,25,trajectory,other
SQuaD-MDS,SQuaD_MDS,SQuaD-MDS,Mrre_missing_20,0.813,TI,combination-1,dr3,25,trajectory,other
SQuaD-MDS hybrid,SQuaD_MDS_hybrid,SQuaD-MDS,Mrre_missing_20,0.865,TI,combination-1,dr3,25,trajectory,other
SQuaD-MDS,SQuaD_MDS,SQuaD-MDS,Mrre_missing_30,0.812,TI,combination-1,dr3,25,trajectory,other
SQuaD-MDS hybrid,SQuaD_MDS_hybrid,SQuaD-MDS,Mrre_missing_30,0.858,TI,combination-1,dr3,25,trajectory,other
SQuaD-MDS,SQuaD_MDS,SQuaD-MDS,aji_10,0.004,TI,combination-1,dr1,25,trajectory,other
SQuaD-MDS hybrid,SQuaD_MDS_hybrid,SQuaD-MDS,aji_10,0.019,TI,combination-1,dr1,25,trajectory,other
SQuaD-MDS,SQuaD_MDS,SQuaD-MDS,aji_20,0.008,TI,combination-1,dr1,25,trajectory,other
SQuaD-MDS hybrid,SQuaD_MDS_hybrid,SQuaD-MDS,aji_20,0.026,TI,combination-1,dr1,25,trajectory,other
SQuaD-MDS,SQuaD_MDS,SQuaD-MDS,aji_30,0.011,TI,combination-1,dr1,25,trajectory,other
SQuaD-MDS hybrid,SQuaD_MDS_hybrid,SQuaD-MDS,aji_30,0.032,TI,combination-1,dr1,25,trajectory,other
SQuaD-MDS,SQuaD_MDS,SQuaD-MDS,nkr_10,0.007,TI,combination-1,dr1,25,trajectory,other
SQuaD-MDS hybrid,SQuaD_MDS_hybrid,SQuaD-MDS,nkr_10,0.059,TI,combination-1,dr1,25,trajectory,other
SQuaD-MDS,SQuaD_MDS,SQuaD-MDS,nkr_20,0.014,TI,combination-1,dr1,25,trajectory,other
SQuaD-MDS hybrid,SQuaD_MDS_hybrid,SQuaD-MDS,nkr_20,0.064,TI,combination-1,dr1,25,trajectory,other
SQuaD-MDS,SQuaD_MDS,SQuaD-MDS,nkr_30,0.021,TI,combination-1,dr1,25,trajectory,other
SQuaD-MDS hybrid,SQuaD_MDS_hybrid,SQuaD-MDS,nkr_30,0.07,TI,combination-1,dr1,25,trajectory,other
SQuaD-MDS,SQuaD_MDS,SQuaD-MDS,Mrre_missing_10,0.808,TI,combination-2,dr3,25,trajectory,other
SQuaD-MDS hybrid,SQuaD_MDS_hybrid,SQuaD-MDS,Mrre_missing_10,0.885,TI,combination-2,dr3,25,trajectory,other
SQuaD-MDS,SQuaD_MDS,SQuaD-MDS,Mrre_missing_20,0.808,TI,combination-2,dr3,25,trajectory,other
SQuaD-MDS hybrid,SQuaD_MDS_hybrid,SQuaD-MDS,Mrre_missing_20,0.871,TI,combination-2,dr3,25,trajectory,other
SQuaD-MDS,SQuaD_MDS,SQuaD-MDS,Mrre_missing_30,0.807,TI,combination-2,dr3,25,trajectory,other
SQuaD-MDS hybrid,SQuaD_MDS_hybrid,SQuaD-MDS,Mrre_missing_30,0.863,TI,combination-2,dr3,25,trajectory,other
SQuaD-MDS,SQuaD_MDS,SQuaD-MDS,aji_10,0.004,TI,combination-2,dr1,25,trajectory,other
SQuaD-MDS hybrid,SQuaD_MDS_hybrid,SQuaD-MDS,aji_10,0.019,TI,combination-2,dr1,25,trajectory,other
SQuaD-MDS,SQuaD_MDS,SQuaD-MDS,aji_20,0.007,TI,combination-2,dr1,25,trajectory,other
SQuaD-MDS hybrid,SQuaD_MDS_hybrid,SQuaD-MDS,aji_20,0.027,TI,combination-2,dr1,25,trajectory,other
SQuaD-MDS,SQuaD_MDS,SQuaD-MDS,aji_30,0.009,TI,combination-2,dr1,25,trajectory,other
SQuaD-MDS hybrid,SQuaD_MDS_hybrid,SQuaD-MDS,aji_30,0.034,TI,combination-2,dr1,25,trajectory,other
SQuaD-MDS,SQuaD_MDS,SQuaD-MDS,nkr_10,0.006,TI,combination-2,dr1,25,trajectory,other
SQuaD-MDS hybrid,SQuaD_MDS_hybrid,SQuaD-MDS,nkr_10,0.058,TI,combination-2,dr1,25,trajectory,other
SQuaD-MDS,SQuaD_MDS,SQuaD-MDS,nkr_20,0.012,TI,combination-2,dr1,25,trajectory,other
SQuaD-MDS hybrid,SQuaD_MDS_hybrid,SQuaD-MDS,nkr_20,0.066,TI,combination-2,dr1,25,trajectory,other
SQuaD-MDS,SQuaD_MDS,SQuaD-MDS,nkr_30,0.017,TI,combination-2,dr1,25,trajectory,other
SQuaD-MDS hybrid,SQuaD_MDS_hybrid,SQuaD-MDS,nkr_30,0.075,TI,combination-2,dr1,25,trajectory,other
SQuaD-MDS,SQuaD_MDS,SQuaD-MDS,Mrre_missing_10,0.831,TI,combination-3,dr3,25,trajectory,other
SQuaD-MDS hybrid,SQuaD_MDS_hybrid,SQuaD-MDS,Mrre_missing_10,0.904,TI,combination-3,dr3,25,trajectory,other
SQuaD-MDS,SQuaD_MDS,SQuaD-MDS,Mrre_missing_20,0.83,TI,combination-3,dr3,25,trajectory,other
SQuaD-MDS hybrid,SQuaD_MDS_hybrid,SQuaD-MDS,Mrre_missing_20,0.893,TI,combination-3,dr3,25,trajectory,other
SQuaD-MDS,SQuaD_MDS,SQuaD-MDS,Mrre_missing_30,0.829,TI,combination-3,dr3,25,trajectory,other
SQuaD-MDS hybrid,SQuaD_MDS_hybrid,SQuaD-MDS,Mrre_missing_30,0.886,TI,combination-3,dr3,25,trajectory,other
SQuaD-MDS,SQuaD_MDS,SQuaD-MDS,aji_10,0.007,TI,combination-3,dr1,25,trajectory,other
SQuaD-MDS hybrid,SQuaD_MDS_hybrid,SQuaD-MDS,aji_10,0.031,TI,combination-3,dr1,25,trajectory,other
SQuaD-MDS,SQuaD_MDS,SQuaD-MDS,aji_20,0.015,TI,combination-3,dr1,25,trajectory,other
SQuaD-MDS hybrid,SQuaD_MDS_hybrid,SQuaD-MDS,aji_20,0.046,TI,combination-3,dr1,25,trajectory,other
SQuaD-MDS,SQuaD_MDS,SQuaD-MDS,aji_30,0.023,TI,combination-3,dr1,25,trajectory,other
SQuaD-MDS hybrid,SQuaD_MDS_hybrid,SQuaD-MDS,aji_30,0.059,TI,combination-3,dr1,25,trajectory,other
SQuaD-MDS,SQuaD_MDS,SQuaD-MDS,nkr_10,0.013,TI,combination-3,dr1,25,trajectory,other
SQuaD-MDS hybrid,SQuaD_MDS_hybrid,SQuaD-MDS,nkr_10,0.083,TI,combination-3,dr1,25,trajectory,other
SQuaD-MDS,SQuaD_MDS,SQuaD-MDS,nkr_20,0.027,TI,combination-3,dr1,25,trajectory,other
SQuaD-MDS hybrid,SQuaD_MDS_hybrid,SQuaD-MDS,nkr_20,0.101,TI,combination-3,dr1,25,trajectory,other
SQuaD-MDS,SQuaD_MDS,SQuaD-MDS,nkr_30,0.04,TI,combination-3,dr1,25,trajectory,other
SQuaD-MDS hybrid,SQuaD_MDS_hybrid,SQuaD-MDS,nkr_30,0.119,TI,combination-3,dr1,25,trajectory,other
SQuaD-MDS,SQuaD_MDS,SQuaD-MDS,Mrre_missing_10,0.89,TI,epiblast,dr3,25,trajectory,other
SQuaD-MDS hybrid,SQuaD_MDS_hybrid,SQuaD-MDS,Mrre_missing_10,0.948,TI,epiblast,dr3,25,trajectory,other
SQuaD-MDS,SQuaD_MDS,SQuaD-MDS,Mrre_missing_20,0.884,TI,epiblast,dr3,25,trajectory,other
SQuaD-MDS hybrid,SQuaD_MDS_hybrid,SQuaD-MDS,Mrre_missing_20,0.936,TI,epiblast,dr3,25,trajectory,other
SQuaD-MDS,SQuaD_MDS,SQuaD-MDS,Mrre_missing_30,0.879,TI,epiblast,dr3,25,trajectory,other
SQuaD-MDS hybrid,SQuaD_MDS_hybrid,SQuaD-MDS,Mrre_missing_30,0.928,TI,epiblast,dr3,25,trajectory,other
SQuaD-MDS,SQuaD_MDS,SQuaD-MDS,aji_10,0.194,TI,epiblast,dr1,25,trajectory,other
SQuaD-MDS hybrid,SQuaD_MDS_hybrid,SQuaD-MDS,aji_10,0.333,TI,epiblast,dr1,25,trajectory,other
SQuaD-MDS,SQuaD_MDS,SQuaD-MDS,aji_20,0.339,TI,epiblast,dr1,25,trajectory,other
SQuaD-MDS hybrid,SQuaD_MDS_hybrid,SQuaD-MDS,aji_20,0.427,TI,epiblast,dr1,25,trajectory,other
SQuaD-MDS,SQuaD_MDS,SQuaD-MDS,aji_30,0.433,TI,epiblast,dr1,25,trajectory,other
SQuaD-MDS hybrid,SQuaD_MDS_hybrid,SQuaD-MDS,aji_30,0.522,TI,epiblast,dr1,25,trajectory,other
SQuaD-MDS,SQuaD_MDS,SQuaD-MDS,nkr_10,0.325,TI,epiblast,dr1,25,trajectory,other
SQuaD-MDS hybrid,SQuaD_MDS_hybrid,SQuaD-MDS,nkr_10,0.535,TI,epiblast,dr1,25,trajectory,other
SQuaD-MDS,SQuaD_MDS,SQuaD-MDS,nkr_20,0.502,TI,epiblast,dr1,25,trajectory,other
SQuaD-MDS hybrid,SQuaD_MDS_hybrid,SQuaD-MDS,nkr_20,0.6,TI,epiblast,dr1,25,trajectory,other
SQuaD-MDS,SQuaD_MDS,SQuaD-MDS,nkr_30,0.596,TI,epiblast,dr1,25,trajectory,other
SQuaD-MDS hybrid,SQuaD_MDS_hybrid,SQuaD-MDS,nkr_30,0.671,TI,epiblast,dr1,25,trajectory,other
SQuaD-MDS,SQuaD_MDS,SQuaD-MDS,Mrre_missing_10,0.817,TI,epidermis,dr3,25,trajectory,other
SQuaD-MDS hybrid,SQuaD_MDS_hybrid,SQuaD-MDS,Mrre_missing_10,0.879,TI,epidermis,dr3,25,trajectory,other
SQuaD-MDS,SQuaD_MDS,SQuaD-MDS,Mrre_missing_20,0.815,TI,epidermis,dr3,25,trajectory,other
SQuaD-MDS hybrid,SQuaD_MDS_hybrid,SQuaD-MDS,Mrre_missing_20,0.865,TI,epidermis,dr3,25,trajectory,other
SQuaD-MDS,SQuaD_MDS,SQuaD-MDS,Mrre_missing_30,0.814,TI,epidermis,dr3,25,trajectory,other
SQuaD-MDS hybrid,SQuaD_MDS_hybrid,SQuaD-MDS,Mrre_missing_30,0.857,TI,epidermis,dr3,25,trajectory,other
SQuaD-MDS,SQuaD_MDS,SQuaD-MDS,aji_10,0.005,TI,epidermis,dr1,25,trajectory,other
SQuaD-MDS hybrid,SQuaD_MDS_hybrid,SQuaD-MDS,aji_10,0.016,TI,epidermis,dr1,25,trajectory,other
SQuaD-MDS,SQuaD_MDS,SQuaD-MDS,aji_20,0.01,TI,epidermis,dr1,25,trajectory,other
SQuaD-MDS hybrid,SQuaD_MDS_hybrid,SQuaD-MDS,aji_20,0.024,TI,epidermis,dr1,25,trajectory,other
SQuaD-MDS,SQuaD_MDS,SQuaD-MDS,aji_30,0.014,TI,epidermis,dr1,25,trajectory,other
SQuaD-MDS hybrid,SQuaD_MDS_hybrid,SQuaD-MDS,aji_30,0.031,TI,epidermis,dr1,25,trajectory,other
SQuaD-MDS,SQuaD_MDS,SQuaD-MDS,nkr_10,0.009,TI,epidermis,dr1,25,trajectory,other
SQuaD-MDS hybrid,SQuaD_MDS_hybrid,SQuaD-MDS,nkr_10,0.058,TI,epidermis,dr1,25,trajectory,other
SQuaD-MDS,SQuaD_MDS,SQuaD-MDS,nkr_20,0.017,TI,epidermis,dr1,25,trajectory,other
SQuaD-MDS hybrid,SQuaD_MDS_hybrid,SQuaD-MDS,nkr_20,0.063,TI,epidermis,dr1,25,trajectory,other
SQuaD-MDS,SQuaD_MDS,SQuaD-MDS,nkr_30,0.025,TI,epidermis,dr1,25,trajectory,other
SQuaD-MDS hybrid,SQuaD_MDS_hybrid,SQuaD-MDS,nkr_30,0.071,TI,epidermis,dr1,25,trajectory,other
SQuaD-MDS,SQuaD_MDS,SQuaD-MDS,Mrre_missing_10,0.861,TI,horns,dr3,25,trajectory,other
SQuaD-MDS hybrid,SQuaD_MDS_hybrid,SQuaD-MDS,Mrre_missing_10,0.928,TI,horns,dr3,25,trajectory,other
SQuaD-MDS,SQuaD_MDS,SQuaD-MDS,Mrre_missing_20,0.857,TI,horns,dr3,25,trajectory,other
SQuaD-MDS hybrid,SQuaD_MDS_hybrid,SQuaD-MDS,Mrre_missing_20,0.92,TI,horns,dr3,25,trajectory,other
SQuaD-MDS,SQuaD_MDS,SQuaD-MDS,Mrre_missing_30,0.854,TI,horns,dr3,25,trajectory,other
SQuaD-MDS hybrid,SQuaD_MDS_hybrid,SQuaD-MDS,Mrre_missing_30,0.914,TI,horns,dr3,25,trajectory,other
SQuaD-MDS,SQuaD_MDS,SQuaD-MDS,aji_10,0.059,TI,horns,dr1,25,trajectory,other
SQuaD-MDS hybrid,SQuaD_MDS_hybrid,SQuaD-MDS,aji_10,0.12,TI,horns,dr1,25,trajectory,other
SQuaD-MDS,SQuaD_MDS,SQuaD-MDS,aji_20,0.112,TI,horns,dr1,25,trajectory,other
SQuaD-MDS hybrid,SQuaD_MDS_hybrid,SQuaD-MDS,aji_20,0.194,TI,horns,dr1,25,trajectory,other
SQuaD-MDS,SQuaD_MDS,SQuaD-MDS,aji_30,0.157,TI,horns,dr1,25,trajectory,other
SQuaD-MDS hybrid,SQuaD_MDS_hybrid,SQuaD-MDS,aji_30,0.242,TI,horns,dr1,25,trajectory,other
SQuaD-MDS,SQuaD_MDS,SQuaD-MDS,nkr_10,0.107,TI,horns,dr1,25,trajectory,other
SQuaD-MDS hybrid,SQuaD_MDS_hybrid,SQuaD-MDS,nkr_10,0.26,TI,horns,dr1,25,trajectory,other
SQuaD-MDS,SQuaD_MDS,SQuaD-MDS,nkr_20,0.198,TI,horns,dr1,25,trajectory,other
SQuaD-MDS hybrid,SQuaD_MDS_hybrid,SQuaD-MDS,nkr_20,0.344,TI,horns,dr1,25,trajectory,other
SQuaD-MDS,SQuaD_MDS,SQuaD-MDS,nkr_30,0.27,TI,horns,dr1,25,trajectory,other
SQuaD-MDS hybrid,SQuaD_MDS_hybrid,SQuaD-MDS,nkr_30,0.402,TI,horns,dr1,25,trajectory,other
SQuaD-MDS,SQuaD_MDS,SQuaD-MDS,Mrre_missing_10,0.798,TI,muscle,dr3,25,trajectory,other
SQuaD-MDS hybrid,SQuaD_MDS_hybrid,SQuaD-MDS,Mrre_missing_10,0.859,TI,muscle,dr3,25,trajectory,other
SQuaD-MDS,SQuaD_MDS,SQuaD-MDS,Mrre_missing_20,0.798,TI,muscle,dr3,25,trajectory,other
SQuaD-MDS hybrid,SQuaD_MDS_hybrid,SQuaD-MDS,Mrre_missing_20,0.845,TI,muscle,dr3,25,trajectory,other
SQuaD-MDS,SQuaD_MDS,SQuaD-MDS,Mrre_missing_30,0.797,TI,muscle,dr3,25,trajectory,other
SQuaD-MDS hybrid,SQuaD_MDS_hybrid,SQuaD-MDS,Mrre_missing_30,0.837,TI,muscle,dr3,25,trajectory,other
SQuaD-MDS,SQuaD_MDS,SQuaD-MDS,aji_10,0.006,TI,muscle,dr1,25,trajectory,other
SQuaD-MDS hybrid,SQuaD_MDS_hybrid,SQuaD-MDS,aji_10,0.013,TI,muscle,dr1,25,trajectory,other
SQuaD-MDS,SQuaD_MDS,SQuaD-MDS,aji_20,0.011,TI,muscle,dr1,25,trajectory,other
SQuaD-MDS hybrid,SQuaD_MDS_hybrid,SQuaD-MDS,aji_20,0.019,TI,muscle,dr1,25,trajectory,other
SQuaD-MDS,SQuaD_MDS,SQuaD-MDS,aji_30,0.016,TI,muscle,dr1,25,trajectory,other
SQuaD-MDS hybrid,SQuaD_MDS_hybrid,SQuaD-MDS,aji_30,0.026,TI,muscle,dr1,25,trajectory,other
SQuaD-MDS,SQuaD_MDS,SQuaD-MDS,nkr_10,0.011,TI,muscle,dr1,25,trajectory,other
SQuaD-MDS hybrid,SQuaD_MDS_hybrid,SQuaD-MDS,nkr_10,0.049,TI,muscle,dr1,25,trajectory,other
SQuaD-MDS,SQuaD_MDS,SQuaD-MDS,nkr_20,0.02,TI,muscle,dr1,25,trajectory,other
SQuaD-MDS hybrid,SQuaD_MDS_hybrid,SQuaD-MDS,nkr_20,0.053,TI,muscle,dr1,25,trajectory,other
SQuaD-MDS,SQuaD_MDS,SQuaD-MDS,nkr_30,0.029,TI,muscle,dr1,25,trajectory,other
SQuaD-MDS hybrid,SQuaD_MDS_hybrid,SQuaD-MDS,nkr_30,0.062,TI,muscle,dr1,25,trajectory,other
SQuaD-MDS,SQuaD_MDS,SQuaD-MDS,Mrre_missing_10,0.774,TI,neuron,dr3,25,trajectory,other
SQuaD-MDS hybrid,SQuaD_MDS_hybrid,SQuaD-MDS,Mrre_missing_10,0.826,TI,neuron,dr3,25,trajectory,other
SQuaD-MDS,SQuaD_MDS,SQuaD-MDS,Mrre_missing_20,0.772,TI,neuron,dr3,25,trajectory,other
SQuaD-MDS hybrid,SQuaD_MDS_hybrid,SQuaD-MDS,Mrre_missing_20,0.808,TI,neuron,dr3,25,trajectory,other
SQuaD-MDS,SQuaD_MDS,SQuaD-MDS,Mrre_missing_30,0.771,TI,neuron,dr3,25,trajectory,other
SQuaD-MDS hybrid,SQuaD_MDS_hybrid,SQuaD-MDS,Mrre_missing_30,0.8,TI,neuron,dr3,25,trajectory,other
SQuaD-MDS,SQuaD_MDS,SQuaD-MDS,aji_10,0.004,TI,neuron,dr1,25,trajectory,other
SQuaD-MDS hybrid,SQuaD_MDS_hybrid,SQuaD-MDS,aji_10,0.015,TI,neuron,dr1,25,trajectory,other
SQuaD-MDS,SQuaD_MDS,SQuaD-MDS,aji_20,0.008,TI,neuron,dr1,25,trajectory,other
SQuaD-MDS hybrid,SQuaD_MDS_hybrid,SQuaD-MDS,aji_20,0.018,TI,neuron,dr1,25,trajectory,other
SQuaD-MDS,SQuaD_MDS,SQuaD-MDS,aji_30,0.012,TI,neuron,dr1,25,trajectory,other
SQuaD-MDS hybrid,SQuaD_MDS_hybrid,SQuaD-MDS,aji_30,0.022,TI,neuron,dr1,25,trajectory,other
SQuaD-MDS,SQuaD_MDS,SQuaD-MDS,nkr_10,0.007,TI,neuron,dr1,25,trajectory,other
SQuaD-MDS hybrid,SQuaD_MDS_hybrid,SQuaD-MDS,nkr_10,0.05,TI,neuron,dr1,25,trajectory,other
SQuaD-MDS,SQuaD_MDS,SQuaD-MDS,nkr_20,0.014,TI,neuron,dr1,25,trajectory,other
SQuaD-MDS hybrid,SQuaD_MDS_hybrid,SQuaD-MDS,nkr_20,0.05,TI,neuron,dr1,25,trajectory,other
SQuaD-MDS,SQuaD_MDS,SQuaD-MDS,nkr_30,0.021,TI,neuron,dr1,25,trajectory,other
SQuaD-MDS hybrid,SQuaD_MDS_hybrid,SQuaD-MDS,nkr_30,0.053,TI,neuron,dr1,25,trajectory,other
SQuaD-MDS,SQuaD_MDS,SQuaD-MDS,Mrre_missing_10,0.805,TI,pair-1,dr3,25,trajectory,other
SQuaD-MDS hybrid,SQuaD_MDS_hybrid,SQuaD-MDS,Mrre_missing_10,0.917,TI,pair-1,dr3,25,trajectory,other
SQuaD-MDS,SQuaD_MDS,SQuaD-MDS,Mrre_missing_20,0.804,TI,pair-1,dr3,25,trajectory,other
SQuaD-MDS hybrid,SQuaD_MDS_hybrid,SQuaD-MDS,Mrre_missing_20,0.906,TI,pair-1,dr3,25,trajectory,other
SQuaD-MDS,SQuaD_MDS,SQuaD-MDS,Mrre_missing_30,0.804,TI,pair-1,dr3,25,trajectory,other
SQuaD-MDS hybrid,SQuaD_MDS_hybrid,SQuaD-MDS,Mrre_missing_30,0.899,TI,pair-1,dr3,25,trajectory,other
SQuaD-MDS,SQuaD_MDS,SQuaD-MDS,aji_10,0.001,TI,pair-1,dr1,25,trajectory,other
SQuaD-MDS hybrid,SQuaD_MDS_hybrid,SQuaD-MDS,aji_10,0.01,TI,pair-1,dr1,25,trajectory,other
SQuaD-MDS,SQuaD_MDS,SQuaD-MDS,aji_20,0.002,TI,pair-1,dr1,25,trajectory,other
SQuaD-MDS hybrid,SQuaD_MDS_hybrid,SQuaD-MDS,aji_20,0.014,TI,pair-1,dr1,25,trajectory,other
SQuaD-MDS,SQuaD_MDS,SQuaD-MDS,aji_30,0.003,TI,pair-1,dr1,25,trajectory,other
SQuaD-MDS hybrid,SQuaD_MDS_hybrid,SQuaD-MDS,aji_30,0.018,TI,pair-1,dr1,25,trajectory,other
SQuaD-MDS,SQuaD_MDS,SQuaD-MDS,nkr_10,0.002,TI,pair-1,dr1,25,trajectory,other
SQuaD-MDS hybrid,SQuaD_MDS_hybrid,SQuaD-MDS,nkr_10,0.043,TI,pair-1,dr1,25,trajectory,other
SQuaD-MDS,SQuaD_MDS,SQuaD-MDS,nkr_20,0.004,TI,pair-1,dr1,25,trajectory,other
SQuaD-MDS hybrid,SQuaD_MDS_hybrid,SQuaD-MDS,nkr_20,0.043,TI,pair-1,dr1,25,trajectory,other
SQuaD-MDS,SQuaD_MDS,SQuaD-MDS,nkr_30,0.006,TI,pair-1,dr1,25,trajectory,other
SQuaD-MDS hybrid,SQuaD_MDS_hybrid,SQuaD-MDS,nkr_30,0.047,TI,pair-1,dr1,25,trajectory,other
SQuaD-MDS,SQuaD_MDS,SQuaD-MDS,Mrre_missing_10,0.793,TI,pair-2,dr3,25,trajectory,other
SQuaD-MDS hybrid,SQuaD_MDS_hybrid,SQuaD-MDS,Mrre_missing_10,0.89,TI,pair-2,dr3,25,trajectory,other
SQuaD-MDS,SQuaD_MDS,SQuaD-MDS,Mrre_missing_20,0.791,TI,pair-2,dr3,25,trajectory,other
SQuaD-MDS hybrid,SQuaD_MDS_hybrid,SQuaD-MDS,Mrre_missing_20,0.876,TI,pair-2,dr3,25,trajectory,other
SQuaD-MDS,SQuaD_MDS,SQuaD-MDS,Mrre_missing_30,0.79,TI,pair-2,dr3,25,trajectory,other
SQuaD-MDS hybrid,SQuaD_MDS_hybrid,SQuaD-MDS,Mrre_missing_30,0.868,TI,pair-2,dr3,25,trajectory,other
SQuaD-MDS,SQuaD_MDS,SQuaD-MDS,aji_10,0.001,TI,pair-2,dr1,25,trajectory,other
SQuaD-MDS hybrid,SQuaD_MDS_hybrid,SQuaD-MDS,aji_10,0.007,TI,pair-2,dr1,25,trajectory,other
SQuaD-MDS,SQuaD_MDS,SQuaD-MDS,aji_20,0.002,TI,pair-2,dr1,25,trajectory,other
SQuaD-MDS hybrid,SQuaD_MDS_hybrid,SQuaD-MDS,aji_20,0.011,TI,pair-2,dr1,25,trajectory,other
SQuaD-MDS,SQuaD_MDS,SQuaD-MDS,aji_30,0.003,TI,pair-2,dr1,25,trajectory,other
SQuaD-MDS hybrid,SQuaD_MDS_hybrid,SQuaD-MDS,aji_30,0.014,TI,pair-2,dr1,25,trajectory,other
SQuaD-MDS,SQuaD_MDS,SQuaD-MDS,nkr_10,0.002,TI,pair-2,dr1,25,trajectory,other
SQuaD-MDS hybrid,SQuaD_MDS_hybrid,SQuaD-MDS,nkr_10,0.035,TI,pair-2,dr1,25,trajectory,other
SQuaD-MDS,SQuaD_MDS,SQuaD-MDS,nkr_20,0.003,TI,pair-2,dr1,25,trajectory,other
SQuaD-MDS hybrid,SQuaD_MDS_hybrid,SQuaD-MDS,nkr_20,0.035,TI,pair-2,dr1,25,trajectory,other
SQuaD-MDS,SQuaD_MDS,SQuaD-MDS,nkr_30,0.005,TI,pair-2,dr1,25,trajectory,other
SQuaD-MDS hybrid,SQuaD_MDS_hybrid,SQuaD-MDS,nkr_30,0.038,TI,pair-2,dr1,25,trajectory,other
SQuaD-MDS,SQuaD_MDS,SQuaD-MDS,Mrre_missing_10,0.793,TI,pair-3,dr3,25,trajectory,other
SQuaD-MDS hybrid,SQuaD_MDS_hybrid,SQuaD-MDS,Mrre_missing_10,0.883,TI,pair-3,dr3,25,trajectory,other
SQuaD-MDS,SQuaD_MDS,SQuaD-MDS,Mrre_missing_20,0.791,TI,pair-3,dr3,25,trajectory,other
SQuaD-MDS hybrid,SQuaD_MDS_hybrid,SQuaD-MDS,Mrre_missing_20,0.868,TI,pair-3,dr3,25,trajectory,other
SQuaD-MDS,SQuaD_MDS,SQuaD-MDS,Mrre_missing_30,0.789,TI,pair-3,dr3,25,trajectory,other
SQuaD-MDS hybrid,SQuaD_MDS_hybrid,SQuaD-MDS,Mrre_missing_30,0.859,TI,pair-3,dr3,25,trajectory,other
SQuaD-MDS,SQuaD_MDS,SQuaD-MDS,aji_10,0.001,TI,pair-3,dr1,25,trajectory,other
SQuaD-MDS hybrid,SQuaD_MDS_hybrid,SQuaD-MDS,aji_10,0.009,TI,pair-3,dr1,25,trajectory,other
SQuaD-MDS,SQuaD_MDS,SQuaD-MDS,aji_20,0.002,TI,pair-3,dr1,25,trajectory,other
SQuaD-MDS hybrid,SQuaD_MDS_hybrid,SQuaD-MDS,aji_20,0.012,TI,pair-3,dr1,25,trajectory,other
SQuaD-MDS,SQuaD_MDS,SQuaD-MDS,aji_30,0.003,TI,pair-3,dr1,25,trajectory,other
SQuaD-MDS hybrid,SQuaD_MDS_hybrid,SQuaD-MDS,aji_30,0.016,TI,pair-3,dr1,25,trajectory,other
SQuaD-MDS,SQuaD_MDS,SQuaD-MDS,nkr_10,0.002,TI,pair-3,dr1,25,trajectory,other
SQuaD-MDS hybrid,SQuaD_MDS_hybrid,SQuaD-MDS,nkr_10,0.04,TI,pair-3,dr1,25,trajectory,other
SQuaD-MDS,SQuaD_MDS,SQuaD-MDS,nkr_20,0.004,TI,pair-3,dr1,25,trajectory,other
SQuaD-MDS hybrid,SQuaD_MDS_hybrid,SQuaD-MDS,nkr_20,0.039,TI,pair-3,dr1,25,trajectory,other
SQuaD-MDS,SQuaD_MDS,SQuaD-MDS,nkr_30,0.006,TI,pair-3,dr1,25,trajectory,other
SQuaD-MDS hybrid,SQuaD_MDS_hybrid,SQuaD-MDS,nkr_30,0.041,TI,pair-3,dr1,25,trajectory,other
SQuaD-MDS,SQuaD_MDS,SQuaD-MDS,Mrre_missing_10,0.776,TI,pair-4,dr3,25,trajectory,other
SQuaD-MDS hybrid,SQuaD_MDS_hybrid,SQuaD-MDS,Mrre_missing_10,0.868,TI,pair-4,dr3,25,trajectory,other
SQuaD-MDS,SQuaD_MDS,SQuaD-MDS,Mrre_missing_20,0.775,TI,pair-4,dr3,25,trajectory,other
SQuaD-MDS hybrid,SQuaD_MDS_hybrid,SQuaD-MDS,Mrre_missing_20,0.853,TI,pair-4,dr3,25,trajectory,other
SQuaD-MDS,SQuaD_MDS,SQuaD-MDS,Mrre_missing_30,0.774,TI,pair-4,dr3,25,trajectory,other
SQuaD-MDS hybrid,SQuaD_MDS_hybrid,SQuaD-MDS,Mrre_missing_30,0.844,TI,pair-4,dr3,25,trajectory,other
SQuaD-MDS,SQuaD_MDS,SQuaD-MDS,aji_10,0.001,TI,pair-4,dr1,25,trajectory,other
SQuaD-MDS hybrid,SQuaD_MDS_hybrid,SQuaD-MDS,aji_10,0.007,TI,pair-4,dr1,25,trajectory,other
SQuaD-MDS,SQuaD_MDS,SQuaD-MDS,aji_20,0.002,TI,pair-4,dr1,25,trajectory,other
SQuaD-MDS hybrid,SQuaD_MDS_hybrid,SQuaD-MDS,aji_20,0.009,TI,pair-4,dr1,25,trajectory,other
SQuaD-MDS,SQuaD_MDS,SQuaD-MDS,aji_30,0.003,TI,pair-4,dr1,25,trajectory,other
SQuaD-MDS hybrid,SQuaD_MDS_hybrid,SQuaD-MDS,aji_30,0.011,TI,pair-4,dr1,25,trajectory,other
SQuaD-MDS,SQuaD_MDS,SQuaD-MDS,nkr_10,0.002,TI,pair-4,dr1,25,trajectory,other
SQuaD-MDS hybrid,SQuaD_MDS_hybrid,SQuaD-MDS,nkr_10,0.034,TI,pair-4,dr1,25,trajectory,other
SQuaD-MDS,SQuaD_MDS,SQuaD-MDS,nkr_20,0.004,TI,pair-4,dr1,25,trajectory,other
SQuaD-MDS hybrid,SQuaD_MDS_hybrid,SQuaD-MDS,nkr_20,0.032,TI,pair-4,dr1,25,trajectory,other
SQuaD-MDS,SQuaD_MDS,SQuaD-MDS,nkr_30,0.006,TI,pair-4,dr1,25,trajectory,other
SQuaD-MDS hybrid,SQuaD_MDS_hybrid,SQuaD-MDS,nkr_30,0.032,TI,pair-4,dr1,25,trajectory,other
SQuaD-MDS,SQuaD_MDS,SQuaD-MDS,Mrre_missing_10,0.822,TI,parenchyme,dr3,25,trajectory,other
SQuaD-MDS hybrid,SQuaD_MDS_hybrid,SQuaD-MDS,Mrre_missing_10,0.903,TI,parenchyme,dr3,25,trajectory,other
SQuaD-MDS,SQuaD_MDS,SQuaD-MDS,Mrre_missing_20,0.821,TI,parenchyme,dr3,25,trajectory,other
SQuaD-MDS hybrid,SQuaD_MDS_hybrid,SQuaD-MDS,Mrre_missing_20,0.889,TI,parenchyme,dr3,25,trajectory,other
SQuaD-MDS,SQuaD_MDS,SQuaD-MDS,Mrre_missing_30,0.82,TI,parenchyme,dr3,25,trajectory,other
SQuaD-MDS hybrid,SQuaD_MDS_hybrid,SQuaD-MDS,Mrre_missing_30,0.881,TI,parenchyme,dr3,25,trajectory,other
SQuaD-MDS,SQuaD_MDS,SQuaD-MDS,aji_10,0.007,TI,parenchyme,dr1,25,trajectory,other
SQuaD-MDS hybrid,SQuaD_MDS_hybrid,SQuaD-MDS,aji_10,0.02,TI,parenchyme,dr1,25,trajectory,other
SQuaD-MDS,SQuaD_MDS,SQuaD-MDS,aji_20,0.016,TI,parenchyme,dr1,25,trajectory,other
SQuaD-MDS hybrid,SQuaD_MDS_hybrid,SQuaD-MDS,aji_20,0.032,TI,parenchyme,dr1,25,trajectory,other
SQuaD-MDS,SQuaD_MDS,SQuaD-MDS,aji_30,0.024,TI,parenchyme,dr1,25,trajectory,other
SQuaD-MDS hybrid,SQuaD_MDS_hybrid,SQuaD-MDS,aji_30,0.044,TI,parenchyme,dr1,25,trajectory,other
SQuaD-MDS,SQuaD_MDS,SQuaD-MDS,nkr_10,0.014,TI,parenchyme,dr1,25,trajectory,other
SQuaD-MDS hybrid,SQuaD_MDS_hybrid,SQuaD-MDS,nkr_10,0.072,TI,parenchyme,dr1,25,trajectory,other
SQuaD-MDS,SQuaD_MDS,SQuaD-MDS,nkr_20,0.028,TI,parenchyme,dr1,25,trajectory,other
SQuaD-MDS hybrid,SQuaD_MDS_hybrid,SQuaD-MDS,nkr_20,0.082,TI,parenchyme,dr1,25,trajectory,other
SQuaD-MDS,SQuaD_MDS,SQuaD-MDS,nkr_30,0.041,TI,parenchyme,dr1,25,trajectory,other
SQuaD-MDS hybrid,SQuaD_MDS_hybrid,SQuaD-MDS,nkr_30,0.098,TI,parenchyme,dr1,25,trajectory,other
SQuaD-MDS,SQuaD_MDS,SQuaD-MDS,Mrre_missing_10,0.847,TI,phagocyte,dr3,25,trajectory,other
SQuaD-MDS hybrid,SQuaD_MDS_hybrid,SQuaD-MDS,Mrre_missing_10,0.876,TI,phagocyte,dr3,25,trajectory,other
SQuaD-MDS,SQuaD_MDS,SQuaD-MDS,Mrre_missing_20,0.845,TI,phagocyte,dr3,25,trajectory,other
SQuaD-MDS hybrid,SQuaD_MDS_hybrid,SQuaD-MDS,Mrre_missing_20,0.86,TI,phagocyte,dr3,25,trajectory,other
SQuaD-MDS,SQuaD_MDS,SQuaD-MDS,Mrre_missing_30,0.844,TI,phagocyte,dr3,25,trajectory,other
SQuaD-MDS hybrid,SQuaD_MDS_hybrid,SQuaD-MDS,Mrre_missing_30,0.851,TI,phagocyte,dr3,25,trajectory,other
SQuaD-MDS,SQuaD_MDS,SQuaD-MDS,aji_10,0.027,TI,phagocyte,dr1,25,trajectory,other
SQuaD-MDS hybrid,SQuaD_MDS_hybrid,SQuaD-MDS,aji_10,0.05,TI,phagocyte,dr1,25,trajectory,other
SQuaD-MDS,SQuaD_MDS,SQuaD-MDS,aji_20,0.053,TI,phagocyte,dr1,25,trajectory,other
SQuaD-MDS hybrid,SQuaD_MDS_hybrid,SQuaD-MDS,aji_20,0.077,TI,phagocyte,dr1,25,trajectory,other
SQuaD-MDS,SQuaD_MDS,SQuaD-MDS,aji_30,0.077,TI,phagocyte,dr1,25,trajectory,other
SQuaD-MDS hybrid,SQuaD_MDS_hybrid,SQuaD-MDS,aji_30,0.099,TI,phagocyte,dr1,25,trajectory,other
SQuaD-MDS,SQuaD_MDS,SQuaD-MDS,nkr_10,0.046,TI,phagocyte,dr1,25,trajectory,other
SQuaD-MDS hybrid,SQuaD_MDS_hybrid,SQuaD-MDS,nkr_10,0.132,TI,phagocyte,dr1,25,trajectory,other
SQuaD-MDS,SQuaD_MDS,SQuaD-MDS,nkr_20,0.09,TI,phagocyte,dr1,25,trajectory,other
SQuaD-MDS hybrid,SQuaD_MDS_hybrid,SQuaD-MDS,nkr_20,0.162,TI,phagocyte,dr1,25,trajectory,other
SQuaD-MDS,SQuaD_MDS,SQuaD-MDS,nkr_30,0.129,TI,phagocyte,dr1,25,trajectory,other
SQuaD-MDS hybrid,SQuaD_MDS_hybrid,SQuaD-MDS,nkr_30,0.192,TI,phagocyte,dr1,25,trajectory,other
SQuaD-MDS,SQuaD_MDS,SQuaD-MDS,Mrre_missing_10,0.825,TI,pharynx,dr3,25,trajectory,other
SQuaD-MDS hybrid,SQuaD_MDS_hybrid,SQuaD-MDS,Mrre_missing_10,0.845,TI,pharynx,dr3,25,trajectory,other
SQuaD-MDS,SQuaD_MDS,SQuaD-MDS,Mrre_missing_20,0.822,TI,pharynx,dr3,25,trajectory,other
SQuaD-MDS hybrid,SQuaD_MDS_hybrid,SQuaD-MDS,Mrre_missing_20,0.829,TI,pharynx,dr3,25,trajectory,other
SQuaD-MDS,SQuaD_MDS,SQuaD-MDS,Mrre_missing_30,0.819,TI,pharynx,dr3,25,trajectory,other
SQuaD-MDS hybrid,SQuaD_MDS_hybrid,SQuaD-MDS,Mrre_missing_30,0.82,TI,pharynx,dr3,25,trajectory,other
SQuaD-MDS,SQuaD_MDS,SQuaD-MDS,aji_10,0.049,TI,pharynx,dr1,25,trajectory,other
SQuaD-MDS hybrid,SQuaD_MDS_hybrid,SQuaD-MDS,aji_10,0.074,TI,pharynx,dr1,25,trajectory,other
SQuaD-MDS,SQuaD_MDS,SQuaD-MDS,aji_20,0.097,TI,pharynx,dr1,25,trajectory,other
SQuaD-MDS hybrid,SQuaD_MDS_hybrid,SQuaD-MDS,aji_20,0.106,TI,pharynx,dr1,25,trajectory,other
SQuaD-MDS,SQuaD_MDS,SQuaD-MDS,aji_30,0.145,TI,pharynx,dr1,25,trajectory,other
SQuaD-MDS hybrid,SQuaD_MDS_hybrid,SQuaD-MDS,aji_30,0.14,TI,pharynx,dr1,25,trajectory,other
SQuaD-MDS,SQuaD_MDS,SQuaD-MDS,nkr_10,0.093,TI,pharynx,dr1,25,trajectory,other
SQuaD-MDS hybrid,SQuaD_MDS_hybrid,SQuaD-MDS,nkr_10,0.172,TI,pharynx,dr1,25,trajectory,other
SQuaD-MDS,SQuaD_MDS,SQuaD-MDS,nkr_20,0.167,TI,pharynx,dr1,25,trajectory,other
SQuaD-MDS hybrid,SQuaD_MDS_hybrid,SQuaD-MDS,nkr_20,0.213,TI,pharynx,dr1,25,trajectory,other
SQuaD-MDS,SQuaD_MDS,SQuaD-MDS,nkr_30,0.237,TI,pharynx,dr1,25,trajectory,other
SQuaD-MDS hybrid,SQuaD_MDS_hybrid,SQuaD-MDS,nkr_30,0.261,TI,pharynx,dr1,25,trajectory,other
SQuaD-MDS,SQuaD_MDS,SQuaD-MDS,Mrre_missing_10,0.87,TI,trophectoderm,dr3,25,trajectory,other
SQuaD-MDS hybrid,SQuaD_MDS_hybrid,SQuaD-MDS,Mrre_missing_10,0.92,TI,trophectoderm,dr3,25,trajectory,other
SQuaD-MDS,SQuaD_MDS,SQuaD-MDS,Mrre_missing_20,0.856,TI,trophectoderm,dr3,25,trajectory,other
SQuaD-MDS hybrid,SQuaD_MDS_hybrid,SQuaD-MDS,Mrre_missing_20,0.901,TI,trophectoderm,dr3,25,trajectory,other
SQuaD-MDS,SQuaD_MDS,SQuaD-MDS,Mrre_missing_30,0.843,TI,trophectoderm,dr3,25,trajectory,other
SQuaD-MDS hybrid,SQuaD_MDS_hybrid,SQuaD-MDS,Mrre_missing_30,0.886,TI,trophectoderm,dr3,25,trajectory,other
SQuaD-MDS,SQuaD_MDS,SQuaD-MDS,aji_10,0.249,TI,trophectoderm,dr1,25,trajectory,other
SQuaD-MDS hybrid,SQuaD_MDS_hybrid,SQuaD-MDS,aji_10,0.322,TI,trophectoderm,dr1,25,trajectory,other
SQuaD-MDS,SQuaD_MDS,SQuaD-MDS,aji_20,0.409,TI,trophectoderm,dr1,25,trajectory,other
SQuaD-MDS hybrid,SQuaD_MDS_hybrid,SQuaD-MDS,aji_20,0.464,TI,trophectoderm,dr1,25,trajectory,other
SQuaD-MDS,SQuaD_MDS,SQuaD-MDS,aji_30,0.524,TI,trophectoderm,dr1,25,trajectory,other
SQuaD-MDS hybrid,SQuaD_MDS_hybrid,SQuaD-MDS,aji_30,0.552,TI,trophectoderm,dr1,25,trajectory,other
SQuaD-MDS,SQuaD_MDS,SQuaD-MDS,nkr_10,0.444,TI,trophectoderm,dr1,25,trajectory,other
SQuaD-MDS hybrid,SQuaD_MDS_hybrid,SQuaD-MDS,nkr_10,0.534,TI,trophectoderm,dr1,25,trajectory,other
SQuaD-MDS,SQuaD_MDS,SQuaD-MDS,nkr_20,0.609,TI,trophectoderm,dr1,25,trajectory,other
SQuaD-MDS hybrid,SQuaD_MDS_hybrid,SQuaD-MDS,nkr_20,0.648,TI,trophectoderm,dr1,25,trajectory,other
SQuaD-MDS,SQuaD_MDS,SQuaD-MDS,nkr_30,0.703,TI,trophectoderm,dr1,25,trajectory,other
SQuaD-MDS hybrid,SQuaD_MDS_hybrid,SQuaD-MDS,nkr_30,0.72,TI,trophectoderm,dr1,25,trajectory,other
SQuaD-MDS,SQuaD_MDS,SQuaD-MDS,Mrre_missing_10,0.931,VASC,Baron,dr3,25,VASC,other
SQuaD-MDS hybrid,SQuaD_MDS_hybrid,SQuaD-MDS,Mrre_missing_10,0.976,VASC,Baron,dr3,25,VASC,other
SQuaD-MDS,SQuaD_MDS,SQuaD-MDS,Mrre_missing_20,0.929,VASC,Baron,dr3,25,VASC,other
SQuaD-MDS hybrid,SQuaD_MDS_hybrid,SQuaD-MDS,Mrre_missing_20,0.972,VASC,Baron,dr3,25,VASC,other
SQuaD-MDS,SQuaD_MDS,SQuaD-MDS,Mrre_missing_30,0.929,VASC,Baron,dr3,25,VASC,other
SQuaD-MDS hybrid,SQuaD_MDS_hybrid,SQuaD-MDS,Mrre_missing_30,0.97,VASC,Baron,dr3,25,VASC,other
SQuaD-MDS,SQuaD_MDS,SQuaD-MDS,aji_10,0.012,VASC,Baron,dr1,25,VASC,other
SQuaD-MDS hybrid,SQuaD_MDS_hybrid,SQuaD-MDS,aji_10,0.071,VASC,Baron,dr1,25,VASC,other
SQuaD-MDS,SQuaD_MDS,SQuaD-MDS,aji_20,0.022,VASC,Baron,dr1,25,VASC,other
SQuaD-MDS hybrid,SQuaD_MDS_hybrid,SQuaD-MDS,aji_20,0.095,VASC,Baron,dr1,25,VASC,other
SQuaD-MDS,SQuaD_MDS,SQuaD-MDS,aji_30,0.031,VASC,Baron,dr1,25,VASC,other
SQuaD-MDS hybrid,SQuaD_MDS_hybrid,SQuaD-MDS,aji_30,0.115,VASC,Baron,dr1,25,VASC,other
SQuaD-MDS,SQuaD_MDS,SQuaD-MDS,nkr_10,0.023,VASC,Baron,dr1,25,VASC,other
SQuaD-MDS hybrid,SQuaD_MDS_hybrid,SQuaD-MDS,nkr_10,0.185,VASC,Baron,dr1,25,VASC,other
SQuaD-MDS,SQuaD_MDS,SQuaD-MDS,nkr_20,0.042,VASC,Baron,dr1,25,VASC,other
SQuaD-MDS hybrid,SQuaD_MDS_hybrid,SQuaD-MDS,nkr_20,0.197,VASC,Baron,dr1,25,VASC,other
SQuaD-MDS,SQuaD_MDS,SQuaD-MDS,nkr_30,0.059,VASC,Baron,dr1,25,VASC,other
SQuaD-MDS hybrid,SQuaD_MDS_hybrid,SQuaD-MDS,nkr_30,0.217,VASC,Baron,dr1,25,VASC,other
SQuaD-MDS,SQuaD_MDS,SQuaD-MDS,Mrre_missing_10,0.904,VASC,Biase,dr3,25,VASC,other
SQuaD-MDS hybrid,SQuaD_MDS_hybrid,SQuaD-MDS,Mrre_missing_10,0.932,VASC,Biase,dr3,25,VASC,other
SQuaD-MDS,SQuaD_MDS,SQuaD-MDS,Mrre_missing_20,0.886,VASC,Biase,dr3,25,VASC,other
SQuaD-MDS hybrid,SQuaD_MDS_hybrid,SQuaD-MDS,Mrre_missing_20,0.901,VASC,Biase,dr3,25,VASC,other
SQuaD-MDS,SQuaD_MDS,SQuaD-MDS,Mrre_missing_30,0.87,VASC,Biase,dr3,25,VASC,other
SQuaD-MDS hybrid,SQuaD_MDS_hybrid,SQuaD-MDS,Mrre_missing_30,0.879,VASC,Biase,dr3,25,VASC,other
SQuaD-MDS,SQuaD_MDS,SQuaD-MDS,aji_10,0.456,VASC,Biase,dr1,25,VASC,other
SQuaD-MDS hybrid,SQuaD_MDS_hybrid,SQuaD-MDS,aji_10,0.434,VASC,Biase,dr1,25,VASC,other
SQuaD-MDS,SQuaD_MDS,SQuaD-MDS,aji_20,0.627,VASC,Biase,dr1,25,VASC,other
SQuaD-MDS hybrid,SQuaD_MDS_hybrid,SQuaD-MDS,aji_20,0.531,VASC,Biase,dr1,25,VASC,other
SQuaD-MDS,SQuaD_MDS,SQuaD-MDS,aji_30,0.738,VASC,Biase,dr1,25,VASC,other
SQuaD-MDS hybrid,SQuaD_MDS_hybrid,SQuaD-MDS,aji_30,0.599,VASC,Biase,dr1,25,VASC,other
SQuaD-MDS,SQuaD_MDS,SQuaD-MDS,nkr_10,0.671,VASC,Biase,dr1,25,VASC,other
SQuaD-MDS hybrid,SQuaD_MDS_hybrid,SQuaD-MDS,nkr_10,0.65,VASC,Biase,dr1,25,VASC,other
SQuaD-MDS,SQuaD_MDS,SQuaD-MDS,nkr_20,0.806,VASC,Biase,dr1,25,VASC,other
SQuaD-MDS hybrid,SQuaD_MDS_hybrid,SQuaD-MDS,nkr_20,0.705,VASC,Biase,dr1,25,VASC,other
SQuaD-MDS,SQuaD_MDS,SQuaD-MDS,nkr_30,0.873,VASC,Biase,dr1,25,VASC,other
SQuaD-MDS hybrid,SQuaD_MDS_hybrid,SQuaD-MDS,nkr_30,0.755,VASC,Biase,dr1,25,VASC,other
SQuaD-MDS,SQuaD_MDS,SQuaD-MDS,Mrre_missing_10,0.92,VASC,Goolam,dr3,25,VASC,other
SQuaD-MDS hybrid,SQuaD_MDS_hybrid,SQuaD-MDS,Mrre_missing_10,0.977,VASC,Goolam,dr3,25,VASC,other
SQuaD-MDS,SQuaD_MDS,SQuaD-MDS,Mrre_missing_20,0.908,VASC,Goolam,dr3,25,VASC,other
SQuaD-MDS hybrid,SQuaD_MDS_hybrid,SQuaD-MDS,Mrre_missing_20,0.965,VASC,Goolam,dr3,25,VASC,other
SQuaD-MDS,SQuaD_MDS,SQuaD-MDS,Mrre_missing_30,0.899,VASC,Goolam,dr3,25,VASC,other
SQuaD-MDS hybrid,SQuaD_MDS_hybrid,SQuaD-MDS,Mrre_missing_30,0.955,VASC,Goolam,dr3,25,VASC,other
SQuaD-MDS,SQuaD_MDS,SQuaD-MDS,aji_10,0.337,VASC,Goolam,dr1,25,VASC,other
SQuaD-MDS hybrid,SQuaD_MDS_hybrid,SQuaD-MDS,aji_10,0.55,VASC,Goolam,dr1,25,VASC,other
SQuaD-MDS,SQuaD_MDS,SQuaD-MDS,aji_20,0.426,VASC,Goolam,dr1,25,VASC,other
SQuaD-MDS hybrid,SQuaD_MDS_hybrid,SQuaD-MDS,aji_20,0.571,VASC,Goolam,dr1,25,VASC,other
SQuaD-MDS,SQuaD_MDS,SQuaD-MDS,aji_30,0.495,VASC,Goolam,dr1,25,VASC,other
SQuaD-MDS hybrid,SQuaD_MDS_hybrid,SQuaD-MDS,aji_30,0.606,VASC,Goolam,dr1,25,VASC,other
SQuaD-MDS,SQuaD_MDS,SQuaD-MDS,nkr_10,0.531,VASC,Goolam,dr1,25,VASC,other
SQuaD-MDS hybrid,SQuaD_MDS_hybrid,SQuaD-MDS,nkr_10,0.709,VASC,Goolam,dr1,25,VASC,other
SQuaD-MDS,SQuaD_MDS,SQuaD-MDS,nkr_20,0.622,VASC,Goolam,dr1,25,VASC,other
SQuaD-MDS hybrid,SQuaD_MDS_hybrid,SQuaD-MDS,nkr_20,0.728,VASC,Goolam,dr1,25,VASC,other
SQuaD-MDS,SQuaD_MDS,SQuaD-MDS,nkr_30,0.676,VASC,Goolam,dr1,25,VASC,other
SQuaD-MDS hybrid,SQuaD_MDS_hybrid,SQuaD-MDS,nkr_30,0.754,VASC,Goolam,dr1,25,VASC,other
SQuaD-MDS,SQuaD_MDS,SQuaD-MDS,Mrre_missing_10,0.803,VASC,Xin,dr3,25,VASC,other
SQuaD-MDS hybrid,SQuaD_MDS_hybrid,SQuaD-MDS,Mrre_missing_10,0.857,VASC,Xin,dr3,25,VASC,other
SQuaD-MDS,SQuaD_MDS,SQuaD-MDS,Mrre_missing_20,0.799,VASC,Xin,dr3,25,VASC,other
SQuaD-MDS hybrid,SQuaD_MDS_hybrid,SQuaD-MDS,Mrre_missing_20,0.842,VASC,Xin,dr3,25,VASC,other
SQuaD-MDS,SQuaD_MDS,SQuaD-MDS,Mrre_missing_30,0.797,VASC,Xin,dr3,25,VASC,other
SQuaD-MDS hybrid,SQuaD_MDS_hybrid,SQuaD-MDS,Mrre_missing_30,0.833,VASC,Xin,dr3,25,VASC,other
SQuaD-MDS,SQuaD_MDS,SQuaD-MDS,aji_10,0.012,VASC,Xin,dr1,25,VASC,other
SQuaD-MDS hybrid,SQuaD_MDS_hybrid,SQuaD-MDS,aji_10,0.038,VASC,Xin,dr1,25,VASC,other
SQuaD-MDS,SQuaD_MDS,SQuaD-MDS,aji_20,0.021,VASC,Xin,dr1,25,VASC,other
SQuaD-MDS hybrid,SQuaD_MDS_hybrid,SQuaD-MDS,aji_20,0.051,VASC,Xin,dr1,25,VASC,other
SQuaD-MDS,SQuaD_MDS,SQuaD-MDS,aji_30,0.029,VASC,Xin,dr1,25,VASC,other
SQuaD-MDS hybrid,SQuaD_MDS_hybrid,SQuaD-MDS,aji_30,0.06,VASC,Xin,dr1,25,VASC,other
SQuaD-MDS,SQuaD_MDS,SQuaD-MDS,nkr_10,0.021,VASC,Xin,dr1,25,VASC,other
SQuaD-MDS hybrid,SQuaD_MDS_hybrid,SQuaD-MDS,nkr_10,0.127,VASC,Xin,dr1,25,VASC,other
SQuaD-MDS,SQuaD_MDS,SQuaD-MDS,nkr_20,0.038,VASC,Xin,dr1,25,VASC,other
SQuaD-MDS hybrid,SQuaD_MDS_hybrid,SQuaD-MDS,nkr_20,0.122,VASC,Xin,dr1,25,VASC,other
SQuaD-MDS,SQuaD_MDS,SQuaD-MDS,nkr_30,0.054,VASC,Xin,dr1,25,VASC,other
SQuaD-MDS hybrid,SQuaD_MDS_hybrid,SQuaD-MDS,nkr_30,0.127,VASC,Xin,dr1,25,VASC,other
SQuaD-MDS,SQuaD_MDS,SQuaD-MDS,Mrre_missing_10,0.897,VASC,Zeisel,dr3,25,VASC,other
SQuaD-MDS hybrid,SQuaD_MDS_hybrid,SQuaD-MDS,Mrre_missing_10,0.961,VASC,Zeisel,dr3,25,VASC,other
SQuaD-MDS,SQuaD_MDS,SQuaD-MDS,Mrre_missing_20,0.895,VASC,Zeisel,dr3,25,VASC,other
SQuaD-MDS hybrid,SQuaD_MDS_hybrid,SQuaD-MDS,Mrre_missing_20,0.955,VASC,Zeisel,dr3,25,VASC,other
SQuaD-MDS,SQuaD_MDS,SQuaD-MDS,Mrre_missing_30,0.893,VASC,Zeisel,dr3,25,VASC,other
SQuaD-MDS hybrid,SQuaD_MDS_hybrid,SQuaD-MDS,Mrre_missing_30,0.951,VASC,Zeisel,dr3,25,VASC,other
SQuaD-MDS,SQuaD_MDS,SQuaD-MDS,aji_10,0.018,VASC,Zeisel,dr1,25,VASC,other
SQuaD-MDS hybrid,SQuaD_MDS_hybrid,SQuaD-MDS,aji_10,0.106,VASC,Zeisel,dr1,25,VASC,other
SQuaD-MDS,SQuaD_MDS,SQuaD-MDS,aji_20,0.034,VASC,Zeisel,dr1,25,VASC,other
SQuaD-MDS hybrid,SQuaD_MDS_hybrid,SQuaD-MDS,aji_20,0.139,VASC,Zeisel,dr1,25,VASC,other
SQuaD-MDS,SQuaD_MDS,SQuaD-MDS,aji_30,0.046,VASC,Zeisel,dr1,25,VASC,other
SQuaD-MDS hybrid,SQuaD_MDS_hybrid,SQuaD-MDS,aji_30,0.159,VASC,Zeisel,dr1,25,VASC,other
SQuaD-MDS,SQuaD_MDS,SQuaD-MDS,nkr_10,0.035,VASC,Zeisel,dr1,25,VASC,other
SQuaD-MDS hybrid,SQuaD_MDS_hybrid,SQuaD-MDS,nkr_10,0.232,VASC,Zeisel,dr1,25,VASC,other
SQuaD-MDS,SQuaD_MDS,SQuaD-MDS,nkr_20,0.062,VASC,Zeisel,dr1,25,VASC,other
SQuaD-MDS hybrid,SQuaD_MDS_hybrid,SQuaD-MDS,nkr_20,0.258,VASC,Zeisel,dr1,25,VASC,other
SQuaD-MDS,SQuaD_MDS,SQuaD-MDS,nkr_30,0.084,VASC,Zeisel,dr1,25,VASC,other
SQuaD-MDS hybrid,SQuaD_MDS_hybrid,SQuaD-MDS,nkr_30,0.28,VASC,Zeisel,dr1,25,VASC,other
SQuaD-MDS,SQuaD_MDS,SQuaD-MDS,Mrre_missing_10,0.935,VASC,yan,dr3,25,VASC,other
SQuaD-MDS hybrid,SQuaD_MDS_hybrid,SQuaD-MDS,Mrre_missing_10,0.968,VASC,yan,dr3,25,VASC,other
SQuaD-MDS,SQuaD_MDS,SQuaD-MDS,Mrre_missing_20,0.928,VASC,yan,dr3,25,VASC,other
SQuaD-MDS hybrid,SQuaD_MDS_hybrid,SQuaD-MDS,Mrre_missing_20,0.959,VASC,yan,dr3,25,VASC,other
SQuaD-MDS,SQuaD_MDS,SQuaD-MDS,Mrre_missing_30,0.923,VASC,yan,dr3,25,VASC,other
SQuaD-MDS hybrid,SQuaD_MDS_hybrid,SQuaD-MDS,Mrre_missing_30,0.952,VASC,yan,dr3,25,VASC,other
SQuaD-MDS,SQuaD_MDS,SQuaD-MDS,aji_10,0.489,VASC,yan,dr1,25,VASC,other
SQuaD-MDS hybrid,SQuaD_MDS_hybrid,SQuaD-MDS,aji_10,0.519,VASC,yan,dr1,25,VASC,other
SQuaD-MDS,SQuaD_MDS,SQuaD-MDS,aji_20,0.657,VASC,yan,dr1,25,VASC,other
SQuaD-MDS hybrid,SQuaD_MDS_hybrid,SQuaD-MDS,aji_20,0.711,VASC,yan,dr1,25,VASC,other
SQuaD-MDS,SQuaD_MDS,SQuaD-MDS,aji_30,0.75,VASC,yan,dr1,25,VASC,other
SQuaD-MDS hybrid,SQuaD_MDS_hybrid,SQuaD-MDS,aji_30,0.764,VASC,yan,dr1,25,VASC,other
SQuaD-MDS,SQuaD_MDS,SQuaD-MDS,nkr_10,0.68,VASC,yan,dr1,25,VASC,other
SQuaD-MDS hybrid,SQuaD_MDS_hybrid,SQuaD-MDS,nkr_10,0.696,VASC,yan,dr1,25,VASC,other
SQuaD-MDS,SQuaD_MDS,SQuaD-MDS,nkr_20,0.824,VASC,yan,dr1,25,VASC,other
SQuaD-MDS hybrid,SQuaD_MDS_hybrid,SQuaD-MDS,nkr_20,0.836,VASC,yan,dr1,25,VASC,other
SQuaD-MDS,SQuaD_MDS,SQuaD-MDS,nkr_30,0.873,VASC,yan,dr1,25,VASC,other
SQuaD-MDS hybrid,SQuaD_MDS_hybrid,SQuaD-MDS,nkr_30,0.884,VASC,yan,dr1,25,VASC,other
SQuaD-MDS,SQuaD_MDS,SQuaD-MDS,Mrre_missing_10,0.869,benchmarker,Baron_mouse,dr3,25,curated,other
SQuaD-MDS hybrid,SQuaD_MDS_hybrid,SQuaD-MDS,Mrre_missing_10,0.945,benchmarker,Baron_mouse,dr3,25,curated,other
SQuaD-MDS,SQuaD_MDS,SQuaD-MDS,Mrre_missing_20,0.866,benchmarker,Baron_mouse,dr3,25,curated,other
SQuaD-MDS hybrid,SQuaD_MDS_hybrid,SQuaD-MDS,Mrre_missing_20,0.936,benchmarker,Baron_mouse,dr3,25,curated,other
SQuaD-MDS,SQuaD_MDS,SQuaD-MDS,Mrre_missing_30,0.864,benchmarker,Baron_mouse,dr3,25,curated,other
SQuaD-MDS hybrid,SQuaD_MDS_hybrid,SQuaD-MDS,Mrre_missing_30,0.932,benchmarker,Baron_mouse,dr3,25,curated,other
SQuaD-MDS,SQuaD_MDS,SQuaD-MDS,aji_10,0.026,benchmarker,Baron_mouse,dr1,25,curated,other
SQuaD-MDS hybrid,SQuaD_MDS_hybrid,SQuaD-MDS,aji_10,0.081,benchmarker,Baron_mouse,dr1,25,curated,other
SQuaD-MDS,SQuaD_MDS,SQuaD-MDS,aji_20,0.046,benchmarker,Baron_mouse,dr1,25,curated,other
SQuaD-MDS hybrid,SQuaD_MDS_hybrid,SQuaD-MDS,aji_20,0.116,benchmarker,Baron_mouse,dr1,25,curated,other
SQuaD-MDS,SQuaD_MDS,SQuaD-MDS,aji_30,0.066,benchmarker,Baron_mouse,dr1,25,curated,other
SQuaD-MDS hybrid,SQuaD_MDS_hybrid,SQuaD-MDS,aji_30,0.148,benchmarker,Baron_mouse,dr1,25,curated,other
SQuaD-MDS,SQuaD_MDS,SQuaD-MDS,nkr_10,0.048,benchmarker,Baron_mouse,dr1,25,curated,other
SQuaD-MDS hybrid,SQuaD_MDS_hybrid,SQuaD-MDS,nkr_10,0.189,benchmarker,Baron_mouse,dr1,25,curated,other
SQuaD-MDS,SQuaD_MDS,SQuaD-MDS,nkr_20,0.083,benchmarker,Baron_mouse,dr1,25,curated,other
SQuaD-MDS hybrid,SQuaD_MDS_hybrid,SQuaD-MDS,nkr_20,0.221,benchmarker,Baron_mouse,dr1,25,curated,other
SQuaD-MDS,SQuaD_MDS,SQuaD-MDS,nkr_30,0.114,benchmarker,Baron_mouse,dr1,25,curated,other
SQuaD-MDS hybrid,SQuaD_MDS_hybrid,SQuaD-MDS,nkr_30,0.255,benchmarker,Baron_mouse,dr1,25,curated,other
SQuaD-MDS,SQuaD_MDS,SQuaD-MDS,Mrre_missing_10,0.875,benchmarker,Darmanis,dr3,25,curated,other
SQuaD-MDS hybrid,SQuaD_MDS_hybrid,SQuaD-MDS,Mrre_missing_10,0.939,benchmarker,Darmanis,dr3,25,curated,other
SQuaD-MDS,SQuaD_MDS,SQuaD-MDS,Mrre_missing_20,0.87,benchmarker,Darmanis,dr3,25,curated,other
SQuaD-MDS hybrid,SQuaD_MDS_hybrid,SQuaD-MDS,Mrre_missing_20,0.929,benchmarker,Darmanis,dr3,25,curated,other
SQuaD-MDS,SQuaD_MDS,SQuaD-MDS,Mrre_missing_30,0.867,benchmarker,Darmanis,dr3,25,curated,other
SQuaD-MDS hybrid,SQuaD_MDS_hybrid,SQuaD-MDS,Mrre_missing_30,0.922,benchmarker,Darmanis,dr3,25,curated,other
SQuaD-MDS,SQuaD_MDS,SQuaD-MDS,aji_10,0.093,benchmarker,Darmanis,dr1,25,curated,other
SQuaD-MDS hybrid,SQuaD_MDS_hybrid,SQuaD-MDS,aji_10,0.191,benchmarker,Darmanis,dr1,25,curated,other
SQuaD-MDS,SQuaD_MDS,SQuaD-MDS,aji_20,0.162,benchmarker,Darmanis,dr1,25,curated,other
SQuaD-MDS hybrid,SQuaD_MDS_hybrid,SQuaD-MDS,aji_20,0.249,benchmarker,Darmanis,dr1,25,curated,other
SQuaD-MDS,SQuaD_MDS,SQuaD-MDS,aji_30,0.217,benchmarker,Darmanis,dr1,25,curated,other
SQuaD-MDS hybrid,SQuaD_MDS_hybrid,SQuaD-MDS,aji_30,0.309,benchmarker,Darmanis,dr1,25,curated,other
SQuaD-MDS,SQuaD_MDS,SQuaD-MDS,nkr_10,0.168,benchmarker,Darmanis,dr1,25,curated,other
SQuaD-MDS hybrid,SQuaD_MDS_hybrid,SQuaD-MDS,nkr_10,0.346,benchmarker,Darmanis,dr1,25,curated,other
SQuaD-MDS,SQuaD_MDS,SQuaD-MDS,nkr_20,0.273,benchmarker,Darmanis,dr1,25,curated,other
SQuaD-MDS hybrid,SQuaD_MDS_hybrid,SQuaD-MDS,nkr_20,0.405,benchmarker,Darmanis,dr1,25,curated,other
SQuaD-MDS,SQuaD_MDS,SQuaD-MDS,nkr_30,0.344,benchmarker,Darmanis,dr1,25,curated,other
SQuaD-MDS hybrid,SQuaD_MDS_hybrid,SQuaD-MDS,nkr_30,0.467,benchmarker,Darmanis,dr1,25,curated,other
SQuaD-MDS,SQuaD_MDS,SQuaD-MDS,Mrre_missing_10,0.839,benchmarker,Pancreatic,dr3,25,curated,other
SQuaD-MDS hybrid,SQuaD_MDS_hybrid,SQuaD-MDS,Mrre_missing_10,0.851,benchmarker,Pancreatic,dr3,25,curated,other
SQuaD-MDS,SQuaD_MDS,SQuaD-MDS,Mrre_missing_20,0.819,benchmarker,Pancreatic,dr3,25,curated,other
SQuaD-MDS hybrid,SQuaD_MDS_hybrid,SQuaD-MDS,Mrre_missing_20,0.82,benchmarker,Pancreatic,dr3,25,curated,other
SQuaD-MDS,SQuaD_MDS,SQuaD-MDS,Mrre_missing_30,0.8,benchmarker,Pancreatic,dr3,25,curated,other
SQuaD-MDS hybrid,SQuaD_MDS_hybrid,SQuaD-MDS,Mrre_missing_30,0.797,benchmarker,Pancreatic,dr3,25,curated,other
SQuaD-MDS,SQuaD_MDS,SQuaD-MDS,aji_10,0.27,benchmarker,Pancreatic,dr1,25,curated,other
SQuaD-MDS hybrid,SQuaD_MDS_hybrid,SQuaD-MDS,aji_10,0.313,benchmarker,Pancreatic,dr1,25,curated,other
SQuaD-MDS,SQuaD_MDS,SQuaD-MDS,aji_20,0.449,benchmarker,Pancreatic,dr1,25,curated,other
SQuaD-MDS hybrid,SQuaD_MDS_hybrid,SQuaD-MDS,aji_20,0.395,benchmarker,Pancreatic,dr1,25,curated,other
SQuaD-MDS,SQuaD_MDS,SQuaD-MDS,aji_30,0.611,benchmarker,Pancreatic,dr1,25,curated,other
SQuaD-MDS hybrid,SQuaD_MDS_hybrid,SQuaD-MDS,aji_30,0.559,benchmarker,Pancreatic,dr1,25,curated,other
SQuaD-MDS,SQuaD_MDS,SQuaD-MDS,nkr_10,0.468,benchmarker,Pancreatic,dr1,25,curated,other
SQuaD-MDS hybrid,SQuaD_MDS_hybrid,SQuaD-MDS,nkr_10,0.498,benchmarker,Pancreatic,dr1,25,curated,other
SQuaD-MDS,SQuaD_MDS,SQuaD-MDS,nkr_20,0.646,benchmarker,Pancreatic,dr1,25,curated,other
SQuaD-MDS hybrid,SQuaD_MDS_hybrid,SQuaD-MDS,nkr_20,0.572,benchmarker,Pancreatic,dr1,25,curated,other
SQuaD-MDS,SQuaD_MDS,SQuaD-MDS,nkr_30,0.777,benchmarker,Pancreatic,dr1,25,curated,other
SQuaD-MDS hybrid,SQuaD_MDS_hybrid,SQuaD-MDS,nkr_30,0.717,benchmarker,Pancreatic,dr1,25,curated,other
SQuaD-MDS,SQuaD_MDS,SQuaD-MDS,Mrre_missing_10,0.851,benchmarker,Silver,dr3,25,curated,other
SQuaD-MDS hybrid,SQuaD_MDS_hybrid,SQuaD-MDS,Mrre_missing_10,0.909,benchmarker,Silver,dr3,25,curated,other
SQuaD-MDS,SQuaD_MDS,SQuaD-MDS,Mrre_missing_20,0.85,benchmarker,Silver,dr3,25,curated,other
SQuaD-MDS hybrid,SQuaD_MDS_hybrid,SQuaD-MDS,Mrre_missing_20,0.902,benchmarker,Silver,dr3,25,curated,other
SQuaD-MDS,SQuaD_MDS,SQuaD-MDS,Mrre_missing_30,0.85,benchmarker,Silver,dr3,25,curated,other
SQuaD-MDS hybrid,SQuaD_MDS_hybrid,SQuaD-MDS,Mrre_missing_30,0.898,benchmarker,Silver,dr3,25,curated,other
SQuaD-MDS,SQuaD_MDS,SQuaD-MDS,aji_10,0.01,benchmarker,Silver,dr1,25,curated,other
SQuaD-MDS hybrid,SQuaD_MDS_hybrid,SQuaD-MDS,aji_10,0.028,benchmarker,Silver,dr1,25,curated,other
SQuaD-MDS,SQuaD_MDS,SQuaD-MDS,aji_20,0.019,benchmarker,Silver,dr1,25,curated,other
SQuaD-MDS hybrid,SQuaD_MDS_hybrid,SQuaD-MDS,aji_20,0.043,benchmarker,Silver,dr1,25,curated,other
SQuaD-MDS,SQuaD_MDS,SQuaD-MDS,aji_30,0.027,benchmarker,Silver,dr1,25,curated,other
SQuaD-MDS hybrid,SQuaD_MDS_hybrid,SQuaD-MDS,aji_30,0.057,benchmarker,Silver,dr1,25,curated,other
SQuaD-MDS,SQuaD_MDS,SQuaD-MDS,nkr_10,0.019,benchmarker,Silver,dr1,25,curated,other
SQuaD-MDS hybrid,SQuaD_MDS_hybrid,SQuaD-MDS,nkr_10,0.07,benchmarker,Silver,dr1,25,curated,other
SQuaD-MDS,SQuaD_MDS,SQuaD-MDS,nkr_20,0.035,benchmarker,Silver,dr1,25,curated,other
SQuaD-MDS hybrid,SQuaD_MDS_hybrid,SQuaD-MDS,nkr_20,0.092,benchmarker,Silver,dr1,25,curated,other
SQuaD-MDS,SQuaD_MDS,SQuaD-MDS,nkr_30,0.05,benchmarker,Silver,dr1,25,curated,other
SQuaD-MDS hybrid,SQuaD_MDS_hybrid,SQuaD-MDS,nkr_30,0.112,benchmarker,Silver,dr1,25,curated,other
SQuaD-MDS,SQuaD_MDS,SQuaD-MDS,Mrre_missing_10,0.85,benchmarker,Zhengmix4eq,dr3,25,curated,other
SQuaD-MDS hybrid,SQuaD_MDS_hybrid,SQuaD-MDS,Mrre_missing_10,0.917,benchmarker,Zhengmix4eq,dr3,25,curated,other
SQuaD-MDS,SQuaD_MDS,SQuaD-MDS,Mrre_missing_20,0.85,benchmarker,Zhengmix4eq,dr3,25,curated,other
SQuaD-MDS hybrid,SQuaD_MDS_hybrid,SQuaD-MDS,Mrre_missing_20,0.91,benchmarker,Zhengmix4eq,dr3,25,curated,other
SQuaD-MDS,SQuaD_MDS,SQuaD-MDS,Mrre_missing_30,0.849,benchmarker,Zhengmix4eq,dr3,25,curated,other
SQuaD-MDS hybrid,SQuaD_MDS_hybrid,SQuaD-MDS,Mrre_missing_30,0.906,benchmarker,Zhengmix4eq,dr3,25,curated,other
SQuaD-MDS,SQuaD_MDS,SQuaD-MDS,aji_10,0.006,benchmarker,Zhengmix4eq,dr1,25,curated,other
SQuaD-MDS hybrid,SQuaD_MDS_hybrid,SQuaD-MDS,aji_10,0.017,benchmarker,Zhengmix4eq,dr1,25,curated,other
SQuaD-MDS,SQuaD_MDS,SQuaD-MDS,aji_20,0.012,benchmarker,Zhengmix4eq,dr1,25,curated,other
SQuaD-MDS hybrid,SQuaD_MDS_hybrid,SQuaD-MDS,aji_20,0.024,benchmarker,Zhengmix4eq,dr1,25,curated,other
SQuaD-MDS,SQuaD_MDS,SQuaD-MDS,aji_30,0.017,benchmarker,Zhengmix4eq,dr1,25,curated,other
SQuaD-MDS hybrid,SQuaD_MDS_hybrid,SQuaD-MDS,aji_30,0.033,benchmarker,Zhengmix4eq,dr1,25,curated,other
SQuaD-MDS,SQuaD_MDS,SQuaD-MDS,nkr_10,0.011,benchmarker,Zhengmix4eq,dr1,25,curated,other
SQuaD-MDS hybrid,SQuaD_MDS_hybrid,SQuaD-MDS,nkr_10,0.056,benchmarker,Zhengmix4eq,dr1,25,curated,other
SQuaD-MDS,SQuaD_MDS,SQuaD-MDS,nkr_20,0.021,benchmarker,Zhengmix4eq,dr1,25,curated,other
SQuaD-MDS hybrid,SQuaD_MDS_hybrid,SQuaD-MDS,nkr_20,0.06,benchmarker,Zhengmix4eq,dr1,25,curated,other
SQuaD-MDS,SQuaD_MDS,SQuaD-MDS,nkr_30,0.031,benchmarker,Zhengmix4eq,dr1,25,curated,other
SQuaD-MDS hybrid,SQuaD_MDS_hybrid,SQuaD-MDS,nkr_30,0.069,benchmarker,Zhengmix4eq,dr1,25,curated,other
SQuaD-MDS,SQuaD_MDS,SQuaD-MDS,Mrre_missing_10,0.974,scDesign3,ACINAR,dr3,25,scDesign3,other
SQuaD-MDS hybrid,SQuaD_MDS_hybrid,SQuaD-MDS,Mrre_missing_10,0.981,scDesign3,ACINAR,dr3,25,scDesign3,other
SQuaD-MDS,SQuaD_MDS,SQuaD-MDS,Mrre_missing_20,0.973,scDesign3,ACINAR,dr3,25,scDesign3,other
SQuaD-MDS hybrid,SQuaD_MDS_hybrid,SQuaD-MDS,Mrre_missing_20,0.977,scDesign3,ACINAR,dr3,25,scDesign3,other
SQuaD-MDS,SQuaD_MDS,SQuaD-MDS,Mrre_missing_30,0.972,scDesign3,ACINAR,dr3,25,scDesign3,other
SQuaD-MDS hybrid,SQuaD_MDS_hybrid,SQuaD-MDS,Mrre_missing_30,0.975,scDesign3,ACINAR,dr3,25,scDesign3,other
SQuaD-MDS,SQuaD_MDS,SQuaD-MDS,aji_10,0.099,scDesign3,ACINAR,dr1,25,scDesign3,other
SQuaD-MDS hybrid,SQuaD_MDS_hybrid,SQuaD-MDS,aji_10,0.267,scDesign3,ACINAR,dr1,25,scDesign3,other
SQuaD-MDS,SQuaD_MDS,SQuaD-MDS,aji_20,0.151,scDesign3,ACINAR,dr1,25,scDesign3,other
SQuaD-MDS hybrid,SQuaD_MDS_hybrid,SQuaD-MDS,aji_20,0.283,scDesign3,ACINAR,dr1,25,scDesign3,other
SQuaD-MDS,SQuaD_MDS,SQuaD-MDS,aji_30,0.189,scDesign3,ACINAR,dr1,25,scDesign3,other
SQuaD-MDS hybrid,SQuaD_MDS_hybrid,SQuaD-MDS,aji_30,0.293,scDesign3,ACINAR,dr1,25,scDesign3,other
SQuaD-MDS,SQuaD_MDS,SQuaD-MDS,nkr_10,0.192,scDesign3,ACINAR,dr1,25,scDesign3,other
SQuaD-MDS hybrid,SQuaD_MDS_hybrid,SQuaD-MDS,nkr_10,0.47,scDesign3,ACINAR,dr1,25,scDesign3,other
SQuaD-MDS,SQuaD_MDS,SQuaD-MDS,nkr_20,0.271,scDesign3,ACINAR,dr1,25,scDesign3,other
SQuaD-MDS hybrid,SQuaD_MDS_hybrid,SQuaD-MDS,nkr_20,0.457,scDesign3,ACINAR,dr1,25,scDesign3,other
SQuaD-MDS,SQuaD_MDS,SQuaD-MDS,nkr_30,0.324,scDesign3,ACINAR,dr1,25,scDesign3,other
SQuaD-MDS hybrid,SQuaD_MDS_hybrid,SQuaD-MDS,nkr_30,0.458,scDesign3,ACINAR,dr1,25,scDesign3,other
SQuaD-MDS,SQuaD_MDS,SQuaD-MDS,Mrre_missing_10,0.843,scDesign3,ATAC,dr3,25,scDesign3,other
SQuaD-MDS hybrid,SQuaD_MDS_hybrid,SQuaD-MDS,Mrre_missing_10,0.903,scDesign3,ATAC,dr3,25,scDesign3,other
SQuaD-MDS,SQuaD_MDS,SQuaD-MDS,Mrre_missing_20,0.841,scDesign3,ATAC,dr3,25,scDesign3,other
SQuaD-MDS hybrid,SQuaD_MDS_hybrid,SQuaD-MDS,Mrre_missing_20,0.895,scDesign3,ATAC,dr3,25,scDesign3,other
SQuaD-MDS,SQuaD_MDS,SQuaD-MDS,Mrre_missing_30,0.84,scDesign3,ATAC,dr3,25,scDesign3,other
SQuaD-MDS hybrid,SQuaD_MDS_hybrid,SQuaD-MDS,Mrre_missing_30,0.891,scDesign3,ATAC,dr3,25,scDesign3,other
SQuaD-MDS,SQuaD_MDS,SQuaD-MDS,aji_10,0.002,scDesign3,ATAC,dr1,25,scDesign3,other
SQuaD-MDS hybrid,SQuaD_MDS_hybrid,SQuaD-MDS,aji_10,0.015,scDesign3,ATAC,dr1,25,scDesign3,other
SQuaD-MDS,SQuaD_MDS,SQuaD-MDS,aji_20,0.004,scDesign3,ATAC,dr1,25,scDesign3,other
SQuaD-MDS hybrid,SQuaD_MDS_hybrid,SQuaD-MDS,aji_20,0.019,scDesign3,ATAC,dr1,25,scDesign3,other
SQuaD-MDS,SQuaD_MDS,SQuaD-MDS,aji_30,0.006,scDesign3,ATAC,dr1,25,scDesign3,other
SQuaD-MDS hybrid,SQuaD_MDS_hybrid,SQuaD-MDS,aji_30,0.022,scDesign3,ATAC,dr1,25,scDesign3,other
SQuaD-MDS,SQuaD_MDS,SQuaD-MDS,nkr_10,0.004,scDesign3,ATAC,dr1,25,scDesign3,other
SQuaD-MDS hybrid,SQuaD_MDS_hybrid,SQuaD-MDS,nkr_10,0.088,scDesign3,ATAC,dr1,25,scDesign3,other
SQuaD-MDS,SQuaD_MDS,SQuaD-MDS,nkr_20,0.008,scDesign3,ATAC,dr1,25,scDesign3,other
SQuaD-MDS hybrid,SQuaD_MDS_hybrid,SQuaD-MDS,nkr_20,0.067,scDesign3,ATAC,dr1,25,scDesign3,other
SQuaD-MDS,SQuaD_MDS,SQuaD-MDS,nkr_30,0.011,scDesign3,ATAC,dr1,25,scDesign3,other
SQuaD-MDS hybrid,SQuaD_MDS_hybrid,SQuaD-MDS,nkr_30,0.064,scDesign3,ATAC,dr1,25,scDesign3,other
SQuaD-MDS,SQuaD_MDS,SQuaD-MDS,Mrre_missing_10,0.984,scDesign3,BATCH,dr3,25,scDesign3,other
SQuaD-MDS hybrid,SQuaD_MDS_hybrid,SQuaD-MDS,Mrre_missing_10,0.985,scDesign3,BATCH,dr3,25,scDesign3,other
SQuaD-MDS,SQuaD_MDS,SQuaD-MDS,Mrre_missing_20,0.983,scDesign3,BATCH,dr3,25,scDesign3,other
SQuaD-MDS hybrid,SQuaD_MDS_hybrid,SQuaD-MDS,Mrre_missing_20,0.982,scDesign3,BATCH,dr3,25,scDesign3,other
SQuaD-MDS,SQuaD_MDS,SQuaD-MDS,Mrre_missing_30,0.982,scDesign3,BATCH,dr3,25,scDesign3,other
SQuaD-MDS hybrid,SQuaD_MDS_hybrid,SQuaD-MDS,Mrre_missing_30,0.981,scDesign3,BATCH,dr3,25,scDesign3,other
SQuaD-MDS,SQuaD_MDS,SQuaD-MDS,aji_10,0.065,scDesign3,BATCH,dr1,25,scDesign3,other
SQuaD-MDS hybrid,SQuaD_MDS_hybrid,SQuaD-MDS,aji_10,0.189,scDesign3,BATCH,dr1,25,scDesign3,other
SQuaD-MDS,SQuaD_MDS,SQuaD-MDS,aji_20,0.105,scDesign3,BATCH,dr1,25,scDesign3,other
SQuaD-MDS hybrid,SQuaD_MDS_hybrid,SQuaD-MDS,aji_20,0.222,scDesign3,BATCH,dr1,25,scDesign3,other
SQuaD-MDS,SQuaD_MDS,SQuaD-MDS,aji_30,0.137,scDesign3,BATCH,dr1,25,scDesign3,other
SQuaD-MDS hybrid,SQuaD_MDS_hybrid,SQuaD-MDS,aji_30,0.247,scDesign3,BATCH,dr1,25,scDesign3,other
SQuaD-MDS,SQuaD_MDS,SQuaD-MDS,nkr_10,0.128,scDesign3,BATCH,dr1,25,scDesign3,other
SQuaD-MDS hybrid,SQuaD_MDS_hybrid,SQuaD-MDS,nkr_10,0.376,scDesign3,BATCH,dr1,25,scDesign3,other
SQuaD-MDS,SQuaD_MDS,SQuaD-MDS,nkr_20,0.195,scDesign3,BATCH,dr1,25,scDesign3,other
SQuaD-MDS hybrid,SQuaD_MDS_hybrid,SQuaD-MDS,nkr_20,0.385,scDesign3,BATCH,dr1,25,scDesign3,other
SQuaD-MDS,SQuaD_MDS,SQuaD-MDS,nkr_30,0.244,scDesign3,BATCH,dr1,25,scDesign3,other
SQuaD-MDS hybrid,SQuaD_MDS_hybrid,SQuaD-MDS,nkr_30,0.405,scDesign3,BATCH,dr1,25,scDesign3,other
SQuaD-MDS,SQuaD_MDS,SQuaD-MDS,Mrre_missing_10,0.993,scDesign3,CITE,dr3,25,scDesign3,other
SQuaD-MDS hybrid,SQuaD_MDS_hybrid,SQuaD-MDS,Mrre_missing_10,0.996,scDesign3,CITE,dr3,25,scDesign3,other
SQuaD-MDS,SQuaD_MDS,SQuaD-MDS,Mrre_missing_20,0.993,scDesign3,CITE,dr3,25,scDesign3,other
SQuaD-MDS hybrid,SQuaD_MDS_hybrid,SQuaD-MDS,Mrre_missing_20,0.995,scDesign3,CITE,dr3,25,scDesign3,other
SQuaD-MDS,SQuaD_MDS,SQuaD-MDS,Mrre_missing_30,0.992,scDesign3,CITE,dr3,25,scDesign3,other
SQuaD-MDS hybrid,SQuaD_MDS_hybrid,SQuaD-MDS,Mrre_missing_30,0.994,scDesign3,CITE,dr3,25,scDesign3,other
SQuaD-MDS,SQuaD_MDS,SQuaD-MDS,aji_10,0.191,scDesign3,CITE,dr1,25,scDesign3,other
SQuaD-MDS hybrid,SQuaD_MDS_hybrid,SQuaD-MDS,aji_10,0.371,scDesign3,CITE,dr1,25,scDesign3,other
SQuaD-MDS,SQuaD_MDS,SQuaD-MDS,aji_20,0.263,scDesign3,CITE,dr1,25,scDesign3,other
SQuaD-MDS hybrid,SQuaD_MDS_hybrid,SQuaD-MDS,aji_20,0.391,scDesign3,CITE,dr1,25,scDesign3,other
SQuaD-MDS,SQuaD_MDS,SQuaD-MDS,aji_30,0.312,scDesign3,CITE,dr1,25,scDesign3,other
SQuaD-MDS hybrid,SQuaD_MDS_hybrid,SQuaD-MDS,aji_30,0.407,scDesign3,CITE,dr1,25,scDesign3,other
SQuaD-MDS,SQuaD_MDS,SQuaD-MDS,nkr_10,0.33,scDesign3,CITE,dr1,25,scDesign3,other
SQuaD-MDS hybrid,SQuaD_MDS_hybrid,SQuaD-MDS,nkr_10,0.575,scDesign3,CITE,dr1,25,scDesign3,other
SQuaD-MDS,SQuaD_MDS,SQuaD-MDS,nkr_20,0.413,scDesign3,CITE,dr1,25,scDesign3,other
SQuaD-MDS hybrid,SQuaD_MDS_hybrid,SQuaD-MDS,nkr_20,0.568,scDesign3,CITE,dr1,25,scDesign3,other
SQuaD-MDS,SQuaD_MDS,SQuaD-MDS,nkr_30,0.466,scDesign3,CITE,dr1,25,scDesign3,other
SQuaD-MDS hybrid,SQuaD_MDS_hybrid,SQuaD-MDS,nkr_30,0.575,scDesign3,CITE,dr1,25,scDesign3,other
SQuaD-MDS,SQuaD_MDS,SQuaD-MDS,Mrre_missing_10,0.95,scDesign3,EMBYRO,dr3,25,scDesign3,other
SQuaD-MDS hybrid,SQuaD_MDS_hybrid,SQuaD-MDS,Mrre_missing_10,0.972,scDesign3,EMBYRO,dr3,25,scDesign3,other
SQuaD-MDS,SQuaD_MDS,SQuaD-MDS,Mrre_missing_20,0.946,scDesign3,EMBYRO,dr3,25,scDesign3,other
SQuaD-MDS hybrid,SQuaD_MDS_hybrid,SQuaD-MDS,Mrre_missing_20,0.963,scDesign3,EMBYRO,dr3,25,scDesign3,other
SQuaD-MDS,SQuaD_MDS,SQuaD-MDS,Mrre_missing_30,0.943,scDesign3,EMBYRO,dr3,25,scDesign3,other
SQuaD-MDS hybrid,SQuaD_MDS_hybrid,SQuaD-MDS,Mrre_missing_30,0.958,scDesign3,EMBYRO,dr3,25,scDesign3,other
SQuaD-MDS,SQuaD_MDS,SQuaD-MDS,aji_10,0.159,scDesign3,EMBYRO,dr1,25,scDesign3,other
SQuaD-MDS hybrid,SQuaD_MDS_hybrid,SQuaD-MDS,aji_10,0.355,scDesign3,EMBYRO,dr1,25,scDesign3,other
SQuaD-MDS,SQuaD_MDS,SQuaD-MDS,aji_20,0.221,scDesign3,EMBYRO,dr1,25,scDesign3,other
SQuaD-MDS hybrid,SQuaD_MDS_hybrid,SQuaD-MDS,aji_20,0.364,scDesign3,EMBYRO,dr1,25,scDesign3,other
SQuaD-MDS,SQuaD_MDS,SQuaD-MDS,aji_30,0.267,scDesign3,EMBYRO,dr1,25,scDesign3,other
SQuaD-MDS hybrid,SQuaD_MDS_hybrid,SQuaD-MDS,aji_30,0.374,scDesign3,EMBYRO,dr1,25,scDesign3,other
SQuaD-MDS,SQuaD_MDS,SQuaD-MDS,nkr_10,0.292,scDesign3,EMBYRO,dr1,25,scDesign3,other
SQuaD-MDS hybrid,SQuaD_MDS_hybrid,SQuaD-MDS,nkr_10,0.556,scDesign3,EMBYRO,dr1,25,scDesign3,other
SQuaD-MDS,SQuaD_MDS,SQuaD-MDS,nkr_20,0.369,scDesign3,EMBYRO,dr1,25,scDesign3,other
SQuaD-MDS hybrid,SQuaD_MDS_hybrid,SQuaD-MDS,nkr_20,0.541,scDesign3,EMBYRO,dr1,25,scDesign3,other
SQuaD-MDS,SQuaD_MDS,SQuaD-MDS,nkr_30,0.42,scDesign3,EMBYRO,dr1,25,scDesign3,other
SQuaD-MDS hybrid,SQuaD_MDS_hybrid,SQuaD-MDS,nkr_30,0.54,scDesign3,EMBYRO,dr1,25,scDesign3,other
SQuaD-MDS,SQuaD_MDS,SQuaD-MDS,Mrre_missing_10,0.95,scDesign3,IFNB,dr3,25,scDesign3,other
SQuaD-MDS hybrid,SQuaD_MDS_hybrid,SQuaD-MDS,Mrre_missing_10,0.984,scDesign3,IFNB,dr3,25,scDesign3,other
SQuaD-MDS,SQuaD_MDS,SQuaD-MDS,Mrre_missing_20,0.95,scDesign3,IFNB,dr3,25,scDesign3,other
SQuaD-MDS hybrid,SQuaD_MDS_hybrid,SQuaD-MDS,Mrre_missing_20,0.981,scDesign3,IFNB,dr3,25,scDesign3,other
SQuaD-MDS,SQuaD_MDS,SQuaD-MDS,Mrre_missing_30,0.95,scDesign3,IFNB,dr3,25,scDesign3,other
SQuaD-MDS hybrid,SQuaD_MDS_hybrid,SQuaD-MDS,Mrre_missing_30,0.98,scDesign3,IFNB,dr3,25,scDesign3,other
SQuaD-MDS,SQuaD_MDS,SQuaD-MDS,aji_10,0.043,scDesign3,IFNB,dr1,25,scDesign3,other
SQuaD-MDS hybrid,SQuaD_MDS_hybrid,SQuaD-MDS,aji_10,0.163,scDesign3,IFNB,dr1,25,scDesign3,other
SQuaD-MDS,SQuaD_MDS,SQuaD-MDS,aji_20,0.068,scDesign3,IFNB,dr1,25,scDesign3,other
SQuaD-MDS hybrid,SQuaD_MDS_hybrid,SQuaD-MDS,aji_20,0.182,scDesign3,IFNB,dr1,25,scDesign3,other
SQuaD-MDS,SQuaD_MDS,SQuaD-MDS,aji_30,0.087,scDesign3,IFNB,dr1,25,scDesign3,other
SQuaD-MDS hybrid,SQuaD_MDS_hybrid,SQuaD-MDS,aji_30,0.196,scDesign3,IFNB,dr1,25,scDesign3,other
SQuaD-MDS,SQuaD_MDS,SQuaD-MDS,nkr_10,0.084,scDesign3,IFNB,dr1,25,scDesign3,other
SQuaD-MDS hybrid,SQuaD_MDS_hybrid,SQuaD-MDS,nkr_10,0.339,scDesign3,IFNB,dr1,25,scDesign3,other
SQuaD-MDS,SQuaD_MDS,SQuaD-MDS,nkr_20,0.123,scDesign3,IFNB,dr1,25,scDesign3,other
SQuaD-MDS hybrid,SQuaD_MDS_hybrid,SQuaD-MDS,nkr_20,0.33,scDesign3,IFNB,dr1,25,scDesign3,other
SQuaD-MDS,SQuaD_MDS,SQuaD-MDS,nkr_30,0.152,scDesign3,IFNB,dr1,25,scDesign3,other
SQuaD-MDS hybrid,SQuaD_MDS_hybrid,SQuaD-MDS,nkr_30,0.337,scDesign3,IFNB,dr1,25,scDesign3,other
SQuaD-MDS,SQuaD_MDS,SQuaD-MDS,Mrre_missing_10,0.969,scDesign3,MARROW,dr3,25,scDesign3,other
SQuaD-MDS hybrid,SQuaD_MDS_hybrid,SQuaD-MDS,Mrre_missing_10,0.978,scDesign3,MARROW,dr3,25,scDesign3,other
SQuaD-MDS,SQuaD_MDS,SQuaD-MDS,Mrre_missing_20,0.968,scDesign3,MARROW,dr3,25,scDesign3,other
SQuaD-MDS hybrid,SQuaD_MDS_hybrid,SQuaD-MDS,Mrre_missing_20,0.975,scDesign3,MARROW,dr3,25,scDesign3,other
SQuaD-MDS,SQuaD_MDS,SQuaD-MDS,Mrre_missing_30,0.967,scDesign3,MARROW,dr3,25,scDesign3,other
SQuaD-MDS hybrid,SQuaD_MDS_hybrid,SQuaD-MDS,Mrre_missing_30,0.974,scDesign3,MARROW,dr3,25,scDesign3,other
SQuaD-MDS,SQuaD_MDS,SQuaD-MDS,aji_10,0.065,scDesign3,MARROW,dr1,25,scDesign3,other
SQuaD-MDS hybrid,SQuaD_MDS_hybrid,SQuaD-MDS,aji_10,0.135,scDesign3,MARROW,dr1,25,scDesign3,other
SQuaD-MDS,SQuaD_MDS,SQuaD-MDS,aji_20,0.11,scDesign3,MARROW,dr1,25,scDesign3,other
SQuaD-MDS hybrid,SQuaD_MDS_hybrid,SQuaD-MDS,aji_20,0.167,scDesign3,MARROW,dr1,25,scDesign3,other
SQuaD-MDS,SQuaD_MDS,SQuaD-MDS,aji_30,0.146,scDesign3,MARROW,dr1,25,scDesign3,other
SQuaD-MDS hybrid,SQuaD_MDS_hybrid,SQuaD-MDS,aji_30,0.192,scDesign3,MARROW,dr1,25,scDesign3,other
SQuaD-MDS,SQuaD_MDS,SQuaD-MDS,nkr_10,0.123,scDesign3,MARROW,dr1,25,scDesign3,other
SQuaD-MDS hybrid,SQuaD_MDS_hybrid,SQuaD-MDS,nkr_10,0.298,scDesign3,MARROW,dr1,25,scDesign3,other
SQuaD-MDS,SQuaD_MDS,SQuaD-MDS,nkr_20,0.196,scDesign3,MARROW,dr1,25,scDesign3,other
SQuaD-MDS hybrid,SQuaD_MDS_hybrid,SQuaD-MDS,nkr_20,0.31,scDesign3,MARROW,dr1,25,scDesign3,other
SQuaD-MDS,SQuaD_MDS,SQuaD-MDS,nkr_30,0.252,scDesign3,MARROW,dr1,25,scDesign3,other
SQuaD-MDS hybrid,SQuaD_MDS_hybrid,SQuaD-MDS,nkr_30,0.333,scDesign3,MARROW,dr1,25,scDesign3,other
SQuaD-MDS,SQuaD_MDS,SQuaD-MDS,Mrre_missing_10,0.869,scDesign3,MOBSC,dr3,25,scDesign3,other
SQuaD-MDS hybrid,SQuaD_MDS_hybrid,SQuaD-MDS,Mrre_missing_10,0.911,scDesign3,MOBSC,dr3,25,scDesign3,other
SQuaD-MDS,SQuaD_MDS,SQuaD-MDS,Mrre_missing_20,0.867,scDesign3,MOBSC,dr3,25,scDesign3,other
SQuaD-MDS hybrid,SQuaD_MDS_hybrid,SQuaD-MDS,Mrre_missing_20,0.903,scDesign3,MOBSC,dr3,25,scDesign3,other
SQuaD-MDS,SQuaD_MDS,SQuaD-MDS,Mrre_missing_30,0.866,scDesign3,MOBSC,dr3,25,scDesign3,other
SQuaD-MDS hybrid,SQuaD_MDS_hybrid,SQuaD-MDS,Mrre_missing_30,0.899,scDesign3,MOBSC,dr3,25,scDesign3,other
SQuaD-MDS,SQuaD_MDS,SQuaD-MDS,aji_10,0.004,scDesign3,MOBSC,dr1,25,scDesign3,other
SQuaD-MDS hybrid,SQuaD_MDS_hybrid,SQuaD-MDS,aji_10,0.028,scDesign3,MOBSC,dr1,25,scDesign3,other
SQuaD-MDS,SQuaD_MDS,SQuaD-MDS,aji_20,0.007,scDesign3,MOBSC,dr1,25,scDesign3,other
SQuaD-MDS hybrid,SQuaD_MDS_hybrid,SQuaD-MDS,aji_20,0.031,scDesign3,MOBSC,dr1,25,scDesign3,other
SQuaD-MDS,SQuaD_MDS,SQuaD-MDS,aji_30,0.01,scDesign3,MOBSC,dr1,25,scDesign3,other
SQuaD-MDS hybrid,SQuaD_MDS_hybrid,SQuaD-MDS,aji_30,0.035,scDesign3,MOBSC,dr1,25,scDesign3,other
SQuaD-MDS,SQuaD_MDS,SQuaD-MDS,nkr_10,0.007,scDesign3,MOBSC,dr1,25,scDesign3,other
SQuaD-MDS hybrid,SQuaD_MDS_hybrid,SQuaD-MDS,nkr_10,0.12,scDesign3,MOBSC,dr1,25,scDesign3,other
SQuaD-MDS,SQuaD_MDS,SQuaD-MDS,nkr_20,0.014,scDesign3,MOBSC,dr1,25,scDesign3,other
SQuaD-MDS hybrid,SQuaD_MDS_hybrid,SQuaD-MDS,nkr_20,0.095,scDesign3,MOBSC,dr1,25,scDesign3,other
SQuaD-MDS,SQuaD_MDS,SQuaD-MDS,nkr_30,0.02,scDesign3,MOBSC,dr1,25,scDesign3,other
SQuaD-MDS hybrid,SQuaD_MDS_hybrid,SQuaD-MDS,nkr_30,0.089,scDesign3,MOBSC,dr1,25,scDesign3,other
SQuaD-MDS,SQuaD_MDS,SQuaD-MDS,Mrre_missing_10,0.984,scDesign3,OVARIAN,dr3,25,scDesign3,other
SQuaD-MDS hybrid,SQuaD_MDS_hybrid,SQuaD-MDS,Mrre_missing_10,0.986,scDesign3,OVARIAN,dr3,25,scDesign3,other
SQuaD-MDS,SQuaD_MDS,SQuaD-MDS,Mrre_missing_20,0.983,scDesign3,OVARIAN,dr3,25,scDesign3,other
SQuaD-MDS hybrid,SQuaD_MDS_hybrid,SQuaD-MDS,Mrre_missing_20,0.983,scDesign3,OVARIAN,dr3,25,scDesign3,other
SQuaD-MDS,SQuaD_MDS,SQuaD-MDS,Mrre_missing_30,0.982,scDesign3,OVARIAN,dr3,25,scDesign3,other
SQuaD-MDS hybrid,SQuaD_MDS_hybrid,SQuaD-MDS,Mrre_missing_30,0.981,scDesign3,OVARIAN,dr3,25,scDesign3,other
SQuaD-MDS,SQuaD_MDS,SQuaD-MDS,aji_10,0.118,scDesign3,OVARIAN,dr1,25,scDesign3,other
SQuaD-MDS hybrid,SQuaD_MDS_hybrid,SQuaD-MDS,aji_10,0.27,scDesign3,OVARIAN,dr1,25,scDesign3,other
SQuaD-MDS,SQuaD_MDS,SQuaD-MDS,aji_20,0.178,scDesign3,OVARIAN,dr1,25,scDesign3,other
SQuaD-MDS hybrid,SQuaD_MDS_hybrid,SQuaD-MDS,aji_20,0.287,scDesign3,OVARIAN,dr1,25,scDesign3,other
SQuaD-MDS,SQuaD_MDS,SQuaD-MDS,aji_30,0.226,scDesign3,OVARIAN,dr1,25,scDesign3,other
SQuaD-MDS hybrid,SQuaD_MDS_hybrid,SQuaD-MDS,aji_30,0.302,scDesign3,OVARIAN,dr1,25,scDesign3,other
SQuaD-MDS,SQuaD_MDS,SQuaD-MDS,nkr_10,0.223,scDesign3,OVARIAN,dr1,25,scDesign3,other
SQuaD-MDS hybrid,SQuaD_MDS_hybrid,SQuaD-MDS,nkr_10,0.474,scDesign3,OVARIAN,dr1,25,scDesign3,other
SQuaD-MDS,SQuaD_MDS,SQuaD-MDS,nkr_20,0.308,scDesign3,OVARIAN,dr1,25,scDesign3,other
SQuaD-MDS hybrid,SQuaD_MDS_hybrid,SQuaD-MDS,nkr_20,0.464,scDesign3,OVARIAN,dr1,25,scDesign3,other
SQuaD-MDS,SQuaD_MDS,SQuaD-MDS,nkr_30,0.368,scDesign3,OVARIAN,dr1,25,scDesign3,other
SQuaD-MDS hybrid,SQuaD_MDS_hybrid,SQuaD-MDS,nkr_30,0.471,scDesign3,OVARIAN,dr1,25,scDesign3,other
SQuaD-MDS,SQuaD_MDS,SQuaD-MDS,Mrre_missing_10,0.965,scDesign3,PANCREAS,dr3,25,scDesign3,other
SQuaD-MDS hybrid,SQuaD_MDS_hybrid,SQuaD-MDS,Mrre_missing_10,0.982,scDesign3,PANCREAS,dr3,25,scDesign3,other
SQuaD-MDS,SQuaD_MDS,SQuaD-MDS,Mrre_missing_20,0.964,scDesign3,PANCREAS,dr3,25,scDesign3,other
SQuaD-MDS hybrid,SQuaD_MDS_hybrid,SQuaD-MDS,Mrre_missing_20,0.978,scDesign3,PANCREAS,dr3,25,scDesign3,other
SQuaD-MDS,SQuaD_MDS,SQuaD-MDS,Mrre_missing_30,0.963,scDesign3,PANCREAS,dr3,25,scDesign3,other
SQuaD-MDS hybrid,SQuaD_MDS_hybrid,SQuaD-MDS,Mrre_missing_30,0.976,scDesign3,PANCREAS,dr3,25,scDesign3,other
SQuaD-MDS,SQuaD_MDS,SQuaD-MDS,aji_10,0.113,scDesign3,PANCREAS,dr1,25,scDesign3,other
SQuaD-MDS hybrid,SQuaD_MDS_hybrid,SQuaD-MDS,aji_10,0.217,scDesign3,PANCREAS,dr1,25,scDesign3,other
SQuaD-MDS,SQuaD_MDS,SQuaD-MDS,aji_20,0.177,scDesign3,PANCREAS,dr1,25,scDesign3,other
SQuaD-MDS hybrid,SQuaD_MDS_hybrid,SQuaD-MDS,aji_20,0.25,scDesign3,PANCREAS,dr1,25,scDesign3,other
SQuaD-MDS,SQuaD_MDS,SQuaD-MDS,aji_30,0.222,scDesign3,PANCREAS,dr1,25,scDesign3,other
SQuaD-MDS hybrid,SQuaD_MDS_hybrid,SQuaD-MDS,aji_30,0.28,scDesign3,PANCREAS,dr1,25,scDesign3,other
SQuaD-MDS,SQuaD_MDS,SQuaD-MDS,nkr_10,0.206,scDesign3,PANCREAS,dr1,25,scDesign3,other
SQuaD-MDS hybrid,SQuaD_MDS_hybrid,SQuaD-MDS,nkr_10,0.407,scDesign3,PANCREAS,dr1,25,scDesign3,other
SQuaD-MDS,SQuaD_MDS,SQuaD-MDS,nkr_20,0.295,scDesign3,PANCREAS,dr1,25,scDesign3,other
SQuaD-MDS hybrid,SQuaD_MDS_hybrid,SQuaD-MDS,nkr_20,0.417,scDesign3,PANCREAS,dr1,25,scDesign3,other
SQuaD-MDS,SQuaD_MDS,SQuaD-MDS,nkr_30,0.355,scDesign3,PANCREAS,dr1,25,scDesign3,other
SQuaD-MDS hybrid,SQuaD_MDS_hybrid,SQuaD-MDS,nkr_30,0.442,scDesign3,PANCREAS,dr1,25,scDesign3,other
SQuaD-MDS,SQuaD_MDS,SQuaD-MDS,Mrre_missing_10,0.896,scDesign3,SCGEMMETH,dr3,25,scDesign3,other
SQuaD-MDS hybrid,SQuaD_MDS_hybrid,SQuaD-MDS,Mrre_missing_10,0.921,scDesign3,SCGEMMETH,dr3,25,scDesign3,other
SQuaD-MDS,SQuaD_MDS,SQuaD-MDS,Mrre_missing_20,0.89,scDesign3,SCGEMMETH,dr3,25,scDesign3,other
SQuaD-MDS hybrid,SQuaD_MDS_hybrid,SQuaD-MDS,Mrre_missing_20,0.909,scDesign3,SCGEMMETH,dr3,25,scDesign3,other
SQuaD-MDS,SQuaD_MDS,SQuaD-MDS,Mrre_missing_30,0.883,scDesign3,SCGEMMETH,dr3,25,scDesign3,other
SQuaD-MDS hybrid,SQuaD_MDS_hybrid,SQuaD-MDS,Mrre_missing_30,0.902,scDesign3,SCGEMMETH,dr3,25,scDesign3,other
SQuaD-MDS,SQuaD_MDS,SQuaD-MDS,aji_10,0.246,scDesign3,SCGEMMETH,dr1,25,scDesign3,other
SQuaD-MDS hybrid,SQuaD_MDS_hybrid,SQuaD-MDS,aji_10,0.288,scDesign3,SCGEMMETH,dr1,25,scDesign3,other
SQuaD-MDS,SQuaD_MDS,SQuaD-MDS,aji_20,0.375,scDesign3,SCGEMMETH,dr1,25,scDesign3,other
SQuaD-MDS hybrid,SQuaD_MDS_hybrid,SQuaD-MDS,aji_20,0.376,scDesign3,SCGEMMETH,dr1,25,scDesign3,other
SQuaD-MDS,SQuaD_MDS,SQuaD-MDS,aji_30,0.463,scDesign3,SCGEMMETH,dr1,25,scDesign3,other
SQuaD-MDS hybrid,SQuaD_MDS_hybrid,SQuaD-MDS,aji_30,0.451,scDesign3,SCGEMMETH,dr1,25,scDesign3,other
SQuaD-MDS,SQuaD_MDS,SQuaD-MDS,nkr_10,0.412,scDesign3,SCGEMMETH,dr1,25,scDesign3,other
SQuaD-MDS hybrid,SQuaD_MDS_hybrid,SQuaD-MDS,nkr_10,0.489,scDesign3,SCGEMMETH,dr1,25,scDesign3,other
SQuaD-MDS,SQuaD_MDS,SQuaD-MDS,nkr_20,0.563,scDesign3,SCGEMMETH,dr1,25,scDesign3,other
SQuaD-MDS hybrid,SQuaD_MDS_hybrid,SQuaD-MDS,nkr_20,0.56,scDesign3,SCGEMMETH,dr1,25,scDesign3,other
SQuaD-MDS,SQuaD_MDS,SQuaD-MDS,nkr_30,0.642,scDesign3,SCGEMMETH,dr1,25,scDesign3,other
SQuaD-MDS hybrid,SQuaD_MDS_hybrid,SQuaD-MDS,nkr_30,0.624,scDesign3,SCGEMMETH,dr1,25,scDesign3,other
SQuaD-MDS,SQuaD_MDS,SQuaD-MDS,Mrre_missing_10,0.944,scDesign3,SCGEMRNA,dr3,25,scDesign3,other
SQuaD-MDS hybrid,SQuaD_MDS_hybrid,SQuaD-MDS,Mrre_missing_10,0.962,scDesign3,SCGEMRNA,dr3,25,scDesign3,other
SQuaD-MDS,SQuaD_MDS,SQuaD-MDS,Mrre_missing_20,0.939,scDesign3,SCGEMRNA,dr3,25,scDesign3,other
SQuaD-MDS hybrid,SQuaD_MDS_hybrid,SQuaD-MDS,Mrre_missing_20,0.951,scDesign3,SCGEMRNA,dr3,25,scDesign3,other
SQuaD-MDS,SQuaD_MDS,SQuaD-MDS,Mrre_missing_30,0.935,scDesign3,SCGEMRNA,dr3,25,scDesign3,other
SQuaD-MDS hybrid,SQuaD_MDS_hybrid,SQuaD-MDS,Mrre_missing_30,0.946,scDesign3,SCGEMRNA,dr3,25,scDesign3,other
SQuaD-MDS,SQuaD_MDS,SQuaD-MDS,aji_10,0.32,scDesign3,SCGEMRNA,dr1,25,scDesign3,other
SQuaD-MDS hybrid,SQuaD_MDS_hybrid,SQuaD-MDS,aji_10,0.37,scDesign3,SCGEMRNA,dr1,25,scDesign3,other
SQuaD-MDS,SQuaD_MDS,SQuaD-MDS,aji_20,0.45,scDesign3,SCGEMRNA,dr1,25,scDesign3,other
SQuaD-MDS hybrid,SQuaD_MDS_hybrid,SQuaD-MDS,aji_20,0.441,scDesign3,SCGEMRNA,dr1,25,scDesign3,other
SQuaD-MDS,SQuaD_MDS,SQuaD-MDS,aji_30,0.545,scDesign3,SCGEMRNA,dr1,25,scDesign3,other
SQuaD-MDS hybrid,SQuaD_MDS_hybrid,SQuaD-MDS,aji_30,0.536,scDesign3,SCGEMRNA,dr1,25,scDesign3,other
SQuaD-MDS,SQuaD_MDS,SQuaD-MDS,nkr_10,0.518,scDesign3,SCGEMRNA,dr1,25,scDesign3,other
SQuaD-MDS hybrid,SQuaD_MDS_hybrid,SQuaD-MDS,nkr_10,0.567,scDesign3,SCGEMRNA,dr1,25,scDesign3,other
SQuaD-MDS,SQuaD_MDS,SQuaD-MDS,nkr_20,0.63,scDesign3,SCGEMRNA,dr1,25,scDesign3,other
SQuaD-MDS hybrid,SQuaD_MDS_hybrid,SQuaD-MDS,nkr_20,0.619,scDesign3,SCGEMRNA,dr1,25,scDesign3,other
SQuaD-MDS,SQuaD_MDS,SQuaD-MDS,nkr_30,0.715,scDesign3,SCGEMRNA,dr1,25,scDesign3,other
SQuaD-MDS hybrid,SQuaD_MDS_hybrid,SQuaD-MDS,nkr_30,0.693,scDesign3,SCGEMRNA,dr1,25,scDesign3,other
SQuaD-MDS,SQuaD_MDS,SQuaD-MDS,Mrre_missing_10,0.738,scDesign3,SCIATAC,dr3,25,scDesign3,other
SQuaD-MDS hybrid,SQuaD_MDS_hybrid,SQuaD-MDS,Mrre_missing_10,0.761,scDesign3,SCIATAC,dr3,25,scDesign3,other
SQuaD-MDS,SQuaD_MDS,SQuaD-MDS,Mrre_missing_20,0.738,scDesign3,SCIATAC,dr3,25,scDesign3,other
SQuaD-MDS hybrid,SQuaD_MDS_hybrid,SQuaD-MDS,Mrre_missing_20,0.751,scDesign3,SCIATAC,dr3,25,scDesign3,other
SQuaD-MDS,SQuaD_MDS,SQuaD-MDS,Mrre_missing_30,0.738,scDesign3,SCIATAC,dr3,25,scDesign3,other
SQuaD-MDS hybrid,SQuaD_MDS_hybrid,SQuaD-MDS,Mrre_missing_30,0.747,scDesign3,SCIATAC,dr3,25,scDesign3,other
SQuaD-MDS,SQuaD_MDS,SQuaD-MDS,aji_10,0.001,scDesign3,SCIATAC,dr1,25,scDesign3,other
SQuaD-MDS hybrid,SQuaD_MDS_hybrid,SQuaD-MDS,aji_10,0.005,scDesign3,SCIATAC,dr1,25,scDesign3,other
SQuaD-MDS,SQuaD_MDS,SQuaD-MDS,aji_20,0.003,scDesign3,SCIATAC,dr1,25,scDesign3,other
SQuaD-MDS hybrid,SQuaD_MDS_hybrid,SQuaD-MDS,aji_20,0.005,scDesign3,SCIATAC,dr1,25,scDesign3,other
SQuaD-MDS,SQuaD_MDS,SQuaD-MDS,aji_30,0.005,scDesign3,SCIATAC,dr1,25,scDesign3,other
SQuaD-MDS hybrid,SQuaD_MDS_hybrid,SQuaD-MDS,aji_30,0.007,scDesign3,SCIATAC,dr1,25,scDesign3,other
SQuaD-MDS,SQuaD_MDS,SQuaD-MDS,nkr_10,0.003,scDesign3,SCIATAC,dr1,25,scDesign3,other
SQuaD-MDS hybrid,SQuaD_MDS_hybrid,SQuaD-MDS,nkr_10,0.04,scDesign3,SCIATAC,dr1,25,scDesign3,other
SQuaD-MDS,SQuaD_MDS,SQuaD-MDS,nkr_20,0.005,scDesign3,SCIATAC,dr1,25,scDesign3,other
SQuaD-MDS hybrid,SQuaD_MDS_hybrid,SQuaD-MDS,nkr_20,0.026,scDesign3,SCIATAC,dr1,25,scDesign3,other
SQuaD-MDS,SQuaD_MDS,SQuaD-MDS,nkr_30,0.008,scDesign3,SCIATAC,dr1,25,scDesign3,other
SQuaD-MDS hybrid,SQuaD_MDS_hybrid,SQuaD-MDS,nkr_30,0.023,scDesign3,SCIATAC,dr1,25,scDesign3,other
SQuaD-MDS,SQuaD_MDS,SQuaD-MDS,Mrre_missing_10,0.8,scDesign3,SLIDE,dr3,25,scDesign3,other
SQuaD-MDS hybrid,SQuaD_MDS_hybrid,SQuaD-MDS,Mrre_missing_10,0.875,scDesign3,SLIDE,dr3,25,scDesign3,other
SQuaD-MDS,SQuaD_MDS,SQuaD-MDS,Mrre_missing_20,0.799,scDesign3,SLIDE,dr3,25,scDesign3,other
SQuaD-MDS hybrid,SQuaD_MDS_hybrid,SQuaD-MDS,Mrre_missing_20,0.865,scDesign3,SLIDE,dr3,25,scDesign3,other
SQuaD-MDS,SQuaD_MDS,SQuaD-MDS,Mrre_missing_30,0.798,scDesign3,SLIDE,dr3,25,scDesign3,other
SQuaD-MDS hybrid,SQuaD_MDS_hybrid,SQuaD-MDS,Mrre_missing_30,0.86,scDesign3,SLIDE,dr3,25,scDesign3,other
SQuaD-MDS,SQuaD_MDS,SQuaD-MDS,aji_10,0.001,scDesign3,SLIDE,dr1,25,scDesign3,other
SQuaD-MDS hybrid,SQuaD_MDS_hybrid,SQuaD-MDS,aji_10,0.013,scDesign3,SLIDE,dr1,25,scDesign3,other
SQuaD-MDS,SQuaD_MDS,SQuaD-MDS,aji_20,0.002,scDesign3,SLIDE,dr1,25,scDesign3,other
SQuaD-MDS hybrid,SQuaD_MDS_hybrid,SQuaD-MDS,aji_20,0.016,scDesign3,SLIDE,dr1,25,scDesign3,other
SQuaD-MDS,SQuaD_MDS,SQuaD-MDS,aji_30,0.003,scDesign3,SLIDE,dr1,25,scDesign3,other
SQuaD-MDS hybrid,SQuaD_MDS_hybrid,SQuaD-MDS,aji_30,0.017,scDesign3,SLIDE,dr1,25,scDesign3,other
SQuaD-MDS,SQuaD_MDS,SQuaD-MDS,nkr_10,0.003,scDesign3,SLIDE,dr1,25,scDesign3,other
SQuaD-MDS hybrid,SQuaD_MDS_hybrid,SQuaD-MDS,nkr_10,0.07,scDesign3,SLIDE,dr1,25,scDesign3,other
SQuaD-MDS,SQuaD_MDS,SQuaD-MDS,nkr_20,0.004,scDesign3,SLIDE,dr1,25,scDesign3,other
SQuaD-MDS hybrid,SQuaD_MDS_hybrid,SQuaD-MDS,nkr_20,0.055,scDesign3,SLIDE,dr1,25,scDesign3,other
SQuaD-MDS,SQuaD_MDS,SQuaD-MDS,nkr_30,0.005,scDesign3,SLIDE,dr1,25,scDesign3,other
SQuaD-MDS hybrid,SQuaD_MDS_hybrid,SQuaD-MDS,nkr_30,0.05,scDesign3,SLIDE,dr1,25,scDesign3,other
SQuaD-MDS,SQuaD_MDS,SQuaD-MDS,Mrre_missing_10,0.985,scDesign3,VISIUM,dr3,25,scDesign3,other
SQuaD-MDS hybrid,SQuaD_MDS_hybrid,SQuaD-MDS,Mrre_missing_10,0.99,scDesign3,VISIUM,dr3,25,scDesign3,other
SQuaD-MDS,SQuaD_MDS,SQuaD-MDS,Mrre_missing_20,0.983,scDesign3,VISIUM,dr3,25,scDesign3,other
SQuaD-MDS hybrid,SQuaD_MDS_hybrid,SQuaD-MDS,Mrre_missing_20,0.987,scDesign3,VISIUM,dr3,25,scDesign3,other
SQuaD-MDS,SQuaD_MDS,SQuaD-MDS,Mrre_missing_30,0.983,scDesign3,VISIUM,dr3,25,scDesign3,other
SQuaD-MDS hybrid,SQuaD_MDS_hybrid,SQuaD-MDS,Mrre_missing_30,0.985,scDesign3,VISIUM,dr3,25,scDesign3,other
SQuaD-MDS,SQuaD_MDS,SQuaD-MDS,aji_10,0.172,scDesign3,VISIUM,dr1,25,scDesign3,other
SQuaD-MDS hybrid,SQuaD_MDS_hybrid,SQuaD-MDS,aji_10,0.372,scDesign3,VISIUM,dr1,25,scDesign3,other
SQuaD-MDS,SQuaD_MDS,SQuaD-MDS,aji_20,0.246,scDesign3,VISIUM,dr1,25,scDesign3,other
SQuaD-MDS hybrid,SQuaD_MDS_hybrid,SQuaD-MDS,aji_20,0.394,scDesign3,VISIUM,dr1,25,scDesign3,other
SQuaD-MDS,SQuaD_MDS,SQuaD-MDS,aji_30,0.295,scDesign3,VISIUM,dr1,25,scDesign3,other
SQuaD-MDS hybrid,SQuaD_MDS_hybrid,SQuaD-MDS,aji_30,0.41,scDesign3,VISIUM,dr1,25,scDesign3,other
SQuaD-MDS,SQuaD_MDS,SQuaD-MDS,nkr_10,0.309,scDesign3,VISIUM,dr1,25,scDesign3,other
SQuaD-MDS hybrid,SQuaD_MDS_hybrid,SQuaD-MDS,nkr_10,0.579,scDesign3,VISIUM,dr1,25,scDesign3,other
SQuaD-MDS,SQuaD_MDS,SQuaD-MDS,nkr_20,0.398,scDesign3,VISIUM,dr1,25,scDesign3,other
SQuaD-MDS hybrid,SQuaD_MDS_hybrid,SQuaD-MDS,nkr_20,0.57,scDesign3,VISIUM,dr1,25,scDesign3,other
SQuaD-MDS,SQuaD_MDS,SQuaD-MDS,nkr_30,0.454,scDesign3,VISIUM,dr1,25,scDesign3,other
SQuaD-MDS hybrid,SQuaD_MDS_hybrid,SQuaD-MDS,nkr_30,0.576,scDesign3,VISIUM,dr1,25,scDesign3,other
