method_id,method_raw,parent_method,metric,value,dataset_category,dataset_id,structure_table,method_order,collection,sim_axis
PCA,PCA,PCA,AUC,0.626,SIMLR,Pollen,dr2,0,SIMLR,other
PCA,PCA,PCA,Pearson,0.62,SIMLR,Pollen,dr3,0,SIMLR,other
PCA,PCA,PCA,Qglobal,0.694,SIMLR,Pollen,dr2,0,SIMLR,other
PCA,PCA,PCA,Qlocal,0.276,SIMLR,Pollen,dr2,0,SIMLR,other
PCA,PCA,PCA,centroid_distance,0.856,SIMLR,Pollen,dr1,0,SIMLR,other
PCA,PCA,PCA,k-nearest,0.848,SIMLR,Pollen,dr1,0,SIMLR,other
PCA,PCA,PCA,kmax,40.0,SIMLR,Pollen,dr2,0,SIMLR,other
PCA,PCA,PCA,random_triplet,0.647,SIMLR,Pollen,dr1,0,SIMLR,other
PCA,PCA,PCA,spearman,0.605,SIMLR,Pollen,dr1,0,SIMLR,other
PCA,PCA,PCA,svm,0.787,SIMLR,Pollen,dr1,0,SIMLR,other
PCA,PCA,PCA,AUC,0.553,SIMLR,Usoskin,dr2,0,SIMLR,other
PCA,PCA,PCA,Pearson,0.152,SIMLR,Usoskin,dr3,0,SIMLR,other
PCA,PCA,PCA,Qglobal,0.659,SIMLR,Usoskin,dr2,0,SIMLR,other
PCA,PCA,PCA,Qlocal,0.171,SIMLR,Usoskin,dr2,0,SIMLR,other
PCA,PCA,PCA,centroid_distance,0.904,SIMLR,Usoskin,dr1,0,SIMLR,other
PCA,PCA,PCA,k-nearest,0.25,SIMLR,Usoskin,dr1,0,SIMLR,other
PCA,PCA,PCA,kmax,135.0,SIMLR,Usoskin,dr2,0,SIMLR,other
PCA,PCA,PCA,random_triplet,0.554,SIMLR,Usoskin,dr1,0,SIMLR,other
PCA,PCA,PCA,spearman,0.139,SIMLR,Usoskin,dr1,0,SIMLR,other
PCA,PCA,PCA,svm,0.855,SIMLR,Usoskin,dr1,0,SIMLR,other
PCA,PCA,PCA,AUC,0.763,TI,DA1_horns,dr2,0,trajectory,other
PCA,PCA,PCA,Pearson,0.586,TI,DA1_horns,dr3,0,trajectory,other
PCA,PCA,PCA,Qglobal,0.864,TI,DA1_horns,dr2,0,trajectory,other
PCA,PCA,PCA,Qlocal,0.407,TI,DA1_horns,dr2,0,trajectory,other
PCA,PCA,PCA,centroid_distance,0.988,TI,DA1_horns,dr1,0,trajectory,other
PCA,PCA,PCA,k-nearest,1.0,TI,DA1_horns,dr1,0,trajectory,other
PCA,PCA,PCA,kmax,60.0,TI,DA1_horns,dr2,0,trajectory,other
PCA,PCA,PCA,random_triplet,0.831,TI,DA1_horns,dr1,0,trajectory,other
PCA,PCA,PCA,spearman,0.826,TI,DA1_horns,dr1,0,trajectory,other
PCA,PCA,PCA,svm,0.964,TI,DA1_horns,dr1,0,trajectory,other
PCA,PCA,PCA,AUC,0.8,TI,DC3_VA1d_horns,dr2,0,trajectory,other
PCA,PCA,PCA,Pearson,0.573,TI,DC3_VA1d_horns,dr3,0,trajectory,other
PCA,PCA,PCA,Qglobal,0.906,TI,DC3_VA1d_horns,dr2,0,trajectory,other
PCA,PCA,PCA,Qlocal,0.483,TI,DC3_VA1d_horns,dr2,0,trajectory,other
PCA,PCA,PCA,centroid_distance,0.959,TI,DC3_VA1d_horns,dr1,0,trajectory,other
PCA,PCA,PCA,k-nearest,0.778,TI,DC3_VA1d_horns,dr1,0,trajectory,other
PCA,PCA,PCA,kmax,40.0,TI,DC3_VA1d_horns,dr2,0,trajectory,other
PCA,PCA,PCA,random_triplet,0.851,TI,DC3_VA1d_horns,dr1,0,trajectory,other
PCA,PCA,PCA,spearman,0.895,TI,DC3_VA1d_horns,dr1,0,trajectory,other
PCA,PCA,PCA,svm,0.649,TI,DC3_VA1d_horns,dr1,0,trajectory,other
PCA,PCA,PCA,AUC,0.823,TI,ICM,dr2,0,trajectory,other
PCA,PCA,PCA,Pearson,0.851,TI,ICM,dr3,0,trajectory,other
PCA,PCA,PCA,Qglobal,0.895,TI,ICM,dr2,0,trajectory,other
PCA,PCA,PCA,Qlocal,0.558,TI,ICM,dr2,0,trajectory,other
PCA,PCA,PCA,centroid_distance,0.918,TI,ICM,dr1,0,trajectory,other
PCA,PCA,PCA,k-nearest,0.833,TI,ICM,dr1,0,trajectory,other
PCA,PCA,PCA,kmax,56.0,TI,ICM,dr2,0,trajectory,other
PCA,PCA,PCA,random_triplet,0.847,TI,ICM,dr1,0,trajectory,other
PCA,PCA,PCA,spearman,0.892,TI,ICM,dr1,0,trajectory,other
PCA,PCA,PCA,svm,0.776,TI,ICM,dr1,0,trajectory,other
PCA,PCA,PCA,AUC,0.828,TI,blastocyst,dr2,0,trajectory,other
PCA,PCA,PCA,Pearson,0.877,TI,blastocyst,dr3,0,trajectory,other
PCA,PCA,PCA,Qglobal,0.881,TI,blastocyst,dr2,0,trajectory,other
PCA,PCA,PCA,Qlocal,0.526,TI,blastocyst,dr2,0,trajectory,other
PCA,PCA,PCA,centroid_distance,0.913,TI,blastocyst,dr1,0,trajectory,other
PCA,PCA,PCA,k-nearest,0.795,TI,blastocyst,dr1,0,trajectory,other
PCA,PCA,PCA,kmax,50.0,TI,blastocyst,dr2,0,trajectory,other
PCA,PCA,PCA,random_triplet,0.847,TI,blastocyst,dr1,0,trajectory,other
PCA,PCA,PCA,spearman,0.908,TI,blastocyst,dr1,0,trajectory,other
PCA,PCA,PCA,svm,0.767,TI,blastocyst,dr1,0,trajectory,other
PCA,PCA,PCA,AUC,0.606,TI,combination-1,dr2,0,trajectory,other
PCA,PCA,PCA,Pearson,0.744,TI,combination-1,dr3,0,trajectory,other
PCA,PCA,PCA,Qglobal,0.854,TI,combination-1,dr2,0,trajectory,other
PCA,PCA,PCA,Qlocal,0.378,TI,combination-1,dr2,0,trajectory,other
PCA,PCA,PCA,centroid_distance,0.925,TI,combination-1,dr1,0,trajectory,other
PCA,PCA,PCA,k-nearest,0.857,TI,combination-1,dr1,0,trajectory,other
PCA,PCA,PCA,kmax,2236.0,TI,combination-1,dr2,0,trajectory,other
PCA,PCA,PCA,random_triplet,0.652,TI,combination-1,dr1,0,trajectory,other
PCA,PCA,PCA,spearman,0.619,TI,combination-1,dr1,0,trajectory,other
PCA,PCA,PCA,svm,0.795,TI,combination-1,dr1,0,trajectory,other
PCA,PCA,PCA,AUC,0.599,TI,combination-2,dr2,0,trajectory,other
PCA,PCA,PCA,Pearson,0.634,TI,combination-2,dr3,0,trajectory,other
PCA,PCA,PCA,Qglobal,0.826,TI,combination-2,dr2,0,trajectory,other
PCA,PCA,PCA,Qlocal,0.342,TI,combination-2,dr2,0,trajectory,other
PCA,PCA,PCA,centroid_distance,0.467,TI,combination-2,dr1,0,trajectory,other
PCA,PCA,PCA,k-nearest,0.611,TI,combination-2,dr1,0,trajectory,other
PCA,PCA,PCA,kmax,2037.0,TI,combination-2,dr2,0,trajectory,other
PCA,PCA,PCA,random_triplet,0.648,TI,combination-2,dr1,0,trajectory,other
PCA,PCA,PCA,spearman,0.528,TI,combination-2,dr1,0,trajectory,other
PCA,PCA,PCA,svm,0.628,TI,combination-2,dr1,0,trajectory,other
PCA,PCA,PCA,AUC,0.587,TI,combination-3,dr2,0,trajectory,other
PCA,PCA,PCA,Pearson,0.648,TI,combination-3,dr3,0,trajectory,other
PCA,PCA,PCA,Qglobal,0.784,TI,combination-3,dr2,0,trajectory,other
PCA,PCA,PCA,Qlocal,0.301,TI,combination-3,dr2,0,trajectory,other
PCA,PCA,PCA,centroid_distance,0.808,TI,combination-3,dr1,0,trajectory,other
PCA,PCA,PCA,k-nearest,0.571,TI,combination-3,dr1,0,trajectory,other
PCA,PCA,PCA,kmax,924.0,TI,combination-3,dr2,0,trajectory,other
PCA,PCA,PCA,random_triplet,0.625,TI,combination-3,dr1,0,trajectory,other
PCA,PCA,PCA,spearman,0.466,TI,combination-3,dr1,0,trajectory,other
PCA,PCA,PCA,svm,0.55,TI,combination-3,dr1,0,trajectory,other
PCA,PCA,PCA,AUC,0.79,TI,epiblast,dr2,0,trajectory,other
PCA,PCA,PCA,Pearson,0.772,TI,epiblast,dr3,0,trajectory,other
PCA,PCA,PCA,Qglobal,0.871,TI,epiblast,dr2,0,trajectory,other
PCA,PCA,PCA,Qlocal,0.466,TI,epiblast,dr2,0,trajectory,other
PCA,PCA,PCA,centroid_distance,0.989,TI,epiblast,dr1,0,trajectory,other
PCA,PCA,PCA,k-nearest,0.929,TI,epiblast,dr1,0,trajectory,other
PCA,PCA,PCA,kmax,35.0,TI,epiblast,dr2,0,trajectory,other
PCA,PCA,PCA,random_triplet,0.858,TI,epiblast,dr1,0,trajectory,other
PCA,PCA,PCA,spearman,0.878,TI,epiblast,dr1,0,trajectory,other
PCA,PCA,PCA,svm,0.857,TI,epiblast,dr1,0,trajectory,other
PCA,PCA,PCA,AUC,0.616,TI,epidermis,dr2,0,trajectory,other
PCA,PCA,PCA,Pearson,0.643,TI,epidermis,dr3,0,trajectory,other
PCA,PCA,PCA,Qglobal,0.759,TI,epidermis,dr2,0,trajectory,other
PCA,PCA,PCA,Qlocal,0.278,TI,epidermis,dr2,0,trajectory,other
PCA,PCA,PCA,centroid_distance,0.882,TI,epidermis,dr1,0,trajectory,other
PCA,PCA,PCA,k-nearest,0.8,TI,epidermis,dr1,0,trajectory,other
PCA,PCA,PCA,kmax,1189.0,TI,epidermis,dr2,0,trajectory,other
PCA,PCA,PCA,random_triplet,0.664,TI,epidermis,dr1,0,trajectory,other
PCA,PCA,PCA,spearman,0.571,TI,epidermis,dr1,0,trajectory,other
PCA,PCA,PCA,svm,0.858,TI,epidermis,dr1,0,trajectory,other
PCA,PCA,PCA,AUC,0.754,TI,horns,dr2,0,trajectory,other
PCA,PCA,PCA,Pearson,0.621,TI,horns,dr3,0,trajectory,other
PCA,PCA,PCA,Qglobal,0.892,TI,horns,dr2,0,trajectory,other
PCA,PCA,PCA,Qlocal,0.489,TI,horns,dr2,0,trajectory,other
PCA,PCA,PCA,centroid_distance,0.924,TI,horns,dr1,0,trajectory,other
PCA,PCA,PCA,k-nearest,0.786,TI,horns,dr1,0,trajectory,other
PCA,PCA,PCA,kmax,153.0,TI,horns,dr2,0,trajectory,other
PCA,PCA,PCA,random_triplet,0.815,TI,horns,dr1,0,trajectory,other
PCA,PCA,PCA,spearman,0.799,TI,horns,dr1,0,trajectory,other
PCA,PCA,PCA,svm,0.643,TI,horns,dr1,0,trajectory,other
PCA,PCA,PCA,AUC,0.542,TI,muscle,dr2,0,trajectory,other
PCA,PCA,PCA,Pearson,0.633,TI,muscle,dr3,0,trajectory,other
PCA,PCA,PCA,Qglobal,0.923,TI,muscle,dr2,0,trajectory,other
PCA,PCA,PCA,Qlocal,0.415,TI,muscle,dr2,0,trajectory,other
PCA,PCA,PCA,centroid_distance,1.0,TI,muscle,dr1,0,trajectory,other
PCA,PCA,PCA,k-nearest,1.0,TI,muscle,dr1,0,trajectory,other
PCA,PCA,PCA,kmax,1753.0,TI,muscle,dr2,0,trajectory,other
PCA,PCA,PCA,random_triplet,0.563,TI,muscle,dr1,0,trajectory,other
PCA,PCA,PCA,spearman,0.465,TI,muscle,dr1,0,trajectory,other
PCA,PCA,PCA,svm,0.615,TI,muscle,dr1,0,trajectory,other
PCA,PCA,PCA,AUC,0.573,TI,neuron,dr2,0,trajectory,other
PCA,PCA,PCA,Pearson,0.655,TI,neuron,dr3,0,trajectory,other
PCA,PCA,PCA,Qglobal,0.862,TI,neuron,dr2,0,trajectory,other
PCA,PCA,PCA,Qlocal,0.364,TI,neuron,dr2,0,trajectory,other
PCA,PCA,PCA,centroid_distance,0.454,TI,neuron,dr1,0,trajectory,other
PCA,PCA,PCA,k-nearest,0.5,TI,neuron,dr1,0,trajectory,other
PCA,PCA,PCA,kmax,1361.0,TI,neuron,dr2,0,trajectory,other
PCA,PCA,PCA,random_triplet,0.609,TI,neuron,dr1,0,trajectory,other
PCA,PCA,PCA,spearman,0.523,TI,neuron,dr1,0,trajectory,other
PCA,PCA,PCA,svm,0.715,TI,neuron,dr1,0,trajectory,other
PCA,PCA,PCA,AUC,0.584,TI,pair-1,dr2,0,trajectory,other
PCA,PCA,PCA,Pearson,0.621,TI,pair-1,dr3,0,trajectory,other
PCA,PCA,PCA,Qglobal,0.817,TI,pair-1,dr2,0,trajectory,other
PCA,PCA,PCA,Qlocal,0.332,TI,pair-1,dr2,0,trajectory,other
PCA,PCA,PCA,centroid_distance,0.867,TI,pair-1,dr1,0,trajectory,other
PCA,PCA,PCA,k-nearest,0.625,TI,pair-1,dr1,0,trajectory,other
PCA,PCA,PCA,kmax,5076.0,TI,pair-1,dr2,0,trajectory,other
PCA,PCA,PCA,random_triplet,0.623,TI,pair-1,dr1,0,trajectory,other
PCA,PCA,PCA,spearman,0.504,TI,pair-1,dr1,0,trajectory,other
PCA,PCA,PCA,svm,0.872,TI,pair-1,dr1,0,trajectory,other
PCA,PCA,PCA,AUC,0.593,TI,pair-2,dr2,0,trajectory,other
PCA,PCA,PCA,Pearson,0.546,TI,pair-2,dr3,0,trajectory,other
PCA,PCA,PCA,Qglobal,0.86,TI,pair-2,dr2,0,trajectory,other
PCA,PCA,PCA,Qlocal,0.362,TI,pair-2,dr2,0,trajectory,other
PCA,PCA,PCA,centroid_distance,0.53,TI,pair-2,dr1,0,trajectory,other
PCA,PCA,PCA,k-nearest,0.615,TI,pair-2,dr1,0,trajectory,other
PCA,PCA,PCA,kmax,5716.0,TI,pair-2,dr2,0,trajectory,other
PCA,PCA,PCA,random_triplet,0.648,TI,pair-2,dr1,0,trajectory,other
PCA,PCA,PCA,spearman,0.606,TI,pair-2,dr1,0,trajectory,other
PCA,PCA,PCA,svm,0.789,TI,pair-2,dr1,0,trajectory,other
PCA,PCA,PCA,AUC,0.583,TI,pair-3,dr2,0,trajectory,other
PCA,PCA,PCA,Pearson,0.581,TI,pair-3,dr3,0,trajectory,other
PCA,PCA,PCA,Qglobal,0.86,TI,pair-3,dr2,0,trajectory,other
PCA,PCA,PCA,Qlocal,0.362,TI,pair-3,dr2,0,trajectory,other
PCA,PCA,PCA,centroid_distance,0.629,TI,pair-3,dr1,0,trajectory,other
PCA,PCA,PCA,k-nearest,0.625,TI,pair-3,dr1,0,trajectory,other
PCA,PCA,PCA,kmax,4765.0,TI,pair-3,dr2,0,trajectory,other
PCA,PCA,PCA,random_triplet,0.633,TI,pair-3,dr1,0,trajectory,other
PCA,PCA,PCA,spearman,0.55,TI,pair-3,dr1,0,trajectory,other
PCA,PCA,PCA,svm,0.887,TI,pair-3,dr1,0,trajectory,other
PCA,PCA,PCA,AUC,0.585,TI,pair-4,dr2,0,trajectory,other
PCA,PCA,PCA,Pearson,0.686,TI,pair-4,dr3,0,trajectory,other
PCA,PCA,PCA,Qglobal,0.875,TI,pair-4,dr2,0,trajectory,other
PCA,PCA,PCA,Qlocal,0.373,TI,pair-4,dr2,0,trajectory,other
PCA,PCA,PCA,centroid_distance,0.527,TI,pair-4,dr1,0,trajectory,other
PCA,PCA,PCA,k-nearest,0.633,TI,pair-4,dr1,0,trajectory,other
PCA,PCA,PCA,kmax,5178.0,TI,pair-4,dr2,0,trajectory,other
PCA,PCA,PCA,random_triplet,0.639,TI,pair-4,dr1,0,trajectory,other
PCA,PCA,PCA,spearman,0.614,TI,pair-4,dr1,0,trajectory,other
PCA,PCA,PCA,svm,0.825,TI,pair-4,dr1,0,trajectory,other
PCA,PCA,PCA,AUC,0.632,TI,parenchyme,dr2,0,trajectory,other
PCA,PCA,PCA,Pearson,0.671,TI,parenchyme,dr3,0,trajectory,other
PCA,PCA,PCA,Qglobal,0.814,TI,parenchyme,dr2,0,trajectory,other
PCA,PCA,PCA,Qlocal,0.358,TI,parenchyme,dr2,0,trajectory,other
PCA,PCA,PCA,centroid_distance,0.894,TI,parenchyme,dr1,0,trajectory,other
PCA,PCA,PCA,k-nearest,0.6,TI,parenchyme,dr1,0,trajectory,other
PCA,PCA,PCA,kmax,791.0,TI,parenchyme,dr2,0,trajectory,other
PCA,PCA,PCA,random_triplet,0.678,TI,parenchyme,dr1,0,trajectory,other
PCA,PCA,PCA,spearman,0.539,TI,parenchyme,dr1,0,trajectory,other
PCA,PCA,PCA,svm,0.783,TI,parenchyme,dr1,0,trajectory,other
PCA,PCA,PCA,AUC,0.657,TI,phagocyte,dr2,0,trajectory,other
PCA,PCA,PCA,Pearson,0.7,TI,phagocyte,dr3,0,trajectory,other
PCA,PCA,PCA,Qglobal,0.866,TI,phagocyte,dr2,0,trajectory,other
PCA,PCA,PCA,Qlocal,0.422,TI,phagocyte,dr2,0,trajectory,other
PCA,PCA,PCA,centroid_distance,1.0,TI,phagocyte,dr1,0,trajectory,other
PCA,PCA,PCA,k-nearest,1.0,TI,phagocyte,dr1,0,trajectory,other
PCA,PCA,PCA,kmax,325.0,TI,phagocyte,dr2,0,trajectory,other
PCA,PCA,PCA,random_triplet,0.711,TI,phagocyte,dr1,0,trajectory,other
PCA,PCA,PCA,spearman,0.695,TI,phagocyte,dr1,0,trajectory,other
PCA,PCA,PCA,svm,0.942,TI,phagocyte,dr1,0,trajectory,other
PCA,PCA,PCA,AUC,0.654,TI,pharynx,dr2,0,trajectory,other
PCA,PCA,PCA,Pearson,0.709,TI,pharynx,dr3,0,trajectory,other
PCA,PCA,PCA,Qglobal,0.894,TI,pharynx,dr2,0,trajectory,other
PCA,PCA,PCA,Qlocal,0.433,TI,pharynx,dr2,0,trajectory,other
PCA,PCA,PCA,centroid_distance,1.0,TI,pharynx,dr1,0,trajectory,other
PCA,PCA,PCA,k-nearest,1.0,TI,pharynx,dr1,0,trajectory,other
PCA,PCA,PCA,kmax,150.0,TI,pharynx,dr2,0,trajectory,other
PCA,PCA,PCA,random_triplet,0.704,TI,pharynx,dr1,0,trajectory,other
PCA,PCA,PCA,spearman,0.749,TI,pharynx,dr1,0,trajectory,other
PCA,PCA,PCA,svm,0.983,TI,pharynx,dr1,0,trajectory,other
PCA,PCA,PCA,AUC,0.77,TI,trophectoderm,dr2,0,trajectory,other
PCA,PCA,PCA,Pearson,0.768,TI,trophectoderm,dr3,0,trajectory,other
PCA,PCA,PCA,Qglobal,0.885,TI,trophectoderm,dr2,0,trajectory,other
PCA,PCA,PCA,Qlocal,0.487,TI,trophectoderm,dr2,0,trajectory,other
PCA,PCA,PCA,centroid_distance,1.0,TI,trophectoderm,dr1,0,trajectory,other
PCA,PCA,PCA,k-nearest,1.0,TI,trophectoderm,dr1,0,trajectory,other
PCA,PCA,PCA,kmax,22.0,TI,trophectoderm,dr2,0,trajectory,other
PCA,PCA,PCA,random_triplet,0.822,TI,trophectoderm,dr1,0,trajectory,other
PCA,PCA,PCA,spearman,0.845,TI,trophectoderm,dr1,0,trajectory,other
PCA,PCA,PCA,svm,1.0,TI,trophectoderm,dr1,0,trajectory,other
PCA,PCA,PCA,AUC,0.696,VASC,Baron,dr2,0,VASC,other
PCA,PCA,PCA,Pearson,0.824,VASC,Baron,dr3,0,VASC,other
PCA,PCA,PCA,Qglobal,0.755,VASC,Baron,dr2,0,VASC,other
PCA,PCA,PCA,Qlocal,0.27,VASC,Baron,dr2,0,VASC,other
PCA,PCA,PCA,centroid_distance,0.774,VASC,Baron,dr1,0,VASC,other
PCA,PCA,PCA,k-nearest,0.679,VASC,Baron,dr1,0,VASC,other
PCA,PCA,PCA,kmax,1046.0,VASC,Baron,dr2,0,VASC,other
PCA,PCA,PCA,random_triplet,0.75,VASC,Baron,dr1,0,VASC,other
PCA,PCA,PCA,spearman,0.841,VASC,Baron,dr1,0,VASC,other
PCA,PCA,PCA,svm,0.274,VASC,Baron,dr1,0,VASC,other
PCA,PCA,PCA,AUC,0.868,VASC,Biase,dr2,0,VASC,other
PCA,PCA,PCA,Pearson,0.884,VASC,Biase,dr3,0,VASC,other
PCA,PCA,PCA,Qglobal,0.979,VASC,Biase,dr2,0,VASC,other
PCA,PCA,PCA,Qlocal,0.708,VASC,Biase,dr2,0,VASC,other
PCA,PCA,PCA,centroid_distance,1.0,VASC,Biase,dr1,0,VASC,other
PCA,PCA,PCA,k-nearest,1.0,VASC,Biase,dr1,0,VASC,other
PCA,PCA,PCA,kmax,19.0,VASC,Biase,dr2,0,VASC,other
PCA,PCA,PCA,random_triplet,0.904,VASC,Biase,dr1,0,VASC,other
PCA,PCA,PCA,spearman,0.955,VASC,Biase,dr1,0,VASC,other
PCA,PCA,PCA,svm,1.0,VASC,Biase,dr1,0,VASC,other
PCA,PCA,PCA,AUC,0.794,VASC,Goolam,dr2,0,VASC,other
PCA,PCA,PCA,Pearson,0.868,VASC,Goolam,dr3,0,VASC,other
PCA,PCA,PCA,Qglobal,0.881,VASC,Goolam,dr2,0,VASC,other
PCA,PCA,PCA,Qlocal,0.491,VASC,Goolam,dr2,0,VASC,other
PCA,PCA,PCA,centroid_distance,1.0,VASC,Goolam,dr1,0,VASC,other
PCA,PCA,PCA,k-nearest,1.0,VASC,Goolam,dr1,0,VASC,other
PCA,PCA,PCA,kmax,26.0,VASC,Goolam,dr2,0,VASC,other
PCA,PCA,PCA,random_triplet,0.842,VASC,Goolam,dr1,0,VASC,other
PCA,PCA,PCA,spearman,0.869,VASC,Goolam,dr1,0,VASC,other
PCA,PCA,PCA,svm,0.984,VASC,Goolam,dr1,0,VASC,other
PCA,PCA,PCA,AUC,0.569,VASC,Xin,dr2,0,VASC,other
PCA,PCA,PCA,Pearson,0.742,VASC,Xin,dr3,0,VASC,other
PCA,PCA,PCA,Qglobal,0.845,VASC,Xin,dr2,0,VASC,other
PCA,PCA,PCA,Qlocal,0.34,VASC,Xin,dr2,0,VASC,other
PCA,PCA,PCA,centroid_distance,0.961,VASC,Xin,dr1,0,VASC,other
PCA,PCA,PCA,k-nearest,0.75,VASC,Xin,dr1,0,VASC,other
PCA,PCA,PCA,kmax,872.0,VASC,Xin,dr2,0,VASC,other
PCA,PCA,PCA,random_triplet,0.604,VASC,Xin,dr1,0,VASC,other
PCA,PCA,PCA,spearman,0.53,VASC,Xin,dr1,0,VASC,other
PCA,PCA,PCA,svm,0.674,VASC,Xin,dr1,0,VASC,other
PCA,PCA,PCA,AUC,0.717,VASC,Zeisel,dr2,0,VASC,other
PCA,PCA,PCA,Pearson,0.804,VASC,Zeisel,dr3,0,VASC,other
PCA,PCA,PCA,Qglobal,0.842,VASC,Zeisel,dr2,0,VASC,other
PCA,PCA,PCA,Qlocal,0.413,VASC,Zeisel,dr2,0,VASC,other
PCA,PCA,PCA,centroid_distance,0.724,VASC,Zeisel,dr1,0,VASC,other
PCA,PCA,PCA,k-nearest,0.667,VASC,Zeisel,dr1,0,VASC,other
PCA,PCA,PCA,kmax,872.0,VASC,Zeisel,dr2,0,VASC,other
PCA,PCA,PCA,random_triplet,0.762,VASC,Zeisel,dr1,0,VASC,other
PCA,PCA,PCA,spearman,0.799,VASC,Zeisel,dr1,0,VASC,other
PCA,PCA,PCA,svm,0.725,VASC,Zeisel,dr1,0,VASC,other
PCA,PCA,PCA,AUC,0.88,VASC,yan,dr2,0,VASC,other
PCA,PCA,PCA,Pearson,0.918,VASC,yan,dr3,0,VASC,other
PCA,PCA,PCA,Qglobal,0.951,VASC,yan,dr2,0,VASC,other
PCA,PCA,PCA,Qlocal,0.723,VASC,yan,dr2,0,VASC,other
PCA,PCA,PCA,centroid_distance,0.996,VASC,yan,dr1,0,VASC,other
PCA,PCA,PCA,k-nearest,1.0,VASC,yan,dr1,0,VASC,other
PCA,PCA,PCA,kmax,24.0,VASC,yan,dr2,0,VASC,other
PCA,PCA,PCA,random_triplet,0.907,VASC,yan,dr1,0,VASC,other
PCA,PCA,PCA,spearman,0.943,VASC,yan,dr1,0,VASC,other
PCA,PCA,PCA,svm,0.833,VASC,yan,dr1,0,VASC,other
PCA,PCA,PCA,AUC,0.649,benchmarker,Baron_mouse,dr2,0,curated,other
PCA,PCA,PCA,Pearson,0.799,benchmarker,Baron_mouse,dr3,0,curated,other
PCA,PCA,PCA,Qglobal,0.931,benchmarker,Baron_mouse,dr2,0,curated,other
PCA,PCA,PCA,Qlocal,0.481,benchmarker,Baron_mouse,dr2,0,curated,other
PCA,PCA,PCA,centroid_distance,0.364,benchmarker,Baron_mouse,dr1,0,curated,other
PCA,PCA,PCA,k-nearest,0.564,benchmarker,Baron_mouse,dr1,0,curated,other
PCA,PCA,PCA,kmax,1177.0,benchmarker,Baron_mouse,dr2,0,curated,other
PCA,PCA,PCA,random_triplet,0.704,benchmarker,Baron_mouse,dr1,0,curated,other
PCA,PCA,PCA,spearman,0.818,benchmarker,Baron_mouse,dr1,0,curated,other
PCA,PCA,PCA,svm,0.741,benchmarker,Baron_mouse,dr1,0,curated,other
PCA,PCA,PCA,AUC,0.644,benchmarker,Darmanis,dr2,0,curated,other
PCA,PCA,PCA,Pearson,0.589,benchmarker,Darmanis,dr3,0,curated,other
PCA,PCA,PCA,Qglobal,0.732,benchmarker,Darmanis,dr2,0,curated,other
PCA,PCA,PCA,Qlocal,0.31,benchmarker,Darmanis,dr2,0,curated,other
PCA,PCA,PCA,centroid_distance,0.708,benchmarker,Darmanis,dr1,0,curated,other
PCA,PCA,PCA,k-nearest,0.5,benchmarker,Darmanis,dr1,0,curated,other
PCA,PCA,PCA,kmax,87.0,benchmarker,Darmanis,dr2,0,curated,other
PCA,PCA,PCA,random_triplet,0.692,benchmarker,Darmanis,dr1,0,curated,other
PCA,PCA,PCA,spearman,0.633,benchmarker,Darmanis,dr1,0,curated,other
PCA,PCA,PCA,svm,0.707,benchmarker,Darmanis,dr1,0,curated,other
PCA,PCA,PCA,AUC,0.713,benchmarker,Pancreatic,dr2,0,curated,other
PCA,PCA,PCA,Pearson,0.532,benchmarker,Pancreatic,dr3,0,curated,other
PCA,PCA,PCA,Qglobal,0.798,benchmarker,Pancreatic,dr2,0,curated,other
PCA,PCA,PCA,Qlocal,0.329,benchmarker,Pancreatic,dr2,0,curated,other
PCA,PCA,PCA,centroid_distance,0.909,benchmarker,Pancreatic,dr1,0,curated,other
PCA,PCA,PCA,k-nearest,0.833,benchmarker,Pancreatic,dr1,0,curated,other
PCA,PCA,PCA,kmax,10.0,benchmarker,Pancreatic,dr2,0,curated,other
PCA,PCA,PCA,random_triplet,0.777,benchmarker,Pancreatic,dr1,0,curated,other
PCA,PCA,PCA,spearman,0.674,benchmarker,Pancreatic,dr1,0,curated,other
PCA,PCA,PCA,svm,0.6,benchmarker,Pancreatic,dr1,0,curated,other
PCA,PCA,PCA,AUC,0.735,benchmarker,Silver,dr2,0,curated,other
PCA,PCA,PCA,Pearson,0.803,benchmarker,Silver,dr3,0,curated,other
PCA,PCA,PCA,Qglobal,0.855,benchmarker,Silver,dr2,0,curated,other
PCA,PCA,PCA,Qlocal,0.382,benchmarker,Silver,dr2,0,curated,other
PCA,PCA,PCA,centroid_distance,0.988,benchmarker,Silver,dr1,0,curated,other
PCA,PCA,PCA,k-nearest,0.909,benchmarker,Silver,dr1,0,curated,other
PCA,PCA,PCA,kmax,654.0,benchmarker,Silver,dr2,0,curated,other
PCA,PCA,PCA,random_triplet,0.799,benchmarker,Silver,dr1,0,curated,other
PCA,PCA,PCA,spearman,0.816,benchmarker,Silver,dr1,0,curated,other
PCA,PCA,PCA,svm,0.514,benchmarker,Silver,dr1,0,curated,other
PCA,PCA,PCA,AUC,0.708,benchmarker,Zhengmix4eq,dr2,0,curated,other
PCA,PCA,PCA,Pearson,0.792,benchmarker,Zhengmix4eq,dr3,0,curated,other
PCA,PCA,PCA,Qglobal,0.836,benchmarker,Zhengmix4eq,dr2,0,curated,other
PCA,PCA,PCA,Qlocal,0.329,benchmarker,Zhengmix4eq,dr2,0,curated,other
PCA,PCA,PCA,centroid_distance,1.0,benchmarker,Zhengmix4eq,dr1,0,curated,other
PCA,PCA,PCA,k-nearest,1.0,benchmarker,Zhengmix4eq,dr1,0,curated,other
PCA,PCA,PCA,kmax,1004.0,benchmarker,Zhengmix4eq,dr2,0,curated,other
PCA,PCA,PCA,random_triplet,0.767,benchmarker,Zhengmix4eq,dr1,0,curated,other
PCA,PCA,PCA,spearman,0.775,benchmarker,Zhengmix4eq,dr1,0,curated,other
PCA,PCA,PCA,svm,0.905,benchmarker,Zhengmix4eq,dr1,0,curated,other
PCA,PCA,PCA,AUC,0.658,scDesign3,ACINAR,dr2,0,scDesign3,other
PCA,PCA,PCA,Pearson,0.232,scDesign3,ACINAR,dr3,0,scDesign3,other
PCA,PCA,PCA,Qglobal,0.716,scDesign3,ACINAR,dr2,0,scDesign3,other
PCA,PCA,PCA,Qlocal,0.317,scDesign3,ACINAR,dr2,0,scDesign3,other
PCA,PCA,PCA,centroid_distance,0.505,scDesign3,ACINAR,dr1,0,scDesign3,other
PCA,PCA,PCA,k-nearest,0.433,scDesign3,ACINAR,dr1,0,scDesign3,other
PCA,PCA,PCA,kmax,442.0,scDesign3,ACINAR,dr2,0,scDesign3,other
PCA,PCA,PCA,random_triplet,0.676,scDesign3,ACINAR,dr1,0,scDesign3,other
PCA,PCA,PCA,spearman,0.439,scDesign3,ACINAR,dr1,0,scDesign3,other
PCA,PCA,PCA,svm,0.499,scDesign3,ACINAR,dr1,0,scDesign3,other
PCA,PCA,PCA,AUC,0.675,scDesign3,ATAC,dr2,0,scDesign3,other
PCA,PCA,PCA,Pearson,0.657,scDesign3,ATAC,dr3,0,scDesign3,other
PCA,PCA,PCA,Qglobal,0.861,scDesign3,ATAC,dr2,0,scDesign3,other
PCA,PCA,PCA,Qlocal,0.384,scDesign3,ATAC,dr2,0,scDesign3,other
PCA,PCA,PCA,centroid_distance,0.756,scDesign3,ATAC,dr1,0,scDesign3,other
PCA,PCA,PCA,k-nearest,0.872,scDesign3,ATAC,dr1,0,scDesign3,other
PCA,PCA,PCA,kmax,2747.0,scDesign3,ATAC,dr2,0,scDesign3,other
PCA,PCA,PCA,random_triplet,0.755,scDesign3,ATAC,dr1,0,scDesign3,other
PCA,PCA,PCA,spearman,0.66,scDesign3,ATAC,dr1,0,scDesign3,other
PCA,PCA,PCA,svm,0.682,scDesign3,ATAC,dr1,0,scDesign3,other
PCA,PCA,PCA,AUC,0.763,scDesign3,BATCH,dr2,0,scDesign3,other
PCA,PCA,PCA,Pearson,0.695,scDesign3,BATCH,dr3,0,scDesign3,other
PCA,PCA,PCA,Qglobal,0.853,scDesign3,BATCH,dr2,0,scDesign3,other
PCA,PCA,PCA,Qlocal,0.459,scDesign3,BATCH,dr2,0,scDesign3,other
PCA,PCA,PCA,centroid_distance,0.839,scDesign3,BATCH,dr1,0,scDesign3,other
PCA,PCA,PCA,k-nearest,0.556,scDesign3,BATCH,dr1,0,scDesign3,other
PCA,PCA,PCA,kmax,1432.0,scDesign3,BATCH,dr2,0,scDesign3,other
PCA,PCA,PCA,random_triplet,0.81,scDesign3,BATCH,dr1,0,scDesign3,other
PCA,PCA,PCA,spearman,0.852,scDesign3,BATCH,dr1,0,scDesign3,other
PCA,PCA,PCA,svm,0.664,scDesign3,BATCH,dr1,0,scDesign3,other
PCA,PCA,PCA,AUC,0.605,scDesign3,CITE,dr2,0,scDesign3,other
PCA,PCA,PCA,Pearson,0.118,scDesign3,CITE,dr3,0,scDesign3,other
PCA,PCA,PCA,Qglobal,0.701,scDesign3,CITE,dr2,0,scDesign3,other
PCA,PCA,PCA,Qlocal,0.326,scDesign3,CITE,dr2,0,scDesign3,other
PCA,PCA,PCA,centroid_distance,0.12,scDesign3,CITE,dr1,0,scDesign3,other
PCA,PCA,PCA,k-nearest,0.317,scDesign3,CITE,dr1,0,scDesign3,other
PCA,PCA,PCA,kmax,2199.0,scDesign3,CITE,dr2,0,scDesign3,other
PCA,PCA,PCA,random_triplet,0.59,scDesign3,CITE,dr1,0,scDesign3,other
PCA,PCA,PCA,spearman,0.19,scDesign3,CITE,dr1,0,scDesign3,other
PCA,PCA,PCA,svm,0.694,scDesign3,CITE,dr1,0,scDesign3,other
PCA,PCA,PCA,AUC,0.642,scDesign3,EMBYRO,dr2,0,scDesign3,other
PCA,PCA,PCA,Pearson,0.403,scDesign3,EMBYRO,dr3,0,scDesign3,other
PCA,PCA,PCA,Qglobal,0.765,scDesign3,EMBYRO,dr2,0,scDesign3,other
PCA,PCA,PCA,Qlocal,0.321,scDesign3,EMBYRO,dr2,0,scDesign3,other
PCA,PCA,PCA,centroid_distance,0.969,scDesign3,EMBYRO,dr1,0,scDesign3,other
PCA,PCA,PCA,k-nearest,0.4,scDesign3,EMBYRO,dr1,0,scDesign3,other
PCA,PCA,PCA,kmax,357.0,scDesign3,EMBYRO,dr2,0,scDesign3,other
PCA,PCA,PCA,random_triplet,0.683,scDesign3,EMBYRO,dr1,0,scDesign3,other
PCA,PCA,PCA,spearman,0.501,scDesign3,EMBYRO,dr1,0,scDesign3,other
PCA,PCA,PCA,svm,0.641,scDesign3,EMBYRO,dr1,0,scDesign3,other
PCA,PCA,PCA,AUC,0.689,scDesign3,IFNB,dr2,0,scDesign3,other
PCA,PCA,PCA,Pearson,0.575,scDesign3,IFNB,dr3,0,scDesign3,other
PCA,PCA,PCA,Qglobal,0.845,scDesign3,IFNB,dr2,0,scDesign3,other
PCA,PCA,PCA,Qlocal,0.433,scDesign3,IFNB,dr2,0,scDesign3,other
PCA,PCA,PCA,centroid_distance,0.707,scDesign3,IFNB,dr1,0,scDesign3,other
PCA,PCA,PCA,k-nearest,0.513,scDesign3,IFNB,dr1,0,scDesign3,other
PCA,PCA,PCA,kmax,5309.0,scDesign3,IFNB,dr2,0,scDesign3,other
PCA,PCA,PCA,random_triplet,0.725,scDesign3,IFNB,dr1,0,scDesign3,other
PCA,PCA,PCA,spearman,0.791,scDesign3,IFNB,dr1,0,scDesign3,other
PCA,PCA,PCA,svm,0.587,scDesign3,IFNB,dr1,0,scDesign3,other
PCA,PCA,PCA,AUC,0.801,scDesign3,MARROW,dr2,0,scDesign3,other
PCA,PCA,PCA,Pearson,0.834,scDesign3,MARROW,dr3,0,scDesign3,other
PCA,PCA,PCA,Qglobal,0.889,scDesign3,MARROW,dr2,0,scDesign3,other
PCA,PCA,PCA,Qlocal,0.518,scDesign3,MARROW,dr2,0,scDesign3,other
PCA,PCA,PCA,centroid_distance,0.858,scDesign3,MARROW,dr1,0,scDesign3,other
PCA,PCA,PCA,k-nearest,0.667,scDesign3,MARROW,dr1,0,scDesign3,other
PCA,PCA,PCA,kmax,629.0,scDesign3,MARROW,dr2,0,scDesign3,other
PCA,PCA,PCA,random_triplet,0.846,scDesign3,MARROW,dr1,0,scDesign3,other
PCA,PCA,PCA,spearman,0.853,scDesign3,MARROW,dr1,0,scDesign3,other
PCA,PCA,PCA,svm,0.905,scDesign3,MARROW,dr1,0,scDesign3,other
PCA,PCA,PCA,AUC,0.676,scDesign3,MOBSC,dr2,0,scDesign3,other
PCA,PCA,PCA,Pearson,0.697,scDesign3,MOBSC,dr3,0,scDesign3,other
PCA,PCA,PCA,Qglobal,0.787,scDesign3,MOBSC,dr2,0,scDesign3,other
PCA,PCA,PCA,Qlocal,0.342,scDesign3,MOBSC,dr2,0,scDesign3,other
PCA,PCA,PCA,centroid_distance,0.687,scDesign3,MOBSC,dr1,0,scDesign3,other
PCA,PCA,PCA,k-nearest,0.5,scDesign3,MOBSC,dr1,0,scDesign3,other
PCA,PCA,PCA,kmax,3143.0,scDesign3,MOBSC,dr2,0,scDesign3,other
PCA,PCA,PCA,random_triplet,0.72,scDesign3,MOBSC,dr1,0,scDesign3,other
PCA,PCA,PCA,spearman,0.598,scDesign3,MOBSC,dr1,0,scDesign3,other
PCA,PCA,PCA,svm,0.754,scDesign3,MOBSC,dr1,0,scDesign3,other
PCA,PCA,PCA,AUC,0.646,scDesign3,OVARIAN,dr2,0,scDesign3,other
PCA,PCA,PCA,Pearson,0.199,scDesign3,OVARIAN,dr3,0,scDesign3,other
PCA,PCA,PCA,Qglobal,0.734,scDesign3,OVARIAN,dr2,0,scDesign3,other
PCA,PCA,PCA,Qlocal,0.313,scDesign3,OVARIAN,dr2,0,scDesign3,other
PCA,PCA,PCA,centroid_distance,0.624,scDesign3,OVARIAN,dr1,0,scDesign3,other
PCA,PCA,PCA,k-nearest,0.515,scDesign3,OVARIAN,dr1,0,scDesign3,other
PCA,PCA,PCA,kmax,722.0,scDesign3,OVARIAN,dr2,0,scDesign3,other
PCA,PCA,PCA,random_triplet,0.662,scDesign3,OVARIAN,dr1,0,scDesign3,other
PCA,PCA,PCA,spearman,0.312,scDesign3,OVARIAN,dr1,0,scDesign3,other
PCA,PCA,PCA,svm,0.502,scDesign3,OVARIAN,dr1,0,scDesign3,other
PCA,PCA,PCA,AUC,0.746,scDesign3,PANCREAS,dr2,0,scDesign3,other
PCA,PCA,PCA,Pearson,0.373,scDesign3,PANCREAS,dr3,0,scDesign3,other
PCA,PCA,PCA,Qglobal,0.825,scDesign3,PANCREAS,dr2,0,scDesign3,other
PCA,PCA,PCA,Qlocal,0.445,scDesign3,PANCREAS,dr2,0,scDesign3,other
PCA,PCA,PCA,centroid_distance,0.783,scDesign3,PANCREAS,dr1,0,scDesign3,other
PCA,PCA,PCA,k-nearest,0.5,scDesign3,PANCREAS,dr1,0,scDesign3,other
PCA,PCA,PCA,kmax,434.0,scDesign3,PANCREAS,dr2,0,scDesign3,other
PCA,PCA,PCA,random_triplet,0.78,scDesign3,PANCREAS,dr1,0,scDesign3,other
PCA,PCA,PCA,spearman,0.541,scDesign3,PANCREAS,dr1,0,scDesign3,other
PCA,PCA,PCA,svm,0.909,scDesign3,PANCREAS,dr1,0,scDesign3,other
PCA,PCA,PCA,AUC,0.798,scDesign3,SCGEMMETH,dr2,0,scDesign3,other
PCA,PCA,PCA,Pearson,0.904,scDesign3,SCGEMMETH,dr3,0,scDesign3,other
PCA,PCA,PCA,Qglobal,0.956,scDesign3,SCGEMMETH,dr2,0,scDesign3,other
PCA,PCA,PCA,Qlocal,0.593,scDesign3,SCGEMMETH,dr2,0,scDesign3,other
PCA,PCA,PCA,centroid_distance,1.0,scDesign3,SCGEMMETH,dr1,0,scDesign3,other
PCA,PCA,PCA,k-nearest,1.0,scDesign3,SCGEMMETH,dr1,0,scDesign3,other
PCA,PCA,PCA,kmax,59.0,scDesign3,SCGEMMETH,dr2,0,scDesign3,other
PCA,PCA,PCA,random_triplet,0.886,scDesign3,SCGEMMETH,dr1,0,scDesign3,other
PCA,PCA,PCA,spearman,0.92,scDesign3,SCGEMMETH,dr1,0,scDesign3,other
PCA,PCA,PCA,svm,0.698,scDesign3,SCGEMMETH,dr1,0,scDesign3,other
PCA,PCA,PCA,AUC,0.818,scDesign3,SCGEMRNA,dr2,0,scDesign3,other
PCA,PCA,PCA,Pearson,0.924,scDesign3,SCGEMRNA,dr3,0,scDesign3,other
PCA,PCA,PCA,Qglobal,0.934,scDesign3,SCGEMRNA,dr2,0,scDesign3,other
PCA,PCA,PCA,Qlocal,0.547,scDesign3,SCGEMRNA,dr2,0,scDesign3,other
PCA,PCA,PCA,centroid_distance,0.981,scDesign3,SCGEMRNA,dr1,0,scDesign3,other
PCA,PCA,PCA,k-nearest,0.8,scDesign3,SCGEMRNA,dr1,0,scDesign3,other
PCA,PCA,PCA,kmax,51.0,scDesign3,SCGEMRNA,dr2,0,scDesign3,other
PCA,PCA,PCA,random_triplet,0.89,scDesign3,SCGEMRNA,dr1,0,scDesign3,other
PCA,PCA,PCA,spearman,0.931,scDesign3,SCGEMRNA,dr1,0,scDesign3,other
PCA,PCA,PCA,svm,0.781,scDesign3,SCGEMRNA,dr1,0,scDesign3,other
PCA,PCA,PCA,AUC,0.558,scDesign3,SCIATAC,dr2,0,scDesign3,other
PCA,PCA,PCA,Pearson,0.515,scDesign3,SCIATAC,dr3,0,scDesign3,other
PCA,PCA,PCA,Qglobal,0.801,scDesign3,SCIATAC,dr2,0,scDesign3,other
PCA,PCA,PCA,Qlocal,0.27,scDesign3,SCIATAC,dr2,0,scDesign3,other
PCA,PCA,PCA,centroid_distance,0.361,scDesign3,SCIATAC,dr1,0,scDesign3,other
PCA,PCA,PCA,k-nearest,0.444,scDesign3,SCIATAC,dr1,0,scDesign3,other
PCA,PCA,PCA,kmax,1838.0,scDesign3,SCIATAC,dr2,0,scDesign3,other
PCA,PCA,PCA,random_triplet,0.593,scDesign3,SCIATAC,dr1,0,scDesign3,other
PCA,PCA,PCA,spearman,0.55,scDesign3,SCIATAC,dr1,0,scDesign3,other
PCA,PCA,PCA,svm,0.588,scDesign3,SCIATAC,dr1,0,scDesign3,other
PCA,PCA,PCA,AUC,0.59,scDesign3,SLIDE,dr2,0,scDesign3,other
PCA,PCA,PCA,Pearson,0.787,scDesign3,SLIDE,dr3,0,scDesign3,other
PCA,PCA,PCA,Qglobal,0.919,scDesign3,SLIDE,dr2,0,scDesign3,other
PCA,PCA,PCA,Qlocal,0.391,scDesign3,SLIDE,dr2,0,scDesign3,other
PCA,PCA,PCA,centroid_distance,0.693,scDesign3,SLIDE,dr1,0,scDesign3,other
PCA,PCA,PCA,k-nearest,0.606,scDesign3,SLIDE,dr1,0,scDesign3,other
PCA,PCA,PCA,kmax,14573.0,scDesign3,SLIDE,dr2,0,scDesign3,other
PCA,PCA,PCA,random_triplet,0.634,scDesign3,SLIDE,dr1,0,scDesign3,other
PCA,PCA,PCA,spearman,0.833,scDesign3,SLIDE,dr1,0,scDesign3,other
PCA,PCA,PCA,svm,0.55,scDesign3,SLIDE,dr1,0,scDesign3,other
PCA,PCA,PCA,AUC,0.631,scDesign3,VISIUM,dr2,0,scDesign3,other
PCA,PCA,PCA,Pearson,0.229,scDesign3,VISIUM,dr3,0,scDesign3,other
PCA,PCA,PCA,Qglobal,0.672,scDesign3,VISIUM,dr2,0,scDesign3,other
PCA,PCA,PCA,Qlocal,0.238,scDesign3,VISIUM,dr2,0,scDesign3,other
PCA,PCA,PCA,centroid_distance,0.477,scDesign3,VISIUM,dr1,0,scDesign3,other
PCA,PCA,PCA,k-nearest,0.467,scDesign3,VISIUM,dr1,0,scDesign3,other
PCA,PCA,PCA,kmax,255.0,scDesign3,VISIUM,dr2,0,scDesign3,other
PCA,PCA,PCA,random_triplet,0.65,scDesign3,VISIUM,dr1,0,scDesign3,other
PCA,PCA,PCA,spearman,0.444,scDesign3,VISIUM,dr1,0,scDesign3,other
PCA,PCA,PCA,svm,0.555,scDesign3,VISIUM,dr1,0,scDesign3,other
GLMPCA,GLMPCA,GLMPCA,AUC,0.653,SIMLR,Pollen,dr2,1,SIMLR,other
GLMPCA,GLMPCA,GLMPCA,Pearson,0.546,SIMLR,Pollen,dr3,1,SIMLR,other
GLMPCA,GLMPCA,GLMPCA,Qglobal,0.715,SIMLR,Pollen,dr2,1,SIMLR,other
GLMPCA,GLMPCA,GLMPCA,Qlocal,0.307,SIMLR,Pollen,dr2,1,SIMLR,other
GLMPCA,GLMPCA,GLMPCA,centroid_distance,0.847,SIMLR,Pollen,dr1,1,SIMLR,other
GLMPCA,GLMPCA,GLMPCA,k-nearest,0.879,SIMLR,Pollen,dr1,1,SIMLR,other
GLMPCA,GLMPCA,GLMPCA,kmax,37.0,SIMLR,Pollen,dr2,1,SIMLR,other
GLMPCA,GLMPCA,GLMPCA,random_triplet,0.675,SIMLR,Pollen,dr1,1,SIMLR,other
GLMPCA,GLMPCA,GLMPCA,spearman,0.546,SIMLR,Pollen,dr1,1,SIMLR,other
GLMPCA,GLMPCA,GLMPCA,svm,0.859,SIMLR,Pollen,dr1,1,SIMLR,other
GLMPCA,GLMPCA,GLMPCA,AUC,0.599,SIMLR,Usoskin,dr2,1,SIMLR,other
GLMPCA,GLMPCA,GLMPCA,Pearson,0.34,SIMLR,Usoskin,dr3,1,SIMLR,other
GLMPCA,GLMPCA,GLMPCA,Qglobal,0.72,SIMLR,Usoskin,dr2,1,SIMLR,other
GLMPCA,GLMPCA,GLMPCA,Qlocal,0.231,SIMLR,Usoskin,dr2,1,SIMLR,other
GLMPCA,GLMPCA,GLMPCA,centroid_distance,0.349,SIMLR,Usoskin,dr1,1,SIMLR,other
GLMPCA,GLMPCA,GLMPCA,k-nearest,0.0,SIMLR,Usoskin,dr1,1,SIMLR,other
GLMPCA,GLMPCA,GLMPCA,kmax,153.0,SIMLR,Usoskin,dr2,1,SIMLR,other
GLMPCA,GLMPCA,GLMPCA,random_triplet,0.64,SIMLR,Usoskin,dr1,1,SIMLR,other
GLMPCA,GLMPCA,GLMPCA,spearman,0.356,SIMLR,Usoskin,dr1,1,SIMLR,other
GLMPCA,GLMPCA,GLMPCA,svm,0.928,SIMLR,Usoskin,dr1,1,SIMLR,other
GLMPCA,GLMPCA,GLMPCA,AUC,0.759,TI,DA1_horns,dr2,1,trajectory,other
GLMPCA,GLMPCA,GLMPCA,Pearson,0.584,TI,DA1_horns,dr3,1,trajectory,other
GLMPCA,GLMPCA,GLMPCA,Qglobal,0.887,TI,DA1_horns,dr2,1,trajectory,other
GLMPCA,GLMPCA,GLMPCA,Qlocal,0.481,TI,DA1_horns,dr2,1,trajectory,other
GLMPCA,GLMPCA,GLMPCA,centroid_distance,0.981,TI,DA1_horns,dr1,1,trajectory,other
GLMPCA,GLMPCA,GLMPCA,k-nearest,0.8,TI,DA1_horns,dr1,1,trajectory,other
GLMPCA,GLMPCA,GLMPCA,kmax,85.0,TI,DA1_horns,dr2,1,trajectory,other
GLMPCA,GLMPCA,GLMPCA,random_triplet,0.817,TI,DA1_horns,dr1,1,trajectory,other
GLMPCA,GLMPCA,GLMPCA,spearman,0.827,TI,DA1_horns,dr1,1,trajectory,other
GLMPCA,GLMPCA,GLMPCA,svm,0.925,TI,DA1_horns,dr1,1,trajectory,other
GLMPCA,GLMPCA,GLMPCA,AUC,0.803,TI,DC3_VA1d_horns,dr2,1,trajectory,other
GLMPCA,GLMPCA,GLMPCA,Pearson,0.583,TI,DC3_VA1d_horns,dr3,1,trajectory,other
GLMPCA,GLMPCA,GLMPCA,Qglobal,0.904,TI,DC3_VA1d_horns,dr2,1,trajectory,other
GLMPCA,GLMPCA,GLMPCA,Qlocal,0.465,TI,DC3_VA1d_horns,dr2,1,trajectory,other
GLMPCA,GLMPCA,GLMPCA,centroid_distance,0.951,TI,DC3_VA1d_horns,dr1,1,trajectory,other
GLMPCA,GLMPCA,GLMPCA,k-nearest,0.778,TI,DC3_VA1d_horns,dr1,1,trajectory,other
GLMPCA,GLMPCA,GLMPCA,kmax,37.0,TI,DC3_VA1d_horns,dr2,1,trajectory,other
GLMPCA,GLMPCA,GLMPCA,random_triplet,0.858,TI,DC3_VA1d_horns,dr1,1,trajectory,other
GLMPCA,GLMPCA,GLMPCA,spearman,0.902,TI,DC3_VA1d_horns,dr1,1,trajectory,other
GLMPCA,GLMPCA,GLMPCA,svm,0.773,TI,DC3_VA1d_horns,dr1,1,trajectory,other
GLMPCA,GLMPCA,GLMPCA,AUC,0.823,TI,ICM,dr2,1,trajectory,other
GLMPCA,GLMPCA,GLMPCA,Pearson,0.845,TI,ICM,dr3,1,trajectory,other
GLMPCA,GLMPCA,GLMPCA,Qglobal,0.882,TI,ICM,dr2,1,trajectory,other
GLMPCA,GLMPCA,GLMPCA,Qlocal,0.439,TI,ICM,dr2,1,trajectory,other
GLMPCA,GLMPCA,GLMPCA,centroid_distance,0.896,TI,ICM,dr1,1,trajectory,other
GLMPCA,GLMPCA,GLMPCA,k-nearest,0.833,TI,ICM,dr1,1,trajectory,other
GLMPCA,GLMPCA,GLMPCA,kmax,35.0,TI,ICM,dr2,1,trajectory,other
GLMPCA,GLMPCA,GLMPCA,random_triplet,0.874,TI,ICM,dr1,1,trajectory,other
GLMPCA,GLMPCA,GLMPCA,spearman,0.913,TI,ICM,dr1,1,trajectory,other
GLMPCA,GLMPCA,GLMPCA,svm,0.746,TI,ICM,dr1,1,trajectory,other
GLMPCA,GLMPCA,GLMPCA,AUC,0.822,TI,blastocyst,dr2,1,trajectory,other
GLMPCA,GLMPCA,GLMPCA,Pearson,0.853,TI,blastocyst,dr3,1,trajectory,other
GLMPCA,GLMPCA,GLMPCA,Qglobal,0.873,TI,blastocyst,dr2,1,trajectory,other
GLMPCA,GLMPCA,GLMPCA,Qlocal,0.509,TI,blastocyst,dr2,1,trajectory,other
GLMPCA,GLMPCA,GLMPCA,centroid_distance,0.921,TI,blastocyst,dr1,1,trajectory,other
GLMPCA,GLMPCA,GLMPCA,k-nearest,0.769,TI,blastocyst,dr1,1,trajectory,other
GLMPCA,GLMPCA,GLMPCA,kmax,47.0,TI,blastocyst,dr2,1,trajectory,other
GLMPCA,GLMPCA,GLMPCA,random_triplet,0.857,TI,blastocyst,dr1,1,trajectory,other
GLMPCA,GLMPCA,GLMPCA,spearman,0.89,TI,blastocyst,dr1,1,trajectory,other
GLMPCA,GLMPCA,GLMPCA,svm,0.776,TI,blastocyst,dr1,1,trajectory,other
GLMPCA,GLMPCA,GLMPCA,AUC,0.606,TI,combination-1,dr2,1,trajectory,other
GLMPCA,GLMPCA,GLMPCA,Pearson,0.441,TI,combination-1,dr3,1,trajectory,other
GLMPCA,GLMPCA,GLMPCA,Qglobal,0.69,TI,combination-1,dr2,1,trajectory,other
GLMPCA,GLMPCA,GLMPCA,Qlocal,0.194,TI,combination-1,dr2,1,trajectory,other
GLMPCA,GLMPCA,GLMPCA,centroid_distance,0.816,TI,combination-1,dr1,1,trajectory,other
GLMPCA,GLMPCA,GLMPCA,k-nearest,0.786,TI,combination-1,dr1,1,trajectory,other
GLMPCA,GLMPCA,GLMPCA,kmax,731.0,TI,combination-1,dr2,1,trajectory,other
GLMPCA,GLMPCA,GLMPCA,random_triplet,0.643,TI,combination-1,dr1,1,trajectory,other
GLMPCA,GLMPCA,GLMPCA,spearman,0.495,TI,combination-1,dr1,1,trajectory,other
GLMPCA,GLMPCA,GLMPCA,svm,0.884,TI,combination-1,dr1,1,trajectory,other
GLMPCA,GLMPCA,GLMPCA,AUC,0.563,TI,combination-2,dr2,1,trajectory,other
GLMPCA,GLMPCA,GLMPCA,Pearson,0.124,TI,combination-2,dr3,1,trajectory,other
GLMPCA,GLMPCA,GLMPCA,Qglobal,0.647,TI,combination-2,dr2,1,trajectory,other
GLMPCA,GLMPCA,GLMPCA,Qlocal,0.184,TI,combination-2,dr2,1,trajectory,other
GLMPCA,GLMPCA,GLMPCA,centroid_distance,0.553,TI,combination-2,dr1,1,trajectory,other
GLMPCA,GLMPCA,GLMPCA,k-nearest,0.667,TI,combination-2,dr1,1,trajectory,other
GLMPCA,GLMPCA,GLMPCA,kmax,791.0,TI,combination-2,dr2,1,trajectory,other
GLMPCA,GLMPCA,GLMPCA,random_triplet,0.574,TI,combination-2,dr1,1,trajectory,other
GLMPCA,GLMPCA,GLMPCA,spearman,0.155,TI,combination-2,dr1,1,trajectory,other
GLMPCA,GLMPCA,GLMPCA,svm,0.814,TI,combination-2,dr1,1,trajectory,other
GLMPCA,GLMPCA,GLMPCA,AUC,0.581,TI,combination-3,dr2,1,trajectory,other
GLMPCA,GLMPCA,GLMPCA,Pearson,0.17,TI,combination-3,dr3,1,trajectory,other
GLMPCA,GLMPCA,GLMPCA,Qglobal,0.639,TI,combination-3,dr2,1,trajectory,other
GLMPCA,GLMPCA,GLMPCA,Qlocal,0.177,TI,combination-3,dr2,1,trajectory,other
GLMPCA,GLMPCA,GLMPCA,centroid_distance,0.792,TI,combination-3,dr1,1,trajectory,other
GLMPCA,GLMPCA,GLMPCA,k-nearest,0.643,TI,combination-3,dr1,1,trajectory,other
GLMPCA,GLMPCA,GLMPCA,kmax,285.0,TI,combination-3,dr2,1,trajectory,other
GLMPCA,GLMPCA,GLMPCA,random_triplet,0.601,TI,combination-3,dr1,1,trajectory,other
GLMPCA,GLMPCA,GLMPCA,spearman,0.214,TI,combination-3,dr1,1,trajectory,other
GLMPCA,GLMPCA,GLMPCA,svm,0.834,TI,combination-3,dr1,1,trajectory,other
GLMPCA,GLMPCA,GLMPCA,AUC,0.799,TI,epiblast,dr2,1,trajectory,other
GLMPCA,GLMPCA,GLMPCA,Pearson,0.743,TI,epiblast,dr3,1,trajectory,other
GLMPCA,GLMPCA,GLMPCA,Qglobal,0.87,TI,epiblast,dr2,1,trajectory,other
GLMPCA,GLMPCA,GLMPCA,Qlocal,0.448,TI,epiblast,dr2,1,trajectory,other
GLMPCA,GLMPCA,GLMPCA,centroid_distance,0.98,TI,epiblast,dr1,1,trajectory,other
GLMPCA,GLMPCA,GLMPCA,k-nearest,0.786,TI,epiblast,dr1,1,trajectory,other
GLMPCA,GLMPCA,GLMPCA,kmax,29.0,TI,epiblast,dr2,1,trajectory,other
GLMPCA,GLMPCA,GLMPCA,random_triplet,0.833,TI,epiblast,dr1,1,trajectory,other
GLMPCA,GLMPCA,GLMPCA,spearman,0.865,TI,epiblast,dr1,1,trajectory,other
GLMPCA,GLMPCA,GLMPCA,svm,0.858,TI,epiblast,dr1,1,trajectory,other
GLMPCA,GLMPCA,GLMPCA,AUC,0.607,TI,epidermis,dr2,1,trajectory,other
GLMPCA,GLMPCA,GLMPCA,Pearson,0.465,TI,epidermis,dr3,1,trajectory,other
GLMPCA,GLMPCA,GLMPCA,Qglobal,0.695,TI,epidermis,dr2,1,trajectory,other
GLMPCA,GLMPCA,GLMPCA,Qlocal,0.204,TI,epidermis,dr2,1,trajectory,other
GLMPCA,GLMPCA,GLMPCA,centroid_distance,0.844,TI,epidermis,dr1,1,trajectory,other
GLMPCA,GLMPCA,GLMPCA,k-nearest,1.0,TI,epidermis,dr1,1,trajectory,other
GLMPCA,GLMPCA,GLMPCA,kmax,718.0,TI,epidermis,dr2,1,trajectory,other
GLMPCA,GLMPCA,GLMPCA,random_triplet,0.64,TI,epidermis,dr1,1,trajectory,other
GLMPCA,GLMPCA,GLMPCA,spearman,0.485,TI,epidermis,dr1,1,trajectory,other
GLMPCA,GLMPCA,GLMPCA,svm,0.89,TI,epidermis,dr1,1,trajectory,other
GLMPCA,GLMPCA,GLMPCA,AUC,0.729,TI,horns,dr2,1,trajectory,other
GLMPCA,GLMPCA,GLMPCA,Pearson,0.594,TI,horns,dr3,1,trajectory,other
GLMPCA,GLMPCA,GLMPCA,Qglobal,0.886,TI,horns,dr2,1,trajectory,other
GLMPCA,GLMPCA,GLMPCA,Qlocal,0.454,TI,horns,dr2,1,trajectory,other
GLMPCA,GLMPCA,GLMPCA,centroid_distance,0.948,TI,horns,dr1,1,trajectory,other
GLMPCA,GLMPCA,GLMPCA,k-nearest,0.804,TI,horns,dr1,1,trajectory,other
GLMPCA,GLMPCA,GLMPCA,kmax,163.0,TI,horns,dr2,1,trajectory,other
GLMPCA,GLMPCA,GLMPCA,random_triplet,0.785,TI,horns,dr1,1,trajectory,other
GLMPCA,GLMPCA,GLMPCA,spearman,0.767,TI,horns,dr1,1,trajectory,other
GLMPCA,GLMPCA,GLMPCA,svm,0.573,TI,horns,dr1,1,trajectory,other
GLMPCA,GLMPCA,GLMPCA,AUC,0.545,TI,muscle,dr2,1,trajectory,other
GLMPCA,GLMPCA,GLMPCA,Pearson,0.113,TI,muscle,dr3,1,trajectory,other
GLMPCA,GLMPCA,GLMPCA,Qglobal,0.627,TI,muscle,dr2,1,trajectory,other
GLMPCA,GLMPCA,GLMPCA,Qlocal,0.151,TI,muscle,dr2,1,trajectory,other
GLMPCA,GLMPCA,GLMPCA,centroid_distance,1.0,TI,muscle,dr1,1,trajectory,other
GLMPCA,GLMPCA,GLMPCA,k-nearest,1.0,TI,muscle,dr1,1,trajectory,other
GLMPCA,GLMPCA,GLMPCA,kmax,400.0,TI,muscle,dr2,1,trajectory,other
GLMPCA,GLMPCA,GLMPCA,random_triplet,0.552,TI,muscle,dr1,1,trajectory,other
GLMPCA,GLMPCA,GLMPCA,spearman,0.109,TI,muscle,dr1,1,trajectory,other
GLMPCA,GLMPCA,GLMPCA,svm,0.817,TI,muscle,dr1,1,trajectory,other
GLMPCA,GLMPCA,GLMPCA,AUC,0.547,TI,neuron,dr2,1,trajectory,other
GLMPCA,GLMPCA,GLMPCA,Pearson,0.14,TI,neuron,dr3,1,trajectory,other
GLMPCA,GLMPCA,GLMPCA,Qglobal,0.723,TI,neuron,dr2,1,trajectory,other
GLMPCA,GLMPCA,GLMPCA,Qlocal,0.245,TI,neuron,dr2,1,trajectory,other
GLMPCA,GLMPCA,GLMPCA,centroid_distance,0.568,TI,neuron,dr1,1,trajectory,other
GLMPCA,GLMPCA,GLMPCA,k-nearest,0.571,TI,neuron,dr1,1,trajectory,other
GLMPCA,GLMPCA,GLMPCA,kmax,864.0,TI,neuron,dr2,1,trajectory,other
GLMPCA,GLMPCA,GLMPCA,random_triplet,0.561,TI,neuron,dr1,1,trajectory,other
GLMPCA,GLMPCA,GLMPCA,spearman,0.17,TI,neuron,dr1,1,trajectory,other
GLMPCA,GLMPCA,GLMPCA,svm,0.79,TI,neuron,dr1,1,trajectory,other
GLMPCA,GLMPCA,GLMPCA,AUC,0.571,TI,pair-1,dr2,1,trajectory,other
GLMPCA,GLMPCA,GLMPCA,Pearson,0.289,TI,pair-1,dr3,1,trajectory,other
GLMPCA,GLMPCA,GLMPCA,Qglobal,0.696,TI,pair-1,dr2,1,trajectory,other
GLMPCA,GLMPCA,GLMPCA,Qlocal,0.219,TI,pair-1,dr2,1,trajectory,other
GLMPCA,GLMPCA,GLMPCA,centroid_distance,0.756,TI,pair-1,dr1,1,trajectory,other
GLMPCA,GLMPCA,GLMPCA,k-nearest,0.75,TI,pair-1,dr1,1,trajectory,other
GLMPCA,GLMPCA,GLMPCA,kmax,2780.0,TI,pair-1,dr2,1,trajectory,other
GLMPCA,GLMPCA,GLMPCA,random_triplet,0.59,TI,pair-1,dr1,1,trajectory,other
GLMPCA,GLMPCA,GLMPCA,spearman,0.321,TI,pair-1,dr1,1,trajectory,other
GLMPCA,GLMPCA,GLMPCA,svm,0.917,TI,pair-1,dr1,1,trajectory,other
GLMPCA,GLMPCA,GLMPCA,AUC,0.576,TI,pair-2,dr2,1,trajectory,other
GLMPCA,GLMPCA,GLMPCA,Pearson,0.386,TI,pair-2,dr3,1,trajectory,other
GLMPCA,GLMPCA,GLMPCA,Qglobal,0.834,TI,pair-2,dr2,1,trajectory,other
GLMPCA,GLMPCA,GLMPCA,Qlocal,0.341,TI,pair-2,dr2,1,trajectory,other
GLMPCA,GLMPCA,GLMPCA,centroid_distance,0.532,TI,pair-2,dr1,1,trajectory,other
GLMPCA,GLMPCA,GLMPCA,k-nearest,0.615,TI,pair-2,dr1,1,trajectory,other
GLMPCA,GLMPCA,GLMPCA,kmax,5575.0,TI,pair-2,dr2,1,trajectory,other
GLMPCA,GLMPCA,GLMPCA,random_triplet,0.613,TI,pair-2,dr1,1,trajectory,other
GLMPCA,GLMPCA,GLMPCA,spearman,0.438,TI,pair-2,dr1,1,trajectory,other
GLMPCA,GLMPCA,GLMPCA,svm,0.83,TI,pair-2,dr1,1,trajectory,other
GLMPCA,GLMPCA,GLMPCA,AUC,0.572,TI,pair-3,dr2,1,trajectory,other
GLMPCA,GLMPCA,GLMPCA,Pearson,0.441,TI,pair-3,dr3,1,trajectory,other
GLMPCA,GLMPCA,GLMPCA,Qglobal,0.844,TI,pair-3,dr2,1,trajectory,other
GLMPCA,GLMPCA,GLMPCA,Qlocal,0.353,TI,pair-3,dr2,1,trajectory,other
GLMPCA,GLMPCA,GLMPCA,centroid_distance,0.726,TI,pair-3,dr1,1,trajectory,other
GLMPCA,GLMPCA,GLMPCA,k-nearest,0.562,TI,pair-3,dr1,1,trajectory,other
GLMPCA,GLMPCA,GLMPCA,kmax,4757.0,TI,pair-3,dr2,1,trajectory,other
GLMPCA,GLMPCA,GLMPCA,random_triplet,0.613,TI,pair-3,dr1,1,trajectory,other
GLMPCA,GLMPCA,GLMPCA,spearman,0.448,TI,pair-3,dr1,1,trajectory,other
GLMPCA,GLMPCA,GLMPCA,svm,0.876,TI,pair-3,dr1,1,trajectory,other
GLMPCA,GLMPCA,GLMPCA,AUC,0.569,TI,pair-4,dr2,1,trajectory,other
GLMPCA,GLMPCA,GLMPCA,Pearson,0.427,TI,pair-4,dr3,1,trajectory,other
GLMPCA,GLMPCA,GLMPCA,Qglobal,0.858,TI,pair-4,dr2,1,trajectory,other
GLMPCA,GLMPCA,GLMPCA,Qlocal,0.362,TI,pair-4,dr2,1,trajectory,other
GLMPCA,GLMPCA,GLMPCA,centroid_distance,0.542,TI,pair-4,dr1,1,trajectory,other
GLMPCA,GLMPCA,GLMPCA,k-nearest,0.667,TI,pair-4,dr1,1,trajectory,other
GLMPCA,GLMPCA,GLMPCA,kmax,5222.0,TI,pair-4,dr2,1,trajectory,other
GLMPCA,GLMPCA,GLMPCA,random_triplet,0.613,TI,pair-4,dr1,1,trajectory,other
GLMPCA,GLMPCA,GLMPCA,spearman,0.46,TI,pair-4,dr1,1,trajectory,other
GLMPCA,GLMPCA,GLMPCA,svm,0.849,TI,pair-4,dr1,1,trajectory,other
GLMPCA,GLMPCA,GLMPCA,AUC,0.582,TI,parenchyme,dr2,1,trajectory,other
GLMPCA,GLMPCA,GLMPCA,Pearson,0.17,TI,parenchyme,dr3,1,trajectory,other
GLMPCA,GLMPCA,GLMPCA,Qglobal,0.655,TI,parenchyme,dr2,1,trajectory,other
GLMPCA,GLMPCA,GLMPCA,Qlocal,0.192,TI,parenchyme,dr2,1,trajectory,other
GLMPCA,GLMPCA,GLMPCA,centroid_distance,0.907,TI,parenchyme,dr1,1,trajectory,other
GLMPCA,GLMPCA,GLMPCA,k-nearest,0.6,TI,parenchyme,dr1,1,trajectory,other
GLMPCA,GLMPCA,GLMPCA,kmax,315.0,TI,parenchyme,dr2,1,trajectory,other
GLMPCA,GLMPCA,GLMPCA,random_triplet,0.596,TI,parenchyme,dr1,1,trajectory,other
GLMPCA,GLMPCA,GLMPCA,spearman,0.235,TI,parenchyme,dr1,1,trajectory,other
GLMPCA,GLMPCA,GLMPCA,svm,0.884,TI,parenchyme,dr1,1,trajectory,other
GLMPCA,GLMPCA,GLMPCA,AUC,0.636,TI,phagocyte,dr2,1,trajectory,other
GLMPCA,GLMPCA,GLMPCA,Pearson,0.446,TI,phagocyte,dr3,1,trajectory,other
GLMPCA,GLMPCA,GLMPCA,Qglobal,0.78,TI,phagocyte,dr2,1,trajectory,other
GLMPCA,GLMPCA,GLMPCA,Qlocal,0.322,TI,phagocyte,dr2,1,trajectory,other
GLMPCA,GLMPCA,GLMPCA,centroid_distance,1.0,TI,phagocyte,dr1,1,trajectory,other
GLMPCA,GLMPCA,GLMPCA,k-nearest,1.0,TI,phagocyte,dr1,1,trajectory,other
GLMPCA,GLMPCA,GLMPCA,kmax,217.0,TI,phagocyte,dr2,1,trajectory,other
GLMPCA,GLMPCA,GLMPCA,random_triplet,0.678,TI,phagocyte,dr1,1,trajectory,other
GLMPCA,GLMPCA,GLMPCA,spearman,0.553,TI,phagocyte,dr1,1,trajectory,other
GLMPCA,GLMPCA,GLMPCA,svm,0.95,TI,phagocyte,dr1,1,trajectory,other
GLMPCA,GLMPCA,GLMPCA,AUC,0.623,TI,pharynx,dr2,1,trajectory,other
GLMPCA,GLMPCA,GLMPCA,Pearson,0.571,TI,pharynx,dr3,1,trajectory,other
GLMPCA,GLMPCA,GLMPCA,Qglobal,0.878,TI,pharynx,dr2,1,trajectory,other
GLMPCA,GLMPCA,GLMPCA,Qlocal,0.432,TI,pharynx,dr2,1,trajectory,other
GLMPCA,GLMPCA,GLMPCA,centroid_distance,1.0,TI,pharynx,dr1,1,trajectory,other
GLMPCA,GLMPCA,GLMPCA,k-nearest,1.0,TI,pharynx,dr1,1,trajectory,other
GLMPCA,GLMPCA,GLMPCA,kmax,165.0,TI,pharynx,dr2,1,trajectory,other
GLMPCA,GLMPCA,GLMPCA,random_triplet,0.674,TI,pharynx,dr1,1,trajectory,other
GLMPCA,GLMPCA,GLMPCA,spearman,0.585,TI,pharynx,dr1,1,trajectory,other
GLMPCA,GLMPCA,GLMPCA,svm,0.983,TI,pharynx,dr1,1,trajectory,other
GLMPCA,GLMPCA,GLMPCA,AUC,0.766,TI,trophectoderm,dr2,1,trajectory,other
GLMPCA,GLMPCA,GLMPCA,Pearson,0.757,TI,trophectoderm,dr3,1,trajectory,other
GLMPCA,GLMPCA,GLMPCA,Qglobal,0.888,TI,trophectoderm,dr2,1,trajectory,other
GLMPCA,GLMPCA,GLMPCA,Qlocal,0.467,TI,trophectoderm,dr2,1,trajectory,other
GLMPCA,GLMPCA,GLMPCA,centroid_distance,1.0,TI,trophectoderm,dr1,1,trajectory,other
GLMPCA,GLMPCA,GLMPCA,k-nearest,1.0,TI,trophectoderm,dr1,1,trajectory,other
GLMPCA,GLMPCA,GLMPCA,kmax,22.0,TI,trophectoderm,dr2,1,trajectory,other
GLMPCA,GLMPCA,GLMPCA,random_triplet,0.856,TI,trophectoderm,dr1,1,trajectory,other
GLMPCA,GLMPCA,GLMPCA,spearman,0.839,TI,trophectoderm,dr1,1,trajectory,other
GLMPCA,GLMPCA,GLMPCA,svm,1.0,TI,trophectoderm,dr1,1,trajectory,other
GLMPCA,GLMPCA,GLMPCA,AUC,0.741,VASC,Baron,dr2,1,VASC,other
GLMPCA,GLMPCA,GLMPCA,Pearson,0.797,VASC,Baron,dr3,1,VASC,other
GLMPCA,GLMPCA,GLMPCA,Qglobal,0.797,VASC,Baron,dr2,1,VASC,other
GLMPCA,GLMPCA,GLMPCA,Qlocal,0.402,VASC,Baron,dr2,1,VASC,other
GLMPCA,GLMPCA,GLMPCA,centroid_distance,0.794,VASC,Baron,dr1,1,VASC,other
GLMPCA,GLMPCA,GLMPCA,k-nearest,0.714,VASC,Baron,dr1,1,VASC,other
GLMPCA,GLMPCA,GLMPCA,kmax,1202.0,VASC,Baron,dr2,1,VASC,other
GLMPCA,GLMPCA,GLMPCA,random_triplet,0.759,VASC,Baron,dr1,1,VASC,other
GLMPCA,GLMPCA,GLMPCA,spearman,0.799,VASC,Baron,dr1,1,VASC,other
GLMPCA,GLMPCA,GLMPCA,svm,0.308,VASC,Baron,dr1,1,VASC,other
GLMPCA,GLMPCA,GLMPCA,AUC,0.832,VASC,Biase,dr2,1,VASC,other
GLMPCA,GLMPCA,GLMPCA,Pearson,0.764,VASC,Biase,dr3,1,VASC,other
GLMPCA,GLMPCA,GLMPCA,Qglobal,0.946,VASC,Biase,dr2,1,VASC,other
GLMPCA,GLMPCA,GLMPCA,Qlocal,0.662,VASC,Biase,dr2,1,VASC,other
GLMPCA,GLMPCA,GLMPCA,centroid_distance,0.976,VASC,Biase,dr1,1,VASC,other
GLMPCA,GLMPCA,GLMPCA,k-nearest,1.0,VASC,Biase,dr1,1,VASC,other
GLMPCA,GLMPCA,GLMPCA,kmax,19.0,VASC,Biase,dr2,1,VASC,other
GLMPCA,GLMPCA,GLMPCA,random_triplet,0.896,VASC,Biase,dr1,1,VASC,other
GLMPCA,GLMPCA,GLMPCA,spearman,0.878,VASC,Biase,dr1,1,VASC,other
GLMPCA,GLMPCA,GLMPCA,svm,0.98,VASC,Biase,dr1,1,VASC,other
GLMPCA,GLMPCA,GLMPCA,AUC,0.81,VASC,Goolam,dr2,1,VASC,other
GLMPCA,GLMPCA,GLMPCA,Pearson,0.882,VASC,Goolam,dr3,1,VASC,other
GLMPCA,GLMPCA,GLMPCA,Qglobal,0.859,VASC,Goolam,dr2,1,VASC,other
GLMPCA,GLMPCA,GLMPCA,Qlocal,0.495,VASC,Goolam,dr2,1,VASC,other
GLMPCA,GLMPCA,GLMPCA,centroid_distance,0.956,VASC,Goolam,dr1,1,VASC,other
GLMPCA,GLMPCA,GLMPCA,k-nearest,0.6,VASC,Goolam,dr1,1,VASC,other
GLMPCA,GLMPCA,GLMPCA,kmax,15.0,VASC,Goolam,dr2,1,VASC,other
GLMPCA,GLMPCA,GLMPCA,random_triplet,0.877,VASC,Goolam,dr1,1,VASC,other
GLMPCA,GLMPCA,GLMPCA,spearman,0.91,VASC,Goolam,dr1,1,VASC,other
GLMPCA,GLMPCA,GLMPCA,svm,0.912,VASC,Goolam,dr1,1,VASC,other
GLMPCA,GLMPCA,GLMPCA,AUC,0.63,VASC,Xin,dr2,1,VASC,other
GLMPCA,GLMPCA,GLMPCA,Pearson,0.574,VASC,Xin,dr3,1,VASC,other
GLMPCA,GLMPCA,GLMPCA,Qglobal,0.85,VASC,Xin,dr2,1,VASC,other
GLMPCA,GLMPCA,GLMPCA,Qlocal,0.401,VASC,Xin,dr2,1,VASC,other
GLMPCA,GLMPCA,GLMPCA,centroid_distance,0.654,VASC,Xin,dr1,1,VASC,other
GLMPCA,GLMPCA,GLMPCA,k-nearest,0.812,VASC,Xin,dr1,1,VASC,other
GLMPCA,GLMPCA,GLMPCA,kmax,783.0,VASC,Xin,dr2,1,VASC,other
GLMPCA,GLMPCA,GLMPCA,random_triplet,0.675,VASC,Xin,dr1,1,VASC,other
GLMPCA,GLMPCA,GLMPCA,spearman,0.587,VASC,Xin,dr1,1,VASC,other
GLMPCA,GLMPCA,GLMPCA,svm,0.929,VASC,Xin,dr1,1,VASC,other
GLMPCA,GLMPCA,GLMPCA,AUC,0.676,VASC,Zeisel,dr2,1,VASC,other
GLMPCA,GLMPCA,GLMPCA,Pearson,0.587,VASC,Zeisel,dr3,1,VASC,other
GLMPCA,GLMPCA,GLMPCA,Qglobal,0.764,VASC,Zeisel,dr2,1,VASC,other
GLMPCA,GLMPCA,GLMPCA,Qlocal,0.378,VASC,Zeisel,dr2,1,VASC,other
GLMPCA,GLMPCA,GLMPCA,centroid_distance,0.443,VASC,Zeisel,dr1,1,VASC,other
GLMPCA,GLMPCA,GLMPCA,k-nearest,0.611,VASC,Zeisel,dr1,1,VASC,other
GLMPCA,GLMPCA,GLMPCA,kmax,680.0,VASC,Zeisel,dr2,1,VASC,other
GLMPCA,GLMPCA,GLMPCA,random_triplet,0.68,VASC,Zeisel,dr1,1,VASC,other
GLMPCA,GLMPCA,GLMPCA,spearman,0.568,VASC,Zeisel,dr1,1,VASC,other
GLMPCA,GLMPCA,GLMPCA,svm,0.83,VASC,Zeisel,dr1,1,VASC,other
GLMPCA,GLMPCA,GLMPCA,AUC,0.865,VASC,yan,dr2,1,VASC,other
GLMPCA,GLMPCA,GLMPCA,Pearson,0.896,VASC,yan,dr3,1,VASC,other
GLMPCA,GLMPCA,GLMPCA,Qglobal,0.934,VASC,yan,dr2,1,VASC,other
GLMPCA,GLMPCA,GLMPCA,Qlocal,0.691,VASC,yan,dr2,1,VASC,other
GLMPCA,GLMPCA,GLMPCA,centroid_distance,0.923,VASC,yan,dr1,1,VASC,other
GLMPCA,GLMPCA,GLMPCA,k-nearest,0.917,VASC,yan,dr1,1,VASC,other
GLMPCA,GLMPCA,GLMPCA,kmax,22.0,VASC,yan,dr2,1,VASC,other
GLMPCA,GLMPCA,GLMPCA,random_triplet,0.902,VASC,yan,dr1,1,VASC,other
GLMPCA,GLMPCA,GLMPCA,spearman,0.911,VASC,yan,dr1,1,VASC,other
GLMPCA,GLMPCA,GLMPCA,svm,0.889,VASC,yan,dr1,1,VASC,other
GLMPCA,GLMPCA,GLMPCA,AUC,0.666,benchmarker,Baron_mouse,dr2,1,curated,other
GLMPCA,GLMPCA,GLMPCA,Pearson,0.773,benchmarker,Baron_mouse,dr3,1,curated,other
GLMPCA,GLMPCA,GLMPCA,Qglobal,0.853,benchmarker,Baron_mouse,dr2,1,curated,other
GLMPCA,GLMPCA,GLMPCA,Qlocal,0.416,benchmarker,Baron_mouse,dr2,1,curated,other
GLMPCA,GLMPCA,GLMPCA,centroid_distance,0.309,benchmarker,Baron_mouse,dr1,1,curated,other
GLMPCA,GLMPCA,GLMPCA,k-nearest,0.769,benchmarker,Baron_mouse,dr1,1,curated,other
GLMPCA,GLMPCA,GLMPCA,kmax,806.0,benchmarker,Baron_mouse,dr2,1,curated,other
GLMPCA,GLMPCA,GLMPCA,random_triplet,0.721,benchmarker,Baron_mouse,dr1,1,curated,other
GLMPCA,GLMPCA,GLMPCA,spearman,0.745,benchmarker,Baron_mouse,dr1,1,curated,other
GLMPCA,GLMPCA,GLMPCA,svm,0.885,benchmarker,Baron_mouse,dr1,1,curated,other
GLMPCA,GLMPCA,GLMPCA,AUC,0.673,benchmarker,Darmanis,dr2,1,curated,other
GLMPCA,GLMPCA,GLMPCA,Pearson,0.521,benchmarker,Darmanis,dr3,1,curated,other
GLMPCA,GLMPCA,GLMPCA,Qglobal,0.738,benchmarker,Darmanis,dr2,1,curated,other
GLMPCA,GLMPCA,GLMPCA,Qlocal,0.398,benchmarker,Darmanis,dr2,1,curated,other
GLMPCA,GLMPCA,GLMPCA,centroid_distance,0.588,benchmarker,Darmanis,dr1,1,curated,other
GLMPCA,GLMPCA,GLMPCA,k-nearest,0.5,benchmarker,Darmanis,dr1,1,curated,other
GLMPCA,GLMPCA,GLMPCA,kmax,80.0,benchmarker,Darmanis,dr2,1,curated,other
GLMPCA,GLMPCA,GLMPCA,random_triplet,0.671,benchmarker,Darmanis,dr1,1,curated,other
GLMPCA,GLMPCA,GLMPCA,spearman,0.53,benchmarker,Darmanis,dr1,1,curated,other
GLMPCA,GLMPCA,GLMPCA,svm,0.9,benchmarker,Darmanis,dr1,1,curated,other
GLMPCA,GLMPCA,GLMPCA,AUC,0.67,benchmarker,Pancreatic,dr2,1,curated,other
GLMPCA,GLMPCA,GLMPCA,Pearson,0.503,benchmarker,Pancreatic,dr3,1,curated,other
GLMPCA,GLMPCA,GLMPCA,Qglobal,0.741,benchmarker,Pancreatic,dr2,1,curated,other
GLMPCA,GLMPCA,GLMPCA,Qlocal,0.298,benchmarker,Pancreatic,dr2,1,curated,other
GLMPCA,GLMPCA,GLMPCA,centroid_distance,0.822,benchmarker,Pancreatic,dr1,1,curated,other
GLMPCA,GLMPCA,GLMPCA,k-nearest,0.5,benchmarker,Pancreatic,dr1,1,curated,other
GLMPCA,GLMPCA,GLMPCA,kmax,9.0,benchmarker,Pancreatic,dr2,1,curated,other
GLMPCA,GLMPCA,GLMPCA,random_triplet,0.673,benchmarker,Pancreatic,dr1,1,curated,other
GLMPCA,GLMPCA,GLMPCA,spearman,0.558,benchmarker,Pancreatic,dr1,1,curated,other
GLMPCA,GLMPCA,GLMPCA,svm,0.617,benchmarker,Pancreatic,dr1,1,curated,other
GLMPCA,GLMPCA,GLMPCA,AUC,0.722,benchmarker,Silver,dr2,1,curated,other
GLMPCA,GLMPCA,GLMPCA,Pearson,0.749,benchmarker,Silver,dr3,1,curated,other
GLMPCA,GLMPCA,GLMPCA,Qglobal,0.838,benchmarker,Silver,dr2,1,curated,other
GLMPCA,GLMPCA,GLMPCA,Qlocal,0.375,benchmarker,Silver,dr2,1,curated,other
GLMPCA,GLMPCA,GLMPCA,centroid_distance,0.973,benchmarker,Silver,dr1,1,curated,other
GLMPCA,GLMPCA,GLMPCA,k-nearest,0.818,benchmarker,Silver,dr1,1,curated,other
GLMPCA,GLMPCA,GLMPCA,kmax,649.0,benchmarker,Silver,dr2,1,curated,other
GLMPCA,GLMPCA,GLMPCA,random_triplet,0.774,benchmarker,Silver,dr1,1,curated,other
GLMPCA,GLMPCA,GLMPCA,spearman,0.752,benchmarker,Silver,dr1,1,curated,other
GLMPCA,GLMPCA,GLMPCA,svm,0.52,benchmarker,Silver,dr1,1,curated,other
GLMPCA,GLMPCA,GLMPCA,AUC,0.698,benchmarker,Zhengmix4eq,dr2,1,curated,other
GLMPCA,GLMPCA,GLMPCA,Pearson,0.641,benchmarker,Zhengmix4eq,dr3,1,curated,other
GLMPCA,GLMPCA,GLMPCA,Qglobal,0.823,benchmarker,Zhengmix4eq,dr2,1,curated,other
GLMPCA,GLMPCA,GLMPCA,Qlocal,0.327,benchmarker,Zhengmix4eq,dr2,1,curated,other
GLMPCA,GLMPCA,GLMPCA,centroid_distance,1.0,benchmarker,Zhengmix4eq,dr1,1,curated,other
GLMPCA,GLMPCA,GLMPCA,k-nearest,1.0,benchmarker,Zhengmix4eq,dr1,1,curated,other
GLMPCA,GLMPCA,GLMPCA,kmax,1004.0,benchmarker,Zhengmix4eq,dr2,1,curated,other
GLMPCA,GLMPCA,GLMPCA,random_triplet,0.745,benchmarker,Zhengmix4eq,dr1,1,curated,other
GLMPCA,GLMPCA,GLMPCA,spearman,0.649,benchmarker,Zhengmix4eq,dr1,1,curated,other
GLMPCA,GLMPCA,GLMPCA,svm,0.93,benchmarker,Zhengmix4eq,dr1,1,curated,other
GLMPCA,GLMPCA,GLMPCA,AUC,0.665,scDesign3,ACINAR,dr2,1,scDesign3,other
GLMPCA,GLMPCA,GLMPCA,Pearson,0.425,scDesign3,ACINAR,dr3,1,scDesign3,other
GLMPCA,GLMPCA,GLMPCA,Qglobal,0.732,scDesign3,ACINAR,dr2,1,scDesign3,other
GLMPCA,GLMPCA,GLMPCA,Qlocal,0.301,scDesign3,ACINAR,dr2,1,scDesign3,other
GLMPCA,GLMPCA,GLMPCA,centroid_distance,0.678,scDesign3,ACINAR,dr1,1,scDesign3,other
GLMPCA,GLMPCA,GLMPCA,k-nearest,0.633,scDesign3,ACINAR,dr1,1,scDesign3,other
GLMPCA,GLMPCA,GLMPCA,kmax,474.0,scDesign3,ACINAR,dr2,1,scDesign3,other
GLMPCA,GLMPCA,GLMPCA,random_triplet,0.693,scDesign3,ACINAR,dr1,1,scDesign3,other
GLMPCA,GLMPCA,GLMPCA,spearman,0.45,scDesign3,ACINAR,dr1,1,scDesign3,other
GLMPCA,GLMPCA,GLMPCA,svm,0.588,scDesign3,ACINAR,dr1,1,scDesign3,other
GLMPCA,GLMPCA,GLMPCA,AUC,0.617,scDesign3,ATAC,dr2,1,scDesign3,other
GLMPCA,GLMPCA,GLMPCA,Pearson,0.398,scDesign3,ATAC,dr3,1,scDesign3,other
GLMPCA,GLMPCA,GLMPCA,Qglobal,0.752,scDesign3,ATAC,dr2,1,scDesign3,other
GLMPCA,GLMPCA,GLMPCA,Qlocal,0.309,scDesign3,ATAC,dr2,1,scDesign3,other
GLMPCA,GLMPCA,GLMPCA,centroid_distance,0.867,scDesign3,ATAC,dr1,1,scDesign3,other
GLMPCA,GLMPCA,GLMPCA,k-nearest,0.872,scDesign3,ATAC,dr1,1,scDesign3,other
GLMPCA,GLMPCA,GLMPCA,kmax,2148.0,scDesign3,ATAC,dr2,1,scDesign3,other
GLMPCA,GLMPCA,GLMPCA,random_triplet,0.64,scDesign3,ATAC,dr1,1,scDesign3,other
GLMPCA,GLMPCA,GLMPCA,spearman,0.353,scDesign3,ATAC,dr1,1,scDesign3,other
GLMPCA,GLMPCA,GLMPCA,svm,0.792,scDesign3,ATAC,dr1,1,scDesign3,other
GLMPCA,GLMPCA,GLMPCA,AUC,0.641,scDesign3,BATCH,dr2,1,scDesign3,other
GLMPCA,GLMPCA,GLMPCA,Pearson,0.234,scDesign3,BATCH,dr3,1,scDesign3,other
GLMPCA,GLMPCA,GLMPCA,Qglobal,0.687,scDesign3,BATCH,dr2,1,scDesign3,other
GLMPCA,GLMPCA,GLMPCA,Qlocal,0.295,scDesign3,BATCH,dr2,1,scDesign3,other
GLMPCA,GLMPCA,GLMPCA,centroid_distance,0.384,scDesign3,BATCH,dr1,1,scDesign3,other
GLMPCA,GLMPCA,GLMPCA,k-nearest,0.444,scDesign3,BATCH,dr1,1,scDesign3,other
GLMPCA,GLMPCA,GLMPCA,kmax,734.0,scDesign3,BATCH,dr2,1,scDesign3,other
GLMPCA,GLMPCA,GLMPCA,random_triplet,0.648,scDesign3,BATCH,dr1,1,scDesign3,other
GLMPCA,GLMPCA,GLMPCA,spearman,0.376,scDesign3,BATCH,dr1,1,scDesign3,other
GLMPCA,GLMPCA,GLMPCA,svm,0.899,scDesign3,BATCH,dr1,1,scDesign3,other
GLMPCA,GLMPCA,GLMPCA,AUC,0.677,scDesign3,CITE,dr2,1,scDesign3,other
GLMPCA,GLMPCA,GLMPCA,Pearson,0.525,scDesign3,CITE,dr3,1,scDesign3,other
GLMPCA,GLMPCA,GLMPCA,Qglobal,0.727,scDesign3,CITE,dr2,1,scDesign3,other
GLMPCA,GLMPCA,GLMPCA,Qlocal,0.273,scDesign3,CITE,dr2,1,scDesign3,other
GLMPCA,GLMPCA,GLMPCA,centroid_distance,0.612,scDesign3,CITE,dr1,1,scDesign3,other
GLMPCA,GLMPCA,GLMPCA,k-nearest,0.55,scDesign3,CITE,dr1,1,scDesign3,other
GLMPCA,GLMPCA,GLMPCA,kmax,943.0,scDesign3,CITE,dr2,1,scDesign3,other
GLMPCA,GLMPCA,GLMPCA,random_triplet,0.721,scDesign3,CITE,dr1,1,scDesign3,other
GLMPCA,GLMPCA,GLMPCA,spearman,0.657,scDesign3,CITE,dr1,1,scDesign3,other
GLMPCA,GLMPCA,GLMPCA,svm,0.643,scDesign3,CITE,dr1,1,scDesign3,other
GLMPCA,GLMPCA,GLMPCA,AUC,0.611,scDesign3,EMBYRO,dr2,1,scDesign3,other
GLMPCA,GLMPCA,GLMPCA,Pearson,0.127,scDesign3,EMBYRO,dr3,1,scDesign3,other
GLMPCA,GLMPCA,GLMPCA,Qglobal,0.657,scDesign3,EMBYRO,dr2,1,scDesign3,other
GLMPCA,GLMPCA,GLMPCA,Qlocal,0.265,scDesign3,EMBYRO,dr2,1,scDesign3,other
GLMPCA,GLMPCA,GLMPCA,centroid_distance,0.633,scDesign3,EMBYRO,dr1,1,scDesign3,other
GLMPCA,GLMPCA,GLMPCA,k-nearest,0.2,scDesign3,EMBYRO,dr1,1,scDesign3,other
GLMPCA,GLMPCA,GLMPCA,kmax,150.0,scDesign3,EMBYRO,dr2,1,scDesign3,other
GLMPCA,GLMPCA,GLMPCA,random_triplet,0.621,scDesign3,EMBYRO,dr1,1,scDesign3,other
GLMPCA,GLMPCA,GLMPCA,spearman,0.222,scDesign3,EMBYRO,dr1,1,scDesign3,other
GLMPCA,GLMPCA,GLMPCA,svm,0.563,scDesign3,EMBYRO,dr1,1,scDesign3,other
GLMPCA,GLMPCA,GLMPCA,AUC,0.728,scDesign3,IFNB,dr2,1,scDesign3,other
GLMPCA,GLMPCA,GLMPCA,Pearson,0.58,scDesign3,IFNB,dr3,1,scDesign3,other
GLMPCA,GLMPCA,GLMPCA,Qglobal,0.877,scDesign3,IFNB,dr2,1,scDesign3,other
GLMPCA,GLMPCA,GLMPCA,Qlocal,0.501,scDesign3,IFNB,dr2,1,scDesign3,other
GLMPCA,GLMPCA,GLMPCA,centroid_distance,0.934,scDesign3,IFNB,dr1,1,scDesign3,other
GLMPCA,GLMPCA,GLMPCA,k-nearest,0.718,scDesign3,IFNB,dr1,1,scDesign3,other
GLMPCA,GLMPCA,GLMPCA,kmax,5525.0,scDesign3,IFNB,dr2,1,scDesign3,other
GLMPCA,GLMPCA,GLMPCA,random_triplet,0.773,scDesign3,IFNB,dr1,1,scDesign3,other
GLMPCA,GLMPCA,GLMPCA,spearman,0.735,scDesign3,IFNB,dr1,1,scDesign3,other
GLMPCA,GLMPCA,GLMPCA,svm,0.624,scDesign3,IFNB,dr1,1,scDesign3,other
GLMPCA,GLMPCA,GLMPCA,AUC,0.72,scDesign3,MARROW,dr2,1,scDesign3,other
GLMPCA,GLMPCA,GLMPCA,Pearson,0.476,scDesign3,MARROW,dr3,1,scDesign3,other
GLMPCA,GLMPCA,GLMPCA,Qglobal,0.822,scDesign3,MARROW,dr2,1,scDesign3,other
GLMPCA,GLMPCA,GLMPCA,Qlocal,0.481,scDesign3,MARROW,dr2,1,scDesign3,other
GLMPCA,GLMPCA,GLMPCA,centroid_distance,0.575,scDesign3,MARROW,dr1,1,scDesign3,other
GLMPCA,GLMPCA,GLMPCA,k-nearest,0.333,scDesign3,MARROW,dr1,1,scDesign3,other
GLMPCA,GLMPCA,GLMPCA,kmax,792.0,scDesign3,MARROW,dr2,1,scDesign3,other
GLMPCA,GLMPCA,GLMPCA,random_triplet,0.727,scDesign3,MARROW,dr1,1,scDesign3,other
GLMPCA,GLMPCA,GLMPCA,spearman,0.528,scDesign3,MARROW,dr1,1,scDesign3,other
GLMPCA,GLMPCA,GLMPCA,svm,0.952,scDesign3,MARROW,dr1,1,scDesign3,other
GLMPCA,GLMPCA,GLMPCA,AUC,0.668,scDesign3,MOBSC,dr2,1,scDesign3,other
GLMPCA,GLMPCA,GLMPCA,Pearson,0.542,scDesign3,MOBSC,dr3,1,scDesign3,other
GLMPCA,GLMPCA,GLMPCA,Qglobal,0.763,scDesign3,MOBSC,dr2,1,scDesign3,other
GLMPCA,GLMPCA,GLMPCA,Qlocal,0.336,scDesign3,MOBSC,dr2,1,scDesign3,other
GLMPCA,GLMPCA,GLMPCA,centroid_distance,0.928,scDesign3,MOBSC,dr1,1,scDesign3,other
GLMPCA,GLMPCA,GLMPCA,k-nearest,0.75,scDesign3,MOBSC,dr1,1,scDesign3,other
GLMPCA,GLMPCA,GLMPCA,kmax,2819.0,scDesign3,MOBSC,dr2,1,scDesign3,other
GLMPCA,GLMPCA,GLMPCA,random_triplet,0.695,scDesign3,MOBSC,dr1,1,scDesign3,other
GLMPCA,GLMPCA,GLMPCA,spearman,0.564,scDesign3,MOBSC,dr1,1,scDesign3,other
GLMPCA,GLMPCA,GLMPCA,svm,0.835,scDesign3,MOBSC,dr1,1,scDesign3,other
GLMPCA,GLMPCA,GLMPCA,AUC,0.692,scDesign3,OVARIAN,dr2,1,scDesign3,other
GLMPCA,GLMPCA,GLMPCA,Pearson,0.248,scDesign3,OVARIAN,dr3,1,scDesign3,other
GLMPCA,GLMPCA,GLMPCA,Qglobal,0.771,scDesign3,OVARIAN,dr2,1,scDesign3,other
GLMPCA,GLMPCA,GLMPCA,Qlocal,0.404,scDesign3,OVARIAN,dr2,1,scDesign3,other
GLMPCA,GLMPCA,GLMPCA,centroid_distance,0.747,scDesign3,OVARIAN,dr1,1,scDesign3,other
GLMPCA,GLMPCA,GLMPCA,k-nearest,0.636,scDesign3,OVARIAN,dr1,1,scDesign3,other
GLMPCA,GLMPCA,GLMPCA,kmax,739.0,scDesign3,OVARIAN,dr2,1,scDesign3,other
GLMPCA,GLMPCA,GLMPCA,random_triplet,0.709,scDesign3,OVARIAN,dr1,1,scDesign3,other
GLMPCA,GLMPCA,GLMPCA,spearman,0.35,scDesign3,OVARIAN,dr1,1,scDesign3,other
GLMPCA,GLMPCA,GLMPCA,svm,0.549,scDesign3,OVARIAN,dr1,1,scDesign3,other
GLMPCA,GLMPCA,GLMPCA,AUC,0.747,scDesign3,PANCREAS,dr2,1,scDesign3,other
GLMPCA,GLMPCA,GLMPCA,Pearson,0.286,scDesign3,PANCREAS,dr3,1,scDesign3,other
GLMPCA,GLMPCA,GLMPCA,Qglobal,0.813,scDesign3,PANCREAS,dr2,1,scDesign3,other
GLMPCA,GLMPCA,GLMPCA,Qlocal,0.479,scDesign3,PANCREAS,dr2,1,scDesign3,other
GLMPCA,GLMPCA,GLMPCA,centroid_distance,0.807,scDesign3,PANCREAS,dr1,1,scDesign3,other
GLMPCA,GLMPCA,GLMPCA,k-nearest,0.75,scDesign3,PANCREAS,dr1,1,scDesign3,other
GLMPCA,GLMPCA,GLMPCA,kmax,407.0,scDesign3,PANCREAS,dr2,1,scDesign3,other
GLMPCA,GLMPCA,GLMPCA,random_triplet,0.762,scDesign3,PANCREAS,dr1,1,scDesign3,other
GLMPCA,GLMPCA,GLMPCA,spearman,0.468,scDesign3,PANCREAS,dr1,1,scDesign3,other
GLMPCA,GLMPCA,GLMPCA,svm,0.925,scDesign3,PANCREAS,dr1,1,scDesign3,other
GLMPCA,GLMPCA,GLMPCA,AUC,0.706,scDesign3,SCGEMMETH,dr2,1,scDesign3,other
GLMPCA,GLMPCA,GLMPCA,Pearson,0.331,scDesign3,SCGEMMETH,dr3,1,scDesign3,other
GLMPCA,GLMPCA,GLMPCA,Qglobal,0.815,scDesign3,SCGEMMETH,dr2,1,scDesign3,other
GLMPCA,GLMPCA,GLMPCA,Qlocal,0.442,scDesign3,SCGEMMETH,dr2,1,scDesign3,other
GLMPCA,GLMPCA,GLMPCA,centroid_distance,0.807,scDesign3,SCGEMMETH,dr1,1,scDesign3,other
GLMPCA,GLMPCA,GLMPCA,k-nearest,0.75,scDesign3,SCGEMMETH,dr1,1,scDesign3,other
GLMPCA,GLMPCA,GLMPCA,kmax,40.0,scDesign3,SCGEMMETH,dr2,1,scDesign3,other
GLMPCA,GLMPCA,GLMPCA,random_triplet,0.775,scDesign3,SCGEMMETH,dr1,1,scDesign3,other
GLMPCA,GLMPCA,GLMPCA,spearman,0.447,scDesign3,SCGEMMETH,dr1,1,scDesign3,other
GLMPCA,GLMPCA,GLMPCA,svm,0.683,scDesign3,SCGEMMETH,dr1,1,scDesign3,other
GLMPCA,GLMPCA,GLMPCA,AUC,0.717,scDesign3,SCGEMRNA,dr2,1,scDesign3,other
GLMPCA,GLMPCA,GLMPCA,Pearson,0.346,scDesign3,SCGEMRNA,dr3,1,scDesign3,other
GLMPCA,GLMPCA,GLMPCA,Qglobal,0.803,scDesign3,SCGEMRNA,dr2,1,scDesign3,other
GLMPCA,GLMPCA,GLMPCA,Qlocal,0.446,scDesign3,SCGEMRNA,dr2,1,scDesign3,other
GLMPCA,GLMPCA,GLMPCA,centroid_distance,0.763,scDesign3,SCGEMRNA,dr1,1,scDesign3,other
GLMPCA,GLMPCA,GLMPCA,k-nearest,0.6,scDesign3,SCGEMRNA,dr1,1,scDesign3,other
GLMPCA,GLMPCA,GLMPCA,kmax,41.0,scDesign3,SCGEMRNA,dr2,1,scDesign3,other
GLMPCA,GLMPCA,GLMPCA,random_triplet,0.734,scDesign3,SCGEMRNA,dr1,1,scDesign3,other
GLMPCA,GLMPCA,GLMPCA,spearman,0.459,scDesign3,SCGEMRNA,dr1,1,scDesign3,other
GLMPCA,GLMPCA,GLMPCA,svm,0.762,scDesign3,SCGEMRNA,dr1,1,scDesign3,other
GLMPCA,GLMPCA,GLMPCA,AUC,0.529,scDesign3,SCIATAC,dr2,1,scDesign3,other
GLMPCA,GLMPCA,GLMPCA,Pearson,0.102,scDesign3,SCIATAC,dr3,1,scDesign3,other
GLMPCA,GLMPCA,GLMPCA,Qglobal,0.734,scDesign3,SCIATAC,dr2,1,scDesign3,other
GLMPCA,GLMPCA,GLMPCA,Qlocal,0.241,scDesign3,SCIATAC,dr2,1,scDesign3,other
GLMPCA,GLMPCA,GLMPCA,centroid_distance,0.133,scDesign3,SCIATAC,dr1,1,scDesign3,other
GLMPCA,GLMPCA,GLMPCA,k-nearest,0.306,scDesign3,SCIATAC,dr1,1,scDesign3,other
GLMPCA,GLMPCA,GLMPCA,kmax,1676.0,scDesign3,SCIATAC,dr2,1,scDesign3,other
GLMPCA,GLMPCA,GLMPCA,random_triplet,0.546,scDesign3,SCIATAC,dr1,1,scDesign3,other
GLMPCA,GLMPCA,GLMPCA,spearman,0.119,scDesign3,SCIATAC,dr1,1,scDesign3,other
GLMPCA,GLMPCA,GLMPCA,svm,0.736,scDesign3,SCIATAC,dr1,1,scDesign3,other
GLMPCA,GLMPCA,GLMPCA,AUC,0.508,scDesign3,SLIDE,dr2,1,scDesign3,other
GLMPCA,GLMPCA,GLMPCA,Pearson,0.03,scDesign3,SLIDE,dr3,1,scDesign3,other
GLMPCA,GLMPCA,GLMPCA,Qglobal,0.541,scDesign3,SLIDE,dr2,1,scDesign3,other
GLMPCA,GLMPCA,GLMPCA,Qlocal,0.057,scDesign3,SLIDE,dr2,1,scDesign3,other
GLMPCA,GLMPCA,GLMPCA,centroid_distance,0.8,scDesign3,SLIDE,dr1,1,scDesign3,other
GLMPCA,GLMPCA,GLMPCA,k-nearest,0.727,scDesign3,SLIDE,dr1,1,scDesign3,other
GLMPCA,GLMPCA,GLMPCA,kmax,1596.0,scDesign3,SLIDE,dr2,1,scDesign3,other
GLMPCA,GLMPCA,GLMPCA,random_triplet,0.5,scDesign3,SLIDE,dr1,1,scDesign3,other
GLMPCA,GLMPCA,GLMPCA,spearman,0.008,scDesign3,SLIDE,dr1,1,scDesign3,other
GLMPCA,GLMPCA,GLMPCA,svm,0.609,scDesign3,SLIDE,dr1,1,scDesign3,other
GLMPCA,GLMPCA,GLMPCA,AUC,0.627,scDesign3,VISIUM,dr2,1,scDesign3,other
GLMPCA,GLMPCA,GLMPCA,Pearson,0.316,scDesign3,VISIUM,dr3,1,scDesign3,other
GLMPCA,GLMPCA,GLMPCA,Qglobal,0.671,scDesign3,VISIUM,dr2,1,scDesign3,other
GLMPCA,GLMPCA,GLMPCA,Qlocal,0.282,scDesign3,VISIUM,dr2,1,scDesign3,other
GLMPCA,GLMPCA,GLMPCA,centroid_distance,0.63,scDesign3,VISIUM,dr1,1,scDesign3,other
GLMPCA,GLMPCA,GLMPCA,k-nearest,0.583,scDesign3,VISIUM,dr1,1,scDesign3,other
GLMPCA,GLMPCA,GLMPCA,kmax,300.0,scDesign3,VISIUM,dr2,1,scDesign3,other
GLMPCA,GLMPCA,GLMPCA,random_triplet,0.628,scDesign3,VISIUM,dr1,1,scDesign3,other
GLMPCA,GLMPCA,GLMPCA,spearman,0.344,scDesign3,VISIUM,dr1,1,scDesign3,other
GLMPCA,GLMPCA,GLMPCA,svm,0.636,scDesign3,VISIUM,dr1,1,scDesign3,other
pCMF,pCMF,pCMF,AUC,0.605,SIMLR,Pollen,dr2,2,SIMLR,other
pCMF,pCMF,pCMF,Pearson,0.67,SIMLR,Pollen,dr3,2,SIMLR,other
pCMF,pCMF,pCMF,Qglobal,0.653,SIMLR,Pollen,dr2,2,SIMLR,other
pCMF,pCMF,pCMF,Qlocal,0.178,SIMLR,Pollen,dr2,2,SIMLR,other
pCMF,pCMF,pCMF,centroid_distance,0.821,SIMLR,Pollen,dr1,2,SIMLR,other
pCMF,pCMF,pCMF,k-nearest,0.636,SIMLR,Pollen,dr1,2,SIMLR,other
pCMF,pCMF,pCMF,kmax,25.0,SIMLR,Pollen,dr2,2,SIMLR,other
pCMF,pCMF,pCMF,random_triplet,0.626,SIMLR,Pollen,dr1,2,SIMLR,other
pCMF,pCMF,pCMF,spearman,0.679,SIMLR,Pollen,dr1,2,SIMLR,other
pCMF,pCMF,pCMF,svm,0.646,SIMLR,Pollen,dr1,2,SIMLR,other
pCMF,pCMF,pCMF,AUC,0.517,SIMLR,Usoskin,dr2,2,SIMLR,other
pCMF,pCMF,pCMF,Pearson,0.175,SIMLR,Usoskin,dr3,2,SIMLR,other
pCMF,pCMF,pCMF,Qglobal,0.865,SIMLR,Usoskin,dr2,2,SIMLR,other
pCMF,pCMF,pCMF,Qlocal,0.354,SIMLR,Usoskin,dr2,2,SIMLR,other
pCMF,pCMF,pCMF,centroid_distance,0.614,SIMLR,Usoskin,dr1,2,SIMLR,other
pCMF,pCMF,pCMF,k-nearest,0.25,SIMLR,Usoskin,dr1,2,SIMLR,other
pCMF,pCMF,pCMF,kmax,422.0,SIMLR,Usoskin,dr2,2,SIMLR,other
pCMF,pCMF,pCMF,random_triplet,0.532,SIMLR,Usoskin,dr1,2,SIMLR,other
pCMF,pCMF,pCMF,spearman,0.146,SIMLR,Usoskin,dr1,2,SIMLR,other
pCMF,pCMF,pCMF,svm,0.359,SIMLR,Usoskin,dr1,2,SIMLR,other
pCMF,pCMF,pCMF,AUC,0.507,TI,DA1_horns,dr2,2,trajectory,other
pCMF,pCMF,pCMF,Pearson,-0.01,TI,DA1_horns,dr3,2,trajectory,other
pCMF,pCMF,pCMF,Qglobal,0.681,TI,DA1_horns,dr2,2,trajectory,other
pCMF,pCMF,pCMF,Qlocal,0.186,TI,DA1_horns,dr2,2,trajectory,other
pCMF,pCMF,pCMF,centroid_distance,0.483,TI,DA1_horns,dr1,2,trajectory,other
pCMF,pCMF,pCMF,k-nearest,0.2,TI,DA1_horns,dr1,2,trajectory,other
pCMF,pCMF,pCMF,kmax,97.0,TI,DA1_horns,dr2,2,trajectory,other
pCMF,pCMF,pCMF,random_triplet,0.531,TI,DA1_horns,dr1,2,trajectory,other
pCMF,pCMF,pCMF,spearman,0.027,TI,DA1_horns,dr1,2,trajectory,other
pCMF,pCMF,pCMF,svm,0.285,TI,DA1_horns,dr1,2,trajectory,other
pCMF,pCMF,pCMF,AUC,0.516,TI,DC3_VA1d_horns,dr2,2,trajectory,other
pCMF,pCMF,pCMF,Pearson,0.056,TI,DC3_VA1d_horns,dr3,2,trajectory,other
pCMF,pCMF,pCMF,Qglobal,0.594,TI,DC3_VA1d_horns,dr2,2,trajectory,other
pCMF,pCMF,pCMF,Qlocal,0.126,TI,DC3_VA1d_horns,dr2,2,trajectory,other
pCMF,pCMF,pCMF,centroid_distance,0.239,TI,DC3_VA1d_horns,dr1,2,trajectory,other
pCMF,pCMF,pCMF,k-nearest,0.278,TI,DC3_VA1d_horns,dr1,2,trajectory,other
pCMF,pCMF,pCMF,kmax,28.0,TI,DC3_VA1d_horns,dr2,2,trajectory,other
pCMF,pCMF,pCMF,random_triplet,0.533,TI,DC3_VA1d_horns,dr1,2,trajectory,other
pCMF,pCMF,pCMF,spearman,0.031,TI,DC3_VA1d_horns,dr1,2,trajectory,other
pCMF,pCMF,pCMF,svm,0.249,TI,DC3_VA1d_horns,dr1,2,trajectory,other
pCMF,pCMF,pCMF,AUC,0.691,TI,ICM,dr2,2,trajectory,other
pCMF,pCMF,pCMF,Pearson,0.593,TI,ICM,dr3,2,trajectory,other
pCMF,pCMF,pCMF,Qglobal,0.813,TI,ICM,dr2,2,trajectory,other
pCMF,pCMF,pCMF,Qlocal,0.406,TI,ICM,dr2,2,trajectory,other
pCMF,pCMF,pCMF,centroid_distance,0.639,TI,ICM,dr1,2,trajectory,other
pCMF,pCMF,pCMF,k-nearest,0.667,TI,ICM,dr1,2,trajectory,other
pCMF,pCMF,pCMF,kmax,80.0,TI,ICM,dr2,2,trajectory,other
pCMF,pCMF,pCMF,random_triplet,0.728,TI,ICM,dr1,2,trajectory,other
pCMF,pCMF,pCMF,spearman,0.616,TI,ICM,dr1,2,trajectory,other
pCMF,pCMF,pCMF,svm,0.581,TI,ICM,dr1,2,trajectory,other
pCMF,pCMF,pCMF,AUC,0.716,TI,blastocyst,dr2,2,trajectory,other
pCMF,pCMF,pCMF,Pearson,0.633,TI,blastocyst,dr3,2,trajectory,other
pCMF,pCMF,pCMF,Qglobal,0.823,TI,blastocyst,dr2,2,trajectory,other
pCMF,pCMF,pCMF,Qlocal,0.427,TI,blastocyst,dr2,2,trajectory,other
pCMF,pCMF,pCMF,centroid_distance,0.823,TI,blastocyst,dr1,2,trajectory,other
pCMF,pCMF,pCMF,k-nearest,0.692,TI,blastocyst,dr1,2,trajectory,other
pCMF,pCMF,pCMF,kmax,93.0,TI,blastocyst,dr2,2,trajectory,other
pCMF,pCMF,pCMF,random_triplet,0.748,TI,blastocyst,dr1,2,trajectory,other
pCMF,pCMF,pCMF,spearman,0.677,TI,blastocyst,dr1,2,trajectory,other
pCMF,pCMF,pCMF,svm,0.618,TI,blastocyst,dr1,2,trajectory,other
pCMF,pCMF,pCMF,AUC,0.549,TI,combination-1,dr2,2,trajectory,other
pCMF,pCMF,pCMF,Pearson,0.441,TI,combination-1,dr3,2,trajectory,other
pCMF,pCMF,pCMF,Qglobal,0.738,TI,combination-1,dr2,2,trajectory,other
pCMF,pCMF,pCMF,Qlocal,0.244,TI,combination-1,dr2,2,trajectory,other
pCMF,pCMF,pCMF,centroid_distance,0.667,TI,combination-1,dr1,2,trajectory,other
pCMF,pCMF,pCMF,k-nearest,0.714,TI,combination-1,dr1,2,trajectory,other
pCMF,pCMF,pCMF,kmax,1633.0,TI,combination-1,dr2,2,trajectory,other
pCMF,pCMF,pCMF,random_triplet,0.58,TI,combination-1,dr1,2,trajectory,other
pCMF,pCMF,pCMF,spearman,0.308,TI,combination-1,dr1,2,trajectory,other
pCMF,pCMF,pCMF,svm,0.637,TI,combination-1,dr1,2,trajectory,other
pCMF,pCMF,pCMF,AUC,0.56,TI,combination-2,dr2,2,trajectory,other
pCMF,pCMF,pCMF,Pearson,0.334,TI,combination-2,dr3,2,trajectory,other
pCMF,pCMF,pCMF,Qglobal,0.767,TI,combination-2,dr2,2,trajectory,other
pCMF,pCMF,pCMF,Qlocal,0.277,TI,combination-2,dr2,2,trajectory,other
pCMF,pCMF,pCMF,centroid_distance,0.192,TI,combination-2,dr1,2,trajectory,other
pCMF,pCMF,pCMF,k-nearest,0.333,TI,combination-2,dr1,2,trajectory,other
pCMF,pCMF,pCMF,kmax,1834.0,TI,combination-2,dr2,2,trajectory,other
pCMF,pCMF,pCMF,random_triplet,0.594,TI,combination-2,dr1,2,trajectory,other
pCMF,pCMF,pCMF,spearman,0.245,TI,combination-2,dr1,2,trajectory,other
pCMF,pCMF,pCMF,svm,0.286,TI,combination-2,dr1,2,trajectory,other
pCMF,pCMF,pCMF,AUC,0.57,TI,combination-3,dr2,2,trajectory,other
pCMF,pCMF,pCMF,Pearson,0.38,TI,combination-3,dr3,2,trajectory,other
pCMF,pCMF,pCMF,Qglobal,0.783,TI,combination-3,dr2,2,trajectory,other
pCMF,pCMF,pCMF,Qlocal,0.294,TI,combination-3,dr2,2,trajectory,other
pCMF,pCMF,pCMF,centroid_distance,0.425,TI,combination-3,dr1,2,trajectory,other
pCMF,pCMF,pCMF,k-nearest,0.5,TI,combination-3,dr1,2,trajectory,other
pCMF,pCMF,pCMF,kmax,986.0,TI,combination-3,dr2,2,trajectory,other
pCMF,pCMF,pCMF,random_triplet,0.608,TI,combination-3,dr1,2,trajectory,other
pCMF,pCMF,pCMF,spearman,0.309,TI,combination-3,dr1,2,trajectory,other
pCMF,pCMF,pCMF,svm,0.411,TI,combination-3,dr1,2,trajectory,other
pCMF,pCMF,pCMF,AUC,0.719,TI,epiblast,dr2,2,trajectory,other
pCMF,pCMF,pCMF,Pearson,0.708,TI,epiblast,dr3,2,trajectory,other
pCMF,pCMF,pCMF,Qglobal,0.869,TI,epiblast,dr2,2,trajectory,other
pCMF,pCMF,pCMF,Qlocal,0.447,TI,epiblast,dr2,2,trajectory,other
pCMF,pCMF,pCMF,centroid_distance,0.889,TI,epiblast,dr1,2,trajectory,other
pCMF,pCMF,pCMF,k-nearest,0.714,TI,epiblast,dr1,2,trajectory,other
pCMF,pCMF,pCMF,kmax,63.0,TI,epiblast,dr2,2,trajectory,other
pCMF,pCMF,pCMF,random_triplet,0.763,TI,epiblast,dr1,2,trajectory,other
pCMF,pCMF,pCMF,spearman,0.797,TI,epiblast,dr1,2,trajectory,other
pCMF,pCMF,pCMF,svm,0.506,TI,epiblast,dr1,2,trajectory,other
pCMF,pCMF,pCMF,AUC,0.542,TI,epidermis,dr2,2,trajectory,other
pCMF,pCMF,pCMF,Pearson,0.424,TI,epidermis,dr3,2,trajectory,other
pCMF,pCMF,pCMF,Qglobal,0.821,TI,epidermis,dr2,2,trajectory,other
pCMF,pCMF,pCMF,Qlocal,0.323,TI,epidermis,dr2,2,trajectory,other
pCMF,pCMF,pCMF,centroid_distance,0.813,TI,epidermis,dr1,2,trajectory,other
pCMF,pCMF,pCMF,k-nearest,0.8,TI,epidermis,dr1,2,trajectory,other
pCMF,pCMF,pCMF,kmax,2242.0,TI,epidermis,dr2,2,trajectory,other
pCMF,pCMF,pCMF,random_triplet,0.567,TI,epidermis,dr1,2,trajectory,other
pCMF,pCMF,pCMF,spearman,0.264,TI,epidermis,dr1,2,trajectory,other
pCMF,pCMF,pCMF,svm,0.703,TI,epidermis,dr1,2,trajectory,other
pCMF,pCMF,pCMF,AUC,0.507,TI,horns,dr2,2,trajectory,other
pCMF,pCMF,pCMF,Pearson,-0.011,TI,horns,dr3,2,trajectory,other
pCMF,pCMF,pCMF,Qglobal,0.634,TI,horns,dr2,2,trajectory,other
pCMF,pCMF,pCMF,Qlocal,0.142,TI,horns,dr2,2,trajectory,other
pCMF,pCMF,pCMF,centroid_distance,0.231,TI,horns,dr1,2,trajectory,other
pCMF,pCMF,pCMF,k-nearest,0.357,TI,horns,dr1,2,trajectory,other
pCMF,pCMF,pCMF,kmax,117.0,TI,horns,dr2,2,trajectory,other
pCMF,pCMF,pCMF,random_triplet,0.517,TI,horns,dr1,2,trajectory,other
pCMF,pCMF,pCMF,spearman,-0.003,TI,horns,dr1,2,trajectory,other
pCMF,pCMF,pCMF,svm,0.172,TI,horns,dr1,2,trajectory,other
pCMF,pCMF,pCMF,AUC,0.534,TI,muscle,dr2,2,trajectory,other
pCMF,pCMF,pCMF,Pearson,0.506,TI,muscle,dr3,2,trajectory,other
pCMF,pCMF,pCMF,Qglobal,0.868,TI,muscle,dr2,2,trajectory,other
pCMF,pCMF,pCMF,Qlocal,0.362,TI,muscle,dr2,2,trajectory,other
pCMF,pCMF,pCMF,centroid_distance,0.858,TI,muscle,dr1,2,trajectory,other
pCMF,pCMF,pCMF,k-nearest,0.667,TI,muscle,dr1,2,trajectory,other
pCMF,pCMF,pCMF,kmax,1542.0,TI,muscle,dr2,2,trajectory,other
pCMF,pCMF,pCMF,random_triplet,0.561,TI,muscle,dr1,2,trajectory,other
pCMF,pCMF,pCMF,spearman,0.27,TI,muscle,dr1,2,trajectory,other
pCMF,pCMF,pCMF,svm,0.566,TI,muscle,dr1,2,trajectory,other
pCMF,pCMF,pCMF,AUC,0.55,TI,neuron,dr2,2,trajectory,other
pCMF,pCMF,pCMF,Pearson,0.32,TI,neuron,dr3,2,trajectory,other
pCMF,pCMF,pCMF,Qglobal,0.737,TI,neuron,dr2,2,trajectory,other
pCMF,pCMF,pCMF,Qlocal,0.248,TI,neuron,dr2,2,trajectory,other
pCMF,pCMF,pCMF,centroid_distance,0.288,TI,neuron,dr1,2,trajectory,other
pCMF,pCMF,pCMF,k-nearest,0.286,TI,neuron,dr1,2,trajectory,other
pCMF,pCMF,pCMF,kmax,899.0,TI,neuron,dr2,2,trajectory,other
pCMF,pCMF,pCMF,random_triplet,0.582,TI,neuron,dr1,2,trajectory,other
pCMF,pCMF,pCMF,spearman,0.21,TI,neuron,dr1,2,trajectory,other
pCMF,pCMF,pCMF,svm,0.507,TI,neuron,dr1,2,trajectory,other
pCMF,pCMF,pCMF,AUC,0.555,TI,pair-1,dr2,2,trajectory,other
pCMF,pCMF,pCMF,Pearson,0.478,TI,pair-1,dr3,2,trajectory,other
pCMF,pCMF,pCMF,Qglobal,0.812,TI,pair-1,dr2,2,trajectory,other
pCMF,pCMF,pCMF,Qlocal,0.314,TI,pair-1,dr2,2,trajectory,other
pCMF,pCMF,pCMF,centroid_distance,0.767,TI,pair-1,dr1,2,trajectory,other
pCMF,pCMF,pCMF,k-nearest,0.688,TI,pair-1,dr1,2,trajectory,other
pCMF,pCMF,pCMF,kmax,5452.0,TI,pair-1,dr2,2,trajectory,other
pCMF,pCMF,pCMF,random_triplet,0.587,TI,pair-1,dr1,2,trajectory,other
pCMF,pCMF,pCMF,spearman,0.356,TI,pair-1,dr1,2,trajectory,other
pCMF,pCMF,pCMF,svm,0.681,TI,pair-1,dr1,2,trajectory,other
pCMF,pCMF,pCMF,AUC,0.56,TI,pair-2,dr2,2,trajectory,other
pCMF,pCMF,pCMF,Pearson,0.408,TI,pair-2,dr3,2,trajectory,other
pCMF,pCMF,pCMF,Qglobal,0.824,TI,pair-2,dr2,2,trajectory,other
pCMF,pCMF,pCMF,Qlocal,0.324,TI,pair-2,dr2,2,trajectory,other
pCMF,pCMF,pCMF,centroid_distance,0.236,TI,pair-2,dr1,2,trajectory,other
pCMF,pCMF,pCMF,k-nearest,0.41,TI,pair-2,dr1,2,trajectory,other
pCMF,pCMF,pCMF,kmax,5627.0,TI,pair-2,dr2,2,trajectory,other
pCMF,pCMF,pCMF,random_triplet,0.6,TI,pair-2,dr1,2,trajectory,other
pCMF,pCMF,pCMF,spearman,0.33,TI,pair-2,dr1,2,trajectory,other
pCMF,pCMF,pCMF,svm,0.605,TI,pair-2,dr1,2,trajectory,other
pCMF,pCMF,pCMF,AUC,0.563,TI,pair-3,dr2,2,trajectory,other
pCMF,pCMF,pCMF,Pearson,0.457,TI,pair-3,dr3,2,trajectory,other
pCMF,pCMF,pCMF,Qglobal,0.864,TI,pair-3,dr2,2,trajectory,other
pCMF,pCMF,pCMF,Qlocal,0.363,TI,pair-3,dr2,2,trajectory,other
pCMF,pCMF,pCMF,centroid_distance,0.502,TI,pair-3,dr1,2,trajectory,other
pCMF,pCMF,pCMF,k-nearest,0.375,TI,pair-3,dr1,2,trajectory,other
pCMF,pCMF,pCMF,kmax,5165.0,TI,pair-3,dr2,2,trajectory,other
pCMF,pCMF,pCMF,random_triplet,0.604,TI,pair-3,dr1,2,trajectory,other
pCMF,pCMF,pCMF,spearman,0.389,TI,pair-3,dr1,2,trajectory,other
pCMF,pCMF,pCMF,svm,0.745,TI,pair-3,dr1,2,trajectory,other
pCMF,pCMF,pCMF,AUC,0.554,TI,pair-4,dr2,2,trajectory,other
pCMF,pCMF,pCMF,Pearson,0.401,TI,pair-4,dr3,2,trajectory,other
pCMF,pCMF,pCMF,Qglobal,0.833,TI,pair-4,dr2,2,trajectory,other
pCMF,pCMF,pCMF,Qlocal,0.332,TI,pair-4,dr2,2,trajectory,other
pCMF,pCMF,pCMF,centroid_distance,0.387,TI,pair-4,dr1,2,trajectory,other
pCMF,pCMF,pCMF,k-nearest,0.567,TI,pair-4,dr1,2,trajectory,other
pCMF,pCMF,pCMF,kmax,4981.0,TI,pair-4,dr2,2,trajectory,other
pCMF,pCMF,pCMF,random_triplet,0.589,TI,pair-4,dr1,2,trajectory,other
pCMF,pCMF,pCMF,spearman,0.306,TI,pair-4,dr1,2,trajectory,other
pCMF,pCMF,pCMF,svm,0.72,TI,pair-4,dr1,2,trajectory,other
pCMF,pCMF,pCMF,AUC,0.571,TI,parenchyme,dr2,2,trajectory,other
pCMF,pCMF,pCMF,Pearson,0.395,TI,parenchyme,dr3,2,trajectory,other
pCMF,pCMF,pCMF,Qglobal,0.786,TI,parenchyme,dr2,2,trajectory,other
pCMF,pCMF,pCMF,Qlocal,0.298,TI,parenchyme,dr2,2,trajectory,other
pCMF,pCMF,pCMF,centroid_distance,0.527,TI,parenchyme,dr1,2,trajectory,other
pCMF,pCMF,pCMF,k-nearest,0.4,TI,parenchyme,dr1,2,trajectory,other
pCMF,pCMF,pCMF,kmax,875.0,TI,parenchyme,dr2,2,trajectory,other
pCMF,pCMF,pCMF,random_triplet,0.612,TI,parenchyme,dr1,2,trajectory,other
pCMF,pCMF,pCMF,spearman,0.302,TI,parenchyme,dr1,2,trajectory,other
pCMF,pCMF,pCMF,svm,0.469,TI,parenchyme,dr1,2,trajectory,other
pCMF,pCMF,pCMF,AUC,0.598,TI,phagocyte,dr2,2,trajectory,other
pCMF,pCMF,pCMF,Pearson,0.65,TI,phagocyte,dr3,2,trajectory,other
pCMF,pCMF,pCMF,Qglobal,0.814,TI,phagocyte,dr2,2,trajectory,other
pCMF,pCMF,pCMF,Qlocal,0.324,TI,phagocyte,dr2,2,trajectory,other
pCMF,pCMF,pCMF,centroid_distance,1.0,TI,phagocyte,dr1,2,trajectory,other
pCMF,pCMF,pCMF,k-nearest,1.0,TI,phagocyte,dr1,2,trajectory,other
pCMF,pCMF,pCMF,kmax,304.0,TI,phagocyte,dr2,2,trajectory,other
pCMF,pCMF,pCMF,random_triplet,0.655,TI,phagocyte,dr1,2,trajectory,other
pCMF,pCMF,pCMF,spearman,0.51,TI,phagocyte,dr1,2,trajectory,other
pCMF,pCMF,pCMF,svm,0.824,TI,phagocyte,dr1,2,trajectory,other
pCMF,pCMF,pCMF,AUC,0.557,TI,pharynx,dr2,2,trajectory,other
pCMF,pCMF,pCMF,Pearson,0.267,TI,pharynx,dr3,2,trajectory,other
pCMF,pCMF,pCMF,Qglobal,0.722,TI,pharynx,dr2,2,trajectory,other
pCMF,pCMF,pCMF,Qlocal,0.234,TI,pharynx,dr2,2,trajectory,other
pCMF,pCMF,pCMF,centroid_distance,1.0,TI,pharynx,dr1,2,trajectory,other
pCMF,pCMF,pCMF,k-nearest,1.0,TI,pharynx,dr1,2,trajectory,other
pCMF,pCMF,pCMF,kmax,98.0,TI,pharynx,dr2,2,trajectory,other
pCMF,pCMF,pCMF,random_triplet,0.6,TI,pharynx,dr1,2,trajectory,other
pCMF,pCMF,pCMF,spearman,0.242,TI,pharynx,dr1,2,trajectory,other
pCMF,pCMF,pCMF,svm,0.89,TI,pharynx,dr1,2,trajectory,other
pCMF,pCMF,pCMF,AUC,0.671,TI,trophectoderm,dr2,2,trajectory,other
pCMF,pCMF,pCMF,Pearson,0.469,TI,trophectoderm,dr3,2,trajectory,other
pCMF,pCMF,pCMF,Qglobal,0.784,TI,trophectoderm,dr2,2,trajectory,other
pCMF,pCMF,pCMF,Qlocal,0.363,TI,trophectoderm,dr2,2,trajectory,other
pCMF,pCMF,pCMF,centroid_distance,0.858,TI,trophectoderm,dr1,2,trajectory,other
pCMF,pCMF,pCMF,k-nearest,0.667,TI,trophectoderm,dr1,2,trajectory,other
pCMF,pCMF,pCMF,kmax,21.0,TI,trophectoderm,dr2,2,trajectory,other
pCMF,pCMF,pCMF,random_triplet,0.71,TI,trophectoderm,dr1,2,trajectory,other
pCMF,pCMF,pCMF,spearman,0.534,TI,trophectoderm,dr1,2,trajectory,other
pCMF,pCMF,pCMF,svm,0.939,TI,trophectoderm,dr1,2,trajectory,other
pCMF,pCMF,pCMF,AUC,0.542,VASC,Baron,dr2,2,VASC,other
pCMF,pCMF,pCMF,Pearson,0.267,VASC,Baron,dr3,2,VASC,other
pCMF,pCMF,pCMF,Qglobal,0.882,VASC,Baron,dr2,2,VASC,other
pCMF,pCMF,pCMF,Qlocal,0.381,VASC,Baron,dr2,2,VASC,other
pCMF,pCMF,pCMF,centroid_distance,0.45,VASC,Baron,dr1,2,VASC,other
pCMF,pCMF,pCMF,k-nearest,0.304,VASC,Baron,dr1,2,VASC,other
pCMF,pCMF,pCMF,kmax,5817.0,VASC,Baron,dr2,2,VASC,other
pCMF,pCMF,pCMF,random_triplet,0.567,VASC,Baron,dr1,2,VASC,other
pCMF,pCMF,pCMF,spearman,0.396,VASC,Baron,dr1,2,VASC,other
pCMF,pCMF,pCMF,svm,0.293,VASC,Baron,dr1,2,VASC,other
pCMF,pCMF,pCMF,AUC,0.541,VASC,Biase,dr2,2,VASC,other
pCMF,pCMF,pCMF,Pearson,0.389,VASC,Biase,dr3,2,VASC,other
pCMF,pCMF,pCMF,Qglobal,0.994,VASC,Biase,dr2,2,VASC,other
pCMF,pCMF,pCMF,Qlocal,0.434,VASC,Biase,dr2,2,VASC,other
pCMF,pCMF,pCMF,centroid_distance,0.59,VASC,Biase,dr1,2,VASC,other
pCMF,pCMF,pCMF,k-nearest,0.75,VASC,Biase,dr1,2,VASC,other
pCMF,pCMF,pCMF,kmax,43.0,VASC,Biase,dr2,2,VASC,other
pCMF,pCMF,pCMF,random_triplet,0.561,VASC,Biase,dr1,2,VASC,other
pCMF,pCMF,pCMF,spearman,0.288,VASC,Biase,dr1,2,VASC,other
pCMF,pCMF,pCMF,svm,0.357,VASC,Biase,dr1,2,VASC,other
pCMF,pCMF,pCMF,AUC,0.595,VASC,Goolam,dr2,2,VASC,other
pCMF,pCMF,pCMF,Pearson,0.341,VASC,Goolam,dr3,2,VASC,other
pCMF,pCMF,pCMF,Qglobal,0.675,VASC,Goolam,dr2,2,VASC,other
pCMF,pCMF,pCMF,Qlocal,0.268,VASC,Goolam,dr2,2,VASC,other
pCMF,pCMF,pCMF,centroid_distance,0.633,VASC,Goolam,dr1,2,VASC,other
pCMF,pCMF,pCMF,k-nearest,0.0,VASC,Goolam,dr1,2,VASC,other
pCMF,pCMF,pCMF,kmax,24.0,VASC,Goolam,dr2,2,VASC,other
pCMF,pCMF,pCMF,random_triplet,0.597,VASC,Goolam,dr1,2,VASC,other
pCMF,pCMF,pCMF,spearman,0.366,VASC,Goolam,dr1,2,VASC,other
pCMF,pCMF,pCMF,svm,0.74,VASC,Goolam,dr1,2,VASC,other
pCMF,pCMF,pCMF,AUC,0.545,VASC,Xin,dr2,2,VASC,other
pCMF,pCMF,pCMF,Pearson,0.178,VASC,Xin,dr3,2,VASC,other
pCMF,pCMF,pCMF,Qglobal,0.746,VASC,Xin,dr2,2,VASC,other
pCMF,pCMF,pCMF,Qlocal,0.262,VASC,Xin,dr2,2,VASC,other
pCMF,pCMF,pCMF,centroid_distance,0.611,VASC,Xin,dr1,2,VASC,other
pCMF,pCMF,pCMF,k-nearest,0.5,VASC,Xin,dr1,2,VASC,other
pCMF,pCMF,pCMF,kmax,663.0,VASC,Xin,dr2,2,VASC,other
pCMF,pCMF,pCMF,random_triplet,0.558,VASC,Xin,dr1,2,VASC,other
pCMF,pCMF,pCMF,spearman,0.184,VASC,Xin,dr1,2,VASC,other
pCMF,pCMF,pCMF,svm,0.691,VASC,Xin,dr1,2,VASC,other
pCMF,pCMF,pCMF,AUC,0.636,VASC,Zeisel,dr2,2,VASC,other
pCMF,pCMF,pCMF,Pearson,0.433,VASC,Zeisel,dr3,2,VASC,other
pCMF,pCMF,pCMF,Qglobal,0.774,VASC,Zeisel,dr2,2,VASC,other
pCMF,pCMF,pCMF,Qlocal,0.329,VASC,Zeisel,dr2,2,VASC,other
pCMF,pCMF,pCMF,centroid_distance,0.708,VASC,Zeisel,dr1,2,VASC,other
pCMF,pCMF,pCMF,k-nearest,0.333,VASC,Zeisel,dr1,2,VASC,other
pCMF,pCMF,pCMF,kmax,936.0,VASC,Zeisel,dr2,2,VASC,other
pCMF,pCMF,pCMF,random_triplet,0.661,VASC,Zeisel,dr1,2,VASC,other
pCMF,pCMF,pCMF,spearman,0.458,VASC,Zeisel,dr1,2,VASC,other
pCMF,pCMF,pCMF,svm,0.598,VASC,Zeisel,dr1,2,VASC,other
pCMF,pCMF,pCMF,AUC,0.806,VASC,yan,dr2,2,VASC,other
pCMF,pCMF,pCMF,Pearson,0.829,VASC,yan,dr3,2,VASC,other
pCMF,pCMF,pCMF,Qglobal,0.885,VASC,yan,dr2,2,VASC,other
pCMF,pCMF,pCMF,Qlocal,0.612,VASC,yan,dr2,2,VASC,other
pCMF,pCMF,pCMF,centroid_distance,0.915,VASC,yan,dr1,2,VASC,other
pCMF,pCMF,pCMF,k-nearest,0.833,VASC,yan,dr1,2,VASC,other
pCMF,pCMF,pCMF,kmax,23.0,VASC,yan,dr2,2,VASC,other
pCMF,pCMF,pCMF,random_triplet,0.802,VASC,yan,dr1,2,VASC,other
pCMF,pCMF,pCMF,spearman,0.839,VASC,yan,dr1,2,VASC,other
pCMF,pCMF,pCMF,svm,0.867,VASC,yan,dr1,2,VASC,other
pCMF,pCMF,pCMF,AUC,0.541,benchmarker,Baron_mouse,dr2,2,curated,other
pCMF,pCMF,pCMF,Pearson,0.172,benchmarker,Baron_mouse,dr3,2,curated,other
pCMF,pCMF,pCMF,Qglobal,0.707,benchmarker,Baron_mouse,dr2,2,curated,other
pCMF,pCMF,pCMF,Qlocal,0.27,benchmarker,Baron_mouse,dr2,2,curated,other
pCMF,pCMF,pCMF,centroid_distance,0.0,benchmarker,Baron_mouse,dr1,2,curated,other
pCMF,pCMF,pCMF,k-nearest,0.256,benchmarker,Baron_mouse,dr1,2,curated,other
pCMF,pCMF,pCMF,kmax,715.0,benchmarker,Baron_mouse,dr2,2,curated,other
pCMF,pCMF,pCMF,random_triplet,0.511,benchmarker,Baron_mouse,dr1,2,curated,other
pCMF,pCMF,pCMF,spearman,0.178,benchmarker,Baron_mouse,dr1,2,curated,other
pCMF,pCMF,pCMF,svm,0.611,benchmarker,Baron_mouse,dr1,2,curated,other
pCMF,pCMF,pCMF,AUC,0.557,benchmarker,Darmanis,dr2,2,curated,other
pCMF,pCMF,pCMF,Pearson,0.175,benchmarker,Darmanis,dr3,2,curated,other
pCMF,pCMF,pCMF,Qglobal,0.651,benchmarker,Darmanis,dr2,2,curated,other
pCMF,pCMF,pCMF,Qlocal,0.184,benchmarker,Darmanis,dr2,2,curated,other
pCMF,pCMF,pCMF,centroid_distance,0.187,benchmarker,Darmanis,dr1,2,curated,other
pCMF,pCMF,pCMF,k-nearest,0.438,benchmarker,Darmanis,dr1,2,curated,other
pCMF,pCMF,pCMF,kmax,85.0,benchmarker,Darmanis,dr2,2,curated,other
pCMF,pCMF,pCMF,random_triplet,0.548,benchmarker,Darmanis,dr1,2,curated,other
pCMF,pCMF,pCMF,spearman,0.177,benchmarker,Darmanis,dr1,2,curated,other
pCMF,pCMF,pCMF,svm,0.586,benchmarker,Darmanis,dr1,2,curated,other
pCMF,pCMF,pCMF,AUC,0.671,benchmarker,Pancreatic,dr2,2,curated,other
pCMF,pCMF,pCMF,Pearson,0.558,benchmarker,Pancreatic,dr3,2,curated,other
pCMF,pCMF,pCMF,Qglobal,0.731,benchmarker,Pancreatic,dr2,2,curated,other
pCMF,pCMF,pCMF,Qlocal,0.24,benchmarker,Pancreatic,dr2,2,curated,other
pCMF,pCMF,pCMF,centroid_distance,0.865,benchmarker,Pancreatic,dr1,2,curated,other
pCMF,pCMF,pCMF,k-nearest,0.833,benchmarker,Pancreatic,dr1,2,curated,other
pCMF,pCMF,pCMF,kmax,7.0,benchmarker,Pancreatic,dr2,2,curated,other
pCMF,pCMF,pCMF,random_triplet,0.723,benchmarker,Pancreatic,dr1,2,curated,other
pCMF,pCMF,pCMF,spearman,0.676,benchmarker,Pancreatic,dr1,2,curated,other
pCMF,pCMF,pCMF,svm,0.567,benchmarker,Pancreatic,dr1,2,curated,other
pCMF,pCMF,pCMF,AUC,0.509,benchmarker,Silver,dr2,2,curated,other
pCMF,pCMF,pCMF,Pearson,0.106,benchmarker,Silver,dr3,2,curated,other
pCMF,pCMF,pCMF,Qglobal,0.722,benchmarker,Silver,dr2,2,curated,other
pCMF,pCMF,pCMF,Qlocal,0.218,benchmarker,Silver,dr2,2,curated,other
pCMF,pCMF,pCMF,centroid_distance,0.454,benchmarker,Silver,dr1,2,curated,other
pCMF,pCMF,pCMF,k-nearest,0.273,benchmarker,Silver,dr1,2,curated,other
pCMF,pCMF,pCMF,kmax,1097.0,benchmarker,Silver,dr2,2,curated,other
pCMF,pCMF,pCMF,random_triplet,0.519,benchmarker,Silver,dr1,2,curated,other
pCMF,pCMF,pCMF,spearman,0.086,benchmarker,Silver,dr1,2,curated,other
pCMF,pCMF,pCMF,svm,0.217,benchmarker,Silver,dr1,2,curated,other
pCMF,pCMF,pCMF,AUC,0.549,benchmarker,Zhengmix4eq,dr2,2,curated,other
pCMF,pCMF,pCMF,Pearson,0.376,benchmarker,Zhengmix4eq,dr3,2,curated,other
pCMF,pCMF,pCMF,Qglobal,0.896,benchmarker,Zhengmix4eq,dr2,2,curated,other
pCMF,pCMF,pCMF,Qlocal,0.413,benchmarker,Zhengmix4eq,dr2,2,curated,other
pCMF,pCMF,pCMF,centroid_distance,0.904,benchmarker,Zhengmix4eq,dr1,2,curated,other
pCMF,pCMF,pCMF,k-nearest,0.75,benchmarker,Zhengmix4eq,dr1,2,curated,other
pCMF,pCMF,pCMF,kmax,2868.0,benchmarker,Zhengmix4eq,dr2,2,curated,other
pCMF,pCMF,pCMF,random_triplet,0.574,benchmarker,Zhengmix4eq,dr1,2,curated,other
pCMF,pCMF,pCMF,spearman,0.388,benchmarker,Zhengmix4eq,dr1,2,curated,other
pCMF,pCMF,pCMF,svm,0.459,benchmarker,Zhengmix4eq,dr1,2,curated,other
pCMF,pCMF,pCMF,AUC,0.772,scDesign3,ACINAR,dr2,2,scDesign3,other
pCMF,pCMF,pCMF,Pearson,0.851,scDesign3,ACINAR,dr3,2,scDesign3,other
pCMF,pCMF,pCMF,Qglobal,0.829,scDesign3,ACINAR,dr2,2,scDesign3,other
pCMF,pCMF,pCMF,Qlocal,0.473,scDesign3,ACINAR,dr2,2,scDesign3,other
pCMF,pCMF,pCMF,centroid_distance,0.77,scDesign3,ACINAR,dr1,2,scDesign3,other
pCMF,pCMF,pCMF,k-nearest,0.6,scDesign3,ACINAR,dr1,2,scDesign3,other
pCMF,pCMF,pCMF,kmax,485.0,scDesign3,ACINAR,dr2,2,scDesign3,other
pCMF,pCMF,pCMF,random_triplet,0.805,scDesign3,ACINAR,dr1,2,scDesign3,other
pCMF,pCMF,pCMF,spearman,0.827,scDesign3,ACINAR,dr1,2,scDesign3,other
pCMF,pCMF,pCMF,svm,0.477,scDesign3,ACINAR,dr1,2,scDesign3,other
pCMF,pCMF,pCMF,AUC,0.604,scDesign3,ATAC,dr2,2,scDesign3,other
pCMF,pCMF,pCMF,Pearson,0.515,scDesign3,ATAC,dr3,2,scDesign3,other
pCMF,pCMF,pCMF,Qglobal,0.794,scDesign3,ATAC,dr2,2,scDesign3,other
pCMF,pCMF,pCMF,Qlocal,0.311,scDesign3,ATAC,dr2,2,scDesign3,other
pCMF,pCMF,pCMF,centroid_distance,0.836,scDesign3,ATAC,dr1,2,scDesign3,other
pCMF,pCMF,pCMF,k-nearest,0.615,scDesign3,ATAC,dr1,2,scDesign3,other
pCMF,pCMF,pCMF,kmax,2764.0,scDesign3,ATAC,dr2,2,scDesign3,other
pCMF,pCMF,pCMF,random_triplet,0.646,scDesign3,ATAC,dr1,2,scDesign3,other
pCMF,pCMF,pCMF,spearman,0.519,scDesign3,ATAC,dr1,2,scDesign3,other
pCMF,pCMF,pCMF,svm,0.521,scDesign3,ATAC,dr1,2,scDesign3,other
pCMF,pCMF,pCMF,AUC,0.763,scDesign3,BATCH,dr2,2,scDesign3,other
pCMF,pCMF,pCMF,Pearson,0.888,scDesign3,BATCH,dr3,2,scDesign3,other
pCMF,pCMF,pCMF,Qglobal,0.852,scDesign3,BATCH,dr2,2,scDesign3,other
pCMF,pCMF,pCMF,Qlocal,0.448,scDesign3,BATCH,dr2,2,scDesign3,other
pCMF,pCMF,pCMF,centroid_distance,0.962,scDesign3,BATCH,dr1,2,scDesign3,other
pCMF,pCMF,pCMF,k-nearest,0.444,scDesign3,BATCH,dr1,2,scDesign3,other
pCMF,pCMF,pCMF,kmax,1378.0,scDesign3,BATCH,dr2,2,scDesign3,other
pCMF,pCMF,pCMF,random_triplet,0.821,scDesign3,BATCH,dr1,2,scDesign3,other
pCMF,pCMF,pCMF,spearman,0.901,scDesign3,BATCH,dr1,2,scDesign3,other
pCMF,pCMF,pCMF,svm,0.528,scDesign3,BATCH,dr1,2,scDesign3,other
pCMF,pCMF,pCMF,AUC,0.871,scDesign3,CITE,dr2,2,scDesign3,other
pCMF,pCMF,pCMF,Pearson,0.987,scDesign3,CITE,dr3,2,scDesign3,other
pCMF,pCMF,pCMF,Qglobal,0.903,scDesign3,CITE,dr2,2,scDesign3,other
pCMF,pCMF,pCMF,Qlocal,0.596,scDesign3,CITE,dr2,2,scDesign3,other
pCMF,pCMF,pCMF,centroid_distance,0.943,scDesign3,CITE,dr1,2,scDesign3,other
pCMF,pCMF,pCMF,k-nearest,0.8,scDesign3,CITE,dr1,2,scDesign3,other
pCMF,pCMF,pCMF,kmax,895.0,scDesign3,CITE,dr2,2,scDesign3,other
pCMF,pCMF,pCMF,random_triplet,0.909,scDesign3,CITE,dr1,2,scDesign3,other
pCMF,pCMF,pCMF,spearman,0.957,scDesign3,CITE,dr1,2,scDesign3,other
pCMF,pCMF,pCMF,svm,0.615,scDesign3,CITE,dr1,2,scDesign3,other
pCMF,pCMF,pCMF,AUC,0.712,scDesign3,EMBYRO,dr2,2,scDesign3,other
pCMF,pCMF,pCMF,Pearson,0.861,scDesign3,EMBYRO,dr3,2,scDesign3,other
pCMF,pCMF,pCMF,Qglobal,0.803,scDesign3,EMBYRO,dr2,2,scDesign3,other
pCMF,pCMF,pCMF,Qlocal,0.385,scDesign3,EMBYRO,dr2,2,scDesign3,other
pCMF,pCMF,pCMF,centroid_distance,0.807,scDesign3,EMBYRO,dr1,2,scDesign3,other
pCMF,pCMF,pCMF,k-nearest,0.6,scDesign3,EMBYRO,dr1,2,scDesign3,other
pCMF,pCMF,pCMF,kmax,280.0,scDesign3,EMBYRO,dr2,2,scDesign3,other
pCMF,pCMF,pCMF,random_triplet,0.757,scDesign3,EMBYRO,dr1,2,scDesign3,other
pCMF,pCMF,pCMF,spearman,0.802,scDesign3,EMBYRO,dr1,2,scDesign3,other
pCMF,pCMF,pCMF,svm,0.469,scDesign3,EMBYRO,dr1,2,scDesign3,other
pCMF,pCMF,pCMF,AUC,0.779,scDesign3,IFNB,dr2,2,scDesign3,other
pCMF,pCMF,pCMF,Pearson,0.912,scDesign3,IFNB,dr3,2,scDesign3,other
pCMF,pCMF,pCMF,Qglobal,0.901,scDesign3,IFNB,dr2,2,scDesign3,other
pCMF,pCMF,pCMF,Qlocal,0.488,scDesign3,IFNB,dr2,2,scDesign3,other
pCMF,pCMF,pCMF,centroid_distance,0.953,scDesign3,IFNB,dr1,2,scDesign3,other
pCMF,pCMF,pCMF,k-nearest,0.615,scDesign3,IFNB,dr1,2,scDesign3,other
pCMF,pCMF,pCMF,kmax,4110.0,scDesign3,IFNB,dr2,2,scDesign3,other
pCMF,pCMF,pCMF,random_triplet,0.845,scDesign3,IFNB,dr1,2,scDesign3,other
pCMF,pCMF,pCMF,spearman,0.913,scDesign3,IFNB,dr1,2,scDesign3,other
pCMF,pCMF,pCMF,svm,0.571,scDesign3,IFNB,dr1,2,scDesign3,other
pCMF,pCMF,pCMF,AUC,0.836,scDesign3,MARROW,dr2,2,scDesign3,other
pCMF,pCMF,pCMF,Pearson,0.886,scDesign3,MARROW,dr3,2,scDesign3,other
pCMF,pCMF,pCMF,Qglobal,0.904,scDesign3,MARROW,dr2,2,scDesign3,other
pCMF,pCMF,pCMF,Qlocal,0.581,scDesign3,MARROW,dr2,2,scDesign3,other
pCMF,pCMF,pCMF,centroid_distance,0.858,scDesign3,MARROW,dr1,2,scDesign3,other
pCMF,pCMF,pCMF,k-nearest,0.667,scDesign3,MARROW,dr1,2,scDesign3,other
pCMF,pCMF,pCMF,kmax,555.0,scDesign3,MARROW,dr2,2,scDesign3,other
pCMF,pCMF,pCMF,random_triplet,0.876,scDesign3,MARROW,dr1,2,scDesign3,other
pCMF,pCMF,pCMF,spearman,0.906,scDesign3,MARROW,dr1,2,scDesign3,other
pCMF,pCMF,pCMF,svm,0.914,scDesign3,MARROW,dr1,2,scDesign3,other
pCMF,pCMF,pCMF,AUC,0.491,scDesign3,MOBSC,dr2,2,scDesign3,other
pCMF,pCMF,pCMF,Pearson,0.28,scDesign3,MOBSC,dr3,2,scDesign3,other
pCMF,pCMF,pCMF,Qglobal,0.945,scDesign3,MOBSC,dr2,2,scDesign3,other
pCMF,pCMF,pCMF,Qlocal,0.411,scDesign3,MOBSC,dr2,2,scDesign3,other
pCMF,pCMF,pCMF,centroid_distance,0.253,scDesign3,MOBSC,dr1,2,scDesign3,other
pCMF,pCMF,pCMF,k-nearest,0.0,scDesign3,MOBSC,dr1,2,scDesign3,other
pCMF,pCMF,pCMF,kmax,10751.0,scDesign3,MOBSC,dr2,2,scDesign3,other
pCMF,pCMF,pCMF,random_triplet,0.536,scDesign3,MOBSC,dr1,2,scDesign3,other
pCMF,pCMF,pCMF,spearman,0.239,scDesign3,MOBSC,dr1,2,scDesign3,other
pCMF,pCMF,pCMF,svm,0.72,scDesign3,MOBSC,dr1,2,scDesign3,other
pCMF,pCMF,pCMF,AUC,0.8,scDesign3,OVARIAN,dr2,2,scDesign3,other
pCMF,pCMF,pCMF,Pearson,0.91,scDesign3,OVARIAN,dr3,2,scDesign3,other
pCMF,pCMF,pCMF,Qglobal,0.861,scDesign3,OVARIAN,dr2,2,scDesign3,other
pCMF,pCMF,pCMF,Qlocal,0.51,scDesign3,OVARIAN,dr2,2,scDesign3,other
pCMF,pCMF,pCMF,centroid_distance,0.854,scDesign3,OVARIAN,dr1,2,scDesign3,other
pCMF,pCMF,pCMF,k-nearest,0.697,scDesign3,OVARIAN,dr1,2,scDesign3,other
pCMF,pCMF,pCMF,kmax,599.0,scDesign3,OVARIAN,dr2,2,scDesign3,other
pCMF,pCMF,pCMF,random_triplet,0.834,scDesign3,OVARIAN,dr1,2,scDesign3,other
pCMF,pCMF,pCMF,spearman,0.872,scDesign3,OVARIAN,dr1,2,scDesign3,other
pCMF,pCMF,pCMF,svm,0.416,scDesign3,OVARIAN,dr1,2,scDesign3,other
pCMF,pCMF,pCMF,AUC,0.751,scDesign3,PANCREAS,dr2,2,scDesign3,other
pCMF,pCMF,pCMF,Pearson,0.673,scDesign3,PANCREAS,dr3,2,scDesign3,other
pCMF,pCMF,pCMF,Qglobal,0.858,scDesign3,PANCREAS,dr2,2,scDesign3,other
pCMF,pCMF,pCMF,Qlocal,0.46,scDesign3,PANCREAS,dr2,2,scDesign3,other
pCMF,pCMF,pCMF,centroid_distance,0.88,scDesign3,PANCREAS,dr1,2,scDesign3,other
pCMF,pCMF,pCMF,k-nearest,0.75,scDesign3,PANCREAS,dr1,2,scDesign3,other
pCMF,pCMF,pCMF,kmax,558.0,scDesign3,PANCREAS,dr2,2,scDesign3,other
pCMF,pCMF,pCMF,random_triplet,0.811,scDesign3,PANCREAS,dr1,2,scDesign3,other
pCMF,pCMF,pCMF,spearman,0.748,scDesign3,PANCREAS,dr1,2,scDesign3,other
pCMF,pCMF,pCMF,svm,0.751,scDesign3,PANCREAS,dr1,2,scDesign3,other
pCMF,pCMF,pCMF,AUC,0.777,scDesign3,SCGEMMETH,dr2,2,scDesign3,other
pCMF,pCMF,pCMF,Pearson,0.87,scDesign3,SCGEMMETH,dr3,2,scDesign3,other
pCMF,pCMF,pCMF,Qglobal,0.933,scDesign3,SCGEMMETH,dr2,2,scDesign3,other
pCMF,pCMF,pCMF,Qlocal,0.572,scDesign3,SCGEMMETH,dr2,2,scDesign3,other
pCMF,pCMF,pCMF,centroid_distance,1.0,scDesign3,SCGEMMETH,dr1,2,scDesign3,other
pCMF,pCMF,pCMF,k-nearest,1.0,scDesign3,SCGEMMETH,dr1,2,scDesign3,other
pCMF,pCMF,pCMF,kmax,59.0,scDesign3,SCGEMMETH,dr2,2,scDesign3,other
pCMF,pCMF,pCMF,random_triplet,0.825,scDesign3,SCGEMMETH,dr1,2,scDesign3,other
pCMF,pCMF,pCMF,spearman,0.888,scDesign3,SCGEMMETH,dr1,2,scDesign3,other
pCMF,pCMF,pCMF,svm,0.662,scDesign3,SCGEMMETH,dr1,2,scDesign3,other
pCMF,pCMF,pCMF,AUC,0.61,scDesign3,SCGEMRNA,dr2,2,scDesign3,other
pCMF,pCMF,pCMF,Pearson,0.443,scDesign3,SCGEMRNA,dr3,2,scDesign3,other
pCMF,pCMF,pCMF,Qglobal,0.703,scDesign3,SCGEMRNA,dr2,2,scDesign3,other
pCMF,pCMF,pCMF,Qlocal,0.227,scDesign3,SCGEMRNA,dr2,2,scDesign3,other
pCMF,pCMF,pCMF,centroid_distance,0.651,scDesign3,SCGEMRNA,dr1,2,scDesign3,other
pCMF,pCMF,pCMF,k-nearest,0.2,scDesign3,SCGEMRNA,dr1,2,scDesign3,other
pCMF,pCMF,pCMF,kmax,34.0,scDesign3,SCGEMRNA,dr2,2,scDesign3,other
pCMF,pCMF,pCMF,random_triplet,0.629,scDesign3,SCGEMRNA,dr1,2,scDesign3,other
pCMF,pCMF,pCMF,spearman,0.443,scDesign3,SCGEMRNA,dr1,2,scDesign3,other
pCMF,pCMF,pCMF,svm,0.622,scDesign3,SCGEMRNA,dr1,2,scDesign3,other
pCMF,pCMF,pCMF,AUC,0.53,scDesign3,SCIATAC,dr2,2,scDesign3,other
pCMF,pCMF,pCMF,Pearson,0.152,scDesign3,SCIATAC,dr3,2,scDesign3,other
pCMF,pCMF,pCMF,Qglobal,0.703,scDesign3,SCIATAC,dr2,2,scDesign3,other
pCMF,pCMF,pCMF,Qlocal,0.182,scDesign3,SCIATAC,dr2,2,scDesign3,other
pCMF,pCMF,pCMF,centroid_distance,0.459,scDesign3,SCIATAC,dr1,2,scDesign3,other
pCMF,pCMF,pCMF,k-nearest,0.417,scDesign3,SCIATAC,dr1,2,scDesign3,other
pCMF,pCMF,pCMF,kmax,1339.0,scDesign3,SCIATAC,dr2,2,scDesign3,other
pCMF,pCMF,pCMF,random_triplet,0.561,scDesign3,SCIATAC,dr1,2,scDesign3,other
pCMF,pCMF,pCMF,spearman,0.212,scDesign3,SCIATAC,dr1,2,scDesign3,other
pCMF,pCMF,pCMF,svm,0.409,scDesign3,SCIATAC,dr1,2,scDesign3,other
pCMF,pCMF,pCMF,AUC,0.58,scDesign3,SLIDE,dr2,2,scDesign3,other
pCMF,pCMF,pCMF,Pearson,0.706,scDesign3,SLIDE,dr3,2,scDesign3,other
pCMF,pCMF,pCMF,Qglobal,0.891,scDesign3,SLIDE,dr2,2,scDesign3,other
pCMF,pCMF,pCMF,Qlocal,0.399,scDesign3,SLIDE,dr2,2,scDesign3,other
pCMF,pCMF,pCMF,centroid_distance,0.494,scDesign3,SLIDE,dr1,2,scDesign3,other
pCMF,pCMF,pCMF,k-nearest,0.273,scDesign3,SLIDE,dr1,2,scDesign3,other
pCMF,pCMF,pCMF,kmax,14811.0,scDesign3,SLIDE,dr2,2,scDesign3,other
pCMF,pCMF,pCMF,random_triplet,0.626,scDesign3,SLIDE,dr1,2,scDesign3,other
pCMF,pCMF,pCMF,spearman,0.611,scDesign3,SLIDE,dr1,2,scDesign3,other
pCMF,pCMF,pCMF,svm,0.529,scDesign3,SLIDE,dr1,2,scDesign3,other
pCMF,pCMF,pCMF,AUC,0.736,scDesign3,VISIUM,dr2,2,scDesign3,other
pCMF,pCMF,pCMF,Pearson,0.73,scDesign3,VISIUM,dr3,2,scDesign3,other
pCMF,pCMF,pCMF,Qglobal,0.799,scDesign3,VISIUM,dr2,2,scDesign3,other
pCMF,pCMF,pCMF,Qlocal,0.394,scDesign3,VISIUM,dr2,2,scDesign3,other
pCMF,pCMF,pCMF,centroid_distance,0.812,scDesign3,VISIUM,dr1,2,scDesign3,other
pCMF,pCMF,pCMF,k-nearest,0.633,scDesign3,VISIUM,dr1,2,scDesign3,other
pCMF,pCMF,pCMF,kmax,421.0,scDesign3,VISIUM,dr2,2,scDesign3,other
pCMF,pCMF,pCMF,random_triplet,0.781,scDesign3,VISIUM,dr1,2,scDesign3,other
pCMF,pCMF,pCMF,spearman,0.729,scDesign3,VISIUM,dr1,2,scDesign3,other
pCMF,pCMF,pCMF,svm,0.496,scDesign3,VISIUM,dr1,2,scDesign3,other
ZIFA,ZIFA,ZIFA,AUC,0.626,SIMLR,Pollen,dr2,3,SIMLR,other
ZIFA,ZIFA,ZIFA,Pearson,0.565,SIMLR,Pollen,dr3,3,SIMLR,other
ZIFA,ZIFA,ZIFA,Qglobal,0.693,SIMLR,Pollen,dr2,3,SIMLR,other
ZIFA,ZIFA,ZIFA,Qlocal,0.289,SIMLR,Pollen,dr2,3,SIMLR,other
ZIFA,ZIFA,ZIFA,centroid_distance,0.748,SIMLR,Pollen,dr1,3,SIMLR,other
ZIFA,ZIFA,ZIFA,k-nearest,0.879,SIMLR,Pollen,dr1,3,SIMLR,other
ZIFA,ZIFA,ZIFA,kmax,41.0,SIMLR,Pollen,dr2,3,SIMLR,other
ZIFA,ZIFA,ZIFA,random_triplet,0.632,SIMLR,Pollen,dr1,3,SIMLR,other
ZIFA,ZIFA,ZIFA,spearman,0.545,SIMLR,Pollen,dr1,3,SIMLR,other
ZIFA,ZIFA,ZIFA,svm,0.767,SIMLR,Pollen,dr1,3,SIMLR,other
ZIFA,ZIFA,ZIFA,AUC,0.582,SIMLR,Usoskin,dr2,3,SIMLR,other
ZIFA,ZIFA,ZIFA,Pearson,0.599,SIMLR,Usoskin,dr3,3,SIMLR,other
ZIFA,ZIFA,ZIFA,Qglobal,0.836,SIMLR,Usoskin,dr2,3,SIMLR,other
ZIFA,ZIFA,ZIFA,Qlocal,0.34,SIMLR,Usoskin,dr2,3,SIMLR,other
ZIFA,ZIFA,ZIFA,centroid_distance,0.783,SIMLR,Usoskin,dr1,3,SIMLR,other
ZIFA,ZIFA,ZIFA,k-nearest,0.5,SIMLR,Usoskin,dr1,3,SIMLR,other
ZIFA,ZIFA,ZIFA,kmax,317.0,SIMLR,Usoskin,dr2,3,SIMLR,other
ZIFA,ZIFA,ZIFA,random_triplet,0.625,SIMLR,Usoskin,dr1,3,SIMLR,other
ZIFA,ZIFA,ZIFA,spearman,0.523,SIMLR,Usoskin,dr1,3,SIMLR,other
ZIFA,ZIFA,ZIFA,svm,0.857,SIMLR,Usoskin,dr1,3,SIMLR,other
ZIFA,ZIFA,ZIFA,AUC,0.722,TI,DA1_horns,dr2,3,trajectory,other
ZIFA,ZIFA,ZIFA,Pearson,0.517,TI,DA1_horns,dr3,3,trajectory,other
ZIFA,ZIFA,ZIFA,Qglobal,0.811,TI,DA1_horns,dr2,3,trajectory,other
ZIFA,ZIFA,ZIFA,Qlocal,0.391,TI,DA1_horns,dr2,3,trajectory,other
ZIFA,ZIFA,ZIFA,centroid_distance,0.907,TI,DA1_horns,dr1,3,trajectory,other
ZIFA,ZIFA,ZIFA,k-nearest,0.8,TI,DA1_horns,dr1,3,trajectory,other
ZIFA,ZIFA,ZIFA,kmax,57.0,TI,DA1_horns,dr2,3,trajectory,other
ZIFA,ZIFA,ZIFA,random_triplet,0.775,TI,DA1_horns,dr1,3,trajectory,other
ZIFA,ZIFA,ZIFA,spearman,0.725,TI,DA1_horns,dr1,3,trajectory,other
ZIFA,ZIFA,ZIFA,svm,0.971,TI,DA1_horns,dr1,3,trajectory,other
ZIFA,ZIFA,ZIFA,AUC,0.729,TI,DC3_VA1d_horns,dr2,3,trajectory,other
ZIFA,ZIFA,ZIFA,Pearson,0.491,TI,DC3_VA1d_horns,dr3,3,trajectory,other
ZIFA,ZIFA,ZIFA,Qglobal,0.816,TI,DC3_VA1d_horns,dr2,3,trajectory,other
ZIFA,ZIFA,ZIFA,Qlocal,0.469,TI,DC3_VA1d_horns,dr2,3,trajectory,other
ZIFA,ZIFA,ZIFA,centroid_distance,0.839,TI,DC3_VA1d_horns,dr1,3,trajectory,other
ZIFA,ZIFA,ZIFA,k-nearest,0.611,TI,DC3_VA1d_horns,dr1,3,trajectory,other
ZIFA,ZIFA,ZIFA,kmax,40.0,TI,DC3_VA1d_horns,dr2,3,trajectory,other
ZIFA,ZIFA,ZIFA,random_triplet,0.736,TI,DC3_VA1d_horns,dr1,3,trajectory,other
ZIFA,ZIFA,ZIFA,spearman,0.696,TI,DC3_VA1d_horns,dr1,3,trajectory,other
ZIFA,ZIFA,ZIFA,svm,0.685,TI,DC3_VA1d_horns,dr1,3,trajectory,other
ZIFA,ZIFA,ZIFA,AUC,0.819,TI,ICM,dr2,3,trajectory,other
ZIFA,ZIFA,ZIFA,Pearson,0.819,TI,ICM,dr3,3,trajectory,other
ZIFA,ZIFA,ZIFA,Qglobal,0.873,TI,ICM,dr2,3,trajectory,other
ZIFA,ZIFA,ZIFA,Qlocal,0.46,TI,ICM,dr2,3,trajectory,other
ZIFA,ZIFA,ZIFA,centroid_distance,0.875,TI,ICM,dr1,3,trajectory,other
ZIFA,ZIFA,ZIFA,k-nearest,0.833,TI,ICM,dr1,3,trajectory,other
ZIFA,ZIFA,ZIFA,kmax,34.0,TI,ICM,dr2,3,trajectory,other
ZIFA,ZIFA,ZIFA,random_triplet,0.837,TI,ICM,dr1,3,trajectory,other
ZIFA,ZIFA,ZIFA,spearman,0.869,TI,ICM,dr1,3,trajectory,other
ZIFA,ZIFA,ZIFA,svm,0.787,TI,ICM,dr1,3,trajectory,other
ZIFA,ZIFA,ZIFA,AUC,0.804,TI,blastocyst,dr2,3,trajectory,other
ZIFA,ZIFA,ZIFA,Pearson,0.815,TI,blastocyst,dr3,3,trajectory,other
ZIFA,ZIFA,ZIFA,Qglobal,0.845,TI,blastocyst,dr2,3,trajectory,other
ZIFA,ZIFA,ZIFA,Qlocal,0.468,TI,blastocyst,dr2,3,trajectory,other
ZIFA,ZIFA,ZIFA,centroid_distance,0.832,TI,blastocyst,dr1,3,trajectory,other
ZIFA,ZIFA,ZIFA,k-nearest,0.641,TI,blastocyst,dr1,3,trajectory,other
ZIFA,ZIFA,ZIFA,kmax,36.0,TI,blastocyst,dr2,3,trajectory,other
ZIFA,ZIFA,ZIFA,random_triplet,0.818,TI,blastocyst,dr1,3,trajectory,other
ZIFA,ZIFA,ZIFA,spearman,0.859,TI,blastocyst,dr1,3,trajectory,other
ZIFA,ZIFA,ZIFA,svm,0.779,TI,blastocyst,dr1,3,trajectory,other
ZIFA,ZIFA,ZIFA,AUC,0.604,TI,combination-1,dr2,3,trajectory,other
ZIFA,ZIFA,ZIFA,Pearson,0.82,TI,combination-1,dr3,3,trajectory,other
ZIFA,ZIFA,ZIFA,Qglobal,0.902,TI,combination-1,dr2,3,trajectory,other
ZIFA,ZIFA,ZIFA,Qlocal,0.408,TI,combination-1,dr2,3,trajectory,other
ZIFA,ZIFA,ZIFA,centroid_distance,0.894,TI,combination-1,dr1,3,trajectory,other
ZIFA,ZIFA,ZIFA,k-nearest,0.857,TI,combination-1,dr1,3,trajectory,other
ZIFA,ZIFA,ZIFA,kmax,2581.0,TI,combination-1,dr2,3,trajectory,other
ZIFA,ZIFA,ZIFA,random_triplet,0.657,TI,combination-1,dr1,3,trajectory,other
ZIFA,ZIFA,ZIFA,spearman,0.629,TI,combination-1,dr1,3,trajectory,other
ZIFA,ZIFA,ZIFA,svm,0.789,TI,combination-1,dr1,3,trajectory,other
ZIFA,ZIFA,ZIFA,AUC,0.614,TI,combination-2,dr2,3,trajectory,other
ZIFA,ZIFA,ZIFA,Pearson,0.733,TI,combination-2,dr3,3,trajectory,other
ZIFA,ZIFA,ZIFA,Qglobal,0.833,TI,combination-2,dr2,3,trajectory,other
ZIFA,ZIFA,ZIFA,Qlocal,0.335,TI,combination-2,dr2,3,trajectory,other
ZIFA,ZIFA,ZIFA,centroid_distance,0.528,TI,combination-2,dr1,3,trajectory,other
ZIFA,ZIFA,ZIFA,k-nearest,0.583,TI,combination-2,dr1,3,trajectory,other
ZIFA,ZIFA,ZIFA,kmax,1909.0,TI,combination-2,dr2,3,trajectory,other
ZIFA,ZIFA,ZIFA,random_triplet,0.675,TI,combination-2,dr1,3,trajectory,other
ZIFA,ZIFA,ZIFA,spearman,0.624,TI,combination-2,dr1,3,trajectory,other
ZIFA,ZIFA,ZIFA,svm,0.558,TI,combination-2,dr1,3,trajectory,other
ZIFA,ZIFA,ZIFA,AUC,0.643,TI,combination-3,dr2,3,trajectory,other
ZIFA,ZIFA,ZIFA,Pearson,0.791,TI,combination-3,dr3,3,trajectory,other
ZIFA,ZIFA,ZIFA,Qglobal,0.857,TI,combination-3,dr2,3,trajectory,other
ZIFA,ZIFA,ZIFA,Qlocal,0.366,TI,combination-3,dr2,3,trajectory,other
ZIFA,ZIFA,ZIFA,centroid_distance,0.475,TI,combination-3,dr1,3,trajectory,other
ZIFA,ZIFA,ZIFA,k-nearest,0.571,TI,combination-3,dr1,3,trajectory,other
ZIFA,ZIFA,ZIFA,kmax,989.0,TI,combination-3,dr2,3,trajectory,other
ZIFA,ZIFA,ZIFA,random_triplet,0.707,TI,combination-3,dr1,3,trajectory,other
ZIFA,ZIFA,ZIFA,spearman,0.673,TI,combination-3,dr1,3,trajectory,other
ZIFA,ZIFA,ZIFA,svm,0.635,TI,combination-3,dr1,3,trajectory,other
ZIFA,ZIFA,ZIFA,AUC,0.733,TI,epiblast,dr2,3,trajectory,other
ZIFA,ZIFA,ZIFA,Pearson,0.669,TI,epiblast,dr3,3,trajectory,other
ZIFA,ZIFA,ZIFA,Qglobal,0.805,TI,epiblast,dr2,3,trajectory,other
ZIFA,ZIFA,ZIFA,Qlocal,0.413,TI,epiblast,dr2,3,trajectory,other
ZIFA,ZIFA,ZIFA,centroid_distance,0.852,TI,epiblast,dr1,3,trajectory,other
ZIFA,ZIFA,ZIFA,k-nearest,0.714,TI,epiblast,dr1,3,trajectory,other
ZIFA,ZIFA,ZIFA,kmax,32.0,TI,epiblast,dr2,3,trajectory,other
ZIFA,ZIFA,ZIFA,random_triplet,0.788,TI,epiblast,dr1,3,trajectory,other
ZIFA,ZIFA,ZIFA,spearman,0.736,TI,epiblast,dr1,3,trajectory,other
ZIFA,ZIFA,ZIFA,svm,0.803,TI,epiblast,dr1,3,trajectory,other
ZIFA,ZIFA,ZIFA,AUC,0.63,TI,epidermis,dr2,3,trajectory,other
ZIFA,ZIFA,ZIFA,Pearson,0.766,TI,epidermis,dr3,3,trajectory,other
ZIFA,ZIFA,ZIFA,Qglobal,0.883,TI,epidermis,dr2,3,trajectory,other
ZIFA,ZIFA,ZIFA,Qlocal,0.393,TI,epidermis,dr2,3,trajectory,other
ZIFA,ZIFA,ZIFA,centroid_distance,0.863,TI,epidermis,dr1,3,trajectory,other
ZIFA,ZIFA,ZIFA,k-nearest,0.8,TI,epidermis,dr1,3,trajectory,other
ZIFA,ZIFA,ZIFA,kmax,2064.0,TI,epidermis,dr2,3,trajectory,other
ZIFA,ZIFA,ZIFA,random_triplet,0.692,TI,epidermis,dr1,3,trajectory,other
ZIFA,ZIFA,ZIFA,spearman,0.66,TI,epidermis,dr1,3,trajectory,other
ZIFA,ZIFA,ZIFA,svm,0.863,TI,epidermis,dr1,3,trajectory,other
ZIFA,ZIFA,ZIFA,AUC,0.721,TI,horns,dr2,3,trajectory,other
ZIFA,ZIFA,ZIFA,Pearson,0.546,TI,horns,dr3,3,trajectory,other
ZIFA,ZIFA,ZIFA,Qglobal,0.842,TI,horns,dr2,3,trajectory,other
ZIFA,ZIFA,ZIFA,Qlocal,0.46,TI,horns,dr2,3,trajectory,other
ZIFA,ZIFA,ZIFA,centroid_distance,0.778,TI,horns,dr1,3,trajectory,other
ZIFA,ZIFA,ZIFA,k-nearest,0.679,TI,horns,dr1,3,trajectory,other
ZIFA,ZIFA,ZIFA,kmax,142.0,TI,horns,dr2,3,trajectory,other
ZIFA,ZIFA,ZIFA,random_triplet,0.761,TI,horns,dr1,3,trajectory,other
ZIFA,ZIFA,ZIFA,spearman,0.694,TI,horns,dr1,3,trajectory,other
ZIFA,ZIFA,ZIFA,svm,0.782,TI,horns,dr1,3,trajectory,other
ZIFA,ZIFA,ZIFA,AUC,0.58,TI,muscle,dr2,3,trajectory,other
ZIFA,ZIFA,ZIFA,Pearson,0.784,TI,muscle,dr3,3,trajectory,other
ZIFA,ZIFA,ZIFA,Qglobal,0.871,TI,muscle,dr2,3,trajectory,other
ZIFA,ZIFA,ZIFA,Qlocal,0.353,TI,muscle,dr2,3,trajectory,other
ZIFA,ZIFA,ZIFA,centroid_distance,1.0,TI,muscle,dr1,3,trajectory,other
ZIFA,ZIFA,ZIFA,k-nearest,1.0,TI,muscle,dr1,3,trajectory,other
ZIFA,ZIFA,ZIFA,kmax,1310.0,TI,muscle,dr2,3,trajectory,other
ZIFA,ZIFA,ZIFA,random_triplet,0.623,TI,muscle,dr1,3,trajectory,other
ZIFA,ZIFA,ZIFA,spearman,0.566,TI,muscle,dr1,3,trajectory,other
ZIFA,ZIFA,ZIFA,svm,0.817,TI,muscle,dr1,3,trajectory,other
ZIFA,ZIFA,ZIFA,AUC,0.577,TI,neuron,dr2,3,trajectory,other
ZIFA,ZIFA,ZIFA,Pearson,0.759,TI,neuron,dr3,3,trajectory,other
ZIFA,ZIFA,ZIFA,Qglobal,0.895,TI,neuron,dr2,3,trajectory,other
ZIFA,ZIFA,ZIFA,Qlocal,0.377,TI,neuron,dr2,3,trajectory,other
ZIFA,ZIFA,ZIFA,centroid_distance,0.512,TI,neuron,dr1,3,trajectory,other
ZIFA,ZIFA,ZIFA,k-nearest,0.357,TI,neuron,dr1,3,trajectory,other
ZIFA,ZIFA,ZIFA,kmax,1438.0,TI,neuron,dr2,3,trajectory,other
ZIFA,ZIFA,ZIFA,random_triplet,0.625,TI,neuron,dr1,3,trajectory,other
ZIFA,ZIFA,ZIFA,spearman,0.565,TI,neuron,dr1,3,trajectory,other
ZIFA,ZIFA,ZIFA,svm,0.649,TI,neuron,dr1,3,trajectory,other
ZIFA,ZIFA,ZIFA,AUC,0.589,TI,pair-1,dr2,3,trajectory,other
ZIFA,ZIFA,ZIFA,Pearson,0.732,TI,pair-1,dr3,3,trajectory,other
ZIFA,ZIFA,ZIFA,Qglobal,0.865,TI,pair-1,dr2,3,trajectory,other
ZIFA,ZIFA,ZIFA,Qlocal,0.347,TI,pair-1,dr2,3,trajectory,other
ZIFA,ZIFA,ZIFA,centroid_distance,0.604,TI,pair-1,dr1,3,trajectory,other
ZIFA,ZIFA,ZIFA,k-nearest,0.5,TI,pair-1,dr1,3,trajectory,other
ZIFA,ZIFA,ZIFA,kmax,5623.0,TI,pair-1,dr2,3,trajectory,other
ZIFA,ZIFA,ZIFA,random_triplet,0.639,TI,pair-1,dr1,3,trajectory,other
ZIFA,ZIFA,ZIFA,spearman,0.584,TI,pair-1,dr1,3,trajectory,other
ZIFA,ZIFA,ZIFA,svm,0.859,TI,pair-1,dr1,3,trajectory,other
ZIFA,ZIFA,ZIFA,AUC,0.583,TI,pair-2,dr2,3,trajectory,other
ZIFA,ZIFA,ZIFA,Pearson,0.731,TI,pair-2,dr3,3,trajectory,other
ZIFA,ZIFA,ZIFA,Qglobal,0.896,TI,pair-2,dr2,3,trajectory,other
ZIFA,ZIFA,ZIFA,Qlocal,0.369,TI,pair-2,dr2,3,trajectory,other
ZIFA,ZIFA,ZIFA,centroid_distance,0.237,TI,pair-2,dr1,3,trajectory,other
ZIFA,ZIFA,ZIFA,k-nearest,0.436,TI,pair-2,dr1,3,trajectory,other
ZIFA,ZIFA,ZIFA,kmax,6322.0,TI,pair-2,dr2,3,trajectory,other
ZIFA,ZIFA,ZIFA,random_triplet,0.629,TI,pair-2,dr1,3,trajectory,other
ZIFA,ZIFA,ZIFA,spearman,0.606,TI,pair-2,dr1,3,trajectory,other
ZIFA,ZIFA,ZIFA,svm,0.684,TI,pair-2,dr1,3,trajectory,other
ZIFA,ZIFA,ZIFA,AUC,0.584,TI,pair-3,dr2,3,trajectory,other
ZIFA,ZIFA,ZIFA,Pearson,0.776,TI,pair-3,dr3,3,trajectory,other
ZIFA,ZIFA,ZIFA,Qglobal,0.912,TI,pair-3,dr2,3,trajectory,other
ZIFA,ZIFA,ZIFA,Qlocal,0.384,TI,pair-3,dr2,3,trajectory,other
ZIFA,ZIFA,ZIFA,centroid_distance,0.373,TI,pair-3,dr1,3,trajectory,other
ZIFA,ZIFA,ZIFA,k-nearest,0.375,TI,pair-3,dr1,3,trajectory,other
ZIFA,ZIFA,ZIFA,kmax,5333.0,TI,pair-3,dr2,3,trajectory,other
ZIFA,ZIFA,ZIFA,random_triplet,0.637,TI,pair-3,dr1,3,trajectory,other
ZIFA,ZIFA,ZIFA,spearman,0.651,TI,pair-3,dr1,3,trajectory,other
ZIFA,ZIFA,ZIFA,svm,0.824,TI,pair-3,dr1,3,trajectory,other
ZIFA,ZIFA,ZIFA,AUC,0.58,TI,pair-4,dr2,3,trajectory,other
ZIFA,ZIFA,ZIFA,Pearson,0.749,TI,pair-4,dr3,3,trajectory,other
ZIFA,ZIFA,ZIFA,Qglobal,0.907,TI,pair-4,dr2,3,trajectory,other
ZIFA,ZIFA,ZIFA,Qlocal,0.373,TI,pair-4,dr2,3,trajectory,other
ZIFA,ZIFA,ZIFA,centroid_distance,0.38,TI,pair-4,dr1,3,trajectory,other
ZIFA,ZIFA,ZIFA,k-nearest,0.433,TI,pair-4,dr1,3,trajectory,other
ZIFA,ZIFA,ZIFA,kmax,5490.0,TI,pair-4,dr2,3,trajectory,other
ZIFA,ZIFA,ZIFA,random_triplet,0.626,TI,pair-4,dr1,3,trajectory,other
ZIFA,ZIFA,ZIFA,spearman,0.623,TI,pair-4,dr1,3,trajectory,other
ZIFA,ZIFA,ZIFA,svm,0.797,TI,pair-4,dr1,3,trajectory,other
ZIFA,ZIFA,ZIFA,AUC,0.648,TI,parenchyme,dr2,3,trajectory,other
ZIFA,ZIFA,ZIFA,Pearson,0.801,TI,parenchyme,dr3,3,trajectory,other
ZIFA,ZIFA,ZIFA,Qglobal,0.853,TI,parenchyme,dr2,3,trajectory,other
ZIFA,ZIFA,ZIFA,Qlocal,0.363,TI,parenchyme,dr2,3,trajectory,other
ZIFA,ZIFA,ZIFA,centroid_distance,0.925,TI,parenchyme,dr1,3,trajectory,other
ZIFA,ZIFA,ZIFA,k-nearest,0.6,TI,parenchyme,dr1,3,trajectory,other
ZIFA,ZIFA,ZIFA,kmax,830.0,TI,parenchyme,dr2,3,trajectory,other
ZIFA,ZIFA,ZIFA,random_triplet,0.71,TI,parenchyme,dr1,3,trajectory,other
ZIFA,ZIFA,ZIFA,spearman,0.682,TI,parenchyme,dr1,3,trajectory,other
ZIFA,ZIFA,ZIFA,svm,0.73,TI,parenchyme,dr1,3,trajectory,other
ZIFA,ZIFA,ZIFA,AUC,0.671,TI,phagocyte,dr2,3,trajectory,other
ZIFA,ZIFA,ZIFA,Pearson,0.863,TI,phagocyte,dr3,3,trajectory,other
ZIFA,ZIFA,ZIFA,Qglobal,0.881,TI,phagocyte,dr2,3,trajectory,other
ZIFA,ZIFA,ZIFA,Qlocal,0.405,TI,phagocyte,dr2,3,trajectory,other
ZIFA,ZIFA,ZIFA,centroid_distance,1.0,TI,phagocyte,dr1,3,trajectory,other
ZIFA,ZIFA,ZIFA,k-nearest,1.0,TI,phagocyte,dr1,3,trajectory,other
ZIFA,ZIFA,ZIFA,kmax,304.0,TI,phagocyte,dr2,3,trajectory,other
ZIFA,ZIFA,ZIFA,random_triplet,0.746,TI,phagocyte,dr1,3,trajectory,other
ZIFA,ZIFA,ZIFA,spearman,0.805,TI,phagocyte,dr1,3,trajectory,other
ZIFA,ZIFA,ZIFA,svm,0.954,TI,phagocyte,dr1,3,trajectory,other
ZIFA,ZIFA,ZIFA,AUC,0.671,TI,pharynx,dr2,3,trajectory,other
ZIFA,ZIFA,ZIFA,Pearson,0.794,TI,pharynx,dr3,3,trajectory,other
ZIFA,ZIFA,ZIFA,Qglobal,0.901,TI,pharynx,dr2,3,trajectory,other
ZIFA,ZIFA,ZIFA,Qlocal,0.427,TI,pharynx,dr2,3,trajectory,other
ZIFA,ZIFA,ZIFA,centroid_distance,1.0,TI,pharynx,dr1,3,trajectory,other
ZIFA,ZIFA,ZIFA,k-nearest,1.0,TI,pharynx,dr1,3,trajectory,other
ZIFA,ZIFA,ZIFA,kmax,140.0,TI,pharynx,dr2,3,trajectory,other
ZIFA,ZIFA,ZIFA,random_triplet,0.75,TI,pharynx,dr1,3,trajectory,other
ZIFA,ZIFA,ZIFA,spearman,0.801,TI,pharynx,dr1,3,trajectory,other
ZIFA,ZIFA,ZIFA,svm,0.973,TI,pharynx,dr1,3,trajectory,other
ZIFA,ZIFA,ZIFA,AUC,0.77,TI,trophectoderm,dr2,3,trajectory,other
ZIFA,ZIFA,ZIFA,Pearson,0.756,TI,trophectoderm,dr3,3,trajectory,other
ZIFA,ZIFA,ZIFA,Qglobal,0.885,TI,trophectoderm,dr2,3,trajectory,other
ZIFA,ZIFA,ZIFA,Qlocal,0.488,TI,trophectoderm,dr2,3,trajectory,other
ZIFA,ZIFA,ZIFA,centroid_distance,1.0,TI,trophectoderm,dr1,3,trajectory,other
ZIFA,ZIFA,ZIFA,k-nearest,1.0,TI,trophectoderm,dr1,3,trajectory,other
ZIFA,ZIFA,ZIFA,kmax,22.0,TI,trophectoderm,dr2,3,trajectory,other
ZIFA,ZIFA,ZIFA,random_triplet,0.846,TI,trophectoderm,dr1,3,trajectory,other
ZIFA,ZIFA,ZIFA,spearman,0.845,TI,trophectoderm,dr1,3,trajectory,other
ZIFA,ZIFA,ZIFA,svm,1.0,TI,trophectoderm,dr1,3,trajectory,other
ZIFA,ZIFA,ZIFA,AUC,0.72,VASC,Baron,dr2,3,VASC,other
ZIFA,ZIFA,ZIFA,Pearson,0.862,VASC,Baron,dr3,3,VASC,other
ZIFA,ZIFA,ZIFA,Qglobal,0.779,VASC,Baron,dr2,3,VASC,other
ZIFA,ZIFA,ZIFA,Qlocal,0.304,VASC,Baron,dr2,3,VASC,other
ZIFA,ZIFA,ZIFA,centroid_distance,0.753,VASC,Baron,dr1,3,VASC,other
ZIFA,ZIFA,ZIFA,k-nearest,0.554,VASC,Baron,dr1,3,VASC,other
ZIFA,ZIFA,ZIFA,kmax,1057.0,VASC,Baron,dr2,3,VASC,other
ZIFA,ZIFA,ZIFA,random_triplet,0.775,VASC,Baron,dr1,3,VASC,other
ZIFA,ZIFA,ZIFA,spearman,0.846,VASC,Baron,dr1,3,VASC,other
ZIFA,ZIFA,ZIFA,svm,0.284,VASC,Baron,dr1,3,VASC,other
ZIFA,ZIFA,ZIFA,AUC,0.844,VASC,Biase,dr2,3,VASC,other
ZIFA,ZIFA,ZIFA,Pearson,0.812,VASC,Biase,dr3,3,VASC,other
ZIFA,ZIFA,ZIFA,Qglobal,0.95,VASC,Biase,dr2,3,VASC,other
ZIFA,ZIFA,ZIFA,Qlocal,0.689,VASC,Biase,dr2,3,VASC,other
ZIFA,ZIFA,ZIFA,centroid_distance,0.976,VASC,Biase,dr1,3,VASC,other
ZIFA,ZIFA,ZIFA,k-nearest,1.0,VASC,Biase,dr1,3,VASC,other
ZIFA,ZIFA,ZIFA,kmax,19.0,VASC,Biase,dr2,3,VASC,other
ZIFA,ZIFA,ZIFA,random_triplet,0.868,VASC,Biase,dr1,3,VASC,other
ZIFA,ZIFA,ZIFA,spearman,0.916,VASC,Biase,dr1,3,VASC,other
ZIFA,ZIFA,ZIFA,svm,1.0,VASC,Biase,dr1,3,VASC,other
ZIFA,ZIFA,ZIFA,AUC,0.778,VASC,Goolam,dr2,3,VASC,other
ZIFA,ZIFA,ZIFA,Pearson,0.822,VASC,Goolam,dr3,3,VASC,other
ZIFA,ZIFA,ZIFA,Qglobal,0.829,VASC,Goolam,dr2,3,VASC,other
ZIFA,ZIFA,ZIFA,Qlocal,0.435,VASC,Goolam,dr2,3,VASC,other
ZIFA,ZIFA,ZIFA,centroid_distance,0.95,VASC,Goolam,dr1,3,VASC,other
ZIFA,ZIFA,ZIFA,k-nearest,1.0,VASC,Goolam,dr1,3,VASC,other
ZIFA,ZIFA,ZIFA,kmax,15.0,VASC,Goolam,dr2,3,VASC,other
ZIFA,ZIFA,ZIFA,random_triplet,0.811,VASC,Goolam,dr1,3,VASC,other
ZIFA,ZIFA,ZIFA,spearman,0.87,VASC,Goolam,dr1,3,VASC,other
ZIFA,ZIFA,ZIFA,svm,0.976,VASC,Goolam,dr1,3,VASC,other
ZIFA,ZIFA,ZIFA,AUC,0.647,VASC,Xin,dr2,3,VASC,other
ZIFA,ZIFA,ZIFA,Pearson,0.795,VASC,Xin,dr3,3,VASC,other
ZIFA,ZIFA,ZIFA,Qglobal,0.873,VASC,Xin,dr2,3,VASC,other
ZIFA,ZIFA,ZIFA,Qlocal,0.402,VASC,Xin,dr2,3,VASC,other
ZIFA,ZIFA,ZIFA,centroid_distance,0.904,VASC,Xin,dr1,3,VASC,other
ZIFA,ZIFA,ZIFA,k-nearest,0.688,VASC,Xin,dr1,3,VASC,other
ZIFA,ZIFA,ZIFA,kmax,768.0,VASC,Xin,dr2,3,VASC,other
ZIFA,ZIFA,ZIFA,random_triplet,0.707,VASC,Xin,dr1,3,VASC,other
ZIFA,ZIFA,ZIFA,spearman,0.724,VASC,Xin,dr1,3,VASC,other
ZIFA,ZIFA,ZIFA,svm,0.936,VASC,Xin,dr1,3,VASC,other
ZIFA,ZIFA,ZIFA,AUC,0.71,VASC,Zeisel,dr2,3,VASC,other
ZIFA,ZIFA,ZIFA,Pearson,0.813,VASC,Zeisel,dr3,3,VASC,other
ZIFA,ZIFA,ZIFA,Qglobal,0.849,VASC,Zeisel,dr2,3,VASC,other
ZIFA,ZIFA,ZIFA,Qlocal,0.391,VASC,Zeisel,dr2,3,VASC,other
ZIFA,ZIFA,ZIFA,centroid_distance,0.497,VASC,Zeisel,dr1,3,VASC,other
ZIFA,ZIFA,ZIFA,k-nearest,0.556,VASC,Zeisel,dr1,3,VASC,other
ZIFA,ZIFA,ZIFA,kmax,908.0,VASC,Zeisel,dr2,3,VASC,other
ZIFA,ZIFA,ZIFA,random_triplet,0.758,VASC,Zeisel,dr1,3,VASC,other
ZIFA,ZIFA,ZIFA,spearman,0.836,VASC,Zeisel,dr1,3,VASC,other
ZIFA,ZIFA,ZIFA,svm,0.712,VASC,Zeisel,dr1,3,VASC,other
ZIFA,ZIFA,ZIFA,AUC,0.827,VASC,yan,dr2,3,VASC,other
ZIFA,ZIFA,ZIFA,Pearson,0.88,VASC,yan,dr3,3,VASC,other
ZIFA,ZIFA,ZIFA,Qglobal,0.882,VASC,yan,dr2,3,VASC,other
ZIFA,ZIFA,ZIFA,Qlocal,0.676,VASC,yan,dr2,3,VASC,other
ZIFA,ZIFA,ZIFA,centroid_distance,0.892,VASC,yan,dr1,3,VASC,other
ZIFA,ZIFA,ZIFA,k-nearest,0.917,VASC,yan,dr1,3,VASC,other
ZIFA,ZIFA,ZIFA,kmax,20.0,VASC,yan,dr2,3,VASC,other
ZIFA,ZIFA,ZIFA,random_triplet,0.84,VASC,yan,dr1,3,VASC,other
ZIFA,ZIFA,ZIFA,spearman,0.787,VASC,yan,dr1,3,VASC,other
ZIFA,ZIFA,ZIFA,svm,0.856,VASC,yan,dr1,3,VASC,other
ZIFA,ZIFA,ZIFA,AUC,0.642,benchmarker,Baron_mouse,dr2,3,curated,other
ZIFA,ZIFA,ZIFA,Pearson,0.805,benchmarker,Baron_mouse,dr3,3,curated,other
ZIFA,ZIFA,ZIFA,Qglobal,0.932,benchmarker,Baron_mouse,dr2,3,curated,other
ZIFA,ZIFA,ZIFA,Qlocal,0.464,benchmarker,Baron_mouse,dr2,3,curated,other
ZIFA,ZIFA,ZIFA,centroid_distance,0.261,benchmarker,Baron_mouse,dr1,3,curated,other
ZIFA,ZIFA,ZIFA,k-nearest,0.513,benchmarker,Baron_mouse,dr1,3,curated,other
ZIFA,ZIFA,ZIFA,kmax,1165.0,benchmarker,Baron_mouse,dr2,3,curated,other
ZIFA,ZIFA,ZIFA,random_triplet,0.701,benchmarker,Baron_mouse,dr1,3,curated,other
ZIFA,ZIFA,ZIFA,spearman,0.811,benchmarker,Baron_mouse,dr1,3,curated,other
ZIFA,ZIFA,ZIFA,svm,0.774,benchmarker,Baron_mouse,dr1,3,curated,other
ZIFA,ZIFA,ZIFA,AUC,0.698,benchmarker,Darmanis,dr2,3,curated,other
ZIFA,ZIFA,ZIFA,Pearson,0.697,benchmarker,Darmanis,dr3,3,curated,other
ZIFA,ZIFA,ZIFA,Qglobal,0.765,benchmarker,Darmanis,dr2,3,curated,other
ZIFA,ZIFA,ZIFA,Qlocal,0.349,benchmarker,Darmanis,dr2,3,curated,other
ZIFA,ZIFA,ZIFA,centroid_distance,0.839,benchmarker,Darmanis,dr1,3,curated,other
ZIFA,ZIFA,ZIFA,k-nearest,0.75,benchmarker,Darmanis,dr1,3,curated,other
ZIFA,ZIFA,ZIFA,kmax,67.0,benchmarker,Darmanis,dr2,3,curated,other
ZIFA,ZIFA,ZIFA,random_triplet,0.738,benchmarker,Darmanis,dr1,3,curated,other
ZIFA,ZIFA,ZIFA,spearman,0.752,benchmarker,Darmanis,dr1,3,curated,other
ZIFA,ZIFA,ZIFA,svm,0.867,benchmarker,Darmanis,dr1,3,curated,other
ZIFA,ZIFA,ZIFA,AUC,0.708,benchmarker,Pancreatic,dr2,3,curated,other
ZIFA,ZIFA,ZIFA,Pearson,0.538,benchmarker,Pancreatic,dr3,3,curated,other
ZIFA,ZIFA,ZIFA,Qglobal,0.792,benchmarker,Pancreatic,dr2,3,curated,other
ZIFA,ZIFA,ZIFA,Qlocal,0.327,benchmarker,Pancreatic,dr2,3,curated,other
ZIFA,ZIFA,ZIFA,centroid_distance,0.925,benchmarker,Pancreatic,dr1,3,curated,other
ZIFA,ZIFA,ZIFA,k-nearest,0.917,benchmarker,Pancreatic,dr1,3,curated,other
ZIFA,ZIFA,ZIFA,kmax,10.0,benchmarker,Pancreatic,dr2,3,curated,other
ZIFA,ZIFA,ZIFA,random_triplet,0.74,benchmarker,Pancreatic,dr1,3,curated,other
ZIFA,ZIFA,ZIFA,spearman,0.687,benchmarker,Pancreatic,dr1,3,curated,other
ZIFA,ZIFA,ZIFA,svm,0.617,benchmarker,Pancreatic,dr1,3,curated,other
ZIFA,ZIFA,ZIFA,AUC,0.74,benchmarker,Silver,dr2,3,curated,other
ZIFA,ZIFA,ZIFA,Pearson,0.817,benchmarker,Silver,dr3,3,curated,other
ZIFA,ZIFA,ZIFA,Qglobal,0.863,benchmarker,Silver,dr2,3,curated,other
ZIFA,ZIFA,ZIFA,Qlocal,0.375,benchmarker,Silver,dr2,3,curated,other
ZIFA,ZIFA,ZIFA,centroid_distance,0.956,benchmarker,Silver,dr1,3,curated,other
ZIFA,ZIFA,ZIFA,k-nearest,0.848,benchmarker,Silver,dr1,3,curated,other
ZIFA,ZIFA,ZIFA,kmax,650.0,benchmarker,Silver,dr2,3,curated,other
ZIFA,ZIFA,ZIFA,random_triplet,0.81,benchmarker,Silver,dr1,3,curated,other
ZIFA,ZIFA,ZIFA,spearman,0.837,benchmarker,Silver,dr1,3,curated,other
ZIFA,ZIFA,ZIFA,svm,0.517,benchmarker,Silver,dr1,3,curated,other
ZIFA,ZIFA,ZIFA,AUC,0.704,benchmarker,Zhengmix4eq,dr2,3,curated,other
ZIFA,ZIFA,ZIFA,Pearson,0.699,benchmarker,Zhengmix4eq,dr3,3,curated,other
ZIFA,ZIFA,ZIFA,Qglobal,0.83,benchmarker,Zhengmix4eq,dr2,3,curated,other
ZIFA,ZIFA,ZIFA,Qlocal,0.326,benchmarker,Zhengmix4eq,dr2,3,curated,other
ZIFA,ZIFA,ZIFA,centroid_distance,0.976,benchmarker,Zhengmix4eq,dr1,3,curated,other
ZIFA,ZIFA,ZIFA,k-nearest,1.0,benchmarker,Zhengmix4eq,dr1,3,curated,other
ZIFA,ZIFA,ZIFA,kmax,999.0,benchmarker,Zhengmix4eq,dr2,3,curated,other
ZIFA,ZIFA,ZIFA,random_triplet,0.766,benchmarker,Zhengmix4eq,dr1,3,curated,other
ZIFA,ZIFA,ZIFA,spearman,0.729,benchmarker,Zhengmix4eq,dr1,3,curated,other
ZIFA,ZIFA,ZIFA,svm,0.908,benchmarker,Zhengmix4eq,dr1,3,curated,other
ZIFA,ZIFA,ZIFA,AUC,0.652,scDesign3,ACINAR,dr2,3,scDesign3,other
ZIFA,ZIFA,ZIFA,Pearson,0.35,scDesign3,ACINAR,dr3,3,scDesign3,other
ZIFA,ZIFA,ZIFA,Qglobal,0.742,scDesign3,ACINAR,dr2,3,scDesign3,other
ZIFA,ZIFA,ZIFA,Qlocal,0.324,scDesign3,ACINAR,dr2,3,scDesign3,other
ZIFA,ZIFA,ZIFA,centroid_distance,0.709,scDesign3,ACINAR,dr1,3,scDesign3,other
ZIFA,ZIFA,ZIFA,k-nearest,0.633,scDesign3,ACINAR,dr1,3,scDesign3,other
ZIFA,ZIFA,ZIFA,kmax,652.0,scDesign3,ACINAR,dr2,3,scDesign3,other
ZIFA,ZIFA,ZIFA,random_triplet,0.675,scDesign3,ACINAR,dr1,3,scDesign3,other
ZIFA,ZIFA,ZIFA,spearman,0.41,scDesign3,ACINAR,dr1,3,scDesign3,other
ZIFA,ZIFA,ZIFA,svm,0.605,scDesign3,ACINAR,dr1,3,scDesign3,other
ZIFA,ZIFA,ZIFA,AUC,0.601,scDesign3,ATAC,dr2,3,scDesign3,other
ZIFA,ZIFA,ZIFA,Pearson,0.379,scDesign3,ATAC,dr3,3,scDesign3,other
ZIFA,ZIFA,ZIFA,Qglobal,0.734,scDesign3,ATAC,dr2,3,scDesign3,other
ZIFA,ZIFA,ZIFA,Qlocal,0.294,scDesign3,ATAC,dr2,3,scDesign3,other
ZIFA,ZIFA,ZIFA,centroid_distance,0.797,scDesign3,ATAC,dr1,3,scDesign3,other
ZIFA,ZIFA,ZIFA,k-nearest,0.769,scDesign3,ATAC,dr1,3,scDesign3,other
ZIFA,ZIFA,ZIFA,kmax,2125.0,scDesign3,ATAC,dr2,3,scDesign3,other
ZIFA,ZIFA,ZIFA,random_triplet,0.607,scDesign3,ATAC,dr1,3,scDesign3,other
ZIFA,ZIFA,ZIFA,spearman,0.336,scDesign3,ATAC,dr1,3,scDesign3,other
ZIFA,ZIFA,ZIFA,svm,0.731,scDesign3,ATAC,dr1,3,scDesign3,other
ZIFA,ZIFA,ZIFA,AUC,0.742,scDesign3,BATCH,dr2,3,scDesign3,other
ZIFA,ZIFA,ZIFA,Pearson,0.535,scDesign3,BATCH,dr3,3,scDesign3,other
ZIFA,ZIFA,ZIFA,Qglobal,0.795,scDesign3,BATCH,dr2,3,scDesign3,other
ZIFA,ZIFA,ZIFA,Qlocal,0.39,scDesign3,BATCH,dr2,3,scDesign3,other
ZIFA,ZIFA,ZIFA,centroid_distance,0.683,scDesign3,BATCH,dr1,3,scDesign3,other
ZIFA,ZIFA,ZIFA,k-nearest,0.5,scDesign3,BATCH,dr1,3,scDesign3,other
ZIFA,ZIFA,ZIFA,kmax,820.0,scDesign3,BATCH,dr2,3,scDesign3,other
ZIFA,ZIFA,ZIFA,random_triplet,0.777,scDesign3,BATCH,dr1,3,scDesign3,other
ZIFA,ZIFA,ZIFA,spearman,0.722,scDesign3,BATCH,dr1,3,scDesign3,other
ZIFA,ZIFA,ZIFA,svm,0.732,scDesign3,BATCH,dr1,3,scDesign3,other
ZIFA,ZIFA,ZIFA,AUC,0.668,scDesign3,CITE,dr2,3,scDesign3,other
ZIFA,ZIFA,ZIFA,Pearson,0.077,scDesign3,CITE,dr3,3,scDesign3,other
ZIFA,ZIFA,ZIFA,Qglobal,0.757,scDesign3,CITE,dr2,3,scDesign3,other
ZIFA,ZIFA,ZIFA,Qlocal,0.41,scDesign3,CITE,dr2,3,scDesign3,other
ZIFA,ZIFA,ZIFA,centroid_distance,0.315,scDesign3,CITE,dr1,3,scDesign3,other
ZIFA,ZIFA,ZIFA,k-nearest,0.4,scDesign3,CITE,dr1,3,scDesign3,other
ZIFA,ZIFA,ZIFA,kmax,2212.0,scDesign3,CITE,dr2,3,scDesign3,other
ZIFA,ZIFA,ZIFA,random_triplet,0.662,scDesign3,CITE,dr1,3,scDesign3,other
ZIFA,ZIFA,ZIFA,spearman,0.238,scDesign3,CITE,dr1,3,scDesign3,other
ZIFA,ZIFA,ZIFA,svm,0.69,scDesign3,CITE,dr1,3,scDesign3,other
ZIFA,ZIFA,ZIFA,AUC,0.564,scDesign3,EMBYRO,dr2,3,scDesign3,other
ZIFA,ZIFA,ZIFA,Pearson,0.072,scDesign3,EMBYRO,dr3,3,scDesign3,other
ZIFA,ZIFA,ZIFA,Qglobal,0.588,scDesign3,EMBYRO,dr2,3,scDesign3,other
ZIFA,ZIFA,ZIFA,Qlocal,0.128,scDesign3,EMBYRO,dr2,3,scDesign3,other
ZIFA,ZIFA,ZIFA,centroid_distance,0.925,scDesign3,EMBYRO,dr1,3,scDesign3,other
ZIFA,ZIFA,ZIFA,k-nearest,0.2,scDesign3,EMBYRO,dr1,3,scDesign3,other
ZIFA,ZIFA,ZIFA,kmax,69.0,scDesign3,EMBYRO,dr2,3,scDesign3,other
ZIFA,ZIFA,ZIFA,random_triplet,0.569,scDesign3,EMBYRO,dr1,3,scDesign3,other
ZIFA,ZIFA,ZIFA,spearman,0.168,scDesign3,EMBYRO,dr1,3,scDesign3,other
ZIFA,ZIFA,ZIFA,svm,0.815,scDesign3,EMBYRO,dr1,3,scDesign3,other
ZIFA,ZIFA,ZIFA,AUC,0.667,scDesign3,IFNB,dr2,3,scDesign3,other
ZIFA,ZIFA,ZIFA,Pearson,0.374,scDesign3,IFNB,dr3,3,scDesign3,other
ZIFA,ZIFA,ZIFA,Qglobal,0.765,scDesign3,IFNB,dr2,3,scDesign3,other
ZIFA,ZIFA,ZIFA,Qlocal,0.316,scDesign3,IFNB,dr2,3,scDesign3,other
ZIFA,ZIFA,ZIFA,centroid_distance,0.773,scDesign3,IFNB,dr1,3,scDesign3,other
ZIFA,ZIFA,ZIFA,k-nearest,0.462,scDesign3,IFNB,dr1,3,scDesign3,other
ZIFA,ZIFA,ZIFA,kmax,3051.0,scDesign3,IFNB,dr2,3,scDesign3,other
ZIFA,ZIFA,ZIFA,random_triplet,0.694,scDesign3,IFNB,dr1,3,scDesign3,other
ZIFA,ZIFA,ZIFA,spearman,0.531,scDesign3,IFNB,dr1,3,scDesign3,other
ZIFA,ZIFA,ZIFA,svm,0.637,scDesign3,IFNB,dr1,3,scDesign3,other
ZIFA,ZIFA,ZIFA,AUC,0.705,scDesign3,MARROW,dr2,3,scDesign3,other
ZIFA,ZIFA,ZIFA,Pearson,0.428,scDesign3,MARROW,dr3,3,scDesign3,other
ZIFA,ZIFA,ZIFA,Qglobal,0.804,scDesign3,MARROW,dr2,3,scDesign3,other
ZIFA,ZIFA,ZIFA,Qlocal,0.454,scDesign3,MARROW,dr2,3,scDesign3,other
ZIFA,ZIFA,ZIFA,centroid_distance,0.434,scDesign3,MARROW,dr1,3,scDesign3,other
ZIFA,ZIFA,ZIFA,k-nearest,0.0,scDesign3,MARROW,dr1,3,scDesign3,other
ZIFA,ZIFA,ZIFA,kmax,754.0,scDesign3,MARROW,dr2,3,scDesign3,other
ZIFA,ZIFA,ZIFA,random_triplet,0.711,scDesign3,MARROW,dr1,3,scDesign3,other
ZIFA,ZIFA,ZIFA,spearman,0.46,scDesign3,MARROW,dr1,3,scDesign3,other
ZIFA,ZIFA,ZIFA,svm,0.942,scDesign3,MARROW,dr1,3,scDesign3,other
ZIFA,ZIFA,ZIFA,AUC,0.65,scDesign3,MOBSC,dr2,3,scDesign3,other
ZIFA,ZIFA,ZIFA,Pearson,0.4,scDesign3,MOBSC,dr3,3,scDesign3,other
ZIFA,ZIFA,ZIFA,Qglobal,0.74,scDesign3,MOBSC,dr2,3,scDesign3,other
ZIFA,ZIFA,ZIFA,Qlocal,0.307,scDesign3,MOBSC,dr2,3,scDesign3,other
ZIFA,ZIFA,ZIFA,centroid_distance,0.855,scDesign3,MOBSC,dr1,3,scDesign3,other
ZIFA,ZIFA,ZIFA,k-nearest,0.5,scDesign3,MOBSC,dr1,3,scDesign3,other
ZIFA,ZIFA,ZIFA,kmax,2617.0,scDesign3,MOBSC,dr2,3,scDesign3,other
ZIFA,ZIFA,ZIFA,random_triplet,0.665,scDesign3,MOBSC,dr1,3,scDesign3,other
ZIFA,ZIFA,ZIFA,spearman,0.461,scDesign3,MOBSC,dr1,3,scDesign3,other
ZIFA,ZIFA,ZIFA,svm,0.742,scDesign3,MOBSC,dr1,3,scDesign3,other
ZIFA,ZIFA,ZIFA,AUC,0.636,scDesign3,OVARIAN,dr2,3,scDesign3,other
ZIFA,ZIFA,ZIFA,Pearson,0.122,scDesign3,OVARIAN,dr3,3,scDesign3,other
ZIFA,ZIFA,ZIFA,Qglobal,0.721,scDesign3,OVARIAN,dr2,3,scDesign3,other
ZIFA,ZIFA,ZIFA,Qlocal,0.321,scDesign3,OVARIAN,dr2,3,scDesign3,other
ZIFA,ZIFA,ZIFA,centroid_distance,0.605,scDesign3,OVARIAN,dr1,3,scDesign3,other
ZIFA,ZIFA,ZIFA,k-nearest,0.394,scDesign3,OVARIAN,dr1,3,scDesign3,other
ZIFA,ZIFA,ZIFA,kmax,727.0,scDesign3,OVARIAN,dr2,3,scDesign3,other
ZIFA,ZIFA,ZIFA,random_triplet,0.638,scDesign3,OVARIAN,dr1,3,scDesign3,other
ZIFA,ZIFA,ZIFA,spearman,0.222,scDesign3,OVARIAN,dr1,3,scDesign3,other
ZIFA,ZIFA,ZIFA,svm,0.522,scDesign3,OVARIAN,dr1,3,scDesign3,other
ZIFA,ZIFA,ZIFA,AUC,0.7,scDesign3,PANCREAS,dr2,3,scDesign3,other
ZIFA,ZIFA,ZIFA,Pearson,0.204,scDesign3,PANCREAS,dr3,3,scDesign3,other
ZIFA,ZIFA,ZIFA,Qglobal,0.773,scDesign3,PANCREAS,dr2,3,scDesign3,other
ZIFA,ZIFA,ZIFA,Qlocal,0.414,scDesign3,PANCREAS,dr2,3,scDesign3,other
ZIFA,ZIFA,ZIFA,centroid_distance,0.759,scDesign3,PANCREAS,dr1,3,scDesign3,other
ZIFA,ZIFA,ZIFA,k-nearest,0.75,scDesign3,PANCREAS,dr1,3,scDesign3,other
ZIFA,ZIFA,ZIFA,kmax,424.0,scDesign3,PANCREAS,dr2,3,scDesign3,other
ZIFA,ZIFA,ZIFA,random_triplet,0.701,scDesign3,PANCREAS,dr1,3,scDesign3,other
ZIFA,ZIFA,ZIFA,spearman,0.359,scDesign3,PANCREAS,dr1,3,scDesign3,other
ZIFA,ZIFA,ZIFA,svm,0.94,scDesign3,PANCREAS,dr1,3,scDesign3,other
ZIFA,ZIFA,ZIFA,AUC,0.592,scDesign3,SCGEMMETH,dr2,3,scDesign3,other
ZIFA,ZIFA,ZIFA,Pearson,0.266,scDesign3,SCGEMMETH,dr3,3,scDesign3,other
ZIFA,ZIFA,ZIFA,Qglobal,0.669,scDesign3,SCGEMMETH,dr2,3,scDesign3,other
ZIFA,ZIFA,ZIFA,Qlocal,0.273,scDesign3,SCGEMMETH,dr2,3,scDesign3,other
ZIFA,ZIFA,ZIFA,centroid_distance,0.566,scDesign3,SCGEMMETH,dr1,3,scDesign3,other
ZIFA,ZIFA,ZIFA,k-nearest,0.5,scDesign3,SCGEMMETH,dr1,3,scDesign3,other
ZIFA,ZIFA,ZIFA,kmax,27.0,scDesign3,SCGEMMETH,dr2,3,scDesign3,other
ZIFA,ZIFA,ZIFA,random_triplet,0.617,scDesign3,SCGEMMETH,dr1,3,scDesign3,other
ZIFA,ZIFA,ZIFA,spearman,0.265,scDesign3,SCGEMMETH,dr1,3,scDesign3,other
ZIFA,ZIFA,ZIFA,svm,0.528,scDesign3,SCGEMMETH,dr1,3,scDesign3,other
ZIFA,ZIFA,ZIFA,AUC,0.745,scDesign3,SCGEMRNA,dr2,3,scDesign3,other
ZIFA,ZIFA,ZIFA,Pearson,0.7,scDesign3,SCGEMRNA,dr3,3,scDesign3,other
ZIFA,ZIFA,ZIFA,Qglobal,0.841,scDesign3,SCGEMRNA,dr2,3,scDesign3,other
ZIFA,ZIFA,ZIFA,Qlocal,0.472,scDesign3,SCGEMRNA,dr2,3,scDesign3,other
ZIFA,ZIFA,ZIFA,centroid_distance,0.795,scDesign3,SCGEMRNA,dr1,3,scDesign3,other
ZIFA,ZIFA,ZIFA,k-nearest,0.6,scDesign3,SCGEMRNA,dr1,3,scDesign3,other
ZIFA,ZIFA,ZIFA,kmax,44.0,scDesign3,SCGEMRNA,dr2,3,scDesign3,other
ZIFA,ZIFA,ZIFA,random_triplet,0.756,scDesign3,SCGEMRNA,dr1,3,scDesign3,other
ZIFA,ZIFA,ZIFA,spearman,0.7,scDesign3,SCGEMRNA,dr1,3,scDesign3,other
ZIFA,ZIFA,ZIFA,svm,0.865,scDesign3,SCGEMRNA,dr1,3,scDesign3,other
ZIFA,ZIFA,ZIFA,AUC,0.466,scDesign3,SCIATAC,dr2,3,scDesign3,other
ZIFA,ZIFA,ZIFA,Pearson,-0.2,scDesign3,SCIATAC,dr3,3,scDesign3,other
ZIFA,ZIFA,ZIFA,Qglobal,0.469,scDesign3,SCIATAC,dr2,3,scDesign3,other
ZIFA,ZIFA,ZIFA,Qlocal,0.006,scDesign3,SCIATAC,dr2,3,scDesign3,other
ZIFA,ZIFA,ZIFA,centroid_distance,0.182,scDesign3,SCIATAC,dr1,3,scDesign3,other
ZIFA,ZIFA,ZIFA,k-nearest,0.306,scDesign3,SCIATAC,dr1,3,scDesign3,other
ZIFA,ZIFA,ZIFA,kmax,30.0,scDesign3,SCIATAC,dr2,3,scDesign3,other
ZIFA,ZIFA,ZIFA,random_triplet,0.443,scDesign3,SCIATAC,dr1,3,scDesign3,other
ZIFA,ZIFA,ZIFA,spearman,-0.185,scDesign3,SCIATAC,dr1,3,scDesign3,other
ZIFA,ZIFA,ZIFA,svm,0.708,scDesign3,SCIATAC,dr1,3,scDesign3,other
ZIFA,ZIFA,ZIFA,AUC,0.47,scDesign3,SLIDE,dr2,3,scDesign3,other
ZIFA,ZIFA,ZIFA,Pearson,-0.156,scDesign3,SLIDE,dr3,3,scDesign3,other
ZIFA,ZIFA,ZIFA,Qglobal,0.497,scDesign3,SLIDE,dr2,3,scDesign3,other
ZIFA,ZIFA,ZIFA,Qlocal,0.047,scDesign3,SLIDE,dr2,3,scDesign3,other
ZIFA,ZIFA,ZIFA,centroid_distance,0.806,scDesign3,SLIDE,dr1,3,scDesign3,other
ZIFA,ZIFA,ZIFA,k-nearest,0.758,scDesign3,SLIDE,dr1,3,scDesign3,other
ZIFA,ZIFA,ZIFA,kmax,1402.0,scDesign3,SLIDE,dr2,3,scDesign3,other
ZIFA,ZIFA,ZIFA,random_triplet,0.435,scDesign3,SLIDE,dr1,3,scDesign3,other
ZIFA,ZIFA,ZIFA,spearman,-0.242,scDesign3,SLIDE,dr1,3,scDesign3,other
ZIFA,ZIFA,ZIFA,svm,0.554,scDesign3,SLIDE,dr1,3,scDesign3,other
ZIFA,ZIFA,ZIFA,AUC,0.592,scDesign3,VISIUM,dr2,3,scDesign3,other
ZIFA,ZIFA,ZIFA,Pearson,0.101,scDesign3,VISIUM,dr3,3,scDesign3,other
ZIFA,ZIFA,ZIFA,Qglobal,0.635,scDesign3,VISIUM,dr2,3,scDesign3,other
ZIFA,ZIFA,ZIFA,Qlocal,0.244,scDesign3,VISIUM,dr2,3,scDesign3,other
ZIFA,ZIFA,ZIFA,centroid_distance,0.23,scDesign3,VISIUM,dr1,3,scDesign3,other
ZIFA,ZIFA,ZIFA,k-nearest,0.4,scDesign3,VISIUM,dr1,3,scDesign3,other
ZIFA,ZIFA,ZIFA,kmax,303.0,scDesign3,VISIUM,dr2,3,scDesign3,other
ZIFA,ZIFA,ZIFA,random_triplet,0.589,scDesign3,VISIUM,dr1,3,scDesign3,other
ZIFA,ZIFA,ZIFA,spearman,0.212,scDesign3,VISIUM,dr1,3,scDesign3,other
ZIFA,ZIFA,ZIFA,svm,0.602,scDesign3,VISIUM,dr1,3,scDesign3,other
scGBM,scGBM,scGBM,AUC,0.655,SIMLR,Pollen,dr2,4,SIMLR,other
scGBM,scGBM,scGBM,Pearson,0.537,SIMLR,Pollen,dr3,4,SIMLR,other
scGBM,scGBM,scGBM,Qglobal,0.714,SIMLR,Pollen,dr2,4,SIMLR,other
scGBM,scGBM,scGBM,Qlocal,0.321,SIMLR,Pollen,dr2,4,SIMLR,other
scGBM,scGBM,scGBM,centroid_distance,0.847,SIMLR,Pollen,dr1,4,SIMLR,other
scGBM,scGBM,scGBM,k-nearest,0.879,SIMLR,Pollen,dr1,4,SIMLR,other
scGBM,scGBM,scGBM,kmax,37.0,SIMLR,Pollen,dr2,4,SIMLR,other
scGBM,scGBM,scGBM,random_triplet,0.66,SIMLR,Pollen,dr1,4,SIMLR,other
scGBM,scGBM,scGBM,spearman,0.538,SIMLR,Pollen,dr1,4,SIMLR,other
scGBM,scGBM,scGBM,svm,0.859,SIMLR,Pollen,dr1,4,SIMLR,other
scGBM,scGBM,scGBM,AUC,0.601,SIMLR,Usoskin,dr2,4,SIMLR,other
scGBM,scGBM,scGBM,Pearson,0.341,SIMLR,Usoskin,dr3,4,SIMLR,other
scGBM,scGBM,scGBM,Qglobal,0.721,SIMLR,Usoskin,dr2,4,SIMLR,other
scGBM,scGBM,scGBM,Qlocal,0.236,SIMLR,Usoskin,dr2,4,SIMLR,other
scGBM,scGBM,scGBM,centroid_distance,0.47,SIMLR,Usoskin,dr1,4,SIMLR,other
scGBM,scGBM,scGBM,k-nearest,0.0,SIMLR,Usoskin,dr1,4,SIMLR,other
scGBM,scGBM,scGBM,kmax,153.0,SIMLR,Usoskin,dr2,4,SIMLR,other
scGBM,scGBM,scGBM,random_triplet,0.637,SIMLR,Usoskin,dr1,4,SIMLR,other
scGBM,scGBM,scGBM,spearman,0.355,SIMLR,Usoskin,dr1,4,SIMLR,other
scGBM,scGBM,scGBM,svm,0.939,SIMLR,Usoskin,dr1,4,SIMLR,other
scGBM,scGBM,scGBM,AUC,0.759,TI,DA1_horns,dr2,4,trajectory,other
scGBM,scGBM,scGBM,Pearson,0.58,TI,DA1_horns,dr3,4,trajectory,other
scGBM,scGBM,scGBM,Qglobal,0.883,TI,DA1_horns,dr2,4,trajectory,other
scGBM,scGBM,scGBM,Qlocal,0.473,TI,DA1_horns,dr2,4,trajectory,other
scGBM,scGBM,scGBM,centroid_distance,0.963,TI,DA1_horns,dr1,4,trajectory,other
scGBM,scGBM,scGBM,k-nearest,0.8,TI,DA1_horns,dr1,4,trajectory,other
scGBM,scGBM,scGBM,kmax,82.0,TI,DA1_horns,dr2,4,trajectory,other
scGBM,scGBM,scGBM,random_triplet,0.81,TI,DA1_horns,dr1,4,trajectory,other
scGBM,scGBM,scGBM,spearman,0.82,TI,DA1_horns,dr1,4,trajectory,other
scGBM,scGBM,scGBM,svm,0.932,TI,DA1_horns,dr1,4,trajectory,other
scGBM,scGBM,scGBM,AUC,0.781,TI,DC3_VA1d_horns,dr2,4,trajectory,other
scGBM,scGBM,scGBM,Pearson,0.536,TI,DC3_VA1d_horns,dr3,4,trajectory,other
scGBM,scGBM,scGBM,Qglobal,0.878,TI,DC3_VA1d_horns,dr2,4,trajectory,other
scGBM,scGBM,scGBM,Qlocal,0.458,TI,DC3_VA1d_horns,dr2,4,trajectory,other
scGBM,scGBM,scGBM,centroid_distance,0.92,TI,DC3_VA1d_horns,dr1,4,trajectory,other
scGBM,scGBM,scGBM,k-nearest,0.667,TI,DC3_VA1d_horns,dr1,4,trajectory,other
scGBM,scGBM,scGBM,kmax,37.0,TI,DC3_VA1d_horns,dr2,4,trajectory,other
scGBM,scGBM,scGBM,random_triplet,0.821,TI,DC3_VA1d_horns,dr1,4,trajectory,other
scGBM,scGBM,scGBM,spearman,0.833,TI,DC3_VA1d_horns,dr1,4,trajectory,other
scGBM,scGBM,scGBM,svm,0.714,TI,DC3_VA1d_horns,dr1,4,trajectory,other
scGBM,scGBM,scGBM,AUC,0.823,TI,ICM,dr2,4,trajectory,other
scGBM,scGBM,scGBM,Pearson,0.816,TI,ICM,dr3,4,trajectory,other
scGBM,scGBM,scGBM,Qglobal,0.892,TI,ICM,dr2,4,trajectory,other
scGBM,scGBM,scGBM,Qlocal,0.558,TI,ICM,dr2,4,trajectory,other
scGBM,scGBM,scGBM,centroid_distance,0.915,TI,ICM,dr1,4,trajectory,other
scGBM,scGBM,scGBM,k-nearest,0.833,TI,ICM,dr1,4,trajectory,other
scGBM,scGBM,scGBM,kmax,54.0,TI,ICM,dr2,4,trajectory,other
scGBM,scGBM,scGBM,random_triplet,0.841,TI,ICM,dr1,4,trajectory,other
scGBM,scGBM,scGBM,spearman,0.865,TI,ICM,dr1,4,trajectory,other
scGBM,scGBM,scGBM,svm,0.768,TI,ICM,dr1,4,trajectory,other
scGBM,scGBM,scGBM,AUC,0.822,TI,blastocyst,dr2,4,trajectory,other
scGBM,scGBM,scGBM,Pearson,0.853,TI,blastocyst,dr3,4,trajectory,other
scGBM,scGBM,scGBM,Qglobal,0.872,TI,blastocyst,dr2,4,trajectory,other
scGBM,scGBM,scGBM,Qlocal,0.508,TI,blastocyst,dr2,4,trajectory,other
scGBM,scGBM,scGBM,centroid_distance,0.922,TI,blastocyst,dr1,4,trajectory,other
scGBM,scGBM,scGBM,k-nearest,0.769,TI,blastocyst,dr1,4,trajectory,other
scGBM,scGBM,scGBM,kmax,46.0,TI,blastocyst,dr2,4,trajectory,other
scGBM,scGBM,scGBM,random_triplet,0.865,TI,blastocyst,dr1,4,trajectory,other
scGBM,scGBM,scGBM,spearman,0.89,TI,blastocyst,dr1,4,trajectory,other
scGBM,scGBM,scGBM,svm,0.782,TI,blastocyst,dr1,4,trajectory,other
scGBM,scGBM,scGBM,AUC,0.604,TI,combination-1,dr2,4,trajectory,other
scGBM,scGBM,scGBM,Pearson,0.437,TI,combination-1,dr3,4,trajectory,other
scGBM,scGBM,scGBM,Qglobal,0.691,TI,combination-1,dr2,4,trajectory,other
scGBM,scGBM,scGBM,Qlocal,0.196,TI,combination-1,dr2,4,trajectory,other
scGBM,scGBM,scGBM,centroid_distance,0.82,TI,combination-1,dr1,4,trajectory,other
scGBM,scGBM,scGBM,k-nearest,0.786,TI,combination-1,dr1,4,trajectory,other
scGBM,scGBM,scGBM,kmax,749.0,TI,combination-1,dr2,4,trajectory,other
scGBM,scGBM,scGBM,random_triplet,0.639,TI,combination-1,dr1,4,trajectory,other
scGBM,scGBM,scGBM,spearman,0.491,TI,combination-1,dr1,4,trajectory,other
scGBM,scGBM,scGBM,svm,0.891,TI,combination-1,dr1,4,trajectory,other
scGBM,scGBM,scGBM,AUC,0.565,TI,combination-2,dr2,4,trajectory,other
scGBM,scGBM,scGBM,Pearson,0.136,TI,combination-2,dr3,4,trajectory,other
scGBM,scGBM,scGBM,Qglobal,0.666,TI,combination-2,dr2,4,trajectory,other
scGBM,scGBM,scGBM,Qlocal,0.202,TI,combination-2,dr2,4,trajectory,other
scGBM,scGBM,scGBM,centroid_distance,0.561,TI,combination-2,dr1,4,trajectory,other
scGBM,scGBM,scGBM,k-nearest,0.611,TI,combination-2,dr1,4,trajectory,other
scGBM,scGBM,scGBM,kmax,943.0,TI,combination-2,dr2,4,trajectory,other
scGBM,scGBM,scGBM,random_triplet,0.576,TI,combination-2,dr1,4,trajectory,other
scGBM,scGBM,scGBM,spearman,0.17,TI,combination-2,dr1,4,trajectory,other
scGBM,scGBM,scGBM,svm,0.792,TI,combination-2,dr1,4,trajectory,other
scGBM,scGBM,scGBM,AUC,0.582,TI,combination-3,dr2,4,trajectory,other
scGBM,scGBM,scGBM,Pearson,0.159,TI,combination-3,dr3,4,trajectory,other
scGBM,scGBM,scGBM,Qglobal,0.643,TI,combination-3,dr2,4,trajectory,other
scGBM,scGBM,scGBM,Qlocal,0.188,TI,combination-3,dr2,4,trajectory,other
scGBM,scGBM,scGBM,centroid_distance,0.718,TI,combination-3,dr1,4,trajectory,other
scGBM,scGBM,scGBM,k-nearest,0.643,TI,combination-3,dr1,4,trajectory,other
scGBM,scGBM,scGBM,kmax,303.0,TI,combination-3,dr2,4,trajectory,other
scGBM,scGBM,scGBM,random_triplet,0.588,TI,combination-3,dr1,4,trajectory,other
scGBM,scGBM,scGBM,spearman,0.196,TI,combination-3,dr1,4,trajectory,other
scGBM,scGBM,scGBM,svm,0.869,TI,combination-3,dr1,4,trajectory,other
scGBM,scGBM,scGBM,AUC,0.796,TI,epiblast,dr2,4,trajectory,other
scGBM,scGBM,scGBM,Pearson,0.731,TI,epiblast,dr3,4,trajectory,other
scGBM,scGBM,scGBM,Qglobal,0.865,TI,epiblast,dr2,4,trajectory,other
scGBM,scGBM,scGBM,Qlocal,0.449,TI,epiblast,dr2,4,trajectory,other
scGBM,scGBM,scGBM,centroid_distance,0.98,TI,epiblast,dr1,4,trajectory,other
scGBM,scGBM,scGBM,k-nearest,0.786,TI,epiblast,dr1,4,trajectory,other
scGBM,scGBM,scGBM,kmax,29.0,TI,epiblast,dr2,4,trajectory,other
scGBM,scGBM,scGBM,random_triplet,0.835,TI,epiblast,dr1,4,trajectory,other
scGBM,scGBM,scGBM,spearman,0.857,TI,epiblast,dr1,4,trajectory,other
scGBM,scGBM,scGBM,svm,0.863,TI,epiblast,dr1,4,trajectory,other
scGBM,scGBM,scGBM,AUC,0.606,TI,epidermis,dr2,4,trajectory,other
scGBM,scGBM,scGBM,Pearson,0.461,TI,epidermis,dr3,4,trajectory,other
scGBM,scGBM,scGBM,Qglobal,0.695,TI,epidermis,dr2,4,trajectory,other
scGBM,scGBM,scGBM,Qlocal,0.205,TI,epidermis,dr2,4,trajectory,other
scGBM,scGBM,scGBM,centroid_distance,0.795,TI,epidermis,dr1,4,trajectory,other
scGBM,scGBM,scGBM,k-nearest,1.0,TI,epidermis,dr1,4,trajectory,other
scGBM,scGBM,scGBM,kmax,726.0,TI,epidermis,dr2,4,trajectory,other
scGBM,scGBM,scGBM,random_triplet,0.646,TI,epidermis,dr1,4,trajectory,other
scGBM,scGBM,scGBM,spearman,0.481,TI,epidermis,dr1,4,trajectory,other
scGBM,scGBM,scGBM,svm,0.892,TI,epidermis,dr1,4,trajectory,other
scGBM,scGBM,scGBM,AUC,0.75,TI,horns,dr2,4,trajectory,other
scGBM,scGBM,scGBM,Pearson,0.599,TI,horns,dr3,4,trajectory,other
scGBM,scGBM,scGBM,Qglobal,0.882,TI,horns,dr2,4,trajectory,other
scGBM,scGBM,scGBM,Qlocal,0.498,TI,horns,dr2,4,trajectory,other
scGBM,scGBM,scGBM,centroid_distance,0.904,TI,horns,dr1,4,trajectory,other
scGBM,scGBM,scGBM,k-nearest,0.768,TI,horns,dr1,4,trajectory,other
scGBM,scGBM,scGBM,kmax,154.0,TI,horns,dr2,4,trajectory,other
scGBM,scGBM,scGBM,random_triplet,0.802,TI,horns,dr1,4,trajectory,other
scGBM,scGBM,scGBM,spearman,0.777,TI,horns,dr1,4,trajectory,other
scGBM,scGBM,scGBM,svm,0.756,TI,horns,dr1,4,trajectory,other
scGBM,scGBM,scGBM,AUC,0.545,TI,muscle,dr2,4,trajectory,other
scGBM,scGBM,scGBM,Pearson,0.113,TI,muscle,dr3,4,trajectory,other
scGBM,scGBM,scGBM,Qglobal,0.629,TI,muscle,dr2,4,trajectory,other
scGBM,scGBM,scGBM,Qlocal,0.154,TI,muscle,dr2,4,trajectory,other
scGBM,scGBM,scGBM,centroid_distance,1.0,TI,muscle,dr1,4,trajectory,other
scGBM,scGBM,scGBM,k-nearest,1.0,TI,muscle,dr1,4,trajectory,other
scGBM,scGBM,scGBM,kmax,414.0,TI,muscle,dr2,4,trajectory,other
scGBM,scGBM,scGBM,random_triplet,0.558,TI,muscle,dr1,4,trajectory,other
scGBM,scGBM,scGBM,spearman,0.11,TI,muscle,dr1,4,trajectory,other
scGBM,scGBM,scGBM,svm,0.815,TI,muscle,dr1,4,trajectory,other
scGBM,scGBM,scGBM,AUC,0.547,TI,neuron,dr2,4,trajectory,other
scGBM,scGBM,scGBM,Pearson,0.146,TI,neuron,dr3,4,trajectory,other
scGBM,scGBM,scGBM,Qglobal,0.721,TI,neuron,dr2,4,trajectory,other
scGBM,scGBM,scGBM,Qlocal,0.241,TI,neuron,dr2,4,trajectory,other
scGBM,scGBM,scGBM,centroid_distance,0.603,TI,neuron,dr1,4,trajectory,other
scGBM,scGBM,scGBM,k-nearest,0.571,TI,neuron,dr1,4,trajectory,other
scGBM,scGBM,scGBM,kmax,851.0,TI,neuron,dr2,4,trajectory,other
scGBM,scGBM,scGBM,random_triplet,0.563,TI,neuron,dr1,4,trajectory,other
scGBM,scGBM,scGBM,spearman,0.171,TI,neuron,dr1,4,trajectory,other
scGBM,scGBM,scGBM,svm,0.794,TI,neuron,dr1,4,trajectory,other
scGBM,scGBM,scGBM,AUC,0.571,TI,pair-1,dr2,4,trajectory,other
scGBM,scGBM,scGBM,Pearson,0.302,TI,pair-1,dr3,4,trajectory,other
scGBM,scGBM,scGBM,Qglobal,0.69,TI,pair-1,dr2,4,trajectory,other
scGBM,scGBM,scGBM,Qlocal,0.215,TI,pair-1,dr2,4,trajectory,other
scGBM,scGBM,scGBM,centroid_distance,0.716,TI,pair-1,dr1,4,trajectory,other
scGBM,scGBM,scGBM,k-nearest,0.75,TI,pair-1,dr1,4,trajectory,other
scGBM,scGBM,scGBM,kmax,2650.0,TI,pair-1,dr2,4,trajectory,other
scGBM,scGBM,scGBM,random_triplet,0.59,TI,pair-1,dr1,4,trajectory,other
scGBM,scGBM,scGBM,spearman,0.322,TI,pair-1,dr1,4,trajectory,other
scGBM,scGBM,scGBM,svm,0.911,TI,pair-1,dr1,4,trajectory,other
scGBM,scGBM,scGBM,AUC,0.577,TI,pair-2,dr2,4,trajectory,other
scGBM,scGBM,scGBM,Pearson,0.387,TI,pair-2,dr3,4,trajectory,other
scGBM,scGBM,scGBM,Qglobal,0.836,TI,pair-2,dr2,4,trajectory,other
scGBM,scGBM,scGBM,Qlocal,0.344,TI,pair-2,dr2,4,trajectory,other
scGBM,scGBM,scGBM,centroid_distance,0.522,TI,pair-2,dr1,4,trajectory,other
scGBM,scGBM,scGBM,k-nearest,0.667,TI,pair-2,dr1,4,trajectory,other
scGBM,scGBM,scGBM,kmax,5606.0,TI,pair-2,dr2,4,trajectory,other
scGBM,scGBM,scGBM,random_triplet,0.618,TI,pair-2,dr1,4,trajectory,other
scGBM,scGBM,scGBM,spearman,0.438,TI,pair-2,dr1,4,trajectory,other
scGBM,scGBM,scGBM,svm,0.833,TI,pair-2,dr1,4,trajectory,other
scGBM,scGBM,scGBM,AUC,0.572,TI,pair-3,dr2,4,trajectory,other
scGBM,scGBM,scGBM,Pearson,0.444,TI,pair-3,dr3,4,trajectory,other
scGBM,scGBM,scGBM,Qglobal,0.844,TI,pair-3,dr2,4,trajectory,other
scGBM,scGBM,scGBM,Qlocal,0.354,TI,pair-3,dr2,4,trajectory,other
scGBM,scGBM,scGBM,centroid_distance,0.723,TI,pair-3,dr1,4,trajectory,other
scGBM,scGBM,scGBM,k-nearest,0.562,TI,pair-3,dr1,4,trajectory,other
scGBM,scGBM,scGBM,kmax,4759.0,TI,pair-3,dr2,4,trajectory,other
scGBM,scGBM,scGBM,random_triplet,0.611,TI,pair-3,dr1,4,trajectory,other
scGBM,scGBM,scGBM,spearman,0.453,TI,pair-3,dr1,4,trajectory,other
scGBM,scGBM,scGBM,svm,0.904,TI,pair-3,dr1,4,trajectory,other
scGBM,scGBM,scGBM,AUC,0.569,TI,pair-4,dr2,4,trajectory,other
scGBM,scGBM,scGBM,Pearson,0.426,TI,pair-4,dr3,4,trajectory,other
scGBM,scGBM,scGBM,Qglobal,0.855,TI,pair-4,dr2,4,trajectory,other
scGBM,scGBM,scGBM,Qlocal,0.36,TI,pair-4,dr2,4,trajectory,other
scGBM,scGBM,scGBM,centroid_distance,0.644,TI,pair-4,dr1,4,trajectory,other
scGBM,scGBM,scGBM,k-nearest,0.733,TI,pair-4,dr1,4,trajectory,other
scGBM,scGBM,scGBM,kmax,5170.0,TI,pair-4,dr2,4,trajectory,other
scGBM,scGBM,scGBM,random_triplet,0.61,TI,pair-4,dr1,4,trajectory,other
scGBM,scGBM,scGBM,spearman,0.457,TI,pair-4,dr1,4,trajectory,other
scGBM,scGBM,scGBM,svm,0.857,TI,pair-4,dr1,4,trajectory,other
scGBM,scGBM,scGBM,AUC,0.58,TI,parenchyme,dr2,4,trajectory,other
scGBM,scGBM,scGBM,Pearson,0.163,TI,parenchyme,dr3,4,trajectory,other
scGBM,scGBM,scGBM,Qglobal,0.652,TI,parenchyme,dr2,4,trajectory,other
scGBM,scGBM,scGBM,Qlocal,0.187,TI,parenchyme,dr2,4,trajectory,other
scGBM,scGBM,scGBM,centroid_distance,0.863,TI,parenchyme,dr1,4,trajectory,other
scGBM,scGBM,scGBM,k-nearest,0.6,TI,parenchyme,dr1,4,trajectory,other
scGBM,scGBM,scGBM,kmax,309.0,TI,parenchyme,dr2,4,trajectory,other
scGBM,scGBM,scGBM,random_triplet,0.59,TI,parenchyme,dr1,4,trajectory,other
scGBM,scGBM,scGBM,spearman,0.219,TI,parenchyme,dr1,4,trajectory,other
scGBM,scGBM,scGBM,svm,0.89,TI,parenchyme,dr1,4,trajectory,other
scGBM,scGBM,scGBM,AUC,0.635,TI,phagocyte,dr2,4,trajectory,other
scGBM,scGBM,scGBM,Pearson,0.45,TI,phagocyte,dr3,4,trajectory,other
scGBM,scGBM,scGBM,Qglobal,0.778,TI,phagocyte,dr2,4,trajectory,other
scGBM,scGBM,scGBM,Qlocal,0.324,TI,phagocyte,dr2,4,trajectory,other
scGBM,scGBM,scGBM,centroid_distance,1.0,TI,phagocyte,dr1,4,trajectory,other
scGBM,scGBM,scGBM,k-nearest,1.0,TI,phagocyte,dr1,4,trajectory,other
scGBM,scGBM,scGBM,kmax,217.0,TI,phagocyte,dr2,4,trajectory,other
scGBM,scGBM,scGBM,random_triplet,0.69,TI,phagocyte,dr1,4,trajectory,other
scGBM,scGBM,scGBM,spearman,0.55,TI,phagocyte,dr1,4,trajectory,other
scGBM,scGBM,scGBM,svm,0.947,TI,phagocyte,dr1,4,trajectory,other
scGBM,scGBM,scGBM,AUC,0.631,TI,pharynx,dr2,4,trajectory,other
scGBM,scGBM,scGBM,Pearson,0.597,TI,pharynx,dr3,4,trajectory,other
scGBM,scGBM,scGBM,Qglobal,0.877,TI,pharynx,dr2,4,trajectory,other
scGBM,scGBM,scGBM,Qlocal,0.434,TI,pharynx,dr2,4,trajectory,other
scGBM,scGBM,scGBM,centroid_distance,1.0,TI,pharynx,dr1,4,trajectory,other
scGBM,scGBM,scGBM,k-nearest,1.0,TI,pharynx,dr1,4,trajectory,other
scGBM,scGBM,scGBM,kmax,160.0,TI,pharynx,dr2,4,trajectory,other
scGBM,scGBM,scGBM,random_triplet,0.7,TI,pharynx,dr1,4,trajectory,other
scGBM,scGBM,scGBM,spearman,0.612,TI,pharynx,dr1,4,trajectory,other
scGBM,scGBM,scGBM,svm,0.983,TI,pharynx,dr1,4,trajectory,other
scGBM,scGBM,scGBM,AUC,0.765,TI,trophectoderm,dr2,4,trajectory,other
scGBM,scGBM,scGBM,Pearson,0.764,TI,trophectoderm,dr3,4,trajectory,other
scGBM,scGBM,scGBM,Qglobal,0.886,TI,trophectoderm,dr2,4,trajectory,other
scGBM,scGBM,scGBM,Qlocal,0.468,TI,trophectoderm,dr2,4,trajectory,other
scGBM,scGBM,scGBM,centroid_distance,1.0,TI,trophectoderm,dr1,4,trajectory,other
scGBM,scGBM,scGBM,k-nearest,1.0,TI,trophectoderm,dr1,4,trajectory,other
scGBM,scGBM,scGBM,kmax,22.0,TI,trophectoderm,dr2,4,trajectory,other
scGBM,scGBM,scGBM,random_triplet,0.839,TI,trophectoderm,dr1,4,trajectory,other
scGBM,scGBM,scGBM,spearman,0.838,TI,trophectoderm,dr1,4,trajectory,other
scGBM,scGBM,scGBM,svm,1.0,TI,trophectoderm,dr1,4,trajectory,other
scGBM,scGBM,scGBM,AUC,0.737,VASC,Baron,dr2,4,VASC,other
scGBM,scGBM,scGBM,Pearson,0.802,VASC,Baron,dr3,4,VASC,other
scGBM,scGBM,scGBM,Qglobal,0.791,VASC,Baron,dr2,4,VASC,other
scGBM,scGBM,scGBM,Qlocal,0.397,VASC,Baron,dr2,4,VASC,other
scGBM,scGBM,scGBM,centroid_distance,0.758,VASC,Baron,dr1,4,VASC,other
scGBM,scGBM,scGBM,k-nearest,0.679,VASC,Baron,dr1,4,VASC,other
scGBM,scGBM,scGBM,kmax,1174.0,VASC,Baron,dr2,4,VASC,other
scGBM,scGBM,scGBM,random_triplet,0.755,VASC,Baron,dr1,4,VASC,other
scGBM,scGBM,scGBM,spearman,0.802,VASC,Baron,dr1,4,VASC,other
scGBM,scGBM,scGBM,svm,0.315,VASC,Baron,dr1,4,VASC,other
scGBM,scGBM,scGBM,AUC,0.843,VASC,Biase,dr2,4,VASC,other
scGBM,scGBM,scGBM,Pearson,0.814,VASC,Biase,dr3,4,VASC,other
scGBM,scGBM,scGBM,Qglobal,0.952,VASC,Biase,dr2,4,VASC,other
scGBM,scGBM,scGBM,Qlocal,0.684,VASC,Biase,dr2,4,VASC,other
scGBM,scGBM,scGBM,centroid_distance,0.928,VASC,Biase,dr1,4,VASC,other
scGBM,scGBM,scGBM,k-nearest,1.0,VASC,Biase,dr1,4,VASC,other
scGBM,scGBM,scGBM,kmax,19.0,VASC,Biase,dr2,4,VASC,other
scGBM,scGBM,scGBM,random_triplet,0.893,VASC,Biase,dr1,4,VASC,other
scGBM,scGBM,scGBM,spearman,0.905,VASC,Biase,dr1,4,VASC,other
scGBM,scGBM,scGBM,svm,1.0,VASC,Biase,dr1,4,VASC,other
scGBM,scGBM,scGBM,AUC,0.796,VASC,Goolam,dr2,4,VASC,other
scGBM,scGBM,scGBM,Pearson,0.877,VASC,Goolam,dr3,4,VASC,other
scGBM,scGBM,scGBM,Qglobal,0.877,VASC,Goolam,dr2,4,VASC,other
scGBM,scGBM,scGBM,Qlocal,0.486,VASC,Goolam,dr2,4,VASC,other
scGBM,scGBM,scGBM,centroid_distance,0.994,VASC,Goolam,dr1,4,VASC,other
scGBM,scGBM,scGBM,k-nearest,0.8,VASC,Goolam,dr1,4,VASC,other
scGBM,scGBM,scGBM,kmax,24.0,VASC,Goolam,dr2,4,VASC,other
scGBM,scGBM,scGBM,random_triplet,0.853,VASC,Goolam,dr1,4,VASC,other
scGBM,scGBM,scGBM,spearman,0.905,VASC,Goolam,dr1,4,VASC,other
scGBM,scGBM,scGBM,svm,0.967,VASC,Goolam,dr1,4,VASC,other
scGBM,scGBM,scGBM,AUC,0.633,VASC,Xin,dr2,4,VASC,other
scGBM,scGBM,scGBM,Pearson,0.623,VASC,Xin,dr3,4,VASC,other
scGBM,scGBM,scGBM,Qglobal,0.858,VASC,Xin,dr2,4,VASC,other
scGBM,scGBM,scGBM,Qlocal,0.408,VASC,Xin,dr2,4,VASC,other
scGBM,scGBM,scGBM,centroid_distance,0.703,VASC,Xin,dr1,4,VASC,other
scGBM,scGBM,scGBM,k-nearest,0.812,VASC,Xin,dr1,4,VASC,other
scGBM,scGBM,scGBM,kmax,797.0,VASC,Xin,dr2,4,VASC,other
scGBM,scGBM,scGBM,random_triplet,0.675,VASC,Xin,dr1,4,VASC,other
scGBM,scGBM,scGBM,spearman,0.617,VASC,Xin,dr1,4,VASC,other
scGBM,scGBM,scGBM,svm,0.923,VASC,Xin,dr1,4,VASC,other
scGBM,scGBM,scGBM,AUC,0.686,VASC,Zeisel,dr2,4,VASC,other
scGBM,scGBM,scGBM,Pearson,0.7,VASC,Zeisel,dr3,4,VASC,other
scGBM,scGBM,scGBM,Qglobal,0.803,VASC,Zeisel,dr2,4,VASC,other
scGBM,scGBM,scGBM,Qlocal,0.396,VASC,Zeisel,dr2,4,VASC,other
scGBM,scGBM,scGBM,centroid_distance,0.545,VASC,Zeisel,dr1,4,VASC,other
scGBM,scGBM,scGBM,k-nearest,0.611,VASC,Zeisel,dr1,4,VASC,other
scGBM,scGBM,scGBM,kmax,859.0,VASC,Zeisel,dr2,4,VASC,other
scGBM,scGBM,scGBM,random_triplet,0.726,VASC,Zeisel,dr1,4,VASC,other
scGBM,scGBM,scGBM,spearman,0.693,VASC,Zeisel,dr1,4,VASC,other
scGBM,scGBM,scGBM,svm,0.755,VASC,Zeisel,dr1,4,VASC,other
scGBM,scGBM,scGBM,AUC,0.867,VASC,yan,dr2,4,VASC,other
scGBM,scGBM,scGBM,Pearson,0.898,VASC,yan,dr3,4,VASC,other
scGBM,scGBM,scGBM,Qglobal,0.936,VASC,yan,dr2,4,VASC,other
scGBM,scGBM,scGBM,Qlocal,0.695,VASC,yan,dr2,4,VASC,other
scGBM,scGBM,scGBM,centroid_distance,0.925,VASC,yan,dr1,4,VASC,other
scGBM,scGBM,scGBM,k-nearest,0.917,VASC,yan,dr1,4,VASC,other
scGBM,scGBM,scGBM,kmax,22.0,VASC,yan,dr2,4,VASC,other
scGBM,scGBM,scGBM,random_triplet,0.907,VASC,yan,dr1,4,VASC,other
scGBM,scGBM,scGBM,spearman,0.916,VASC,yan,dr1,4,VASC,other
scGBM,scGBM,scGBM,svm,0.889,VASC,yan,dr1,4,VASC,other
scGBM,scGBM,scGBM,AUC,0.647,benchmarker,Baron_mouse,dr2,4,curated,other
scGBM,scGBM,scGBM,Pearson,0.771,benchmarker,Baron_mouse,dr3,4,curated,other
scGBM,scGBM,scGBM,Qglobal,0.933,benchmarker,Baron_mouse,dr2,4,curated,other
scGBM,scGBM,scGBM,Qlocal,0.506,benchmarker,Baron_mouse,dr2,4,curated,other
scGBM,scGBM,scGBM,centroid_distance,0.418,benchmarker,Baron_mouse,dr1,4,curated,other
scGBM,scGBM,scGBM,k-nearest,0.821,benchmarker,Baron_mouse,dr1,4,curated,other
scGBM,scGBM,scGBM,kmax,1259.0,benchmarker,Baron_mouse,dr2,4,curated,other
scGBM,scGBM,scGBM,random_triplet,0.696,benchmarker,Baron_mouse,dr1,4,curated,other
scGBM,scGBM,scGBM,spearman,0.735,benchmarker,Baron_mouse,dr1,4,curated,other
scGBM,scGBM,scGBM,svm,0.85,benchmarker,Baron_mouse,dr1,4,curated,other
scGBM,scGBM,scGBM,AUC,0.675,benchmarker,Darmanis,dr2,4,curated,other
scGBM,scGBM,scGBM,Pearson,0.563,benchmarker,Darmanis,dr3,4,curated,other
scGBM,scGBM,scGBM,Qglobal,0.73,benchmarker,Darmanis,dr2,4,curated,other
scGBM,scGBM,scGBM,Qlocal,0.346,benchmarker,Darmanis,dr2,4,curated,other
scGBM,scGBM,scGBM,centroid_distance,0.645,benchmarker,Darmanis,dr1,4,curated,other
scGBM,scGBM,scGBM,k-nearest,0.625,benchmarker,Darmanis,dr1,4,curated,other
scGBM,scGBM,scGBM,kmax,59.0,benchmarker,Darmanis,dr2,4,curated,other
scGBM,scGBM,scGBM,random_triplet,0.674,benchmarker,Darmanis,dr1,4,curated,other
scGBM,scGBM,scGBM,spearman,0.578,benchmarker,Darmanis,dr1,4,curated,other
scGBM,scGBM,scGBM,svm,0.895,benchmarker,Darmanis,dr1,4,curated,other
scGBM,scGBM,scGBM,AUC,0.684,benchmarker,Pancreatic,dr2,4,curated,other
scGBM,scGBM,scGBM,Pearson,0.555,benchmarker,Pancreatic,dr3,4,curated,other
scGBM,scGBM,scGBM,Qglobal,0.763,benchmarker,Pancreatic,dr2,4,curated,other
scGBM,scGBM,scGBM,Qlocal,0.324,benchmarker,Pancreatic,dr2,4,curated,other
scGBM,scGBM,scGBM,centroid_distance,0.859,benchmarker,Pancreatic,dr1,4,curated,other
scGBM,scGBM,scGBM,k-nearest,0.583,benchmarker,Pancreatic,dr1,4,curated,other
scGBM,scGBM,scGBM,kmax,10.0,benchmarker,Pancreatic,dr2,4,curated,other
scGBM,scGBM,scGBM,random_triplet,0.73,benchmarker,Pancreatic,dr1,4,curated,other
scGBM,scGBM,scGBM,spearman,0.63,benchmarker,Pancreatic,dr1,4,curated,other
scGBM,scGBM,scGBM,svm,0.667,benchmarker,Pancreatic,dr1,4,curated,other
scGBM,scGBM,scGBM,AUC,0.721,benchmarker,Silver,dr2,4,curated,other
scGBM,scGBM,scGBM,Pearson,0.734,benchmarker,Silver,dr3,4,curated,other
scGBM,scGBM,scGBM,Qglobal,0.838,benchmarker,Silver,dr2,4,curated,other
scGBM,scGBM,scGBM,Qlocal,0.374,benchmarker,Silver,dr2,4,curated,other
scGBM,scGBM,scGBM,centroid_distance,0.955,benchmarker,Silver,dr1,4,curated,other
scGBM,scGBM,scGBM,k-nearest,0.848,benchmarker,Silver,dr1,4,curated,other
scGBM,scGBM,scGBM,kmax,650.0,benchmarker,Silver,dr2,4,curated,other
scGBM,scGBM,scGBM,random_triplet,0.772,benchmarker,Silver,dr1,4,curated,other
scGBM,scGBM,scGBM,spearman,0.735,benchmarker,Silver,dr1,4,curated,other
scGBM,scGBM,scGBM,svm,0.521,benchmarker,Silver,dr1,4,curated,other
scGBM,scGBM,scGBM,AUC,0.7,benchmarker,Zhengmix4eq,dr2,4,curated,other
scGBM,scGBM,scGBM,Pearson,0.657,benchmarker,Zhengmix4eq,dr3,4,curated,other
scGBM,scGBM,scGBM,Qglobal,0.824,benchmarker,Zhengmix4eq,dr2,4,curated,other
scGBM,scGBM,scGBM,Qlocal,0.33,benchmarker,Zhengmix4eq,dr2,4,curated,other
scGBM,scGBM,scGBM,centroid_distance,1.0,benchmarker,Zhengmix4eq,dr1,4,curated,other
scGBM,scGBM,scGBM,k-nearest,1.0,benchmarker,Zhengmix4eq,dr1,4,curated,other
scGBM,scGBM,scGBM,kmax,1005.0,benchmarker,Zhengmix4eq,dr2,4,curated,other
scGBM,scGBM,scGBM,random_triplet,0.749,benchmarker,Zhengmix4eq,dr1,4,curated,other
scGBM,scGBM,scGBM,spearman,0.657,benchmarker,Zhengmix4eq,dr1,4,curated,other
scGBM,scGBM,scGBM,svm,0.929,benchmarker,Zhengmix4eq,dr1,4,curated,other
scGBM,scGBM,scGBM,AUC,0.667,scDesign3,ACINAR,dr2,4,scDesign3,other
scGBM,scGBM,scGBM,Pearson,0.34,scDesign3,ACINAR,dr3,4,scDesign3,other
scGBM,scGBM,scGBM,Qglobal,0.733,scDesign3,ACINAR,dr2,4,scDesign3,other
scGBM,scGBM,scGBM,Qlocal,0.31,scDesign3,ACINAR,dr2,4,scDesign3,other
scGBM,scGBM,scGBM,centroid_distance,0.651,scDesign3,ACINAR,dr1,4,scDesign3,other
scGBM,scGBM,scGBM,k-nearest,0.633,scDesign3,ACINAR,dr1,4,scDesign3,other
scGBM,scGBM,scGBM,kmax,471.0,scDesign3,ACINAR,dr2,4,scDesign3,other
scGBM,scGBM,scGBM,random_triplet,0.693,scDesign3,ACINAR,dr1,4,scDesign3,other
scGBM,scGBM,scGBM,spearman,0.417,scDesign3,ACINAR,dr1,4,scDesign3,other
scGBM,scGBM,scGBM,svm,0.599,scDesign3,ACINAR,dr1,4,scDesign3,other
scGBM,scGBM,scGBM,AUC,0.616,scDesign3,ATAC,dr2,4,scDesign3,other
scGBM,scGBM,scGBM,Pearson,0.394,scDesign3,ATAC,dr3,4,scDesign3,other
scGBM,scGBM,scGBM,Qglobal,0.76,scDesign3,ATAC,dr2,4,scDesign3,other
scGBM,scGBM,scGBM,Qlocal,0.324,scDesign3,ATAC,dr2,4,scDesign3,other
scGBM,scGBM,scGBM,centroid_distance,0.865,scDesign3,ATAC,dr1,4,scDesign3,other
scGBM,scGBM,scGBM,k-nearest,0.846,scDesign3,ATAC,dr1,4,scDesign3,other
scGBM,scGBM,scGBM,kmax,2316.0,scDesign3,ATAC,dr2,4,scDesign3,other
scGBM,scGBM,scGBM,random_triplet,0.629,scDesign3,ATAC,dr1,4,scDesign3,other
scGBM,scGBM,scGBM,spearman,0.345,scDesign3,ATAC,dr1,4,scDesign3,other
scGBM,scGBM,scGBM,svm,0.787,scDesign3,ATAC,dr1,4,scDesign3,other
scGBM,scGBM,scGBM,AUC,0.66,scDesign3,BATCH,dr2,4,scDesign3,other
scGBM,scGBM,scGBM,Pearson,0.289,scDesign3,BATCH,dr3,4,scDesign3,other
scGBM,scGBM,scGBM,Qglobal,0.703,scDesign3,BATCH,dr2,4,scDesign3,other
scGBM,scGBM,scGBM,Qlocal,0.305,scDesign3,BATCH,dr2,4,scDesign3,other
scGBM,scGBM,scGBM,centroid_distance,0.508,scDesign3,BATCH,dr1,4,scDesign3,other
scGBM,scGBM,scGBM,k-nearest,0.556,scDesign3,BATCH,dr1,4,scDesign3,other
scGBM,scGBM,scGBM,kmax,676.0,scDesign3,BATCH,dr2,4,scDesign3,other
scGBM,scGBM,scGBM,random_triplet,0.674,scDesign3,BATCH,dr1,4,scDesign3,other
scGBM,scGBM,scGBM,spearman,0.466,scDesign3,BATCH,dr1,4,scDesign3,other
scGBM,scGBM,scGBM,svm,0.866,scDesign3,BATCH,dr1,4,scDesign3,other
scGBM,scGBM,scGBM,AUC,0.751,scDesign3,CITE,dr2,4,scDesign3,other
scGBM,scGBM,scGBM,Pearson,0.169,scDesign3,CITE,dr3,4,scDesign3,other
scGBM,scGBM,scGBM,Qglobal,0.803,scDesign3,CITE,dr2,4,scDesign3,other
scGBM,scGBM,scGBM,Qlocal,0.478,scDesign3,CITE,dr2,4,scDesign3,other
scGBM,scGBM,scGBM,centroid_distance,0.523,scDesign3,CITE,dr1,4,scDesign3,other
scGBM,scGBM,scGBM,k-nearest,0.6,scDesign3,CITE,dr1,4,scDesign3,other
scGBM,scGBM,scGBM,kmax,1377.0,scDesign3,CITE,dr2,4,scDesign3,other
scGBM,scGBM,scGBM,random_triplet,0.761,scDesign3,CITE,dr1,4,scDesign3,other
scGBM,scGBM,scGBM,spearman,0.594,scDesign3,CITE,dr1,4,scDesign3,other
scGBM,scGBM,scGBM,svm,0.705,scDesign3,CITE,dr1,4,scDesign3,other
scGBM,scGBM,scGBM,AUC,0.604,scDesign3,EMBYRO,dr2,4,scDesign3,other
scGBM,scGBM,scGBM,Pearson,0.126,scDesign3,EMBYRO,dr3,4,scDesign3,other
scGBM,scGBM,scGBM,Qglobal,0.63,scDesign3,EMBYRO,dr2,4,scDesign3,other
scGBM,scGBM,scGBM,Qlocal,0.229,scDesign3,EMBYRO,dr2,4,scDesign3,other
scGBM,scGBM,scGBM,centroid_distance,0.907,scDesign3,EMBYRO,dr1,4,scDesign3,other
scGBM,scGBM,scGBM,k-nearest,0.4,scDesign3,EMBYRO,dr1,4,scDesign3,other
scGBM,scGBM,scGBM,kmax,85.0,scDesign3,EMBYRO,dr2,4,scDesign3,other
scGBM,scGBM,scGBM,random_triplet,0.606,scDesign3,EMBYRO,dr1,4,scDesign3,other
scGBM,scGBM,scGBM,spearman,0.258,scDesign3,EMBYRO,dr1,4,scDesign3,other
scGBM,scGBM,scGBM,svm,0.593,scDesign3,EMBYRO,dr1,4,scDesign3,other
scGBM,scGBM,scGBM,AUC,0.713,scDesign3,IFNB,dr2,4,scDesign3,other
scGBM,scGBM,scGBM,Pearson,0.601,scDesign3,IFNB,dr3,4,scDesign3,other
scGBM,scGBM,scGBM,Qglobal,0.801,scDesign3,IFNB,dr2,4,scDesign3,other
scGBM,scGBM,scGBM,Qlocal,0.371,scDesign3,IFNB,dr2,4,scDesign3,other
scGBM,scGBM,scGBM,centroid_distance,0.955,scDesign3,IFNB,dr1,4,scDesign3,other
scGBM,scGBM,scGBM,k-nearest,0.59,scDesign3,IFNB,dr1,4,scDesign3,other
scGBM,scGBM,scGBM,kmax,2881.0,scDesign3,IFNB,dr2,4,scDesign3,other
scGBM,scGBM,scGBM,random_triplet,0.749,scDesign3,IFNB,dr1,4,scDesign3,other
scGBM,scGBM,scGBM,spearman,0.727,scDesign3,IFNB,dr1,4,scDesign3,other
scGBM,scGBM,scGBM,svm,0.627,scDesign3,IFNB,dr1,4,scDesign3,other
scGBM,scGBM,scGBM,AUC,0.723,scDesign3,MARROW,dr2,4,scDesign3,other
scGBM,scGBM,scGBM,Pearson,0.494,scDesign3,MARROW,dr3,4,scDesign3,other
scGBM,scGBM,scGBM,Qglobal,0.824,scDesign3,MARROW,dr2,4,scDesign3,other
scGBM,scGBM,scGBM,Qlocal,0.488,scDesign3,MARROW,dr2,4,scDesign3,other
scGBM,scGBM,scGBM,centroid_distance,0.858,scDesign3,MARROW,dr1,4,scDesign3,other
scGBM,scGBM,scGBM,k-nearest,0.667,scDesign3,MARROW,dr1,4,scDesign3,other
scGBM,scGBM,scGBM,kmax,801.0,scDesign3,MARROW,dr2,4,scDesign3,other
scGBM,scGBM,scGBM,random_triplet,0.736,scDesign3,MARROW,dr1,4,scDesign3,other
scGBM,scGBM,scGBM,spearman,0.544,scDesign3,MARROW,dr1,4,scDesign3,other
scGBM,scGBM,scGBM,svm,0.951,scDesign3,MARROW,dr1,4,scDesign3,other
scGBM,scGBM,scGBM,AUC,0.668,scDesign3,MOBSC,dr2,4,scDesign3,other
scGBM,scGBM,scGBM,Pearson,0.529,scDesign3,MOBSC,dr3,4,scDesign3,other
scGBM,scGBM,scGBM,Qglobal,0.763,scDesign3,MOBSC,dr2,4,scDesign3,other
scGBM,scGBM,scGBM,Qlocal,0.336,scDesign3,MOBSC,dr2,4,scDesign3,other
scGBM,scGBM,scGBM,centroid_distance,0.928,scDesign3,MOBSC,dr1,4,scDesign3,other
scGBM,scGBM,scGBM,k-nearest,0.75,scDesign3,MOBSC,dr1,4,scDesign3,other
scGBM,scGBM,scGBM,kmax,2807.0,scDesign3,MOBSC,dr2,4,scDesign3,other
scGBM,scGBM,scGBM,random_triplet,0.695,scDesign3,MOBSC,dr1,4,scDesign3,other
scGBM,scGBM,scGBM,spearman,0.554,scDesign3,MOBSC,dr1,4,scDesign3,other
scGBM,scGBM,scGBM,svm,0.837,scDesign3,MOBSC,dr1,4,scDesign3,other
scGBM,scGBM,scGBM,AUC,0.69,scDesign3,OVARIAN,dr2,4,scDesign3,other
scGBM,scGBM,scGBM,Pearson,0.23,scDesign3,OVARIAN,dr3,4,scDesign3,other
scGBM,scGBM,scGBM,Qglobal,0.768,scDesign3,OVARIAN,dr2,4,scDesign3,other
scGBM,scGBM,scGBM,Qlocal,0.402,scDesign3,OVARIAN,dr2,4,scDesign3,other
scGBM,scGBM,scGBM,centroid_distance,0.761,scDesign3,OVARIAN,dr1,4,scDesign3,other
scGBM,scGBM,scGBM,k-nearest,0.636,scDesign3,OVARIAN,dr1,4,scDesign3,other
scGBM,scGBM,scGBM,kmax,733.0,scDesign3,OVARIAN,dr2,4,scDesign3,other
scGBM,scGBM,scGBM,random_triplet,0.71,scDesign3,OVARIAN,dr1,4,scDesign3,other
scGBM,scGBM,scGBM,spearman,0.341,scDesign3,OVARIAN,dr1,4,scDesign3,other
scGBM,scGBM,scGBM,svm,0.559,scDesign3,OVARIAN,dr1,4,scDesign3,other
scGBM,scGBM,scGBM,AUC,0.745,scDesign3,PANCREAS,dr2,4,scDesign3,other
scGBM,scGBM,scGBM,Pearson,0.292,scDesign3,PANCREAS,dr3,4,scDesign3,other
scGBM,scGBM,scGBM,Qglobal,0.811,scDesign3,PANCREAS,dr2,4,scDesign3,other
scGBM,scGBM,scGBM,Qlocal,0.475,scDesign3,PANCREAS,dr2,4,scDesign3,other
scGBM,scGBM,scGBM,centroid_distance,0.735,scDesign3,PANCREAS,dr1,4,scDesign3,other
scGBM,scGBM,scGBM,k-nearest,0.75,scDesign3,PANCREAS,dr1,4,scDesign3,other
scGBM,scGBM,scGBM,kmax,408.0,scDesign3,PANCREAS,dr2,4,scDesign3,other
scGBM,scGBM,scGBM,random_triplet,0.759,scDesign3,PANCREAS,dr1,4,scDesign3,other
scGBM,scGBM,scGBM,spearman,0.472,scDesign3,PANCREAS,dr1,4,scDesign3,other
scGBM,scGBM,scGBM,svm,0.922,scDesign3,PANCREAS,dr1,4,scDesign3,other
scGBM,scGBM,scGBM,AUC,0.789,scDesign3,SCGEMMETH,dr2,4,scDesign3,other
scGBM,scGBM,scGBM,Pearson,0.869,scDesign3,SCGEMMETH,dr3,4,scDesign3,other
scGBM,scGBM,scGBM,Qglobal,0.946,scDesign3,SCGEMMETH,dr2,4,scDesign3,other
scGBM,scGBM,scGBM,Qlocal,0.57,scDesign3,SCGEMMETH,dr2,4,scDesign3,other
scGBM,scGBM,scGBM,centroid_distance,1.0,scDesign3,SCGEMMETH,dr1,4,scDesign3,other
scGBM,scGBM,scGBM,k-nearest,1.0,scDesign3,SCGEMMETH,dr1,4,scDesign3,other
scGBM,scGBM,scGBM,kmax,57.0,scDesign3,SCGEMMETH,dr2,4,scDesign3,other
scGBM,scGBM,scGBM,random_triplet,0.875,scDesign3,SCGEMMETH,dr1,4,scDesign3,other
scGBM,scGBM,scGBM,spearman,0.885,scDesign3,SCGEMMETH,dr1,4,scDesign3,other
scGBM,scGBM,scGBM,svm,0.775,scDesign3,SCGEMMETH,dr1,4,scDesign3,other
scGBM,scGBM,scGBM,AUC,0.774,scDesign3,SCGEMRNA,dr2,4,scDesign3,other
scGBM,scGBM,scGBM,Pearson,0.778,scDesign3,SCGEMRNA,dr3,4,scDesign3,other
scGBM,scGBM,scGBM,Qglobal,0.879,scDesign3,SCGEMRNA,dr2,4,scDesign3,other
scGBM,scGBM,scGBM,Qlocal,0.529,scDesign3,SCGEMRNA,dr2,4,scDesign3,other
scGBM,scGBM,scGBM,centroid_distance,0.932,scDesign3,SCGEMRNA,dr1,4,scDesign3,other
scGBM,scGBM,scGBM,k-nearest,0.8,scDesign3,SCGEMRNA,dr1,4,scDesign3,other
scGBM,scGBM,scGBM,kmax,51.0,scDesign3,SCGEMRNA,dr2,4,scDesign3,other
scGBM,scGBM,scGBM,random_triplet,0.829,scDesign3,SCGEMRNA,dr1,4,scDesign3,other
scGBM,scGBM,scGBM,spearman,0.78,scDesign3,SCGEMRNA,dr1,4,scDesign3,other
scGBM,scGBM,scGBM,svm,0.769,scDesign3,SCGEMRNA,dr1,4,scDesign3,other
scGBM,scGBM,scGBM,AUC,0.524,scDesign3,SCIATAC,dr2,4,scDesign3,other
scGBM,scGBM,scGBM,Pearson,0.085,scDesign3,SCIATAC,dr3,4,scDesign3,other
scGBM,scGBM,scGBM,Qglobal,0.723,scDesign3,SCIATAC,dr2,4,scDesign3,other
scGBM,scGBM,scGBM,Qlocal,0.226,scDesign3,SCIATAC,dr2,4,scDesign3,other
scGBM,scGBM,scGBM,centroid_distance,0.156,scDesign3,SCIATAC,dr1,4,scDesign3,other
scGBM,scGBM,scGBM,k-nearest,0.389,scDesign3,SCIATAC,dr1,4,scDesign3,other
scGBM,scGBM,scGBM,kmax,1613.0,scDesign3,SCIATAC,dr2,4,scDesign3,other
scGBM,scGBM,scGBM,random_triplet,0.538,scDesign3,SCIATAC,dr1,4,scDesign3,other
scGBM,scGBM,scGBM,spearman,0.1,scDesign3,SCIATAC,dr1,4,scDesign3,other
scGBM,scGBM,scGBM,svm,0.726,scDesign3,SCIATAC,dr1,4,scDesign3,other
scGBM,scGBM,scGBM,AUC,0.509,scDesign3,SLIDE,dr2,4,scDesign3,other
scGBM,scGBM,scGBM,Pearson,0.046,scDesign3,SLIDE,dr3,4,scDesign3,other
scGBM,scGBM,scGBM,Qglobal,0.548,scDesign3,SLIDE,dr2,4,scDesign3,other
scGBM,scGBM,scGBM,Qlocal,0.066,scDesign3,SLIDE,dr2,4,scDesign3,other
scGBM,scGBM,scGBM,centroid_distance,0.795,scDesign3,SLIDE,dr1,4,scDesign3,other
scGBM,scGBM,scGBM,k-nearest,0.788,scDesign3,SLIDE,dr1,4,scDesign3,other
scGBM,scGBM,scGBM,kmax,1881.0,scDesign3,SLIDE,dr2,4,scDesign3,other
scGBM,scGBM,scGBM,random_triplet,0.506,scDesign3,SLIDE,dr1,4,scDesign3,other
scGBM,scGBM,scGBM,spearman,0.011,scDesign3,SLIDE,dr1,4,scDesign3,other
scGBM,scGBM,scGBM,svm,0.61,scDesign3,SLIDE,dr1,4,scDesign3,other
scGBM,scGBM,scGBM,AUC,0.629,scDesign3,VISIUM,dr2,4,scDesign3,other
scGBM,scGBM,scGBM,Pearson,0.29,scDesign3,VISIUM,dr3,4,scDesign3,other
scGBM,scGBM,scGBM,Qglobal,0.675,scDesign3,VISIUM,dr2,4,scDesign3,other
scGBM,scGBM,scGBM,Qlocal,0.283,scDesign3,VISIUM,dr2,4,scDesign3,other
scGBM,scGBM,scGBM,centroid_distance,0.613,scDesign3,VISIUM,dr1,4,scDesign3,other
scGBM,scGBM,scGBM,k-nearest,0.6,scDesign3,VISIUM,dr1,4,scDesign3,other
scGBM,scGBM,scGBM,kmax,316.0,scDesign3,VISIUM,dr2,4,scDesign3,other
scGBM,scGBM,scGBM,random_triplet,0.632,scDesign3,VISIUM,dr1,4,scDesign3,other
scGBM,scGBM,scGBM,spearman,0.352,scDesign3,VISIUM,dr1,4,scDesign3,other
scGBM,scGBM,scGBM,svm,0.622,scDesign3,VISIUM,dr1,4,scDesign3,other
SSNMDI,SSNMDI,SSNMDI,AUC,0.514,SIMLR,Pollen,dr2,5,SIMLR,other
SSNMDI,SSNMDI,SSNMDI,Pearson,0.027,SIMLR,Pollen,dr3,5,SIMLR,other
SSNMDI,SSNMDI,SSNMDI,Qglobal,0.553,SIMLR,Pollen,dr2,5,SIMLR,other
SSNMDI,SSNMDI,SSNMDI,Qlocal,0.096,SIMLR,Pollen,dr2,5,SIMLR,other
SSNMDI,SSNMDI,SSNMDI,centroid_distance,0.32,SIMLR,Pollen,dr1,5,SIMLR,other
SSNMDI,SSNMDI,SSNMDI,k-nearest,0.182,SIMLR,Pollen,dr1,5,SIMLR,other
SSNMDI,SSNMDI,SSNMDI,kmax,22.0,SIMLR,Pollen,dr2,5,SIMLR,other
SSNMDI,SSNMDI,SSNMDI,random_triplet,0.524,SIMLR,Pollen,dr1,5,SIMLR,other
SSNMDI,SSNMDI,SSNMDI,spearman,0.02,SIMLR,Pollen,dr1,5,SIMLR,other
SSNMDI,SSNMDI,SSNMDI,svm,0.325,SIMLR,Pollen,dr1,5,SIMLR,other
SSNMDI,SSNMDI,SSNMDI,AUC,0.528,SIMLR,Usoskin,dr2,5,SIMLR,other
SSNMDI,SSNMDI,SSNMDI,Pearson,0.073,SIMLR,Usoskin,dr3,5,SIMLR,other
SSNMDI,SSNMDI,SSNMDI,Qglobal,0.717,SIMLR,Usoskin,dr2,5,SIMLR,other
SSNMDI,SSNMDI,SSNMDI,Qlocal,0.244,SIMLR,Usoskin,dr2,5,SIMLR,other
SSNMDI,SSNMDI,SSNMDI,centroid_distance,0.422,SIMLR,Usoskin,dr1,5,SIMLR,other
SSNMDI,SSNMDI,SSNMDI,k-nearest,0.0,SIMLR,Usoskin,dr1,5,SIMLR,other
SSNMDI,SSNMDI,SSNMDI,kmax,248.0,SIMLR,Usoskin,dr2,5,SIMLR,other
SSNMDI,SSNMDI,SSNMDI,random_triplet,0.536,SIMLR,Usoskin,dr1,5,SIMLR,other
SSNMDI,SSNMDI,SSNMDI,spearman,0.066,SIMLR,Usoskin,dr1,5,SIMLR,other
SSNMDI,SSNMDI,SSNMDI,svm,0.657,SIMLR,Usoskin,dr1,5,SIMLR,other
SSNMDI,SSNMDI,SSNMDI,AUC,0.579,TI,DA1_horns,dr2,5,trajectory,other
SSNMDI,SSNMDI,SSNMDI,Pearson,0.225,TI,DA1_horns,dr3,5,trajectory,other
SSNMDI,SSNMDI,SSNMDI,Qglobal,0.667,TI,DA1_horns,dr2,5,trajectory,other
SSNMDI,SSNMDI,SSNMDI,Qlocal,0.198,TI,DA1_horns,dr2,5,trajectory,other
SSNMDI,SSNMDI,SSNMDI,centroid_distance,0.695,TI,DA1_horns,dr1,5,trajectory,other
SSNMDI,SSNMDI,SSNMDI,k-nearest,0.8,TI,DA1_horns,dr1,5,trajectory,other
SSNMDI,SSNMDI,SSNMDI,kmax,52.0,TI,DA1_horns,dr2,5,trajectory,other
SSNMDI,SSNMDI,SSNMDI,random_triplet,0.593,TI,DA1_horns,dr1,5,trajectory,other
SSNMDI,SSNMDI,SSNMDI,spearman,0.284,TI,DA1_horns,dr1,5,trajectory,other
SSNMDI,SSNMDI,SSNMDI,svm,0.592,TI,DA1_horns,dr1,5,trajectory,other
SSNMDI,SSNMDI,SSNMDI,AUC,0.571,TI,DC3_VA1d_horns,dr2,5,trajectory,other
SSNMDI,SSNMDI,SSNMDI,Pearson,0.236,TI,DC3_VA1d_horns,dr3,5,trajectory,other
SSNMDI,SSNMDI,SSNMDI,Qglobal,0.656,TI,DC3_VA1d_horns,dr2,5,trajectory,other
SSNMDI,SSNMDI,SSNMDI,Qlocal,0.214,TI,DC3_VA1d_horns,dr2,5,trajectory,other
SSNMDI,SSNMDI,SSNMDI,centroid_distance,0.449,TI,DC3_VA1d_horns,dr1,5,trajectory,other
SSNMDI,SSNMDI,SSNMDI,k-nearest,0.222,TI,DC3_VA1d_horns,dr1,5,trajectory,other
SSNMDI,SSNMDI,SSNMDI,kmax,32.0,TI,DC3_VA1d_horns,dr2,5,trajectory,other
SSNMDI,SSNMDI,SSNMDI,random_triplet,0.567,TI,DC3_VA1d_horns,dr1,5,trajectory,other
SSNMDI,SSNMDI,SSNMDI,spearman,0.28,TI,DC3_VA1d_horns,dr1,5,trajectory,other
SSNMDI,SSNMDI,SSNMDI,svm,0.448,TI,DC3_VA1d_horns,dr1,5,trajectory,other
SSNMDI,SSNMDI,SSNMDI,AUC,0.546,TI,ICM,dr2,5,trajectory,other
SSNMDI,SSNMDI,SSNMDI,Pearson,0.175,TI,ICM,dr3,5,trajectory,other
SSNMDI,SSNMDI,SSNMDI,Qglobal,0.593,TI,ICM,dr2,5,trajectory,other
SSNMDI,SSNMDI,SSNMDI,Qlocal,0.18,TI,ICM,dr2,5,trajectory,other
SSNMDI,SSNMDI,SSNMDI,centroid_distance,0.141,TI,ICM,dr1,5,trajectory,other
SSNMDI,SSNMDI,SSNMDI,k-nearest,0.233,TI,ICM,dr1,5,trajectory,other
SSNMDI,SSNMDI,SSNMDI,kmax,31.0,TI,ICM,dr2,5,trajectory,other
SSNMDI,SSNMDI,SSNMDI,random_triplet,0.524,TI,ICM,dr1,5,trajectory,other
SSNMDI,SSNMDI,SSNMDI,spearman,0.114,TI,ICM,dr1,5,trajectory,other
SSNMDI,SSNMDI,SSNMDI,svm,0.512,TI,ICM,dr1,5,trajectory,other
SSNMDI,SSNMDI,SSNMDI,AUC,0.55,TI,blastocyst,dr2,5,trajectory,other
SSNMDI,SSNMDI,SSNMDI,Pearson,0.07,TI,blastocyst,dr3,5,trajectory,other
SSNMDI,SSNMDI,SSNMDI,Qglobal,0.603,TI,blastocyst,dr2,5,trajectory,other
SSNMDI,SSNMDI,SSNMDI,Qlocal,0.235,TI,blastocyst,dr2,5,trajectory,other
SSNMDI,SSNMDI,SSNMDI,centroid_distance,0.273,TI,blastocyst,dr1,5,trajectory,other
SSNMDI,SSNMDI,SSNMDI,k-nearest,0.231,TI,blastocyst,dr1,5,trajectory,other
SSNMDI,SSNMDI,SSNMDI,kmax,50.0,TI,blastocyst,dr2,5,trajectory,other
SSNMDI,SSNMDI,SSNMDI,random_triplet,0.523,TI,blastocyst,dr1,5,trajectory,other
SSNMDI,SSNMDI,SSNMDI,spearman,0.033,TI,blastocyst,dr1,5,trajectory,other
SSNMDI,SSNMDI,SSNMDI,svm,0.417,TI,blastocyst,dr1,5,trajectory,other
SSNMDI,SSNMDI,SSNMDI,AUC,0.495,TI,combination-1,dr2,5,trajectory,other
SSNMDI,SSNMDI,SSNMDI,Pearson,-0.023,TI,combination-1,dr3,5,trajectory,other
SSNMDI,SSNMDI,SSNMDI,Qglobal,0.51,TI,combination-1,dr2,5,trajectory,other
SSNMDI,SSNMDI,SSNMDI,Qlocal,0.018,TI,combination-1,dr2,5,trajectory,other
SSNMDI,SSNMDI,SSNMDI,centroid_distance,0.662,TI,combination-1,dr1,5,trajectory,other
SSNMDI,SSNMDI,SSNMDI,k-nearest,0.5,TI,combination-1,dr1,5,trajectory,other
SSNMDI,SSNMDI,SSNMDI,kmax,128.0,TI,combination-1,dr2,5,trajectory,other
SSNMDI,SSNMDI,SSNMDI,random_triplet,0.493,TI,combination-1,dr1,5,trajectory,other
SSNMDI,SSNMDI,SSNMDI,spearman,-0.032,TI,combination-1,dr1,5,trajectory,other
SSNMDI,SSNMDI,SSNMDI,svm,0.614,TI,combination-1,dr1,5,trajectory,other
SSNMDI,SSNMDI,SSNMDI,AUC,0.503,TI,combination-2,dr2,5,trajectory,other
SSNMDI,SSNMDI,SSNMDI,Pearson,0.013,TI,combination-2,dr3,5,trajectory,other
SSNMDI,SSNMDI,SSNMDI,Qglobal,0.566,TI,combination-2,dr2,5,trajectory,other
SSNMDI,SSNMDI,SSNMDI,Qlocal,0.071,TI,combination-2,dr2,5,trajectory,other
SSNMDI,SSNMDI,SSNMDI,centroid_distance,0.406,TI,combination-2,dr1,5,trajectory,other
SSNMDI,SSNMDI,SSNMDI,k-nearest,0.278,TI,combination-2,dr1,5,trajectory,other
SSNMDI,SSNMDI,SSNMDI,kmax,555.0,TI,combination-2,dr2,5,trajectory,other
SSNMDI,SSNMDI,SSNMDI,random_triplet,0.508,TI,combination-2,dr1,5,trajectory,other
SSNMDI,SSNMDI,SSNMDI,spearman,0.018,TI,combination-2,dr1,5,trajectory,other
SSNMDI,SSNMDI,SSNMDI,svm,0.235,TI,combination-2,dr1,5,trajectory,other
SSNMDI,SSNMDI,SSNMDI,AUC,0.501,TI,combination-3,dr2,5,trajectory,other
SSNMDI,SSNMDI,SSNMDI,Pearson,0.008,TI,combination-3,dr3,5,trajectory,other
SSNMDI,SSNMDI,SSNMDI,Qglobal,0.513,TI,combination-3,dr2,5,trajectory,other
SSNMDI,SSNMDI,SSNMDI,Qlocal,0.014,TI,combination-3,dr2,5,trajectory,other
SSNMDI,SSNMDI,SSNMDI,centroid_distance,0.42,TI,combination-3,dr1,5,trajectory,other
SSNMDI,SSNMDI,SSNMDI,k-nearest,0.357,TI,combination-3,dr1,5,trajectory,other
SSNMDI,SSNMDI,SSNMDI,kmax,53.0,TI,combination-3,dr2,5,trajectory,other
SSNMDI,SSNMDI,SSNMDI,random_triplet,0.505,TI,combination-3,dr1,5,trajectory,other
SSNMDI,SSNMDI,SSNMDI,spearman,0.005,TI,combination-3,dr1,5,trajectory,other
SSNMDI,SSNMDI,SSNMDI,svm,0.293,TI,combination-3,dr1,5,trajectory,other
SSNMDI,SSNMDI,SSNMDI,AUC,0.552,TI,epiblast,dr2,5,trajectory,other
SSNMDI,SSNMDI,SSNMDI,Pearson,0.13,TI,epiblast,dr3,5,trajectory,other
SSNMDI,SSNMDI,SSNMDI,Qglobal,0.614,TI,epiblast,dr2,5,trajectory,other
SSNMDI,SSNMDI,SSNMDI,Qlocal,0.227,TI,epiblast,dr2,5,trajectory,other
SSNMDI,SSNMDI,SSNMDI,centroid_distance,0.372,TI,epiblast,dr1,5,trajectory,other
SSNMDI,SSNMDI,SSNMDI,k-nearest,0.5,TI,epiblast,dr1,5,trajectory,other
SSNMDI,SSNMDI,SSNMDI,kmax,29.0,TI,epiblast,dr2,5,trajectory,other
SSNMDI,SSNMDI,SSNMDI,random_triplet,0.535,TI,epiblast,dr1,5,trajectory,other
SSNMDI,SSNMDI,SSNMDI,spearman,0.047,TI,epiblast,dr1,5,trajectory,other
SSNMDI,SSNMDI,SSNMDI,svm,0.58,TI,epiblast,dr1,5,trajectory,other
SSNMDI,SSNMDI,SSNMDI,AUC,0.501,TI,epidermis,dr2,5,trajectory,other
SSNMDI,SSNMDI,SSNMDI,Pearson,-0.001,TI,epidermis,dr3,5,trajectory,other
SSNMDI,SSNMDI,SSNMDI,Qglobal,0.533,TI,epidermis,dr2,5,trajectory,other
SSNMDI,SSNMDI,SSNMDI,Qlocal,0.037,TI,epidermis,dr2,5,trajectory,other
SSNMDI,SSNMDI,SSNMDI,centroid_distance,0.726,TI,epidermis,dr1,5,trajectory,other
SSNMDI,SSNMDI,SSNMDI,k-nearest,0.0,TI,epidermis,dr1,5,trajectory,other
SSNMDI,SSNMDI,SSNMDI,kmax,260.0,TI,epidermis,dr2,5,trajectory,other
SSNMDI,SSNMDI,SSNMDI,random_triplet,0.509,TI,epidermis,dr1,5,trajectory,other
SSNMDI,SSNMDI,SSNMDI,spearman,0.012,TI,epidermis,dr1,5,trajectory,other
SSNMDI,SSNMDI,SSNMDI,svm,0.658,TI,epidermis,dr1,5,trajectory,other
SSNMDI,SSNMDI,SSNMDI,AUC,0.564,TI,horns,dr2,5,trajectory,other
SSNMDI,SSNMDI,SSNMDI,Pearson,0.185,TI,horns,dr3,5,trajectory,other
SSNMDI,SSNMDI,SSNMDI,Qglobal,0.615,TI,horns,dr2,5,trajectory,other
SSNMDI,SSNMDI,SSNMDI,Qlocal,0.17,TI,horns,dr2,5,trajectory,other
SSNMDI,SSNMDI,SSNMDI,centroid_distance,0.267,TI,horns,dr1,5,trajectory,other
SSNMDI,SSNMDI,SSNMDI,k-nearest,0.339,TI,horns,dr1,5,trajectory,other
SSNMDI,SSNMDI,SSNMDI,kmax,52.0,TI,horns,dr2,5,trajectory,other
SSNMDI,SSNMDI,SSNMDI,random_triplet,0.554,TI,horns,dr1,5,trajectory,other
SSNMDI,SSNMDI,SSNMDI,spearman,0.176,TI,horns,dr1,5,trajectory,other
SSNMDI,SSNMDI,SSNMDI,svm,0.482,TI,horns,dr1,5,trajectory,other
SSNMDI,SSNMDI,SSNMDI,AUC,0.498,TI,muscle,dr2,5,trajectory,other
SSNMDI,SSNMDI,SSNMDI,Pearson,-0.017,TI,muscle,dr3,5,trajectory,other
SSNMDI,SSNMDI,SSNMDI,Qglobal,0.531,TI,muscle,dr2,5,trajectory,other
SSNMDI,SSNMDI,SSNMDI,Qlocal,0.039,TI,muscle,dr2,5,trajectory,other
SSNMDI,SSNMDI,SSNMDI,centroid_distance,0.858,TI,muscle,dr1,5,trajectory,other
SSNMDI,SSNMDI,SSNMDI,k-nearest,0.667,TI,muscle,dr1,5,trajectory,other
SSNMDI,SSNMDI,SSNMDI,kmax,160.0,TI,muscle,dr2,5,trajectory,other
SSNMDI,SSNMDI,SSNMDI,random_triplet,0.492,TI,muscle,dr1,5,trajectory,other
SSNMDI,SSNMDI,SSNMDI,spearman,-0.024,TI,muscle,dr1,5,trajectory,other
SSNMDI,SSNMDI,SSNMDI,svm,0.567,TI,muscle,dr1,5,trajectory,other
SSNMDI,SSNMDI,SSNMDI,AUC,0.499,TI,neuron,dr2,5,trajectory,other
SSNMDI,SSNMDI,SSNMDI,Pearson,-0.015,TI,neuron,dr3,5,trajectory,other
SSNMDI,SSNMDI,SSNMDI,Qglobal,0.54,TI,neuron,dr2,5,trajectory,other
SSNMDI,SSNMDI,SSNMDI,Qlocal,0.048,TI,neuron,dr2,5,trajectory,other
SSNMDI,SSNMDI,SSNMDI,centroid_distance,0.431,TI,neuron,dr1,5,trajectory,other
SSNMDI,SSNMDI,SSNMDI,k-nearest,0.286,TI,neuron,dr1,5,trajectory,other
SSNMDI,SSNMDI,SSNMDI,kmax,195.0,TI,neuron,dr2,5,trajectory,other
SSNMDI,SSNMDI,SSNMDI,random_triplet,0.486,TI,neuron,dr1,5,trajectory,other
SSNMDI,SSNMDI,SSNMDI,spearman,-0.019,TI,neuron,dr1,5,trajectory,other
SSNMDI,SSNMDI,SSNMDI,svm,0.437,TI,neuron,dr1,5,trajectory,other
SSNMDI,SSNMDI,SSNMDI,AUC,0.501,TI,pair-1,dr2,5,trajectory,other
SSNMDI,SSNMDI,SSNMDI,Pearson,-0.02,TI,pair-1,dr3,5,trajectory,other
SSNMDI,SSNMDI,SSNMDI,Qglobal,0.53,TI,pair-1,dr2,5,trajectory,other
SSNMDI,SSNMDI,SSNMDI,Qlocal,0.04,TI,pair-1,dr2,5,trajectory,other
SSNMDI,SSNMDI,SSNMDI,centroid_distance,0.172,TI,pair-1,dr1,5,trajectory,other
SSNMDI,SSNMDI,SSNMDI,k-nearest,0.188,TI,pair-1,dr1,5,trajectory,other
SSNMDI,SSNMDI,SSNMDI,kmax,636.0,TI,pair-1,dr2,5,trajectory,other
SSNMDI,SSNMDI,SSNMDI,random_triplet,0.499,TI,pair-1,dr1,5,trajectory,other
SSNMDI,SSNMDI,SSNMDI,spearman,-0.026,TI,pair-1,dr1,5,trajectory,other
SSNMDI,SSNMDI,SSNMDI,svm,0.595,TI,pair-1,dr1,5,trajectory,other
SSNMDI,SSNMDI,SSNMDI,AUC,0.502,TI,pair-2,dr2,5,trajectory,other
SSNMDI,SSNMDI,SSNMDI,Pearson,-0.007,TI,pair-2,dr3,5,trajectory,other
SSNMDI,SSNMDI,SSNMDI,Qglobal,0.559,TI,pair-2,dr2,5,trajectory,other
SSNMDI,SSNMDI,SSNMDI,Qlocal,0.068,TI,pair-2,dr2,5,trajectory,other
SSNMDI,SSNMDI,SSNMDI,centroid_distance,0.336,TI,pair-2,dr1,5,trajectory,other
SSNMDI,SSNMDI,SSNMDI,k-nearest,0.436,TI,pair-2,dr1,5,trajectory,other
SSNMDI,SSNMDI,SSNMDI,kmax,1220.0,TI,pair-2,dr2,5,trajectory,other
SSNMDI,SSNMDI,SSNMDI,random_triplet,0.5,TI,pair-2,dr1,5,trajectory,other
SSNMDI,SSNMDI,SSNMDI,spearman,0.004,TI,pair-2,dr1,5,trajectory,other
SSNMDI,SSNMDI,SSNMDI,svm,0.593,TI,pair-2,dr1,5,trajectory,other
SSNMDI,SSNMDI,SSNMDI,AUC,0.502,TI,pair-3,dr2,5,trajectory,other
SSNMDI,SSNMDI,SSNMDI,Pearson,-0.007,TI,pair-3,dr3,5,trajectory,other
SSNMDI,SSNMDI,SSNMDI,Qglobal,0.533,TI,pair-3,dr2,5,trajectory,other
SSNMDI,SSNMDI,SSNMDI,Qlocal,0.039,TI,pair-3,dr2,5,trajectory,other
SSNMDI,SSNMDI,SSNMDI,centroid_distance,0.571,TI,pair-3,dr1,5,trajectory,other
SSNMDI,SSNMDI,SSNMDI,k-nearest,0.438,TI,pair-3,dr1,5,trajectory,other
SSNMDI,SSNMDI,SSNMDI,kmax,541.0,TI,pair-3,dr2,5,trajectory,other
SSNMDI,SSNMDI,SSNMDI,random_triplet,0.496,TI,pair-3,dr1,5,trajectory,other
SSNMDI,SSNMDI,SSNMDI,spearman,-0.001,TI,pair-3,dr1,5,trajectory,other
SSNMDI,SSNMDI,SSNMDI,svm,0.735,TI,pair-3,dr1,5,trajectory,other
SSNMDI,SSNMDI,SSNMDI,AUC,0.51,TI,pair-4,dr2,5,trajectory,other
SSNMDI,SSNMDI,SSNMDI,Pearson,0.041,TI,pair-4,dr3,5,trajectory,other
SSNMDI,SSNMDI,SSNMDI,Qglobal,0.588,TI,pair-4,dr2,5,trajectory,other
SSNMDI,SSNMDI,SSNMDI,Qlocal,0.093,TI,pair-4,dr2,5,trajectory,other
SSNMDI,SSNMDI,SSNMDI,centroid_distance,0.837,TI,pair-4,dr1,5,trajectory,other
SSNMDI,SSNMDI,SSNMDI,k-nearest,0.633,TI,pair-4,dr1,5,trajectory,other
SSNMDI,SSNMDI,SSNMDI,kmax,1406.0,TI,pair-4,dr2,5,trajectory,other
SSNMDI,SSNMDI,SSNMDI,random_triplet,0.511,TI,pair-4,dr1,5,trajectory,other
SSNMDI,SSNMDI,SSNMDI,spearman,0.041,TI,pair-4,dr1,5,trajectory,other
SSNMDI,SSNMDI,SSNMDI,svm,0.685,TI,pair-4,dr1,5,trajectory,other
SSNMDI,SSNMDI,SSNMDI,AUC,0.499,TI,parenchyme,dr2,5,trajectory,other
SSNMDI,SSNMDI,SSNMDI,Pearson,-0.008,TI,parenchyme,dr3,5,trajectory,other
SSNMDI,SSNMDI,SSNMDI,Qglobal,0.552,TI,parenchyme,dr2,5,trajectory,other
SSNMDI,SSNMDI,SSNMDI,Qlocal,0.06,TI,parenchyme,dr2,5,trajectory,other
SSNMDI,SSNMDI,SSNMDI,centroid_distance,0.682,TI,parenchyme,dr1,5,trajectory,other
SSNMDI,SSNMDI,SSNMDI,k-nearest,0.4,TI,parenchyme,dr1,5,trajectory,other
SSNMDI,SSNMDI,SSNMDI,kmax,212.0,TI,parenchyme,dr2,5,trajectory,other
SSNMDI,SSNMDI,SSNMDI,random_triplet,0.499,TI,parenchyme,dr1,5,trajectory,other
SSNMDI,SSNMDI,SSNMDI,spearman,-0.01,TI,parenchyme,dr1,5,trajectory,other
SSNMDI,SSNMDI,SSNMDI,svm,0.339,TI,parenchyme,dr1,5,trajectory,other
SSNMDI,SSNMDI,SSNMDI,AUC,0.498,TI,phagocyte,dr2,5,trajectory,other
SSNMDI,SSNMDI,SSNMDI,Pearson,-0.007,TI,phagocyte,dr3,5,trajectory,other
SSNMDI,SSNMDI,SSNMDI,Qglobal,0.536,TI,phagocyte,dr2,5,trajectory,other
SSNMDI,SSNMDI,SSNMDI,Qlocal,0.045,TI,phagocyte,dr2,5,trajectory,other
SSNMDI,SSNMDI,SSNMDI,centroid_distance,1.0,TI,phagocyte,dr1,5,trajectory,other
SSNMDI,SSNMDI,SSNMDI,k-nearest,1.0,TI,phagocyte,dr1,5,trajectory,other
SSNMDI,SSNMDI,SSNMDI,kmax,54.0,TI,phagocyte,dr2,5,trajectory,other
SSNMDI,SSNMDI,SSNMDI,random_triplet,0.506,TI,phagocyte,dr1,5,trajectory,other
SSNMDI,SSNMDI,SSNMDI,spearman,-0.015,TI,phagocyte,dr1,5,trajectory,other
SSNMDI,SSNMDI,SSNMDI,svm,0.683,TI,phagocyte,dr1,5,trajectory,other
SSNMDI,SSNMDI,SSNMDI,AUC,0.513,TI,pharynx,dr2,5,trajectory,other
SSNMDI,SSNMDI,SSNMDI,Pearson,0.052,TI,pharynx,dr3,5,trajectory,other
SSNMDI,SSNMDI,SSNMDI,Qglobal,0.646,TI,pharynx,dr2,5,trajectory,other
SSNMDI,SSNMDI,SSNMDI,Qlocal,0.147,TI,pharynx,dr2,5,trajectory,other
SSNMDI,SSNMDI,SSNMDI,centroid_distance,1.0,TI,pharynx,dr1,5,trajectory,other
SSNMDI,SSNMDI,SSNMDI,k-nearest,1.0,TI,pharynx,dr1,5,trajectory,other
SSNMDI,SSNMDI,SSNMDI,kmax,78.0,TI,pharynx,dr2,5,trajectory,other
SSNMDI,SSNMDI,SSNMDI,random_triplet,0.502,TI,pharynx,dr1,5,trajectory,other
SSNMDI,SSNMDI,SSNMDI,spearman,0.035,TI,pharynx,dr1,5,trajectory,other
SSNMDI,SSNMDI,SSNMDI,svm,0.706,TI,pharynx,dr1,5,trajectory,other
SSNMDI,SSNMDI,SSNMDI,AUC,0.551,TI,trophectoderm,dr2,5,trajectory,other
SSNMDI,SSNMDI,SSNMDI,Pearson,0.195,TI,trophectoderm,dr3,5,trajectory,other
SSNMDI,SSNMDI,SSNMDI,Qglobal,0.601,TI,trophectoderm,dr2,5,trajectory,other
SSNMDI,SSNMDI,SSNMDI,Qlocal,0.136,TI,trophectoderm,dr2,5,trajectory,other
SSNMDI,SSNMDI,SSNMDI,centroid_distance,0.434,TI,trophectoderm,dr1,5,trajectory,other
SSNMDI,SSNMDI,SSNMDI,k-nearest,0.0,TI,trophectoderm,dr1,5,trajectory,other
SSNMDI,SSNMDI,SSNMDI,kmax,9.0,TI,trophectoderm,dr2,5,trajectory,other
SSNMDI,SSNMDI,SSNMDI,random_triplet,0.585,TI,trophectoderm,dr1,5,trajectory,other
SSNMDI,SSNMDI,SSNMDI,spearman,0.164,TI,trophectoderm,dr1,5,trajectory,other
SSNMDI,SSNMDI,SSNMDI,svm,0.753,TI,trophectoderm,dr1,5,trajectory,other
SSNMDI,SSNMDI,SSNMDI,AUC,0.504,VASC,Baron,dr2,5,VASC,other
SSNMDI,SSNMDI,SSNMDI,Pearson,0.015,VASC,Baron,dr3,5,VASC,other
SSNMDI,SSNMDI,SSNMDI,Qglobal,0.545,VASC,Baron,dr2,5,VASC,other
SSNMDI,SSNMDI,SSNMDI,Qlocal,0.053,VASC,Baron,dr2,5,VASC,other
SSNMDI,SSNMDI,SSNMDI,centroid_distance,0.441,VASC,Baron,dr1,5,VASC,other
SSNMDI,SSNMDI,SSNMDI,k-nearest,0.482,VASC,Baron,dr1,5,VASC,other
SSNMDI,SSNMDI,SSNMDI,kmax,710.0,VASC,Baron,dr2,5,VASC,other
SSNMDI,SSNMDI,SSNMDI,random_triplet,0.502,VASC,Baron,dr1,5,VASC,other
SSNMDI,SSNMDI,SSNMDI,spearman,0.016,VASC,Baron,dr1,5,VASC,other
SSNMDI,SSNMDI,SSNMDI,svm,0.329,VASC,Baron,dr1,5,VASC,other
SSNMDI,SSNMDI,SSNMDI,AUC,0.585,VASC,Biase,dr2,5,VASC,other
SSNMDI,SSNMDI,SSNMDI,Pearson,0.335,VASC,Biase,dr3,5,VASC,other
SSNMDI,SSNMDI,SSNMDI,Qglobal,0.744,VASC,Biase,dr2,5,VASC,other
SSNMDI,SSNMDI,SSNMDI,Qlocal,0.3,VASC,Biase,dr2,5,VASC,other
SSNMDI,SSNMDI,SSNMDI,centroid_distance,0.663,VASC,Biase,dr1,5,VASC,other
SSNMDI,SSNMDI,SSNMDI,k-nearest,0.5,VASC,Biase,dr1,5,VASC,other
SSNMDI,SSNMDI,SSNMDI,kmax,19.0,VASC,Biase,dr2,5,VASC,other
SSNMDI,SSNMDI,SSNMDI,random_triplet,0.636,VASC,Biase,dr1,5,VASC,other
SSNMDI,SSNMDI,SSNMDI,spearman,0.274,VASC,Biase,dr1,5,VASC,other
SSNMDI,SSNMDI,SSNMDI,svm,0.69,VASC,Biase,dr1,5,VASC,other
SSNMDI,SSNMDI,SSNMDI,AUC,0.616,VASC,Goolam,dr2,5,VASC,other
SSNMDI,SSNMDI,SSNMDI,Pearson,0.314,VASC,Goolam,dr3,5,VASC,other
SSNMDI,SSNMDI,SSNMDI,Qglobal,0.651,VASC,Goolam,dr2,5,VASC,other
SSNMDI,SSNMDI,SSNMDI,Qlocal,0.249,VASC,Goolam,dr2,5,VASC,other
SSNMDI,SSNMDI,SSNMDI,centroid_distance,0.776,VASC,Goolam,dr1,5,VASC,other
SSNMDI,SSNMDI,SSNMDI,k-nearest,0.6,VASC,Goolam,dr1,5,VASC,other
SSNMDI,SSNMDI,SSNMDI,kmax,11.0,VASC,Goolam,dr2,5,VASC,other
SSNMDI,SSNMDI,SSNMDI,random_triplet,0.594,VASC,Goolam,dr1,5,VASC,other
SSNMDI,SSNMDI,SSNMDI,spearman,0.318,VASC,Goolam,dr1,5,VASC,other
SSNMDI,SSNMDI,SSNMDI,svm,0.613,VASC,Goolam,dr1,5,VASC,other
SSNMDI,SSNMDI,SSNMDI,AUC,0.506,VASC,Xin,dr2,5,VASC,other
SSNMDI,SSNMDI,SSNMDI,Pearson,0.035,VASC,Xin,dr3,5,VASC,other
SSNMDI,SSNMDI,SSNMDI,Qglobal,0.557,VASC,Xin,dr2,5,VASC,other
SSNMDI,SSNMDI,SSNMDI,Qlocal,0.072,VASC,Xin,dr2,5,VASC,other
SSNMDI,SSNMDI,SSNMDI,centroid_distance,0.24,VASC,Xin,dr1,5,VASC,other
SSNMDI,SSNMDI,SSNMDI,k-nearest,0.125,VASC,Xin,dr1,5,VASC,other
SSNMDI,SSNMDI,SSNMDI,kmax,170.0,VASC,Xin,dr2,5,VASC,other
SSNMDI,SSNMDI,SSNMDI,random_triplet,0.503,VASC,Xin,dr1,5,VASC,other
SSNMDI,SSNMDI,SSNMDI,spearman,0.029,VASC,Xin,dr1,5,VASC,other
SSNMDI,SSNMDI,SSNMDI,svm,0.567,VASC,Xin,dr1,5,VASC,other
SSNMDI,SSNMDI,SSNMDI,AUC,0.544,VASC,Zeisel,dr2,5,VASC,other
SSNMDI,SSNMDI,SSNMDI,Pearson,0.175,VASC,Zeisel,dr3,5,VASC,other
SSNMDI,SSNMDI,SSNMDI,Qglobal,0.621,VASC,Zeisel,dr2,5,VASC,other
SSNMDI,SSNMDI,SSNMDI,Qlocal,0.148,VASC,Zeisel,dr2,5,VASC,other
SSNMDI,SSNMDI,SSNMDI,centroid_distance,0.54,VASC,Zeisel,dr1,5,VASC,other
SSNMDI,SSNMDI,SSNMDI,k-nearest,0.278,VASC,Zeisel,dr1,5,VASC,other
SSNMDI,SSNMDI,SSNMDI,kmax,490.0,VASC,Zeisel,dr2,5,VASC,other
SSNMDI,SSNMDI,SSNMDI,random_triplet,0.541,VASC,Zeisel,dr1,5,VASC,other
SSNMDI,SSNMDI,SSNMDI,spearman,0.186,VASC,Zeisel,dr1,5,VASC,other
SSNMDI,SSNMDI,SSNMDI,svm,0.535,VASC,Zeisel,dr1,5,VASC,other
SSNMDI,SSNMDI,SSNMDI,AUC,0.622,VASC,yan,dr2,5,VASC,other
SSNMDI,SSNMDI,SSNMDI,Pearson,0.339,VASC,yan,dr3,5,VASC,other
SSNMDI,SSNMDI,SSNMDI,Qglobal,0.76,VASC,yan,dr2,5,VASC,other
SSNMDI,SSNMDI,SSNMDI,Qlocal,0.333,VASC,yan,dr2,5,VASC,other
SSNMDI,SSNMDI,SSNMDI,centroid_distance,0.42,VASC,yan,dr1,5,VASC,other
SSNMDI,SSNMDI,SSNMDI,k-nearest,0.333,VASC,yan,dr1,5,VASC,other
SSNMDI,SSNMDI,SSNMDI,kmax,28.0,VASC,yan,dr2,5,VASC,other
SSNMDI,SSNMDI,SSNMDI,random_triplet,0.613,VASC,yan,dr1,5,VASC,other
SSNMDI,SSNMDI,SSNMDI,spearman,0.354,VASC,yan,dr1,5,VASC,other
SSNMDI,SSNMDI,SSNMDI,svm,0.589,VASC,yan,dr1,5,VASC,other
SSNMDI,SSNMDI,SSNMDI,AUC,0.503,benchmarker,Baron_mouse,dr2,5,curated,other
SSNMDI,SSNMDI,SSNMDI,Pearson,0.012,benchmarker,Baron_mouse,dr3,5,curated,other
SSNMDI,SSNMDI,SSNMDI,Qglobal,0.546,benchmarker,Baron_mouse,dr2,5,curated,other
SSNMDI,SSNMDI,SSNMDI,Qlocal,0.047,benchmarker,Baron_mouse,dr2,5,curated,other
SSNMDI,SSNMDI,SSNMDI,centroid_distance,0.281,benchmarker,Baron_mouse,dr1,5,curated,other
SSNMDI,SSNMDI,SSNMDI,k-nearest,0.308,benchmarker,Baron_mouse,dr1,5,curated,other
SSNMDI,SSNMDI,SSNMDI,kmax,163.0,benchmarker,Baron_mouse,dr2,5,curated,other
SSNMDI,SSNMDI,SSNMDI,random_triplet,0.504,benchmarker,Baron_mouse,dr1,5,curated,other
SSNMDI,SSNMDI,SSNMDI,spearman,0.002,benchmarker,Baron_mouse,dr1,5,curated,other
SSNMDI,SSNMDI,SSNMDI,svm,0.474,benchmarker,Baron_mouse,dr1,5,curated,other
SSNMDI,SSNMDI,SSNMDI,AUC,0.502,benchmarker,Darmanis,dr2,5,curated,other
SSNMDI,SSNMDI,SSNMDI,Pearson,0.001,benchmarker,Darmanis,dr3,5,curated,other
SSNMDI,SSNMDI,SSNMDI,Qglobal,0.54,benchmarker,Darmanis,dr2,5,curated,other
SSNMDI,SSNMDI,SSNMDI,Qlocal,0.063,benchmarker,Darmanis,dr2,5,curated,other
SSNMDI,SSNMDI,SSNMDI,centroid_distance,0.313,benchmarker,Darmanis,dr1,5,curated,other
SSNMDI,SSNMDI,SSNMDI,k-nearest,0.312,benchmarker,Darmanis,dr1,5,curated,other
SSNMDI,SSNMDI,SSNMDI,kmax,34.0,benchmarker,Darmanis,dr2,5,curated,other
SSNMDI,SSNMDI,SSNMDI,random_triplet,0.475,benchmarker,Darmanis,dr1,5,curated,other
SSNMDI,SSNMDI,SSNMDI,spearman,-0.02,benchmarker,Darmanis,dr1,5,curated,other
SSNMDI,SSNMDI,SSNMDI,svm,0.352,benchmarker,Darmanis,dr1,5,curated,other
SSNMDI,SSNMDI,SSNMDI,AUC,0.491,benchmarker,Pancreatic,dr2,5,curated,other
SSNMDI,SSNMDI,SSNMDI,Pearson,0.1,benchmarker,Pancreatic,dr3,5,curated,other
SSNMDI,SSNMDI,SSNMDI,Qglobal,1.186,benchmarker,Pancreatic,dr2,5,curated,other
SSNMDI,SSNMDI,SSNMDI,Qlocal,0.447,benchmarker,Pancreatic,dr2,5,curated,other
SSNMDI,SSNMDI,SSNMDI,centroid_distance,0.469,benchmarker,Pancreatic,dr1,5,curated,other
SSNMDI,SSNMDI,SSNMDI,k-nearest,0.417,benchmarker,Pancreatic,dr1,5,curated,other
SSNMDI,SSNMDI,SSNMDI,kmax,54.0,benchmarker,Pancreatic,dr2,5,curated,other
SSNMDI,SSNMDI,SSNMDI,random_triplet,0.467,benchmarker,Pancreatic,dr1,5,curated,other
SSNMDI,SSNMDI,SSNMDI,spearman,-0.042,benchmarker,Pancreatic,dr1,5,curated,other
SSNMDI,SSNMDI,SSNMDI,svm,0.233,benchmarker,Pancreatic,dr1,5,curated,other
SSNMDI,SSNMDI,SSNMDI,AUC,0.501,benchmarker,Silver,dr2,5,curated,other
SSNMDI,SSNMDI,SSNMDI,Pearson,0.018,benchmarker,Silver,dr3,5,curated,other
SSNMDI,SSNMDI,SSNMDI,Qglobal,0.892,benchmarker,Silver,dr2,5,curated,other
SSNMDI,SSNMDI,SSNMDI,Qlocal,0.389,benchmarker,Silver,dr2,5,curated,other
SSNMDI,SSNMDI,SSNMDI,centroid_distance,0.128,benchmarker,Silver,dr1,5,curated,other
SSNMDI,SSNMDI,SSNMDI,k-nearest,0.273,benchmarker,Silver,dr1,5,curated,other
SSNMDI,SSNMDI,SSNMDI,kmax,2011.0,benchmarker,Silver,dr2,5,curated,other
SSNMDI,SSNMDI,SSNMDI,random_triplet,0.498,benchmarker,Silver,dr1,5,curated,other
SSNMDI,SSNMDI,SSNMDI,spearman,0.019,benchmarker,Silver,dr1,5,curated,other
SSNMDI,SSNMDI,SSNMDI,svm,0.215,benchmarker,Silver,dr1,5,curated,other
SSNMDI,SSNMDI,SSNMDI,AUC,0.532,benchmarker,Zhengmix4eq,dr2,5,curated,other
SSNMDI,SSNMDI,SSNMDI,Pearson,0.094,benchmarker,Zhengmix4eq,dr3,5,curated,other
SSNMDI,SSNMDI,SSNMDI,Qglobal,0.623,benchmarker,Zhengmix4eq,dr2,5,curated,other
SSNMDI,SSNMDI,SSNMDI,Qlocal,0.146,benchmarker,Zhengmix4eq,dr2,5,curated,other
SSNMDI,SSNMDI,SSNMDI,centroid_distance,0.663,benchmarker,Zhengmix4eq,dr1,5,curated,other
SSNMDI,SSNMDI,SSNMDI,k-nearest,0.25,benchmarker,Zhengmix4eq,dr1,5,curated,other
SSNMDI,SSNMDI,SSNMDI,kmax,763.0,benchmarker,Zhengmix4eq,dr2,5,curated,other
SSNMDI,SSNMDI,SSNMDI,random_triplet,0.526,benchmarker,Zhengmix4eq,dr1,5,curated,other
SSNMDI,SSNMDI,SSNMDI,spearman,0.084,benchmarker,Zhengmix4eq,dr1,5,curated,other
SSNMDI,SSNMDI,SSNMDI,svm,0.659,benchmarker,Zhengmix4eq,dr1,5,curated,other
SSNMDI,SSNMDI,SSNMDI,AUC,0.5,scDesign3,ACINAR,dr2,5,scDesign3,other
SSNMDI,SSNMDI,SSNMDI,Pearson,0.005,scDesign3,ACINAR,dr3,5,scDesign3,other
SSNMDI,SSNMDI,SSNMDI,Qglobal,0.939,scDesign3,ACINAR,dr2,5,scDesign3,other
SSNMDI,SSNMDI,SSNMDI,Qlocal,0.436,scDesign3,ACINAR,dr2,5,scDesign3,other
SSNMDI,SSNMDI,SSNMDI,centroid_distance,0.17,scDesign3,ACINAR,dr1,5,scDesign3,other
SSNMDI,SSNMDI,SSNMDI,k-nearest,0.3,scDesign3,ACINAR,dr1,5,scDesign3,other
SSNMDI,SSNMDI,SSNMDI,kmax,2655.0,scDesign3,ACINAR,dr2,5,scDesign3,other
SSNMDI,SSNMDI,SSNMDI,random_triplet,0.505,scDesign3,ACINAR,dr1,5,scDesign3,other
SSNMDI,SSNMDI,SSNMDI,spearman,0.018,scDesign3,ACINAR,dr1,5,scDesign3,other
SSNMDI,SSNMDI,SSNMDI,svm,0.15,scDesign3,ACINAR,dr1,5,scDesign3,other
SSNMDI,SSNMDI,SSNMDI,AUC,0.499,scDesign3,ATAC,dr2,5,scDesign3,other
SSNMDI,SSNMDI,SSNMDI,Pearson,-0.004,scDesign3,ATAC,dr3,5,scDesign3,other
SSNMDI,SSNMDI,SSNMDI,Qglobal,0.499,scDesign3,ATAC,dr2,5,scDesign3,other
SSNMDI,SSNMDI,SSNMDI,Qlocal,0.0,scDesign3,ATAC,dr2,5,scDesign3,other
SSNMDI,SSNMDI,SSNMDI,centroid_distance,0.195,scDesign3,ATAC,dr1,5,scDesign3,other
SSNMDI,SSNMDI,SSNMDI,k-nearest,0.282,scDesign3,ATAC,dr1,5,scDesign3,other
SSNMDI,SSNMDI,SSNMDI,kmax,2.0,scDesign3,ATAC,dr2,5,scDesign3,other
SSNMDI,SSNMDI,SSNMDI,random_triplet,0.495,scDesign3,ATAC,dr1,5,scDesign3,other
SSNMDI,SSNMDI,SSNMDI,spearman,0.012,scDesign3,ATAC,dr1,5,scDesign3,other
SSNMDI,SSNMDI,SSNMDI,svm,0.442,scDesign3,ATAC,dr1,5,scDesign3,other
SSNMDI,SSNMDI,SSNMDI,AUC,0.523,scDesign3,BATCH,dr2,5,scDesign3,other
SSNMDI,SSNMDI,SSNMDI,Pearson,0.068,scDesign3,BATCH,dr3,5,scDesign3,other
SSNMDI,SSNMDI,SSNMDI,Qglobal,0.56,scDesign3,BATCH,dr2,5,scDesign3,other
SSNMDI,SSNMDI,SSNMDI,Qlocal,0.08,scDesign3,BATCH,dr2,5,scDesign3,other
SSNMDI,SSNMDI,SSNMDI,centroid_distance,0.578,scDesign3,BATCH,dr1,5,scDesign3,other
SSNMDI,SSNMDI,SSNMDI,k-nearest,0.444,scDesign3,BATCH,dr1,5,scDesign3,other
SSNMDI,SSNMDI,SSNMDI,kmax,482.0,scDesign3,BATCH,dr2,5,scDesign3,other
SSNMDI,SSNMDI,SSNMDI,random_triplet,0.523,scDesign3,BATCH,dr1,5,scDesign3,other
SSNMDI,SSNMDI,SSNMDI,spearman,0.106,scDesign3,BATCH,dr1,5,scDesign3,other
SSNMDI,SSNMDI,SSNMDI,svm,0.347,scDesign3,BATCH,dr1,5,scDesign3,other
SSNMDI,SSNMDI,SSNMDI,AUC,0.5,scDesign3,CITE,dr2,5,scDesign3,other
SSNMDI,SSNMDI,SSNMDI,Pearson,-0.006,scDesign3,CITE,dr3,5,scDesign3,other
SSNMDI,SSNMDI,SSNMDI,Qglobal,0.591,scDesign3,CITE,dr2,5,scDesign3,other
SSNMDI,SSNMDI,SSNMDI,Qlocal,0.093,scDesign3,CITE,dr2,5,scDesign3,other
SSNMDI,SSNMDI,SSNMDI,centroid_distance,0.263,scDesign3,CITE,dr1,5,scDesign3,other
SSNMDI,SSNMDI,SSNMDI,k-nearest,0.367,scDesign3,CITE,dr1,5,scDesign3,other
SSNMDI,SSNMDI,SSNMDI,kmax,1562.0,scDesign3,CITE,dr2,5,scDesign3,other
SSNMDI,SSNMDI,SSNMDI,random_triplet,0.5,scDesign3,CITE,dr1,5,scDesign3,other
SSNMDI,SSNMDI,SSNMDI,spearman,0.025,scDesign3,CITE,dr1,5,scDesign3,other
SSNMDI,SSNMDI,SSNMDI,svm,0.251,scDesign3,CITE,dr1,5,scDesign3,other
SSNMDI,SSNMDI,SSNMDI,AUC,0.521,scDesign3,EMBYRO,dr2,5,scDesign3,other
SSNMDI,SSNMDI,SSNMDI,Pearson,0.019,scDesign3,EMBYRO,dr3,5,scDesign3,other
SSNMDI,SSNMDI,SSNMDI,Qglobal,0.547,scDesign3,EMBYRO,dr2,5,scDesign3,other
SSNMDI,SSNMDI,SSNMDI,Qlocal,0.063,scDesign3,EMBYRO,dr2,5,scDesign3,other
SSNMDI,SSNMDI,SSNMDI,centroid_distance,0.651,scDesign3,EMBYRO,dr1,5,scDesign3,other
SSNMDI,SSNMDI,SSNMDI,k-nearest,0.6,scDesign3,EMBYRO,dr1,5,scDesign3,other
SSNMDI,SSNMDI,SSNMDI,kmax,70.0,scDesign3,EMBYRO,dr2,5,scDesign3,other
SSNMDI,SSNMDI,SSNMDI,random_triplet,0.527,scDesign3,EMBYRO,dr1,5,scDesign3,other
SSNMDI,SSNMDI,SSNMDI,spearman,0.052,scDesign3,EMBYRO,dr1,5,scDesign3,other
SSNMDI,SSNMDI,SSNMDI,svm,0.485,scDesign3,EMBYRO,dr1,5,scDesign3,other
SSNMDI,SSNMDI,SSNMDI,AUC,0.502,scDesign3,IFNB,dr2,5,scDesign3,other
SSNMDI,SSNMDI,SSNMDI,Pearson,0.017,scDesign3,IFNB,dr3,5,scDesign3,other
SSNMDI,SSNMDI,SSNMDI,Qglobal,0.54,scDesign3,IFNB,dr2,5,scDesign3,other
SSNMDI,SSNMDI,SSNMDI,Qlocal,0.042,scDesign3,IFNB,dr2,5,scDesign3,other
SSNMDI,SSNMDI,SSNMDI,centroid_distance,0.099,scDesign3,IFNB,dr1,5,scDesign3,other
SSNMDI,SSNMDI,SSNMDI,k-nearest,0.205,scDesign3,IFNB,dr1,5,scDesign3,other
SSNMDI,SSNMDI,SSNMDI,kmax,1073.0,scDesign3,IFNB,dr2,5,scDesign3,other
SSNMDI,SSNMDI,SSNMDI,random_triplet,0.502,scDesign3,IFNB,dr1,5,scDesign3,other
SSNMDI,SSNMDI,SSNMDI,spearman,0.026,scDesign3,IFNB,dr1,5,scDesign3,other
SSNMDI,SSNMDI,SSNMDI,svm,0.312,scDesign3,IFNB,dr1,5,scDesign3,other
SSNMDI,SSNMDI,SSNMDI,AUC,0.5,scDesign3,MARROW,dr2,5,scDesign3,other
SSNMDI,SSNMDI,SSNMDI,Pearson,0.001,scDesign3,MARROW,dr3,5,scDesign3,other
SSNMDI,SSNMDI,SSNMDI,Qglobal,0.517,scDesign3,MARROW,dr2,5,scDesign3,other
SSNMDI,SSNMDI,SSNMDI,Qlocal,0.018,scDesign3,MARROW,dr2,5,scDesign3,other
SSNMDI,SSNMDI,SSNMDI,centroid_distance,0.858,scDesign3,MARROW,dr1,5,scDesign3,other
SSNMDI,SSNMDI,SSNMDI,k-nearest,0.667,scDesign3,MARROW,dr1,5,scDesign3,other
SSNMDI,SSNMDI,SSNMDI,kmax,89.0,scDesign3,MARROW,dr2,5,scDesign3,other
SSNMDI,SSNMDI,SSNMDI,random_triplet,0.508,scDesign3,MARROW,dr1,5,scDesign3,other
SSNMDI,SSNMDI,SSNMDI,spearman,0.001,scDesign3,MARROW,dr1,5,scDesign3,other
SSNMDI,SSNMDI,SSNMDI,svm,0.422,scDesign3,MARROW,dr1,5,scDesign3,other
SSNMDI,SSNMDI,SSNMDI,AUC,0.539,scDesign3,MOBSC,dr2,5,scDesign3,other
SSNMDI,SSNMDI,SSNMDI,Pearson,0.125,scDesign3,MOBSC,dr3,5,scDesign3,other
SSNMDI,SSNMDI,SSNMDI,Qglobal,0.604,scDesign3,MOBSC,dr2,5,scDesign3,other
SSNMDI,SSNMDI,SSNMDI,Qlocal,0.125,scDesign3,MOBSC,dr2,5,scDesign3,other
SSNMDI,SSNMDI,SSNMDI,centroid_distance,0.687,scDesign3,MOBSC,dr1,5,scDesign3,other
SSNMDI,SSNMDI,SSNMDI,k-nearest,0.5,scDesign3,MOBSC,dr1,5,scDesign3,other
SSNMDI,SSNMDI,SSNMDI,kmax,1730.0,scDesign3,MOBSC,dr2,5,scDesign3,other
SSNMDI,SSNMDI,SSNMDI,random_triplet,0.546,scDesign3,MOBSC,dr1,5,scDesign3,other
SSNMDI,SSNMDI,SSNMDI,spearman,0.108,scDesign3,MOBSC,dr1,5,scDesign3,other
SSNMDI,SSNMDI,SSNMDI,svm,0.579,scDesign3,MOBSC,dr1,5,scDesign3,other
SSNMDI,SSNMDI,SSNMDI,AUC,0.501,scDesign3,OVARIAN,dr2,5,scDesign3,other
SSNMDI,SSNMDI,SSNMDI,Pearson,0.002,scDesign3,OVARIAN,dr3,5,scDesign3,other
SSNMDI,SSNMDI,SSNMDI,Qglobal,0.772,scDesign3,OVARIAN,dr2,5,scDesign3,other
SSNMDI,SSNMDI,SSNMDI,Qlocal,0.272,scDesign3,OVARIAN,dr2,5,scDesign3,other
SSNMDI,SSNMDI,SSNMDI,centroid_distance,0.183,scDesign3,OVARIAN,dr1,5,scDesign3,other
SSNMDI,SSNMDI,SSNMDI,k-nearest,0.242,scDesign3,OVARIAN,dr1,5,scDesign3,other
SSNMDI,SSNMDI,SSNMDI,kmax,1874.0,scDesign3,OVARIAN,dr2,5,scDesign3,other
SSNMDI,SSNMDI,SSNMDI,random_triplet,0.496,scDesign3,OVARIAN,dr1,5,scDesign3,other
SSNMDI,SSNMDI,SSNMDI,spearman,-0.006,scDesign3,OVARIAN,dr1,5,scDesign3,other
SSNMDI,SSNMDI,SSNMDI,svm,0.12,scDesign3,OVARIAN,dr1,5,scDesign3,other
SSNMDI,SSNMDI,SSNMDI,AUC,0.5,scDesign3,PANCREAS,dr2,5,scDesign3,other
SSNMDI,SSNMDI,SSNMDI,Pearson,-0.003,scDesign3,PANCREAS,dr3,5,scDesign3,other
SSNMDI,SSNMDI,SSNMDI,Qglobal,0.613,scDesign3,PANCREAS,dr2,5,scDesign3,other
SSNMDI,SSNMDI,SSNMDI,Qlocal,0.114,scDesign3,PANCREAS,dr2,5,scDesign3,other
SSNMDI,SSNMDI,SSNMDI,centroid_distance,0.398,scDesign3,PANCREAS,dr1,5,scDesign3,other
SSNMDI,SSNMDI,SSNMDI,k-nearest,0.0,scDesign3,PANCREAS,dr1,5,scDesign3,other
SSNMDI,SSNMDI,SSNMDI,kmax,472.0,scDesign3,PANCREAS,dr2,5,scDesign3,other
SSNMDI,SSNMDI,SSNMDI,random_triplet,0.503,scDesign3,PANCREAS,dr1,5,scDesign3,other
SSNMDI,SSNMDI,SSNMDI,spearman,0.011,scDesign3,PANCREAS,dr1,5,scDesign3,other
SSNMDI,SSNMDI,SSNMDI,svm,0.298,scDesign3,PANCREAS,dr1,5,scDesign3,other
SSNMDI,SSNMDI,SSNMDI,AUC,0.605,scDesign3,SCGEMMETH,dr2,5,scDesign3,other
SSNMDI,SSNMDI,SSNMDI,Pearson,0.398,scDesign3,SCGEMMETH,dr3,5,scDesign3,other
SSNMDI,SSNMDI,SSNMDI,Qglobal,0.803,scDesign3,SCGEMMETH,dr2,5,scDesign3,other
SSNMDI,SSNMDI,SSNMDI,Qlocal,0.336,scDesign3,SCGEMMETH,dr2,5,scDesign3,other
SSNMDI,SSNMDI,SSNMDI,centroid_distance,0.904,scDesign3,SCGEMMETH,dr1,5,scDesign3,other
SSNMDI,SSNMDI,SSNMDI,k-nearest,0.75,scDesign3,SCGEMMETH,dr1,5,scDesign3,other
SSNMDI,SSNMDI,SSNMDI,kmax,59.0,scDesign3,SCGEMMETH,dr2,5,scDesign3,other
SSNMDI,SSNMDI,SSNMDI,random_triplet,0.648,scDesign3,SCGEMMETH,dr1,5,scDesign3,other
SSNMDI,SSNMDI,SSNMDI,spearman,0.394,scDesign3,SCGEMMETH,dr1,5,scDesign3,other
SSNMDI,SSNMDI,SSNMDI,svm,0.536,scDesign3,SCGEMMETH,dr1,5,scDesign3,other
SSNMDI,SSNMDI,SSNMDI,AUC,0.59,scDesign3,SCGEMRNA,dr2,5,scDesign3,other
SSNMDI,SSNMDI,SSNMDI,Pearson,0.286,scDesign3,SCGEMRNA,dr3,5,scDesign3,other
SSNMDI,SSNMDI,SSNMDI,Qglobal,0.684,scDesign3,SCGEMRNA,dr2,5,scDesign3,other
SSNMDI,SSNMDI,SSNMDI,Qlocal,0.227,scDesign3,SCGEMRNA,dr2,5,scDesign3,other
SSNMDI,SSNMDI,SSNMDI,centroid_distance,0.776,scDesign3,SCGEMRNA,dr1,5,scDesign3,other
SSNMDI,SSNMDI,SSNMDI,k-nearest,0.4,scDesign3,SCGEMRNA,dr1,5,scDesign3,other
SSNMDI,SSNMDI,SSNMDI,kmax,36.0,scDesign3,SCGEMRNA,dr2,5,scDesign3,other
SSNMDI,SSNMDI,SSNMDI,random_triplet,0.595,scDesign3,SCGEMRNA,dr1,5,scDesign3,other
SSNMDI,SSNMDI,SSNMDI,spearman,0.288,scDesign3,SCGEMRNA,dr1,5,scDesign3,other
SSNMDI,SSNMDI,SSNMDI,svm,0.598,scDesign3,SCGEMRNA,dr1,5,scDesign3,other
SSNMDI,SSNMDI,SSNMDI,AUC,0.502,scDesign3,SCIATAC,dr2,5,scDesign3,other
SSNMDI,SSNMDI,SSNMDI,Pearson,0.01,scDesign3,SCIATAC,dr3,5,scDesign3,other
SSNMDI,SSNMDI,SSNMDI,Qglobal,0.792,scDesign3,SCIATAC,dr2,5,scDesign3,other
SSNMDI,SSNMDI,SSNMDI,Qlocal,0.291,scDesign3,SCIATAC,dr2,5,scDesign3,other
SSNMDI,SSNMDI,SSNMDI,centroid_distance,0.281,scDesign3,SCIATAC,dr1,5,scDesign3,other
SSNMDI,SSNMDI,SSNMDI,k-nearest,0.194,scDesign3,SCIATAC,dr1,5,scDesign3,other
SSNMDI,SSNMDI,SSNMDI,kmax,2333.0,scDesign3,SCIATAC,dr2,5,scDesign3,other
SSNMDI,SSNMDI,SSNMDI,random_triplet,0.501,scDesign3,SCIATAC,dr1,5,scDesign3,other
SSNMDI,SSNMDI,SSNMDI,spearman,0.017,scDesign3,SCIATAC,dr1,5,scDesign3,other
SSNMDI,SSNMDI,SSNMDI,svm,0.46,scDesign3,SCIATAC,dr1,5,scDesign3,other
SSNMDI,SSNMDI,SSNMDI,AUC,0.501,scDesign3,SLIDE,dr2,5,scDesign3,other
SSNMDI,SSNMDI,SSNMDI,Pearson,0.004,scDesign3,SLIDE,dr3,5,scDesign3,other
SSNMDI,SSNMDI,SSNMDI,Qglobal,0.841,scDesign3,SLIDE,dr2,5,scDesign3,other
SSNMDI,SSNMDI,SSNMDI,Qlocal,0.341,scDesign3,SLIDE,dr2,5,scDesign3,other
SSNMDI,SSNMDI,SSNMDI,centroid_distance,0.077,scDesign3,SLIDE,dr1,5,scDesign3,other
SSNMDI,SSNMDI,SSNMDI,k-nearest,0.182,scDesign3,SLIDE,dr1,5,scDesign3,other
SSNMDI,SSNMDI,SSNMDI,kmax,15910.0,scDesign3,SLIDE,dr2,5,scDesign3,other
SSNMDI,SSNMDI,SSNMDI,random_triplet,0.502,scDesign3,SLIDE,dr1,5,scDesign3,other
SSNMDI,SSNMDI,SSNMDI,spearman,-0.002,scDesign3,SLIDE,dr1,5,scDesign3,other
SSNMDI,SSNMDI,SSNMDI,svm,0.51,scDesign3,SLIDE,dr1,5,scDesign3,other
SSNMDI,SSNMDI,SSNMDI,AUC,0.499,scDesign3,VISIUM,dr2,5,scDesign3,other
SSNMDI,SSNMDI,SSNMDI,Pearson,-0.004,scDesign3,VISIUM,dr3,5,scDesign3,other
SSNMDI,SSNMDI,SSNMDI,Qglobal,0.558,scDesign3,VISIUM,dr2,5,scDesign3,other
SSNMDI,SSNMDI,SSNMDI,Qlocal,0.059,scDesign3,VISIUM,dr2,5,scDesign3,other
SSNMDI,SSNMDI,SSNMDI,centroid_distance,0.3,scDesign3,VISIUM,dr1,5,scDesign3,other
SSNMDI,SSNMDI,SSNMDI,k-nearest,0.367,scDesign3,VISIUM,dr1,5,scDesign3,other
SSNMDI,SSNMDI,SSNMDI,kmax,318.0,scDesign3,VISIUM,dr2,5,scDesign3,other
SSNMDI,SSNMDI,SSNMDI,random_triplet,0.496,scDesign3,VISIUM,dr1,5,scDesign3,other
SSNMDI,SSNMDI,SSNMDI,spearman,-0.01,scDesign3,VISIUM,dr1,5,scDesign3,other
SSNMDI,SSNMDI,SSNMDI,svm,0.158,scDesign3,VISIUM,dr1,5,scDesign3,other
tGPLVM,tGPLVM,tGPLVM,AUC,0.51,SIMLR,Pollen,dr2,6,SIMLR,other
tGPLVM,tGPLVM,tGPLVM,Pearson,0.087,SIMLR,Pollen,dr3,6,SIMLR,other
tGPLVM,tGPLVM,tGPLVM,Qglobal,0.702,SIMLR,Pollen,dr2,6,SIMLR,other
tGPLVM,tGPLVM,tGPLVM,Qlocal,0.203,SIMLR,Pollen,dr2,6,SIMLR,other
tGPLVM,tGPLVM,tGPLVM,centroid_distance,0.633,SIMLR,Pollen,dr1,6,SIMLR,other
tGPLVM,tGPLVM,tGPLVM,k-nearest,0.424,SIMLR,Pollen,dr1,6,SIMLR,other
tGPLVM,tGPLVM,tGPLVM,kmax,95.0,SIMLR,Pollen,dr2,6,SIMLR,other
tGPLVM,tGPLVM,tGPLVM,random_triplet,0.531,SIMLR,Pollen,dr1,6,SIMLR,other
tGPLVM,tGPLVM,tGPLVM,spearman,0.058,SIMLR,Pollen,dr1,6,SIMLR,other
tGPLVM,tGPLVM,tGPLVM,svm,0.177,SIMLR,Pollen,dr1,6,SIMLR,other
tGPLVM,tGPLVM,tGPLVM,AUC,0.545,SIMLR,Usoskin,dr2,6,SIMLR,other
tGPLVM,tGPLVM,tGPLVM,Pearson,0.506,SIMLR,Usoskin,dr3,6,SIMLR,other
tGPLVM,tGPLVM,tGPLVM,Qglobal,0.621,SIMLR,Usoskin,dr2,6,SIMLR,other
tGPLVM,tGPLVM,tGPLVM,Qlocal,0.128,SIMLR,Usoskin,dr2,6,SIMLR,other
tGPLVM,tGPLVM,tGPLVM,centroid_distance,1.0,SIMLR,Usoskin,dr1,6,SIMLR,other
tGPLVM,tGPLVM,tGPLVM,k-nearest,1.0,SIMLR,Usoskin,dr1,6,SIMLR,other
tGPLVM,tGPLVM,tGPLVM,kmax,97.0,SIMLR,Usoskin,dr2,6,SIMLR,other
tGPLVM,tGPLVM,tGPLVM,random_triplet,0.568,SIMLR,Usoskin,dr1,6,SIMLR,other
tGPLVM,tGPLVM,tGPLVM,spearman,0.361,SIMLR,Usoskin,dr1,6,SIMLR,other
tGPLVM,tGPLVM,tGPLVM,svm,0.625,SIMLR,Usoskin,dr1,6,SIMLR,other
tGPLVM,tGPLVM,tGPLVM,AUC,0.725,TI,DA1_horns,dr2,6,trajectory,other
tGPLVM,tGPLVM,tGPLVM,Pearson,0.554,TI,DA1_horns,dr3,6,trajectory,other
tGPLVM,tGPLVM,tGPLVM,Qglobal,0.861,TI,DA1_horns,dr2,6,trajectory,other
tGPLVM,tGPLVM,tGPLVM,Qlocal,0.432,TI,DA1_horns,dr2,6,trajectory,other
tGPLVM,tGPLVM,tGPLVM,centroid_distance,0.994,TI,DA1_horns,dr1,6,trajectory,other
tGPLVM,tGPLVM,tGPLVM,k-nearest,0.8,TI,DA1_horns,dr1,6,trajectory,other
tGPLVM,tGPLVM,tGPLVM,kmax,86.0,TI,DA1_horns,dr2,6,trajectory,other
tGPLVM,tGPLVM,tGPLVM,random_triplet,0.775,TI,DA1_horns,dr1,6,trajectory,other
tGPLVM,tGPLVM,tGPLVM,spearman,0.772,TI,DA1_horns,dr1,6,trajectory,other
tGPLVM,tGPLVM,tGPLVM,svm,0.791,TI,DA1_horns,dr1,6,trajectory,other
tGPLVM,tGPLVM,tGPLVM,AUC,0.747,TI,DC3_VA1d_horns,dr2,6,trajectory,other
tGPLVM,tGPLVM,tGPLVM,Pearson,0.524,TI,DC3_VA1d_horns,dr3,6,trajectory,other
tGPLVM,tGPLVM,tGPLVM,Qglobal,0.852,TI,DC3_VA1d_horns,dr2,6,trajectory,other
tGPLVM,tGPLVM,tGPLVM,Qlocal,0.416,TI,DC3_VA1d_horns,dr2,6,trajectory,other
tGPLVM,tGPLVM,tGPLVM,centroid_distance,0.939,TI,DC3_VA1d_horns,dr1,6,trajectory,other
tGPLVM,tGPLVM,tGPLVM,k-nearest,0.722,TI,DC3_VA1d_horns,dr1,6,trajectory,other
tGPLVM,tGPLVM,tGPLVM,kmax,39.0,TI,DC3_VA1d_horns,dr2,6,trajectory,other
tGPLVM,tGPLVM,tGPLVM,random_triplet,0.79,TI,DC3_VA1d_horns,dr1,6,trajectory,other
tGPLVM,tGPLVM,tGPLVM,spearman,0.796,TI,DC3_VA1d_horns,dr1,6,trajectory,other
tGPLVM,tGPLVM,tGPLVM,svm,0.572,TI,DC3_VA1d_horns,dr1,6,trajectory,other
tGPLVM,tGPLVM,tGPLVM,AUC,0.733,TI,ICM,dr2,6,trajectory,other
tGPLVM,tGPLVM,tGPLVM,Pearson,0.755,TI,ICM,dr3,6,trajectory,other
tGPLVM,tGPLVM,tGPLVM,Qglobal,0.874,TI,ICM,dr2,6,trajectory,other
tGPLVM,tGPLVM,tGPLVM,Qlocal,0.533,TI,ICM,dr2,6,trajectory,other
tGPLVM,tGPLVM,tGPLVM,centroid_distance,0.902,TI,ICM,dr1,6,trajectory,other
tGPLVM,tGPLVM,tGPLVM,k-nearest,0.8,TI,ICM,dr1,6,trajectory,other
tGPLVM,tGPLVM,tGPLVM,kmax,110.0,TI,ICM,dr2,6,trajectory,other
tGPLVM,tGPLVM,tGPLVM,random_triplet,0.776,TI,ICM,dr1,6,trajectory,other
tGPLVM,tGPLVM,tGPLVM,spearman,0.757,TI,ICM,dr1,6,trajectory,other
tGPLVM,tGPLVM,tGPLVM,svm,0.563,TI,ICM,dr1,6,trajectory,other
tGPLVM,tGPLVM,tGPLVM,AUC,0.724,TI,blastocyst,dr2,6,trajectory,other
tGPLVM,tGPLVM,tGPLVM,Pearson,0.807,TI,blastocyst,dr3,6,trajectory,other
tGPLVM,tGPLVM,tGPLVM,Qglobal,0.843,TI,blastocyst,dr2,6,trajectory,other
tGPLVM,tGPLVM,tGPLVM,Qlocal,0.429,TI,blastocyst,dr2,6,trajectory,other
tGPLVM,tGPLVM,tGPLVM,centroid_distance,0.807,TI,blastocyst,dr1,6,trajectory,other
tGPLVM,tGPLVM,tGPLVM,k-nearest,0.718,TI,blastocyst,dr1,6,trajectory,other
tGPLVM,tGPLVM,tGPLVM,kmax,99.0,TI,blastocyst,dr2,6,trajectory,other
tGPLVM,tGPLVM,tGPLVM,random_triplet,0.767,TI,blastocyst,dr1,6,trajectory,other
tGPLVM,tGPLVM,tGPLVM,spearman,0.805,TI,blastocyst,dr1,6,trajectory,other
tGPLVM,tGPLVM,tGPLVM,svm,0.5,TI,blastocyst,dr1,6,trajectory,other
tGPLVM,tGPLVM,tGPLVM,AUC,0.515,TI,combination-1,dr2,6,trajectory,other
tGPLVM,tGPLVM,tGPLVM,Pearson,0.13,TI,combination-1,dr3,6,trajectory,other
tGPLVM,tGPLVM,tGPLVM,Qglobal,0.847,TI,combination-1,dr2,6,trajectory,other
tGPLVM,tGPLVM,tGPLVM,Qlocal,0.348,TI,combination-1,dr2,6,trajectory,other
tGPLVM,tGPLVM,tGPLVM,centroid_distance,0.561,TI,combination-1,dr1,6,trajectory,other
tGPLVM,tGPLVM,tGPLVM,k-nearest,0.429,TI,combination-1,dr1,6,trajectory,other
tGPLVM,tGPLVM,tGPLVM,kmax,2855.0,TI,combination-1,dr2,6,trajectory,other
tGPLVM,tGPLVM,tGPLVM,random_triplet,0.522,TI,combination-1,dr1,6,trajectory,other
tGPLVM,tGPLVM,tGPLVM,spearman,0.04,TI,combination-1,dr1,6,trajectory,other
tGPLVM,tGPLVM,tGPLVM,svm,0.615,TI,combination-1,dr1,6,trajectory,other
tGPLVM,tGPLVM,tGPLVM,AUC,0.499,TI,combination-2,dr2,6,trajectory,other
tGPLVM,tGPLVM,tGPLVM,Pearson,0.054,TI,combination-2,dr3,6,trajectory,other
tGPLVM,tGPLVM,tGPLVM,Qglobal,0.982,TI,combination-2,dr2,6,trajectory,other
tGPLVM,tGPLVM,tGPLVM,Qlocal,0.476,TI,combination-2,dr2,6,trajectory,other
tGPLVM,tGPLVM,tGPLVM,centroid_distance,0.634,TI,combination-2,dr1,6,trajectory,other
tGPLVM,tGPLVM,tGPLVM,k-nearest,0.25,TI,combination-2,dr1,6,trajectory,other
tGPLVM,tGPLVM,tGPLVM,kmax,4134.0,TI,combination-2,dr2,6,trajectory,other
tGPLVM,tGPLVM,tGPLVM,random_triplet,0.495,TI,combination-2,dr1,6,trajectory,other
tGPLVM,tGPLVM,tGPLVM,spearman,-0.011,TI,combination-2,dr1,6,trajectory,other
tGPLVM,tGPLVM,tGPLVM,svm,0.235,TI,combination-2,dr1,6,trajectory,other
tGPLVM,tGPLVM,tGPLVM,AUC,0.502,TI,combination-3,dr2,6,trajectory,other
tGPLVM,tGPLVM,tGPLVM,Pearson,0.014,TI,combination-3,dr3,6,trajectory,other
tGPLVM,tGPLVM,tGPLVM,Qglobal,0.76,TI,combination-3,dr2,6,trajectory,other
tGPLVM,tGPLVM,tGPLVM,Qlocal,0.26,TI,combination-3,dr2,6,trajectory,other
tGPLVM,tGPLVM,tGPLVM,centroid_distance,0.398,TI,combination-3,dr1,6,trajectory,other
tGPLVM,tGPLVM,tGPLVM,k-nearest,0.214,TI,combination-3,dr1,6,trajectory,other
tGPLVM,tGPLVM,tGPLVM,kmax,1167.0,TI,combination-3,dr2,6,trajectory,other
tGPLVM,tGPLVM,tGPLVM,random_triplet,0.507,TI,combination-3,dr1,6,trajectory,other
tGPLVM,tGPLVM,tGPLVM,spearman,0.031,TI,combination-3,dr1,6,trajectory,other
tGPLVM,tGPLVM,tGPLVM,svm,0.304,TI,combination-3,dr1,6,trajectory,other
tGPLVM,tGPLVM,tGPLVM,AUC,0.695,TI,epiblast,dr2,6,trajectory,other
tGPLVM,tGPLVM,tGPLVM,Pearson,0.651,TI,epiblast,dr3,6,trajectory,other
tGPLVM,tGPLVM,tGPLVM,Qglobal,0.861,TI,epiblast,dr2,6,trajectory,other
tGPLVM,tGPLVM,tGPLVM,Qlocal,0.391,TI,epiblast,dr2,6,trajectory,other
tGPLVM,tGPLVM,tGPLVM,centroid_distance,0.897,TI,epiblast,dr1,6,trajectory,other
tGPLVM,tGPLVM,tGPLVM,k-nearest,0.714,TI,epiblast,dr1,6,trajectory,other
tGPLVM,tGPLVM,tGPLVM,kmax,63.0,TI,epiblast,dr2,6,trajectory,other
tGPLVM,tGPLVM,tGPLVM,random_triplet,0.749,TI,epiblast,dr1,6,trajectory,other
tGPLVM,tGPLVM,tGPLVM,spearman,0.738,TI,epiblast,dr1,6,trajectory,other
tGPLVM,tGPLVM,tGPLVM,svm,0.566,TI,epiblast,dr1,6,trajectory,other
tGPLVM,tGPLVM,tGPLVM,AUC,0.548,TI,epidermis,dr2,6,trajectory,other
tGPLVM,tGPLVM,tGPLVM,Pearson,0.389,TI,epidermis,dr3,6,trajectory,other
tGPLVM,tGPLVM,tGPLVM,Qglobal,0.852,TI,epidermis,dr2,6,trajectory,other
tGPLVM,tGPLVM,tGPLVM,Qlocal,0.346,TI,epidermis,dr2,6,trajectory,other
tGPLVM,tGPLVM,tGPLVM,centroid_distance,0.546,TI,epidermis,dr1,6,trajectory,other
tGPLVM,tGPLVM,tGPLVM,k-nearest,0.2,TI,epidermis,dr1,6,trajectory,other
tGPLVM,tGPLVM,tGPLVM,kmax,2406.0,TI,epidermis,dr2,6,trajectory,other
tGPLVM,tGPLVM,tGPLVM,random_triplet,0.579,TI,epidermis,dr1,6,trajectory,other
tGPLVM,tGPLVM,tGPLVM,spearman,0.35,TI,epidermis,dr1,6,trajectory,other
tGPLVM,tGPLVM,tGPLVM,svm,0.669,TI,epidermis,dr1,6,trajectory,other
tGPLVM,tGPLVM,tGPLVM,AUC,0.72,TI,horns,dr2,6,trajectory,other
tGPLVM,tGPLVM,tGPLVM,Pearson,0.556,TI,horns,dr3,6,trajectory,other
tGPLVM,tGPLVM,tGPLVM,Qglobal,0.867,TI,horns,dr2,6,trajectory,other
tGPLVM,tGPLVM,tGPLVM,Qlocal,0.479,TI,horns,dr2,6,trajectory,other
tGPLVM,tGPLVM,tGPLVM,centroid_distance,0.893,TI,horns,dr1,6,trajectory,other
tGPLVM,tGPLVM,tGPLVM,k-nearest,0.768,TI,horns,dr1,6,trajectory,other
tGPLVM,tGPLVM,tGPLVM,kmax,170.0,TI,horns,dr2,6,trajectory,other
tGPLVM,tGPLVM,tGPLVM,random_triplet,0.767,TI,horns,dr1,6,trajectory,other
tGPLVM,tGPLVM,tGPLVM,spearman,0.71,TI,horns,dr1,6,trajectory,other
tGPLVM,tGPLVM,tGPLVM,svm,0.606,TI,horns,dr1,6,trajectory,other
tGPLVM,tGPLVM,tGPLVM,AUC,0.501,TI,muscle,dr2,6,trajectory,other
tGPLVM,tGPLVM,tGPLVM,Pearson,0.027,TI,muscle,dr3,6,trajectory,other
tGPLVM,tGPLVM,tGPLVM,Qglobal,0.944,TI,muscle,dr2,6,trajectory,other
tGPLVM,tGPLVM,tGPLVM,Qlocal,0.44,TI,muscle,dr2,6,trajectory,other
tGPLVM,tGPLVM,tGPLVM,centroid_distance,0.575,TI,muscle,dr1,6,trajectory,other
tGPLVM,tGPLVM,tGPLVM,k-nearest,0.333,TI,muscle,dr1,6,trajectory,other
tGPLVM,tGPLVM,tGPLVM,kmax,2052.0,TI,muscle,dr2,6,trajectory,other
tGPLVM,tGPLVM,tGPLVM,random_triplet,0.508,TI,muscle,dr1,6,trajectory,other
tGPLVM,tGPLVM,tGPLVM,spearman,0.039,TI,muscle,dr1,6,trajectory,other
tGPLVM,tGPLVM,tGPLVM,svm,0.567,TI,muscle,dr1,6,trajectory,other
tGPLVM,tGPLVM,tGPLVM,AUC,0.5,TI,neuron,dr2,6,trajectory,other
tGPLVM,tGPLVM,tGPLVM,Pearson,0.003,TI,neuron,dr3,6,trajectory,other
tGPLVM,tGPLVM,tGPLVM,Qglobal,0.66,TI,neuron,dr2,6,trajectory,other
tGPLVM,tGPLVM,tGPLVM,Qlocal,0.161,TI,neuron,dr2,6,trajectory,other
tGPLVM,tGPLVM,tGPLVM,centroid_distance,0.723,TI,neuron,dr1,6,trajectory,other
tGPLVM,tGPLVM,tGPLVM,k-nearest,0.357,TI,neuron,dr1,6,trajectory,other
tGPLVM,tGPLVM,tGPLVM,kmax,753.0,TI,neuron,dr2,6,trajectory,other
tGPLVM,tGPLVM,tGPLVM,random_triplet,0.492,TI,neuron,dr1,6,trajectory,other
tGPLVM,tGPLVM,tGPLVM,spearman,0.029,TI,neuron,dr1,6,trajectory,other
tGPLVM,tGPLVM,tGPLVM,svm,0.437,TI,neuron,dr1,6,trajectory,other
tGPLVM,tGPLVM,tGPLVM,AUC,0.518,TI,pair-1,dr2,6,trajectory,other
tGPLVM,tGPLVM,tGPLVM,Pearson,0.204,TI,pair-1,dr3,6,trajectory,other
tGPLVM,tGPLVM,tGPLVM,Qglobal,0.877,TI,pair-1,dr2,6,trajectory,other
tGPLVM,tGPLVM,tGPLVM,Qlocal,0.37,TI,pair-1,dr2,6,trajectory,other
tGPLVM,tGPLVM,tGPLVM,centroid_distance,0.787,TI,pair-1,dr1,6,trajectory,other
tGPLVM,tGPLVM,tGPLVM,k-nearest,0.688,TI,pair-1,dr1,6,trajectory,other
tGPLVM,tGPLVM,tGPLVM,kmax,7476.0,TI,pair-1,dr2,6,trajectory,other
tGPLVM,tGPLVM,tGPLVM,random_triplet,0.526,TI,pair-1,dr1,6,trajectory,other
tGPLVM,tGPLVM,tGPLVM,spearman,0.124,TI,pair-1,dr1,6,trajectory,other
tGPLVM,tGPLVM,tGPLVM,svm,0.596,TI,pair-1,dr1,6,trajectory,other
tGPLVM,tGPLVM,tGPLVM,AUC,0.518,TI,pair-2,dr2,6,trajectory,other
tGPLVM,tGPLVM,tGPLVM,Pearson,0.186,TI,pair-2,dr3,6,trajectory,other
tGPLVM,tGPLVM,tGPLVM,Qglobal,0.794,TI,pair-2,dr2,6,trajectory,other
tGPLVM,tGPLVM,tGPLVM,Qlocal,0.295,TI,pair-2,dr2,6,trajectory,other
tGPLVM,tGPLVM,tGPLVM,centroid_distance,0.396,TI,pair-2,dr1,6,trajectory,other
tGPLVM,tGPLVM,tGPLVM,k-nearest,0.436,TI,pair-2,dr1,6,trajectory,other
tGPLVM,tGPLVM,tGPLVM,kmax,5897.0,TI,pair-2,dr2,6,trajectory,other
tGPLVM,tGPLVM,tGPLVM,random_triplet,0.528,TI,pair-2,dr1,6,trajectory,other
tGPLVM,tGPLVM,tGPLVM,spearman,0.107,TI,pair-2,dr1,6,trajectory,other
tGPLVM,tGPLVM,tGPLVM,svm,0.594,TI,pair-2,dr1,6,trajectory,other
tGPLVM,tGPLVM,tGPLVM,AUC,0.52,TI,pair-3,dr2,6,trajectory,other
tGPLVM,tGPLVM,tGPLVM,Pearson,0.187,TI,pair-3,dr3,6,trajectory,other
tGPLVM,tGPLVM,tGPLVM,Qglobal,0.848,TI,pair-3,dr2,6,trajectory,other
tGPLVM,tGPLVM,tGPLVM,Qlocal,0.349,TI,pair-3,dr2,6,trajectory,other
tGPLVM,tGPLVM,tGPLVM,centroid_distance,0.69,TI,pair-3,dr1,6,trajectory,other
tGPLVM,tGPLVM,tGPLVM,k-nearest,0.375,TI,pair-3,dr1,6,trajectory,other
tGPLVM,tGPLVM,tGPLVM,kmax,5641.0,TI,pair-3,dr2,6,trajectory,other
tGPLVM,tGPLVM,tGPLVM,random_triplet,0.533,TI,pair-3,dr1,6,trajectory,other
tGPLVM,tGPLVM,tGPLVM,spearman,0.189,TI,pair-3,dr1,6,trajectory,other
tGPLVM,tGPLVM,tGPLVM,svm,0.736,TI,pair-3,dr1,6,trajectory,other
tGPLVM,tGPLVM,tGPLVM,AUC,0.519,TI,pair-4,dr2,6,trajectory,other
tGPLVM,tGPLVM,tGPLVM,Pearson,0.147,TI,pair-4,dr3,6,trajectory,other
tGPLVM,tGPLVM,tGPLVM,Qglobal,0.836,TI,pair-4,dr2,6,trajectory,other
tGPLVM,tGPLVM,tGPLVM,Qlocal,0.337,TI,pair-4,dr2,6,trajectory,other
tGPLVM,tGPLVM,tGPLVM,centroid_distance,0.408,TI,pair-4,dr1,6,trajectory,other
tGPLVM,tGPLVM,tGPLVM,k-nearest,0.567,TI,pair-4,dr1,6,trajectory,other
tGPLVM,tGPLVM,tGPLVM,kmax,5698.0,TI,pair-4,dr2,6,trajectory,other
tGPLVM,tGPLVM,tGPLVM,random_triplet,0.531,TI,pair-4,dr1,6,trajectory,other
tGPLVM,tGPLVM,tGPLVM,spearman,0.084,TI,pair-4,dr1,6,trajectory,other
tGPLVM,tGPLVM,tGPLVM,svm,0.705,TI,pair-4,dr1,6,trajectory,other
tGPLVM,tGPLVM,tGPLVM,AUC,0.499,TI,parenchyme,dr2,6,trajectory,other
tGPLVM,tGPLVM,tGPLVM,Pearson,0.058,TI,parenchyme,dr3,6,trajectory,other
tGPLVM,tGPLVM,tGPLVM,Qglobal,0.584,TI,parenchyme,dr2,6,trajectory,other
tGPLVM,tGPLVM,tGPLVM,Qlocal,0.085,TI,parenchyme,dr2,6,trajectory,other
tGPLVM,tGPLVM,tGPLVM,centroid_distance,0.216,TI,parenchyme,dr1,6,trajectory,other
tGPLVM,tGPLVM,tGPLVM,k-nearest,0.0,TI,parenchyme,dr1,6,trajectory,other
tGPLVM,tGPLVM,tGPLVM,kmax,336.0,TI,parenchyme,dr2,6,trajectory,other
tGPLVM,tGPLVM,tGPLVM,random_triplet,0.511,TI,parenchyme,dr1,6,trajectory,other
tGPLVM,tGPLVM,tGPLVM,spearman,0.01,TI,parenchyme,dr1,6,trajectory,other
tGPLVM,tGPLVM,tGPLVM,svm,0.344,TI,parenchyme,dr1,6,trajectory,other
tGPLVM,tGPLVM,tGPLVM,AUC,0.503,TI,phagocyte,dr2,6,trajectory,other
tGPLVM,tGPLVM,tGPLVM,Pearson,0.021,TI,phagocyte,dr3,6,trajectory,other
tGPLVM,tGPLVM,tGPLVM,Qglobal,0.911,TI,phagocyte,dr2,6,trajectory,other
tGPLVM,tGPLVM,tGPLVM,Qlocal,0.406,TI,phagocyte,dr2,6,trajectory,other
tGPLVM,tGPLVM,tGPLVM,centroid_distance,1.0,TI,phagocyte,dr1,6,trajectory,other
tGPLVM,tGPLVM,tGPLVM,k-nearest,1.0,TI,phagocyte,dr1,6,trajectory,other
tGPLVM,tGPLVM,tGPLVM,kmax,558.0,TI,phagocyte,dr2,6,trajectory,other
tGPLVM,tGPLVM,tGPLVM,random_triplet,0.501,TI,phagocyte,dr1,6,trajectory,other
tGPLVM,tGPLVM,tGPLVM,spearman,0.024,TI,phagocyte,dr1,6,trajectory,other
tGPLVM,tGPLVM,tGPLVM,svm,0.68,TI,phagocyte,dr1,6,trajectory,other
tGPLVM,tGPLVM,tGPLVM,AUC,0.5,TI,pharynx,dr2,6,trajectory,other
tGPLVM,tGPLVM,tGPLVM,Pearson,0.033,TI,pharynx,dr3,6,trajectory,other
tGPLVM,tGPLVM,tGPLVM,Qglobal,0.51,TI,pharynx,dr2,6,trajectory,other
tGPLVM,tGPLVM,tGPLVM,Qlocal,0.012,TI,pharynx,dr2,6,trajectory,other
tGPLVM,tGPLVM,tGPLVM,centroid_distance,1.0,TI,pharynx,dr1,6,trajectory,other
tGPLVM,tGPLVM,tGPLVM,k-nearest,1.0,TI,pharynx,dr1,6,trajectory,other
tGPLVM,tGPLVM,tGPLVM,kmax,7.0,TI,pharynx,dr2,6,trajectory,other
tGPLVM,tGPLVM,tGPLVM,random_triplet,0.522,TI,pharynx,dr1,6,trajectory,other
tGPLVM,tGPLVM,tGPLVM,spearman,0.005,TI,pharynx,dr1,6,trajectory,other
tGPLVM,tGPLVM,tGPLVM,svm,0.716,TI,pharynx,dr1,6,trajectory,other
tGPLVM,tGPLVM,tGPLVM,AUC,0.682,TI,trophectoderm,dr2,6,trajectory,other
tGPLVM,tGPLVM,tGPLVM,Pearson,0.657,TI,trophectoderm,dr3,6,trajectory,other
tGPLVM,tGPLVM,tGPLVM,Qglobal,0.802,TI,trophectoderm,dr2,6,trajectory,other
tGPLVM,tGPLVM,tGPLVM,Qlocal,0.353,TI,trophectoderm,dr2,6,trajectory,other
tGPLVM,tGPLVM,tGPLVM,centroid_distance,1.0,TI,trophectoderm,dr1,6,trajectory,other
tGPLVM,tGPLVM,tGPLVM,k-nearest,1.0,TI,trophectoderm,dr1,6,trajectory,other
tGPLVM,tGPLVM,tGPLVM,kmax,21.0,TI,trophectoderm,dr2,6,trajectory,other
tGPLVM,tGPLVM,tGPLVM,random_triplet,0.749,TI,trophectoderm,dr1,6,trajectory,other
tGPLVM,tGPLVM,tGPLVM,spearman,0.697,TI,trophectoderm,dr1,6,trajectory,other
tGPLVM,tGPLVM,tGPLVM,svm,0.965,TI,trophectoderm,dr1,6,trajectory,other
tGPLVM,tGPLVM,tGPLVM,AUC,0.722,VASC,Baron,dr2,6,VASC,other
tGPLVM,tGPLVM,tGPLVM,Pearson,0.631,VASC,Baron,dr3,6,VASC,other
tGPLVM,tGPLVM,tGPLVM,Qglobal,0.768,VASC,Baron,dr2,6,VASC,other
tGPLVM,tGPLVM,tGPLVM,Qlocal,0.403,VASC,Baron,dr2,6,VASC,other
tGPLVM,tGPLVM,tGPLVM,centroid_distance,0.677,VASC,Baron,dr1,6,VASC,other
tGPLVM,tGPLVM,tGPLVM,k-nearest,0.536,VASC,Baron,dr1,6,VASC,other
tGPLVM,tGPLVM,tGPLVM,kmax,1089.0,VASC,Baron,dr2,6,VASC,other
tGPLVM,tGPLVM,tGPLVM,random_triplet,0.718,VASC,Baron,dr1,6,VASC,other
tGPLVM,tGPLVM,tGPLVM,spearman,0.628,VASC,Baron,dr1,6,VASC,other
tGPLVM,tGPLVM,tGPLVM,svm,0.318,VASC,Baron,dr1,6,VASC,other
tGPLVM,tGPLVM,tGPLVM,AUC,0.636,VASC,Biase,dr2,6,VASC,other
tGPLVM,tGPLVM,tGPLVM,Pearson,0.55,VASC,Biase,dr3,6,VASC,other
tGPLVM,tGPLVM,tGPLVM,Qglobal,0.695,VASC,Biase,dr2,6,VASC,other
tGPLVM,tGPLVM,tGPLVM,Qlocal,0.241,VASC,Biase,dr2,6,VASC,other
tGPLVM,tGPLVM,tGPLVM,centroid_distance,0.807,VASC,Biase,dr1,6,VASC,other
tGPLVM,tGPLVM,tGPLVM,k-nearest,0.25,VASC,Biase,dr1,6,VASC,other
tGPLVM,tGPLVM,tGPLVM,kmax,7.0,VASC,Biase,dr2,6,VASC,other
tGPLVM,tGPLVM,tGPLVM,random_triplet,0.7,VASC,Biase,dr1,6,VASC,other
tGPLVM,tGPLVM,tGPLVM,spearman,0.565,VASC,Biase,dr1,6,VASC,other
tGPLVM,tGPLVM,tGPLVM,svm,0.397,VASC,Biase,dr1,6,VASC,other
tGPLVM,tGPLVM,tGPLVM,AUC,0.748,VASC,Goolam,dr2,6,VASC,other
tGPLVM,tGPLVM,tGPLVM,Pearson,0.7,VASC,Goolam,dr3,6,VASC,other
tGPLVM,tGPLVM,tGPLVM,Qglobal,0.837,VASC,Goolam,dr2,6,VASC,other
tGPLVM,tGPLVM,tGPLVM,Qlocal,0.463,VASC,Goolam,dr2,6,VASC,other
tGPLVM,tGPLVM,tGPLVM,centroid_distance,0.95,VASC,Goolam,dr1,6,VASC,other
tGPLVM,tGPLVM,tGPLVM,k-nearest,0.4,VASC,Goolam,dr1,6,VASC,other
tGPLVM,tGPLVM,tGPLVM,kmax,28.0,VASC,Goolam,dr2,6,VASC,other
tGPLVM,tGPLVM,tGPLVM,random_triplet,0.785,VASC,Goolam,dr1,6,VASC,other
tGPLVM,tGPLVM,tGPLVM,spearman,0.692,VASC,Goolam,dr1,6,VASC,other
tGPLVM,tGPLVM,tGPLVM,svm,0.84,VASC,Goolam,dr1,6,VASC,other
tGPLVM,tGPLVM,tGPLVM,AUC,0.595,VASC,Xin,dr2,6,VASC,other
tGPLVM,tGPLVM,tGPLVM,Pearson,0.279,VASC,Xin,dr3,6,VASC,other
tGPLVM,tGPLVM,tGPLVM,Qglobal,0.804,VASC,Xin,dr2,6,VASC,other
tGPLVM,tGPLVM,tGPLVM,Qlocal,0.358,VASC,Xin,dr2,6,VASC,other
tGPLVM,tGPLVM,tGPLVM,centroid_distance,0.402,VASC,Xin,dr1,6,VASC,other
tGPLVM,tGPLVM,tGPLVM,k-nearest,0.25,VASC,Xin,dr1,6,VASC,other
tGPLVM,tGPLVM,tGPLVM,kmax,749.0,VASC,Xin,dr2,6,VASC,other
tGPLVM,tGPLVM,tGPLVM,random_triplet,0.61,VASC,Xin,dr1,6,VASC,other
tGPLVM,tGPLVM,tGPLVM,spearman,0.354,VASC,Xin,dr1,6,VASC,other
tGPLVM,tGPLVM,tGPLVM,svm,0.853,VASC,Xin,dr1,6,VASC,other
tGPLVM,tGPLVM,tGPLVM,AUC,0.687,VASC,Zeisel,dr2,6,VASC,other
tGPLVM,tGPLVM,tGPLVM,Pearson,0.569,VASC,Zeisel,dr3,6,VASC,other
tGPLVM,tGPLVM,tGPLVM,Qglobal,0.78,VASC,Zeisel,dr2,6,VASC,other
tGPLVM,tGPLVM,tGPLVM,Qlocal,0.434,VASC,Zeisel,dr2,6,VASC,other
tGPLVM,tGPLVM,tGPLVM,centroid_distance,0.369,VASC,Zeisel,dr1,6,VASC,other
tGPLVM,tGPLVM,tGPLVM,k-nearest,0.444,VASC,Zeisel,dr1,6,VASC,other
tGPLVM,tGPLVM,tGPLVM,kmax,805.0,VASC,Zeisel,dr2,6,VASC,other
tGPLVM,tGPLVM,tGPLVM,random_triplet,0.689,VASC,Zeisel,dr1,6,VASC,other
tGPLVM,tGPLVM,tGPLVM,spearman,0.592,VASC,Zeisel,dr1,6,VASC,other
tGPLVM,tGPLVM,tGPLVM,svm,0.849,VASC,Zeisel,dr1,6,VASC,other
tGPLVM,tGPLVM,tGPLVM,AUC,0.761,VASC,yan,dr2,6,VASC,other
tGPLVM,tGPLVM,tGPLVM,Pearson,0.844,VASC,yan,dr3,6,VASC,other
tGPLVM,tGPLVM,tGPLVM,Qglobal,0.856,VASC,yan,dr2,6,VASC,other
tGPLVM,tGPLVM,tGPLVM,Qlocal,0.591,VASC,yan,dr2,6,VASC,other
tGPLVM,tGPLVM,tGPLVM,centroid_distance,0.836,VASC,yan,dr1,6,VASC,other
tGPLVM,tGPLVM,tGPLVM,k-nearest,0.917,VASC,yan,dr1,6,VASC,other
tGPLVM,tGPLVM,tGPLVM,kmax,29.0,VASC,yan,dr2,6,VASC,other
tGPLVM,tGPLVM,tGPLVM,random_triplet,0.762,VASC,yan,dr1,6,VASC,other
tGPLVM,tGPLVM,tGPLVM,spearman,0.756,VASC,yan,dr1,6,VASC,other
tGPLVM,tGPLVM,tGPLVM,svm,0.844,VASC,yan,dr1,6,VASC,other
tGPLVM,tGPLVM,tGPLVM,AUC,0.59,benchmarker,Baron_mouse,dr2,6,curated,other
tGPLVM,tGPLVM,tGPLVM,Pearson,0.582,benchmarker,Baron_mouse,dr3,6,curated,other
tGPLVM,tGPLVM,tGPLVM,Qglobal,0.917,benchmarker,Baron_mouse,dr2,6,curated,other
tGPLVM,tGPLVM,tGPLVM,Qlocal,0.451,benchmarker,Baron_mouse,dr2,6,curated,other
tGPLVM,tGPLVM,tGPLVM,centroid_distance,0.368,benchmarker,Baron_mouse,dr1,6,curated,other
tGPLVM,tGPLVM,tGPLVM,k-nearest,0.59,benchmarker,Baron_mouse,dr1,6,curated,other
tGPLVM,tGPLVM,tGPLVM,kmax,1318.0,benchmarker,Baron_mouse,dr2,6,curated,other
tGPLVM,tGPLVM,tGPLVM,random_triplet,0.629,benchmarker,Baron_mouse,dr1,6,curated,other
tGPLVM,tGPLVM,tGPLVM,spearman,0.545,benchmarker,Baron_mouse,dr1,6,curated,other
tGPLVM,tGPLVM,tGPLVM,svm,0.618,benchmarker,Baron_mouse,dr1,6,curated,other
tGPLVM,tGPLVM,tGPLVM,AUC,0.625,benchmarker,Darmanis,dr2,6,curated,other
tGPLVM,tGPLVM,tGPLVM,Pearson,0.314,benchmarker,Darmanis,dr3,6,curated,other
tGPLVM,tGPLVM,tGPLVM,Qglobal,0.687,benchmarker,Darmanis,dr2,6,curated,other
tGPLVM,tGPLVM,tGPLVM,Qlocal,0.302,benchmarker,Darmanis,dr2,6,curated,other
tGPLVM,tGPLVM,tGPLVM,centroid_distance,0.546,benchmarker,Darmanis,dr1,6,curated,other
tGPLVM,tGPLVM,tGPLVM,k-nearest,0.438,benchmarker,Darmanis,dr1,6,curated,other
tGPLVM,tGPLVM,tGPLVM,kmax,67.0,benchmarker,Darmanis,dr2,6,curated,other
tGPLVM,tGPLVM,tGPLVM,random_triplet,0.617,benchmarker,Darmanis,dr1,6,curated,other
tGPLVM,tGPLVM,tGPLVM,spearman,0.329,benchmarker,Darmanis,dr1,6,curated,other
tGPLVM,tGPLVM,tGPLVM,svm,0.726,benchmarker,Darmanis,dr1,6,curated,other
tGPLVM,tGPLVM,tGPLVM,AUC,0.487,benchmarker,Pancreatic,dr2,6,curated,other
tGPLVM,tGPLVM,tGPLVM,Pearson,0.052,benchmarker,Pancreatic,dr3,6,curated,other
tGPLVM,tGPLVM,tGPLVM,Qglobal,0.516,benchmarker,Pancreatic,dr2,6,curated,other
tGPLVM,tGPLVM,tGPLVM,Qlocal,0.113,benchmarker,Pancreatic,dr2,6,curated,other
tGPLVM,tGPLVM,tGPLVM,centroid_distance,0.38,benchmarker,Pancreatic,dr1,6,curated,other
tGPLVM,tGPLVM,tGPLVM,k-nearest,0.417,benchmarker,Pancreatic,dr1,6,curated,other
tGPLVM,tGPLVM,tGPLVM,kmax,5.0,benchmarker,Pancreatic,dr2,6,curated,other
tGPLVM,tGPLVM,tGPLVM,random_triplet,0.49,benchmarker,Pancreatic,dr1,6,curated,other
tGPLVM,tGPLVM,tGPLVM,spearman,-0.098,benchmarker,Pancreatic,dr1,6,curated,other
tGPLVM,tGPLVM,tGPLVM,svm,0.35,benchmarker,Pancreatic,dr1,6,curated,other
tGPLVM,tGPLVM,tGPLVM,AUC,0.723,benchmarker,Silver,dr2,6,curated,other
tGPLVM,tGPLVM,tGPLVM,Pearson,0.764,benchmarker,Silver,dr3,6,curated,other
tGPLVM,tGPLVM,tGPLVM,Qglobal,0.836,benchmarker,Silver,dr2,6,curated,other
tGPLVM,tGPLVM,tGPLVM,Qlocal,0.385,benchmarker,Silver,dr2,6,curated,other
tGPLVM,tGPLVM,tGPLVM,centroid_distance,0.975,benchmarker,Silver,dr1,6,curated,other
tGPLVM,tGPLVM,tGPLVM,k-nearest,0.879,benchmarker,Silver,dr1,6,curated,other
tGPLVM,tGPLVM,tGPLVM,kmax,647.0,benchmarker,Silver,dr2,6,curated,other
tGPLVM,tGPLVM,tGPLVM,random_triplet,0.77,benchmarker,Silver,dr1,6,curated,other
tGPLVM,tGPLVM,tGPLVM,spearman,0.773,benchmarker,Silver,dr1,6,curated,other
tGPLVM,tGPLVM,tGPLVM,svm,0.507,benchmarker,Silver,dr1,6,curated,other
tGPLVM,tGPLVM,tGPLVM,AUC,0.602,benchmarker,Zhengmix4eq,dr2,6,curated,other
tGPLVM,tGPLVM,tGPLVM,Pearson,0.798,benchmarker,Zhengmix4eq,dr3,6,curated,other
tGPLVM,tGPLVM,tGPLVM,Qglobal,0.945,benchmarker,Zhengmix4eq,dr2,6,curated,other
tGPLVM,tGPLVM,tGPLVM,Qlocal,0.488,benchmarker,Zhengmix4eq,dr2,6,curated,other
tGPLVM,tGPLVM,tGPLVM,centroid_distance,0.904,benchmarker,Zhengmix4eq,dr1,6,curated,other
tGPLVM,tGPLVM,tGPLVM,k-nearest,0.25,benchmarker,Zhengmix4eq,dr1,6,curated,other
tGPLVM,tGPLVM,tGPLVM,kmax,2994.0,benchmarker,Zhengmix4eq,dr2,6,curated,other
tGPLVM,tGPLVM,tGPLVM,random_triplet,0.656,benchmarker,Zhengmix4eq,dr1,6,curated,other
tGPLVM,tGPLVM,tGPLVM,spearman,0.675,benchmarker,Zhengmix4eq,dr1,6,curated,other
tGPLVM,tGPLVM,tGPLVM,svm,0.631,benchmarker,Zhengmix4eq,dr1,6,curated,other
tGPLVM,tGPLVM,tGPLVM,AUC,0.513,scDesign3,ACINAR,dr2,6,scDesign3,other
tGPLVM,tGPLVM,tGPLVM,Pearson,0.413,scDesign3,ACINAR,dr3,6,scDesign3,other
tGPLVM,tGPLVM,tGPLVM,Qglobal,0.673,scDesign3,ACINAR,dr2,6,scDesign3,other
tGPLVM,tGPLVM,tGPLVM,Qlocal,0.177,scDesign3,ACINAR,dr2,6,scDesign3,other
tGPLVM,tGPLVM,tGPLVM,centroid_distance,0.722,scDesign3,ACINAR,dr1,6,scDesign3,other
tGPLVM,tGPLVM,tGPLVM,k-nearest,0.567,scDesign3,ACINAR,dr1,6,scDesign3,other
tGPLVM,tGPLVM,tGPLVM,kmax,982.0,scDesign3,ACINAR,dr2,6,scDesign3,other
tGPLVM,tGPLVM,tGPLVM,random_triplet,0.529,scDesign3,ACINAR,dr1,6,scDesign3,other
tGPLVM,tGPLVM,tGPLVM,spearman,0.056,scDesign3,ACINAR,dr1,6,scDesign3,other
tGPLVM,tGPLVM,tGPLVM,svm,0.179,scDesign3,ACINAR,dr1,6,scDesign3,other
tGPLVM,tGPLVM,tGPLVM,AUC,0.674,scDesign3,ATAC,dr2,6,scDesign3,other
tGPLVM,tGPLVM,tGPLVM,Pearson,0.765,scDesign3,ATAC,dr3,6,scDesign3,other
tGPLVM,tGPLVM,tGPLVM,Qglobal,0.868,scDesign3,ATAC,dr2,6,scDesign3,other
tGPLVM,tGPLVM,tGPLVM,Qlocal,0.393,scDesign3,ATAC,dr2,6,scDesign3,other
tGPLVM,tGPLVM,tGPLVM,centroid_distance,0.852,scDesign3,ATAC,dr1,6,scDesign3,other
tGPLVM,tGPLVM,tGPLVM,k-nearest,0.718,scDesign3,ATAC,dr1,6,scDesign3,other
tGPLVM,tGPLVM,tGPLVM,kmax,2864.0,scDesign3,ATAC,dr2,6,scDesign3,other
tGPLVM,tGPLVM,tGPLVM,random_triplet,0.748,scDesign3,ATAC,dr1,6,scDesign3,other
tGPLVM,tGPLVM,tGPLVM,spearman,0.728,scDesign3,ATAC,dr1,6,scDesign3,other
tGPLVM,tGPLVM,tGPLVM,svm,0.627,scDesign3,ATAC,dr1,6,scDesign3,other
tGPLVM,tGPLVM,tGPLVM,AUC,0.56,scDesign3,BATCH,dr2,6,scDesign3,other
tGPLVM,tGPLVM,tGPLVM,Pearson,0.416,scDesign3,BATCH,dr3,6,scDesign3,other
tGPLVM,tGPLVM,tGPLVM,Qglobal,0.782,scDesign3,BATCH,dr2,6,scDesign3,other
tGPLVM,tGPLVM,tGPLVM,Qlocal,0.294,scDesign3,BATCH,dr2,6,scDesign3,other
tGPLVM,tGPLVM,tGPLVM,centroid_distance,0.847,scDesign3,BATCH,dr1,6,scDesign3,other
tGPLVM,tGPLVM,tGPLVM,k-nearest,0.556,scDesign3,BATCH,dr1,6,scDesign3,other
tGPLVM,tGPLVM,tGPLVM,kmax,2848.0,scDesign3,BATCH,dr2,6,scDesign3,other
tGPLVM,tGPLVM,tGPLVM,random_triplet,0.586,scDesign3,BATCH,dr1,6,scDesign3,other
tGPLVM,tGPLVM,tGPLVM,spearman,0.284,scDesign3,BATCH,dr1,6,scDesign3,other
tGPLVM,tGPLVM,tGPLVM,svm,0.308,scDesign3,BATCH,dr1,6,scDesign3,other
tGPLVM,tGPLVM,tGPLVM,AUC,0.504,scDesign3,CITE,dr2,6,scDesign3,other
tGPLVM,tGPLVM,tGPLVM,Pearson,0.276,scDesign3,CITE,dr3,6,scDesign3,other
tGPLVM,tGPLVM,tGPLVM,Qglobal,0.565,scDesign3,CITE,dr2,6,scDesign3,other
tGPLVM,tGPLVM,tGPLVM,Qlocal,0.069,scDesign3,CITE,dr2,6,scDesign3,other
tGPLVM,tGPLVM,tGPLVM,centroid_distance,0.417,scDesign3,CITE,dr1,6,scDesign3,other
tGPLVM,tGPLVM,tGPLVM,k-nearest,0.483,scDesign3,CITE,dr1,6,scDesign3,other
tGPLVM,tGPLVM,tGPLVM,kmax,1069.0,scDesign3,CITE,dr2,6,scDesign3,other
tGPLVM,tGPLVM,tGPLVM,random_triplet,0.502,scDesign3,CITE,dr1,6,scDesign3,other
tGPLVM,tGPLVM,tGPLVM,spearman,0.039,scDesign3,CITE,dr1,6,scDesign3,other
tGPLVM,tGPLVM,tGPLVM,svm,0.273,scDesign3,CITE,dr1,6,scDesign3,other
tGPLVM,tGPLVM,tGPLVM,AUC,0.518,scDesign3,EMBYRO,dr2,6,scDesign3,other
tGPLVM,tGPLVM,tGPLVM,Pearson,0.537,scDesign3,EMBYRO,dr3,6,scDesign3,other
tGPLVM,tGPLVM,tGPLVM,Qglobal,0.726,scDesign3,EMBYRO,dr2,6,scDesign3,other
tGPLVM,tGPLVM,tGPLVM,Qlocal,0.23,scDesign3,EMBYRO,dr2,6,scDesign3,other
tGPLVM,tGPLVM,tGPLVM,centroid_distance,0.907,scDesign3,EMBYRO,dr1,6,scDesign3,other
tGPLVM,tGPLVM,tGPLVM,k-nearest,0.6,scDesign3,EMBYRO,dr1,6,scDesign3,other
tGPLVM,tGPLVM,tGPLVM,kmax,538.0,scDesign3,EMBYRO,dr2,6,scDesign3,other
tGPLVM,tGPLVM,tGPLVM,random_triplet,0.542,scDesign3,EMBYRO,dr1,6,scDesign3,other
tGPLVM,tGPLVM,tGPLVM,spearman,0.117,scDesign3,EMBYRO,dr1,6,scDesign3,other
tGPLVM,tGPLVM,tGPLVM,svm,0.306,scDesign3,EMBYRO,dr1,6,scDesign3,other
tGPLVM,tGPLVM,tGPLVM,AUC,0.555,scDesign3,IFNB,dr2,6,scDesign3,other
tGPLVM,tGPLVM,tGPLVM,Pearson,0.484,scDesign3,IFNB,dr3,6,scDesign3,other
tGPLVM,tGPLVM,tGPLVM,Qglobal,0.835,scDesign3,IFNB,dr2,6,scDesign3,other
tGPLVM,tGPLVM,tGPLVM,Qlocal,0.345,scDesign3,IFNB,dr2,6,scDesign3,other
tGPLVM,tGPLVM,tGPLVM,centroid_distance,0.982,scDesign3,IFNB,dr1,6,scDesign3,other
tGPLVM,tGPLVM,tGPLVM,k-nearest,0.641,scDesign3,IFNB,dr1,6,scDesign3,other
tGPLVM,tGPLVM,tGPLVM,kmax,8019.0,scDesign3,IFNB,dr2,6,scDesign3,other
tGPLVM,tGPLVM,tGPLVM,random_triplet,0.581,scDesign3,IFNB,dr1,6,scDesign3,other
tGPLVM,tGPLVM,tGPLVM,spearman,0.325,scDesign3,IFNB,dr1,6,scDesign3,other
tGPLVM,tGPLVM,tGPLVM,svm,0.359,scDesign3,IFNB,dr1,6,scDesign3,other
tGPLVM,tGPLVM,tGPLVM,AUC,0.793,scDesign3,MARROW,dr2,6,scDesign3,other
tGPLVM,tGPLVM,tGPLVM,Pearson,0.796,scDesign3,MARROW,dr3,6,scDesign3,other
tGPLVM,tGPLVM,tGPLVM,Qglobal,0.892,scDesign3,MARROW,dr2,6,scDesign3,other
tGPLVM,tGPLVM,tGPLVM,Qlocal,0.554,scDesign3,MARROW,dr2,6,scDesign3,other
tGPLVM,tGPLVM,tGPLVM,centroid_distance,1.0,scDesign3,MARROW,dr1,6,scDesign3,other
tGPLVM,tGPLVM,tGPLVM,k-nearest,1.0,scDesign3,MARROW,dr1,6,scDesign3,other
tGPLVM,tGPLVM,tGPLVM,kmax,778.0,scDesign3,MARROW,dr2,6,scDesign3,other
tGPLVM,tGPLVM,tGPLVM,random_triplet,0.836,scDesign3,MARROW,dr1,6,scDesign3,other
tGPLVM,tGPLVM,tGPLVM,spearman,0.811,scDesign3,MARROW,dr1,6,scDesign3,other
tGPLVM,tGPLVM,tGPLVM,svm,0.895,scDesign3,MARROW,dr1,6,scDesign3,other
tGPLVM,tGPLVM,tGPLVM,AUC,0.665,scDesign3,MOBSC,dr2,6,scDesign3,other
tGPLVM,tGPLVM,tGPLVM,Pearson,0.475,scDesign3,MOBSC,dr3,6,scDesign3,other
tGPLVM,tGPLVM,tGPLVM,Qglobal,0.782,scDesign3,MOBSC,dr2,6,scDesign3,other
tGPLVM,tGPLVM,tGPLVM,Qlocal,0.343,scDesign3,MOBSC,dr2,6,scDesign3,other
tGPLVM,tGPLVM,tGPLVM,centroid_distance,0.855,scDesign3,MOBSC,dr1,6,scDesign3,other
tGPLVM,tGPLVM,tGPLVM,k-nearest,0.5,scDesign3,MOBSC,dr1,6,scDesign3,other
tGPLVM,tGPLVM,tGPLVM,kmax,3361.0,scDesign3,MOBSC,dr2,6,scDesign3,other
tGPLVM,tGPLVM,tGPLVM,random_triplet,0.698,scDesign3,MOBSC,dr1,6,scDesign3,other
tGPLVM,tGPLVM,tGPLVM,spearman,0.515,scDesign3,MOBSC,dr1,6,scDesign3,other
tGPLVM,tGPLVM,tGPLVM,svm,0.769,scDesign3,MOBSC,dr1,6,scDesign3,other
tGPLVM,tGPLVM,tGPLVM,AUC,0.538,scDesign3,OVARIAN,dr2,6,scDesign3,other
tGPLVM,tGPLVM,tGPLVM,Pearson,0.47,scDesign3,OVARIAN,dr3,6,scDesign3,other
tGPLVM,tGPLVM,tGPLVM,Qglobal,0.674,scDesign3,OVARIAN,dr2,6,scDesign3,other
tGPLVM,tGPLVM,tGPLVM,Qlocal,0.176,scDesign3,OVARIAN,dr2,6,scDesign3,other
tGPLVM,tGPLVM,tGPLVM,centroid_distance,0.949,scDesign3,OVARIAN,dr1,6,scDesign3,other
tGPLVM,tGPLVM,tGPLVM,k-nearest,0.848,scDesign3,OVARIAN,dr1,6,scDesign3,other
tGPLVM,tGPLVM,tGPLVM,kmax,944.0,scDesign3,OVARIAN,dr2,6,scDesign3,other
tGPLVM,tGPLVM,tGPLVM,random_triplet,0.544,scDesign3,OVARIAN,dr1,6,scDesign3,other
tGPLVM,tGPLVM,tGPLVM,spearman,0.165,scDesign3,OVARIAN,dr1,6,scDesign3,other
tGPLVM,tGPLVM,tGPLVM,svm,0.177,scDesign3,OVARIAN,dr1,6,scDesign3,other
tGPLVM,tGPLVM,tGPLVM,AUC,0.583,scDesign3,PANCREAS,dr2,6,scDesign3,other
tGPLVM,tGPLVM,tGPLVM,Pearson,0.568,scDesign3,PANCREAS,dr3,6,scDesign3,other
tGPLVM,tGPLVM,tGPLVM,Qglobal,0.695,scDesign3,PANCREAS,dr2,6,scDesign3,other
tGPLVM,tGPLVM,tGPLVM,Qlocal,0.211,scDesign3,PANCREAS,dr2,6,scDesign3,other
tGPLVM,tGPLVM,tGPLVM,centroid_distance,0.904,scDesign3,PANCREAS,dr1,6,scDesign3,other
tGPLVM,tGPLVM,tGPLVM,k-nearest,0.75,scDesign3,PANCREAS,dr1,6,scDesign3,other
tGPLVM,tGPLVM,tGPLVM,kmax,484.0,scDesign3,PANCREAS,dr2,6,scDesign3,other
tGPLVM,tGPLVM,tGPLVM,random_triplet,0.613,scDesign3,PANCREAS,dr1,6,scDesign3,other
tGPLVM,tGPLVM,tGPLVM,spearman,0.492,scDesign3,PANCREAS,dr1,6,scDesign3,other
tGPLVM,tGPLVM,tGPLVM,svm,0.545,scDesign3,PANCREAS,dr1,6,scDesign3,other
tGPLVM,tGPLVM,tGPLVM,AUC,0.743,scDesign3,SCGEMMETH,dr2,6,scDesign3,other
tGPLVM,tGPLVM,tGPLVM,Pearson,0.808,scDesign3,SCGEMMETH,dr3,6,scDesign3,other
tGPLVM,tGPLVM,tGPLVM,Qglobal,0.887,scDesign3,SCGEMMETH,dr2,6,scDesign3,other
tGPLVM,tGPLVM,tGPLVM,Qlocal,0.438,scDesign3,SCGEMMETH,dr2,6,scDesign3,other
tGPLVM,tGPLVM,tGPLVM,centroid_distance,0.928,scDesign3,SCGEMMETH,dr1,6,scDesign3,other
tGPLVM,tGPLVM,tGPLVM,k-nearest,0.5,scDesign3,SCGEMMETH,dr1,6,scDesign3,other
tGPLVM,tGPLVM,tGPLVM,kmax,44.0,scDesign3,SCGEMMETH,dr2,6,scDesign3,other
tGPLVM,tGPLVM,tGPLVM,random_triplet,0.811,scDesign3,SCGEMMETH,dr1,6,scDesign3,other
tGPLVM,tGPLVM,tGPLVM,spearman,0.823,scDesign3,SCGEMMETH,dr1,6,scDesign3,other
tGPLVM,tGPLVM,tGPLVM,svm,0.635,scDesign3,SCGEMMETH,dr1,6,scDesign3,other
tGPLVM,tGPLVM,tGPLVM,AUC,0.747,scDesign3,SCGEMRNA,dr2,6,scDesign3,other
tGPLVM,tGPLVM,tGPLVM,Pearson,0.773,scDesign3,SCGEMRNA,dr3,6,scDesign3,other
tGPLVM,tGPLVM,tGPLVM,Qglobal,0.909,scDesign3,SCGEMRNA,dr2,6,scDesign3,other
tGPLVM,tGPLVM,tGPLVM,Qlocal,0.468,scDesign3,SCGEMRNA,dr2,6,scDesign3,other
tGPLVM,tGPLVM,tGPLVM,centroid_distance,0.988,scDesign3,SCGEMRNA,dr1,6,scDesign3,other
tGPLVM,tGPLVM,tGPLVM,k-nearest,1.0,scDesign3,SCGEMRNA,dr1,6,scDesign3,other
tGPLVM,tGPLVM,tGPLVM,kmax,63.0,scDesign3,SCGEMRNA,dr2,6,scDesign3,other
tGPLVM,tGPLVM,tGPLVM,random_triplet,0.812,scDesign3,SCGEMRNA,dr1,6,scDesign3,other
tGPLVM,tGPLVM,tGPLVM,spearman,0.798,scDesign3,SCGEMRNA,dr1,6,scDesign3,other
tGPLVM,tGPLVM,tGPLVM,svm,0.655,scDesign3,SCGEMRNA,dr1,6,scDesign3,other
tGPLVM,tGPLVM,tGPLVM,AUC,0.513,scDesign3,SCIATAC,dr2,6,scDesign3,other
tGPLVM,tGPLVM,tGPLVM,Pearson,0.177,scDesign3,SCIATAC,dr3,6,scDesign3,other
tGPLVM,tGPLVM,tGPLVM,Qglobal,0.852,scDesign3,SCIATAC,dr2,6,scDesign3,other
tGPLVM,tGPLVM,tGPLVM,Qlocal,0.35,scDesign3,SCIATAC,dr2,6,scDesign3,other
tGPLVM,tGPLVM,tGPLVM,centroid_distance,0.259,scDesign3,SCIATAC,dr1,6,scDesign3,other
tGPLVM,tGPLVM,tGPLVM,k-nearest,0.444,scDesign3,SCIATAC,dr1,6,scDesign3,other
tGPLVM,tGPLVM,tGPLVM,kmax,2718.0,scDesign3,SCIATAC,dr2,6,scDesign3,other
tGPLVM,tGPLVM,tGPLVM,random_triplet,0.519,scDesign3,SCIATAC,dr1,6,scDesign3,other
tGPLVM,tGPLVM,tGPLVM,spearman,0.11,scDesign3,SCIATAC,dr1,6,scDesign3,other
tGPLVM,tGPLVM,tGPLVM,svm,0.428,scDesign3,SCIATAC,dr1,6,scDesign3,other
tGPLVM,tGPLVM,tGPLVM,AUC,0.504,scDesign3,SLIDE,dr2,6,scDesign3,other
tGPLVM,tGPLVM,tGPLVM,Pearson,0.161,scDesign3,SLIDE,dr3,6,scDesign3,other
tGPLVM,tGPLVM,tGPLVM,Qglobal,0.836,scDesign3,SLIDE,dr2,6,scDesign3,other
tGPLVM,tGPLVM,tGPLVM,Qlocal,0.335,scDesign3,SLIDE,dr2,6,scDesign3,other
tGPLVM,tGPLVM,tGPLVM,centroid_distance,0.564,scDesign3,SLIDE,dr1,6,scDesign3,other
tGPLVM,tGPLVM,tGPLVM,k-nearest,0.424,scDesign3,SLIDE,dr1,6,scDesign3,other
tGPLVM,tGPLVM,tGPLVM,kmax,15493.0,scDesign3,SLIDE,dr2,6,scDesign3,other
tGPLVM,tGPLVM,tGPLVM,random_triplet,0.507,scDesign3,SLIDE,dr1,6,scDesign3,other
tGPLVM,tGPLVM,tGPLVM,spearman,0.016,scDesign3,SLIDE,dr1,6,scDesign3,other
tGPLVM,tGPLVM,tGPLVM,svm,0.511,scDesign3,SLIDE,dr1,6,scDesign3,other
tGPLVM,tGPLVM,tGPLVM,AUC,0.54,scDesign3,VISIUM,dr2,6,scDesign3,other
tGPLVM,tGPLVM,tGPLVM,Pearson,0.58,scDesign3,VISIUM,dr3,6,scDesign3,other
tGPLVM,tGPLVM,tGPLVM,Qglobal,0.663,scDesign3,VISIUM,dr2,6,scDesign3,other
tGPLVM,tGPLVM,tGPLVM,Qlocal,0.164,scDesign3,VISIUM,dr2,6,scDesign3,other
tGPLVM,tGPLVM,tGPLVM,centroid_distance,0.877,scDesign3,VISIUM,dr1,6,scDesign3,other
tGPLVM,tGPLVM,tGPLVM,k-nearest,0.583,scDesign3,VISIUM,dr1,6,scDesign3,other
tGPLVM,tGPLVM,tGPLVM,kmax,665.0,scDesign3,VISIUM,dr2,6,scDesign3,other
tGPLVM,tGPLVM,tGPLVM,random_triplet,0.553,scDesign3,VISIUM,dr1,6,scDesign3,other
tGPLVM,tGPLVM,tGPLVM,spearman,0.169,scDesign3,VISIUM,dr1,6,scDesign3,other
tGPLVM,tGPLVM,tGPLVM,svm,0.192,scDesign3,VISIUM,dr1,6,scDesign3,other
VAE,VAE,VAE,AUC,0.609,SIMLR,Pollen,dr2,7,SIMLR,other
VAE,VAE,VAE,Pearson,0.374,SIMLR,Pollen,dr3,7,SIMLR,other
VAE,VAE,VAE,Qglobal,0.685,SIMLR,Pollen,dr2,7,SIMLR,other
VAE,VAE,VAE,Qlocal,0.227,SIMLR,Pollen,dr2,7,SIMLR,other
VAE,VAE,VAE,centroid_distance,0.724,SIMLR,Pollen,dr1,7,SIMLR,other
VAE,VAE,VAE,k-nearest,0.667,SIMLR,Pollen,dr1,7,SIMLR,other
VAE,VAE,VAE,kmax,41.0,SIMLR,Pollen,dr2,7,SIMLR,other
VAE,VAE,VAE,random_triplet,0.647,SIMLR,Pollen,dr1,7,SIMLR,other
VAE,VAE,VAE,spearman,0.41,SIMLR,Pollen,dr1,7,SIMLR,other
VAE,VAE,VAE,svm,0.497,SIMLR,Pollen,dr1,7,SIMLR,other
VAE,VAE,VAE,AUC,0.502,SIMLR,Usoskin,dr2,7,SIMLR,other
VAE,VAE,VAE,Pearson,-0.018,SIMLR,Usoskin,dr3,7,SIMLR,other
VAE,VAE,VAE,Qglobal,0.559,SIMLR,Usoskin,dr2,7,SIMLR,other
VAE,VAE,VAE,Qlocal,0.105,SIMLR,Usoskin,dr2,7,SIMLR,other
VAE,VAE,VAE,centroid_distance,0.976,SIMLR,Usoskin,dr1,7,SIMLR,other
VAE,VAE,VAE,k-nearest,0.75,SIMLR,Usoskin,dr1,7,SIMLR,other
VAE,VAE,VAE,kmax,78.0,SIMLR,Usoskin,dr2,7,SIMLR,other
VAE,VAE,VAE,random_triplet,0.489,SIMLR,Usoskin,dr1,7,SIMLR,other
VAE,VAE,VAE,spearman,-0.061,SIMLR,Usoskin,dr1,7,SIMLR,other
VAE,VAE,VAE,svm,0.434,SIMLR,Usoskin,dr1,7,SIMLR,other
VAE,VAE,VAE,AUC,0.514,TI,DA1_horns,dr2,7,trajectory,other
VAE,VAE,VAE,Pearson,0.091,TI,DA1_horns,dr3,7,trajectory,other
VAE,VAE,VAE,Qglobal,0.579,TI,DA1_horns,dr2,7,trajectory,other
VAE,VAE,VAE,Qlocal,0.098,TI,DA1_horns,dr2,7,trajectory,other
VAE,VAE,VAE,centroid_distance,0.421,TI,DA1_horns,dr1,7,trajectory,other
VAE,VAE,VAE,k-nearest,0.0,TI,DA1_horns,dr1,7,trajectory,other
VAE,VAE,VAE,kmax,38.0,TI,DA1_horns,dr2,7,trajectory,other
VAE,VAE,VAE,random_triplet,0.516,TI,DA1_horns,dr1,7,trajectory,other
VAE,VAE,VAE,spearman,0.025,TI,DA1_horns,dr1,7,trajectory,other
VAE,VAE,VAE,svm,0.346,TI,DA1_horns,dr1,7,trajectory,other
VAE,VAE,VAE,AUC,0.533,TI,DC3_VA1d_horns,dr2,7,trajectory,other
VAE,VAE,VAE,Pearson,0.133,TI,DC3_VA1d_horns,dr3,7,trajectory,other
VAE,VAE,VAE,Qglobal,0.59,TI,DC3_VA1d_horns,dr2,7,trajectory,other
VAE,VAE,VAE,Qlocal,0.131,TI,DC3_VA1d_horns,dr2,7,trajectory,other
VAE,VAE,VAE,centroid_distance,0.617,TI,DC3_VA1d_horns,dr1,7,trajectory,other
VAE,VAE,VAE,k-nearest,0.444,TI,DC3_VA1d_horns,dr1,7,trajectory,other
VAE,VAE,VAE,kmax,21.0,TI,DC3_VA1d_horns,dr2,7,trajectory,other
VAE,VAE,VAE,random_triplet,0.545,TI,DC3_VA1d_horns,dr1,7,trajectory,other
VAE,VAE,VAE,spearman,0.083,TI,DC3_VA1d_horns,dr1,7,trajectory,other
VAE,VAE,VAE,svm,0.321,TI,DC3_VA1d_horns,dr1,7,trajectory,other
VAE,VAE,VAE,AUC,0.634,TI,ICM,dr2,7,trajectory,other
VAE,VAE,VAE,Pearson,0.302,TI,ICM,dr3,7,trajectory,other
VAE,VAE,VAE,Qglobal,0.687,TI,ICM,dr2,7,trajectory,other
VAE,VAE,VAE,Qlocal,0.365,TI,ICM,dr2,7,trajectory,other
VAE,VAE,VAE,centroid_distance,0.673,TI,ICM,dr1,7,trajectory,other
VAE,VAE,VAE,k-nearest,0.5,TI,ICM,dr1,7,trajectory,other
VAE,VAE,VAE,kmax,44.0,TI,ICM,dr2,7,trajectory,other
VAE,VAE,VAE,random_triplet,0.578,TI,ICM,dr1,7,trajectory,other
VAE,VAE,VAE,spearman,0.224,TI,ICM,dr1,7,trajectory,other
VAE,VAE,VAE,svm,0.64,TI,ICM,dr1,7,trajectory,other
VAE,VAE,VAE,AUC,0.596,TI,blastocyst,dr2,7,trajectory,other
VAE,VAE,VAE,Pearson,0.3,TI,blastocyst,dr3,7,trajectory,other
VAE,VAE,VAE,Qglobal,0.654,TI,blastocyst,dr2,7,trajectory,other
VAE,VAE,VAE,Qlocal,0.242,TI,blastocyst,dr2,7,trajectory,other
VAE,VAE,VAE,centroid_distance,0.573,TI,blastocyst,dr1,7,trajectory,other
VAE,VAE,VAE,k-nearest,0.436,TI,blastocyst,dr1,7,trajectory,other
VAE,VAE,VAE,kmax,49.0,TI,blastocyst,dr2,7,trajectory,other
VAE,VAE,VAE,random_triplet,0.596,TI,blastocyst,dr1,7,trajectory,other
VAE,VAE,VAE,spearman,0.271,TI,blastocyst,dr1,7,trajectory,other
VAE,VAE,VAE,svm,0.462,TI,blastocyst,dr1,7,trajectory,other
VAE,VAE,VAE,AUC,0.582,TI,combination-1,dr2,7,trajectory,other
VAE,VAE,VAE,Pearson,0.271,TI,combination-1,dr3,7,trajectory,other
VAE,VAE,VAE,Qglobal,0.653,TI,combination-1,dr2,7,trajectory,other
VAE,VAE,VAE,Qlocal,0.182,TI,combination-1,dr2,7,trajectory,other
VAE,VAE,VAE,centroid_distance,0.76,TI,combination-1,dr1,7,trajectory,other
VAE,VAE,VAE,k-nearest,0.786,TI,combination-1,dr1,7,trajectory,other
VAE,VAE,VAE,kmax,645.0,TI,combination-1,dr2,7,trajectory,other
VAE,VAE,VAE,random_triplet,0.602,TI,combination-1,dr1,7,trajectory,other
VAE,VAE,VAE,spearman,0.314,TI,combination-1,dr1,7,trajectory,other
VAE,VAE,VAE,svm,0.83,TI,combination-1,dr1,7,trajectory,other
VAE,VAE,VAE,AUC,0.573,TI,combination-2,dr2,7,trajectory,other
VAE,VAE,VAE,Pearson,0.184,TI,combination-2,dr3,7,trajectory,other
VAE,VAE,VAE,Qglobal,0.606,TI,combination-2,dr2,7,trajectory,other
VAE,VAE,VAE,Qlocal,0.125,TI,combination-2,dr2,7,trajectory,other
VAE,VAE,VAE,centroid_distance,0.577,TI,combination-2,dr1,7,trajectory,other
VAE,VAE,VAE,k-nearest,0.667,TI,combination-2,dr1,7,trajectory,other
VAE,VAE,VAE,kmax,299.0,TI,combination-2,dr2,7,trajectory,other
VAE,VAE,VAE,random_triplet,0.588,TI,combination-2,dr1,7,trajectory,other
VAE,VAE,VAE,spearman,0.218,TI,combination-2,dr1,7,trajectory,other
VAE,VAE,VAE,svm,0.779,TI,combination-2,dr1,7,trajectory,other
VAE,VAE,VAE,AUC,0.593,TI,combination-3,dr2,7,trajectory,other
VAE,VAE,VAE,Pearson,0.195,TI,combination-3,dr3,7,trajectory,other
VAE,VAE,VAE,Qglobal,0.647,TI,combination-3,dr2,7,trajectory,other
VAE,VAE,VAE,Qlocal,0.197,TI,combination-3,dr2,7,trajectory,other
VAE,VAE,VAE,centroid_distance,0.728,TI,combination-3,dr1,7,trajectory,other
VAE,VAE,VAE,k-nearest,0.643,TI,combination-3,dr1,7,trajectory,other
VAE,VAE,VAE,kmax,271.0,TI,combination-3,dr2,7,trajectory,other
VAE,VAE,VAE,random_triplet,0.611,TI,combination-3,dr1,7,trajectory,other
VAE,VAE,VAE,spearman,0.243,TI,combination-3,dr1,7,trajectory,other
VAE,VAE,VAE,svm,0.848,TI,combination-3,dr1,7,trajectory,other
VAE,VAE,VAE,AUC,0.526,TI,epiblast,dr2,7,trajectory,other
VAE,VAE,VAE,Pearson,0.104,TI,epiblast,dr3,7,trajectory,other
VAE,VAE,VAE,Qglobal,0.615,TI,epiblast,dr2,7,trajectory,other
VAE,VAE,VAE,Qlocal,0.181,TI,epiblast,dr2,7,trajectory,other
VAE,VAE,VAE,centroid_distance,0.538,TI,epiblast,dr1,7,trajectory,other
VAE,VAE,VAE,k-nearest,0.571,TI,epiblast,dr1,7,trajectory,other
VAE,VAE,VAE,kmax,37.0,TI,epiblast,dr2,7,trajectory,other
VAE,VAE,VAE,random_triplet,0.481,TI,epiblast,dr1,7,trajectory,other
VAE,VAE,VAE,spearman,0.009,TI,epiblast,dr1,7,trajectory,other
VAE,VAE,VAE,svm,0.461,TI,epiblast,dr1,7,trajectory,other
VAE,VAE,VAE,AUC,0.584,TI,epidermis,dr2,7,trajectory,other
VAE,VAE,VAE,Pearson,0.284,TI,epidermis,dr3,7,trajectory,other
VAE,VAE,VAE,Qglobal,0.651,TI,epidermis,dr2,7,trajectory,other
VAE,VAE,VAE,Qlocal,0.18,TI,epidermis,dr2,7,trajectory,other
VAE,VAE,VAE,centroid_distance,0.813,TI,epidermis,dr1,7,trajectory,other
VAE,VAE,VAE,k-nearest,1.0,TI,epidermis,dr1,7,trajectory,other
VAE,VAE,VAE,kmax,569.0,TI,epidermis,dr2,7,trajectory,other
VAE,VAE,VAE,random_triplet,0.6,TI,epidermis,dr1,7,trajectory,other
VAE,VAE,VAE,spearman,0.282,TI,epidermis,dr1,7,trajectory,other
VAE,VAE,VAE,svm,0.842,TI,epidermis,dr1,7,trajectory,other
VAE,VAE,VAE,AUC,0.551,TI,horns,dr2,7,trajectory,other
VAE,VAE,VAE,Pearson,0.156,TI,horns,dr3,7,trajectory,other
VAE,VAE,VAE,Qglobal,0.655,TI,horns,dr2,7,trajectory,other
VAE,VAE,VAE,Qlocal,0.234,TI,horns,dr2,7,trajectory,other
VAE,VAE,VAE,centroid_distance,0.46,TI,horns,dr1,7,trajectory,other
VAE,VAE,VAE,k-nearest,0.429,TI,horns,dr1,7,trajectory,other
VAE,VAE,VAE,kmax,112.0,TI,horns,dr2,7,trajectory,other
VAE,VAE,VAE,random_triplet,0.56,TI,horns,dr1,7,trajectory,other
VAE,VAE,VAE,spearman,0.117,TI,horns,dr1,7,trajectory,other
VAE,VAE,VAE,svm,0.39,TI,horns,dr1,7,trajectory,other
VAE,VAE,VAE,AUC,0.575,TI,muscle,dr2,7,trajectory,other
VAE,VAE,VAE,Pearson,0.243,TI,muscle,dr3,7,trajectory,other
VAE,VAE,VAE,Qglobal,0.719,TI,muscle,dr2,7,trajectory,other
VAE,VAE,VAE,Qlocal,0.25,TI,muscle,dr2,7,trajectory,other
VAE,VAE,VAE,centroid_distance,1.0,TI,muscle,dr1,7,trajectory,other
VAE,VAE,VAE,k-nearest,1.0,TI,muscle,dr1,7,trajectory,other
VAE,VAE,VAE,kmax,717.0,TI,muscle,dr2,7,trajectory,other
VAE,VAE,VAE,random_triplet,0.607,TI,muscle,dr1,7,trajectory,other
VAE,VAE,VAE,spearman,0.277,TI,muscle,dr1,7,trajectory,other
VAE,VAE,VAE,svm,0.779,TI,muscle,dr1,7,trajectory,other
VAE,VAE,VAE,AUC,0.542,TI,neuron,dr2,7,trajectory,other
VAE,VAE,VAE,Pearson,0.121,TI,neuron,dr3,7,trajectory,other
VAE,VAE,VAE,Qglobal,0.739,TI,neuron,dr2,7,trajectory,other
VAE,VAE,VAE,Qlocal,0.258,TI,neuron,dr2,7,trajectory,other
VAE,VAE,VAE,centroid_distance,0.435,TI,neuron,dr1,7,trajectory,other
VAE,VAE,VAE,k-nearest,0.357,TI,neuron,dr1,7,trajectory,other
VAE,VAE,VAE,kmax,961.0,TI,neuron,dr2,7,trajectory,other
VAE,VAE,VAE,random_triplet,0.55,TI,neuron,dr1,7,trajectory,other
VAE,VAE,VAE,spearman,0.144,TI,neuron,dr1,7,trajectory,other
VAE,VAE,VAE,svm,0.524,TI,neuron,dr1,7,trajectory,other
VAE,VAE,VAE,AUC,0.567,TI,pair-1,dr2,7,trajectory,other
VAE,VAE,VAE,Pearson,0.216,TI,pair-1,dr3,7,trajectory,other
VAE,VAE,VAE,Qglobal,0.629,TI,pair-1,dr2,7,trajectory,other
VAE,VAE,VAE,Qlocal,0.156,TI,pair-1,dr2,7,trajectory,other
VAE,VAE,VAE,centroid_distance,0.696,TI,pair-1,dr1,7,trajectory,other
VAE,VAE,VAE,k-nearest,0.625,TI,pair-1,dr1,7,trajectory,other
VAE,VAE,VAE,kmax,1386.0,TI,pair-1,dr2,7,trajectory,other
VAE,VAE,VAE,random_triplet,0.584,TI,pair-1,dr1,7,trajectory,other
VAE,VAE,VAE,spearman,0.225,TI,pair-1,dr1,7,trajectory,other
VAE,VAE,VAE,svm,0.908,TI,pair-1,dr1,7,trajectory,other
VAE,VAE,VAE,AUC,0.563,TI,pair-2,dr2,7,trajectory,other
VAE,VAE,VAE,Pearson,0.253,TI,pair-2,dr3,7,trajectory,other
VAE,VAE,VAE,Qglobal,0.781,TI,pair-2,dr2,7,trajectory,other
VAE,VAE,VAE,Qlocal,0.3,TI,pair-2,dr2,7,trajectory,other
VAE,VAE,VAE,centroid_distance,0.482,TI,pair-2,dr1,7,trajectory,other
VAE,VAE,VAE,k-nearest,0.513,TI,pair-2,dr1,7,trajectory,other
VAE,VAE,VAE,kmax,4826.0,TI,pair-2,dr2,7,trajectory,other
VAE,VAE,VAE,random_triplet,0.593,TI,pair-2,dr1,7,trajectory,other
VAE,VAE,VAE,spearman,0.302,TI,pair-2,dr1,7,trajectory,other
VAE,VAE,VAE,svm,0.843,TI,pair-2,dr1,7,trajectory,other
VAE,VAE,VAE,AUC,0.554,TI,pair-3,dr2,7,trajectory,other
VAE,VAE,VAE,Pearson,0.244,TI,pair-3,dr3,7,trajectory,other
VAE,VAE,VAE,Qglobal,0.637,TI,pair-3,dr2,7,trajectory,other
VAE,VAE,VAE,Qlocal,0.147,TI,pair-3,dr2,7,trajectory,other
VAE,VAE,VAE,centroid_distance,0.645,TI,pair-3,dr1,7,trajectory,other
VAE,VAE,VAE,k-nearest,0.625,TI,pair-3,dr1,7,trajectory,other
VAE,VAE,VAE,kmax,1453.0,TI,pair-3,dr2,7,trajectory,other
VAE,VAE,VAE,random_triplet,0.573,TI,pair-3,dr1,7,trajectory,other
VAE,VAE,VAE,spearman,0.278,TI,pair-3,dr1,7,trajectory,other
VAE,VAE,VAE,svm,0.915,TI,pair-3,dr1,7,trajectory,other
VAE,VAE,VAE,AUC,0.561,TI,pair-4,dr2,7,trajectory,other
VAE,VAE,VAE,Pearson,0.288,TI,pair-4,dr3,7,trajectory,other
VAE,VAE,VAE,Qglobal,0.798,TI,pair-4,dr2,7,trajectory,other
VAE,VAE,VAE,Qlocal,0.31,TI,pair-4,dr2,7,trajectory,other
VAE,VAE,VAE,centroid_distance,0.498,TI,pair-4,dr1,7,trajectory,other
VAE,VAE,VAE,k-nearest,0.667,TI,pair-4,dr1,7,trajectory,other
VAE,VAE,VAE,kmax,4352.0,TI,pair-4,dr2,7,trajectory,other
VAE,VAE,VAE,random_triplet,0.595,TI,pair-4,dr1,7,trajectory,other
VAE,VAE,VAE,spearman,0.327,TI,pair-4,dr1,7,trajectory,other
VAE,VAE,VAE,svm,0.851,TI,pair-4,dr1,7,trajectory,other
VAE,VAE,VAE,AUC,0.521,TI,parenchyme,dr2,7,trajectory,other
VAE,VAE,VAE,Pearson,0.107,TI,parenchyme,dr3,7,trajectory,other
VAE,VAE,VAE,Qglobal,0.725,TI,parenchyme,dr2,7,trajectory,other
VAE,VAE,VAE,Qlocal,0.234,TI,parenchyme,dr2,7,trajectory,other
VAE,VAE,VAE,centroid_distance,0.546,TI,parenchyme,dr1,7,trajectory,other
VAE,VAE,VAE,k-nearest,0.2,TI,parenchyme,dr1,7,trajectory,other
VAE,VAE,VAE,kmax,824.0,TI,parenchyme,dr2,7,trajectory,other
VAE,VAE,VAE,random_triplet,0.526,TI,parenchyme,dr1,7,trajectory,other
VAE,VAE,VAE,spearman,0.107,TI,parenchyme,dr1,7,trajectory,other
VAE,VAE,VAE,svm,0.378,TI,parenchyme,dr1,7,trajectory,other
VAE,VAE,VAE,AUC,0.564,TI,phagocyte,dr2,7,trajectory,other
VAE,VAE,VAE,Pearson,0.22,TI,phagocyte,dr3,7,trajectory,other
VAE,VAE,VAE,Qglobal,0.696,TI,phagocyte,dr2,7,trajectory,other
VAE,VAE,VAE,Qlocal,0.202,TI,phagocyte,dr2,7,trajectory,other
VAE,VAE,VAE,centroid_distance,1.0,TI,phagocyte,dr1,7,trajectory,other
VAE,VAE,VAE,k-nearest,1.0,TI,phagocyte,dr1,7,trajectory,other
VAE,VAE,VAE,kmax,186.0,TI,phagocyte,dr2,7,trajectory,other
VAE,VAE,VAE,random_triplet,0.588,TI,phagocyte,dr1,7,trajectory,other
VAE,VAE,VAE,spearman,0.211,TI,phagocyte,dr1,7,trajectory,other
VAE,VAE,VAE,svm,0.715,TI,phagocyte,dr1,7,trajectory,other
VAE,VAE,VAE,AUC,0.561,TI,pharynx,dr2,7,trajectory,other
VAE,VAE,VAE,Pearson,0.165,TI,pharynx,dr3,7,trajectory,other
VAE,VAE,VAE,Qglobal,0.8,TI,pharynx,dr2,7,trajectory,other
VAE,VAE,VAE,Qlocal,0.324,TI,pharynx,dr2,7,trajectory,other
VAE,VAE,VAE,centroid_distance,1.0,TI,pharynx,dr1,7,trajectory,other
VAE,VAE,VAE,k-nearest,1.0,TI,pharynx,dr1,7,trajectory,other
VAE,VAE,VAE,kmax,145.0,TI,pharynx,dr2,7,trajectory,other
VAE,VAE,VAE,random_triplet,0.579,TI,pharynx,dr1,7,trajectory,other
VAE,VAE,VAE,spearman,0.158,TI,pharynx,dr1,7,trajectory,other
VAE,VAE,VAE,svm,0.88,TI,pharynx,dr1,7,trajectory,other
VAE,VAE,VAE,AUC,0.571,TI,trophectoderm,dr2,7,trajectory,other
VAE,VAE,VAE,Pearson,0.335,TI,trophectoderm,dr3,7,trajectory,other
VAE,VAE,VAE,Qglobal,0.616,TI,trophectoderm,dr2,7,trajectory,other
VAE,VAE,VAE,Qlocal,0.139,TI,trophectoderm,dr2,7,trajectory,other
VAE,VAE,VAE,centroid_distance,0.575,TI,trophectoderm,dr1,7,trajectory,other
VAE,VAE,VAE,k-nearest,0.333,TI,trophectoderm,dr1,7,trajectory,other
VAE,VAE,VAE,kmax,8.0,TI,trophectoderm,dr2,7,trajectory,other
VAE,VAE,VAE,random_triplet,0.566,TI,trophectoderm,dr1,7,trajectory,other
VAE,VAE,VAE,spearman,0.286,TI,trophectoderm,dr1,7,trajectory,other
VAE,VAE,VAE,svm,0.735,TI,trophectoderm,dr1,7,trajectory,other
VAE,VAE,VAE,AUC,0.68,VASC,Baron,dr2,7,VASC,other
VAE,VAE,VAE,Pearson,0.391,VASC,Baron,dr3,7,VASC,other
VAE,VAE,VAE,Qglobal,0.706,VASC,Baron,dr2,7,VASC,other
VAE,VAE,VAE,Qlocal,0.42,VASC,Baron,dr2,7,VASC,other
VAE,VAE,VAE,centroid_distance,0.547,VASC,Baron,dr1,7,VASC,other
VAE,VAE,VAE,k-nearest,0.482,VASC,Baron,dr1,7,VASC,other
VAE,VAE,VAE,kmax,776.0,VASC,Baron,dr2,7,VASC,other
VAE,VAE,VAE,random_triplet,0.652,VASC,Baron,dr1,7,VASC,other
VAE,VAE,VAE,spearman,0.395,VASC,Baron,dr1,7,VASC,other
VAE,VAE,VAE,svm,0.346,VASC,Baron,dr1,7,VASC,other
VAE,VAE,VAE,AUC,0.588,VASC,Biase,dr2,7,VASC,other
VAE,VAE,VAE,Pearson,0.266,VASC,Biase,dr3,7,VASC,other
VAE,VAE,VAE,Qglobal,0.709,VASC,Biase,dr2,7,VASC,other
VAE,VAE,VAE,Qlocal,0.276,VASC,Biase,dr2,7,VASC,other
VAE,VAE,VAE,centroid_distance,0.518,VASC,Biase,dr1,7,VASC,other
VAE,VAE,VAE,k-nearest,0.25,VASC,Biase,dr1,7,VASC,other
VAE,VAE,VAE,kmax,15.0,VASC,Biase,dr2,7,VASC,other
VAE,VAE,VAE,random_triplet,0.614,VASC,Biase,dr1,7,VASC,other
VAE,VAE,VAE,spearman,0.233,VASC,Biase,dr1,7,VASC,other
VAE,VAE,VAE,svm,0.663,VASC,Biase,dr1,7,VASC,other
VAE,VAE,VAE,AUC,0.631,VASC,Goolam,dr2,7,VASC,other
VAE,VAE,VAE,Pearson,0.315,VASC,Goolam,dr3,7,VASC,other
VAE,VAE,VAE,Qglobal,0.68,VASC,Goolam,dr2,7,VASC,other
VAE,VAE,VAE,Qlocal,0.283,VASC,Goolam,dr2,7,VASC,other
VAE,VAE,VAE,centroid_distance,0.869,VASC,Goolam,dr1,7,VASC,other
VAE,VAE,VAE,k-nearest,0.6,VASC,Goolam,dr1,7,VASC,other
VAE,VAE,VAE,kmax,15.0,VASC,Goolam,dr2,7,VASC,other
VAE,VAE,VAE,random_triplet,0.606,VASC,Goolam,dr1,7,VASC,other
VAE,VAE,VAE,spearman,0.353,VASC,Goolam,dr1,7,VASC,other
VAE,VAE,VAE,svm,0.806,VASC,Goolam,dr1,7,VASC,other
VAE,VAE,VAE,AUC,0.605,VASC,Xin,dr2,7,VASC,other
VAE,VAE,VAE,Pearson,0.334,VASC,Xin,dr3,7,VASC,other
VAE,VAE,VAE,Qglobal,0.738,VASC,Xin,dr2,7,VASC,other
VAE,VAE,VAE,Qlocal,0.293,VASC,Xin,dr2,7,VASC,other
VAE,VAE,VAE,centroid_distance,0.71,VASC,Xin,dr1,7,VASC,other
VAE,VAE,VAE,k-nearest,0.812,VASC,Xin,dr1,7,VASC,other
VAE,VAE,VAE,kmax,479.0,VASC,Xin,dr2,7,VASC,other
VAE,VAE,VAE,random_triplet,0.626,VASC,Xin,dr1,7,VASC,other
VAE,VAE,VAE,spearman,0.39,VASC,Xin,dr1,7,VASC,other
VAE,VAE,VAE,svm,0.944,VASC,Xin,dr1,7,VASC,other
VAE,VAE,VAE,AUC,0.613,VASC,Zeisel,dr2,7,VASC,other
VAE,VAE,VAE,Pearson,0.095,VASC,Zeisel,dr3,7,VASC,other
VAE,VAE,VAE,Qglobal,0.638,VASC,Zeisel,dr2,7,VASC,other
VAE,VAE,VAE,Qlocal,0.323,VASC,Zeisel,dr2,7,VASC,other
VAE,VAE,VAE,centroid_distance,0.133,VASC,Zeisel,dr1,7,VASC,other
VAE,VAE,VAE,k-nearest,0.222,VASC,Zeisel,dr1,7,VASC,other
VAE,VAE,VAE,kmax,232.0,VASC,Zeisel,dr2,7,VASC,other
VAE,VAE,VAE,random_triplet,0.561,VASC,Zeisel,dr1,7,VASC,other
VAE,VAE,VAE,spearman,0.099,VASC,Zeisel,dr1,7,VASC,other
VAE,VAE,VAE,svm,0.89,VASC,Zeisel,dr1,7,VASC,other
VAE,VAE,VAE,AUC,0.741,VASC,yan,dr2,7,VASC,other
VAE,VAE,VAE,Pearson,0.396,VASC,yan,dr3,7,VASC,other
VAE,VAE,VAE,Qglobal,0.81,VASC,yan,dr2,7,VASC,other
VAE,VAE,VAE,Qlocal,0.432,VASC,yan,dr2,7,VASC,other
VAE,VAE,VAE,centroid_distance,0.971,VASC,yan,dr1,7,VASC,other
VAE,VAE,VAE,k-nearest,1.0,VASC,yan,dr1,7,VASC,other
VAE,VAE,VAE,kmax,15.0,VASC,yan,dr2,7,VASC,other
VAE,VAE,VAE,random_triplet,0.751,VASC,yan,dr1,7,VASC,other
VAE,VAE,VAE,spearman,0.65,VASC,yan,dr1,7,VASC,other
VAE,VAE,VAE,svm,0.789,VASC,yan,dr1,7,VASC,other
VAE,VAE,VAE,AUC,0.6,benchmarker,Baron_mouse,dr2,7,curated,other
VAE,VAE,VAE,Pearson,0.353,benchmarker,Baron_mouse,dr3,7,curated,other
VAE,VAE,VAE,Qglobal,0.622,benchmarker,Baron_mouse,dr2,7,curated,other
VAE,VAE,VAE,Qlocal,0.272,benchmarker,Baron_mouse,dr2,7,curated,other
VAE,VAE,VAE,centroid_distance,0.529,benchmarker,Baron_mouse,dr1,7,curated,other
VAE,VAE,VAE,k-nearest,0.641,benchmarker,Baron_mouse,dr1,7,curated,other
VAE,VAE,VAE,kmax,121.0,benchmarker,Baron_mouse,dr2,7,curated,other
VAE,VAE,VAE,random_triplet,0.59,benchmarker,Baron_mouse,dr1,7,curated,other
VAE,VAE,VAE,spearman,0.319,benchmarker,Baron_mouse,dr1,7,curated,other
VAE,VAE,VAE,svm,0.962,benchmarker,Baron_mouse,dr1,7,curated,other
VAE,VAE,VAE,AUC,0.575,benchmarker,Darmanis,dr2,7,curated,other
VAE,VAE,VAE,Pearson,0.241,benchmarker,Darmanis,dr3,7,curated,other
VAE,VAE,VAE,Qglobal,0.716,benchmarker,Darmanis,dr2,7,curated,other
VAE,VAE,VAE,Qlocal,0.27,benchmarker,Darmanis,dr2,7,curated,other
VAE,VAE,VAE,centroid_distance,0.43,benchmarker,Darmanis,dr1,7,curated,other
VAE,VAE,VAE,k-nearest,0.375,benchmarker,Darmanis,dr1,7,curated,other
VAE,VAE,VAE,kmax,132.0,benchmarker,Darmanis,dr2,7,curated,other
VAE,VAE,VAE,random_triplet,0.58,benchmarker,Darmanis,dr1,7,curated,other
VAE,VAE,VAE,spearman,0.223,benchmarker,Darmanis,dr1,7,curated,other
VAE,VAE,VAE,svm,0.455,benchmarker,Darmanis,dr1,7,curated,other
VAE,VAE,VAE,AUC,0.577,benchmarker,Pancreatic,dr2,7,curated,other
VAE,VAE,VAE,Pearson,0.316,benchmarker,Pancreatic,dr3,7,curated,other
VAE,VAE,VAE,Qglobal,0.698,benchmarker,Pancreatic,dr2,7,curated,other
VAE,VAE,VAE,Qlocal,0.23,benchmarker,Pancreatic,dr2,7,curated,other
VAE,VAE,VAE,centroid_distance,0.878,benchmarker,Pancreatic,dr1,7,curated,other
VAE,VAE,VAE,k-nearest,0.833,benchmarker,Pancreatic,dr1,7,curated,other
VAE,VAE,VAE,kmax,15.0,benchmarker,Pancreatic,dr2,7,curated,other
VAE,VAE,VAE,random_triplet,0.607,benchmarker,Pancreatic,dr1,7,curated,other
VAE,VAE,VAE,spearman,0.271,benchmarker,Pancreatic,dr1,7,curated,other
VAE,VAE,VAE,svm,0.317,benchmarker,Pancreatic,dr1,7,curated,other
VAE,VAE,VAE,AUC,0.651,benchmarker,Silver,dr2,7,curated,other
VAE,VAE,VAE,Pearson,0.464,benchmarker,Silver,dr3,7,curated,other
VAE,VAE,VAE,Qglobal,0.739,benchmarker,Silver,dr2,7,curated,other
VAE,VAE,VAE,Qlocal,0.355,benchmarker,Silver,dr2,7,curated,other
VAE,VAE,VAE,centroid_distance,0.907,benchmarker,Silver,dr1,7,curated,other
VAE,VAE,VAE,k-nearest,0.697,benchmarker,Silver,dr1,7,curated,other
VAE,VAE,VAE,kmax,594.0,benchmarker,Silver,dr2,7,curated,other
VAE,VAE,VAE,random_triplet,0.66,benchmarker,Silver,dr1,7,curated,other
VAE,VAE,VAE,spearman,0.466,benchmarker,Silver,dr1,7,curated,other
VAE,VAE,VAE,svm,0.531,benchmarker,Silver,dr1,7,curated,other
VAE,VAE,VAE,AUC,0.615,benchmarker,Zhengmix4eq,dr2,7,curated,other
VAE,VAE,VAE,Pearson,0.272,benchmarker,Zhengmix4eq,dr3,7,curated,other
VAE,VAE,VAE,Qglobal,0.711,benchmarker,Zhengmix4eq,dr2,7,curated,other
VAE,VAE,VAE,Qlocal,0.299,benchmarker,Zhengmix4eq,dr2,7,curated,other
VAE,VAE,VAE,centroid_distance,0.759,benchmarker,Zhengmix4eq,dr1,7,curated,other
VAE,VAE,VAE,k-nearest,0.75,benchmarker,Zhengmix4eq,dr1,7,curated,other
VAE,VAE,VAE,kmax,929.0,benchmarker,Zhengmix4eq,dr2,7,curated,other
VAE,VAE,VAE,random_triplet,0.608,benchmarker,Zhengmix4eq,dr1,7,curated,other
VAE,VAE,VAE,spearman,0.299,benchmarker,Zhengmix4eq,dr1,7,curated,other
VAE,VAE,VAE,svm,0.951,benchmarker,Zhengmix4eq,dr1,7,curated,other
VAE,VAE,VAE,AUC,0.625,scDesign3,ACINAR,dr2,7,scDesign3,other
VAE,VAE,VAE,Pearson,0.133,scDesign3,ACINAR,dr3,7,scDesign3,other
VAE,VAE,VAE,Qglobal,0.661,scDesign3,ACINAR,dr2,7,scDesign3,other
VAE,VAE,VAE,Qlocal,0.263,scDesign3,ACINAR,dr2,7,scDesign3,other
VAE,VAE,VAE,centroid_distance,0.557,scDesign3,ACINAR,dr1,7,scDesign3,other
VAE,VAE,VAE,k-nearest,0.5,scDesign3,ACINAR,dr1,7,scDesign3,other
VAE,VAE,VAE,kmax,277.0,scDesign3,ACINAR,dr2,7,scDesign3,other
VAE,VAE,VAE,random_triplet,0.628,scDesign3,ACINAR,dr1,7,scDesign3,other
VAE,VAE,VAE,spearman,0.286,scDesign3,ACINAR,dr1,7,scDesign3,other
VAE,VAE,VAE,svm,0.693,scDesign3,ACINAR,dr1,7,scDesign3,other
VAE,VAE,VAE,AUC,0.568,scDesign3,ATAC,dr2,7,scDesign3,other
VAE,VAE,VAE,Pearson,0.136,scDesign3,ATAC,dr3,7,scDesign3,other
VAE,VAE,VAE,Qglobal,0.652,scDesign3,ATAC,dr2,7,scDesign3,other
VAE,VAE,VAE,Qlocal,0.216,scDesign3,ATAC,dr2,7,scDesign3,other
VAE,VAE,VAE,centroid_distance,0.57,scDesign3,ATAC,dr1,7,scDesign3,other
VAE,VAE,VAE,k-nearest,0.846,scDesign3,ATAC,dr1,7,scDesign3,other
VAE,VAE,VAE,kmax,1359.0,scDesign3,ATAC,dr2,7,scDesign3,other
VAE,VAE,VAE,random_triplet,0.56,scDesign3,ATAC,dr1,7,scDesign3,other
VAE,VAE,VAE,spearman,0.137,scDesign3,ATAC,dr1,7,scDesign3,other
VAE,VAE,VAE,svm,0.899,scDesign3,ATAC,dr1,7,scDesign3,other
VAE,VAE,VAE,AUC,0.668,scDesign3,BATCH,dr2,7,scDesign3,other
VAE,VAE,VAE,Pearson,0.158,scDesign3,BATCH,dr3,7,scDesign3,other
VAE,VAE,VAE,Qglobal,0.7,scDesign3,BATCH,dr2,7,scDesign3,other
VAE,VAE,VAE,Qlocal,0.377,scDesign3,BATCH,dr2,7,scDesign3,other
VAE,VAE,VAE,centroid_distance,0.393,scDesign3,BATCH,dr1,7,scDesign3,other
VAE,VAE,VAE,k-nearest,0.389,scDesign3,BATCH,dr1,7,scDesign3,other
VAE,VAE,VAE,kmax,616.0,scDesign3,BATCH,dr2,7,scDesign3,other
VAE,VAE,VAE,random_triplet,0.641,scDesign3,BATCH,dr1,7,scDesign3,other
VAE,VAE,VAE,spearman,0.292,scDesign3,BATCH,dr1,7,scDesign3,other
VAE,VAE,VAE,svm,0.93,scDesign3,BATCH,dr1,7,scDesign3,other
VAE,VAE,VAE,AUC,0.624,scDesign3,CITE,dr2,7,scDesign3,other
VAE,VAE,VAE,Pearson,0.114,scDesign3,CITE,dr3,7,scDesign3,other
VAE,VAE,VAE,Qglobal,0.71,scDesign3,CITE,dr2,7,scDesign3,other
VAE,VAE,VAE,Qlocal,0.327,scDesign3,CITE,dr2,7,scDesign3,other
VAE,VAE,VAE,centroid_distance,0.295,scDesign3,CITE,dr1,7,scDesign3,other
VAE,VAE,VAE,k-nearest,0.4,scDesign3,CITE,dr1,7,scDesign3,other
VAE,VAE,VAE,kmax,1942.0,scDesign3,CITE,dr2,7,scDesign3,other
VAE,VAE,VAE,random_triplet,0.62,scDesign3,CITE,dr1,7,scDesign3,other
VAE,VAE,VAE,spearman,0.297,scDesign3,CITE,dr1,7,scDesign3,other
VAE,VAE,VAE,svm,0.819,scDesign3,CITE,dr1,7,scDesign3,other
VAE,VAE,VAE,AUC,0.601,scDesign3,EMBYRO,dr2,7,scDesign3,other
VAE,VAE,VAE,Pearson,0.11,scDesign3,EMBYRO,dr3,7,scDesign3,other
VAE,VAE,VAE,Qglobal,0.604,scDesign3,EMBYRO,dr2,7,scDesign3,other
VAE,VAE,VAE,Qlocal,0.259,scDesign3,EMBYRO,dr2,7,scDesign3,other
VAE,VAE,VAE,centroid_distance,0.826,scDesign3,EMBYRO,dr1,7,scDesign3,other
VAE,VAE,VAE,k-nearest,0.4,scDesign3,EMBYRO,dr1,7,scDesign3,other
VAE,VAE,VAE,kmax,14.0,scDesign3,EMBYRO,dr2,7,scDesign3,other
VAE,VAE,VAE,random_triplet,0.594,scDesign3,EMBYRO,dr1,7,scDesign3,other
VAE,VAE,VAE,spearman,0.211,scDesign3,EMBYRO,dr1,7,scDesign3,other
VAE,VAE,VAE,svm,0.852,scDesign3,EMBYRO,dr1,7,scDesign3,other
VAE,VAE,VAE,AUC,0.629,scDesign3,IFNB,dr2,7,scDesign3,other
VAE,VAE,VAE,Pearson,0.209,scDesign3,IFNB,dr3,7,scDesign3,other
VAE,VAE,VAE,Qglobal,0.68,scDesign3,IFNB,dr2,7,scDesign3,other
VAE,VAE,VAE,Qlocal,0.264,scDesign3,IFNB,dr2,7,scDesign3,other
VAE,VAE,VAE,centroid_distance,0.293,scDesign3,IFNB,dr1,7,scDesign3,other
VAE,VAE,VAE,k-nearest,0.385,scDesign3,IFNB,dr1,7,scDesign3,other
VAE,VAE,VAE,kmax,1728.0,scDesign3,IFNB,dr2,7,scDesign3,other
VAE,VAE,VAE,random_triplet,0.631,scDesign3,IFNB,dr1,7,scDesign3,other
VAE,VAE,VAE,spearman,0.305,scDesign3,IFNB,dr1,7,scDesign3,other
VAE,VAE,VAE,svm,0.888,scDesign3,IFNB,dr1,7,scDesign3,other
VAE,VAE,VAE,AUC,0.745,scDesign3,MARROW,dr2,7,scDesign3,other
VAE,VAE,VAE,Pearson,0.668,scDesign3,MARROW,dr3,7,scDesign3,other
VAE,VAE,VAE,Qglobal,0.847,scDesign3,MARROW,dr2,7,scDesign3,other
VAE,VAE,VAE,Qlocal,0.458,scDesign3,MARROW,dr2,7,scDesign3,other
VAE,VAE,VAE,centroid_distance,0.858,scDesign3,MARROW,dr1,7,scDesign3,other
VAE,VAE,VAE,k-nearest,0.667,scDesign3,MARROW,dr1,7,scDesign3,other
VAE,VAE,VAE,kmax,696.0,scDesign3,MARROW,dr2,7,scDesign3,other
VAE,VAE,VAE,random_triplet,0.79,scDesign3,MARROW,dr1,7,scDesign3,other
VAE,VAE,VAE,spearman,0.687,scDesign3,MARROW,dr1,7,scDesign3,other
VAE,VAE,VAE,svm,0.912,scDesign3,MARROW,dr1,7,scDesign3,other
VAE,VAE,VAE,AUC,0.635,scDesign3,MOBSC,dr2,7,scDesign3,other
VAE,VAE,VAE,Pearson,0.362,scDesign3,MOBSC,dr3,7,scDesign3,other
VAE,VAE,VAE,Qglobal,0.691,scDesign3,MOBSC,dr2,7,scDesign3,other
VAE,VAE,VAE,Qlocal,0.285,scDesign3,MOBSC,dr2,7,scDesign3,other
VAE,VAE,VAE,centroid_distance,0.566,scDesign3,MOBSC,dr1,7,scDesign3,other
VAE,VAE,VAE,k-nearest,0.5,scDesign3,MOBSC,dr1,7,scDesign3,other
VAE,VAE,VAE,kmax,1727.0,scDesign3,MOBSC,dr2,7,scDesign3,other
VAE,VAE,VAE,random_triplet,0.638,scDesign3,MOBSC,dr1,7,scDesign3,other
VAE,VAE,VAE,spearman,0.369,scDesign3,MOBSC,dr1,7,scDesign3,other
VAE,VAE,VAE,svm,0.882,scDesign3,MOBSC,dr1,7,scDesign3,other
VAE,VAE,VAE,AUC,0.633,scDesign3,OVARIAN,dr2,7,scDesign3,other
VAE,VAE,VAE,Pearson,0.137,scDesign3,OVARIAN,dr3,7,scDesign3,other
VAE,VAE,VAE,Qglobal,0.708,scDesign3,OVARIAN,dr2,7,scDesign3,other
VAE,VAE,VAE,Qlocal,0.314,scDesign3,OVARIAN,dr2,7,scDesign3,other
VAE,VAE,VAE,centroid_distance,0.519,scDesign3,OVARIAN,dr1,7,scDesign3,other
VAE,VAE,VAE,k-nearest,0.333,scDesign3,OVARIAN,dr1,7,scDesign3,other
VAE,VAE,VAE,kmax,662.0,scDesign3,OVARIAN,dr2,7,scDesign3,other
VAE,VAE,VAE,random_triplet,0.63,scDesign3,OVARIAN,dr1,7,scDesign3,other
VAE,VAE,VAE,spearman,0.263,scDesign3,OVARIAN,dr1,7,scDesign3,other
VAE,VAE,VAE,svm,0.764,scDesign3,OVARIAN,dr1,7,scDesign3,other
VAE,VAE,VAE,AUC,0.719,scDesign3,PANCREAS,dr2,7,scDesign3,other
VAE,VAE,VAE,Pearson,0.353,scDesign3,PANCREAS,dr3,7,scDesign3,other
VAE,VAE,VAE,Qglobal,0.795,scDesign3,PANCREAS,dr2,7,scDesign3,other
VAE,VAE,VAE,Qlocal,0.414,scDesign3,PANCREAS,dr2,7,scDesign3,other
VAE,VAE,VAE,centroid_distance,0.88,scDesign3,PANCREAS,dr1,7,scDesign3,other
VAE,VAE,VAE,k-nearest,0.75,scDesign3,PANCREAS,dr1,7,scDesign3,other
VAE,VAE,VAE,kmax,417.0,scDesign3,PANCREAS,dr2,7,scDesign3,other
VAE,VAE,VAE,random_triplet,0.736,scDesign3,PANCREAS,dr1,7,scDesign3,other
VAE,VAE,VAE,spearman,0.496,scDesign3,PANCREAS,dr1,7,scDesign3,other
VAE,VAE,VAE,svm,0.927,scDesign3,PANCREAS,dr1,7,scDesign3,other
VAE,VAE,VAE,AUC,0.789,scDesign3,SCGEMMETH,dr2,7,scDesign3,other
VAE,VAE,VAE,Pearson,0.856,scDesign3,SCGEMMETH,dr3,7,scDesign3,other
VAE,VAE,VAE,Qglobal,0.911,scDesign3,SCGEMMETH,dr2,7,scDesign3,other
VAE,VAE,VAE,Qlocal,0.588,scDesign3,SCGEMMETH,dr2,7,scDesign3,other
VAE,VAE,VAE,centroid_distance,0.976,scDesign3,SCGEMMETH,dr1,7,scDesign3,other
VAE,VAE,VAE,k-nearest,1.0,scDesign3,SCGEMMETH,dr1,7,scDesign3,other
VAE,VAE,VAE,kmax,51.0,scDesign3,SCGEMMETH,dr2,7,scDesign3,other
VAE,VAE,VAE,random_triplet,0.82,scDesign3,SCGEMMETH,dr1,7,scDesign3,other
VAE,VAE,VAE,spearman,0.877,scDesign3,SCGEMMETH,dr1,7,scDesign3,other
VAE,VAE,VAE,svm,0.741,scDesign3,SCGEMMETH,dr1,7,scDesign3,other
VAE,VAE,VAE,AUC,0.815,scDesign3,SCGEMRNA,dr2,7,scDesign3,other
VAE,VAE,VAE,Pearson,0.867,scDesign3,SCGEMRNA,dr3,7,scDesign3,other
VAE,VAE,VAE,Qglobal,0.839,scDesign3,SCGEMRNA,dr2,7,scDesign3,other
VAE,VAE,VAE,Qlocal,0.465,scDesign3,SCGEMRNA,dr2,7,scDesign3,other
VAE,VAE,VAE,centroid_distance,0.981,scDesign3,SCGEMRNA,dr1,7,scDesign3,other
VAE,VAE,VAE,k-nearest,0.8,scDesign3,SCGEMRNA,dr1,7,scDesign3,other
VAE,VAE,VAE,kmax,10.0,scDesign3,SCGEMRNA,dr2,7,scDesign3,other
VAE,VAE,VAE,random_triplet,0.854,scDesign3,SCGEMRNA,dr1,7,scDesign3,other
VAE,VAE,VAE,spearman,0.879,scDesign3,SCGEMRNA,dr1,7,scDesign3,other
VAE,VAE,VAE,svm,0.836,scDesign3,SCGEMRNA,dr1,7,scDesign3,other
VAE,VAE,VAE,AUC,0.557,scDesign3,SCIATAC,dr2,7,scDesign3,other
VAE,VAE,VAE,Pearson,0.305,scDesign3,SCIATAC,dr3,7,scDesign3,other
VAE,VAE,VAE,Qglobal,0.763,scDesign3,SCIATAC,dr2,7,scDesign3,other
VAE,VAE,VAE,Qlocal,0.263,scDesign3,SCIATAC,dr2,7,scDesign3,other
VAE,VAE,VAE,centroid_distance,0.418,scDesign3,SCIATAC,dr1,7,scDesign3,other
VAE,VAE,VAE,k-nearest,0.306,scDesign3,SCIATAC,dr1,7,scDesign3,other
VAE,VAE,VAE,kmax,1658.0,scDesign3,SCIATAC,dr2,7,scDesign3,other
VAE,VAE,VAE,random_triplet,0.599,scDesign3,SCIATAC,dr1,7,scDesign3,other
VAE,VAE,VAE,spearman,0.313,scDesign3,SCIATAC,dr1,7,scDesign3,other
VAE,VAE,VAE,svm,0.51,scDesign3,SCIATAC,dr1,7,scDesign3,other
VAE,VAE,VAE,AUC,0.527,scDesign3,SLIDE,dr2,7,scDesign3,other
VAE,VAE,VAE,Pearson,0.174,scDesign3,SLIDE,dr3,7,scDesign3,other
VAE,VAE,VAE,Qglobal,0.828,scDesign3,SLIDE,dr2,7,scDesign3,other
VAE,VAE,VAE,Qlocal,0.34,scDesign3,SLIDE,dr2,7,scDesign3,other
VAE,VAE,VAE,centroid_distance,0.797,scDesign3,SLIDE,dr1,7,scDesign3,other
VAE,VAE,VAE,k-nearest,0.485,scDesign3,SLIDE,dr1,7,scDesign3,other
VAE,VAE,VAE,kmax,14420.0,scDesign3,SLIDE,dr2,7,scDesign3,other
VAE,VAE,VAE,random_triplet,0.542,scDesign3,SLIDE,dr1,7,scDesign3,other
VAE,VAE,VAE,spearman,0.221,scDesign3,SLIDE,dr1,7,scDesign3,other
VAE,VAE,VAE,svm,0.524,scDesign3,SLIDE,dr1,7,scDesign3,other
VAE,VAE,VAE,AUC,0.609,scDesign3,VISIUM,dr2,7,scDesign3,other
VAE,VAE,VAE,Pearson,0.155,scDesign3,VISIUM,dr3,7,scDesign3,other
VAE,VAE,VAE,Qglobal,0.626,scDesign3,VISIUM,dr2,7,scDesign3,other
VAE,VAE,VAE,Qlocal,0.271,scDesign3,VISIUM,dr2,7,scDesign3,other
VAE,VAE,VAE,centroid_distance,0.496,scDesign3,VISIUM,dr1,7,scDesign3,other
VAE,VAE,VAE,k-nearest,0.5,scDesign3,VISIUM,dr1,7,scDesign3,other
VAE,VAE,VAE,kmax,131.0,scDesign3,VISIUM,dr2,7,scDesign3,other
VAE,VAE,VAE,random_triplet,0.584,scDesign3,VISIUM,dr1,7,scDesign3,other
VAE,VAE,VAE,spearman,0.219,scDesign3,VISIUM,dr1,7,scDesign3,other
VAE,VAE,VAE,svm,0.898,scDesign3,VISIUM,dr1,7,scDesign3,other
scvis,scvis,scvis,AUC,0.657,SIMLR,Pollen,dr2,8,SIMLR,other
scvis,scvis,scvis,Pearson,0.324,SIMLR,Pollen,dr3,8,SIMLR,other
scvis,scvis,scvis,Qglobal,0.684,SIMLR,Pollen,dr2,8,SIMLR,other
scvis,scvis,scvis,Qlocal,0.375,SIMLR,Pollen,dr2,8,SIMLR,other
scvis,scvis,scvis,centroid_distance,0.494,SIMLR,Pollen,dr1,8,SIMLR,other
scvis,scvis,scvis,k-nearest,0.606,SIMLR,Pollen,dr1,8,SIMLR,other
scvis,scvis,scvis,kmax,21.0,SIMLR,Pollen,dr2,8,SIMLR,other
scvis,scvis,scvis,random_triplet,0.627,SIMLR,Pollen,dr1,8,SIMLR,other
scvis,scvis,scvis,spearman,0.292,SIMLR,Pollen,dr1,8,SIMLR,other
scvis,scvis,scvis,svm,0.839,SIMLR,Pollen,dr1,8,SIMLR,other
scvis,scvis,scvis,AUC,0.603,SIMLR,Usoskin,dr2,8,SIMLR,other
scvis,scvis,scvis,Pearson,0.354,SIMLR,Usoskin,dr3,8,SIMLR,other
scvis,scvis,scvis,Qglobal,0.708,SIMLR,Usoskin,dr2,8,SIMLR,other
scvis,scvis,scvis,Qlocal,0.245,SIMLR,Usoskin,dr2,8,SIMLR,other
scvis,scvis,scvis,centroid_distance,0.518,SIMLR,Usoskin,dr1,8,SIMLR,other
scvis,scvis,scvis,k-nearest,0.25,SIMLR,Usoskin,dr1,8,SIMLR,other
scvis,scvis,scvis,kmax,140.0,SIMLR,Usoskin,dr2,8,SIMLR,other
scvis,scvis,scvis,random_triplet,0.637,SIMLR,Usoskin,dr1,8,SIMLR,other
scvis,scvis,scvis,spearman,0.36,SIMLR,Usoskin,dr1,8,SIMLR,other
scvis,scvis,scvis,svm,0.859,SIMLR,Usoskin,dr1,8,SIMLR,other
scvis,scvis,scvis,AUC,0.772,TI,DA1_horns,dr2,8,trajectory,other
scvis,scvis,scvis,Pearson,0.584,TI,DA1_horns,dr3,8,trajectory,other
scvis,scvis,scvis,Qglobal,0.845,TI,DA1_horns,dr2,8,trajectory,other
scvis,scvis,scvis,Qlocal,0.388,TI,DA1_horns,dr2,8,trajectory,other
scvis,scvis,scvis,centroid_distance,0.981,TI,DA1_horns,dr1,8,trajectory,other
scvis,scvis,scvis,k-nearest,0.8,TI,DA1_horns,dr1,8,trajectory,other
scvis,scvis,scvis,kmax,43.0,TI,DA1_horns,dr2,8,trajectory,other
scvis,scvis,scvis,random_triplet,0.819,TI,DA1_horns,dr1,8,trajectory,other
scvis,scvis,scvis,spearman,0.836,TI,DA1_horns,dr1,8,trajectory,other
scvis,scvis,scvis,svm,0.946,TI,DA1_horns,dr1,8,trajectory,other
scvis,scvis,scvis,AUC,0.826,TI,DC3_VA1d_horns,dr2,8,trajectory,other
scvis,scvis,scvis,Pearson,0.579,TI,DC3_VA1d_horns,dr3,8,trajectory,other
scvis,scvis,scvis,Qglobal,0.887,TI,DC3_VA1d_horns,dr2,8,trajectory,other
scvis,scvis,scvis,Qlocal,0.57,TI,DC3_VA1d_horns,dr2,8,trajectory,other
scvis,scvis,scvis,centroid_distance,0.943,TI,DC3_VA1d_horns,dr1,8,trajectory,other
scvis,scvis,scvis,k-nearest,0.833,TI,DC3_VA1d_horns,dr1,8,trajectory,other
scvis,scvis,scvis,kmax,30.0,TI,DC3_VA1d_horns,dr2,8,trajectory,other
scvis,scvis,scvis,random_triplet,0.835,TI,DC3_VA1d_horns,dr1,8,trajectory,other
scvis,scvis,scvis,spearman,0.889,TI,DC3_VA1d_horns,dr1,8,trajectory,other
scvis,scvis,scvis,svm,0.858,TI,DC3_VA1d_horns,dr1,8,trajectory,other
scvis,scvis,scvis,AUC,0.824,TI,ICM,dr2,8,trajectory,other
scvis,scvis,scvis,Pearson,0.785,TI,ICM,dr3,8,trajectory,other
scvis,scvis,scvis,Qglobal,0.85,TI,ICM,dr2,8,trajectory,other
scvis,scvis,scvis,Qlocal,0.629,TI,ICM,dr2,8,trajectory,other
scvis,scvis,scvis,centroid_distance,0.862,TI,ICM,dr1,8,trajectory,other
scvis,scvis,scvis,k-nearest,0.767,TI,ICM,dr1,8,trajectory,other
scvis,scvis,scvis,kmax,29.0,TI,ICM,dr2,8,trajectory,other
scvis,scvis,scvis,random_triplet,0.82,TI,ICM,dr1,8,trajectory,other
scvis,scvis,scvis,spearman,0.806,TI,ICM,dr1,8,trajectory,other
scvis,scvis,scvis,svm,0.952,TI,ICM,dr1,8,trajectory,other
scvis,scvis,scvis,AUC,0.789,TI,blastocyst,dr2,8,trajectory,other
scvis,scvis,scvis,Pearson,0.694,TI,blastocyst,dr3,8,trajectory,other
scvis,scvis,scvis,Qglobal,0.815,TI,blastocyst,dr2,8,trajectory,other
scvis,scvis,scvis,Qlocal,0.542,TI,blastocyst,dr2,8,trajectory,other
scvis,scvis,scvis,centroid_distance,0.816,TI,blastocyst,dr1,8,trajectory,other
scvis,scvis,scvis,k-nearest,0.615,TI,blastocyst,dr1,8,trajectory,other
scvis,scvis,scvis,kmax,31.0,TI,blastocyst,dr2,8,trajectory,other
scvis,scvis,scvis,random_triplet,0.791,TI,blastocyst,dr1,8,trajectory,other
scvis,scvis,scvis,spearman,0.751,TI,blastocyst,dr1,8,trajectory,other
scvis,scvis,scvis,svm,0.854,TI,blastocyst,dr1,8,trajectory,other
scvis,scvis,scvis,AUC,0.661,TI,combination-1,dr2,8,trajectory,other
scvis,scvis,scvis,Pearson,0.467,TI,combination-1,dr3,8,trajectory,other
scvis,scvis,scvis,Qglobal,0.806,TI,combination-1,dr2,8,trajectory,other
scvis,scvis,scvis,Qlocal,0.375,TI,combination-1,dr2,8,trajectory,other
scvis,scvis,scvis,centroid_distance,0.868,TI,combination-1,dr1,8,trajectory,other
scvis,scvis,scvis,k-nearest,0.786,TI,combination-1,dr1,8,trajectory,other
scvis,scvis,scvis,kmax,1437.0,TI,combination-1,dr2,8,trajectory,other
scvis,scvis,scvis,random_triplet,0.702,TI,combination-1,dr1,8,trajectory,other
scvis,scvis,scvis,spearman,0.571,TI,combination-1,dr1,8,trajectory,other
scvis,scvis,scvis,svm,0.895,TI,combination-1,dr1,8,trajectory,other
scvis,scvis,scvis,AUC,0.623,TI,combination-2,dr2,8,trajectory,other
scvis,scvis,scvis,Pearson,0.364,TI,combination-2,dr3,8,trajectory,other
scvis,scvis,scvis,Qglobal,0.768,TI,combination-2,dr2,8,trajectory,other
scvis,scvis,scvis,Qlocal,0.33,TI,combination-2,dr2,8,trajectory,other
scvis,scvis,scvis,centroid_distance,0.905,TI,combination-2,dr1,8,trajectory,other
scvis,scvis,scvis,k-nearest,0.639,TI,combination-2,dr1,8,trajectory,other
scvis,scvis,scvis,kmax,1432.0,TI,combination-2,dr2,8,trajectory,other
scvis,scvis,scvis,random_triplet,0.652,TI,combination-2,dr1,8,trajectory,other
scvis,scvis,scvis,spearman,0.397,TI,combination-2,dr1,8,trajectory,other
scvis,scvis,scvis,svm,0.683,TI,combination-2,dr1,8,trajectory,other
scvis,scvis,scvis,AUC,0.639,TI,combination-3,dr2,8,trajectory,other
scvis,scvis,scvis,Pearson,0.399,TI,combination-3,dr3,8,trajectory,other
scvis,scvis,scvis,Qglobal,0.691,TI,combination-3,dr2,8,trajectory,other
scvis,scvis,scvis,Qlocal,0.239,TI,combination-3,dr2,8,trajectory,other
scvis,scvis,scvis,centroid_distance,0.949,TI,combination-3,dr1,8,trajectory,other
scvis,scvis,scvis,k-nearest,0.786,TI,combination-3,dr1,8,trajectory,other
scvis,scvis,scvis,kmax,261.0,TI,combination-3,dr2,8,trajectory,other
scvis,scvis,scvis,random_triplet,0.669,TI,combination-3,dr1,8,trajectory,other
scvis,scvis,scvis,spearman,0.441,TI,combination-3,dr1,8,trajectory,other
scvis,scvis,scvis,svm,0.808,TI,combination-3,dr1,8,trajectory,other
scvis,scvis,scvis,AUC,0.808,TI,epiblast,dr2,8,trajectory,other
scvis,scvis,scvis,Pearson,0.742,TI,epiblast,dr3,8,trajectory,other
scvis,scvis,scvis,Qglobal,0.846,TI,epiblast,dr2,8,trajectory,other
scvis,scvis,scvis,Qlocal,0.584,TI,epiblast,dr2,8,trajectory,other
scvis,scvis,scvis,centroid_distance,0.877,TI,epiblast,dr1,8,trajectory,other
scvis,scvis,scvis,k-nearest,0.857,TI,epiblast,dr1,8,trajectory,other
scvis,scvis,scvis,kmax,24.0,TI,epiblast,dr2,8,trajectory,other
scvis,scvis,scvis,random_triplet,0.797,TI,epiblast,dr1,8,trajectory,other
scvis,scvis,scvis,spearman,0.812,TI,epiblast,dr1,8,trajectory,other
scvis,scvis,scvis,svm,0.945,TI,epiblast,dr1,8,trajectory,other
scvis,scvis,scvis,AUC,0.671,TI,epidermis,dr2,8,trajectory,other
scvis,scvis,scvis,Pearson,0.521,TI,epidermis,dr3,8,trajectory,other
scvis,scvis,scvis,Qglobal,0.804,TI,epidermis,dr2,8,trajectory,other
scvis,scvis,scvis,Qlocal,0.374,TI,epidermis,dr2,8,trajectory,other
scvis,scvis,scvis,centroid_distance,0.95,TI,epidermis,dr1,8,trajectory,other
scvis,scvis,scvis,k-nearest,0.8,TI,epidermis,dr1,8,trajectory,other
scvis,scvis,scvis,kmax,1240.0,TI,epidermis,dr2,8,trajectory,other
scvis,scvis,scvis,random_triplet,0.71,TI,epidermis,dr1,8,trajectory,other
scvis,scvis,scvis,spearman,0.592,TI,epidermis,dr1,8,trajectory,other
scvis,scvis,scvis,svm,0.916,TI,epidermis,dr1,8,trajectory,other
scvis,scvis,scvis,AUC,0.755,TI,horns,dr2,8,trajectory,other
scvis,scvis,scvis,Pearson,0.596,TI,horns,dr3,8,trajectory,other
scvis,scvis,scvis,Qglobal,0.818,TI,horns,dr2,8,trajectory,other
scvis,scvis,scvis,Qlocal,0.388,TI,horns,dr2,8,trajectory,other
scvis,scvis,scvis,centroid_distance,0.872,TI,horns,dr1,8,trajectory,other
scvis,scvis,scvis,k-nearest,0.75,TI,horns,dr1,8,trajectory,other
scvis,scvis,scvis,kmax,65.0,TI,horns,dr2,8,trajectory,other
scvis,scvis,scvis,random_triplet,0.781,TI,horns,dr1,8,trajectory,other
scvis,scvis,scvis,spearman,0.77,TI,horns,dr1,8,trajectory,other
scvis,scvis,scvis,svm,0.773,TI,horns,dr1,8,trajectory,other
scvis,scvis,scvis,AUC,0.627,TI,muscle,dr2,8,trajectory,other
scvis,scvis,scvis,Pearson,0.48,TI,muscle,dr3,8,trajectory,other
scvis,scvis,scvis,Qglobal,0.744,TI,muscle,dr2,8,trajectory,other
scvis,scvis,scvis,Qlocal,0.263,TI,muscle,dr2,8,trajectory,other
scvis,scvis,scvis,centroid_distance,1.0,TI,muscle,dr1,8,trajectory,other
scvis,scvis,scvis,k-nearest,1.0,TI,muscle,dr1,8,trajectory,other
scvis,scvis,scvis,kmax,567.0,TI,muscle,dr2,8,trajectory,other
scvis,scvis,scvis,random_triplet,0.672,TI,muscle,dr1,8,trajectory,other
scvis,scvis,scvis,spearman,0.552,TI,muscle,dr1,8,trajectory,other
scvis,scvis,scvis,svm,0.799,TI,muscle,dr1,8,trajectory,other
scvis,scvis,scvis,AUC,0.603,TI,neuron,dr2,8,trajectory,other
scvis,scvis,scvis,Pearson,0.476,TI,neuron,dr3,8,trajectory,other
scvis,scvis,scvis,Qglobal,0.834,TI,neuron,dr2,8,trajectory,other
scvis,scvis,scvis,Qlocal,0.345,TI,neuron,dr2,8,trajectory,other
scvis,scvis,scvis,centroid_distance,0.79,TI,neuron,dr1,8,trajectory,other
scvis,scvis,scvis,k-nearest,0.429,TI,neuron,dr1,8,trajectory,other
scvis,scvis,scvis,kmax,1108.0,TI,neuron,dr2,8,trajectory,other
scvis,scvis,scvis,random_triplet,0.652,TI,neuron,dr1,8,trajectory,other
scvis,scvis,scvis,spearman,0.496,TI,neuron,dr1,8,trajectory,other
scvis,scvis,scvis,svm,0.646,TI,neuron,dr1,8,trajectory,other
scvis,scvis,scvis,AUC,0.632,TI,pair-1,dr2,8,trajectory,other
scvis,scvis,scvis,Pearson,0.477,TI,pair-1,dr3,8,trajectory,other
scvis,scvis,scvis,Qglobal,0.8,TI,pair-1,dr2,8,trajectory,other
scvis,scvis,scvis,Qlocal,0.352,TI,pair-1,dr2,8,trajectory,other
scvis,scvis,scvis,centroid_distance,0.782,TI,pair-1,dr1,8,trajectory,other
scvis,scvis,scvis,k-nearest,0.75,TI,pair-1,dr1,8,trajectory,other
scvis,scvis,scvis,kmax,3948.0,TI,pair-1,dr2,8,trajectory,other
scvis,scvis,scvis,random_triplet,0.672,TI,pair-1,dr1,8,trajectory,other
scvis,scvis,scvis,spearman,0.533,TI,pair-1,dr1,8,trajectory,other
scvis,scvis,scvis,svm,0.915,TI,pair-1,dr1,8,trajectory,other
scvis,scvis,scvis,AUC,0.627,TI,pair-2,dr2,8,trajectory,other
scvis,scvis,scvis,Pearson,0.434,TI,pair-2,dr3,8,trajectory,other
scvis,scvis,scvis,Qglobal,0.827,TI,pair-2,dr2,8,trajectory,other
scvis,scvis,scvis,Qlocal,0.361,TI,pair-2,dr2,8,trajectory,other
scvis,scvis,scvis,centroid_distance,0.668,TI,pair-2,dr1,8,trajectory,other
scvis,scvis,scvis,k-nearest,0.615,TI,pair-2,dr1,8,trajectory,other
scvis,scvis,scvis,kmax,4571.0,TI,pair-2,dr2,8,trajectory,other
scvis,scvis,scvis,random_triplet,0.676,TI,pair-2,dr1,8,trajectory,other
scvis,scvis,scvis,spearman,0.541,TI,pair-2,dr1,8,trajectory,other
scvis,scvis,scvis,svm,0.713,TI,pair-2,dr1,8,trajectory,other
scvis,scvis,scvis,AUC,0.633,TI,pair-3,dr2,8,trajectory,other
scvis,scvis,scvis,Pearson,0.532,TI,pair-3,dr3,8,trajectory,other
scvis,scvis,scvis,Qglobal,0.839,TI,pair-3,dr2,8,trajectory,other
scvis,scvis,scvis,Qlocal,0.365,TI,pair-3,dr2,8,trajectory,other
scvis,scvis,scvis,centroid_distance,0.704,TI,pair-3,dr1,8,trajectory,other
scvis,scvis,scvis,k-nearest,0.625,TI,pair-3,dr1,8,trajectory,other
scvis,scvis,scvis,kmax,3731.0,TI,pair-3,dr2,8,trajectory,other
scvis,scvis,scvis,random_triplet,0.692,TI,pair-3,dr1,8,trajectory,other
scvis,scvis,scvis,spearman,0.611,TI,pair-3,dr1,8,trajectory,other
scvis,scvis,scvis,svm,0.854,TI,pair-3,dr1,8,trajectory,other
scvis,scvis,scvis,AUC,0.599,TI,pair-4,dr2,8,trajectory,other
scvis,scvis,scvis,Pearson,0.548,TI,pair-4,dr3,8,trajectory,other
scvis,scvis,scvis,Qglobal,0.869,TI,pair-4,dr2,8,trajectory,other
scvis,scvis,scvis,Qlocal,0.373,TI,pair-4,dr2,8,trajectory,other
scvis,scvis,scvis,centroid_distance,0.68,TI,pair-4,dr1,8,trajectory,other
scvis,scvis,scvis,k-nearest,0.6,TI,pair-4,dr1,8,trajectory,other
scvis,scvis,scvis,kmax,4881.0,TI,pair-4,dr2,8,trajectory,other
scvis,scvis,scvis,random_triplet,0.659,TI,pair-4,dr1,8,trajectory,other
scvis,scvis,scvis,spearman,0.555,TI,pair-4,dr1,8,trajectory,other
scvis,scvis,scvis,svm,0.756,TI,pair-4,dr1,8,trajectory,other
scvis,scvis,scvis,AUC,0.641,TI,parenchyme,dr2,8,trajectory,other
scvis,scvis,scvis,Pearson,0.399,TI,parenchyme,dr3,8,trajectory,other
scvis,scvis,scvis,Qglobal,0.766,TI,parenchyme,dr2,8,trajectory,other
scvis,scvis,scvis,Qlocal,0.346,TI,parenchyme,dr2,8,trajectory,other
scvis,scvis,scvis,centroid_distance,0.832,TI,parenchyme,dr1,8,trajectory,other
scvis,scvis,scvis,k-nearest,0.6,TI,parenchyme,dr1,8,trajectory,other
scvis,scvis,scvis,kmax,588.0,TI,parenchyme,dr2,8,trajectory,other
scvis,scvis,scvis,random_triplet,0.663,TI,parenchyme,dr1,8,trajectory,other
scvis,scvis,scvis,spearman,0.48,TI,parenchyme,dr1,8,trajectory,other
scvis,scvis,scvis,svm,0.857,TI,parenchyme,dr1,8,trajectory,other
scvis,scvis,scvis,AUC,0.685,TI,phagocyte,dr2,8,trajectory,other
scvis,scvis,scvis,Pearson,0.482,TI,phagocyte,dr3,8,trajectory,other
scvis,scvis,scvis,Qglobal,0.823,TI,phagocyte,dr2,8,trajectory,other
scvis,scvis,scvis,Qlocal,0.413,TI,phagocyte,dr2,8,trajectory,other
scvis,scvis,scvis,centroid_distance,1.0,TI,phagocyte,dr1,8,trajectory,other
scvis,scvis,scvis,k-nearest,1.0,TI,phagocyte,dr1,8,trajectory,other
scvis,scvis,scvis,kmax,232.0,TI,phagocyte,dr2,8,trajectory,other
scvis,scvis,scvis,random_triplet,0.724,TI,phagocyte,dr1,8,trajectory,other
scvis,scvis,scvis,spearman,0.607,TI,phagocyte,dr1,8,trajectory,other
scvis,scvis,scvis,svm,0.957,TI,phagocyte,dr1,8,trajectory,other
scvis,scvis,scvis,AUC,0.691,TI,pharynx,dr2,8,trajectory,other
scvis,scvis,scvis,Pearson,0.658,TI,pharynx,dr3,8,trajectory,other
scvis,scvis,scvis,Qglobal,0.865,TI,pharynx,dr2,8,trajectory,other
scvis,scvis,scvis,Qlocal,0.435,TI,pharynx,dr2,8,trajectory,other
scvis,scvis,scvis,centroid_distance,1.0,TI,pharynx,dr1,8,trajectory,other
scvis,scvis,scvis,k-nearest,1.0,TI,pharynx,dr1,8,trajectory,other
scvis,scvis,scvis,kmax,116.0,TI,pharynx,dr2,8,trajectory,other
scvis,scvis,scvis,random_triplet,0.751,TI,pharynx,dr1,8,trajectory,other
scvis,scvis,scvis,spearman,0.729,TI,pharynx,dr1,8,trajectory,other
scvis,scvis,scvis,svm,0.969,TI,pharynx,dr1,8,trajectory,other
scvis,scvis,scvis,AUC,0.814,TI,trophectoderm,dr2,8,trajectory,other
scvis,scvis,scvis,Pearson,0.802,TI,trophectoderm,dr3,8,trajectory,other
scvis,scvis,scvis,Qglobal,0.872,TI,trophectoderm,dr2,8,trajectory,other
scvis,scvis,scvis,Qlocal,0.522,TI,trophectoderm,dr2,8,trajectory,other
scvis,scvis,scvis,centroid_distance,1.0,TI,trophectoderm,dr1,8,trajectory,other
scvis,scvis,scvis,k-nearest,1.0,TI,trophectoderm,dr1,8,trajectory,other
scvis,scvis,scvis,kmax,12.0,TI,trophectoderm,dr2,8,trajectory,other
scvis,scvis,scvis,random_triplet,0.849,TI,trophectoderm,dr1,8,trajectory,other
scvis,scvis,scvis,spearman,0.914,TI,trophectoderm,dr1,8,trajectory,other
scvis,scvis,scvis,svm,1.0,TI,trophectoderm,dr1,8,trajectory,other
scvis,scvis,scvis,AUC,0.756,VASC,Baron,dr2,8,VASC,other
scvis,scvis,scvis,Pearson,0.715,VASC,Baron,dr3,8,VASC,other
scvis,scvis,scvis,Qglobal,0.78,VASC,Baron,dr2,8,VASC,other
scvis,scvis,scvis,Qlocal,0.504,VASC,Baron,dr2,8,VASC,other
scvis,scvis,scvis,centroid_distance,0.574,VASC,Baron,dr1,8,VASC,other
scvis,scvis,scvis,k-nearest,0.5,VASC,Baron,dr1,8,VASC,other
scvis,scvis,scvis,kmax,744.0,VASC,Baron,dr2,8,VASC,other
scvis,scvis,scvis,random_triplet,0.743,VASC,Baron,dr1,8,VASC,other
scvis,scvis,scvis,spearman,0.702,VASC,Baron,dr1,8,VASC,other
scvis,scvis,scvis,svm,0.321,VASC,Baron,dr1,8,VASC,other
scvis,scvis,scvis,AUC,0.881,VASC,Biase,dr2,8,VASC,other
scvis,scvis,scvis,Pearson,0.892,VASC,Biase,dr3,8,VASC,other
scvis,scvis,scvis,Qglobal,0.958,VASC,Biase,dr2,8,VASC,other
scvis,scvis,scvis,Qlocal,0.673,VASC,Biase,dr2,8,VASC,other
scvis,scvis,scvis,centroid_distance,0.952,VASC,Biase,dr1,8,VASC,other
scvis,scvis,scvis,k-nearest,1.0,VASC,Biase,dr1,8,VASC,other
scvis,scvis,scvis,kmax,12.0,VASC,Biase,dr2,8,VASC,other
scvis,scvis,scvis,random_triplet,0.936,VASC,Biase,dr1,8,VASC,other
scvis,scvis,scvis,spearman,0.962,VASC,Biase,dr1,8,VASC,other
scvis,scvis,scvis,svm,1.0,VASC,Biase,dr1,8,VASC,other
scvis,scvis,scvis,AUC,0.854,VASC,Goolam,dr2,8,VASC,other
scvis,scvis,scvis,Pearson,0.836,VASC,Goolam,dr3,8,VASC,other
scvis,scvis,scvis,Qglobal,0.86,VASC,Goolam,dr2,8,VASC,other
scvis,scvis,scvis,Qlocal,0.75,VASC,Goolam,dr2,8,VASC,other
scvis,scvis,scvis,centroid_distance,0.981,VASC,Goolam,dr1,8,VASC,other
scvis,scvis,scvis,k-nearest,0.8,VASC,Goolam,dr1,8,VASC,other
scvis,scvis,scvis,kmax,1.0,VASC,Goolam,dr2,8,VASC,other
scvis,scvis,scvis,random_triplet,0.848,VASC,Goolam,dr1,8,VASC,other
scvis,scvis,scvis,spearman,0.856,VASC,Goolam,dr1,8,VASC,other
scvis,scvis,scvis,svm,0.984,VASC,Goolam,dr1,8,VASC,other
scvis,scvis,scvis,AUC,0.708,VASC,Xin,dr2,8,VASC,other
scvis,scvis,scvis,Pearson,0.779,VASC,Xin,dr3,8,VASC,other
scvis,scvis,scvis,Qglobal,0.862,VASC,Xin,dr2,8,VASC,other
scvis,scvis,scvis,Qlocal,0.431,VASC,Xin,dr2,8,VASC,other
scvis,scvis,scvis,centroid_distance,0.79,VASC,Xin,dr1,8,VASC,other
scvis,scvis,scvis,k-nearest,0.875,VASC,Xin,dr1,8,VASC,other
scvis,scvis,scvis,kmax,572.0,VASC,Xin,dr2,8,VASC,other
scvis,scvis,scvis,random_triplet,0.764,VASC,Xin,dr1,8,VASC,other
scvis,scvis,scvis,spearman,0.804,VASC,Xin,dr1,8,VASC,other
scvis,scvis,scvis,svm,0.943,VASC,Xin,dr1,8,VASC,other
scvis,scvis,scvis,AUC,0.749,VASC,Zeisel,dr2,8,VASC,other
scvis,scvis,scvis,Pearson,0.647,VASC,Zeisel,dr3,8,VASC,other
scvis,scvis,scvis,Qglobal,0.819,VASC,Zeisel,dr2,8,VASC,other
scvis,scvis,scvis,Qlocal,0.536,VASC,Zeisel,dr2,8,VASC,other
scvis,scvis,scvis,centroid_distance,0.769,VASC,Zeisel,dr1,8,VASC,other
scvis,scvis,scvis,k-nearest,0.556,VASC,Zeisel,dr1,8,VASC,other
scvis,scvis,scvis,kmax,740.0,VASC,Zeisel,dr2,8,VASC,other
scvis,scvis,scvis,random_triplet,0.756,VASC,Zeisel,dr1,8,VASC,other
scvis,scvis,scvis,spearman,0.628,VASC,Zeisel,dr1,8,VASC,other
scvis,scvis,scvis,svm,0.873,VASC,Zeisel,dr1,8,VASC,other
scvis,scvis,scvis,AUC,0.887,VASC,yan,dr2,8,VASC,other
scvis,scvis,scvis,Pearson,0.915,VASC,yan,dr3,8,VASC,other
scvis,scvis,scvis,Qglobal,0.916,VASC,yan,dr2,8,VASC,other
scvis,scvis,scvis,Qlocal,0.661,VASC,yan,dr2,8,VASC,other
scvis,scvis,scvis,centroid_distance,0.973,VASC,yan,dr1,8,VASC,other
scvis,scvis,scvis,k-nearest,0.917,VASC,yan,dr1,8,VASC,other
scvis,scvis,scvis,kmax,7.0,VASC,yan,dr2,8,VASC,other
scvis,scvis,scvis,random_triplet,0.878,VASC,yan,dr1,8,VASC,other
scvis,scvis,scvis,spearman,0.902,VASC,yan,dr1,8,VASC,other
scvis,scvis,scvis,svm,0.867,VASC,yan,dr1,8,VASC,other
scvis,scvis,scvis,AUC,0.697,benchmarker,Baron_mouse,dr2,8,curated,other
scvis,scvis,scvis,Pearson,0.653,benchmarker,Baron_mouse,dr3,8,curated,other
scvis,scvis,scvis,Qglobal,0.722,benchmarker,Baron_mouse,dr2,8,curated,other
scvis,scvis,scvis,Qlocal,0.347,benchmarker,Baron_mouse,dr2,8,curated,other
scvis,scvis,scvis,centroid_distance,0.58,benchmarker,Baron_mouse,dr1,8,curated,other
scvis,scvis,scvis,k-nearest,0.487,benchmarker,Baron_mouse,dr1,8,curated,other
scvis,scvis,scvis,kmax,122.0,benchmarker,Baron_mouse,dr2,8,curated,other
scvis,scvis,scvis,random_triplet,0.721,benchmarker,Baron_mouse,dr1,8,curated,other
scvis,scvis,scvis,spearman,0.646,benchmarker,Baron_mouse,dr1,8,curated,other
scvis,scvis,scvis,svm,0.947,benchmarker,Baron_mouse,dr1,8,curated,other
scvis,scvis,scvis,AUC,0.745,benchmarker,Darmanis,dr2,8,curated,other
scvis,scvis,scvis,Pearson,0.694,benchmarker,Darmanis,dr3,8,curated,other
scvis,scvis,scvis,Qglobal,0.778,benchmarker,Darmanis,dr2,8,curated,other
scvis,scvis,scvis,Qlocal,0.495,benchmarker,Darmanis,dr2,8,curated,other
scvis,scvis,scvis,centroid_distance,0.478,benchmarker,Darmanis,dr1,8,curated,other
scvis,scvis,scvis,k-nearest,0.375,benchmarker,Darmanis,dr1,8,curated,other
scvis,scvis,scvis,kmax,48.0,benchmarker,Darmanis,dr2,8,curated,other
scvis,scvis,scvis,random_triplet,0.727,benchmarker,Darmanis,dr1,8,curated,other
scvis,scvis,scvis,spearman,0.737,benchmarker,Darmanis,dr1,8,curated,other
scvis,scvis,scvis,svm,0.943,benchmarker,Darmanis,dr1,8,curated,other
scvis,scvis,scvis,AUC,0.799,benchmarker,Pancreatic,dr2,8,curated,other
scvis,scvis,scvis,Pearson,0.761,benchmarker,Pancreatic,dr3,8,curated,other
scvis,scvis,scvis,Qglobal,0.873,benchmarker,Pancreatic,dr2,8,curated,other
scvis,scvis,scvis,Qlocal,0.489,benchmarker,Pancreatic,dr2,8,curated,other
scvis,scvis,scvis,centroid_distance,0.832,benchmarker,Pancreatic,dr1,8,curated,other
scvis,scvis,scvis,k-nearest,0.5,benchmarker,Pancreatic,dr1,8,curated,other
scvis,scvis,scvis,kmax,10.0,benchmarker,Pancreatic,dr2,8,curated,other
scvis,scvis,scvis,random_triplet,0.863,benchmarker,Pancreatic,dr1,8,curated,other
scvis,scvis,scvis,spearman,0.912,benchmarker,Pancreatic,dr1,8,curated,other
scvis,scvis,scvis,svm,0.733,benchmarker,Pancreatic,dr1,8,curated,other
scvis,scvis,scvis,AUC,0.766,benchmarker,Silver,dr2,8,curated,other
scvis,scvis,scvis,Pearson,0.8,benchmarker,Silver,dr3,8,curated,other
scvis,scvis,scvis,Qglobal,0.858,benchmarker,Silver,dr2,8,curated,other
scvis,scvis,scvis,Qlocal,0.48,benchmarker,Silver,dr2,8,curated,other
scvis,scvis,scvis,centroid_distance,0.979,benchmarker,Silver,dr1,8,curated,other
scvis,scvis,scvis,k-nearest,0.879,benchmarker,Silver,dr1,8,curated,other
scvis,scvis,scvis,kmax,630.0,benchmarker,Silver,dr2,8,curated,other
scvis,scvis,scvis,random_triplet,0.809,benchmarker,Silver,dr1,8,curated,other
scvis,scvis,scvis,spearman,0.81,benchmarker,Silver,dr1,8,curated,other
scvis,scvis,scvis,svm,0.516,benchmarker,Silver,dr1,8,curated,other
scvis,scvis,scvis,AUC,0.713,benchmarker,Zhengmix4eq,dr2,8,curated,other
scvis,scvis,scvis,Pearson,0.675,benchmarker,Zhengmix4eq,dr3,8,curated,other
scvis,scvis,scvis,Qglobal,0.816,benchmarker,Zhengmix4eq,dr2,8,curated,other
scvis,scvis,scvis,Qlocal,0.369,benchmarker,Zhengmix4eq,dr2,8,curated,other
scvis,scvis,scvis,centroid_distance,0.952,benchmarker,Zhengmix4eq,dr1,8,curated,other
scvis,scvis,scvis,k-nearest,1.0,benchmarker,Zhengmix4eq,dr1,8,curated,other
scvis,scvis,scvis,kmax,919.0,benchmarker,Zhengmix4eq,dr2,8,curated,other
scvis,scvis,scvis,random_triplet,0.758,benchmarker,Zhengmix4eq,dr1,8,curated,other
scvis,scvis,scvis,spearman,0.716,benchmarker,Zhengmix4eq,dr1,8,curated,other
scvis,scvis,scvis,svm,0.944,benchmarker,Zhengmix4eq,dr1,8,curated,other
scvis,scvis,scvis,AUC,0.843,scDesign3,ACINAR,dr2,8,scDesign3,other
scvis,scvis,scvis,Pearson,0.666,scDesign3,ACINAR,dr3,8,scDesign3,other
scvis,scvis,scvis,Qglobal,0.88,scDesign3,ACINAR,dr2,8,scDesign3,other
scvis,scvis,scvis,Qlocal,0.595,scDesign3,ACINAR,dr2,8,scDesign3,other
scvis,scvis,scvis,centroid_distance,0.847,scDesign3,ACINAR,dr1,8,scDesign3,other
scvis,scvis,scvis,k-nearest,0.8,scDesign3,ACINAR,dr1,8,scDesign3,other
scvis,scvis,scvis,kmax,395.0,scDesign3,ACINAR,dr2,8,scDesign3,other
scvis,scvis,scvis,random_triplet,0.869,scDesign3,ACINAR,dr1,8,scDesign3,other
scvis,scvis,scvis,spearman,0.829,scDesign3,ACINAR,dr1,8,scDesign3,other
scvis,scvis,scvis,svm,0.543,scDesign3,ACINAR,dr1,8,scDesign3,other
scvis,scvis,scvis,AUC,0.683,scDesign3,ATAC,dr2,8,scDesign3,other
scvis,scvis,scvis,Pearson,0.585,scDesign3,ATAC,dr3,8,scDesign3,other
scvis,scvis,scvis,Qglobal,0.778,scDesign3,ATAC,dr2,8,scDesign3,other
scvis,scvis,scvis,Qlocal,0.367,scDesign3,ATAC,dr2,8,scDesign3,other
scvis,scvis,scvis,centroid_distance,0.805,scDesign3,ATAC,dr1,8,scDesign3,other
scvis,scvis,scvis,k-nearest,0.846,scDesign3,ATAC,dr1,8,scDesign3,other
scvis,scvis,scvis,kmax,1623.0,scDesign3,ATAC,dr2,8,scDesign3,other
scvis,scvis,scvis,random_triplet,0.719,scDesign3,ATAC,dr1,8,scDesign3,other
scvis,scvis,scvis,spearman,0.544,scDesign3,ATAC,dr1,8,scDesign3,other
scvis,scvis,scvis,svm,0.783,scDesign3,ATAC,dr1,8,scDesign3,other
scvis,scvis,scvis,AUC,0.83,scDesign3,BATCH,dr2,8,scDesign3,other
scvis,scvis,scvis,Pearson,0.541,scDesign3,BATCH,dr3,8,scDesign3,other
scvis,scvis,scvis,Qglobal,0.853,scDesign3,BATCH,dr2,8,scDesign3,other
scvis,scvis,scvis,Qlocal,0.595,scDesign3,BATCH,dr2,8,scDesign3,other
scvis,scvis,scvis,centroid_distance,0.533,scDesign3,BATCH,dr1,8,scDesign3,other
scvis,scvis,scvis,k-nearest,0.556,scDesign3,BATCH,dr1,8,scDesign3,other
scvis,scvis,scvis,kmax,551.0,scDesign3,BATCH,dr2,8,scDesign3,other
scvis,scvis,scvis,random_triplet,0.835,scDesign3,BATCH,dr1,8,scDesign3,other
scvis,scvis,scvis,spearman,0.782,scDesign3,BATCH,dr1,8,scDesign3,other
scvis,scvis,scvis,svm,0.854,scDesign3,BATCH,dr1,8,scDesign3,other
scvis,scvis,scvis,AUC,0.86,scDesign3,CITE,dr2,8,scDesign3,other
scvis,scvis,scvis,Pearson,0.538,scDesign3,CITE,dr3,8,scDesign3,other
scvis,scvis,scvis,Qglobal,0.87,scDesign3,CITE,dr2,8,scDesign3,other
scvis,scvis,scvis,Qlocal,0.706,scDesign3,CITE,dr2,8,scDesign3,other
scvis,scvis,scvis,centroid_distance,0.76,scDesign3,CITE,dr1,8,scDesign3,other
scvis,scvis,scvis,k-nearest,0.7,scDesign3,CITE,dr1,8,scDesign3,other
scvis,scvis,scvis,kmax,539.0,scDesign3,CITE,dr2,8,scDesign3,other
scvis,scvis,scvis,random_triplet,0.846,scDesign3,CITE,dr1,8,scDesign3,other
scvis,scvis,scvis,spearman,0.788,scDesign3,CITE,dr1,8,scDesign3,other
scvis,scvis,scvis,svm,0.684,scDesign3,CITE,dr1,8,scDesign3,other
scvis,scvis,scvis,AUC,0.78,scDesign3,EMBYRO,dr2,8,scDesign3,other
scvis,scvis,scvis,Pearson,0.615,scDesign3,EMBYRO,dr3,8,scDesign3,other
scvis,scvis,scvis,Qglobal,0.808,scDesign3,EMBYRO,dr2,8,scDesign3,other
scvis,scvis,scvis,Qlocal,0.52,scDesign3,EMBYRO,dr2,8,scDesign3,other
scvis,scvis,scvis,centroid_distance,0.956,scDesign3,EMBYRO,dr1,8,scDesign3,other
scvis,scvis,scvis,k-nearest,0.6,scDesign3,EMBYRO,dr1,8,scDesign3,other
scvis,scvis,scvis,kmax,124.0,scDesign3,EMBYRO,dr2,8,scDesign3,other
scvis,scvis,scvis,random_triplet,0.788,scDesign3,EMBYRO,dr1,8,scDesign3,other
scvis,scvis,scvis,spearman,0.775,scDesign3,EMBYRO,dr1,8,scDesign3,other
scvis,scvis,scvis,svm,0.578,scDesign3,EMBYRO,dr1,8,scDesign3,other
scvis,scvis,scvis,AUC,0.793,scDesign3,IFNB,dr2,8,scDesign3,other
scvis,scvis,scvis,Pearson,0.548,scDesign3,IFNB,dr3,8,scDesign3,other
scvis,scvis,scvis,Qglobal,0.828,scDesign3,IFNB,dr2,8,scDesign3,other
scvis,scvis,scvis,Qlocal,0.559,scDesign3,IFNB,dr2,8,scDesign3,other
scvis,scvis,scvis,centroid_distance,0.908,scDesign3,IFNB,dr1,8,scDesign3,other
scvis,scvis,scvis,k-nearest,0.59,scDesign3,IFNB,dr1,8,scDesign3,other
scvis,scvis,scvis,kmax,1831.0,scDesign3,IFNB,dr2,8,scDesign3,other
scvis,scvis,scvis,random_triplet,0.794,scDesign3,IFNB,dr1,8,scDesign3,other
scvis,scvis,scvis,spearman,0.653,scDesign3,IFNB,dr1,8,scDesign3,other
scvis,scvis,scvis,svm,0.612,scDesign3,IFNB,dr1,8,scDesign3,other
scvis,scvis,scvis,AUC,0.839,scDesign3,MARROW,dr2,8,scDesign3,other
scvis,scvis,scvis,Pearson,0.786,scDesign3,MARROW,dr3,8,scDesign3,other
scvis,scvis,scvis,Qglobal,0.873,scDesign3,MARROW,dr2,8,scDesign3,other
scvis,scvis,scvis,Qlocal,0.621,scDesign3,MARROW,dr2,8,scDesign3,other
scvis,scvis,scvis,centroid_distance,0.858,scDesign3,MARROW,dr1,8,scDesign3,other
scvis,scvis,scvis,k-nearest,0.667,scDesign3,MARROW,dr1,8,scDesign3,other
scvis,scvis,scvis,kmax,359.0,scDesign3,MARROW,dr2,8,scDesign3,other
scvis,scvis,scvis,random_triplet,0.837,scDesign3,MARROW,dr1,8,scDesign3,other
scvis,scvis,scvis,spearman,0.841,scDesign3,MARROW,dr1,8,scDesign3,other
scvis,scvis,scvis,svm,0.932,scDesign3,MARROW,dr1,8,scDesign3,other
scvis,scvis,scvis,AUC,0.73,scDesign3,MOBSC,dr2,8,scDesign3,other
scvis,scvis,scvis,Pearson,0.732,scDesign3,MOBSC,dr3,8,scDesign3,other
scvis,scvis,scvis,Qglobal,0.792,scDesign3,MOBSC,dr2,8,scDesign3,other
scvis,scvis,scvis,Qlocal,0.385,scDesign3,MOBSC,dr2,8,scDesign3,other
scvis,scvis,scvis,centroid_distance,0.59,scDesign3,MOBSC,dr1,8,scDesign3,other
scvis,scvis,scvis,k-nearest,0.5,scDesign3,MOBSC,dr1,8,scDesign3,other
scvis,scvis,scvis,kmax,1925.0,scDesign3,MOBSC,dr2,8,scDesign3,other
scvis,scvis,scvis,random_triplet,0.764,scDesign3,MOBSC,dr1,8,scDesign3,other
scvis,scvis,scvis,spearman,0.745,scDesign3,MOBSC,dr1,8,scDesign3,other
scvis,scvis,scvis,svm,0.847,scDesign3,MOBSC,dr1,8,scDesign3,other
scvis,scvis,scvis,AUC,0.857,scDesign3,OVARIAN,dr2,8,scDesign3,other
scvis,scvis,scvis,Pearson,0.676,scDesign3,OVARIAN,dr3,8,scDesign3,other
scvis,scvis,scvis,Qglobal,0.884,scDesign3,OVARIAN,dr2,8,scDesign3,other
scvis,scvis,scvis,Qlocal,0.632,scDesign3,OVARIAN,dr2,8,scDesign3,other
scvis,scvis,scvis,centroid_distance,0.857,scDesign3,OVARIAN,dr1,8,scDesign3,other
scvis,scvis,scvis,k-nearest,0.727,scDesign3,OVARIAN,dr1,8,scDesign3,other
scvis,scvis,scvis,kmax,374.0,scDesign3,OVARIAN,dr2,8,scDesign3,other
scvis,scvis,scvis,random_triplet,0.876,scDesign3,OVARIAN,dr1,8,scDesign3,other
scvis,scvis,scvis,spearman,0.802,scDesign3,OVARIAN,dr1,8,scDesign3,other
scvis,scvis,scvis,svm,0.465,scDesign3,OVARIAN,dr1,8,scDesign3,other
scvis,scvis,scvis,AUC,0.823,scDesign3,PANCREAS,dr2,8,scDesign3,other
scvis,scvis,scvis,Pearson,0.522,scDesign3,PANCREAS,dr3,8,scDesign3,other
scvis,scvis,scvis,Qglobal,0.854,scDesign3,PANCREAS,dr2,8,scDesign3,other
scvis,scvis,scvis,Qlocal,0.602,scDesign3,PANCREAS,dr2,8,scDesign3,other
scvis,scvis,scvis,centroid_distance,0.88,scDesign3,PANCREAS,dr1,8,scDesign3,other
scvis,scvis,scvis,k-nearest,0.75,scDesign3,PANCREAS,dr1,8,scDesign3,other
scvis,scvis,scvis,kmax,249.0,scDesign3,PANCREAS,dr2,8,scDesign3,other
scvis,scvis,scvis,random_triplet,0.837,scDesign3,PANCREAS,dr1,8,scDesign3,other
scvis,scvis,scvis,spearman,0.738,scDesign3,PANCREAS,dr1,8,scDesign3,other
scvis,scvis,scvis,svm,0.858,scDesign3,PANCREAS,dr1,8,scDesign3,other
scvis,scvis,scvis,AUC,0.815,scDesign3,SCGEMMETH,dr2,8,scDesign3,other
scvis,scvis,scvis,Pearson,0.872,scDesign3,SCGEMMETH,dr3,8,scDesign3,other
scvis,scvis,scvis,Qglobal,0.862,scDesign3,SCGEMMETH,dr2,8,scDesign3,other
scvis,scvis,scvis,Qlocal,0.54,scDesign3,SCGEMMETH,dr2,8,scDesign3,other
scvis,scvis,scvis,centroid_distance,1.0,scDesign3,SCGEMMETH,dr1,8,scDesign3,other
scvis,scvis,scvis,k-nearest,1.0,scDesign3,SCGEMMETH,dr1,8,scDesign3,other
scvis,scvis,scvis,kmax,19.0,scDesign3,SCGEMMETH,dr2,8,scDesign3,other
scvis,scvis,scvis,random_triplet,0.835,scDesign3,SCGEMMETH,dr1,8,scDesign3,other
scvis,scvis,scvis,spearman,0.894,scDesign3,SCGEMMETH,dr1,8,scDesign3,other
scvis,scvis,scvis,svm,0.74,scDesign3,SCGEMMETH,dr1,8,scDesign3,other
scvis,scvis,scvis,AUC,0.829,scDesign3,SCGEMRNA,dr2,8,scDesign3,other
scvis,scvis,scvis,Pearson,0.846,scDesign3,SCGEMRNA,dr3,8,scDesign3,other
scvis,scvis,scvis,Qglobal,0.85,scDesign3,SCGEMRNA,dr2,8,scDesign3,other
scvis,scvis,scvis,Qlocal,0.566,scDesign3,SCGEMRNA,dr2,8,scDesign3,other
scvis,scvis,scvis,centroid_distance,0.932,scDesign3,SCGEMRNA,dr1,8,scDesign3,other
scvis,scvis,scvis,k-nearest,1.0,scDesign3,SCGEMRNA,dr1,8,scDesign3,other
scvis,scvis,scvis,kmax,11.0,scDesign3,SCGEMRNA,dr2,8,scDesign3,other
scvis,scvis,scvis,random_triplet,0.836,scDesign3,SCGEMRNA,dr1,8,scDesign3,other
scvis,scvis,scvis,spearman,0.844,scDesign3,SCGEMRNA,dr1,8,scDesign3,other
scvis,scvis,scvis,svm,0.905,scDesign3,SCGEMRNA,dr1,8,scDesign3,other
scvis,scvis,scvis,AUC,0.569,scDesign3,SCIATAC,dr2,8,scDesign3,other
scvis,scvis,scvis,Pearson,0.644,scDesign3,SCIATAC,dr3,8,scDesign3,other
scvis,scvis,scvis,Qglobal,0.891,scDesign3,SCIATAC,dr2,8,scDesign3,other
scvis,scvis,scvis,Qlocal,0.368,scDesign3,SCIATAC,dr2,8,scDesign3,other
scvis,scvis,scvis,centroid_distance,0.411,scDesign3,SCIATAC,dr1,8,scDesign3,other
scvis,scvis,scvis,k-nearest,0.444,scDesign3,SCIATAC,dr1,8,scDesign3,other
scvis,scvis,scvis,kmax,2471.0,scDesign3,SCIATAC,dr2,8,scDesign3,other
scvis,scvis,scvis,random_triplet,0.621,scDesign3,SCIATAC,dr1,8,scDesign3,other
scvis,scvis,scvis,spearman,0.557,scDesign3,SCIATAC,dr1,8,scDesign3,other
scvis,scvis,scvis,svm,0.411,scDesign3,SCIATAC,dr1,8,scDesign3,other
scvis,scvis,scvis,AUC,0.621,scDesign3,SLIDE,dr2,8,scDesign3,other
scvis,scvis,scvis,Pearson,0.799,scDesign3,SLIDE,dr3,8,scDesign3,other
scvis,scvis,scvis,Qglobal,0.935,scDesign3,SLIDE,dr2,8,scDesign3,other
scvis,scvis,scvis,Qlocal,0.398,scDesign3,SLIDE,dr2,8,scDesign3,other
scvis,scvis,scvis,centroid_distance,0.662,scDesign3,SLIDE,dr1,8,scDesign3,other
scvis,scvis,scvis,k-nearest,0.576,scDesign3,SLIDE,dr1,8,scDesign3,other
scvis,scvis,scvis,kmax,13678.0,scDesign3,SLIDE,dr2,8,scDesign3,other
scvis,scvis,scvis,random_triplet,0.704,scDesign3,SLIDE,dr1,8,scDesign3,other
scvis,scvis,scvis,spearman,0.88,scDesign3,SLIDE,dr1,8,scDesign3,other
scvis,scvis,scvis,svm,0.521,scDesign3,SLIDE,dr1,8,scDesign3,other
scvis,scvis,scvis,AUC,0.899,scDesign3,VISIUM,dr2,8,scDesign3,other
scvis,scvis,scvis,Pearson,0.638,scDesign3,VISIUM,dr3,8,scDesign3,other
scvis,scvis,scvis,Qglobal,0.933,scDesign3,VISIUM,dr2,8,scDesign3,other
scvis,scvis,scvis,Qlocal,0.654,scDesign3,VISIUM,dr2,8,scDesign3,other
scvis,scvis,scvis,centroid_distance,0.925,scDesign3,VISIUM,dr1,8,scDesign3,other
scvis,scvis,scvis,k-nearest,0.9,scDesign3,VISIUM,dr1,8,scDesign3,other
scvis,scvis,scvis,kmax,324.0,scDesign3,VISIUM,dr2,8,scDesign3,other
scvis,scvis,scvis,random_triplet,0.933,scDesign3,VISIUM,dr1,8,scDesign3,other
scvis,scvis,scvis,spearman,0.944,scDesign3,VISIUM,dr1,8,scDesign3,other
scvis,scvis,scvis,svm,0.496,scDesign3,VISIUM,dr1,8,scDesign3,other
VASC,VASC,VASC,AUC,0.62,SIMLR,Pollen,dr2,9,SIMLR,other
VASC,VASC,VASC,Pearson,0.517,SIMLR,Pollen,dr3,9,SIMLR,other
VASC,VASC,VASC,Qglobal,0.677,SIMLR,Pollen,dr2,9,SIMLR,other
VASC,VASC,VASC,Qlocal,0.276,SIMLR,Pollen,dr2,9,SIMLR,other
VASC,VASC,VASC,centroid_distance,0.727,SIMLR,Pollen,dr1,9,SIMLR,other
VASC,VASC,VASC,k-nearest,0.727,SIMLR,Pollen,dr1,9,SIMLR,other
VASC,VASC,VASC,kmax,35.0,SIMLR,Pollen,dr2,9,SIMLR,other
VASC,VASC,VASC,random_triplet,0.638,SIMLR,Pollen,dr1,9,SIMLR,other
VASC,VASC,VASC,spearman,0.529,SIMLR,Pollen,dr1,9,SIMLR,other
VASC,VASC,VASC,svm,0.884,SIMLR,Pollen,dr1,9,SIMLR,other
VASC,VASC,VASC,AUC,0.548,SIMLR,Usoskin,dr2,9,SIMLR,other
VASC,VASC,VASC,Pearson,0.236,SIMLR,Usoskin,dr3,9,SIMLR,other
VASC,VASC,VASC,Qglobal,0.636,SIMLR,Usoskin,dr2,9,SIMLR,other
VASC,VASC,VASC,Qlocal,0.147,SIMLR,Usoskin,dr2,9,SIMLR,other
VASC,VASC,VASC,centroid_distance,0.952,SIMLR,Usoskin,dr1,9,SIMLR,other
VASC,VASC,VASC,k-nearest,0.75,SIMLR,Usoskin,dr1,9,SIMLR,other
VASC,VASC,VASC,kmax,112.0,SIMLR,Usoskin,dr2,9,SIMLR,other
VASC,VASC,VASC,random_triplet,0.556,SIMLR,Usoskin,dr1,9,SIMLR,other
VASC,VASC,VASC,spearman,0.224,SIMLR,Usoskin,dr1,9,SIMLR,other
VASC,VASC,VASC,svm,0.912,SIMLR,Usoskin,dr1,9,SIMLR,other
VASC,VASC,VASC,AUC,0.723,TI,DA1_horns,dr2,9,trajectory,other
VASC,VASC,VASC,Pearson,0.481,TI,DA1_horns,dr3,9,trajectory,other
VASC,VASC,VASC,Qglobal,0.813,TI,DA1_horns,dr2,9,trajectory,other
VASC,VASC,VASC,Qlocal,0.407,TI,DA1_horns,dr2,9,trajectory,other
VASC,VASC,VASC,centroid_distance,0.832,TI,DA1_horns,dr1,9,trajectory,other
VASC,VASC,VASC,k-nearest,1.0,TI,DA1_horns,dr1,9,trajectory,other
VASC,VASC,VASC,kmax,60.0,TI,DA1_horns,dr2,9,trajectory,other
VASC,VASC,VASC,random_triplet,0.732,TI,DA1_horns,dr1,9,trajectory,other
VASC,VASC,VASC,spearman,0.686,TI,DA1_horns,dr1,9,trajectory,other
VASC,VASC,VASC,svm,0.967,TI,DA1_horns,dr1,9,trajectory,other
VASC,VASC,VASC,AUC,0.745,TI,DC3_VA1d_horns,dr2,9,trajectory,other
VASC,VASC,VASC,Pearson,0.452,TI,DC3_VA1d_horns,dr3,9,trajectory,other
VASC,VASC,VASC,Qglobal,0.826,TI,DC3_VA1d_horns,dr2,9,trajectory,other
VASC,VASC,VASC,Qlocal,0.435,TI,DC3_VA1d_horns,dr2,9,trajectory,other
VASC,VASC,VASC,centroid_distance,0.791,TI,DC3_VA1d_horns,dr1,9,trajectory,other
VASC,VASC,VASC,k-nearest,0.833,TI,DC3_VA1d_horns,dr1,9,trajectory,other
VASC,VASC,VASC,kmax,33.0,TI,DC3_VA1d_horns,dr2,9,trajectory,other
VASC,VASC,VASC,random_triplet,0.74,TI,DC3_VA1d_horns,dr1,9,trajectory,other
VASC,VASC,VASC,spearman,0.655,TI,DC3_VA1d_horns,dr1,9,trajectory,other
VASC,VASC,VASC,svm,0.727,TI,DC3_VA1d_horns,dr1,9,trajectory,other
VASC,VASC,VASC,AUC,0.741,TI,ICM,dr2,9,trajectory,other
VASC,VASC,VASC,Pearson,0.652,TI,ICM,dr3,9,trajectory,other
VASC,VASC,VASC,Qglobal,0.782,TI,ICM,dr2,9,trajectory,other
VASC,VASC,VASC,Qlocal,0.491,TI,ICM,dr2,9,trajectory,other
VASC,VASC,VASC,centroid_distance,0.732,TI,ICM,dr1,9,trajectory,other
VASC,VASC,VASC,k-nearest,0.7,TI,ICM,dr1,9,trajectory,other
VASC,VASC,VASC,kmax,36.0,TI,ICM,dr2,9,trajectory,other
VASC,VASC,VASC,random_triplet,0.709,TI,ICM,dr1,9,trajectory,other
VASC,VASC,VASC,spearman,0.617,TI,ICM,dr1,9,trajectory,other
VASC,VASC,VASC,svm,0.871,TI,ICM,dr1,9,trajectory,other
VASC,VASC,VASC,AUC,0.773,TI,blastocyst,dr2,9,trajectory,other
VASC,VASC,VASC,Pearson,0.676,TI,blastocyst,dr3,9,trajectory,other
VASC,VASC,VASC,Qglobal,0.806,TI,blastocyst,dr2,9,trajectory,other
VASC,VASC,VASC,Qlocal,0.544,TI,blastocyst,dr2,9,trajectory,other
VASC,VASC,VASC,centroid_distance,0.798,TI,blastocyst,dr1,9,trajectory,other
VASC,VASC,VASC,k-nearest,0.744,TI,blastocyst,dr1,9,trajectory,other
VASC,VASC,VASC,kmax,42.0,TI,blastocyst,dr2,9,trajectory,other
VASC,VASC,VASC,random_triplet,0.78,TI,blastocyst,dr1,9,trajectory,other
VASC,VASC,VASC,spearman,0.678,TI,blastocyst,dr1,9,trajectory,other
VASC,VASC,VASC,svm,0.883,TI,blastocyst,dr1,9,trajectory,other
VASC,VASC,VASC,AUC,0.594,TI,combination-1,dr2,9,trajectory,other
VASC,VASC,VASC,Pearson,0.505,TI,combination-1,dr3,9,trajectory,other
VASC,VASC,VASC,Qglobal,0.884,TI,combination-1,dr2,9,trajectory,other
VASC,VASC,VASC,Qlocal,0.414,TI,combination-1,dr2,9,trajectory,other
VASC,VASC,VASC,centroid_distance,0.894,TI,combination-1,dr1,9,trajectory,other
VASC,VASC,VASC,k-nearest,0.857,TI,combination-1,dr1,9,trajectory,other
VASC,VASC,VASC,kmax,2641.0,TI,combination-1,dr2,9,trajectory,other
VASC,VASC,VASC,random_triplet,0.637,TI,combination-1,dr1,9,trajectory,other
VASC,VASC,VASC,spearman,0.507,TI,combination-1,dr1,9,trajectory,other
VASC,VASC,VASC,svm,0.858,TI,combination-1,dr1,9,trajectory,other
VASC,VASC,VASC,AUC,0.584,TI,combination-2,dr2,9,trajectory,other
VASC,VASC,VASC,Pearson,0.266,TI,combination-2,dr3,9,trajectory,other
VASC,VASC,VASC,Qglobal,0.737,TI,combination-2,dr2,9,trajectory,other
VASC,VASC,VASC,Qlocal,0.282,TI,combination-2,dr2,9,trajectory,other
VASC,VASC,VASC,centroid_distance,0.592,TI,combination-2,dr1,9,trajectory,other
VASC,VASC,VASC,k-nearest,0.639,TI,combination-2,dr1,9,trajectory,other
VASC,VASC,VASC,kmax,1455.0,TI,combination-2,dr2,9,trajectory,other
VASC,VASC,VASC,random_triplet,0.605,TI,combination-2,dr1,9,trajectory,other
VASC,VASC,VASC,spearman,0.254,TI,combination-2,dr1,9,trajectory,other
VASC,VASC,VASC,svm,0.786,TI,combination-2,dr1,9,trajectory,other
VASC,VASC,VASC,AUC,0.607,TI,combination-3,dr2,9,trajectory,other
VASC,VASC,VASC,Pearson,0.364,TI,combination-3,dr3,9,trajectory,other
VASC,VASC,VASC,Qglobal,0.718,TI,combination-3,dr2,9,trajectory,other
VASC,VASC,VASC,Qlocal,0.264,TI,combination-3,dr2,9,trajectory,other
VASC,VASC,VASC,centroid_distance,0.941,TI,combination-3,dr1,9,trajectory,other
VASC,VASC,VASC,k-nearest,0.857,TI,combination-3,dr1,9,trajectory,other
VASC,VASC,VASC,kmax,556.0,TI,combination-3,dr2,9,trajectory,other
VASC,VASC,VASC,random_triplet,0.63,TI,combination-3,dr1,9,trajectory,other
VASC,VASC,VASC,spearman,0.335,TI,combination-3,dr1,9,trajectory,other
VASC,VASC,VASC,svm,0.845,TI,combination-3,dr1,9,trajectory,other
VASC,VASC,VASC,AUC,0.732,TI,epiblast,dr2,9,trajectory,other
VASC,VASC,VASC,Pearson,0.643,TI,epiblast,dr3,9,trajectory,other
VASC,VASC,VASC,Qglobal,0.79,TI,epiblast,dr2,9,trajectory,other
VASC,VASC,VASC,Qlocal,0.466,TI,epiblast,dr2,9,trajectory,other
VASC,VASC,VASC,centroid_distance,0.871,TI,epiblast,dr1,9,trajectory,other
VASC,VASC,VASC,k-nearest,0.786,TI,epiblast,dr1,9,trajectory,other
VASC,VASC,VASC,kmax,31.0,TI,epiblast,dr2,9,trajectory,other
VASC,VASC,VASC,random_triplet,0.726,TI,epiblast,dr1,9,trajectory,other
VASC,VASC,VASC,spearman,0.658,TI,epiblast,dr1,9,trajectory,other
VASC,VASC,VASC,svm,0.896,TI,epiblast,dr1,9,trajectory,other
VASC,VASC,VASC,AUC,0.589,TI,epidermis,dr2,9,trajectory,other
VASC,VASC,VASC,Pearson,0.468,TI,epidermis,dr3,9,trajectory,other
VASC,VASC,VASC,Qglobal,0.672,TI,epidermis,dr2,9,trajectory,other
VASC,VASC,VASC,Qlocal,0.174,TI,epidermis,dr2,9,trajectory,other
VASC,VASC,VASC,centroid_distance,0.907,TI,epidermis,dr1,9,trajectory,other
VASC,VASC,VASC,k-nearest,0.8,TI,epidermis,dr1,9,trajectory,other
VASC,VASC,VASC,kmax,667.0,TI,epidermis,dr2,9,trajectory,other
VASC,VASC,VASC,random_triplet,0.625,TI,epidermis,dr1,9,trajectory,other
VASC,VASC,VASC,spearman,0.453,TI,epidermis,dr1,9,trajectory,other
VASC,VASC,VASC,svm,0.889,TI,epidermis,dr1,9,trajectory,other
VASC,VASC,VASC,AUC,0.712,TI,horns,dr2,9,trajectory,other
VASC,VASC,VASC,Pearson,0.504,TI,horns,dr3,9,trajectory,other
VASC,VASC,VASC,Qglobal,0.798,TI,horns,dr2,9,trajectory,other
VASC,VASC,VASC,Qlocal,0.363,TI,horns,dr2,9,trajectory,other
VASC,VASC,VASC,centroid_distance,0.801,TI,horns,dr1,9,trajectory,other
VASC,VASC,VASC,k-nearest,0.696,TI,horns,dr1,9,trajectory,other
VASC,VASC,VASC,kmax,89.0,TI,horns,dr2,9,trajectory,other
VASC,VASC,VASC,random_triplet,0.746,TI,horns,dr1,9,trajectory,other
VASC,VASC,VASC,spearman,0.637,TI,horns,dr1,9,trajectory,other
VASC,VASC,VASC,svm,0.621,TI,horns,dr1,9,trajectory,other
VASC,VASC,VASC,AUC,0.521,TI,muscle,dr2,9,trajectory,other
VASC,VASC,VASC,Pearson,0.19,TI,muscle,dr3,9,trajectory,other
VASC,VASC,VASC,Qglobal,0.803,TI,muscle,dr2,9,trajectory,other
VASC,VASC,VASC,Qlocal,0.303,TI,muscle,dr2,9,trajectory,other
VASC,VASC,VASC,centroid_distance,1.0,TI,muscle,dr1,9,trajectory,other
VASC,VASC,VASC,k-nearest,1.0,TI,muscle,dr1,9,trajectory,other
VASC,VASC,VASC,kmax,1318.0,TI,muscle,dr2,9,trajectory,other
VASC,VASC,VASC,random_triplet,0.54,TI,muscle,dr1,9,trajectory,other
VASC,VASC,VASC,spearman,0.165,TI,muscle,dr1,9,trajectory,other
VASC,VASC,VASC,svm,0.567,TI,muscle,dr1,9,trajectory,other
VASC,VASC,VASC,AUC,0.568,TI,neuron,dr2,9,trajectory,other
VASC,VASC,VASC,Pearson,0.331,TI,neuron,dr3,9,trajectory,other
VASC,VASC,VASC,Qglobal,0.761,TI,neuron,dr2,9,trajectory,other
VASC,VASC,VASC,Qlocal,0.269,TI,neuron,dr2,9,trajectory,other
VASC,VASC,VASC,centroid_distance,0.455,TI,neuron,dr1,9,trajectory,other
VASC,VASC,VASC,k-nearest,0.5,TI,neuron,dr1,9,trajectory,other
VASC,VASC,VASC,kmax,921.0,TI,neuron,dr2,9,trajectory,other
VASC,VASC,VASC,random_triplet,0.597,TI,neuron,dr1,9,trajectory,other
VASC,VASC,VASC,spearman,0.312,TI,neuron,dr1,9,trajectory,other
VASC,VASC,VASC,svm,0.789,TI,neuron,dr1,9,trajectory,other
VASC,VASC,VASC,AUC,0.57,TI,pair-1,dr2,9,trajectory,other
VASC,VASC,VASC,Pearson,0.357,TI,pair-1,dr3,9,trajectory,other
VASC,VASC,VASC,Qglobal,0.677,TI,pair-1,dr2,9,trajectory,other
VASC,VASC,VASC,Qlocal,0.196,TI,pair-1,dr2,9,trajectory,other
VASC,VASC,VASC,centroid_distance,0.909,TI,pair-1,dr1,9,trajectory,other
VASC,VASC,VASC,k-nearest,0.812,TI,pair-1,dr1,9,trajectory,other
VASC,VASC,VASC,kmax,2358.0,TI,pair-1,dr2,9,trajectory,other
VASC,VASC,VASC,random_triplet,0.595,TI,pair-1,dr1,9,trajectory,other
VASC,VASC,VASC,spearman,0.328,TI,pair-1,dr1,9,trajectory,other
VASC,VASC,VASC,svm,0.915,TI,pair-1,dr1,9,trajectory,other
VASC,VASC,VASC,AUC,0.579,TI,pair-2,dr2,9,trajectory,other
VASC,VASC,VASC,Pearson,0.391,TI,pair-2,dr3,9,trajectory,other
VASC,VASC,VASC,Qglobal,0.839,TI,pair-2,dr2,9,trajectory,other
VASC,VASC,VASC,Qlocal,0.345,TI,pair-2,dr2,9,trajectory,other
VASC,VASC,VASC,centroid_distance,0.651,TI,pair-2,dr1,9,trajectory,other
VASC,VASC,VASC,k-nearest,0.744,TI,pair-2,dr1,9,trajectory,other
VASC,VASC,VASC,kmax,5606.0,TI,pair-2,dr2,9,trajectory,other
VASC,VASC,VASC,random_triplet,0.624,TI,pair-2,dr1,9,trajectory,other
VASC,VASC,VASC,spearman,0.465,TI,pair-2,dr1,9,trajectory,other
VASC,VASC,VASC,svm,0.823,TI,pair-2,dr1,9,trajectory,other
VASC,VASC,VASC,AUC,0.56,TI,pair-3,dr2,9,trajectory,other
VASC,VASC,VASC,Pearson,0.436,TI,pair-3,dr3,9,trajectory,other
VASC,VASC,VASC,Qglobal,0.863,TI,pair-3,dr2,9,trajectory,other
VASC,VASC,VASC,Qlocal,0.368,TI,pair-3,dr2,9,trajectory,other
VASC,VASC,VASC,centroid_distance,0.913,TI,pair-3,dr1,9,trajectory,other
VASC,VASC,VASC,k-nearest,0.688,TI,pair-3,dr1,9,trajectory,other
VASC,VASC,VASC,kmax,5257.0,TI,pair-3,dr2,9,trajectory,other
VASC,VASC,VASC,random_triplet,0.597,TI,pair-3,dr1,9,trajectory,other
VASC,VASC,VASC,spearman,0.395,TI,pair-3,dr1,9,trajectory,other
VASC,VASC,VASC,svm,0.927,TI,pair-3,dr1,9,trajectory,other
VASC,VASC,VASC,AUC,0.581,TI,pair-4,dr2,9,trajectory,other
VASC,VASC,VASC,Pearson,0.486,TI,pair-4,dr3,9,trajectory,other
VASC,VASC,VASC,Qglobal,0.834,TI,pair-4,dr2,9,trajectory,other
VASC,VASC,VASC,Qlocal,0.341,TI,pair-4,dr2,9,trajectory,other
VASC,VASC,VASC,centroid_distance,0.683,TI,pair-4,dr1,9,trajectory,other
VASC,VASC,VASC,k-nearest,0.633,TI,pair-4,dr1,9,trajectory,other
VASC,VASC,VASC,kmax,4591.0,TI,pair-4,dr2,9,trajectory,other
VASC,VASC,VASC,random_triplet,0.626,TI,pair-4,dr1,9,trajectory,other
VASC,VASC,VASC,spearman,0.484,TI,pair-4,dr1,9,trajectory,other
VASC,VASC,VASC,svm,0.879,TI,pair-4,dr1,9,trajectory,other
VASC,VASC,VASC,AUC,0.606,TI,parenchyme,dr2,9,trajectory,other
VASC,VASC,VASC,Pearson,0.282,TI,parenchyme,dr3,9,trajectory,other
VASC,VASC,VASC,Qglobal,0.751,TI,parenchyme,dr2,9,trajectory,other
VASC,VASC,VASC,Qlocal,0.307,TI,parenchyme,dr2,9,trajectory,other
VASC,VASC,VASC,centroid_distance,0.969,TI,parenchyme,dr1,9,trajectory,other
VASC,VASC,VASC,k-nearest,0.8,TI,parenchyme,dr1,9,trajectory,other
VASC,VASC,VASC,kmax,650.0,TI,parenchyme,dr2,9,trajectory,other
VASC,VASC,VASC,random_triplet,0.635,TI,parenchyme,dr1,9,trajectory,other
VASC,VASC,VASC,spearman,0.338,TI,parenchyme,dr1,9,trajectory,other
VASC,VASC,VASC,svm,0.876,TI,parenchyme,dr1,9,trajectory,other
VASC,VASC,VASC,AUC,0.625,TI,phagocyte,dr2,9,trajectory,other
VASC,VASC,VASC,Pearson,0.514,TI,phagocyte,dr3,9,trajectory,other
VASC,VASC,VASC,Qglobal,0.854,TI,phagocyte,dr2,9,trajectory,other
VASC,VASC,VASC,Qlocal,0.406,TI,phagocyte,dr2,9,trajectory,other
VASC,VASC,VASC,centroid_distance,1.0,TI,phagocyte,dr1,9,trajectory,other
VASC,VASC,VASC,k-nearest,1.0,TI,phagocyte,dr1,9,trajectory,other
VASC,VASC,VASC,kmax,354.0,TI,phagocyte,dr2,9,trajectory,other
VASC,VASC,VASC,random_triplet,0.654,TI,phagocyte,dr1,9,trajectory,other
VASC,VASC,VASC,spearman,0.552,TI,phagocyte,dr1,9,trajectory,other
VASC,VASC,VASC,svm,0.954,TI,phagocyte,dr1,9,trajectory,other
VASC,VASC,VASC,AUC,0.606,TI,pharynx,dr2,9,trajectory,other
VASC,VASC,VASC,Pearson,0.502,TI,pharynx,dr3,9,trajectory,other
VASC,VASC,VASC,Qglobal,0.828,TI,pharynx,dr2,9,trajectory,other
VASC,VASC,VASC,Qlocal,0.358,TI,pharynx,dr2,9,trajectory,other
VASC,VASC,VASC,centroid_distance,1.0,TI,pharynx,dr1,9,trajectory,other
VASC,VASC,VASC,k-nearest,1.0,TI,pharynx,dr1,9,trajectory,other
VASC,VASC,VASC,kmax,136.0,TI,pharynx,dr2,9,trajectory,other
VASC,VASC,VASC,random_triplet,0.656,TI,pharynx,dr1,9,trajectory,other
VASC,VASC,VASC,spearman,0.513,TI,pharynx,dr1,9,trajectory,other
VASC,VASC,VASC,svm,0.986,TI,pharynx,dr1,9,trajectory,other
VASC,VASC,VASC,AUC,0.717,TI,trophectoderm,dr2,9,trajectory,other
VASC,VASC,VASC,Pearson,0.602,TI,trophectoderm,dr3,9,trajectory,other
VASC,VASC,VASC,Qglobal,0.817,TI,trophectoderm,dr2,9,trajectory,other
VASC,VASC,VASC,Qlocal,0.392,TI,trophectoderm,dr2,9,trajectory,other
VASC,VASC,VASC,centroid_distance,1.0,TI,trophectoderm,dr1,9,trajectory,other
VASC,VASC,VASC,k-nearest,1.0,TI,trophectoderm,dr1,9,trajectory,other
VASC,VASC,VASC,kmax,18.0,TI,trophectoderm,dr2,9,trajectory,other
VASC,VASC,VASC,random_triplet,0.78,TI,trophectoderm,dr1,9,trajectory,other
VASC,VASC,VASC,spearman,0.718,TI,trophectoderm,dr1,9,trajectory,other
VASC,VASC,VASC,svm,1.0,TI,trophectoderm,dr1,9,trajectory,other
VASC,VASC,VASC,AUC,0.753,VASC,Baron,dr2,9,VASC,other
VASC,VASC,VASC,Pearson,0.841,VASC,Baron,dr3,9,VASC,other
VASC,VASC,VASC,Qglobal,0.807,VASC,Baron,dr2,9,VASC,other
VASC,VASC,VASC,Qlocal,0.409,VASC,Baron,dr2,9,VASC,other
VASC,VASC,VASC,centroid_distance,0.747,VASC,Baron,dr1,9,VASC,other
VASC,VASC,VASC,k-nearest,0.554,VASC,Baron,dr1,9,VASC,other
VASC,VASC,VASC,kmax,1171.0,VASC,Baron,dr2,9,VASC,other
VASC,VASC,VASC,random_triplet,0.778,VASC,Baron,dr1,9,VASC,other
VASC,VASC,VASC,spearman,0.849,VASC,Baron,dr1,9,VASC,other
VASC,VASC,VASC,svm,0.285,VASC,Baron,dr1,9,VASC,other
VASC,VASC,VASC,AUC,0.824,VASC,Biase,dr2,9,VASC,other
VASC,VASC,VASC,Pearson,0.766,VASC,Biase,dr3,9,VASC,other
VASC,VASC,VASC,Qglobal,0.88,VASC,Biase,dr2,9,VASC,other
VASC,VASC,VASC,Qlocal,0.521,VASC,Biase,dr2,9,VASC,other
VASC,VASC,VASC,centroid_distance,0.904,VASC,Biase,dr1,9,VASC,other
VASC,VASC,VASC,k-nearest,1.0,VASC,Biase,dr1,9,VASC,other
VASC,VASC,VASC,kmax,7.0,VASC,Biase,dr2,9,VASC,other
VASC,VASC,VASC,random_triplet,0.825,VASC,Biase,dr1,9,VASC,other
VASC,VASC,VASC,spearman,0.849,VASC,Biase,dr1,9,VASC,other
VASC,VASC,VASC,svm,0.98,VASC,Biase,dr1,9,VASC,other
VASC,VASC,VASC,AUC,0.784,VASC,Goolam,dr2,9,VASC,other
VASC,VASC,VASC,Pearson,0.774,VASC,Goolam,dr3,9,VASC,other
VASC,VASC,VASC,Qglobal,0.832,VASC,Goolam,dr2,9,VASC,other
VASC,VASC,VASC,Qlocal,0.472,VASC,Goolam,dr2,9,VASC,other
VASC,VASC,VASC,centroid_distance,0.9,VASC,Goolam,dr1,9,VASC,other
VASC,VASC,VASC,k-nearest,1.0,VASC,Goolam,dr1,9,VASC,other
VASC,VASC,VASC,kmax,15.0,VASC,Goolam,dr2,9,VASC,other
VASC,VASC,VASC,random_triplet,0.824,VASC,Goolam,dr1,9,VASC,other
VASC,VASC,VASC,spearman,0.823,VASC,Goolam,dr1,9,VASC,other
VASC,VASC,VASC,svm,0.927,VASC,Goolam,dr1,9,VASC,other
VASC,VASC,VASC,AUC,0.576,VASC,Xin,dr2,9,VASC,other
VASC,VASC,VASC,Pearson,0.711,VASC,Xin,dr3,9,VASC,other
VASC,VASC,VASC,Qglobal,0.841,VASC,Xin,dr2,9,VASC,other
VASC,VASC,VASC,Qlocal,0.341,VASC,Xin,dr2,9,VASC,other
VASC,VASC,VASC,centroid_distance,0.94,VASC,Xin,dr1,9,VASC,other
VASC,VASC,VASC,k-nearest,0.625,VASC,Xin,dr1,9,VASC,other
VASC,VASC,VASC,kmax,847.0,VASC,Xin,dr2,9,VASC,other
VASC,VASC,VASC,random_triplet,0.626,VASC,Xin,dr1,9,VASC,other
VASC,VASC,VASC,spearman,0.473,VASC,Xin,dr1,9,VASC,other
VASC,VASC,VASC,svm,0.648,VASC,Xin,dr1,9,VASC,other
VASC,VASC,VASC,AUC,0.749,VASC,Zeisel,dr2,9,VASC,other
VASC,VASC,VASC,Pearson,0.787,VASC,Zeisel,dr3,9,VASC,other
VASC,VASC,VASC,Qglobal,0.862,VASC,Zeisel,dr2,9,VASC,other
VASC,VASC,VASC,Qlocal,0.477,VASC,Zeisel,dr2,9,VASC,other
VASC,VASC,VASC,centroid_distance,0.778,VASC,Zeisel,dr1,9,VASC,other
VASC,VASC,VASC,k-nearest,0.611,VASC,Zeisel,dr1,9,VASC,other
VASC,VASC,VASC,kmax,884.0,VASC,Zeisel,dr2,9,VASC,other
VASC,VASC,VASC,random_triplet,0.794,VASC,Zeisel,dr1,9,VASC,other
VASC,VASC,VASC,spearman,0.804,VASC,Zeisel,dr1,9,VASC,other
VASC,VASC,VASC,svm,0.802,VASC,Zeisel,dr1,9,VASC,other
VASC,VASC,VASC,AUC,0.816,VASC,yan,dr2,9,VASC,other
VASC,VASC,VASC,Pearson,0.824,VASC,yan,dr3,9,VASC,other
VASC,VASC,VASC,Qglobal,0.867,VASC,yan,dr2,9,VASC,other
VASC,VASC,VASC,Qlocal,0.643,VASC,yan,dr2,9,VASC,other
VASC,VASC,VASC,centroid_distance,0.84,VASC,yan,dr1,9,VASC,other
VASC,VASC,VASC,k-nearest,0.917,VASC,yan,dr1,9,VASC,other
VASC,VASC,VASC,kmax,17.0,VASC,yan,dr2,9,VASC,other
VASC,VASC,VASC,random_triplet,0.793,VASC,yan,dr1,9,VASC,other
VASC,VASC,VASC,spearman,0.736,VASC,yan,dr1,9,VASC,other
VASC,VASC,VASC,svm,0.889,VASC,yan,dr1,9,VASC,other
VASC,VASC,VASC,AUC,0.667,benchmarker,Baron_mouse,dr2,9,curated,other
VASC,VASC,VASC,Pearson,0.797,benchmarker,Baron_mouse,dr3,9,curated,other
VASC,VASC,VASC,Qglobal,0.886,benchmarker,Baron_mouse,dr2,9,curated,other
VASC,VASC,VASC,Qlocal,0.424,benchmarker,Baron_mouse,dr2,9,curated,other
VASC,VASC,VASC,centroid_distance,0.499,benchmarker,Baron_mouse,dr1,9,curated,other
VASC,VASC,VASC,k-nearest,0.769,benchmarker,Baron_mouse,dr1,9,curated,other
VASC,VASC,VASC,kmax,890.0,benchmarker,Baron_mouse,dr2,9,curated,other
VASC,VASC,VASC,random_triplet,0.722,benchmarker,Baron_mouse,dr1,9,curated,other
VASC,VASC,VASC,spearman,0.782,benchmarker,Baron_mouse,dr1,9,curated,other
VASC,VASC,VASC,svm,0.865,benchmarker,Baron_mouse,dr1,9,curated,other
VASC,VASC,VASC,AUC,0.718,benchmarker,Darmanis,dr2,9,curated,other
VASC,VASC,VASC,Pearson,0.714,benchmarker,Darmanis,dr3,9,curated,other
VASC,VASC,VASC,Qglobal,0.769,benchmarker,Darmanis,dr2,9,curated,other
VASC,VASC,VASC,Qlocal,0.403,benchmarker,Darmanis,dr2,9,curated,other
VASC,VASC,VASC,centroid_distance,0.616,benchmarker,Darmanis,dr1,9,curated,other
VASC,VASC,VASC,k-nearest,0.5,benchmarker,Darmanis,dr1,9,curated,other
VASC,VASC,VASC,kmax,57.0,benchmarker,Darmanis,dr2,9,curated,other
VASC,VASC,VASC,random_triplet,0.729,benchmarker,Darmanis,dr1,9,curated,other
VASC,VASC,VASC,spearman,0.714,benchmarker,Darmanis,dr1,9,curated,other
VASC,VASC,VASC,svm,0.94,benchmarker,Darmanis,dr1,9,curated,other
VASC,VASC,VASC,AUC,0.652,benchmarker,Pancreatic,dr2,9,curated,other
VASC,VASC,VASC,Pearson,0.438,benchmarker,Pancreatic,dr3,9,curated,other
VASC,VASC,VASC,Qglobal,0.736,benchmarker,Pancreatic,dr2,9,curated,other
VASC,VASC,VASC,Qlocal,0.344,benchmarker,Pancreatic,dr2,9,curated,other
VASC,VASC,VASC,centroid_distance,0.855,benchmarker,Pancreatic,dr1,9,curated,other
VASC,VASC,VASC,k-nearest,0.583,benchmarker,Pancreatic,dr1,9,curated,other
VASC,VASC,VASC,kmax,12.0,benchmarker,Pancreatic,dr2,9,curated,other
VASC,VASC,VASC,random_triplet,0.69,benchmarker,Pancreatic,dr1,9,curated,other
VASC,VASC,VASC,spearman,0.441,benchmarker,Pancreatic,dr1,9,curated,other
VASC,VASC,VASC,svm,0.733,benchmarker,Pancreatic,dr1,9,curated,other
VASC,VASC,VASC,AUC,0.726,benchmarker,Silver,dr2,9,curated,other
VASC,VASC,VASC,Pearson,0.764,benchmarker,Silver,dr3,9,curated,other
VASC,VASC,VASC,Qglobal,0.847,benchmarker,Silver,dr2,9,curated,other
VASC,VASC,VASC,Qlocal,0.374,benchmarker,Silver,dr2,9,curated,other
VASC,VASC,VASC,centroid_distance,0.974,benchmarker,Silver,dr1,9,curated,other
VASC,VASC,VASC,k-nearest,0.848,benchmarker,Silver,dr1,9,curated,other
VASC,VASC,VASC,kmax,660.0,benchmarker,Silver,dr2,9,curated,other
VASC,VASC,VASC,random_triplet,0.78,benchmarker,Silver,dr1,9,curated,other
VASC,VASC,VASC,spearman,0.782,benchmarker,Silver,dr1,9,curated,other
VASC,VASC,VASC,svm,0.503,benchmarker,Silver,dr1,9,curated,other
VASC,VASC,VASC,AUC,0.625,benchmarker,Zhengmix4eq,dr2,9,curated,other
VASC,VASC,VASC,Pearson,0.801,benchmarker,Zhengmix4eq,dr3,9,curated,other
VASC,VASC,VASC,Qglobal,0.763,benchmarker,Zhengmix4eq,dr2,9,curated,other
VASC,VASC,VASC,Qlocal,0.273,benchmarker,Zhengmix4eq,dr2,9,curated,other
VASC,VASC,VASC,centroid_distance,0.904,benchmarker,Zhengmix4eq,dr1,9,curated,other
VASC,VASC,VASC,k-nearest,0.25,benchmarker,Zhengmix4eq,dr1,9,curated,other
VASC,VASC,VASC,kmax,1127.0,benchmarker,Zhengmix4eq,dr2,9,curated,other
VASC,VASC,VASC,random_triplet,0.663,benchmarker,Zhengmix4eq,dr1,9,curated,other
VASC,VASC,VASC,spearman,0.648,benchmarker,Zhengmix4eq,dr1,9,curated,other
VASC,VASC,VASC,svm,0.722,benchmarker,Zhengmix4eq,dr1,9,curated,other
VASC,VASC,VASC,AUC,0.643,scDesign3,ACINAR,dr2,9,scDesign3,other
VASC,VASC,VASC,Pearson,0.192,scDesign3,ACINAR,dr3,9,scDesign3,other
VASC,VASC,VASC,Qglobal,0.706,scDesign3,ACINAR,dr2,9,scDesign3,other
VASC,VASC,VASC,Qlocal,0.286,scDesign3,ACINAR,dr2,9,scDesign3,other
VASC,VASC,VASC,centroid_distance,0.644,scDesign3,ACINAR,dr1,9,scDesign3,other
VASC,VASC,VASC,k-nearest,0.567,scDesign3,ACINAR,dr1,9,scDesign3,other
VASC,VASC,VASC,kmax,456.0,scDesign3,ACINAR,dr2,9,scDesign3,other
VASC,VASC,VASC,random_triplet,0.651,scDesign3,ACINAR,dr1,9,scDesign3,other
VASC,VASC,VASC,spearman,0.32,scDesign3,ACINAR,dr1,9,scDesign3,other
VASC,VASC,VASC,svm,0.561,scDesign3,ACINAR,dr1,9,scDesign3,other
VASC,VASC,VASC,AUC,0.654,scDesign3,ATAC,dr2,9,scDesign3,other
VASC,VASC,VASC,Pearson,0.482,scDesign3,ATAC,dr3,9,scDesign3,other
VASC,VASC,VASC,Qglobal,0.809,scDesign3,ATAC,dr2,9,scDesign3,other
VASC,VASC,VASC,Qlocal,0.361,scDesign3,ATAC,dr2,9,scDesign3,other
VASC,VASC,VASC,centroid_distance,0.782,scDesign3,ATAC,dr1,9,scDesign3,other
VASC,VASC,VASC,k-nearest,0.744,scDesign3,ATAC,dr1,9,scDesign3,other
VASC,VASC,VASC,kmax,2441.0,scDesign3,ATAC,dr2,9,scDesign3,other
VASC,VASC,VASC,random_triplet,0.699,scDesign3,ATAC,dr1,9,scDesign3,other
VASC,VASC,VASC,spearman,0.523,scDesign3,ATAC,dr1,9,scDesign3,other
VASC,VASC,VASC,svm,0.784,scDesign3,ATAC,dr1,9,scDesign3,other
VASC,VASC,VASC,AUC,0.685,scDesign3,BATCH,dr2,9,scDesign3,other
VASC,VASC,VASC,Pearson,0.368,scDesign3,BATCH,dr3,9,scDesign3,other
VASC,VASC,VASC,Qglobal,0.74,scDesign3,BATCH,dr2,9,scDesign3,other
VASC,VASC,VASC,Qlocal,0.32,scDesign3,BATCH,dr2,9,scDesign3,other
VASC,VASC,VASC,centroid_distance,0.655,scDesign3,BATCH,dr1,9,scDesign3,other
VASC,VASC,VASC,k-nearest,0.556,scDesign3,BATCH,dr1,9,scDesign3,other
VASC,VASC,VASC,kmax,821.0,scDesign3,BATCH,dr2,9,scDesign3,other
VASC,VASC,VASC,random_triplet,0.715,scDesign3,BATCH,dr1,9,scDesign3,other
VASC,VASC,VASC,spearman,0.576,scDesign3,BATCH,dr1,9,scDesign3,other
VASC,VASC,VASC,svm,0.676,scDesign3,BATCH,dr1,9,scDesign3,other
VASC,VASC,VASC,AUC,0.613,scDesign3,CITE,dr2,9,scDesign3,other
VASC,VASC,VASC,Pearson,0.044,scDesign3,CITE,dr3,9,scDesign3,other
VASC,VASC,VASC,Qglobal,0.724,scDesign3,CITE,dr2,9,scDesign3,other
VASC,VASC,VASC,Qlocal,0.357,scDesign3,CITE,dr2,9,scDesign3,other
VASC,VASC,VASC,centroid_distance,0.226,scDesign3,CITE,dr1,9,scDesign3,other
VASC,VASC,VASC,k-nearest,0.383,scDesign3,CITE,dr1,9,scDesign3,other
VASC,VASC,VASC,kmax,2611.0,scDesign3,CITE,dr2,9,scDesign3,other
VASC,VASC,VASC,random_triplet,0.598,scDesign3,CITE,dr1,9,scDesign3,other
VASC,VASC,VASC,spearman,0.171,scDesign3,CITE,dr1,9,scDesign3,other
VASC,VASC,VASC,svm,0.647,scDesign3,CITE,dr1,9,scDesign3,other
VASC,VASC,VASC,AUC,0.569,scDesign3,EMBYRO,dr2,9,scDesign3,other
VASC,VASC,VASC,Pearson,0.056,scDesign3,EMBYRO,dr3,9,scDesign3,other
VASC,VASC,VASC,Qglobal,0.593,scDesign3,EMBYRO,dr2,9,scDesign3,other
VASC,VASC,VASC,Qlocal,0.143,scDesign3,EMBYRO,dr2,9,scDesign3,other
VASC,VASC,VASC,centroid_distance,0.913,scDesign3,EMBYRO,dr1,9,scDesign3,other
VASC,VASC,VASC,k-nearest,0.2,scDesign3,EMBYRO,dr1,9,scDesign3,other
VASC,VASC,VASC,kmax,69.0,scDesign3,EMBYRO,dr2,9,scDesign3,other
VASC,VASC,VASC,random_triplet,0.569,scDesign3,EMBYRO,dr1,9,scDesign3,other
VASC,VASC,VASC,spearman,0.147,scDesign3,EMBYRO,dr1,9,scDesign3,other
VASC,VASC,VASC,svm,0.809,scDesign3,EMBYRO,dr1,9,scDesign3,other
VASC,VASC,VASC,AUC,0.681,scDesign3,IFNB,dr2,9,scDesign3,other
VASC,VASC,VASC,Pearson,0.484,scDesign3,IFNB,dr3,9,scDesign3,other
VASC,VASC,VASC,Qglobal,0.842,scDesign3,IFNB,dr2,9,scDesign3,other
VASC,VASC,VASC,Qlocal,0.453,scDesign3,IFNB,dr2,9,scDesign3,other
VASC,VASC,VASC,centroid_distance,0.635,scDesign3,IFNB,dr1,9,scDesign3,other
VASC,VASC,VASC,k-nearest,0.59,scDesign3,IFNB,dr1,9,scDesign3,other
VASC,VASC,VASC,kmax,5808.0,scDesign3,IFNB,dr2,9,scDesign3,other
VASC,VASC,VASC,random_triplet,0.71,scDesign3,IFNB,dr1,9,scDesign3,other
VASC,VASC,VASC,spearman,0.628,scDesign3,IFNB,dr1,9,scDesign3,other
VASC,VASC,VASC,svm,0.656,scDesign3,IFNB,dr1,9,scDesign3,other
VASC,VASC,VASC,AUC,0.739,scDesign3,MARROW,dr2,9,scDesign3,other
VASC,VASC,VASC,Pearson,0.549,scDesign3,MARROW,dr3,9,scDesign3,other
VASC,VASC,VASC,Qglobal,0.84,scDesign3,MARROW,dr2,9,scDesign3,other
VASC,VASC,VASC,Qlocal,0.45,scDesign3,MARROW,dr2,9,scDesign3,other
VASC,VASC,VASC,centroid_distance,0.858,scDesign3,MARROW,dr1,9,scDesign3,other
VASC,VASC,VASC,k-nearest,0.667,scDesign3,MARROW,dr1,9,scDesign3,other
VASC,VASC,VASC,kmax,684.0,scDesign3,MARROW,dr2,9,scDesign3,other
VASC,VASC,VASC,random_triplet,0.786,scDesign3,MARROW,dr1,9,scDesign3,other
VASC,VASC,VASC,spearman,0.625,scDesign3,MARROW,dr1,9,scDesign3,other
VASC,VASC,VASC,svm,0.903,scDesign3,MARROW,dr1,9,scDesign3,other
VASC,VASC,VASC,AUC,0.66,scDesign3,MOBSC,dr2,9,scDesign3,other
VASC,VASC,VASC,Pearson,0.594,scDesign3,MOBSC,dr3,9,scDesign3,other
VASC,VASC,VASC,Qglobal,0.732,scDesign3,MOBSC,dr2,9,scDesign3,other
VASC,VASC,VASC,Qlocal,0.304,scDesign3,MOBSC,dr2,9,scDesign3,other
VASC,VASC,VASC,centroid_distance,0.446,scDesign3,MOBSC,dr1,9,scDesign3,other
VASC,VASC,VASC,k-nearest,0.25,scDesign3,MOBSC,dr1,9,scDesign3,other
VASC,VASC,VASC,kmax,2110.0,scDesign3,MOBSC,dr2,9,scDesign3,other
VASC,VASC,VASC,random_triplet,0.689,scDesign3,MOBSC,dr1,9,scDesign3,other
VASC,VASC,VASC,spearman,0.527,scDesign3,MOBSC,dr1,9,scDesign3,other
VASC,VASC,VASC,svm,0.841,scDesign3,MOBSC,dr1,9,scDesign3,other
VASC,VASC,VASC,AUC,0.627,scDesign3,OVARIAN,dr2,9,scDesign3,other
VASC,VASC,VASC,Pearson,0.09,scDesign3,OVARIAN,dr3,9,scDesign3,other
VASC,VASC,VASC,Qglobal,0.716,scDesign3,OVARIAN,dr2,9,scDesign3,other
VASC,VASC,VASC,Qlocal,0.324,scDesign3,OVARIAN,dr2,9,scDesign3,other
VASC,VASC,VASC,centroid_distance,0.594,scDesign3,OVARIAN,dr1,9,scDesign3,other
VASC,VASC,VASC,k-nearest,0.485,scDesign3,OVARIAN,dr1,9,scDesign3,other
VASC,VASC,VASC,kmax,781.0,scDesign3,OVARIAN,dr2,9,scDesign3,other
VASC,VASC,VASC,random_triplet,0.629,scDesign3,OVARIAN,dr1,9,scDesign3,other
VASC,VASC,VASC,spearman,0.169,scDesign3,OVARIAN,dr1,9,scDesign3,other
VASC,VASC,VASC,svm,0.525,scDesign3,OVARIAN,dr1,9,scDesign3,other
VASC,VASC,VASC,AUC,0.71,scDesign3,PANCREAS,dr2,9,scDesign3,other
VASC,VASC,VASC,Pearson,0.186,scDesign3,PANCREAS,dr3,9,scDesign3,other
VASC,VASC,VASC,Qglobal,0.786,scDesign3,PANCREAS,dr2,9,scDesign3,other
VASC,VASC,VASC,Qlocal,0.434,scDesign3,PANCREAS,dr2,9,scDesign3,other
VASC,VASC,VASC,centroid_distance,0.711,scDesign3,PANCREAS,dr1,9,scDesign3,other
VASC,VASC,VASC,k-nearest,0.5,scDesign3,PANCREAS,dr1,9,scDesign3,other
VASC,VASC,VASC,kmax,448.0,scDesign3,PANCREAS,dr2,9,scDesign3,other
VASC,VASC,VASC,random_triplet,0.716,scDesign3,PANCREAS,dr1,9,scDesign3,other
VASC,VASC,VASC,spearman,0.358,scDesign3,PANCREAS,dr1,9,scDesign3,other
VASC,VASC,VASC,svm,0.943,scDesign3,PANCREAS,dr1,9,scDesign3,other
VASC,VASC,VASC,AUC,0.555,scDesign3,SCGEMMETH,dr2,9,scDesign3,other
VASC,VASC,VASC,Pearson,0.234,scDesign3,SCGEMMETH,dr3,9,scDesign3,other
VASC,VASC,VASC,Qglobal,0.668,scDesign3,SCGEMMETH,dr2,9,scDesign3,other
VASC,VASC,VASC,Qlocal,0.184,scDesign3,SCGEMMETH,dr2,9,scDesign3,other
VASC,VASC,VASC,centroid_distance,0.639,scDesign3,SCGEMMETH,dr1,9,scDesign3,other
VASC,VASC,VASC,k-nearest,0.5,scDesign3,SCGEMMETH,dr1,9,scDesign3,other
VASC,VASC,VASC,kmax,33.0,scDesign3,SCGEMMETH,dr2,9,scDesign3,other
VASC,VASC,VASC,random_triplet,0.58,scDesign3,SCGEMMETH,dr1,9,scDesign3,other
VASC,VASC,VASC,spearman,0.207,scDesign3,SCGEMMETH,dr1,9,scDesign3,other
VASC,VASC,VASC,svm,0.422,scDesign3,SCGEMMETH,dr1,9,scDesign3,other
VASC,VASC,VASC,AUC,0.774,scDesign3,SCGEMRNA,dr2,9,scDesign3,other
VASC,VASC,VASC,Pearson,0.893,scDesign3,SCGEMRNA,dr3,9,scDesign3,other
VASC,VASC,VASC,Qglobal,0.929,scDesign3,SCGEMRNA,dr2,9,scDesign3,other
VASC,VASC,VASC,Qlocal,0.532,scDesign3,SCGEMRNA,dr2,9,scDesign3,other
VASC,VASC,VASC,centroid_distance,0.988,scDesign3,SCGEMRNA,dr1,9,scDesign3,other
VASC,VASC,VASC,k-nearest,0.8,scDesign3,SCGEMRNA,dr1,9,scDesign3,other
VASC,VASC,VASC,kmax,67.0,scDesign3,SCGEMRNA,dr2,9,scDesign3,other
VASC,VASC,VASC,random_triplet,0.875,scDesign3,SCGEMRNA,dr1,9,scDesign3,other
VASC,VASC,VASC,spearman,0.905,scDesign3,SCGEMRNA,dr1,9,scDesign3,other
VASC,VASC,VASC,svm,0.486,scDesign3,SCGEMRNA,dr1,9,scDesign3,other
VASC,VASC,VASC,AUC,0.522,scDesign3,SCIATAC,dr2,9,scDesign3,other
VASC,VASC,VASC,Pearson,0.222,scDesign3,SCIATAC,dr3,9,scDesign3,other
VASC,VASC,VASC,Qglobal,0.724,scDesign3,SCIATAC,dr2,9,scDesign3,other
VASC,VASC,VASC,Qlocal,0.224,scDesign3,SCIATAC,dr2,9,scDesign3,other
VASC,VASC,VASC,centroid_distance,0.469,scDesign3,SCIATAC,dr1,9,scDesign3,other
VASC,VASC,VASC,k-nearest,0.5,scDesign3,SCIATAC,dr1,9,scDesign3,other
VASC,VASC,VASC,kmax,1630.0,scDesign3,SCIATAC,dr2,9,scDesign3,other
VASC,VASC,VASC,random_triplet,0.545,scDesign3,SCIATAC,dr1,9,scDesign3,other
VASC,VASC,VASC,spearman,0.144,scDesign3,SCIATAC,dr1,9,scDesign3,other
VASC,VASC,VASC,svm,0.468,scDesign3,SCIATAC,dr1,9,scDesign3,other
VASC,VASC,VASC,AUC,0.553,scDesign3,SLIDE,dr2,9,scDesign3,other
VASC,VASC,VASC,Pearson,0.436,scDesign3,SLIDE,dr3,9,scDesign3,other
VASC,VASC,VASC,Qglobal,0.877,scDesign3,SLIDE,dr2,9,scDesign3,other
VASC,VASC,VASC,Qlocal,0.358,scDesign3,SLIDE,dr2,9,scDesign3,other
VASC,VASC,VASC,centroid_distance,0.553,scDesign3,SLIDE,dr1,9,scDesign3,other
VASC,VASC,VASC,k-nearest,0.727,scDesign3,SLIDE,dr1,9,scDesign3,other
VASC,VASC,VASC,kmax,14586.0,scDesign3,SLIDE,dr2,9,scDesign3,other
VASC,VASC,VASC,random_triplet,0.581,scDesign3,SLIDE,dr1,9,scDesign3,other
VASC,VASC,VASC,spearman,0.56,scDesign3,SLIDE,dr1,9,scDesign3,other
VASC,VASC,VASC,svm,0.51,scDesign3,SLIDE,dr1,9,scDesign3,other
VASC,VASC,VASC,AUC,0.608,scDesign3,VISIUM,dr2,9,scDesign3,other
VASC,VASC,VASC,Pearson,0.173,scDesign3,VISIUM,dr3,9,scDesign3,other
VASC,VASC,VASC,Qglobal,0.66,scDesign3,VISIUM,dr2,9,scDesign3,other
VASC,VASC,VASC,Qlocal,0.262,scDesign3,VISIUM,dr2,9,scDesign3,other
VASC,VASC,VASC,centroid_distance,0.465,scDesign3,VISIUM,dr1,9,scDesign3,other
VASC,VASC,VASC,k-nearest,0.45,scDesign3,VISIUM,dr1,9,scDesign3,other
VASC,VASC,VASC,kmax,346.0,scDesign3,VISIUM,dr2,9,scDesign3,other
VASC,VASC,VASC,random_triplet,0.611,scDesign3,VISIUM,dr1,9,scDesign3,other
VASC,VASC,VASC,spearman,0.31,scDesign3,VISIUM,dr1,9,scDesign3,other
VASC,VASC,VASC,svm,0.601,scDesign3,VISIUM,dr1,9,scDesign3,other
SAUCIE,SAUCIE,SAUCIE,AUC,0.558,SIMLR,Pollen,dr2,10,SIMLR,other
SAUCIE,SAUCIE,SAUCIE,Pearson,0.313,SIMLR,Pollen,dr3,10,SIMLR,other
SAUCIE,SAUCIE,SAUCIE,Qglobal,0.616,SIMLR,Pollen,dr2,10,SIMLR,other
SAUCIE,SAUCIE,SAUCIE,Qlocal,0.131,SIMLR,Pollen,dr2,10,SIMLR,other
SAUCIE,SAUCIE,SAUCIE,centroid_distance,0.363,SIMLR,Pollen,dr1,10,SIMLR,other
SAUCIE,SAUCIE,SAUCIE,k-nearest,0.303,SIMLR,Pollen,dr1,10,SIMLR,other
SAUCIE,SAUCIE,SAUCIE,kmax,30.0,SIMLR,Pollen,dr2,10,SIMLR,other
SAUCIE,SAUCIE,SAUCIE,random_triplet,0.59,SIMLR,Pollen,dr1,10,SIMLR,other
SAUCIE,SAUCIE,SAUCIE,spearman,0.325,SIMLR,Pollen,dr1,10,SIMLR,other
SAUCIE,SAUCIE,SAUCIE,svm,0.482,SIMLR,Pollen,dr1,10,SIMLR,other
SAUCIE,SAUCIE,SAUCIE,AUC,0.553,SIMLR,Usoskin,dr2,10,SIMLR,other
SAUCIE,SAUCIE,SAUCIE,Pearson,0.529,SIMLR,Usoskin,dr3,10,SIMLR,other
SAUCIE,SAUCIE,SAUCIE,Qglobal,0.915,SIMLR,Usoskin,dr2,10,SIMLR,other
SAUCIE,SAUCIE,SAUCIE,Qlocal,0.392,SIMLR,Usoskin,dr2,10,SIMLR,other
SAUCIE,SAUCIE,SAUCIE,centroid_distance,0.494,SIMLR,Usoskin,dr1,10,SIMLR,other
SAUCIE,SAUCIE,SAUCIE,k-nearest,0.25,SIMLR,Usoskin,dr1,10,SIMLR,other
SAUCIE,SAUCIE,SAUCIE,kmax,428.0,SIMLR,Usoskin,dr2,10,SIMLR,other
SAUCIE,SAUCIE,SAUCIE,random_triplet,0.586,SIMLR,Usoskin,dr1,10,SIMLR,other
SAUCIE,SAUCIE,SAUCIE,spearman,0.521,SIMLR,Usoskin,dr1,10,SIMLR,other
SAUCIE,SAUCIE,SAUCIE,svm,0.519,SIMLR,Usoskin,dr1,10,SIMLR,other
SAUCIE,SAUCIE,SAUCIE,AUC,0.548,TI,DA1_horns,dr2,10,trajectory,other
SAUCIE,SAUCIE,SAUCIE,Pearson,0.122,TI,DA1_horns,dr3,10,trajectory,other
SAUCIE,SAUCIE,SAUCIE,Qglobal,0.621,TI,DA1_horns,dr2,10,trajectory,other
SAUCIE,SAUCIE,SAUCIE,Qlocal,0.163,TI,DA1_horns,dr2,10,trajectory,other
SAUCIE,SAUCIE,SAUCIE,centroid_distance,0.496,TI,DA1_horns,dr1,10,trajectory,other
SAUCIE,SAUCIE,SAUCIE,k-nearest,0.8,TI,DA1_horns,dr1,10,trajectory,other
SAUCIE,SAUCIE,SAUCIE,kmax,44.0,TI,DA1_horns,dr2,10,trajectory,other
SAUCIE,SAUCIE,SAUCIE,random_triplet,0.557,TI,DA1_horns,dr1,10,trajectory,other
SAUCIE,SAUCIE,SAUCIE,spearman,0.107,TI,DA1_horns,dr1,10,trajectory,other
SAUCIE,SAUCIE,SAUCIE,svm,0.635,TI,DA1_horns,dr1,10,trajectory,other
SAUCIE,SAUCIE,SAUCIE,AUC,0.639,TI,DC3_VA1d_horns,dr2,10,trajectory,other
SAUCIE,SAUCIE,SAUCIE,Pearson,0.341,TI,DC3_VA1d_horns,dr3,10,trajectory,other
SAUCIE,SAUCIE,SAUCIE,Qglobal,0.742,TI,DC3_VA1d_horns,dr2,10,trajectory,other
SAUCIE,SAUCIE,SAUCIE,Qlocal,0.308,TI,DC3_VA1d_horns,dr2,10,trajectory,other
SAUCIE,SAUCIE,SAUCIE,centroid_distance,0.759,TI,DC3_VA1d_horns,dr1,10,trajectory,other
SAUCIE,SAUCIE,SAUCIE,k-nearest,0.611,TI,DC3_VA1d_horns,dr1,10,trajectory,other
SAUCIE,SAUCIE,SAUCIE,kmax,39.0,TI,DC3_VA1d_horns,dr2,10,trajectory,other
SAUCIE,SAUCIE,SAUCIE,random_triplet,0.664,TI,DC3_VA1d_horns,dr1,10,trajectory,other
SAUCIE,SAUCIE,SAUCIE,spearman,0.462,TI,DC3_VA1d_horns,dr1,10,trajectory,other
SAUCIE,SAUCIE,SAUCIE,svm,0.446,TI,DC3_VA1d_horns,dr1,10,trajectory,other
SAUCIE,SAUCIE,SAUCIE,AUC,0.695,TI,ICM,dr2,10,trajectory,other
SAUCIE,SAUCIE,SAUCIE,Pearson,0.533,TI,ICM,dr3,10,trajectory,other
SAUCIE,SAUCIE,SAUCIE,Qglobal,0.765,TI,ICM,dr2,10,trajectory,other
SAUCIE,SAUCIE,SAUCIE,Qlocal,0.349,TI,ICM,dr2,10,trajectory,other
SAUCIE,SAUCIE,SAUCIE,centroid_distance,0.726,TI,ICM,dr1,10,trajectory,other
SAUCIE,SAUCIE,SAUCIE,k-nearest,0.7,TI,ICM,dr1,10,trajectory,other
SAUCIE,SAUCIE,SAUCIE,kmax,45.0,TI,ICM,dr2,10,trajectory,other
SAUCIE,SAUCIE,SAUCIE,random_triplet,0.702,TI,ICM,dr1,10,trajectory,other
SAUCIE,SAUCIE,SAUCIE,spearman,0.563,TI,ICM,dr1,10,trajectory,other
SAUCIE,SAUCIE,SAUCIE,svm,0.717,TI,ICM,dr1,10,trajectory,other
SAUCIE,SAUCIE,SAUCIE,AUC,0.754,TI,blastocyst,dr2,10,trajectory,other
SAUCIE,SAUCIE,SAUCIE,Pearson,0.758,TI,blastocyst,dr3,10,trajectory,other
SAUCIE,SAUCIE,SAUCIE,Qglobal,0.858,TI,blastocyst,dr2,10,trajectory,other
SAUCIE,SAUCIE,SAUCIE,Qlocal,0.478,TI,blastocyst,dr2,10,trajectory,other
SAUCIE,SAUCIE,SAUCIE,centroid_distance,0.817,TI,blastocyst,dr1,10,trajectory,other
SAUCIE,SAUCIE,SAUCIE,k-nearest,0.667,TI,blastocyst,dr1,10,trajectory,other
SAUCIE,SAUCIE,SAUCIE,kmax,93.0,TI,blastocyst,dr2,10,trajectory,other
SAUCIE,SAUCIE,SAUCIE,random_triplet,0.799,TI,blastocyst,dr1,10,trajectory,other
SAUCIE,SAUCIE,SAUCIE,spearman,0.807,TI,blastocyst,dr1,10,trajectory,other
SAUCIE,SAUCIE,SAUCIE,svm,0.572,TI,blastocyst,dr1,10,trajectory,other
SAUCIE,SAUCIE,SAUCIE,AUC,0.552,TI,combination-1,dr2,10,trajectory,other
SAUCIE,SAUCIE,SAUCIE,Pearson,0.574,TI,combination-1,dr3,10,trajectory,other
SAUCIE,SAUCIE,SAUCIE,Qglobal,0.876,TI,combination-1,dr2,10,trajectory,other
SAUCIE,SAUCIE,SAUCIE,Qlocal,0.384,TI,combination-1,dr2,10,trajectory,other
SAUCIE,SAUCIE,SAUCIE,centroid_distance,0.736,TI,combination-1,dr1,10,trajectory,other
SAUCIE,SAUCIE,SAUCIE,k-nearest,0.357,TI,combination-1,dr1,10,trajectory,other
SAUCIE,SAUCIE,SAUCIE,kmax,2819.0,TI,combination-1,dr2,10,trajectory,other
SAUCIE,SAUCIE,SAUCIE,random_triplet,0.581,TI,combination-1,dr1,10,trajectory,other
SAUCIE,SAUCIE,SAUCIE,spearman,0.343,TI,combination-1,dr1,10,trajectory,other
SAUCIE,SAUCIE,SAUCIE,svm,0.663,TI,combination-1,dr1,10,trajectory,other
SAUCIE,SAUCIE,SAUCIE,AUC,0.558,TI,combination-2,dr2,10,trajectory,other
SAUCIE,SAUCIE,SAUCIE,Pearson,0.534,TI,combination-2,dr3,10,trajectory,other
SAUCIE,SAUCIE,SAUCIE,Qglobal,0.792,TI,combination-2,dr2,10,trajectory,other
SAUCIE,SAUCIE,SAUCIE,Qlocal,0.299,TI,combination-2,dr2,10,trajectory,other
SAUCIE,SAUCIE,SAUCIE,centroid_distance,0.282,TI,combination-2,dr1,10,trajectory,other
SAUCIE,SAUCIE,SAUCIE,k-nearest,0.444,TI,combination-2,dr1,10,trajectory,other
SAUCIE,SAUCIE,SAUCIE,kmax,2061.0,TI,combination-2,dr2,10,trajectory,other
SAUCIE,SAUCIE,SAUCIE,random_triplet,0.589,TI,combination-2,dr1,10,trajectory,other
SAUCIE,SAUCIE,SAUCIE,spearman,0.346,TI,combination-2,dr1,10,trajectory,other
SAUCIE,SAUCIE,SAUCIE,svm,0.265,TI,combination-2,dr1,10,trajectory,other
SAUCIE,SAUCIE,SAUCIE,AUC,0.585,TI,combination-3,dr2,10,trajectory,other
SAUCIE,SAUCIE,SAUCIE,Pearson,0.609,TI,combination-3,dr3,10,trajectory,other
SAUCIE,SAUCIE,SAUCIE,Qglobal,0.81,TI,combination-3,dr2,10,trajectory,other
SAUCIE,SAUCIE,SAUCIE,Qlocal,0.313,TI,combination-3,dr2,10,trajectory,other
SAUCIE,SAUCIE,SAUCIE,centroid_distance,0.509,TI,combination-3,dr1,10,trajectory,other
SAUCIE,SAUCIE,SAUCIE,k-nearest,0.5,TI,combination-3,dr1,10,trajectory,other
SAUCIE,SAUCIE,SAUCIE,kmax,1027.0,TI,combination-3,dr2,10,trajectory,other
SAUCIE,SAUCIE,SAUCIE,random_triplet,0.631,TI,combination-3,dr1,10,trajectory,other
SAUCIE,SAUCIE,SAUCIE,spearman,0.433,TI,combination-3,dr1,10,trajectory,other
SAUCIE,SAUCIE,SAUCIE,svm,0.437,TI,combination-3,dr1,10,trajectory,other
SAUCIE,SAUCIE,SAUCIE,AUC,0.757,TI,epiblast,dr2,10,trajectory,other
SAUCIE,SAUCIE,SAUCIE,Pearson,0.732,TI,epiblast,dr3,10,trajectory,other
SAUCIE,SAUCIE,SAUCIE,Qglobal,0.881,TI,epiblast,dr2,10,trajectory,other
SAUCIE,SAUCIE,SAUCIE,Qlocal,0.536,TI,epiblast,dr2,10,trajectory,other
SAUCIE,SAUCIE,SAUCIE,centroid_distance,0.956,TI,epiblast,dr1,10,trajectory,other
SAUCIE,SAUCIE,SAUCIE,k-nearest,0.643,TI,epiblast,dr1,10,trajectory,other
SAUCIE,SAUCIE,SAUCIE,kmax,63.0,TI,epiblast,dr2,10,trajectory,other
SAUCIE,SAUCIE,SAUCIE,random_triplet,0.798,TI,epiblast,dr1,10,trajectory,other
SAUCIE,SAUCIE,SAUCIE,spearman,0.835,TI,epiblast,dr1,10,trajectory,other
SAUCIE,SAUCIE,SAUCIE,svm,0.687,TI,epiblast,dr1,10,trajectory,other
SAUCIE,SAUCIE,SAUCIE,AUC,0.555,TI,epidermis,dr2,10,trajectory,other
SAUCIE,SAUCIE,SAUCIE,Pearson,0.525,TI,epidermis,dr3,10,trajectory,other
SAUCIE,SAUCIE,SAUCIE,Qglobal,0.804,TI,epidermis,dr2,10,trajectory,other
SAUCIE,SAUCIE,SAUCIE,Qlocal,0.306,TI,epidermis,dr2,10,trajectory,other
SAUCIE,SAUCIE,SAUCIE,centroid_distance,0.695,TI,epidermis,dr1,10,trajectory,other
SAUCIE,SAUCIE,SAUCIE,k-nearest,0.4,TI,epidermis,dr1,10,trajectory,other
SAUCIE,SAUCIE,SAUCIE,kmax,2000.0,TI,epidermis,dr2,10,trajectory,other
SAUCIE,SAUCIE,SAUCIE,random_triplet,0.586,TI,epidermis,dr1,10,trajectory,other
SAUCIE,SAUCIE,SAUCIE,spearman,0.323,TI,epidermis,dr1,10,trajectory,other
SAUCIE,SAUCIE,SAUCIE,svm,0.69,TI,epidermis,dr1,10,trajectory,other
SAUCIE,SAUCIE,SAUCIE,AUC,0.602,TI,horns,dr2,10,trajectory,other
SAUCIE,SAUCIE,SAUCIE,Pearson,0.306,TI,horns,dr3,10,trajectory,other
SAUCIE,SAUCIE,SAUCIE,Qglobal,0.702,TI,horns,dr2,10,trajectory,other
SAUCIE,SAUCIE,SAUCIE,Qlocal,0.246,TI,horns,dr2,10,trajectory,other
SAUCIE,SAUCIE,SAUCIE,centroid_distance,0.536,TI,horns,dr1,10,trajectory,other
SAUCIE,SAUCIE,SAUCIE,k-nearest,0.536,TI,horns,dr1,10,trajectory,other
SAUCIE,SAUCIE,SAUCIE,kmax,99.0,TI,horns,dr2,10,trajectory,other
SAUCIE,SAUCIE,SAUCIE,random_triplet,0.628,TI,horns,dr1,10,trajectory,other
SAUCIE,SAUCIE,SAUCIE,spearman,0.355,TI,horns,dr1,10,trajectory,other
SAUCIE,SAUCIE,SAUCIE,svm,0.48,TI,horns,dr1,10,trajectory,other
SAUCIE,SAUCIE,SAUCIE,AUC,0.538,TI,muscle,dr2,10,trajectory,other
SAUCIE,SAUCIE,SAUCIE,Pearson,0.68,TI,muscle,dr3,10,trajectory,other
SAUCIE,SAUCIE,SAUCIE,Qglobal,0.911,TI,muscle,dr2,10,trajectory,other
SAUCIE,SAUCIE,SAUCIE,Qlocal,0.394,TI,muscle,dr2,10,trajectory,other
SAUCIE,SAUCIE,SAUCIE,centroid_distance,1.0,TI,muscle,dr1,10,trajectory,other
SAUCIE,SAUCIE,SAUCIE,k-nearest,1.0,TI,muscle,dr1,10,trajectory,other
SAUCIE,SAUCIE,SAUCIE,kmax,1684.0,TI,muscle,dr2,10,trajectory,other
SAUCIE,SAUCIE,SAUCIE,random_triplet,0.569,TI,muscle,dr1,10,trajectory,other
SAUCIE,SAUCIE,SAUCIE,spearman,0.415,TI,muscle,dr1,10,trajectory,other
SAUCIE,SAUCIE,SAUCIE,svm,0.621,TI,muscle,dr1,10,trajectory,other
SAUCIE,SAUCIE,SAUCIE,AUC,0.553,TI,neuron,dr2,10,trajectory,other
SAUCIE,SAUCIE,SAUCIE,Pearson,0.602,TI,neuron,dr3,10,trajectory,other
SAUCIE,SAUCIE,SAUCIE,Qglobal,0.839,TI,neuron,dr2,10,trajectory,other
SAUCIE,SAUCIE,SAUCIE,Qlocal,0.333,TI,neuron,dr2,10,trajectory,other
SAUCIE,SAUCIE,SAUCIE,centroid_distance,0.517,TI,neuron,dr1,10,trajectory,other
SAUCIE,SAUCIE,SAUCIE,k-nearest,0.286,TI,neuron,dr1,10,trajectory,other
SAUCIE,SAUCIE,SAUCIE,kmax,1325.0,TI,neuron,dr2,10,trajectory,other
SAUCIE,SAUCIE,SAUCIE,random_triplet,0.593,TI,neuron,dr1,10,trajectory,other
SAUCIE,SAUCIE,SAUCIE,spearman,0.41,TI,neuron,dr1,10,trajectory,other
SAUCIE,SAUCIE,SAUCIE,svm,0.539,TI,neuron,dr1,10,trajectory,other
SAUCIE,SAUCIE,SAUCIE,AUC,0.53,TI,pair-1,dr2,10,trajectory,other
SAUCIE,SAUCIE,SAUCIE,Pearson,0.522,TI,pair-1,dr3,10,trajectory,other
SAUCIE,SAUCIE,SAUCIE,Qglobal,0.89,TI,pair-1,dr2,10,trajectory,other
SAUCIE,SAUCIE,SAUCIE,Qlocal,0.384,TI,pair-1,dr2,10,trajectory,other
SAUCIE,SAUCIE,SAUCIE,centroid_distance,0.395,TI,pair-1,dr1,10,trajectory,other
SAUCIE,SAUCIE,SAUCIE,k-nearest,0.25,TI,pair-1,dr1,10,trajectory,other
SAUCIE,SAUCIE,SAUCIE,kmax,7536.0,TI,pair-1,dr2,10,trajectory,other
SAUCIE,SAUCIE,SAUCIE,random_triplet,0.546,TI,pair-1,dr1,10,trajectory,other
SAUCIE,SAUCIE,SAUCIE,spearman,0.275,TI,pair-1,dr1,10,trajectory,other
SAUCIE,SAUCIE,SAUCIE,svm,0.621,TI,pair-1,dr1,10,trajectory,other
SAUCIE,SAUCIE,SAUCIE,AUC,0.545,TI,pair-2,dr2,10,trajectory,other
SAUCIE,SAUCIE,SAUCIE,Pearson,0.477,TI,pair-2,dr3,10,trajectory,other
SAUCIE,SAUCIE,SAUCIE,Qglobal,0.823,TI,pair-2,dr2,10,trajectory,other
SAUCIE,SAUCIE,SAUCIE,Qlocal,0.329,TI,pair-2,dr2,10,trajectory,other
SAUCIE,SAUCIE,SAUCIE,centroid_distance,0.355,TI,pair-2,dr1,10,trajectory,other
SAUCIE,SAUCIE,SAUCIE,k-nearest,0.359,TI,pair-2,dr1,10,trajectory,other
SAUCIE,SAUCIE,SAUCIE,kmax,5986.0,TI,pair-2,dr2,10,trajectory,other
SAUCIE,SAUCIE,SAUCIE,random_triplet,0.576,TI,pair-2,dr1,10,trajectory,other
SAUCIE,SAUCIE,SAUCIE,spearman,0.286,TI,pair-2,dr1,10,trajectory,other
SAUCIE,SAUCIE,SAUCIE,svm,0.593,TI,pair-2,dr1,10,trajectory,other
SAUCIE,SAUCIE,SAUCIE,AUC,0.544,TI,pair-3,dr2,10,trajectory,other
SAUCIE,SAUCIE,SAUCIE,Pearson,0.444,TI,pair-3,dr3,10,trajectory,other
SAUCIE,SAUCIE,SAUCIE,Qglobal,0.86,TI,pair-3,dr2,10,trajectory,other
SAUCIE,SAUCIE,SAUCIE,Qlocal,0.364,TI,pair-3,dr2,10,trajectory,other
SAUCIE,SAUCIE,SAUCIE,centroid_distance,0.579,TI,pair-3,dr1,10,trajectory,other
SAUCIE,SAUCIE,SAUCIE,k-nearest,0.312,TI,pair-3,dr1,10,trajectory,other
SAUCIE,SAUCIE,SAUCIE,kmax,5463.0,TI,pair-3,dr2,10,trajectory,other
SAUCIE,SAUCIE,SAUCIE,random_triplet,0.574,TI,pair-3,dr1,10,trajectory,other
SAUCIE,SAUCIE,SAUCIE,spearman,0.304,TI,pair-3,dr1,10,trajectory,other
SAUCIE,SAUCIE,SAUCIE,svm,0.737,TI,pair-3,dr1,10,trajectory,other
SAUCIE,SAUCIE,SAUCIE,AUC,0.557,TI,pair-4,dr2,10,trajectory,other
SAUCIE,SAUCIE,SAUCIE,Pearson,0.455,TI,pair-4,dr3,10,trajectory,other
SAUCIE,SAUCIE,SAUCIE,Qglobal,0.831,TI,pair-4,dr2,10,trajectory,other
SAUCIE,SAUCIE,SAUCIE,Qlocal,0.338,TI,pair-4,dr2,10,trajectory,other
SAUCIE,SAUCIE,SAUCIE,centroid_distance,0.397,TI,pair-4,dr1,10,trajectory,other
SAUCIE,SAUCIE,SAUCIE,k-nearest,0.4,TI,pair-4,dr1,10,trajectory,other
SAUCIE,SAUCIE,SAUCIE,kmax,4967.0,TI,pair-4,dr2,10,trajectory,other
SAUCIE,SAUCIE,SAUCIE,random_triplet,0.591,TI,pair-4,dr1,10,trajectory,other
SAUCIE,SAUCIE,SAUCIE,spearman,0.32,TI,pair-4,dr1,10,trajectory,other
SAUCIE,SAUCIE,SAUCIE,svm,0.717,TI,pair-4,dr1,10,trajectory,other
SAUCIE,SAUCIE,SAUCIE,AUC,0.567,TI,parenchyme,dr2,10,trajectory,other
SAUCIE,SAUCIE,SAUCIE,Pearson,0.605,TI,parenchyme,dr3,10,trajectory,other
SAUCIE,SAUCIE,SAUCIE,Qglobal,0.807,TI,parenchyme,dr2,10,trajectory,other
SAUCIE,SAUCIE,SAUCIE,Qlocal,0.303,TI,parenchyme,dr2,10,trajectory,other
SAUCIE,SAUCIE,SAUCIE,centroid_distance,0.483,TI,parenchyme,dr1,10,trajectory,other
SAUCIE,SAUCIE,SAUCIE,k-nearest,0.4,TI,parenchyme,dr1,10,trajectory,other
SAUCIE,SAUCIE,SAUCIE,kmax,945.0,TI,parenchyme,dr2,10,trajectory,other
SAUCIE,SAUCIE,SAUCIE,random_triplet,0.604,TI,parenchyme,dr1,10,trajectory,other
SAUCIE,SAUCIE,SAUCIE,spearman,0.393,TI,parenchyme,dr1,10,trajectory,other
SAUCIE,SAUCIE,SAUCIE,svm,0.439,TI,parenchyme,dr1,10,trajectory,other
SAUCIE,SAUCIE,SAUCIE,AUC,0.574,TI,phagocyte,dr2,10,trajectory,other
SAUCIE,SAUCIE,SAUCIE,Pearson,0.667,TI,phagocyte,dr3,10,trajectory,other
SAUCIE,SAUCIE,SAUCIE,Qglobal,0.827,TI,phagocyte,dr2,10,trajectory,other
SAUCIE,SAUCIE,SAUCIE,Qlocal,0.338,TI,phagocyte,dr2,10,trajectory,other
SAUCIE,SAUCIE,SAUCIE,centroid_distance,1.0,TI,phagocyte,dr1,10,trajectory,other
SAUCIE,SAUCIE,SAUCIE,k-nearest,1.0,TI,phagocyte,dr1,10,trajectory,other
SAUCIE,SAUCIE,SAUCIE,kmax,358.0,TI,phagocyte,dr2,10,trajectory,other
SAUCIE,SAUCIE,SAUCIE,random_triplet,0.627,TI,phagocyte,dr1,10,trajectory,other
SAUCIE,SAUCIE,SAUCIE,spearman,0.42,TI,phagocyte,dr1,10,trajectory,other
SAUCIE,SAUCIE,SAUCIE,svm,0.683,TI,phagocyte,dr1,10,trajectory,other
SAUCIE,SAUCIE,SAUCIE,AUC,0.564,TI,pharynx,dr2,10,trajectory,other
SAUCIE,SAUCIE,SAUCIE,Pearson,0.302,TI,pharynx,dr3,10,trajectory,other
SAUCIE,SAUCIE,SAUCIE,Qglobal,0.788,TI,pharynx,dr2,10,trajectory,other
SAUCIE,SAUCIE,SAUCIE,Qlocal,0.301,TI,pharynx,dr2,10,trajectory,other
SAUCIE,SAUCIE,SAUCIE,centroid_distance,1.0,TI,pharynx,dr1,10,trajectory,other
SAUCIE,SAUCIE,SAUCIE,k-nearest,1.0,TI,pharynx,dr1,10,trajectory,other
SAUCIE,SAUCIE,SAUCIE,kmax,133.0,TI,pharynx,dr2,10,trajectory,other
SAUCIE,SAUCIE,SAUCIE,random_triplet,0.603,TI,pharynx,dr1,10,trajectory,other
SAUCIE,SAUCIE,SAUCIE,spearman,0.268,TI,pharynx,dr1,10,trajectory,other
SAUCIE,SAUCIE,SAUCIE,svm,0.788,TI,pharynx,dr1,10,trajectory,other
SAUCIE,SAUCIE,SAUCIE,AUC,0.753,TI,trophectoderm,dr2,10,trajectory,other
SAUCIE,SAUCIE,SAUCIE,Pearson,0.757,TI,trophectoderm,dr3,10,trajectory,other
SAUCIE,SAUCIE,SAUCIE,Qglobal,0.874,TI,trophectoderm,dr2,10,trajectory,other
SAUCIE,SAUCIE,SAUCIE,Qlocal,0.451,TI,trophectoderm,dr2,10,trajectory,other
SAUCIE,SAUCIE,SAUCIE,centroid_distance,1.0,TI,trophectoderm,dr1,10,trajectory,other
SAUCIE,SAUCIE,SAUCIE,k-nearest,1.0,TI,trophectoderm,dr1,10,trajectory,other
SAUCIE,SAUCIE,SAUCIE,kmax,22.0,TI,trophectoderm,dr2,10,trajectory,other
SAUCIE,SAUCIE,SAUCIE,random_triplet,0.785,TI,trophectoderm,dr1,10,trajectory,other
SAUCIE,SAUCIE,SAUCIE,spearman,0.83,TI,trophectoderm,dr1,10,trajectory,other
SAUCIE,SAUCIE,SAUCIE,svm,1.0,TI,trophectoderm,dr1,10,trajectory,other
SAUCIE,SAUCIE,SAUCIE,AUC,0.544,VASC,Baron,dr2,10,VASC,other
SAUCIE,SAUCIE,SAUCIE,Pearson,0.106,VASC,Baron,dr3,10,VASC,other
SAUCIE,SAUCIE,SAUCIE,Qglobal,0.602,VASC,Baron,dr2,10,VASC,other
SAUCIE,SAUCIE,SAUCIE,Qlocal,0.15,VASC,Baron,dr2,10,VASC,other
SAUCIE,SAUCIE,SAUCIE,centroid_distance,0.559,VASC,Baron,dr1,10,VASC,other
SAUCIE,SAUCIE,SAUCIE,k-nearest,0.393,VASC,Baron,dr1,10,VASC,other
SAUCIE,SAUCIE,SAUCIE,kmax,1097.0,VASC,Baron,dr2,10,VASC,other
SAUCIE,SAUCIE,SAUCIE,random_triplet,0.54,VASC,Baron,dr1,10,VASC,other
SAUCIE,SAUCIE,SAUCIE,spearman,0.125,VASC,Baron,dr1,10,VASC,other
SAUCIE,SAUCIE,SAUCIE,svm,0.284,VASC,Baron,dr1,10,VASC,other
SAUCIE,SAUCIE,SAUCIE,AUC,0.686,VASC,Biase,dr2,10,VASC,other
SAUCIE,SAUCIE,SAUCIE,Pearson,0.709,VASC,Biase,dr3,10,VASC,other
SAUCIE,SAUCIE,SAUCIE,Qglobal,0.761,VASC,Biase,dr2,10,VASC,other
SAUCIE,SAUCIE,SAUCIE,Qlocal,0.268,VASC,Biase,dr2,10,VASC,other
SAUCIE,SAUCIE,SAUCIE,centroid_distance,0.976,VASC,Biase,dr1,10,VASC,other
SAUCIE,SAUCIE,SAUCIE,k-nearest,1.0,VASC,Biase,dr1,10,VASC,other
SAUCIE,SAUCIE,SAUCIE,kmax,8.0,VASC,Biase,dr2,10,VASC,other
SAUCIE,SAUCIE,SAUCIE,random_triplet,0.757,VASC,Biase,dr1,10,VASC,other
SAUCIE,SAUCIE,SAUCIE,spearman,0.727,VASC,Biase,dr1,10,VASC,other
SAUCIE,SAUCIE,SAUCIE,svm,0.653,VASC,Biase,dr1,10,VASC,other
SAUCIE,SAUCIE,SAUCIE,AUC,0.806,VASC,Goolam,dr2,10,VASC,other
SAUCIE,SAUCIE,SAUCIE,Pearson,0.885,VASC,Goolam,dr3,10,VASC,other
SAUCIE,SAUCIE,SAUCIE,Qglobal,0.857,VASC,Goolam,dr2,10,VASC,other
SAUCIE,SAUCIE,SAUCIE,Qlocal,0.471,VASC,Goolam,dr2,10,VASC,other
SAUCIE,SAUCIE,SAUCIE,centroid_distance,0.975,VASC,Goolam,dr1,10,VASC,other
SAUCIE,SAUCIE,SAUCIE,k-nearest,0.8,VASC,Goolam,dr1,10,VASC,other
SAUCIE,SAUCIE,SAUCIE,kmax,15.0,VASC,Goolam,dr2,10,VASC,other
SAUCIE,SAUCIE,SAUCIE,random_triplet,0.855,VASC,Goolam,dr1,10,VASC,other
SAUCIE,SAUCIE,SAUCIE,spearman,0.889,VASC,Goolam,dr1,10,VASC,other
SAUCIE,SAUCIE,SAUCIE,svm,0.912,VASC,Goolam,dr1,10,VASC,other
SAUCIE,SAUCIE,SAUCIE,AUC,0.54,VASC,Xin,dr2,10,VASC,other
SAUCIE,SAUCIE,SAUCIE,Pearson,0.295,VASC,Xin,dr3,10,VASC,other
SAUCIE,SAUCIE,SAUCIE,Qglobal,0.812,VASC,Xin,dr2,10,VASC,other
SAUCIE,SAUCIE,SAUCIE,Qlocal,0.317,VASC,Xin,dr2,10,VASC,other
SAUCIE,SAUCIE,SAUCIE,centroid_distance,0.867,VASC,Xin,dr1,10,VASC,other
SAUCIE,SAUCIE,SAUCIE,k-nearest,0.812,VASC,Xin,dr1,10,VASC,other
SAUCIE,SAUCIE,SAUCIE,kmax,879.0,VASC,Xin,dr2,10,VASC,other
SAUCIE,SAUCIE,SAUCIE,random_triplet,0.558,VASC,Xin,dr1,10,VASC,other
SAUCIE,SAUCIE,SAUCIE,spearman,0.221,VASC,Xin,dr1,10,VASC,other
SAUCIE,SAUCIE,SAUCIE,svm,0.58,VASC,Xin,dr1,10,VASC,other
SAUCIE,SAUCIE,SAUCIE,AUC,0.642,VASC,Zeisel,dr2,10,VASC,other
SAUCIE,SAUCIE,SAUCIE,Pearson,0.451,VASC,Zeisel,dr3,10,VASC,other
SAUCIE,SAUCIE,SAUCIE,Qglobal,0.764,VASC,Zeisel,dr2,10,VASC,other
SAUCIE,SAUCIE,SAUCIE,Qlocal,0.357,VASC,Zeisel,dr2,10,VASC,other
SAUCIE,SAUCIE,SAUCIE,centroid_distance,0.572,VASC,Zeisel,dr1,10,VASC,other
SAUCIE,SAUCIE,SAUCIE,k-nearest,0.556,VASC,Zeisel,dr1,10,VASC,other
SAUCIE,SAUCIE,SAUCIE,kmax,897.0,VASC,Zeisel,dr2,10,VASC,other
SAUCIE,SAUCIE,SAUCIE,random_triplet,0.65,VASC,Zeisel,dr1,10,VASC,other
SAUCIE,SAUCIE,SAUCIE,spearman,0.5,VASC,Zeisel,dr1,10,VASC,other
SAUCIE,SAUCIE,SAUCIE,svm,0.673,VASC,Zeisel,dr1,10,VASC,other
SAUCIE,SAUCIE,SAUCIE,AUC,0.847,VASC,yan,dr2,10,VASC,other
SAUCIE,SAUCIE,SAUCIE,Pearson,0.859,VASC,yan,dr3,10,VASC,other
SAUCIE,SAUCIE,SAUCIE,Qglobal,0.928,VASC,yan,dr2,10,VASC,other
SAUCIE,SAUCIE,SAUCIE,Qlocal,0.651,VASC,yan,dr2,10,VASC,other
SAUCIE,SAUCIE,SAUCIE,centroid_distance,0.99,VASC,yan,dr1,10,VASC,other
SAUCIE,SAUCIE,SAUCIE,k-nearest,1.0,VASC,yan,dr1,10,VASC,other
SAUCIE,SAUCIE,SAUCIE,kmax,23.0,VASC,yan,dr2,10,VASC,other
SAUCIE,SAUCIE,SAUCIE,random_triplet,0.887,VASC,yan,dr1,10,VASC,other
SAUCIE,SAUCIE,SAUCIE,spearman,0.906,VASC,yan,dr1,10,VASC,other
SAUCIE,SAUCIE,SAUCIE,svm,0.867,VASC,yan,dr1,10,VASC,other
SAUCIE,SAUCIE,SAUCIE,AUC,0.545,benchmarker,Baron_mouse,dr2,10,curated,other
SAUCIE,SAUCIE,SAUCIE,Pearson,0.202,benchmarker,Baron_mouse,dr3,10,curated,other
SAUCIE,SAUCIE,SAUCIE,Qglobal,0.58,benchmarker,Baron_mouse,dr2,10,curated,other
SAUCIE,SAUCIE,SAUCIE,Qlocal,0.098,benchmarker,Baron_mouse,dr2,10,curated,other
SAUCIE,SAUCIE,SAUCIE,centroid_distance,0.261,benchmarker,Baron_mouse,dr1,10,curated,other
SAUCIE,SAUCIE,SAUCIE,k-nearest,0.487,benchmarker,Baron_mouse,dr1,10,curated,other
SAUCIE,SAUCIE,SAUCIE,kmax,137.0,benchmarker,Baron_mouse,dr2,10,curated,other
SAUCIE,SAUCIE,SAUCIE,random_triplet,0.564,benchmarker,Baron_mouse,dr1,10,curated,other
SAUCIE,SAUCIE,SAUCIE,spearman,0.228,benchmarker,Baron_mouse,dr1,10,curated,other
SAUCIE,SAUCIE,SAUCIE,svm,0.634,benchmarker,Baron_mouse,dr1,10,curated,other
SAUCIE,SAUCIE,SAUCIE,AUC,0.563,benchmarker,Darmanis,dr2,10,curated,other
SAUCIE,SAUCIE,SAUCIE,Pearson,0.255,benchmarker,Darmanis,dr3,10,curated,other
SAUCIE,SAUCIE,SAUCIE,Qglobal,0.699,benchmarker,Darmanis,dr2,10,curated,other
SAUCIE,SAUCIE,SAUCIE,Qlocal,0.236,benchmarker,Darmanis,dr2,10,curated,other
SAUCIE,SAUCIE,SAUCIE,centroid_distance,0.268,benchmarker,Darmanis,dr1,10,curated,other
SAUCIE,SAUCIE,SAUCIE,k-nearest,0.25,benchmarker,Darmanis,dr1,10,curated,other
SAUCIE,SAUCIE,SAUCIE,kmax,123.0,benchmarker,Darmanis,dr2,10,curated,other
SAUCIE,SAUCIE,SAUCIE,random_triplet,0.57,benchmarker,Darmanis,dr1,10,curated,other
SAUCIE,SAUCIE,SAUCIE,spearman,0.191,benchmarker,Darmanis,dr1,10,curated,other
SAUCIE,SAUCIE,SAUCIE,svm,0.433,benchmarker,Darmanis,dr1,10,curated,other
SAUCIE,SAUCIE,SAUCIE,AUC,0.616,benchmarker,Pancreatic,dr2,10,curated,other
SAUCIE,SAUCIE,SAUCIE,Pearson,0.395,benchmarker,Pancreatic,dr3,10,curated,other
SAUCIE,SAUCIE,SAUCIE,Qglobal,0.872,benchmarker,Pancreatic,dr2,10,curated,other
SAUCIE,SAUCIE,SAUCIE,Qlocal,0.387,benchmarker,Pancreatic,dr2,10,curated,other
SAUCIE,SAUCIE,SAUCIE,centroid_distance,0.803,benchmarker,Pancreatic,dr1,10,curated,other
SAUCIE,SAUCIE,SAUCIE,k-nearest,0.583,benchmarker,Pancreatic,dr1,10,curated,other
SAUCIE,SAUCIE,SAUCIE,kmax,30.0,benchmarker,Pancreatic,dr2,10,curated,other
SAUCIE,SAUCIE,SAUCIE,random_triplet,0.67,benchmarker,Pancreatic,dr1,10,curated,other
SAUCIE,SAUCIE,SAUCIE,spearman,0.469,benchmarker,Pancreatic,dr1,10,curated,other
SAUCIE,SAUCIE,SAUCIE,svm,0.45,benchmarker,Pancreatic,dr1,10,curated,other
SAUCIE,SAUCIE,SAUCIE,AUC,0.557,benchmarker,Silver,dr2,10,curated,other
SAUCIE,SAUCIE,SAUCIE,Pearson,0.21,benchmarker,Silver,dr3,10,curated,other
SAUCIE,SAUCIE,SAUCIE,Qglobal,0.664,benchmarker,Silver,dr2,10,curated,other
SAUCIE,SAUCIE,SAUCIE,Qlocal,0.181,benchmarker,Silver,dr2,10,curated,other
SAUCIE,SAUCIE,SAUCIE,centroid_distance,0.715,benchmarker,Silver,dr1,10,curated,other
SAUCIE,SAUCIE,SAUCIE,k-nearest,0.424,benchmarker,Silver,dr1,10,curated,other
SAUCIE,SAUCIE,SAUCIE,kmax,575.0,benchmarker,Silver,dr2,10,curated,other
SAUCIE,SAUCIE,SAUCIE,random_triplet,0.574,benchmarker,Silver,dr1,10,curated,other
SAUCIE,SAUCIE,SAUCIE,spearman,0.182,benchmarker,Silver,dr1,10,curated,other
SAUCIE,SAUCIE,SAUCIE,svm,0.276,benchmarker,Silver,dr1,10,curated,other
SAUCIE,SAUCIE,SAUCIE,AUC,0.586,benchmarker,Zhengmix4eq,dr2,10,curated,other
SAUCIE,SAUCIE,SAUCIE,Pearson,0.437,benchmarker,Zhengmix4eq,dr3,10,curated,other
SAUCIE,SAUCIE,SAUCIE,Qglobal,0.694,benchmarker,Zhengmix4eq,dr2,10,curated,other
SAUCIE,SAUCIE,SAUCIE,Qlocal,0.226,benchmarker,Zhengmix4eq,dr2,10,curated,other
SAUCIE,SAUCIE,SAUCIE,centroid_distance,0.904,benchmarker,Zhengmix4eq,dr1,10,curated,other
SAUCIE,SAUCIE,SAUCIE,k-nearest,0.25,benchmarker,Zhengmix4eq,dr1,10,curated,other
SAUCIE,SAUCIE,SAUCIE,kmax,919.0,benchmarker,Zhengmix4eq,dr2,10,curated,other
SAUCIE,SAUCIE,SAUCIE,random_triplet,0.607,benchmarker,Zhengmix4eq,dr1,10,curated,other
SAUCIE,SAUCIE,SAUCIE,spearman,0.408,benchmarker,Zhengmix4eq,dr1,10,curated,other
SAUCIE,SAUCIE,SAUCIE,svm,0.831,benchmarker,Zhengmix4eq,dr1,10,curated,other
SAUCIE,SAUCIE,SAUCIE,AUC,0.847,scDesign3,ACINAR,dr2,10,scDesign3,other
SAUCIE,SAUCIE,SAUCIE,Pearson,0.963,scDesign3,ACINAR,dr3,10,scDesign3,other
SAUCIE,SAUCIE,SAUCIE,Qglobal,0.892,scDesign3,ACINAR,dr2,10,scDesign3,other
SAUCIE,SAUCIE,SAUCIE,Qlocal,0.568,scDesign3,ACINAR,dr2,10,scDesign3,other
SAUCIE,SAUCIE,SAUCIE,centroid_distance,0.951,scDesign3,ACINAR,dr1,10,scDesign3,other
SAUCIE,SAUCIE,SAUCIE,k-nearest,0.9,scDesign3,ACINAR,dr1,10,scDesign3,other
SAUCIE,SAUCIE,SAUCIE,kmax,417.0,scDesign3,ACINAR,dr2,10,scDesign3,other
SAUCIE,SAUCIE,SAUCIE,random_triplet,0.884,scDesign3,ACINAR,dr1,10,scDesign3,other
SAUCIE,SAUCIE,SAUCIE,spearman,0.93,scDesign3,ACINAR,dr1,10,scDesign3,other
SAUCIE,SAUCIE,SAUCIE,svm,0.508,scDesign3,ACINAR,dr1,10,scDesign3,other
SAUCIE,SAUCIE,SAUCIE,AUC,0.652,scDesign3,ATAC,dr2,10,scDesign3,other
SAUCIE,SAUCIE,SAUCIE,Pearson,0.678,scDesign3,ATAC,dr3,10,scDesign3,other
SAUCIE,SAUCIE,SAUCIE,Qglobal,0.825,scDesign3,ATAC,dr2,10,scDesign3,other
SAUCIE,SAUCIE,SAUCIE,Qlocal,0.36,scDesign3,ATAC,dr2,10,scDesign3,other
SAUCIE,SAUCIE,SAUCIE,centroid_distance,0.594,scDesign3,ATAC,dr1,10,scDesign3,other
SAUCIE,SAUCIE,SAUCIE,k-nearest,0.59,scDesign3,ATAC,dr1,10,scDesign3,other
SAUCIE,SAUCIE,SAUCIE,kmax,2620.0,scDesign3,ATAC,dr2,10,scDesign3,other
SAUCIE,SAUCIE,SAUCIE,random_triplet,0.712,scDesign3,ATAC,dr1,10,scDesign3,other
SAUCIE,SAUCIE,SAUCIE,spearman,0.683,scDesign3,ATAC,dr1,10,scDesign3,other
SAUCIE,SAUCIE,SAUCIE,svm,0.701,scDesign3,ATAC,dr1,10,scDesign3,other
SAUCIE,SAUCIE,SAUCIE,AUC,0.754,scDesign3,BATCH,dr2,10,scDesign3,other
SAUCIE,SAUCIE,SAUCIE,Pearson,0.751,scDesign3,BATCH,dr3,10,scDesign3,other
SAUCIE,SAUCIE,SAUCIE,Qglobal,0.797,scDesign3,BATCH,dr2,10,scDesign3,other
SAUCIE,SAUCIE,SAUCIE,Qlocal,0.418,scDesign3,BATCH,dr2,10,scDesign3,other
SAUCIE,SAUCIE,SAUCIE,centroid_distance,0.818,scDesign3,BATCH,dr1,10,scDesign3,other
SAUCIE,SAUCIE,SAUCIE,k-nearest,0.5,scDesign3,BATCH,dr1,10,scDesign3,other
SAUCIE,SAUCIE,SAUCIE,kmax,715.0,scDesign3,BATCH,dr2,10,scDesign3,other
SAUCIE,SAUCIE,SAUCIE,random_triplet,0.783,scDesign3,BATCH,dr1,10,scDesign3,other
SAUCIE,SAUCIE,SAUCIE,spearman,0.839,scDesign3,BATCH,dr1,10,scDesign3,other
SAUCIE,SAUCIE,SAUCIE,svm,0.725,scDesign3,BATCH,dr1,10,scDesign3,other
SAUCIE,SAUCIE,SAUCIE,AUC,0.879,scDesign3,CITE,dr2,10,scDesign3,other
SAUCIE,SAUCIE,SAUCIE,Pearson,0.994,scDesign3,CITE,dr3,10,scDesign3,other
SAUCIE,SAUCIE,SAUCIE,Qglobal,0.956,scDesign3,CITE,dr2,10,scDesign3,other
SAUCIE,SAUCIE,SAUCIE,Qlocal,0.66,scDesign3,CITE,dr2,10,scDesign3,other
SAUCIE,SAUCIE,SAUCIE,centroid_distance,0.962,scDesign3,CITE,dr1,10,scDesign3,other
SAUCIE,SAUCIE,SAUCIE,k-nearest,0.883,scDesign3,CITE,dr1,10,scDesign3,other
SAUCIE,SAUCIE,SAUCIE,kmax,2241.0,scDesign3,CITE,dr2,10,scDesign3,other
SAUCIE,SAUCIE,SAUCIE,random_triplet,0.933,scDesign3,CITE,dr1,10,scDesign3,other
SAUCIE,SAUCIE,SAUCIE,spearman,0.96,scDesign3,CITE,dr1,10,scDesign3,other
SAUCIE,SAUCIE,SAUCIE,svm,0.646,scDesign3,CITE,dr1,10,scDesign3,other
SAUCIE,SAUCIE,SAUCIE,AUC,0.815,scDesign3,EMBYRO,dr2,10,scDesign3,other
SAUCIE,SAUCIE,SAUCIE,Pearson,0.969,scDesign3,EMBYRO,dr3,10,scDesign3,other
SAUCIE,SAUCIE,SAUCIE,Qglobal,0.864,scDesign3,EMBYRO,dr2,10,scDesign3,other
SAUCIE,SAUCIE,SAUCIE,Qlocal,0.541,scDesign3,EMBYRO,dr2,10,scDesign3,other
SAUCIE,SAUCIE,SAUCIE,centroid_distance,0.994,scDesign3,EMBYRO,dr1,10,scDesign3,other
SAUCIE,SAUCIE,SAUCIE,k-nearest,1.0,scDesign3,EMBYRO,dr1,10,scDesign3,other
SAUCIE,SAUCIE,SAUCIE,kmax,194.0,scDesign3,EMBYRO,dr2,10,scDesign3,other
SAUCIE,SAUCIE,SAUCIE,random_triplet,0.86,scDesign3,EMBYRO,dr1,10,scDesign3,other
SAUCIE,SAUCIE,SAUCIE,spearman,0.922,scDesign3,EMBYRO,dr1,10,scDesign3,other
SAUCIE,SAUCIE,SAUCIE,svm,0.455,scDesign3,EMBYRO,dr1,10,scDesign3,other
SAUCIE,SAUCIE,SAUCIE,AUC,0.801,scDesign3,IFNB,dr2,10,scDesign3,other
SAUCIE,SAUCIE,SAUCIE,Pearson,0.875,scDesign3,IFNB,dr3,10,scDesign3,other
SAUCIE,SAUCIE,SAUCIE,Qglobal,0.894,scDesign3,IFNB,dr2,10,scDesign3,other
SAUCIE,SAUCIE,SAUCIE,Qlocal,0.507,scDesign3,IFNB,dr2,10,scDesign3,other
SAUCIE,SAUCIE,SAUCIE,centroid_distance,0.977,scDesign3,IFNB,dr1,10,scDesign3,other
SAUCIE,SAUCIE,SAUCIE,k-nearest,0.641,scDesign3,IFNB,dr1,10,scDesign3,other
SAUCIE,SAUCIE,SAUCIE,kmax,3347.0,scDesign3,IFNB,dr2,10,scDesign3,other
SAUCIE,SAUCIE,SAUCIE,random_triplet,0.856,scDesign3,IFNB,dr1,10,scDesign3,other
SAUCIE,SAUCIE,SAUCIE,spearman,0.931,scDesign3,IFNB,dr1,10,scDesign3,other
SAUCIE,SAUCIE,SAUCIE,svm,0.626,scDesign3,IFNB,dr1,10,scDesign3,other
SAUCIE,SAUCIE,SAUCIE,AUC,0.851,scDesign3,MARROW,dr2,10,scDesign3,other
SAUCIE,SAUCIE,SAUCIE,Pearson,0.881,scDesign3,MARROW,dr3,10,scDesign3,other
SAUCIE,SAUCIE,SAUCIE,Qglobal,0.921,scDesign3,MARROW,dr2,10,scDesign3,other
SAUCIE,SAUCIE,SAUCIE,Qlocal,0.605,scDesign3,MARROW,dr2,10,scDesign3,other
SAUCIE,SAUCIE,SAUCIE,centroid_distance,0.858,scDesign3,MARROW,dr1,10,scDesign3,other
SAUCIE,SAUCIE,SAUCIE,k-nearest,0.667,scDesign3,MARROW,dr1,10,scDesign3,other
SAUCIE,SAUCIE,SAUCIE,kmax,586.0,scDesign3,MARROW,dr2,10,scDesign3,other
SAUCIE,SAUCIE,SAUCIE,random_triplet,0.893,scDesign3,MARROW,dr1,10,scDesign3,other
SAUCIE,SAUCIE,SAUCIE,spearman,0.902,scDesign3,MARROW,dr1,10,scDesign3,other
SAUCIE,SAUCIE,SAUCIE,svm,0.911,scDesign3,MARROW,dr1,10,scDesign3,other
SAUCIE,SAUCIE,SAUCIE,AUC,0.58,scDesign3,MOBSC,dr2,10,scDesign3,other
SAUCIE,SAUCIE,SAUCIE,Pearson,0.209,scDesign3,MOBSC,dr3,10,scDesign3,other
SAUCIE,SAUCIE,SAUCIE,Qglobal,0.681,scDesign3,MOBSC,dr2,10,scDesign3,other
SAUCIE,SAUCIE,SAUCIE,Qlocal,0.217,scDesign3,MOBSC,dr2,10,scDesign3,other
SAUCIE,SAUCIE,SAUCIE,centroid_distance,0.373,scDesign3,MOBSC,dr1,10,scDesign3,other
SAUCIE,SAUCIE,SAUCIE,k-nearest,0.0,scDesign3,MOBSC,dr1,10,scDesign3,other
SAUCIE,SAUCIE,SAUCIE,kmax,2769.0,scDesign3,MOBSC,dr2,10,scDesign3,other
SAUCIE,SAUCIE,SAUCIE,random_triplet,0.595,scDesign3,MOBSC,dr1,10,scDesign3,other
SAUCIE,SAUCIE,SAUCIE,spearman,0.229,scDesign3,MOBSC,dr1,10,scDesign3,other
SAUCIE,SAUCIE,SAUCIE,svm,0.703,scDesign3,MOBSC,dr1,10,scDesign3,other
SAUCIE,SAUCIE,SAUCIE,AUC,0.87,scDesign3,OVARIAN,dr2,10,scDesign3,other
SAUCIE,SAUCIE,SAUCIE,Pearson,0.987,scDesign3,OVARIAN,dr3,10,scDesign3,other
SAUCIE,SAUCIE,SAUCIE,Qglobal,0.909,scDesign3,OVARIAN,dr2,10,scDesign3,other
SAUCIE,SAUCIE,SAUCIE,Qlocal,0.596,scDesign3,OVARIAN,dr2,10,scDesign3,other
SAUCIE,SAUCIE,SAUCIE,centroid_distance,0.957,scDesign3,OVARIAN,dr1,10,scDesign3,other
SAUCIE,SAUCIE,SAUCIE,k-nearest,0.879,scDesign3,OVARIAN,dr1,10,scDesign3,other
SAUCIE,SAUCIE,SAUCIE,kmax,432.0,scDesign3,OVARIAN,dr2,10,scDesign3,other
SAUCIE,SAUCIE,SAUCIE,random_triplet,0.908,scDesign3,OVARIAN,dr1,10,scDesign3,other
SAUCIE,SAUCIE,SAUCIE,spearman,0.967,scDesign3,OVARIAN,dr1,10,scDesign3,other
SAUCIE,SAUCIE,SAUCIE,svm,0.41,scDesign3,OVARIAN,dr1,10,scDesign3,other
SAUCIE,SAUCIE,SAUCIE,AUC,0.812,scDesign3,PANCREAS,dr2,10,scDesign3,other
SAUCIE,SAUCIE,SAUCIE,Pearson,0.921,scDesign3,PANCREAS,dr3,10,scDesign3,other
SAUCIE,SAUCIE,SAUCIE,Qglobal,0.891,scDesign3,PANCREAS,dr2,10,scDesign3,other
SAUCIE,SAUCIE,SAUCIE,Qlocal,0.522,scDesign3,PANCREAS,dr2,10,scDesign3,other
SAUCIE,SAUCIE,SAUCIE,centroid_distance,1.0,scDesign3,PANCREAS,dr1,10,scDesign3,other
SAUCIE,SAUCIE,SAUCIE,k-nearest,1.0,scDesign3,PANCREAS,dr1,10,scDesign3,other
SAUCIE,SAUCIE,SAUCIE,kmax,444.0,scDesign3,PANCREAS,dr2,10,scDesign3,other
SAUCIE,SAUCIE,SAUCIE,random_triplet,0.866,scDesign3,PANCREAS,dr1,10,scDesign3,other
SAUCIE,SAUCIE,SAUCIE,spearman,0.924,scDesign3,PANCREAS,dr1,10,scDesign3,other
SAUCIE,SAUCIE,SAUCIE,svm,0.782,scDesign3,PANCREAS,dr1,10,scDesign3,other
SAUCIE,SAUCIE,SAUCIE,AUC,0.788,scDesign3,SCGEMMETH,dr2,10,scDesign3,other
SAUCIE,SAUCIE,SAUCIE,Pearson,0.9,scDesign3,SCGEMMETH,dr3,10,scDesign3,other
SAUCIE,SAUCIE,SAUCIE,Qglobal,0.954,scDesign3,SCGEMMETH,dr2,10,scDesign3,other
SAUCIE,SAUCIE,SAUCIE,Qlocal,0.613,scDesign3,SCGEMMETH,dr2,10,scDesign3,other
SAUCIE,SAUCIE,SAUCIE,centroid_distance,1.0,scDesign3,SCGEMMETH,dr1,10,scDesign3,other
SAUCIE,SAUCIE,SAUCIE,k-nearest,1.0,scDesign3,SCGEMMETH,dr1,10,scDesign3,other
SAUCIE,SAUCIE,SAUCIE,kmax,66.0,scDesign3,SCGEMMETH,dr2,10,scDesign3,other
SAUCIE,SAUCIE,SAUCIE,random_triplet,0.892,scDesign3,SCGEMMETH,dr1,10,scDesign3,other
SAUCIE,SAUCIE,SAUCIE,spearman,0.918,scDesign3,SCGEMMETH,dr1,10,scDesign3,other
SAUCIE,SAUCIE,SAUCIE,svm,0.69,scDesign3,SCGEMMETH,dr1,10,scDesign3,other
SAUCIE,SAUCIE,SAUCIE,AUC,0.838,scDesign3,SCGEMRNA,dr2,10,scDesign3,other
SAUCIE,SAUCIE,SAUCIE,Pearson,0.909,scDesign3,SCGEMRNA,dr3,10,scDesign3,other
SAUCIE,SAUCIE,SAUCIE,Qglobal,0.916,scDesign3,SCGEMRNA,dr2,10,scDesign3,other
SAUCIE,SAUCIE,SAUCIE,Qlocal,0.59,scDesign3,SCGEMRNA,dr2,10,scDesign3,other
SAUCIE,SAUCIE,SAUCIE,centroid_distance,0.988,scDesign3,SCGEMRNA,dr1,10,scDesign3,other
SAUCIE,SAUCIE,SAUCIE,k-nearest,0.8,scDesign3,SCGEMRNA,dr1,10,scDesign3,other
SAUCIE,SAUCIE,SAUCIE,kmax,40.0,scDesign3,SCGEMRNA,dr2,10,scDesign3,other
SAUCIE,SAUCIE,SAUCIE,random_triplet,0.877,scDesign3,SCGEMRNA,dr1,10,scDesign3,other
SAUCIE,SAUCIE,SAUCIE,spearman,0.925,scDesign3,SCGEMRNA,dr1,10,scDesign3,other
SAUCIE,SAUCIE,SAUCIE,svm,0.898,scDesign3,SCGEMRNA,dr1,10,scDesign3,other
SAUCIE,SAUCIE,SAUCIE,AUC,0.535,scDesign3,SCIATAC,dr2,10,scDesign3,other
SAUCIE,SAUCIE,SAUCIE,Pearson,0.592,scDesign3,SCIATAC,dr3,10,scDesign3,other
SAUCIE,SAUCIE,SAUCIE,Qglobal,0.909,scDesign3,SCIATAC,dr2,10,scDesign3,other
SAUCIE,SAUCIE,SAUCIE,Qlocal,0.389,scDesign3,SCIATAC,dr2,10,scDesign3,other
SAUCIE,SAUCIE,SAUCIE,centroid_distance,0.333,scDesign3,SCIATAC,dr1,10,scDesign3,other
SAUCIE,SAUCIE,SAUCIE,k-nearest,0.5,scDesign3,SCIATAC,dr1,10,scDesign3,other
SAUCIE,SAUCIE,SAUCIE,kmax,2887.0,scDesign3,SCIATAC,dr2,10,scDesign3,other
SAUCIE,SAUCIE,SAUCIE,random_triplet,0.548,scDesign3,SCIATAC,dr1,10,scDesign3,other
SAUCIE,SAUCIE,SAUCIE,spearman,0.573,scDesign3,SCIATAC,dr1,10,scDesign3,other
SAUCIE,SAUCIE,SAUCIE,svm,0.423,scDesign3,SCIATAC,dr1,10,scDesign3,other
SAUCIE,SAUCIE,SAUCIE,AUC,0.578,scDesign3,SLIDE,dr2,10,scDesign3,other
SAUCIE,SAUCIE,SAUCIE,Pearson,0.893,scDesign3,SLIDE,dr3,10,scDesign3,other
SAUCIE,SAUCIE,SAUCIE,Qglobal,0.927,scDesign3,SLIDE,dr2,10,scDesign3,other
SAUCIE,SAUCIE,SAUCIE,Qlocal,0.389,scDesign3,SLIDE,dr2,10,scDesign3,other
SAUCIE,SAUCIE,SAUCIE,centroid_distance,0.596,scDesign3,SLIDE,dr1,10,scDesign3,other
SAUCIE,SAUCIE,SAUCIE,k-nearest,0.455,scDesign3,SLIDE,dr1,10,scDesign3,other
SAUCIE,SAUCIE,SAUCIE,kmax,15132.0,scDesign3,SLIDE,dr2,10,scDesign3,other
SAUCIE,SAUCIE,SAUCIE,random_triplet,0.62,scDesign3,SLIDE,dr1,10,scDesign3,other
SAUCIE,SAUCIE,SAUCIE,spearman,0.785,scDesign3,SLIDE,dr1,10,scDesign3,other
SAUCIE,SAUCIE,SAUCIE,svm,0.524,scDesign3,SLIDE,dr1,10,scDesign3,other
SAUCIE,SAUCIE,SAUCIE,AUC,0.846,scDesign3,VISIUM,dr2,10,scDesign3,other
SAUCIE,SAUCIE,SAUCIE,Pearson,0.984,scDesign3,VISIUM,dr3,10,scDesign3,other
SAUCIE,SAUCIE,SAUCIE,Qglobal,0.929,scDesign3,VISIUM,dr2,10,scDesign3,other
SAUCIE,SAUCIE,SAUCIE,Qlocal,0.59,scDesign3,VISIUM,dr2,10,scDesign3,other
SAUCIE,SAUCIE,SAUCIE,centroid_distance,0.978,scDesign3,VISIUM,dr1,10,scDesign3,other
SAUCIE,SAUCIE,SAUCIE,k-nearest,0.817,scDesign3,VISIUM,dr1,10,scDesign3,other
SAUCIE,SAUCIE,SAUCIE,kmax,656.0,scDesign3,VISIUM,dr2,10,scDesign3,other
SAUCIE,SAUCIE,SAUCIE,random_triplet,0.906,scDesign3,VISIUM,dr1,10,scDesign3,other
SAUCIE,SAUCIE,SAUCIE,spearman,0.93,scDesign3,VISIUM,dr1,10,scDesign3,other
SAUCIE,SAUCIE,SAUCIE,svm,0.364,scDesign3,VISIUM,dr1,10,scDesign3,other
scScope,scScope,scScope,AUC,0.561,SIMLR,Pollen,dr2,11,SIMLR,other
scScope,scScope,scScope,Pearson,0.475,SIMLR,Pollen,dr3,11,SIMLR,other
scScope,scScope,scScope,Qglobal,0.915,SIMLR,Pollen,dr2,11,SIMLR,other
scScope,scScope,scScope,Qlocal,0.4,SIMLR,Pollen,dr2,11,SIMLR,other
scScope,scScope,scScope,centroid_distance,0.77,SIMLR,Pollen,dr1,11,SIMLR,other
scScope,scScope,scScope,k-nearest,0.576,SIMLR,Pollen,dr1,11,SIMLR,other
scScope,scScope,scScope,kmax,169.0,SIMLR,Pollen,dr2,11,SIMLR,other
scScope,scScope,scScope,random_triplet,0.611,SIMLR,Pollen,dr1,11,SIMLR,other
scScope,scScope,scScope,spearman,0.453,SIMLR,Pollen,dr1,11,SIMLR,other
scScope,scScope,scScope,svm,0.377,SIMLR,Pollen,dr1,11,SIMLR,other
scScope,scScope,scScope,AUC,0.527,SIMLR,Usoskin,dr2,11,SIMLR,other
scScope,scScope,scScope,Pearson,0.225,SIMLR,Usoskin,dr3,11,SIMLR,other
scScope,scScope,scScope,Qglobal,0.892,SIMLR,Usoskin,dr2,11,SIMLR,other
scScope,scScope,scScope,Qlocal,0.369,SIMLR,Usoskin,dr2,11,SIMLR,other
scScope,scScope,scScope,centroid_distance,0.952,SIMLR,Usoskin,dr1,11,SIMLR,other
scScope,scScope,scScope,k-nearest,0.75,SIMLR,Usoskin,dr1,11,SIMLR,other
scScope,scScope,scScope,kmax,433.0,SIMLR,Usoskin,dr2,11,SIMLR,other
scScope,scScope,scScope,random_triplet,0.534,SIMLR,Usoskin,dr1,11,SIMLR,other
scScope,scScope,scScope,spearman,0.189,SIMLR,Usoskin,dr1,11,SIMLR,other
scScope,scScope,scScope,svm,0.45,SIMLR,Usoskin,dr1,11,SIMLR,other
scScope,scScope,scScope,AUC,0.524,TI,DA1_horns,dr2,11,trajectory,other
scScope,scScope,scScope,Pearson,0.147,TI,DA1_horns,dr3,11,trajectory,other
scScope,scScope,scScope,Qglobal,0.673,TI,DA1_horns,dr2,11,trajectory,other
scScope,scScope,scScope,Qlocal,0.177,TI,DA1_horns,dr2,11,trajectory,other
scScope,scScope,scScope,centroid_distance,0.851,TI,DA1_horns,dr1,11,trajectory,other
scScope,scScope,scScope,k-nearest,0.8,TI,DA1_horns,dr1,11,trajectory,other
scScope,scScope,scScope,kmax,83.0,TI,DA1_horns,dr2,11,trajectory,other
scScope,scScope,scScope,random_triplet,0.523,TI,DA1_horns,dr1,11,trajectory,other
scScope,scScope,scScope,spearman,0.101,TI,DA1_horns,dr1,11,trajectory,other
scScope,scScope,scScope,svm,0.31,TI,DA1_horns,dr1,11,trajectory,other
scScope,scScope,scScope,AUC,0.521,TI,DC3_VA1d_horns,dr2,11,trajectory,other
scScope,scScope,scScope,Pearson,0.167,TI,DC3_VA1d_horns,dr3,11,trajectory,other
scScope,scScope,scScope,Qglobal,0.658,TI,DC3_VA1d_horns,dr2,11,trajectory,other
scScope,scScope,scScope,Qlocal,0.16,TI,DC3_VA1d_horns,dr2,11,trajectory,other
scScope,scScope,scScope,centroid_distance,0.433,TI,DC3_VA1d_horns,dr1,11,trajectory,other
scScope,scScope,scScope,k-nearest,0.389,TI,DC3_VA1d_horns,dr1,11,trajectory,other
scScope,scScope,scScope,kmax,46.0,TI,DC3_VA1d_horns,dr2,11,trajectory,other
scScope,scScope,scScope,random_triplet,0.536,TI,DC3_VA1d_horns,dr1,11,trajectory,other
scScope,scScope,scScope,spearman,0.086,TI,DC3_VA1d_horns,dr1,11,trajectory,other
scScope,scScope,scScope,svm,0.262,TI,DC3_VA1d_horns,dr1,11,trajectory,other
scScope,scScope,scScope,AUC,0.522,TI,ICM,dr2,11,trajectory,other
scScope,scScope,scScope,Pearson,0.118,TI,ICM,dr3,11,trajectory,other
scScope,scScope,scScope,Qglobal,0.59,TI,ICM,dr2,11,trajectory,other
scScope,scScope,scScope,Qlocal,0.098,TI,ICM,dr2,11,trajectory,other
scScope,scScope,scScope,centroid_distance,0.443,TI,ICM,dr1,11,trajectory,other
scScope,scScope,scScope,k-nearest,0.367,TI,ICM,dr1,11,trajectory,other
scScope,scScope,scScope,kmax,38.0,TI,ICM,dr2,11,trajectory,other
scScope,scScope,scScope,random_triplet,0.535,TI,ICM,dr1,11,trajectory,other
scScope,scScope,scScope,spearman,0.086,TI,ICM,dr1,11,trajectory,other
scScope,scScope,scScope,svm,0.254,TI,ICM,dr1,11,trajectory,other
scScope,scScope,scScope,AUC,0.547,TI,blastocyst,dr2,11,trajectory,other
scScope,scScope,scScope,Pearson,0.206,TI,blastocyst,dr3,11,trajectory,other
scScope,scScope,scScope,Qglobal,0.702,TI,blastocyst,dr2,11,trajectory,other
scScope,scScope,scScope,Qlocal,0.213,TI,blastocyst,dr2,11,trajectory,other
scScope,scScope,scScope,centroid_distance,0.616,TI,blastocyst,dr1,11,trajectory,other
scScope,scScope,scScope,k-nearest,0.538,TI,blastocyst,dr1,11,trajectory,other
scScope,scScope,scScope,kmax,110.0,TI,blastocyst,dr2,11,trajectory,other
scScope,scScope,scScope,random_triplet,0.548,TI,blastocyst,dr1,11,trajectory,other
scScope,scScope,scScope,spearman,0.192,TI,blastocyst,dr1,11,trajectory,other
scScope,scScope,scScope,svm,0.181,TI,blastocyst,dr1,11,trajectory,other
scScope,scScope,scScope,AUC,0.572,TI,combination-1,dr2,11,trajectory,other
scScope,scScope,scScope,Pearson,0.292,TI,combination-1,dr3,11,trajectory,other
scScope,scScope,scScope,Qglobal,0.626,TI,combination-1,dr2,11,trajectory,other
scScope,scScope,scScope,Qlocal,0.138,TI,combination-1,dr2,11,trajectory,other
scScope,scScope,scScope,centroid_distance,0.798,TI,combination-1,dr1,11,trajectory,other
scScope,scScope,scScope,k-nearest,0.643,TI,combination-1,dr1,11,trajectory,other
scScope,scScope,scScope,kmax,476.0,TI,combination-1,dr2,11,trajectory,other
scScope,scScope,scScope,random_triplet,0.59,TI,combination-1,dr1,11,trajectory,other
scScope,scScope,scScope,spearman,0.29,TI,combination-1,dr1,11,trajectory,other
scScope,scScope,scScope,svm,0.762,TI,combination-1,dr1,11,trajectory,other
scScope,scScope,scScope,AUC,0.545,TI,combination-2,dr2,11,trajectory,other
scScope,scScope,scScope,Pearson,0.251,TI,combination-2,dr3,11,trajectory,other
scScope,scScope,scScope,Qglobal,0.568,TI,combination-2,dr2,11,trajectory,other
scScope,scScope,scScope,Qlocal,0.075,TI,combination-2,dr2,11,trajectory,other
scScope,scScope,scScope,centroid_distance,0.511,TI,combination-2,dr1,11,trajectory,other
scScope,scScope,scScope,k-nearest,0.611,TI,combination-2,dr1,11,trajectory,other
scScope,scScope,scScope,kmax,203.0,TI,combination-2,dr2,11,trajectory,other
scScope,scScope,scScope,random_triplet,0.558,TI,combination-2,dr1,11,trajectory,other
scScope,scScope,scScope,spearman,0.243,TI,combination-2,dr1,11,trajectory,other
scScope,scScope,scScope,svm,0.396,TI,combination-2,dr1,11,trajectory,other
scScope,scScope,scScope,AUC,0.555,TI,combination-3,dr2,11,trajectory,other
scScope,scScope,scScope,Pearson,0.333,TI,combination-3,dr3,11,trajectory,other
scScope,scScope,scScope,Qglobal,0.871,TI,combination-3,dr2,11,trajectory,other
scScope,scScope,scScope,Qlocal,0.382,TI,combination-3,dr2,11,trajectory,other
scScope,scScope,scScope,centroid_distance,0.466,TI,combination-3,dr1,11,trajectory,other
scScope,scScope,scScope,k-nearest,0.5,TI,combination-3,dr1,11,trajectory,other
scScope,scScope,scScope,kmax,1464.0,TI,combination-3,dr2,11,trajectory,other
scScope,scScope,scScope,random_triplet,0.578,TI,combination-3,dr1,11,trajectory,other
scScope,scScope,scScope,spearman,0.349,TI,combination-3,dr1,11,trajectory,other
scScope,scScope,scScope,svm,0.53,TI,combination-3,dr1,11,trajectory,other
scScope,scScope,scScope,AUC,0.517,TI,epiblast,dr2,11,trajectory,other
scScope,scScope,scScope,Pearson,0.152,TI,epiblast,dr3,11,trajectory,other
scScope,scScope,scScope,Qglobal,0.673,TI,epiblast,dr2,11,trajectory,other
scScope,scScope,scScope,Qlocal,0.179,TI,epiblast,dr2,11,trajectory,other
scScope,scScope,scScope,centroid_distance,0.434,TI,epiblast,dr1,11,trajectory,other
scScope,scScope,scScope,k-nearest,0.429,TI,epiblast,dr1,11,trajectory,other
scScope,scScope,scScope,kmax,57.0,TI,epiblast,dr2,11,trajectory,other
scScope,scScope,scScope,random_triplet,0.552,TI,epiblast,dr1,11,trajectory,other
scScope,scScope,scScope,spearman,0.093,TI,epiblast,dr1,11,trajectory,other
scScope,scScope,scScope,svm,0.241,TI,epiblast,dr1,11,trajectory,other
scScope,scScope,scScope,AUC,0.577,TI,epidermis,dr2,11,trajectory,other
scScope,scScope,scScope,Pearson,0.315,TI,epidermis,dr3,11,trajectory,other
scScope,scScope,scScope,Qglobal,0.629,TI,epidermis,dr2,11,trajectory,other
scScope,scScope,scScope,Qlocal,0.143,TI,epidermis,dr2,11,trajectory,other
scScope,scScope,scScope,centroid_distance,0.882,TI,epidermis,dr1,11,trajectory,other
scScope,scScope,scScope,k-nearest,0.6,TI,epidermis,dr1,11,trajectory,other
scScope,scScope,scScope,kmax,427.0,TI,epidermis,dr2,11,trajectory,other
scScope,scScope,scScope,random_triplet,0.601,TI,epidermis,dr1,11,trajectory,other
scScope,scScope,scScope,spearman,0.313,TI,epidermis,dr1,11,trajectory,other
scScope,scScope,scScope,svm,0.797,TI,epidermis,dr1,11,trajectory,other
scScope,scScope,scScope,AUC,0.531,TI,horns,dr2,11,trajectory,other
scScope,scScope,scScope,Pearson,0.155,TI,horns,dr3,11,trajectory,other
scScope,scScope,scScope,Qglobal,0.696,TI,horns,dr2,11,trajectory,other
scScope,scScope,scScope,Qlocal,0.198,TI,horns,dr2,11,trajectory,other
scScope,scScope,scScope,centroid_distance,0.726,TI,horns,dr1,11,trajectory,other
scScope,scScope,scScope,k-nearest,0.661,TI,horns,dr1,11,trajectory,other
scScope,scScope,scScope,kmax,150.0,TI,horns,dr2,11,trajectory,other
scScope,scScope,scScope,random_triplet,0.537,TI,horns,dr1,11,trajectory,other
scScope,scScope,scScope,spearman,0.134,TI,horns,dr1,11,trajectory,other
scScope,scScope,scScope,svm,0.198,TI,horns,dr1,11,trajectory,other
scScope,scScope,scScope,AUC,0.53,TI,muscle,dr2,11,trajectory,other
scScope,scScope,scScope,Pearson,0.295,TI,muscle,dr3,11,trajectory,other
scScope,scScope,scScope,Qglobal,0.901,TI,muscle,dr2,11,trajectory,other
scScope,scScope,scScope,Qlocal,0.385,TI,muscle,dr2,11,trajectory,other
scScope,scScope,scScope,centroid_distance,1.0,TI,muscle,dr1,11,trajectory,other
scScope,scScope,scScope,k-nearest,1.0,TI,muscle,dr1,11,trajectory,other
scScope,scScope,scScope,kmax,1679.0,TI,muscle,dr2,11,trajectory,other
scScope,scScope,scScope,random_triplet,0.54,TI,muscle,dr1,11,trajectory,other
scScope,scScope,scScope,spearman,0.234,TI,muscle,dr1,11,trajectory,other
scScope,scScope,scScope,svm,0.594,TI,muscle,dr1,11,trajectory,other
scScope,scScope,scScope,AUC,0.541,TI,neuron,dr2,11,trajectory,other
scScope,scScope,scScope,Pearson,0.269,TI,neuron,dr3,11,trajectory,other
scScope,scScope,scScope,Qglobal,0.881,TI,neuron,dr2,11,trajectory,other
scScope,scScope,scScope,Qlocal,0.382,TI,neuron,dr2,11,trajectory,other
scScope,scScope,scScope,centroid_distance,0.902,TI,neuron,dr1,11,trajectory,other
scScope,scScope,scScope,k-nearest,0.643,TI,neuron,dr1,11,trajectory,other
scScope,scScope,scScope,kmax,1599.0,TI,neuron,dr2,11,trajectory,other
scScope,scScope,scScope,random_triplet,0.554,TI,neuron,dr1,11,trajectory,other
scScope,scScope,scScope,spearman,0.277,TI,neuron,dr1,11,trajectory,other
scScope,scScope,scScope,svm,0.518,TI,neuron,dr1,11,trajectory,other
scScope,scScope,scScope,AUC,0.527,TI,pair-1,dr2,11,trajectory,other
scScope,scScope,scScope,Pearson,0.094,TI,pair-1,dr3,11,trajectory,other
scScope,scScope,scScope,Qglobal,0.55,TI,pair-1,dr2,11,trajectory,other
scScope,scScope,scScope,Qlocal,0.086,TI,pair-1,dr2,11,trajectory,other
scScope,scScope,scScope,centroid_distance,0.704,TI,pair-1,dr1,11,trajectory,other
scScope,scScope,scScope,k-nearest,0.438,TI,pair-1,dr1,11,trajectory,other
scScope,scScope,scScope,kmax,531.0,TI,pair-1,dr2,11,trajectory,other
scScope,scScope,scScope,random_triplet,0.519,TI,pair-1,dr1,11,trajectory,other
scScope,scScope,scScope,spearman,0.091,TI,pair-1,dr1,11,trajectory,other
scScope,scScope,scScope,svm,0.79,TI,pair-1,dr1,11,trajectory,other
scScope,scScope,scScope,AUC,0.513,TI,pair-2,dr2,11,trajectory,other
scScope,scScope,scScope,Pearson,0.035,TI,pair-2,dr3,11,trajectory,other
scScope,scScope,scScope,Qglobal,0.568,TI,pair-2,dr2,11,trajectory,other
scScope,scScope,scScope,Qlocal,0.106,TI,pair-2,dr2,11,trajectory,other
scScope,scScope,scScope,centroid_distance,0.374,TI,pair-2,dr1,11,trajectory,other
scScope,scScope,scScope,k-nearest,0.538,TI,pair-2,dr1,11,trajectory,other
scScope,scScope,scScope,kmax,1270.0,TI,pair-2,dr2,11,trajectory,other
scScope,scScope,scScope,random_triplet,0.502,TI,pair-2,dr1,11,trajectory,other
scScope,scScope,scScope,spearman,0.023,TI,pair-2,dr1,11,trajectory,other
scScope,scScope,scScope,svm,0.645,TI,pair-2,dr1,11,trajectory,other
scScope,scScope,scScope,AUC,0.532,TI,pair-3,dr2,11,trajectory,other
scScope,scScope,scScope,Pearson,0.141,TI,pair-3,dr3,11,trajectory,other
scScope,scScope,scScope,Qglobal,0.563,TI,pair-3,dr2,11,trajectory,other
scScope,scScope,scScope,Qlocal,0.085,TI,pair-3,dr2,11,trajectory,other
scScope,scScope,scScope,centroid_distance,0.427,TI,pair-3,dr1,11,trajectory,other
scScope,scScope,scScope,k-nearest,0.438,TI,pair-3,dr1,11,trajectory,other
scScope,scScope,scScope,kmax,557.0,TI,pair-3,dr2,11,trajectory,other
scScope,scScope,scScope,random_triplet,0.538,TI,pair-3,dr1,11,trajectory,other
scScope,scScope,scScope,spearman,0.165,TI,pair-3,dr1,11,trajectory,other
scScope,scScope,scScope,svm,0.815,TI,pair-3,dr1,11,trajectory,other
scScope,scScope,scScope,AUC,0.523,TI,pair-4,dr2,11,trajectory,other
scScope,scScope,scScope,Pearson,0.084,TI,pair-4,dr3,11,trajectory,other
scScope,scScope,scScope,Qglobal,0.58,TI,pair-4,dr2,11,trajectory,other
scScope,scScope,scScope,Qlocal,0.11,TI,pair-4,dr2,11,trajectory,other
scScope,scScope,scScope,centroid_distance,0.525,TI,pair-4,dr1,11,trajectory,other
scScope,scScope,scScope,k-nearest,0.533,TI,pair-4,dr1,11,trajectory,other
scScope,scScope,scScope,kmax,1095.0,TI,pair-4,dr2,11,trajectory,other
scScope,scScope,scScope,random_triplet,0.523,TI,pair-4,dr1,11,trajectory,other
scScope,scScope,scScope,spearman,0.1,TI,pair-4,dr1,11,trajectory,other
scScope,scScope,scScope,svm,0.758,TI,pair-4,dr1,11,trajectory,other
scScope,scScope,scScope,AUC,0.548,TI,parenchyme,dr2,11,trajectory,other
scScope,scScope,scScope,Pearson,0.275,TI,parenchyme,dr3,11,trajectory,other
scScope,scScope,scScope,Qglobal,0.619,TI,parenchyme,dr2,11,trajectory,other
scScope,scScope,scScope,Qlocal,0.124,TI,parenchyme,dr2,11,trajectory,other
scScope,scScope,scScope,centroid_distance,0.894,TI,parenchyme,dr1,11,trajectory,other
scScope,scScope,scScope,k-nearest,0.6,TI,parenchyme,dr1,11,trajectory,other
scScope,scScope,scScope,kmax,284.0,TI,parenchyme,dr2,11,trajectory,other
scScope,scScope,scScope,random_triplet,0.553,TI,parenchyme,dr1,11,trajectory,other
scScope,scScope,scScope,spearman,0.253,TI,parenchyme,dr1,11,trajectory,other
scScope,scScope,scScope,svm,0.631,TI,parenchyme,dr1,11,trajectory,other
scScope,scScope,scScope,AUC,0.56,TI,phagocyte,dr2,11,trajectory,other
scScope,scScope,scScope,Pearson,0.271,TI,phagocyte,dr3,11,trajectory,other
scScope,scScope,scScope,Qglobal,0.651,TI,phagocyte,dr2,11,trajectory,other
scScope,scScope,scScope,Qlocal,0.167,TI,phagocyte,dr2,11,trajectory,other
scScope,scScope,scScope,centroid_distance,1.0,TI,phagocyte,dr1,11,trajectory,other
scScope,scScope,scScope,k-nearest,1.0,TI,phagocyte,dr1,11,trajectory,other
scScope,scScope,scScope,kmax,130.0,TI,phagocyte,dr2,11,trajectory,other
scScope,scScope,scScope,random_triplet,0.573,TI,phagocyte,dr1,11,trajectory,other
scScope,scScope,scScope,spearman,0.26,TI,phagocyte,dr1,11,trajectory,other
scScope,scScope,scScope,svm,0.863,TI,phagocyte,dr1,11,trajectory,other
scScope,scScope,scScope,AUC,0.629,TI,pharynx,dr2,11,trajectory,other
scScope,scScope,scScope,Pearson,0.569,TI,pharynx,dr3,11,trajectory,other
scScope,scScope,scScope,Qglobal,0.871,TI,pharynx,dr2,11,trajectory,other
scScope,scScope,scScope,Qlocal,0.394,TI,pharynx,dr2,11,trajectory,other
scScope,scScope,scScope,centroid_distance,1.0,TI,pharynx,dr1,11,trajectory,other
scScope,scScope,scScope,k-nearest,1.0,TI,pharynx,dr1,11,trajectory,other
scScope,scScope,scScope,kmax,146.0,TI,pharynx,dr2,11,trajectory,other
scScope,scScope,scScope,random_triplet,0.699,TI,pharynx,dr1,11,trajectory,other
scScope,scScope,scScope,spearman,0.546,TI,pharynx,dr1,11,trajectory,other
scScope,scScope,scScope,svm,0.952,TI,pharynx,dr1,11,trajectory,other
scScope,scScope,scScope,AUC,0.56,TI,trophectoderm,dr2,11,trajectory,other
scScope,scScope,scScope,Pearson,0.3,TI,trophectoderm,dr3,11,trajectory,other
scScope,scScope,scScope,Qglobal,0.8,TI,trophectoderm,dr2,11,trajectory,other
scScope,scScope,scScope,Qlocal,0.323,TI,trophectoderm,dr2,11,trajectory,other
scScope,scScope,scScope,centroid_distance,0.858,TI,trophectoderm,dr1,11,trajectory,other
scScope,scScope,scScope,k-nearest,0.667,TI,trophectoderm,dr1,11,trajectory,other
scScope,scScope,scScope,kmax,40.0,TI,trophectoderm,dr2,11,trajectory,other
scScope,scScope,scScope,random_triplet,0.566,TI,trophectoderm,dr1,11,trajectory,other
scScope,scScope,scScope,spearman,0.237,TI,trophectoderm,dr1,11,trajectory,other
scScope,scScope,scScope,svm,0.683,TI,trophectoderm,dr1,11,trajectory,other
scScope,scScope,scScope,AUC,0.678,VASC,Baron,dr2,11,VASC,other
scScope,scScope,scScope,Pearson,0.356,VASC,Baron,dr3,11,VASC,other
scScope,scScope,scScope,Qglobal,0.7,VASC,Baron,dr2,11,VASC,other
scScope,scScope,scScope,Qlocal,0.441,VASC,Baron,dr2,11,VASC,other
scScope,scScope,scScope,centroid_distance,0.463,VASC,Baron,dr1,11,VASC,other
scScope,scScope,scScope,k-nearest,0.357,VASC,Baron,dr1,11,VASC,other
scScope,scScope,scScope,kmax,718.0,VASC,Baron,dr2,11,VASC,other
scScope,scScope,scScope,random_triplet,0.631,VASC,Baron,dr1,11,VASC,other
scScope,scScope,scScope,spearman,0.341,VASC,Baron,dr1,11,VASC,other
scScope,scScope,scScope,svm,0.332,VASC,Baron,dr1,11,VASC,other
scScope,scScope,scScope,AUC,0.647,VASC,Biase,dr2,11,VASC,other
scScope,scScope,scScope,Pearson,0.6,VASC,Biase,dr3,11,VASC,other
scScope,scScope,scScope,Qglobal,0.709,VASC,Biase,dr2,11,VASC,other
scScope,scScope,scScope,Qlocal,0.232,VASC,Biase,dr2,11,VASC,other
scScope,scScope,scScope,centroid_distance,0.952,VASC,Biase,dr1,11,VASC,other
scScope,scScope,scScope,k-nearest,0.75,VASC,Biase,dr1,11,VASC,other
scScope,scScope,scScope,kmax,7.0,VASC,Biase,dr2,11,VASC,other
scScope,scScope,scScope,random_triplet,0.679,VASC,Biase,dr1,11,VASC,other
scScope,scScope,scScope,spearman,0.555,VASC,Biase,dr1,11,VASC,other
scScope,scScope,scScope,svm,0.793,VASC,Biase,dr1,11,VASC,other
scScope,scScope,scScope,AUC,0.645,VASC,Goolam,dr2,11,VASC,other
scScope,scScope,scScope,Pearson,0.491,VASC,Goolam,dr3,11,VASC,other
scScope,scScope,scScope,Qglobal,0.765,VASC,Goolam,dr2,11,VASC,other
scScope,scScope,scScope,Qlocal,0.339,VASC,Goolam,dr2,11,VASC,other
scScope,scScope,scScope,centroid_distance,0.925,VASC,Goolam,dr1,11,VASC,other
scScope,scScope,scScope,k-nearest,0.6,VASC,Goolam,dr1,11,VASC,other
scScope,scScope,scScope,kmax,34.0,VASC,Goolam,dr2,11,VASC,other
scScope,scScope,scScope,random_triplet,0.66,VASC,Goolam,dr1,11,VASC,other
scScope,scScope,scScope,spearman,0.458,VASC,Goolam,dr1,11,VASC,other
scScope,scScope,scScope,svm,0.664,VASC,Goolam,dr1,11,VASC,other
scScope,scScope,scScope,AUC,0.593,VASC,Xin,dr2,11,VASC,other
scScope,scScope,scScope,Pearson,0.295,VASC,Xin,dr3,11,VASC,other
scScope,scScope,scScope,Qglobal,0.738,VASC,Xin,dr2,11,VASC,other
scScope,scScope,scScope,Qlocal,0.269,VASC,Xin,dr2,11,VASC,other
scScope,scScope,scScope,centroid_distance,0.663,VASC,Xin,dr1,11,VASC,other
scScope,scScope,scScope,k-nearest,0.812,VASC,Xin,dr1,11,VASC,other
scScope,scScope,scScope,kmax,492.0,VASC,Xin,dr2,11,VASC,other
scScope,scScope,scScope,random_triplet,0.606,VASC,Xin,dr1,11,VASC,other
scScope,scScope,scScope,spearman,0.392,VASC,Xin,dr1,11,VASC,other
scScope,scScope,scScope,svm,0.901,VASC,Xin,dr1,11,VASC,other
scScope,scScope,scScope,AUC,0.682,VASC,Zeisel,dr2,11,VASC,other
scScope,scScope,scScope,Pearson,0.501,VASC,Zeisel,dr3,11,VASC,other
scScope,scScope,scScope,Qglobal,0.759,VASC,Zeisel,dr2,11,VASC,other
scScope,scScope,scScope,Qlocal,0.432,VASC,Zeisel,dr2,11,VASC,other
scScope,scScope,scScope,centroid_distance,0.424,VASC,Zeisel,dr1,11,VASC,other
scScope,scScope,scScope,k-nearest,0.611,VASC,Zeisel,dr1,11,VASC,other
scScope,scScope,scScope,kmax,713.0,VASC,Zeisel,dr2,11,VASC,other
scScope,scScope,scScope,random_triplet,0.677,VASC,Zeisel,dr1,11,VASC,other
scScope,scScope,scScope,spearman,0.513,VASC,Zeisel,dr1,11,VASC,other
scScope,scScope,scScope,svm,0.906,VASC,Zeisel,dr1,11,VASC,other
scScope,scScope,scScope,AUC,0.826,VASC,yan,dr2,11,VASC,other
scScope,scScope,scScope,Pearson,0.828,VASC,yan,dr3,11,VASC,other
scScope,scScope,scScope,Qglobal,0.9,VASC,yan,dr2,11,VASC,other
scScope,scScope,scScope,Qlocal,0.687,VASC,yan,dr2,11,VASC,other
scScope,scScope,scScope,centroid_distance,0.969,VASC,yan,dr1,11,VASC,other
scScope,scScope,scScope,k-nearest,0.917,VASC,yan,dr1,11,VASC,other
scScope,scScope,scScope,kmax,27.0,VASC,yan,dr2,11,VASC,other
scScope,scScope,scScope,random_triplet,0.818,VASC,yan,dr1,11,VASC,other
scScope,scScope,scScope,spearman,0.884,VASC,yan,dr1,11,VASC,other
scScope,scScope,scScope,svm,0.8,VASC,yan,dr1,11,VASC,other
scScope,scScope,scScope,AUC,0.588,benchmarker,Baron_mouse,dr2,11,curated,other
scScope,scScope,scScope,Pearson,0.303,benchmarker,Baron_mouse,dr3,11,curated,other
scScope,scScope,scScope,Qglobal,0.613,benchmarker,Baron_mouse,dr2,11,curated,other
scScope,scScope,scScope,Qlocal,0.262,benchmarker,Baron_mouse,dr2,11,curated,other
scScope,scScope,scScope,centroid_distance,0.152,benchmarker,Baron_mouse,dr1,11,curated,other
scScope,scScope,scScope,k-nearest,0.385,benchmarker,Baron_mouse,dr1,11,curated,other
scScope,scScope,scScope,kmax,136.0,benchmarker,Baron_mouse,dr2,11,curated,other
scScope,scScope,scScope,random_triplet,0.553,benchmarker,Baron_mouse,dr1,11,curated,other
scScope,scScope,scScope,spearman,0.286,benchmarker,Baron_mouse,dr1,11,curated,other
scScope,scScope,scScope,svm,0.943,benchmarker,Baron_mouse,dr1,11,curated,other
scScope,scScope,scScope,AUC,0.605,benchmarker,Darmanis,dr2,11,curated,other
scScope,scScope,scScope,Pearson,0.292,benchmarker,Darmanis,dr3,11,curated,other
scScope,scScope,scScope,Qglobal,0.658,benchmarker,Darmanis,dr2,11,curated,other
scScope,scScope,scScope,Qlocal,0.26,benchmarker,Darmanis,dr2,11,curated,other
scScope,scScope,scScope,centroid_distance,0.605,benchmarker,Darmanis,dr1,11,curated,other
scScope,scScope,scScope,k-nearest,0.688,benchmarker,Darmanis,dr1,11,curated,other
scScope,scScope,scScope,kmax,55.0,benchmarker,Darmanis,dr2,11,curated,other
scScope,scScope,scScope,random_triplet,0.617,benchmarker,Darmanis,dr1,11,curated,other
scScope,scScope,scScope,spearman,0.379,benchmarker,Darmanis,dr1,11,curated,other
scScope,scScope,scScope,svm,0.764,benchmarker,Darmanis,dr1,11,curated,other
scScope,scScope,scScope,AUC,0.556,benchmarker,Pancreatic,dr2,11,curated,other
scScope,scScope,scScope,Pearson,0.31,benchmarker,Pancreatic,dr3,11,curated,other
scScope,scScope,scScope,Qglobal,0.626,benchmarker,Pancreatic,dr2,11,curated,other
scScope,scScope,scScope,Qlocal,0.15,benchmarker,Pancreatic,dr2,11,curated,other
scScope,scScope,scScope,centroid_distance,0.465,benchmarker,Pancreatic,dr1,11,curated,other
scScope,scScope,scScope,k-nearest,0.417,benchmarker,Pancreatic,dr1,11,curated,other
scScope,scScope,scScope,kmax,9.0,benchmarker,Pancreatic,dr2,11,curated,other
scScope,scScope,scScope,random_triplet,0.637,benchmarker,Pancreatic,dr1,11,curated,other
scScope,scScope,scScope,spearman,0.246,benchmarker,Pancreatic,dr1,11,curated,other
scScope,scScope,scScope,svm,0.367,benchmarker,Pancreatic,dr1,11,curated,other
scScope,scScope,scScope,AUC,0.707,benchmarker,Silver,dr2,11,curated,other
scScope,scScope,scScope,Pearson,0.708,benchmarker,Silver,dr3,11,curated,other
scScope,scScope,scScope,Qglobal,0.817,benchmarker,Silver,dr2,11,curated,other
scScope,scScope,scScope,Qlocal,0.38,benchmarker,Silver,dr2,11,curated,other
scScope,scScope,scScope,centroid_distance,0.968,benchmarker,Silver,dr1,11,curated,other
scScope,scScope,scScope,k-nearest,0.848,benchmarker,Silver,dr1,11,curated,other
scScope,scScope,scScope,kmax,649.0,benchmarker,Silver,dr2,11,curated,other
scScope,scScope,scScope,random_triplet,0.754,benchmarker,Silver,dr1,11,curated,other
scScope,scScope,scScope,spearman,0.704,benchmarker,Silver,dr1,11,curated,other
scScope,scScope,scScope,svm,0.508,benchmarker,Silver,dr1,11,curated,other
scScope,scScope,scScope,AUC,0.686,benchmarker,Zhengmix4eq,dr2,11,curated,other
scScope,scScope,scScope,Pearson,0.545,benchmarker,Zhengmix4eq,dr3,11,curated,other
scScope,scScope,scScope,Qglobal,0.851,benchmarker,Zhengmix4eq,dr2,11,curated,other
scScope,scScope,scScope,Qlocal,0.466,benchmarker,Zhengmix4eq,dr2,11,curated,other
scScope,scScope,scScope,centroid_distance,0.735,benchmarker,Zhengmix4eq,dr1,11,curated,other
scScope,scScope,scScope,k-nearest,0.75,benchmarker,Zhengmix4eq,dr1,11,curated,other
scScope,scScope,scScope,kmax,1710.0,benchmarker,Zhengmix4eq,dr2,11,curated,other
scScope,scScope,scScope,random_triplet,0.72,benchmarker,Zhengmix4eq,dr1,11,curated,other
scScope,scScope,scScope,spearman,0.558,benchmarker,Zhengmix4eq,dr1,11,curated,other
scScope,scScope,scScope,svm,0.948,benchmarker,Zhengmix4eq,dr1,11,curated,other
scScope,scScope,scScope,AUC,0.746,scDesign3,ACINAR,dr2,11,scDesign3,other
scScope,scScope,scScope,Pearson,0.446,scDesign3,ACINAR,dr3,11,scDesign3,other
scScope,scScope,scScope,Qglobal,0.79,scDesign3,ACINAR,dr2,11,scDesign3,other
scScope,scScope,scScope,Qlocal,0.474,scDesign3,ACINAR,dr2,11,scDesign3,other
scScope,scScope,scScope,centroid_distance,0.613,scDesign3,ACINAR,dr1,11,scDesign3,other
scScope,scScope,scScope,k-nearest,0.633,scDesign3,ACINAR,dr1,11,scDesign3,other
scScope,scScope,scScope,kmax,422.0,scDesign3,ACINAR,dr2,11,scDesign3,other
scScope,scScope,scScope,random_triplet,0.762,scDesign3,ACINAR,dr1,11,scDesign3,other
scScope,scScope,scScope,spearman,0.623,scDesign3,ACINAR,dr1,11,scDesign3,other
scScope,scScope,scScope,svm,0.512,scDesign3,ACINAR,dr1,11,scDesign3,other
scScope,scScope,scScope,AUC,0.641,scDesign3,ATAC,dr2,11,scDesign3,other
scScope,scScope,scScope,Pearson,0.492,scDesign3,ATAC,dr3,11,scDesign3,other
scScope,scScope,scScope,Qglobal,0.803,scDesign3,ATAC,dr2,11,scDesign3,other
scScope,scScope,scScope,Qlocal,0.355,scDesign3,ATAC,dr2,11,scDesign3,other
scScope,scScope,scScope,centroid_distance,0.743,scDesign3,ATAC,dr1,11,scDesign3,other
scScope,scScope,scScope,k-nearest,0.59,scDesign3,ATAC,dr1,11,scDesign3,other
scScope,scScope,scScope,kmax,2536.0,scDesign3,ATAC,dr2,11,scDesign3,other
scScope,scScope,scScope,random_triplet,0.689,scDesign3,ATAC,dr1,11,scDesign3,other
scScope,scScope,scScope,spearman,0.462,scDesign3,ATAC,dr1,11,scDesign3,other
scScope,scScope,scScope,svm,0.623,scDesign3,ATAC,dr1,11,scDesign3,other
scScope,scScope,scScope,AUC,0.755,scDesign3,BATCH,dr2,11,scDesign3,other
scScope,scScope,scScope,Pearson,0.301,scDesign3,BATCH,dr3,11,scDesign3,other
scScope,scScope,scScope,Qglobal,0.775,scDesign3,BATCH,dr2,11,scDesign3,other
scScope,scScope,scScope,Qlocal,0.542,scDesign3,BATCH,dr2,11,scDesign3,other
scScope,scScope,scScope,centroid_distance,0.468,scDesign3,BATCH,dr1,11,scDesign3,other
scScope,scScope,scScope,k-nearest,0.556,scDesign3,BATCH,dr1,11,scDesign3,other
scScope,scScope,scScope,kmax,524.0,scDesign3,BATCH,dr2,11,scDesign3,other
scScope,scScope,scScope,random_triplet,0.743,scDesign3,BATCH,dr1,11,scDesign3,other
scScope,scScope,scScope,spearman,0.563,scDesign3,BATCH,dr1,11,scDesign3,other
scScope,scScope,scScope,svm,0.836,scDesign3,BATCH,dr1,11,scDesign3,other
scScope,scScope,scScope,AUC,0.761,scDesign3,CITE,dr2,11,scDesign3,other
scScope,scScope,scScope,Pearson,0.402,scDesign3,CITE,dr3,11,scDesign3,other
scScope,scScope,scScope,Qglobal,0.77,scDesign3,CITE,dr2,11,scDesign3,other
scScope,scScope,scScope,Qlocal,0.6,scDesign3,CITE,dr2,11,scDesign3,other
scScope,scScope,scScope,centroid_distance,0.517,scDesign3,CITE,dr1,11,scDesign3,other
scScope,scScope,scScope,k-nearest,0.467,scDesign3,CITE,dr1,11,scDesign3,other
scScope,scScope,scScope,kmax,447.0,scDesign3,CITE,dr2,11,scDesign3,other
scScope,scScope,scScope,random_triplet,0.751,scDesign3,CITE,dr1,11,scDesign3,other
scScope,scScope,scScope,spearman,0.585,scDesign3,CITE,dr1,11,scDesign3,other
scScope,scScope,scScope,svm,0.71,scDesign3,CITE,dr1,11,scDesign3,other
scScope,scScope,scScope,AUC,0.701,scDesign3,EMBYRO,dr2,11,scDesign3,other
scScope,scScope,scScope,Pearson,0.356,scDesign3,EMBYRO,dr3,11,scDesign3,other
scScope,scScope,scScope,Qglobal,0.703,scDesign3,EMBYRO,dr2,11,scDesign3,other
scScope,scScope,scScope,Qlocal,0.441,scDesign3,EMBYRO,dr2,11,scDesign3,other
scScope,scScope,scScope,centroid_distance,0.919,scDesign3,EMBYRO,dr1,11,scDesign3,other
scScope,scScope,scScope,k-nearest,0.8,scDesign3,EMBYRO,dr1,11,scDesign3,other
scScope,scScope,scScope,kmax,9.0,scDesign3,EMBYRO,dr2,11,scDesign3,other
scScope,scScope,scScope,random_triplet,0.695,scDesign3,EMBYRO,dr1,11,scDesign3,other
scScope,scScope,scScope,spearman,0.502,scDesign3,EMBYRO,dr1,11,scDesign3,other
scScope,scScope,scScope,svm,0.595,scDesign3,EMBYRO,dr1,11,scDesign3,other
scScope,scScope,scScope,AUC,0.714,scDesign3,IFNB,dr2,11,scDesign3,other
scScope,scScope,scScope,Pearson,0.472,scDesign3,IFNB,dr3,11,scDesign3,other
scScope,scScope,scScope,Qglobal,0.744,scDesign3,IFNB,dr2,11,scDesign3,other
scScope,scScope,scScope,Qlocal,0.439,scDesign3,IFNB,dr2,11,scDesign3,other
scScope,scScope,scScope,centroid_distance,0.79,scDesign3,IFNB,dr1,11,scDesign3,other
scScope,scScope,scScope,k-nearest,0.615,scDesign3,IFNB,dr1,11,scDesign3,other
scScope,scScope,scScope,kmax,1350.0,scDesign3,IFNB,dr2,11,scDesign3,other
scScope,scScope,scScope,random_triplet,0.708,scDesign3,IFNB,dr1,11,scDesign3,other
scScope,scScope,scScope,spearman,0.566,scDesign3,IFNB,dr1,11,scDesign3,other
scScope,scScope,scScope,svm,0.707,scDesign3,IFNB,dr1,11,scDesign3,other
scScope,scScope,scScope,AUC,0.815,scDesign3,MARROW,dr2,11,scDesign3,other
scScope,scScope,scScope,Pearson,0.733,scDesign3,MARROW,dr3,11,scDesign3,other
scScope,scScope,scScope,Qglobal,0.872,scDesign3,MARROW,dr2,11,scDesign3,other
scScope,scScope,scScope,Qlocal,0.597,scDesign3,MARROW,dr2,11,scDesign3,other
scScope,scScope,scScope,centroid_distance,0.858,scDesign3,MARROW,dr1,11,scDesign3,other
scScope,scScope,scScope,k-nearest,0.667,scDesign3,MARROW,dr1,11,scDesign3,other
scScope,scScope,scScope,kmax,548.0,scDesign3,MARROW,dr2,11,scDesign3,other
scScope,scScope,scScope,random_triplet,0.832,scDesign3,MARROW,dr1,11,scDesign3,other
scScope,scScope,scScope,spearman,0.773,scDesign3,MARROW,dr1,11,scDesign3,other
scScope,scScope,scScope,svm,0.921,scDesign3,MARROW,dr1,11,scDesign3,other
scScope,scScope,scScope,AUC,0.663,scDesign3,MOBSC,dr2,11,scDesign3,other
scScope,scScope,scScope,Pearson,0.471,scDesign3,MOBSC,dr3,11,scDesign3,other
scScope,scScope,scScope,Qglobal,0.739,scDesign3,MOBSC,dr2,11,scDesign3,other
scScope,scScope,scScope,Qlocal,0.34,scDesign3,MOBSC,dr2,11,scDesign3,other
scScope,scScope,scScope,centroid_distance,0.855,scDesign3,MOBSC,dr1,11,scDesign3,other
scScope,scScope,scScope,k-nearest,0.75,scDesign3,MOBSC,dr1,11,scDesign3,other
scScope,scScope,scScope,kmax,2382.0,scDesign3,MOBSC,dr2,11,scDesign3,other
scScope,scScope,scScope,random_triplet,0.675,scDesign3,MOBSC,dr1,11,scDesign3,other
scScope,scScope,scScope,spearman,0.518,scDesign3,MOBSC,dr1,11,scDesign3,other
scScope,scScope,scScope,svm,0.826,scDesign3,MOBSC,dr1,11,scDesign3,other
scScope,scScope,scScope,AUC,0.728,scDesign3,OVARIAN,dr2,11,scDesign3,other
scScope,scScope,scScope,Pearson,0.332,scDesign3,OVARIAN,dr3,11,scDesign3,other
scScope,scScope,scScope,Qglobal,0.758,scDesign3,OVARIAN,dr2,11,scDesign3,other
scScope,scScope,scScope,Qlocal,0.443,scDesign3,OVARIAN,dr2,11,scDesign3,other
scScope,scScope,scScope,centroid_distance,0.722,scDesign3,OVARIAN,dr1,11,scDesign3,other
scScope,scScope,scScope,k-nearest,0.576,scDesign3,OVARIAN,dr1,11,scDesign3,other
scScope,scScope,scScope,kmax,330.0,scDesign3,OVARIAN,dr2,11,scDesign3,other
scScope,scScope,scScope,random_triplet,0.734,scDesign3,OVARIAN,dr1,11,scDesign3,other
scScope,scScope,scScope,spearman,0.492,scDesign3,OVARIAN,dr1,11,scDesign3,other
scScope,scScope,scScope,svm,0.485,scDesign3,OVARIAN,dr1,11,scDesign3,other
scScope,scScope,scScope,AUC,0.779,scDesign3,PANCREAS,dr2,11,scDesign3,other
scScope,scScope,scScope,Pearson,0.473,scDesign3,PANCREAS,dr3,11,scDesign3,other
scScope,scScope,scScope,Qglobal,0.818,scDesign3,PANCREAS,dr2,11,scDesign3,other
scScope,scScope,scScope,Qlocal,0.503,scDesign3,PANCREAS,dr2,11,scDesign3,other
scScope,scScope,scScope,centroid_distance,0.88,scDesign3,PANCREAS,dr1,11,scDesign3,other
scScope,scScope,scScope,k-nearest,0.75,scDesign3,PANCREAS,dr1,11,scDesign3,other
scScope,scScope,scScope,kmax,255.0,scDesign3,PANCREAS,dr2,11,scDesign3,other
scScope,scScope,scScope,random_triplet,0.797,scDesign3,PANCREAS,dr1,11,scDesign3,other
scScope,scScope,scScope,spearman,0.653,scDesign3,PANCREAS,dr1,11,scDesign3,other
scScope,scScope,scScope,svm,0.855,scDesign3,PANCREAS,dr1,11,scDesign3,other
scScope,scScope,scScope,AUC,0.71,scDesign3,SCGEMMETH,dr2,11,scDesign3,other
scScope,scScope,scScope,Pearson,0.658,scDesign3,SCGEMMETH,dr3,11,scDesign3,other
scScope,scScope,scScope,Qglobal,0.774,scDesign3,SCGEMMETH,dr2,11,scDesign3,other
scScope,scScope,scScope,Qlocal,0.394,scDesign3,SCGEMMETH,dr2,11,scDesign3,other
scScope,scScope,scScope,centroid_distance,0.928,scDesign3,SCGEMMETH,dr1,11,scDesign3,other
scScope,scScope,scScope,k-nearest,0.5,scDesign3,SCGEMMETH,dr1,11,scDesign3,other
scScope,scScope,scScope,kmax,23.0,scDesign3,SCGEMMETH,dr2,11,scDesign3,other
scScope,scScope,scScope,random_triplet,0.756,scDesign3,SCGEMMETH,dr1,11,scDesign3,other
scScope,scScope,scScope,spearman,0.66,scDesign3,SCGEMMETH,dr1,11,scDesign3,other
scScope,scScope,scScope,svm,0.606,scDesign3,SCGEMMETH,dr1,11,scDesign3,other
scScope,scScope,scScope,AUC,0.76,scDesign3,SCGEMRNA,dr2,11,scDesign3,other
scScope,scScope,scScope,Pearson,0.789,scDesign3,SCGEMRNA,dr3,11,scDesign3,other
scScope,scScope,scScope,Qglobal,0.87,scDesign3,SCGEMRNA,dr2,11,scDesign3,other
scScope,scScope,scScope,Qlocal,0.536,scDesign3,SCGEMRNA,dr2,11,scDesign3,other
scScope,scScope,scScope,centroid_distance,0.969,scDesign3,SCGEMRNA,dr1,11,scDesign3,other
scScope,scScope,scScope,k-nearest,0.8,scDesign3,SCGEMRNA,dr1,11,scDesign3,other
scScope,scScope,scScope,kmax,56.0,scDesign3,SCGEMRNA,dr2,11,scDesign3,other
scScope,scScope,scScope,random_triplet,0.824,scDesign3,SCGEMRNA,dr1,11,scDesign3,other
scScope,scScope,scScope,spearman,0.806,scDesign3,SCGEMRNA,dr1,11,scDesign3,other
scScope,scScope,scScope,svm,0.752,scDesign3,SCGEMRNA,dr1,11,scDesign3,other
scScope,scScope,scScope,AUC,0.527,scDesign3,SCIATAC,dr2,11,scDesign3,other
scScope,scScope,scScope,Pearson,0.243,scDesign3,SCIATAC,dr3,11,scDesign3,other
scScope,scScope,scScope,Qglobal,0.838,scDesign3,SCIATAC,dr2,11,scDesign3,other
scScope,scScope,scScope,Qlocal,0.339,scDesign3,SCIATAC,dr2,11,scDesign3,other
scScope,scScope,scScope,centroid_distance,0.313,scDesign3,SCIATAC,dr1,11,scDesign3,other
scScope,scScope,scScope,k-nearest,0.306,scDesign3,SCIATAC,dr1,11,scDesign3,other
scScope,scScope,scScope,kmax,2503.0,scDesign3,SCIATAC,dr2,11,scDesign3,other
scScope,scScope,scScope,random_triplet,0.545,scDesign3,SCIATAC,dr1,11,scDesign3,other
scScope,scScope,scScope,spearman,0.294,scDesign3,SCIATAC,dr1,11,scDesign3,other
scScope,scScope,scScope,svm,0.436,scDesign3,SCIATAC,dr1,11,scDesign3,other
scScope,scScope,scScope,AUC,0.542,scDesign3,SLIDE,dr2,11,scDesign3,other
scScope,scScope,scScope,Pearson,0.242,scDesign3,SLIDE,dr3,11,scDesign3,other
scScope,scScope,scScope,Qglobal,0.564,scDesign3,SLIDE,dr2,11,scDesign3,other
scScope,scScope,scScope,Qlocal,0.089,scDesign3,SLIDE,dr2,11,scDesign3,other
scScope,scScope,scScope,centroid_distance,0.802,scDesign3,SLIDE,dr1,11,scDesign3,other
scScope,scScope,scScope,k-nearest,0.576,scDesign3,SLIDE,dr1,11,scDesign3,other
scScope,scScope,scScope,kmax,1105.0,scDesign3,SLIDE,dr2,11,scDesign3,other
scScope,scScope,scScope,random_triplet,0.556,scDesign3,SLIDE,dr1,11,scDesign3,other
scScope,scScope,scScope,spearman,0.245,scDesign3,SLIDE,dr1,11,scDesign3,other
scScope,scScope,scScope,svm,0.55,scDesign3,SLIDE,dr1,11,scDesign3,other
scScope,scScope,scScope,AUC,0.728,scDesign3,VISIUM,dr2,11,scDesign3,other
scScope,scScope,scScope,Pearson,0.366,scDesign3,VISIUM,dr3,11,scDesign3,other
scScope,scScope,scScope,Qglobal,0.768,scDesign3,VISIUM,dr2,11,scDesign3,other
scScope,scScope,scScope,Qlocal,0.435,scDesign3,VISIUM,dr2,11,scDesign3,other
scScope,scScope,scScope,centroid_distance,0.503,scDesign3,VISIUM,dr1,11,scDesign3,other
scScope,scScope,scScope,k-nearest,0.633,scDesign3,VISIUM,dr1,11,scDesign3,other
scScope,scScope,scScope,kmax,327.0,scDesign3,VISIUM,dr2,11,scDesign3,other
scScope,scScope,scScope,random_triplet,0.755,scDesign3,VISIUM,dr1,11,scDesign3,other
scScope,scScope,scScope,spearman,0.646,scDesign3,VISIUM,dr1,11,scDesign3,other
scScope,scScope,scScope,svm,0.535,scDesign3,VISIUM,dr1,11,scDesign3,other
SCDRHA,SCDRHA,SCDRHA,AUC,0.622,SIMLR,Pollen,dr2,12,SIMLR,other
SCDRHA,SCDRHA,SCDRHA,Pearson,0.32,SIMLR,Pollen,dr3,12,SIMLR,other
SCDRHA,SCDRHA,SCDRHA,Qglobal,0.675,SIMLR,Pollen,dr2,12,SIMLR,other
SCDRHA,SCDRHA,SCDRHA,Qlocal,0.295,SIMLR,Pollen,dr2,12,SIMLR,other
SCDRHA,SCDRHA,SCDRHA,centroid_distance,0.657,SIMLR,Pollen,dr1,12,SIMLR,other
SCDRHA,SCDRHA,SCDRHA,k-nearest,0.818,SIMLR,Pollen,dr1,12,SIMLR,other
SCDRHA,SCDRHA,SCDRHA,kmax,34.0,SIMLR,Pollen,dr2,12,SIMLR,other
SCDRHA,SCDRHA,SCDRHA,random_triplet,0.614,SIMLR,Pollen,dr1,12,SIMLR,other
SCDRHA,SCDRHA,SCDRHA,spearman,0.3,SIMLR,Pollen,dr1,12,SIMLR,other
SCDRHA,SCDRHA,SCDRHA,svm,0.69,SIMLR,Pollen,dr1,12,SIMLR,other
SCDRHA,SCDRHA,SCDRHA,AUC,0.552,SIMLR,Usoskin,dr2,12,SIMLR,other
SCDRHA,SCDRHA,SCDRHA,Pearson,0.214,SIMLR,Usoskin,dr3,12,SIMLR,other
SCDRHA,SCDRHA,SCDRHA,Qglobal,0.653,SIMLR,Usoskin,dr2,12,SIMLR,other
SCDRHA,SCDRHA,SCDRHA,Qlocal,0.197,SIMLR,Usoskin,dr2,12,SIMLR,other
SCDRHA,SCDRHA,SCDRHA,centroid_distance,0.783,SIMLR,Usoskin,dr1,12,SIMLR,other
SCDRHA,SCDRHA,SCDRHA,k-nearest,0.5,SIMLR,Usoskin,dr1,12,SIMLR,other
SCDRHA,SCDRHA,SCDRHA,kmax,137.0,SIMLR,Usoskin,dr2,12,SIMLR,other
SCDRHA,SCDRHA,SCDRHA,random_triplet,0.577,SIMLR,Usoskin,dr1,12,SIMLR,other
SCDRHA,SCDRHA,SCDRHA,spearman,0.202,SIMLR,Usoskin,dr1,12,SIMLR,other
SCDRHA,SCDRHA,SCDRHA,svm,0.887,SIMLR,Usoskin,dr1,12,SIMLR,other
SCDRHA,SCDRHA,SCDRHA,AUC,0.657,TI,DA1_horns,dr2,12,trajectory,other
SCDRHA,SCDRHA,SCDRHA,Pearson,0.466,TI,DA1_horns,dr3,12,trajectory,other
SCDRHA,SCDRHA,SCDRHA,Qglobal,0.801,TI,DA1_horns,dr2,12,trajectory,other
SCDRHA,SCDRHA,SCDRHA,Qlocal,0.343,TI,DA1_horns,dr2,12,trajectory,other
SCDRHA,SCDRHA,SCDRHA,centroid_distance,0.944,TI,DA1_horns,dr1,12,trajectory,other
SCDRHA,SCDRHA,SCDRHA,k-nearest,0.6,TI,DA1_horns,dr1,12,trajectory,other
SCDRHA,SCDRHA,SCDRHA,kmax,86.0,TI,DA1_horns,dr2,12,trajectory,other
SCDRHA,SCDRHA,SCDRHA,random_triplet,0.708,TI,DA1_horns,dr1,12,trajectory,other
SCDRHA,SCDRHA,SCDRHA,spearman,0.596,TI,DA1_horns,dr1,12,trajectory,other
SCDRHA,SCDRHA,SCDRHA,svm,0.57,TI,DA1_horns,dr1,12,trajectory,other
SCDRHA,SCDRHA,SCDRHA,AUC,0.778,TI,DC3_VA1d_horns,dr2,12,trajectory,other
SCDRHA,SCDRHA,SCDRHA,Pearson,0.547,TI,DC3_VA1d_horns,dr3,12,trajectory,other
SCDRHA,SCDRHA,SCDRHA,Qglobal,0.888,TI,DC3_VA1d_horns,dr2,12,trajectory,other
SCDRHA,SCDRHA,SCDRHA,Qlocal,0.405,TI,DC3_VA1d_horns,dr2,12,trajectory,other
SCDRHA,SCDRHA,SCDRHA,centroid_distance,0.957,TI,DC3_VA1d_horns,dr1,12,trajectory,other
SCDRHA,SCDRHA,SCDRHA,k-nearest,0.833,TI,DC3_VA1d_horns,dr1,12,trajectory,other
SCDRHA,SCDRHA,SCDRHA,kmax,37.0,TI,DC3_VA1d_horns,dr2,12,trajectory,other
SCDRHA,SCDRHA,SCDRHA,random_triplet,0.832,TI,DC3_VA1d_horns,dr1,12,trajectory,other
SCDRHA,SCDRHA,SCDRHA,spearman,0.871,TI,DC3_VA1d_horns,dr1,12,trajectory,other
SCDRHA,SCDRHA,SCDRHA,svm,0.535,TI,DC3_VA1d_horns,dr1,12,trajectory,other
SCDRHA,SCDRHA,SCDRHA,AUC,0.761,TI,ICM,dr2,12,trajectory,other
SCDRHA,SCDRHA,SCDRHA,Pearson,0.614,TI,ICM,dr3,12,trajectory,other
SCDRHA,SCDRHA,SCDRHA,Qglobal,0.821,TI,ICM,dr2,12,trajectory,other
SCDRHA,SCDRHA,SCDRHA,Qlocal,0.484,TI,ICM,dr2,12,trajectory,other
SCDRHA,SCDRHA,SCDRHA,centroid_distance,0.767,TI,ICM,dr1,12,trajectory,other
SCDRHA,SCDRHA,SCDRHA,k-nearest,0.767,TI,ICM,dr1,12,trajectory,other
SCDRHA,SCDRHA,SCDRHA,kmax,47.0,TI,ICM,dr2,12,trajectory,other
SCDRHA,SCDRHA,SCDRHA,random_triplet,0.759,TI,ICM,dr1,12,trajectory,other
SCDRHA,SCDRHA,SCDRHA,spearman,0.626,TI,ICM,dr1,12,trajectory,other
SCDRHA,SCDRHA,SCDRHA,svm,0.625,TI,ICM,dr1,12,trajectory,other
SCDRHA,SCDRHA,SCDRHA,AUC,0.766,TI,blastocyst,dr2,12,trajectory,other
SCDRHA,SCDRHA,SCDRHA,Pearson,0.726,TI,blastocyst,dr3,12,trajectory,other
SCDRHA,SCDRHA,SCDRHA,Qglobal,0.805,TI,blastocyst,dr2,12,trajectory,other
SCDRHA,SCDRHA,SCDRHA,Qlocal,0.464,TI,blastocyst,dr2,12,trajectory,other
SCDRHA,SCDRHA,SCDRHA,centroid_distance,0.813,TI,blastocyst,dr1,12,trajectory,other
SCDRHA,SCDRHA,SCDRHA,k-nearest,0.615,TI,blastocyst,dr1,12,trajectory,other
SCDRHA,SCDRHA,SCDRHA,kmax,38.0,TI,blastocyst,dr2,12,trajectory,other
SCDRHA,SCDRHA,SCDRHA,random_triplet,0.788,TI,blastocyst,dr1,12,trajectory,other
SCDRHA,SCDRHA,SCDRHA,spearman,0.769,TI,blastocyst,dr1,12,trajectory,other
SCDRHA,SCDRHA,SCDRHA,svm,0.636,TI,blastocyst,dr1,12,trajectory,other
SCDRHA,SCDRHA,SCDRHA,AUC,0.623,TI,combination-1,dr2,12,trajectory,other
SCDRHA,SCDRHA,SCDRHA,Pearson,0.519,TI,combination-1,dr3,12,trajectory,other
SCDRHA,SCDRHA,SCDRHA,Qglobal,0.707,TI,combination-1,dr2,12,trajectory,other
SCDRHA,SCDRHA,SCDRHA,Qlocal,0.209,TI,combination-1,dr2,12,trajectory,other
SCDRHA,SCDRHA,SCDRHA,centroid_distance,0.861,TI,combination-1,dr1,12,trajectory,other
SCDRHA,SCDRHA,SCDRHA,k-nearest,0.714,TI,combination-1,dr1,12,trajectory,other
SCDRHA,SCDRHA,SCDRHA,kmax,728.0,TI,combination-1,dr2,12,trajectory,other
SCDRHA,SCDRHA,SCDRHA,random_triplet,0.662,TI,combination-1,dr1,12,trajectory,other
SCDRHA,SCDRHA,SCDRHA,spearman,0.53,TI,combination-1,dr1,12,trajectory,other
SCDRHA,SCDRHA,SCDRHA,svm,0.842,TI,combination-1,dr1,12,trajectory,other
SCDRHA,SCDRHA,SCDRHA,AUC,0.589,TI,combination-2,dr2,12,trajectory,other
SCDRHA,SCDRHA,SCDRHA,Pearson,0.392,TI,combination-2,dr3,12,trajectory,other
SCDRHA,SCDRHA,SCDRHA,Qglobal,0.802,TI,combination-2,dr2,12,trajectory,other
SCDRHA,SCDRHA,SCDRHA,Qlocal,0.332,TI,combination-2,dr2,12,trajectory,other
SCDRHA,SCDRHA,SCDRHA,centroid_distance,0.346,TI,combination-2,dr1,12,trajectory,other
SCDRHA,SCDRHA,SCDRHA,k-nearest,0.528,TI,combination-2,dr1,12,trajectory,other
SCDRHA,SCDRHA,SCDRHA,kmax,1965.0,TI,combination-2,dr2,12,trajectory,other
SCDRHA,SCDRHA,SCDRHA,random_triplet,0.634,TI,combination-2,dr1,12,trajectory,other
SCDRHA,SCDRHA,SCDRHA,spearman,0.343,TI,combination-2,dr1,12,trajectory,other
SCDRHA,SCDRHA,SCDRHA,svm,0.59,TI,combination-2,dr1,12,trajectory,other
SCDRHA,SCDRHA,SCDRHA,AUC,0.613,TI,combination-3,dr2,12,trajectory,other
SCDRHA,SCDRHA,SCDRHA,Pearson,0.587,TI,combination-3,dr3,12,trajectory,other
SCDRHA,SCDRHA,SCDRHA,Qglobal,0.802,TI,combination-3,dr2,12,trajectory,other
SCDRHA,SCDRHA,SCDRHA,Qlocal,0.335,TI,combination-3,dr2,12,trajectory,other
SCDRHA,SCDRHA,SCDRHA,centroid_distance,0.63,TI,combination-3,dr1,12,trajectory,other
SCDRHA,SCDRHA,SCDRHA,k-nearest,0.5,TI,combination-3,dr1,12,trajectory,other
SCDRHA,SCDRHA,SCDRHA,kmax,917.0,TI,combination-3,dr2,12,trajectory,other
SCDRHA,SCDRHA,SCDRHA,random_triplet,0.657,TI,combination-3,dr1,12,trajectory,other
SCDRHA,SCDRHA,SCDRHA,spearman,0.474,TI,combination-3,dr1,12,trajectory,other
SCDRHA,SCDRHA,SCDRHA,svm,0.634,TI,combination-3,dr1,12,trajectory,other
SCDRHA,SCDRHA,SCDRHA,AUC,0.763,TI,epiblast,dr2,12,trajectory,other
SCDRHA,SCDRHA,SCDRHA,Pearson,0.728,TI,epiblast,dr3,12,trajectory,other
SCDRHA,SCDRHA,SCDRHA,Qglobal,0.842,TI,epiblast,dr2,12,trajectory,other
SCDRHA,SCDRHA,SCDRHA,Qlocal,0.413,TI,epiblast,dr2,12,trajectory,other
SCDRHA,SCDRHA,SCDRHA,centroid_distance,0.939,TI,epiblast,dr1,12,trajectory,other
SCDRHA,SCDRHA,SCDRHA,k-nearest,0.714,TI,epiblast,dr1,12,trajectory,other
SCDRHA,SCDRHA,SCDRHA,kmax,32.0,TI,epiblast,dr2,12,trajectory,other
SCDRHA,SCDRHA,SCDRHA,random_triplet,0.782,TI,epiblast,dr1,12,trajectory,other
SCDRHA,SCDRHA,SCDRHA,spearman,0.84,TI,epiblast,dr1,12,trajectory,other
SCDRHA,SCDRHA,SCDRHA,svm,0.786,TI,epiblast,dr1,12,trajectory,other
SCDRHA,SCDRHA,SCDRHA,AUC,0.596,TI,epidermis,dr2,12,trajectory,other
SCDRHA,SCDRHA,SCDRHA,Pearson,0.513,TI,epidermis,dr3,12,trajectory,other
SCDRHA,SCDRHA,SCDRHA,Qglobal,0.675,TI,epidermis,dr2,12,trajectory,other
SCDRHA,SCDRHA,SCDRHA,Qlocal,0.201,TI,epidermis,dr2,12,trajectory,other
SCDRHA,SCDRHA,SCDRHA,centroid_distance,0.77,TI,epidermis,dr1,12,trajectory,other
SCDRHA,SCDRHA,SCDRHA,k-nearest,0.8,TI,epidermis,dr1,12,trajectory,other
SCDRHA,SCDRHA,SCDRHA,kmax,663.0,TI,epidermis,dr2,12,trajectory,other
SCDRHA,SCDRHA,SCDRHA,random_triplet,0.624,TI,epidermis,dr1,12,trajectory,other
SCDRHA,SCDRHA,SCDRHA,spearman,0.479,TI,epidermis,dr1,12,trajectory,other
SCDRHA,SCDRHA,SCDRHA,svm,0.842,TI,epidermis,dr1,12,trajectory,other
SCDRHA,SCDRHA,SCDRHA,AUC,0.735,TI,horns,dr2,12,trajectory,other
SCDRHA,SCDRHA,SCDRHA,Pearson,0.597,TI,horns,dr3,12,trajectory,other
SCDRHA,SCDRHA,SCDRHA,Qglobal,0.885,TI,horns,dr2,12,trajectory,other
SCDRHA,SCDRHA,SCDRHA,Qlocal,0.485,TI,horns,dr2,12,trajectory,other
SCDRHA,SCDRHA,SCDRHA,centroid_distance,0.929,TI,horns,dr1,12,trajectory,other
SCDRHA,SCDRHA,SCDRHA,k-nearest,0.804,TI,horns,dr1,12,trajectory,other
SCDRHA,SCDRHA,SCDRHA,kmax,168.0,TI,horns,dr2,12,trajectory,other
SCDRHA,SCDRHA,SCDRHA,random_triplet,0.792,TI,horns,dr1,12,trajectory,other
SCDRHA,SCDRHA,SCDRHA,spearman,0.769,TI,horns,dr1,12,trajectory,other
SCDRHA,SCDRHA,SCDRHA,svm,0.575,TI,horns,dr1,12,trajectory,other
SCDRHA,SCDRHA,SCDRHA,AUC,0.569,TI,muscle,dr2,12,trajectory,other
SCDRHA,SCDRHA,SCDRHA,Pearson,0.565,TI,muscle,dr3,12,trajectory,other
SCDRHA,SCDRHA,SCDRHA,Qglobal,0.763,TI,muscle,dr2,12,trajectory,other
SCDRHA,SCDRHA,SCDRHA,Qlocal,0.28,TI,muscle,dr2,12,trajectory,other
SCDRHA,SCDRHA,SCDRHA,centroid_distance,1.0,TI,muscle,dr1,12,trajectory,other
SCDRHA,SCDRHA,SCDRHA,k-nearest,1.0,TI,muscle,dr1,12,trajectory,other
SCDRHA,SCDRHA,SCDRHA,kmax,939.0,TI,muscle,dr2,12,trajectory,other
SCDRHA,SCDRHA,SCDRHA,random_triplet,0.594,TI,muscle,dr1,12,trajectory,other
SCDRHA,SCDRHA,SCDRHA,spearman,0.334,TI,muscle,dr1,12,trajectory,other
SCDRHA,SCDRHA,SCDRHA,svm,0.805,TI,muscle,dr1,12,trajectory,other
SCDRHA,SCDRHA,SCDRHA,AUC,0.572,TI,neuron,dr2,12,trajectory,other
SCDRHA,SCDRHA,SCDRHA,Pearson,0.373,TI,neuron,dr3,12,trajectory,other
SCDRHA,SCDRHA,SCDRHA,Qglobal,0.748,TI,neuron,dr2,12,trajectory,other
SCDRHA,SCDRHA,SCDRHA,Qlocal,0.261,TI,neuron,dr2,12,trajectory,other
SCDRHA,SCDRHA,SCDRHA,centroid_distance,0.492,TI,neuron,dr1,12,trajectory,other
SCDRHA,SCDRHA,SCDRHA,k-nearest,0.429,TI,neuron,dr1,12,trajectory,other
SCDRHA,SCDRHA,SCDRHA,kmax,847.0,TI,neuron,dr2,12,trajectory,other
SCDRHA,SCDRHA,SCDRHA,random_triplet,0.616,TI,neuron,dr1,12,trajectory,other
SCDRHA,SCDRHA,SCDRHA,spearman,0.323,TI,neuron,dr1,12,trajectory,other
SCDRHA,SCDRHA,SCDRHA,svm,0.716,TI,neuron,dr1,12,trajectory,other
SCDRHA,SCDRHA,SCDRHA,AUC,0.566,TI,pair-1,dr2,12,trajectory,other
SCDRHA,SCDRHA,SCDRHA,Pearson,0.583,TI,pair-1,dr3,12,trajectory,other
SCDRHA,SCDRHA,SCDRHA,Qglobal,0.675,TI,pair-1,dr2,12,trajectory,other
SCDRHA,SCDRHA,SCDRHA,Qlocal,0.185,TI,pair-1,dr2,12,trajectory,other
SCDRHA,SCDRHA,SCDRHA,centroid_distance,0.734,TI,pair-1,dr1,12,trajectory,other
SCDRHA,SCDRHA,SCDRHA,k-nearest,0.688,TI,pair-1,dr1,12,trajectory,other
SCDRHA,SCDRHA,SCDRHA,kmax,2352.0,TI,pair-1,dr2,12,trajectory,other
SCDRHA,SCDRHA,SCDRHA,random_triplet,0.589,TI,pair-1,dr1,12,trajectory,other
SCDRHA,SCDRHA,SCDRHA,spearman,0.422,TI,pair-1,dr1,12,trajectory,other
SCDRHA,SCDRHA,SCDRHA,svm,0.874,TI,pair-1,dr1,12,trajectory,other
SCDRHA,SCDRHA,SCDRHA,AUC,0.603,TI,pair-2,dr2,12,trajectory,other
SCDRHA,SCDRHA,SCDRHA,Pearson,0.561,TI,pair-2,dr3,12,trajectory,other
SCDRHA,SCDRHA,SCDRHA,Qglobal,0.843,TI,pair-2,dr2,12,trajectory,other
SCDRHA,SCDRHA,SCDRHA,Qlocal,0.347,TI,pair-2,dr2,12,trajectory,other
SCDRHA,SCDRHA,SCDRHA,centroid_distance,0.608,TI,pair-2,dr1,12,trajectory,other
SCDRHA,SCDRHA,SCDRHA,k-nearest,0.41,TI,pair-2,dr1,12,trajectory,other
SCDRHA,SCDRHA,SCDRHA,kmax,5155.0,TI,pair-2,dr2,12,trajectory,other
SCDRHA,SCDRHA,SCDRHA,random_triplet,0.659,TI,pair-2,dr1,12,trajectory,other
SCDRHA,SCDRHA,SCDRHA,spearman,0.5,TI,pair-2,dr1,12,trajectory,other
SCDRHA,SCDRHA,SCDRHA,svm,0.732,TI,pair-2,dr1,12,trajectory,other
SCDRHA,SCDRHA,SCDRHA,AUC,0.589,TI,pair-3,dr2,12,trajectory,other
SCDRHA,SCDRHA,SCDRHA,Pearson,0.54,TI,pair-3,dr3,12,trajectory,other
SCDRHA,SCDRHA,SCDRHA,Qglobal,0.835,TI,pair-3,dr2,12,trajectory,other
SCDRHA,SCDRHA,SCDRHA,Qlocal,0.351,TI,pair-3,dr2,12,trajectory,other
SCDRHA,SCDRHA,SCDRHA,centroid_distance,0.653,TI,pair-3,dr1,12,trajectory,other
SCDRHA,SCDRHA,SCDRHA,k-nearest,0.625,TI,pair-3,dr1,12,trajectory,other
SCDRHA,SCDRHA,SCDRHA,kmax,4371.0,TI,pair-3,dr2,12,trajectory,other
SCDRHA,SCDRHA,SCDRHA,random_triplet,0.636,TI,pair-3,dr1,12,trajectory,other
SCDRHA,SCDRHA,SCDRHA,spearman,0.53,TI,pair-3,dr1,12,trajectory,other
SCDRHA,SCDRHA,SCDRHA,svm,0.868,TI,pair-3,dr1,12,trajectory,other
SCDRHA,SCDRHA,SCDRHA,AUC,0.584,TI,pair-4,dr2,12,trajectory,other
SCDRHA,SCDRHA,SCDRHA,Pearson,0.51,TI,pair-4,dr3,12,trajectory,other
SCDRHA,SCDRHA,SCDRHA,Qglobal,0.842,TI,pair-4,dr2,12,trajectory,other
SCDRHA,SCDRHA,SCDRHA,Qlocal,0.356,TI,pair-4,dr2,12,trajectory,other
SCDRHA,SCDRHA,SCDRHA,centroid_distance,0.425,TI,pair-4,dr1,12,trajectory,other
SCDRHA,SCDRHA,SCDRHA,k-nearest,0.533,TI,pair-4,dr1,12,trajectory,other
SCDRHA,SCDRHA,SCDRHA,kmax,4755.0,TI,pair-4,dr2,12,trajectory,other
SCDRHA,SCDRHA,SCDRHA,random_triplet,0.634,TI,pair-4,dr1,12,trajectory,other
SCDRHA,SCDRHA,SCDRHA,spearman,0.443,TI,pair-4,dr1,12,trajectory,other
SCDRHA,SCDRHA,SCDRHA,svm,0.76,TI,pair-4,dr1,12,trajectory,other
SCDRHA,SCDRHA,SCDRHA,AUC,0.6,TI,parenchyme,dr2,12,trajectory,other
SCDRHA,SCDRHA,SCDRHA,Pearson,0.563,TI,parenchyme,dr3,12,trajectory,other
SCDRHA,SCDRHA,SCDRHA,Qglobal,0.823,TI,parenchyme,dr2,12,trajectory,other
SCDRHA,SCDRHA,SCDRHA,Qlocal,0.348,TI,parenchyme,dr2,12,trajectory,other
SCDRHA,SCDRHA,SCDRHA,centroid_distance,0.882,TI,parenchyme,dr1,12,trajectory,other
SCDRHA,SCDRHA,SCDRHA,k-nearest,0.4,TI,parenchyme,dr1,12,trajectory,other
SCDRHA,SCDRHA,SCDRHA,kmax,929.0,TI,parenchyme,dr2,12,trajectory,other
SCDRHA,SCDRHA,SCDRHA,random_triplet,0.637,TI,parenchyme,dr1,12,trajectory,other
SCDRHA,SCDRHA,SCDRHA,spearman,0.473,TI,parenchyme,dr1,12,trajectory,other
SCDRHA,SCDRHA,SCDRHA,svm,0.696,TI,parenchyme,dr1,12,trajectory,other
SCDRHA,SCDRHA,SCDRHA,AUC,0.649,TI,phagocyte,dr2,12,trajectory,other
SCDRHA,SCDRHA,SCDRHA,Pearson,0.597,TI,phagocyte,dr3,12,trajectory,other
SCDRHA,SCDRHA,SCDRHA,Qglobal,0.837,TI,phagocyte,dr2,12,trajectory,other
SCDRHA,SCDRHA,SCDRHA,Qlocal,0.382,TI,phagocyte,dr2,12,trajectory,other
SCDRHA,SCDRHA,SCDRHA,centroid_distance,1.0,TI,phagocyte,dr1,12,trajectory,other
SCDRHA,SCDRHA,SCDRHA,k-nearest,1.0,TI,phagocyte,dr1,12,trajectory,other
SCDRHA,SCDRHA,SCDRHA,kmax,285.0,TI,phagocyte,dr2,12,trajectory,other
SCDRHA,SCDRHA,SCDRHA,random_triplet,0.694,TI,phagocyte,dr1,12,trajectory,other
SCDRHA,SCDRHA,SCDRHA,spearman,0.566,TI,phagocyte,dr1,12,trajectory,other
SCDRHA,SCDRHA,SCDRHA,svm,0.951,TI,phagocyte,dr1,12,trajectory,other
SCDRHA,SCDRHA,SCDRHA,AUC,0.599,TI,pharynx,dr2,12,trajectory,other
SCDRHA,SCDRHA,SCDRHA,Pearson,0.404,TI,pharynx,dr3,12,trajectory,other
SCDRHA,SCDRHA,SCDRHA,Qglobal,0.844,TI,pharynx,dr2,12,trajectory,other
SCDRHA,SCDRHA,SCDRHA,Qlocal,0.381,TI,pharynx,dr2,12,trajectory,other
SCDRHA,SCDRHA,SCDRHA,centroid_distance,1.0,TI,pharynx,dr1,12,trajectory,other
SCDRHA,SCDRHA,SCDRHA,k-nearest,1.0,TI,pharynx,dr1,12,trajectory,other
SCDRHA,SCDRHA,SCDRHA,kmax,153.0,TI,pharynx,dr2,12,trajectory,other
SCDRHA,SCDRHA,SCDRHA,random_triplet,0.641,TI,pharynx,dr1,12,trajectory,other
SCDRHA,SCDRHA,SCDRHA,spearman,0.398,TI,pharynx,dr1,12,trajectory,other
SCDRHA,SCDRHA,SCDRHA,svm,0.979,TI,pharynx,dr1,12,trajectory,other
SCDRHA,SCDRHA,SCDRHA,AUC,0.629,TI,trophectoderm,dr2,12,trajectory,other
SCDRHA,SCDRHA,SCDRHA,Pearson,0.247,TI,trophectoderm,dr3,12,trajectory,other
SCDRHA,SCDRHA,SCDRHA,Qglobal,0.765,TI,trophectoderm,dr2,12,trajectory,other
SCDRHA,SCDRHA,SCDRHA,Qlocal,0.37,TI,trophectoderm,dr2,12,trajectory,other
SCDRHA,SCDRHA,SCDRHA,centroid_distance,0.575,TI,trophectoderm,dr1,12,trajectory,other
SCDRHA,SCDRHA,SCDRHA,k-nearest,0.333,TI,trophectoderm,dr1,12,trajectory,other
SCDRHA,SCDRHA,SCDRHA,kmax,27.0,TI,trophectoderm,dr2,12,trajectory,other
SCDRHA,SCDRHA,SCDRHA,random_triplet,0.632,TI,trophectoderm,dr1,12,trajectory,other
SCDRHA,SCDRHA,SCDRHA,spearman,0.371,TI,trophectoderm,dr1,12,trajectory,other
SCDRHA,SCDRHA,SCDRHA,svm,0.821,TI,trophectoderm,dr1,12,trajectory,other
SCDRHA,SCDRHA,SCDRHA,AUC,0.741,VASC,Baron,dr2,12,VASC,other
SCDRHA,SCDRHA,SCDRHA,Pearson,0.798,VASC,Baron,dr3,12,VASC,other
SCDRHA,SCDRHA,SCDRHA,Qglobal,0.79,VASC,Baron,dr2,12,VASC,other
SCDRHA,SCDRHA,SCDRHA,Qlocal,0.437,VASC,Baron,dr2,12,VASC,other
SCDRHA,SCDRHA,SCDRHA,centroid_distance,0.669,VASC,Baron,dr1,12,VASC,other
SCDRHA,SCDRHA,SCDRHA,k-nearest,0.661,VASC,Baron,dr1,12,VASC,other
SCDRHA,SCDRHA,SCDRHA,kmax,1193.0,VASC,Baron,dr2,12,VASC,other
SCDRHA,SCDRHA,SCDRHA,random_triplet,0.746,VASC,Baron,dr1,12,VASC,other
SCDRHA,SCDRHA,SCDRHA,spearman,0.791,VASC,Baron,dr1,12,VASC,other
SCDRHA,SCDRHA,SCDRHA,svm,0.292,VASC,Baron,dr1,12,VASC,other
SCDRHA,SCDRHA,SCDRHA,AUC,0.778,VASC,Biase,dr2,12,VASC,other
SCDRHA,SCDRHA,SCDRHA,Pearson,0.69,VASC,Biase,dr3,12,VASC,other
SCDRHA,SCDRHA,SCDRHA,Qglobal,0.9,VASC,Biase,dr2,12,VASC,other
SCDRHA,SCDRHA,SCDRHA,Qlocal,0.566,VASC,Biase,dr2,12,VASC,other
SCDRHA,SCDRHA,SCDRHA,centroid_distance,0.928,VASC,Biase,dr1,12,VASC,other
SCDRHA,SCDRHA,SCDRHA,k-nearest,0.5,VASC,Biase,dr1,12,VASC,other
SCDRHA,SCDRHA,SCDRHA,kmax,18.0,VASC,Biase,dr2,12,VASC,other
SCDRHA,SCDRHA,SCDRHA,random_triplet,0.825,VASC,Biase,dr1,12,VASC,other
SCDRHA,SCDRHA,SCDRHA,spearman,0.756,VASC,Biase,dr1,12,VASC,other
SCDRHA,SCDRHA,SCDRHA,svm,0.807,VASC,Biase,dr1,12,VASC,other
SCDRHA,SCDRHA,SCDRHA,AUC,0.734,VASC,Goolam,dr2,12,VASC,other
SCDRHA,SCDRHA,SCDRHA,Pearson,0.643,VASC,Goolam,dr3,12,VASC,other
SCDRHA,SCDRHA,SCDRHA,Qglobal,0.785,VASC,Goolam,dr2,12,VASC,other
SCDRHA,SCDRHA,SCDRHA,Qlocal,0.388,VASC,Goolam,dr2,12,VASC,other
SCDRHA,SCDRHA,SCDRHA,centroid_distance,0.888,VASC,Goolam,dr1,12,VASC,other
SCDRHA,SCDRHA,SCDRHA,k-nearest,0.6,VASC,Goolam,dr1,12,VASC,other
SCDRHA,SCDRHA,SCDRHA,kmax,15.0,VASC,Goolam,dr2,12,VASC,other
SCDRHA,SCDRHA,SCDRHA,random_triplet,0.784,VASC,Goolam,dr1,12,VASC,other
SCDRHA,SCDRHA,SCDRHA,spearman,0.647,VASC,Goolam,dr1,12,VASC,other
SCDRHA,SCDRHA,SCDRHA,svm,0.887,VASC,Goolam,dr1,12,VASC,other
SCDRHA,SCDRHA,SCDRHA,AUC,0.64,VASC,Xin,dr2,12,VASC,other
SCDRHA,SCDRHA,SCDRHA,Pearson,0.524,VASC,Xin,dr3,12,VASC,other
SCDRHA,SCDRHA,SCDRHA,Qglobal,0.843,VASC,Xin,dr2,12,VASC,other
SCDRHA,SCDRHA,SCDRHA,Qlocal,0.405,VASC,Xin,dr2,12,VASC,other
SCDRHA,SCDRHA,SCDRHA,centroid_distance,0.702,VASC,Xin,dr1,12,VASC,other
SCDRHA,SCDRHA,SCDRHA,k-nearest,0.625,VASC,Xin,dr1,12,VASC,other
SCDRHA,SCDRHA,SCDRHA,kmax,738.0,VASC,Xin,dr2,12,VASC,other
SCDRHA,SCDRHA,SCDRHA,random_triplet,0.683,VASC,Xin,dr1,12,VASC,other
SCDRHA,SCDRHA,SCDRHA,spearman,0.503,VASC,Xin,dr1,12,VASC,other
SCDRHA,SCDRHA,SCDRHA,svm,0.936,VASC,Xin,dr1,12,VASC,other
SCDRHA,SCDRHA,SCDRHA,AUC,0.724,VASC,Zeisel,dr2,12,VASC,other
SCDRHA,SCDRHA,SCDRHA,Pearson,0.737,VASC,Zeisel,dr3,12,VASC,other
SCDRHA,SCDRHA,SCDRHA,Qglobal,0.845,VASC,Zeisel,dr2,12,VASC,other
SCDRHA,SCDRHA,SCDRHA,Qlocal,0.458,VASC,Zeisel,dr2,12,VASC,other
SCDRHA,SCDRHA,SCDRHA,centroid_distance,0.732,VASC,Zeisel,dr1,12,VASC,other
SCDRHA,SCDRHA,SCDRHA,k-nearest,0.667,VASC,Zeisel,dr1,12,VASC,other
SCDRHA,SCDRHA,SCDRHA,kmax,943.0,VASC,Zeisel,dr2,12,VASC,other
SCDRHA,SCDRHA,SCDRHA,random_triplet,0.749,VASC,Zeisel,dr1,12,VASC,other
SCDRHA,SCDRHA,SCDRHA,spearman,0.679,VASC,Zeisel,dr1,12,VASC,other
SCDRHA,SCDRHA,SCDRHA,svm,0.764,VASC,Zeisel,dr1,12,VASC,other
SCDRHA,SCDRHA,SCDRHA,AUC,0.764,VASC,yan,dr2,12,VASC,other
SCDRHA,SCDRHA,SCDRHA,Pearson,0.74,VASC,yan,dr3,12,VASC,other
SCDRHA,SCDRHA,SCDRHA,Qglobal,0.873,VASC,yan,dr2,12,VASC,other
SCDRHA,SCDRHA,SCDRHA,Qlocal,0.541,VASC,yan,dr2,12,VASC,other
SCDRHA,SCDRHA,SCDRHA,centroid_distance,0.975,VASC,yan,dr1,12,VASC,other
SCDRHA,SCDRHA,SCDRHA,k-nearest,0.917,VASC,yan,dr1,12,VASC,other
SCDRHA,SCDRHA,SCDRHA,kmax,27.0,VASC,yan,dr2,12,VASC,other
SCDRHA,SCDRHA,SCDRHA,random_triplet,0.764,VASC,yan,dr1,12,VASC,other
SCDRHA,SCDRHA,SCDRHA,spearman,0.851,VASC,yan,dr1,12,VASC,other
SCDRHA,SCDRHA,SCDRHA,svm,0.778,VASC,yan,dr1,12,VASC,other
SCDRHA,SCDRHA,SCDRHA,AUC,0.622,benchmarker,Baron_mouse,dr2,12,curated,other
SCDRHA,SCDRHA,SCDRHA,Pearson,0.684,benchmarker,Baron_mouse,dr3,12,curated,other
SCDRHA,SCDRHA,SCDRHA,Qglobal,0.654,benchmarker,Baron_mouse,dr2,12,curated,other
SCDRHA,SCDRHA,SCDRHA,Qlocal,0.199,benchmarker,Baron_mouse,dr2,12,curated,other
SCDRHA,SCDRHA,SCDRHA,centroid_distance,0.474,benchmarker,Baron_mouse,dr1,12,curated,other
SCDRHA,SCDRHA,SCDRHA,k-nearest,0.718,benchmarker,Baron_mouse,dr1,12,curated,other
SCDRHA,SCDRHA,SCDRHA,kmax,132.0,benchmarker,Baron_mouse,dr2,12,curated,other
SCDRHA,SCDRHA,SCDRHA,random_triplet,0.63,benchmarker,Baron_mouse,dr1,12,curated,other
SCDRHA,SCDRHA,SCDRHA,spearman,0.656,benchmarker,Baron_mouse,dr1,12,curated,other
SCDRHA,SCDRHA,SCDRHA,svm,0.845,benchmarker,Baron_mouse,dr1,12,curated,other
SCDRHA,SCDRHA,SCDRHA,AUC,0.686,benchmarker,Darmanis,dr2,12,curated,other
SCDRHA,SCDRHA,SCDRHA,Pearson,0.458,benchmarker,Darmanis,dr3,12,curated,other
SCDRHA,SCDRHA,SCDRHA,Qglobal,0.734,benchmarker,Darmanis,dr2,12,curated,other
SCDRHA,SCDRHA,SCDRHA,Qlocal,0.353,benchmarker,Darmanis,dr2,12,curated,other
SCDRHA,SCDRHA,SCDRHA,centroid_distance,0.471,benchmarker,Darmanis,dr1,12,curated,other
SCDRHA,SCDRHA,SCDRHA,k-nearest,0.625,benchmarker,Darmanis,dr1,12,curated,other
SCDRHA,SCDRHA,SCDRHA,kmax,52.0,benchmarker,Darmanis,dr2,12,curated,other
SCDRHA,SCDRHA,SCDRHA,random_triplet,0.702,benchmarker,Darmanis,dr1,12,curated,other
SCDRHA,SCDRHA,SCDRHA,spearman,0.581,benchmarker,Darmanis,dr1,12,curated,other
SCDRHA,SCDRHA,SCDRHA,svm,0.838,benchmarker,Darmanis,dr1,12,curated,other
SCDRHA,SCDRHA,SCDRHA,AUC,0.636,benchmarker,Pancreatic,dr2,12,curated,other
SCDRHA,SCDRHA,SCDRHA,Pearson,0.443,benchmarker,Pancreatic,dr3,12,curated,other
SCDRHA,SCDRHA,SCDRHA,Qglobal,0.904,benchmarker,Pancreatic,dr2,12,curated,other
SCDRHA,SCDRHA,SCDRHA,Qlocal,0.46,benchmarker,Pancreatic,dr2,12,curated,other
SCDRHA,SCDRHA,SCDRHA,centroid_distance,0.762,benchmarker,Pancreatic,dr1,12,curated,other
SCDRHA,SCDRHA,SCDRHA,k-nearest,0.75,benchmarker,Pancreatic,dr1,12,curated,other
SCDRHA,SCDRHA,SCDRHA,kmax,34.0,benchmarker,Pancreatic,dr2,12,curated,other
SCDRHA,SCDRHA,SCDRHA,random_triplet,0.683,benchmarker,Pancreatic,dr1,12,curated,other
SCDRHA,SCDRHA,SCDRHA,spearman,0.564,benchmarker,Pancreatic,dr1,12,curated,other
SCDRHA,SCDRHA,SCDRHA,svm,0.45,benchmarker,Pancreatic,dr1,12,curated,other
SCDRHA,SCDRHA,SCDRHA,AUC,0.687,benchmarker,Silver,dr2,12,curated,other
SCDRHA,SCDRHA,SCDRHA,Pearson,0.615,benchmarker,Silver,dr3,12,curated,other
SCDRHA,SCDRHA,SCDRHA,Qglobal,0.787,benchmarker,Silver,dr2,12,curated,other
SCDRHA,SCDRHA,SCDRHA,Qlocal,0.391,benchmarker,Silver,dr2,12,curated,other
SCDRHA,SCDRHA,SCDRHA,centroid_distance,0.947,benchmarker,Silver,dr1,12,curated,other
SCDRHA,SCDRHA,SCDRHA,k-nearest,0.758,benchmarker,Silver,dr1,12,curated,other
SCDRHA,SCDRHA,SCDRHA,kmax,648.0,benchmarker,Silver,dr2,12,curated,other
SCDRHA,SCDRHA,SCDRHA,random_triplet,0.707,benchmarker,Silver,dr1,12,curated,other
SCDRHA,SCDRHA,SCDRHA,spearman,0.663,benchmarker,Silver,dr1,12,curated,other
SCDRHA,SCDRHA,SCDRHA,svm,0.515,benchmarker,Silver,dr1,12,curated,other
SCDRHA,SCDRHA,SCDRHA,AUC,0.677,benchmarker,Zhengmix4eq,dr2,12,curated,other
SCDRHA,SCDRHA,SCDRHA,Pearson,0.706,benchmarker,Zhengmix4eq,dr3,12,curated,other
SCDRHA,SCDRHA,SCDRHA,Qglobal,0.791,benchmarker,Zhengmix4eq,dr2,12,curated,other
SCDRHA,SCDRHA,SCDRHA,Qlocal,0.338,benchmarker,Zhengmix4eq,dr2,12,curated,other
SCDRHA,SCDRHA,SCDRHA,centroid_distance,0.88,benchmarker,Zhengmix4eq,dr1,12,curated,other
SCDRHA,SCDRHA,SCDRHA,k-nearest,0.5,benchmarker,Zhengmix4eq,dr1,12,curated,other
SCDRHA,SCDRHA,SCDRHA,kmax,1002.0,benchmarker,Zhengmix4eq,dr2,12,curated,other
SCDRHA,SCDRHA,SCDRHA,random_triplet,0.709,benchmarker,Zhengmix4eq,dr1,12,curated,other
SCDRHA,SCDRHA,SCDRHA,spearman,0.705,benchmarker,Zhengmix4eq,dr1,12,curated,other
SCDRHA,SCDRHA,SCDRHA,svm,0.919,benchmarker,Zhengmix4eq,dr1,12,curated,other
SCDRHA,SCDRHA,SCDRHA,AUC,0.825,scDesign3,ACINAR,dr2,12,scDesign3,other
SCDRHA,SCDRHA,SCDRHA,Pearson,0.964,scDesign3,ACINAR,dr3,12,scDesign3,other
SCDRHA,SCDRHA,SCDRHA,Qglobal,0.881,scDesign3,ACINAR,dr2,12,scDesign3,other
SCDRHA,SCDRHA,SCDRHA,Qlocal,0.539,scDesign3,ACINAR,dr2,12,scDesign3,other
SCDRHA,SCDRHA,SCDRHA,centroid_distance,0.973,scDesign3,ACINAR,dr1,12,scDesign3,other
SCDRHA,SCDRHA,SCDRHA,k-nearest,0.833,scDesign3,ACINAR,dr1,12,scDesign3,other
SCDRHA,SCDRHA,SCDRHA,kmax,502.0,scDesign3,ACINAR,dr2,12,scDesign3,other
SCDRHA,SCDRHA,SCDRHA,random_triplet,0.868,scDesign3,ACINAR,dr1,12,scDesign3,other
SCDRHA,SCDRHA,SCDRHA,spearman,0.914,scDesign3,ACINAR,dr1,12,scDesign3,other
SCDRHA,SCDRHA,SCDRHA,svm,0.494,scDesign3,ACINAR,dr1,12,scDesign3,other
SCDRHA,SCDRHA,SCDRHA,AUC,0.664,scDesign3,ATAC,dr2,12,scDesign3,other
SCDRHA,SCDRHA,SCDRHA,Pearson,0.653,scDesign3,ATAC,dr3,12,scDesign3,other
SCDRHA,SCDRHA,SCDRHA,Qglobal,0.834,scDesign3,ATAC,dr2,12,scDesign3,other
SCDRHA,SCDRHA,SCDRHA,Qlocal,0.375,scDesign3,ATAC,dr2,12,scDesign3,other
SCDRHA,SCDRHA,SCDRHA,centroid_distance,0.85,scDesign3,ATAC,dr1,12,scDesign3,other
SCDRHA,SCDRHA,SCDRHA,k-nearest,0.769,scDesign3,ATAC,dr1,12,scDesign3,other
SCDRHA,SCDRHA,SCDRHA,kmax,2599.0,scDesign3,ATAC,dr2,12,scDesign3,other
SCDRHA,SCDRHA,SCDRHA,random_triplet,0.738,scDesign3,ATAC,dr1,12,scDesign3,other
SCDRHA,SCDRHA,SCDRHA,spearman,0.65,scDesign3,ATAC,dr1,12,scDesign3,other
SCDRHA,SCDRHA,SCDRHA,svm,0.776,scDesign3,ATAC,dr1,12,scDesign3,other
SCDRHA,SCDRHA,SCDRHA,AUC,0.832,scDesign3,BATCH,dr2,12,scDesign3,other
SCDRHA,SCDRHA,SCDRHA,Pearson,0.855,scDesign3,BATCH,dr3,12,scDesign3,other
SCDRHA,SCDRHA,SCDRHA,Qglobal,0.86,scDesign3,BATCH,dr2,12,scDesign3,other
SCDRHA,SCDRHA,SCDRHA,Qlocal,0.525,scDesign3,BATCH,dr2,12,scDesign3,other
SCDRHA,SCDRHA,SCDRHA,centroid_distance,0.951,scDesign3,BATCH,dr1,12,scDesign3,other
SCDRHA,SCDRHA,SCDRHA,k-nearest,0.611,scDesign3,BATCH,dr1,12,scDesign3,other
SCDRHA,SCDRHA,SCDRHA,kmax,520.0,scDesign3,BATCH,dr2,12,scDesign3,other
SCDRHA,SCDRHA,SCDRHA,random_triplet,0.86,scDesign3,BATCH,dr1,12,scDesign3,other
SCDRHA,SCDRHA,SCDRHA,spearman,0.93,scDesign3,BATCH,dr1,12,scDesign3,other
SCDRHA,SCDRHA,SCDRHA,svm,0.854,scDesign3,BATCH,dr1,12,scDesign3,other
SCDRHA,SCDRHA,SCDRHA,AUC,0.881,scDesign3,CITE,dr2,12,scDesign3,other
SCDRHA,SCDRHA,SCDRHA,Pearson,0.97,scDesign3,CITE,dr3,12,scDesign3,other
SCDRHA,SCDRHA,SCDRHA,Qglobal,0.916,scDesign3,CITE,dr2,12,scDesign3,other
SCDRHA,SCDRHA,SCDRHA,Qlocal,0.632,scDesign3,CITE,dr2,12,scDesign3,other
SCDRHA,SCDRHA,SCDRHA,centroid_distance,0.94,scDesign3,CITE,dr1,12,scDesign3,other
SCDRHA,SCDRHA,SCDRHA,k-nearest,0.9,scDesign3,CITE,dr1,12,scDesign3,other
SCDRHA,SCDRHA,SCDRHA,kmax,1052.0,scDesign3,CITE,dr2,12,scDesign3,other
SCDRHA,SCDRHA,SCDRHA,random_triplet,0.906,scDesign3,CITE,dr1,12,scDesign3,other
SCDRHA,SCDRHA,SCDRHA,spearman,0.939,scDesign3,CITE,dr1,12,scDesign3,other
SCDRHA,SCDRHA,SCDRHA,svm,0.648,scDesign3,CITE,dr1,12,scDesign3,other
SCDRHA,SCDRHA,SCDRHA,AUC,0.751,scDesign3,EMBYRO,dr2,12,scDesign3,other
SCDRHA,SCDRHA,SCDRHA,Pearson,0.754,scDesign3,EMBYRO,dr3,12,scDesign3,other
SCDRHA,SCDRHA,SCDRHA,Qglobal,0.812,scDesign3,EMBYRO,dr2,12,scDesign3,other
SCDRHA,SCDRHA,SCDRHA,Qlocal,0.44,scDesign3,EMBYRO,dr2,12,scDesign3,other
SCDRHA,SCDRHA,SCDRHA,centroid_distance,0.919,scDesign3,EMBYRO,dr1,12,scDesign3,other
SCDRHA,SCDRHA,SCDRHA,k-nearest,0.6,scDesign3,EMBYRO,dr1,12,scDesign3,other
SCDRHA,SCDRHA,SCDRHA,kmax,211.0,scDesign3,EMBYRO,dr2,12,scDesign3,other
SCDRHA,SCDRHA,SCDRHA,random_triplet,0.78,scDesign3,EMBYRO,dr1,12,scDesign3,other
SCDRHA,SCDRHA,SCDRHA,spearman,0.82,scDesign3,EMBYRO,dr1,12,scDesign3,other
SCDRHA,SCDRHA,SCDRHA,svm,0.455,scDesign3,EMBYRO,dr1,12,scDesign3,other
SCDRHA,SCDRHA,SCDRHA,AUC,0.839,scDesign3,IFNB,dr2,12,scDesign3,other
SCDRHA,SCDRHA,SCDRHA,Pearson,0.909,scDesign3,IFNB,dr3,12,scDesign3,other
SCDRHA,SCDRHA,SCDRHA,Qglobal,0.894,scDesign3,IFNB,dr2,12,scDesign3,other
SCDRHA,SCDRHA,SCDRHA,Qlocal,0.516,scDesign3,IFNB,dr2,12,scDesign3,other
SCDRHA,SCDRHA,SCDRHA,centroid_distance,0.984,scDesign3,IFNB,dr1,12,scDesign3,other
SCDRHA,SCDRHA,SCDRHA,k-nearest,0.692,scDesign3,IFNB,dr1,12,scDesign3,other
SCDRHA,SCDRHA,SCDRHA,kmax,2012.0,scDesign3,IFNB,dr2,12,scDesign3,other
SCDRHA,SCDRHA,SCDRHA,random_triplet,0.892,scDesign3,IFNB,dr1,12,scDesign3,other
SCDRHA,SCDRHA,SCDRHA,spearman,0.959,scDesign3,IFNB,dr1,12,scDesign3,other
SCDRHA,SCDRHA,SCDRHA,svm,0.572,scDesign3,IFNB,dr1,12,scDesign3,other
SCDRHA,SCDRHA,SCDRHA,AUC,0.83,scDesign3,MARROW,dr2,12,scDesign3,other
SCDRHA,SCDRHA,SCDRHA,Pearson,0.909,scDesign3,MARROW,dr3,12,scDesign3,other
SCDRHA,SCDRHA,SCDRHA,Qglobal,0.891,scDesign3,MARROW,dr2,12,scDesign3,other
SCDRHA,SCDRHA,SCDRHA,Qlocal,0.598,scDesign3,MARROW,dr2,12,scDesign3,other
SCDRHA,SCDRHA,SCDRHA,centroid_distance,0.858,scDesign3,MARROW,dr1,12,scDesign3,other
SCDRHA,SCDRHA,SCDRHA,k-nearest,0.667,scDesign3,MARROW,dr1,12,scDesign3,other
SCDRHA,SCDRHA,SCDRHA,kmax,549.0,scDesign3,MARROW,dr2,12,scDesign3,other
SCDRHA,SCDRHA,SCDRHA,random_triplet,0.857,scDesign3,MARROW,dr1,12,scDesign3,other
SCDRHA,SCDRHA,SCDRHA,spearman,0.911,scDesign3,MARROW,dr1,12,scDesign3,other
SCDRHA,SCDRHA,SCDRHA,svm,0.906,scDesign3,MARROW,dr1,12,scDesign3,other
SCDRHA,SCDRHA,SCDRHA,AUC,0.696,scDesign3,MOBSC,dr2,12,scDesign3,other
SCDRHA,SCDRHA,SCDRHA,Pearson,0.691,scDesign3,MOBSC,dr3,12,scDesign3,other
SCDRHA,SCDRHA,SCDRHA,Qglobal,0.768,scDesign3,MOBSC,dr2,12,scDesign3,other
SCDRHA,SCDRHA,SCDRHA,Qlocal,0.358,scDesign3,MOBSC,dr2,12,scDesign3,other
SCDRHA,SCDRHA,SCDRHA,centroid_distance,0.566,scDesign3,MOBSC,dr1,12,scDesign3,other
SCDRHA,SCDRHA,SCDRHA,k-nearest,0.5,scDesign3,MOBSC,dr1,12,scDesign3,other
SCDRHA,SCDRHA,SCDRHA,kmax,2238.0,scDesign3,MOBSC,dr2,12,scDesign3,other
SCDRHA,SCDRHA,SCDRHA,random_triplet,0.725,scDesign3,MOBSC,dr1,12,scDesign3,other
SCDRHA,SCDRHA,SCDRHA,spearman,0.641,scDesign3,MOBSC,dr1,12,scDesign3,other
SCDRHA,SCDRHA,SCDRHA,svm,0.848,scDesign3,MOBSC,dr1,12,scDesign3,other
SCDRHA,SCDRHA,SCDRHA,AUC,0.839,scDesign3,OVARIAN,dr2,12,scDesign3,other
SCDRHA,SCDRHA,SCDRHA,Pearson,0.929,scDesign3,OVARIAN,dr3,12,scDesign3,other
SCDRHA,SCDRHA,SCDRHA,Qglobal,0.897,scDesign3,OVARIAN,dr2,12,scDesign3,other
SCDRHA,SCDRHA,SCDRHA,Qlocal,0.57,scDesign3,OVARIAN,dr2,12,scDesign3,other
SCDRHA,SCDRHA,SCDRHA,centroid_distance,0.954,scDesign3,OVARIAN,dr1,12,scDesign3,other
SCDRHA,SCDRHA,SCDRHA,k-nearest,0.788,scDesign3,OVARIAN,dr1,12,scDesign3,other
SCDRHA,SCDRHA,SCDRHA,kmax,615.0,scDesign3,OVARIAN,dr2,12,scDesign3,other
SCDRHA,SCDRHA,SCDRHA,random_triplet,0.881,scDesign3,OVARIAN,dr1,12,scDesign3,other
SCDRHA,SCDRHA,SCDRHA,spearman,0.916,scDesign3,OVARIAN,dr1,12,scDesign3,other
SCDRHA,SCDRHA,SCDRHA,svm,0.377,scDesign3,OVARIAN,dr1,12,scDesign3,other
SCDRHA,SCDRHA,SCDRHA,AUC,0.823,scDesign3,PANCREAS,dr2,12,scDesign3,other
SCDRHA,SCDRHA,SCDRHA,Pearson,0.881,scDesign3,PANCREAS,dr3,12,scDesign3,other
SCDRHA,SCDRHA,SCDRHA,Qglobal,0.866,scDesign3,PANCREAS,dr2,12,scDesign3,other
SCDRHA,SCDRHA,SCDRHA,Qlocal,0.523,scDesign3,PANCREAS,dr2,12,scDesign3,other
SCDRHA,SCDRHA,SCDRHA,centroid_distance,0.976,scDesign3,PANCREAS,dr1,12,scDesign3,other
SCDRHA,SCDRHA,SCDRHA,k-nearest,1.0,scDesign3,PANCREAS,dr1,12,scDesign3,other
SCDRHA,SCDRHA,SCDRHA,kmax,260.0,scDesign3,PANCREAS,dr2,12,scDesign3,other
SCDRHA,SCDRHA,SCDRHA,random_triplet,0.856,scDesign3,PANCREAS,dr1,12,scDesign3,other
SCDRHA,SCDRHA,SCDRHA,spearman,0.867,scDesign3,PANCREAS,dr1,12,scDesign3,other
SCDRHA,SCDRHA,SCDRHA,svm,0.816,scDesign3,PANCREAS,dr1,12,scDesign3,other
SCDRHA,SCDRHA,SCDRHA,AUC,0.782,scDesign3,SCGEMMETH,dr2,12,scDesign3,other
SCDRHA,SCDRHA,SCDRHA,Pearson,0.867,scDesign3,SCGEMMETH,dr3,12,scDesign3,other
SCDRHA,SCDRHA,SCDRHA,Qglobal,0.946,scDesign3,SCGEMMETH,dr2,12,scDesign3,other
SCDRHA,SCDRHA,SCDRHA,Qlocal,0.566,scDesign3,SCGEMMETH,dr2,12,scDesign3,other
SCDRHA,SCDRHA,SCDRHA,centroid_distance,1.0,scDesign3,SCGEMMETH,dr1,12,scDesign3,other
SCDRHA,SCDRHA,SCDRHA,k-nearest,1.0,scDesign3,SCGEMMETH,dr1,12,scDesign3,other
SCDRHA,SCDRHA,SCDRHA,kmax,59.0,scDesign3,SCGEMMETH,dr2,12,scDesign3,other
SCDRHA,SCDRHA,SCDRHA,random_triplet,0.846,scDesign3,SCGEMMETH,dr1,12,scDesign3,other
SCDRHA,SCDRHA,SCDRHA,spearman,0.912,scDesign3,SCGEMMETH,dr1,12,scDesign3,other
SCDRHA,SCDRHA,SCDRHA,svm,0.684,scDesign3,SCGEMMETH,dr1,12,scDesign3,other
SCDRHA,SCDRHA,SCDRHA,AUC,0.807,scDesign3,SCGEMRNA,dr2,12,scDesign3,other
SCDRHA,SCDRHA,SCDRHA,Pearson,0.873,scDesign3,SCGEMRNA,dr3,12,scDesign3,other
SCDRHA,SCDRHA,SCDRHA,Qglobal,0.894,scDesign3,SCGEMRNA,dr2,12,scDesign3,other
SCDRHA,SCDRHA,SCDRHA,Qlocal,0.517,scDesign3,SCGEMRNA,dr2,12,scDesign3,other
SCDRHA,SCDRHA,SCDRHA,centroid_distance,0.969,scDesign3,SCGEMRNA,dr1,12,scDesign3,other
SCDRHA,SCDRHA,SCDRHA,k-nearest,0.8,scDesign3,SCGEMRNA,dr1,12,scDesign3,other
SCDRHA,SCDRHA,SCDRHA,kmax,39.0,scDesign3,SCGEMRNA,dr2,12,scDesign3,other
SCDRHA,SCDRHA,SCDRHA,random_triplet,0.867,scDesign3,SCGEMRNA,dr1,12,scDesign3,other
SCDRHA,SCDRHA,SCDRHA,spearman,0.88,scDesign3,SCGEMRNA,dr1,12,scDesign3,other
SCDRHA,SCDRHA,SCDRHA,svm,0.83,scDesign3,SCGEMRNA,dr1,12,scDesign3,other
SCDRHA,SCDRHA,SCDRHA,AUC,0.544,scDesign3,SCIATAC,dr2,12,scDesign3,other
SCDRHA,SCDRHA,SCDRHA,Pearson,0.524,scDesign3,SCIATAC,dr3,12,scDesign3,other
SCDRHA,SCDRHA,SCDRHA,Qglobal,0.869,scDesign3,SCIATAC,dr2,12,scDesign3,other
SCDRHA,SCDRHA,SCDRHA,Qlocal,0.36,scDesign3,SCIATAC,dr2,12,scDesign3,other
SCDRHA,SCDRHA,SCDRHA,centroid_distance,0.297,scDesign3,SCIATAC,dr1,12,scDesign3,other
SCDRHA,SCDRHA,SCDRHA,k-nearest,0.444,scDesign3,SCIATAC,dr1,12,scDesign3,other
SCDRHA,SCDRHA,SCDRHA,kmax,2563.0,scDesign3,SCIATAC,dr2,12,scDesign3,other
SCDRHA,SCDRHA,SCDRHA,random_triplet,0.581,scDesign3,SCIATAC,dr1,12,scDesign3,other
SCDRHA,SCDRHA,SCDRHA,spearman,0.5,scDesign3,SCIATAC,dr1,12,scDesign3,other
SCDRHA,SCDRHA,SCDRHA,svm,0.551,scDesign3,SCIATAC,dr1,12,scDesign3,other
SCDRHA,SCDRHA,SCDRHA,AUC,0.594,scDesign3,SLIDE,dr2,12,scDesign3,other
SCDRHA,SCDRHA,SCDRHA,Pearson,0.828,scDesign3,SLIDE,dr3,12,scDesign3,other
SCDRHA,SCDRHA,SCDRHA,Qglobal,0.926,scDesign3,SLIDE,dr2,12,scDesign3,other
SCDRHA,SCDRHA,SCDRHA,Qlocal,0.395,scDesign3,SLIDE,dr2,12,scDesign3,other
SCDRHA,SCDRHA,SCDRHA,centroid_distance,0.62,scDesign3,SLIDE,dr1,12,scDesign3,other
SCDRHA,SCDRHA,SCDRHA,k-nearest,0.485,scDesign3,SLIDE,dr1,12,scDesign3,other
SCDRHA,SCDRHA,SCDRHA,kmax,14628.0,scDesign3,SLIDE,dr2,12,scDesign3,other
SCDRHA,SCDRHA,SCDRHA,random_triplet,0.645,scDesign3,SLIDE,dr1,12,scDesign3,other
SCDRHA,SCDRHA,SCDRHA,spearman,0.858,scDesign3,SLIDE,dr1,12,scDesign3,other
SCDRHA,SCDRHA,SCDRHA,svm,0.526,scDesign3,SLIDE,dr1,12,scDesign3,other
SCDRHA,SCDRHA,SCDRHA,AUC,0.855,scDesign3,VISIUM,dr2,12,scDesign3,other
SCDRHA,SCDRHA,SCDRHA,Pearson,0.642,scDesign3,VISIUM,dr3,12,scDesign3,other
SCDRHA,SCDRHA,SCDRHA,Qglobal,0.908,scDesign3,VISIUM,dr2,12,scDesign3,other
SCDRHA,SCDRHA,SCDRHA,Qlocal,0.573,scDesign3,VISIUM,dr2,12,scDesign3,other
SCDRHA,SCDRHA,SCDRHA,centroid_distance,0.901,scDesign3,VISIUM,dr1,12,scDesign3,other
SCDRHA,SCDRHA,SCDRHA,k-nearest,0.9,scDesign3,VISIUM,dr1,12,scDesign3,other
SCDRHA,SCDRHA,SCDRHA,kmax,419.0,scDesign3,VISIUM,dr2,12,scDesign3,other
SCDRHA,SCDRHA,SCDRHA,random_triplet,0.901,scDesign3,VISIUM,dr1,12,scDesign3,other
SCDRHA,SCDRHA,SCDRHA,spearman,0.931,scDesign3,VISIUM,dr1,12,scDesign3,other
SCDRHA,SCDRHA,SCDRHA,svm,0.482,scDesign3,VISIUM,dr1,12,scDesign3,other
scGAE,scGAE,scGAE,AUC,0.598,SIMLR,Pollen,dr2,13,SIMLR,other
scGAE,scGAE,scGAE,Pearson,0.246,SIMLR,Pollen,dr3,13,SIMLR,other
scGAE,scGAE,scGAE,Qglobal,0.659,SIMLR,Pollen,dr2,13,SIMLR,other
scGAE,scGAE,scGAE,Qlocal,0.289,SIMLR,Pollen,dr2,13,SIMLR,other
scGAE,scGAE,scGAE,centroid_distance,0.694,SIMLR,Pollen,dr1,13,SIMLR,other
scGAE,scGAE,scGAE,k-nearest,0.818,SIMLR,Pollen,dr1,13,SIMLR,other
scGAE,scGAE,scGAE,kmax,41.0,SIMLR,Pollen,dr2,13,SIMLR,other
scGAE,scGAE,scGAE,random_triplet,0.583,SIMLR,Pollen,dr1,13,SIMLR,other
scGAE,scGAE,scGAE,spearman,0.248,SIMLR,Pollen,dr1,13,SIMLR,other
scGAE,scGAE,scGAE,svm,0.687,SIMLR,Pollen,dr1,13,SIMLR,other
scGAE,scGAE,scGAE,AUC,0.554,SIMLR,Usoskin,dr2,13,SIMLR,other
scGAE,scGAE,scGAE,Pearson,0.315,SIMLR,Usoskin,dr3,13,SIMLR,other
scGAE,scGAE,scGAE,Qglobal,0.902,SIMLR,Usoskin,dr2,13,SIMLR,other
scGAE,scGAE,scGAE,Qlocal,0.402,SIMLR,Usoskin,dr2,13,SIMLR,other
scGAE,scGAE,scGAE,centroid_distance,0.904,SIMLR,Usoskin,dr1,13,SIMLR,other
scGAE,scGAE,scGAE,k-nearest,0.75,SIMLR,Usoskin,dr1,13,SIMLR,other
scGAE,scGAE,scGAE,kmax,431.0,SIMLR,Usoskin,dr2,13,SIMLR,other
scGAE,scGAE,scGAE,random_triplet,0.573,SIMLR,Usoskin,dr1,13,SIMLR,other
scGAE,scGAE,scGAE,spearman,0.328,SIMLR,Usoskin,dr1,13,SIMLR,other
scGAE,scGAE,scGAE,svm,0.604,SIMLR,Usoskin,dr1,13,SIMLR,other
scGAE,scGAE,scGAE,AUC,0.649,TI,DA1_horns,dr2,13,trajectory,other
scGAE,scGAE,scGAE,Pearson,0.35,TI,DA1_horns,dr3,13,trajectory,other
scGAE,scGAE,scGAE,Qglobal,0.708,TI,DA1_horns,dr2,13,trajectory,other
scGAE,scGAE,scGAE,Qlocal,0.345,TI,DA1_horns,dr2,13,trajectory,other
scGAE,scGAE,scGAE,centroid_distance,0.564,TI,DA1_horns,dr1,13,trajectory,other
scGAE,scGAE,scGAE,k-nearest,0.4,TI,DA1_horns,dr1,13,trajectory,other
scGAE,scGAE,scGAE,kmax,44.0,TI,DA1_horns,dr2,13,trajectory,other
scGAE,scGAE,scGAE,random_triplet,0.634,TI,DA1_horns,dr1,13,trajectory,other
scGAE,scGAE,scGAE,spearman,0.374,TI,DA1_horns,dr1,13,trajectory,other
scGAE,scGAE,scGAE,svm,0.975,TI,DA1_horns,dr1,13,trajectory,other
scGAE,scGAE,scGAE,AUC,0.736,TI,DC3_VA1d_horns,dr2,13,trajectory,other
scGAE,scGAE,scGAE,Pearson,0.481,TI,DC3_VA1d_horns,dr3,13,trajectory,other
scGAE,scGAE,scGAE,Qglobal,0.81,TI,DC3_VA1d_horns,dr2,13,trajectory,other
scGAE,scGAE,scGAE,Qlocal,0.438,TI,DC3_VA1d_horns,dr2,13,trajectory,other
scGAE,scGAE,scGAE,centroid_distance,0.85,TI,DC3_VA1d_horns,dr1,13,trajectory,other
scGAE,scGAE,scGAE,k-nearest,0.556,TI,DC3_VA1d_horns,dr1,13,trajectory,other
scGAE,scGAE,scGAE,kmax,32.0,TI,DC3_VA1d_horns,dr2,13,trajectory,other
scGAE,scGAE,scGAE,random_triplet,0.735,TI,DC3_VA1d_horns,dr1,13,trajectory,other
scGAE,scGAE,scGAE,spearman,0.686,TI,DC3_VA1d_horns,dr1,13,trajectory,other
scGAE,scGAE,scGAE,svm,0.667,TI,DC3_VA1d_horns,dr1,13,trajectory,other
scGAE,scGAE,scGAE,AUC,0.762,TI,ICM,dr2,13,trajectory,other
scGAE,scGAE,scGAE,Pearson,0.673,TI,ICM,dr3,13,trajectory,other
scGAE,scGAE,scGAE,Qglobal,0.802,TI,ICM,dr2,13,trajectory,other
scGAE,scGAE,scGAE,Qlocal,0.478,TI,ICM,dr2,13,trajectory,other
scGAE,scGAE,scGAE,centroid_distance,0.728,TI,ICM,dr1,13,trajectory,other
scGAE,scGAE,scGAE,k-nearest,0.767,TI,ICM,dr1,13,trajectory,other
scGAE,scGAE,scGAE,kmax,32.0,TI,ICM,dr2,13,trajectory,other
scGAE,scGAE,scGAE,random_triplet,0.724,TI,ICM,dr1,13,trajectory,other
scGAE,scGAE,scGAE,spearman,0.603,TI,ICM,dr1,13,trajectory,other
scGAE,scGAE,scGAE,svm,0.838,TI,ICM,dr1,13,trajectory,other
scGAE,scGAE,scGAE,AUC,0.723,TI,blastocyst,dr2,13,trajectory,other
scGAE,scGAE,scGAE,Pearson,0.553,TI,blastocyst,dr3,13,trajectory,other
scGAE,scGAE,scGAE,Qglobal,0.75,TI,blastocyst,dr2,13,trajectory,other
scGAE,scGAE,scGAE,Qlocal,0.495,TI,blastocyst,dr2,13,trajectory,other
scGAE,scGAE,scGAE,centroid_distance,0.586,TI,blastocyst,dr1,13,trajectory,other
scGAE,scGAE,scGAE,k-nearest,0.564,TI,blastocyst,dr1,13,trajectory,other
scGAE,scGAE,scGAE,kmax,34.0,TI,blastocyst,dr2,13,trajectory,other
scGAE,scGAE,scGAE,random_triplet,0.66,TI,blastocyst,dr1,13,trajectory,other
scGAE,scGAE,scGAE,spearman,0.464,TI,blastocyst,dr1,13,trajectory,other
scGAE,scGAE,scGAE,svm,0.862,TI,blastocyst,dr1,13,trajectory,other
scGAE,scGAE,scGAE,AUC,0.551,TI,combination-1,dr2,13,trajectory,other
scGAE,scGAE,scGAE,Pearson,0.221,TI,combination-1,dr3,13,trajectory,other
scGAE,scGAE,scGAE,Qglobal,0.602,TI,combination-1,dr2,13,trajectory,other
scGAE,scGAE,scGAE,Qlocal,0.125,TI,combination-1,dr2,13,trajectory,other
scGAE,scGAE,scGAE,centroid_distance,0.656,TI,combination-1,dr1,13,trajectory,other
scGAE,scGAE,scGAE,k-nearest,0.714,TI,combination-1,dr1,13,trajectory,other
scGAE,scGAE,scGAE,kmax,459.0,TI,combination-1,dr2,13,trajectory,other
scGAE,scGAE,scGAE,random_triplet,0.56,TI,combination-1,dr1,13,trajectory,other
scGAE,scGAE,scGAE,spearman,0.247,TI,combination-1,dr1,13,trajectory,other
scGAE,scGAE,scGAE,svm,0.805,TI,combination-1,dr1,13,trajectory,other
scGAE,scGAE,scGAE,AUC,0.532,TI,combination-2,dr2,13,trajectory,other
scGAE,scGAE,scGAE,Pearson,0.17,TI,combination-2,dr3,13,trajectory,other
scGAE,scGAE,scGAE,Qglobal,0.576,TI,combination-2,dr2,13,trajectory,other
scGAE,scGAE,scGAE,Qlocal,0.086,TI,combination-2,dr2,13,trajectory,other
scGAE,scGAE,scGAE,centroid_distance,0.521,TI,combination-2,dr1,13,trajectory,other
scGAE,scGAE,scGAE,k-nearest,0.528,TI,combination-2,dr1,13,trajectory,other
scGAE,scGAE,scGAE,kmax,386.0,TI,combination-2,dr2,13,trajectory,other
scGAE,scGAE,scGAE,random_triplet,0.537,TI,combination-2,dr1,13,trajectory,other
scGAE,scGAE,scGAE,spearman,0.172,TI,combination-2,dr1,13,trajectory,other
scGAE,scGAE,scGAE,svm,0.436,TI,combination-2,dr1,13,trajectory,other
scGAE,scGAE,scGAE,AUC,0.552,TI,combination-3,dr2,13,trajectory,other
scGAE,scGAE,scGAE,Pearson,0.231,TI,combination-3,dr3,13,trajectory,other
scGAE,scGAE,scGAE,Qglobal,0.608,TI,combination-3,dr2,13,trajectory,other
scGAE,scGAE,scGAE,Qlocal,0.13,TI,combination-3,dr2,13,trajectory,other
scGAE,scGAE,scGAE,centroid_distance,0.824,TI,combination-3,dr1,13,trajectory,other
scGAE,scGAE,scGAE,k-nearest,0.714,TI,combination-3,dr1,13,trajectory,other
scGAE,scGAE,scGAE,kmax,263.0,TI,combination-3,dr2,13,trajectory,other
scGAE,scGAE,scGAE,random_triplet,0.558,TI,combination-3,dr1,13,trajectory,other
scGAE,scGAE,scGAE,spearman,0.29,TI,combination-3,dr1,13,trajectory,other
scGAE,scGAE,scGAE,svm,0.687,TI,combination-3,dr1,13,trajectory,other
scGAE,scGAE,scGAE,AUC,0.747,TI,epiblast,dr2,13,trajectory,other
scGAE,scGAE,scGAE,Pearson,0.648,TI,epiblast,dr3,13,trajectory,other
scGAE,scGAE,scGAE,Qglobal,0.813,TI,epiblast,dr2,13,trajectory,other
scGAE,scGAE,scGAE,Qlocal,0.446,TI,epiblast,dr2,13,trajectory,other
scGAE,scGAE,scGAE,centroid_distance,0.834,TI,epiblast,dr1,13,trajectory,other
scGAE,scGAE,scGAE,k-nearest,0.643,TI,epiblast,dr1,13,trajectory,other
scGAE,scGAE,scGAE,kmax,31.0,TI,epiblast,dr2,13,trajectory,other
scGAE,scGAE,scGAE,random_triplet,0.738,TI,epiblast,dr1,13,trajectory,other
scGAE,scGAE,scGAE,spearman,0.677,TI,epiblast,dr1,13,trajectory,other
scGAE,scGAE,scGAE,svm,0.813,TI,epiblast,dr1,13,trajectory,other
scGAE,scGAE,scGAE,AUC,0.546,TI,epidermis,dr2,13,trajectory,other
scGAE,scGAE,scGAE,Pearson,0.209,TI,epidermis,dr3,13,trajectory,other
scGAE,scGAE,scGAE,Qglobal,0.599,TI,epidermis,dr2,13,trajectory,other
scGAE,scGAE,scGAE,Qlocal,0.13,TI,epidermis,dr2,13,trajectory,other
scGAE,scGAE,scGAE,centroid_distance,0.807,TI,epidermis,dr1,13,trajectory,other
scGAE,scGAE,scGAE,k-nearest,0.8,TI,epidermis,dr1,13,trajectory,other
scGAE,scGAE,scGAE,kmax,452.0,TI,epidermis,dr2,13,trajectory,other
scGAE,scGAE,scGAE,random_triplet,0.552,TI,epidermis,dr1,13,trajectory,other
scGAE,scGAE,scGAE,spearman,0.207,TI,epidermis,dr1,13,trajectory,other
scGAE,scGAE,scGAE,svm,0.857,TI,epidermis,dr1,13,trajectory,other
scGAE,scGAE,scGAE,AUC,0.629,TI,horns,dr2,13,trajectory,other
scGAE,scGAE,scGAE,Pearson,0.312,TI,horns,dr3,13,trajectory,other
scGAE,scGAE,scGAE,Qglobal,0.712,TI,horns,dr2,13,trajectory,other
scGAE,scGAE,scGAE,Qlocal,0.355,TI,horns,dr2,13,trajectory,other
scGAE,scGAE,scGAE,centroid_distance,0.571,TI,horns,dr1,13,trajectory,other
scGAE,scGAE,scGAE,k-nearest,0.696,TI,horns,dr1,13,trajectory,other
scGAE,scGAE,scGAE,kmax,104.0,TI,horns,dr2,13,trajectory,other
scGAE,scGAE,scGAE,random_triplet,0.597,TI,horns,dr1,13,trajectory,other
scGAE,scGAE,scGAE,spearman,0.316,TI,horns,dr1,13,trajectory,other
scGAE,scGAE,scGAE,svm,0.522,TI,horns,dr1,13,trajectory,other
scGAE,scGAE,scGAE,AUC,0.534,TI,muscle,dr2,13,trajectory,other
scGAE,scGAE,scGAE,Pearson,0.184,TI,muscle,dr3,13,trajectory,other
scGAE,scGAE,scGAE,Qglobal,0.772,TI,muscle,dr2,13,trajectory,other
scGAE,scGAE,scGAE,Qlocal,0.279,TI,muscle,dr2,13,trajectory,other
scGAE,scGAE,scGAE,centroid_distance,1.0,TI,muscle,dr1,13,trajectory,other
scGAE,scGAE,scGAE,k-nearest,1.0,TI,muscle,dr1,13,trajectory,other
scGAE,scGAE,scGAE,kmax,1127.0,TI,muscle,dr2,13,trajectory,other
scGAE,scGAE,scGAE,random_triplet,0.539,TI,muscle,dr1,13,trajectory,other
scGAE,scGAE,scGAE,spearman,0.193,TI,muscle,dr1,13,trajectory,other
scGAE,scGAE,scGAE,svm,0.777,TI,muscle,dr1,13,trajectory,other
scGAE,scGAE,scGAE,AUC,0.525,TI,neuron,dr2,13,trajectory,other
scGAE,scGAE,scGAE,Pearson,0.213,TI,neuron,dr3,13,trajectory,other
scGAE,scGAE,scGAE,Qglobal,0.626,TI,neuron,dr2,13,trajectory,other
scGAE,scGAE,scGAE,Qlocal,0.126,TI,neuron,dr2,13,trajectory,other
scGAE,scGAE,scGAE,centroid_distance,0.503,TI,neuron,dr1,13,trajectory,other
scGAE,scGAE,scGAE,k-nearest,0.5,TI,neuron,dr1,13,trajectory,other
scGAE,scGAE,scGAE,kmax,475.0,TI,neuron,dr2,13,trajectory,other
scGAE,scGAE,scGAE,random_triplet,0.538,TI,neuron,dr1,13,trajectory,other
scGAE,scGAE,scGAE,spearman,0.211,TI,neuron,dr1,13,trajectory,other
scGAE,scGAE,scGAE,svm,0.586,TI,neuron,dr1,13,trajectory,other
scGAE,scGAE,scGAE,AUC,0.555,TI,pair-1,dr2,13,trajectory,other
scGAE,scGAE,scGAE,Pearson,0.24,TI,pair-1,dr3,13,trajectory,other
scGAE,scGAE,scGAE,Qglobal,0.769,TI,pair-1,dr2,13,trajectory,other
scGAE,scGAE,scGAE,Qlocal,0.285,TI,pair-1,dr2,13,trajectory,other
scGAE,scGAE,scGAE,centroid_distance,0.574,TI,pair-1,dr1,13,trajectory,other
scGAE,scGAE,scGAE,k-nearest,0.5,TI,pair-1,dr1,13,trajectory,other
scGAE,scGAE,scGAE,kmax,4674.0,TI,pair-1,dr2,13,trajectory,other
scGAE,scGAE,scGAE,random_triplet,0.578,TI,pair-1,dr1,13,trajectory,other
scGAE,scGAE,scGAE,spearman,0.25,TI,pair-1,dr1,13,trajectory,other
scGAE,scGAE,scGAE,svm,0.856,TI,pair-1,dr1,13,trajectory,other
scGAE,scGAE,scGAE,AUC,0.506,TI,pair-2,dr2,13,trajectory,other
scGAE,scGAE,scGAE,Pearson,0.064,TI,pair-2,dr3,13,trajectory,other
scGAE,scGAE,scGAE,Qglobal,0.577,TI,pair-2,dr2,13,trajectory,other
scGAE,scGAE,scGAE,Qlocal,0.086,TI,pair-2,dr2,13,trajectory,other
scGAE,scGAE,scGAE,centroid_distance,0.336,TI,pair-2,dr1,13,trajectory,other
scGAE,scGAE,scGAE,k-nearest,0.462,TI,pair-2,dr1,13,trajectory,other
scGAE,scGAE,scGAE,kmax,1536.0,TI,pair-2,dr2,13,trajectory,other
scGAE,scGAE,scGAE,random_triplet,0.511,TI,pair-2,dr1,13,trajectory,other
scGAE,scGAE,scGAE,spearman,0.054,TI,pair-2,dr1,13,trajectory,other
scGAE,scGAE,scGAE,svm,0.631,TI,pair-2,dr1,13,trajectory,other
scGAE,scGAE,scGAE,AUC,0.513,TI,pair-3,dr2,13,trajectory,other
scGAE,scGAE,scGAE,Pearson,0.09,TI,pair-3,dr3,13,trajectory,other
scGAE,scGAE,scGAE,Qglobal,0.573,TI,pair-3,dr2,13,trajectory,other
scGAE,scGAE,scGAE,Qlocal,0.081,TI,pair-3,dr2,13,trajectory,other
scGAE,scGAE,scGAE,centroid_distance,0.514,TI,pair-3,dr1,13,trajectory,other
scGAE,scGAE,scGAE,k-nearest,0.5,TI,pair-3,dr1,13,trajectory,other
scGAE,scGAE,scGAE,kmax,1048.0,TI,pair-3,dr2,13,trajectory,other
scGAE,scGAE,scGAE,random_triplet,0.516,TI,pair-3,dr1,13,trajectory,other
scGAE,scGAE,scGAE,spearman,0.094,TI,pair-3,dr1,13,trajectory,other
scGAE,scGAE,scGAE,svm,0.791,TI,pair-3,dr1,13,trajectory,other
scGAE,scGAE,scGAE,AUC,0.496,TI,pair-4,dr2,13,trajectory,other
scGAE,scGAE,scGAE,Pearson,-0.02,TI,pair-4,dr3,13,trajectory,other
scGAE,scGAE,scGAE,Qglobal,0.552,TI,pair-4,dr2,13,trajectory,other
scGAE,scGAE,scGAE,Qlocal,0.081,TI,pair-4,dr2,13,trajectory,other
scGAE,scGAE,scGAE,centroid_distance,0.535,TI,pair-4,dr1,13,trajectory,other
scGAE,scGAE,scGAE,k-nearest,0.733,TI,pair-4,dr1,13,trajectory,other
scGAE,scGAE,scGAE,kmax,1061.0,TI,pair-4,dr2,13,trajectory,other
scGAE,scGAE,scGAE,random_triplet,0.491,TI,pair-4,dr1,13,trajectory,other
scGAE,scGAE,scGAE,spearman,-0.002,TI,pair-4,dr1,13,trajectory,other
scGAE,scGAE,scGAE,svm,0.773,TI,pair-4,dr1,13,trajectory,other
scGAE,scGAE,scGAE,AUC,0.53,TI,parenchyme,dr2,13,trajectory,other
scGAE,scGAE,scGAE,Pearson,0.256,TI,parenchyme,dr3,13,trajectory,other
scGAE,scGAE,scGAE,Qglobal,0.562,TI,parenchyme,dr2,13,trajectory,other
scGAE,scGAE,scGAE,Qlocal,0.065,TI,parenchyme,dr2,13,trajectory,other
scGAE,scGAE,scGAE,centroid_distance,0.788,TI,parenchyme,dr1,13,trajectory,other
scGAE,scGAE,scGAE,k-nearest,0.2,TI,parenchyme,dr1,13,trajectory,other
scGAE,scGAE,scGAE,kmax,129.0,TI,parenchyme,dr2,13,trajectory,other
scGAE,scGAE,scGAE,random_triplet,0.531,TI,parenchyme,dr1,13,trajectory,other
scGAE,scGAE,scGAE,spearman,0.286,TI,parenchyme,dr1,13,trajectory,other
scGAE,scGAE,scGAE,svm,0.601,TI,parenchyme,dr1,13,trajectory,other
scGAE,scGAE,scGAE,AUC,0.592,TI,phagocyte,dr2,13,trajectory,other
scGAE,scGAE,scGAE,Pearson,0.262,TI,phagocyte,dr3,13,trajectory,other
scGAE,scGAE,scGAE,Qglobal,0.714,TI,phagocyte,dr2,13,trajectory,other
scGAE,scGAE,scGAE,Qlocal,0.256,TI,phagocyte,dr2,13,trajectory,other
scGAE,scGAE,scGAE,centroid_distance,1.0,TI,phagocyte,dr1,13,trajectory,other
scGAE,scGAE,scGAE,k-nearest,1.0,TI,phagocyte,dr1,13,trajectory,other
scGAE,scGAE,scGAE,kmax,184.0,TI,phagocyte,dr2,13,trajectory,other
scGAE,scGAE,scGAE,random_triplet,0.61,TI,phagocyte,dr1,13,trajectory,other
scGAE,scGAE,scGAE,spearman,0.355,TI,phagocyte,dr1,13,trajectory,other
scGAE,scGAE,scGAE,svm,0.948,TI,phagocyte,dr1,13,trajectory,other
scGAE,scGAE,scGAE,AUC,0.564,TI,pharynx,dr2,13,trajectory,other
scGAE,scGAE,scGAE,Pearson,0.344,TI,pharynx,dr3,13,trajectory,other
scGAE,scGAE,scGAE,Qglobal,0.857,TI,pharynx,dr2,13,trajectory,other
scGAE,scGAE,scGAE,Qlocal,0.365,TI,pharynx,dr2,13,trajectory,other
scGAE,scGAE,scGAE,centroid_distance,1.0,TI,pharynx,dr1,13,trajectory,other
scGAE,scGAE,scGAE,k-nearest,1.0,TI,pharynx,dr1,13,trajectory,other
scGAE,scGAE,scGAE,kmax,172.0,TI,pharynx,dr2,13,trajectory,other
scGAE,scGAE,scGAE,random_triplet,0.582,TI,pharynx,dr1,13,trajectory,other
scGAE,scGAE,scGAE,spearman,0.354,TI,pharynx,dr1,13,trajectory,other
scGAE,scGAE,scGAE,svm,0.959,TI,pharynx,dr1,13,trajectory,other
scGAE,scGAE,scGAE,AUC,0.732,TI,trophectoderm,dr2,13,trajectory,other
scGAE,scGAE,scGAE,Pearson,0.568,TI,trophectoderm,dr3,13,trajectory,other
scGAE,scGAE,scGAE,Qglobal,0.836,TI,trophectoderm,dr2,13,trajectory,other
scGAE,scGAE,scGAE,Qlocal,0.459,TI,trophectoderm,dr2,13,trajectory,other
scGAE,scGAE,scGAE,centroid_distance,0.858,TI,trophectoderm,dr1,13,trajectory,other
scGAE,scGAE,scGAE,k-nearest,0.667,TI,trophectoderm,dr1,13,trajectory,other
scGAE,scGAE,scGAE,kmax,21.0,TI,trophectoderm,dr2,13,trajectory,other
scGAE,scGAE,scGAE,random_triplet,0.734,TI,trophectoderm,dr1,13,trajectory,other
scGAE,scGAE,scGAE,spearman,0.649,TI,trophectoderm,dr1,13,trajectory,other
scGAE,scGAE,scGAE,svm,0.95,TI,trophectoderm,dr1,13,trajectory,other
scGAE,scGAE,scGAE,AUC,0.609,VASC,Baron,dr2,13,VASC,other
scGAE,scGAE,scGAE,Pearson,0.379,VASC,Baron,dr3,13,VASC,other
scGAE,scGAE,scGAE,Qglobal,0.667,VASC,Baron,dr2,13,VASC,other
scGAE,scGAE,scGAE,Qlocal,0.229,VASC,Baron,dr2,13,VASC,other
scGAE,scGAE,scGAE,centroid_distance,0.74,VASC,Baron,dr1,13,VASC,other
scGAE,scGAE,scGAE,k-nearest,0.625,VASC,Baron,dr1,13,VASC,other
scGAE,scGAE,scGAE,kmax,1129.0,VASC,Baron,dr2,13,VASC,other
scGAE,scGAE,scGAE,random_triplet,0.623,VASC,Baron,dr1,13,VASC,other
scGAE,scGAE,scGAE,spearman,0.355,VASC,Baron,dr1,13,VASC,other
scGAE,scGAE,scGAE,svm,0.27,VASC,Baron,dr1,13,VASC,other
scGAE,scGAE,scGAE,AUC,0.753,VASC,Biase,dr2,13,VASC,other
scGAE,scGAE,scGAE,Pearson,0.72,VASC,Biase,dr3,13,VASC,other
scGAE,scGAE,scGAE,Qglobal,0.89,VASC,Biase,dr2,13,VASC,other
scGAE,scGAE,scGAE,Qlocal,0.531,VASC,Biase,dr2,13,VASC,other
scGAE,scGAE,scGAE,centroid_distance,0.928,VASC,Biase,dr1,13,VASC,other
scGAE,scGAE,scGAE,k-nearest,0.5,VASC,Biase,dr1,13,VASC,other
scGAE,scGAE,scGAE,kmax,19.0,VASC,Biase,dr2,13,VASC,other
scGAE,scGAE,scGAE,random_triplet,0.775,VASC,Biase,dr1,13,VASC,other
scGAE,scGAE,scGAE,spearman,0.742,VASC,Biase,dr1,13,VASC,other
scGAE,scGAE,scGAE,svm,0.983,VASC,Biase,dr1,13,VASC,other
scGAE,scGAE,scGAE,AUC,0.777,VASC,Goolam,dr2,13,VASC,other
scGAE,scGAE,scGAE,Pearson,0.628,VASC,Goolam,dr3,13,VASC,other
scGAE,scGAE,scGAE,Qglobal,0.823,VASC,Goolam,dr2,13,VASC,other
scGAE,scGAE,scGAE,Qlocal,0.479,VASC,Goolam,dr2,13,VASC,other
scGAE,scGAE,scGAE,centroid_distance,0.944,VASC,Goolam,dr1,13,VASC,other
scGAE,scGAE,scGAE,k-nearest,0.6,VASC,Goolam,dr1,13,VASC,other
scGAE,scGAE,scGAE,kmax,15.0,VASC,Goolam,dr2,13,VASC,other
scGAE,scGAE,scGAE,random_triplet,0.765,VASC,Goolam,dr1,13,VASC,other
scGAE,scGAE,scGAE,spearman,0.69,VASC,Goolam,dr1,13,VASC,other
scGAE,scGAE,scGAE,svm,0.776,VASC,Goolam,dr1,13,VASC,other
scGAE,scGAE,scGAE,AUC,0.576,VASC,Xin,dr2,13,VASC,other
scGAE,scGAE,scGAE,Pearson,0.281,VASC,Xin,dr3,13,VASC,other
scGAE,scGAE,scGAE,Qglobal,0.692,VASC,Xin,dr2,13,VASC,other
scGAE,scGAE,scGAE,Qlocal,0.226,VASC,Xin,dr2,13,VASC,other
scGAE,scGAE,scGAE,centroid_distance,0.723,VASC,Xin,dr1,13,VASC,other
scGAE,scGAE,scGAE,k-nearest,0.625,VASC,Xin,dr1,13,VASC,other
scGAE,scGAE,scGAE,kmax,397.0,VASC,Xin,dr2,13,VASC,other
scGAE,scGAE,scGAE,random_triplet,0.588,VASC,Xin,dr1,13,VASC,other
scGAE,scGAE,scGAE,spearman,0.301,VASC,Xin,dr1,13,VASC,other
scGAE,scGAE,scGAE,svm,0.886,VASC,Xin,dr1,13,VASC,other
scGAE,scGAE,scGAE,AUC,0.668,VASC,Zeisel,dr2,13,VASC,other
scGAE,scGAE,scGAE,Pearson,0.479,VASC,Zeisel,dr3,13,VASC,other
scGAE,scGAE,scGAE,Qglobal,0.745,VASC,Zeisel,dr2,13,VASC,other
scGAE,scGAE,scGAE,Qlocal,0.391,VASC,Zeisel,dr2,13,VASC,other
scGAE,scGAE,scGAE,centroid_distance,0.447,VASC,Zeisel,dr1,13,VASC,other
scGAE,scGAE,scGAE,k-nearest,0.5,VASC,Zeisel,dr1,13,VASC,other
scGAE,scGAE,scGAE,kmax,648.0,VASC,Zeisel,dr2,13,VASC,other
scGAE,scGAE,scGAE,random_triplet,0.681,VASC,Zeisel,dr1,13,VASC,other
scGAE,scGAE,scGAE,spearman,0.488,VASC,Zeisel,dr1,13,VASC,other
scGAE,scGAE,scGAE,svm,0.886,VASC,Zeisel,dr1,13,VASC,other
scGAE,scGAE,scGAE,AUC,0.832,VASC,yan,dr2,13,VASC,other
scGAE,scGAE,scGAE,Pearson,0.87,VASC,yan,dr3,13,VASC,other
scGAE,scGAE,scGAE,Qglobal,0.911,VASC,yan,dr2,13,VASC,other
scGAE,scGAE,scGAE,Qlocal,0.613,VASC,yan,dr2,13,VASC,other
scGAE,scGAE,scGAE,centroid_distance,0.934,VASC,yan,dr1,13,VASC,other
scGAE,scGAE,scGAE,k-nearest,0.917,VASC,yan,dr1,13,VASC,other
scGAE,scGAE,scGAE,kmax,21.0,VASC,yan,dr2,13,VASC,other
scGAE,scGAE,scGAE,random_triplet,0.847,VASC,yan,dr1,13,VASC,other
scGAE,scGAE,scGAE,spearman,0.912,VASC,yan,dr1,13,VASC,other
scGAE,scGAE,scGAE,svm,0.678,VASC,yan,dr1,13,VASC,other
scGAE,scGAE,scGAE,AUC,0.571,benchmarker,Baron_mouse,dr2,13,curated,other
scGAE,scGAE,scGAE,Pearson,0.316,benchmarker,Baron_mouse,dr3,13,curated,other
scGAE,scGAE,scGAE,Qglobal,0.61,benchmarker,Baron_mouse,dr2,13,curated,other
scGAE,scGAE,scGAE,Qlocal,0.178,benchmarker,Baron_mouse,dr2,13,curated,other
scGAE,scGAE,scGAE,centroid_distance,0.713,benchmarker,Baron_mouse,dr1,13,curated,other
scGAE,scGAE,scGAE,k-nearest,0.538,benchmarker,Baron_mouse,dr1,13,curated,other
scGAE,scGAE,scGAE,kmax,170.0,benchmarker,Baron_mouse,dr2,13,curated,other
scGAE,scGAE,scGAE,random_triplet,0.578,benchmarker,Baron_mouse,dr1,13,curated,other
scGAE,scGAE,scGAE,spearman,0.299,benchmarker,Baron_mouse,dr1,13,curated,other
scGAE,scGAE,scGAE,svm,0.85,benchmarker,Baron_mouse,dr1,13,curated,other
scGAE,scGAE,scGAE,AUC,0.663,benchmarker,Darmanis,dr2,13,curated,other
scGAE,scGAE,scGAE,Pearson,0.341,benchmarker,Darmanis,dr3,13,curated,other
scGAE,scGAE,scGAE,Qglobal,0.709,benchmarker,Darmanis,dr2,13,curated,other
scGAE,scGAE,scGAE,Qlocal,0.358,benchmarker,Darmanis,dr2,13,curated,other
scGAE,scGAE,scGAE,centroid_distance,0.563,benchmarker,Darmanis,dr1,13,curated,other
scGAE,scGAE,scGAE,k-nearest,0.5,benchmarker,Darmanis,dr1,13,curated,other
scGAE,scGAE,scGAE,kmax,54.0,benchmarker,Darmanis,dr2,13,curated,other
scGAE,scGAE,scGAE,random_triplet,0.638,benchmarker,Darmanis,dr1,13,curated,other
scGAE,scGAE,scGAE,spearman,0.38,benchmarker,Darmanis,dr1,13,curated,other
scGAE,scGAE,scGAE,svm,0.895,benchmarker,Darmanis,dr1,13,curated,other
scGAE,scGAE,scGAE,AUC,0.679,benchmarker,Pancreatic,dr2,13,curated,other
scGAE,scGAE,scGAE,Pearson,0.562,benchmarker,Pancreatic,dr3,13,curated,other
scGAE,scGAE,scGAE,Qglobal,0.754,benchmarker,Pancreatic,dr2,13,curated,other
scGAE,scGAE,scGAE,Qlocal,0.286,benchmarker,Pancreatic,dr2,13,curated,other
scGAE,scGAE,scGAE,centroid_distance,0.716,benchmarker,Pancreatic,dr1,13,curated,other
scGAE,scGAE,scGAE,k-nearest,0.5,benchmarker,Pancreatic,dr1,13,curated,other
scGAE,scGAE,scGAE,kmax,9.0,benchmarker,Pancreatic,dr2,13,curated,other
scGAE,scGAE,scGAE,random_triplet,0.723,benchmarker,Pancreatic,dr1,13,curated,other
scGAE,scGAE,scGAE,spearman,0.616,benchmarker,Pancreatic,dr1,13,curated,other
scGAE,scGAE,scGAE,svm,0.833,benchmarker,Pancreatic,dr1,13,curated,other
scGAE,scGAE,scGAE,AUC,0.571,benchmarker,Silver,dr2,13,curated,other
scGAE,scGAE,scGAE,Pearson,0.221,benchmarker,Silver,dr3,13,curated,other
scGAE,scGAE,scGAE,Qglobal,0.676,benchmarker,Silver,dr2,13,curated,other
scGAE,scGAE,scGAE,Qlocal,0.226,benchmarker,Silver,dr2,13,curated,other
scGAE,scGAE,scGAE,centroid_distance,0.787,benchmarker,Silver,dr1,13,curated,other
scGAE,scGAE,scGAE,k-nearest,0.545,benchmarker,Silver,dr1,13,curated,other
scGAE,scGAE,scGAE,kmax,606.0,benchmarker,Silver,dr2,13,curated,other
scGAE,scGAE,scGAE,random_triplet,0.574,benchmarker,Silver,dr1,13,curated,other
scGAE,scGAE,scGAE,spearman,0.213,benchmarker,Silver,dr1,13,curated,other
scGAE,scGAE,scGAE,svm,0.403,benchmarker,Silver,dr1,13,curated,other
scGAE,scGAE,scGAE,AUC,0.569,benchmarker,Zhengmix4eq,dr2,13,curated,other
scGAE,scGAE,scGAE,Pearson,0.289,benchmarker,Zhengmix4eq,dr3,13,curated,other
scGAE,scGAE,scGAE,Qglobal,0.666,benchmarker,Zhengmix4eq,dr2,13,curated,other
scGAE,scGAE,scGAE,Qlocal,0.205,benchmarker,Zhengmix4eq,dr2,13,curated,other
scGAE,scGAE,scGAE,centroid_distance,0.952,benchmarker,Zhengmix4eq,dr1,13,curated,other
scGAE,scGAE,scGAE,k-nearest,0.5,benchmarker,Zhengmix4eq,dr1,13,curated,other
scGAE,scGAE,scGAE,kmax,847.0,benchmarker,Zhengmix4eq,dr2,13,curated,other
scGAE,scGAE,scGAE,random_triplet,0.577,benchmarker,Zhengmix4eq,dr1,13,curated,other
scGAE,scGAE,scGAE,spearman,0.262,benchmarker,Zhengmix4eq,dr1,13,curated,other
scGAE,scGAE,scGAE,svm,0.789,benchmarker,Zhengmix4eq,dr1,13,curated,other
scGAE,scGAE,scGAE,AUC,0.792,scDesign3,ACINAR,dr2,13,scDesign3,other
scGAE,scGAE,scGAE,Pearson,0.435,scDesign3,ACINAR,dr3,13,scDesign3,other
scGAE,scGAE,scGAE,Qglobal,0.835,scDesign3,ACINAR,dr2,13,scDesign3,other
scGAE,scGAE,scGAE,Qlocal,0.521,scDesign3,ACINAR,dr2,13,scDesign3,other
scGAE,scGAE,scGAE,centroid_distance,0.767,scDesign3,ACINAR,dr1,13,scDesign3,other
scGAE,scGAE,scGAE,k-nearest,0.8,scDesign3,ACINAR,dr1,13,scDesign3,other
scGAE,scGAE,scGAE,kmax,417.0,scDesign3,ACINAR,dr2,13,scDesign3,other
scGAE,scGAE,scGAE,random_triplet,0.815,scDesign3,ACINAR,dr1,13,scDesign3,other
scGAE,scGAE,scGAE,spearman,0.713,scDesign3,ACINAR,dr1,13,scDesign3,other
scGAE,scGAE,scGAE,svm,0.494,scDesign3,ACINAR,dr1,13,scDesign3,other
scGAE,scGAE,scGAE,AUC,0.544,scDesign3,ATAC,dr2,13,scDesign3,other
scGAE,scGAE,scGAE,Pearson,0.206,scDesign3,ATAC,dr3,13,scDesign3,other
scGAE,scGAE,scGAE,Qglobal,0.626,scDesign3,ATAC,dr2,13,scDesign3,other
scGAE,scGAE,scGAE,Qlocal,0.153,scDesign3,ATAC,dr2,13,scDesign3,other
scGAE,scGAE,scGAE,centroid_distance,0.618,scDesign3,ATAC,dr1,13,scDesign3,other
scGAE,scGAE,scGAE,k-nearest,0.538,scDesign3,ATAC,dr1,13,scDesign3,other
scGAE,scGAE,scGAE,kmax,1207.0,scDesign3,ATAC,dr2,13,scDesign3,other
scGAE,scGAE,scGAE,random_triplet,0.556,scDesign3,ATAC,dr1,13,scDesign3,other
scGAE,scGAE,scGAE,spearman,0.209,scDesign3,ATAC,dr1,13,scDesign3,other
scGAE,scGAE,scGAE,svm,0.721,scDesign3,ATAC,dr1,13,scDesign3,other
scGAE,scGAE,scGAE,AUC,0.715,scDesign3,BATCH,dr2,13,scDesign3,other
scGAE,scGAE,scGAE,Pearson,0.296,scDesign3,BATCH,dr3,13,scDesign3,other
scGAE,scGAE,scGAE,Qglobal,0.734,scDesign3,BATCH,dr2,13,scDesign3,other
scGAE,scGAE,scGAE,Qlocal,0.503,scDesign3,BATCH,dr2,13,scDesign3,other
scGAE,scGAE,scGAE,centroid_distance,0.555,scDesign3,BATCH,dr1,13,scDesign3,other
scGAE,scGAE,scGAE,k-nearest,0.611,scDesign3,BATCH,dr1,13,scDesign3,other
scGAE,scGAE,scGAE,kmax,505.0,scDesign3,BATCH,dr2,13,scDesign3,other
scGAE,scGAE,scGAE,random_triplet,0.697,scDesign3,BATCH,dr1,13,scDesign3,other
scGAE,scGAE,scGAE,spearman,0.485,scDesign3,BATCH,dr1,13,scDesign3,other
scGAE,scGAE,scGAE,svm,0.835,scDesign3,BATCH,dr1,13,scDesign3,other
scGAE,scGAE,scGAE,AUC,0.748,scDesign3,CITE,dr2,13,scDesign3,other
scGAE,scGAE,scGAE,Pearson,0.365,scDesign3,CITE,dr3,13,scDesign3,other
scGAE,scGAE,scGAE,Qglobal,0.759,scDesign3,CITE,dr2,13,scDesign3,other
scGAE,scGAE,scGAE,Qlocal,0.531,scDesign3,CITE,dr2,13,scDesign3,other
scGAE,scGAE,scGAE,centroid_distance,0.624,scDesign3,CITE,dr1,13,scDesign3,other
scGAE,scGAE,scGAE,k-nearest,0.483,scDesign3,CITE,dr1,13,scDesign3,other
scGAE,scGAE,scGAE,kmax,408.0,scDesign3,CITE,dr2,13,scDesign3,other
scGAE,scGAE,scGAE,random_triplet,0.72,scDesign3,CITE,dr1,13,scDesign3,other
scGAE,scGAE,scGAE,spearman,0.546,scDesign3,CITE,dr1,13,scDesign3,other
scGAE,scGAE,scGAE,svm,0.632,scDesign3,CITE,dr1,13,scDesign3,other
scGAE,scGAE,scGAE,AUC,0.725,scDesign3,EMBYRO,dr2,13,scDesign3,other
scGAE,scGAE,scGAE,Pearson,0.385,scDesign3,EMBYRO,dr3,13,scDesign3,other
scGAE,scGAE,scGAE,Qglobal,0.732,scDesign3,EMBYRO,dr2,13,scDesign3,other
scGAE,scGAE,scGAE,Qlocal,0.499,scDesign3,EMBYRO,dr2,13,scDesign3,other
scGAE,scGAE,scGAE,centroid_distance,0.938,scDesign3,EMBYRO,dr1,13,scDesign3,other
scGAE,scGAE,scGAE,k-nearest,0.8,scDesign3,EMBYRO,dr1,13,scDesign3,other
scGAE,scGAE,scGAE,kmax,38.0,scDesign3,EMBYRO,dr2,13,scDesign3,other
scGAE,scGAE,scGAE,random_triplet,0.72,scDesign3,EMBYRO,dr1,13,scDesign3,other
scGAE,scGAE,scGAE,spearman,0.542,scDesign3,EMBYRO,dr1,13,scDesign3,other
scGAE,scGAE,scGAE,svm,0.591,scDesign3,EMBYRO,dr1,13,scDesign3,other
scGAE,scGAE,scGAE,AUC,0.713,scDesign3,IFNB,dr2,13,scDesign3,other
scGAE,scGAE,scGAE,Pearson,0.359,scDesign3,IFNB,dr3,13,scDesign3,other
scGAE,scGAE,scGAE,Qglobal,0.747,scDesign3,IFNB,dr2,13,scDesign3,other
scGAE,scGAE,scGAE,Qlocal,0.425,scDesign3,IFNB,dr2,13,scDesign3,other
scGAE,scGAE,scGAE,centroid_distance,0.633,scDesign3,IFNB,dr1,13,scDesign3,other
scGAE,scGAE,scGAE,k-nearest,0.641,scDesign3,IFNB,dr1,13,scDesign3,other
scGAE,scGAE,scGAE,kmax,1487.0,scDesign3,IFNB,dr2,13,scDesign3,other
scGAE,scGAE,scGAE,random_triplet,0.709,scDesign3,IFNB,dr1,13,scDesign3,other
scGAE,scGAE,scGAE,spearman,0.496,scDesign3,IFNB,dr1,13,scDesign3,other
scGAE,scGAE,scGAE,svm,0.574,scDesign3,IFNB,dr1,13,scDesign3,other
scGAE,scGAE,scGAE,AUC,0.763,scDesign3,MARROW,dr2,13,scDesign3,other
scGAE,scGAE,scGAE,Pearson,0.652,scDesign3,MARROW,dr3,13,scDesign3,other
scGAE,scGAE,scGAE,Qglobal,0.813,scDesign3,MARROW,dr2,13,scDesign3,other
scGAE,scGAE,scGAE,Qlocal,0.529,scDesign3,MARROW,dr2,13,scDesign3,other
scGAE,scGAE,scGAE,centroid_distance,0.858,scDesign3,MARROW,dr1,13,scDesign3,other
scGAE,scGAE,scGAE,k-nearest,0.667,scDesign3,MARROW,dr1,13,scDesign3,other
scGAE,scGAE,scGAE,kmax,464.0,scDesign3,MARROW,dr2,13,scDesign3,other
scGAE,scGAE,scGAE,random_triplet,0.762,scDesign3,MARROW,dr1,13,scDesign3,other
scGAE,scGAE,scGAE,spearman,0.68,scDesign3,MARROW,dr1,13,scDesign3,other
scGAE,scGAE,scGAE,svm,0.919,scDesign3,MARROW,dr1,13,scDesign3,other
scGAE,scGAE,scGAE,AUC,0.657,scDesign3,MOBSC,dr2,13,scDesign3,other
scGAE,scGAE,scGAE,Pearson,0.473,scDesign3,MOBSC,dr3,13,scDesign3,other
scGAE,scGAE,scGAE,Qglobal,0.721,scDesign3,MOBSC,dr2,13,scDesign3,other
scGAE,scGAE,scGAE,Qlocal,0.325,scDesign3,MOBSC,dr2,13,scDesign3,other
scGAE,scGAE,scGAE,centroid_distance,0.759,scDesign3,MOBSC,dr1,13,scDesign3,other
scGAE,scGAE,scGAE,k-nearest,0.5,scDesign3,MOBSC,dr1,13,scDesign3,other
scGAE,scGAE,scGAE,kmax,2016.0,scDesign3,MOBSC,dr2,13,scDesign3,other
scGAE,scGAE,scGAE,random_triplet,0.669,scDesign3,MOBSC,dr1,13,scDesign3,other
scGAE,scGAE,scGAE,spearman,0.504,scDesign3,MOBSC,dr1,13,scDesign3,other
scGAE,scGAE,scGAE,svm,0.827,scDesign3,MOBSC,dr1,13,scDesign3,other
scGAE,scGAE,scGAE,AUC,0.762,scDesign3,OVARIAN,dr2,13,scDesign3,other
scGAE,scGAE,scGAE,Pearson,0.318,scDesign3,OVARIAN,dr3,13,scDesign3,other
scGAE,scGAE,scGAE,Qglobal,0.784,scDesign3,OVARIAN,dr2,13,scDesign3,other
scGAE,scGAE,scGAE,Qlocal,0.542,scDesign3,OVARIAN,dr2,13,scDesign3,other
scGAE,scGAE,scGAE,centroid_distance,0.77,scDesign3,OVARIAN,dr1,13,scDesign3,other
scGAE,scGAE,scGAE,k-nearest,0.697,scDesign3,OVARIAN,dr1,13,scDesign3,other
scGAE,scGAE,scGAE,kmax,314.0,scDesign3,OVARIAN,dr2,13,scDesign3,other
scGAE,scGAE,scGAE,random_triplet,0.743,scDesign3,OVARIAN,dr1,13,scDesign3,other
scGAE,scGAE,scGAE,spearman,0.537,scDesign3,OVARIAN,dr1,13,scDesign3,other
scGAE,scGAE,scGAE,svm,0.441,scDesign3,OVARIAN,dr1,13,scDesign3,other
scGAE,scGAE,scGAE,AUC,0.749,scDesign3,PANCREAS,dr2,13,scDesign3,other
scGAE,scGAE,scGAE,Pearson,0.329,scDesign3,PANCREAS,dr3,13,scDesign3,other
scGAE,scGAE,scGAE,Qglobal,0.786,scDesign3,PANCREAS,dr2,13,scDesign3,other
scGAE,scGAE,scGAE,Qlocal,0.489,scDesign3,PANCREAS,dr2,13,scDesign3,other
scGAE,scGAE,scGAE,centroid_distance,0.807,scDesign3,PANCREAS,dr1,13,scDesign3,other
scGAE,scGAE,scGAE,k-nearest,0.75,scDesign3,PANCREAS,dr1,13,scDesign3,other
scGAE,scGAE,scGAE,kmax,259.0,scDesign3,PANCREAS,dr2,13,scDesign3,other
scGAE,scGAE,scGAE,random_triplet,0.749,scDesign3,PANCREAS,dr1,13,scDesign3,other
scGAE,scGAE,scGAE,spearman,0.54,scDesign3,PANCREAS,dr1,13,scDesign3,other
scGAE,scGAE,scGAE,svm,0.872,scDesign3,PANCREAS,dr1,13,scDesign3,other
scGAE,scGAE,scGAE,AUC,0.781,scDesign3,SCGEMMETH,dr2,13,scDesign3,other
scGAE,scGAE,scGAE,Pearson,0.885,scDesign3,SCGEMMETH,dr3,13,scDesign3,other
scGAE,scGAE,scGAE,Qglobal,0.951,scDesign3,SCGEMMETH,dr2,13,scDesign3,other
scGAE,scGAE,scGAE,Qlocal,0.577,scDesign3,SCGEMMETH,dr2,13,scDesign3,other
scGAE,scGAE,scGAE,centroid_distance,1.0,scDesign3,SCGEMMETH,dr1,13,scDesign3,other
scGAE,scGAE,scGAE,k-nearest,1.0,scDesign3,SCGEMMETH,dr1,13,scDesign3,other
scGAE,scGAE,scGAE,kmax,62.0,scDesign3,SCGEMMETH,dr2,13,scDesign3,other
scGAE,scGAE,scGAE,random_triplet,0.869,scDesign3,SCGEMMETH,dr1,13,scDesign3,other
scGAE,scGAE,scGAE,spearman,0.9,scDesign3,SCGEMMETH,dr1,13,scDesign3,other
scGAE,scGAE,scGAE,svm,0.719,scDesign3,SCGEMMETH,dr1,13,scDesign3,other
scGAE,scGAE,scGAE,AUC,0.826,scDesign3,SCGEMRNA,dr2,13,scDesign3,other
scGAE,scGAE,scGAE,Pearson,0.877,scDesign3,SCGEMRNA,dr3,13,scDesign3,other
scGAE,scGAE,scGAE,Qglobal,0.883,scDesign3,SCGEMRNA,dr2,13,scDesign3,other
scGAE,scGAE,scGAE,Qlocal,0.571,scDesign3,SCGEMRNA,dr2,13,scDesign3,other
scGAE,scGAE,scGAE,centroid_distance,0.975,scDesign3,SCGEMRNA,dr1,13,scDesign3,other
scGAE,scGAE,scGAE,k-nearest,0.8,scDesign3,SCGEMRNA,dr1,13,scDesign3,other
scGAE,scGAE,scGAE,kmax,30.0,scDesign3,SCGEMRNA,dr2,13,scDesign3,other
scGAE,scGAE,scGAE,random_triplet,0.861,scDesign3,SCGEMRNA,dr1,13,scDesign3,other
scGAE,scGAE,scGAE,spearman,0.896,scDesign3,SCGEMRNA,dr1,13,scDesign3,other
scGAE,scGAE,scGAE,svm,0.882,scDesign3,SCGEMRNA,dr1,13,scDesign3,other
scGAE,scGAE,scGAE,AUC,0.515,scDesign3,SCIATAC,dr2,13,scDesign3,other
scGAE,scGAE,scGAE,Pearson,0.196,scDesign3,SCIATAC,dr3,13,scDesign3,other
scGAE,scGAE,scGAE,Qglobal,0.777,scDesign3,SCIATAC,dr2,13,scDesign3,other
scGAE,scGAE,scGAE,Qlocal,0.258,scDesign3,SCIATAC,dr2,13,scDesign3,other
scGAE,scGAE,scGAE,centroid_distance,0.48,scDesign3,SCIATAC,dr1,13,scDesign3,other
scGAE,scGAE,scGAE,k-nearest,0.361,scDesign3,SCIATAC,dr1,13,scDesign3,other
scGAE,scGAE,scGAE,kmax,2033.0,scDesign3,SCIATAC,dr2,13,scDesign3,other
scGAE,scGAE,scGAE,random_triplet,0.526,scDesign3,SCIATAC,dr1,13,scDesign3,other
scGAE,scGAE,scGAE,spearman,0.191,scDesign3,SCIATAC,dr1,13,scDesign3,other
scGAE,scGAE,scGAE,svm,0.465,scDesign3,SCIATAC,dr1,13,scDesign3,other
scGAE,scGAE,scGAE,AUC,0.502,scDesign3,SLIDE,dr2,13,scDesign3,other
scGAE,scGAE,scGAE,Pearson,0.127,scDesign3,SLIDE,dr3,13,scDesign3,other
scGAE,scGAE,scGAE,Qglobal,0.975,scDesign3,SLIDE,dr2,13,scDesign3,other
scGAE,scGAE,scGAE,Qlocal,0.464,scDesign3,SLIDE,dr2,13,scDesign3,other
scGAE,scGAE,scGAE,centroid_distance,0.602,scDesign3,SLIDE,dr1,13,scDesign3,other
scGAE,scGAE,scGAE,k-nearest,0.394,scDesign3,SLIDE,dr1,13,scDesign3,other
scGAE,scGAE,scGAE,kmax,21644.0,scDesign3,SLIDE,dr2,13,scDesign3,other
scGAE,scGAE,scGAE,random_triplet,0.492,scDesign3,SLIDE,dr1,13,scDesign3,other
scGAE,scGAE,scGAE,spearman,0.051,scDesign3,SLIDE,dr1,13,scDesign3,other
scGAE,scGAE,scGAE,svm,0.51,scDesign3,SLIDE,dr1,13,scDesign3,other
scGAE,scGAE,scGAE,AUC,0.805,scDesign3,VISIUM,dr2,13,scDesign3,other
scGAE,scGAE,scGAE,Pearson,0.4,scDesign3,VISIUM,dr3,13,scDesign3,other
scGAE,scGAE,scGAE,Qglobal,0.826,scDesign3,VISIUM,dr2,13,scDesign3,other
scGAE,scGAE,scGAE,Qlocal,0.548,scDesign3,VISIUM,dr2,13,scDesign3,other
scGAE,scGAE,scGAE,centroid_distance,0.698,scDesign3,VISIUM,dr1,13,scDesign3,other
scGAE,scGAE,scGAE,k-nearest,0.733,scDesign3,VISIUM,dr1,13,scDesign3,other
scGAE,scGAE,scGAE,kmax,201.0,scDesign3,VISIUM,dr2,13,scDesign3,other
scGAE,scGAE,scGAE,random_triplet,0.812,scDesign3,VISIUM,dr1,13,scDesign3,other
scGAE,scGAE,scGAE,spearman,0.79,scDesign3,VISIUM,dr1,13,scDesign3,other
scGAE,scGAE,scGAE,svm,0.519,scDesign3,VISIUM,dr1,13,scDesign3,other
DREAM,DREAM,DREAM,AUC,0.653,SIMLR,Pollen,dr2,14,SIMLR,other
DREAM,DREAM,DREAM,Pearson,0.534,SIMLR,Pollen,dr3,14,SIMLR,other
DREAM,DREAM,DREAM,Qglobal,0.704,SIMLR,Pollen,dr2,14,SIMLR,other
DREAM,DREAM,DREAM,Qlocal,0.3,SIMLR,Pollen,dr2,14,SIMLR,other
DREAM,DREAM,DREAM,centroid_distance,0.742,SIMLR,Pollen,dr1,14,SIMLR,other
DREAM,DREAM,DREAM,k-nearest,0.788,SIMLR,Pollen,dr1,14,SIMLR,other
DREAM,DREAM,DREAM,kmax,31.0,SIMLR,Pollen,dr2,14,SIMLR,other
DREAM,DREAM,DREAM,random_triplet,0.664,SIMLR,Pollen,dr1,14,SIMLR,other
DREAM,DREAM,DREAM,spearman,0.533,SIMLR,Pollen,dr1,14,SIMLR,other
DREAM,DREAM,DREAM,svm,0.916,SIMLR,Pollen,dr1,14,SIMLR,other
DREAM,DREAM,DREAM,AUC,0.572,SIMLR,Usoskin,dr2,14,SIMLR,other
DREAM,DREAM,DREAM,Pearson,0.35,SIMLR,Usoskin,dr3,14,SIMLR,other
DREAM,DREAM,DREAM,Qglobal,0.678,SIMLR,Usoskin,dr2,14,SIMLR,other
DREAM,DREAM,DREAM,Qlocal,0.2,SIMLR,Usoskin,dr2,14,SIMLR,other
DREAM,DREAM,DREAM,centroid_distance,0.687,SIMLR,Usoskin,dr1,14,SIMLR,other
DREAM,DREAM,DREAM,k-nearest,0.25,SIMLR,Usoskin,dr1,14,SIMLR,other
DREAM,DREAM,DREAM,kmax,137.0,SIMLR,Usoskin,dr2,14,SIMLR,other
DREAM,DREAM,DREAM,random_triplet,0.596,SIMLR,Usoskin,dr1,14,SIMLR,other
DREAM,DREAM,DREAM,spearman,0.349,SIMLR,Usoskin,dr1,14,SIMLR,other
DREAM,DREAM,DREAM,svm,0.96,SIMLR,Usoskin,dr1,14,SIMLR,other
DREAM,DREAM,DREAM,AUC,0.703,TI,DA1_horns,dr2,14,trajectory,other
DREAM,DREAM,DREAM,Pearson,0.465,TI,DA1_horns,dr3,14,trajectory,other
DREAM,DREAM,DREAM,Qglobal,0.775,TI,DA1_horns,dr2,14,trajectory,other
DREAM,DREAM,DREAM,Qlocal,0.35,TI,DA1_horns,dr2,14,trajectory,other
DREAM,DREAM,DREAM,centroid_distance,0.919,TI,DA1_horns,dr1,14,trajectory,other
DREAM,DREAM,DREAM,k-nearest,0.8,TI,DA1_horns,dr1,14,trajectory,other
DREAM,DREAM,DREAM,kmax,46.0,TI,DA1_horns,dr2,14,trajectory,other
DREAM,DREAM,DREAM,random_triplet,0.742,TI,DA1_horns,dr1,14,trajectory,other
DREAM,DREAM,DREAM,spearman,0.603,TI,DA1_horns,dr1,14,trajectory,other
DREAM,DREAM,DREAM,svm,0.971,TI,DA1_horns,dr1,14,trajectory,other
DREAM,DREAM,DREAM,AUC,0.679,TI,DC3_VA1d_horns,dr2,14,trajectory,other
DREAM,DREAM,DREAM,Pearson,0.339,TI,DC3_VA1d_horns,dr3,14,trajectory,other
DREAM,DREAM,DREAM,Qglobal,0.755,TI,DC3_VA1d_horns,dr2,14,trajectory,other
DREAM,DREAM,DREAM,Qlocal,0.379,TI,DC3_VA1d_horns,dr2,14,trajectory,other
DREAM,DREAM,DREAM,centroid_distance,0.805,TI,DC3_VA1d_horns,dr1,14,trajectory,other
DREAM,DREAM,DREAM,k-nearest,0.5,TI,DC3_VA1d_horns,dr1,14,trajectory,other
DREAM,DREAM,DREAM,kmax,33.0,TI,DC3_VA1d_horns,dr2,14,trajectory,other
DREAM,DREAM,DREAM,random_triplet,0.661,TI,DC3_VA1d_horns,dr1,14,trajectory,other
DREAM,DREAM,DREAM,spearman,0.461,TI,DC3_VA1d_horns,dr1,14,trajectory,other
DREAM,DREAM,DREAM,svm,0.715,TI,DC3_VA1d_horns,dr1,14,trajectory,other
DREAM,DREAM,DREAM,AUC,0.738,TI,ICM,dr2,14,trajectory,other
DREAM,DREAM,DREAM,Pearson,0.605,TI,ICM,dr3,14,trajectory,other
DREAM,DREAM,DREAM,Qglobal,0.771,TI,ICM,dr2,14,trajectory,other
DREAM,DREAM,DREAM,Qlocal,0.517,TI,ICM,dr2,14,trajectory,other
DREAM,DREAM,DREAM,centroid_distance,0.766,TI,ICM,dr1,14,trajectory,other
DREAM,DREAM,DREAM,k-nearest,0.733,TI,ICM,dr1,14,trajectory,other
DREAM,DREAM,DREAM,kmax,34.0,TI,ICM,dr2,14,trajectory,other
DREAM,DREAM,DREAM,random_triplet,0.719,TI,ICM,dr1,14,trajectory,other
DREAM,DREAM,DREAM,spearman,0.586,TI,ICM,dr1,14,trajectory,other
DREAM,DREAM,DREAM,svm,0.941,TI,ICM,dr1,14,trajectory,other
DREAM,DREAM,DREAM,AUC,0.753,TI,blastocyst,dr2,14,trajectory,other
DREAM,DREAM,DREAM,Pearson,0.597,TI,blastocyst,dr3,14,trajectory,other
DREAM,DREAM,DREAM,Qglobal,0.781,TI,blastocyst,dr2,14,trajectory,other
DREAM,DREAM,DREAM,Qlocal,0.501,TI,blastocyst,dr2,14,trajectory,other
DREAM,DREAM,DREAM,centroid_distance,0.715,TI,blastocyst,dr1,14,trajectory,other
DREAM,DREAM,DREAM,k-nearest,0.564,TI,blastocyst,dr1,14,trajectory,other
DREAM,DREAM,DREAM,kmax,33.0,TI,blastocyst,dr2,14,trajectory,other
DREAM,DREAM,DREAM,random_triplet,0.722,TI,blastocyst,dr1,14,trajectory,other
DREAM,DREAM,DREAM,spearman,0.6,TI,blastocyst,dr1,14,trajectory,other
DREAM,DREAM,DREAM,svm,0.931,TI,blastocyst,dr1,14,trajectory,other
DREAM,DREAM,DREAM,AUC,0.554,TI,combination-1,dr2,14,trajectory,other
DREAM,DREAM,DREAM,Pearson,0.338,TI,combination-1,dr3,14,trajectory,other
DREAM,DREAM,DREAM,Qglobal,0.818,TI,combination-1,dr2,14,trajectory,other
DREAM,DREAM,DREAM,Qlocal,0.329,TI,combination-1,dr2,14,trajectory,other
DREAM,DREAM,DREAM,centroid_distance,0.684,TI,combination-1,dr1,14,trajectory,other
DREAM,DREAM,DREAM,k-nearest,0.571,TI,combination-1,dr1,14,trajectory,other
DREAM,DREAM,DREAM,kmax,2310.0,TI,combination-1,dr2,14,trajectory,other
DREAM,DREAM,DREAM,random_triplet,0.586,TI,combination-1,dr1,14,trajectory,other
DREAM,DREAM,DREAM,spearman,0.285,TI,combination-1,dr1,14,trajectory,other
DREAM,DREAM,DREAM,svm,0.676,TI,combination-1,dr1,14,trajectory,other
DREAM,DREAM,DREAM,AUC,0.58,TI,combination-2,dr2,14,trajectory,other
DREAM,DREAM,DREAM,Pearson,0.417,TI,combination-2,dr3,14,trajectory,other
DREAM,DREAM,DREAM,Qglobal,0.737,TI,combination-2,dr2,14,trajectory,other
DREAM,DREAM,DREAM,Qlocal,0.263,TI,combination-2,dr2,14,trajectory,other
DREAM,DREAM,DREAM,centroid_distance,0.588,TI,combination-2,dr1,14,trajectory,other
DREAM,DREAM,DREAM,k-nearest,0.667,TI,combination-2,dr1,14,trajectory,other
DREAM,DREAM,DREAM,kmax,1440.0,TI,combination-2,dr2,14,trajectory,other
DREAM,DREAM,DREAM,random_triplet,0.612,TI,combination-2,dr1,14,trajectory,other
DREAM,DREAM,DREAM,spearman,0.362,TI,combination-2,dr1,14,trajectory,other
DREAM,DREAM,DREAM,svm,0.673,TI,combination-2,dr1,14,trajectory,other
DREAM,DREAM,DREAM,AUC,0.63,TI,combination-3,dr2,14,trajectory,other
DREAM,DREAM,DREAM,Pearson,0.69,TI,combination-3,dr3,14,trajectory,other
DREAM,DREAM,DREAM,Qglobal,0.816,TI,combination-3,dr2,14,trajectory,other
DREAM,DREAM,DREAM,Qlocal,0.355,TI,combination-3,dr2,14,trajectory,other
DREAM,DREAM,DREAM,centroid_distance,0.757,TI,combination-3,dr1,14,trajectory,other
DREAM,DREAM,DREAM,k-nearest,0.643,TI,combination-3,dr1,14,trajectory,other
DREAM,DREAM,DREAM,kmax,916.0,TI,combination-3,dr2,14,trajectory,other
DREAM,DREAM,DREAM,random_triplet,0.677,TI,combination-3,dr1,14,trajectory,other
DREAM,DREAM,DREAM,spearman,0.549,TI,combination-3,dr1,14,trajectory,other
DREAM,DREAM,DREAM,svm,0.759,TI,combination-3,dr1,14,trajectory,other
DREAM,DREAM,DREAM,AUC,0.728,TI,epiblast,dr2,14,trajectory,other
DREAM,DREAM,DREAM,Pearson,0.585,TI,epiblast,dr3,14,trajectory,other
DREAM,DREAM,DREAM,Qglobal,0.782,TI,epiblast,dr2,14,trajectory,other
DREAM,DREAM,DREAM,Qlocal,0.47,TI,epiblast,dr2,14,trajectory,other
DREAM,DREAM,DREAM,centroid_distance,0.805,TI,epiblast,dr1,14,trajectory,other
DREAM,DREAM,DREAM,k-nearest,0.714,TI,epiblast,dr1,14,trajectory,other
DREAM,DREAM,DREAM,kmax,30.0,TI,epiblast,dr2,14,trajectory,other
DREAM,DREAM,DREAM,random_triplet,0.697,TI,epiblast,dr1,14,trajectory,other
DREAM,DREAM,DREAM,spearman,0.601,TI,epiblast,dr1,14,trajectory,other
DREAM,DREAM,DREAM,svm,0.923,TI,epiblast,dr1,14,trajectory,other
DREAM,DREAM,DREAM,AUC,0.594,TI,epidermis,dr2,14,trajectory,other
DREAM,DREAM,DREAM,Pearson,0.564,TI,epidermis,dr3,14,trajectory,other
DREAM,DREAM,DREAM,Qglobal,0.814,TI,epidermis,dr2,14,trajectory,other
DREAM,DREAM,DREAM,Qlocal,0.342,TI,epidermis,dr2,14,trajectory,other
DREAM,DREAM,DREAM,centroid_distance,0.95,TI,epidermis,dr1,14,trajectory,other
DREAM,DREAM,DREAM,k-nearest,1.0,TI,epidermis,dr1,14,trajectory,other
DREAM,DREAM,DREAM,kmax,1869.0,TI,epidermis,dr2,14,trajectory,other
DREAM,DREAM,DREAM,random_triplet,0.633,TI,epidermis,dr1,14,trajectory,other
DREAM,DREAM,DREAM,spearman,0.486,TI,epidermis,dr1,14,trajectory,other
DREAM,DREAM,DREAM,svm,0.84,TI,epidermis,dr1,14,trajectory,other
DREAM,DREAM,DREAM,AUC,0.708,TI,horns,dr2,14,trajectory,other
DREAM,DREAM,DREAM,Pearson,0.488,TI,horns,dr3,14,trajectory,other
DREAM,DREAM,DREAM,Qglobal,0.769,TI,horns,dr2,14,trajectory,other
DREAM,DREAM,DREAM,Qlocal,0.353,TI,horns,dr2,14,trajectory,other
DREAM,DREAM,DREAM,centroid_distance,0.595,TI,horns,dr1,14,trajectory,other
DREAM,DREAM,DREAM,k-nearest,0.571,TI,horns,dr1,14,trajectory,other
DREAM,DREAM,DREAM,kmax,66.0,TI,horns,dr2,14,trajectory,other
DREAM,DREAM,DREAM,random_triplet,0.724,TI,horns,dr1,14,trajectory,other
DREAM,DREAM,DREAM,spearman,0.601,TI,horns,dr1,14,trajectory,other
DREAM,DREAM,DREAM,svm,0.85,TI,horns,dr1,14,trajectory,other
DREAM,DREAM,DREAM,AUC,0.528,TI,muscle,dr2,14,trajectory,other
DREAM,DREAM,DREAM,Pearson,0.32,TI,muscle,dr3,14,trajectory,other
DREAM,DREAM,DREAM,Qglobal,0.629,TI,muscle,dr2,14,trajectory,other
DREAM,DREAM,DREAM,Qlocal,0.132,TI,muscle,dr2,14,trajectory,other
DREAM,DREAM,DREAM,centroid_distance,1.0,TI,muscle,dr1,14,trajectory,other
DREAM,DREAM,DREAM,k-nearest,1.0,TI,muscle,dr1,14,trajectory,other
DREAM,DREAM,DREAM,kmax,479.0,TI,muscle,dr2,14,trajectory,other
DREAM,DREAM,DREAM,random_triplet,0.543,TI,muscle,dr1,14,trajectory,other
DREAM,DREAM,DREAM,spearman,0.149,TI,muscle,dr1,14,trajectory,other
DREAM,DREAM,DREAM,svm,0.721,TI,muscle,dr1,14,trajectory,other
DREAM,DREAM,DREAM,AUC,0.552,TI,neuron,dr2,14,trajectory,other
DREAM,DREAM,DREAM,Pearson,0.569,TI,neuron,dr3,14,trajectory,other
DREAM,DREAM,DREAM,Qglobal,0.836,TI,neuron,dr2,14,trajectory,other
DREAM,DREAM,DREAM,Qlocal,0.341,TI,neuron,dr2,14,trajectory,other
DREAM,DREAM,DREAM,centroid_distance,0.469,TI,neuron,dr1,14,trajectory,other
DREAM,DREAM,DREAM,k-nearest,0.5,TI,neuron,dr1,14,trajectory,other
DREAM,DREAM,DREAM,kmax,1346.0,TI,neuron,dr2,14,trajectory,other
DREAM,DREAM,DREAM,random_triplet,0.581,TI,neuron,dr1,14,trajectory,other
DREAM,DREAM,DREAM,spearman,0.329,TI,neuron,dr1,14,trajectory,other
DREAM,DREAM,DREAM,svm,0.657,TI,neuron,dr1,14,trajectory,other
DREAM,DREAM,DREAM,AUC,0.558,TI,pair-1,dr2,14,trajectory,other
DREAM,DREAM,DREAM,Pearson,0.454,TI,pair-1,dr3,14,trajectory,other
DREAM,DREAM,DREAM,Qglobal,0.738,TI,pair-1,dr2,14,trajectory,other
DREAM,DREAM,DREAM,Qlocal,0.252,TI,pair-1,dr2,14,trajectory,other
DREAM,DREAM,DREAM,centroid_distance,0.792,TI,pair-1,dr1,14,trajectory,other
DREAM,DREAM,DREAM,k-nearest,0.75,TI,pair-1,dr1,14,trajectory,other
DREAM,DREAM,DREAM,kmax,3906.0,TI,pair-1,dr2,14,trajectory,other
DREAM,DREAM,DREAM,random_triplet,0.58,TI,pair-1,dr1,14,trajectory,other
DREAM,DREAM,DREAM,spearman,0.324,TI,pair-1,dr1,14,trajectory,other
DREAM,DREAM,DREAM,svm,0.862,TI,pair-1,dr1,14,trajectory,other
DREAM,DREAM,DREAM,AUC,0.526,TI,pair-2,dr2,14,trajectory,other
DREAM,DREAM,DREAM,Pearson,0.318,TI,pair-2,dr3,14,trajectory,other
DREAM,DREAM,DREAM,Qglobal,0.858,TI,pair-2,dr2,14,trajectory,other
DREAM,DREAM,DREAM,Qlocal,0.356,TI,pair-2,dr2,14,trajectory,other
DREAM,DREAM,DREAM,centroid_distance,0.315,TI,pair-2,dr1,14,trajectory,other
DREAM,DREAM,DREAM,k-nearest,0.41,TI,pair-2,dr1,14,trajectory,other
DREAM,DREAM,DREAM,kmax,7042.0,TI,pair-2,dr2,14,trajectory,other
DREAM,DREAM,DREAM,random_triplet,0.543,TI,pair-2,dr1,14,trajectory,other
DREAM,DREAM,DREAM,spearman,0.231,TI,pair-2,dr1,14,trajectory,other
DREAM,DREAM,DREAM,svm,0.606,TI,pair-2,dr1,14,trajectory,other
DREAM,DREAM,DREAM,AUC,0.569,TI,pair-3,dr2,14,trajectory,other
DREAM,DREAM,DREAM,Pearson,0.57,TI,pair-3,dr3,14,trajectory,other
DREAM,DREAM,DREAM,Qglobal,0.874,TI,pair-3,dr2,14,trajectory,other
DREAM,DREAM,DREAM,Qlocal,0.374,TI,pair-3,dr2,14,trajectory,other
DREAM,DREAM,DREAM,centroid_distance,0.793,TI,pair-3,dr1,14,trajectory,other
DREAM,DREAM,DREAM,k-nearest,0.625,TI,pair-3,dr1,14,trajectory,other
DREAM,DREAM,DREAM,kmax,5245.0,TI,pair-3,dr2,14,trajectory,other
DREAM,DREAM,DREAM,random_triplet,0.615,TI,pair-3,dr1,14,trajectory,other
DREAM,DREAM,DREAM,spearman,0.471,TI,pair-3,dr1,14,trajectory,other
DREAM,DREAM,DREAM,svm,0.881,TI,pair-3,dr1,14,trajectory,other
DREAM,DREAM,DREAM,AUC,0.507,TI,pair-4,dr2,14,trajectory,other
DREAM,DREAM,DREAM,Pearson,0.117,TI,pair-4,dr3,14,trajectory,other
DREAM,DREAM,DREAM,Qglobal,0.852,TI,pair-4,dr2,14,trajectory,other
DREAM,DREAM,DREAM,Qlocal,0.349,TI,pair-4,dr2,14,trajectory,other
DREAM,DREAM,DREAM,centroid_distance,0.867,TI,pair-4,dr1,14,trajectory,other
DREAM,DREAM,DREAM,k-nearest,0.6,TI,pair-4,dr1,14,trajectory,other
DREAM,DREAM,DREAM,kmax,6137.0,TI,pair-4,dr2,14,trajectory,other
DREAM,DREAM,DREAM,random_triplet,0.512,TI,pair-4,dr1,14,trajectory,other
DREAM,DREAM,DREAM,spearman,0.014,TI,pair-4,dr1,14,trajectory,other
DREAM,DREAM,DREAM,svm,0.705,TI,pair-4,dr1,14,trajectory,other
DREAM,DREAM,DREAM,AUC,0.574,TI,parenchyme,dr2,14,trajectory,other
DREAM,DREAM,DREAM,Pearson,0.329,TI,parenchyme,dr3,14,trajectory,other
DREAM,DREAM,DREAM,Qglobal,0.731,TI,parenchyme,dr2,14,trajectory,other
DREAM,DREAM,DREAM,Qlocal,0.26,TI,parenchyme,dr2,14,trajectory,other
DREAM,DREAM,DREAM,centroid_distance,0.776,TI,parenchyme,dr1,14,trajectory,other
DREAM,DREAM,DREAM,k-nearest,0.4,TI,parenchyme,dr1,14,trajectory,other
DREAM,DREAM,DREAM,kmax,661.0,TI,parenchyme,dr2,14,trajectory,other
DREAM,DREAM,DREAM,random_triplet,0.594,TI,parenchyme,dr1,14,trajectory,other
DREAM,DREAM,DREAM,spearman,0.284,TI,parenchyme,dr1,14,trajectory,other
DREAM,DREAM,DREAM,svm,0.709,TI,parenchyme,dr1,14,trajectory,other
DREAM,DREAM,DREAM,AUC,0.605,TI,phagocyte,dr2,14,trajectory,other
DREAM,DREAM,DREAM,Pearson,0.468,TI,phagocyte,dr3,14,trajectory,other
DREAM,DREAM,DREAM,Qglobal,0.814,TI,phagocyte,dr2,14,trajectory,other
DREAM,DREAM,DREAM,Qlocal,0.342,TI,phagocyte,dr2,14,trajectory,other
DREAM,DREAM,DREAM,centroid_distance,1.0,TI,phagocyte,dr1,14,trajectory,other
DREAM,DREAM,DREAM,k-nearest,1.0,TI,phagocyte,dr1,14,trajectory,other
DREAM,DREAM,DREAM,kmax,306.0,TI,phagocyte,dr2,14,trajectory,other
DREAM,DREAM,DREAM,random_triplet,0.63,TI,phagocyte,dr1,14,trajectory,other
DREAM,DREAM,DREAM,spearman,0.488,TI,phagocyte,dr1,14,trajectory,other
DREAM,DREAM,DREAM,svm,0.918,TI,phagocyte,dr1,14,trajectory,other
DREAM,DREAM,DREAM,AUC,0.64,TI,pharynx,dr2,14,trajectory,other
DREAM,DREAM,DREAM,Pearson,0.64,TI,pharynx,dr3,14,trajectory,other
DREAM,DREAM,DREAM,Qglobal,0.822,TI,pharynx,dr2,14,trajectory,other
DREAM,DREAM,DREAM,Qlocal,0.358,TI,pharynx,dr2,14,trajectory,other
DREAM,DREAM,DREAM,centroid_distance,1.0,TI,pharynx,dr1,14,trajectory,other
DREAM,DREAM,DREAM,k-nearest,1.0,TI,pharynx,dr1,14,trajectory,other
DREAM,DREAM,DREAM,kmax,113.0,TI,pharynx,dr2,14,trajectory,other
DREAM,DREAM,DREAM,random_triplet,0.701,TI,pharynx,dr1,14,trajectory,other
DREAM,DREAM,DREAM,spearman,0.624,TI,pharynx,dr1,14,trajectory,other
DREAM,DREAM,DREAM,svm,0.979,TI,pharynx,dr1,14,trajectory,other
DREAM,DREAM,DREAM,AUC,0.716,TI,trophectoderm,dr2,14,trajectory,other
DREAM,DREAM,DREAM,Pearson,0.645,TI,trophectoderm,dr3,14,trajectory,other
DREAM,DREAM,DREAM,Qglobal,0.829,TI,trophectoderm,dr2,14,trajectory,other
DREAM,DREAM,DREAM,Qlocal,0.415,TI,trophectoderm,dr2,14,trajectory,other
DREAM,DREAM,DREAM,centroid_distance,0.858,TI,trophectoderm,dr1,14,trajectory,other
DREAM,DREAM,DREAM,k-nearest,0.667,TI,trophectoderm,dr1,14,trajectory,other
DREAM,DREAM,DREAM,kmax,21.0,TI,trophectoderm,dr2,14,trajectory,other
DREAM,DREAM,DREAM,random_triplet,0.771,TI,trophectoderm,dr1,14,trajectory,other
DREAM,DREAM,DREAM,spearman,0.729,TI,trophectoderm,dr1,14,trajectory,other
DREAM,DREAM,DREAM,svm,0.988,TI,trophectoderm,dr1,14,trajectory,other
DREAM,DREAM,DREAM,AUC,0.692,VASC,Baron,dr2,14,VASC,other
DREAM,DREAM,DREAM,Pearson,0.699,VASC,Baron,dr3,14,VASC,other
DREAM,DREAM,DREAM,Qglobal,0.778,VASC,Baron,dr2,14,VASC,other
DREAM,DREAM,DREAM,Qlocal,0.37,VASC,Baron,dr2,14,VASC,other
DREAM,DREAM,DREAM,centroid_distance,0.782,VASC,Baron,dr1,14,VASC,other
DREAM,DREAM,DREAM,k-nearest,0.571,VASC,Baron,dr1,14,VASC,other
DREAM,DREAM,DREAM,kmax,1787.0,VASC,Baron,dr2,14,VASC,other
DREAM,DREAM,DREAM,random_triplet,0.716,VASC,Baron,dr1,14,VASC,other
DREAM,DREAM,DREAM,spearman,0.71,VASC,Baron,dr1,14,VASC,other
DREAM,DREAM,DREAM,svm,0.288,VASC,Baron,dr1,14,VASC,other
DREAM,DREAM,DREAM,AUC,0.781,VASC,Biase,dr2,14,VASC,other
DREAM,DREAM,DREAM,Pearson,0.783,VASC,Biase,dr3,14,VASC,other
DREAM,DREAM,DREAM,Qglobal,0.903,VASC,Biase,dr2,14,VASC,other
DREAM,DREAM,DREAM,Qlocal,0.589,VASC,Biase,dr2,14,VASC,other
DREAM,DREAM,DREAM,centroid_distance,0.855,VASC,Biase,dr1,14,VASC,other
DREAM,DREAM,DREAM,k-nearest,0.75,VASC,Biase,dr1,14,VASC,other
DREAM,DREAM,DREAM,kmax,19.0,VASC,Biase,dr2,14,VASC,other
DREAM,DREAM,DREAM,random_triplet,0.818,VASC,Biase,dr1,14,VASC,other
DREAM,DREAM,DREAM,spearman,0.857,VASC,Biase,dr1,14,VASC,other
DREAM,DREAM,DREAM,svm,0.967,VASC,Biase,dr1,14,VASC,other
DREAM,DREAM,DREAM,AUC,0.777,VASC,Goolam,dr2,14,VASC,other
DREAM,DREAM,DREAM,Pearson,0.848,VASC,Goolam,dr3,14,VASC,other
DREAM,DREAM,DREAM,Qglobal,0.823,VASC,Goolam,dr2,14,VASC,other
DREAM,DREAM,DREAM,Qlocal,0.482,VASC,Goolam,dr2,14,VASC,other
DREAM,DREAM,DREAM,centroid_distance,1.0,VASC,Goolam,dr1,14,VASC,other
DREAM,DREAM,DREAM,k-nearest,1.0,VASC,Goolam,dr1,14,VASC,other
DREAM,DREAM,DREAM,kmax,15.0,VASC,Goolam,dr2,14,VASC,other
DREAM,DREAM,DREAM,random_triplet,0.803,VASC,Goolam,dr1,14,VASC,other
DREAM,DREAM,DREAM,spearman,0.832,VASC,Goolam,dr1,14,VASC,other
DREAM,DREAM,DREAM,svm,0.96,VASC,Goolam,dr1,14,VASC,other
DREAM,DREAM,DREAM,AUC,0.612,VASC,Xin,dr2,14,VASC,other
DREAM,DREAM,DREAM,Pearson,0.585,VASC,Xin,dr3,14,VASC,other
DREAM,DREAM,DREAM,Qglobal,0.845,VASC,Xin,dr2,14,VASC,other
DREAM,DREAM,DREAM,Qlocal,0.377,VASC,Xin,dr2,14,VASC,other
DREAM,DREAM,DREAM,centroid_distance,0.834,VASC,Xin,dr1,14,VASC,other
DREAM,DREAM,DREAM,k-nearest,0.688,VASC,Xin,dr1,14,VASC,other
DREAM,DREAM,DREAM,kmax,797.0,VASC,Xin,dr2,14,VASC,other
DREAM,DREAM,DREAM,random_triplet,0.655,VASC,Xin,dr1,14,VASC,other
DREAM,DREAM,DREAM,spearman,0.559,VASC,Xin,dr1,14,VASC,other
DREAM,DREAM,DREAM,svm,0.872,VASC,Xin,dr1,14,VASC,other
DREAM,DREAM,DREAM,AUC,0.68,VASC,Zeisel,dr2,14,VASC,other
DREAM,DREAM,DREAM,Pearson,0.591,VASC,Zeisel,dr3,14,VASC,other
DREAM,DREAM,DREAM,Qglobal,0.767,VASC,Zeisel,dr2,14,VASC,other
DREAM,DREAM,DREAM,Qlocal,0.377,VASC,Zeisel,dr2,14,VASC,other
DREAM,DREAM,DREAM,centroid_distance,0.755,VASC,Zeisel,dr1,14,VASC,other
DREAM,DREAM,DREAM,k-nearest,0.444,VASC,Zeisel,dr1,14,VASC,other
DREAM,DREAM,DREAM,kmax,667.0,VASC,Zeisel,dr2,14,VASC,other
DREAM,DREAM,DREAM,random_triplet,0.697,VASC,Zeisel,dr1,14,VASC,other
DREAM,DREAM,DREAM,spearman,0.562,VASC,Zeisel,dr1,14,VASC,other
DREAM,DREAM,DREAM,svm,0.857,VASC,Zeisel,dr1,14,VASC,other
DREAM,DREAM,DREAM,AUC,0.804,VASC,yan,dr2,14,VASC,other
DREAM,DREAM,DREAM,Pearson,0.822,VASC,yan,dr3,14,VASC,other
DREAM,DREAM,DREAM,Qglobal,0.859,VASC,yan,dr2,14,VASC,other
DREAM,DREAM,DREAM,Qlocal,0.497,VASC,yan,dr2,14,VASC,other
DREAM,DREAM,DREAM,centroid_distance,0.867,VASC,yan,dr1,14,VASC,other
DREAM,DREAM,DREAM,k-nearest,1.0,VASC,yan,dr1,14,VASC,other
DREAM,DREAM,DREAM,kmax,12.0,VASC,yan,dr2,14,VASC,other
DREAM,DREAM,DREAM,random_triplet,0.827,VASC,yan,dr1,14,VASC,other
DREAM,DREAM,DREAM,spearman,0.807,VASC,yan,dr1,14,VASC,other
DREAM,DREAM,DREAM,svm,0.878,VASC,yan,dr1,14,VASC,other
DREAM,DREAM,DREAM,AUC,0.602,benchmarker,Baron_mouse,dr2,14,curated,other
DREAM,DREAM,DREAM,Pearson,0.645,benchmarker,Baron_mouse,dr3,14,curated,other
DREAM,DREAM,DREAM,Qglobal,0.912,benchmarker,Baron_mouse,dr2,14,curated,other
DREAM,DREAM,DREAM,Qlocal,0.457,benchmarker,Baron_mouse,dr2,14,curated,other
DREAM,DREAM,DREAM,centroid_distance,0.449,benchmarker,Baron_mouse,dr1,14,curated,other
DREAM,DREAM,DREAM,k-nearest,0.692,benchmarker,Baron_mouse,dr1,14,curated,other
DREAM,DREAM,DREAM,kmax,1284.0,benchmarker,Baron_mouse,dr2,14,curated,other
DREAM,DREAM,DREAM,random_triplet,0.636,benchmarker,Baron_mouse,dr1,14,curated,other
DREAM,DREAM,DREAM,spearman,0.657,benchmarker,Baron_mouse,dr1,14,curated,other
DREAM,DREAM,DREAM,svm,0.736,benchmarker,Baron_mouse,dr1,14,curated,other
DREAM,DREAM,DREAM,AUC,0.685,benchmarker,Darmanis,dr2,14,curated,other
DREAM,DREAM,DREAM,Pearson,0.544,benchmarker,Darmanis,dr3,14,curated,other
DREAM,DREAM,DREAM,Qglobal,0.728,benchmarker,Darmanis,dr2,14,curated,other
DREAM,DREAM,DREAM,Qlocal,0.381,benchmarker,Darmanis,dr2,14,curated,other
DREAM,DREAM,DREAM,centroid_distance,0.595,benchmarker,Darmanis,dr1,14,curated,other
DREAM,DREAM,DREAM,k-nearest,0.375,benchmarker,Darmanis,dr1,14,curated,other
DREAM,DREAM,DREAM,kmax,51.0,benchmarker,Darmanis,dr2,14,curated,other
DREAM,DREAM,DREAM,random_triplet,0.684,benchmarker,Darmanis,dr1,14,curated,other
DREAM,DREAM,DREAM,spearman,0.525,benchmarker,Darmanis,dr1,14,curated,other
DREAM,DREAM,DREAM,svm,0.945,benchmarker,Darmanis,dr1,14,curated,other
DREAM,DREAM,DREAM,AUC,0.676,benchmarker,Pancreatic,dr2,14,curated,other
DREAM,DREAM,DREAM,Pearson,0.6,benchmarker,Pancreatic,dr3,14,curated,other
DREAM,DREAM,DREAM,Qglobal,0.755,benchmarker,Pancreatic,dr2,14,curated,other
DREAM,DREAM,DREAM,Qlocal,0.311,benchmarker,Pancreatic,dr2,14,curated,other
DREAM,DREAM,DREAM,centroid_distance,0.853,benchmarker,Pancreatic,dr1,14,curated,other
DREAM,DREAM,DREAM,k-nearest,0.583,benchmarker,Pancreatic,dr1,14,curated,other
DREAM,DREAM,DREAM,kmax,10.0,benchmarker,Pancreatic,dr2,14,curated,other
DREAM,DREAM,DREAM,random_triplet,0.68,benchmarker,Pancreatic,dr1,14,curated,other
DREAM,DREAM,DREAM,spearman,0.626,benchmarker,Pancreatic,dr1,14,curated,other
DREAM,DREAM,DREAM,svm,0.733,benchmarker,Pancreatic,dr1,14,curated,other
DREAM,DREAM,DREAM,AUC,0.681,benchmarker,Silver,dr2,14,curated,other
DREAM,DREAM,DREAM,Pearson,0.651,benchmarker,Silver,dr3,14,curated,other
DREAM,DREAM,DREAM,Qglobal,0.801,benchmarker,Silver,dr2,14,curated,other
DREAM,DREAM,DREAM,Qlocal,0.325,benchmarker,Silver,dr2,14,curated,other
DREAM,DREAM,DREAM,centroid_distance,0.961,benchmarker,Silver,dr1,14,curated,other
DREAM,DREAM,DREAM,k-nearest,0.848,benchmarker,Silver,dr1,14,curated,other
DREAM,DREAM,DREAM,kmax,648.0,benchmarker,Silver,dr2,14,curated,other
DREAM,DREAM,DREAM,random_triplet,0.719,benchmarker,Silver,dr1,14,curated,other
DREAM,DREAM,DREAM,spearman,0.664,benchmarker,Silver,dr1,14,curated,other
DREAM,DREAM,DREAM,svm,0.481,benchmarker,Silver,dr1,14,curated,other
DREAM,DREAM,DREAM,AUC,0.604,benchmarker,Zhengmix4eq,dr2,14,curated,other
DREAM,DREAM,DREAM,Pearson,0.45,benchmarker,Zhengmix4eq,dr3,14,curated,other
DREAM,DREAM,DREAM,Qglobal,0.789,benchmarker,Zhengmix4eq,dr2,14,curated,other
DREAM,DREAM,DREAM,Qlocal,0.328,benchmarker,Zhengmix4eq,dr2,14,curated,other
DREAM,DREAM,DREAM,centroid_distance,0.976,benchmarker,Zhengmix4eq,dr1,14,curated,other
DREAM,DREAM,DREAM,k-nearest,1.0,benchmarker,Zhengmix4eq,dr1,14,curated,other
DREAM,DREAM,DREAM,kmax,1603.0,benchmarker,Zhengmix4eq,dr2,14,curated,other
DREAM,DREAM,DREAM,random_triplet,0.628,benchmarker,Zhengmix4eq,dr1,14,curated,other
DREAM,DREAM,DREAM,spearman,0.457,benchmarker,Zhengmix4eq,dr1,14,curated,other
DREAM,DREAM,DREAM,svm,0.71,benchmarker,Zhengmix4eq,dr1,14,curated,other
DREAM,DREAM,DREAM,AUC,0.503,scDesign3,ACINAR,dr2,14,scDesign3,other
DREAM,DREAM,DREAM,Pearson,0.023,scDesign3,ACINAR,dr3,14,scDesign3,other
DREAM,DREAM,DREAM,Qglobal,0.776,scDesign3,ACINAR,dr2,14,scDesign3,other
DREAM,DREAM,DREAM,Qlocal,0.275,scDesign3,ACINAR,dr2,14,scDesign3,other
DREAM,DREAM,DREAM,centroid_distance,0.412,scDesign3,ACINAR,dr1,14,scDesign3,other
DREAM,DREAM,DREAM,k-nearest,0.467,scDesign3,ACINAR,dr1,14,scDesign3,other
DREAM,DREAM,DREAM,kmax,1659.0,scDesign3,ACINAR,dr2,14,scDesign3,other
DREAM,DREAM,DREAM,random_triplet,0.504,scDesign3,ACINAR,dr1,14,scDesign3,other
DREAM,DREAM,DREAM,spearman,0.026,scDesign3,ACINAR,dr1,14,scDesign3,other
DREAM,DREAM,DREAM,svm,0.136,scDesign3,ACINAR,dr1,14,scDesign3,other
DREAM,DREAM,DREAM,AUC,0.593,scDesign3,ATAC,dr2,14,scDesign3,other
DREAM,DREAM,DREAM,Pearson,0.37,scDesign3,ATAC,dr3,14,scDesign3,other
DREAM,DREAM,DREAM,Qglobal,0.772,scDesign3,ATAC,dr2,14,scDesign3,other
DREAM,DREAM,DREAM,Qlocal,0.3,scDesign3,ATAC,dr2,14,scDesign3,other
DREAM,DREAM,DREAM,centroid_distance,0.764,scDesign3,ATAC,dr1,14,scDesign3,other
DREAM,DREAM,DREAM,k-nearest,0.718,scDesign3,ATAC,dr1,14,scDesign3,other
DREAM,DREAM,DREAM,kmax,2663.0,scDesign3,ATAC,dr2,14,scDesign3,other
DREAM,DREAM,DREAM,random_triplet,0.629,scDesign3,ATAC,dr1,14,scDesign3,other
DREAM,DREAM,DREAM,spearman,0.364,scDesign3,ATAC,dr1,14,scDesign3,other
DREAM,DREAM,DREAM,svm,0.56,scDesign3,ATAC,dr1,14,scDesign3,other
DREAM,DREAM,DREAM,AUC,0.552,scDesign3,BATCH,dr2,14,scDesign3,other
DREAM,DREAM,DREAM,Pearson,0.507,scDesign3,BATCH,dr3,14,scDesign3,other
DREAM,DREAM,DREAM,Qglobal,0.714,scDesign3,BATCH,dr2,14,scDesign3,other
DREAM,DREAM,DREAM,Qlocal,0.228,scDesign3,BATCH,dr2,14,scDesign3,other
DREAM,DREAM,DREAM,centroid_distance,0.549,scDesign3,BATCH,dr1,14,scDesign3,other
DREAM,DREAM,DREAM,k-nearest,0.278,scDesign3,BATCH,dr1,14,scDesign3,other
DREAM,DREAM,DREAM,kmax,2083.0,scDesign3,BATCH,dr2,14,scDesign3,other
DREAM,DREAM,DREAM,random_triplet,0.568,scDesign3,BATCH,dr1,14,scDesign3,other
DREAM,DREAM,DREAM,spearman,0.234,scDesign3,BATCH,dr1,14,scDesign3,other
DREAM,DREAM,DREAM,svm,0.34,scDesign3,BATCH,dr1,14,scDesign3,other
DREAM,DREAM,DREAM,AUC,0.5,scDesign3,CITE,dr2,14,scDesign3,other
DREAM,DREAM,DREAM,Pearson,0.005,scDesign3,CITE,dr3,14,scDesign3,other
DREAM,DREAM,DREAM,Qglobal,0.986,scDesign3,CITE,dr2,14,scDesign3,other
DREAM,DREAM,DREAM,Qlocal,0.483,scDesign3,CITE,dr2,14,scDesign3,other
DREAM,DREAM,DREAM,centroid_distance,0.118,scDesign3,CITE,dr1,14,scDesign3,other
DREAM,DREAM,DREAM,k-nearest,0.283,scDesign3,CITE,dr1,14,scDesign3,other
DREAM,DREAM,DREAM,kmax,8321.0,scDesign3,CITE,dr2,14,scDesign3,other
DREAM,DREAM,DREAM,random_triplet,0.499,scDesign3,CITE,dr1,14,scDesign3,other
DREAM,DREAM,DREAM,spearman,-0.007,scDesign3,CITE,dr1,14,scDesign3,other
DREAM,DREAM,DREAM,svm,0.266,scDesign3,CITE,dr1,14,scDesign3,other
DREAM,DREAM,DREAM,AUC,0.541,scDesign3,EMBYRO,dr2,14,scDesign3,other
DREAM,DREAM,DREAM,Pearson,0.248,scDesign3,EMBYRO,dr3,14,scDesign3,other
DREAM,DREAM,DREAM,Qglobal,0.68,scDesign3,EMBYRO,dr2,14,scDesign3,other
DREAM,DREAM,DREAM,Qlocal,0.199,scDesign3,EMBYRO,dr2,14,scDesign3,other
DREAM,DREAM,DREAM,centroid_distance,0.602,scDesign3,EMBYRO,dr1,14,scDesign3,other
DREAM,DREAM,DREAM,k-nearest,0.2,scDesign3,EMBYRO,dr1,14,scDesign3,other
DREAM,DREAM,DREAM,kmax,373.0,scDesign3,EMBYRO,dr2,14,scDesign3,other
DREAM,DREAM,DREAM,random_triplet,0.546,scDesign3,EMBYRO,dr1,14,scDesign3,other
DREAM,DREAM,DREAM,spearman,0.174,scDesign3,EMBYRO,dr1,14,scDesign3,other
DREAM,DREAM,DREAM,svm,0.319,scDesign3,EMBYRO,dr1,14,scDesign3,other
DREAM,DREAM,DREAM,AUC,0.614,scDesign3,IFNB,dr2,14,scDesign3,other
DREAM,DREAM,DREAM,Pearson,0.366,scDesign3,IFNB,dr3,14,scDesign3,other
DREAM,DREAM,DREAM,Qglobal,0.782,scDesign3,IFNB,dr2,14,scDesign3,other
DREAM,DREAM,DREAM,Qlocal,0.342,scDesign3,IFNB,dr2,14,scDesign3,other
DREAM,DREAM,DREAM,centroid_distance,0.946,scDesign3,IFNB,dr1,14,scDesign3,other
DREAM,DREAM,DREAM,k-nearest,0.615,scDesign3,IFNB,dr1,14,scDesign3,other
DREAM,DREAM,DREAM,kmax,5328.0,scDesign3,IFNB,dr2,14,scDesign3,other
DREAM,DREAM,DREAM,random_triplet,0.636,scDesign3,IFNB,dr1,14,scDesign3,other
DREAM,DREAM,DREAM,spearman,0.316,scDesign3,IFNB,dr1,14,scDesign3,other
DREAM,DREAM,DREAM,svm,0.471,scDesign3,IFNB,dr1,14,scDesign3,other
DREAM,DREAM,DREAM,AUC,0.624,scDesign3,MARROW,dr2,14,scDesign3,other
DREAM,DREAM,DREAM,Pearson,0.428,scDesign3,MARROW,dr3,14,scDesign3,other
DREAM,DREAM,DREAM,Qglobal,0.773,scDesign3,MARROW,dr2,14,scDesign3,other
DREAM,DREAM,DREAM,Qlocal,0.316,scDesign3,MARROW,dr2,14,scDesign3,other
DREAM,DREAM,DREAM,centroid_distance,0.858,scDesign3,MARROW,dr1,14,scDesign3,other
DREAM,DREAM,DREAM,k-nearest,0.667,scDesign3,MARROW,dr1,14,scDesign3,other
DREAM,DREAM,DREAM,kmax,867.0,scDesign3,MARROW,dr2,14,scDesign3,other
DREAM,DREAM,DREAM,random_triplet,0.65,scDesign3,MARROW,dr1,14,scDesign3,other
DREAM,DREAM,DREAM,spearman,0.415,scDesign3,MARROW,dr1,14,scDesign3,other
DREAM,DREAM,DREAM,svm,0.752,scDesign3,MARROW,dr1,14,scDesign3,other
DREAM,DREAM,DREAM,AUC,0.612,scDesign3,MOBSC,dr2,14,scDesign3,other
DREAM,DREAM,DREAM,Pearson,0.263,scDesign3,MOBSC,dr3,14,scDesign3,other
DREAM,DREAM,DREAM,Qglobal,0.704,scDesign3,MOBSC,dr2,14,scDesign3,other
DREAM,DREAM,DREAM,Qlocal,0.265,scDesign3,MOBSC,dr2,14,scDesign3,other
DREAM,DREAM,DREAM,centroid_distance,0.614,scDesign3,MOBSC,dr1,14,scDesign3,other
DREAM,DREAM,DREAM,k-nearest,0.25,scDesign3,MOBSC,dr1,14,scDesign3,other
DREAM,DREAM,DREAM,kmax,2630.0,scDesign3,MOBSC,dr2,14,scDesign3,other
DREAM,DREAM,DREAM,random_triplet,0.624,scDesign3,MOBSC,dr1,14,scDesign3,other
DREAM,DREAM,DREAM,spearman,0.334,scDesign3,MOBSC,dr1,14,scDesign3,other
DREAM,DREAM,DREAM,svm,0.801,scDesign3,MOBSC,dr1,14,scDesign3,other
DREAM,DREAM,DREAM,AUC,0.502,scDesign3,OVARIAN,dr2,14,scDesign3,other
DREAM,DREAM,DREAM,Pearson,0.021,scDesign3,OVARIAN,dr3,14,scDesign3,other
DREAM,DREAM,DREAM,Qglobal,0.855,scDesign3,OVARIAN,dr2,14,scDesign3,other
DREAM,DREAM,DREAM,Qlocal,0.354,scDesign3,OVARIAN,dr2,14,scDesign3,other
DREAM,DREAM,DREAM,centroid_distance,0.126,scDesign3,OVARIAN,dr1,14,scDesign3,other
DREAM,DREAM,DREAM,k-nearest,0.364,scDesign3,OVARIAN,dr1,14,scDesign3,other
DREAM,DREAM,DREAM,kmax,2437.0,scDesign3,OVARIAN,dr2,14,scDesign3,other
DREAM,DREAM,DREAM,random_triplet,0.507,scDesign3,OVARIAN,dr1,14,scDesign3,other
DREAM,DREAM,DREAM,spearman,-0.006,scDesign3,OVARIAN,dr1,14,scDesign3,other
DREAM,DREAM,DREAM,svm,0.12,scDesign3,OVARIAN,dr1,14,scDesign3,other
DREAM,DREAM,DREAM,AUC,0.56,scDesign3,PANCREAS,dr2,14,scDesign3,other
DREAM,DREAM,DREAM,Pearson,0.328,scDesign3,PANCREAS,dr3,14,scDesign3,other
DREAM,DREAM,DREAM,Qglobal,0.709,scDesign3,PANCREAS,dr2,14,scDesign3,other
DREAM,DREAM,DREAM,Qlocal,0.228,scDesign3,PANCREAS,dr2,14,scDesign3,other
DREAM,DREAM,DREAM,centroid_distance,0.904,scDesign3,PANCREAS,dr1,14,scDesign3,other
DREAM,DREAM,DREAM,k-nearest,0.75,scDesign3,PANCREAS,dr1,14,scDesign3,other
DREAM,DREAM,DREAM,kmax,643.0,scDesign3,PANCREAS,dr2,14,scDesign3,other
DREAM,DREAM,DREAM,random_triplet,0.576,scDesign3,PANCREAS,dr1,14,scDesign3,other
DREAM,DREAM,DREAM,spearman,0.253,scDesign3,PANCREAS,dr1,14,scDesign3,other
DREAM,DREAM,DREAM,svm,0.536,scDesign3,PANCREAS,dr1,14,scDesign3,other
DREAM,DREAM,DREAM,AUC,0.658,scDesign3,SCGEMMETH,dr2,14,scDesign3,other
DREAM,DREAM,DREAM,Pearson,0.582,scDesign3,SCGEMMETH,dr3,14,scDesign3,other
DREAM,DREAM,DREAM,Qglobal,0.843,scDesign3,SCGEMMETH,dr2,14,scDesign3,other
DREAM,DREAM,DREAM,Qlocal,0.386,scDesign3,SCGEMMETH,dr2,14,scDesign3,other
DREAM,DREAM,DREAM,centroid_distance,0.952,scDesign3,SCGEMMETH,dr1,14,scDesign3,other
DREAM,DREAM,DREAM,k-nearest,1.0,scDesign3,SCGEMMETH,dr1,14,scDesign3,other
DREAM,DREAM,DREAM,kmax,56.0,scDesign3,SCGEMMETH,dr2,14,scDesign3,other
DREAM,DREAM,DREAM,random_triplet,0.723,scDesign3,SCGEMMETH,dr1,14,scDesign3,other
DREAM,DREAM,DREAM,spearman,0.584,scDesign3,SCGEMMETH,dr1,14,scDesign3,other
DREAM,DREAM,DREAM,svm,0.543,scDesign3,SCGEMMETH,dr1,14,scDesign3,other
DREAM,DREAM,DREAM,AUC,0.674,scDesign3,SCGEMRNA,dr2,14,scDesign3,other
DREAM,DREAM,DREAM,Pearson,0.603,scDesign3,SCGEMRNA,dr3,14,scDesign3,other
DREAM,DREAM,DREAM,Qglobal,0.842,scDesign3,SCGEMRNA,dr2,14,scDesign3,other
DREAM,DREAM,DREAM,Qlocal,0.408,scDesign3,SCGEMRNA,dr2,14,scDesign3,other
DREAM,DREAM,DREAM,centroid_distance,0.988,scDesign3,SCGEMRNA,dr1,14,scDesign3,other
DREAM,DREAM,DREAM,k-nearest,1.0,scDesign3,SCGEMRNA,dr1,14,scDesign3,other
DREAM,DREAM,DREAM,kmax,67.0,scDesign3,SCGEMRNA,dr2,14,scDesign3,other
DREAM,DREAM,DREAM,random_triplet,0.732,scDesign3,SCGEMRNA,dr1,14,scDesign3,other
DREAM,DREAM,DREAM,spearman,0.615,scDesign3,SCGEMRNA,dr1,14,scDesign3,other
DREAM,DREAM,DREAM,svm,0.569,scDesign3,SCGEMRNA,dr1,14,scDesign3,other
DREAM,DREAM,DREAM,AUC,0.501,scDesign3,SCIATAC,dr2,14,scDesign3,other
DREAM,DREAM,DREAM,Pearson,0.148,scDesign3,SCIATAC,dr3,14,scDesign3,other
DREAM,DREAM,DREAM,Qglobal,0.914,scDesign3,SCIATAC,dr2,14,scDesign3,other
DREAM,DREAM,DREAM,Qlocal,0.401,scDesign3,SCIATAC,dr2,14,scDesign3,other
DREAM,DREAM,DREAM,centroid_distance,0.609,scDesign3,SCIATAC,dr1,14,scDesign3,other
DREAM,DREAM,DREAM,k-nearest,0.444,scDesign3,SCIATAC,dr1,14,scDesign3,other
DREAM,DREAM,DREAM,kmax,3235.0,scDesign3,SCIATAC,dr2,14,scDesign3,other
DREAM,DREAM,DREAM,random_triplet,0.503,scDesign3,SCIATAC,dr1,14,scDesign3,other
DREAM,DREAM,DREAM,spearman,0.091,scDesign3,SCIATAC,dr1,14,scDesign3,other
DREAM,DREAM,DREAM,svm,0.403,scDesign3,SCIATAC,dr1,14,scDesign3,other
DREAM,DREAM,DREAM,AUC,0.513,scDesign3,SLIDE,dr2,14,scDesign3,other
DREAM,DREAM,DREAM,Pearson,0.246,scDesign3,SLIDE,dr3,14,scDesign3,other
DREAM,DREAM,DREAM,Qglobal,0.805,scDesign3,SLIDE,dr2,14,scDesign3,other
DREAM,DREAM,DREAM,Qlocal,0.303,scDesign3,SLIDE,dr2,14,scDesign3,other
DREAM,DREAM,DREAM,centroid_distance,0.7,scDesign3,SLIDE,dr1,14,scDesign3,other
DREAM,DREAM,DREAM,k-nearest,0.515,scDesign3,SLIDE,dr1,14,scDesign3,other
DREAM,DREAM,DREAM,kmax,13583.0,scDesign3,SLIDE,dr2,14,scDesign3,other
DREAM,DREAM,DREAM,random_triplet,0.52,scDesign3,SLIDE,dr1,14,scDesign3,other
DREAM,DREAM,DREAM,spearman,0.122,scDesign3,SLIDE,dr1,14,scDesign3,other
DREAM,DREAM,DREAM,svm,0.512,scDesign3,SLIDE,dr1,14,scDesign3,other
DREAM,DREAM,DREAM,AUC,0.499,scDesign3,VISIUM,dr2,14,scDesign3,other
DREAM,DREAM,DREAM,Pearson,-0.015,scDesign3,VISIUM,dr3,14,scDesign3,other
DREAM,DREAM,DREAM,Qglobal,0.605,scDesign3,VISIUM,dr2,14,scDesign3,other
DREAM,DREAM,DREAM,Qlocal,0.106,scDesign3,VISIUM,dr2,14,scDesign3,other
DREAM,DREAM,DREAM,centroid_distance,0.261,scDesign3,VISIUM,dr1,14,scDesign3,other
DREAM,DREAM,DREAM,k-nearest,0.317,scDesign3,VISIUM,dr1,14,scDesign3,other
DREAM,DREAM,DREAM,kmax,570.0,scDesign3,VISIUM,dr2,14,scDesign3,other
DREAM,DREAM,DREAM,random_triplet,0.494,scDesign3,VISIUM,dr1,14,scDesign3,other
DREAM,DREAM,DREAM,spearman,-0.009,scDesign3,VISIUM,dr1,14,scDesign3,other
DREAM,DREAM,DREAM,svm,0.155,scDesign3,VISIUM,dr1,14,scDesign3,other
DRA,DRA,DRA,AUC,0.502,SIMLR,Pollen,dr2,15,SIMLR,other
DRA,DRA,DRA,Pearson,0.031,SIMLR,Pollen,dr3,15,SIMLR,other
DRA,DRA,DRA,Qglobal,0.509,SIMLR,Pollen,dr2,15,SIMLR,other
DRA,DRA,DRA,Qlocal,0.014,SIMLR,Pollen,dr2,15,SIMLR,other
DRA,DRA,DRA,centroid_distance,0.388,SIMLR,Pollen,dr1,15,SIMLR,other
DRA,DRA,DRA,k-nearest,0.273,SIMLR,Pollen,dr1,15,SIMLR,other
DRA,DRA,DRA,kmax,4.0,SIMLR,Pollen,dr2,15,SIMLR,other
DRA,DRA,DRA,random_triplet,0.505,SIMLR,Pollen,dr1,15,SIMLR,other
DRA,DRA,DRA,spearman,0.013,SIMLR,Pollen,dr1,15,SIMLR,other
DRA,DRA,DRA,svm,0.173,SIMLR,Pollen,dr1,15,SIMLR,other
DRA,DRA,DRA,AUC,0.498,SIMLR,Usoskin,dr2,15,SIMLR,other
DRA,DRA,DRA,Pearson,-0.011,SIMLR,Usoskin,dr3,15,SIMLR,other
DRA,DRA,DRA,Qglobal,0.5,SIMLR,Usoskin,dr2,15,SIMLR,other
DRA,DRA,DRA,Qlocal,0.005,SIMLR,Usoskin,dr2,15,SIMLR,other
DRA,DRA,DRA,centroid_distance,0.349,SIMLR,Usoskin,dr1,15,SIMLR,other
DRA,DRA,DRA,k-nearest,0.0,SIMLR,Usoskin,dr1,15,SIMLR,other
DRA,DRA,DRA,kmax,4.0,SIMLR,Usoskin,dr2,15,SIMLR,other
DRA,DRA,DRA,random_triplet,0.485,SIMLR,Usoskin,dr1,15,SIMLR,other
DRA,DRA,DRA,spearman,-0.01,SIMLR,Usoskin,dr1,15,SIMLR,other
DRA,DRA,DRA,svm,0.367,SIMLR,Usoskin,dr1,15,SIMLR,other
DRA,DRA,DRA,AUC,0.504,TI,DA1_horns,dr2,15,trajectory,other
DRA,DRA,DRA,Pearson,0.078,TI,DA1_horns,dr3,15,trajectory,other
DRA,DRA,DRA,Qglobal,0.555,TI,DA1_horns,dr2,15,trajectory,other
DRA,DRA,DRA,Qlocal,0.062,TI,DA1_horns,dr2,15,trajectory,other
DRA,DRA,DRA,centroid_distance,0.415,TI,DA1_horns,dr1,15,trajectory,other
DRA,DRA,DRA,k-nearest,0.0,TI,DA1_horns,dr1,15,trajectory,other
DRA,DRA,DRA,kmax,29.0,TI,DA1_horns,dr2,15,trajectory,other
DRA,DRA,DRA,random_triplet,0.499,TI,DA1_horns,dr1,15,trajectory,other
DRA,DRA,DRA,spearman,0.028,TI,DA1_horns,dr1,15,trajectory,other
DRA,DRA,DRA,svm,0.217,TI,DA1_horns,dr1,15,trajectory,other
DRA,DRA,DRA,AUC,0.502,TI,DC3_VA1d_horns,dr2,15,trajectory,other
DRA,DRA,DRA,Pearson,0.08,TI,DC3_VA1d_horns,dr3,15,trajectory,other
DRA,DRA,DRA,Qglobal,0.523,TI,DC3_VA1d_horns,dr2,15,trajectory,other
DRA,DRA,DRA,Qlocal,0.035,TI,DC3_VA1d_horns,dr2,15,trajectory,other
DRA,DRA,DRA,centroid_distance,0.226,TI,DC3_VA1d_horns,dr1,15,trajectory,other
DRA,DRA,DRA,k-nearest,0.167,TI,DC3_VA1d_horns,dr1,15,trajectory,other
DRA,DRA,DRA,kmax,8.0,TI,DC3_VA1d_horns,dr2,15,trajectory,other
DRA,DRA,DRA,random_triplet,0.526,TI,DC3_VA1d_horns,dr1,15,trajectory,other
DRA,DRA,DRA,spearman,-0.007,TI,DC3_VA1d_horns,dr1,15,trajectory,other
DRA,DRA,DRA,svm,0.077,TI,DC3_VA1d_horns,dr1,15,trajectory,other
DRA,DRA,DRA,AUC,0.505,TI,ICM,dr2,15,trajectory,other
DRA,DRA,DRA,Pearson,0.056,TI,ICM,dr3,15,trajectory,other
DRA,DRA,DRA,Qglobal,0.868,TI,ICM,dr2,15,trajectory,other
DRA,DRA,DRA,Qlocal,0.359,TI,ICM,dr2,15,trajectory,other
DRA,DRA,DRA,centroid_distance,0.2,TI,ICM,dr1,15,trajectory,other
DRA,DRA,DRA,k-nearest,0.333,TI,ICM,dr1,15,trajectory,other
DRA,DRA,DRA,kmax,192.0,TI,ICM,dr2,15,trajectory,other
DRA,DRA,DRA,random_triplet,0.507,TI,ICM,dr1,15,trajectory,other
DRA,DRA,DRA,spearman,0.028,TI,ICM,dr1,15,trajectory,other
DRA,DRA,DRA,svm,0.191,TI,ICM,dr1,15,trajectory,other
DRA,DRA,DRA,AUC,0.501,TI,blastocyst,dr2,15,trajectory,other
DRA,DRA,DRA,Pearson,0.035,TI,blastocyst,dr3,15,trajectory,other
DRA,DRA,DRA,Qglobal,0.807,TI,blastocyst,dr2,15,trajectory,other
DRA,DRA,DRA,Qlocal,0.303,TI,blastocyst,dr2,15,trajectory,other
DRA,DRA,DRA,centroid_distance,0.182,TI,blastocyst,dr1,15,trajectory,other
DRA,DRA,DRA,k-nearest,0.231,TI,blastocyst,dr1,15,trajectory,other
DRA,DRA,DRA,kmax,210.0,TI,blastocyst,dr2,15,trajectory,other
DRA,DRA,DRA,random_triplet,0.513,TI,blastocyst,dr1,15,trajectory,other
DRA,DRA,DRA,spearman,0.008,TI,blastocyst,dr1,15,trajectory,other
DRA,DRA,DRA,svm,0.164,TI,blastocyst,dr1,15,trajectory,other
DRA,DRA,DRA,AUC,0.498,TI,combination-1,dr2,15,trajectory,other
DRA,DRA,DRA,Pearson,0.009,TI,combination-1,dr3,15,trajectory,other
DRA,DRA,DRA,Qglobal,0.944,TI,combination-1,dr2,15,trajectory,other
DRA,DRA,DRA,Qlocal,0.439,TI,combination-1,dr2,15,trajectory,other
DRA,DRA,DRA,centroid_distance,0.508,TI,combination-1,dr1,15,trajectory,other
DRA,DRA,DRA,k-nearest,0.429,TI,combination-1,dr1,15,trajectory,other
DRA,DRA,DRA,kmax,3782.0,TI,combination-1,dr2,15,trajectory,other
DRA,DRA,DRA,random_triplet,0.496,TI,combination-1,dr1,15,trajectory,other
DRA,DRA,DRA,spearman,-0.009,TI,combination-1,dr1,15,trajectory,other
DRA,DRA,DRA,svm,0.614,TI,combination-1,dr1,15,trajectory,other
DRA,DRA,DRA,AUC,0.503,TI,combination-2,dr2,15,trajectory,other
DRA,DRA,DRA,Pearson,0.017,TI,combination-2,dr3,15,trajectory,other
DRA,DRA,DRA,Qglobal,0.843,TI,combination-2,dr2,15,trajectory,other
DRA,DRA,DRA,Qlocal,0.343,TI,combination-2,dr2,15,trajectory,other
DRA,DRA,DRA,centroid_distance,0.711,TI,combination-2,dr1,15,trajectory,other
DRA,DRA,DRA,k-nearest,0.417,TI,combination-2,dr1,15,trajectory,other
DRA,DRA,DRA,kmax,2953.0,TI,combination-2,dr2,15,trajectory,other
DRA,DRA,DRA,random_triplet,0.512,TI,combination-2,dr1,15,trajectory,other
DRA,DRA,DRA,spearman,0.016,TI,combination-2,dr1,15,trajectory,other
DRA,DRA,DRA,svm,0.236,TI,combination-2,dr1,15,trajectory,other
DRA,DRA,DRA,AUC,0.5,TI,combination-3,dr2,15,trajectory,other
DRA,DRA,DRA,Pearson,-0.012,TI,combination-3,dr3,15,trajectory,other
DRA,DRA,DRA,Qglobal,0.829,TI,combination-3,dr2,15,trajectory,other
DRA,DRA,DRA,Qlocal,0.329,TI,combination-3,dr2,15,trajectory,other
DRA,DRA,DRA,centroid_distance,0.332,TI,combination-3,dr1,15,trajectory,other
DRA,DRA,DRA,k-nearest,0.429,TI,combination-3,dr1,15,trajectory,other
DRA,DRA,DRA,kmax,1491.0,TI,combination-3,dr2,15,trajectory,other
DRA,DRA,DRA,random_triplet,0.498,TI,combination-3,dr1,15,trajectory,other
DRA,DRA,DRA,spearman,-0.033,TI,combination-3,dr1,15,trajectory,other
DRA,DRA,DRA,svm,0.304,TI,combination-3,dr1,15,trajectory,other
DRA,DRA,DRA,AUC,0.508,TI,epiblast,dr2,15,trajectory,other
DRA,DRA,DRA,Pearson,0.059,TI,epiblast,dr3,15,trajectory,other
DRA,DRA,DRA,Qglobal,0.651,TI,epiblast,dr2,15,trajectory,other
DRA,DRA,DRA,Qlocal,0.154,TI,epiblast,dr2,15,trajectory,other
DRA,DRA,DRA,centroid_distance,0.253,TI,epiblast,dr1,15,trajectory,other
DRA,DRA,DRA,k-nearest,0.357,TI,epiblast,dr1,15,trajectory,other
DRA,DRA,DRA,kmax,52.0,TI,epiblast,dr2,15,trajectory,other
DRA,DRA,DRA,random_triplet,0.463,TI,epiblast,dr1,15,trajectory,other
DRA,DRA,DRA,spearman,0.032,TI,epiblast,dr1,15,trajectory,other
DRA,DRA,DRA,svm,0.28,TI,epiblast,dr1,15,trajectory,other
DRA,DRA,DRA,AUC,0.499,TI,epidermis,dr2,15,trajectory,other
DRA,DRA,DRA,Pearson,-0.004,TI,epidermis,dr3,15,trajectory,other
DRA,DRA,DRA,Qglobal,0.514,TI,epidermis,dr2,15,trajectory,other
DRA,DRA,DRA,Qlocal,0.015,TI,epidermis,dr2,15,trajectory,other
DRA,DRA,DRA,centroid_distance,0.427,TI,epidermis,dr1,15,trajectory,other
DRA,DRA,DRA,k-nearest,0.2,TI,epidermis,dr1,15,trajectory,other
DRA,DRA,DRA,kmax,119.0,TI,epidermis,dr2,15,trajectory,other
DRA,DRA,DRA,random_triplet,0.503,TI,epidermis,dr1,15,trajectory,other
DRA,DRA,DRA,spearman,-0.009,TI,epidermis,dr1,15,trajectory,other
DRA,DRA,DRA,svm,0.658,TI,epidermis,dr1,15,trajectory,other
DRA,DRA,DRA,AUC,0.5,TI,horns,dr2,15,trajectory,other
DRA,DRA,DRA,Pearson,0.046,TI,horns,dr3,15,trajectory,other
DRA,DRA,DRA,Qglobal,0.891,TI,horns,dr2,15,trajectory,other
DRA,DRA,DRA,Qlocal,0.383,TI,horns,dr2,15,trajectory,other
DRA,DRA,DRA,centroid_distance,0.184,TI,horns,dr1,15,trajectory,other
DRA,DRA,DRA,k-nearest,0.304,TI,horns,dr1,15,trajectory,other
DRA,DRA,DRA,kmax,347.0,TI,horns,dr2,15,trajectory,other
DRA,DRA,DRA,random_triplet,0.5,TI,horns,dr1,15,trajectory,other
DRA,DRA,DRA,spearman,0.003,TI,horns,dr1,15,trajectory,other
DRA,DRA,DRA,svm,0.134,TI,horns,dr1,15,trajectory,other
DRA,DRA,DRA,AUC,0.502,TI,muscle,dr2,15,trajectory,other
DRA,DRA,DRA,Pearson,-0.004,TI,muscle,dr3,15,trajectory,other
DRA,DRA,DRA,Qglobal,0.65,TI,muscle,dr2,15,trajectory,other
DRA,DRA,DRA,Qlocal,0.153,TI,muscle,dr2,15,trajectory,other
DRA,DRA,DRA,centroid_distance,0.575,TI,muscle,dr1,15,trajectory,other
DRA,DRA,DRA,k-nearest,0.333,TI,muscle,dr1,15,trajectory,other
DRA,DRA,DRA,kmax,700.0,TI,muscle,dr2,15,trajectory,other
DRA,DRA,DRA,random_triplet,0.505,TI,muscle,dr1,15,trajectory,other
DRA,DRA,DRA,spearman,0.014,TI,muscle,dr1,15,trajectory,other
DRA,DRA,DRA,svm,0.567,TI,muscle,dr1,15,trajectory,other
DRA,DRA,DRA,AUC,0.501,TI,neuron,dr2,15,trajectory,other
DRA,DRA,DRA,Pearson,-0.001,TI,neuron,dr3,15,trajectory,other
DRA,DRA,DRA,Qglobal,0.637,TI,neuron,dr2,15,trajectory,other
DRA,DRA,DRA,Qlocal,0.138,TI,neuron,dr2,15,trajectory,other
DRA,DRA,DRA,centroid_distance,0.846,TI,neuron,dr1,15,trajectory,other
DRA,DRA,DRA,k-nearest,0.429,TI,neuron,dr1,15,trajectory,other
DRA,DRA,DRA,kmax,638.0,TI,neuron,dr2,15,trajectory,other
DRA,DRA,DRA,random_triplet,0.497,TI,neuron,dr1,15,trajectory,other
DRA,DRA,DRA,spearman,-0.028,TI,neuron,dr1,15,trajectory,other
DRA,DRA,DRA,svm,0.436,TI,neuron,dr1,15,trajectory,other
DRA,DRA,DRA,AUC,0.5,TI,pair-1,dr2,15,trajectory,other
DRA,DRA,DRA,Pearson,-0.002,TI,pair-1,dr3,15,trajectory,other
DRA,DRA,DRA,Qglobal,0.811,TI,pair-1,dr2,15,trajectory,other
DRA,DRA,DRA,Qlocal,0.312,TI,pair-1,dr2,15,trajectory,other
DRA,DRA,DRA,centroid_distance,0.571,TI,pair-1,dr1,15,trajectory,other
DRA,DRA,DRA,k-nearest,0.312,TI,pair-1,dr1,15,trajectory,other
DRA,DRA,DRA,kmax,6590.0,TI,pair-1,dr2,15,trajectory,other
DRA,DRA,DRA,random_triplet,0.502,TI,pair-1,dr1,15,trajectory,other
DRA,DRA,DRA,spearman,-0.008,TI,pair-1,dr1,15,trajectory,other
DRA,DRA,DRA,svm,0.596,TI,pair-1,dr1,15,trajectory,other
DRA,DRA,DRA,AUC,0.5,TI,pair-2,dr2,15,trajectory,other
DRA,DRA,DRA,Pearson,0.006,TI,pair-2,dr3,15,trajectory,other
DRA,DRA,DRA,Qglobal,0.762,TI,pair-2,dr2,15,trajectory,other
DRA,DRA,DRA,Qlocal,0.262,TI,pair-2,dr2,15,trajectory,other
DRA,DRA,DRA,centroid_distance,0.012,TI,pair-2,dr1,15,trajectory,other
DRA,DRA,DRA,k-nearest,0.282,TI,pair-2,dr1,15,trajectory,other
DRA,DRA,DRA,kmax,5581.0,TI,pair-2,dr2,15,trajectory,other
DRA,DRA,DRA,random_triplet,0.502,TI,pair-2,dr1,15,trajectory,other
DRA,DRA,DRA,spearman,-0.002,TI,pair-2,dr1,15,trajectory,other
DRA,DRA,DRA,svm,0.593,TI,pair-2,dr1,15,trajectory,other
DRA,DRA,DRA,AUC,0.5,TI,pair-3,dr2,15,trajectory,other
DRA,DRA,DRA,Pearson,0.001,TI,pair-3,dr3,15,trajectory,other
DRA,DRA,DRA,Qglobal,0.879,TI,pair-3,dr2,15,trajectory,other
DRA,DRA,DRA,Qlocal,0.378,TI,pair-3,dr2,15,trajectory,other
DRA,DRA,DRA,centroid_distance,0.675,TI,pair-3,dr1,15,trajectory,other
DRA,DRA,DRA,k-nearest,0.375,TI,pair-3,dr1,15,trajectory,other
DRA,DRA,DRA,kmax,6489.0,TI,pair-3,dr2,15,trajectory,other
DRA,DRA,DRA,random_triplet,0.497,TI,pair-3,dr1,15,trajectory,other
DRA,DRA,DRA,spearman,-0.023,TI,pair-3,dr1,15,trajectory,other
DRA,DRA,DRA,svm,0.735,TI,pair-3,dr1,15,trajectory,other
DRA,DRA,DRA,AUC,0.5,TI,pair-4,dr2,15,trajectory,other
DRA,DRA,DRA,Pearson,0.009,TI,pair-4,dr3,15,trajectory,other
DRA,DRA,DRA,Qglobal,0.865,TI,pair-4,dr2,15,trajectory,other
DRA,DRA,DRA,Qlocal,0.365,TI,pair-4,dr2,15,trajectory,other
DRA,DRA,DRA,centroid_distance,0.708,TI,pair-4,dr1,15,trajectory,other
DRA,DRA,DRA,k-nearest,0.467,TI,pair-4,dr1,15,trajectory,other
DRA,DRA,DRA,kmax,6531.0,TI,pair-4,dr2,15,trajectory,other
DRA,DRA,DRA,random_triplet,0.501,TI,pair-4,dr1,15,trajectory,other
DRA,DRA,DRA,spearman,0.016,TI,pair-4,dr1,15,trajectory,other
DRA,DRA,DRA,svm,0.705,TI,pair-4,dr1,15,trajectory,other
DRA,DRA,DRA,AUC,0.499,TI,parenchyme,dr2,15,trajectory,other
DRA,DRA,DRA,Pearson,-0.004,TI,parenchyme,dr3,15,trajectory,other
DRA,DRA,DRA,Qglobal,0.93,TI,parenchyme,dr2,15,trajectory,other
DRA,DRA,DRA,Qlocal,0.426,TI,parenchyme,dr2,15,trajectory,other
DRA,DRA,DRA,centroid_distance,0.595,TI,parenchyme,dr1,15,trajectory,other
DRA,DRA,DRA,k-nearest,0.4,TI,parenchyme,dr1,15,trajectory,other
DRA,DRA,DRA,kmax,1693.0,TI,parenchyme,dr2,15,trajectory,other
DRA,DRA,DRA,random_triplet,0.489,TI,parenchyme,dr1,15,trajectory,other
DRA,DRA,DRA,spearman,-0.031,TI,parenchyme,dr1,15,trajectory,other
DRA,DRA,DRA,svm,0.348,TI,parenchyme,dr1,15,trajectory,other
DRA,DRA,DRA,AUC,0.502,TI,phagocyte,dr2,15,trajectory,other
DRA,DRA,DRA,Pearson,-0.001,TI,phagocyte,dr3,15,trajectory,other
DRA,DRA,DRA,Qglobal,0.732,TI,phagocyte,dr2,15,trajectory,other
DRA,DRA,DRA,Qlocal,0.235,TI,phagocyte,dr2,15,trajectory,other
DRA,DRA,DRA,centroid_distance,1.0,TI,phagocyte,dr1,15,trajectory,other
DRA,DRA,DRA,k-nearest,1.0,TI,phagocyte,dr1,15,trajectory,other
DRA,DRA,DRA,kmax,320.0,TI,phagocyte,dr2,15,trajectory,other
DRA,DRA,DRA,random_triplet,0.49,TI,phagocyte,dr1,15,trajectory,other
DRA,DRA,DRA,spearman,0.006,TI,phagocyte,dr1,15,trajectory,other
DRA,DRA,DRA,svm,0.683,TI,phagocyte,dr1,15,trajectory,other
DRA,DRA,DRA,AUC,0.5,TI,pharynx,dr2,15,trajectory,other
DRA,DRA,DRA,Pearson,0.012,TI,pharynx,dr3,15,trajectory,other
DRA,DRA,DRA,Qglobal,0.501,TI,pharynx,dr2,15,trajectory,other
DRA,DRA,DRA,Qlocal,0.01,TI,pharynx,dr2,15,trajectory,other
DRA,DRA,DRA,centroid_distance,1.0,TI,pharynx,dr1,15,trajectory,other
DRA,DRA,DRA,k-nearest,1.0,TI,pharynx,dr1,15,trajectory,other
DRA,DRA,DRA,kmax,2.0,TI,pharynx,dr2,15,trajectory,other
DRA,DRA,DRA,random_triplet,0.501,TI,pharynx,dr1,15,trajectory,other
DRA,DRA,DRA,spearman,-0.001,TI,pharynx,dr1,15,trajectory,other
DRA,DRA,DRA,svm,0.73,TI,pharynx,dr1,15,trajectory,other
DRA,DRA,DRA,AUC,0.518,TI,trophectoderm,dr2,15,trajectory,other
DRA,DRA,DRA,Pearson,0.119,TI,trophectoderm,dr3,15,trajectory,other
DRA,DRA,DRA,Qglobal,0.734,TI,trophectoderm,dr2,15,trajectory,other
DRA,DRA,DRA,Qlocal,0.227,TI,trophectoderm,dr2,15,trajectory,other
DRA,DRA,DRA,centroid_distance,1.0,TI,trophectoderm,dr1,15,trajectory,other
DRA,DRA,DRA,k-nearest,1.0,TI,trophectoderm,dr1,15,trajectory,other
DRA,DRA,DRA,kmax,34.0,TI,trophectoderm,dr2,15,trajectory,other
DRA,DRA,DRA,random_triplet,0.541,TI,trophectoderm,dr1,15,trajectory,other
DRA,DRA,DRA,spearman,0.062,TI,trophectoderm,dr1,15,trajectory,other
DRA,DRA,DRA,svm,0.6,TI,trophectoderm,dr1,15,trajectory,other
DRA,DRA,DRA,AUC,0.5,VASC,Baron,dr2,15,VASC,other
DRA,DRA,DRA,Pearson,0.002,VASC,Baron,dr3,15,VASC,other
DRA,DRA,DRA,Qglobal,0.797,VASC,Baron,dr2,15,VASC,other
DRA,DRA,DRA,Qlocal,0.296,VASC,Baron,dr2,15,VASC,other
DRA,DRA,DRA,centroid_distance,0.776,VASC,Baron,dr1,15,VASC,other
DRA,DRA,DRA,k-nearest,0.5,VASC,Baron,dr1,15,VASC,other
DRA,DRA,DRA,kmax,5077.0,VASC,Baron,dr2,15,VASC,other
DRA,DRA,DRA,random_triplet,0.501,VASC,Baron,dr1,15,VASC,other
DRA,DRA,DRA,spearman,0.018,VASC,Baron,dr1,15,VASC,other
DRA,DRA,DRA,svm,0.287,VASC,Baron,dr1,15,VASC,other
DRA,DRA,DRA,AUC,0.505,VASC,Biase,dr2,15,VASC,other
DRA,DRA,DRA,Pearson,0.165,VASC,Biase,dr3,15,VASC,other
DRA,DRA,DRA,Qglobal,0.562,VASC,Biase,dr2,15,VASC,other
DRA,DRA,DRA,Qlocal,0.07,VASC,Biase,dr2,15,VASC,other
DRA,DRA,DRA,centroid_distance,0.831,VASC,Biase,dr1,15,VASC,other
DRA,DRA,DRA,k-nearest,0.75,VASC,Biase,dr1,15,VASC,other
DRA,DRA,DRA,kmax,7.0,VASC,Biase,dr2,15,VASC,other
DRA,DRA,DRA,random_triplet,0.514,VASC,Biase,dr1,15,VASC,other
DRA,DRA,DRA,spearman,0.093,VASC,Biase,dr1,15,VASC,other
DRA,DRA,DRA,svm,0.457,VASC,Biase,dr1,15,VASC,other
DRA,DRA,DRA,AUC,0.499,VASC,Goolam,dr2,15,VASC,other
DRA,DRA,DRA,Pearson,0.017,VASC,Goolam,dr3,15,VASC,other
DRA,DRA,DRA,Qglobal,0.915,VASC,Goolam,dr2,15,VASC,other
DRA,DRA,DRA,Qlocal,0.384,VASC,Goolam,dr2,15,VASC,other
DRA,DRA,DRA,centroid_distance,0.714,VASC,Goolam,dr1,15,VASC,other
DRA,DRA,DRA,k-nearest,0.4,VASC,Goolam,dr1,15,VASC,other
DRA,DRA,DRA,kmax,95.0,VASC,Goolam,dr2,15,VASC,other
DRA,DRA,DRA,random_triplet,0.492,VASC,Goolam,dr1,15,VASC,other
DRA,DRA,DRA,spearman,-0.005,VASC,Goolam,dr1,15,VASC,other
DRA,DRA,DRA,svm,0.518,VASC,Goolam,dr1,15,VASC,other
DRA,DRA,DRA,AUC,0.499,VASC,Xin,dr2,15,VASC,other
DRA,DRA,DRA,Pearson,0.007,VASC,Xin,dr3,15,VASC,other
DRA,DRA,DRA,Qglobal,0.995,VASC,Xin,dr2,15,VASC,other
DRA,DRA,DRA,Qlocal,0.478,VASC,Xin,dr2,15,VASC,other
DRA,DRA,DRA,centroid_distance,0.556,VASC,Xin,dr1,15,VASC,other
DRA,DRA,DRA,k-nearest,0.25,VASC,Xin,dr1,15,VASC,other
DRA,DRA,DRA,kmax,1532.0,VASC,Xin,dr2,15,VASC,other
DRA,DRA,DRA,random_triplet,0.504,VASC,Xin,dr1,15,VASC,other
DRA,DRA,DRA,spearman,0.009,VASC,Xin,dr1,15,VASC,other
DRA,DRA,DRA,svm,0.554,VASC,Xin,dr1,15,VASC,other
DRA,DRA,DRA,AUC,0.499,VASC,Zeisel,dr2,15,VASC,other
DRA,DRA,DRA,Pearson,-0.014,VASC,Zeisel,dr3,15,VASC,other
DRA,DRA,DRA,Qglobal,0.5,VASC,Zeisel,dr2,15,VASC,other
DRA,DRA,DRA,Qlocal,0.001,VASC,Zeisel,dr2,15,VASC,other
DRA,DRA,DRA,centroid_distance,0.205,VASC,Zeisel,dr1,15,VASC,other
DRA,DRA,DRA,k-nearest,0.278,VASC,Zeisel,dr1,15,VASC,other
DRA,DRA,DRA,kmax,7.0,VASC,Zeisel,dr2,15,VASC,other
DRA,DRA,DRA,random_triplet,0.5,VASC,Zeisel,dr1,15,VASC,other
DRA,DRA,DRA,spearman,-0.001,VASC,Zeisel,dr1,15,VASC,other
DRA,DRA,DRA,svm,0.306,VASC,Zeisel,dr1,15,VASC,other
DRA,DRA,DRA,AUC,0.504,VASC,yan,dr2,15,VASC,other
DRA,DRA,DRA,Pearson,0.044,VASC,yan,dr3,15,VASC,other
DRA,DRA,DRA,Qglobal,0.504,VASC,yan,dr2,15,VASC,other
DRA,DRA,DRA,Qlocal,0.067,VASC,yan,dr2,15,VASC,other
DRA,DRA,DRA,centroid_distance,0.507,VASC,yan,dr1,15,VASC,other
DRA,DRA,DRA,k-nearest,0.417,VASC,yan,dr1,15,VASC,other
DRA,DRA,DRA,kmax,1.0,VASC,yan,dr2,15,VASC,other
DRA,DRA,DRA,random_triplet,0.467,VASC,yan,dr1,15,VASC,other
DRA,DRA,DRA,spearman,0.005,VASC,yan,dr1,15,VASC,other
DRA,DRA,DRA,svm,0.322,VASC,yan,dr1,15,VASC,other
DRA,DRA,DRA,AUC,0.497,benchmarker,Baron_mouse,dr2,15,curated,other
DRA,DRA,DRA,Pearson,-0.02,benchmarker,Baron_mouse,dr3,15,curated,other
DRA,DRA,DRA,Qglobal,0.518,benchmarker,Baron_mouse,dr2,15,curated,other
DRA,DRA,DRA,Qlocal,0.022,benchmarker,Baron_mouse,dr2,15,curated,other
DRA,DRA,DRA,centroid_distance,0.441,benchmarker,Baron_mouse,dr1,15,curated,other
DRA,DRA,DRA,k-nearest,0.333,benchmarker,Baron_mouse,dr1,15,curated,other
DRA,DRA,DRA,kmax,82.0,benchmarker,Baron_mouse,dr2,15,curated,other
DRA,DRA,DRA,random_triplet,0.492,benchmarker,Baron_mouse,dr1,15,curated,other
DRA,DRA,DRA,spearman,-0.025,benchmarker,Baron_mouse,dr1,15,curated,other
DRA,DRA,DRA,svm,0.474,benchmarker,Baron_mouse,dr1,15,curated,other
DRA,DRA,DRA,AUC,0.494,benchmarker,Darmanis,dr2,15,curated,other
DRA,DRA,DRA,Pearson,-0.045,benchmarker,Darmanis,dr3,15,curated,other
DRA,DRA,DRA,Qglobal,0.562,benchmarker,Darmanis,dr2,15,curated,other
DRA,DRA,DRA,Qlocal,0.075,benchmarker,Darmanis,dr2,15,curated,other
DRA,DRA,DRA,centroid_distance,0.463,benchmarker,Darmanis,dr1,15,curated,other
DRA,DRA,DRA,k-nearest,0.438,benchmarker,Darmanis,dr1,15,curated,other
DRA,DRA,DRA,kmax,59.0,benchmarker,Darmanis,dr2,15,curated,other
DRA,DRA,DRA,random_triplet,0.501,benchmarker,Darmanis,dr1,15,curated,other
DRA,DRA,DRA,spearman,-0.061,benchmarker,Darmanis,dr1,15,curated,other
DRA,DRA,DRA,svm,0.324,benchmarker,Darmanis,dr1,15,curated,other
DRA,DRA,DRA,AUC,0.493,benchmarker,Pancreatic,dr2,15,curated,other
DRA,DRA,DRA,Pearson,0.043,benchmarker,Pancreatic,dr3,15,curated,other
DRA,DRA,DRA,Qglobal,0.569,benchmarker,Pancreatic,dr2,15,curated,other
DRA,DRA,DRA,Qlocal,0.096,benchmarker,Pancreatic,dr2,15,curated,other
DRA,DRA,DRA,centroid_distance,0.353,benchmarker,Pancreatic,dr1,15,curated,other
DRA,DRA,DRA,k-nearest,0.333,benchmarker,Pancreatic,dr1,15,curated,other
DRA,DRA,DRA,kmax,10.0,benchmarker,Pancreatic,dr2,15,curated,other
DRA,DRA,DRA,random_triplet,0.52,benchmarker,Pancreatic,dr1,15,curated,other
DRA,DRA,DRA,spearman,-0.076,benchmarker,Pancreatic,dr1,15,curated,other
DRA,DRA,DRA,svm,0.25,benchmarker,Pancreatic,dr1,15,curated,other
DRA,DRA,DRA,AUC,0.501,benchmarker,Silver,dr2,15,curated,other
DRA,DRA,DRA,Pearson,0.01,benchmarker,Silver,dr3,15,curated,other
DRA,DRA,DRA,Qglobal,0.816,benchmarker,Silver,dr2,15,curated,other
DRA,DRA,DRA,Qlocal,0.313,benchmarker,Silver,dr2,15,curated,other
DRA,DRA,DRA,centroid_distance,0.034,benchmarker,Silver,dr1,15,curated,other
DRA,DRA,DRA,k-nearest,0.273,benchmarker,Silver,dr1,15,curated,other
DRA,DRA,DRA,kmax,1620.0,benchmarker,Silver,dr2,15,curated,other
DRA,DRA,DRA,random_triplet,0.5,benchmarker,Silver,dr1,15,curated,other
DRA,DRA,DRA,spearman,0.043,benchmarker,Silver,dr1,15,curated,other
DRA,DRA,DRA,svm,0.215,benchmarker,Silver,dr1,15,curated,other
DRA,DRA,DRA,AUC,0.502,benchmarker,Zhengmix4eq,dr2,15,curated,other
DRA,DRA,DRA,Pearson,0.035,benchmarker,Zhengmix4eq,dr3,15,curated,other
DRA,DRA,DRA,Qglobal,0.87,benchmarker,Zhengmix4eq,dr2,15,curated,other
DRA,DRA,DRA,Qlocal,0.368,benchmarker,Zhengmix4eq,dr2,15,curated,other
DRA,DRA,DRA,centroid_distance,0.614,benchmarker,Zhengmix4eq,dr1,15,curated,other
DRA,DRA,DRA,k-nearest,0.25,benchmarker,Zhengmix4eq,dr1,15,curated,other
DRA,DRA,DRA,kmax,2925.0,benchmarker,Zhengmix4eq,dr2,15,curated,other
DRA,DRA,DRA,random_triplet,0.5,benchmarker,Zhengmix4eq,dr1,15,curated,other
DRA,DRA,DRA,spearman,0.026,benchmarker,Zhengmix4eq,dr1,15,curated,other
DRA,DRA,DRA,svm,0.285,benchmarker,Zhengmix4eq,dr1,15,curated,other
DRA,DRA,DRA,AUC,0.502,scDesign3,ACINAR,dr2,15,scDesign3,other
DRA,DRA,DRA,Pearson,0.026,scDesign3,ACINAR,dr3,15,scDesign3,other
DRA,DRA,DRA,Qglobal,0.827,scDesign3,ACINAR,dr2,15,scDesign3,other
DRA,DRA,DRA,Qlocal,0.326,scDesign3,ACINAR,dr2,15,scDesign3,other
DRA,DRA,DRA,centroid_distance,0.222,scDesign3,ACINAR,dr1,15,scDesign3,other
DRA,DRA,DRA,k-nearest,0.333,scDesign3,ACINAR,dr1,15,scDesign3,other
DRA,DRA,DRA,kmax,1974.0,scDesign3,ACINAR,dr2,15,scDesign3,other
DRA,DRA,DRA,random_triplet,0.5,scDesign3,ACINAR,dr1,15,scDesign3,other
DRA,DRA,DRA,spearman,0.033,scDesign3,ACINAR,dr1,15,scDesign3,other
DRA,DRA,DRA,svm,0.145,scDesign3,ACINAR,dr1,15,scDesign3,other
DRA,DRA,DRA,AUC,0.501,scDesign3,ATAC,dr2,15,scDesign3,other
DRA,DRA,DRA,Pearson,0.001,scDesign3,ATAC,dr3,15,scDesign3,other
DRA,DRA,DRA,Qglobal,0.832,scDesign3,ATAC,dr2,15,scDesign3,other
DRA,DRA,DRA,Qlocal,0.332,scDesign3,ATAC,dr2,15,scDesign3,other
DRA,DRA,DRA,centroid_distance,0.315,scDesign3,ATAC,dr1,15,scDesign3,other
DRA,DRA,DRA,k-nearest,0.308,scDesign3,ATAC,dr1,15,scDesign3,other
DRA,DRA,DRA,kmax,4656.0,scDesign3,ATAC,dr2,15,scDesign3,other
DRA,DRA,DRA,random_triplet,0.496,scDesign3,ATAC,dr1,15,scDesign3,other
DRA,DRA,DRA,spearman,0.01,scDesign3,ATAC,dr1,15,scDesign3,other
DRA,DRA,DRA,svm,0.442,scDesign3,ATAC,dr1,15,scDesign3,other
DRA,DRA,DRA,AUC,0.5,scDesign3,BATCH,dr2,15,scDesign3,other
DRA,DRA,DRA,Pearson,0.002,scDesign3,BATCH,dr3,15,scDesign3,other
DRA,DRA,DRA,Qglobal,0.719,scDesign3,BATCH,dr2,15,scDesign3,other
DRA,DRA,DRA,Qlocal,0.219,scDesign3,BATCH,dr2,15,scDesign3,other
DRA,DRA,DRA,centroid_distance,0.559,scDesign3,BATCH,dr1,15,scDesign3,other
DRA,DRA,DRA,k-nearest,0.389,scDesign3,BATCH,dr1,15,scDesign3,other
DRA,DRA,DRA,kmax,2750.0,scDesign3,BATCH,dr2,15,scDesign3,other
DRA,DRA,DRA,random_triplet,0.497,scDesign3,BATCH,dr1,15,scDesign3,other
DRA,DRA,DRA,spearman,-0.003,scDesign3,BATCH,dr1,15,scDesign3,other
DRA,DRA,DRA,svm,0.306,scDesign3,BATCH,dr1,15,scDesign3,other
DRA,DRA,DRA,AUC,0.501,scDesign3,CITE,dr2,15,scDesign3,other
DRA,DRA,DRA,Pearson,0.002,scDesign3,CITE,dr3,15,scDesign3,other
DRA,DRA,DRA,Qglobal,0.66,scDesign3,CITE,dr2,15,scDesign3,other
DRA,DRA,DRA,Qlocal,0.16,scDesign3,CITE,dr2,15,scDesign3,other
DRA,DRA,DRA,centroid_distance,0.049,scDesign3,CITE,dr1,15,scDesign3,other
DRA,DRA,DRA,k-nearest,0.267,scDesign3,CITE,dr1,15,scDesign3,other
DRA,DRA,DRA,kmax,2741.0,scDesign3,CITE,dr2,15,scDesign3,other
DRA,DRA,DRA,random_triplet,0.5,scDesign3,CITE,dr1,15,scDesign3,other
DRA,DRA,DRA,spearman,-0.013,scDesign3,CITE,dr1,15,scDesign3,other
DRA,DRA,DRA,svm,0.267,scDesign3,CITE,dr1,15,scDesign3,other
DRA,DRA,DRA,AUC,0.497,scDesign3,EMBYRO,dr2,15,scDesign3,other
DRA,DRA,DRA,Pearson,-0.003,scDesign3,EMBYRO,dr3,15,scDesign3,other
DRA,DRA,DRA,Qglobal,0.497,scDesign3,EMBYRO,dr2,15,scDesign3,other
DRA,DRA,DRA,Qlocal,0.002,scDesign3,EMBYRO,dr2,15,scDesign3,other
DRA,DRA,DRA,centroid_distance,0.651,scDesign3,EMBYRO,dr1,15,scDesign3,other
DRA,DRA,DRA,k-nearest,0.4,scDesign3,EMBYRO,dr1,15,scDesign3,other
DRA,DRA,DRA,kmax,1.0,scDesign3,EMBYRO,dr2,15,scDesign3,other
DRA,DRA,DRA,random_triplet,0.497,scDesign3,EMBYRO,dr1,15,scDesign3,other
DRA,DRA,DRA,spearman,-0.007,scDesign3,EMBYRO,dr1,15,scDesign3,other
DRA,DRA,DRA,svm,0.31,scDesign3,EMBYRO,dr1,15,scDesign3,other
DRA,DRA,DRA,AUC,0.5,scDesign3,IFNB,dr2,15,scDesign3,other
DRA,DRA,DRA,Pearson,-0.0,scDesign3,IFNB,dr3,15,scDesign3,other
DRA,DRA,DRA,Qglobal,0.686,scDesign3,IFNB,dr2,15,scDesign3,other
DRA,DRA,DRA,Qlocal,0.187,scDesign3,IFNB,dr2,15,scDesign3,other
DRA,DRA,DRA,centroid_distance,0.179,scDesign3,IFNB,dr1,15,scDesign3,other
DRA,DRA,DRA,k-nearest,0.205,scDesign3,IFNB,dr1,15,scDesign3,other
DRA,DRA,DRA,kmax,5227.0,scDesign3,IFNB,dr2,15,scDesign3,other
DRA,DRA,DRA,random_triplet,0.5,scDesign3,IFNB,dr1,15,scDesign3,other
DRA,DRA,DRA,spearman,-0.017,scDesign3,IFNB,dr1,15,scDesign3,other
DRA,DRA,DRA,svm,0.312,scDesign3,IFNB,dr1,15,scDesign3,other
DRA,DRA,DRA,AUC,0.5,scDesign3,MARROW,dr2,15,scDesign3,other
DRA,DRA,DRA,Pearson,-0.001,scDesign3,MARROW,dr3,15,scDesign3,other
DRA,DRA,DRA,Qglobal,0.5,scDesign3,MARROW,dr2,15,scDesign3,other
DRA,DRA,DRA,Qlocal,0.002,scDesign3,MARROW,dr2,15,scDesign3,other
DRA,DRA,DRA,centroid_distance,1.0,scDesign3,MARROW,dr1,15,scDesign3,other
DRA,DRA,DRA,k-nearest,1.0,scDesign3,MARROW,dr1,15,scDesign3,other
DRA,DRA,DRA,kmax,6.0,scDesign3,MARROW,dr2,15,scDesign3,other
DRA,DRA,DRA,random_triplet,0.497,scDesign3,MARROW,dr1,15,scDesign3,other
DRA,DRA,DRA,spearman,0.012,scDesign3,MARROW,dr1,15,scDesign3,other
DRA,DRA,DRA,svm,0.41,scDesign3,MARROW,dr1,15,scDesign3,other
DRA,DRA,DRA,AUC,0.501,scDesign3,MOBSC,dr2,15,scDesign3,other
DRA,DRA,DRA,Pearson,0.015,scDesign3,MOBSC,dr3,15,scDesign3,other
DRA,DRA,DRA,Qglobal,0.783,scDesign3,MOBSC,dr2,15,scDesign3,other
DRA,DRA,DRA,Qlocal,0.282,scDesign3,MOBSC,dr2,15,scDesign3,other
DRA,DRA,DRA,centroid_distance,0.735,scDesign3,MOBSC,dr1,15,scDesign3,other
DRA,DRA,DRA,k-nearest,0.5,scDesign3,MOBSC,dr1,15,scDesign3,other
DRA,DRA,DRA,kmax,7105.0,scDesign3,MOBSC,dr2,15,scDesign3,other
DRA,DRA,DRA,random_triplet,0.503,scDesign3,MOBSC,dr1,15,scDesign3,other
DRA,DRA,DRA,spearman,0.013,scDesign3,MOBSC,dr1,15,scDesign3,other
DRA,DRA,DRA,svm,0.681,scDesign3,MOBSC,dr1,15,scDesign3,other
DRA,DRA,DRA,AUC,0.501,scDesign3,OVARIAN,dr2,15,scDesign3,other
DRA,DRA,DRA,Pearson,-0.004,scDesign3,OVARIAN,dr3,15,scDesign3,other
DRA,DRA,DRA,Qglobal,0.82,scDesign3,OVARIAN,dr2,15,scDesign3,other
DRA,DRA,DRA,Qlocal,0.319,scDesign3,OVARIAN,dr2,15,scDesign3,other
DRA,DRA,DRA,centroid_distance,0.137,scDesign3,OVARIAN,dr1,15,scDesign3,other
DRA,DRA,DRA,k-nearest,0.273,scDesign3,OVARIAN,dr1,15,scDesign3,other
DRA,DRA,DRA,kmax,2199.0,scDesign3,OVARIAN,dr2,15,scDesign3,other
DRA,DRA,DRA,random_triplet,0.502,scDesign3,OVARIAN,dr1,15,scDesign3,other
DRA,DRA,DRA,spearman,-0.002,scDesign3,OVARIAN,dr1,15,scDesign3,other
DRA,DRA,DRA,svm,0.127,scDesign3,OVARIAN,dr1,15,scDesign3,other
DRA,DRA,DRA,AUC,0.503,scDesign3,PANCREAS,dr2,15,scDesign3,other
DRA,DRA,DRA,Pearson,0.022,scDesign3,PANCREAS,dr3,15,scDesign3,other
DRA,DRA,DRA,Qglobal,0.756,scDesign3,PANCREAS,dr2,15,scDesign3,other
DRA,DRA,DRA,Qlocal,0.254,scDesign3,PANCREAS,dr2,15,scDesign3,other
DRA,DRA,DRA,centroid_distance,0.711,scDesign3,PANCREAS,dr1,15,scDesign3,other
DRA,DRA,DRA,k-nearest,0.0,scDesign3,PANCREAS,dr1,15,scDesign3,other
DRA,DRA,DRA,kmax,1054.0,scDesign3,PANCREAS,dr2,15,scDesign3,other
DRA,DRA,DRA,random_triplet,0.506,scDesign3,PANCREAS,dr1,15,scDesign3,other
DRA,DRA,DRA,spearman,0.017,scDesign3,PANCREAS,dr1,15,scDesign3,other
DRA,DRA,DRA,svm,0.315,scDesign3,PANCREAS,dr1,15,scDesign3,other
DRA,DRA,DRA,AUC,0.499,scDesign3,SCGEMMETH,dr2,15,scDesign3,other
DRA,DRA,DRA,Pearson,0.037,scDesign3,SCGEMMETH,dr3,15,scDesign3,other
DRA,DRA,DRA,Qglobal,0.503,scDesign3,SCGEMMETH,dr2,15,scDesign3,other
DRA,DRA,DRA,Qlocal,0.014,scDesign3,SCGEMMETH,dr2,15,scDesign3,other
DRA,DRA,DRA,centroid_distance,0.301,scDesign3,SCGEMMETH,dr1,15,scDesign3,other
DRA,DRA,DRA,k-nearest,0.0,scDesign3,SCGEMMETH,dr1,15,scDesign3,other
DRA,DRA,DRA,kmax,2.0,scDesign3,SCGEMMETH,dr2,15,scDesign3,other
DRA,DRA,DRA,random_triplet,0.508,scDesign3,SCGEMMETH,dr1,15,scDesign3,other
DRA,DRA,DRA,spearman,0.013,scDesign3,SCGEMMETH,dr1,15,scDesign3,other
DRA,DRA,DRA,svm,0.324,scDesign3,SCGEMMETH,dr1,15,scDesign3,other
DRA,DRA,DRA,AUC,0.498,scDesign3,SCGEMRNA,dr2,15,scDesign3,other
DRA,DRA,DRA,Pearson,0.006,scDesign3,SCGEMRNA,dr3,15,scDesign3,other
DRA,DRA,DRA,Qglobal,0.498,scDesign3,SCGEMRNA,dr2,15,scDesign3,other
DRA,DRA,DRA,Qlocal,0.011,scDesign3,SCGEMRNA,dr2,15,scDesign3,other
DRA,DRA,DRA,centroid_distance,0.602,scDesign3,SCGEMRNA,dr1,15,scDesign3,other
DRA,DRA,DRA,k-nearest,0.4,scDesign3,SCGEMRNA,dr1,15,scDesign3,other
DRA,DRA,DRA,kmax,1.0,scDesign3,SCGEMRNA,dr2,15,scDesign3,other
DRA,DRA,DRA,random_triplet,0.541,scDesign3,SCGEMRNA,dr1,15,scDesign3,other
DRA,DRA,DRA,spearman,-0.003,scDesign3,SCGEMRNA,dr1,15,scDesign3,other
DRA,DRA,DRA,svm,0.171,scDesign3,SCGEMRNA,dr1,15,scDesign3,other
DRA,DRA,DRA,AUC,0.499,scDesign3,SCIATAC,dr2,15,scDesign3,other
DRA,DRA,DRA,Pearson,-0.019,scDesign3,SCIATAC,dr3,15,scDesign3,other
DRA,DRA,DRA,Qglobal,0.585,scDesign3,SCIATAC,dr2,15,scDesign3,other
DRA,DRA,DRA,Qlocal,0.087,scDesign3,SCIATAC,dr2,15,scDesign3,other
DRA,DRA,DRA,centroid_distance,0.362,scDesign3,SCIATAC,dr1,15,scDesign3,other
DRA,DRA,DRA,k-nearest,0.333,scDesign3,SCIATAC,dr1,15,scDesign3,other
DRA,DRA,DRA,kmax,697.0,scDesign3,SCIATAC,dr2,15,scDesign3,other
DRA,DRA,DRA,random_triplet,0.502,scDesign3,SCIATAC,dr1,15,scDesign3,other
DRA,DRA,DRA,spearman,-0.002,scDesign3,SCIATAC,dr1,15,scDesign3,other
DRA,DRA,DRA,svm,0.403,scDesign3,SCIATAC,dr1,15,scDesign3,other
DRA,DRA,DRA,AUC,0.499,scDesign3,SLIDE,dr2,15,scDesign3,other
DRA,DRA,DRA,Pearson,-0.009,scDesign3,SLIDE,dr3,15,scDesign3,other
DRA,DRA,DRA,Qglobal,0.563,scDesign3,SLIDE,dr2,15,scDesign3,other
DRA,DRA,DRA,Qlocal,0.064,scDesign3,SLIDE,dr2,15,scDesign3,other
DRA,DRA,DRA,centroid_distance,0.221,scDesign3,SLIDE,dr1,15,scDesign3,other
DRA,DRA,DRA,k-nearest,0.364,scDesign3,SLIDE,dr1,15,scDesign3,other
DRA,DRA,DRA,kmax,2970.0,scDesign3,SLIDE,dr2,15,scDesign3,other
DRA,DRA,DRA,random_triplet,0.5,scDesign3,SLIDE,dr1,15,scDesign3,other
DRA,DRA,DRA,spearman,0.007,scDesign3,SLIDE,dr1,15,scDesign3,other
DRA,DRA,DRA,svm,0.51,scDesign3,SLIDE,dr1,15,scDesign3,other
DRA,DRA,DRA,AUC,0.499,scDesign3,VISIUM,dr2,15,scDesign3,other
DRA,DRA,DRA,Pearson,-0.012,scDesign3,VISIUM,dr3,15,scDesign3,other
DRA,DRA,DRA,Qglobal,0.547,scDesign3,VISIUM,dr2,15,scDesign3,other
DRA,DRA,DRA,Qlocal,0.047,scDesign3,VISIUM,dr2,15,scDesign3,other
DRA,DRA,DRA,centroid_distance,0.417,scDesign3,VISIUM,dr1,15,scDesign3,other
DRA,DRA,DRA,k-nearest,0.3,scDesign3,VISIUM,dr1,15,scDesign3,other
DRA,DRA,DRA,kmax,257.0,scDesign3,VISIUM,dr2,15,scDesign3,other
DRA,DRA,DRA,random_triplet,0.496,scDesign3,VISIUM,dr1,15,scDesign3,other
DRA,DRA,DRA,spearman,0.002,scDesign3,VISIUM,dr1,15,scDesign3,other
DRA,DRA,DRA,svm,0.157,scDesign3,VISIUM,dr1,15,scDesign3,other
UMAP,UMAP,UMAP,AUC,0.597,SIMLR,Pollen,dr2,16,SIMLR,other
Parametric UMAP 50,ParametricUMAP50,UMAP,AUC,0.601,SIMLR,Pollen,dr2,16,SIMLR,other
Parametric UMAP 200,ParametricUMAP200,UMAP,AUC,0.6,SIMLR,Pollen,dr2,16,SIMLR,other
UMAP,UMAP,UMAP,Pearson,0.073,SIMLR,Pollen,dr3,16,SIMLR,other
Parametric UMAP 50,ParametricUMAP50,UMAP,Pearson,0.085,SIMLR,Pollen,dr3,16,SIMLR,other
Parametric UMAP 200,ParametricUMAP200,UMAP,Pearson,0.038,SIMLR,Pollen,dr3,16,SIMLR,other
UMAP,UMAP,UMAP,Qglobal,0.643,SIMLR,Pollen,dr2,16,SIMLR,other
Parametric UMAP 50,ParametricUMAP50,UMAP,Qglobal,0.645,SIMLR,Pollen,dr2,16,SIMLR,other
Parametric UMAP 200,ParametricUMAP200,UMAP,Qglobal,0.644,SIMLR,Pollen,dr2,16,SIMLR,other
UMAP,UMAP,UMAP,Qlocal,0.343,SIMLR,Pollen,dr2,16,SIMLR,other
Parametric UMAP 50,ParametricUMAP50,UMAP,Qlocal,0.358,SIMLR,Pollen,dr2,16,SIMLR,other
Parametric UMAP 200,ParametricUMAP200,UMAP,Qlocal,0.368,SIMLR,Pollen,dr2,16,SIMLR,other
UMAP,UMAP,UMAP,centroid_distance,0.47,SIMLR,Pollen,dr1,16,SIMLR,other
Parametric UMAP 50,ParametricUMAP50,UMAP,centroid_distance,0.45,SIMLR,Pollen,dr1,16,SIMLR,other
Parametric UMAP 200,ParametricUMAP200,UMAP,centroid_distance,0.458,SIMLR,Pollen,dr1,16,SIMLR,other
UMAP,UMAP,UMAP,k-nearest,0.667,SIMLR,Pollen,dr1,16,SIMLR,other
Parametric UMAP 50,ParametricUMAP50,UMAP,k-nearest,0.606,SIMLR,Pollen,dr1,16,SIMLR,other
Parametric UMAP 200,ParametricUMAP200,UMAP,k-nearest,0.636,SIMLR,Pollen,dr1,16,SIMLR,other
UMAP,UMAP,UMAP,kmax,37.0,SIMLR,Pollen,dr2,16,SIMLR,other
Parametric UMAP 50,ParametricUMAP50,UMAP,kmax,38.0,SIMLR,Pollen,dr2,16,SIMLR,other
Parametric UMAP 200,ParametricUMAP200,UMAP,kmax,39.0,SIMLR,Pollen,dr2,16,SIMLR,other
UMAP,UMAP,UMAP,random_triplet,0.557,SIMLR,Pollen,dr1,16,SIMLR,other
Parametric UMAP 50,ParametricUMAP50,UMAP,random_triplet,0.568,SIMLR,Pollen,dr1,16,SIMLR,other
Parametric UMAP 200,ParametricUMAP200,UMAP,random_triplet,0.575,SIMLR,Pollen,dr1,16,SIMLR,other
UMAP,UMAP,UMAP,spearman,0.068,SIMLR,Pollen,dr1,16,SIMLR,other
Parametric UMAP 50,ParametricUMAP50,UMAP,spearman,0.066,SIMLR,Pollen,dr1,16,SIMLR,other
Parametric UMAP 200,ParametricUMAP200,UMAP,spearman,0.056,SIMLR,Pollen,dr1,16,SIMLR,other
UMAP,UMAP,UMAP,svm,0.671,SIMLR,Pollen,dr1,16,SIMLR,other
Parametric UMAP 50,ParametricUMAP50,UMAP,svm,0.739,SIMLR,Pollen,dr1,16,SIMLR,other
Parametric UMAP 200,ParametricUMAP200,UMAP,svm,0.671,SIMLR,Pollen,dr1,16,SIMLR,other
UMAP,UMAP,UMAP,AUC,0.566,SIMLR,Usoskin,dr2,16,SIMLR,other
Parametric UMAP 50,ParametricUMAP50,UMAP,AUC,0.58,SIMLR,Usoskin,dr2,16,SIMLR,other
Parametric UMAP 200,ParametricUMAP200,UMAP,AUC,0.577,SIMLR,Usoskin,dr2,16,SIMLR,other
UMAP,UMAP,UMAP,Pearson,0.121,SIMLR,Usoskin,dr3,16,SIMLR,other
Parametric UMAP 50,ParametricUMAP50,UMAP,Pearson,0.171,SIMLR,Usoskin,dr3,16,SIMLR,other
Parametric UMAP 200,ParametricUMAP200,UMAP,Pearson,0.158,SIMLR,Usoskin,dr3,16,SIMLR,other
UMAP,UMAP,UMAP,Qglobal,0.653,SIMLR,Usoskin,dr2,16,SIMLR,other
Parametric UMAP 50,ParametricUMAP50,UMAP,Qglobal,0.683,SIMLR,Usoskin,dr2,16,SIMLR,other
Parametric UMAP 200,ParametricUMAP200,UMAP,Qglobal,0.673,SIMLR,Usoskin,dr2,16,SIMLR,other
UMAP,UMAP,UMAP,Qlocal,0.219,SIMLR,Usoskin,dr2,16,SIMLR,other
Parametric UMAP 50,ParametricUMAP50,UMAP,Qlocal,0.242,SIMLR,Usoskin,dr2,16,SIMLR,other
Parametric UMAP 200,ParametricUMAP200,UMAP,Qlocal,0.232,SIMLR,Usoskin,dr2,16,SIMLR,other
UMAP,UMAP,UMAP,centroid_distance,0.639,SIMLR,Usoskin,dr1,16,SIMLR,other
Parametric UMAP 50,ParametricUMAP50,UMAP,centroid_distance,0.639,SIMLR,Usoskin,dr1,16,SIMLR,other
Parametric UMAP 200,ParametricUMAP200,UMAP,centroid_distance,0.59,SIMLR,Usoskin,dr1,16,SIMLR,other
UMAP,UMAP,UMAP,k-nearest,0.25,SIMLR,Usoskin,dr1,16,SIMLR,other
Parametric UMAP 50,ParametricUMAP50,UMAP,k-nearest,0.25,SIMLR,Usoskin,dr1,16,SIMLR,other
Parametric UMAP 200,ParametricUMAP200,UMAP,k-nearest,0.0,SIMLR,Usoskin,dr1,16,SIMLR,other
UMAP,UMAP,UMAP,kmax,125.0,SIMLR,Usoskin,dr2,16,SIMLR,other
Parametric UMAP 50,ParametricUMAP50,UMAP,kmax,145.0,SIMLR,Usoskin,dr2,16,SIMLR,other
Parametric UMAP 200,ParametricUMAP200,UMAP,kmax,135.0,SIMLR,Usoskin,dr2,16,SIMLR,other
UMAP,UMAP,UMAP,random_triplet,0.552,SIMLR,Usoskin,dr1,16,SIMLR,other
Parametric UMAP 50,ParametricUMAP50,UMAP,random_triplet,0.588,SIMLR,Usoskin,dr1,16,SIMLR,other
Parametric UMAP 200,ParametricUMAP200,UMAP,random_triplet,0.572,SIMLR,Usoskin,dr1,16,SIMLR,other
UMAP,UMAP,UMAP,spearman,0.133,SIMLR,Usoskin,dr1,16,SIMLR,other
Parametric UMAP 50,ParametricUMAP50,UMAP,spearman,0.178,SIMLR,Usoskin,dr1,16,SIMLR,other
Parametric UMAP 200,ParametricUMAP200,UMAP,spearman,0.165,SIMLR,Usoskin,dr1,16,SIMLR,other
UMAP,UMAP,UMAP,svm,0.854,SIMLR,Usoskin,dr1,16,SIMLR,other
Parametric UMAP 50,ParametricUMAP50,UMAP,svm,0.831,SIMLR,Usoskin,dr1,16,SIMLR,other
Parametric UMAP 200,ParametricUMAP200,UMAP,svm,0.849,SIMLR,Usoskin,dr1,16,SIMLR,other
UMAP,UMAP,UMAP,AUC,0.746,TI,DA1_horns,dr2,16,trajectory,other
Parametric UMAP 50,ParametricUMAP50,UMAP,AUC,0.756,TI,DA1_horns,dr2,16,trajectory,other
Parametric UMAP 200,ParametricUMAP200,UMAP,AUC,0.733,TI,DA1_horns,dr2,16,trajectory,other
UMAP,UMAP,UMAP,Pearson,0.526,TI,DA1_horns,dr3,16,trajectory,other
Parametric UMAP 50,ParametricUMAP50,UMAP,Pearson,0.544,TI,DA1_horns,dr3,16,trajectory,other
Parametric UMAP 200,ParametricUMAP200,UMAP,Pearson,0.514,TI,DA1_horns,dr3,16,trajectory,other
UMAP,UMAP,UMAP,Qglobal,0.819,TI,DA1_horns,dr2,16,trajectory,other
Parametric UMAP 50,ParametricUMAP50,UMAP,Qglobal,0.833,TI,DA1_horns,dr2,16,trajectory,other
Parametric UMAP 200,ParametricUMAP200,UMAP,Qglobal,0.805,TI,DA1_horns,dr2,16,trajectory,other
UMAP,UMAP,UMAP,Qlocal,0.371,TI,DA1_horns,dr2,16,trajectory,other
Parametric UMAP 50,ParametricUMAP50,UMAP,Qlocal,0.36,TI,DA1_horns,dr2,16,trajectory,other
Parametric UMAP 200,ParametricUMAP200,UMAP,Qlocal,0.371,TI,DA1_horns,dr2,16,trajectory,other
UMAP,UMAP,UMAP,centroid_distance,0.963,TI,DA1_horns,dr1,16,trajectory,other
Parametric UMAP 50,ParametricUMAP50,UMAP,centroid_distance,0.981,TI,DA1_horns,dr1,16,trajectory,other
Parametric UMAP 200,ParametricUMAP200,UMAP,centroid_distance,0.925,TI,DA1_horns,dr1,16,trajectory,other
UMAP,UMAP,UMAP,k-nearest,1.0,TI,DA1_horns,dr1,16,trajectory,other
Parametric UMAP 50,ParametricUMAP50,UMAP,k-nearest,1.0,TI,DA1_horns,dr1,16,trajectory,other
Parametric UMAP 200,ParametricUMAP200,UMAP,k-nearest,1.0,TI,DA1_horns,dr1,16,trajectory,other
UMAP,UMAP,UMAP,kmax,44.0,TI,DA1_horns,dr2,16,trajectory,other
Parametric UMAP 50,ParametricUMAP50,UMAP,kmax,44.0,TI,DA1_horns,dr2,16,trajectory,other
Parametric UMAP 200,ParametricUMAP200,UMAP,kmax,45.0,TI,DA1_horns,dr2,16,trajectory,other
UMAP,UMAP,UMAP,random_triplet,0.784,TI,DA1_horns,dr1,16,trajectory,other
Parametric UMAP 50,ParametricUMAP50,UMAP,random_triplet,0.807,TI,DA1_horns,dr1,16,trajectory,other
Parametric UMAP 200,ParametricUMAP200,UMAP,random_triplet,0.762,TI,DA1_horns,dr1,16,trajectory,other
UMAP,UMAP,UMAP,spearman,0.786,TI,DA1_horns,dr1,16,trajectory,other
Parametric UMAP 50,ParametricUMAP50,UMAP,spearman,0.799,TI,DA1_horns,dr1,16,trajectory,other
Parametric UMAP 200,ParametricUMAP200,UMAP,spearman,0.757,TI,DA1_horns,dr1,16,trajectory,other
UMAP,UMAP,UMAP,svm,0.95,TI,DA1_horns,dr1,16,trajectory,other
Parametric UMAP 50,ParametricUMAP50,UMAP,svm,0.96,TI,DA1_horns,dr1,16,trajectory,other
Parametric UMAP 200,ParametricUMAP200,UMAP,svm,0.938,TI,DA1_horns,dr1,16,trajectory,other
UMAP,UMAP,UMAP,AUC,0.736,TI,DC3_VA1d_horns,dr2,16,trajectory,other
Parametric UMAP 50,ParametricUMAP50,UMAP,AUC,0.783,TI,DC3_VA1d_horns,dr2,16,trajectory,other
Parametric UMAP 200,ParametricUMAP200,UMAP,AUC,0.813,TI,DC3_VA1d_horns,dr2,16,trajectory,other
UMAP,UMAP,UMAP,Pearson,0.403,TI,DC3_VA1d_horns,dr3,16,trajectory,other
Parametric UMAP 50,ParametricUMAP50,UMAP,Pearson,0.483,TI,DC3_VA1d_horns,dr3,16,trajectory,other
Parametric UMAP 200,ParametricUMAP200,UMAP,Pearson,0.525,TI,DC3_VA1d_horns,dr3,16,trajectory,other
UMAP,UMAP,UMAP,Qglobal,0.798,TI,DC3_VA1d_horns,dr2,16,trajectory,other
Parametric UMAP 50,ParametricUMAP50,UMAP,Qglobal,0.866,TI,DC3_VA1d_horns,dr2,16,trajectory,other
Parametric UMAP 200,ParametricUMAP200,UMAP,Qglobal,0.892,TI,DC3_VA1d_horns,dr2,16,trajectory,other
UMAP,UMAP,UMAP,Qlocal,0.492,TI,DC3_VA1d_horns,dr2,16,trajectory,other
Parametric UMAP 50,ParametricUMAP50,UMAP,Qlocal,0.465,TI,DC3_VA1d_horns,dr2,16,trajectory,other
Parametric UMAP 200,ParametricUMAP200,UMAP,Qlocal,0.495,TI,DC3_VA1d_horns,dr2,16,trajectory,other
UMAP,UMAP,UMAP,centroid_distance,0.787,TI,DC3_VA1d_horns,dr1,16,trajectory,other
Parametric UMAP 50,ParametricUMAP50,UMAP,centroid_distance,0.882,TI,DC3_VA1d_horns,dr1,16,trajectory,other
Parametric UMAP 200,ParametricUMAP200,UMAP,centroid_distance,0.963,TI,DC3_VA1d_horns,dr1,16,trajectory,other
UMAP,UMAP,UMAP,k-nearest,0.722,TI,DC3_VA1d_horns,dr1,16,trajectory,other
Parametric UMAP 50,ParametricUMAP50,UMAP,k-nearest,0.833,TI,DC3_VA1d_horns,dr1,16,trajectory,other
Parametric UMAP 200,ParametricUMAP200,UMAP,k-nearest,0.889,TI,DC3_VA1d_horns,dr1,16,trajectory,other
UMAP,UMAP,UMAP,kmax,32.0,TI,DC3_VA1d_horns,dr2,16,trajectory,other
Parametric UMAP 50,ParametricUMAP50,UMAP,kmax,33.0,TI,DC3_VA1d_horns,dr2,16,trajectory,other
Parametric UMAP 200,ParametricUMAP200,UMAP,kmax,32.0,TI,DC3_VA1d_horns,dr2,16,trajectory,other
UMAP,UMAP,UMAP,random_triplet,0.704,TI,DC3_VA1d_horns,dr1,16,trajectory,other
Parametric UMAP 50,ParametricUMAP50,UMAP,random_triplet,0.806,TI,DC3_VA1d_horns,dr1,16,trajectory,other
Parametric UMAP 200,ParametricUMAP200,UMAP,random_triplet,0.843,TI,DC3_VA1d_horns,dr1,16,trajectory,other
UMAP,UMAP,UMAP,spearman,0.611,TI,DC3_VA1d_horns,dr1,16,trajectory,other
Parametric UMAP 50,ParametricUMAP50,UMAP,spearman,0.785,TI,DC3_VA1d_horns,dr1,16,trajectory,other
Parametric UMAP 200,ParametricUMAP200,UMAP,spearman,0.886,TI,DC3_VA1d_horns,dr1,16,trajectory,other
UMAP,UMAP,UMAP,svm,0.685,TI,DC3_VA1d_horns,dr1,16,trajectory,other
Parametric UMAP 50,ParametricUMAP50,UMAP,svm,0.816,TI,DC3_VA1d_horns,dr1,16,trajectory,other
Parametric UMAP 200,ParametricUMAP200,UMAP,svm,0.56,TI,DC3_VA1d_horns,dr1,16,trajectory,other
UMAP,UMAP,UMAP,AUC,0.722,TI,ICM,dr2,16,trajectory,other
Parametric UMAP 50,ParametricUMAP50,UMAP,AUC,0.774,TI,ICM,dr2,16,trajectory,other
Parametric UMAP 200,ParametricUMAP200,UMAP,AUC,0.756,TI,ICM,dr2,16,trajectory,other
UMAP,UMAP,UMAP,Pearson,0.569,TI,ICM,dr3,16,trajectory,other
Parametric UMAP 50,ParametricUMAP50,UMAP,Pearson,0.663,TI,ICM,dr3,16,trajectory,other
Parametric UMAP 200,ParametricUMAP200,UMAP,Pearson,0.601,TI,ICM,dr3,16,trajectory,other
UMAP,UMAP,UMAP,Qglobal,0.747,TI,ICM,dr2,16,trajectory,other
Parametric UMAP 50,ParametricUMAP50,UMAP,Qglobal,0.81,TI,ICM,dr2,16,trajectory,other
Parametric UMAP 200,ParametricUMAP200,UMAP,Qglobal,0.787,TI,ICM,dr2,16,trajectory,other
UMAP,UMAP,UMAP,Qlocal,0.55,TI,ICM,dr2,16,trajectory,other
Parametric UMAP 50,ParametricUMAP50,UMAP,Qlocal,0.542,TI,ICM,dr2,16,trajectory,other
Parametric UMAP 200,ParametricUMAP200,UMAP,Qlocal,0.53,TI,ICM,dr2,16,trajectory,other
UMAP,UMAP,UMAP,centroid_distance,0.691,TI,ICM,dr1,16,trajectory,other
Parametric UMAP 50,ParametricUMAP50,UMAP,centroid_distance,0.733,TI,ICM,dr1,16,trajectory,other
Parametric UMAP 200,ParametricUMAP200,UMAP,centroid_distance,0.799,TI,ICM,dr1,16,trajectory,other
UMAP,UMAP,UMAP,k-nearest,0.533,TI,ICM,dr1,16,trajectory,other
Parametric UMAP 50,ParametricUMAP50,UMAP,k-nearest,0.733,TI,ICM,dr1,16,trajectory,other
Parametric UMAP 200,ParametricUMAP200,UMAP,k-nearest,0.767,TI,ICM,dr1,16,trajectory,other
UMAP,UMAP,UMAP,kmax,32.0,TI,ICM,dr2,16,trajectory,other
Parametric UMAP 50,ParametricUMAP50,UMAP,kmax,34.0,TI,ICM,dr2,16,trajectory,other
Parametric UMAP 200,ParametricUMAP200,UMAP,kmax,31.0,TI,ICM,dr2,16,trajectory,other
UMAP,UMAP,UMAP,random_triplet,0.703,TI,ICM,dr1,16,trajectory,other
Parametric UMAP 50,ParametricUMAP50,UMAP,random_triplet,0.727,TI,ICM,dr1,16,trajectory,other
Parametric UMAP 200,ParametricUMAP200,UMAP,random_triplet,0.718,TI,ICM,dr1,16,trajectory,other
UMAP,UMAP,UMAP,spearman,0.587,TI,ICM,dr1,16,trajectory,other
Parametric UMAP 50,ParametricUMAP50,UMAP,spearman,0.583,TI,ICM,dr1,16,trajectory,other
Parametric UMAP 200,ParametricUMAP200,UMAP,spearman,0.575,TI,ICM,dr1,16,trajectory,other
UMAP,UMAP,UMAP,svm,0.842,TI,ICM,dr1,16,trajectory,other
Parametric UMAP 50,ParametricUMAP50,UMAP,svm,0.879,TI,ICM,dr1,16,trajectory,other
Parametric UMAP 200,ParametricUMAP200,UMAP,svm,0.842,TI,ICM,dr1,16,trajectory,other
UMAP,UMAP,UMAP,AUC,0.74,TI,blastocyst,dr2,16,trajectory,other
Parametric UMAP 50,ParametricUMAP50,UMAP,AUC,0.776,TI,blastocyst,dr2,16,trajectory,other
Parametric UMAP 200,ParametricUMAP200,UMAP,AUC,0.771,TI,blastocyst,dr2,16,trajectory,other
UMAP,UMAP,UMAP,Pearson,0.594,TI,blastocyst,dr3,16,trajectory,other
Parametric UMAP 50,ParametricUMAP50,UMAP,Pearson,0.73,TI,blastocyst,dr3,16,trajectory,other
Parametric UMAP 200,ParametricUMAP200,UMAP,Pearson,0.707,TI,blastocyst,dr3,16,trajectory,other
UMAP,UMAP,UMAP,Qglobal,0.76,TI,blastocyst,dr2,16,trajectory,other
Parametric UMAP 50,ParametricUMAP50,UMAP,Qglobal,0.804,TI,blastocyst,dr2,16,trajectory,other
Parametric UMAP 200,ParametricUMAP200,UMAP,Qglobal,0.799,TI,blastocyst,dr2,16,trajectory,other
UMAP,UMAP,UMAP,Qlocal,0.547,TI,blastocyst,dr2,16,trajectory,other
Parametric UMAP 50,ParametricUMAP50,UMAP,Qlocal,0.537,TI,blastocyst,dr2,16,trajectory,other
Parametric UMAP 200,ParametricUMAP200,UMAP,Qlocal,0.529,TI,blastocyst,dr2,16,trajectory,other
UMAP,UMAP,UMAP,centroid_distance,0.713,TI,blastocyst,dr1,16,trajectory,other
Parametric UMAP 50,ParametricUMAP50,UMAP,centroid_distance,0.857,TI,blastocyst,dr1,16,trajectory,other
Parametric UMAP 200,ParametricUMAP200,UMAP,centroid_distance,0.762,TI,blastocyst,dr1,16,trajectory,other
UMAP,UMAP,UMAP,k-nearest,0.615,TI,blastocyst,dr1,16,trajectory,other
Parametric UMAP 50,ParametricUMAP50,UMAP,k-nearest,0.59,TI,blastocyst,dr1,16,trajectory,other
Parametric UMAP 200,ParametricUMAP200,UMAP,k-nearest,0.692,TI,blastocyst,dr1,16,trajectory,other
UMAP,UMAP,UMAP,kmax,31.0,TI,blastocyst,dr2,16,trajectory,other
Parametric UMAP 50,ParametricUMAP50,UMAP,kmax,34.0,TI,blastocyst,dr2,16,trajectory,other
Parametric UMAP 200,ParametricUMAP200,UMAP,kmax,34.0,TI,blastocyst,dr2,16,trajectory,other
UMAP,UMAP,UMAP,random_triplet,0.699,TI,blastocyst,dr1,16,trajectory,other
Parametric UMAP 50,ParametricUMAP50,UMAP,random_triplet,0.766,TI,blastocyst,dr1,16,trajectory,other
Parametric UMAP 200,ParametricUMAP200,UMAP,random_triplet,0.763,TI,blastocyst,dr1,16,trajectory,other
UMAP,UMAP,UMAP,spearman,0.58,TI,blastocyst,dr1,16,trajectory,other
Parametric UMAP 50,ParametricUMAP50,UMAP,spearman,0.742,TI,blastocyst,dr1,16,trajectory,other
Parametric UMAP 200,ParametricUMAP200,UMAP,spearman,0.716,TI,blastocyst,dr1,16,trajectory,other
UMAP,UMAP,UMAP,svm,0.822,TI,blastocyst,dr1,16,trajectory,other
Parametric UMAP 50,ParametricUMAP50,UMAP,svm,0.882,TI,blastocyst,dr1,16,trajectory,other
Parametric UMAP 200,ParametricUMAP200,UMAP,svm,0.856,TI,blastocyst,dr1,16,trajectory,other
UMAP,UMAP,UMAP,AUC,0.601,TI,combination-1,dr2,16,trajectory,other
Parametric UMAP 50,ParametricUMAP50,UMAP,AUC,0.607,TI,combination-1,dr2,16,trajectory,other
Parametric UMAP 200,ParametricUMAP200,UMAP,AUC,0.607,TI,combination-1,dr2,16,trajectory,other
UMAP,UMAP,UMAP,Pearson,0.298,TI,combination-1,dr3,16,trajectory,other
Parametric UMAP 50,ParametricUMAP50,UMAP,Pearson,0.318,TI,combination-1,dr3,16,trajectory,other
Parametric UMAP 200,ParametricUMAP200,UMAP,Pearson,0.311,TI,combination-1,dr3,16,trajectory,other
UMAP,UMAP,UMAP,Qglobal,0.675,TI,combination-1,dr2,16,trajectory,other
Parametric UMAP 50,ParametricUMAP50,UMAP,Qglobal,0.68,TI,combination-1,dr2,16,trajectory,other
Parametric UMAP 200,ParametricUMAP200,UMAP,Qglobal,0.681,TI,combination-1,dr2,16,trajectory,other
UMAP,UMAP,UMAP,Qlocal,0.209,TI,combination-1,dr2,16,trajectory,other
Parametric UMAP 50,ParametricUMAP50,UMAP,Qlocal,0.206,TI,combination-1,dr2,16,trajectory,other
Parametric UMAP 200,ParametricUMAP200,UMAP,Qlocal,0.209,TI,combination-1,dr2,16,trajectory,other
UMAP,UMAP,UMAP,centroid_distance,0.71,TI,combination-1,dr1,16,trajectory,other
Parametric UMAP 50,ParametricUMAP50,UMAP,centroid_distance,0.7,TI,combination-1,dr1,16,trajectory,other
Parametric UMAP 200,ParametricUMAP200,UMAP,centroid_distance,0.689,TI,combination-1,dr1,16,trajectory,other
UMAP,UMAP,UMAP,k-nearest,0.714,TI,combination-1,dr1,16,trajectory,other
Parametric UMAP 50,ParametricUMAP50,UMAP,k-nearest,0.643,TI,combination-1,dr1,16,trajectory,other
Parametric UMAP 200,ParametricUMAP200,UMAP,k-nearest,0.643,TI,combination-1,dr1,16,trajectory,other
UMAP,UMAP,UMAP,kmax,680.0,TI,combination-1,dr2,16,trajectory,other
Parametric UMAP 50,ParametricUMAP50,UMAP,kmax,662.0,TI,combination-1,dr2,16,trajectory,other
Parametric UMAP 200,ParametricUMAP200,UMAP,kmax,674.0,TI,combination-1,dr2,16,trajectory,other
UMAP,UMAP,UMAP,random_triplet,0.62,TI,combination-1,dr1,16,trajectory,other
Parametric UMAP 50,ParametricUMAP50,UMAP,random_triplet,0.637,TI,combination-1,dr1,16,trajectory,other
Parametric UMAP 200,ParametricUMAP200,UMAP,random_triplet,0.633,TI,combination-1,dr1,16,trajectory,other
UMAP,UMAP,UMAP,spearman,0.373,TI,combination-1,dr1,16,trajectory,other
Parametric UMAP 50,ParametricUMAP50,UMAP,spearman,0.402,TI,combination-1,dr1,16,trajectory,other
Parametric UMAP 200,ParametricUMAP200,UMAP,spearman,0.398,TI,combination-1,dr1,16,trajectory,other
UMAP,UMAP,UMAP,svm,0.875,TI,combination-1,dr1,16,trajectory,other
Parametric UMAP 50,ParametricUMAP50,UMAP,svm,0.879,TI,combination-1,dr1,16,trajectory,other
Parametric UMAP 200,ParametricUMAP200,UMAP,svm,0.884,TI,combination-1,dr1,16,trajectory,other
UMAP,UMAP,UMAP,AUC,0.577,TI,combination-2,dr2,16,trajectory,other
Parametric UMAP 50,ParametricUMAP50,UMAP,AUC,0.576,TI,combination-2,dr2,16,trajectory,other
Parametric UMAP 200,ParametricUMAP200,UMAP,AUC,0.58,TI,combination-2,dr2,16,trajectory,other
UMAP,UMAP,UMAP,Pearson,0.132,TI,combination-2,dr3,16,trajectory,other
Parametric UMAP 50,ParametricUMAP50,UMAP,Pearson,0.136,TI,combination-2,dr3,16,trajectory,other
Parametric UMAP 200,ParametricUMAP200,UMAP,Pearson,0.145,TI,combination-2,dr3,16,trajectory,other
UMAP,UMAP,UMAP,Qglobal,0.62,TI,combination-2,dr2,16,trajectory,other
Parametric UMAP 50,ParametricUMAP50,UMAP,Qglobal,0.62,TI,combination-2,dr2,16,trajectory,other
Parametric UMAP 200,ParametricUMAP200,UMAP,Qglobal,0.624,TI,combination-2,dr2,16,trajectory,other
UMAP,UMAP,UMAP,Qlocal,0.149,TI,combination-2,dr2,16,trajectory,other
Parametric UMAP 50,ParametricUMAP50,UMAP,Qlocal,0.149,TI,combination-2,dr2,16,trajectory,other
Parametric UMAP 200,ParametricUMAP200,UMAP,Qlocal,0.147,TI,combination-2,dr2,16,trajectory,other
UMAP,UMAP,UMAP,centroid_distance,0.779,TI,combination-2,dr1,16,trajectory,other
Parametric UMAP 50,ParametricUMAP50,UMAP,centroid_distance,0.747,TI,combination-2,dr1,16,trajectory,other
Parametric UMAP 200,ParametricUMAP200,UMAP,centroid_distance,0.802,TI,combination-2,dr1,16,trajectory,other
UMAP,UMAP,UMAP,k-nearest,0.639,TI,combination-2,dr1,16,trajectory,other
Parametric UMAP 50,ParametricUMAP50,UMAP,k-nearest,0.722,TI,combination-2,dr1,16,trajectory,other
Parametric UMAP 200,ParametricUMAP200,UMAP,k-nearest,0.667,TI,combination-2,dr1,16,trajectory,other
UMAP,UMAP,UMAP,kmax,397.0,TI,combination-2,dr2,16,trajectory,other
Parametric UMAP 50,ParametricUMAP50,UMAP,kmax,406.0,TI,combination-2,dr2,16,trajectory,other
Parametric UMAP 200,ParametricUMAP200,UMAP,kmax,401.0,TI,combination-2,dr2,16,trajectory,other
UMAP,UMAP,UMAP,random_triplet,0.589,TI,combination-2,dr1,16,trajectory,other
Parametric UMAP 50,ParametricUMAP50,UMAP,random_triplet,0.586,TI,combination-2,dr1,16,trajectory,other
Parametric UMAP 200,ParametricUMAP200,UMAP,random_triplet,0.591,TI,combination-2,dr1,16,trajectory,other
UMAP,UMAP,UMAP,spearman,0.19,TI,combination-2,dr1,16,trajectory,other
Parametric UMAP 50,ParametricUMAP50,UMAP,spearman,0.198,TI,combination-2,dr1,16,trajectory,other
Parametric UMAP 200,ParametricUMAP200,UMAP,spearman,0.202,TI,combination-2,dr1,16,trajectory,other
UMAP,UMAP,UMAP,svm,0.61,TI,combination-2,dr1,16,trajectory,other
Parametric UMAP 50,ParametricUMAP50,UMAP,svm,0.615,TI,combination-2,dr1,16,trajectory,other
Parametric UMAP 200,ParametricUMAP200,UMAP,svm,0.616,TI,combination-2,dr1,16,trajectory,other
UMAP,UMAP,UMAP,AUC,0.598,TI,combination-3,dr2,16,trajectory,other
Parametric UMAP 50,ParametricUMAP50,UMAP,AUC,0.597,TI,combination-3,dr2,16,trajectory,other
Parametric UMAP 200,ParametricUMAP200,UMAP,AUC,0.599,TI,combination-3,dr2,16,trajectory,other
UMAP,UMAP,UMAP,Pearson,0.17,TI,combination-3,dr3,16,trajectory,other
Parametric UMAP 50,ParametricUMAP50,UMAP,Pearson,0.184,TI,combination-3,dr3,16,trajectory,other
Parametric UMAP 200,ParametricUMAP200,UMAP,Pearson,0.184,TI,combination-3,dr3,16,trajectory,other
UMAP,UMAP,UMAP,Qglobal,0.659,TI,combination-3,dr2,16,trajectory,other
Parametric UMAP 50,ParametricUMAP50,UMAP,Qglobal,0.65,TI,combination-3,dr2,16,trajectory,other
Parametric UMAP 200,ParametricUMAP200,UMAP,Qglobal,0.705,TI,combination-3,dr2,16,trajectory,other
UMAP,UMAP,UMAP,Qlocal,0.206,TI,combination-3,dr2,16,trajectory,other
Parametric UMAP 50,ParametricUMAP50,UMAP,Qlocal,0.189,TI,combination-3,dr2,16,trajectory,other
Parametric UMAP 200,ParametricUMAP200,UMAP,Qlocal,0.272,TI,combination-3,dr2,16,trajectory,other
UMAP,UMAP,UMAP,centroid_distance,0.713,TI,combination-3,dr1,16,trajectory,other
Parametric UMAP 50,ParametricUMAP50,UMAP,centroid_distance,0.684,TI,combination-3,dr1,16,trajectory,other
Parametric UMAP 200,ParametricUMAP200,UMAP,centroid_distance,0.714,TI,combination-3,dr1,16,trajectory,other
UMAP,UMAP,UMAP,k-nearest,0.714,TI,combination-3,dr1,16,trajectory,other
Parametric UMAP 50,ParametricUMAP50,UMAP,k-nearest,0.571,TI,combination-3,dr1,16,trajectory,other
Parametric UMAP 200,ParametricUMAP200,UMAP,k-nearest,0.643,TI,combination-3,dr1,16,trajectory,other
UMAP,UMAP,UMAP,kmax,309.0,TI,combination-3,dr2,16,trajectory,other
Parametric UMAP 50,ParametricUMAP50,UMAP,kmax,260.0,TI,combination-3,dr2,16,trajectory,other
Parametric UMAP 200,ParametricUMAP200,UMAP,kmax,554.0,TI,combination-3,dr2,16,trajectory,other
UMAP,UMAP,UMAP,random_triplet,0.608,TI,combination-3,dr1,16,trajectory,other
Parametric UMAP 50,ParametricUMAP50,UMAP,random_triplet,0.615,TI,combination-3,dr1,16,trajectory,other
Parametric UMAP 200,ParametricUMAP200,UMAP,random_triplet,0.617,TI,combination-3,dr1,16,trajectory,other
UMAP,UMAP,UMAP,spearman,0.233,TI,combination-3,dr1,16,trajectory,other
Parametric UMAP 50,ParametricUMAP50,UMAP,spearman,0.245,TI,combination-3,dr1,16,trajectory,other
Parametric UMAP 200,ParametricUMAP200,UMAP,spearman,0.232,TI,combination-3,dr1,16,trajectory,other
UMAP,UMAP,UMAP,svm,0.804,TI,combination-3,dr1,16,trajectory,other
Parametric UMAP 50,ParametricUMAP50,UMAP,svm,0.797,TI,combination-3,dr1,16,trajectory,other
Parametric UMAP 200,ParametricUMAP200,UMAP,svm,0.801,TI,combination-3,dr1,16,trajectory,other
UMAP,UMAP,UMAP,AUC,0.78,TI,epiblast,dr2,16,trajectory,other
Parametric UMAP 50,ParametricUMAP50,UMAP,AUC,0.783,TI,epiblast,dr2,16,trajectory,other
Parametric UMAP 200,ParametricUMAP200,UMAP,AUC,0.784,TI,epiblast,dr2,16,trajectory,other
UMAP,UMAP,UMAP,Pearson,0.651,TI,epiblast,dr3,16,trajectory,other
Parametric UMAP 50,ParametricUMAP50,UMAP,Pearson,0.712,TI,epiblast,dr3,16,trajectory,other
Parametric UMAP 200,ParametricUMAP200,UMAP,Pearson,0.717,TI,epiblast,dr3,16,trajectory,other
UMAP,UMAP,UMAP,Qglobal,0.833,TI,epiblast,dr2,16,trajectory,other
Parametric UMAP 50,ParametricUMAP50,UMAP,Qglobal,0.837,TI,epiblast,dr2,16,trajectory,other
Parametric UMAP 200,ParametricUMAP200,UMAP,Qglobal,0.84,TI,epiblast,dr2,16,trajectory,other
UMAP,UMAP,UMAP,Qlocal,0.541,TI,epiblast,dr2,16,trajectory,other
Parametric UMAP 50,ParametricUMAP50,UMAP,Qlocal,0.53,TI,epiblast,dr2,16,trajectory,other
Parametric UMAP 200,ParametricUMAP200,UMAP,Qlocal,0.53,TI,epiblast,dr2,16,trajectory,other
UMAP,UMAP,UMAP,centroid_distance,0.94,TI,epiblast,dr1,16,trajectory,other
Parametric UMAP 50,ParametricUMAP50,UMAP,centroid_distance,0.939,TI,epiblast,dr1,16,trajectory,other
Parametric UMAP 200,ParametricUMAP200,UMAP,centroid_distance,0.939,TI,epiblast,dr1,16,trajectory,other
UMAP,UMAP,UMAP,k-nearest,0.786,TI,epiblast,dr1,16,trajectory,other
Parametric UMAP 50,ParametricUMAP50,UMAP,k-nearest,0.714,TI,epiblast,dr1,16,trajectory,other
Parametric UMAP 200,ParametricUMAP200,UMAP,k-nearest,0.786,TI,epiblast,dr1,16,trajectory,other
UMAP,UMAP,UMAP,kmax,31.0,TI,epiblast,dr2,16,trajectory,other
Parametric UMAP 50,ParametricUMAP50,UMAP,kmax,30.0,TI,epiblast,dr2,16,trajectory,other
Parametric UMAP 200,ParametricUMAP200,UMAP,kmax,31.0,TI,epiblast,dr2,16,trajectory,other
UMAP,UMAP,UMAP,random_triplet,0.797,TI,epiblast,dr1,16,trajectory,other
Parametric UMAP 50,ParametricUMAP50,UMAP,random_triplet,0.78,TI,epiblast,dr1,16,trajectory,other
Parametric UMAP 200,ParametricUMAP200,UMAP,random_triplet,0.8,TI,epiblast,dr1,16,trajectory,other
UMAP,UMAP,UMAP,spearman,0.796,TI,epiblast,dr1,16,trajectory,other
Parametric UMAP 50,ParametricUMAP50,UMAP,spearman,0.816,TI,epiblast,dr1,16,trajectory,other
Parametric UMAP 200,ParametricUMAP200,UMAP,spearman,0.818,TI,epiblast,dr1,16,trajectory,other
UMAP,UMAP,UMAP,svm,0.785,TI,epiblast,dr1,16,trajectory,other
Parametric UMAP 50,ParametricUMAP50,UMAP,svm,0.934,TI,epiblast,dr1,16,trajectory,other
Parametric UMAP 200,ParametricUMAP200,UMAP,svm,0.873,TI,epiblast,dr1,16,trajectory,other
UMAP,UMAP,UMAP,AUC,0.607,TI,epidermis,dr2,16,trajectory,other
Parametric UMAP 50,ParametricUMAP50,UMAP,AUC,0.611,TI,epidermis,dr2,16,trajectory,other
Parametric UMAP 200,ParametricUMAP200,UMAP,AUC,0.61,TI,epidermis,dr2,16,trajectory,other
UMAP,UMAP,UMAP,Pearson,0.325,TI,epidermis,dr3,16,trajectory,other
Parametric UMAP 50,ParametricUMAP50,UMAP,Pearson,0.339,TI,epidermis,dr3,16,trajectory,other
Parametric UMAP 200,ParametricUMAP200,UMAP,Pearson,0.333,TI,epidermis,dr3,16,trajectory,other
UMAP,UMAP,UMAP,Qglobal,0.68,TI,epidermis,dr2,16,trajectory,other
Parametric UMAP 50,ParametricUMAP50,UMAP,Qglobal,0.685,TI,epidermis,dr2,16,trajectory,other
Parametric UMAP 200,ParametricUMAP200,UMAP,Qglobal,0.683,TI,epidermis,dr2,16,trajectory,other
UMAP,UMAP,UMAP,Qlocal,0.222,TI,epidermis,dr2,16,trajectory,other
Parametric UMAP 50,ParametricUMAP50,UMAP,Qlocal,0.224,TI,epidermis,dr2,16,trajectory,other
Parametric UMAP 200,ParametricUMAP200,UMAP,Qlocal,0.222,TI,epidermis,dr2,16,trajectory,other
UMAP,UMAP,UMAP,centroid_distance,0.801,TI,epidermis,dr1,16,trajectory,other
Parametric UMAP 50,ParametricUMAP50,UMAP,centroid_distance,0.807,TI,epidermis,dr1,16,trajectory,other
Parametric UMAP 200,ParametricUMAP200,UMAP,centroid_distance,0.763,TI,epidermis,dr1,16,trajectory,other
UMAP,UMAP,UMAP,k-nearest,1.0,TI,epidermis,dr1,16,trajectory,other
Parametric UMAP 50,ParametricUMAP50,UMAP,k-nearest,1.0,TI,epidermis,dr1,16,trajectory,other
Parametric UMAP 200,ParametricUMAP200,UMAP,k-nearest,1.0,TI,epidermis,dr1,16,trajectory,other
UMAP,UMAP,UMAP,kmax,643.0,TI,epidermis,dr2,16,trajectory,other
Parametric UMAP 50,ParametricUMAP50,UMAP,kmax,645.0,TI,epidermis,dr2,16,trajectory,other
Parametric UMAP 200,ParametricUMAP200,UMAP,kmax,637.0,TI,epidermis,dr2,16,trajectory,other
UMAP,UMAP,UMAP,random_triplet,0.631,TI,epidermis,dr1,16,trajectory,other
Parametric UMAP 50,ParametricUMAP50,UMAP,random_triplet,0.637,TI,epidermis,dr1,16,trajectory,other
Parametric UMAP 200,ParametricUMAP200,UMAP,random_triplet,0.634,TI,epidermis,dr1,16,trajectory,other
UMAP,UMAP,UMAP,spearman,0.363,TI,epidermis,dr1,16,trajectory,other
Parametric UMAP 50,ParametricUMAP50,UMAP,spearman,0.387,TI,epidermis,dr1,16,trajectory,other
Parametric UMAP 200,ParametricUMAP200,UMAP,spearman,0.376,TI,epidermis,dr1,16,trajectory,other
UMAP,UMAP,UMAP,svm,0.878,TI,epidermis,dr1,16,trajectory,other
Parametric UMAP 50,ParametricUMAP50,UMAP,svm,0.885,TI,epidermis,dr1,16,trajectory,other
Parametric UMAP 200,ParametricUMAP200,UMAP,svm,0.88,TI,epidermis,dr1,16,trajectory,other
UMAP,UMAP,UMAP,AUC,0.751,TI,horns,dr2,16,trajectory,other
Parametric UMAP 50,ParametricUMAP50,UMAP,AUC,0.74,TI,horns,dr2,16,trajectory,other
Parametric UMAP 200,ParametricUMAP200,UMAP,AUC,0.747,TI,horns,dr2,16,trajectory,other
UMAP,UMAP,UMAP,Pearson,0.547,TI,horns,dr3,16,trajectory,other
Parametric UMAP 50,ParametricUMAP50,UMAP,Pearson,0.555,TI,horns,dr3,16,trajectory,other
Parametric UMAP 200,ParametricUMAP200,UMAP,Pearson,0.552,TI,horns,dr3,16,trajectory,other
UMAP,UMAP,UMAP,Qglobal,0.877,TI,horns,dr2,16,trajectory,other
Parametric UMAP 50,ParametricUMAP50,UMAP,Qglobal,0.823,TI,horns,dr2,16,trajectory,other
Parametric UMAP 200,ParametricUMAP200,UMAP,Qglobal,0.815,TI,horns,dr2,16,trajectory,other
UMAP,UMAP,UMAP,Qlocal,0.535,TI,horns,dr2,16,trajectory,other
Parametric UMAP 50,ParametricUMAP50,UMAP,Qlocal,0.427,TI,horns,dr2,16,trajectory,other
Parametric UMAP 200,ParametricUMAP200,UMAP,Qlocal,0.391,TI,horns,dr2,16,trajectory,other
UMAP,UMAP,UMAP,centroid_distance,0.904,TI,horns,dr1,16,trajectory,other
Parametric UMAP 50,ParametricUMAP50,UMAP,centroid_distance,0.863,TI,horns,dr1,16,trajectory,other
Parametric UMAP 200,ParametricUMAP200,UMAP,centroid_distance,0.88,TI,horns,dr1,16,trajectory,other
UMAP,UMAP,UMAP,k-nearest,0.786,TI,horns,dr1,16,trajectory,other
Parametric UMAP 50,ParametricUMAP50,UMAP,k-nearest,0.75,TI,horns,dr1,16,trajectory,other
Parametric UMAP 200,ParametricUMAP200,UMAP,k-nearest,0.75,TI,horns,dr1,16,trajectory,other
UMAP,UMAP,UMAP,kmax,165.0,TI,horns,dr2,16,trajectory,other
Parametric UMAP 50,ParametricUMAP50,UMAP,kmax,94.0,TI,horns,dr2,16,trajectory,other
Parametric UMAP 200,ParametricUMAP200,UMAP,kmax,71.0,TI,horns,dr2,16,trajectory,other
UMAP,UMAP,UMAP,random_triplet,0.798,TI,horns,dr1,16,trajectory,other
Parametric UMAP 50,ParametricUMAP50,UMAP,random_triplet,0.768,TI,horns,dr1,16,trajectory,other
Parametric UMAP 200,ParametricUMAP200,UMAP,random_triplet,0.787,TI,horns,dr1,16,trajectory,other
UMAP,UMAP,UMAP,spearman,0.757,TI,horns,dr1,16,trajectory,other
Parametric UMAP 50,ParametricUMAP50,UMAP,spearman,0.72,TI,horns,dr1,16,trajectory,other
Parametric UMAP 200,ParametricUMAP200,UMAP,spearman,0.743,TI,horns,dr1,16,trajectory,other
UMAP,UMAP,UMAP,svm,0.515,TI,horns,dr1,16,trajectory,other
Parametric UMAP 50,ParametricUMAP50,UMAP,svm,0.804,TI,horns,dr1,16,trajectory,other
Parametric UMAP 200,ParametricUMAP200,UMAP,svm,0.628,TI,horns,dr1,16,trajectory,other
UMAP,UMAP,UMAP,AUC,0.551,TI,muscle,dr2,16,trajectory,other
Parametric UMAP 50,ParametricUMAP50,UMAP,AUC,0.554,TI,muscle,dr2,16,trajectory,other
Parametric UMAP 200,ParametricUMAP200,UMAP,AUC,0.553,TI,muscle,dr2,16,trajectory,other
UMAP,UMAP,UMAP,Pearson,0.101,TI,muscle,dr3,16,trajectory,other
Parametric UMAP 50,ParametricUMAP50,UMAP,Pearson,0.136,TI,muscle,dr3,16,trajectory,other
Parametric UMAP 200,ParametricUMAP200,UMAP,Pearson,0.128,TI,muscle,dr3,16,trajectory,other
UMAP,UMAP,UMAP,Qglobal,0.624,TI,muscle,dr2,16,trajectory,other
Parametric UMAP 50,ParametricUMAP50,UMAP,Qglobal,0.639,TI,muscle,dr2,16,trajectory,other
Parametric UMAP 200,ParametricUMAP200,UMAP,Qglobal,0.639,TI,muscle,dr2,16,trajectory,other
UMAP,UMAP,UMAP,Qlocal,0.159,TI,muscle,dr2,16,trajectory,other
Parametric UMAP 50,ParametricUMAP50,UMAP,Qlocal,0.173,TI,muscle,dr2,16,trajectory,other
Parametric UMAP 200,ParametricUMAP200,UMAP,Qlocal,0.174,TI,muscle,dr2,16,trajectory,other
UMAP,UMAP,UMAP,centroid_distance,1.0,TI,muscle,dr1,16,trajectory,other
Parametric UMAP 50,ParametricUMAP50,UMAP,centroid_distance,1.0,TI,muscle,dr1,16,trajectory,other
Parametric UMAP 200,ParametricUMAP200,UMAP,centroid_distance,1.0,TI,muscle,dr1,16,trajectory,other
UMAP,UMAP,UMAP,k-nearest,1.0,TI,muscle,dr1,16,trajectory,other
Parametric UMAP 50,ParametricUMAP50,UMAP,k-nearest,1.0,TI,muscle,dr1,16,trajectory,other
Parametric UMAP 200,ParametricUMAP200,UMAP,k-nearest,1.0,TI,muscle,dr1,16,trajectory,other
UMAP,UMAP,UMAP,kmax,371.0,TI,muscle,dr2,16,trajectory,other
Parametric UMAP 50,ParametricUMAP50,UMAP,kmax,427.0,TI,muscle,dr2,16,trajectory,other
Parametric UMAP 200,ParametricUMAP200,UMAP,kmax,430.0,TI,muscle,dr2,16,trajectory,other
UMAP,UMAP,UMAP,random_triplet,0.562,TI,muscle,dr1,16,trajectory,other
Parametric UMAP 50,ParametricUMAP50,UMAP,random_triplet,0.565,TI,muscle,dr1,16,trajectory,other
Parametric UMAP 200,ParametricUMAP200,UMAP,random_triplet,0.568,TI,muscle,dr1,16,trajectory,other
UMAP,UMAP,UMAP,spearman,0.115,TI,muscle,dr1,16,trajectory,other
Parametric UMAP 50,ParametricUMAP50,UMAP,spearman,0.132,TI,muscle,dr1,16,trajectory,other
Parametric UMAP 200,ParametricUMAP200,UMAP,spearman,0.132,TI,muscle,dr1,16,trajectory,other
UMAP,UMAP,UMAP,svm,0.807,TI,muscle,dr1,16,trajectory,other
Parametric UMAP 50,ParametricUMAP50,UMAP,svm,0.806,TI,muscle,dr1,16,trajectory,other
Parametric UMAP 200,ParametricUMAP200,UMAP,svm,0.807,TI,muscle,dr1,16,trajectory,other
UMAP,UMAP,UMAP,AUC,0.563,TI,neuron,dr2,16,trajectory,other
Parametric UMAP 50,ParametricUMAP50,UMAP,AUC,0.566,TI,neuron,dr2,16,trajectory,other
Parametric UMAP 200,ParametricUMAP200,UMAP,AUC,0.565,TI,neuron,dr2,16,trajectory,other
UMAP,UMAP,UMAP,Pearson,0.198,TI,neuron,dr3,16,trajectory,other
Parametric UMAP 50,ParametricUMAP50,UMAP,Pearson,0.215,TI,neuron,dr3,16,trajectory,other
Parametric UMAP 200,ParametricUMAP200,UMAP,Pearson,0.212,TI,neuron,dr3,16,trajectory,other
UMAP,UMAP,UMAP,Qglobal,0.719,TI,neuron,dr2,16,trajectory,other
Parametric UMAP 50,ParametricUMAP50,UMAP,Qglobal,0.697,TI,neuron,dr2,16,trajectory,other
Parametric UMAP 200,ParametricUMAP200,UMAP,Qglobal,0.724,TI,neuron,dr2,16,trajectory,other
UMAP,UMAP,UMAP,Qlocal,0.246,TI,neuron,dr2,16,trajectory,other
Parametric UMAP 50,ParametricUMAP50,UMAP,Qlocal,0.215,TI,neuron,dr2,16,trajectory,other
Parametric UMAP 200,ParametricUMAP200,UMAP,Qlocal,0.249,TI,neuron,dr2,16,trajectory,other
UMAP,UMAP,UMAP,centroid_distance,0.941,TI,neuron,dr1,16,trajectory,other
Parametric UMAP 50,ParametricUMAP50,UMAP,centroid_distance,0.91,TI,neuron,dr1,16,trajectory,other
Parametric UMAP 200,ParametricUMAP200,UMAP,centroid_distance,0.839,TI,neuron,dr1,16,trajectory,other
UMAP,UMAP,UMAP,k-nearest,0.714,TI,neuron,dr1,16,trajectory,other
Parametric UMAP 50,ParametricUMAP50,UMAP,k-nearest,0.643,TI,neuron,dr1,16,trajectory,other
Parametric UMAP 200,ParametricUMAP200,UMAP,k-nearest,0.429,TI,neuron,dr1,16,trajectory,other
UMAP,UMAP,UMAP,kmax,776.0,TI,neuron,dr2,16,trajectory,other
Parametric UMAP 50,ParametricUMAP50,UMAP,kmax,639.0,TI,neuron,dr2,16,trajectory,other
Parametric UMAP 200,ParametricUMAP200,UMAP,kmax,783.0,TI,neuron,dr2,16,trajectory,other
UMAP,UMAP,UMAP,random_triplet,0.583,TI,neuron,dr1,16,trajectory,other
Parametric UMAP 50,ParametricUMAP50,UMAP,random_triplet,0.588,TI,neuron,dr1,16,trajectory,other
Parametric UMAP 200,ParametricUMAP200,UMAP,random_triplet,0.589,TI,neuron,dr1,16,trajectory,other
UMAP,UMAP,UMAP,spearman,0.205,TI,neuron,dr1,16,trajectory,other
Parametric UMAP 50,ParametricUMAP50,UMAP,spearman,0.21,TI,neuron,dr1,16,trajectory,other
Parametric UMAP 200,ParametricUMAP200,UMAP,spearman,0.212,TI,neuron,dr1,16,trajectory,other
UMAP,UMAP,UMAP,svm,0.685,TI,neuron,dr1,16,trajectory,other
Parametric UMAP 50,ParametricUMAP50,UMAP,svm,0.689,TI,neuron,dr1,16,trajectory,other
Parametric UMAP 200,ParametricUMAP200,UMAP,svm,0.69,TI,neuron,dr1,16,trajectory,other
UMAP,UMAP,UMAP,AUC,0.575,TI,pair-1,dr2,16,trajectory,other
Parametric UMAP 50,ParametricUMAP50,UMAP,AUC,0.576,TI,pair-1,dr2,16,trajectory,other
Parametric UMAP 200,ParametricUMAP200,UMAP,AUC,0.581,TI,pair-1,dr2,16,trajectory,other
UMAP,UMAP,UMAP,Pearson,0.233,TI,pair-1,dr3,16,trajectory,other
Parametric UMAP 50,ParametricUMAP50,UMAP,Pearson,0.214,TI,pair-1,dr3,16,trajectory,other
Parametric UMAP 200,ParametricUMAP200,UMAP,Pearson,0.245,TI,pair-1,dr3,16,trajectory,other
UMAP,UMAP,UMAP,Qglobal,0.663,TI,pair-1,dr2,16,trajectory,other
Parametric UMAP 50,ParametricUMAP50,UMAP,Qglobal,0.663,TI,pair-1,dr2,16,trajectory,other
Parametric UMAP 200,ParametricUMAP200,UMAP,Qglobal,0.676,TI,pair-1,dr2,16,trajectory,other
UMAP,UMAP,UMAP,Qlocal,0.201,TI,pair-1,dr2,16,trajectory,other
Parametric UMAP 50,ParametricUMAP50,UMAP,Qlocal,0.204,TI,pair-1,dr2,16,trajectory,other
Parametric UMAP 200,ParametricUMAP200,UMAP,Qlocal,0.211,TI,pair-1,dr2,16,trajectory,other
UMAP,UMAP,UMAP,centroid_distance,0.59,TI,pair-1,dr1,16,trajectory,other
Parametric UMAP 50,ParametricUMAP50,UMAP,centroid_distance,0.56,TI,pair-1,dr1,16,trajectory,other
Parametric UMAP 200,ParametricUMAP200,UMAP,centroid_distance,0.629,TI,pair-1,dr1,16,trajectory,other
UMAP,UMAP,UMAP,k-nearest,0.688,TI,pair-1,dr1,16,trajectory,other
Parametric UMAP 50,ParametricUMAP50,UMAP,k-nearest,0.688,TI,pair-1,dr1,16,trajectory,other
Parametric UMAP 200,ParametricUMAP200,UMAP,k-nearest,0.562,TI,pair-1,dr1,16,trajectory,other
UMAP,UMAP,UMAP,kmax,2003.0,TI,pair-1,dr2,16,trajectory,other
Parametric UMAP 50,ParametricUMAP50,UMAP,kmax,2001.0,TI,pair-1,dr2,16,trajectory,other
Parametric UMAP 200,ParametricUMAP200,UMAP,kmax,2171.0,TI,pair-1,dr2,16,trajectory,other
UMAP,UMAP,UMAP,random_triplet,0.599,TI,pair-1,dr1,16,trajectory,other
Parametric UMAP 50,ParametricUMAP50,UMAP,random_triplet,0.591,TI,pair-1,dr1,16,trajectory,other
Parametric UMAP 200,ParametricUMAP200,UMAP,random_triplet,0.598,TI,pair-1,dr1,16,trajectory,other
UMAP,UMAP,UMAP,spearman,0.258,TI,pair-1,dr1,16,trajectory,other
Parametric UMAP 50,ParametricUMAP50,UMAP,spearman,0.244,TI,pair-1,dr1,16,trajectory,other
Parametric UMAP 200,ParametricUMAP200,UMAP,spearman,0.274,TI,pair-1,dr1,16,trajectory,other
UMAP,UMAP,UMAP,svm,0.887,TI,pair-1,dr1,16,trajectory,other
Parametric UMAP 50,ParametricUMAP50,UMAP,svm,0.884,TI,pair-1,dr1,16,trajectory,other
Parametric UMAP 200,ParametricUMAP200,UMAP,svm,0.885,TI,pair-1,dr1,16,trajectory,other
UMAP,UMAP,UMAP,AUC,0.544,TI,pair-2,dr2,16,trajectory,other
Parametric UMAP 50,ParametricUMAP50,UMAP,AUC,0.556,TI,pair-2,dr2,16,trajectory,other
Parametric UMAP 200,ParametricUMAP200,UMAP,AUC,0.553,TI,pair-2,dr2,16,trajectory,other
UMAP,UMAP,UMAP,Pearson,0.137,TI,pair-2,dr3,16,trajectory,other
Parametric UMAP 50,ParametricUMAP50,UMAP,Pearson,0.201,TI,pair-2,dr3,16,trajectory,other
Parametric UMAP 200,ParametricUMAP200,UMAP,Pearson,0.186,TI,pair-2,dr3,16,trajectory,other
UMAP,UMAP,UMAP,Qglobal,0.615,TI,pair-2,dr2,16,trajectory,other
Parametric UMAP 50,ParametricUMAP50,UMAP,Qglobal,0.656,TI,pair-2,dr2,16,trajectory,other
Parametric UMAP 200,ParametricUMAP200,UMAP,Qglobal,0.654,TI,pair-2,dr2,16,trajectory,other
UMAP,UMAP,UMAP,Qlocal,0.144,TI,pair-2,dr2,16,trajectory,other
Parametric UMAP 50,ParametricUMAP50,UMAP,Qlocal,0.181,TI,pair-2,dr2,16,trajectory,other
Parametric UMAP 200,ParametricUMAP200,UMAP,Qlocal,0.185,TI,pair-2,dr2,16,trajectory,other
UMAP,UMAP,UMAP,centroid_distance,0.747,TI,pair-2,dr1,16,trajectory,other
Parametric UMAP 50,ParametricUMAP50,UMAP,centroid_distance,0.698,TI,pair-2,dr1,16,trajectory,other
Parametric UMAP 200,ParametricUMAP200,UMAP,centroid_distance,0.7,TI,pair-2,dr1,16,trajectory,other
UMAP,UMAP,UMAP,k-nearest,0.436,TI,pair-2,dr1,16,trajectory,other
Parametric UMAP 50,ParametricUMAP50,UMAP,k-nearest,0.436,TI,pair-2,dr1,16,trajectory,other
Parametric UMAP 200,ParametricUMAP200,UMAP,k-nearest,0.385,TI,pair-2,dr1,16,trajectory,other
UMAP,UMAP,UMAP,kmax,1614.0,TI,pair-2,dr2,16,trajectory,other
Parametric UMAP 50,ParametricUMAP50,UMAP,kmax,2260.0,TI,pair-2,dr2,16,trajectory,other
Parametric UMAP 200,ParametricUMAP200,UMAP,kmax,2284.0,TI,pair-2,dr2,16,trajectory,other
UMAP,UMAP,UMAP,random_triplet,0.549,TI,pair-2,dr1,16,trajectory,other
Parametric UMAP 50,ParametricUMAP50,UMAP,random_triplet,0.569,TI,pair-2,dr1,16,trajectory,other
Parametric UMAP 200,ParametricUMAP200,UMAP,random_triplet,0.566,TI,pair-2,dr1,16,trajectory,other
UMAP,UMAP,UMAP,spearman,0.136,TI,pair-2,dr1,16,trajectory,other
Parametric UMAP 50,ParametricUMAP50,UMAP,spearman,0.202,TI,pair-2,dr1,16,trajectory,other
Parametric UMAP 200,ParametricUMAP200,UMAP,spearman,0.198,TI,pair-2,dr1,16,trajectory,other
UMAP,UMAP,UMAP,svm,0.658,TI,pair-2,dr1,16,trajectory,other
Parametric UMAP 50,ParametricUMAP50,UMAP,svm,0.677,TI,pair-2,dr1,16,trajectory,other
Parametric UMAP 200,ParametricUMAP200,UMAP,svm,0.663,TI,pair-2,dr1,16,trajectory,other
UMAP,UMAP,UMAP,AUC,0.561,TI,pair-3,dr2,16,trajectory,other
Parametric UMAP 50,ParametricUMAP50,UMAP,AUC,0.563,TI,pair-3,dr2,16,trajectory,other
Parametric UMAP 200,ParametricUMAP200,UMAP,AUC,0.565,TI,pair-3,dr2,16,trajectory,other
UMAP,UMAP,UMAP,Pearson,0.251,TI,pair-3,dr3,16,trajectory,other
Parametric UMAP 50,ParametricUMAP50,UMAP,Pearson,0.249,TI,pair-3,dr3,16,trajectory,other
Parametric UMAP 200,ParametricUMAP200,UMAP,Pearson,0.255,TI,pair-3,dr3,16,trajectory,other
UMAP,UMAP,UMAP,Qglobal,0.682,TI,pair-3,dr2,16,trajectory,other
Parametric UMAP 50,ParametricUMAP50,UMAP,Qglobal,0.679,TI,pair-3,dr2,16,trajectory,other
Parametric UMAP 200,ParametricUMAP200,UMAP,Qglobal,0.677,TI,pair-3,dr2,16,trajectory,other
UMAP,UMAP,UMAP,Qlocal,0.207,TI,pair-3,dr2,16,trajectory,other
Parametric UMAP 50,ParametricUMAP50,UMAP,Qlocal,0.205,TI,pair-3,dr2,16,trajectory,other
Parametric UMAP 200,ParametricUMAP200,UMAP,Qlocal,0.2,TI,pair-3,dr2,16,trajectory,other
UMAP,UMAP,UMAP,centroid_distance,0.776,TI,pair-3,dr1,16,trajectory,other
Parametric UMAP 50,ParametricUMAP50,UMAP,centroid_distance,0.713,TI,pair-3,dr1,16,trajectory,other
Parametric UMAP 200,ParametricUMAP200,UMAP,centroid_distance,0.696,TI,pair-3,dr1,16,trajectory,other
UMAP,UMAP,UMAP,k-nearest,0.75,TI,pair-3,dr1,16,trajectory,other
Parametric UMAP 50,ParametricUMAP50,UMAP,k-nearest,0.562,TI,pair-3,dr1,16,trajectory,other
Parametric UMAP 200,ParametricUMAP200,UMAP,k-nearest,0.562,TI,pair-3,dr1,16,trajectory,other
UMAP,UMAP,UMAP,kmax,2173.0,TI,pair-3,dr2,16,trajectory,other
Parametric UMAP 50,ParametricUMAP50,UMAP,kmax,2100.0,TI,pair-3,dr2,16,trajectory,other
Parametric UMAP 200,ParametricUMAP200,UMAP,kmax,2013.0,TI,pair-3,dr2,16,trajectory,other
UMAP,UMAP,UMAP,random_triplet,0.583,TI,pair-3,dr1,16,trajectory,other
Parametric UMAP 50,ParametricUMAP50,UMAP,random_triplet,0.577,TI,pair-3,dr1,16,trajectory,other
Parametric UMAP 200,ParametricUMAP200,UMAP,random_triplet,0.58,TI,pair-3,dr1,16,trajectory,other
UMAP,UMAP,UMAP,spearman,0.274,TI,pair-3,dr1,16,trajectory,other
Parametric UMAP 50,ParametricUMAP50,UMAP,spearman,0.272,TI,pair-3,dr1,16,trajectory,other
Parametric UMAP 200,ParametricUMAP200,UMAP,spearman,0.279,TI,pair-3,dr1,16,trajectory,other
UMAP,UMAP,UMAP,svm,0.841,TI,pair-3,dr1,16,trajectory,other
Parametric UMAP 50,ParametricUMAP50,UMAP,svm,0.842,TI,pair-3,dr1,16,trajectory,other
Parametric UMAP 200,ParametricUMAP200,UMAP,svm,0.847,TI,pair-3,dr1,16,trajectory,other
UMAP,UMAP,UMAP,AUC,0.536,TI,pair-4,dr2,16,trajectory,other
Parametric UMAP 50,ParametricUMAP50,UMAP,AUC,0.545,TI,pair-4,dr2,16,trajectory,other
Parametric UMAP 200,ParametricUMAP200,UMAP,AUC,0.545,TI,pair-4,dr2,16,trajectory,other
UMAP,UMAP,UMAP,Pearson,0.102,TI,pair-4,dr3,16,trajectory,other
Parametric UMAP 50,ParametricUMAP50,UMAP,Pearson,0.152,TI,pair-4,dr3,16,trajectory,other
Parametric UMAP 200,ParametricUMAP200,UMAP,Pearson,0.155,TI,pair-4,dr3,16,trajectory,other
UMAP,UMAP,UMAP,Qglobal,0.634,TI,pair-4,dr2,16,trajectory,other
Parametric UMAP 50,ParametricUMAP50,UMAP,Qglobal,0.642,TI,pair-4,dr2,16,trajectory,other
Parametric UMAP 200,ParametricUMAP200,UMAP,Qglobal,0.639,TI,pair-4,dr2,16,trajectory,other
UMAP,UMAP,UMAP,Qlocal,0.168,TI,pair-4,dr2,16,trajectory,other
Parametric UMAP 50,ParametricUMAP50,UMAP,Qlocal,0.165,TI,pair-4,dr2,16,trajectory,other
Parametric UMAP 200,ParametricUMAP200,UMAP,Qlocal,0.161,TI,pair-4,dr2,16,trajectory,other
UMAP,UMAP,UMAP,centroid_distance,0.829,TI,pair-4,dr1,16,trajectory,other
Parametric UMAP 50,ParametricUMAP50,UMAP,centroid_distance,0.795,TI,pair-4,dr1,16,trajectory,other
Parametric UMAP 200,ParametricUMAP200,UMAP,centroid_distance,0.78,TI,pair-4,dr1,16,trajectory,other
UMAP,UMAP,UMAP,k-nearest,0.533,TI,pair-4,dr1,16,trajectory,other
Parametric UMAP 50,ParametricUMAP50,UMAP,k-nearest,0.7,TI,pair-4,dr1,16,trajectory,other
Parametric UMAP 200,ParametricUMAP200,UMAP,k-nearest,0.667,TI,pair-4,dr1,16,trajectory,other
UMAP,UMAP,UMAP,kmax,1883.0,TI,pair-4,dr2,16,trajectory,other
Parametric UMAP 50,ParametricUMAP50,UMAP,kmax,1824.0,TI,pair-4,dr2,16,trajectory,other
Parametric UMAP 200,ParametricUMAP200,UMAP,kmax,1749.0,TI,pair-4,dr2,16,trajectory,other
UMAP,UMAP,UMAP,random_triplet,0.536,TI,pair-4,dr1,16,trajectory,other
Parametric UMAP 50,ParametricUMAP50,UMAP,random_triplet,0.554,TI,pair-4,dr1,16,trajectory,other
Parametric UMAP 200,ParametricUMAP200,UMAP,random_triplet,0.555,TI,pair-4,dr1,16,trajectory,other
UMAP,UMAP,UMAP,spearman,0.124,TI,pair-4,dr1,16,trajectory,other
Parametric UMAP 50,ParametricUMAP50,UMAP,spearman,0.171,TI,pair-4,dr1,16,trajectory,other
Parametric UMAP 200,ParametricUMAP200,UMAP,spearman,0.171,TI,pair-4,dr1,16,trajectory,other
UMAP,UMAP,UMAP,svm,0.689,TI,pair-4,dr1,16,trajectory,other
Parametric UMAP 50,ParametricUMAP50,UMAP,svm,0.741,TI,pair-4,dr1,16,trajectory,other
Parametric UMAP 200,ParametricUMAP200,UMAP,svm,0.695,TI,pair-4,dr1,16,trajectory,other
UMAP,UMAP,UMAP,AUC,0.604,TI,parenchyme,dr2,16,trajectory,other
Parametric UMAP 50,ParametricUMAP50,UMAP,AUC,0.609,TI,parenchyme,dr2,16,trajectory,other
Parametric UMAP 200,ParametricUMAP200,UMAP,AUC,0.605,TI,parenchyme,dr2,16,trajectory,other
UMAP,UMAP,UMAP,Pearson,0.161,TI,parenchyme,dr3,16,trajectory,other
Parametric UMAP 50,ParametricUMAP50,UMAP,Pearson,0.217,TI,parenchyme,dr3,16,trajectory,other
Parametric UMAP 200,ParametricUMAP200,UMAP,Pearson,0.221,TI,parenchyme,dr3,16,trajectory,other
UMAP,UMAP,UMAP,Qglobal,0.734,TI,parenchyme,dr2,16,trajectory,other
Parametric UMAP 50,ParametricUMAP50,UMAP,Qglobal,0.726,TI,parenchyme,dr2,16,trajectory,other
Parametric UMAP 200,ParametricUMAP200,UMAP,Qglobal,0.721,TI,parenchyme,dr2,16,trajectory,other
UMAP,UMAP,UMAP,Qlocal,0.299,TI,parenchyme,dr2,16,trajectory,other
Parametric UMAP 50,ParametricUMAP50,UMAP,Qlocal,0.282,TI,parenchyme,dr2,16,trajectory,other
Parametric UMAP 200,ParametricUMAP200,UMAP,Qlocal,0.275,TI,parenchyme,dr2,16,trajectory,other
UMAP,UMAP,UMAP,centroid_distance,0.807,TI,parenchyme,dr1,16,trajectory,other
Parametric UMAP 50,ParametricUMAP50,UMAP,centroid_distance,0.882,TI,parenchyme,dr1,16,trajectory,other
Parametric UMAP 200,ParametricUMAP200,UMAP,centroid_distance,0.857,TI,parenchyme,dr1,16,trajectory,other
UMAP,UMAP,UMAP,k-nearest,0.6,TI,parenchyme,dr1,16,trajectory,other
Parametric UMAP 50,ParametricUMAP50,UMAP,k-nearest,0.6,TI,parenchyme,dr1,16,trajectory,other
Parametric UMAP 200,ParametricUMAP200,UMAP,k-nearest,0.6,TI,parenchyme,dr1,16,trajectory,other
UMAP,UMAP,UMAP,kmax,593.0,TI,parenchyme,dr2,16,trajectory,other
Parametric UMAP 50,ParametricUMAP50,UMAP,kmax,523.0,TI,parenchyme,dr2,16,trajectory,other
Parametric UMAP 200,ParametricUMAP200,UMAP,kmax,516.0,TI,parenchyme,dr2,16,trajectory,other
UMAP,UMAP,UMAP,random_triplet,0.614,TI,parenchyme,dr1,16,trajectory,other
Parametric UMAP 50,ParametricUMAP50,UMAP,random_triplet,0.629,TI,parenchyme,dr1,16,trajectory,other
Parametric UMAP 200,ParametricUMAP200,UMAP,random_triplet,0.627,TI,parenchyme,dr1,16,trajectory,other
UMAP,UMAP,UMAP,spearman,0.268,TI,parenchyme,dr1,16,trajectory,other
Parametric UMAP 50,ParametricUMAP50,UMAP,spearman,0.308,TI,parenchyme,dr1,16,trajectory,other
Parametric UMAP 200,ParametricUMAP200,UMAP,spearman,0.299,TI,parenchyme,dr1,16,trajectory,other
UMAP,UMAP,UMAP,svm,0.825,TI,parenchyme,dr1,16,trajectory,other
Parametric UMAP 50,ParametricUMAP50,UMAP,svm,0.844,TI,parenchyme,dr1,16,trajectory,other
Parametric UMAP 200,ParametricUMAP200,UMAP,svm,0.822,TI,parenchyme,dr1,16,trajectory,other
UMAP,UMAP,UMAP,AUC,0.646,TI,phagocyte,dr2,16,trajectory,other
Parametric UMAP 50,ParametricUMAP50,UMAP,AUC,0.634,TI,phagocyte,dr2,16,trajectory,other
Parametric UMAP 200,ParametricUMAP200,UMAP,AUC,0.629,TI,phagocyte,dr2,16,trajectory,other
UMAP,UMAP,UMAP,Pearson,0.438,TI,phagocyte,dr3,16,trajectory,other
Parametric UMAP 50,ParametricUMAP50,UMAP,Pearson,0.402,TI,phagocyte,dr3,16,trajectory,other
Parametric UMAP 200,ParametricUMAP200,UMAP,Pearson,0.397,TI,phagocyte,dr3,16,trajectory,other
UMAP,UMAP,UMAP,Qglobal,0.821,TI,phagocyte,dr2,16,trajectory,other
Parametric UMAP 50,ParametricUMAP50,UMAP,Qglobal,0.73,TI,phagocyte,dr2,16,trajectory,other
Parametric UMAP 200,ParametricUMAP200,UMAP,Qglobal,0.724,TI,phagocyte,dr2,16,trajectory,other
UMAP,UMAP,UMAP,Qlocal,0.381,TI,phagocyte,dr2,16,trajectory,other
Parametric UMAP 50,ParametricUMAP50,UMAP,Qlocal,0.267,TI,phagocyte,dr2,16,trajectory,other
Parametric UMAP 200,ParametricUMAP200,UMAP,Qlocal,0.27,TI,phagocyte,dr2,16,trajectory,other
UMAP,UMAP,UMAP,centroid_distance,1.0,TI,phagocyte,dr1,16,trajectory,other
Parametric UMAP 50,ParametricUMAP50,UMAP,centroid_distance,1.0,TI,phagocyte,dr1,16,trajectory,other
Parametric UMAP 200,ParametricUMAP200,UMAP,centroid_distance,1.0,TI,phagocyte,dr1,16,trajectory,other
UMAP,UMAP,UMAP,k-nearest,1.0,TI,phagocyte,dr1,16,trajectory,other
Parametric UMAP 50,ParametricUMAP50,UMAP,k-nearest,1.0,TI,phagocyte,dr1,16,trajectory,other
Parametric UMAP 200,ParametricUMAP200,UMAP,k-nearest,1.0,TI,phagocyte,dr1,16,trajectory,other
UMAP,UMAP,UMAP,kmax,275.0,TI,phagocyte,dr2,16,trajectory,other
Parametric UMAP 50,ParametricUMAP50,UMAP,kmax,144.0,TI,phagocyte,dr2,16,trajectory,other
Parametric UMAP 200,ParametricUMAP200,UMAP,kmax,145.0,TI,phagocyte,dr2,16,trajectory,other
UMAP,UMAP,UMAP,random_triplet,0.676,TI,phagocyte,dr1,16,trajectory,other
Parametric UMAP 50,ParametricUMAP50,UMAP,random_triplet,0.662,TI,phagocyte,dr1,16,trajectory,other
Parametric UMAP 200,ParametricUMAP200,UMAP,random_triplet,0.653,TI,phagocyte,dr1,16,trajectory,other
UMAP,UMAP,UMAP,spearman,0.521,TI,phagocyte,dr1,16,trajectory,other
Parametric UMAP 50,ParametricUMAP50,UMAP,spearman,0.505,TI,phagocyte,dr1,16,trajectory,other
Parametric UMAP 200,ParametricUMAP200,UMAP,spearman,0.492,TI,phagocyte,dr1,16,trajectory,other
UMAP,UMAP,UMAP,svm,0.953,TI,phagocyte,dr1,16,trajectory,other
Parametric UMAP 50,ParametricUMAP50,UMAP,svm,0.955,TI,phagocyte,dr1,16,trajectory,other
Parametric UMAP 200,ParametricUMAP200,UMAP,svm,0.955,TI,phagocyte,dr1,16,trajectory,other
UMAP,UMAP,UMAP,AUC,0.613,TI,pharynx,dr2,16,trajectory,other
Parametric UMAP 50,ParametricUMAP50,UMAP,AUC,0.623,TI,pharynx,dr2,16,trajectory,other
Parametric UMAP 200,ParametricUMAP200,UMAP,AUC,0.622,TI,pharynx,dr2,16,trajectory,other
UMAP,UMAP,UMAP,Pearson,0.454,TI,pharynx,dr3,16,trajectory,other
Parametric UMAP 50,ParametricUMAP50,UMAP,Pearson,0.493,TI,pharynx,dr3,16,trajectory,other
Parametric UMAP 200,ParametricUMAP200,UMAP,Pearson,0.479,TI,pharynx,dr3,16,trajectory,other
UMAP,UMAP,UMAP,Qglobal,0.801,TI,pharynx,dr2,16,trajectory,other
Parametric UMAP 50,ParametricUMAP50,UMAP,Qglobal,0.841,TI,pharynx,dr2,16,trajectory,other
Parametric UMAP 200,ParametricUMAP200,UMAP,Qglobal,0.836,TI,pharynx,dr2,16,trajectory,other
UMAP,UMAP,UMAP,Qlocal,0.342,TI,pharynx,dr2,16,trajectory,other
Parametric UMAP 50,ParametricUMAP50,UMAP,Qlocal,0.384,TI,pharynx,dr2,16,trajectory,other
Parametric UMAP 200,ParametricUMAP200,UMAP,Qlocal,0.376,TI,pharynx,dr2,16,trajectory,other
UMAP,UMAP,UMAP,centroid_distance,1.0,TI,pharynx,dr1,16,trajectory,other
Parametric UMAP 50,ParametricUMAP50,UMAP,centroid_distance,1.0,TI,pharynx,dr1,16,trajectory,other
Parametric UMAP 200,ParametricUMAP200,UMAP,centroid_distance,1.0,TI,pharynx,dr1,16,trajectory,other
UMAP,UMAP,UMAP,k-nearest,1.0,TI,pharynx,dr1,16,trajectory,other
Parametric UMAP 50,ParametricUMAP50,UMAP,k-nearest,1.0,TI,pharynx,dr1,16,trajectory,other
Parametric UMAP 200,ParametricUMAP200,UMAP,k-nearest,1.0,TI,pharynx,dr1,16,trajectory,other
UMAP,UMAP,UMAP,kmax,118.0,TI,pharynx,dr2,16,trajectory,other
Parametric UMAP 50,ParametricUMAP50,UMAP,kmax,138.0,TI,pharynx,dr2,16,trajectory,other
Parametric UMAP 200,ParametricUMAP200,UMAP,kmax,134.0,TI,pharynx,dr2,16,trajectory,other
UMAP,UMAP,UMAP,random_triplet,0.651,TI,pharynx,dr1,16,trajectory,other
Parametric UMAP 50,ParametricUMAP50,UMAP,random_triplet,0.656,TI,pharynx,dr1,16,trajectory,other
Parametric UMAP 200,ParametricUMAP200,UMAP,random_triplet,0.673,TI,pharynx,dr1,16,trajectory,other
UMAP,UMAP,UMAP,spearman,0.452,TI,pharynx,dr1,16,trajectory,other
Parametric UMAP 50,ParametricUMAP50,UMAP,spearman,0.487,TI,pharynx,dr1,16,trajectory,other
Parametric UMAP 200,ParametricUMAP200,UMAP,spearman,0.474,TI,pharynx,dr1,16,trajectory,other
UMAP,UMAP,UMAP,svm,0.959,TI,pharynx,dr1,16,trajectory,other
Parametric UMAP 50,ParametricUMAP50,UMAP,svm,0.959,TI,pharynx,dr1,16,trajectory,other
Parametric UMAP 200,ParametricUMAP200,UMAP,svm,0.962,TI,pharynx,dr1,16,trajectory,other
UMAP,UMAP,UMAP,AUC,0.76,TI,trophectoderm,dr2,16,trajectory,other
Parametric UMAP 50,ParametricUMAP50,UMAP,AUC,0.762,TI,trophectoderm,dr2,16,trajectory,other
Parametric UMAP 200,ParametricUMAP200,UMAP,AUC,0.752,TI,trophectoderm,dr2,16,trajectory,other
UMAP,UMAP,UMAP,Pearson,0.757,TI,trophectoderm,dr3,16,trajectory,other
Parametric UMAP 50,ParametricUMAP50,UMAP,Pearson,0.659,TI,trophectoderm,dr3,16,trajectory,other
Parametric UMAP 200,ParametricUMAP200,UMAP,Pearson,0.63,TI,trophectoderm,dr3,16,trajectory,other
UMAP,UMAP,UMAP,Qglobal,0.866,TI,trophectoderm,dr2,16,trajectory,other
Parametric UMAP 50,ParametricUMAP50,UMAP,Qglobal,0.848,TI,trophectoderm,dr2,16,trajectory,other
Parametric UMAP 200,ParametricUMAP200,UMAP,Qglobal,0.843,TI,trophectoderm,dr2,16,trajectory,other
UMAP,UMAP,UMAP,Qlocal,0.501,TI,trophectoderm,dr2,16,trajectory,other
Parametric UMAP 50,ParametricUMAP50,UMAP,Qlocal,0.493,TI,trophectoderm,dr2,16,trajectory,other
Parametric UMAP 200,ParametricUMAP200,UMAP,Qlocal,0.499,TI,trophectoderm,dr2,16,trajectory,other
UMAP,UMAP,UMAP,centroid_distance,1.0,TI,trophectoderm,dr1,16,trajectory,other
Parametric UMAP 50,ParametricUMAP50,UMAP,centroid_distance,0.858,TI,trophectoderm,dr1,16,trajectory,other
Parametric UMAP 200,ParametricUMAP200,UMAP,centroid_distance,0.858,TI,trophectoderm,dr1,16,trajectory,other
UMAP,UMAP,UMAP,k-nearest,1.0,TI,trophectoderm,dr1,16,trajectory,other
Parametric UMAP 50,ParametricUMAP50,UMAP,k-nearest,0.667,TI,trophectoderm,dr1,16,trajectory,other
Parametric UMAP 200,ParametricUMAP200,UMAP,k-nearest,0.667,TI,trophectoderm,dr1,16,trajectory,other
UMAP,UMAP,UMAP,kmax,22.0,TI,trophectoderm,dr2,16,trajectory,other
Parametric UMAP 50,ParametricUMAP50,UMAP,kmax,18.0,TI,trophectoderm,dr2,16,trajectory,other
Parametric UMAP 200,ParametricUMAP200,UMAP,kmax,20.0,TI,trophectoderm,dr2,16,trajectory,other
UMAP,UMAP,UMAP,random_triplet,0.785,TI,trophectoderm,dr1,16,trajectory,other
Parametric UMAP 50,ParametricUMAP50,UMAP,random_triplet,0.798,TI,trophectoderm,dr1,16,trajectory,other
Parametric UMAP 200,ParametricUMAP200,UMAP,random_triplet,0.778,TI,trophectoderm,dr1,16,trajectory,other
UMAP,UMAP,UMAP,spearman,0.819,TI,trophectoderm,dr1,16,trajectory,other
Parametric UMAP 50,ParametricUMAP50,UMAP,spearman,0.737,TI,trophectoderm,dr1,16,trajectory,other
Parametric UMAP 200,ParametricUMAP200,UMAP,spearman,0.704,TI,trophectoderm,dr1,16,trajectory,other
UMAP,UMAP,UMAP,svm,1.0,TI,trophectoderm,dr1,16,trajectory,other
Parametric UMAP 50,ParametricUMAP50,UMAP,svm,1.0,TI,trophectoderm,dr1,16,trajectory,other
Parametric UMAP 200,ParametricUMAP200,UMAP,svm,1.0,TI,trophectoderm,dr1,16,trajectory,other
UMAP,UMAP,UMAP,AUC,0.696,VASC,Baron,dr2,16,VASC,other
Parametric UMAP 50,ParametricUMAP50,UMAP,AUC,0.719,VASC,Baron,dr2,16,VASC,other
Parametric UMAP 200,ParametricUMAP200,UMAP,AUC,0.705,VASC,Baron,dr2,16,VASC,other
UMAP,UMAP,UMAP,Pearson,0.467,VASC,Baron,dr3,16,VASC,other
Parametric UMAP 50,ParametricUMAP50,UMAP,Pearson,0.517,VASC,Baron,dr3,16,VASC,other
Parametric UMAP 200,ParametricUMAP200,UMAP,Pearson,0.448,VASC,Baron,dr3,16,VASC,other
UMAP,UMAP,UMAP,Qglobal,0.723,VASC,Baron,dr2,16,VASC,other
Parametric UMAP 50,ParametricUMAP50,UMAP,Qglobal,0.751,VASC,Baron,dr2,16,VASC,other
Parametric UMAP 200,ParametricUMAP200,UMAP,Qglobal,0.733,VASC,Baron,dr2,16,VASC,other
UMAP,UMAP,UMAP,Qlocal,0.471,VASC,Baron,dr2,16,VASC,other
Parametric UMAP 50,ParametricUMAP50,UMAP,Qlocal,0.482,VASC,Baron,dr2,16,VASC,other
Parametric UMAP 200,ParametricUMAP200,UMAP,Qlocal,0.463,VASC,Baron,dr2,16,VASC,other
UMAP,UMAP,UMAP,centroid_distance,0.598,VASC,Baron,dr1,16,VASC,other
Parametric UMAP 50,ParametricUMAP50,UMAP,centroid_distance,0.612,VASC,Baron,dr1,16,VASC,other
Parametric UMAP 200,ParametricUMAP200,UMAP,centroid_distance,0.591,VASC,Baron,dr1,16,VASC,other
UMAP,UMAP,UMAP,k-nearest,0.536,VASC,Baron,dr1,16,VASC,other
Parametric UMAP 50,ParametricUMAP50,UMAP,k-nearest,0.571,VASC,Baron,dr1,16,VASC,other
Parametric UMAP 200,ParametricUMAP200,UMAP,k-nearest,0.571,VASC,Baron,dr1,16,VASC,other
UMAP,UMAP,UMAP,kmax,907.0,VASC,Baron,dr2,16,VASC,other
Parametric UMAP 50,ParametricUMAP50,UMAP,kmax,1012.0,VASC,Baron,dr2,16,VASC,other
Parametric UMAP 200,ParametricUMAP200,UMAP,kmax,870.0,VASC,Baron,dr2,16,VASC,other
UMAP,UMAP,UMAP,random_triplet,0.649,VASC,Baron,dr1,16,VASC,other
Parametric UMAP 50,ParametricUMAP50,UMAP,random_triplet,0.694,VASC,Baron,dr1,16,VASC,other
Parametric UMAP 200,ParametricUMAP200,UMAP,random_triplet,0.665,VASC,Baron,dr1,16,VASC,other
UMAP,UMAP,UMAP,spearman,0.421,VASC,Baron,dr1,16,VASC,other
Parametric UMAP 50,ParametricUMAP50,UMAP,spearman,0.488,VASC,Baron,dr1,16,VASC,other
Parametric UMAP 200,ParametricUMAP200,UMAP,spearman,0.418,VASC,Baron,dr1,16,VASC,other
UMAP,UMAP,UMAP,svm,0.302,VASC,Baron,dr1,16,VASC,other
Parametric UMAP 50,ParametricUMAP50,UMAP,svm,0.338,VASC,Baron,dr1,16,VASC,other
Parametric UMAP 200,ParametricUMAP200,UMAP,svm,0.329,VASC,Baron,dr1,16,VASC,other
UMAP,UMAP,UMAP,AUC,0.772,VASC,Biase,dr2,16,VASC,other
Parametric UMAP 50,ParametricUMAP50,UMAP,AUC,0.835,VASC,Biase,dr2,16,VASC,other
Parametric UMAP 200,ParametricUMAP200,UMAP,AUC,0.825,VASC,Biase,dr2,16,VASC,other
UMAP,UMAP,UMAP,Pearson,0.522,VASC,Biase,dr3,16,VASC,other
Parametric UMAP 50,ParametricUMAP50,UMAP,Pearson,0.683,VASC,Biase,dr3,16,VASC,other
Parametric UMAP 200,ParametricUMAP200,UMAP,Pearson,0.677,VASC,Biase,dr3,16,VASC,other
UMAP,UMAP,UMAP,Qglobal,0.815,VASC,Biase,dr2,16,VASC,other
Parametric UMAP 50,ParametricUMAP50,UMAP,Qglobal,0.917,VASC,Biase,dr2,16,VASC,other
Parametric UMAP 200,ParametricUMAP200,UMAP,Qglobal,0.909,VASC,Biase,dr2,16,VASC,other
UMAP,UMAP,UMAP,Qlocal,0.587,VASC,Biase,dr2,16,VASC,other
Parametric UMAP 50,ParametricUMAP50,UMAP,Qlocal,0.668,VASC,Biase,dr2,16,VASC,other
Parametric UMAP 200,ParametricUMAP200,UMAP,Qlocal,0.709,VASC,Biase,dr2,16,VASC,other
UMAP,UMAP,UMAP,centroid_distance,0.759,VASC,Biase,dr1,16,VASC,other
Parametric UMAP 50,ParametricUMAP50,UMAP,centroid_distance,0.928,VASC,Biase,dr1,16,VASC,other
Parametric UMAP 200,ParametricUMAP200,UMAP,centroid_distance,0.928,VASC,Biase,dr1,16,VASC,other
UMAP,UMAP,UMAP,k-nearest,0.25,VASC,Biase,dr1,16,VASC,other
Parametric UMAP 50,ParametricUMAP50,UMAP,k-nearest,0.5,VASC,Biase,dr1,16,VASC,other
Parametric UMAP 200,ParametricUMAP200,UMAP,k-nearest,0.5,VASC,Biase,dr1,16,VASC,other
UMAP,UMAP,UMAP,kmax,8.0,VASC,Biase,dr2,16,VASC,other
Parametric UMAP 50,ParametricUMAP50,UMAP,kmax,15.0,VASC,Biase,dr2,16,VASC,other
Parametric UMAP 200,ParametricUMAP200,UMAP,kmax,19.0,VASC,Biase,dr2,16,VASC,other
UMAP,UMAP,UMAP,random_triplet,0.746,VASC,Biase,dr1,16,VASC,other
Parametric UMAP 50,ParametricUMAP50,UMAP,random_triplet,0.821,VASC,Biase,dr1,16,VASC,other
Parametric UMAP 200,ParametricUMAP200,UMAP,random_triplet,0.854,VASC,Biase,dr1,16,VASC,other
UMAP,UMAP,UMAP,spearman,0.648,VASC,Biase,dr1,16,VASC,other
Parametric UMAP 50,ParametricUMAP50,UMAP,spearman,0.783,VASC,Biase,dr1,16,VASC,other
Parametric UMAP 200,ParametricUMAP200,UMAP,spearman,0.775,VASC,Biase,dr1,16,VASC,other
UMAP,UMAP,UMAP,svm,0.88,VASC,Biase,dr1,16,VASC,other
Parametric UMAP 50,ParametricUMAP50,UMAP,svm,0.88,VASC,Biase,dr1,16,VASC,other
Parametric UMAP 200,ParametricUMAP200,UMAP,svm,0.88,VASC,Biase,dr1,16,VASC,other
UMAP,UMAP,UMAP,AUC,0.819,VASC,Goolam,dr2,16,VASC,other
Parametric UMAP 50,ParametricUMAP50,UMAP,AUC,0.806,VASC,Goolam,dr2,16,VASC,other
Parametric UMAP 200,ParametricUMAP200,UMAP,AUC,0.808,VASC,Goolam,dr2,16,VASC,other
UMAP,UMAP,UMAP,Pearson,0.765,VASC,Goolam,dr3,16,VASC,other
Parametric UMAP 50,ParametricUMAP50,UMAP,Pearson,0.723,VASC,Goolam,dr3,16,VASC,other
Parametric UMAP 200,ParametricUMAP200,UMAP,Pearson,0.693,VASC,Goolam,dr3,16,VASC,other
UMAP,UMAP,UMAP,Qglobal,0.849,VASC,Goolam,dr2,16,VASC,other
Parametric UMAP 50,ParametricUMAP50,UMAP,Qglobal,0.84,VASC,Goolam,dr2,16,VASC,other
Parametric UMAP 200,ParametricUMAP200,UMAP,Qglobal,0.841,VASC,Goolam,dr2,16,VASC,other
UMAP,UMAP,UMAP,Qlocal,0.645,VASC,Goolam,dr2,16,VASC,other
Parametric UMAP 50,ParametricUMAP50,UMAP,Qlocal,0.605,VASC,Goolam,dr2,16,VASC,other
Parametric UMAP 200,ParametricUMAP200,UMAP,Qlocal,0.61,VASC,Goolam,dr2,16,VASC,other
UMAP,UMAP,UMAP,centroid_distance,0.882,VASC,Goolam,dr1,16,VASC,other
Parametric UMAP 50,ParametricUMAP50,UMAP,centroid_distance,0.944,VASC,Goolam,dr1,16,VASC,other
Parametric UMAP 200,ParametricUMAP200,UMAP,centroid_distance,0.944,VASC,Goolam,dr1,16,VASC,other
UMAP,UMAP,UMAP,k-nearest,0.6,VASC,Goolam,dr1,16,VASC,other
Parametric UMAP 50,ParametricUMAP50,UMAP,k-nearest,0.6,VASC,Goolam,dr1,16,VASC,other
Parametric UMAP 200,ParametricUMAP200,UMAP,k-nearest,0.6,VASC,Goolam,dr1,16,VASC,other
UMAP,UMAP,UMAP,kmax,15.0,VASC,Goolam,dr2,16,VASC,other
Parametric UMAP 50,ParametricUMAP50,UMAP,kmax,15.0,VASC,Goolam,dr2,16,VASC,other
Parametric UMAP 200,ParametricUMAP200,UMAP,kmax,15.0,VASC,Goolam,dr2,16,VASC,other
UMAP,UMAP,UMAP,random_triplet,0.818,VASC,Goolam,dr1,16,VASC,other
Parametric UMAP 50,ParametricUMAP50,UMAP,random_triplet,0.815,VASC,Goolam,dr1,16,VASC,other
Parametric UMAP 200,ParametricUMAP200,UMAP,random_triplet,0.798,VASC,Goolam,dr1,16,VASC,other
UMAP,UMAP,UMAP,spearman,0.781,VASC,Goolam,dr1,16,VASC,other
Parametric UMAP 50,ParametricUMAP50,UMAP,spearman,0.758,VASC,Goolam,dr1,16,VASC,other
Parametric UMAP 200,ParametricUMAP200,UMAP,spearman,0.763,VASC,Goolam,dr1,16,VASC,other
UMAP,UMAP,UMAP,svm,0.904,VASC,Goolam,dr1,16,VASC,other
Parametric UMAP 50,ParametricUMAP50,UMAP,svm,0.904,VASC,Goolam,dr1,16,VASC,other
Parametric UMAP 200,ParametricUMAP200,UMAP,svm,0.904,VASC,Goolam,dr1,16,VASC,other
UMAP,UMAP,UMAP,AUC,0.64,VASC,Xin,dr2,16,VASC,other
Parametric UMAP 50,ParametricUMAP50,UMAP,AUC,0.644,VASC,Xin,dr2,16,VASC,other
Parametric UMAP 200,ParametricUMAP200,UMAP,AUC,0.644,VASC,Xin,dr2,16,VASC,other
UMAP,UMAP,UMAP,Pearson,0.589,VASC,Xin,dr3,16,VASC,other
Parametric UMAP 50,ParametricUMAP50,UMAP,Pearson,0.534,VASC,Xin,dr3,16,VASC,other
Parametric UMAP 200,ParametricUMAP200,UMAP,Pearson,0.555,VASC,Xin,dr3,16,VASC,other
UMAP,UMAP,UMAP,Qglobal,0.824,VASC,Xin,dr2,16,VASC,other
Parametric UMAP 50,ParametricUMAP50,UMAP,Qglobal,0.807,VASC,Xin,dr2,16,VASC,other
Parametric UMAP 200,ParametricUMAP200,UMAP,Qglobal,0.854,VASC,Xin,dr2,16,VASC,other
UMAP,UMAP,UMAP,Qlocal,0.382,VASC,Xin,dr2,16,VASC,other
Parametric UMAP 50,ParametricUMAP50,UMAP,Qlocal,0.349,VASC,Xin,dr2,16,VASC,other
Parametric UMAP 200,ParametricUMAP200,UMAP,Qlocal,0.423,VASC,Xin,dr2,16,VASC,other
UMAP,UMAP,UMAP,centroid_distance,0.692,VASC,Xin,dr1,16,VASC,other
Parametric UMAP 50,ParametricUMAP50,UMAP,centroid_distance,0.716,VASC,Xin,dr1,16,VASC,other
Parametric UMAP 200,ParametricUMAP200,UMAP,centroid_distance,0.734,VASC,Xin,dr1,16,VASC,other
UMAP,UMAP,UMAP,k-nearest,0.688,VASC,Xin,dr1,16,VASC,other
Parametric UMAP 50,ParametricUMAP50,UMAP,k-nearest,0.812,VASC,Xin,dr1,16,VASC,other
Parametric UMAP 200,ParametricUMAP200,UMAP,k-nearest,0.875,VASC,Xin,dr1,16,VASC,other
UMAP,UMAP,UMAP,kmax,665.0,VASC,Xin,dr2,16,VASC,other
Parametric UMAP 50,ParametricUMAP50,UMAP,kmax,567.0,VASC,Xin,dr2,16,VASC,other
Parametric UMAP 200,ParametricUMAP200,UMAP,kmax,779.0,VASC,Xin,dr2,16,VASC,other
UMAP,UMAP,UMAP,random_triplet,0.676,VASC,Xin,dr1,16,VASC,other
Parametric UMAP 50,ParametricUMAP50,UMAP,random_triplet,0.682,VASC,Xin,dr1,16,VASC,other
Parametric UMAP 200,ParametricUMAP200,UMAP,random_triplet,0.684,VASC,Xin,dr1,16,VASC,other
UMAP,UMAP,UMAP,spearman,0.573,VASC,Xin,dr1,16,VASC,other
Parametric UMAP 50,ParametricUMAP50,UMAP,spearman,0.558,VASC,Xin,dr1,16,VASC,other
Parametric UMAP 200,ParametricUMAP200,UMAP,spearman,0.569,VASC,Xin,dr1,16,VASC,other
UMAP,UMAP,UMAP,svm,0.904,VASC,Xin,dr1,16,VASC,other
Parametric UMAP 50,ParametricUMAP50,UMAP,svm,0.891,VASC,Xin,dr1,16,VASC,other
Parametric UMAP 200,ParametricUMAP200,UMAP,svm,0.893,VASC,Xin,dr1,16,VASC,other
UMAP,UMAP,UMAP,AUC,0.66,VASC,Zeisel,dr2,16,VASC,other
Parametric UMAP 50,ParametricUMAP50,UMAP,AUC,0.683,VASC,Zeisel,dr2,16,VASC,other
Parametric UMAP 200,ParametricUMAP200,UMAP,AUC,0.673,VASC,Zeisel,dr2,16,VASC,other
UMAP,UMAP,UMAP,Pearson,0.332,VASC,Zeisel,dr3,16,VASC,other
Parametric UMAP 50,ParametricUMAP50,UMAP,Pearson,0.4,VASC,Zeisel,dr3,16,VASC,other
Parametric UMAP 200,ParametricUMAP200,UMAP,Pearson,0.347,VASC,Zeisel,dr3,16,VASC,other
UMAP,UMAP,UMAP,Qglobal,0.729,VASC,Zeisel,dr2,16,VASC,other
Parametric UMAP 50,ParametricUMAP50,UMAP,Qglobal,0.759,VASC,Zeisel,dr2,16,VASC,other
Parametric UMAP 200,ParametricUMAP200,UMAP,Qglobal,0.704,VASC,Zeisel,dr2,16,VASC,other
UMAP,UMAP,UMAP,Qlocal,0.458,VASC,Zeisel,dr2,16,VASC,other
Parametric UMAP 50,ParametricUMAP50,UMAP,Qlocal,0.461,VASC,Zeisel,dr2,16,VASC,other
Parametric UMAP 200,ParametricUMAP200,UMAP,Qlocal,0.352,VASC,Zeisel,dr2,16,VASC,other
UMAP,UMAP,UMAP,centroid_distance,0.445,VASC,Zeisel,dr1,16,VASC,other
Parametric UMAP 50,ParametricUMAP50,UMAP,centroid_distance,0.479,VASC,Zeisel,dr1,16,VASC,other
Parametric UMAP 200,ParametricUMAP200,UMAP,centroid_distance,0.472,VASC,Zeisel,dr1,16,VASC,other
UMAP,UMAP,UMAP,k-nearest,0.278,VASC,Zeisel,dr1,16,VASC,other
Parametric UMAP 50,ParametricUMAP50,UMAP,k-nearest,0.333,VASC,Zeisel,dr1,16,VASC,other
Parametric UMAP 200,ParametricUMAP200,UMAP,k-nearest,0.278,VASC,Zeisel,dr1,16,VASC,other
UMAP,UMAP,UMAP,kmax,766.0,VASC,Zeisel,dr2,16,VASC,other
Parametric UMAP 50,ParametricUMAP50,UMAP,kmax,767.0,VASC,Zeisel,dr2,16,VASC,other
Parametric UMAP 200,ParametricUMAP200,UMAP,kmax,261.0,VASC,Zeisel,dr2,16,VASC,other
UMAP,UMAP,UMAP,random_triplet,0.635,VASC,Zeisel,dr1,16,VASC,other
Parametric UMAP 50,ParametricUMAP50,UMAP,random_triplet,0.689,VASC,Zeisel,dr1,16,VASC,other
Parametric UMAP 200,ParametricUMAP200,UMAP,random_triplet,0.67,VASC,Zeisel,dr1,16,VASC,other
UMAP,UMAP,UMAP,spearman,0.329,VASC,Zeisel,dr1,16,VASC,other
Parametric UMAP 50,ParametricUMAP50,UMAP,spearman,0.434,VASC,Zeisel,dr1,16,VASC,other
Parametric UMAP 200,ParametricUMAP200,UMAP,spearman,0.355,VASC,Zeisel,dr1,16,VASC,other
UMAP,UMAP,UMAP,svm,0.883,VASC,Zeisel,dr1,16,VASC,other
Parametric UMAP 50,ParametricUMAP50,UMAP,svm,0.863,VASC,Zeisel,dr1,16,VASC,other
Parametric UMAP 200,ParametricUMAP200,UMAP,svm,0.869,VASC,Zeisel,dr1,16,VASC,other
UMAP,UMAP,UMAP,AUC,0.777,VASC,yan,dr2,16,VASC,other
Parametric UMAP 50,ParametricUMAP50,UMAP,AUC,0.859,VASC,yan,dr2,16,VASC,other
Parametric UMAP 200,ParametricUMAP200,UMAP,AUC,0.852,VASC,yan,dr2,16,VASC,other
UMAP,UMAP,UMAP,Pearson,0.727,VASC,yan,dr3,16,VASC,other
Parametric UMAP 50,ParametricUMAP50,UMAP,Pearson,0.85,VASC,yan,dr3,16,VASC,other
Parametric UMAP 200,ParametricUMAP200,UMAP,Pearson,0.804,VASC,yan,dr3,16,VASC,other
UMAP,UMAP,UMAP,Qglobal,0.808,VASC,yan,dr2,16,VASC,other
Parametric UMAP 50,ParametricUMAP50,UMAP,Qglobal,0.902,VASC,yan,dr2,16,VASC,other
Parametric UMAP 200,ParametricUMAP200,UMAP,Qglobal,0.897,VASC,yan,dr2,16,VASC,other
UMAP,UMAP,UMAP,Qlocal,0.63,VASC,yan,dr2,16,VASC,other
Parametric UMAP 50,ParametricUMAP50,UMAP,Qlocal,0.549,VASC,yan,dr2,16,VASC,other
Parametric UMAP 200,ParametricUMAP200,UMAP,Qlocal,0.639,VASC,yan,dr2,16,VASC,other
UMAP,UMAP,UMAP,centroid_distance,0.797,VASC,yan,dr1,16,VASC,other
Parametric UMAP 50,ParametricUMAP50,UMAP,centroid_distance,0.971,VASC,yan,dr1,16,VASC,other
Parametric UMAP 200,ParametricUMAP200,UMAP,centroid_distance,0.944,VASC,yan,dr1,16,VASC,other
UMAP,UMAP,UMAP,k-nearest,0.583,VASC,yan,dr1,16,VASC,other
Parametric UMAP 50,ParametricUMAP50,UMAP,k-nearest,0.917,VASC,yan,dr1,16,VASC,other
Parametric UMAP 200,ParametricUMAP200,UMAP,k-nearest,0.917,VASC,yan,dr1,16,VASC,other
UMAP,UMAP,UMAP,kmax,12.0,VASC,yan,dr2,16,VASC,other
Parametric UMAP 50,ParametricUMAP50,UMAP,kmax,9.0,VASC,yan,dr2,16,VASC,other
Parametric UMAP 200,ParametricUMAP200,UMAP,kmax,13.0,VASC,yan,dr2,16,VASC,other
UMAP,UMAP,UMAP,random_triplet,0.78,VASC,yan,dr1,16,VASC,other
Parametric UMAP 50,ParametricUMAP50,UMAP,random_triplet,0.869,VASC,yan,dr1,16,VASC,other
Parametric UMAP 200,ParametricUMAP200,UMAP,random_triplet,0.864,VASC,yan,dr1,16,VASC,other
UMAP,UMAP,UMAP,spearman,0.703,VASC,yan,dr1,16,VASC,other
Parametric UMAP 50,ParametricUMAP50,UMAP,spearman,0.917,VASC,yan,dr1,16,VASC,other
Parametric UMAP 200,ParametricUMAP200,UMAP,spearman,0.898,VASC,yan,dr1,16,VASC,other
UMAP,UMAP,UMAP,svm,0.844,VASC,yan,dr1,16,VASC,other
Parametric UMAP 50,ParametricUMAP50,UMAP,svm,0.889,VASC,yan,dr1,16,VASC,other
Parametric UMAP 200,ParametricUMAP200,UMAP,svm,0.844,VASC,yan,dr1,16,VASC,other
UMAP,UMAP,UMAP,AUC,0.658,benchmarker,Baron_mouse,dr2,16,curated,other
Parametric UMAP 50,ParametricUMAP50,UMAP,AUC,0.655,benchmarker,Baron_mouse,dr2,16,curated,other
Parametric UMAP 200,ParametricUMAP200,UMAP,AUC,0.657,benchmarker,Baron_mouse,dr2,16,curated,other
UMAP,UMAP,UMAP,Pearson,0.512,benchmarker,Baron_mouse,dr3,16,curated,other
Parametric UMAP 50,ParametricUMAP50,UMAP,Pearson,0.494,benchmarker,Baron_mouse,dr3,16,curated,other
Parametric UMAP 200,ParametricUMAP200,UMAP,Pearson,0.487,benchmarker,Baron_mouse,dr3,16,curated,other
UMAP,UMAP,UMAP,Qglobal,0.684,benchmarker,Baron_mouse,dr2,16,curated,other
Parametric UMAP 50,ParametricUMAP50,UMAP,Qglobal,0.684,benchmarker,Baron_mouse,dr2,16,curated,other
Parametric UMAP 200,ParametricUMAP200,UMAP,Qglobal,0.684,benchmarker,Baron_mouse,dr2,16,curated,other
UMAP,UMAP,UMAP,Qlocal,0.282,benchmarker,Baron_mouse,dr2,16,curated,other
Parametric UMAP 50,ParametricUMAP50,UMAP,Qlocal,0.28,benchmarker,Baron_mouse,dr2,16,curated,other
Parametric UMAP 200,ParametricUMAP200,UMAP,Qlocal,0.281,benchmarker,Baron_mouse,dr2,16,curated,other
UMAP,UMAP,UMAP,centroid_distance,0.321,benchmarker,Baron_mouse,dr1,16,curated,other
Parametric UMAP 50,ParametricUMAP50,UMAP,centroid_distance,0.389,benchmarker,Baron_mouse,dr1,16,curated,other
Parametric UMAP 200,ParametricUMAP200,UMAP,centroid_distance,0.39,benchmarker,Baron_mouse,dr1,16,curated,other
UMAP,UMAP,UMAP,k-nearest,0.256,benchmarker,Baron_mouse,dr1,16,curated,other
Parametric UMAP 50,ParametricUMAP50,UMAP,k-nearest,0.333,benchmarker,Baron_mouse,dr1,16,curated,other
Parametric UMAP 200,ParametricUMAP200,UMAP,k-nearest,0.487,benchmarker,Baron_mouse,dr1,16,curated,other
UMAP,UMAP,UMAP,kmax,123.0,benchmarker,Baron_mouse,dr2,16,curated,other
Parametric UMAP 50,ParametricUMAP50,UMAP,kmax,133.0,benchmarker,Baron_mouse,dr2,16,curated,other
Parametric UMAP 200,ParametricUMAP200,UMAP,kmax,127.0,benchmarker,Baron_mouse,dr2,16,curated,other
UMAP,UMAP,UMAP,random_triplet,0.668,benchmarker,Baron_mouse,dr1,16,curated,other
Parametric UMAP 50,ParametricUMAP50,UMAP,random_triplet,0.665,benchmarker,Baron_mouse,dr1,16,curated,other
Parametric UMAP 200,ParametricUMAP200,UMAP,random_triplet,0.676,benchmarker,Baron_mouse,dr1,16,curated,other
UMAP,UMAP,UMAP,spearman,0.495,benchmarker,Baron_mouse,dr1,16,curated,other
Parametric UMAP 50,ParametricUMAP50,UMAP,spearman,0.496,benchmarker,Baron_mouse,dr1,16,curated,other
Parametric UMAP 200,ParametricUMAP200,UMAP,spearman,0.504,benchmarker,Baron_mouse,dr1,16,curated,other
UMAP,UMAP,UMAP,svm,0.932,benchmarker,Baron_mouse,dr1,16,curated,other
Parametric UMAP 50,ParametricUMAP50,UMAP,svm,0.935,benchmarker,Baron_mouse,dr1,16,curated,other
Parametric UMAP 200,ParametricUMAP200,UMAP,svm,0.933,benchmarker,Baron_mouse,dr1,16,curated,other
UMAP,UMAP,UMAP,AUC,0.703,benchmarker,Darmanis,dr2,16,curated,other
Parametric UMAP 50,ParametricUMAP50,UMAP,AUC,0.71,benchmarker,Darmanis,dr2,16,curated,other
Parametric UMAP 200,ParametricUMAP200,UMAP,AUC,0.71,benchmarker,Darmanis,dr2,16,curated,other
UMAP,UMAP,UMAP,Pearson,0.333,benchmarker,Darmanis,dr3,16,curated,other
Parametric UMAP 50,ParametricUMAP50,UMAP,Pearson,0.417,benchmarker,Darmanis,dr3,16,curated,other
Parametric UMAP 200,ParametricUMAP200,UMAP,Pearson,0.402,benchmarker,Darmanis,dr3,16,curated,other
UMAP,UMAP,UMAP,Qglobal,0.746,benchmarker,Darmanis,dr2,16,curated,other
Parametric UMAP 50,ParametricUMAP50,UMAP,Qglobal,0.755,benchmarker,Darmanis,dr2,16,curated,other
Parametric UMAP 200,ParametricUMAP200,UMAP,Qglobal,0.753,benchmarker,Darmanis,dr2,16,curated,other
UMAP,UMAP,UMAP,Qlocal,0.444,benchmarker,Darmanis,dr2,16,curated,other
Parametric UMAP 50,ParametricUMAP50,UMAP,Qlocal,0.431,benchmarker,Darmanis,dr2,16,curated,other
Parametric UMAP 200,ParametricUMAP200,UMAP,Qlocal,0.44,benchmarker,Darmanis,dr2,16,curated,other
UMAP,UMAP,UMAP,centroid_distance,0.554,benchmarker,Darmanis,dr1,16,curated,other
Parametric UMAP 50,ParametricUMAP50,UMAP,centroid_distance,0.497,benchmarker,Darmanis,dr1,16,curated,other
Parametric UMAP 200,ParametricUMAP200,UMAP,centroid_distance,0.506,benchmarker,Darmanis,dr1,16,curated,other
UMAP,UMAP,UMAP,k-nearest,0.5,benchmarker,Darmanis,dr1,16,curated,other
Parametric UMAP 50,ParametricUMAP50,UMAP,k-nearest,0.438,benchmarker,Darmanis,dr1,16,curated,other
Parametric UMAP 200,ParametricUMAP200,UMAP,k-nearest,0.5,benchmarker,Darmanis,dr1,16,curated,other
UMAP,UMAP,UMAP,kmax,59.0,benchmarker,Darmanis,dr2,16,curated,other
Parametric UMAP 50,ParametricUMAP50,UMAP,kmax,57.0,benchmarker,Darmanis,dr2,16,curated,other
Parametric UMAP 200,ParametricUMAP200,UMAP,kmax,56.0,benchmarker,Darmanis,dr2,16,curated,other
UMAP,UMAP,UMAP,random_triplet,0.689,benchmarker,Darmanis,dr1,16,curated,other
Parametric UMAP 50,ParametricUMAP50,UMAP,random_triplet,0.704,benchmarker,Darmanis,dr1,16,curated,other
Parametric UMAP 200,ParametricUMAP200,UMAP,random_triplet,0.721,benchmarker,Darmanis,dr1,16,curated,other
UMAP,UMAP,UMAP,spearman,0.569,benchmarker,Darmanis,dr1,16,curated,other
Parametric UMAP 50,ParametricUMAP50,UMAP,spearman,0.565,benchmarker,Darmanis,dr1,16,curated,other
Parametric UMAP 200,ParametricUMAP200,UMAP,spearman,0.568,benchmarker,Darmanis,dr1,16,curated,other
UMAP,UMAP,UMAP,svm,0.886,benchmarker,Darmanis,dr1,16,curated,other
Parametric UMAP 50,ParametricUMAP50,UMAP,svm,0.933,benchmarker,Darmanis,dr1,16,curated,other
Parametric UMAP 200,ParametricUMAP200,UMAP,svm,0.938,benchmarker,Darmanis,dr1,16,curated,other
UMAP,UMAP,UMAP,AUC,0.683,benchmarker,Pancreatic,dr2,16,curated,other
Parametric UMAP 50,ParametricUMAP50,UMAP,AUC,0.699,benchmarker,Pancreatic,dr2,16,curated,other
Parametric UMAP 200,ParametricUMAP200,UMAP,AUC,0.692,benchmarker,Pancreatic,dr2,16,curated,other
UMAP,UMAP,UMAP,Pearson,0.451,benchmarker,Pancreatic,dr3,16,curated,other
Parametric UMAP 50,ParametricUMAP50,UMAP,Pearson,0.486,benchmarker,Pancreatic,dr3,16,curated,other
Parametric UMAP 200,ParametricUMAP200,UMAP,Pearson,0.447,benchmarker,Pancreatic,dr3,16,curated,other
UMAP,UMAP,UMAP,Qglobal,0.737,benchmarker,Pancreatic,dr2,16,curated,other
Parametric UMAP 50,ParametricUMAP50,UMAP,Qglobal,0.786,benchmarker,Pancreatic,dr2,16,curated,other
Parametric UMAP 200,ParametricUMAP200,UMAP,Qglobal,0.764,benchmarker,Pancreatic,dr2,16,curated,other
UMAP,UMAP,UMAP,Qlocal,0.313,benchmarker,Pancreatic,dr2,16,curated,other
Parametric UMAP 50,ParametricUMAP50,UMAP,Qlocal,0.388,benchmarker,Pancreatic,dr2,16,curated,other
Parametric UMAP 200,ParametricUMAP200,UMAP,Qlocal,0.367,benchmarker,Pancreatic,dr2,16,curated,other
UMAP,UMAP,UMAP,centroid_distance,0.83,benchmarker,Pancreatic,dr1,16,curated,other
Parametric UMAP 50,ParametricUMAP50,UMAP,centroid_distance,0.857,benchmarker,Pancreatic,dr1,16,curated,other
Parametric UMAP 200,ParametricUMAP200,UMAP,centroid_distance,0.845,benchmarker,Pancreatic,dr1,16,curated,other
UMAP,UMAP,UMAP,k-nearest,0.583,benchmarker,Pancreatic,dr1,16,curated,other
Parametric UMAP 50,ParametricUMAP50,UMAP,k-nearest,0.583,benchmarker,Pancreatic,dr1,16,curated,other
Parametric UMAP 200,ParametricUMAP200,UMAP,k-nearest,0.583,benchmarker,Pancreatic,dr1,16,curated,other
UMAP,UMAP,UMAP,kmax,7.0,benchmarker,Pancreatic,dr2,16,curated,other
Parametric UMAP 50,ParametricUMAP50,UMAP,kmax,12.0,benchmarker,Pancreatic,dr2,16,curated,other
Parametric UMAP 200,ParametricUMAP200,UMAP,kmax,10.0,benchmarker,Pancreatic,dr2,16,curated,other
UMAP,UMAP,UMAP,random_triplet,0.69,benchmarker,Pancreatic,dr1,16,curated,other
Parametric UMAP 50,ParametricUMAP50,UMAP,random_triplet,0.747,benchmarker,Pancreatic,dr1,16,curated,other
Parametric UMAP 200,ParametricUMAP200,UMAP,random_triplet,0.72,benchmarker,Pancreatic,dr1,16,curated,other
UMAP,UMAP,UMAP,spearman,0.588,benchmarker,Pancreatic,dr1,16,curated,other
Parametric UMAP 50,ParametricUMAP50,UMAP,spearman,0.628,benchmarker,Pancreatic,dr1,16,curated,other
Parametric UMAP 200,ParametricUMAP200,UMAP,spearman,0.606,benchmarker,Pancreatic,dr1,16,curated,other
UMAP,UMAP,UMAP,svm,0.683,benchmarker,Pancreatic,dr1,16,curated,other
Parametric UMAP 50,ParametricUMAP50,UMAP,svm,0.75,benchmarker,Pancreatic,dr1,16,curated,other
Parametric UMAP 200,ParametricUMAP200,UMAP,svm,0.8,benchmarker,Pancreatic,dr1,16,curated,other
UMAP,UMAP,UMAP,AUC,0.664,benchmarker,Silver,dr2,16,curated,other
Parametric UMAP 50,ParametricUMAP50,UMAP,AUC,0.711,benchmarker,Silver,dr2,16,curated,other
Parametric UMAP 200,ParametricUMAP200,UMAP,AUC,0.699,benchmarker,Silver,dr2,16,curated,other
UMAP,UMAP,UMAP,Pearson,0.586,benchmarker,Silver,dr3,16,curated,other
Parametric UMAP 50,ParametricUMAP50,UMAP,Pearson,0.651,benchmarker,Silver,dr3,16,curated,other
Parametric UMAP 200,ParametricUMAP200,UMAP,Pearson,0.641,benchmarker,Silver,dr3,16,curated,other
UMAP,UMAP,UMAP,Qglobal,0.757,benchmarker,Silver,dr2,16,curated,other
Parametric UMAP 50,ParametricUMAP50,UMAP,Qglobal,0.818,benchmarker,Silver,dr2,16,curated,other
Parametric UMAP 200,ParametricUMAP200,UMAP,Qglobal,0.803,benchmarker,Silver,dr2,16,curated,other
UMAP,UMAP,UMAP,Qlocal,0.38,benchmarker,Silver,dr2,16,curated,other
Parametric UMAP 50,ParametricUMAP50,UMAP,Qlocal,0.389,benchmarker,Silver,dr2,16,curated,other
Parametric UMAP 200,ParametricUMAP200,UMAP,Qlocal,0.386,benchmarker,Silver,dr2,16,curated,other
UMAP,UMAP,UMAP,centroid_distance,0.911,benchmarker,Silver,dr1,16,curated,other
Parametric UMAP 50,ParametricUMAP50,UMAP,centroid_distance,0.958,benchmarker,Silver,dr1,16,curated,other
Parametric UMAP 200,ParametricUMAP200,UMAP,centroid_distance,0.958,benchmarker,Silver,dr1,16,curated,other
UMAP,UMAP,UMAP,k-nearest,0.697,benchmarker,Silver,dr1,16,curated,other
Parametric UMAP 50,ParametricUMAP50,UMAP,k-nearest,0.788,benchmarker,Silver,dr1,16,curated,other
Parametric UMAP 200,ParametricUMAP200,UMAP,k-nearest,0.727,benchmarker,Silver,dr1,16,curated,other
UMAP,UMAP,UMAP,kmax,639.0,benchmarker,Silver,dr2,16,curated,other
Parametric UMAP 50,ParametricUMAP50,UMAP,kmax,649.0,benchmarker,Silver,dr2,16,curated,other
Parametric UMAP 200,ParametricUMAP200,UMAP,kmax,647.0,benchmarker,Silver,dr2,16,curated,other
UMAP,UMAP,UMAP,random_triplet,0.663,benchmarker,Silver,dr1,16,curated,other
Parametric UMAP 50,ParametricUMAP50,UMAP,random_triplet,0.749,benchmarker,Silver,dr1,16,curated,other
Parametric UMAP 200,ParametricUMAP200,UMAP,random_triplet,0.731,benchmarker,Silver,dr1,16,curated,other
UMAP,UMAP,UMAP,spearman,0.533,benchmarker,Silver,dr1,16,curated,other
Parametric UMAP 50,ParametricUMAP50,UMAP,spearman,0.691,benchmarker,Silver,dr1,16,curated,other
Parametric UMAP 200,ParametricUMAP200,UMAP,spearman,0.668,benchmarker,Silver,dr1,16,curated,other
UMAP,UMAP,UMAP,svm,0.502,benchmarker,Silver,dr1,16,curated,other
Parametric UMAP 50,ParametricUMAP50,UMAP,svm,0.5,benchmarker,Silver,dr1,16,curated,other
Parametric UMAP 200,ParametricUMAP200,UMAP,svm,0.492,benchmarker,Silver,dr1,16,curated,other
UMAP,UMAP,UMAP,AUC,0.635,benchmarker,Zhengmix4eq,dr2,16,curated,other
Parametric UMAP 50,ParametricUMAP50,UMAP,AUC,0.633,benchmarker,Zhengmix4eq,dr2,16,curated,other
Parametric UMAP 200,ParametricUMAP200,UMAP,AUC,0.632,benchmarker,Zhengmix4eq,dr2,16,curated,other
UMAP,UMAP,UMAP,Pearson,0.408,benchmarker,Zhengmix4eq,dr3,16,curated,other
Parametric UMAP 50,ParametricUMAP50,UMAP,Pearson,0.192,benchmarker,Zhengmix4eq,dr3,16,curated,other
Parametric UMAP 200,ParametricUMAP200,UMAP,Pearson,0.134,benchmarker,Zhengmix4eq,dr3,16,curated,other
UMAP,UMAP,UMAP,Qglobal,0.732,benchmarker,Zhengmix4eq,dr2,16,curated,other
Parametric UMAP 50,ParametricUMAP50,UMAP,Qglobal,0.731,benchmarker,Zhengmix4eq,dr2,16,curated,other
Parametric UMAP 200,ParametricUMAP200,UMAP,Qglobal,0.73,benchmarker,Zhengmix4eq,dr2,16,curated,other
UMAP,UMAP,UMAP,Qlocal,0.344,benchmarker,Zhengmix4eq,dr2,16,curated,other
Parametric UMAP 50,ParametricUMAP50,UMAP,Qlocal,0.341,benchmarker,Zhengmix4eq,dr2,16,curated,other
Parametric UMAP 200,ParametricUMAP200,UMAP,Qlocal,0.342,benchmarker,Zhengmix4eq,dr2,16,curated,other
UMAP,UMAP,UMAP,centroid_distance,0.59,benchmarker,Zhengmix4eq,dr1,16,curated,other
Parametric UMAP 50,ParametricUMAP50,UMAP,centroid_distance,0.59,benchmarker,Zhengmix4eq,dr1,16,curated,other
Parametric UMAP 200,ParametricUMAP200,UMAP,centroid_distance,0.59,benchmarker,Zhengmix4eq,dr1,16,curated,other
UMAP,UMAP,UMAP,k-nearest,0.5,benchmarker,Zhengmix4eq,dr1,16,curated,other
Parametric UMAP 50,ParametricUMAP50,UMAP,k-nearest,0.75,benchmarker,Zhengmix4eq,dr1,16,curated,other
Parametric UMAP 200,ParametricUMAP200,UMAP,k-nearest,0.75,benchmarker,Zhengmix4eq,dr1,16,curated,other
UMAP,UMAP,UMAP,kmax,1001.0,benchmarker,Zhengmix4eq,dr2,16,curated,other
Parametric UMAP 50,ParametricUMAP50,UMAP,kmax,1001.0,benchmarker,Zhengmix4eq,dr2,16,curated,other
Parametric UMAP 200,ParametricUMAP200,UMAP,kmax,999.0,benchmarker,Zhengmix4eq,dr2,16,curated,other
UMAP,UMAP,UMAP,random_triplet,0.613,benchmarker,Zhengmix4eq,dr1,16,curated,other
Parametric UMAP 50,ParametricUMAP50,UMAP,random_triplet,0.61,benchmarker,Zhengmix4eq,dr1,16,curated,other
Parametric UMAP 200,ParametricUMAP200,UMAP,random_triplet,0.609,benchmarker,Zhengmix4eq,dr1,16,curated,other
UMAP,UMAP,UMAP,spearman,0.33,benchmarker,Zhengmix4eq,dr1,16,curated,other
Parametric UMAP 50,ParametricUMAP50,UMAP,spearman,0.246,benchmarker,Zhengmix4eq,dr1,16,curated,other
Parametric UMAP 200,ParametricUMAP200,UMAP,spearman,0.242,benchmarker,Zhengmix4eq,dr1,16,curated,other
UMAP,UMAP,UMAP,svm,0.92,benchmarker,Zhengmix4eq,dr1,16,curated,other
Parametric UMAP 50,ParametricUMAP50,UMAP,svm,0.92,benchmarker,Zhengmix4eq,dr1,16,curated,other
Parametric UMAP 200,ParametricUMAP200,UMAP,svm,0.917,benchmarker,Zhengmix4eq,dr1,16,curated,other
UMAP,UMAP,UMAP,AUC,0.802,scDesign3,ACINAR,dr2,16,scDesign3,other
Parametric UMAP 50,ParametricUMAP50,UMAP,AUC,0.807,scDesign3,ACINAR,dr2,16,scDesign3,other
Parametric UMAP 200,ParametricUMAP200,UMAP,AUC,0.808,scDesign3,ACINAR,dr2,16,scDesign3,other
UMAP,UMAP,UMAP,Pearson,0.552,scDesign3,ACINAR,dr3,16,scDesign3,other
Parametric UMAP 50,ParametricUMAP50,UMAP,Pearson,0.63,scDesign3,ACINAR,dr3,16,scDesign3,other
Parametric UMAP 200,ParametricUMAP200,UMAP,Pearson,0.6,scDesign3,ACINAR,dr3,16,scDesign3,other
UMAP,UMAP,UMAP,Qglobal,0.828,scDesign3,ACINAR,dr2,16,scDesign3,other
Parametric UMAP 50,ParametricUMAP50,UMAP,Qglobal,0.839,scDesign3,ACINAR,dr2,16,scDesign3,other
Parametric UMAP 200,ParametricUMAP200,UMAP,Qglobal,0.837,scDesign3,ACINAR,dr2,16,scDesign3,other
UMAP,UMAP,UMAP,Qlocal,0.552,scDesign3,ACINAR,dr2,16,scDesign3,other
Parametric UMAP 50,ParametricUMAP50,UMAP,Qlocal,0.54,scDesign3,ACINAR,dr2,16,scDesign3,other
Parametric UMAP 200,ParametricUMAP200,UMAP,Qlocal,0.547,scDesign3,ACINAR,dr2,16,scDesign3,other
UMAP,UMAP,UMAP,centroid_distance,0.814,scDesign3,ACINAR,dr1,16,scDesign3,other
Parametric UMAP 50,ParametricUMAP50,UMAP,centroid_distance,0.806,scDesign3,ACINAR,dr1,16,scDesign3,other
Parametric UMAP 200,ParametricUMAP200,UMAP,centroid_distance,0.804,scDesign3,ACINAR,dr1,16,scDesign3,other
UMAP,UMAP,UMAP,k-nearest,0.8,scDesign3,ACINAR,dr1,16,scDesign3,other
Parametric UMAP 50,ParametricUMAP50,UMAP,k-nearest,0.8,scDesign3,ACINAR,dr1,16,scDesign3,other
Parametric UMAP 200,ParametricUMAP200,UMAP,k-nearest,0.767,scDesign3,ACINAR,dr1,16,scDesign3,other
UMAP,UMAP,UMAP,kmax,292.0,scDesign3,ACINAR,dr2,16,scDesign3,other
Parametric UMAP 50,ParametricUMAP50,UMAP,kmax,317.0,scDesign3,ACINAR,dr2,16,scDesign3,other
Parametric UMAP 200,ParametricUMAP200,UMAP,kmax,305.0,scDesign3,ACINAR,dr2,16,scDesign3,other
UMAP,UMAP,UMAP,random_triplet,0.819,scDesign3,ACINAR,dr1,16,scDesign3,other
Parametric UMAP 50,ParametricUMAP50,UMAP,random_triplet,0.828,scDesign3,ACINAR,dr1,16,scDesign3,other
Parametric UMAP 200,ParametricUMAP200,UMAP,random_triplet,0.82,scDesign3,ACINAR,dr1,16,scDesign3,other
UMAP,UMAP,UMAP,spearman,0.709,scDesign3,ACINAR,dr1,16,scDesign3,other
Parametric UMAP 50,ParametricUMAP50,UMAP,spearman,0.762,scDesign3,ACINAR,dr1,16,scDesign3,other
Parametric UMAP 200,ParametricUMAP200,UMAP,spearman,0.748,scDesign3,ACINAR,dr1,16,scDesign3,other
UMAP,UMAP,UMAP,svm,0.594,scDesign3,ACINAR,dr1,16,scDesign3,other
Parametric UMAP 50,ParametricUMAP50,UMAP,svm,0.601,scDesign3,ACINAR,dr1,16,scDesign3,other
Parametric UMAP 200,ParametricUMAP200,UMAP,svm,0.616,scDesign3,ACINAR,dr1,16,scDesign3,other
UMAP,UMAP,UMAP,AUC,0.634,scDesign3,ATAC,dr2,16,scDesign3,other
Parametric UMAP 50,ParametricUMAP50,UMAP,AUC,0.641,scDesign3,ATAC,dr2,16,scDesign3,other
Parametric UMAP 200,ParametricUMAP200,UMAP,AUC,0.639,scDesign3,ATAC,dr2,16,scDesign3,other
UMAP,UMAP,UMAP,Pearson,0.375,scDesign3,ATAC,dr3,16,scDesign3,other
Parametric UMAP 50,ParametricUMAP50,UMAP,Pearson,0.344,scDesign3,ATAC,dr3,16,scDesign3,other
Parametric UMAP 200,ParametricUMAP200,UMAP,Pearson,0.33,scDesign3,ATAC,dr3,16,scDesign3,other
UMAP,UMAP,UMAP,Qglobal,0.749,scDesign3,ATAC,dr2,16,scDesign3,other
Parametric UMAP 50,ParametricUMAP50,UMAP,Qglobal,0.757,scDesign3,ATAC,dr2,16,scDesign3,other
Parametric UMAP 200,ParametricUMAP200,UMAP,Qglobal,0.755,scDesign3,ATAC,dr2,16,scDesign3,other
UMAP,UMAP,UMAP,Qlocal,0.321,scDesign3,ATAC,dr2,16,scDesign3,other
Parametric UMAP 50,ParametricUMAP50,UMAP,Qlocal,0.321,scDesign3,ATAC,dr2,16,scDesign3,other
Parametric UMAP 200,ParametricUMAP200,UMAP,Qlocal,0.32,scDesign3,ATAC,dr2,16,scDesign3,other
UMAP,UMAP,UMAP,centroid_distance,0.719,scDesign3,ATAC,dr1,16,scDesign3,other
Parametric UMAP 50,ParametricUMAP50,UMAP,centroid_distance,0.765,scDesign3,ATAC,dr1,16,scDesign3,other
Parametric UMAP 200,ParametricUMAP200,UMAP,centroid_distance,0.759,scDesign3,ATAC,dr1,16,scDesign3,other
UMAP,UMAP,UMAP,k-nearest,0.769,scDesign3,ATAC,dr1,16,scDesign3,other
Parametric UMAP 50,ParametricUMAP50,UMAP,k-nearest,0.795,scDesign3,ATAC,dr1,16,scDesign3,other
Parametric UMAP 200,ParametricUMAP200,UMAP,k-nearest,0.795,scDesign3,ATAC,dr1,16,scDesign3,other
UMAP,UMAP,UMAP,kmax,1883.0,scDesign3,ATAC,dr2,16,scDesign3,other
Parametric UMAP 50,ParametricUMAP50,UMAP,kmax,1869.0,scDesign3,ATAC,dr2,16,scDesign3,other
Parametric UMAP 200,ParametricUMAP200,UMAP,kmax,1878.0,scDesign3,ATAC,dr2,16,scDesign3,other
UMAP,UMAP,UMAP,random_triplet,0.66,scDesign3,ATAC,dr1,16,scDesign3,other
Parametric UMAP 50,ParametricUMAP50,UMAP,random_triplet,0.678,scDesign3,ATAC,dr1,16,scDesign3,other
Parametric UMAP 200,ParametricUMAP200,UMAP,random_triplet,0.673,scDesign3,ATAC,dr1,16,scDesign3,other
UMAP,UMAP,UMAP,spearman,0.381,scDesign3,ATAC,dr1,16,scDesign3,other
Parametric UMAP 50,ParametricUMAP50,UMAP,spearman,0.414,scDesign3,ATAC,dr1,16,scDesign3,other
Parametric UMAP 200,ParametricUMAP200,UMAP,spearman,0.41,scDesign3,ATAC,dr1,16,scDesign3,other
UMAP,UMAP,UMAP,svm,0.772,scDesign3,ATAC,dr1,16,scDesign3,other
Parametric UMAP 50,ParametricUMAP50,UMAP,svm,0.765,scDesign3,ATAC,dr1,16,scDesign3,other
Parametric UMAP 200,ParametricUMAP200,UMAP,svm,0.761,scDesign3,ATAC,dr1,16,scDesign3,other
UMAP,UMAP,UMAP,AUC,0.765,scDesign3,BATCH,dr2,16,scDesign3,other
Parametric UMAP 50,ParametricUMAP50,UMAP,AUC,0.754,scDesign3,BATCH,dr2,16,scDesign3,other
Parametric UMAP 200,ParametricUMAP200,UMAP,AUC,0.744,scDesign3,BATCH,dr2,16,scDesign3,other
UMAP,UMAP,UMAP,Pearson,0.322,scDesign3,BATCH,dr3,16,scDesign3,other
Parametric UMAP 50,ParametricUMAP50,UMAP,Pearson,0.365,scDesign3,BATCH,dr3,16,scDesign3,other
Parametric UMAP 200,ParametricUMAP200,UMAP,Pearson,0.324,scDesign3,BATCH,dr3,16,scDesign3,other
UMAP,UMAP,UMAP,Qglobal,0.78,scDesign3,BATCH,dr2,16,scDesign3,other
Parametric UMAP 50,ParametricUMAP50,UMAP,Qglobal,0.769,scDesign3,BATCH,dr2,16,scDesign3,other
Parametric UMAP 200,ParametricUMAP200,UMAP,Qglobal,0.758,scDesign3,BATCH,dr2,16,scDesign3,other
UMAP,UMAP,UMAP,Qlocal,0.572,scDesign3,BATCH,dr2,16,scDesign3,other
Parametric UMAP 50,ParametricUMAP50,UMAP,Qlocal,0.572,scDesign3,BATCH,dr2,16,scDesign3,other
Parametric UMAP 200,ParametricUMAP200,UMAP,Qlocal,0.572,scDesign3,BATCH,dr2,16,scDesign3,other
UMAP,UMAP,UMAP,centroid_distance,0.556,scDesign3,BATCH,dr1,16,scDesign3,other
Parametric UMAP 50,ParametricUMAP50,UMAP,centroid_distance,0.533,scDesign3,BATCH,dr1,16,scDesign3,other
Parametric UMAP 200,ParametricUMAP200,UMAP,centroid_distance,0.52,scDesign3,BATCH,dr1,16,scDesign3,other
UMAP,UMAP,UMAP,k-nearest,0.5,scDesign3,BATCH,dr1,16,scDesign3,other
Parametric UMAP 50,ParametricUMAP50,UMAP,k-nearest,0.556,scDesign3,BATCH,dr1,16,scDesign3,other
Parametric UMAP 200,ParametricUMAP200,UMAP,k-nearest,0.5,scDesign3,BATCH,dr1,16,scDesign3,other
UMAP,UMAP,UMAP,kmax,429.0,scDesign3,BATCH,dr2,16,scDesign3,other
Parametric UMAP 50,ParametricUMAP50,UMAP,kmax,476.0,scDesign3,BATCH,dr2,16,scDesign3,other
Parametric UMAP 200,ParametricUMAP200,UMAP,kmax,469.0,scDesign3,BATCH,dr2,16,scDesign3,other
UMAP,UMAP,UMAP,random_triplet,0.748,scDesign3,BATCH,dr1,16,scDesign3,other
Parametric UMAP 50,ParametricUMAP50,UMAP,random_triplet,0.743,scDesign3,BATCH,dr1,16,scDesign3,other
Parametric UMAP 200,ParametricUMAP200,UMAP,random_triplet,0.737,scDesign3,BATCH,dr1,16,scDesign3,other
UMAP,UMAP,UMAP,spearman,0.575,scDesign3,BATCH,dr1,16,scDesign3,other
Parametric UMAP 50,ParametricUMAP50,UMAP,spearman,0.586,scDesign3,BATCH,dr1,16,scDesign3,other
Parametric UMAP 200,ParametricUMAP200,UMAP,spearman,0.552,scDesign3,BATCH,dr1,16,scDesign3,other
UMAP,UMAP,UMAP,svm,0.878,scDesign3,BATCH,dr1,16,scDesign3,other
Parametric UMAP 50,ParametricUMAP50,UMAP,svm,0.881,scDesign3,BATCH,dr1,16,scDesign3,other
Parametric UMAP 200,ParametricUMAP200,UMAP,svm,0.883,scDesign3,BATCH,dr1,16,scDesign3,other
UMAP,UMAP,UMAP,AUC,0.789,scDesign3,CITE,dr2,16,scDesign3,other
Parametric UMAP 50,ParametricUMAP50,UMAP,AUC,0.771,scDesign3,CITE,dr2,16,scDesign3,other
Parametric UMAP 200,ParametricUMAP200,UMAP,AUC,0.761,scDesign3,CITE,dr2,16,scDesign3,other
UMAP,UMAP,UMAP,Pearson,0.411,scDesign3,CITE,dr3,16,scDesign3,other
Parametric UMAP 50,ParametricUMAP50,UMAP,Pearson,0.671,scDesign3,CITE,dr3,16,scDesign3,other
Parametric UMAP 200,ParametricUMAP200,UMAP,Pearson,0.412,scDesign3,CITE,dr3,16,scDesign3,other
UMAP,UMAP,UMAP,Qglobal,0.796,scDesign3,CITE,dr2,16,scDesign3,other
Parametric UMAP 50,ParametricUMAP50,UMAP,Qglobal,0.777,scDesign3,CITE,dr2,16,scDesign3,other
Parametric UMAP 200,ParametricUMAP200,UMAP,Qglobal,0.767,scDesign3,CITE,dr2,16,scDesign3,other
UMAP,UMAP,UMAP,Qlocal,0.665,scDesign3,CITE,dr2,16,scDesign3,other
Parametric UMAP 50,ParametricUMAP50,UMAP,Qlocal,0.66,scDesign3,CITE,dr2,16,scDesign3,other
Parametric UMAP 200,ParametricUMAP200,UMAP,Qlocal,0.659,scDesign3,CITE,dr2,16,scDesign3,other
UMAP,UMAP,UMAP,centroid_distance,0.632,scDesign3,CITE,dr1,16,scDesign3,other
Parametric UMAP 50,ParametricUMAP50,UMAP,centroid_distance,0.519,scDesign3,CITE,dr1,16,scDesign3,other
Parametric UMAP 200,ParametricUMAP200,UMAP,centroid_distance,0.508,scDesign3,CITE,dr1,16,scDesign3,other
UMAP,UMAP,UMAP,k-nearest,0.667,scDesign3,CITE,dr1,16,scDesign3,other
Parametric UMAP 50,ParametricUMAP50,UMAP,k-nearest,0.683,scDesign3,CITE,dr1,16,scDesign3,other
Parametric UMAP 200,ParametricUMAP200,UMAP,k-nearest,0.7,scDesign3,CITE,dr1,16,scDesign3,other
UMAP,UMAP,UMAP,kmax,431.0,scDesign3,CITE,dr2,16,scDesign3,other
Parametric UMAP 50,ParametricUMAP50,UMAP,kmax,475.0,scDesign3,CITE,dr2,16,scDesign3,other
Parametric UMAP 200,ParametricUMAP200,UMAP,kmax,436.0,scDesign3,CITE,dr2,16,scDesign3,other
UMAP,UMAP,UMAP,random_triplet,0.758,scDesign3,CITE,dr1,16,scDesign3,other
Parametric UMAP 50,ParametricUMAP50,UMAP,random_triplet,0.744,scDesign3,CITE,dr1,16,scDesign3,other
Parametric UMAP 200,ParametricUMAP200,UMAP,random_triplet,0.725,scDesign3,CITE,dr1,16,scDesign3,other
UMAP,UMAP,UMAP,spearman,0.606,scDesign3,CITE,dr1,16,scDesign3,other
Parametric UMAP 50,ParametricUMAP50,UMAP,spearman,0.624,scDesign3,CITE,dr1,16,scDesign3,other
Parametric UMAP 200,ParametricUMAP200,UMAP,spearman,0.483,scDesign3,CITE,dr1,16,scDesign3,other
UMAP,UMAP,UMAP,svm,0.7,scDesign3,CITE,dr1,16,scDesign3,other
Parametric UMAP 50,ParametricUMAP50,UMAP,svm,0.686,scDesign3,CITE,dr1,16,scDesign3,other
Parametric UMAP 200,ParametricUMAP200,UMAP,svm,0.696,scDesign3,CITE,dr1,16,scDesign3,other
UMAP,UMAP,UMAP,AUC,0.73,scDesign3,EMBYRO,dr2,16,scDesign3,other
Parametric UMAP 50,ParametricUMAP50,UMAP,AUC,0.743,scDesign3,EMBYRO,dr2,16,scDesign3,other
Parametric UMAP 200,ParametricUMAP200,UMAP,AUC,0.769,scDesign3,EMBYRO,dr2,16,scDesign3,other
UMAP,UMAP,UMAP,Pearson,0.457,scDesign3,EMBYRO,dr3,16,scDesign3,other
Parametric UMAP 50,ParametricUMAP50,UMAP,Pearson,0.775,scDesign3,EMBYRO,dr3,16,scDesign3,other
Parametric UMAP 200,ParametricUMAP200,UMAP,Pearson,0.582,scDesign3,EMBYRO,dr3,16,scDesign3,other
UMAP,UMAP,UMAP,Qglobal,0.734,scDesign3,EMBYRO,dr2,16,scDesign3,other
Parametric UMAP 50,ParametricUMAP50,UMAP,Qglobal,0.802,scDesign3,EMBYRO,dr2,16,scDesign3,other
Parametric UMAP 200,ParametricUMAP200,UMAP,Qglobal,0.783,scDesign3,EMBYRO,dr2,16,scDesign3,other
UMAP,UMAP,UMAP,Qlocal,0.497,scDesign3,EMBYRO,dr2,16,scDesign3,other
Parametric UMAP 50,ParametricUMAP50,UMAP,Qlocal,0.419,scDesign3,EMBYRO,dr2,16,scDesign3,other
Parametric UMAP 200,ParametricUMAP200,UMAP,Qlocal,0.472,scDesign3,EMBYRO,dr2,16,scDesign3,other
UMAP,UMAP,UMAP,centroid_distance,0.857,scDesign3,EMBYRO,dr1,16,scDesign3,other
Parametric UMAP 50,ParametricUMAP50,UMAP,centroid_distance,0.932,scDesign3,EMBYRO,dr1,16,scDesign3,other
Parametric UMAP 200,ParametricUMAP200,UMAP,centroid_distance,0.932,scDesign3,EMBYRO,dr1,16,scDesign3,other
UMAP,UMAP,UMAP,k-nearest,0.8,scDesign3,EMBYRO,dr1,16,scDesign3,other
Parametric UMAP 50,ParametricUMAP50,UMAP,k-nearest,0.6,scDesign3,EMBYRO,dr1,16,scDesign3,other
Parametric UMAP 200,ParametricUMAP200,UMAP,k-nearest,0.6,scDesign3,EMBYRO,dr1,16,scDesign3,other
UMAP,UMAP,UMAP,kmax,22.0,scDesign3,EMBYRO,dr2,16,scDesign3,other
Parametric UMAP 50,ParametricUMAP50,UMAP,kmax,200.0,scDesign3,EMBYRO,dr2,16,scDesign3,other
Parametric UMAP 200,ParametricUMAP200,UMAP,kmax,56.0,scDesign3,EMBYRO,dr2,16,scDesign3,other
UMAP,UMAP,UMAP,random_triplet,0.729,scDesign3,EMBYRO,dr1,16,scDesign3,other
Parametric UMAP 50,ParametricUMAP50,UMAP,random_triplet,0.772,scDesign3,EMBYRO,dr1,16,scDesign3,other
Parametric UMAP 200,ParametricUMAP200,UMAP,random_triplet,0.77,scDesign3,EMBYRO,dr1,16,scDesign3,other
UMAP,UMAP,UMAP,spearman,0.595,scDesign3,EMBYRO,dr1,16,scDesign3,other
Parametric UMAP 50,ParametricUMAP50,UMAP,spearman,0.821,scDesign3,EMBYRO,dr1,16,scDesign3,other
Parametric UMAP 200,ParametricUMAP200,UMAP,spearman,0.732,scDesign3,EMBYRO,dr1,16,scDesign3,other
UMAP,UMAP,UMAP,svm,0.624,scDesign3,EMBYRO,dr1,16,scDesign3,other
Parametric UMAP 50,ParametricUMAP50,UMAP,svm,0.467,scDesign3,EMBYRO,dr1,16,scDesign3,other
Parametric UMAP 200,ParametricUMAP200,UMAP,svm,0.586,scDesign3,EMBYRO,dr1,16,scDesign3,other
UMAP,UMAP,UMAP,AUC,0.809,scDesign3,IFNB,dr2,16,scDesign3,other
Parametric UMAP 50,ParametricUMAP50,UMAP,AUC,0.801,scDesign3,IFNB,dr2,16,scDesign3,other
Parametric UMAP 200,ParametricUMAP200,UMAP,AUC,0.807,scDesign3,IFNB,dr2,16,scDesign3,other
UMAP,UMAP,UMAP,Pearson,0.634,scDesign3,IFNB,dr3,16,scDesign3,other
Parametric UMAP 50,ParametricUMAP50,UMAP,Pearson,0.575,scDesign3,IFNB,dr3,16,scDesign3,other
Parametric UMAP 200,ParametricUMAP200,UMAP,Pearson,0.565,scDesign3,IFNB,dr3,16,scDesign3,other
UMAP,UMAP,UMAP,Qglobal,0.834,scDesign3,IFNB,dr2,16,scDesign3,other
Parametric UMAP 50,ParametricUMAP50,UMAP,Qglobal,0.828,scDesign3,IFNB,dr2,16,scDesign3,other
Parametric UMAP 200,ParametricUMAP200,UMAP,Qglobal,0.833,scDesign3,IFNB,dr2,16,scDesign3,other
UMAP,UMAP,UMAP,Qlocal,0.531,scDesign3,IFNB,dr2,16,scDesign3,other
Parametric UMAP 50,ParametricUMAP50,UMAP,Qlocal,0.547,scDesign3,IFNB,dr2,16,scDesign3,other
Parametric UMAP 200,ParametricUMAP200,UMAP,Qlocal,0.535,scDesign3,IFNB,dr2,16,scDesign3,other
UMAP,UMAP,UMAP,centroid_distance,0.849,scDesign3,IFNB,dr1,16,scDesign3,other
Parametric UMAP 50,ParametricUMAP50,UMAP,centroid_distance,0.722,scDesign3,IFNB,dr1,16,scDesign3,other
Parametric UMAP 200,ParametricUMAP200,UMAP,centroid_distance,0.726,scDesign3,IFNB,dr1,16,scDesign3,other
UMAP,UMAP,UMAP,k-nearest,0.59,scDesign3,IFNB,dr1,16,scDesign3,other
Parametric UMAP 50,ParametricUMAP50,UMAP,k-nearest,0.564,scDesign3,IFNB,dr1,16,scDesign3,other
Parametric UMAP 200,ParametricUMAP200,UMAP,k-nearest,0.59,scDesign3,IFNB,dr1,16,scDesign3,other
UMAP,UMAP,UMAP,kmax,1161.0,scDesign3,IFNB,dr2,16,scDesign3,other
Parametric UMAP 50,ParametricUMAP50,UMAP,kmax,1347.0,scDesign3,IFNB,dr2,16,scDesign3,other
Parametric UMAP 200,ParametricUMAP200,UMAP,kmax,1229.0,scDesign3,IFNB,dr2,16,scDesign3,other
UMAP,UMAP,UMAP,random_triplet,0.831,scDesign3,IFNB,dr1,16,scDesign3,other
Parametric UMAP 50,ParametricUMAP50,UMAP,random_triplet,0.811,scDesign3,IFNB,dr1,16,scDesign3,other
Parametric UMAP 200,ParametricUMAP200,UMAP,random_triplet,0.829,scDesign3,IFNB,dr1,16,scDesign3,other
UMAP,UMAP,UMAP,spearman,0.756,scDesign3,IFNB,dr1,16,scDesign3,other
Parametric UMAP 50,ParametricUMAP50,UMAP,spearman,0.727,scDesign3,IFNB,dr1,16,scDesign3,other
Parametric UMAP 200,ParametricUMAP200,UMAP,spearman,0.75,scDesign3,IFNB,dr1,16,scDesign3,other
UMAP,UMAP,UMAP,svm,0.715,scDesign3,IFNB,dr1,16,scDesign3,other
Parametric UMAP 50,ParametricUMAP50,UMAP,svm,0.71,scDesign3,IFNB,dr1,16,scDesign3,other
Parametric UMAP 200,ParametricUMAP200,UMAP,svm,0.698,scDesign3,IFNB,dr1,16,scDesign3,other
UMAP,UMAP,UMAP,AUC,0.836,scDesign3,MARROW,dr2,16,scDesign3,other
Parametric UMAP 50,ParametricUMAP50,UMAP,AUC,0.835,scDesign3,MARROW,dr2,16,scDesign3,other
Parametric UMAP 200,ParametricUMAP200,UMAP,AUC,0.834,scDesign3,MARROW,dr2,16,scDesign3,other
UMAP,UMAP,UMAP,Pearson,0.797,scDesign3,MARROW,dr3,16,scDesign3,other
Parametric UMAP 50,ParametricUMAP50,UMAP,Pearson,0.783,scDesign3,MARROW,dr3,16,scDesign3,other
Parametric UMAP 200,ParametricUMAP200,UMAP,Pearson,0.766,scDesign3,MARROW,dr3,16,scDesign3,other
UMAP,UMAP,UMAP,Qglobal,0.885,scDesign3,MARROW,dr2,16,scDesign3,other
Parametric UMAP 50,ParametricUMAP50,UMAP,Qglobal,0.886,scDesign3,MARROW,dr2,16,scDesign3,other
Parametric UMAP 200,ParametricUMAP200,UMAP,Qglobal,0.884,scDesign3,MARROW,dr2,16,scDesign3,other
UMAP,UMAP,UMAP,Qlocal,0.597,scDesign3,MARROW,dr2,16,scDesign3,other
Parametric UMAP 50,ParametricUMAP50,UMAP,Qlocal,0.598,scDesign3,MARROW,dr2,16,scDesign3,other
Parametric UMAP 200,ParametricUMAP200,UMAP,Qlocal,0.59,scDesign3,MARROW,dr2,16,scDesign3,other
UMAP,UMAP,UMAP,centroid_distance,1.0,scDesign3,MARROW,dr1,16,scDesign3,other
Parametric UMAP 50,ParametricUMAP50,UMAP,centroid_distance,0.858,scDesign3,MARROW,dr1,16,scDesign3,other
Parametric UMAP 200,ParametricUMAP200,UMAP,centroid_distance,0.858,scDesign3,MARROW,dr1,16,scDesign3,other
UMAP,UMAP,UMAP,k-nearest,1.0,scDesign3,MARROW,dr1,16,scDesign3,other
Parametric UMAP 50,ParametricUMAP50,UMAP,k-nearest,0.667,scDesign3,MARROW,dr1,16,scDesign3,other
Parametric UMAP 200,ParametricUMAP200,UMAP,k-nearest,0.667,scDesign3,MARROW,dr1,16,scDesign3,other
UMAP,UMAP,UMAP,kmax,455.0,scDesign3,MARROW,dr2,16,scDesign3,other
Parametric UMAP 50,ParametricUMAP50,UMAP,kmax,470.0,scDesign3,MARROW,dr2,16,scDesign3,other
Parametric UMAP 200,ParametricUMAP200,UMAP,kmax,445.0,scDesign3,MARROW,dr2,16,scDesign3,other
UMAP,UMAP,UMAP,random_triplet,0.869,scDesign3,MARROW,dr1,16,scDesign3,other
Parametric UMAP 50,ParametricUMAP50,UMAP,random_triplet,0.869,scDesign3,MARROW,dr1,16,scDesign3,other
Parametric UMAP 200,ParametricUMAP200,UMAP,random_triplet,0.859,scDesign3,MARROW,dr1,16,scDesign3,other
UMAP,UMAP,UMAP,spearman,0.825,scDesign3,MARROW,dr1,16,scDesign3,other
Parametric UMAP 50,ParametricUMAP50,UMAP,spearman,0.8,scDesign3,MARROW,dr1,16,scDesign3,other
Parametric UMAP 200,ParametricUMAP200,UMAP,spearman,0.787,scDesign3,MARROW,dr1,16,scDesign3,other
UMAP,UMAP,UMAP,svm,0.932,scDesign3,MARROW,dr1,16,scDesign3,other
Parametric UMAP 50,ParametricUMAP50,UMAP,svm,0.932,scDesign3,MARROW,dr1,16,scDesign3,other
Parametric UMAP 200,ParametricUMAP200,UMAP,svm,0.932,scDesign3,MARROW,dr1,16,scDesign3,other
UMAP,UMAP,UMAP,AUC,0.664,scDesign3,MOBSC,dr2,16,scDesign3,other
Parametric UMAP 50,ParametricUMAP50,UMAP,AUC,0.674,scDesign3,MOBSC,dr2,16,scDesign3,other
Parametric UMAP 200,ParametricUMAP200,UMAP,AUC,0.647,scDesign3,MOBSC,dr2,16,scDesign3,other
UMAP,UMAP,UMAP,Pearson,0.386,scDesign3,MOBSC,dr3,16,scDesign3,other
Parametric UMAP 50,ParametricUMAP50,UMAP,Pearson,0.477,scDesign3,MOBSC,dr3,16,scDesign3,other
Parametric UMAP 200,ParametricUMAP200,UMAP,Pearson,0.352,scDesign3,MOBSC,dr3,16,scDesign3,other
UMAP,UMAP,UMAP,Qglobal,0.716,scDesign3,MOBSC,dr2,16,scDesign3,other
Parametric UMAP 50,ParametricUMAP50,UMAP,Qglobal,0.729,scDesign3,MOBSC,dr2,16,scDesign3,other
Parametric UMAP 200,ParametricUMAP200,UMAP,Qglobal,0.697,scDesign3,MOBSC,dr2,16,scDesign3,other
UMAP,UMAP,UMAP,Qlocal,0.32,scDesign3,MOBSC,dr2,16,scDesign3,other
Parametric UMAP 50,ParametricUMAP50,UMAP,Qlocal,0.322,scDesign3,MOBSC,dr2,16,scDesign3,other
Parametric UMAP 200,ParametricUMAP200,UMAP,Qlocal,0.324,scDesign3,MOBSC,dr2,16,scDesign3,other
UMAP,UMAP,UMAP,centroid_distance,0.614,scDesign3,MOBSC,dr1,16,scDesign3,other
Parametric UMAP 50,ParametricUMAP50,UMAP,centroid_distance,0.542,scDesign3,MOBSC,dr1,16,scDesign3,other
Parametric UMAP 200,ParametricUMAP200,UMAP,centroid_distance,0.494,scDesign3,MOBSC,dr1,16,scDesign3,other
UMAP,UMAP,UMAP,k-nearest,0.25,scDesign3,MOBSC,dr1,16,scDesign3,other
Parametric UMAP 50,ParametricUMAP50,UMAP,k-nearest,0.25,scDesign3,MOBSC,dr1,16,scDesign3,other
Parametric UMAP 200,ParametricUMAP200,UMAP,k-nearest,0.0,scDesign3,MOBSC,dr1,16,scDesign3,other
UMAP,UMAP,UMAP,kmax,1657.0,scDesign3,MOBSC,dr2,16,scDesign3,other
Parametric UMAP 50,ParametricUMAP50,UMAP,kmax,1707.0,scDesign3,MOBSC,dr2,16,scDesign3,other
Parametric UMAP 200,ParametricUMAP200,UMAP,kmax,1702.0,scDesign3,MOBSC,dr2,16,scDesign3,other
UMAP,UMAP,UMAP,random_triplet,0.672,scDesign3,MOBSC,dr1,16,scDesign3,other
Parametric UMAP 50,ParametricUMAP50,UMAP,random_triplet,0.689,scDesign3,MOBSC,dr1,16,scDesign3,other
Parametric UMAP 200,ParametricUMAP200,UMAP,random_triplet,0.636,scDesign3,MOBSC,dr1,16,scDesign3,other
UMAP,UMAP,UMAP,spearman,0.459,scDesign3,MOBSC,dr1,16,scDesign3,other
Parametric UMAP 50,ParametricUMAP50,UMAP,spearman,0.498,scDesign3,MOBSC,dr1,16,scDesign3,other
Parametric UMAP 200,ParametricUMAP200,UMAP,spearman,0.416,scDesign3,MOBSC,dr1,16,scDesign3,other
UMAP,UMAP,UMAP,svm,0.894,scDesign3,MOBSC,dr1,16,scDesign3,other
Parametric UMAP 50,ParametricUMAP50,UMAP,svm,0.893,scDesign3,MOBSC,dr1,16,scDesign3,other
Parametric UMAP 200,ParametricUMAP200,UMAP,svm,0.891,scDesign3,MOBSC,dr1,16,scDesign3,other
UMAP,UMAP,UMAP,AUC,0.815,scDesign3,OVARIAN,dr2,16,scDesign3,other
Parametric UMAP 50,ParametricUMAP50,UMAP,AUC,0.836,scDesign3,OVARIAN,dr2,16,scDesign3,other
Parametric UMAP 200,ParametricUMAP200,UMAP,AUC,0.817,scDesign3,OVARIAN,dr2,16,scDesign3,other
UMAP,UMAP,UMAP,Pearson,0.511,scDesign3,OVARIAN,dr3,16,scDesign3,other
Parametric UMAP 50,ParametricUMAP50,UMAP,Pearson,0.807,scDesign3,OVARIAN,dr3,16,scDesign3,other
Parametric UMAP 200,ParametricUMAP200,UMAP,Pearson,0.6,scDesign3,OVARIAN,dr3,16,scDesign3,other
UMAP,UMAP,UMAP,Qglobal,0.841,scDesign3,OVARIAN,dr2,16,scDesign3,other
Parametric UMAP 50,ParametricUMAP50,UMAP,Qglobal,0.866,scDesign3,OVARIAN,dr2,16,scDesign3,other
Parametric UMAP 200,ParametricUMAP200,UMAP,Qglobal,0.848,scDesign3,OVARIAN,dr2,16,scDesign3,other
UMAP,UMAP,UMAP,Qlocal,0.587,scDesign3,OVARIAN,dr2,16,scDesign3,other
Parametric UMAP 50,ParametricUMAP50,UMAP,Qlocal,0.591,scDesign3,OVARIAN,dr2,16,scDesign3,other
Parametric UMAP 200,ParametricUMAP200,UMAP,Qlocal,0.561,scDesign3,OVARIAN,dr2,16,scDesign3,other
UMAP,UMAP,UMAP,centroid_distance,0.804,scDesign3,OVARIAN,dr1,16,scDesign3,other
Parametric UMAP 50,ParametricUMAP50,UMAP,centroid_distance,0.857,scDesign3,OVARIAN,dr1,16,scDesign3,other
Parametric UMAP 200,ParametricUMAP200,UMAP,centroid_distance,0.81,scDesign3,OVARIAN,dr1,16,scDesign3,other
UMAP,UMAP,UMAP,k-nearest,0.697,scDesign3,OVARIAN,dr1,16,scDesign3,other
Parametric UMAP 50,ParametricUMAP50,UMAP,k-nearest,0.788,scDesign3,OVARIAN,dr1,16,scDesign3,other
Parametric UMAP 200,ParametricUMAP200,UMAP,k-nearest,0.667,scDesign3,OVARIAN,dr1,16,scDesign3,other
UMAP,UMAP,UMAP,kmax,351.0,scDesign3,OVARIAN,dr2,16,scDesign3,other
Parametric UMAP 50,ParametricUMAP50,UMAP,kmax,376.0,scDesign3,OVARIAN,dr2,16,scDesign3,other
Parametric UMAP 200,ParametricUMAP200,UMAP,kmax,376.0,scDesign3,OVARIAN,dr2,16,scDesign3,other
UMAP,UMAP,UMAP,random_triplet,0.84,scDesign3,OVARIAN,dr1,16,scDesign3,other
Parametric UMAP 50,ParametricUMAP50,UMAP,random_triplet,0.853,scDesign3,OVARIAN,dr1,16,scDesign3,other
Parametric UMAP 200,ParametricUMAP200,UMAP,random_triplet,0.836,scDesign3,OVARIAN,dr1,16,scDesign3,other
UMAP,UMAP,UMAP,spearman,0.652,scDesign3,OVARIAN,dr1,16,scDesign3,other
Parametric UMAP 50,ParametricUMAP50,UMAP,spearman,0.779,scDesign3,OVARIAN,dr1,16,scDesign3,other
Parametric UMAP 200,ParametricUMAP200,UMAP,spearman,0.713,scDesign3,OVARIAN,dr1,16,scDesign3,other
UMAP,UMAP,UMAP,svm,0.463,scDesign3,OVARIAN,dr1,16,scDesign3,other
Parametric UMAP 50,ParametricUMAP50,UMAP,svm,0.451,scDesign3,OVARIAN,dr1,16,scDesign3,other
Parametric UMAP 200,ParametricUMAP200,UMAP,svm,0.45,scDesign3,OVARIAN,dr1,16,scDesign3,other
UMAP,UMAP,UMAP,AUC,0.811,scDesign3,PANCREAS,dr2,16,scDesign3,other
Parametric UMAP 50,ParametricUMAP50,UMAP,AUC,0.809,scDesign3,PANCREAS,dr2,16,scDesign3,other
Parametric UMAP 200,ParametricUMAP200,UMAP,AUC,0.806,scDesign3,PANCREAS,dr2,16,scDesign3,other
UMAP,UMAP,UMAP,Pearson,0.527,scDesign3,PANCREAS,dr3,16,scDesign3,other
Parametric UMAP 50,ParametricUMAP50,UMAP,Pearson,0.534,scDesign3,PANCREAS,dr3,16,scDesign3,other
Parametric UMAP 200,ParametricUMAP200,UMAP,Pearson,0.49,scDesign3,PANCREAS,dr3,16,scDesign3,other
UMAP,UMAP,UMAP,Qglobal,0.84,scDesign3,PANCREAS,dr2,16,scDesign3,other
Parametric UMAP 50,ParametricUMAP50,UMAP,Qglobal,0.842,scDesign3,PANCREAS,dr2,16,scDesign3,other
Parametric UMAP 200,ParametricUMAP200,UMAP,Qglobal,0.838,scDesign3,PANCREAS,dr2,16,scDesign3,other
UMAP,UMAP,UMAP,Qlocal,0.558,scDesign3,PANCREAS,dr2,16,scDesign3,other
Parametric UMAP 50,ParametricUMAP50,UMAP,Qlocal,0.543,scDesign3,PANCREAS,dr2,16,scDesign3,other
Parametric UMAP 200,ParametricUMAP200,UMAP,Qlocal,0.547,scDesign3,PANCREAS,dr2,16,scDesign3,other
UMAP,UMAP,UMAP,centroid_distance,0.928,scDesign3,PANCREAS,dr1,16,scDesign3,other
Parametric UMAP 50,ParametricUMAP50,UMAP,centroid_distance,0.928,scDesign3,PANCREAS,dr1,16,scDesign3,other
Parametric UMAP 200,ParametricUMAP200,UMAP,centroid_distance,0.928,scDesign3,PANCREAS,dr1,16,scDesign3,other
UMAP,UMAP,UMAP,k-nearest,0.75,scDesign3,PANCREAS,dr1,16,scDesign3,other
Parametric UMAP 50,ParametricUMAP50,UMAP,k-nearest,0.75,scDesign3,PANCREAS,dr1,16,scDesign3,other
Parametric UMAP 200,ParametricUMAP200,UMAP,k-nearest,0.75,scDesign3,PANCREAS,dr1,16,scDesign3,other
UMAP,UMAP,UMAP,kmax,217.0,scDesign3,PANCREAS,dr2,16,scDesign3,other
Parametric UMAP 50,ParametricUMAP50,UMAP,kmax,227.0,scDesign3,PANCREAS,dr2,16,scDesign3,other
Parametric UMAP 200,ParametricUMAP200,UMAP,kmax,230.0,scDesign3,PANCREAS,dr2,16,scDesign3,other
UMAP,UMAP,UMAP,random_triplet,0.829,scDesign3,PANCREAS,dr1,16,scDesign3,other
Parametric UMAP 50,ParametricUMAP50,UMAP,random_triplet,0.836,scDesign3,PANCREAS,dr1,16,scDesign3,other
Parametric UMAP 200,ParametricUMAP200,UMAP,random_triplet,0.828,scDesign3,PANCREAS,dr1,16,scDesign3,other
UMAP,UMAP,UMAP,spearman,0.689,scDesign3,PANCREAS,dr1,16,scDesign3,other
Parametric UMAP 50,ParametricUMAP50,UMAP,spearman,0.697,scDesign3,PANCREAS,dr1,16,scDesign3,other
Parametric UMAP 200,ParametricUMAP200,UMAP,spearman,0.67,scDesign3,PANCREAS,dr1,16,scDesign3,other
UMAP,UMAP,UMAP,svm,0.872,scDesign3,PANCREAS,dr1,16,scDesign3,other
Parametric UMAP 50,ParametricUMAP50,UMAP,svm,0.875,scDesign3,PANCREAS,dr1,16,scDesign3,other
Parametric UMAP 200,ParametricUMAP200,UMAP,svm,0.863,scDesign3,PANCREAS,dr1,16,scDesign3,other
UMAP,UMAP,UMAP,AUC,0.811,scDesign3,SCGEMMETH,dr2,16,scDesign3,other
Parametric UMAP 50,ParametricUMAP50,UMAP,AUC,0.811,scDesign3,SCGEMMETH,dr2,16,scDesign3,other
Parametric UMAP 200,ParametricUMAP200,UMAP,AUC,0.812,scDesign3,SCGEMMETH,dr2,16,scDesign3,other
UMAP,UMAP,UMAP,Pearson,0.866,scDesign3,SCGEMMETH,dr3,16,scDesign3,other
Parametric UMAP 50,ParametricUMAP50,UMAP,Pearson,0.891,scDesign3,SCGEMMETH,dr3,16,scDesign3,other
Parametric UMAP 200,ParametricUMAP200,UMAP,Pearson,0.888,scDesign3,SCGEMMETH,dr3,16,scDesign3,other
UMAP,UMAP,UMAP,Qglobal,0.862,scDesign3,SCGEMMETH,dr2,16,scDesign3,other
Parametric UMAP 50,ParametricUMAP50,UMAP,Qglobal,0.872,scDesign3,SCGEMMETH,dr2,16,scDesign3,other
Parametric UMAP 200,ParametricUMAP200,UMAP,Qglobal,0.881,scDesign3,SCGEMMETH,dr2,16,scDesign3,other
UMAP,UMAP,UMAP,Qlocal,0.508,scDesign3,SCGEMMETH,dr2,16,scDesign3,other
Parametric UMAP 50,ParametricUMAP50,UMAP,Qlocal,0.467,scDesign3,SCGEMMETH,dr2,16,scDesign3,other
Parametric UMAP 200,ParametricUMAP200,UMAP,Qlocal,0.512,scDesign3,SCGEMMETH,dr2,16,scDesign3,other
UMAP,UMAP,UMAP,centroid_distance,1.0,scDesign3,SCGEMMETH,dr1,16,scDesign3,other
Parametric UMAP 50,ParametricUMAP50,UMAP,centroid_distance,1.0,scDesign3,SCGEMMETH,dr1,16,scDesign3,other
Parametric UMAP 200,ParametricUMAP200,UMAP,centroid_distance,1.0,scDesign3,SCGEMMETH,dr1,16,scDesign3,other
UMAP,UMAP,UMAP,k-nearest,1.0,scDesign3,SCGEMMETH,dr1,16,scDesign3,other
Parametric UMAP 50,ParametricUMAP50,UMAP,k-nearest,1.0,scDesign3,SCGEMMETH,dr1,16,scDesign3,other
Parametric UMAP 200,ParametricUMAP200,UMAP,k-nearest,1.0,scDesign3,SCGEMMETH,dr1,16,scDesign3,other
UMAP,UMAP,UMAP,kmax,19.0,scDesign3,SCGEMMETH,dr2,16,scDesign3,other
Parametric UMAP 50,ParametricUMAP50,UMAP,kmax,20.0,scDesign3,SCGEMMETH,dr2,16,scDesign3,other
Parametric UMAP 200,ParametricUMAP200,UMAP,kmax,25.0,scDesign3,SCGEMMETH,dr2,16,scDesign3,other
UMAP,UMAP,UMAP,random_triplet,0.861,scDesign3,SCGEMMETH,dr1,16,scDesign3,other
Parametric UMAP 50,ParametricUMAP50,UMAP,random_triplet,0.852,scDesign3,SCGEMMETH,dr1,16,scDesign3,other
Parametric UMAP 200,ParametricUMAP200,UMAP,random_triplet,0.866,scDesign3,SCGEMMETH,dr1,16,scDesign3,other
UMAP,UMAP,UMAP,spearman,0.905,scDesign3,SCGEMMETH,dr1,16,scDesign3,other
Parametric UMAP 50,ParametricUMAP50,UMAP,spearman,0.911,scDesign3,SCGEMMETH,dr1,16,scDesign3,other
Parametric UMAP 200,ParametricUMAP200,UMAP,spearman,0.909,scDesign3,SCGEMMETH,dr1,16,scDesign3,other
UMAP,UMAP,UMAP,svm,0.72,scDesign3,SCGEMMETH,dr1,16,scDesign3,other
Parametric UMAP 50,ParametricUMAP50,UMAP,svm,0.749,scDesign3,SCGEMMETH,dr1,16,scDesign3,other
Parametric UMAP 200,ParametricUMAP200,UMAP,svm,0.741,scDesign3,SCGEMMETH,dr1,16,scDesign3,other
UMAP,UMAP,UMAP,AUC,0.806,scDesign3,SCGEMRNA,dr2,16,scDesign3,other
Parametric UMAP 50,ParametricUMAP50,UMAP,AUC,0.83,scDesign3,SCGEMRNA,dr2,16,scDesign3,other
Parametric UMAP 200,ParametricUMAP200,UMAP,AUC,0.826,scDesign3,SCGEMRNA,dr2,16,scDesign3,other
UMAP,UMAP,UMAP,Pearson,0.864,scDesign3,SCGEMRNA,dr3,16,scDesign3,other
Parametric UMAP 50,ParametricUMAP50,UMAP,Pearson,0.904,scDesign3,SCGEMRNA,dr3,16,scDesign3,other
Parametric UMAP 200,ParametricUMAP200,UMAP,Pearson,0.898,scDesign3,SCGEMRNA,dr3,16,scDesign3,other
UMAP,UMAP,UMAP,Qglobal,0.829,scDesign3,SCGEMRNA,dr2,16,scDesign3,other
Parametric UMAP 50,ParametricUMAP50,UMAP,Qglobal,0.896,scDesign3,SCGEMRNA,dr2,16,scDesign3,other
Parametric UMAP 200,ParametricUMAP200,UMAP,Qglobal,0.854,scDesign3,SCGEMRNA,dr2,16,scDesign3,other
UMAP,UMAP,UMAP,Qlocal,0.525,scDesign3,SCGEMRNA,dr2,16,scDesign3,other
Parametric UMAP 50,ParametricUMAP50,UMAP,Qlocal,0.571,scDesign3,SCGEMRNA,dr2,16,scDesign3,other
Parametric UMAP 200,ParametricUMAP200,UMAP,Qlocal,0.481,scDesign3,SCGEMRNA,dr2,16,scDesign3,other
UMAP,UMAP,UMAP,centroid_distance,0.963,scDesign3,SCGEMRNA,dr1,16,scDesign3,other
Parametric UMAP 50,ParametricUMAP50,UMAP,centroid_distance,1.0,scDesign3,SCGEMRNA,dr1,16,scDesign3,other
Parametric UMAP 200,ParametricUMAP200,UMAP,centroid_distance,0.994,scDesign3,SCGEMRNA,dr1,16,scDesign3,other
UMAP,UMAP,UMAP,k-nearest,0.8,scDesign3,SCGEMRNA,dr1,16,scDesign3,other
Parametric UMAP 50,ParametricUMAP50,UMAP,k-nearest,1.0,scDesign3,SCGEMRNA,dr1,16,scDesign3,other
Parametric UMAP 200,ParametricUMAP200,UMAP,k-nearest,1.0,scDesign3,SCGEMRNA,dr1,16,scDesign3,other
UMAP,UMAP,UMAP,kmax,12.0,scDesign3,SCGEMRNA,dr2,16,scDesign3,other
Parametric UMAP 50,ParametricUMAP50,UMAP,kmax,34.0,scDesign3,SCGEMRNA,dr2,16,scDesign3,other
Parametric UMAP 200,ParametricUMAP200,UMAP,kmax,12.0,scDesign3,SCGEMRNA,dr2,16,scDesign3,other
UMAP,UMAP,UMAP,random_triplet,0.797,scDesign3,SCGEMRNA,dr1,16,scDesign3,other
Parametric UMAP 50,ParametricUMAP50,UMAP,random_triplet,0.882,scDesign3,SCGEMRNA,dr1,16,scDesign3,other
Parametric UMAP 200,ParametricUMAP200,UMAP,random_triplet,0.832,scDesign3,SCGEMRNA,dr1,16,scDesign3,other
UMAP,UMAP,UMAP,spearman,0.851,scDesign3,SCGEMRNA,dr1,16,scDesign3,other
Parametric UMAP 50,ParametricUMAP50,UMAP,spearman,0.903,scDesign3,SCGEMRNA,dr1,16,scDesign3,other
Parametric UMAP 200,ParametricUMAP200,UMAP,spearman,0.899,scDesign3,SCGEMRNA,dr1,16,scDesign3,other
UMAP,UMAP,UMAP,svm,0.825,scDesign3,SCGEMRNA,dr1,16,scDesign3,other
Parametric UMAP 50,ParametricUMAP50,UMAP,svm,0.875,scDesign3,SCGEMRNA,dr1,16,scDesign3,other
Parametric UMAP 200,ParametricUMAP200,UMAP,svm,0.852,scDesign3,SCGEMRNA,dr1,16,scDesign3,other
UMAP,UMAP,UMAP,AUC,0.513,scDesign3,SCIATAC,dr2,16,scDesign3,other
Parametric UMAP 50,ParametricUMAP50,UMAP,AUC,0.525,scDesign3,SCIATAC,dr2,16,scDesign3,other
Parametric UMAP 200,ParametricUMAP200,UMAP,AUC,0.525,scDesign3,SCIATAC,dr2,16,scDesign3,other
UMAP,UMAP,UMAP,Pearson,0.087,scDesign3,SCIATAC,dr3,16,scDesign3,other
Parametric UMAP 50,ParametricUMAP50,UMAP,Pearson,0.141,scDesign3,SCIATAC,dr3,16,scDesign3,other
Parametric UMAP 200,ParametricUMAP200,UMAP,Pearson,0.139,scDesign3,SCIATAC,dr3,16,scDesign3,other
UMAP,UMAP,UMAP,Qglobal,0.513,scDesign3,SCIATAC,dr2,16,scDesign3,other
Parametric UMAP 50,ParametricUMAP50,UMAP,Qglobal,0.805,scDesign3,SCIATAC,dr2,16,scDesign3,other
Parametric UMAP 200,ParametricUMAP200,UMAP,Qglobal,0.804,scDesign3,SCIATAC,dr2,16,scDesign3,other
UMAP,UMAP,UMAP,Qlocal,0.025,scDesign3,SCIATAC,dr2,16,scDesign3,other
Parametric UMAP 50,ParametricUMAP50,UMAP,Qlocal,0.306,scDesign3,SCIATAC,dr2,16,scDesign3,other
Parametric UMAP 200,ParametricUMAP200,UMAP,Qlocal,0.306,scDesign3,SCIATAC,dr2,16,scDesign3,other
UMAP,UMAP,UMAP,centroid_distance,0.184,scDesign3,SCIATAC,dr1,16,scDesign3,other
Parametric UMAP 50,ParametricUMAP50,UMAP,centroid_distance,0.258,scDesign3,SCIATAC,dr1,16,scDesign3,other
Parametric UMAP 200,ParametricUMAP200,UMAP,centroid_distance,0.324,scDesign3,SCIATAC,dr1,16,scDesign3,other
UMAP,UMAP,UMAP,k-nearest,0.25,scDesign3,SCIATAC,dr1,16,scDesign3,other
Parametric UMAP 50,ParametricUMAP50,UMAP,k-nearest,0.389,scDesign3,SCIATAC,dr1,16,scDesign3,other
Parametric UMAP 200,ParametricUMAP200,UMAP,k-nearest,0.472,scDesign3,SCIATAC,dr1,16,scDesign3,other
UMAP,UMAP,UMAP,kmax,3.0,scDesign3,SCIATAC,dr2,16,scDesign3,other
Parametric UMAP 50,ParametricUMAP50,UMAP,kmax,2252.0,scDesign3,SCIATAC,dr2,16,scDesign3,other
Parametric UMAP 200,ParametricUMAP200,UMAP,kmax,2250.0,scDesign3,SCIATAC,dr2,16,scDesign3,other
UMAP,UMAP,UMAP,random_triplet,0.522,scDesign3,SCIATAC,dr1,16,scDesign3,other
Parametric UMAP 50,ParametricUMAP50,UMAP,random_triplet,0.535,scDesign3,SCIATAC,dr1,16,scDesign3,other
Parametric UMAP 200,ParametricUMAP200,UMAP,random_triplet,0.534,scDesign3,SCIATAC,dr1,16,scDesign3,other
UMAP,UMAP,UMAP,spearman,0.08,scDesign3,SCIATAC,dr1,16,scDesign3,other
Parametric UMAP 50,ParametricUMAP50,UMAP,spearman,0.131,scDesign3,SCIATAC,dr1,16,scDesign3,other
Parametric UMAP 200,ParametricUMAP200,UMAP,spearman,0.126,scDesign3,SCIATAC,dr1,16,scDesign3,other
UMAP,UMAP,UMAP,svm,0.545,scDesign3,SCIATAC,dr1,16,scDesign3,other
Parametric UMAP 50,ParametricUMAP50,UMAP,svm,0.511,scDesign3,SCIATAC,dr1,16,scDesign3,other
Parametric UMAP 200,ParametricUMAP200,UMAP,svm,0.517,scDesign3,SCIATAC,dr1,16,scDesign3,other
UMAP,UMAP,UMAP,AUC,0.571,scDesign3,SLIDE,dr2,16,scDesign3,other
Parametric UMAP 50,ParametricUMAP50,UMAP,AUC,0.582,scDesign3,SLIDE,dr2,16,scDesign3,other
Parametric UMAP 200,ParametricUMAP200,UMAP,AUC,0.582,scDesign3,SLIDE,dr2,16,scDesign3,other
UMAP,UMAP,UMAP,Pearson,0.334,scDesign3,SLIDE,dr3,16,scDesign3,other
Parametric UMAP 50,ParametricUMAP50,UMAP,Pearson,0.368,scDesign3,SLIDE,dr3,16,scDesign3,other
Parametric UMAP 200,ParametricUMAP200,UMAP,Pearson,0.34,scDesign3,SLIDE,dr3,16,scDesign3,other
UMAP,UMAP,UMAP,Qglobal,0.637,scDesign3,SLIDE,dr2,16,scDesign3,other
Parametric UMAP 50,ParametricUMAP50,UMAP,Qglobal,0.683,scDesign3,SLIDE,dr2,16,scDesign3,other
Parametric UMAP 200,ParametricUMAP200,UMAP,Qglobal,0.698,scDesign3,SLIDE,dr2,16,scDesign3,other
UMAP,UMAP,UMAP,Qlocal,0.161,scDesign3,SLIDE,dr2,16,scDesign3,other
Parametric UMAP 50,ParametricUMAP50,UMAP,Qlocal,0.209,scDesign3,SLIDE,dr2,16,scDesign3,other
Parametric UMAP 200,ParametricUMAP200,UMAP,Qlocal,0.226,scDesign3,SLIDE,dr2,16,scDesign3,other
UMAP,UMAP,UMAP,centroid_distance,0.828,scDesign3,SLIDE,dr1,16,scDesign3,other
Parametric UMAP 50,ParametricUMAP50,UMAP,centroid_distance,0.839,scDesign3,SLIDE,dr1,16,scDesign3,other
Parametric UMAP 200,ParametricUMAP200,UMAP,centroid_distance,0.846,scDesign3,SLIDE,dr1,16,scDesign3,other
UMAP,UMAP,UMAP,k-nearest,0.667,scDesign3,SLIDE,dr1,16,scDesign3,other
Parametric UMAP 50,ParametricUMAP50,UMAP,k-nearest,0.667,scDesign3,SLIDE,dr1,16,scDesign3,other
Parametric UMAP 200,ParametricUMAP200,UMAP,k-nearest,0.667,scDesign3,SLIDE,dr1,16,scDesign3,other
UMAP,UMAP,UMAP,kmax,3252.0,scDesign3,SLIDE,dr2,16,scDesign3,other
Parametric UMAP 50,ParametricUMAP50,UMAP,kmax,4997.0,scDesign3,SLIDE,dr2,16,scDesign3,other
Parametric UMAP 200,ParametricUMAP200,UMAP,kmax,5717.0,scDesign3,SLIDE,dr2,16,scDesign3,other
UMAP,UMAP,UMAP,random_triplet,0.595,scDesign3,SLIDE,dr1,16,scDesign3,other
Parametric UMAP 50,ParametricUMAP50,UMAP,random_triplet,0.61,scDesign3,SLIDE,dr1,16,scDesign3,other
Parametric UMAP 200,ParametricUMAP200,UMAP,random_triplet,0.617,scDesign3,SLIDE,dr1,16,scDesign3,other
UMAP,UMAP,UMAP,spearman,0.377,scDesign3,SLIDE,dr1,16,scDesign3,other
Parametric UMAP 50,ParametricUMAP50,UMAP,spearman,0.403,scDesign3,SLIDE,dr1,16,scDesign3,other
Parametric UMAP 200,ParametricUMAP200,UMAP,spearman,0.387,scDesign3,SLIDE,dr1,16,scDesign3,other
UMAP,UMAP,UMAP,svm,0.559,scDesign3,SLIDE,dr1,16,scDesign3,other
Parametric UMAP 50,ParametricUMAP50,UMAP,svm,0.564,scDesign3,SLIDE,dr1,16,scDesign3,other
Parametric UMAP 200,ParametricUMAP200,UMAP,svm,0.568,scDesign3,SLIDE,dr1,16,scDesign3,other
UMAP,UMAP,UMAP,AUC,0.801,scDesign3,VISIUM,dr2,16,scDesign3,other
Parametric UMAP 50,ParametricUMAP50,UMAP,AUC,0.854,scDesign3,VISIUM,dr2,16,scDesign3,other
Parametric UMAP 200,ParametricUMAP200,UMAP,AUC,0.835,scDesign3,VISIUM,dr2,16,scDesign3,other
UMAP,UMAP,UMAP,Pearson,0.508,scDesign3,VISIUM,dr3,16,scDesign3,other
Parametric UMAP 50,ParametricUMAP50,UMAP,Pearson,0.577,scDesign3,VISIUM,dr3,16,scDesign3,other
Parametric UMAP 200,ParametricUMAP200,UMAP,Pearson,0.549,scDesign3,VISIUM,dr3,16,scDesign3,other
UMAP,UMAP,UMAP,Qglobal,0.81,scDesign3,VISIUM,dr2,16,scDesign3,other
Parametric UMAP 50,ParametricUMAP50,UMAP,Qglobal,0.875,scDesign3,VISIUM,dr2,16,scDesign3,other
Parametric UMAP 200,ParametricUMAP200,UMAP,Qglobal,0.848,scDesign3,VISIUM,dr2,16,scDesign3,other
UMAP,UMAP,UMAP,Qlocal,0.583,scDesign3,VISIUM,dr2,16,scDesign3,other
Parametric UMAP 50,ParametricUMAP50,UMAP,Qlocal,0.616,scDesign3,VISIUM,dr2,16,scDesign3,other
Parametric UMAP 200,ParametricUMAP200,UMAP,Qlocal,0.58,scDesign3,VISIUM,dr2,16,scDesign3,other
UMAP,UMAP,UMAP,centroid_distance,0.845,scDesign3,VISIUM,dr1,16,scDesign3,other
Parametric UMAP 50,ParametricUMAP50,UMAP,centroid_distance,0.856,scDesign3,VISIUM,dr1,16,scDesign3,other
Parametric UMAP 200,ParametricUMAP200,UMAP,centroid_distance,0.828,scDesign3,VISIUM,dr1,16,scDesign3,other
UMAP,UMAP,UMAP,k-nearest,0.767,scDesign3,VISIUM,dr1,16,scDesign3,other
Parametric UMAP 50,ParametricUMAP50,UMAP,k-nearest,0.85,scDesign3,VISIUM,dr1,16,scDesign3,other
Parametric UMAP 200,ParametricUMAP200,UMAP,k-nearest,0.8,scDesign3,VISIUM,dr1,16,scDesign3,other
UMAP,UMAP,UMAP,kmax,99.0,scDesign3,VISIUM,dr2,16,scDesign3,other
Parametric UMAP 50,ParametricUMAP50,UMAP,kmax,214.0,scDesign3,VISIUM,dr2,16,scDesign3,other
Parametric UMAP 200,ParametricUMAP200,UMAP,kmax,127.0,scDesign3,VISIUM,dr2,16,scDesign3,other
UMAP,UMAP,UMAP,random_triplet,0.808,scDesign3,VISIUM,dr1,16,scDesign3,other
Parametric UMAP 50,ParametricUMAP50,UMAP,random_triplet,0.875,scDesign3,VISIUM,dr1,16,scDesign3,other
Parametric UMAP 200,ParametricUMAP200,UMAP,random_triplet,0.853,scDesign3,VISIUM,dr1,16,scDesign3,other
UMAP,UMAP,UMAP,spearman,0.748,scDesign3,VISIUM,dr1,16,scDesign3,other
Parametric UMAP 50,ParametricUMAP50,UMAP,spearman,0.878,scDesign3,VISIUM,dr1,16,scDesign3,other
Parametric UMAP 200,ParametricUMAP200,UMAP,spearman,0.837,scDesign3,VISIUM,dr1,16,scDesign3,other
UMAP,UMAP,UMAP,svm,0.601,scDesign3,VISIUM,dr1,16,scDesign3,other
Parametric UMAP 50,ParametricUMAP50,UMAP,svm,0.589,scDesign3,VISIUM,dr1,16,scDesign3,other
Parametric UMAP 200,ParametricUMAP200,UMAP,svm,0.584,scDesign3,VISIUM,dr1,16,scDesign3,other
SIMLR,SIMLR,SIMLR,AUC,0.587,SIMLR,Pollen,dr2,17,SIMLR,other
SIMLR,SIMLR,SIMLR,Pearson,0.314,SIMLR,Pollen,dr3,17,SIMLR,other
SIMLR,SIMLR,SIMLR,Qglobal,0.626,SIMLR,Pollen,dr2,17,SIMLR,other
SIMLR,SIMLR,SIMLR,Qlocal,0.304,SIMLR,Pollen,dr2,17,SIMLR,other
SIMLR,SIMLR,SIMLR,centroid_distance,0.296,SIMLR,Pollen,dr1,17,SIMLR,other
SIMLR,SIMLR,SIMLR,k-nearest,0.333,SIMLR,Pollen,dr1,17,SIMLR,other
SIMLR,SIMLR,SIMLR,kmax,30.0,SIMLR,Pollen,dr2,17,SIMLR,other
SIMLR,SIMLR,SIMLR,random_triplet,0.559,SIMLR,Pollen,dr1,17,SIMLR,other
SIMLR,SIMLR,SIMLR,spearman,0.217,SIMLR,Pollen,dr1,17,SIMLR,other
SIMLR,SIMLR,SIMLR,svm,0.944,SIMLR,Pollen,dr1,17,SIMLR,other
SIMLR,SIMLR,SIMLR,AUC,0.62,SIMLR,Usoskin,dr2,17,SIMLR,other
SIMLR,SIMLR,SIMLR,Pearson,0.454,SIMLR,Usoskin,dr3,17,SIMLR,other
SIMLR,SIMLR,SIMLR,Qglobal,0.813,SIMLR,Usoskin,dr2,17,SIMLR,other
SIMLR,SIMLR,SIMLR,Qlocal,0.342,SIMLR,Usoskin,dr2,17,SIMLR,other
SIMLR,SIMLR,SIMLR,centroid_distance,0.373,SIMLR,Usoskin,dr1,17,SIMLR,other
SIMLR,SIMLR,SIMLR,k-nearest,0.5,SIMLR,Usoskin,dr1,17,SIMLR,other
SIMLR,SIMLR,SIMLR,kmax,254.0,SIMLR,Usoskin,dr2,17,SIMLR,other
SIMLR,SIMLR,SIMLR,random_triplet,0.676,SIMLR,Usoskin,dr1,17,SIMLR,other
SIMLR,SIMLR,SIMLR,spearman,0.487,SIMLR,Usoskin,dr1,17,SIMLR,other
SIMLR,SIMLR,SIMLR,svm,0.965,SIMLR,Usoskin,dr1,17,SIMLR,other
SIMLR,SIMLR,SIMLR,AUC,0.672,TI,DA1_horns,dr2,17,trajectory,other
SIMLR,SIMLR,SIMLR,Pearson,0.432,TI,DA1_horns,dr3,17,trajectory,other
SIMLR,SIMLR,SIMLR,Qglobal,0.719,TI,DA1_horns,dr2,17,trajectory,other
SIMLR,SIMLR,SIMLR,Qlocal,0.426,TI,DA1_horns,dr2,17,trajectory,other
SIMLR,SIMLR,SIMLR,centroid_distance,0.664,TI,DA1_horns,dr1,17,trajectory,other
SIMLR,SIMLR,SIMLR,k-nearest,0.0,TI,DA1_horns,dr1,17,trajectory,other
SIMLR,SIMLR,SIMLR,kmax,43.0,TI,DA1_horns,dr2,17,trajectory,other
SIMLR,SIMLR,SIMLR,random_triplet,0.622,TI,DA1_horns,dr1,17,trajectory,other
SIMLR,SIMLR,SIMLR,spearman,0.499,TI,DA1_horns,dr1,17,trajectory,other
SIMLR,SIMLR,SIMLR,svm,0.985,TI,DA1_horns,dr1,17,trajectory,other
SIMLR,SIMLR,SIMLR,AUC,0.626,TI,DC3_VA1d_horns,dr2,17,trajectory,other
SIMLR,SIMLR,SIMLR,Pearson,0.277,TI,DC3_VA1d_horns,dr3,17,trajectory,other
SIMLR,SIMLR,SIMLR,Qglobal,0.668,TI,DC3_VA1d_horns,dr2,17,trajectory,other
SIMLR,SIMLR,SIMLR,Qlocal,0.339,TI,DC3_VA1d_horns,dr2,17,trajectory,other
SIMLR,SIMLR,SIMLR,centroid_distance,0.331,TI,DC3_VA1d_horns,dr1,17,trajectory,other
SIMLR,SIMLR,SIMLR,k-nearest,0.444,TI,DC3_VA1d_horns,dr1,17,trajectory,other
SIMLR,SIMLR,SIMLR,kmax,21.0,TI,DC3_VA1d_horns,dr2,17,trajectory,other
SIMLR,SIMLR,SIMLR,random_triplet,0.624,TI,DC3_VA1d_horns,dr1,17,trajectory,other
SIMLR,SIMLR,SIMLR,spearman,0.284,TI,DC3_VA1d_horns,dr1,17,trajectory,other
SIMLR,SIMLR,SIMLR,svm,0.821,TI,DC3_VA1d_horns,dr1,17,trajectory,other
SIMLR,SIMLR,SIMLR,AUC,0.623,TI,ICM,dr2,17,trajectory,other
SIMLR,SIMLR,SIMLR,Pearson,0.343,TI,ICM,dr3,17,trajectory,other
SIMLR,SIMLR,SIMLR,Qglobal,0.637,TI,ICM,dr2,17,trajectory,other
SIMLR,SIMLR,SIMLR,Qlocal,0.52,TI,ICM,dr2,17,trajectory,other
SIMLR,SIMLR,SIMLR,centroid_distance,0.24,TI,ICM,dr1,17,trajectory,other
SIMLR,SIMLR,SIMLR,k-nearest,0.367,TI,ICM,dr1,17,trajectory,other
SIMLR,SIMLR,SIMLR,kmax,29.0,TI,ICM,dr2,17,trajectory,other
SIMLR,SIMLR,SIMLR,random_triplet,0.538,TI,ICM,dr1,17,trajectory,other
SIMLR,SIMLR,SIMLR,spearman,0.196,TI,ICM,dr1,17,trajectory,other
SIMLR,SIMLR,SIMLR,svm,0.905,TI,ICM,dr1,17,trajectory,other
SIMLR,SIMLR,SIMLR,AUC,0.683,TI,blastocyst,dr2,17,trajectory,other
SIMLR,SIMLR,SIMLR,Pearson,0.481,TI,blastocyst,dr3,17,trajectory,other
SIMLR,SIMLR,SIMLR,Qglobal,0.693,TI,blastocyst,dr2,17,trajectory,other
SIMLR,SIMLR,SIMLR,Qlocal,0.436,TI,blastocyst,dr2,17,trajectory,other
SIMLR,SIMLR,SIMLR,centroid_distance,0.564,TI,blastocyst,dr1,17,trajectory,other
SIMLR,SIMLR,SIMLR,k-nearest,0.615,TI,blastocyst,dr1,17,trajectory,other
SIMLR,SIMLR,SIMLR,kmax,12.0,TI,blastocyst,dr2,17,trajectory,other
SIMLR,SIMLR,SIMLR,random_triplet,0.689,TI,blastocyst,dr1,17,trajectory,other
SIMLR,SIMLR,SIMLR,spearman,0.425,TI,blastocyst,dr1,17,trajectory,other
SIMLR,SIMLR,SIMLR,svm,0.914,TI,blastocyst,dr1,17,trajectory,other
SIMLR,SIMLR,SIMLR,AUC,0.6,TI,combination-1,dr2,17,trajectory,other
SIMLR,SIMLR,SIMLR,Pearson,0.403,TI,combination-1,dr3,17,trajectory,other
SIMLR,SIMLR,SIMLR,Qglobal,0.8,TI,combination-1,dr2,17,trajectory,other
SIMLR,SIMLR,SIMLR,Qlocal,0.337,TI,combination-1,dr2,17,trajectory,other
SIMLR,SIMLR,SIMLR,centroid_distance,0.778,TI,combination-1,dr1,17,trajectory,other
SIMLR,SIMLR,SIMLR,k-nearest,0.714,TI,combination-1,dr1,17,trajectory,other
SIMLR,SIMLR,SIMLR,kmax,1848.0,TI,combination-1,dr2,17,trajectory,other
SIMLR,SIMLR,SIMLR,random_triplet,0.639,TI,combination-1,dr1,17,trajectory,other
SIMLR,SIMLR,SIMLR,spearman,0.411,TI,combination-1,dr1,17,trajectory,other
SIMLR,SIMLR,SIMLR,svm,0.83,TI,combination-1,dr1,17,trajectory,other
SIMLR,SIMLR,SIMLR,AUC,0.603,TI,combination-2,dr2,17,trajectory,other
SIMLR,SIMLR,SIMLR,Pearson,0.37,TI,combination-2,dr3,17,trajectory,other
SIMLR,SIMLR,SIMLR,Qglobal,0.771,TI,combination-2,dr2,17,trajectory,other
SIMLR,SIMLR,SIMLR,Qlocal,0.308,TI,combination-2,dr2,17,trajectory,other
SIMLR,SIMLR,SIMLR,centroid_distance,0.676,TI,combination-2,dr1,17,trajectory,other
SIMLR,SIMLR,SIMLR,k-nearest,0.611,TI,combination-2,dr1,17,trajectory,other
SIMLR,SIMLR,SIMLR,kmax,1578.0,TI,combination-2,dr2,17,trajectory,other
SIMLR,SIMLR,SIMLR,random_triplet,0.636,TI,combination-2,dr1,17,trajectory,other
SIMLR,SIMLR,SIMLR,spearman,0.389,TI,combination-2,dr1,17,trajectory,other
SIMLR,SIMLR,SIMLR,svm,0.7,TI,combination-2,dr1,17,trajectory,other
SIMLR,SIMLR,SIMLR,AUC,0.634,TI,combination-3,dr2,17,trajectory,other
SIMLR,SIMLR,SIMLR,Pearson,0.439,TI,combination-3,dr3,17,trajectory,other
SIMLR,SIMLR,SIMLR,Qglobal,0.796,TI,combination-3,dr2,17,trajectory,other
SIMLR,SIMLR,SIMLR,Qlocal,0.343,TI,combination-3,dr2,17,trajectory,other
SIMLR,SIMLR,SIMLR,centroid_distance,0.639,TI,combination-3,dr1,17,trajectory,other
SIMLR,SIMLR,SIMLR,k-nearest,0.643,TI,combination-3,dr1,17,trajectory,other
SIMLR,SIMLR,SIMLR,kmax,812.0,TI,combination-3,dr2,17,trajectory,other
SIMLR,SIMLR,SIMLR,random_triplet,0.677,TI,combination-3,dr1,17,trajectory,other
SIMLR,SIMLR,SIMLR,spearman,0.505,TI,combination-3,dr1,17,trajectory,other
SIMLR,SIMLR,SIMLR,svm,0.811,TI,combination-3,dr1,17,trajectory,other
SIMLR,SIMLR,SIMLR,AUC,0.65,TI,epiblast,dr2,17,trajectory,other
SIMLR,SIMLR,SIMLR,Pearson,0.412,TI,epiblast,dr3,17,trajectory,other
SIMLR,SIMLR,SIMLR,Qglobal,0.671,TI,epiblast,dr2,17,trajectory,other
SIMLR,SIMLR,SIMLR,Qlocal,0.303,TI,epiblast,dr2,17,trajectory,other
SIMLR,SIMLR,SIMLR,centroid_distance,0.596,TI,epiblast,dr1,17,trajectory,other
SIMLR,SIMLR,SIMLR,k-nearest,0.429,TI,epiblast,dr1,17,trajectory,other
SIMLR,SIMLR,SIMLR,kmax,10.0,TI,epiblast,dr2,17,trajectory,other
SIMLR,SIMLR,SIMLR,random_triplet,0.655,TI,epiblast,dr1,17,trajectory,other
SIMLR,SIMLR,SIMLR,spearman,0.356,TI,epiblast,dr1,17,trajectory,other
SIMLR,SIMLR,SIMLR,svm,0.858,TI,epiblast,dr1,17,trajectory,other
SIMLR,SIMLR,SIMLR,AUC,0.609,TI,epidermis,dr2,17,trajectory,other
SIMLR,SIMLR,SIMLR,Pearson,0.381,TI,epidermis,dr3,17,trajectory,other
SIMLR,SIMLR,SIMLR,Qglobal,0.81,TI,epidermis,dr2,17,trajectory,other
SIMLR,SIMLR,SIMLR,Qlocal,0.354,TI,epidermis,dr2,17,trajectory,other
SIMLR,SIMLR,SIMLR,centroid_distance,0.844,TI,epidermis,dr1,17,trajectory,other
SIMLR,SIMLR,SIMLR,k-nearest,1.0,TI,epidermis,dr1,17,trajectory,other
SIMLR,SIMLR,SIMLR,kmax,1763.0,TI,epidermis,dr2,17,trajectory,other
SIMLR,SIMLR,SIMLR,random_triplet,0.649,TI,epidermis,dr1,17,trajectory,other
SIMLR,SIMLR,SIMLR,spearman,0.425,TI,epidermis,dr1,17,trajectory,other
SIMLR,SIMLR,SIMLR,svm,0.856,TI,epidermis,dr1,17,trajectory,other
SIMLR,SIMLR,SIMLR,AUC,0.586,TI,horns,dr2,17,trajectory,other
SIMLR,SIMLR,SIMLR,Pearson,0.211,TI,horns,dr3,17,trajectory,other
SIMLR,SIMLR,SIMLR,Qglobal,0.606,TI,horns,dr2,17,trajectory,other
SIMLR,SIMLR,SIMLR,Qlocal,0.317,TI,horns,dr2,17,trajectory,other
SIMLR,SIMLR,SIMLR,centroid_distance,0.184,TI,horns,dr1,17,trajectory,other
SIMLR,SIMLR,SIMLR,k-nearest,0.286,TI,horns,dr1,17,trajectory,other
SIMLR,SIMLR,SIMLR,kmax,31.0,TI,horns,dr2,17,trajectory,other
SIMLR,SIMLR,SIMLR,random_triplet,0.536,TI,horns,dr1,17,trajectory,other
SIMLR,SIMLR,SIMLR,spearman,0.16,TI,horns,dr1,17,trajectory,other
SIMLR,SIMLR,SIMLR,svm,0.894,TI,horns,dr1,17,trajectory,other
SIMLR,SIMLR,SIMLR,AUC,0.588,TI,muscle,dr2,17,trajectory,other
SIMLR,SIMLR,SIMLR,Pearson,0.466,TI,muscle,dr3,17,trajectory,other
SIMLR,SIMLR,SIMLR,Qglobal,0.822,TI,muscle,dr2,17,trajectory,other
SIMLR,SIMLR,SIMLR,Qlocal,0.333,TI,muscle,dr2,17,trajectory,other
SIMLR,SIMLR,SIMLR,centroid_distance,1.0,TI,muscle,dr1,17,trajectory,other
SIMLR,SIMLR,SIMLR,k-nearest,1.0,TI,muscle,dr1,17,trajectory,other
SIMLR,SIMLR,SIMLR,kmax,1117.0,TI,muscle,dr2,17,trajectory,other
SIMLR,SIMLR,SIMLR,random_triplet,0.638,TI,muscle,dr1,17,trajectory,other
SIMLR,SIMLR,SIMLR,spearman,0.433,TI,muscle,dr1,17,trajectory,other
SIMLR,SIMLR,SIMLR,svm,0.773,TI,muscle,dr1,17,trajectory,other
SIMLR,SIMLR,SIMLR,AUC,0.585,TI,neuron,dr2,17,trajectory,other
SIMLR,SIMLR,SIMLR,Pearson,0.363,TI,neuron,dr3,17,trajectory,other
SIMLR,SIMLR,SIMLR,Qglobal,0.781,TI,neuron,dr2,17,trajectory,other
SIMLR,SIMLR,SIMLR,Qlocal,0.291,TI,neuron,dr2,17,trajectory,other
SIMLR,SIMLR,SIMLR,centroid_distance,0.83,TI,neuron,dr1,17,trajectory,other
SIMLR,SIMLR,SIMLR,k-nearest,0.643,TI,neuron,dr1,17,trajectory,other
SIMLR,SIMLR,SIMLR,kmax,941.0,TI,neuron,dr2,17,trajectory,other
SIMLR,SIMLR,SIMLR,random_triplet,0.633,TI,neuron,dr1,17,trajectory,other
SIMLR,SIMLR,SIMLR,spearman,0.381,TI,neuron,dr1,17,trajectory,other
SIMLR,SIMLR,SIMLR,svm,0.661,TI,neuron,dr1,17,trajectory,other
SIMLR,SIMLR,SIMLR,AUC,0.626,TI,parenchyme,dr2,17,trajectory,other
SIMLR,SIMLR,SIMLR,Pearson,0.449,TI,parenchyme,dr3,17,trajectory,other
SIMLR,SIMLR,SIMLR,Qglobal,0.793,TI,parenchyme,dr2,17,trajectory,other
SIMLR,SIMLR,SIMLR,Qlocal,0.329,TI,parenchyme,dr2,17,trajectory,other
SIMLR,SIMLR,SIMLR,centroid_distance,0.932,TI,parenchyme,dr1,17,trajectory,other
SIMLR,SIMLR,SIMLR,k-nearest,0.8,TI,parenchyme,dr1,17,trajectory,other
SIMLR,SIMLR,SIMLR,kmax,713.0,TI,parenchyme,dr2,17,trajectory,other
SIMLR,SIMLR,SIMLR,random_triplet,0.682,TI,parenchyme,dr1,17,trajectory,other
SIMLR,SIMLR,SIMLR,spearman,0.478,TI,parenchyme,dr1,17,trajectory,other
SIMLR,SIMLR,SIMLR,svm,0.84,TI,parenchyme,dr1,17,trajectory,other
SIMLR,SIMLR,SIMLR,AUC,0.615,TI,phagocyte,dr2,17,trajectory,other
SIMLR,SIMLR,SIMLR,Pearson,0.418,TI,phagocyte,dr3,17,trajectory,other
SIMLR,SIMLR,SIMLR,Qglobal,0.732,TI,phagocyte,dr2,17,trajectory,other
SIMLR,SIMLR,SIMLR,Qlocal,0.245,TI,phagocyte,dr2,17,trajectory,other
SIMLR,SIMLR,SIMLR,centroid_distance,1.0,TI,phagocyte,dr1,17,trajectory,other
SIMLR,SIMLR,SIMLR,k-nearest,1.0,TI,phagocyte,dr1,17,trajectory,other
SIMLR,SIMLR,SIMLR,kmax,167.0,TI,phagocyte,dr2,17,trajectory,other
SIMLR,SIMLR,SIMLR,random_triplet,0.656,TI,phagocyte,dr1,17,trajectory,other
SIMLR,SIMLR,SIMLR,spearman,0.476,TI,phagocyte,dr1,17,trajectory,other
SIMLR,SIMLR,SIMLR,svm,0.929,TI,phagocyte,dr1,17,trajectory,other
SIMLR,SIMLR,SIMLR,AUC,0.6,TI,pharynx,dr2,17,trajectory,other
SIMLR,SIMLR,SIMLR,Pearson,0.486,TI,pharynx,dr3,17,trajectory,other
SIMLR,SIMLR,SIMLR,Qglobal,0.755,TI,pharynx,dr2,17,trajectory,other
SIMLR,SIMLR,SIMLR,Qlocal,0.265,TI,pharynx,dr2,17,trajectory,other
SIMLR,SIMLR,SIMLR,centroid_distance,1.0,TI,pharynx,dr1,17,trajectory,other
SIMLR,SIMLR,SIMLR,k-nearest,1.0,TI,pharynx,dr1,17,trajectory,other
SIMLR,SIMLR,SIMLR,kmax,92.0,TI,pharynx,dr2,17,trajectory,other
SIMLR,SIMLR,SIMLR,random_triplet,0.641,TI,pharynx,dr1,17,trajectory,other
SIMLR,SIMLR,SIMLR,spearman,0.495,TI,pharynx,dr1,17,trajectory,other
SIMLR,SIMLR,SIMLR,svm,0.948,TI,pharynx,dr1,17,trajectory,other
SIMLR,SIMLR,SIMLR,AUC,0.678,TI,trophectoderm,dr2,17,trajectory,other
SIMLR,SIMLR,SIMLR,Pearson,0.498,TI,trophectoderm,dr3,17,trajectory,other
SIMLR,SIMLR,SIMLR,Qglobal,0.766,TI,trophectoderm,dr2,17,trajectory,other
SIMLR,SIMLR,SIMLR,Qlocal,0.428,TI,trophectoderm,dr2,17,trajectory,other
SIMLR,SIMLR,SIMLR,centroid_distance,0.575,TI,trophectoderm,dr1,17,trajectory,other
SIMLR,SIMLR,SIMLR,k-nearest,0.333,TI,trophectoderm,dr1,17,trajectory,other
SIMLR,SIMLR,SIMLR,kmax,20.0,TI,trophectoderm,dr2,17,trajectory,other
SIMLR,SIMLR,SIMLR,random_triplet,0.678,TI,trophectoderm,dr1,17,trajectory,other
SIMLR,SIMLR,SIMLR,spearman,0.54,TI,trophectoderm,dr1,17,trajectory,other
SIMLR,SIMLR,SIMLR,svm,0.964,TI,trophectoderm,dr1,17,trajectory,other
SIMLR,SIMLR,SIMLR,AUC,0.578,VASC,Biase,dr2,17,VASC,other
SIMLR,SIMLR,SIMLR,Pearson,0.243,VASC,Biase,dr3,17,VASC,other
SIMLR,SIMLR,SIMLR,Qglobal,0.606,VASC,Biase,dr2,17,VASC,other
SIMLR,SIMLR,SIMLR,Qlocal,0.185,VASC,Biase,dr2,17,VASC,other
SIMLR,SIMLR,SIMLR,centroid_distance,0.518,VASC,Biase,dr1,17,VASC,other
SIMLR,SIMLR,SIMLR,k-nearest,0.0,VASC,Biase,dr1,17,VASC,other
SIMLR,SIMLR,SIMLR,kmax,4.0,VASC,Biase,dr2,17,VASC,other
SIMLR,SIMLR,SIMLR,random_triplet,0.611,VASC,Biase,dr1,17,VASC,other
SIMLR,SIMLR,SIMLR,spearman,0.183,VASC,Biase,dr1,17,VASC,other
SIMLR,SIMLR,SIMLR,svm,0.69,VASC,Biase,dr1,17,VASC,other
SIMLR,SIMLR,SIMLR,AUC,0.702,VASC,Goolam,dr2,17,VASC,other
SIMLR,SIMLR,SIMLR,Pearson,0.441,VASC,Goolam,dr3,17,VASC,other
SIMLR,SIMLR,SIMLR,Qglobal,0.728,VASC,Goolam,dr2,17,VASC,other
SIMLR,SIMLR,SIMLR,Qlocal,0.528,VASC,Goolam,dr2,17,VASC,other
SIMLR,SIMLR,SIMLR,centroid_distance,0.664,VASC,Goolam,dr1,17,VASC,other
SIMLR,SIMLR,SIMLR,k-nearest,0.6,VASC,Goolam,dr1,17,VASC,other
SIMLR,SIMLR,SIMLR,kmax,14.0,VASC,Goolam,dr2,17,VASC,other
SIMLR,SIMLR,SIMLR,random_triplet,0.635,VASC,Goolam,dr1,17,VASC,other
SIMLR,SIMLR,SIMLR,spearman,0.447,VASC,Goolam,dr1,17,VASC,other
SIMLR,SIMLR,SIMLR,svm,0.879,VASC,Goolam,dr1,17,VASC,other
SIMLR,SIMLR,SIMLR,AUC,0.63,VASC,Xin,dr2,17,VASC,other
SIMLR,SIMLR,SIMLR,Pearson,0.613,VASC,Xin,dr3,17,VASC,other
SIMLR,SIMLR,SIMLR,Qglobal,0.797,VASC,Xin,dr2,17,VASC,other
SIMLR,SIMLR,SIMLR,Qlocal,0.35,VASC,Xin,dr2,17,VASC,other
SIMLR,SIMLR,SIMLR,centroid_distance,0.429,VASC,Xin,dr1,17,VASC,other
SIMLR,SIMLR,SIMLR,k-nearest,0.562,VASC,Xin,dr1,17,VASC,other
SIMLR,SIMLR,SIMLR,kmax,596.0,VASC,Xin,dr2,17,VASC,other
SIMLR,SIMLR,SIMLR,random_triplet,0.658,VASC,Xin,dr1,17,VASC,other
SIMLR,SIMLR,SIMLR,spearman,0.589,VASC,Xin,dr1,17,VASC,other
SIMLR,SIMLR,SIMLR,svm,0.949,VASC,Xin,dr1,17,VASC,other
SIMLR,SIMLR,SIMLR,AUC,0.695,VASC,Zeisel,dr2,17,VASC,other
SIMLR,SIMLR,SIMLR,Pearson,0.7,VASC,Zeisel,dr3,17,VASC,other
SIMLR,SIMLR,SIMLR,Qglobal,0.784,VASC,Zeisel,dr2,17,VASC,other
SIMLR,SIMLR,SIMLR,Qlocal,0.406,VASC,Zeisel,dr2,17,VASC,other
SIMLR,SIMLR,SIMLR,centroid_distance,0.437,VASC,Zeisel,dr1,17,VASC,other
SIMLR,SIMLR,SIMLR,k-nearest,0.444,VASC,Zeisel,dr1,17,VASC,other
SIMLR,SIMLR,SIMLR,kmax,702.0,VASC,Zeisel,dr2,17,VASC,other
SIMLR,SIMLR,SIMLR,random_triplet,0.718,VASC,Zeisel,dr1,17,VASC,other
SIMLR,SIMLR,SIMLR,spearman,0.703,VASC,Zeisel,dr1,17,VASC,other
SIMLR,SIMLR,SIMLR,svm,0.891,VASC,Zeisel,dr1,17,VASC,other
SIMLR,SIMLR,SIMLR,AUC,0.651,VASC,yan,dr2,17,VASC,other
SIMLR,SIMLR,SIMLR,Pearson,0.422,VASC,yan,dr3,17,VASC,other
SIMLR,SIMLR,SIMLR,Qglobal,0.682,VASC,yan,dr2,17,VASC,other
SIMLR,SIMLR,SIMLR,Qlocal,0.464,VASC,yan,dr2,17,VASC,other
SIMLR,SIMLR,SIMLR,centroid_distance,0.733,VASC,yan,dr1,17,VASC,other
SIMLR,SIMLR,SIMLR,k-nearest,0.667,VASC,yan,dr1,17,VASC,other
SIMLR,SIMLR,SIMLR,kmax,11.0,VASC,yan,dr2,17,VASC,other
SIMLR,SIMLR,SIMLR,random_triplet,0.593,VASC,yan,dr1,17,VASC,other
SIMLR,SIMLR,SIMLR,spearman,0.305,VASC,yan,dr1,17,VASC,other
SIMLR,SIMLR,SIMLR,svm,0.778,VASC,yan,dr1,17,VASC,other
SIMLR,SIMLR,SIMLR,AUC,0.67,benchmarker,Baron_mouse,dr2,17,curated,other
SIMLR,SIMLR,SIMLR,Pearson,0.741,benchmarker,Baron_mouse,dr3,17,curated,other
SIMLR,SIMLR,SIMLR,Qglobal,0.701,benchmarker,Baron_mouse,dr2,17,curated,other
SIMLR,SIMLR,SIMLR,Qlocal,0.279,benchmarker,Baron_mouse,dr2,17,curated,other
SIMLR,SIMLR,SIMLR,centroid_distance,0.396,benchmarker,Baron_mouse,dr1,17,curated,other
SIMLR,SIMLR,SIMLR,k-nearest,0.462,benchmarker,Baron_mouse,dr1,17,curated,other
SIMLR,SIMLR,SIMLR,kmax,138.0,benchmarker,Baron_mouse,dr2,17,curated,other
SIMLR,SIMLR,SIMLR,random_triplet,0.694,benchmarker,Baron_mouse,dr1,17,curated,other
SIMLR,SIMLR,SIMLR,spearman,0.743,benchmarker,Baron_mouse,dr1,17,curated,other
SIMLR,SIMLR,SIMLR,svm,0.952,benchmarker,Baron_mouse,dr1,17,curated,other
SIMLR,SIMLR,SIMLR,AUC,0.657,benchmarker,Darmanis,dr2,17,curated,other
SIMLR,SIMLR,SIMLR,Pearson,0.364,benchmarker,Darmanis,dr3,17,curated,other
SIMLR,SIMLR,SIMLR,Qglobal,0.682,benchmarker,Darmanis,dr2,17,curated,other
SIMLR,SIMLR,SIMLR,Qlocal,0.402,benchmarker,Darmanis,dr2,17,curated,other
SIMLR,SIMLR,SIMLR,centroid_distance,0.539,benchmarker,Darmanis,dr1,17,curated,other
SIMLR,SIMLR,SIMLR,k-nearest,0.438,benchmarker,Darmanis,dr1,17,curated,other
SIMLR,SIMLR,SIMLR,kmax,37.0,benchmarker,Darmanis,dr2,17,curated,other
SIMLR,SIMLR,SIMLR,random_triplet,0.616,benchmarker,Darmanis,dr1,17,curated,other
SIMLR,SIMLR,SIMLR,spearman,0.337,benchmarker,Darmanis,dr1,17,curated,other
SIMLR,SIMLR,SIMLR,svm,0.929,benchmarker,Darmanis,dr1,17,curated,other
SIMLR,SIMLR,SIMLR,AUC,0.627,benchmarker,Pancreatic,dr2,17,curated,other
SIMLR,SIMLR,SIMLR,Pearson,0.415,benchmarker,Pancreatic,dr3,17,curated,other
SIMLR,SIMLR,SIMLR,Qglobal,0.695,benchmarker,Pancreatic,dr2,17,curated,other
SIMLR,SIMLR,SIMLR,Qlocal,0.316,benchmarker,Pancreatic,dr2,17,curated,other
SIMLR,SIMLR,SIMLR,centroid_distance,0.509,benchmarker,Pancreatic,dr1,17,curated,other
SIMLR,SIMLR,SIMLR,k-nearest,0.333,benchmarker,Pancreatic,dr1,17,curated,other
SIMLR,SIMLR,SIMLR,kmax,10.0,benchmarker,Pancreatic,dr2,17,curated,other
SIMLR,SIMLR,SIMLR,random_triplet,0.637,benchmarker,Pancreatic,dr1,17,curated,other
SIMLR,SIMLR,SIMLR,spearman,0.366,benchmarker,Pancreatic,dr1,17,curated,other
SIMLR,SIMLR,SIMLR,svm,0.767,benchmarker,Pancreatic,dr1,17,curated,other
SIMLR,SIMLR,SIMLR,AUC,0.654,benchmarker,Silver,dr2,17,curated,other
SIMLR,SIMLR,SIMLR,Pearson,0.59,benchmarker,Silver,dr3,17,curated,other
SIMLR,SIMLR,SIMLR,Qglobal,0.75,benchmarker,Silver,dr2,17,curated,other
SIMLR,SIMLR,SIMLR,Qlocal,0.35,benchmarker,Silver,dr2,17,curated,other
SIMLR,SIMLR,SIMLR,centroid_distance,0.905,benchmarker,Silver,dr1,17,curated,other
SIMLR,SIMLR,SIMLR,k-nearest,0.667,benchmarker,Silver,dr1,17,curated,other
SIMLR,SIMLR,SIMLR,kmax,624.0,benchmarker,Silver,dr2,17,curated,other
SIMLR,SIMLR,SIMLR,random_triplet,0.638,benchmarker,Silver,dr1,17,curated,other
SIMLR,SIMLR,SIMLR,spearman,0.53,benchmarker,Silver,dr1,17,curated,other
SIMLR,SIMLR,SIMLR,svm,0.514,benchmarker,Silver,dr1,17,curated,other
SIMLR,SIMLR,SIMLR,AUC,0.652,benchmarker,Zhengmix4eq,dr2,17,curated,other
SIMLR,SIMLR,SIMLR,Pearson,0.612,benchmarker,Zhengmix4eq,dr3,17,curated,other
SIMLR,SIMLR,SIMLR,Qglobal,0.762,benchmarker,Zhengmix4eq,dr2,17,curated,other
SIMLR,SIMLR,SIMLR,Qlocal,0.316,benchmarker,Zhengmix4eq,dr2,17,curated,other
SIMLR,SIMLR,SIMLR,centroid_distance,0.928,benchmarker,Zhengmix4eq,dr1,17,curated,other
SIMLR,SIMLR,SIMLR,k-nearest,0.75,benchmarker,Zhengmix4eq,dr1,17,curated,other
SIMLR,SIMLR,SIMLR,kmax,985.0,benchmarker,Zhengmix4eq,dr2,17,curated,other
SIMLR,SIMLR,SIMLR,random_triplet,0.659,benchmarker,Zhengmix4eq,dr1,17,curated,other
SIMLR,SIMLR,SIMLR,spearman,0.615,benchmarker,Zhengmix4eq,dr1,17,curated,other
SIMLR,SIMLR,SIMLR,svm,0.953,benchmarker,Zhengmix4eq,dr1,17,curated,other
SIMLR,SIMLR,SIMLR,AUC,0.795,scDesign3,ACINAR,dr2,17,scDesign3,other
SIMLR,SIMLR,SIMLR,Pearson,0.582,scDesign3,ACINAR,dr3,17,scDesign3,other
SIMLR,SIMLR,SIMLR,Qglobal,0.83,scDesign3,ACINAR,dr2,17,scDesign3,other
SIMLR,SIMLR,SIMLR,Qlocal,0.533,scDesign3,ACINAR,dr2,17,scDesign3,other
SIMLR,SIMLR,SIMLR,centroid_distance,0.711,scDesign3,ACINAR,dr1,17,scDesign3,other
SIMLR,SIMLR,SIMLR,k-nearest,0.8,scDesign3,ACINAR,dr1,17,scDesign3,other
SIMLR,SIMLR,SIMLR,kmax,354.0,scDesign3,ACINAR,dr2,17,scDesign3,other
SIMLR,SIMLR,SIMLR,random_triplet,0.813,scDesign3,ACINAR,dr1,17,scDesign3,other
SIMLR,SIMLR,SIMLR,spearman,0.851,scDesign3,ACINAR,dr1,17,scDesign3,other
SIMLR,SIMLR,SIMLR,svm,0.588,scDesign3,ACINAR,dr1,17,scDesign3,other
SIMLR,SIMLR,SIMLR,AUC,0.619,scDesign3,ATAC,dr2,17,scDesign3,other
SIMLR,SIMLR,SIMLR,Pearson,0.413,scDesign3,ATAC,dr3,17,scDesign3,other
SIMLR,SIMLR,SIMLR,Qglobal,0.739,scDesign3,ATAC,dr2,17,scDesign3,other
SIMLR,SIMLR,SIMLR,Qlocal,0.314,scDesign3,ATAC,dr2,17,scDesign3,other
SIMLR,SIMLR,SIMLR,centroid_distance,0.787,scDesign3,ATAC,dr1,17,scDesign3,other
SIMLR,SIMLR,SIMLR,k-nearest,0.692,scDesign3,ATAC,dr1,17,scDesign3,other
SIMLR,SIMLR,SIMLR,kmax,1989.0,scDesign3,ATAC,dr2,17,scDesign3,other
SIMLR,SIMLR,SIMLR,random_triplet,0.625,scDesign3,ATAC,dr1,17,scDesign3,other
SIMLR,SIMLR,SIMLR,spearman,0.382,scDesign3,ATAC,dr1,17,scDesign3,other
SIMLR,SIMLR,SIMLR,svm,0.791,scDesign3,ATAC,dr1,17,scDesign3,other
SIMLR,SIMLR,SIMLR,AUC,0.748,scDesign3,BATCH,dr2,17,scDesign3,other
SIMLR,SIMLR,SIMLR,Pearson,0.391,scDesign3,BATCH,dr3,17,scDesign3,other
SIMLR,SIMLR,SIMLR,Qglobal,0.764,scDesign3,BATCH,dr2,17,scDesign3,other
SIMLR,SIMLR,SIMLR,Qlocal,0.548,scDesign3,BATCH,dr2,17,scDesign3,other
SIMLR,SIMLR,SIMLR,centroid_distance,0.635,scDesign3,BATCH,dr1,17,scDesign3,other
SIMLR,SIMLR,SIMLR,k-nearest,0.389,scDesign3,BATCH,dr1,17,scDesign3,other
SIMLR,SIMLR,SIMLR,kmax,461.0,scDesign3,BATCH,dr2,17,scDesign3,other
SIMLR,SIMLR,SIMLR,random_triplet,0.734,scDesign3,BATCH,dr1,17,scDesign3,other
SIMLR,SIMLR,SIMLR,spearman,0.658,scDesign3,BATCH,dr1,17,scDesign3,other
SIMLR,SIMLR,SIMLR,svm,0.874,scDesign3,BATCH,dr1,17,scDesign3,other
SIMLR,SIMLR,SIMLR,AUC,0.723,scDesign3,EMBYRO,dr2,17,scDesign3,other
SIMLR,SIMLR,SIMLR,Pearson,0.414,scDesign3,EMBYRO,dr3,17,scDesign3,other
SIMLR,SIMLR,SIMLR,Qglobal,0.725,scDesign3,EMBYRO,dr2,17,scDesign3,other
SIMLR,SIMLR,SIMLR,Qlocal,0.43,scDesign3,EMBYRO,dr2,17,scDesign3,other
SIMLR,SIMLR,SIMLR,centroid_distance,0.701,scDesign3,EMBYRO,dr1,17,scDesign3,other
SIMLR,SIMLR,SIMLR,k-nearest,0.0,scDesign3,EMBYRO,dr1,17,scDesign3,other
SIMLR,SIMLR,SIMLR,kmax,10.0,scDesign3,EMBYRO,dr2,17,scDesign3,other
SIMLR,SIMLR,SIMLR,random_triplet,0.735,scDesign3,EMBYRO,dr1,17,scDesign3,other
SIMLR,SIMLR,SIMLR,spearman,0.699,scDesign3,EMBYRO,dr1,17,scDesign3,other
SIMLR,SIMLR,SIMLR,svm,0.542,scDesign3,EMBYRO,dr1,17,scDesign3,other
SIMLR,SIMLR,SIMLR,AUC,0.85,scDesign3,MARROW,dr2,17,scDesign3,other
SIMLR,SIMLR,SIMLR,Pearson,0.834,scDesign3,MARROW,dr3,17,scDesign3,other
SIMLR,SIMLR,SIMLR,Qglobal,0.908,scDesign3,MARROW,dr2,17,scDesign3,other
SIMLR,SIMLR,SIMLR,Qlocal,0.615,scDesign3,MARROW,dr2,17,scDesign3,other
SIMLR,SIMLR,SIMLR,centroid_distance,0.858,scDesign3,MARROW,dr1,17,scDesign3,other
SIMLR,SIMLR,SIMLR,k-nearest,0.667,scDesign3,MARROW,dr1,17,scDesign3,other
SIMLR,SIMLR,SIMLR,kmax,520.0,scDesign3,MARROW,dr2,17,scDesign3,other
SIMLR,SIMLR,SIMLR,random_triplet,0.888,scDesign3,MARROW,dr1,17,scDesign3,other
SIMLR,SIMLR,SIMLR,spearman,0.866,scDesign3,MARROW,dr1,17,scDesign3,other
SIMLR,SIMLR,SIMLR,svm,0.912,scDesign3,MARROW,dr1,17,scDesign3,other
SIMLR,SIMLR,SIMLR,AUC,0.745,scDesign3,OVARIAN,dr2,17,scDesign3,other
SIMLR,SIMLR,SIMLR,Pearson,0.432,scDesign3,OVARIAN,dr3,17,scDesign3,other
SIMLR,SIMLR,SIMLR,Qglobal,0.768,scDesign3,OVARIAN,dr2,17,scDesign3,other
SIMLR,SIMLR,SIMLR,Qlocal,0.506,scDesign3,OVARIAN,dr2,17,scDesign3,other
SIMLR,SIMLR,SIMLR,centroid_distance,0.594,scDesign3,OVARIAN,dr1,17,scDesign3,other
SIMLR,SIMLR,SIMLR,k-nearest,0.485,scDesign3,OVARIAN,dr1,17,scDesign3,other
SIMLR,SIMLR,SIMLR,kmax,296.0,scDesign3,OVARIAN,dr2,17,scDesign3,other
SIMLR,SIMLR,SIMLR,random_triplet,0.725,scDesign3,OVARIAN,dr1,17,scDesign3,other
SIMLR,SIMLR,SIMLR,spearman,0.723,scDesign3,OVARIAN,dr1,17,scDesign3,other
SIMLR,SIMLR,SIMLR,svm,0.509,scDesign3,OVARIAN,dr1,17,scDesign3,other
SIMLR,SIMLR,SIMLR,AUC,0.798,scDesign3,PANCREAS,dr2,17,scDesign3,other
SIMLR,SIMLR,SIMLR,Pearson,0.54,scDesign3,PANCREAS,dr3,17,scDesign3,other
SIMLR,SIMLR,SIMLR,Qglobal,0.829,scDesign3,PANCREAS,dr2,17,scDesign3,other
SIMLR,SIMLR,SIMLR,Qlocal,0.534,scDesign3,PANCREAS,dr2,17,scDesign3,other
SIMLR,SIMLR,SIMLR,centroid_distance,0.928,scDesign3,PANCREAS,dr1,17,scDesign3,other
SIMLR,SIMLR,SIMLR,k-nearest,0.75,scDesign3,PANCREAS,dr1,17,scDesign3,other
SIMLR,SIMLR,SIMLR,kmax,221.0,scDesign3,PANCREAS,dr2,17,scDesign3,other
SIMLR,SIMLR,SIMLR,random_triplet,0.823,scDesign3,PANCREAS,dr1,17,scDesign3,other
SIMLR,SIMLR,SIMLR,spearman,0.71,scDesign3,PANCREAS,dr1,17,scDesign3,other
SIMLR,SIMLR,SIMLR,svm,0.869,scDesign3,PANCREAS,dr1,17,scDesign3,other
SIMLR,SIMLR,SIMLR,AUC,0.717,scDesign3,SCGEMMETH,dr2,17,scDesign3,other
SIMLR,SIMLR,SIMLR,Pearson,0.704,scDesign3,SCGEMMETH,dr3,17,scDesign3,other
SIMLR,SIMLR,SIMLR,Qglobal,0.772,scDesign3,SCGEMMETH,dr2,17,scDesign3,other
SIMLR,SIMLR,SIMLR,Qlocal,0.379,scDesign3,SCGEMMETH,dr2,17,scDesign3,other
SIMLR,SIMLR,SIMLR,centroid_distance,0.976,scDesign3,SCGEMMETH,dr1,17,scDesign3,other
SIMLR,SIMLR,SIMLR,k-nearest,1.0,scDesign3,SCGEMMETH,dr1,17,scDesign3,other
SIMLR,SIMLR,SIMLR,kmax,19.0,scDesign3,SCGEMMETH,dr2,17,scDesign3,other
SIMLR,SIMLR,SIMLR,random_triplet,0.752,scDesign3,SCGEMMETH,dr1,17,scDesign3,other
SIMLR,SIMLR,SIMLR,spearman,0.712,scDesign3,SCGEMMETH,dr1,17,scDesign3,other
SIMLR,SIMLR,SIMLR,svm,0.761,scDesign3,SCGEMMETH,dr1,17,scDesign3,other
SIMLR,SIMLR,SIMLR,AUC,0.676,scDesign3,SCGEMRNA,dr2,17,scDesign3,other
SIMLR,SIMLR,SIMLR,Pearson,0.511,scDesign3,SCGEMRNA,dr3,17,scDesign3,other
SIMLR,SIMLR,SIMLR,Qglobal,0.697,scDesign3,SCGEMRNA,dr2,17,scDesign3,other
SIMLR,SIMLR,SIMLR,Qlocal,0.329,scDesign3,SCGEMRNA,dr2,17,scDesign3,other
SIMLR,SIMLR,SIMLR,centroid_distance,0.832,scDesign3,SCGEMRNA,dr1,17,scDesign3,other
SIMLR,SIMLR,SIMLR,k-nearest,0.2,scDesign3,SCGEMRNA,dr1,17,scDesign3,other
SIMLR,SIMLR,SIMLR,kmax,10.0,scDesign3,SCGEMRNA,dr2,17,scDesign3,other
SIMLR,SIMLR,SIMLR,random_triplet,0.694,scDesign3,SCGEMRNA,dr1,17,scDesign3,other
SIMLR,SIMLR,SIMLR,spearman,0.511,scDesign3,SCGEMRNA,dr1,17,scDesign3,other
SIMLR,SIMLR,SIMLR,svm,0.718,scDesign3,SCGEMRNA,dr1,17,scDesign3,other
SIMLR,SIMLR,SIMLR,AUC,0.629,scDesign3,SCIATAC,dr2,17,scDesign3,other
SIMLR,SIMLR,SIMLR,Pearson,0.62,scDesign3,SCIATAC,dr3,17,scDesign3,other
SIMLR,SIMLR,SIMLR,Qglobal,0.886,scDesign3,SCIATAC,dr2,17,scDesign3,other
SIMLR,SIMLR,SIMLR,Qlocal,0.395,scDesign3,SCIATAC,dr2,17,scDesign3,other
SIMLR,SIMLR,SIMLR,centroid_distance,0.441,scDesign3,SCIATAC,dr1,17,scDesign3,other
SIMLR,SIMLR,SIMLR,k-nearest,0.472,scDesign3,SCIATAC,dr1,17,scDesign3,other
SIMLR,SIMLR,SIMLR,kmax,2105.0,scDesign3,SCIATAC,dr2,17,scDesign3,other
SIMLR,SIMLR,SIMLR,random_triplet,0.698,scDesign3,SCIATAC,dr1,17,scDesign3,other
SIMLR,SIMLR,SIMLR,spearman,0.694,scDesign3,SCIATAC,dr1,17,scDesign3,other
SIMLR,SIMLR,SIMLR,svm,0.489,scDesign3,SCIATAC,dr1,17,scDesign3,other
SIMLR,SIMLR,SIMLR,AUC,0.75,scDesign3,VISIUM,dr2,17,scDesign3,other
SIMLR,SIMLR,SIMLR,Pearson,0.49,scDesign3,VISIUM,dr3,17,scDesign3,other
SIMLR,SIMLR,SIMLR,Qglobal,0.751,scDesign3,VISIUM,dr2,17,scDesign3,other
SIMLR,SIMLR,SIMLR,Qlocal,0.516,scDesign3,VISIUM,dr2,17,scDesign3,other
SIMLR,SIMLR,SIMLR,centroid_distance,0.656,scDesign3,VISIUM,dr1,17,scDesign3,other
SIMLR,SIMLR,SIMLR,k-nearest,0.533,scDesign3,VISIUM,dr1,17,scDesign3,other
SIMLR,SIMLR,SIMLR,kmax,12.0,scDesign3,VISIUM,dr2,17,scDesign3,other
SIMLR,SIMLR,SIMLR,random_triplet,0.757,scDesign3,VISIUM,dr1,17,scDesign3,other
SIMLR,SIMLR,SIMLR,spearman,0.72,scDesign3,VISIUM,dr1,17,scDesign3,other
SIMLR,SIMLR,SIMLR,svm,0.601,scDesign3,VISIUM,dr1,17,scDesign3,other
PHATE,PHATE,PHATE,AUC,0.606,SIMLR,Pollen,dr2,18,SIMLR,other
PHATE,PHATE,PHATE,Pearson,0.08,SIMLR,Pollen,dr3,18,SIMLR,other
PHATE,PHATE,PHATE,Qglobal,0.644,SIMLR,Pollen,dr2,18,SIMLR,other
PHATE,PHATE,PHATE,Qlocal,0.34,SIMLR,Pollen,dr2,18,SIMLR,other
PHATE,PHATE,PHATE,centroid_distance,0.381,SIMLR,Pollen,dr1,18,SIMLR,other
PHATE,PHATE,PHATE,k-nearest,0.515,SIMLR,Pollen,dr1,18,SIMLR,other
PHATE,PHATE,PHATE,kmax,30.0,SIMLR,Pollen,dr2,18,SIMLR,other
PHATE,PHATE,PHATE,random_triplet,0.57,SIMLR,Pollen,dr1,18,SIMLR,other
PHATE,PHATE,PHATE,spearman,0.057,SIMLR,Pollen,dr1,18,SIMLR,other
PHATE,PHATE,PHATE,svm,0.739,SIMLR,Pollen,dr1,18,SIMLR,other
PHATE,PHATE,PHATE,AUC,0.566,SIMLR,Usoskin,dr2,18,SIMLR,other
PHATE,PHATE,PHATE,Pearson,0.08,SIMLR,Usoskin,dr3,18,SIMLR,other
PHATE,PHATE,PHATE,Qglobal,0.645,SIMLR,Usoskin,dr2,18,SIMLR,other
PHATE,PHATE,PHATE,Qlocal,0.224,SIMLR,Usoskin,dr2,18,SIMLR,other
PHATE,PHATE,PHATE,centroid_distance,0.59,SIMLR,Usoskin,dr1,18,SIMLR,other
PHATE,PHATE,PHATE,k-nearest,0.0,SIMLR,Usoskin,dr1,18,SIMLR,other
PHATE,PHATE,PHATE,kmax,117.0,SIMLR,Usoskin,dr2,18,SIMLR,other
PHATE,PHATE,PHATE,random_triplet,0.543,SIMLR,Usoskin,dr1,18,SIMLR,other
PHATE,PHATE,PHATE,spearman,0.075,SIMLR,Usoskin,dr1,18,SIMLR,other
PHATE,PHATE,PHATE,svm,0.963,SIMLR,Usoskin,dr1,18,SIMLR,other
PHATE,PHATE,PHATE,AUC,0.734,TI,DA1_horns,dr2,18,trajectory,other
PHATE,PHATE,PHATE,Pearson,0.509,TI,DA1_horns,dr3,18,trajectory,other
PHATE,PHATE,PHATE,Qglobal,0.814,TI,DA1_horns,dr2,18,trajectory,other
PHATE,PHATE,PHATE,Qlocal,0.334,TI,DA1_horns,dr2,18,trajectory,other
PHATE,PHATE,PHATE,centroid_distance,0.969,TI,DA1_horns,dr1,18,trajectory,other
PHATE,PHATE,PHATE,k-nearest,1.0,TI,DA1_horns,dr1,18,trajectory,other
PHATE,PHATE,PHATE,kmax,45.0,TI,DA1_horns,dr2,18,trajectory,other
PHATE,PHATE,PHATE,random_triplet,0.783,TI,DA1_horns,dr1,18,trajectory,other
PHATE,PHATE,PHATE,spearman,0.752,TI,DA1_horns,dr1,18,trajectory,other
PHATE,PHATE,PHATE,svm,0.888,TI,DA1_horns,dr1,18,trajectory,other
PHATE,PHATE,PHATE,AUC,0.779,TI,DC3_VA1d_horns,dr2,18,trajectory,other
PHATE,PHATE,PHATE,Pearson,0.528,TI,DC3_VA1d_horns,dr3,18,trajectory,other
PHATE,PHATE,PHATE,Qglobal,0.891,TI,DC3_VA1d_horns,dr2,18,trajectory,other
PHATE,PHATE,PHATE,Qlocal,0.439,TI,DC3_VA1d_horns,dr2,18,trajectory,other
PHATE,PHATE,PHATE,centroid_distance,0.95,TI,DC3_VA1d_horns,dr1,18,trajectory,other
PHATE,PHATE,PHATE,k-nearest,0.778,TI,DC3_VA1d_horns,dr1,18,trajectory,other
PHATE,PHATE,PHATE,kmax,40.0,TI,DC3_VA1d_horns,dr2,18,trajectory,other
PHATE,PHATE,PHATE,random_triplet,0.838,TI,DC3_VA1d_horns,dr1,18,trajectory,other
PHATE,PHATE,PHATE,spearman,0.836,TI,DC3_VA1d_horns,dr1,18,trajectory,other
PHATE,PHATE,PHATE,svm,0.607,TI,DC3_VA1d_horns,dr1,18,trajectory,other
PHATE,PHATE,PHATE,AUC,0.754,TI,ICM,dr2,18,trajectory,other
PHATE,PHATE,PHATE,Pearson,0.544,TI,ICM,dr3,18,trajectory,other
PHATE,PHATE,PHATE,Qglobal,0.789,TI,ICM,dr2,18,trajectory,other
PHATE,PHATE,PHATE,Qlocal,0.503,TI,ICM,dr2,18,trajectory,other
PHATE,PHATE,PHATE,centroid_distance,0.811,TI,ICM,dr1,18,trajectory,other
PHATE,PHATE,PHATE,k-nearest,0.733,TI,ICM,dr1,18,trajectory,other
PHATE,PHATE,PHATE,kmax,32.0,TI,ICM,dr2,18,trajectory,other
PHATE,PHATE,PHATE,random_triplet,0.744,TI,ICM,dr1,18,trajectory,other
PHATE,PHATE,PHATE,spearman,0.576,TI,ICM,dr1,18,trajectory,other
PHATE,PHATE,PHATE,svm,0.864,TI,ICM,dr1,18,trajectory,other
PHATE,PHATE,PHATE,AUC,0.736,TI,blastocyst,dr2,18,trajectory,other
PHATE,PHATE,PHATE,Pearson,0.453,TI,blastocyst,dr3,18,trajectory,other
PHATE,PHATE,PHATE,Qglobal,0.762,TI,blastocyst,dr2,18,trajectory,other
PHATE,PHATE,PHATE,Qlocal,0.511,TI,blastocyst,dr2,18,trajectory,other
PHATE,PHATE,PHATE,centroid_distance,0.718,TI,blastocyst,dr1,18,trajectory,other
PHATE,PHATE,PHATE,k-nearest,0.641,TI,blastocyst,dr1,18,trajectory,other
PHATE,PHATE,PHATE,kmax,35.0,TI,blastocyst,dr2,18,trajectory,other
PHATE,PHATE,PHATE,random_triplet,0.697,TI,blastocyst,dr1,18,trajectory,other
PHATE,PHATE,PHATE,spearman,0.483,TI,blastocyst,dr1,18,trajectory,other
PHATE,PHATE,PHATE,svm,0.848,TI,blastocyst,dr1,18,trajectory,other
PHATE,PHATE,PHATE,AUC,0.607,TI,combination-1,dr2,18,trajectory,other
PHATE,PHATE,PHATE,Pearson,0.413,TI,combination-1,dr3,18,trajectory,other
PHATE,PHATE,PHATE,Qglobal,0.682,TI,combination-1,dr2,18,trajectory,other
PHATE,PHATE,PHATE,Qlocal,0.205,TI,combination-1,dr2,18,trajectory,other
PHATE,PHATE,PHATE,centroid_distance,0.882,TI,combination-1,dr1,18,trajectory,other
PHATE,PHATE,PHATE,k-nearest,0.786,TI,combination-1,dr1,18,trajectory,other
PHATE,PHATE,PHATE,kmax,679.0,TI,combination-1,dr2,18,trajectory,other
PHATE,PHATE,PHATE,random_triplet,0.64,TI,combination-1,dr1,18,trajectory,other
PHATE,PHATE,PHATE,spearman,0.485,TI,combination-1,dr1,18,trajectory,other
PHATE,PHATE,PHATE,svm,0.857,TI,combination-1,dr1,18,trajectory,other
PHATE,PHATE,PHATE,AUC,0.577,TI,combination-2,dr2,18,trajectory,other
PHATE,PHATE,PHATE,Pearson,0.117,TI,combination-2,dr3,18,trajectory,other
PHATE,PHATE,PHATE,Qglobal,0.743,TI,combination-2,dr2,18,trajectory,other
PHATE,PHATE,PHATE,Qlocal,0.307,TI,combination-2,dr2,18,trajectory,other
PHATE,PHATE,PHATE,centroid_distance,0.758,TI,combination-2,dr1,18,trajectory,other
PHATE,PHATE,PHATE,k-nearest,0.722,TI,combination-2,dr1,18,trajectory,other
PHATE,PHATE,PHATE,kmax,1652.0,TI,combination-2,dr2,18,trajectory,other
PHATE,PHATE,PHATE,random_triplet,0.584,TI,combination-2,dr1,18,trajectory,other
PHATE,PHATE,PHATE,spearman,0.182,TI,combination-2,dr1,18,trajectory,other
PHATE,PHATE,PHATE,svm,0.732,TI,combination-2,dr1,18,trajectory,other
PHATE,PHATE,PHATE,AUC,0.594,TI,combination-3,dr2,18,trajectory,other
PHATE,PHATE,PHATE,Pearson,0.164,TI,combination-3,dr3,18,trajectory,other
PHATE,PHATE,PHATE,Qglobal,0.652,TI,combination-3,dr2,18,trajectory,other
PHATE,PHATE,PHATE,Qlocal,0.195,TI,combination-3,dr2,18,trajectory,other
PHATE,PHATE,PHATE,centroid_distance,0.78,TI,combination-3,dr1,18,trajectory,other
PHATE,PHATE,PHATE,k-nearest,0.714,TI,combination-3,dr1,18,trajectory,other
PHATE,PHATE,PHATE,kmax,286.0,TI,combination-3,dr2,18,trajectory,other
PHATE,PHATE,PHATE,random_triplet,0.602,TI,combination-3,dr1,18,trajectory,other
PHATE,PHATE,PHATE,spearman,0.224,TI,combination-3,dr1,18,trajectory,other
PHATE,PHATE,PHATE,svm,0.834,TI,combination-3,dr1,18,trajectory,other
PHATE,PHATE,PHATE,AUC,0.738,TI,epiblast,dr2,18,trajectory,other
PHATE,PHATE,PHATE,Pearson,0.605,TI,epiblast,dr3,18,trajectory,other
PHATE,PHATE,PHATE,Qglobal,0.803,TI,epiblast,dr2,18,trajectory,other
PHATE,PHATE,PHATE,Qlocal,0.442,TI,epiblast,dr2,18,trajectory,other
PHATE,PHATE,PHATE,centroid_distance,0.887,TI,epiblast,dr1,18,trajectory,other
PHATE,PHATE,PHATE,k-nearest,0.571,TI,epiblast,dr1,18,trajectory,other
PHATE,PHATE,PHATE,kmax,31.0,TI,epiblast,dr2,18,trajectory,other
PHATE,PHATE,PHATE,random_triplet,0.765,TI,epiblast,dr1,18,trajectory,other
PHATE,PHATE,PHATE,spearman,0.695,TI,epiblast,dr1,18,trajectory,other
PHATE,PHATE,PHATE,svm,0.813,TI,epiblast,dr1,18,trajectory,other
PHATE,PHATE,PHATE,AUC,0.606,TI,epidermis,dr2,18,trajectory,other
PHATE,PHATE,PHATE,Pearson,0.425,TI,epidermis,dr3,18,trajectory,other
PHATE,PHATE,PHATE,Qglobal,0.679,TI,epidermis,dr2,18,trajectory,other
PHATE,PHATE,PHATE,Qlocal,0.214,TI,epidermis,dr2,18,trajectory,other
PHATE,PHATE,PHATE,centroid_distance,0.907,TI,epidermis,dr1,18,trajectory,other
PHATE,PHATE,PHATE,k-nearest,1.0,TI,epidermis,dr1,18,trajectory,other
PHATE,PHATE,PHATE,kmax,629.0,TI,epidermis,dr2,18,trajectory,other
PHATE,PHATE,PHATE,random_triplet,0.627,TI,epidermis,dr1,18,trajectory,other
PHATE,PHATE,PHATE,spearman,0.438,TI,epidermis,dr1,18,trajectory,other
PHATE,PHATE,PHATE,svm,0.879,TI,epidermis,dr1,18,trajectory,other
PHATE,PHATE,PHATE,AUC,0.734,TI,horns,dr2,18,trajectory,other
PHATE,PHATE,PHATE,Pearson,0.541,TI,horns,dr3,18,trajectory,other
PHATE,PHATE,PHATE,Qglobal,0.857,TI,horns,dr2,18,trajectory,other
PHATE,PHATE,PHATE,Qlocal,0.489,TI,horns,dr2,18,trajectory,other
PHATE,PHATE,PHATE,centroid_distance,0.861,TI,horns,dr1,18,trajectory,other
PHATE,PHATE,PHATE,k-nearest,0.786,TI,horns,dr1,18,trajectory,other
PHATE,PHATE,PHATE,kmax,150.0,TI,horns,dr2,18,trajectory,other
PHATE,PHATE,PHATE,random_triplet,0.768,TI,horns,dr1,18,trajectory,other
PHATE,PHATE,PHATE,spearman,0.697,TI,horns,dr1,18,trajectory,other
PHATE,PHATE,PHATE,svm,0.604,TI,horns,dr1,18,trajectory,other
PHATE,PHATE,PHATE,AUC,0.537,TI,muscle,dr2,18,trajectory,other
PHATE,PHATE,PHATE,Pearson,0.008,TI,muscle,dr3,18,trajectory,other
PHATE,PHATE,PHATE,Qglobal,0.583,TI,muscle,dr2,18,trajectory,other
PHATE,PHATE,PHATE,Qlocal,0.117,TI,muscle,dr2,18,trajectory,other
PHATE,PHATE,PHATE,centroid_distance,1.0,TI,muscle,dr1,18,trajectory,other
PHATE,PHATE,PHATE,k-nearest,1.0,TI,muscle,dr1,18,trajectory,other
PHATE,PHATE,PHATE,kmax,233.0,TI,muscle,dr2,18,trajectory,other
PHATE,PHATE,PHATE,random_triplet,0.539,TI,muscle,dr1,18,trajectory,other
PHATE,PHATE,PHATE,spearman,0.01,TI,muscle,dr1,18,trajectory,other
PHATE,PHATE,PHATE,svm,0.823,TI,muscle,dr1,18,trajectory,other
PHATE,PHATE,PHATE,AUC,0.56,TI,neuron,dr2,18,trajectory,other
PHATE,PHATE,PHATE,Pearson,0.17,TI,neuron,dr3,18,trajectory,other
PHATE,PHATE,PHATE,Qglobal,0.727,TI,neuron,dr2,18,trajectory,other
PHATE,PHATE,PHATE,Qlocal,0.249,TI,neuron,dr2,18,trajectory,other
PHATE,PHATE,PHATE,centroid_distance,0.939,TI,neuron,dr1,18,trajectory,other
PHATE,PHATE,PHATE,k-nearest,0.714,TI,neuron,dr1,18,trajectory,other
PHATE,PHATE,PHATE,kmax,819.0,TI,neuron,dr2,18,trajectory,other
PHATE,PHATE,PHATE,random_triplet,0.587,TI,neuron,dr1,18,trajectory,other
PHATE,PHATE,PHATE,spearman,0.194,TI,neuron,dr1,18,trajectory,other
PHATE,PHATE,PHATE,svm,0.746,TI,neuron,dr1,18,trajectory,other
PHATE,PHATE,PHATE,AUC,0.587,TI,pair-1,dr2,18,trajectory,other
PHATE,PHATE,PHATE,Pearson,0.341,TI,pair-1,dr3,18,trajectory,other
PHATE,PHATE,PHATE,Qglobal,0.677,TI,pair-1,dr2,18,trajectory,other
PHATE,PHATE,PHATE,Qlocal,0.2,TI,pair-1,dr2,18,trajectory,other
PHATE,PHATE,PHATE,centroid_distance,0.791,TI,pair-1,dr1,18,trajectory,other
PHATE,PHATE,PHATE,k-nearest,0.812,TI,pair-1,dr1,18,trajectory,other
PHATE,PHATE,PHATE,kmax,1983.0,TI,pair-1,dr2,18,trajectory,other
PHATE,PHATE,PHATE,random_triplet,0.616,TI,pair-1,dr1,18,trajectory,other
PHATE,PHATE,PHATE,spearman,0.348,TI,pair-1,dr1,18,trajectory,other
PHATE,PHATE,PHATE,svm,0.873,TI,pair-1,dr1,18,trajectory,other
PHATE,PHATE,PHATE,AUC,0.576,TI,pair-2,dr2,18,trajectory,other
PHATE,PHATE,PHATE,Pearson,0.319,TI,pair-2,dr3,18,trajectory,other
PHATE,PHATE,PHATE,Qglobal,0.685,TI,pair-2,dr2,18,trajectory,other
PHATE,PHATE,PHATE,Qlocal,0.206,TI,pair-2,dr2,18,trajectory,other
PHATE,PHATE,PHATE,centroid_distance,0.714,TI,pair-2,dr1,18,trajectory,other
PHATE,PHATE,PHATE,k-nearest,0.718,TI,pair-2,dr1,18,trajectory,other
PHATE,PHATE,PHATE,kmax,2415.0,TI,pair-2,dr2,18,trajectory,other
PHATE,PHATE,PHATE,random_triplet,0.601,TI,pair-2,dr1,18,trajectory,other
PHATE,PHATE,PHATE,spearman,0.345,TI,pair-2,dr1,18,trajectory,other
PHATE,PHATE,PHATE,svm,0.732,TI,pair-2,dr1,18,trajectory,other
PHATE,PHATE,PHATE,AUC,0.572,TI,pair-3,dr2,18,trajectory,other
PHATE,PHATE,PHATE,Pearson,0.388,TI,pair-3,dr3,18,trajectory,other
PHATE,PHATE,PHATE,Qglobal,0.66,TI,pair-3,dr2,18,trajectory,other
PHATE,PHATE,PHATE,Qlocal,0.172,TI,pair-3,dr2,18,trajectory,other
PHATE,PHATE,PHATE,centroid_distance,0.687,TI,pair-3,dr1,18,trajectory,other
PHATE,PHATE,PHATE,k-nearest,0.625,TI,pair-3,dr1,18,trajectory,other
PHATE,PHATE,PHATE,kmax,1552.0,TI,pair-3,dr2,18,trajectory,other
PHATE,PHATE,PHATE,random_triplet,0.597,TI,pair-3,dr1,18,trajectory,other
PHATE,PHATE,PHATE,spearman,0.392,TI,pair-3,dr1,18,trajectory,other
PHATE,PHATE,PHATE,svm,0.904,TI,pair-3,dr1,18,trajectory,other
PHATE,PHATE,PHATE,AUC,0.563,TI,pair-4,dr2,18,trajectory,other
PHATE,PHATE,PHATE,Pearson,0.259,TI,pair-4,dr3,18,trajectory,other
PHATE,PHATE,PHATE,Qglobal,0.674,TI,pair-4,dr2,18,trajectory,other
PHATE,PHATE,PHATE,Qlocal,0.2,TI,pair-4,dr2,18,trajectory,other
PHATE,PHATE,PHATE,centroid_distance,0.803,TI,pair-4,dr1,18,trajectory,other
PHATE,PHATE,PHATE,k-nearest,0.7,TI,pair-4,dr1,18,trajectory,other
PHATE,PHATE,PHATE,kmax,2092.0,TI,pair-4,dr2,18,trajectory,other
PHATE,PHATE,PHATE,random_triplet,0.582,TI,pair-4,dr1,18,trajectory,other
PHATE,PHATE,PHATE,spearman,0.264,TI,pair-4,dr1,18,trajectory,other
PHATE,PHATE,PHATE,svm,0.774,TI,pair-4,dr1,18,trajectory,other
PHATE,PHATE,PHATE,AUC,0.582,TI,parenchyme,dr2,18,trajectory,other
PHATE,PHATE,PHATE,Pearson,0.116,TI,parenchyme,dr3,18,trajectory,other
PHATE,PHATE,PHATE,Qglobal,0.676,TI,parenchyme,dr2,18,trajectory,other
PHATE,PHATE,PHATE,Qlocal,0.242,TI,parenchyme,dr2,18,trajectory,other
PHATE,PHATE,PHATE,centroid_distance,0.614,TI,parenchyme,dr1,18,trajectory,other
PHATE,PHATE,PHATE,k-nearest,0.6,TI,parenchyme,dr1,18,trajectory,other
PHATE,PHATE,PHATE,kmax,433.0,TI,parenchyme,dr2,18,trajectory,other
PHATE,PHATE,PHATE,random_triplet,0.588,TI,parenchyme,dr1,18,trajectory,other
PHATE,PHATE,PHATE,spearman,0.187,TI,parenchyme,dr1,18,trajectory,other
PHATE,PHATE,PHATE,svm,0.861,TI,parenchyme,dr1,18,trajectory,other
PHATE,PHATE,PHATE,AUC,0.635,TI,phagocyte,dr2,18,trajectory,other
PHATE,PHATE,PHATE,Pearson,0.405,TI,phagocyte,dr3,18,trajectory,other
PHATE,PHATE,PHATE,Qglobal,0.744,TI,phagocyte,dr2,18,trajectory,other
PHATE,PHATE,PHATE,Qlocal,0.288,TI,phagocyte,dr2,18,trajectory,other
PHATE,PHATE,PHATE,centroid_distance,1.0,TI,phagocyte,dr1,18,trajectory,other
PHATE,PHATE,PHATE,k-nearest,1.0,TI,phagocyte,dr1,18,trajectory,other
PHATE,PHATE,PHATE,kmax,165.0,TI,phagocyte,dr2,18,trajectory,other
PHATE,PHATE,PHATE,random_triplet,0.682,TI,phagocyte,dr1,18,trajectory,other
PHATE,PHATE,PHATE,spearman,0.519,TI,phagocyte,dr1,18,trajectory,other
PHATE,PHATE,PHATE,svm,0.957,TI,phagocyte,dr1,18,trajectory,other
PHATE,PHATE,PHATE,AUC,0.622,TI,pharynx,dr2,18,trajectory,other
PHATE,PHATE,PHATE,Pearson,0.51,TI,pharynx,dr3,18,trajectory,other
PHATE,PHATE,PHATE,Qglobal,0.824,TI,pharynx,dr2,18,trajectory,other
PHATE,PHATE,PHATE,Qlocal,0.357,TI,pharynx,dr2,18,trajectory,other
PHATE,PHATE,PHATE,centroid_distance,1.0,TI,pharynx,dr1,18,trajectory,other
PHATE,PHATE,PHATE,k-nearest,1.0,TI,pharynx,dr1,18,trajectory,other
PHATE,PHATE,PHATE,kmax,125.0,TI,pharynx,dr2,18,trajectory,other
PHATE,PHATE,PHATE,random_triplet,0.656,TI,pharynx,dr1,18,trajectory,other
PHATE,PHATE,PHATE,spearman,0.498,TI,pharynx,dr1,18,trajectory,other
PHATE,PHATE,PHATE,svm,0.969,TI,pharynx,dr1,18,trajectory,other
PHATE,PHATE,PHATE,AUC,0.739,TI,trophectoderm,dr2,18,trajectory,other
PHATE,PHATE,PHATE,Pearson,0.699,TI,trophectoderm,dr3,18,trajectory,other
PHATE,PHATE,PHATE,Qglobal,0.861,TI,trophectoderm,dr2,18,trajectory,other
PHATE,PHATE,PHATE,Qlocal,0.434,TI,trophectoderm,dr2,18,trajectory,other
PHATE,PHATE,PHATE,centroid_distance,1.0,TI,trophectoderm,dr1,18,trajectory,other
PHATE,PHATE,PHATE,k-nearest,1.0,TI,trophectoderm,dr1,18,trajectory,other
PHATE,PHATE,PHATE,kmax,22.0,TI,trophectoderm,dr2,18,trajectory,other
PHATE,PHATE,PHATE,random_triplet,0.815,TI,trophectoderm,dr1,18,trajectory,other
PHATE,PHATE,PHATE,spearman,0.807,TI,trophectoderm,dr1,18,trajectory,other
PHATE,PHATE,PHATE,svm,1.0,TI,trophectoderm,dr1,18,trajectory,other
PHATE,PHATE,PHATE,AUC,0.739,VASC,Baron,dr2,18,VASC,other
PHATE,PHATE,PHATE,Pearson,0.692,VASC,Baron,dr3,18,VASC,other
PHATE,PHATE,PHATE,Qglobal,0.774,VASC,Baron,dr2,18,VASC,other
PHATE,PHATE,PHATE,Qlocal,0.453,VASC,Baron,dr2,18,VASC,other
PHATE,PHATE,PHATE,centroid_distance,0.762,VASC,Baron,dr1,18,VASC,other
PHATE,PHATE,PHATE,k-nearest,0.589,VASC,Baron,dr1,18,VASC,other
PHATE,PHATE,PHATE,kmax,922.0,VASC,Baron,dr2,18,VASC,other
PHATE,PHATE,PHATE,random_triplet,0.738,VASC,Baron,dr1,18,VASC,other
PHATE,PHATE,PHATE,spearman,0.709,VASC,Baron,dr1,18,VASC,other
PHATE,PHATE,PHATE,svm,0.342,VASC,Baron,dr1,18,VASC,other
PHATE,PHATE,PHATE,AUC,0.817,VASC,Biase,dr2,18,VASC,other
PHATE,PHATE,PHATE,Pearson,0.652,VASC,Biase,dr3,18,VASC,other
PHATE,PHATE,PHATE,Qglobal,0.913,VASC,Biase,dr2,18,VASC,other
PHATE,PHATE,PHATE,Qlocal,0.681,VASC,Biase,dr2,18,VASC,other
PHATE,PHATE,PHATE,centroid_distance,0.904,VASC,Biase,dr1,18,VASC,other
PHATE,PHATE,PHATE,k-nearest,0.5,VASC,Biase,dr1,18,VASC,other
PHATE,PHATE,PHATE,kmax,19.0,VASC,Biase,dr2,18,VASC,other
PHATE,PHATE,PHATE,random_triplet,0.8,VASC,Biase,dr1,18,VASC,other
PHATE,PHATE,PHATE,spearman,0.791,VASC,Biase,dr1,18,VASC,other
PHATE,PHATE,PHATE,svm,1.0,VASC,Biase,dr1,18,VASC,other
PHATE,PHATE,PHATE,AUC,0.725,VASC,Goolam,dr2,18,VASC,other
PHATE,PHATE,PHATE,Pearson,0.578,VASC,Goolam,dr3,18,VASC,other
PHATE,PHATE,PHATE,Qglobal,0.754,VASC,Goolam,dr2,18,VASC,other
PHATE,PHATE,PHATE,Qlocal,0.538,VASC,Goolam,dr2,18,VASC,other
PHATE,PHATE,PHATE,centroid_distance,0.589,VASC,Goolam,dr1,18,VASC,other
PHATE,PHATE,PHATE,k-nearest,0.4,VASC,Goolam,dr1,18,VASC,other
PHATE,PHATE,PHATE,kmax,15.0,VASC,Goolam,dr2,18,VASC,other
PHATE,PHATE,PHATE,random_triplet,0.661,VASC,Goolam,dr1,18,VASC,other
PHATE,PHATE,PHATE,spearman,0.538,VASC,Goolam,dr1,18,VASC,other
PHATE,PHATE,PHATE,svm,0.904,VASC,Goolam,dr1,18,VASC,other
PHATE,PHATE,PHATE,AUC,0.646,VASC,Xin,dr2,18,VASC,other
PHATE,PHATE,PHATE,Pearson,0.492,VASC,Xin,dr3,18,VASC,other
PHATE,PHATE,PHATE,Qglobal,0.84,VASC,Xin,dr2,18,VASC,other
PHATE,PHATE,PHATE,Qlocal,0.413,VASC,Xin,dr2,18,VASC,other
PHATE,PHATE,PHATE,centroid_distance,0.606,VASC,Xin,dr1,18,VASC,other
PHATE,PHATE,PHATE,k-nearest,0.688,VASC,Xin,dr1,18,VASC,other
PHATE,PHATE,PHATE,kmax,726.0,VASC,Xin,dr2,18,VASC,other
PHATE,PHATE,PHATE,random_triplet,0.687,VASC,Xin,dr1,18,VASC,other
PHATE,PHATE,PHATE,spearman,0.586,VASC,Xin,dr1,18,VASC,other
PHATE,PHATE,PHATE,svm,0.933,VASC,Xin,dr1,18,VASC,other
PHATE,PHATE,PHATE,AUC,0.662,VASC,Zeisel,dr2,18,VASC,other
PHATE,PHATE,PHATE,Pearson,0.335,VASC,Zeisel,dr3,18,VASC,other
PHATE,PHATE,PHATE,Qglobal,0.735,VASC,Zeisel,dr2,18,VASC,other
PHATE,PHATE,PHATE,Qlocal,0.422,VASC,Zeisel,dr2,18,VASC,other
PHATE,PHATE,PHATE,centroid_distance,0.504,VASC,Zeisel,dr1,18,VASC,other
PHATE,PHATE,PHATE,k-nearest,0.389,VASC,Zeisel,dr1,18,VASC,other
PHATE,PHATE,PHATE,kmax,702.0,VASC,Zeisel,dr2,18,VASC,other
PHATE,PHATE,PHATE,random_triplet,0.643,VASC,Zeisel,dr1,18,VASC,other
PHATE,PHATE,PHATE,spearman,0.38,VASC,Zeisel,dr1,18,VASC,other
PHATE,PHATE,PHATE,svm,0.876,VASC,Zeisel,dr1,18,VASC,other
PHATE,PHATE,PHATE,AUC,0.823,VASC,yan,dr2,18,VASC,other
PHATE,PHATE,PHATE,Pearson,0.711,VASC,yan,dr3,18,VASC,other
PHATE,PHATE,PHATE,Qglobal,0.86,VASC,yan,dr2,18,VASC,other
PHATE,PHATE,PHATE,Qlocal,0.561,VASC,yan,dr2,18,VASC,other
PHATE,PHATE,PHATE,centroid_distance,0.84,VASC,yan,dr1,18,VASC,other
PHATE,PHATE,PHATE,k-nearest,0.667,VASC,yan,dr1,18,VASC,other
PHATE,PHATE,PHATE,kmax,9.0,VASC,yan,dr2,18,VASC,other
PHATE,PHATE,PHATE,random_triplet,0.8,VASC,yan,dr1,18,VASC,other
PHATE,PHATE,PHATE,spearman,0.795,VASC,yan,dr1,18,VASC,other
PHATE,PHATE,PHATE,svm,0.811,VASC,yan,dr1,18,VASC,other
PHATE,PHATE,PHATE,AUC,0.649,benchmarker,Baron_mouse,dr2,18,curated,other
PHATE,PHATE,PHATE,Pearson,0.648,benchmarker,Baron_mouse,dr3,18,curated,other
PHATE,PHATE,PHATE,Qglobal,0.685,benchmarker,Baron_mouse,dr2,18,curated,other
PHATE,PHATE,PHATE,Qlocal,0.259,benchmarker,Baron_mouse,dr2,18,curated,other
PHATE,PHATE,PHATE,centroid_distance,0.665,benchmarker,Baron_mouse,dr1,18,curated,other
PHATE,PHATE,PHATE,k-nearest,0.462,benchmarker,Baron_mouse,dr1,18,curated,other
PHATE,PHATE,PHATE,kmax,157.0,benchmarker,Baron_mouse,dr2,18,curated,other
PHATE,PHATE,PHATE,random_triplet,0.684,benchmarker,Baron_mouse,dr1,18,curated,other
PHATE,PHATE,PHATE,spearman,0.669,benchmarker,Baron_mouse,dr1,18,curated,other
PHATE,PHATE,PHATE,svm,0.949,benchmarker,Baron_mouse,dr1,18,curated,other
PHATE,PHATE,PHATE,AUC,0.688,benchmarker,Darmanis,dr2,18,curated,other
PHATE,PHATE,PHATE,Pearson,0.43,benchmarker,Darmanis,dr3,18,curated,other
PHATE,PHATE,PHATE,Qglobal,0.733,benchmarker,Darmanis,dr2,18,curated,other
PHATE,PHATE,PHATE,Qlocal,0.426,benchmarker,Darmanis,dr2,18,curated,other
PHATE,PHATE,PHATE,centroid_distance,0.524,benchmarker,Darmanis,dr1,18,curated,other
PHATE,PHATE,PHATE,k-nearest,0.438,benchmarker,Darmanis,dr1,18,curated,other
PHATE,PHATE,PHATE,kmax,61.0,benchmarker,Darmanis,dr2,18,curated,other
PHATE,PHATE,PHATE,random_triplet,0.678,benchmarker,Darmanis,dr1,18,curated,other
PHATE,PHATE,PHATE,spearman,0.523,benchmarker,Darmanis,dr1,18,curated,other
PHATE,PHATE,PHATE,svm,0.917,benchmarker,Darmanis,dr1,18,curated,other
PHATE,PHATE,PHATE,AUC,0.669,benchmarker,Pancreatic,dr2,18,curated,other
PHATE,PHATE,PHATE,Pearson,0.404,benchmarker,Pancreatic,dr3,18,curated,other
PHATE,PHATE,PHATE,Qglobal,0.734,benchmarker,Pancreatic,dr2,18,curated,other
PHATE,PHATE,PHATE,Qlocal,0.33,benchmarker,Pancreatic,dr2,18,curated,other
PHATE,PHATE,PHATE,centroid_distance,0.822,benchmarker,Pancreatic,dr1,18,curated,other
PHATE,PHATE,PHATE,k-nearest,0.5,benchmarker,Pancreatic,dr1,18,curated,other
PHATE,PHATE,PHATE,kmax,9.0,benchmarker,Pancreatic,dr2,18,curated,other
PHATE,PHATE,PHATE,random_triplet,0.7,benchmarker,Pancreatic,dr1,18,curated,other
PHATE,PHATE,PHATE,spearman,0.545,benchmarker,Pancreatic,dr1,18,curated,other
PHATE,PHATE,PHATE,svm,0.617,benchmarker,Pancreatic,dr1,18,curated,other
PHATE,PHATE,PHATE,AUC,0.708,benchmarker,Silver,dr2,18,curated,other
PHATE,PHATE,PHATE,Pearson,0.661,benchmarker,Silver,dr3,18,curated,other
PHATE,PHATE,PHATE,Qglobal,0.813,benchmarker,Silver,dr2,18,curated,other
PHATE,PHATE,PHATE,Qlocal,0.395,benchmarker,Silver,dr2,18,curated,other
PHATE,PHATE,PHATE,centroid_distance,0.961,benchmarker,Silver,dr1,18,curated,other
PHATE,PHATE,PHATE,k-nearest,0.788,benchmarker,Silver,dr1,18,curated,other
PHATE,PHATE,PHATE,kmax,648.0,benchmarker,Silver,dr2,18,curated,other
PHATE,PHATE,PHATE,random_triplet,0.739,benchmarker,Silver,dr1,18,curated,other
PHATE,PHATE,PHATE,spearman,0.707,benchmarker,Silver,dr1,18,curated,other
PHATE,PHATE,PHATE,svm,0.505,benchmarker,Silver,dr1,18,curated,other
PHATE,PHATE,PHATE,AUC,0.631,benchmarker,Zhengmix4eq,dr2,18,curated,other
PHATE,PHATE,PHATE,Pearson,0.424,benchmarker,Zhengmix4eq,dr3,18,curated,other
PHATE,PHATE,PHATE,Qglobal,0.729,benchmarker,Zhengmix4eq,dr2,18,curated,other
PHATE,PHATE,PHATE,Qlocal,0.34,benchmarker,Zhengmix4eq,dr2,18,curated,other
PHATE,PHATE,PHATE,centroid_distance,0.59,benchmarker,Zhengmix4eq,dr1,18,curated,other
PHATE,PHATE,PHATE,k-nearest,0.5,benchmarker,Zhengmix4eq,dr1,18,curated,other
PHATE,PHATE,PHATE,kmax,1000.0,benchmarker,Zhengmix4eq,dr2,18,curated,other
PHATE,PHATE,PHATE,random_triplet,0.617,benchmarker,Zhengmix4eq,dr1,18,curated,other
PHATE,PHATE,PHATE,spearman,0.296,benchmarker,Zhengmix4eq,dr1,18,curated,other
PHATE,PHATE,PHATE,svm,0.95,benchmarker,Zhengmix4eq,dr1,18,curated,other
PHATE,PHATE,PHATE,AUC,0.797,scDesign3,ACINAR,dr2,18,scDesign3,other
PHATE,PHATE,PHATE,Pearson,0.593,scDesign3,ACINAR,dr3,18,scDesign3,other
PHATE,PHATE,PHATE,Qglobal,0.842,scDesign3,ACINAR,dr2,18,scDesign3,other
PHATE,PHATE,PHATE,Qlocal,0.516,scDesign3,ACINAR,dr2,18,scDesign3,other
PHATE,PHATE,PHATE,centroid_distance,0.823,scDesign3,ACINAR,dr1,18,scDesign3,other
PHATE,PHATE,PHATE,k-nearest,0.8,scDesign3,ACINAR,dr1,18,scDesign3,other
PHATE,PHATE,PHATE,kmax,418.0,scDesign3,ACINAR,dr2,18,scDesign3,other
PHATE,PHATE,PHATE,random_triplet,0.827,scDesign3,ACINAR,dr1,18,scDesign3,other
PHATE,PHATE,PHATE,spearman,0.788,scDesign3,ACINAR,dr1,18,scDesign3,other
PHATE,PHATE,PHATE,svm,0.495,scDesign3,ACINAR,dr1,18,scDesign3,other
PHATE,PHATE,PHATE,AUC,0.656,scDesign3,ATAC,dr2,18,scDesign3,other
PHATE,PHATE,PHATE,Pearson,0.46,scDesign3,ATAC,dr3,18,scDesign3,other
PHATE,PHATE,PHATE,Qglobal,0.79,scDesign3,ATAC,dr2,18,scDesign3,other
PHATE,PHATE,PHATE,Qlocal,0.35,scDesign3,ATAC,dr2,18,scDesign3,other
PHATE,PHATE,PHATE,centroid_distance,0.876,scDesign3,ATAC,dr1,18,scDesign3,other
PHATE,PHATE,PHATE,k-nearest,0.821,scDesign3,ATAC,dr1,18,scDesign3,other
PHATE,PHATE,PHATE,kmax,2136.0,scDesign3,ATAC,dr2,18,scDesign3,other
PHATE,PHATE,PHATE,random_triplet,0.712,scDesign3,ATAC,dr1,18,scDesign3,other
PHATE,PHATE,PHATE,spearman,0.517,scDesign3,ATAC,dr1,18,scDesign3,other
PHATE,PHATE,PHATE,svm,0.785,scDesign3,ATAC,dr1,18,scDesign3,other
PHATE,PHATE,PHATE,AUC,0.764,scDesign3,BATCH,dr2,18,scDesign3,other
PHATE,PHATE,PHATE,Pearson,0.32,scDesign3,BATCH,dr3,18,scDesign3,other
PHATE,PHATE,PHATE,Qglobal,0.784,scDesign3,BATCH,dr2,18,scDesign3,other
PHATE,PHATE,PHATE,Qlocal,0.518,scDesign3,BATCH,dr2,18,scDesign3,other
PHATE,PHATE,PHATE,centroid_distance,0.658,scDesign3,BATCH,dr1,18,scDesign3,other
PHATE,PHATE,PHATE,k-nearest,0.611,scDesign3,BATCH,dr1,18,scDesign3,other
PHATE,PHATE,PHATE,kmax,481.0,scDesign3,BATCH,dr2,18,scDesign3,other
PHATE,PHATE,PHATE,random_triplet,0.759,scDesign3,BATCH,dr1,18,scDesign3,other
PHATE,PHATE,PHATE,spearman,0.571,scDesign3,BATCH,dr1,18,scDesign3,other
PHATE,PHATE,PHATE,svm,0.849,scDesign3,BATCH,dr1,18,scDesign3,other
PHATE,PHATE,PHATE,AUC,0.759,scDesign3,CITE,dr2,18,scDesign3,other
PHATE,PHATE,PHATE,Pearson,0.268,scDesign3,CITE,dr3,18,scDesign3,other
PHATE,PHATE,PHATE,Qglobal,0.788,scDesign3,CITE,dr2,18,scDesign3,other
PHATE,PHATE,PHATE,Qlocal,0.558,scDesign3,CITE,dr2,18,scDesign3,other
PHATE,PHATE,PHATE,centroid_distance,0.579,scDesign3,CITE,dr1,18,scDesign3,other
PHATE,PHATE,PHATE,k-nearest,0.533,scDesign3,CITE,dr1,18,scDesign3,other
PHATE,PHATE,PHATE,kmax,1075.0,scDesign3,CITE,dr2,18,scDesign3,other
PHATE,PHATE,PHATE,random_triplet,0.727,scDesign3,CITE,dr1,18,scDesign3,other
PHATE,PHATE,PHATE,spearman,0.557,scDesign3,CITE,dr1,18,scDesign3,other
PHATE,PHATE,PHATE,svm,0.651,scDesign3,CITE,dr1,18,scDesign3,other
PHATE,PHATE,PHATE,AUC,0.677,scDesign3,EMBYRO,dr2,18,scDesign3,other
PHATE,PHATE,PHATE,Pearson,0.383,scDesign3,EMBYRO,dr3,18,scDesign3,other
PHATE,PHATE,PHATE,Qglobal,0.721,scDesign3,EMBYRO,dr2,18,scDesign3,other
PHATE,PHATE,PHATE,Qlocal,0.374,scDesign3,EMBYRO,dr2,18,scDesign3,other
PHATE,PHATE,PHATE,centroid_distance,0.932,scDesign3,EMBYRO,dr1,18,scDesign3,other
PHATE,PHATE,PHATE,k-nearest,0.6,scDesign3,EMBYRO,dr1,18,scDesign3,other
PHATE,PHATE,PHATE,kmax,166.0,scDesign3,EMBYRO,dr2,18,scDesign3,other
PHATE,PHATE,PHATE,random_triplet,0.689,scDesign3,EMBYRO,dr1,18,scDesign3,other
PHATE,PHATE,PHATE,spearman,0.565,scDesign3,EMBYRO,dr1,18,scDesign3,other
PHATE,PHATE,PHATE,svm,0.489,scDesign3,EMBYRO,dr1,18,scDesign3,other
PHATE,PHATE,PHATE,AUC,0.763,scDesign3,IFNB,dr2,18,scDesign3,other
PHATE,PHATE,PHATE,Pearson,0.769,scDesign3,IFNB,dr3,18,scDesign3,other
PHATE,PHATE,PHATE,Qglobal,0.805,scDesign3,IFNB,dr2,18,scDesign3,other
PHATE,PHATE,PHATE,Qlocal,0.496,scDesign3,IFNB,dr2,18,scDesign3,other
PHATE,PHATE,PHATE,centroid_distance,0.935,scDesign3,IFNB,dr1,18,scDesign3,other
PHATE,PHATE,PHATE,k-nearest,0.667,scDesign3,IFNB,dr1,18,scDesign3,other
PHATE,PHATE,PHATE,kmax,1889.0,scDesign3,IFNB,dr2,18,scDesign3,other
PHATE,PHATE,PHATE,random_triplet,0.754,scDesign3,IFNB,dr1,18,scDesign3,other
PHATE,PHATE,PHATE,spearman,0.808,scDesign3,IFNB,dr1,18,scDesign3,other
PHATE,PHATE,PHATE,svm,0.637,scDesign3,IFNB,dr1,18,scDesign3,other
PHATE,PHATE,PHATE,AUC,0.826,scDesign3,MARROW,dr2,18,scDesign3,other
PHATE,PHATE,PHATE,Pearson,0.795,scDesign3,MARROW,dr3,18,scDesign3,other
PHATE,PHATE,PHATE,Qglobal,0.883,scDesign3,MARROW,dr2,18,scDesign3,other
PHATE,PHATE,PHATE,Qlocal,0.591,scDesign3,MARROW,dr2,18,scDesign3,other
PHATE,PHATE,PHATE,centroid_distance,1.0,scDesign3,MARROW,dr1,18,scDesign3,other
PHATE,PHATE,PHATE,k-nearest,1.0,scDesign3,MARROW,dr1,18,scDesign3,other
PHATE,PHATE,PHATE,kmax,513.0,scDesign3,MARROW,dr2,18,scDesign3,other
PHATE,PHATE,PHATE,random_triplet,0.853,scDesign3,MARROW,dr1,18,scDesign3,other
PHATE,PHATE,PHATE,spearman,0.822,scDesign3,MARROW,dr1,18,scDesign3,other
PHATE,PHATE,PHATE,svm,0.934,scDesign3,MARROW,dr1,18,scDesign3,other
PHATE,PHATE,PHATE,AUC,0.676,scDesign3,MOBSC,dr2,18,scDesign3,other
PHATE,PHATE,PHATE,Pearson,0.586,scDesign3,MOBSC,dr3,18,scDesign3,other
PHATE,PHATE,PHATE,Qglobal,0.744,scDesign3,MOBSC,dr2,18,scDesign3,other
PHATE,PHATE,PHATE,Qlocal,0.332,scDesign3,MOBSC,dr2,18,scDesign3,other
PHATE,PHATE,PHATE,centroid_distance,0.904,scDesign3,MOBSC,dr1,18,scDesign3,other
PHATE,PHATE,PHATE,k-nearest,1.0,scDesign3,MOBSC,dr1,18,scDesign3,other
PHATE,PHATE,PHATE,kmax,2078.0,scDesign3,MOBSC,dr2,18,scDesign3,other
PHATE,PHATE,PHATE,random_triplet,0.705,scDesign3,MOBSC,dr1,18,scDesign3,other
PHATE,PHATE,PHATE,spearman,0.561,scDesign3,MOBSC,dr1,18,scDesign3,other
PHATE,PHATE,PHATE,svm,0.87,scDesign3,MOBSC,dr1,18,scDesign3,other
PHATE,PHATE,PHATE,AUC,0.773,scDesign3,OVARIAN,dr2,18,scDesign3,other
PHATE,PHATE,PHATE,Pearson,0.482,scDesign3,OVARIAN,dr3,18,scDesign3,other
PHATE,PHATE,PHATE,Qglobal,0.838,scDesign3,OVARIAN,dr2,18,scDesign3,other
PHATE,PHATE,PHATE,Qlocal,0.538,scDesign3,OVARIAN,dr2,18,scDesign3,other
PHATE,PHATE,PHATE,centroid_distance,0.82,scDesign3,OVARIAN,dr1,18,scDesign3,other
PHATE,PHATE,PHATE,k-nearest,0.788,scDesign3,OVARIAN,dr1,18,scDesign3,other
PHATE,PHATE,PHATE,kmax,747.0,scDesign3,OVARIAN,dr2,18,scDesign3,other
PHATE,PHATE,PHATE,random_triplet,0.798,scDesign3,OVARIAN,dr1,18,scDesign3,other
PHATE,PHATE,PHATE,spearman,0.691,scDesign3,OVARIAN,dr1,18,scDesign3,other
PHATE,PHATE,PHATE,svm,0.379,scDesign3,OVARIAN,dr1,18,scDesign3,other
PHATE,PHATE,PHATE,AUC,0.793,scDesign3,PANCREAS,dr2,18,scDesign3,other
PHATE,PHATE,PHATE,Pearson,0.635,scDesign3,PANCREAS,dr3,18,scDesign3,other
PHATE,PHATE,PHATE,Qglobal,0.854,scDesign3,PANCREAS,dr2,18,scDesign3,other
PHATE,PHATE,PHATE,Qlocal,0.528,scDesign3,PANCREAS,dr2,18,scDesign3,other
PHATE,PHATE,PHATE,centroid_distance,0.88,scDesign3,PANCREAS,dr1,18,scDesign3,other
PHATE,PHATE,PHATE,k-nearest,0.75,scDesign3,PANCREAS,dr1,18,scDesign3,other
PHATE,PHATE,PHATE,kmax,387.0,scDesign3,PANCREAS,dr2,18,scDesign3,other
PHATE,PHATE,PHATE,random_triplet,0.821,scDesign3,PANCREAS,dr1,18,scDesign3,other
PHATE,PHATE,PHATE,spearman,0.763,scDesign3,PANCREAS,dr1,18,scDesign3,other
PHATE,PHATE,PHATE,svm,0.856,scDesign3,PANCREAS,dr1,18,scDesign3,other
PHATE,PHATE,PHATE,AUC,0.783,scDesign3,SCGEMMETH,dr2,18,scDesign3,other
PHATE,PHATE,PHATE,Pearson,0.89,scDesign3,SCGEMMETH,dr3,18,scDesign3,other
PHATE,PHATE,PHATE,Qglobal,0.931,scDesign3,SCGEMMETH,dr2,18,scDesign3,other
PHATE,PHATE,PHATE,Qlocal,0.527,scDesign3,SCGEMMETH,dr2,18,scDesign3,other
PHATE,PHATE,PHATE,centroid_distance,1.0,scDesign3,SCGEMMETH,dr1,18,scDesign3,other
PHATE,PHATE,PHATE,k-nearest,1.0,scDesign3,SCGEMMETH,dr1,18,scDesign3,other
PHATE,PHATE,PHATE,kmax,50.0,scDesign3,SCGEMMETH,dr2,18,scDesign3,other
PHATE,PHATE,PHATE,random_triplet,0.848,scDesign3,SCGEMMETH,dr1,18,scDesign3,other
PHATE,PHATE,PHATE,spearman,0.907,scDesign3,SCGEMMETH,dr1,18,scDesign3,other
PHATE,PHATE,PHATE,svm,0.706,scDesign3,SCGEMMETH,dr1,18,scDesign3,other
PHATE,PHATE,PHATE,AUC,0.807,scDesign3,SCGEMRNA,dr2,18,scDesign3,other
PHATE,PHATE,PHATE,Pearson,0.86,scDesign3,SCGEMRNA,dr3,18,scDesign3,other
PHATE,PHATE,PHATE,Qglobal,0.883,scDesign3,SCGEMRNA,dr2,18,scDesign3,other
PHATE,PHATE,PHATE,Qlocal,0.521,scDesign3,SCGEMRNA,dr2,18,scDesign3,other
PHATE,PHATE,PHATE,centroid_distance,0.932,scDesign3,SCGEMRNA,dr1,18,scDesign3,other
PHATE,PHATE,PHATE,k-nearest,0.4,scDesign3,SCGEMRNA,dr1,18,scDesign3,other
PHATE,PHATE,PHATE,kmax,35.0,scDesign3,SCGEMRNA,dr2,18,scDesign3,other
PHATE,PHATE,PHATE,random_triplet,0.859,scDesign3,SCGEMRNA,dr1,18,scDesign3,other
PHATE,PHATE,PHATE,spearman,0.869,scDesign3,SCGEMRNA,dr1,18,scDesign3,other
PHATE,PHATE,PHATE,svm,0.841,scDesign3,SCGEMRNA,dr1,18,scDesign3,other
PHATE,PHATE,PHATE,AUC,0.512,scDesign3,SCIATAC,dr2,18,scDesign3,other
PHATE,PHATE,PHATE,Pearson,0.102,scDesign3,SCIATAC,dr3,18,scDesign3,other
PHATE,PHATE,PHATE,Qglobal,0.764,scDesign3,SCIATAC,dr2,18,scDesign3,other
PHATE,PHATE,PHATE,Qlocal,0.261,scDesign3,SCIATAC,dr2,18,scDesign3,other
PHATE,PHATE,PHATE,centroid_distance,0.271,scDesign3,SCIATAC,dr1,18,scDesign3,other
PHATE,PHATE,PHATE,k-nearest,0.444,scDesign3,SCIATAC,dr1,18,scDesign3,other
PHATE,PHATE,PHATE,kmax,2012.0,scDesign3,SCIATAC,dr2,18,scDesign3,other
PHATE,PHATE,PHATE,random_triplet,0.52,scDesign3,SCIATAC,dr1,18,scDesign3,other
PHATE,PHATE,PHATE,spearman,0.117,scDesign3,SCIATAC,dr1,18,scDesign3,other
PHATE,PHATE,PHATE,svm,0.585,scDesign3,SCIATAC,dr1,18,scDesign3,other
PHATE,PHATE,PHATE,AUC,0.586,scDesign3,SLIDE,dr2,18,scDesign3,other
PHATE,PHATE,PHATE,Pearson,0.728,scDesign3,SLIDE,dr3,18,scDesign3,other
PHATE,PHATE,PHATE,Qglobal,0.878,scDesign3,SLIDE,dr2,18,scDesign3,other
PHATE,PHATE,PHATE,Qlocal,0.395,scDesign3,SLIDE,dr2,18,scDesign3,other
PHATE,PHATE,PHATE,centroid_distance,0.869,scDesign3,SLIDE,dr1,18,scDesign3,other
PHATE,PHATE,PHATE,k-nearest,0.606,scDesign3,SLIDE,dr1,18,scDesign3,other
PHATE,PHATE,PHATE,kmax,14119.0,scDesign3,SLIDE,dr2,18,scDesign3,other
PHATE,PHATE,PHATE,random_triplet,0.633,scDesign3,SLIDE,dr1,18,scDesign3,other
PHATE,PHATE,PHATE,spearman,0.613,scDesign3,SLIDE,dr1,18,scDesign3,other
PHATE,PHATE,PHATE,svm,0.569,scDesign3,SLIDE,dr1,18,scDesign3,other
PHATE,PHATE,PHATE,AUC,0.795,scDesign3,VISIUM,dr2,18,scDesign3,other
PHATE,PHATE,PHATE,Pearson,0.468,scDesign3,VISIUM,dr3,18,scDesign3,other
PHATE,PHATE,PHATE,Qglobal,0.856,scDesign3,VISIUM,dr2,18,scDesign3,other
PHATE,PHATE,PHATE,Qlocal,0.539,scDesign3,VISIUM,dr2,18,scDesign3,other
PHATE,PHATE,PHATE,centroid_distance,0.796,scDesign3,VISIUM,dr1,18,scDesign3,other
PHATE,PHATE,PHATE,k-nearest,0.8,scDesign3,VISIUM,dr1,18,scDesign3,other
PHATE,PHATE,PHATE,kmax,517.0,scDesign3,VISIUM,dr2,18,scDesign3,other
PHATE,PHATE,PHATE,random_triplet,0.819,scDesign3,VISIUM,dr1,18,scDesign3,other
PHATE,PHATE,PHATE,spearman,0.822,scDesign3,VISIUM,dr1,18,scDesign3,other
PHATE,PHATE,PHATE,svm,0.464,scDesign3,VISIUM,dr1,18,scDesign3,other
EDGE,EDGE,EDGE,AUC,0.58,SIMLR,Pollen,dr2,19,SIMLR,other
EDGE,EDGE,EDGE,Pearson,0.1,SIMLR,Pollen,dr3,19,SIMLR,other
EDGE,EDGE,EDGE,Qglobal,0.616,SIMLR,Pollen,dr2,19,SIMLR,other
EDGE,EDGE,EDGE,Qlocal,0.277,SIMLR,Pollen,dr2,19,SIMLR,other
EDGE,EDGE,EDGE,centroid_distance,0.415,SIMLR,Pollen,dr1,19,SIMLR,other
EDGE,EDGE,EDGE,k-nearest,0.758,SIMLR,Pollen,dr1,19,SIMLR,other
EDGE,EDGE,EDGE,kmax,26.0,SIMLR,Pollen,dr2,19,SIMLR,other
EDGE,EDGE,EDGE,random_triplet,0.537,SIMLR,Pollen,dr1,19,SIMLR,other
EDGE,EDGE,EDGE,spearman,0.044,SIMLR,Pollen,dr1,19,SIMLR,other
EDGE,EDGE,EDGE,svm,0.751,SIMLR,Pollen,dr1,19,SIMLR,other
EDGE,EDGE,EDGE,AUC,0.543,SIMLR,Usoskin,dr2,19,SIMLR,other
EDGE,EDGE,EDGE,Pearson,0.053,SIMLR,Usoskin,dr3,19,SIMLR,other
EDGE,EDGE,EDGE,Qglobal,0.644,SIMLR,Usoskin,dr2,19,SIMLR,other
EDGE,EDGE,EDGE,Qlocal,0.191,SIMLR,Usoskin,dr2,19,SIMLR,other
EDGE,EDGE,EDGE,centroid_distance,0.639,SIMLR,Usoskin,dr1,19,SIMLR,other
EDGE,EDGE,EDGE,k-nearest,0.25,SIMLR,Usoskin,dr1,19,SIMLR,other
EDGE,EDGE,EDGE,kmax,139.0,SIMLR,Usoskin,dr2,19,SIMLR,other
EDGE,EDGE,EDGE,random_triplet,0.549,SIMLR,Usoskin,dr1,19,SIMLR,other
EDGE,EDGE,EDGE,spearman,0.063,SIMLR,Usoskin,dr1,19,SIMLR,other
EDGE,EDGE,EDGE,svm,0.842,SIMLR,Usoskin,dr1,19,SIMLR,other
EDGE,EDGE,EDGE,AUC,0.741,TI,DA1_horns,dr2,19,trajectory,other
EDGE,EDGE,EDGE,Pearson,0.526,TI,DA1_horns,dr3,19,trajectory,other
EDGE,EDGE,EDGE,Qglobal,0.825,TI,DA1_horns,dr2,19,trajectory,other
EDGE,EDGE,EDGE,Qlocal,0.342,TI,DA1_horns,dr2,19,trajectory,other
EDGE,EDGE,EDGE,centroid_distance,0.994,TI,DA1_horns,dr1,19,trajectory,other
EDGE,EDGE,EDGE,k-nearest,1.0,TI,DA1_horns,dr1,19,trajectory,other
EDGE,EDGE,EDGE,kmax,47.0,TI,DA1_horns,dr2,19,trajectory,other
EDGE,EDGE,EDGE,random_triplet,0.783,TI,DA1_horns,dr1,19,trajectory,other
EDGE,EDGE,EDGE,spearman,0.792,TI,DA1_horns,dr1,19,trajectory,other
EDGE,EDGE,EDGE,svm,0.913,TI,DA1_horns,dr1,19,trajectory,other
EDGE,EDGE,EDGE,AUC,0.76,TI,DC3_VA1d_horns,dr2,19,trajectory,other
EDGE,EDGE,EDGE,Pearson,0.5,TI,DC3_VA1d_horns,dr3,19,trajectory,other
EDGE,EDGE,EDGE,Qglobal,0.849,TI,DC3_VA1d_horns,dr2,19,trajectory,other
EDGE,EDGE,EDGE,Qlocal,0.454,TI,DC3_VA1d_horns,dr2,19,trajectory,other
EDGE,EDGE,EDGE,centroid_distance,0.883,TI,DC3_VA1d_horns,dr1,19,trajectory,other
EDGE,EDGE,EDGE,k-nearest,0.833,TI,DC3_VA1d_horns,dr1,19,trajectory,other
EDGE,EDGE,EDGE,kmax,36.0,TI,DC3_VA1d_horns,dr2,19,trajectory,other
EDGE,EDGE,EDGE,random_triplet,0.767,TI,DC3_VA1d_horns,dr1,19,trajectory,other
EDGE,EDGE,EDGE,spearman,0.764,TI,DC3_VA1d_horns,dr1,19,trajectory,other
EDGE,EDGE,EDGE,svm,0.5,TI,DC3_VA1d_horns,dr1,19,trajectory,other
EDGE,EDGE,EDGE,AUC,0.717,TI,ICM,dr2,19,trajectory,other
EDGE,EDGE,EDGE,Pearson,0.512,TI,ICM,dr3,19,trajectory,other
EDGE,EDGE,EDGE,Qglobal,0.75,TI,ICM,dr2,19,trajectory,other
EDGE,EDGE,EDGE,Qlocal,0.49,TI,ICM,dr2,19,trajectory,other
EDGE,EDGE,EDGE,centroid_distance,0.517,TI,ICM,dr1,19,trajectory,other
EDGE,EDGE,EDGE,k-nearest,0.533,TI,ICM,dr1,19,trajectory,other
EDGE,EDGE,EDGE,kmax,33.0,TI,ICM,dr2,19,trajectory,other
EDGE,EDGE,EDGE,random_triplet,0.684,TI,ICM,dr1,19,trajectory,other
EDGE,EDGE,EDGE,spearman,0.426,TI,ICM,dr1,19,trajectory,other
EDGE,EDGE,EDGE,svm,0.838,TI,ICM,dr1,19,trajectory,other
EDGE,EDGE,EDGE,AUC,0.765,TI,blastocyst,dr2,19,trajectory,other
EDGE,EDGE,EDGE,Pearson,0.719,TI,blastocyst,dr3,19,trajectory,other
EDGE,EDGE,EDGE,Qglobal,0.796,TI,blastocyst,dr2,19,trajectory,other
EDGE,EDGE,EDGE,Qlocal,0.487,TI,blastocyst,dr2,19,trajectory,other
EDGE,EDGE,EDGE,centroid_distance,0.65,TI,blastocyst,dr1,19,trajectory,other
EDGE,EDGE,EDGE,k-nearest,0.538,TI,blastocyst,dr1,19,trajectory,other
EDGE,EDGE,EDGE,kmax,33.0,TI,blastocyst,dr2,19,trajectory,other
EDGE,EDGE,EDGE,random_triplet,0.741,TI,blastocyst,dr1,19,trajectory,other
EDGE,EDGE,EDGE,spearman,0.72,TI,blastocyst,dr1,19,trajectory,other
EDGE,EDGE,EDGE,svm,0.793,TI,blastocyst,dr1,19,trajectory,other
EDGE,EDGE,EDGE,AUC,0.571,TI,combination-1,dr2,19,trajectory,other
EDGE,EDGE,EDGE,Pearson,0.181,TI,combination-1,dr3,19,trajectory,other
EDGE,EDGE,EDGE,Qglobal,0.643,TI,combination-1,dr2,19,trajectory,other
EDGE,EDGE,EDGE,Qlocal,0.161,TI,combination-1,dr2,19,trajectory,other
EDGE,EDGE,EDGE,centroid_distance,0.648,TI,combination-1,dr1,19,trajectory,other
EDGE,EDGE,EDGE,k-nearest,0.643,TI,combination-1,dr1,19,trajectory,other
EDGE,EDGE,EDGE,kmax,635.0,TI,combination-1,dr2,19,trajectory,other
EDGE,EDGE,EDGE,random_triplet,0.583,TI,combination-1,dr1,19,trajectory,other
EDGE,EDGE,EDGE,spearman,0.271,TI,combination-1,dr1,19,trajectory,other
EDGE,EDGE,EDGE,svm,0.797,TI,combination-1,dr1,19,trajectory,other
EDGE,EDGE,EDGE,AUC,0.55,TI,combination-2,dr2,19,trajectory,other
EDGE,EDGE,EDGE,Pearson,0.0,TI,combination-2,dr3,19,trajectory,other
EDGE,EDGE,EDGE,Qglobal,0.588,TI,combination-2,dr2,19,trajectory,other
EDGE,EDGE,EDGE,Qlocal,0.11,TI,combination-2,dr2,19,trajectory,other
EDGE,EDGE,EDGE,centroid_distance,0.467,TI,combination-2,dr1,19,trajectory,other
EDGE,EDGE,EDGE,k-nearest,0.444,TI,combination-2,dr1,19,trajectory,other
EDGE,EDGE,EDGE,kmax,346.0,TI,combination-2,dr2,19,trajectory,other
EDGE,EDGE,EDGE,random_triplet,0.556,TI,combination-2,dr1,19,trajectory,other
EDGE,EDGE,EDGE,spearman,0.083,TI,combination-2,dr1,19,trajectory,other
EDGE,EDGE,EDGE,svm,0.531,TI,combination-2,dr1,19,trajectory,other
EDGE,EDGE,EDGE,AUC,0.551,TI,combination-3,dr2,19,trajectory,other
EDGE,EDGE,EDGE,Pearson,0.06,TI,combination-3,dr3,19,trajectory,other
EDGE,EDGE,EDGE,Qglobal,0.603,TI,combination-3,dr2,19,trajectory,other
EDGE,EDGE,EDGE,Qlocal,0.153,TI,combination-3,dr2,19,trajectory,other
EDGE,EDGE,EDGE,centroid_distance,0.376,TI,combination-3,dr1,19,trajectory,other
EDGE,EDGE,EDGE,k-nearest,0.357,TI,combination-3,dr1,19,trajectory,other
EDGE,EDGE,EDGE,kmax,260.0,TI,combination-3,dr2,19,trajectory,other
EDGE,EDGE,EDGE,random_triplet,0.559,TI,combination-3,dr1,19,trajectory,other
EDGE,EDGE,EDGE,spearman,0.095,TI,combination-3,dr1,19,trajectory,other
EDGE,EDGE,EDGE,svm,0.728,TI,combination-3,dr1,19,trajectory,other
EDGE,EDGE,EDGE,AUC,0.776,TI,epiblast,dr2,19,trajectory,other
EDGE,EDGE,EDGE,Pearson,0.692,TI,epiblast,dr3,19,trajectory,other
EDGE,EDGE,EDGE,Qglobal,0.84,TI,epiblast,dr2,19,trajectory,other
EDGE,EDGE,EDGE,Qlocal,0.485,TI,epiblast,dr2,19,trajectory,other
EDGE,EDGE,EDGE,centroid_distance,0.93,TI,epiblast,dr1,19,trajectory,other
EDGE,EDGE,EDGE,k-nearest,0.571,TI,epiblast,dr1,19,trajectory,other
EDGE,EDGE,EDGE,kmax,31.0,TI,epiblast,dr2,19,trajectory,other
EDGE,EDGE,EDGE,random_triplet,0.818,TI,epiblast,dr1,19,trajectory,other
EDGE,EDGE,EDGE,spearman,0.821,TI,epiblast,dr1,19,trajectory,other
EDGE,EDGE,EDGE,svm,0.786,TI,epiblast,dr1,19,trajectory,other
EDGE,EDGE,EDGE,AUC,0.58,TI,epidermis,dr2,19,trajectory,other
EDGE,EDGE,EDGE,Pearson,0.248,TI,epidermis,dr3,19,trajectory,other
EDGE,EDGE,EDGE,Qglobal,0.716,TI,epidermis,dr2,19,trajectory,other
EDGE,EDGE,EDGE,Qlocal,0.244,TI,epidermis,dr2,19,trajectory,other
EDGE,EDGE,EDGE,centroid_distance,0.813,TI,epidermis,dr1,19,trajectory,other
EDGE,EDGE,EDGE,k-nearest,0.8,TI,epidermis,dr1,19,trajectory,other
EDGE,EDGE,EDGE,kmax,1151.0,TI,epidermis,dr2,19,trajectory,other
EDGE,EDGE,EDGE,random_triplet,0.591,TI,epidermis,dr1,19,trajectory,other
EDGE,EDGE,EDGE,spearman,0.256,TI,epidermis,dr1,19,trajectory,other
EDGE,EDGE,EDGE,svm,0.807,TI,epidermis,dr1,19,trajectory,other
EDGE,EDGE,EDGE,AUC,0.725,TI,horns,dr2,19,trajectory,other
EDGE,EDGE,EDGE,Pearson,0.533,TI,horns,dr3,19,trajectory,other
EDGE,EDGE,EDGE,Qglobal,0.839,TI,horns,dr2,19,trajectory,other
EDGE,EDGE,EDGE,Qlocal,0.489,TI,horns,dr2,19,trajectory,other
EDGE,EDGE,EDGE,centroid_distance,0.869,TI,horns,dr1,19,trajectory,other
EDGE,EDGE,EDGE,k-nearest,0.821,TI,horns,dr1,19,trajectory,other
EDGE,EDGE,EDGE,kmax,146.0,TI,horns,dr2,19,trajectory,other
EDGE,EDGE,EDGE,random_triplet,0.741,TI,horns,dr1,19,trajectory,other
EDGE,EDGE,EDGE,spearman,0.682,TI,horns,dr1,19,trajectory,other
EDGE,EDGE,EDGE,svm,0.564,TI,horns,dr1,19,trajectory,other
EDGE,EDGE,EDGE,AUC,0.521,TI,muscle,dr2,19,trajectory,other
EDGE,EDGE,EDGE,Pearson,0.067,TI,muscle,dr3,19,trajectory,other
EDGE,EDGE,EDGE,Qglobal,0.579,TI,muscle,dr2,19,trajectory,other
EDGE,EDGE,EDGE,Qlocal,0.106,TI,muscle,dr2,19,trajectory,other
EDGE,EDGE,EDGE,centroid_distance,1.0,TI,muscle,dr1,19,trajectory,other
EDGE,EDGE,EDGE,k-nearest,1.0,TI,muscle,dr1,19,trajectory,other
EDGE,EDGE,EDGE,kmax,291.0,TI,muscle,dr2,19,trajectory,other
EDGE,EDGE,EDGE,random_triplet,0.515,TI,muscle,dr1,19,trajectory,other
EDGE,EDGE,EDGE,spearman,0.017,TI,muscle,dr1,19,trajectory,other
EDGE,EDGE,EDGE,svm,0.759,TI,muscle,dr1,19,trajectory,other
EDGE,EDGE,EDGE,AUC,0.523,TI,neuron,dr2,19,trajectory,other
EDGE,EDGE,EDGE,Pearson,0.045,TI,neuron,dr3,19,trajectory,other
EDGE,EDGE,EDGE,Qglobal,0.63,TI,neuron,dr2,19,trajectory,other
EDGE,EDGE,EDGE,Qlocal,0.145,TI,neuron,dr2,19,trajectory,other
EDGE,EDGE,EDGE,centroid_distance,0.37,TI,neuron,dr1,19,trajectory,other
EDGE,EDGE,EDGE,k-nearest,0.357,TI,neuron,dr1,19,trajectory,other
EDGE,EDGE,EDGE,kmax,518.0,TI,neuron,dr2,19,trajectory,other
EDGE,EDGE,EDGE,random_triplet,0.527,TI,neuron,dr1,19,trajectory,other
EDGE,EDGE,EDGE,spearman,0.057,TI,neuron,dr1,19,trajectory,other
EDGE,EDGE,EDGE,svm,0.545,TI,neuron,dr1,19,trajectory,other
EDGE,EDGE,EDGE,AUC,0.567,TI,pair-1,dr2,19,trajectory,other
EDGE,EDGE,EDGE,Pearson,0.25,TI,pair-1,dr3,19,trajectory,other
EDGE,EDGE,EDGE,Qglobal,0.748,TI,pair-1,dr2,19,trajectory,other
EDGE,EDGE,EDGE,Qlocal,0.263,TI,pair-1,dr2,19,trajectory,other
EDGE,EDGE,EDGE,centroid_distance,0.797,TI,pair-1,dr1,19,trajectory,other
EDGE,EDGE,EDGE,k-nearest,0.812,TI,pair-1,dr1,19,trajectory,other
EDGE,EDGE,EDGE,kmax,3946.0,TI,pair-1,dr2,19,trajectory,other
EDGE,EDGE,EDGE,random_triplet,0.592,TI,pair-1,dr1,19,trajectory,other
EDGE,EDGE,EDGE,spearman,0.298,TI,pair-1,dr1,19,trajectory,other
EDGE,EDGE,EDGE,svm,0.812,TI,pair-1,dr1,19,trajectory,other
EDGE,EDGE,EDGE,AUC,0.534,TI,pair-2,dr2,19,trajectory,other
EDGE,EDGE,EDGE,Pearson,0.222,TI,pair-2,dr3,19,trajectory,other
EDGE,EDGE,EDGE,Qglobal,0.632,TI,pair-2,dr2,19,trajectory,other
EDGE,EDGE,EDGE,Qlocal,0.14,TI,pair-2,dr2,19,trajectory,other
EDGE,EDGE,EDGE,centroid_distance,0.235,TI,pair-2,dr1,19,trajectory,other
EDGE,EDGE,EDGE,k-nearest,0.487,TI,pair-2,dr1,19,trajectory,other
EDGE,EDGE,EDGE,kmax,2136.0,TI,pair-2,dr2,19,trajectory,other
EDGE,EDGE,EDGE,random_triplet,0.541,TI,pair-2,dr1,19,trajectory,other
EDGE,EDGE,EDGE,spearman,0.131,TI,pair-2,dr1,19,trajectory,other
EDGE,EDGE,EDGE,svm,0.593,TI,pair-2,dr1,19,trajectory,other
EDGE,EDGE,EDGE,AUC,0.552,TI,pair-3,dr2,19,trajectory,other
EDGE,EDGE,EDGE,Pearson,0.229,TI,pair-3,dr3,19,trajectory,other
EDGE,EDGE,EDGE,Qglobal,0.789,TI,pair-3,dr2,19,trajectory,other
EDGE,EDGE,EDGE,Qlocal,0.299,TI,pair-3,dr2,19,trajectory,other
EDGE,EDGE,EDGE,centroid_distance,0.521,TI,pair-3,dr1,19,trajectory,other
EDGE,EDGE,EDGE,k-nearest,0.562,TI,pair-3,dr1,19,trajectory,other
EDGE,EDGE,EDGE,kmax,4142.0,TI,pair-3,dr2,19,trajectory,other
EDGE,EDGE,EDGE,random_triplet,0.579,TI,pair-3,dr1,19,trajectory,other
EDGE,EDGE,EDGE,spearman,0.235,TI,pair-3,dr1,19,trajectory,other
EDGE,EDGE,EDGE,svm,0.817,TI,pair-3,dr1,19,trajectory,other
EDGE,EDGE,EDGE,AUC,0.522,TI,pair-4,dr2,19,trajectory,other
EDGE,EDGE,EDGE,Pearson,0.076,TI,pair-4,dr3,19,trajectory,other
EDGE,EDGE,EDGE,Qglobal,0.618,TI,pair-4,dr2,19,trajectory,other
EDGE,EDGE,EDGE,Qlocal,0.128,TI,pair-4,dr2,19,trajectory,other
EDGE,EDGE,EDGE,centroid_distance,0.473,TI,pair-4,dr1,19,trajectory,other
EDGE,EDGE,EDGE,k-nearest,0.567,TI,pair-4,dr1,19,trajectory,other
EDGE,EDGE,EDGE,kmax,1752.0,TI,pair-4,dr2,19,trajectory,other
EDGE,EDGE,EDGE,random_triplet,0.525,TI,pair-4,dr1,19,trajectory,other
EDGE,EDGE,EDGE,spearman,0.054,TI,pair-4,dr1,19,trajectory,other
EDGE,EDGE,EDGE,svm,0.705,TI,pair-4,dr1,19,trajectory,other
EDGE,EDGE,EDGE,AUC,0.561,TI,parenchyme,dr2,19,trajectory,other
EDGE,EDGE,EDGE,Pearson,0.119,TI,parenchyme,dr3,19,trajectory,other
EDGE,EDGE,EDGE,Qglobal,0.627,TI,parenchyme,dr2,19,trajectory,other
EDGE,EDGE,EDGE,Qlocal,0.159,TI,parenchyme,dr2,19,trajectory,other
EDGE,EDGE,EDGE,centroid_distance,0.658,TI,parenchyme,dr1,19,trajectory,other
EDGE,EDGE,EDGE,k-nearest,0.4,TI,parenchyme,dr1,19,trajectory,other
EDGE,EDGE,EDGE,kmax,278.0,TI,parenchyme,dr2,19,trajectory,other
EDGE,EDGE,EDGE,random_triplet,0.56,TI,parenchyme,dr1,19,trajectory,other
EDGE,EDGE,EDGE,spearman,0.115,TI,parenchyme,dr1,19,trajectory,other
EDGE,EDGE,EDGE,svm,0.746,TI,parenchyme,dr1,19,trajectory,other
EDGE,EDGE,EDGE,AUC,0.61,TI,phagocyte,dr2,19,trajectory,other
EDGE,EDGE,EDGE,Pearson,0.287,TI,phagocyte,dr3,19,trajectory,other
EDGE,EDGE,EDGE,Qglobal,0.7,TI,phagocyte,dr2,19,trajectory,other
EDGE,EDGE,EDGE,Qlocal,0.236,TI,phagocyte,dr2,19,trajectory,other
EDGE,EDGE,EDGE,centroid_distance,1.0,TI,phagocyte,dr1,19,trajectory,other
EDGE,EDGE,EDGE,k-nearest,1.0,TI,phagocyte,dr1,19,trajectory,other
EDGE,EDGE,EDGE,kmax,134.0,TI,phagocyte,dr2,19,trajectory,other
EDGE,EDGE,EDGE,random_triplet,0.635,TI,phagocyte,dr1,19,trajectory,other
EDGE,EDGE,EDGE,spearman,0.376,TI,phagocyte,dr1,19,trajectory,other
EDGE,EDGE,EDGE,svm,0.934,TI,phagocyte,dr1,19,trajectory,other
EDGE,EDGE,EDGE,AUC,0.544,TI,pharynx,dr2,19,trajectory,other
EDGE,EDGE,EDGE,Pearson,0.11,TI,pharynx,dr3,19,trajectory,other
EDGE,EDGE,EDGE,Qglobal,0.633,TI,pharynx,dr2,19,trajectory,other
EDGE,EDGE,EDGE,Qlocal,0.166,TI,pharynx,dr2,19,trajectory,other
EDGE,EDGE,EDGE,centroid_distance,1.0,TI,pharynx,dr1,19,trajectory,other
EDGE,EDGE,EDGE,k-nearest,1.0,TI,pharynx,dr1,19,trajectory,other
EDGE,EDGE,EDGE,kmax,56.0,TI,pharynx,dr2,19,trajectory,other
EDGE,EDGE,EDGE,random_triplet,0.536,TI,pharynx,dr1,19,trajectory,other
EDGE,EDGE,EDGE,spearman,0.092,TI,pharynx,dr1,19,trajectory,other
EDGE,EDGE,EDGE,svm,0.877,TI,pharynx,dr1,19,trajectory,other
EDGE,EDGE,EDGE,AUC,0.684,TI,trophectoderm,dr2,19,trajectory,other
EDGE,EDGE,EDGE,Pearson,0.448,TI,trophectoderm,dr3,19,trajectory,other
EDGE,EDGE,EDGE,Qglobal,0.783,TI,trophectoderm,dr2,19,trajectory,other
EDGE,EDGE,EDGE,Qlocal,0.418,TI,trophectoderm,dr2,19,trajectory,other
EDGE,EDGE,EDGE,centroid_distance,0.575,TI,trophectoderm,dr1,19,trajectory,other
EDGE,EDGE,EDGE,k-nearest,0.333,TI,trophectoderm,dr1,19,trajectory,other
EDGE,EDGE,EDGE,kmax,21.0,TI,trophectoderm,dr2,19,trajectory,other
EDGE,EDGE,EDGE,random_triplet,0.727,TI,trophectoderm,dr1,19,trajectory,other
EDGE,EDGE,EDGE,spearman,0.514,TI,trophectoderm,dr1,19,trajectory,other
EDGE,EDGE,EDGE,svm,1.0,TI,trophectoderm,dr1,19,trajectory,other
EDGE,EDGE,EDGE,AUC,0.64,VASC,Baron,dr2,19,VASC,other
EDGE,EDGE,EDGE,Pearson,0.116,VASC,Baron,dr3,19,VASC,other
EDGE,EDGE,EDGE,Qglobal,0.668,VASC,Baron,dr2,19,VASC,other
EDGE,EDGE,EDGE,Qlocal,0.442,VASC,Baron,dr2,19,VASC,other
EDGE,EDGE,EDGE,centroid_distance,0.34,VASC,Baron,dr1,19,VASC,other
EDGE,EDGE,EDGE,k-nearest,0.286,VASC,Baron,dr1,19,VASC,other
EDGE,EDGE,EDGE,kmax,1062.0,VASC,Baron,dr2,19,VASC,other
EDGE,EDGE,EDGE,random_triplet,0.569,VASC,Baron,dr1,19,VASC,other
EDGE,EDGE,EDGE,spearman,0.161,VASC,Baron,dr1,19,VASC,other
EDGE,EDGE,EDGE,svm,0.276,VASC,Baron,dr1,19,VASC,other
EDGE,EDGE,EDGE,AUC,0.767,VASC,Biase,dr2,19,VASC,other
EDGE,EDGE,EDGE,Pearson,0.569,VASC,Biase,dr3,19,VASC,other
EDGE,EDGE,EDGE,Qglobal,0.904,VASC,Biase,dr2,19,VASC,other
EDGE,EDGE,EDGE,Qlocal,0.545,VASC,Biase,dr2,19,VASC,other
EDGE,EDGE,EDGE,centroid_distance,0.928,VASC,Biase,dr1,19,VASC,other
EDGE,EDGE,EDGE,k-nearest,0.5,VASC,Biase,dr1,19,VASC,other
EDGE,EDGE,EDGE,kmax,19.0,VASC,Biase,dr2,19,VASC,other
EDGE,EDGE,EDGE,random_triplet,0.821,VASC,Biase,dr1,19,VASC,other
EDGE,EDGE,EDGE,spearman,0.736,VASC,Biase,dr1,19,VASC,other
EDGE,EDGE,EDGE,svm,0.72,VASC,Biase,dr1,19,VASC,other
EDGE,EDGE,EDGE,AUC,0.753,VASC,Goolam,dr2,19,VASC,other
EDGE,EDGE,EDGE,Pearson,0.544,VASC,Goolam,dr3,19,VASC,other
EDGE,EDGE,EDGE,Qglobal,0.794,VASC,Goolam,dr2,19,VASC,other
EDGE,EDGE,EDGE,Qlocal,0.489,VASC,Goolam,dr2,19,VASC,other
EDGE,EDGE,EDGE,centroid_distance,0.819,VASC,Goolam,dr1,19,VASC,other
EDGE,EDGE,EDGE,k-nearest,0.4,VASC,Goolam,dr1,19,VASC,other
EDGE,EDGE,EDGE,kmax,15.0,VASC,Goolam,dr2,19,VASC,other
EDGE,EDGE,EDGE,random_triplet,0.713,VASC,Goolam,dr1,19,VASC,other
EDGE,EDGE,EDGE,spearman,0.633,VASC,Goolam,dr1,19,VASC,other
EDGE,EDGE,EDGE,svm,0.904,VASC,Goolam,dr1,19,VASC,other
EDGE,EDGE,EDGE,AUC,0.591,VASC,Xin,dr2,19,VASC,other
EDGE,EDGE,EDGE,Pearson,0.274,VASC,Xin,dr3,19,VASC,other
EDGE,EDGE,EDGE,Qglobal,0.756,VASC,Xin,dr2,19,VASC,other
EDGE,EDGE,EDGE,Qlocal,0.29,VASC,Xin,dr2,19,VASC,other
EDGE,EDGE,EDGE,centroid_distance,0.36,VASC,Xin,dr1,19,VASC,other
EDGE,EDGE,EDGE,k-nearest,0.125,VASC,Xin,dr1,19,VASC,other
EDGE,EDGE,EDGE,kmax,567.0,VASC,Xin,dr2,19,VASC,other
EDGE,EDGE,EDGE,random_triplet,0.618,VASC,Xin,dr1,19,VASC,other
EDGE,EDGE,EDGE,spearman,0.335,VASC,Xin,dr1,19,VASC,other
EDGE,EDGE,EDGE,svm,0.816,VASC,Xin,dr1,19,VASC,other
EDGE,EDGE,EDGE,AUC,0.683,VASC,Zeisel,dr2,19,VASC,other
EDGE,EDGE,EDGE,Pearson,0.457,VASC,Zeisel,dr3,19,VASC,other
EDGE,EDGE,EDGE,Qglobal,0.783,VASC,Zeisel,dr2,19,VASC,other
EDGE,EDGE,EDGE,Qlocal,0.444,VASC,Zeisel,dr2,19,VASC,other
EDGE,EDGE,EDGE,centroid_distance,0.462,VASC,Zeisel,dr1,19,VASC,other
EDGE,EDGE,EDGE,k-nearest,0.222,VASC,Zeisel,dr1,19,VASC,other
EDGE,EDGE,EDGE,kmax,885.0,VASC,Zeisel,dr2,19,VASC,other
EDGE,EDGE,EDGE,random_triplet,0.664,VASC,Zeisel,dr1,19,VASC,other
EDGE,EDGE,EDGE,spearman,0.461,VASC,Zeisel,dr1,19,VASC,other
EDGE,EDGE,EDGE,svm,0.835,VASC,Zeisel,dr1,19,VASC,other
EDGE,EDGE,EDGE,AUC,0.724,VASC,yan,dr2,19,VASC,other
EDGE,EDGE,EDGE,Pearson,0.593,VASC,yan,dr3,19,VASC,other
EDGE,EDGE,EDGE,Qglobal,0.776,VASC,yan,dr2,19,VASC,other
EDGE,EDGE,EDGE,Qlocal,0.604,VASC,yan,dr2,19,VASC,other
EDGE,EDGE,EDGE,centroid_distance,0.637,VASC,yan,dr1,19,VASC,other
EDGE,EDGE,EDGE,k-nearest,0.667,VASC,yan,dr1,19,VASC,other
EDGE,EDGE,EDGE,kmax,23.0,VASC,yan,dr2,19,VASC,other
EDGE,EDGE,EDGE,random_triplet,0.649,VASC,yan,dr1,19,VASC,other
EDGE,EDGE,EDGE,spearman,0.524,VASC,yan,dr1,19,VASC,other
EDGE,EDGE,EDGE,svm,0.833,VASC,yan,dr1,19,VASC,other
EDGE,EDGE,EDGE,AUC,0.572,benchmarker,Baron_mouse,dr2,19,curated,other
EDGE,EDGE,EDGE,Pearson,0.313,benchmarker,Baron_mouse,dr3,19,curated,other
EDGE,EDGE,EDGE,Qglobal,0.598,benchmarker,Baron_mouse,dr2,19,curated,other
EDGE,EDGE,EDGE,Qlocal,0.178,benchmarker,Baron_mouse,dr2,19,curated,other
EDGE,EDGE,EDGE,centroid_distance,0.491,benchmarker,Baron_mouse,dr1,19,curated,other
EDGE,EDGE,EDGE,k-nearest,0.359,benchmarker,Baron_mouse,dr1,19,curated,other
EDGE,EDGE,EDGE,kmax,119.0,benchmarker,Baron_mouse,dr2,19,curated,other
EDGE,EDGE,EDGE,random_triplet,0.575,benchmarker,Baron_mouse,dr1,19,curated,other
EDGE,EDGE,EDGE,spearman,0.292,benchmarker,Baron_mouse,dr1,19,curated,other
EDGE,EDGE,EDGE,svm,0.761,benchmarker,Baron_mouse,dr1,19,curated,other
EDGE,EDGE,EDGE,AUC,0.676,benchmarker,Darmanis,dr2,19,curated,other
EDGE,EDGE,EDGE,Pearson,0.351,benchmarker,Darmanis,dr3,19,curated,other
EDGE,EDGE,EDGE,Qglobal,0.731,benchmarker,Darmanis,dr2,19,curated,other
EDGE,EDGE,EDGE,Qlocal,0.335,benchmarker,Darmanis,dr2,19,curated,other
EDGE,EDGE,EDGE,centroid_distance,0.493,benchmarker,Darmanis,dr1,19,curated,other
EDGE,EDGE,EDGE,k-nearest,0.625,benchmarker,Darmanis,dr1,19,curated,other
EDGE,EDGE,EDGE,kmax,57.0,benchmarker,Darmanis,dr2,19,curated,other
EDGE,EDGE,EDGE,random_triplet,0.67,benchmarker,Darmanis,dr1,19,curated,other
EDGE,EDGE,EDGE,spearman,0.525,benchmarker,Darmanis,dr1,19,curated,other
EDGE,EDGE,EDGE,svm,0.764,benchmarker,Darmanis,dr1,19,curated,other
EDGE,EDGE,EDGE,AUC,0.609,benchmarker,Pancreatic,dr2,19,curated,other
EDGE,EDGE,EDGE,Pearson,0.358,benchmarker,Pancreatic,dr3,19,curated,other
EDGE,EDGE,EDGE,Qglobal,0.67,benchmarker,Pancreatic,dr2,19,curated,other
EDGE,EDGE,EDGE,Qlocal,0.225,benchmarker,Pancreatic,dr2,19,curated,other
EDGE,EDGE,EDGE,centroid_distance,0.903,benchmarker,Pancreatic,dr1,19,curated,other
EDGE,EDGE,EDGE,k-nearest,0.667,benchmarker,Pancreatic,dr1,19,curated,other
EDGE,EDGE,EDGE,kmax,8.0,benchmarker,Pancreatic,dr2,19,curated,other
EDGE,EDGE,EDGE,random_triplet,0.577,benchmarker,Pancreatic,dr1,19,curated,other
EDGE,EDGE,EDGE,spearman,0.351,benchmarker,Pancreatic,dr1,19,curated,other
EDGE,EDGE,EDGE,svm,0.617,benchmarker,Pancreatic,dr1,19,curated,other
EDGE,EDGE,EDGE,AUC,0.671,benchmarker,Silver,dr2,19,curated,other
EDGE,EDGE,EDGE,Pearson,0.614,benchmarker,Silver,dr3,19,curated,other
EDGE,EDGE,EDGE,Qglobal,0.78,benchmarker,Silver,dr2,19,curated,other
EDGE,EDGE,EDGE,Qlocal,0.342,benchmarker,Silver,dr2,19,curated,other
EDGE,EDGE,EDGE,centroid_distance,0.904,benchmarker,Silver,dr1,19,curated,other
EDGE,EDGE,EDGE,k-nearest,0.697,benchmarker,Silver,dr1,19,curated,other
EDGE,EDGE,EDGE,kmax,642.0,benchmarker,Silver,dr2,19,curated,other
EDGE,EDGE,EDGE,random_triplet,0.699,benchmarker,Silver,dr1,19,curated,other
EDGE,EDGE,EDGE,spearman,0.588,benchmarker,Silver,dr1,19,curated,other
EDGE,EDGE,EDGE,svm,0.488,benchmarker,Silver,dr1,19,curated,other
EDGE,EDGE,EDGE,AUC,0.599,benchmarker,Zhengmix4eq,dr2,19,curated,other
EDGE,EDGE,EDGE,Pearson,0.097,benchmarker,Zhengmix4eq,dr3,19,curated,other
EDGE,EDGE,EDGE,Qglobal,0.702,benchmarker,Zhengmix4eq,dr2,19,curated,other
EDGE,EDGE,EDGE,Qlocal,0.284,benchmarker,Zhengmix4eq,dr2,19,curated,other
EDGE,EDGE,EDGE,centroid_distance,0.614,benchmarker,Zhengmix4eq,dr1,19,curated,other
EDGE,EDGE,EDGE,k-nearest,0.5,benchmarker,Zhengmix4eq,dr1,19,curated,other
EDGE,EDGE,EDGE,kmax,980.0,benchmarker,Zhengmix4eq,dr2,19,curated,other
EDGE,EDGE,EDGE,random_triplet,0.588,benchmarker,Zhengmix4eq,dr1,19,curated,other
EDGE,EDGE,EDGE,spearman,0.153,benchmarker,Zhengmix4eq,dr1,19,curated,other
EDGE,EDGE,EDGE,svm,0.776,benchmarker,Zhengmix4eq,dr1,19,curated,other
EDGE,EDGE,EDGE,AUC,0.556,scDesign3,ACINAR,dr2,19,scDesign3,other
EDGE,EDGE,EDGE,Pearson,-0.043,scDesign3,ACINAR,dr3,19,scDesign3,other
EDGE,EDGE,EDGE,Qglobal,0.607,scDesign3,ACINAR,dr2,19,scDesign3,other
EDGE,EDGE,EDGE,Qlocal,0.233,scDesign3,ACINAR,dr2,19,scDesign3,other
EDGE,EDGE,EDGE,centroid_distance,0.558,scDesign3,ACINAR,dr1,19,scDesign3,other
EDGE,EDGE,EDGE,k-nearest,0.5,scDesign3,ACINAR,dr1,19,scDesign3,other
EDGE,EDGE,EDGE,kmax,410.0,scDesign3,ACINAR,dr2,19,scDesign3,other
EDGE,EDGE,EDGE,random_triplet,0.527,scDesign3,ACINAR,dr1,19,scDesign3,other
EDGE,EDGE,EDGE,spearman,-0.034,scDesign3,ACINAR,dr1,19,scDesign3,other
EDGE,EDGE,EDGE,svm,0.432,scDesign3,ACINAR,dr1,19,scDesign3,other
EDGE,EDGE,EDGE,AUC,0.611,scDesign3,ATAC,dr2,19,scDesign3,other
EDGE,EDGE,EDGE,Pearson,0.297,scDesign3,ATAC,dr3,19,scDesign3,other
EDGE,EDGE,EDGE,Qglobal,0.748,scDesign3,ATAC,dr2,19,scDesign3,other
EDGE,EDGE,EDGE,Qlocal,0.299,scDesign3,ATAC,dr2,19,scDesign3,other
EDGE,EDGE,EDGE,centroid_distance,0.68,scDesign3,ATAC,dr1,19,scDesign3,other
EDGE,EDGE,EDGE,k-nearest,0.795,scDesign3,ATAC,dr1,19,scDesign3,other
EDGE,EDGE,EDGE,kmax,2147.0,scDesign3,ATAC,dr2,19,scDesign3,other
EDGE,EDGE,EDGE,random_triplet,0.637,scDesign3,ATAC,dr1,19,scDesign3,other
EDGE,EDGE,EDGE,spearman,0.304,scDesign3,ATAC,dr1,19,scDesign3,other
EDGE,EDGE,EDGE,svm,0.71,scDesign3,ATAC,dr1,19,scDesign3,other
EDGE,EDGE,EDGE,AUC,0.537,scDesign3,BATCH,dr2,19,scDesign3,other
EDGE,EDGE,EDGE,Pearson,-0.028,scDesign3,BATCH,dr3,19,scDesign3,other
EDGE,EDGE,EDGE,Qglobal,0.581,scDesign3,BATCH,dr2,19,scDesign3,other
EDGE,EDGE,EDGE,Qlocal,0.205,scDesign3,BATCH,dr2,19,scDesign3,other
EDGE,EDGE,EDGE,centroid_distance,0.567,scDesign3,BATCH,dr1,19,scDesign3,other
EDGE,EDGE,EDGE,k-nearest,0.444,scDesign3,BATCH,dr1,19,scDesign3,other
EDGE,EDGE,EDGE,kmax,738.0,scDesign3,BATCH,dr2,19,scDesign3,other
EDGE,EDGE,EDGE,random_triplet,0.505,scDesign3,BATCH,dr1,19,scDesign3,other
EDGE,EDGE,EDGE,spearman,-0.006,scDesign3,BATCH,dr1,19,scDesign3,other
EDGE,EDGE,EDGE,svm,0.546,scDesign3,BATCH,dr1,19,scDesign3,other
EDGE,EDGE,EDGE,AUC,0.575,scDesign3,CITE,dr2,19,scDesign3,other
EDGE,EDGE,EDGE,Pearson,0.059,scDesign3,CITE,dr3,19,scDesign3,other
EDGE,EDGE,EDGE,Qglobal,0.673,scDesign3,CITE,dr2,19,scDesign3,other
EDGE,EDGE,EDGE,Qlocal,0.2,scDesign3,CITE,dr2,19,scDesign3,other
EDGE,EDGE,EDGE,centroid_distance,0.385,scDesign3,CITE,dr1,19,scDesign3,other
EDGE,EDGE,EDGE,k-nearest,0.433,scDesign3,CITE,dr1,19,scDesign3,other
EDGE,EDGE,EDGE,kmax,1793.0,scDesign3,CITE,dr2,19,scDesign3,other
EDGE,EDGE,EDGE,random_triplet,0.585,scDesign3,CITE,dr1,19,scDesign3,other
EDGE,EDGE,EDGE,spearman,0.098,scDesign3,CITE,dr1,19,scDesign3,other
EDGE,EDGE,EDGE,svm,0.432,scDesign3,CITE,dr1,19,scDesign3,other
EDGE,EDGE,EDGE,AUC,0.579,scDesign3,EMBYRO,dr2,19,scDesign3,other
EDGE,EDGE,EDGE,Pearson,0.169,scDesign3,EMBYRO,dr3,19,scDesign3,other
EDGE,EDGE,EDGE,Qglobal,0.597,scDesign3,EMBYRO,dr2,19,scDesign3,other
EDGE,EDGE,EDGE,Qlocal,0.19,scDesign3,EMBYRO,dr2,19,scDesign3,other
EDGE,EDGE,EDGE,centroid_distance,0.614,scDesign3,EMBYRO,dr1,19,scDesign3,other
EDGE,EDGE,EDGE,k-nearest,0.4,scDesign3,EMBYRO,dr1,19,scDesign3,other
EDGE,EDGE,EDGE,kmax,58.0,scDesign3,EMBYRO,dr2,19,scDesign3,other
EDGE,EDGE,EDGE,random_triplet,0.568,scDesign3,EMBYRO,dr1,19,scDesign3,other
EDGE,EDGE,EDGE,spearman,0.252,scDesign3,EMBYRO,dr1,19,scDesign3,other
EDGE,EDGE,EDGE,svm,0.444,scDesign3,EMBYRO,dr1,19,scDesign3,other
EDGE,EDGE,EDGE,AUC,0.581,scDesign3,IFNB,dr2,19,scDesign3,other
EDGE,EDGE,EDGE,Pearson,0.069,scDesign3,IFNB,dr3,19,scDesign3,other
EDGE,EDGE,EDGE,Qglobal,0.675,scDesign3,IFNB,dr2,19,scDesign3,other
EDGE,EDGE,EDGE,Qlocal,0.264,scDesign3,IFNB,dr2,19,scDesign3,other
EDGE,EDGE,EDGE,centroid_distance,0.383,scDesign3,IFNB,dr1,19,scDesign3,other
EDGE,EDGE,EDGE,k-nearest,0.41,scDesign3,IFNB,dr1,19,scDesign3,other
EDGE,EDGE,EDGE,kmax,3193.0,scDesign3,IFNB,dr2,19,scDesign3,other
EDGE,EDGE,EDGE,random_triplet,0.571,scDesign3,IFNB,dr1,19,scDesign3,other
EDGE,EDGE,EDGE,spearman,0.145,scDesign3,IFNB,dr1,19,scDesign3,other
EDGE,EDGE,EDGE,svm,0.567,scDesign3,IFNB,dr1,19,scDesign3,other
EDGE,EDGE,EDGE,AUC,0.729,scDesign3,MARROW,dr2,19,scDesign3,other
EDGE,EDGE,EDGE,Pearson,0.41,scDesign3,MARROW,dr3,19,scDesign3,other
EDGE,EDGE,EDGE,Qglobal,0.786,scDesign3,MARROW,dr2,19,scDesign3,other
EDGE,EDGE,EDGE,Qlocal,0.539,scDesign3,MARROW,dr2,19,scDesign3,other
EDGE,EDGE,EDGE,centroid_distance,0.575,scDesign3,MARROW,dr1,19,scDesign3,other
EDGE,EDGE,EDGE,k-nearest,0.333,scDesign3,MARROW,dr1,19,scDesign3,other
EDGE,EDGE,EDGE,kmax,612.0,scDesign3,MARROW,dr2,19,scDesign3,other
EDGE,EDGE,EDGE,random_triplet,0.72,scDesign3,MARROW,dr1,19,scDesign3,other
EDGE,EDGE,EDGE,spearman,0.517,scDesign3,MARROW,dr1,19,scDesign3,other
EDGE,EDGE,EDGE,svm,0.89,scDesign3,MARROW,dr1,19,scDesign3,other
EDGE,EDGE,EDGE,AUC,0.652,scDesign3,MOBSC,dr2,19,scDesign3,other
EDGE,EDGE,EDGE,Pearson,0.466,scDesign3,MOBSC,dr3,19,scDesign3,other
EDGE,EDGE,EDGE,Qglobal,0.711,scDesign3,MOBSC,dr2,19,scDesign3,other
EDGE,EDGE,EDGE,Qlocal,0.326,scDesign3,MOBSC,dr2,19,scDesign3,other
EDGE,EDGE,EDGE,centroid_distance,0.88,scDesign3,MOBSC,dr1,19,scDesign3,other
EDGE,EDGE,EDGE,k-nearest,1.0,scDesign3,MOBSC,dr1,19,scDesign3,other
EDGE,EDGE,EDGE,kmax,1939.0,scDesign3,MOBSC,dr2,19,scDesign3,other
EDGE,EDGE,EDGE,random_triplet,0.65,scDesign3,MOBSC,dr1,19,scDesign3,other
EDGE,EDGE,EDGE,spearman,0.408,scDesign3,MOBSC,dr1,19,scDesign3,other
EDGE,EDGE,EDGE,svm,0.866,scDesign3,MOBSC,dr1,19,scDesign3,other
EDGE,EDGE,EDGE,AUC,0.562,scDesign3,OVARIAN,dr2,19,scDesign3,other
EDGE,EDGE,EDGE,Pearson,-0.034,scDesign3,OVARIAN,dr3,19,scDesign3,other
EDGE,EDGE,EDGE,Qglobal,0.6,scDesign3,OVARIAN,dr2,19,scDesign3,other
EDGE,EDGE,EDGE,Qlocal,0.183,scDesign3,OVARIAN,dr2,19,scDesign3,other
EDGE,EDGE,EDGE,centroid_distance,0.495,scDesign3,OVARIAN,dr1,19,scDesign3,other
EDGE,EDGE,EDGE,k-nearest,0.364,scDesign3,OVARIAN,dr1,19,scDesign3,other
EDGE,EDGE,EDGE,kmax,319.0,scDesign3,OVARIAN,dr2,19,scDesign3,other
EDGE,EDGE,EDGE,random_triplet,0.547,scDesign3,OVARIAN,dr1,19,scDesign3,other
EDGE,EDGE,EDGE,spearman,0.015,scDesign3,OVARIAN,dr1,19,scDesign3,other
EDGE,EDGE,EDGE,svm,0.37,scDesign3,OVARIAN,dr1,19,scDesign3,other
EDGE,EDGE,EDGE,AUC,0.724,scDesign3,PANCREAS,dr2,19,scDesign3,other
EDGE,EDGE,EDGE,Pearson,0.483,scDesign3,PANCREAS,dr3,19,scDesign3,other
EDGE,EDGE,EDGE,Qglobal,0.809,scDesign3,PANCREAS,dr2,19,scDesign3,other
EDGE,EDGE,EDGE,Qlocal,0.401,scDesign3,PANCREAS,dr2,19,scDesign3,other
EDGE,EDGE,EDGE,centroid_distance,0.928,scDesign3,PANCREAS,dr1,19,scDesign3,other
EDGE,EDGE,EDGE,k-nearest,0.75,scDesign3,PANCREAS,dr1,19,scDesign3,other
EDGE,EDGE,EDGE,kmax,433.0,scDesign3,PANCREAS,dr2,19,scDesign3,other
EDGE,EDGE,EDGE,random_triplet,0.761,scDesign3,PANCREAS,dr1,19,scDesign3,other
EDGE,EDGE,EDGE,spearman,0.599,scDesign3,PANCREAS,dr1,19,scDesign3,other
EDGE,EDGE,EDGE,svm,0.827,scDesign3,PANCREAS,dr1,19,scDesign3,other
EDGE,EDGE,EDGE,AUC,0.8,scDesign3,SCGEMMETH,dr2,19,scDesign3,other
EDGE,EDGE,EDGE,Pearson,0.889,scDesign3,SCGEMMETH,dr3,19,scDesign3,other
EDGE,EDGE,EDGE,Qglobal,0.86,scDesign3,SCGEMMETH,dr2,19,scDesign3,other
EDGE,EDGE,EDGE,Qlocal,0.437,scDesign3,SCGEMMETH,dr2,19,scDesign3,other
EDGE,EDGE,EDGE,centroid_distance,1.0,scDesign3,SCGEMMETH,dr1,19,scDesign3,other
EDGE,EDGE,EDGE,k-nearest,1.0,scDesign3,SCGEMMETH,dr1,19,scDesign3,other
EDGE,EDGE,EDGE,kmax,19.0,scDesign3,SCGEMMETH,dr2,19,scDesign3,other
EDGE,EDGE,EDGE,random_triplet,0.868,scDesign3,SCGEMMETH,dr1,19,scDesign3,other
EDGE,EDGE,EDGE,spearman,0.91,scDesign3,SCGEMMETH,dr1,19,scDesign3,other
EDGE,EDGE,EDGE,svm,0.69,scDesign3,SCGEMMETH,dr1,19,scDesign3,other
EDGE,EDGE,EDGE,AUC,0.8,scDesign3,SCGEMRNA,dr2,19,scDesign3,other
EDGE,EDGE,EDGE,Pearson,0.862,scDesign3,SCGEMRNA,dr3,19,scDesign3,other
EDGE,EDGE,EDGE,Qglobal,0.868,scDesign3,SCGEMRNA,dr2,19,scDesign3,other
EDGE,EDGE,EDGE,Qlocal,0.515,scDesign3,SCGEMRNA,dr2,19,scDesign3,other
EDGE,EDGE,EDGE,centroid_distance,0.95,scDesign3,SCGEMRNA,dr1,19,scDesign3,other
EDGE,EDGE,EDGE,k-nearest,1.0,scDesign3,SCGEMRNA,dr1,19,scDesign3,other
EDGE,EDGE,EDGE,kmax,32.0,scDesign3,SCGEMRNA,dr2,19,scDesign3,other
EDGE,EDGE,EDGE,random_triplet,0.815,scDesign3,SCGEMRNA,dr1,19,scDesign3,other
EDGE,EDGE,EDGE,spearman,0.859,scDesign3,SCGEMRNA,dr1,19,scDesign3,other
EDGE,EDGE,EDGE,svm,0.79,scDesign3,SCGEMRNA,dr1,19,scDesign3,other
EDGE,EDGE,EDGE,AUC,0.519,scDesign3,SCIATAC,dr2,19,scDesign3,other
EDGE,EDGE,EDGE,Pearson,0.151,scDesign3,SCIATAC,dr3,19,scDesign3,other
EDGE,EDGE,EDGE,Qglobal,0.823,scDesign3,SCIATAC,dr2,19,scDesign3,other
EDGE,EDGE,EDGE,Qlocal,0.327,scDesign3,SCIATAC,dr2,19,scDesign3,other
EDGE,EDGE,EDGE,centroid_distance,0.448,scDesign3,SCIATAC,dr1,19,scDesign3,other
EDGE,EDGE,EDGE,k-nearest,0.472,scDesign3,SCIATAC,dr1,19,scDesign3,other
EDGE,EDGE,EDGE,kmax,2461.0,scDesign3,SCIATAC,dr2,19,scDesign3,other
EDGE,EDGE,EDGE,random_triplet,0.54,scDesign3,SCIATAC,dr1,19,scDesign3,other
EDGE,EDGE,EDGE,spearman,0.161,scDesign3,SCIATAC,dr1,19,scDesign3,other
EDGE,EDGE,EDGE,svm,0.467,scDesign3,SCIATAC,dr1,19,scDesign3,other
EDGE,EDGE,EDGE,AUC,0.524,scDesign3,SLIDE,dr2,19,scDesign3,other
EDGE,EDGE,EDGE,Pearson,0.084,scDesign3,SLIDE,dr3,19,scDesign3,other
EDGE,EDGE,EDGE,Qglobal,0.73,scDesign3,SLIDE,dr2,19,scDesign3,other
EDGE,EDGE,EDGE,Qlocal,0.248,scDesign3,SLIDE,dr2,19,scDesign3,other
EDGE,EDGE,EDGE,centroid_distance,0.515,scDesign3,SLIDE,dr1,19,scDesign3,other
EDGE,EDGE,EDGE,k-nearest,0.394,scDesign3,SLIDE,dr1,19,scDesign3,other
EDGE,EDGE,EDGE,kmax,9974.0,scDesign3,SLIDE,dr2,19,scDesign3,other
EDGE,EDGE,EDGE,random_triplet,0.529,scDesign3,SLIDE,dr1,19,scDesign3,other
EDGE,EDGE,EDGE,spearman,0.173,scDesign3,SLIDE,dr1,19,scDesign3,other
EDGE,EDGE,EDGE,svm,0.51,scDesign3,SLIDE,dr1,19,scDesign3,other
EDGE,EDGE,EDGE,AUC,0.522,scDesign3,VISIUM,dr2,19,scDesign3,other
EDGE,EDGE,EDGE,Pearson,-0.01,scDesign3,VISIUM,dr3,19,scDesign3,other
EDGE,EDGE,EDGE,Qglobal,0.573,scDesign3,VISIUM,dr2,19,scDesign3,other
EDGE,EDGE,EDGE,Qlocal,0.163,scDesign3,VISIUM,dr2,19,scDesign3,other
EDGE,EDGE,EDGE,centroid_distance,0.376,scDesign3,VISIUM,dr1,19,scDesign3,other
EDGE,EDGE,EDGE,k-nearest,0.267,scDesign3,VISIUM,dr1,19,scDesign3,other
EDGE,EDGE,EDGE,kmax,337.0,scDesign3,VISIUM,dr2,19,scDesign3,other
EDGE,EDGE,EDGE,random_triplet,0.497,scDesign3,VISIUM,dr1,19,scDesign3,other
EDGE,EDGE,EDGE,spearman,-0.03,scDesign3,VISIUM,dr1,19,scDesign3,other
EDGE,EDGE,EDGE,svm,0.398,scDesign3,VISIUM,dr1,19,scDesign3,other
SPDR,SPDR,SPDR,AUC,0.512,SIMLR,Pollen,dr2,20,SIMLR,other
SPDR,SPDR,SPDR,Pearson,-0.133,SIMLR,Pollen,dr3,20,SIMLR,other
SPDR,SPDR,SPDR,Qglobal,0.534,SIMLR,Pollen,dr2,20,SIMLR,other
SPDR,SPDR,SPDR,Qlocal,0.266,SIMLR,Pollen,dr2,20,SIMLR,other
SPDR,SPDR,SPDR,centroid_distance,0.183,SIMLR,Pollen,dr1,20,SIMLR,other
SPDR,SPDR,SPDR,k-nearest,0.545,SIMLR,Pollen,dr1,20,SIMLR,other
SPDR,SPDR,SPDR,kmax,21.0,SIMLR,Pollen,dr2,20,SIMLR,other
SPDR,SPDR,SPDR,random_triplet,0.42,SIMLR,Pollen,dr1,20,SIMLR,other
SPDR,SPDR,SPDR,spearman,-0.192,SIMLR,Pollen,dr1,20,SIMLR,other
SPDR,SPDR,SPDR,svm,0.799,SIMLR,Pollen,dr1,20,SIMLR,other
SPDR,SPDR,SPDR,AUC,0.57,SIMLR,Usoskin,dr2,20,SIMLR,other
SPDR,SPDR,SPDR,Pearson,0.11,SIMLR,Usoskin,dr3,20,SIMLR,other
SPDR,SPDR,SPDR,Qglobal,0.634,SIMLR,Usoskin,dr2,20,SIMLR,other
SPDR,SPDR,SPDR,Qlocal,0.233,SIMLR,Usoskin,dr2,20,SIMLR,other
SPDR,SPDR,SPDR,centroid_distance,0.614,SIMLR,Usoskin,dr1,20,SIMLR,other
SPDR,SPDR,SPDR,k-nearest,0.0,SIMLR,Usoskin,dr1,20,SIMLR,other
SPDR,SPDR,SPDR,kmax,100.0,SIMLR,Usoskin,dr2,20,SIMLR,other
SPDR,SPDR,SPDR,random_triplet,0.544,SIMLR,Usoskin,dr1,20,SIMLR,other
SPDR,SPDR,SPDR,spearman,0.03,SIMLR,Usoskin,dr1,20,SIMLR,other
SPDR,SPDR,SPDR,svm,0.984,SIMLR,Usoskin,dr1,20,SIMLR,other
SPDR,SPDR,SPDR,AUC,0.775,TI,DA1_horns,dr2,20,trajectory,other
SPDR,SPDR,SPDR,Pearson,0.559,TI,DA1_horns,dr3,20,trajectory,other
SPDR,SPDR,SPDR,Qglobal,0.838,TI,DA1_horns,dr2,20,trajectory,other
SPDR,SPDR,SPDR,Qlocal,0.424,TI,DA1_horns,dr2,20,trajectory,other
SPDR,SPDR,SPDR,centroid_distance,0.988,TI,DA1_horns,dr1,20,trajectory,other
SPDR,SPDR,SPDR,k-nearest,0.8,TI,DA1_horns,dr1,20,trajectory,other
SPDR,SPDR,SPDR,kmax,41.0,TI,DA1_horns,dr2,20,trajectory,other
SPDR,SPDR,SPDR,random_triplet,0.8,TI,DA1_horns,dr1,20,trajectory,other
SPDR,SPDR,SPDR,spearman,0.823,TI,DA1_horns,dr1,20,trajectory,other
SPDR,SPDR,SPDR,svm,0.964,TI,DA1_horns,dr1,20,trajectory,other
SPDR,SPDR,SPDR,AUC,0.794,TI,DC3_VA1d_horns,dr2,20,trajectory,other
SPDR,SPDR,SPDR,Pearson,0.525,TI,DC3_VA1d_horns,dr3,20,trajectory,other
SPDR,SPDR,SPDR,Qglobal,0.864,TI,DC3_VA1d_horns,dr2,20,trajectory,other
SPDR,SPDR,SPDR,Qlocal,0.508,TI,DC3_VA1d_horns,dr2,20,trajectory,other
SPDR,SPDR,SPDR,centroid_distance,0.887,TI,DC3_VA1d_horns,dr1,20,trajectory,other
SPDR,SPDR,SPDR,k-nearest,0.778,TI,DC3_VA1d_horns,dr1,20,trajectory,other
SPDR,SPDR,SPDR,kmax,31.0,TI,DC3_VA1d_horns,dr2,20,trajectory,other
SPDR,SPDR,SPDR,random_triplet,0.802,TI,DC3_VA1d_horns,dr1,20,trajectory,other
SPDR,SPDR,SPDR,spearman,0.833,TI,DC3_VA1d_horns,dr1,20,trajectory,other
SPDR,SPDR,SPDR,svm,0.518,TI,DC3_VA1d_horns,dr1,20,trajectory,other
SPDR,SPDR,SPDR,AUC,0.784,TI,ICM,dr2,20,trajectory,other
SPDR,SPDR,SPDR,Pearson,0.714,TI,ICM,dr3,20,trajectory,other
SPDR,SPDR,SPDR,Qglobal,0.814,TI,ICM,dr2,20,trajectory,other
SPDR,SPDR,SPDR,Qlocal,0.56,TI,ICM,dr2,20,trajectory,other
SPDR,SPDR,SPDR,centroid_distance,0.835,TI,ICM,dr1,20,trajectory,other
SPDR,SPDR,SPDR,k-nearest,0.733,TI,ICM,dr1,20,trajectory,other
SPDR,SPDR,SPDR,kmax,29.0,TI,ICM,dr2,20,trajectory,other
SPDR,SPDR,SPDR,random_triplet,0.777,TI,ICM,dr1,20,trajectory,other
SPDR,SPDR,SPDR,spearman,0.689,TI,ICM,dr1,20,trajectory,other
SPDR,SPDR,SPDR,svm,0.846,TI,ICM,dr1,20,trajectory,other
SPDR,SPDR,SPDR,AUC,0.782,TI,blastocyst,dr2,20,trajectory,other
SPDR,SPDR,SPDR,Pearson,0.602,TI,blastocyst,dr3,20,trajectory,other
SPDR,SPDR,SPDR,Qglobal,0.804,TI,blastocyst,dr2,20,trajectory,other
SPDR,SPDR,SPDR,Qlocal,0.571,TI,blastocyst,dr2,20,trajectory,other
SPDR,SPDR,SPDR,centroid_distance,0.728,TI,blastocyst,dr1,20,trajectory,other
SPDR,SPDR,SPDR,k-nearest,0.795,TI,blastocyst,dr1,20,trajectory,other
SPDR,SPDR,SPDR,kmax,31.0,TI,blastocyst,dr2,20,trajectory,other
SPDR,SPDR,SPDR,random_triplet,0.756,TI,blastocyst,dr1,20,trajectory,other
SPDR,SPDR,SPDR,spearman,0.572,TI,blastocyst,dr1,20,trajectory,other
SPDR,SPDR,SPDR,svm,0.882,TI,blastocyst,dr1,20,trajectory,other
SPDR,SPDR,SPDR,AUC,0.608,TI,combination-1,dr2,20,trajectory,other
SPDR,SPDR,SPDR,Pearson,0.33,TI,combination-1,dr3,20,trajectory,other
SPDR,SPDR,SPDR,Qglobal,0.661,TI,combination-1,dr2,20,trajectory,other
SPDR,SPDR,SPDR,Qlocal,0.2,TI,combination-1,dr2,20,trajectory,other
SPDR,SPDR,SPDR,centroid_distance,0.746,TI,combination-1,dr1,20,trajectory,other
SPDR,SPDR,SPDR,k-nearest,0.714,TI,combination-1,dr1,20,trajectory,other
SPDR,SPDR,SPDR,kmax,495.0,TI,combination-1,dr2,20,trajectory,other
SPDR,SPDR,SPDR,random_triplet,0.63,TI,combination-1,dr1,20,trajectory,other
SPDR,SPDR,SPDR,spearman,0.397,TI,combination-1,dr1,20,trajectory,other
SPDR,SPDR,SPDR,svm,0.876,TI,combination-1,dr1,20,trajectory,other
SPDR,SPDR,SPDR,AUC,0.59,TI,combination-2,dr2,20,trajectory,other
SPDR,SPDR,SPDR,Pearson,0.201,TI,combination-2,dr3,20,trajectory,other
SPDR,SPDR,SPDR,Qglobal,0.619,TI,combination-2,dr2,20,trajectory,other
SPDR,SPDR,SPDR,Qlocal,0.142,TI,combination-2,dr2,20,trajectory,other
SPDR,SPDR,SPDR,centroid_distance,0.715,TI,combination-2,dr1,20,trajectory,other
SPDR,SPDR,SPDR,k-nearest,0.694,TI,combination-2,dr1,20,trajectory,other
SPDR,SPDR,SPDR,kmax,264.0,TI,combination-2,dr2,20,trajectory,other
SPDR,SPDR,SPDR,random_triplet,0.605,TI,combination-2,dr1,20,trajectory,other
SPDR,SPDR,SPDR,spearman,0.236,TI,combination-2,dr1,20,trajectory,other
SPDR,SPDR,SPDR,svm,0.761,TI,combination-2,dr1,20,trajectory,other
SPDR,SPDR,SPDR,AUC,0.607,TI,combination-3,dr2,20,trajectory,other
SPDR,SPDR,SPDR,Pearson,0.206,TI,combination-3,dr3,20,trajectory,other
SPDR,SPDR,SPDR,Qglobal,0.652,TI,combination-3,dr2,20,trajectory,other
SPDR,SPDR,SPDR,Qlocal,0.213,TI,combination-3,dr2,20,trajectory,other
SPDR,SPDR,SPDR,centroid_distance,0.754,TI,combination-3,dr1,20,trajectory,other
SPDR,SPDR,SPDR,k-nearest,0.714,TI,combination-3,dr1,20,trajectory,other
SPDR,SPDR,SPDR,kmax,234.0,TI,combination-3,dr2,20,trajectory,other
SPDR,SPDR,SPDR,random_triplet,0.626,TI,combination-3,dr1,20,trajectory,other
SPDR,SPDR,SPDR,spearman,0.265,TI,combination-3,dr1,20,trajectory,other
SPDR,SPDR,SPDR,svm,0.813,TI,combination-3,dr1,20,trajectory,other
SPDR,SPDR,SPDR,AUC,0.792,TI,epiblast,dr2,20,trajectory,other
SPDR,SPDR,SPDR,Pearson,0.703,TI,epiblast,dr3,20,trajectory,other
SPDR,SPDR,SPDR,Qglobal,0.839,TI,epiblast,dr2,20,trajectory,other
SPDR,SPDR,SPDR,Qlocal,0.531,TI,epiblast,dr2,20,trajectory,other
SPDR,SPDR,SPDR,centroid_distance,0.934,TI,epiblast,dr1,20,trajectory,other
SPDR,SPDR,SPDR,k-nearest,0.714,TI,epiblast,dr1,20,trajectory,other
SPDR,SPDR,SPDR,kmax,26.0,TI,epiblast,dr2,20,trajectory,other
SPDR,SPDR,SPDR,random_triplet,0.802,TI,epiblast,dr1,20,trajectory,other
SPDR,SPDR,SPDR,spearman,0.786,TI,epiblast,dr1,20,trajectory,other
SPDR,SPDR,SPDR,svm,0.78,TI,epiblast,dr1,20,trajectory,other
SPDR,SPDR,SPDR,AUC,0.61,TI,epidermis,dr2,20,trajectory,other
SPDR,SPDR,SPDR,Pearson,0.343,TI,epidermis,dr3,20,trajectory,other
SPDR,SPDR,SPDR,Qglobal,0.667,TI,epidermis,dr2,20,trajectory,other
SPDR,SPDR,SPDR,Qlocal,0.228,TI,epidermis,dr2,20,trajectory,other
SPDR,SPDR,SPDR,centroid_distance,0.832,TI,epidermis,dr1,20,trajectory,other
SPDR,SPDR,SPDR,k-nearest,1.0,TI,epidermis,dr1,20,trajectory,other
SPDR,SPDR,SPDR,kmax,522.0,TI,epidermis,dr2,20,trajectory,other
SPDR,SPDR,SPDR,random_triplet,0.62,TI,epidermis,dr1,20,trajectory,other
SPDR,SPDR,SPDR,spearman,0.381,TI,epidermis,dr1,20,trajectory,other
SPDR,SPDR,SPDR,svm,0.885,TI,epidermis,dr1,20,trajectory,other
SPDR,SPDR,SPDR,AUC,0.736,TI,horns,dr2,20,trajectory,other
SPDR,SPDR,SPDR,Pearson,0.533,TI,horns,dr3,20,trajectory,other
SPDR,SPDR,SPDR,Qglobal,0.793,TI,horns,dr2,20,trajectory,other
SPDR,SPDR,SPDR,Qlocal,0.434,TI,horns,dr2,20,trajectory,other
SPDR,SPDR,SPDR,centroid_distance,0.803,TI,horns,dr1,20,trajectory,other
SPDR,SPDR,SPDR,k-nearest,0.75,TI,horns,dr1,20,trajectory,other
SPDR,SPDR,SPDR,kmax,72.0,TI,horns,dr2,20,trajectory,other
SPDR,SPDR,SPDR,random_triplet,0.742,TI,horns,dr1,20,trajectory,other
SPDR,SPDR,SPDR,spearman,0.653,TI,horns,dr1,20,trajectory,other
SPDR,SPDR,SPDR,svm,0.804,TI,horns,dr1,20,trajectory,other
SPDR,SPDR,SPDR,AUC,0.567,TI,muscle,dr2,20,trajectory,other
SPDR,SPDR,SPDR,Pearson,0.215,TI,muscle,dr3,20,trajectory,other
SPDR,SPDR,SPDR,Qglobal,0.622,TI,muscle,dr2,20,trajectory,other
SPDR,SPDR,SPDR,Qlocal,0.153,TI,muscle,dr2,20,trajectory,other
SPDR,SPDR,SPDR,centroid_distance,1.0,TI,muscle,dr1,20,trajectory,other
SPDR,SPDR,SPDR,k-nearest,1.0,TI,muscle,dr1,20,trajectory,other
SPDR,SPDR,SPDR,kmax,275.0,TI,muscle,dr2,20,trajectory,other
SPDR,SPDR,SPDR,random_triplet,0.59,TI,muscle,dr1,20,trajectory,other
SPDR,SPDR,SPDR,spearman,0.218,TI,muscle,dr1,20,trajectory,other
SPDR,SPDR,SPDR,svm,0.81,TI,muscle,dr1,20,trajectory,other
SPDR,SPDR,SPDR,AUC,0.567,TI,neuron,dr2,20,trajectory,other
SPDR,SPDR,SPDR,Pearson,0.179,TI,neuron,dr3,20,trajectory,other
SPDR,SPDR,SPDR,Qglobal,0.645,TI,neuron,dr2,20,trajectory,other
SPDR,SPDR,SPDR,Qlocal,0.178,TI,neuron,dr2,20,trajectory,other
SPDR,SPDR,SPDR,centroid_distance,0.75,TI,neuron,dr1,20,trajectory,other
SPDR,SPDR,SPDR,k-nearest,0.786,TI,neuron,dr1,20,trajectory,other
SPDR,SPDR,SPDR,kmax,393.0,TI,neuron,dr2,20,trajectory,other
SPDR,SPDR,SPDR,random_triplet,0.589,TI,neuron,dr1,20,trajectory,other
SPDR,SPDR,SPDR,spearman,0.212,TI,neuron,dr1,20,trajectory,other
SPDR,SPDR,SPDR,svm,0.728,TI,neuron,dr1,20,trajectory,other
SPDR,SPDR,SPDR,AUC,0.581,TI,pair-1,dr2,20,trajectory,other
SPDR,SPDR,SPDR,Pearson,0.243,TI,pair-1,dr3,20,trajectory,other
SPDR,SPDR,SPDR,Qglobal,0.649,TI,pair-1,dr2,20,trajectory,other
SPDR,SPDR,SPDR,Qlocal,0.191,TI,pair-1,dr2,20,trajectory,other
SPDR,SPDR,SPDR,centroid_distance,0.66,TI,pair-1,dr1,20,trajectory,other
SPDR,SPDR,SPDR,k-nearest,0.688,TI,pair-1,dr1,20,trajectory,other
SPDR,SPDR,SPDR,kmax,1560.0,TI,pair-1,dr2,20,trajectory,other
SPDR,SPDR,SPDR,random_triplet,0.604,TI,pair-1,dr1,20,trajectory,other
SPDR,SPDR,SPDR,spearman,0.277,TI,pair-1,dr1,20,trajectory,other
SPDR,SPDR,SPDR,svm,0.908,TI,pair-1,dr1,20,trajectory,other
SPDR,SPDR,SPDR,AUC,0.569,TI,pair-2,dr2,20,trajectory,other
SPDR,SPDR,SPDR,Pearson,0.263,TI,pair-2,dr3,20,trajectory,other
SPDR,SPDR,SPDR,Qglobal,0.687,TI,pair-2,dr2,20,trajectory,other
SPDR,SPDR,SPDR,Qlocal,0.227,TI,pair-2,dr2,20,trajectory,other
SPDR,SPDR,SPDR,centroid_distance,0.559,TI,pair-2,dr1,20,trajectory,other
SPDR,SPDR,SPDR,k-nearest,0.667,TI,pair-2,dr1,20,trajectory,other
SPDR,SPDR,SPDR,kmax,2719.0,TI,pair-2,dr2,20,trajectory,other
SPDR,SPDR,SPDR,random_triplet,0.59,TI,pair-2,dr1,20,trajectory,other
SPDR,SPDR,SPDR,spearman,0.28,TI,pair-2,dr1,20,trajectory,other
SPDR,SPDR,SPDR,svm,0.761,TI,pair-2,dr1,20,trajectory,other
SPDR,SPDR,SPDR,AUC,0.568,TI,pair-3,dr2,20,trajectory,other
SPDR,SPDR,SPDR,Pearson,0.257,TI,pair-3,dr3,20,trajectory,other
SPDR,SPDR,SPDR,Qglobal,0.653,TI,pair-3,dr2,20,trajectory,other
SPDR,SPDR,SPDR,Qlocal,0.192,TI,pair-3,dr2,20,trajectory,other
SPDR,SPDR,SPDR,centroid_distance,0.852,TI,pair-3,dr1,20,trajectory,other
SPDR,SPDR,SPDR,k-nearest,0.688,TI,pair-3,dr1,20,trajectory,other
SPDR,SPDR,SPDR,kmax,1576.0,TI,pair-3,dr2,20,trajectory,other
SPDR,SPDR,SPDR,random_triplet,0.585,TI,pair-3,dr1,20,trajectory,other
SPDR,SPDR,SPDR,spearman,0.291,TI,pair-3,dr1,20,trajectory,other
SPDR,SPDR,SPDR,svm,0.908,TI,pair-3,dr1,20,trajectory,other
SPDR,SPDR,SPDR,AUC,0.552,TI,pair-4,dr2,20,trajectory,other
SPDR,SPDR,SPDR,Pearson,0.166,TI,pair-4,dr3,20,trajectory,other
SPDR,SPDR,SPDR,Qglobal,0.636,TI,pair-4,dr2,20,trajectory,other
SPDR,SPDR,SPDR,Qlocal,0.185,TI,pair-4,dr2,20,trajectory,other
SPDR,SPDR,SPDR,centroid_distance,0.564,TI,pair-4,dr1,20,trajectory,other
SPDR,SPDR,SPDR,k-nearest,0.6,TI,pair-4,dr1,20,trajectory,other
SPDR,SPDR,SPDR,kmax,1684.0,TI,pair-4,dr2,20,trajectory,other
SPDR,SPDR,SPDR,random_triplet,0.564,TI,pair-4,dr1,20,trajectory,other
SPDR,SPDR,SPDR,spearman,0.179,TI,pair-4,dr1,20,trajectory,other
SPDR,SPDR,SPDR,svm,0.816,TI,pair-4,dr1,20,trajectory,other
SPDR,SPDR,SPDR,AUC,0.6,TI,parenchyme,dr2,20,trajectory,other
SPDR,SPDR,SPDR,Pearson,0.205,TI,parenchyme,dr3,20,trajectory,other
SPDR,SPDR,SPDR,Qglobal,0.651,TI,parenchyme,dr2,20,trajectory,other
SPDR,SPDR,SPDR,Qlocal,0.205,TI,parenchyme,dr2,20,trajectory,other
SPDR,SPDR,SPDR,centroid_distance,0.919,TI,parenchyme,dr1,20,trajectory,other
SPDR,SPDR,SPDR,k-nearest,0.6,TI,parenchyme,dr1,20,trajectory,other
SPDR,SPDR,SPDR,kmax,226.0,TI,parenchyme,dr2,20,trajectory,other
SPDR,SPDR,SPDR,random_triplet,0.608,TI,parenchyme,dr1,20,trajectory,other
SPDR,SPDR,SPDR,spearman,0.279,TI,parenchyme,dr1,20,trajectory,other
SPDR,SPDR,SPDR,svm,0.858,TI,parenchyme,dr1,20,trajectory,other
SPDR,SPDR,SPDR,AUC,0.635,TI,phagocyte,dr2,20,trajectory,other
SPDR,SPDR,SPDR,Pearson,0.426,TI,phagocyte,dr3,20,trajectory,other
SPDR,SPDR,SPDR,Qglobal,0.739,TI,phagocyte,dr2,20,trajectory,other
SPDR,SPDR,SPDR,Qlocal,0.309,TI,phagocyte,dr2,20,trajectory,other
SPDR,SPDR,SPDR,centroid_distance,1.0,TI,phagocyte,dr1,20,trajectory,other
SPDR,SPDR,SPDR,k-nearest,1.0,TI,phagocyte,dr1,20,trajectory,other
SPDR,SPDR,SPDR,kmax,167.0,TI,phagocyte,dr2,20,trajectory,other
SPDR,SPDR,SPDR,random_triplet,0.663,TI,phagocyte,dr1,20,trajectory,other
SPDR,SPDR,SPDR,spearman,0.503,TI,phagocyte,dr1,20,trajectory,other
SPDR,SPDR,SPDR,svm,0.928,TI,phagocyte,dr1,20,trajectory,other
SPDR,SPDR,SPDR,AUC,0.667,TI,pharynx,dr2,20,trajectory,other
SPDR,SPDR,SPDR,Pearson,0.609,TI,pharynx,dr3,20,trajectory,other
SPDR,SPDR,SPDR,Qglobal,0.883,TI,pharynx,dr2,20,trajectory,other
SPDR,SPDR,SPDR,Qlocal,0.456,TI,pharynx,dr2,20,trajectory,other
SPDR,SPDR,SPDR,centroid_distance,1.0,TI,pharynx,dr1,20,trajectory,other
SPDR,SPDR,SPDR,k-nearest,1.0,TI,pharynx,dr1,20,trajectory,other
SPDR,SPDR,SPDR,kmax,146.0,TI,pharynx,dr2,20,trajectory,other
SPDR,SPDR,SPDR,random_triplet,0.722,TI,pharynx,dr1,20,trajectory,other
SPDR,SPDR,SPDR,spearman,0.624,TI,pharynx,dr1,20,trajectory,other
SPDR,SPDR,SPDR,svm,0.972,TI,pharynx,dr1,20,trajectory,other
SPDR,SPDR,SPDR,AUC,0.733,TI,trophectoderm,dr2,20,trajectory,other
SPDR,SPDR,SPDR,Pearson,0.552,TI,trophectoderm,dr3,20,trajectory,other
SPDR,SPDR,SPDR,Qglobal,0.825,TI,trophectoderm,dr2,20,trajectory,other
SPDR,SPDR,SPDR,Qlocal,0.459,TI,trophectoderm,dr2,20,trajectory,other
SPDR,SPDR,SPDR,centroid_distance,1.0,TI,trophectoderm,dr1,20,trajectory,other
SPDR,SPDR,SPDR,k-nearest,1.0,TI,trophectoderm,dr1,20,trajectory,other
SPDR,SPDR,SPDR,kmax,19.0,TI,trophectoderm,dr2,20,trajectory,other
SPDR,SPDR,SPDR,random_triplet,0.798,TI,trophectoderm,dr1,20,trajectory,other
SPDR,SPDR,SPDR,spearman,0.667,TI,trophectoderm,dr1,20,trajectory,other
SPDR,SPDR,SPDR,svm,0.903,TI,trophectoderm,dr1,20,trajectory,other
SPDR,SPDR,SPDR,AUC,0.725,VASC,Baron,dr2,20,VASC,other
SPDR,SPDR,SPDR,Pearson,0.628,VASC,Baron,dr3,20,VASC,other
SPDR,SPDR,SPDR,Qglobal,0.748,VASC,Baron,dr2,20,VASC,other
SPDR,SPDR,SPDR,Qlocal,0.453,VASC,Baron,dr2,20,VASC,other
SPDR,SPDR,SPDR,centroid_distance,0.552,VASC,Baron,dr1,20,VASC,other
SPDR,SPDR,SPDR,k-nearest,0.571,VASC,Baron,dr1,20,VASC,other
SPDR,SPDR,SPDR,kmax,689.0,VASC,Baron,dr2,20,VASC,other
SPDR,SPDR,SPDR,random_triplet,0.708,VASC,Baron,dr1,20,VASC,other
SPDR,SPDR,SPDR,spearman,0.606,VASC,Baron,dr1,20,VASC,other
SPDR,SPDR,SPDR,svm,0.343,VASC,Baron,dr1,20,VASC,other
SPDR,SPDR,SPDR,AUC,0.742,VASC,Biase,dr2,20,VASC,other
SPDR,SPDR,SPDR,Pearson,0.528,VASC,Biase,dr3,20,VASC,other
SPDR,SPDR,SPDR,Qglobal,0.83,VASC,Biase,dr2,20,VASC,other
SPDR,SPDR,SPDR,Qlocal,0.617,VASC,Biase,dr2,20,VASC,other
SPDR,SPDR,SPDR,centroid_distance,0.542,VASC,Biase,dr1,20,VASC,other
SPDR,SPDR,SPDR,k-nearest,0.5,VASC,Biase,dr1,20,VASC,other
SPDR,SPDR,SPDR,kmax,19.0,VASC,Biase,dr2,20,VASC,other
SPDR,SPDR,SPDR,random_triplet,0.754,VASC,Biase,dr1,20,VASC,other
SPDR,SPDR,SPDR,spearman,0.5,VASC,Biase,dr1,20,VASC,other
SPDR,SPDR,SPDR,svm,0.933,VASC,Biase,dr1,20,VASC,other
SPDR,SPDR,SPDR,AUC,0.746,VASC,Goolam,dr2,20,VASC,other
SPDR,SPDR,SPDR,Pearson,0.491,VASC,Goolam,dr3,20,VASC,other
SPDR,SPDR,SPDR,Qglobal,0.776,VASC,Goolam,dr2,20,VASC,other
SPDR,SPDR,SPDR,Qlocal,0.567,VASC,Goolam,dr2,20,VASC,other
SPDR,SPDR,SPDR,centroid_distance,0.645,VASC,Goolam,dr1,20,VASC,other
SPDR,SPDR,SPDR,k-nearest,0.6,VASC,Goolam,dr1,20,VASC,other
SPDR,SPDR,SPDR,kmax,15.0,VASC,Goolam,dr2,20,VASC,other
SPDR,SPDR,SPDR,random_triplet,0.703,VASC,Goolam,dr1,20,VASC,other
SPDR,SPDR,SPDR,spearman,0.569,VASC,Goolam,dr1,20,VASC,other
SPDR,SPDR,SPDR,svm,0.904,VASC,Goolam,dr1,20,VASC,other
SPDR,SPDR,SPDR,AUC,0.649,VASC,Xin,dr2,20,VASC,other
SPDR,SPDR,SPDR,Pearson,0.506,VASC,Xin,dr3,20,VASC,other
SPDR,SPDR,SPDR,Qglobal,0.766,VASC,Xin,dr2,20,VASC,other
SPDR,SPDR,SPDR,Qlocal,0.337,VASC,Xin,dr2,20,VASC,other
SPDR,SPDR,SPDR,centroid_distance,0.674,VASC,Xin,dr1,20,VASC,other
SPDR,SPDR,SPDR,k-nearest,0.75,VASC,Xin,dr1,20,VASC,other
SPDR,SPDR,SPDR,kmax,435.0,VASC,Xin,dr2,20,VASC,other
SPDR,SPDR,SPDR,random_triplet,0.668,VASC,Xin,dr1,20,VASC,other
SPDR,SPDR,SPDR,spearman,0.536,VASC,Xin,dr1,20,VASC,other
SPDR,SPDR,SPDR,svm,0.959,VASC,Xin,dr1,20,VASC,other
SPDR,SPDR,SPDR,AUC,0.656,VASC,Zeisel,dr2,20,VASC,other
SPDR,SPDR,SPDR,Pearson,0.289,VASC,Zeisel,dr3,20,VASC,other
SPDR,SPDR,SPDR,Qglobal,0.685,VASC,Zeisel,dr2,20,VASC,other
SPDR,SPDR,SPDR,Qlocal,0.361,VASC,Zeisel,dr2,20,VASC,other
SPDR,SPDR,SPDR,centroid_distance,0.296,VASC,Zeisel,dr1,20,VASC,other
SPDR,SPDR,SPDR,k-nearest,0.333,VASC,Zeisel,dr1,20,VASC,other
SPDR,SPDR,SPDR,kmax,273.0,VASC,Zeisel,dr2,20,VASC,other
SPDR,SPDR,SPDR,random_triplet,0.617,VASC,Zeisel,dr1,20,VASC,other
SPDR,SPDR,SPDR,spearman,0.284,VASC,Zeisel,dr1,20,VASC,other
SPDR,SPDR,SPDR,svm,0.9,VASC,Zeisel,dr1,20,VASC,other
SPDR,SPDR,SPDR,AUC,0.784,VASC,yan,dr2,20,VASC,other
SPDR,SPDR,SPDR,Pearson,0.712,VASC,yan,dr3,20,VASC,other
SPDR,SPDR,SPDR,Qglobal,0.828,VASC,yan,dr2,20,VASC,other
SPDR,SPDR,SPDR,Qlocal,0.686,VASC,yan,dr2,20,VASC,other
SPDR,SPDR,SPDR,centroid_distance,0.726,VASC,yan,dr1,20,VASC,other
SPDR,SPDR,SPDR,k-nearest,0.75,VASC,yan,dr1,20,VASC,other
SPDR,SPDR,SPDR,kmax,22.0,VASC,yan,dr2,20,VASC,other
SPDR,SPDR,SPDR,random_triplet,0.756,VASC,yan,dr1,20,VASC,other
SPDR,SPDR,SPDR,spearman,0.654,VASC,yan,dr1,20,VASC,other
SPDR,SPDR,SPDR,svm,0.878,VASC,yan,dr1,20,VASC,other
SPDR,SPDR,SPDR,AUC,0.649,benchmarker,Baron_mouse,dr2,20,curated,other
SPDR,SPDR,SPDR,Pearson,0.491,benchmarker,Baron_mouse,dr3,20,curated,other
SPDR,SPDR,SPDR,Qglobal,0.673,benchmarker,Baron_mouse,dr2,20,curated,other
SPDR,SPDR,SPDR,Qlocal,0.297,benchmarker,Baron_mouse,dr2,20,curated,other
SPDR,SPDR,SPDR,centroid_distance,0.197,benchmarker,Baron_mouse,dr1,20,curated,other
SPDR,SPDR,SPDR,k-nearest,0.564,benchmarker,Baron_mouse,dr1,20,curated,other
SPDR,SPDR,SPDR,kmax,120.0,benchmarker,Baron_mouse,dr2,20,curated,other
SPDR,SPDR,SPDR,random_triplet,0.663,benchmarker,Baron_mouse,dr1,20,curated,other
SPDR,SPDR,SPDR,spearman,0.473,benchmarker,Baron_mouse,dr1,20,curated,other
SPDR,SPDR,SPDR,svm,0.966,benchmarker,Baron_mouse,dr1,20,curated,other
SPDR,SPDR,SPDR,AUC,0.677,benchmarker,Darmanis,dr2,20,curated,other
SPDR,SPDR,SPDR,Pearson,0.364,benchmarker,Darmanis,dr3,20,curated,other
SPDR,SPDR,SPDR,Qglobal,0.706,benchmarker,Darmanis,dr2,20,curated,other
SPDR,SPDR,SPDR,Qlocal,0.434,benchmarker,Darmanis,dr2,20,curated,other
SPDR,SPDR,SPDR,centroid_distance,0.35,benchmarker,Darmanis,dr1,20,curated,other
SPDR,SPDR,SPDR,k-nearest,0.188,benchmarker,Darmanis,dr1,20,curated,other
SPDR,SPDR,SPDR,kmax,43.0,benchmarker,Darmanis,dr2,20,curated,other
SPDR,SPDR,SPDR,random_triplet,0.634,benchmarker,Darmanis,dr1,20,curated,other
SPDR,SPDR,SPDR,spearman,0.367,benchmarker,Darmanis,dr1,20,curated,other
SPDR,SPDR,SPDR,svm,0.96,benchmarker,Darmanis,dr1,20,curated,other
SPDR,SPDR,SPDR,AUC,0.743,benchmarker,Pancreatic,dr2,20,curated,other
SPDR,SPDR,SPDR,Pearson,0.586,benchmarker,Pancreatic,dr3,20,curated,other
SPDR,SPDR,SPDR,Qglobal,0.823,benchmarker,Pancreatic,dr2,20,curated,other
SPDR,SPDR,SPDR,Qlocal,0.395,benchmarker,Pancreatic,dr2,20,curated,other
SPDR,SPDR,SPDR,centroid_distance,0.838,benchmarker,Pancreatic,dr1,20,curated,other
SPDR,SPDR,SPDR,k-nearest,0.667,benchmarker,Pancreatic,dr1,20,curated,other
SPDR,SPDR,SPDR,kmax,10.0,benchmarker,Pancreatic,dr2,20,curated,other
SPDR,SPDR,SPDR,random_triplet,0.75,benchmarker,Pancreatic,dr1,20,curated,other
SPDR,SPDR,SPDR,spearman,0.759,benchmarker,Pancreatic,dr1,20,curated,other
SPDR,SPDR,SPDR,svm,0.6,benchmarker,Pancreatic,dr1,20,curated,other
SPDR,SPDR,SPDR,AUC,0.705,benchmarker,Silver,dr2,20,curated,other
SPDR,SPDR,SPDR,Pearson,0.699,benchmarker,Silver,dr3,20,curated,other
SPDR,SPDR,SPDR,Qglobal,0.799,benchmarker,Silver,dr2,20,curated,other
SPDR,SPDR,SPDR,Qlocal,0.417,benchmarker,Silver,dr2,20,curated,other
SPDR,SPDR,SPDR,centroid_distance,0.968,benchmarker,Silver,dr1,20,curated,other
SPDR,SPDR,SPDR,k-nearest,0.909,benchmarker,Silver,dr1,20,curated,other
SPDR,SPDR,SPDR,kmax,636.0,benchmarker,Silver,dr2,20,curated,other
SPDR,SPDR,SPDR,random_triplet,0.722,benchmarker,Silver,dr1,20,curated,other
SPDR,SPDR,SPDR,spearman,0.673,benchmarker,Silver,dr1,20,curated,other
SPDR,SPDR,SPDR,svm,0.527,benchmarker,Silver,dr1,20,curated,other
SPDR,SPDR,SPDR,AUC,0.641,benchmarker,Zhengmix4eq,dr2,20,curated,other
SPDR,SPDR,SPDR,Pearson,0.35,benchmarker,Zhengmix4eq,dr3,20,curated,other
SPDR,SPDR,SPDR,Qglobal,0.732,benchmarker,Zhengmix4eq,dr2,20,curated,other
SPDR,SPDR,SPDR,Qlocal,0.365,benchmarker,Zhengmix4eq,dr2,20,curated,other
SPDR,SPDR,SPDR,centroid_distance,0.759,benchmarker,Zhengmix4eq,dr1,20,curated,other
SPDR,SPDR,SPDR,k-nearest,0.5,benchmarker,Zhengmix4eq,dr1,20,curated,other
SPDR,SPDR,SPDR,kmax,985.0,benchmarker,Zhengmix4eq,dr2,20,curated,other
SPDR,SPDR,SPDR,random_triplet,0.621,benchmarker,Zhengmix4eq,dr1,20,curated,other
SPDR,SPDR,SPDR,spearman,0.307,benchmarker,Zhengmix4eq,dr1,20,curated,other
SPDR,SPDR,SPDR,svm,0.966,benchmarker,Zhengmix4eq,dr1,20,curated,other
SPDR,SPDR,SPDR,AUC,0.8,scDesign3,ACINAR,dr2,20,scDesign3,other
SPDR,SPDR,SPDR,Pearson,0.453,scDesign3,ACINAR,dr3,20,scDesign3,other
SPDR,SPDR,SPDR,Qglobal,0.828,scDesign3,ACINAR,dr2,20,scDesign3,other
SPDR,SPDR,SPDR,Qlocal,0.552,scDesign3,ACINAR,dr2,20,scDesign3,other
SPDR,SPDR,SPDR,centroid_distance,0.775,scDesign3,ACINAR,dr1,20,scDesign3,other
SPDR,SPDR,SPDR,k-nearest,0.733,scDesign3,ACINAR,dr1,20,scDesign3,other
SPDR,SPDR,SPDR,kmax,309.0,scDesign3,ACINAR,dr2,20,scDesign3,other
SPDR,SPDR,SPDR,random_triplet,0.807,scDesign3,ACINAR,dr1,20,scDesign3,other
SPDR,SPDR,SPDR,spearman,0.664,scDesign3,ACINAR,dr1,20,scDesign3,other
SPDR,SPDR,SPDR,svm,0.571,scDesign3,ACINAR,dr1,20,scDesign3,other
SPDR,SPDR,SPDR,AUC,0.666,scDesign3,ATAC,dr2,20,scDesign3,other
SPDR,SPDR,SPDR,Pearson,0.488,scDesign3,ATAC,dr3,20,scDesign3,other
SPDR,SPDR,SPDR,Qglobal,0.782,scDesign3,ATAC,dr2,20,scDesign3,other
SPDR,SPDR,SPDR,Qlocal,0.362,scDesign3,ATAC,dr2,20,scDesign3,other
SPDR,SPDR,SPDR,centroid_distance,0.868,scDesign3,ATAC,dr1,20,scDesign3,other
SPDR,SPDR,SPDR,k-nearest,0.821,scDesign3,ATAC,dr1,20,scDesign3,other
SPDR,SPDR,SPDR,kmax,1937.0,scDesign3,ATAC,dr2,20,scDesign3,other
SPDR,SPDR,SPDR,random_triplet,0.713,scDesign3,ATAC,dr1,20,scDesign3,other
SPDR,SPDR,SPDR,spearman,0.539,scDesign3,ATAC,dr1,20,scDesign3,other
SPDR,SPDR,SPDR,svm,0.802,scDesign3,ATAC,dr1,20,scDesign3,other
SPDR,SPDR,SPDR,AUC,0.762,scDesign3,BATCH,dr2,20,scDesign3,other
SPDR,SPDR,SPDR,Pearson,0.228,scDesign3,BATCH,dr3,20,scDesign3,other
SPDR,SPDR,SPDR,Qglobal,0.775,scDesign3,BATCH,dr2,20,scDesign3,other
SPDR,SPDR,SPDR,Qlocal,0.575,scDesign3,BATCH,dr2,20,scDesign3,other
SPDR,SPDR,SPDR,centroid_distance,0.42,scDesign3,BATCH,dr1,20,scDesign3,other
SPDR,SPDR,SPDR,k-nearest,0.556,scDesign3,BATCH,dr1,20,scDesign3,other
SPDR,SPDR,SPDR,kmax,408.0,scDesign3,BATCH,dr2,20,scDesign3,other
SPDR,SPDR,SPDR,random_triplet,0.738,scDesign3,BATCH,dr1,20,scDesign3,other
SPDR,SPDR,SPDR,spearman,0.473,scDesign3,BATCH,dr1,20,scDesign3,other
SPDR,SPDR,SPDR,svm,0.878,scDesign3,BATCH,dr1,20,scDesign3,other
SPDR,SPDR,SPDR,AUC,0.807,scDesign3,CITE,dr2,20,scDesign3,other
SPDR,SPDR,SPDR,Pearson,0.372,scDesign3,CITE,dr3,20,scDesign3,other
SPDR,SPDR,SPDR,Qglobal,0.816,scDesign3,CITE,dr2,20,scDesign3,other
SPDR,SPDR,SPDR,Qlocal,0.64,scDesign3,CITE,dr2,20,scDesign3,other
SPDR,SPDR,SPDR,centroid_distance,0.647,scDesign3,CITE,dr1,20,scDesign3,other
SPDR,SPDR,SPDR,k-nearest,0.617,scDesign3,CITE,dr1,20,scDesign3,other
SPDR,SPDR,SPDR,kmax,426.0,scDesign3,CITE,dr2,20,scDesign3,other
SPDR,SPDR,SPDR,random_triplet,0.792,scDesign3,CITE,dr1,20,scDesign3,other
SPDR,SPDR,SPDR,spearman,0.605,scDesign3,CITE,dr1,20,scDesign3,other
SPDR,SPDR,SPDR,svm,0.689,scDesign3,CITE,dr1,20,scDesign3,other
SPDR,SPDR,SPDR,AUC,0.728,scDesign3,EMBYRO,dr2,20,scDesign3,other
SPDR,SPDR,SPDR,Pearson,0.418,scDesign3,EMBYRO,dr3,20,scDesign3,other
SPDR,SPDR,SPDR,Qglobal,0.739,scDesign3,EMBYRO,dr2,20,scDesign3,other
SPDR,SPDR,SPDR,Qlocal,0.498,scDesign3,EMBYRO,dr2,20,scDesign3,other
SPDR,SPDR,SPDR,centroid_distance,0.919,scDesign3,EMBYRO,dr1,20,scDesign3,other
SPDR,SPDR,SPDR,k-nearest,0.8,scDesign3,EMBYRO,dr1,20,scDesign3,other
SPDR,SPDR,SPDR,kmax,55.0,scDesign3,EMBYRO,dr2,20,scDesign3,other
SPDR,SPDR,SPDR,random_triplet,0.733,scDesign3,EMBYRO,dr1,20,scDesign3,other
SPDR,SPDR,SPDR,spearman,0.565,scDesign3,EMBYRO,dr1,20,scDesign3,other
SPDR,SPDR,SPDR,svm,0.599,scDesign3,EMBYRO,dr1,20,scDesign3,other
SPDR,SPDR,SPDR,AUC,0.801,scDesign3,IFNB,dr2,20,scDesign3,other
SPDR,SPDR,SPDR,Pearson,0.534,scDesign3,IFNB,dr3,20,scDesign3,other
SPDR,SPDR,SPDR,Qglobal,0.826,scDesign3,IFNB,dr2,20,scDesign3,other
SPDR,SPDR,SPDR,Qlocal,0.526,scDesign3,IFNB,dr2,20,scDesign3,other
SPDR,SPDR,SPDR,centroid_distance,0.668,scDesign3,IFNB,dr1,20,scDesign3,other
SPDR,SPDR,SPDR,k-nearest,0.615,scDesign3,IFNB,dr1,20,scDesign3,other
SPDR,SPDR,SPDR,kmax,1135.0,scDesign3,IFNB,dr2,20,scDesign3,other
SPDR,SPDR,SPDR,random_triplet,0.82,scDesign3,IFNB,dr1,20,scDesign3,other
SPDR,SPDR,SPDR,spearman,0.676,scDesign3,IFNB,dr1,20,scDesign3,other
SPDR,SPDR,SPDR,svm,0.712,scDesign3,IFNB,dr1,20,scDesign3,other
SPDR,SPDR,SPDR,AUC,0.798,scDesign3,MARROW,dr2,20,scDesign3,other
SPDR,SPDR,SPDR,Pearson,0.649,scDesign3,MARROW,dr3,20,scDesign3,other
SPDR,SPDR,SPDR,Qglobal,0.835,scDesign3,MARROW,dr2,20,scDesign3,other
SPDR,SPDR,SPDR,Qlocal,0.587,scDesign3,MARROW,dr2,20,scDesign3,other
SPDR,SPDR,SPDR,centroid_distance,0.858,scDesign3,MARROW,dr1,20,scDesign3,other
SPDR,SPDR,SPDR,k-nearest,0.667,scDesign3,MARROW,dr1,20,scDesign3,other
SPDR,SPDR,SPDR,kmax,401.0,scDesign3,MARROW,dr2,20,scDesign3,other
SPDR,SPDR,SPDR,random_triplet,0.791,scDesign3,MARROW,dr1,20,scDesign3,other
SPDR,SPDR,SPDR,spearman,0.71,scDesign3,MARROW,dr1,20,scDesign3,other
SPDR,SPDR,SPDR,svm,0.939,scDesign3,MARROW,dr1,20,scDesign3,other
SPDR,SPDR,SPDR,AUC,0.696,scDesign3,MOBSC,dr2,20,scDesign3,other
SPDR,SPDR,SPDR,Pearson,0.556,scDesign3,MOBSC,dr3,20,scDesign3,other
SPDR,SPDR,SPDR,Qglobal,0.754,scDesign3,MOBSC,dr2,20,scDesign3,other
SPDR,SPDR,SPDR,Qlocal,0.37,scDesign3,MOBSC,dr2,20,scDesign3,other
SPDR,SPDR,SPDR,centroid_distance,0.952,scDesign3,MOBSC,dr1,20,scDesign3,other
SPDR,SPDR,SPDR,k-nearest,0.75,scDesign3,MOBSC,dr1,20,scDesign3,other
SPDR,SPDR,SPDR,kmax,1912.0,scDesign3,MOBSC,dr2,20,scDesign3,other
SPDR,SPDR,SPDR,random_triplet,0.709,scDesign3,MOBSC,dr1,20,scDesign3,other
SPDR,SPDR,SPDR,spearman,0.598,scDesign3,MOBSC,dr1,20,scDesign3,other
SPDR,SPDR,SPDR,svm,0.864,scDesign3,MOBSC,dr1,20,scDesign3,other
SPDR,SPDR,SPDR,AUC,0.809,scDesign3,OVARIAN,dr2,20,scDesign3,other
SPDR,SPDR,SPDR,Pearson,0.432,scDesign3,OVARIAN,dr3,20,scDesign3,other
SPDR,SPDR,SPDR,Qglobal,0.832,scDesign3,OVARIAN,dr2,20,scDesign3,other
SPDR,SPDR,SPDR,Qlocal,0.587,scDesign3,OVARIAN,dr2,20,scDesign3,other
SPDR,SPDR,SPDR,centroid_distance,0.803,scDesign3,OVARIAN,dr1,20,scDesign3,other
SPDR,SPDR,SPDR,k-nearest,0.697,scDesign3,OVARIAN,dr1,20,scDesign3,other
SPDR,SPDR,SPDR,kmax,316.0,scDesign3,OVARIAN,dr2,20,scDesign3,other
SPDR,SPDR,SPDR,random_triplet,0.814,scDesign3,OVARIAN,dr1,20,scDesign3,other
SPDR,SPDR,SPDR,spearman,0.62,scDesign3,OVARIAN,dr1,20,scDesign3,other
SPDR,SPDR,SPDR,svm,0.458,scDesign3,OVARIAN,dr1,20,scDesign3,other
SPDR,SPDR,SPDR,AUC,0.807,scDesign3,PANCREAS,dr2,20,scDesign3,other
SPDR,SPDR,SPDR,Pearson,0.446,scDesign3,PANCREAS,dr3,20,scDesign3,other
SPDR,SPDR,SPDR,Qglobal,0.836,scDesign3,PANCREAS,dr2,20,scDesign3,other
SPDR,SPDR,SPDR,Qlocal,0.563,scDesign3,PANCREAS,dr2,20,scDesign3,other
SPDR,SPDR,SPDR,centroid_distance,0.88,scDesign3,PANCREAS,dr1,20,scDesign3,other
SPDR,SPDR,SPDR,k-nearest,0.75,scDesign3,PANCREAS,dr1,20,scDesign3,other
SPDR,SPDR,SPDR,kmax,221.0,scDesign3,PANCREAS,dr2,20,scDesign3,other
SPDR,SPDR,SPDR,random_triplet,0.823,scDesign3,PANCREAS,dr1,20,scDesign3,other
SPDR,SPDR,SPDR,spearman,0.656,scDesign3,PANCREAS,dr1,20,scDesign3,other
SPDR,SPDR,SPDR,svm,0.869,scDesign3,PANCREAS,dr1,20,scDesign3,other
SPDR,SPDR,SPDR,AUC,0.813,scDesign3,SCGEMMETH,dr2,20,scDesign3,other
SPDR,SPDR,SPDR,Pearson,0.869,scDesign3,SCGEMMETH,dr3,20,scDesign3,other
SPDR,SPDR,SPDR,Qglobal,0.87,scDesign3,SCGEMMETH,dr2,20,scDesign3,other
SPDR,SPDR,SPDR,Qlocal,0.454,scDesign3,SCGEMMETH,dr2,20,scDesign3,other
SPDR,SPDR,SPDR,centroid_distance,1.0,scDesign3,SCGEMMETH,dr1,20,scDesign3,other
SPDR,SPDR,SPDR,k-nearest,1.0,scDesign3,SCGEMMETH,dr1,20,scDesign3,other
SPDR,SPDR,SPDR,kmax,18.0,scDesign3,SCGEMMETH,dr2,20,scDesign3,other
SPDR,SPDR,SPDR,random_triplet,0.863,scDesign3,SCGEMMETH,dr1,20,scDesign3,other
SPDR,SPDR,SPDR,spearman,0.913,scDesign3,SCGEMMETH,dr1,20,scDesign3,other
SPDR,SPDR,SPDR,svm,0.718,scDesign3,SCGEMMETH,dr1,20,scDesign3,other
SPDR,SPDR,SPDR,AUC,0.826,scDesign3,SCGEMRNA,dr2,20,scDesign3,other
SPDR,SPDR,SPDR,Pearson,0.841,scDesign3,SCGEMRNA,dr3,20,scDesign3,other
SPDR,SPDR,SPDR,Qglobal,0.854,scDesign3,SCGEMRNA,dr2,20,scDesign3,other
SPDR,SPDR,SPDR,Qlocal,0.461,scDesign3,SCGEMRNA,dr2,20,scDesign3,other
SPDR,SPDR,SPDR,centroid_distance,0.981,scDesign3,SCGEMRNA,dr1,20,scDesign3,other
SPDR,SPDR,SPDR,k-nearest,0.8,scDesign3,SCGEMRNA,dr1,20,scDesign3,other
SPDR,SPDR,SPDR,kmax,11.0,scDesign3,SCGEMRNA,dr2,20,scDesign3,other
SPDR,SPDR,SPDR,random_triplet,0.863,scDesign3,SCGEMRNA,dr1,20,scDesign3,other
SPDR,SPDR,SPDR,spearman,0.874,scDesign3,SCGEMRNA,dr1,20,scDesign3,other
SPDR,SPDR,SPDR,svm,0.842,scDesign3,SCGEMRNA,dr1,20,scDesign3,other
SPDR,SPDR,SPDR,AUC,0.543,scDesign3,SCIATAC,dr2,20,scDesign3,other
SPDR,SPDR,SPDR,Pearson,0.27,scDesign3,SCIATAC,dr3,20,scDesign3,other
SPDR,SPDR,SPDR,Qglobal,0.774,scDesign3,SCIATAC,dr2,20,scDesign3,other
SPDR,SPDR,SPDR,Qlocal,0.273,scDesign3,SCIATAC,dr2,20,scDesign3,other
SPDR,SPDR,SPDR,centroid_distance,0.36,scDesign3,SCIATAC,dr1,20,scDesign3,other
SPDR,SPDR,SPDR,k-nearest,0.417,scDesign3,SCIATAC,dr1,20,scDesign3,other
SPDR,SPDR,SPDR,kmax,1851.0,scDesign3,SCIATAC,dr2,20,scDesign3,other
SPDR,SPDR,SPDR,random_triplet,0.564,scDesign3,SCIATAC,dr1,20,scDesign3,other
SPDR,SPDR,SPDR,spearman,0.258,scDesign3,SCIATAC,dr1,20,scDesign3,other
SPDR,SPDR,SPDR,svm,0.606,scDesign3,SCIATAC,dr1,20,scDesign3,other
SPDR,SPDR,SPDR,AUC,0.567,scDesign3,SLIDE,dr2,20,scDesign3,other
SPDR,SPDR,SPDR,Pearson,0.286,scDesign3,SLIDE,dr3,20,scDesign3,other
SPDR,SPDR,SPDR,Qglobal,0.687,scDesign3,SLIDE,dr2,20,scDesign3,other
SPDR,SPDR,SPDR,Qlocal,0.206,scDesign3,SLIDE,dr2,20,scDesign3,other
SPDR,SPDR,SPDR,centroid_distance,0.852,scDesign3,SLIDE,dr1,20,scDesign3,other
SPDR,SPDR,SPDR,k-nearest,0.697,scDesign3,SLIDE,dr1,20,scDesign3,other
SPDR,SPDR,SPDR,kmax,5835.0,scDesign3,SLIDE,dr2,20,scDesign3,other
SPDR,SPDR,SPDR,random_triplet,0.594,scDesign3,SLIDE,dr1,20,scDesign3,other
SPDR,SPDR,SPDR,spearman,0.382,scDesign3,SLIDE,dr1,20,scDesign3,other
SPDR,SPDR,SPDR,svm,0.572,scDesign3,SLIDE,dr1,20,scDesign3,other
SPDR,SPDR,SPDR,AUC,0.843,scDesign3,VISIUM,dr2,20,scDesign3,other
SPDR,SPDR,SPDR,Pearson,0.528,scDesign3,VISIUM,dr3,20,scDesign3,other
SPDR,SPDR,SPDR,Qglobal,0.857,scDesign3,VISIUM,dr2,20,scDesign3,other
SPDR,SPDR,SPDR,Qlocal,0.574,scDesign3,VISIUM,dr2,20,scDesign3,other
SPDR,SPDR,SPDR,centroid_distance,0.819,scDesign3,VISIUM,dr1,20,scDesign3,other
SPDR,SPDR,SPDR,k-nearest,0.767,scDesign3,VISIUM,dr1,20,scDesign3,other
SPDR,SPDR,SPDR,kmax,127.0,scDesign3,VISIUM,dr2,20,scDesign3,other
SPDR,SPDR,SPDR,random_triplet,0.865,scDesign3,VISIUM,dr1,20,scDesign3,other
SPDR,SPDR,SPDR,spearman,0.863,scDesign3,VISIUM,dr1,20,scDesign3,other
SPDR,SPDR,SPDR,svm,0.569,scDesign3,VISIUM,dr1,20,scDesign3,other
IVIS,ivis,IVIS,AUC,0.611,SIMLR,Pollen,dr2,21,SIMLR,other
IVIS,ivis,IVIS,Pearson,0.149,SIMLR,Pollen,dr3,21,SIMLR,other
IVIS,ivis,IVIS,Qglobal,0.658,SIMLR,Pollen,dr2,21,SIMLR,other
IVIS,ivis,IVIS,Qlocal,0.329,SIMLR,Pollen,dr2,21,SIMLR,other
IVIS,ivis,IVIS,centroid_distance,0.513,SIMLR,Pollen,dr1,21,SIMLR,other
IVIS,ivis,IVIS,k-nearest,0.667,SIMLR,Pollen,dr1,21,SIMLR,other
IVIS,ivis,IVIS,kmax,35.0,SIMLR,Pollen,dr2,21,SIMLR,other
IVIS,ivis,IVIS,random_triplet,0.599,SIMLR,Pollen,dr1,21,SIMLR,other
IVIS,ivis,IVIS,spearman,0.139,SIMLR,Pollen,dr1,21,SIMLR,other
IVIS,ivis,IVIS,svm,0.699,SIMLR,Pollen,dr1,21,SIMLR,other
IVIS,ivis,IVIS,AUC,0.583,SIMLR,Usoskin,dr2,21,SIMLR,other
IVIS,ivis,IVIS,Pearson,0.302,SIMLR,Usoskin,dr3,21,SIMLR,other
IVIS,ivis,IVIS,Qglobal,0.701,SIMLR,Usoskin,dr2,21,SIMLR,other
IVIS,ivis,IVIS,Qlocal,0.224,SIMLR,Usoskin,dr2,21,SIMLR,other
IVIS,ivis,IVIS,centroid_distance,0.759,SIMLR,Usoskin,dr1,21,SIMLR,other
IVIS,ivis,IVIS,k-nearest,0.5,SIMLR,Usoskin,dr1,21,SIMLR,other
IVIS,ivis,IVIS,kmax,153.0,SIMLR,Usoskin,dr2,21,SIMLR,other
IVIS,ivis,IVIS,random_triplet,0.598,SIMLR,Usoskin,dr1,21,SIMLR,other
IVIS,ivis,IVIS,spearman,0.283,SIMLR,Usoskin,dr1,21,SIMLR,other
IVIS,ivis,IVIS,svm,0.81,SIMLR,Usoskin,dr1,21,SIMLR,other
IVIS,ivis,IVIS,AUC,0.735,TI,DA1_horns,dr2,21,trajectory,other
IVIS,ivis,IVIS,Pearson,0.562,TI,DA1_horns,dr3,21,trajectory,other
IVIS,ivis,IVIS,Qglobal,0.873,TI,DA1_horns,dr2,21,trajectory,other
IVIS,ivis,IVIS,Qlocal,0.442,TI,DA1_horns,dr2,21,trajectory,other
IVIS,ivis,IVIS,centroid_distance,0.975,TI,DA1_horns,dr1,21,trajectory,other
IVIS,ivis,IVIS,k-nearest,0.8,TI,DA1_horns,dr1,21,trajectory,other
IVIS,ivis,IVIS,kmax,87.0,TI,DA1_horns,dr2,21,trajectory,other
IVIS,ivis,IVIS,random_triplet,0.818,TI,DA1_horns,dr1,21,trajectory,other
IVIS,ivis,IVIS,spearman,0.781,TI,DA1_horns,dr1,21,trajectory,other
IVIS,ivis,IVIS,svm,0.798,TI,DA1_horns,dr1,21,trajectory,other
IVIS,ivis,IVIS,AUC,0.723,TI,DC3_VA1d_horns,dr2,21,trajectory,other
IVIS,ivis,IVIS,Pearson,0.505,TI,DC3_VA1d_horns,dr3,21,trajectory,other
IVIS,ivis,IVIS,Qglobal,0.897,TI,DC3_VA1d_horns,dr2,21,trajectory,other
IVIS,ivis,IVIS,Qlocal,0.509,TI,DC3_VA1d_horns,dr2,21,trajectory,other
IVIS,ivis,IVIS,centroid_distance,0.901,TI,DC3_VA1d_horns,dr1,21,trajectory,other
IVIS,ivis,IVIS,k-nearest,0.667,TI,DC3_VA1d_horns,dr1,21,trajectory,other
IVIS,ivis,IVIS,kmax,73.0,TI,DC3_VA1d_horns,dr2,21,trajectory,other
IVIS,ivis,IVIS,random_triplet,0.775,TI,DC3_VA1d_horns,dr1,21,trajectory,other
IVIS,ivis,IVIS,spearman,0.773,TI,DC3_VA1d_horns,dr1,21,trajectory,other
IVIS,ivis,IVIS,svm,0.429,TI,DC3_VA1d_horns,dr1,21,trajectory,other
IVIS,ivis,IVIS,AUC,0.791,TI,ICM,dr2,21,trajectory,other
IVIS,ivis,IVIS,Pearson,0.755,TI,ICM,dr3,21,trajectory,other
IVIS,ivis,IVIS,Qglobal,0.843,TI,ICM,dr2,21,trajectory,other
IVIS,ivis,IVIS,Qlocal,0.445,TI,ICM,dr2,21,trajectory,other
IVIS,ivis,IVIS,centroid_distance,0.913,TI,ICM,dr1,21,trajectory,other
IVIS,ivis,IVIS,k-nearest,0.867,TI,ICM,dr1,21,trajectory,other
IVIS,ivis,IVIS,kmax,34.0,TI,ICM,dr2,21,trajectory,other
IVIS,ivis,IVIS,random_triplet,0.803,TI,ICM,dr1,21,trajectory,other
IVIS,ivis,IVIS,spearman,0.809,TI,ICM,dr1,21,trajectory,other
IVIS,ivis,IVIS,svm,0.82,TI,ICM,dr1,21,trajectory,other
IVIS,ivis,IVIS,AUC,0.769,TI,blastocyst,dr2,21,trajectory,other
IVIS,ivis,IVIS,Pearson,0.702,TI,blastocyst,dr3,21,trajectory,other
IVIS,ivis,IVIS,Qglobal,0.815,TI,blastocyst,dr2,21,trajectory,other
IVIS,ivis,IVIS,Qlocal,0.519,TI,blastocyst,dr2,21,trajectory,other
IVIS,ivis,IVIS,centroid_distance,0.711,TI,blastocyst,dr1,21,trajectory,other
IVIS,ivis,IVIS,k-nearest,0.667,TI,blastocyst,dr1,21,trajectory,other
IVIS,ivis,IVIS,kmax,52.0,TI,blastocyst,dr2,21,trajectory,other
IVIS,ivis,IVIS,random_triplet,0.773,TI,blastocyst,dr1,21,trajectory,other
IVIS,ivis,IVIS,spearman,0.71,TI,blastocyst,dr1,21,trajectory,other
IVIS,ivis,IVIS,svm,0.778,TI,blastocyst,dr1,21,trajectory,other
IVIS,ivis,IVIS,AUC,0.608,TI,combination-1,dr2,21,trajectory,other
IVIS,ivis,IVIS,Pearson,0.365,TI,combination-1,dr3,21,trajectory,other
IVIS,ivis,IVIS,Qglobal,0.686,TI,combination-1,dr2,21,trajectory,other
IVIS,ivis,IVIS,Qlocal,0.205,TI,combination-1,dr2,21,trajectory,other
IVIS,ivis,IVIS,centroid_distance,0.852,TI,combination-1,dr1,21,trajectory,other
IVIS,ivis,IVIS,k-nearest,0.786,TI,combination-1,dr1,21,trajectory,other
IVIS,ivis,IVIS,kmax,695.0,TI,combination-1,dr2,21,trajectory,other
IVIS,ivis,IVIS,random_triplet,0.634,TI,combination-1,dr1,21,trajectory,other
IVIS,ivis,IVIS,spearman,0.438,TI,combination-1,dr1,21,trajectory,other
IVIS,ivis,IVIS,svm,0.844,TI,combination-1,dr1,21,trajectory,other
IVIS,ivis,IVIS,AUC,0.578,TI,combination-2,dr2,21,trajectory,other
IVIS,ivis,IVIS,Pearson,0.161,TI,combination-2,dr3,21,trajectory,other
IVIS,ivis,IVIS,Qglobal,0.678,TI,combination-2,dr2,21,trajectory,other
IVIS,ivis,IVIS,Qlocal,0.223,TI,combination-2,dr2,21,trajectory,other
IVIS,ivis,IVIS,centroid_distance,0.651,TI,combination-2,dr1,21,trajectory,other
IVIS,ivis,IVIS,k-nearest,0.694,TI,combination-2,dr1,21,trajectory,other
IVIS,ivis,IVIS,kmax,958.0,TI,combination-2,dr2,21,trajectory,other
IVIS,ivis,IVIS,random_triplet,0.592,TI,combination-2,dr1,21,trajectory,other
IVIS,ivis,IVIS,spearman,0.209,TI,combination-2,dr1,21,trajectory,other
IVIS,ivis,IVIS,svm,0.679,TI,combination-2,dr1,21,trajectory,other
IVIS,ivis,IVIS,AUC,0.606,TI,combination-3,dr2,21,trajectory,other
IVIS,ivis,IVIS,Pearson,0.261,TI,combination-3,dr3,21,trajectory,other
IVIS,ivis,IVIS,Qglobal,0.666,TI,combination-3,dr2,21,trajectory,other
IVIS,ivis,IVIS,Qlocal,0.201,TI,combination-3,dr2,21,trajectory,other
IVIS,ivis,IVIS,centroid_distance,0.849,TI,combination-3,dr1,21,trajectory,other
IVIS,ivis,IVIS,k-nearest,0.714,TI,combination-3,dr1,21,trajectory,other
IVIS,ivis,IVIS,kmax,296.0,TI,combination-3,dr2,21,trajectory,other
IVIS,ivis,IVIS,random_triplet,0.623,TI,combination-3,dr1,21,trajectory,other
IVIS,ivis,IVIS,spearman,0.275,TI,combination-3,dr1,21,trajectory,other
IVIS,ivis,IVIS,svm,0.823,TI,combination-3,dr1,21,trajectory,other
IVIS,ivis,IVIS,AUC,0.758,TI,epiblast,dr2,21,trajectory,other
IVIS,ivis,IVIS,Pearson,0.669,TI,epiblast,dr3,21,trajectory,other
IVIS,ivis,IVIS,Qglobal,0.836,TI,epiblast,dr2,21,trajectory,other
IVIS,ivis,IVIS,Qlocal,0.426,TI,epiblast,dr2,21,trajectory,other
IVIS,ivis,IVIS,centroid_distance,0.898,TI,epiblast,dr1,21,trajectory,other
IVIS,ivis,IVIS,k-nearest,0.571,TI,epiblast,dr1,21,trajectory,other
IVIS,ivis,IVIS,kmax,33.0,TI,epiblast,dr2,21,trajectory,other
IVIS,ivis,IVIS,random_triplet,0.787,TI,epiblast,dr1,21,trajectory,other
IVIS,ivis,IVIS,spearman,0.747,TI,epiblast,dr1,21,trajectory,other
IVIS,ivis,IVIS,svm,0.754,TI,epiblast,dr1,21,trajectory,other
IVIS,ivis,IVIS,AUC,0.607,TI,epidermis,dr2,21,trajectory,other
IVIS,ivis,IVIS,Pearson,0.382,TI,epidermis,dr3,21,trajectory,other
IVIS,ivis,IVIS,Qglobal,0.688,TI,epidermis,dr2,21,trajectory,other
IVIS,ivis,IVIS,Qlocal,0.217,TI,epidermis,dr2,21,trajectory,other
IVIS,ivis,IVIS,centroid_distance,0.788,TI,epidermis,dr1,21,trajectory,other
IVIS,ivis,IVIS,k-nearest,1.0,TI,epidermis,dr1,21,trajectory,other
IVIS,ivis,IVIS,kmax,686.0,TI,epidermis,dr2,21,trajectory,other
IVIS,ivis,IVIS,random_triplet,0.63,TI,epidermis,dr1,21,trajectory,other
IVIS,ivis,IVIS,spearman,0.416,TI,epidermis,dr1,21,trajectory,other
IVIS,ivis,IVIS,svm,0.89,TI,epidermis,dr1,21,trajectory,other
IVIS,ivis,IVIS,AUC,0.753,TI,horns,dr2,21,trajectory,other
IVIS,ivis,IVIS,Pearson,0.62,TI,horns,dr3,21,trajectory,other
IVIS,ivis,IVIS,Qglobal,0.879,TI,horns,dr2,21,trajectory,other
IVIS,ivis,IVIS,Qlocal,0.477,TI,horns,dr2,21,trajectory,other
IVIS,ivis,IVIS,centroid_distance,0.919,TI,horns,dr1,21,trajectory,other
IVIS,ivis,IVIS,k-nearest,0.768,TI,horns,dr1,21,trajectory,other
IVIS,ivis,IVIS,kmax,140.0,TI,horns,dr2,21,trajectory,other
IVIS,ivis,IVIS,random_triplet,0.818,TI,horns,dr1,21,trajectory,other
IVIS,ivis,IVIS,spearman,0.792,TI,horns,dr1,21,trajectory,other
IVIS,ivis,IVIS,svm,0.702,TI,horns,dr1,21,trajectory,other
IVIS,ivis,IVIS,AUC,0.563,TI,muscle,dr2,21,trajectory,other
IVIS,ivis,IVIS,Pearson,0.157,TI,muscle,dr3,21,trajectory,other
IVIS,ivis,IVIS,Qglobal,0.643,TI,muscle,dr2,21,trajectory,other
IVIS,ivis,IVIS,Qlocal,0.172,TI,muscle,dr2,21,trajectory,other
IVIS,ivis,IVIS,centroid_distance,1.0,TI,muscle,dr1,21,trajectory,other
IVIS,ivis,IVIS,k-nearest,1.0,TI,muscle,dr1,21,trajectory,other
IVIS,ivis,IVIS,kmax,401.0,TI,muscle,dr2,21,trajectory,other
IVIS,ivis,IVIS,random_triplet,0.577,TI,muscle,dr1,21,trajectory,other
IVIS,ivis,IVIS,spearman,0.177,TI,muscle,dr1,21,trajectory,other
IVIS,ivis,IVIS,svm,0.819,TI,muscle,dr1,21,trajectory,other
IVIS,ivis,IVIS,AUC,0.564,TI,neuron,dr2,21,trajectory,other
IVIS,ivis,IVIS,Pearson,0.206,TI,neuron,dr3,21,trajectory,other
IVIS,ivis,IVIS,Qglobal,0.706,TI,neuron,dr2,21,trajectory,other
IVIS,ivis,IVIS,Qlocal,0.23,TI,neuron,dr2,21,trajectory,other
IVIS,ivis,IVIS,centroid_distance,0.577,TI,neuron,dr1,21,trajectory,other
IVIS,ivis,IVIS,k-nearest,0.571,TI,neuron,dr1,21,trajectory,other
IVIS,ivis,IVIS,kmax,697.0,TI,neuron,dr2,21,trajectory,other
IVIS,ivis,IVIS,random_triplet,0.589,TI,neuron,dr1,21,trajectory,other
IVIS,ivis,IVIS,spearman,0.236,TI,neuron,dr1,21,trajectory,other
IVIS,ivis,IVIS,svm,0.709,TI,neuron,dr1,21,trajectory,other
IVIS,ivis,IVIS,AUC,0.572,TI,pair-1,dr2,21,trajectory,other
IVIS,ivis,IVIS,Pearson,0.218,TI,pair-1,dr3,21,trajectory,other
IVIS,ivis,IVIS,Qglobal,0.642,TI,pair-1,dr2,21,trajectory,other
IVIS,ivis,IVIS,Qlocal,0.178,TI,pair-1,dr2,21,trajectory,other
IVIS,ivis,IVIS,centroid_distance,0.594,TI,pair-1,dr1,21,trajectory,other
IVIS,ivis,IVIS,k-nearest,0.688,TI,pair-1,dr1,21,trajectory,other
IVIS,ivis,IVIS,kmax,1611.0,TI,pair-1,dr2,21,trajectory,other
IVIS,ivis,IVIS,random_triplet,0.586,TI,pair-1,dr1,21,trajectory,other
IVIS,ivis,IVIS,spearman,0.263,TI,pair-1,dr1,21,trajectory,other
IVIS,ivis,IVIS,svm,0.884,TI,pair-1,dr1,21,trajectory,other
IVIS,ivis,IVIS,AUC,0.564,TI,pair-2,dr2,21,trajectory,other
IVIS,ivis,IVIS,Pearson,0.275,TI,pair-2,dr3,21,trajectory,other
IVIS,ivis,IVIS,Qglobal,0.695,TI,pair-2,dr2,21,trajectory,other
IVIS,ivis,IVIS,Qlocal,0.218,TI,pair-2,dr2,21,trajectory,other
IVIS,ivis,IVIS,centroid_distance,0.649,TI,pair-2,dr1,21,trajectory,other
IVIS,ivis,IVIS,k-nearest,0.59,TI,pair-2,dr1,21,trajectory,other
IVIS,ivis,IVIS,kmax,2924.0,TI,pair-2,dr2,21,trajectory,other
IVIS,ivis,IVIS,random_triplet,0.589,TI,pair-2,dr1,21,trajectory,other
IVIS,ivis,IVIS,spearman,0.286,TI,pair-2,dr1,21,trajectory,other
IVIS,ivis,IVIS,svm,0.685,TI,pair-2,dr1,21,trajectory,other
IVIS,ivis,IVIS,AUC,0.574,TI,pair-3,dr2,21,trajectory,other
IVIS,ivis,IVIS,Pearson,0.402,TI,pair-3,dr3,21,trajectory,other
IVIS,ivis,IVIS,Qglobal,0.688,TI,pair-3,dr2,21,trajectory,other
IVIS,ivis,IVIS,Qlocal,0.192,TI,pair-3,dr2,21,trajectory,other
IVIS,ivis,IVIS,centroid_distance,0.813,TI,pair-3,dr1,21,trajectory,other
IVIS,ivis,IVIS,k-nearest,0.625,TI,pair-3,dr1,21,trajectory,other
IVIS,ivis,IVIS,kmax,1963.0,TI,pair-3,dr2,21,trajectory,other
IVIS,ivis,IVIS,random_triplet,0.609,TI,pair-3,dr1,21,trajectory,other
IVIS,ivis,IVIS,spearman,0.415,TI,pair-3,dr1,21,trajectory,other
IVIS,ivis,IVIS,svm,0.848,TI,pair-3,dr1,21,trajectory,other
IVIS,ivis,IVIS,AUC,0.532,TI,pair-4,dr2,21,trajectory,other
IVIS,ivis,IVIS,Pearson,0.078,TI,pair-4,dr3,21,trajectory,other
IVIS,ivis,IVIS,Qglobal,0.62,TI,pair-4,dr2,21,trajectory,other
IVIS,ivis,IVIS,Qlocal,0.155,TI,pair-4,dr2,21,trajectory,other
IVIS,ivis,IVIS,centroid_distance,0.501,TI,pair-4,dr1,21,trajectory,other
IVIS,ivis,IVIS,k-nearest,0.533,TI,pair-4,dr1,21,trajectory,other
IVIS,ivis,IVIS,kmax,1695.0,TI,pair-4,dr2,21,trajectory,other
IVIS,ivis,IVIS,random_triplet,0.537,TI,pair-4,dr1,21,trajectory,other
IVIS,ivis,IVIS,spearman,0.074,TI,pair-4,dr1,21,trajectory,other
IVIS,ivis,IVIS,svm,0.699,TI,pair-4,dr1,21,trajectory,other
IVIS,ivis,IVIS,AUC,0.605,TI,parenchyme,dr2,21,trajectory,other
IVIS,ivis,IVIS,Pearson,0.218,TI,parenchyme,dr3,21,trajectory,other
IVIS,ivis,IVIS,Qglobal,0.703,TI,parenchyme,dr2,21,trajectory,other
IVIS,ivis,IVIS,Qlocal,0.258,TI,parenchyme,dr2,21,trajectory,other
IVIS,ivis,IVIS,centroid_distance,0.938,TI,parenchyme,dr1,21,trajectory,other
IVIS,ivis,IVIS,k-nearest,0.8,TI,parenchyme,dr1,21,trajectory,other
IVIS,ivis,IVIS,kmax,436.0,TI,parenchyme,dr2,21,trajectory,other
IVIS,ivis,IVIS,random_triplet,0.631,TI,parenchyme,dr1,21,trajectory,other
IVIS,ivis,IVIS,spearman,0.308,TI,parenchyme,dr1,21,trajectory,other
IVIS,ivis,IVIS,svm,0.861,TI,parenchyme,dr1,21,trajectory,other
IVIS,ivis,IVIS,AUC,0.645,TI,phagocyte,dr2,21,trajectory,other
IVIS,ivis,IVIS,Pearson,0.463,TI,phagocyte,dr3,21,trajectory,other
IVIS,ivis,IVIS,Qglobal,0.766,TI,phagocyte,dr2,21,trajectory,other
IVIS,ivis,IVIS,Qlocal,0.297,TI,phagocyte,dr2,21,trajectory,other
IVIS,ivis,IVIS,centroid_distance,1.0,TI,phagocyte,dr1,21,trajectory,other
IVIS,ivis,IVIS,k-nearest,1.0,TI,phagocyte,dr1,21,trajectory,other
IVIS,ivis,IVIS,kmax,178.0,TI,phagocyte,dr2,21,trajectory,other
IVIS,ivis,IVIS,random_triplet,0.689,TI,phagocyte,dr1,21,trajectory,other
IVIS,ivis,IVIS,spearman,0.55,TI,phagocyte,dr1,21,trajectory,other
IVIS,ivis,IVIS,svm,0.945,TI,phagocyte,dr1,21,trajectory,other
IVIS,ivis,IVIS,AUC,0.615,TI,pharynx,dr2,21,trajectory,other
IVIS,ivis,IVIS,Pearson,0.586,TI,pharynx,dr3,21,trajectory,other
IVIS,ivis,IVIS,Qglobal,0.865,TI,pharynx,dr2,21,trajectory,other
IVIS,ivis,IVIS,Qlocal,0.381,TI,pharynx,dr2,21,trajectory,other
IVIS,ivis,IVIS,centroid_distance,1.0,TI,pharynx,dr1,21,trajectory,other
IVIS,ivis,IVIS,k-nearest,1.0,TI,pharynx,dr1,21,trajectory,other
IVIS,ivis,IVIS,kmax,149.0,TI,pharynx,dr2,21,trajectory,other
IVIS,ivis,IVIS,random_triplet,0.678,TI,pharynx,dr1,21,trajectory,other
IVIS,ivis,IVIS,spearman,0.602,TI,pharynx,dr1,21,trajectory,other
IVIS,ivis,IVIS,svm,0.976,TI,pharynx,dr1,21,trajectory,other
IVIS,ivis,IVIS,AUC,0.727,TI,trophectoderm,dr2,21,trajectory,other
IVIS,ivis,IVIS,Pearson,0.628,TI,trophectoderm,dr3,21,trajectory,other
IVIS,ivis,IVIS,Qglobal,0.832,TI,trophectoderm,dr2,21,trajectory,other
IVIS,ivis,IVIS,Qlocal,0.383,TI,trophectoderm,dr2,21,trajectory,other
IVIS,ivis,IVIS,centroid_distance,0.858,TI,trophectoderm,dr1,21,trajectory,other
IVIS,ivis,IVIS,k-nearest,0.667,TI,trophectoderm,dr1,21,trajectory,other
IVIS,ivis,IVIS,kmax,18.0,TI,trophectoderm,dr2,21,trajectory,other
IVIS,ivis,IVIS,random_triplet,0.785,TI,trophectoderm,dr1,21,trajectory,other
IVIS,ivis,IVIS,spearman,0.713,TI,trophectoderm,dr1,21,trajectory,other
IVIS,ivis,IVIS,svm,0.978,TI,trophectoderm,dr1,21,trajectory,other
IVIS,ivis,IVIS,AUC,0.717,VASC,Baron,dr2,21,VASC,other
IVIS,ivis,IVIS,Pearson,0.553,VASC,Baron,dr3,21,VASC,other
IVIS,ivis,IVIS,Qglobal,0.751,VASC,Baron,dr2,21,VASC,other
IVIS,ivis,IVIS,Qlocal,0.465,VASC,Baron,dr2,21,VASC,other
IVIS,ivis,IVIS,centroid_distance,0.628,VASC,Baron,dr1,21,VASC,other
IVIS,ivis,IVIS,k-nearest,0.571,VASC,Baron,dr1,21,VASC,other
IVIS,ivis,IVIS,kmax,1004.0,VASC,Baron,dr2,21,VASC,other
IVIS,ivis,IVIS,random_triplet,0.696,VASC,Baron,dr1,21,VASC,other
IVIS,ivis,IVIS,spearman,0.537,VASC,Baron,dr1,21,VASC,other
IVIS,ivis,IVIS,svm,0.34,VASC,Baron,dr1,21,VASC,other
IVIS,ivis,IVIS,AUC,0.794,VASC,Biase,dr2,21,VASC,other
IVIS,ivis,IVIS,Pearson,0.745,VASC,Biase,dr3,21,VASC,other
IVIS,ivis,IVIS,Qglobal,0.911,VASC,Biase,dr2,21,VASC,other
IVIS,ivis,IVIS,Qlocal,0.618,VASC,Biase,dr2,21,VASC,other
IVIS,ivis,IVIS,centroid_distance,0.904,VASC,Biase,dr1,21,VASC,other
IVIS,ivis,IVIS,k-nearest,0.5,VASC,Biase,dr1,21,VASC,other
IVIS,ivis,IVIS,kmax,19.0,VASC,Biase,dr2,21,VASC,other
IVIS,ivis,IVIS,random_triplet,0.871,VASC,Biase,dr1,21,VASC,other
IVIS,ivis,IVIS,spearman,0.804,VASC,Biase,dr1,21,VASC,other
IVIS,ivis,IVIS,svm,0.98,VASC,Biase,dr1,21,VASC,other
IVIS,ivis,IVIS,AUC,0.788,VASC,Goolam,dr2,21,VASC,other
IVIS,ivis,IVIS,Pearson,0.822,VASC,Goolam,dr3,21,VASC,other
IVIS,ivis,IVIS,Qglobal,0.862,VASC,Goolam,dr2,21,VASC,other
IVIS,ivis,IVIS,Qlocal,0.507,VASC,Goolam,dr2,21,VASC,other
IVIS,ivis,IVIS,centroid_distance,0.981,VASC,Goolam,dr1,21,VASC,other
IVIS,ivis,IVIS,k-nearest,0.8,VASC,Goolam,dr1,21,VASC,other
IVIS,ivis,IVIS,kmax,24.0,VASC,Goolam,dr2,21,VASC,other
IVIS,ivis,IVIS,random_triplet,0.845,VASC,Goolam,dr1,21,VASC,other
IVIS,ivis,IVIS,spearman,0.802,VASC,Goolam,dr1,21,VASC,other
IVIS,ivis,IVIS,svm,0.919,VASC,Goolam,dr1,21,VASC,other
IVIS,ivis,IVIS,AUC,0.615,VASC,Xin,dr2,21,VASC,other
IVIS,ivis,IVIS,Pearson,0.342,VASC,Xin,dr3,21,VASC,other
IVIS,ivis,IVIS,Qglobal,0.769,VASC,Xin,dr2,21,VASC,other
IVIS,ivis,IVIS,Qlocal,0.31,VASC,Xin,dr2,21,VASC,other
IVIS,ivis,IVIS,centroid_distance,0.479,VASC,Xin,dr1,21,VASC,other
IVIS,ivis,IVIS,k-nearest,0.562,VASC,Xin,dr1,21,VASC,other
IVIS,ivis,IVIS,kmax,538.0,VASC,Xin,dr2,21,VASC,other
IVIS,ivis,IVIS,random_triplet,0.643,VASC,Xin,dr1,21,VASC,other
IVIS,ivis,IVIS,spearman,0.466,VASC,Xin,dr1,21,VASC,other
IVIS,ivis,IVIS,svm,0.929,VASC,Xin,dr1,21,VASC,other
IVIS,ivis,IVIS,AUC,0.66,VASC,Zeisel,dr2,21,VASC,other
IVIS,ivis,IVIS,Pearson,0.336,VASC,Zeisel,dr3,21,VASC,other
IVIS,ivis,IVIS,Qglobal,0.731,VASC,Zeisel,dr2,21,VASC,other
IVIS,ivis,IVIS,Qlocal,0.412,VASC,Zeisel,dr2,21,VASC,other
IVIS,ivis,IVIS,centroid_distance,0.317,VASC,Zeisel,dr1,21,VASC,other
IVIS,ivis,IVIS,k-nearest,0.444,VASC,Zeisel,dr1,21,VASC,other
IVIS,ivis,IVIS,kmax,663.0,VASC,Zeisel,dr2,21,VASC,other
IVIS,ivis,IVIS,random_triplet,0.628,VASC,Zeisel,dr1,21,VASC,other
IVIS,ivis,IVIS,spearman,0.358,VASC,Zeisel,dr1,21,VASC,other
IVIS,ivis,IVIS,svm,0.886,VASC,Zeisel,dr1,21,VASC,other
IVIS,ivis,IVIS,AUC,0.847,VASC,yan,dr2,21,VASC,other
IVIS,ivis,IVIS,Pearson,0.877,VASC,yan,dr3,21,VASC,other
IVIS,ivis,IVIS,Qglobal,0.93,VASC,yan,dr2,21,VASC,other
IVIS,ivis,IVIS,Qlocal,0.598,VASC,yan,dr2,21,VASC,other
IVIS,ivis,IVIS,centroid_distance,0.963,VASC,yan,dr1,21,VASC,other
IVIS,ivis,IVIS,k-nearest,0.917,VASC,yan,dr1,21,VASC,other
IVIS,ivis,IVIS,kmax,20.0,VASC,yan,dr2,21,VASC,other
IVIS,ivis,IVIS,random_triplet,0.891,VASC,yan,dr1,21,VASC,other
IVIS,ivis,IVIS,spearman,0.914,VASC,yan,dr1,21,VASC,other
IVIS,ivis,IVIS,svm,0.789,VASC,yan,dr1,21,VASC,other
IVIS,ivis,IVIS,AUC,0.671,benchmarker,Baron_mouse,dr2,21,curated,other
IVIS,ivis,IVIS,Pearson,0.559,benchmarker,Baron_mouse,dr3,21,curated,other
IVIS,ivis,IVIS,Qglobal,0.707,benchmarker,Baron_mouse,dr2,21,curated,other
IVIS,ivis,IVIS,Qlocal,0.275,benchmarker,Baron_mouse,dr2,21,curated,other
IVIS,ivis,IVIS,centroid_distance,0.193,benchmarker,Baron_mouse,dr1,21,curated,other
IVIS,ivis,IVIS,k-nearest,0.615,benchmarker,Baron_mouse,dr1,21,curated,other
IVIS,ivis,IVIS,kmax,157.0,benchmarker,Baron_mouse,dr2,21,curated,other
IVIS,ivis,IVIS,random_triplet,0.696,benchmarker,Baron_mouse,dr1,21,curated,other
IVIS,ivis,IVIS,spearman,0.545,benchmarker,Baron_mouse,dr1,21,curated,other
IVIS,ivis,IVIS,svm,0.943,benchmarker,Baron_mouse,dr1,21,curated,other
IVIS,ivis,IVIS,AUC,0.658,benchmarker,Darmanis,dr2,21,curated,other
IVIS,ivis,IVIS,Pearson,0.403,benchmarker,Darmanis,dr3,21,curated,other
IVIS,ivis,IVIS,Qglobal,0.714,benchmarker,Darmanis,dr2,21,curated,other
IVIS,ivis,IVIS,Qlocal,0.352,benchmarker,Darmanis,dr2,21,curated,other
IVIS,ivis,IVIS,centroid_distance,0.532,benchmarker,Darmanis,dr1,21,curated,other
IVIS,ivis,IVIS,k-nearest,0.5,benchmarker,Darmanis,dr1,21,curated,other
IVIS,ivis,IVIS,kmax,64.0,benchmarker,Darmanis,dr2,21,curated,other
IVIS,ivis,IVIS,random_triplet,0.642,benchmarker,Darmanis,dr1,21,curated,other
IVIS,ivis,IVIS,spearman,0.474,benchmarker,Darmanis,dr1,21,curated,other
IVIS,ivis,IVIS,svm,0.907,benchmarker,Darmanis,dr1,21,curated,other
IVIS,ivis,IVIS,AUC,0.655,benchmarker,Pancreatic,dr2,21,curated,other
IVIS,ivis,IVIS,Pearson,0.51,benchmarker,Pancreatic,dr3,21,curated,other
IVIS,ivis,IVIS,Qglobal,0.783,benchmarker,Pancreatic,dr2,21,curated,other
IVIS,ivis,IVIS,Qlocal,0.329,benchmarker,Pancreatic,dr2,21,curated,other
IVIS,ivis,IVIS,centroid_distance,0.797,benchmarker,Pancreatic,dr1,21,curated,other
IVIS,ivis,IVIS,k-nearest,0.5,benchmarker,Pancreatic,dr1,21,curated,other
IVIS,ivis,IVIS,kmax,16.0,benchmarker,Pancreatic,dr2,21,curated,other
IVIS,ivis,IVIS,random_triplet,0.71,benchmarker,Pancreatic,dr1,21,curated,other
IVIS,ivis,IVIS,spearman,0.562,benchmarker,Pancreatic,dr1,21,curated,other
IVIS,ivis,IVIS,svm,0.533,benchmarker,Pancreatic,dr1,21,curated,other
IVIS,ivis,IVIS,AUC,0.723,benchmarker,Silver,dr2,21,curated,other
IVIS,ivis,IVIS,Pearson,0.725,benchmarker,Silver,dr3,21,curated,other
IVIS,ivis,IVIS,Qglobal,0.826,benchmarker,Silver,dr2,21,curated,other
IVIS,ivis,IVIS,Qlocal,0.41,benchmarker,Silver,dr2,21,curated,other
IVIS,ivis,IVIS,centroid_distance,0.986,benchmarker,Silver,dr1,21,curated,other
IVIS,ivis,IVIS,k-nearest,0.848,benchmarker,Silver,dr1,21,curated,other
IVIS,ivis,IVIS,kmax,642.0,benchmarker,Silver,dr2,21,curated,other
IVIS,ivis,IVIS,random_triplet,0.768,benchmarker,Silver,dr1,21,curated,other
IVIS,ivis,IVIS,spearman,0.726,benchmarker,Silver,dr1,21,curated,other
IVIS,ivis,IVIS,svm,0.524,benchmarker,Silver,dr1,21,curated,other
IVIS,ivis,IVIS,AUC,0.693,benchmarker,Zhengmix4eq,dr2,21,curated,other
IVIS,ivis,IVIS,Pearson,0.604,benchmarker,Zhengmix4eq,dr3,21,curated,other
IVIS,ivis,IVIS,Qglobal,0.805,benchmarker,Zhengmix4eq,dr2,21,curated,other
IVIS,ivis,IVIS,Qlocal,0.355,benchmarker,Zhengmix4eq,dr2,21,curated,other
IVIS,ivis,IVIS,centroid_distance,0.976,benchmarker,Zhengmix4eq,dr1,21,curated,other
IVIS,ivis,IVIS,k-nearest,1.0,benchmarker,Zhengmix4eq,dr1,21,curated,other
IVIS,ivis,IVIS,kmax,991.0,benchmarker,Zhengmix4eq,dr2,21,curated,other
IVIS,ivis,IVIS,random_triplet,0.728,benchmarker,Zhengmix4eq,dr1,21,curated,other
IVIS,ivis,IVIS,spearman,0.624,benchmarker,Zhengmix4eq,dr1,21,curated,other
IVIS,ivis,IVIS,svm,0.936,benchmarker,Zhengmix4eq,dr1,21,curated,other
IVIS,ivis,IVIS,AUC,0.691,scDesign3,ACINAR,dr2,21,scDesign3,other
IVIS,ivis,IVIS,Pearson,0.32,scDesign3,ACINAR,dr3,21,scDesign3,other
IVIS,ivis,IVIS,Qglobal,0.753,scDesign3,ACINAR,dr2,21,scDesign3,other
IVIS,ivis,IVIS,Qlocal,0.344,scDesign3,ACINAR,dr2,21,scDesign3,other
IVIS,ivis,IVIS,centroid_distance,0.774,scDesign3,ACINAR,dr1,21,scDesign3,other
IVIS,ivis,IVIS,k-nearest,0.667,scDesign3,ACINAR,dr1,21,scDesign3,other
IVIS,ivis,IVIS,kmax,460.0,scDesign3,ACINAR,dr2,21,scDesign3,other
IVIS,ivis,IVIS,random_triplet,0.727,scDesign3,ACINAR,dr1,21,scDesign3,other
IVIS,ivis,IVIS,spearman,0.473,scDesign3,ACINAR,dr1,21,scDesign3,other
IVIS,ivis,IVIS,svm,0.532,scDesign3,ACINAR,dr1,21,scDesign3,other
IVIS,ivis,IVIS,AUC,0.608,scDesign3,ATAC,dr2,21,scDesign3,other
IVIS,ivis,IVIS,Pearson,0.304,scDesign3,ATAC,dr3,21,scDesign3,other
IVIS,ivis,IVIS,Qglobal,0.714,scDesign3,ATAC,dr2,21,scDesign3,other
IVIS,ivis,IVIS,Qlocal,0.277,scDesign3,ATAC,dr2,21,scDesign3,other
IVIS,ivis,IVIS,centroid_distance,0.795,scDesign3,ATAC,dr1,21,scDesign3,other
IVIS,ivis,IVIS,k-nearest,0.744,scDesign3,ATAC,dr1,21,scDesign3,other
IVIS,ivis,IVIS,kmax,1707.0,scDesign3,ATAC,dr2,21,scDesign3,other
IVIS,ivis,IVIS,random_triplet,0.616,scDesign3,ATAC,dr1,21,scDesign3,other
IVIS,ivis,IVIS,spearman,0.286,scDesign3,ATAC,dr1,21,scDesign3,other
IVIS,ivis,IVIS,svm,0.792,scDesign3,ATAC,dr1,21,scDesign3,other
IVIS,ivis,IVIS,AUC,0.664,scDesign3,BATCH,dr2,21,scDesign3,other
IVIS,ivis,IVIS,Pearson,0.298,scDesign3,BATCH,dr3,21,scDesign3,other
IVIS,ivis,IVIS,Qglobal,0.699,scDesign3,BATCH,dr2,21,scDesign3,other
IVIS,ivis,IVIS,Qlocal,0.323,scDesign3,BATCH,dr2,21,scDesign3,other
IVIS,ivis,IVIS,centroid_distance,0.567,scDesign3,BATCH,dr1,21,scDesign3,other
IVIS,ivis,IVIS,k-nearest,0.611,scDesign3,BATCH,dr1,21,scDesign3,other
IVIS,ivis,IVIS,kmax,585.0,scDesign3,BATCH,dr2,21,scDesign3,other
IVIS,ivis,IVIS,random_triplet,0.679,scDesign3,BATCH,dr1,21,scDesign3,other
IVIS,ivis,IVIS,spearman,0.487,scDesign3,BATCH,dr1,21,scDesign3,other
IVIS,ivis,IVIS,svm,0.859,scDesign3,BATCH,dr1,21,scDesign3,other
IVIS,ivis,IVIS,AUC,0.681,scDesign3,CITE,dr2,21,scDesign3,other
IVIS,ivis,IVIS,Pearson,0.098,scDesign3,CITE,dr3,21,scDesign3,other
IVIS,ivis,IVIS,Qglobal,0.73,scDesign3,CITE,dr2,21,scDesign3,other
IVIS,ivis,IVIS,Qlocal,0.437,scDesign3,CITE,dr2,21,scDesign3,other
IVIS,ivis,IVIS,centroid_distance,0.254,scDesign3,CITE,dr1,21,scDesign3,other
IVIS,ivis,IVIS,k-nearest,0.45,scDesign3,CITE,dr1,21,scDesign3,other
IVIS,ivis,IVIS,kmax,1426.0,scDesign3,CITE,dr2,21,scDesign3,other
IVIS,ivis,IVIS,random_triplet,0.672,scDesign3,CITE,dr1,21,scDesign3,other
IVIS,ivis,IVIS,spearman,0.254,scDesign3,CITE,dr1,21,scDesign3,other
IVIS,ivis,IVIS,svm,0.691,scDesign3,CITE,dr1,21,scDesign3,other
IVIS,ivis,IVIS,AUC,0.464,scDesign3,EMBYRO,dr2,21,scDesign3,other
IVIS,ivis,IVIS,Pearson,-0.056,scDesign3,EMBYRO,dr3,21,scDesign3,other
IVIS,ivis,IVIS,Qglobal,0.866,scDesign3,EMBYRO,dr2,21,scDesign3,other
IVIS,ivis,IVIS,Qlocal,0.318,scDesign3,EMBYRO,dr2,21,scDesign3,other
IVIS,ivis,IVIS,centroid_distance,0.353,scDesign3,EMBYRO,dr1,21,scDesign3,other
IVIS,ivis,IVIS,k-nearest,0.2,scDesign3,EMBYRO,dr1,21,scDesign3,other
IVIS,ivis,IVIS,kmax,944.0,scDesign3,EMBYRO,dr2,21,scDesign3,other
IVIS,ivis,IVIS,random_triplet,0.509,scDesign3,EMBYRO,dr1,21,scDesign3,other
IVIS,ivis,IVIS,spearman,-0.111,scDesign3,EMBYRO,dr1,21,scDesign3,other
IVIS,ivis,IVIS,svm,0.344,scDesign3,EMBYRO,dr1,21,scDesign3,other
IVIS,ivis,IVIS,AUC,0.696,scDesign3,IFNB,dr2,21,scDesign3,other
IVIS,ivis,IVIS,Pearson,0.306,scDesign3,IFNB,dr3,21,scDesign3,other
IVIS,ivis,IVIS,Qglobal,0.755,scDesign3,IFNB,dr2,21,scDesign3,other
IVIS,ivis,IVIS,Qlocal,0.387,scDesign3,IFNB,dr2,21,scDesign3,other
IVIS,ivis,IVIS,centroid_distance,0.542,scDesign3,IFNB,dr1,21,scDesign3,other
IVIS,ivis,IVIS,k-nearest,0.436,scDesign3,IFNB,dr1,21,scDesign3,other
IVIS,ivis,IVIS,kmax,2224.0,scDesign3,IFNB,dr2,21,scDesign3,other
IVIS,ivis,IVIS,random_triplet,0.7,scDesign3,IFNB,dr1,21,scDesign3,other
IVIS,ivis,IVIS,spearman,0.495,scDesign3,IFNB,dr1,21,scDesign3,other
IVIS,ivis,IVIS,svm,0.658,scDesign3,IFNB,dr1,21,scDesign3,other
IVIS,ivis,IVIS,AUC,0.716,scDesign3,MARROW,dr2,21,scDesign3,other
IVIS,ivis,IVIS,Pearson,0.543,scDesign3,MARROW,dr3,21,scDesign3,other
IVIS,ivis,IVIS,Qglobal,0.818,scDesign3,MARROW,dr2,21,scDesign3,other
IVIS,ivis,IVIS,Qlocal,0.439,scDesign3,MARROW,dr2,21,scDesign3,other
IVIS,ivis,IVIS,centroid_distance,1.0,scDesign3,MARROW,dr1,21,scDesign3,other
IVIS,ivis,IVIS,k-nearest,1.0,scDesign3,MARROW,dr1,21,scDesign3,other
IVIS,ivis,IVIS,kmax,712.0,scDesign3,MARROW,dr2,21,scDesign3,other
IVIS,ivis,IVIS,random_triplet,0.747,scDesign3,MARROW,dr1,21,scDesign3,other
IVIS,ivis,IVIS,spearman,0.536,scDesign3,MARROW,dr1,21,scDesign3,other
IVIS,ivis,IVIS,svm,0.936,scDesign3,MARROW,dr1,21,scDesign3,other
IVIS,ivis,IVIS,AUC,0.694,scDesign3,MOBSC,dr2,21,scDesign3,other
IVIS,ivis,IVIS,Pearson,0.61,scDesign3,MOBSC,dr3,21,scDesign3,other
IVIS,ivis,IVIS,Qglobal,0.781,scDesign3,MOBSC,dr2,21,scDesign3,other
IVIS,ivis,IVIS,Qlocal,0.372,scDesign3,MOBSC,dr2,21,scDesign3,other
IVIS,ivis,IVIS,centroid_distance,0.735,scDesign3,MOBSC,dr1,21,scDesign3,other
IVIS,ivis,IVIS,k-nearest,0.25,scDesign3,MOBSC,dr1,21,scDesign3,other
IVIS,ivis,IVIS,kmax,2700.0,scDesign3,MOBSC,dr2,21,scDesign3,other
IVIS,ivis,IVIS,random_triplet,0.724,scDesign3,MOBSC,dr1,21,scDesign3,other
IVIS,ivis,IVIS,spearman,0.649,scDesign3,MOBSC,dr1,21,scDesign3,other
IVIS,ivis,IVIS,svm,0.806,scDesign3,MOBSC,dr1,21,scDesign3,other
IVIS,ivis,IVIS,AUC,0.684,scDesign3,OVARIAN,dr2,21,scDesign3,other
IVIS,ivis,IVIS,Pearson,0.315,scDesign3,OVARIAN,dr3,21,scDesign3,other
IVIS,ivis,IVIS,Qglobal,0.734,scDesign3,OVARIAN,dr2,21,scDesign3,other
IVIS,ivis,IVIS,Qlocal,0.359,scDesign3,OVARIAN,dr2,21,scDesign3,other
IVIS,ivis,IVIS,centroid_distance,0.657,scDesign3,OVARIAN,dr1,21,scDesign3,other
IVIS,ivis,IVIS,k-nearest,0.515,scDesign3,OVARIAN,dr1,21,scDesign3,other
IVIS,ivis,IVIS,kmax,460.0,scDesign3,OVARIAN,dr2,21,scDesign3,other
IVIS,ivis,IVIS,random_triplet,0.703,scDesign3,OVARIAN,dr1,21,scDesign3,other
IVIS,ivis,IVIS,spearman,0.372,scDesign3,OVARIAN,dr1,21,scDesign3,other
IVIS,ivis,IVIS,svm,0.538,scDesign3,OVARIAN,dr1,21,scDesign3,other
IVIS,ivis,IVIS,AUC,0.771,scDesign3,PANCREAS,dr2,21,scDesign3,other
IVIS,ivis,IVIS,Pearson,0.519,scDesign3,PANCREAS,dr3,21,scDesign3,other
IVIS,ivis,IVIS,Qglobal,0.817,scDesign3,PANCREAS,dr2,21,scDesign3,other
IVIS,ivis,IVIS,Qlocal,0.504,scDesign3,PANCREAS,dr2,21,scDesign3,other
IVIS,ivis,IVIS,centroid_distance,0.88,scDesign3,PANCREAS,dr1,21,scDesign3,other
IVIS,ivis,IVIS,k-nearest,1.0,scDesign3,PANCREAS,dr1,21,scDesign3,other
IVIS,ivis,IVIS,kmax,306.0,scDesign3,PANCREAS,dr2,21,scDesign3,other
IVIS,ivis,IVIS,random_triplet,0.784,scDesign3,PANCREAS,dr1,21,scDesign3,other
IVIS,ivis,IVIS,spearman,0.673,scDesign3,PANCREAS,dr1,21,scDesign3,other
IVIS,ivis,IVIS,svm,0.874,scDesign3,PANCREAS,dr1,21,scDesign3,other
IVIS,ivis,IVIS,AUC,0.702,scDesign3,SCGEMMETH,dr2,21,scDesign3,other
IVIS,ivis,IVIS,Pearson,0.662,scDesign3,SCGEMMETH,dr3,21,scDesign3,other
IVIS,ivis,IVIS,Qglobal,0.816,scDesign3,SCGEMMETH,dr2,21,scDesign3,other
IVIS,ivis,IVIS,Qlocal,0.37,scDesign3,SCGEMMETH,dr2,21,scDesign3,other
IVIS,ivis,IVIS,centroid_distance,0.928,scDesign3,SCGEMMETH,dr1,21,scDesign3,other
IVIS,ivis,IVIS,k-nearest,0.5,scDesign3,SCGEMMETH,dr1,21,scDesign3,other
IVIS,ivis,IVIS,kmax,35.0,scDesign3,SCGEMMETH,dr2,21,scDesign3,other
IVIS,ivis,IVIS,random_triplet,0.79,scDesign3,SCGEMMETH,dr1,21,scDesign3,other
IVIS,ivis,IVIS,spearman,0.664,scDesign3,SCGEMMETH,dr1,21,scDesign3,other
IVIS,ivis,IVIS,svm,0.676,scDesign3,SCGEMMETH,dr1,21,scDesign3,other
IVIS,ivis,IVIS,AUC,0.753,scDesign3,SCGEMRNA,dr2,21,scDesign3,other
IVIS,ivis,IVIS,Pearson,0.78,scDesign3,SCGEMRNA,dr3,21,scDesign3,other
IVIS,ivis,IVIS,Qglobal,0.878,scDesign3,SCGEMRNA,dr2,21,scDesign3,other
IVIS,ivis,IVIS,Qlocal,0.509,scDesign3,SCGEMRNA,dr2,21,scDesign3,other
IVIS,ivis,IVIS,centroid_distance,0.95,scDesign3,SCGEMRNA,dr1,21,scDesign3,other
IVIS,ivis,IVIS,k-nearest,0.8,scDesign3,SCGEMRNA,dr1,21,scDesign3,other
IVIS,ivis,IVIS,kmax,58.0,scDesign3,SCGEMRNA,dr2,21,scDesign3,other
IVIS,ivis,IVIS,random_triplet,0.806,scDesign3,SCGEMRNA,dr1,21,scDesign3,other
IVIS,ivis,IVIS,spearman,0.786,scDesign3,SCGEMRNA,dr1,21,scDesign3,other
IVIS,ivis,IVIS,svm,0.774,scDesign3,SCGEMRNA,dr1,21,scDesign3,other
IVIS,ivis,IVIS,AUC,0.529,scDesign3,SCIATAC,dr2,21,scDesign3,other
IVIS,ivis,IVIS,Pearson,0.138,scDesign3,SCIATAC,dr3,21,scDesign3,other
IVIS,ivis,IVIS,Qglobal,0.781,scDesign3,SCIATAC,dr2,21,scDesign3,other
IVIS,ivis,IVIS,Qlocal,0.282,scDesign3,SCIATAC,dr2,21,scDesign3,other
IVIS,ivis,IVIS,centroid_distance,0.159,scDesign3,SCIATAC,dr1,21,scDesign3,other
IVIS,ivis,IVIS,k-nearest,0.389,scDesign3,SCIATAC,dr1,21,scDesign3,other
IVIS,ivis,IVIS,kmax,2032.0,scDesign3,SCIATAC,dr2,21,scDesign3,other
IVIS,ivis,IVIS,random_triplet,0.55,scDesign3,SCIATAC,dr1,21,scDesign3,other
IVIS,ivis,IVIS,spearman,0.159,scDesign3,SCIATAC,dr1,21,scDesign3,other
IVIS,ivis,IVIS,svm,0.625,scDesign3,SCIATAC,dr1,21,scDesign3,other
IVIS,ivis,IVIS,AUC,0.521,scDesign3,SLIDE,dr2,21,scDesign3,other
IVIS,ivis,IVIS,Pearson,0.004,scDesign3,SLIDE,dr3,21,scDesign3,other
IVIS,ivis,IVIS,Qglobal,0.564,scDesign3,SLIDE,dr2,21,scDesign3,other
IVIS,ivis,IVIS,Qlocal,0.112,scDesign3,SLIDE,dr2,21,scDesign3,other
IVIS,ivis,IVIS,centroid_distance,0.83,scDesign3,SLIDE,dr1,21,scDesign3,other
IVIS,ivis,IVIS,k-nearest,0.636,scDesign3,SLIDE,dr1,21,scDesign3,other
IVIS,ivis,IVIS,kmax,2261.0,scDesign3,SLIDE,dr2,21,scDesign3,other
IVIS,ivis,IVIS,random_triplet,0.511,scDesign3,SLIDE,dr1,21,scDesign3,other
IVIS,ivis,IVIS,spearman,-0.002,scDesign3,SLIDE,dr1,21,scDesign3,other
IVIS,ivis,IVIS,svm,0.552,scDesign3,SLIDE,dr1,21,scDesign3,other
IVIS,ivis,IVIS,AUC,0.65,scDesign3,VISIUM,dr2,21,scDesign3,other
IVIS,ivis,IVIS,Pearson,0.233,scDesign3,VISIUM,dr3,21,scDesign3,other
IVIS,ivis,IVIS,Qglobal,0.683,scDesign3,VISIUM,dr2,21,scDesign3,other
IVIS,ivis,IVIS,Qlocal,0.305,scDesign3,VISIUM,dr2,21,scDesign3,other
IVIS,ivis,IVIS,centroid_distance,0.503,scDesign3,VISIUM,dr1,21,scDesign3,other
IVIS,ivis,IVIS,k-nearest,0.5,scDesign3,VISIUM,dr1,21,scDesign3,other
IVIS,ivis,IVIS,kmax,236.0,scDesign3,VISIUM,dr2,21,scDesign3,other
IVIS,ivis,IVIS,random_triplet,0.664,scDesign3,VISIUM,dr1,21,scDesign3,other
IVIS,ivis,IVIS,spearman,0.452,scDesign3,VISIUM,dr1,21,scDesign3,other
IVIS,ivis,IVIS,svm,0.63,scDesign3,VISIUM,dr1,21,scDesign3,other
PaCMAP,PaCMAP,PaCMAP,AUC,0.496,SIMLR,Pollen,dr2,22,SIMLR,other
PaCMAP,PaCMAP,PaCMAP,Pearson,-0.078,SIMLR,Pollen,dr3,22,SIMLR,other
PaCMAP,PaCMAP,PaCMAP,Qglobal,0.547,SIMLR,Pollen,dr2,22,SIMLR,other
PaCMAP,PaCMAP,PaCMAP,Qlocal,0.119,SIMLR,Pollen,dr2,22,SIMLR,other
PaCMAP,PaCMAP,PaCMAP,centroid_distance,0.107,SIMLR,Pollen,dr1,22,SIMLR,other
PaCMAP,PaCMAP,PaCMAP,k-nearest,0.212,SIMLR,Pollen,dr1,22,SIMLR,other
PaCMAP,PaCMAP,PaCMAP,kmax,30.0,SIMLR,Pollen,dr2,22,SIMLR,other
PaCMAP,PaCMAP,PaCMAP,random_triplet,0.457,SIMLR,Pollen,dr1,22,SIMLR,other
PaCMAP,PaCMAP,PaCMAP,spearman,-0.09,SIMLR,Pollen,dr1,22,SIMLR,other
PaCMAP,PaCMAP,PaCMAP,svm,0.34,SIMLR,Pollen,dr1,22,SIMLR,other
PaCMAP,PaCMAP,PaCMAP,AUC,0.526,SIMLR,Usoskin,dr2,22,SIMLR,other
PaCMAP,PaCMAP,PaCMAP,Pearson,0.056,SIMLR,Usoskin,dr3,22,SIMLR,other
PaCMAP,PaCMAP,PaCMAP,Qglobal,0.625,SIMLR,Usoskin,dr2,22,SIMLR,other
PaCMAP,PaCMAP,PaCMAP,Qlocal,0.164,SIMLR,Usoskin,dr2,22,SIMLR,other
PaCMAP,PaCMAP,PaCMAP,centroid_distance,0.422,SIMLR,Usoskin,dr1,22,SIMLR,other
PaCMAP,PaCMAP,PaCMAP,k-nearest,0.25,SIMLR,Usoskin,dr1,22,SIMLR,other
PaCMAP,PaCMAP,PaCMAP,kmax,133.0,SIMLR,Usoskin,dr2,22,SIMLR,other
PaCMAP,PaCMAP,PaCMAP,random_triplet,0.528,SIMLR,Usoskin,dr1,22,SIMLR,other
PaCMAP,PaCMAP,PaCMAP,spearman,0.046,SIMLR,Usoskin,dr1,22,SIMLR,other
PaCMAP,PaCMAP,PaCMAP,svm,0.767,SIMLR,Usoskin,dr1,22,SIMLR,other
PaCMAP,PaCMAP,PaCMAP,AUC,0.621,TI,DA1_horns,dr2,22,trajectory,other
PaCMAP,PaCMAP,PaCMAP,Pearson,0.274,TI,DA1_horns,dr3,22,trajectory,other
PaCMAP,PaCMAP,PaCMAP,Qglobal,0.743,TI,DA1_horns,dr2,22,trajectory,other
PaCMAP,PaCMAP,PaCMAP,Qlocal,0.261,TI,DA1_horns,dr2,22,trajectory,other
PaCMAP,PaCMAP,PaCMAP,centroid_distance,0.869,TI,DA1_horns,dr1,22,trajectory,other
PaCMAP,PaCMAP,PaCMAP,k-nearest,0.8,TI,DA1_horns,dr1,22,trajectory,other
PaCMAP,PaCMAP,PaCMAP,kmax,69.0,TI,DA1_horns,dr2,22,trajectory,other
PaCMAP,PaCMAP,PaCMAP,random_triplet,0.645,TI,DA1_horns,dr1,22,trajectory,other
PaCMAP,PaCMAP,PaCMAP,spearman,0.404,TI,DA1_horns,dr1,22,trajectory,other
PaCMAP,PaCMAP,PaCMAP,svm,0.513,TI,DA1_horns,dr1,22,trajectory,other
PaCMAP,PaCMAP,PaCMAP,AUC,0.611,TI,DC3_VA1d_horns,dr2,22,trajectory,other
PaCMAP,PaCMAP,PaCMAP,Pearson,0.254,TI,DC3_VA1d_horns,dr3,22,trajectory,other
PaCMAP,PaCMAP,PaCMAP,Qglobal,0.726,TI,DC3_VA1d_horns,dr2,22,trajectory,other
PaCMAP,PaCMAP,PaCMAP,Qlocal,0.247,TI,DC3_VA1d_horns,dr2,22,trajectory,other
PaCMAP,PaCMAP,PaCMAP,centroid_distance,0.654,TI,DC3_VA1d_horns,dr1,22,trajectory,other
PaCMAP,PaCMAP,PaCMAP,k-nearest,0.556,TI,DC3_VA1d_horns,dr1,22,trajectory,other
PaCMAP,PaCMAP,PaCMAP,kmax,40.0,TI,DC3_VA1d_horns,dr2,22,trajectory,other
PaCMAP,PaCMAP,PaCMAP,random_triplet,0.637,TI,DC3_VA1d_horns,dr1,22,trajectory,other
PaCMAP,PaCMAP,PaCMAP,spearman,0.378,TI,DC3_VA1d_horns,dr1,22,trajectory,other
PaCMAP,PaCMAP,PaCMAP,svm,0.428,TI,DC3_VA1d_horns,dr1,22,trajectory,other
PaCMAP,PaCMAP,PaCMAP,AUC,0.594,TI,ICM,dr2,22,trajectory,other
PaCMAP,PaCMAP,PaCMAP,Pearson,0.321,TI,ICM,dr3,22,trajectory,other
PaCMAP,PaCMAP,PaCMAP,Qglobal,0.639,TI,ICM,dr2,22,trajectory,other
PaCMAP,PaCMAP,PaCMAP,Qlocal,0.245,TI,ICM,dr2,22,trajectory,other
PaCMAP,PaCMAP,PaCMAP,centroid_distance,0.342,TI,ICM,dr1,22,trajectory,other
PaCMAP,PaCMAP,PaCMAP,k-nearest,0.333,TI,ICM,dr1,22,trajectory,other
PaCMAP,PaCMAP,PaCMAP,kmax,31.0,TI,ICM,dr2,22,trajectory,other
PaCMAP,PaCMAP,PaCMAP,random_triplet,0.573,TI,ICM,dr1,22,trajectory,other
PaCMAP,PaCMAP,PaCMAP,spearman,0.268,TI,ICM,dr1,22,trajectory,other
PaCMAP,PaCMAP,PaCMAP,svm,0.592,TI,ICM,dr1,22,trajectory,other
PaCMAP,PaCMAP,PaCMAP,AUC,0.62,TI,blastocyst,dr2,22,trajectory,other
PaCMAP,PaCMAP,PaCMAP,Pearson,0.367,TI,blastocyst,dr3,22,trajectory,other
PaCMAP,PaCMAP,PaCMAP,Qglobal,0.655,TI,blastocyst,dr2,22,trajectory,other
PaCMAP,PaCMAP,PaCMAP,Qlocal,0.236,TI,blastocyst,dr2,22,trajectory,other
PaCMAP,PaCMAP,PaCMAP,centroid_distance,0.479,TI,blastocyst,dr1,22,trajectory,other
PaCMAP,PaCMAP,PaCMAP,k-nearest,0.41,TI,blastocyst,dr1,22,trajectory,other
PaCMAP,PaCMAP,PaCMAP,kmax,29.0,TI,blastocyst,dr2,22,trajectory,other
PaCMAP,PaCMAP,PaCMAP,random_triplet,0.594,TI,blastocyst,dr1,22,trajectory,other
PaCMAP,PaCMAP,PaCMAP,spearman,0.367,TI,blastocyst,dr1,22,trajectory,other
PaCMAP,PaCMAP,PaCMAP,svm,0.507,TI,blastocyst,dr1,22,trajectory,other
PaCMAP,PaCMAP,PaCMAP,AUC,0.506,TI,combination-1,dr2,22,trajectory,other
PaCMAP,PaCMAP,PaCMAP,Pearson,0.009,TI,combination-1,dr3,22,trajectory,other
PaCMAP,PaCMAP,PaCMAP,Qglobal,0.697,TI,combination-1,dr2,22,trajectory,other
PaCMAP,PaCMAP,PaCMAP,Qlocal,0.201,TI,combination-1,dr2,22,trajectory,other
PaCMAP,PaCMAP,PaCMAP,centroid_distance,0.458,TI,combination-1,dr1,22,trajectory,other
PaCMAP,PaCMAP,PaCMAP,k-nearest,0.5,TI,combination-1,dr1,22,trajectory,other
PaCMAP,PaCMAP,PaCMAP,kmax,1645.0,TI,combination-1,dr2,22,trajectory,other
PaCMAP,PaCMAP,PaCMAP,random_triplet,0.508,TI,combination-1,dr1,22,trajectory,other
PaCMAP,PaCMAP,PaCMAP,spearman,0.008,TI,combination-1,dr1,22,trajectory,other
PaCMAP,PaCMAP,PaCMAP,svm,0.614,TI,combination-1,dr1,22,trajectory,other
PaCMAP,PaCMAP,PaCMAP,AUC,0.506,TI,combination-2,dr2,22,trajectory,other
PaCMAP,PaCMAP,PaCMAP,Pearson,0.004,TI,combination-2,dr3,22,trajectory,other
PaCMAP,PaCMAP,PaCMAP,Qglobal,0.66,TI,combination-2,dr2,22,trajectory,other
PaCMAP,PaCMAP,PaCMAP,Qlocal,0.163,TI,combination-2,dr2,22,trajectory,other
PaCMAP,PaCMAP,PaCMAP,centroid_distance,0.444,TI,combination-2,dr1,22,trajectory,other
PaCMAP,PaCMAP,PaCMAP,k-nearest,0.111,TI,combination-2,dr1,22,trajectory,other
PaCMAP,PaCMAP,PaCMAP,kmax,1341.0,TI,combination-2,dr2,22,trajectory,other
PaCMAP,PaCMAP,PaCMAP,random_triplet,0.511,TI,combination-2,dr1,22,trajectory,other
PaCMAP,PaCMAP,PaCMAP,spearman,0.031,TI,combination-2,dr1,22,trajectory,other
PaCMAP,PaCMAP,PaCMAP,svm,0.234,TI,combination-2,dr1,22,trajectory,other
PaCMAP,PaCMAP,PaCMAP,AUC,0.504,TI,combination-3,dr2,22,trajectory,other
PaCMAP,PaCMAP,PaCMAP,Pearson,-0.007,TI,combination-3,dr3,22,trajectory,other
PaCMAP,PaCMAP,PaCMAP,Qglobal,0.658,TI,combination-3,dr2,22,trajectory,other
PaCMAP,PaCMAP,PaCMAP,Qlocal,0.161,TI,combination-3,dr2,22,trajectory,other
PaCMAP,PaCMAP,PaCMAP,centroid_distance,0.505,TI,combination-3,dr1,22,trajectory,other
PaCMAP,PaCMAP,PaCMAP,k-nearest,0.357,TI,combination-3,dr1,22,trajectory,other
PaCMAP,PaCMAP,PaCMAP,kmax,703.0,TI,combination-3,dr2,22,trajectory,other
PaCMAP,PaCMAP,PaCMAP,random_triplet,0.507,TI,combination-3,dr1,22,trajectory,other
PaCMAP,PaCMAP,PaCMAP,spearman,0.001,TI,combination-3,dr1,22,trajectory,other
PaCMAP,PaCMAP,PaCMAP,svm,0.301,TI,combination-3,dr1,22,trajectory,other
PaCMAP,PaCMAP,PaCMAP,AUC,0.584,TI,epiblast,dr2,22,trajectory,other
PaCMAP,PaCMAP,PaCMAP,Pearson,0.212,TI,epiblast,dr3,22,trajectory,other
PaCMAP,PaCMAP,PaCMAP,Qglobal,0.649,TI,epiblast,dr2,22,trajectory,other
PaCMAP,PaCMAP,PaCMAP,Qlocal,0.247,TI,epiblast,dr2,22,trajectory,other
PaCMAP,PaCMAP,PaCMAP,centroid_distance,0.509,TI,epiblast,dr1,22,trajectory,other
PaCMAP,PaCMAP,PaCMAP,k-nearest,0.5,TI,epiblast,dr1,22,trajectory,other
PaCMAP,PaCMAP,PaCMAP,kmax,29.0,TI,epiblast,dr2,22,trajectory,other
PaCMAP,PaCMAP,PaCMAP,random_triplet,0.556,TI,epiblast,dr1,22,trajectory,other
PaCMAP,PaCMAP,PaCMAP,spearman,0.234,TI,epiblast,dr1,22,trajectory,other
PaCMAP,PaCMAP,PaCMAP,svm,0.623,TI,epiblast,dr1,22,trajectory,other
PaCMAP,PaCMAP,PaCMAP,AUC,0.506,TI,epidermis,dr2,22,trajectory,other
PaCMAP,PaCMAP,PaCMAP,Pearson,0.018,TI,epidermis,dr3,22,trajectory,other
PaCMAP,PaCMAP,PaCMAP,Qglobal,0.699,TI,epidermis,dr2,22,trajectory,other
PaCMAP,PaCMAP,PaCMAP,Qlocal,0.205,TI,epidermis,dr2,22,trajectory,other
PaCMAP,PaCMAP,PaCMAP,centroid_distance,0.732,TI,epidermis,dr1,22,trajectory,other
PaCMAP,PaCMAP,PaCMAP,k-nearest,0.2,TI,epidermis,dr1,22,trajectory,other
PaCMAP,PaCMAP,PaCMAP,kmax,1568.0,TI,epidermis,dr2,22,trajectory,other
PaCMAP,PaCMAP,PaCMAP,random_triplet,0.513,TI,epidermis,dr1,22,trajectory,other
PaCMAP,PaCMAP,PaCMAP,spearman,0.026,TI,epidermis,dr1,22,trajectory,other
PaCMAP,PaCMAP,PaCMAP,svm,0.658,TI,epidermis,dr1,22,trajectory,other
PaCMAP,PaCMAP,PaCMAP,AUC,0.564,TI,horns,dr2,22,trajectory,other
PaCMAP,PaCMAP,PaCMAP,Pearson,0.118,TI,horns,dr3,22,trajectory,other
PaCMAP,PaCMAP,PaCMAP,Qglobal,0.62,TI,horns,dr2,22,trajectory,other
PaCMAP,PaCMAP,PaCMAP,Qlocal,0.17,TI,horns,dr2,22,trajectory,other
PaCMAP,PaCMAP,PaCMAP,centroid_distance,0.107,TI,horns,dr1,22,trajectory,other
PaCMAP,PaCMAP,PaCMAP,k-nearest,0.268,TI,horns,dr1,22,trajectory,other
PaCMAP,PaCMAP,PaCMAP,kmax,56.0,TI,horns,dr2,22,trajectory,other
PaCMAP,PaCMAP,PaCMAP,random_triplet,0.554,TI,horns,dr1,22,trajectory,other
PaCMAP,PaCMAP,PaCMAP,spearman,0.166,TI,horns,dr1,22,trajectory,other
PaCMAP,PaCMAP,PaCMAP,svm,0.506,TI,horns,dr1,22,trajectory,other
PaCMAP,PaCMAP,PaCMAP,AUC,0.505,TI,muscle,dr2,22,trajectory,other
PaCMAP,PaCMAP,PaCMAP,Pearson,0.012,TI,muscle,dr3,22,trajectory,other
PaCMAP,PaCMAP,PaCMAP,Qglobal,0.554,TI,muscle,dr2,22,trajectory,other
PaCMAP,PaCMAP,PaCMAP,Qlocal,0.055,TI,muscle,dr2,22,trajectory,other
PaCMAP,PaCMAP,PaCMAP,centroid_distance,0.575,TI,muscle,dr1,22,trajectory,other
PaCMAP,PaCMAP,PaCMAP,k-nearest,0.333,TI,muscle,dr1,22,trajectory,other
PaCMAP,PaCMAP,PaCMAP,kmax,231.0,TI,muscle,dr2,22,trajectory,other
PaCMAP,PaCMAP,PaCMAP,random_triplet,0.509,TI,muscle,dr1,22,trajectory,other
PaCMAP,PaCMAP,PaCMAP,spearman,0.02,TI,muscle,dr1,22,trajectory,other
PaCMAP,PaCMAP,PaCMAP,svm,0.532,TI,muscle,dr1,22,trajectory,other
PaCMAP,PaCMAP,PaCMAP,AUC,0.504,TI,neuron,dr2,22,trajectory,other
PaCMAP,PaCMAP,PaCMAP,Pearson,0.007,TI,neuron,dr3,22,trajectory,other
PaCMAP,PaCMAP,PaCMAP,Qglobal,0.621,TI,neuron,dr2,22,trajectory,other
PaCMAP,PaCMAP,PaCMAP,Qlocal,0.124,TI,neuron,dr2,22,trajectory,other
PaCMAP,PaCMAP,PaCMAP,centroid_distance,0.651,TI,neuron,dr1,22,trajectory,other
PaCMAP,PaCMAP,PaCMAP,k-nearest,0.286,TI,neuron,dr1,22,trajectory,other
PaCMAP,PaCMAP,PaCMAP,kmax,553.0,TI,neuron,dr2,22,trajectory,other
PaCMAP,PaCMAP,PaCMAP,random_triplet,0.509,TI,neuron,dr1,22,trajectory,other
PaCMAP,PaCMAP,PaCMAP,spearman,0.015,TI,neuron,dr1,22,trajectory,other
PaCMAP,PaCMAP,PaCMAP,svm,0.437,TI,neuron,dr1,22,trajectory,other
PaCMAP,PaCMAP,PaCMAP,AUC,0.505,TI,pair-1,dr2,22,trajectory,other
PaCMAP,PaCMAP,PaCMAP,Pearson,0.006,TI,pair-1,dr3,22,trajectory,other
PaCMAP,PaCMAP,PaCMAP,Qglobal,0.615,TI,pair-1,dr2,22,trajectory,other
PaCMAP,PaCMAP,PaCMAP,Qlocal,0.12,TI,pair-1,dr2,22,trajectory,other
PaCMAP,PaCMAP,PaCMAP,centroid_distance,0.617,TI,pair-1,dr1,22,trajectory,other
PaCMAP,PaCMAP,PaCMAP,k-nearest,0.25,TI,pair-1,dr1,22,trajectory,other
PaCMAP,PaCMAP,PaCMAP,kmax,2336.0,TI,pair-1,dr2,22,trajectory,other
PaCMAP,PaCMAP,PaCMAP,random_triplet,0.506,TI,pair-1,dr1,22,trajectory,other
PaCMAP,PaCMAP,PaCMAP,spearman,0.011,TI,pair-1,dr1,22,trajectory,other
PaCMAP,PaCMAP,PaCMAP,svm,0.555,TI,pair-1,dr1,22,trajectory,other
PaCMAP,PaCMAP,PaCMAP,AUC,0.512,TI,pair-2,dr2,22,trajectory,other
PaCMAP,PaCMAP,PaCMAP,Pearson,0.04,TI,pair-2,dr3,22,trajectory,other
PaCMAP,PaCMAP,PaCMAP,Qglobal,0.627,TI,pair-2,dr2,22,trajectory,other
PaCMAP,PaCMAP,PaCMAP,Qlocal,0.13,TI,pair-2,dr2,22,trajectory,other
PaCMAP,PaCMAP,PaCMAP,centroid_distance,0.339,TI,pair-2,dr1,22,trajectory,other
PaCMAP,PaCMAP,PaCMAP,k-nearest,0.436,TI,pair-2,dr1,22,trajectory,other
PaCMAP,PaCMAP,PaCMAP,kmax,2463.0,TI,pair-2,dr2,22,trajectory,other
PaCMAP,PaCMAP,PaCMAP,random_triplet,0.516,TI,pair-2,dr1,22,trajectory,other
PaCMAP,PaCMAP,PaCMAP,spearman,0.047,TI,pair-2,dr1,22,trajectory,other
PaCMAP,PaCMAP,PaCMAP,svm,0.571,TI,pair-2,dr1,22,trajectory,other
PaCMAP,PaCMAP,PaCMAP,AUC,0.512,TI,pair-3,dr2,22,trajectory,other
PaCMAP,PaCMAP,PaCMAP,Pearson,0.043,TI,pair-3,dr3,22,trajectory,other
PaCMAP,PaCMAP,PaCMAP,Qglobal,0.667,TI,pair-3,dr2,22,trajectory,other
PaCMAP,PaCMAP,PaCMAP,Qlocal,0.176,TI,pair-3,dr2,22,trajectory,other
PaCMAP,PaCMAP,PaCMAP,centroid_distance,0.781,TI,pair-3,dr1,22,trajectory,other
PaCMAP,PaCMAP,PaCMAP,k-nearest,0.188,TI,pair-3,dr1,22,trajectory,other
PaCMAP,PaCMAP,PaCMAP,kmax,2711.0,TI,pair-3,dr2,22,trajectory,other
PaCMAP,PaCMAP,PaCMAP,random_triplet,0.519,TI,pair-3,dr1,22,trajectory,other
PaCMAP,PaCMAP,PaCMAP,spearman,0.044,TI,pair-3,dr1,22,trajectory,other
PaCMAP,PaCMAP,PaCMAP,svm,0.733,TI,pair-3,dr1,22,trajectory,other
PaCMAP,PaCMAP,PaCMAP,AUC,0.52,TI,pair-4,dr2,22,trajectory,other
PaCMAP,PaCMAP,PaCMAP,Pearson,0.09,TI,pair-4,dr3,22,trajectory,other
PaCMAP,PaCMAP,PaCMAP,Qglobal,0.669,TI,pair-4,dr2,22,trajectory,other
PaCMAP,PaCMAP,PaCMAP,Qlocal,0.168,TI,pair-4,dr2,22,trajectory,other
PaCMAP,PaCMAP,PaCMAP,centroid_distance,0.35,TI,pair-4,dr1,22,trajectory,other
PaCMAP,PaCMAP,PaCMAP,k-nearest,0.5,TI,pair-4,dr1,22,trajectory,other
PaCMAP,PaCMAP,PaCMAP,kmax,2667.0,TI,pair-4,dr2,22,trajectory,other
PaCMAP,PaCMAP,PaCMAP,random_triplet,0.531,TI,pair-4,dr1,22,trajectory,other
PaCMAP,PaCMAP,PaCMAP,spearman,0.074,TI,pair-4,dr1,22,trajectory,other
PaCMAP,PaCMAP,PaCMAP,svm,0.687,TI,pair-4,dr1,22,trajectory,other
PaCMAP,PaCMAP,PaCMAP,AUC,0.506,TI,parenchyme,dr2,22,trajectory,other
PaCMAP,PaCMAP,PaCMAP,Pearson,0.028,TI,parenchyme,dr3,22,trajectory,other
PaCMAP,PaCMAP,PaCMAP,Qglobal,0.653,TI,parenchyme,dr2,22,trajectory,other
PaCMAP,PaCMAP,PaCMAP,Qlocal,0.155,TI,parenchyme,dr2,22,trajectory,other
PaCMAP,PaCMAP,PaCMAP,centroid_distance,0.359,TI,parenchyme,dr1,22,trajectory,other
PaCMAP,PaCMAP,PaCMAP,k-nearest,0.2,TI,parenchyme,dr1,22,trajectory,other
PaCMAP,PaCMAP,PaCMAP,kmax,586.0,TI,parenchyme,dr2,22,trajectory,other
PaCMAP,PaCMAP,PaCMAP,random_triplet,0.501,TI,parenchyme,dr1,22,trajectory,other
PaCMAP,PaCMAP,PaCMAP,spearman,0.022,TI,parenchyme,dr1,22,trajectory,other
PaCMAP,PaCMAP,PaCMAP,svm,0.35,TI,parenchyme,dr1,22,trajectory,other
PaCMAP,PaCMAP,PaCMAP,AUC,0.515,TI,phagocyte,dr2,22,trajectory,other
PaCMAP,PaCMAP,PaCMAP,Pearson,0.066,TI,phagocyte,dr3,22,trajectory,other
PaCMAP,PaCMAP,PaCMAP,Qglobal,0.734,TI,phagocyte,dr2,22,trajectory,other
PaCMAP,PaCMAP,PaCMAP,Qlocal,0.238,TI,phagocyte,dr2,22,trajectory,other
PaCMAP,PaCMAP,PaCMAP,centroid_distance,1.0,TI,phagocyte,dr1,22,trajectory,other
PaCMAP,PaCMAP,PaCMAP,k-nearest,1.0,TI,phagocyte,dr1,22,trajectory,other
PaCMAP,PaCMAP,PaCMAP,kmax,306.0,TI,phagocyte,dr2,22,trajectory,other
PaCMAP,PaCMAP,PaCMAP,random_triplet,0.528,TI,phagocyte,dr1,22,trajectory,other
PaCMAP,PaCMAP,PaCMAP,spearman,0.071,TI,phagocyte,dr1,22,trajectory,other
PaCMAP,PaCMAP,PaCMAP,svm,0.673,TI,phagocyte,dr1,22,trajectory,other
PaCMAP,PaCMAP,PaCMAP,AUC,0.503,TI,pharynx,dr2,22,trajectory,other
PaCMAP,PaCMAP,PaCMAP,Pearson,-0.009,TI,pharynx,dr3,22,trajectory,other
PaCMAP,PaCMAP,PaCMAP,Qglobal,0.626,TI,pharynx,dr2,22,trajectory,other
PaCMAP,PaCMAP,PaCMAP,Qlocal,0.133,TI,pharynx,dr2,22,trajectory,other
PaCMAP,PaCMAP,PaCMAP,centroid_distance,1.0,TI,pharynx,dr1,22,trajectory,other
PaCMAP,PaCMAP,PaCMAP,k-nearest,1.0,TI,pharynx,dr1,22,trajectory,other
PaCMAP,PaCMAP,PaCMAP,kmax,73.0,TI,pharynx,dr2,22,trajectory,other
PaCMAP,PaCMAP,PaCMAP,random_triplet,0.504,TI,pharynx,dr1,22,trajectory,other
PaCMAP,PaCMAP,PaCMAP,spearman,-0.007,TI,pharynx,dr1,22,trajectory,other
PaCMAP,PaCMAP,PaCMAP,svm,0.719,TI,pharynx,dr1,22,trajectory,other
PaCMAP,PaCMAP,PaCMAP,AUC,0.646,TI,trophectoderm,dr2,22,trajectory,other
PaCMAP,PaCMAP,PaCMAP,Pearson,0.336,TI,trophectoderm,dr3,22,trajectory,other
PaCMAP,PaCMAP,PaCMAP,Qglobal,0.688,TI,trophectoderm,dr2,22,trajectory,other
PaCMAP,PaCMAP,PaCMAP,Qlocal,0.213,TI,trophectoderm,dr2,22,trajectory,other
PaCMAP,PaCMAP,PaCMAP,centroid_distance,0.858,TI,trophectoderm,dr1,22,trajectory,other
PaCMAP,PaCMAP,PaCMAP,k-nearest,0.667,TI,trophectoderm,dr1,22,trajectory,other
PaCMAP,PaCMAP,PaCMAP,kmax,7.0,TI,trophectoderm,dr2,22,trajectory,other
PaCMAP,PaCMAP,PaCMAP,random_triplet,0.68,TI,trophectoderm,dr1,22,trajectory,other
PaCMAP,PaCMAP,PaCMAP,spearman,0.466,TI,trophectoderm,dr1,22,trajectory,other
PaCMAP,PaCMAP,PaCMAP,svm,0.925,TI,trophectoderm,dr1,22,trajectory,other
PaCMAP,PaCMAP,PaCMAP,AUC,0.503,VASC,Baron,dr2,22,VASC,other
PaCMAP,PaCMAP,PaCMAP,Pearson,0.002,VASC,Baron,dr3,22,VASC,other
PaCMAP,PaCMAP,PaCMAP,Qglobal,0.546,VASC,Baron,dr2,22,VASC,other
PaCMAP,PaCMAP,PaCMAP,Qlocal,0.057,VASC,Baron,dr2,22,VASC,other
PaCMAP,PaCMAP,PaCMAP,centroid_distance,0.494,VASC,Baron,dr1,22,VASC,other
PaCMAP,PaCMAP,PaCMAP,k-nearest,0.304,VASC,Baron,dr1,22,VASC,other
PaCMAP,PaCMAP,PaCMAP,kmax,759.0,VASC,Baron,dr2,22,VASC,other
PaCMAP,PaCMAP,PaCMAP,random_triplet,0.506,VASC,Baron,dr1,22,VASC,other
PaCMAP,PaCMAP,PaCMAP,spearman,-0.005,VASC,Baron,dr1,22,VASC,other
PaCMAP,PaCMAP,PaCMAP,svm,0.329,VASC,Baron,dr1,22,VASC,other
PaCMAP,PaCMAP,PaCMAP,AUC,0.654,VASC,Biase,dr2,22,VASC,other
PaCMAP,PaCMAP,PaCMAP,Pearson,0.408,VASC,Biase,dr3,22,VASC,other
PaCMAP,PaCMAP,PaCMAP,Qglobal,0.805,VASC,Biase,dr2,22,VASC,other
PaCMAP,PaCMAP,PaCMAP,Qlocal,0.392,VASC,Biase,dr2,22,VASC,other
PaCMAP,PaCMAP,PaCMAP,centroid_distance,0.639,VASC,Biase,dr1,22,VASC,other
PaCMAP,PaCMAP,PaCMAP,k-nearest,0.25,VASC,Biase,dr1,22,VASC,other
PaCMAP,PaCMAP,PaCMAP,kmax,19.0,VASC,Biase,dr2,22,VASC,other
PaCMAP,PaCMAP,PaCMAP,random_triplet,0.65,VASC,Biase,dr1,22,VASC,other
PaCMAP,PaCMAP,PaCMAP,spearman,0.456,VASC,Biase,dr1,22,VASC,other
PaCMAP,PaCMAP,PaCMAP,svm,0.66,VASC,Biase,dr1,22,VASC,other
PaCMAP,PaCMAP,PaCMAP,AUC,0.6,VASC,Goolam,dr2,22,VASC,other
PaCMAP,PaCMAP,PaCMAP,Pearson,0.361,VASC,Goolam,dr3,22,VASC,other
PaCMAP,PaCMAP,PaCMAP,Qglobal,0.627,VASC,Goolam,dr2,22,VASC,other
PaCMAP,PaCMAP,PaCMAP,Qlocal,0.255,VASC,Goolam,dr2,22,VASC,other
PaCMAP,PaCMAP,PaCMAP,centroid_distance,0.907,VASC,Goolam,dr1,22,VASC,other
PaCMAP,PaCMAP,PaCMAP,k-nearest,1.0,VASC,Goolam,dr1,22,VASC,other
PaCMAP,PaCMAP,PaCMAP,kmax,9.0,VASC,Goolam,dr2,22,VASC,other
PaCMAP,PaCMAP,PaCMAP,random_triplet,0.574,VASC,Goolam,dr1,22,VASC,other
PaCMAP,PaCMAP,PaCMAP,spearman,0.267,VASC,Goolam,dr1,22,VASC,other
PaCMAP,PaCMAP,PaCMAP,svm,0.587,VASC,Goolam,dr1,22,VASC,other
PaCMAP,PaCMAP,PaCMAP,AUC,0.516,VASC,Xin,dr2,22,VASC,other
PaCMAP,PaCMAP,PaCMAP,Pearson,0.07,VASC,Xin,dr3,22,VASC,other
PaCMAP,PaCMAP,PaCMAP,Qglobal,0.567,VASC,Xin,dr2,22,VASC,other
PaCMAP,PaCMAP,PaCMAP,Qlocal,0.076,VASC,Xin,dr2,22,VASC,other
PaCMAP,PaCMAP,PaCMAP,centroid_distance,0.491,VASC,Xin,dr1,22,VASC,other
PaCMAP,PaCMAP,PaCMAP,k-nearest,0.312,VASC,Xin,dr1,22,VASC,other
PaCMAP,PaCMAP,PaCMAP,kmax,168.0,VASC,Xin,dr2,22,VASC,other
PaCMAP,PaCMAP,PaCMAP,random_triplet,0.518,VASC,Xin,dr1,22,VASC,other
PaCMAP,PaCMAP,PaCMAP,spearman,0.068,VASC,Xin,dr1,22,VASC,other
PaCMAP,PaCMAP,PaCMAP,svm,0.637,VASC,Xin,dr1,22,VASC,other
PaCMAP,PaCMAP,PaCMAP,AUC,0.574,VASC,Zeisel,dr2,22,VASC,other
PaCMAP,PaCMAP,PaCMAP,Pearson,0.225,VASC,Zeisel,dr3,22,VASC,other
PaCMAP,PaCMAP,PaCMAP,Qglobal,0.692,VASC,Zeisel,dr2,22,VASC,other
PaCMAP,PaCMAP,PaCMAP,Qlocal,0.254,VASC,Zeisel,dr2,22,VASC,other
PaCMAP,PaCMAP,PaCMAP,centroid_distance,0.35,VASC,Zeisel,dr1,22,VASC,other
PaCMAP,PaCMAP,PaCMAP,k-nearest,0.444,VASC,Zeisel,dr1,22,VASC,other
PaCMAP,PaCMAP,PaCMAP,kmax,806.0,VASC,Zeisel,dr2,22,VASC,other
PaCMAP,PaCMAP,PaCMAP,random_triplet,0.575,VASC,Zeisel,dr1,22,VASC,other
PaCMAP,PaCMAP,PaCMAP,spearman,0.211,VASC,Zeisel,dr1,22,VASC,other
PaCMAP,PaCMAP,PaCMAP,svm,0.691,VASC,Zeisel,dr1,22,VASC,other
PaCMAP,PaCMAP,PaCMAP,AUC,0.678,VASC,yan,dr2,22,VASC,other
PaCMAP,PaCMAP,PaCMAP,Pearson,0.562,VASC,yan,dr3,22,VASC,other
PaCMAP,PaCMAP,PaCMAP,Qglobal,0.789,VASC,yan,dr2,22,VASC,other
PaCMAP,PaCMAP,PaCMAP,Qlocal,0.392,VASC,yan,dr2,22,VASC,other
PaCMAP,PaCMAP,PaCMAP,centroid_distance,0.936,VASC,yan,dr1,22,VASC,other
PaCMAP,PaCMAP,PaCMAP,k-nearest,0.917,VASC,yan,dr1,22,VASC,other
PaCMAP,PaCMAP,PaCMAP,kmax,24.0,VASC,yan,dr2,22,VASC,other
PaCMAP,PaCMAP,PaCMAP,random_triplet,0.651,VASC,yan,dr1,22,VASC,other
PaCMAP,PaCMAP,PaCMAP,spearman,0.531,VASC,yan,dr1,22,VASC,other
PaCMAP,PaCMAP,PaCMAP,svm,0.667,VASC,yan,dr1,22,VASC,other
PaCMAP,PaCMAP,PaCMAP,AUC,0.509,benchmarker,Baron_mouse,dr2,22,curated,other
PaCMAP,PaCMAP,PaCMAP,Pearson,0.039,benchmarker,Baron_mouse,dr3,22,curated,other
PaCMAP,PaCMAP,PaCMAP,Qglobal,0.817,benchmarker,Baron_mouse,dr2,22,curated,other
PaCMAP,PaCMAP,PaCMAP,Qlocal,0.32,benchmarker,Baron_mouse,dr2,22,curated,other
PaCMAP,PaCMAP,PaCMAP,centroid_distance,0.442,benchmarker,Baron_mouse,dr1,22,curated,other
PaCMAP,PaCMAP,PaCMAP,k-nearest,0.436,benchmarker,Baron_mouse,dr1,22,curated,other
PaCMAP,PaCMAP,PaCMAP,kmax,1168.0,benchmarker,Baron_mouse,dr2,22,curated,other
PaCMAP,PaCMAP,PaCMAP,random_triplet,0.51,benchmarker,Baron_mouse,dr1,22,curated,other
PaCMAP,PaCMAP,PaCMAP,spearman,0.039,benchmarker,Baron_mouse,dr1,22,curated,other
PaCMAP,PaCMAP,PaCMAP,svm,0.474,benchmarker,Baron_mouse,dr1,22,curated,other
PaCMAP,PaCMAP,PaCMAP,AUC,0.514,benchmarker,Darmanis,dr2,22,curated,other
PaCMAP,PaCMAP,PaCMAP,Pearson,0.059,benchmarker,Darmanis,dr3,22,curated,other
PaCMAP,PaCMAP,PaCMAP,Qglobal,0.637,benchmarker,Darmanis,dr2,22,curated,other
PaCMAP,PaCMAP,PaCMAP,Qlocal,0.168,benchmarker,Darmanis,dr2,22,curated,other
PaCMAP,PaCMAP,PaCMAP,centroid_distance,0.371,benchmarker,Darmanis,dr1,22,curated,other
PaCMAP,PaCMAP,PaCMAP,k-nearest,0.375,benchmarker,Darmanis,dr1,22,curated,other
PaCMAP,PaCMAP,PaCMAP,kmax,110.0,benchmarker,Darmanis,dr2,22,curated,other
PaCMAP,PaCMAP,PaCMAP,random_triplet,0.505,benchmarker,Darmanis,dr1,22,curated,other
PaCMAP,PaCMAP,PaCMAP,spearman,0.015,benchmarker,Darmanis,dr1,22,curated,other
PaCMAP,PaCMAP,PaCMAP,svm,0.383,benchmarker,Darmanis,dr1,22,curated,other
PaCMAP,PaCMAP,PaCMAP,AUC,0.518,benchmarker,Pancreatic,dr2,22,curated,other
PaCMAP,PaCMAP,PaCMAP,Pearson,0.088,benchmarker,Pancreatic,dr3,22,curated,other
PaCMAP,PaCMAP,PaCMAP,Qglobal,0.77,benchmarker,Pancreatic,dr2,22,curated,other
PaCMAP,PaCMAP,PaCMAP,Qlocal,0.268,benchmarker,Pancreatic,dr2,22,curated,other
PaCMAP,PaCMAP,PaCMAP,centroid_distance,0.494,benchmarker,Pancreatic,dr1,22,curated,other
PaCMAP,PaCMAP,PaCMAP,k-nearest,0.583,benchmarker,Pancreatic,dr1,22,curated,other
PaCMAP,PaCMAP,PaCMAP,kmax,29.0,benchmarker,Pancreatic,dr2,22,curated,other
PaCMAP,PaCMAP,PaCMAP,random_triplet,0.547,benchmarker,Pancreatic,dr1,22,curated,other
PaCMAP,PaCMAP,PaCMAP,spearman,0.042,benchmarker,Pancreatic,dr1,22,curated,other
PaCMAP,PaCMAP,PaCMAP,svm,0.3,benchmarker,Pancreatic,dr1,22,curated,other
PaCMAP,PaCMAP,PaCMAP,AUC,0.498,benchmarker,Silver,dr2,22,curated,other
PaCMAP,PaCMAP,PaCMAP,Pearson,-0.001,benchmarker,Silver,dr3,22,curated,other
PaCMAP,PaCMAP,PaCMAP,Qglobal,0.537,benchmarker,Silver,dr2,22,curated,other
PaCMAP,PaCMAP,PaCMAP,Qlocal,0.039,benchmarker,Silver,dr2,22,curated,other
PaCMAP,PaCMAP,PaCMAP,centroid_distance,0.198,benchmarker,Silver,dr1,22,curated,other
PaCMAP,PaCMAP,PaCMAP,k-nearest,0.364,benchmarker,Silver,dr1,22,curated,other
PaCMAP,PaCMAP,PaCMAP,kmax,202.0,benchmarker,Silver,dr2,22,curated,other
PaCMAP,PaCMAP,PaCMAP,random_triplet,0.498,benchmarker,Silver,dr1,22,curated,other
PaCMAP,PaCMAP,PaCMAP,spearman,-0.002,benchmarker,Silver,dr1,22,curated,other
PaCMAP,PaCMAP,PaCMAP,svm,0.215,benchmarker,Silver,dr1,22,curated,other
PaCMAP,PaCMAP,PaCMAP,AUC,0.589,benchmarker,Zhengmix4eq,dr2,22,curated,other
PaCMAP,PaCMAP,PaCMAP,Pearson,0.246,benchmarker,Zhengmix4eq,dr3,22,curated,other
PaCMAP,PaCMAP,PaCMAP,Qglobal,0.708,benchmarker,Zhengmix4eq,dr2,22,curated,other
PaCMAP,PaCMAP,PaCMAP,Qlocal,0.234,benchmarker,Zhengmix4eq,dr2,22,curated,other
PaCMAP,PaCMAP,PaCMAP,centroid_distance,0.735,benchmarker,Zhengmix4eq,dr1,22,curated,other
PaCMAP,PaCMAP,PaCMAP,k-nearest,1.0,benchmarker,Zhengmix4eq,dr1,22,curated,other
PaCMAP,PaCMAP,PaCMAP,kmax,999.0,benchmarker,Zhengmix4eq,dr2,22,curated,other
PaCMAP,PaCMAP,PaCMAP,random_triplet,0.591,benchmarker,Zhengmix4eq,dr1,22,curated,other
PaCMAP,PaCMAP,PaCMAP,spearman,0.239,benchmarker,Zhengmix4eq,dr1,22,curated,other
PaCMAP,PaCMAP,PaCMAP,svm,0.75,benchmarker,Zhengmix4eq,dr1,22,curated,other
PaCMAP,PaCMAP,PaCMAP,AUC,0.499,scDesign3,ACINAR,dr2,22,scDesign3,other
PaCMAP,PaCMAP,PaCMAP,Pearson,-0.011,scDesign3,ACINAR,dr3,22,scDesign3,other
PaCMAP,PaCMAP,PaCMAP,Qglobal,0.587,scDesign3,ACINAR,dr2,22,scDesign3,other
PaCMAP,PaCMAP,PaCMAP,Qlocal,0.089,scDesign3,ACINAR,dr2,22,scDesign3,other
PaCMAP,PaCMAP,PaCMAP,centroid_distance,0.206,scDesign3,ACINAR,dr1,22,scDesign3,other
PaCMAP,PaCMAP,PaCMAP,k-nearest,0.333,scDesign3,ACINAR,dr1,22,scDesign3,other
PaCMAP,PaCMAP,PaCMAP,kmax,540.0,scDesign3,ACINAR,dr2,22,scDesign3,other
PaCMAP,PaCMAP,PaCMAP,random_triplet,0.493,scDesign3,ACINAR,dr1,22,scDesign3,other
PaCMAP,PaCMAP,PaCMAP,spearman,0.002,scDesign3,ACINAR,dr1,22,scDesign3,other
PaCMAP,PaCMAP,PaCMAP,svm,0.151,scDesign3,ACINAR,dr1,22,scDesign3,other
PaCMAP,PaCMAP,PaCMAP,AUC,0.5,scDesign3,ATAC,dr2,22,scDesign3,other
PaCMAP,PaCMAP,PaCMAP,Pearson,0.002,scDesign3,ATAC,dr3,22,scDesign3,other
PaCMAP,PaCMAP,PaCMAP,Qglobal,0.798,scDesign3,ATAC,dr2,22,scDesign3,other
PaCMAP,PaCMAP,PaCMAP,Qlocal,0.297,scDesign3,ATAC,dr2,22,scDesign3,other
PaCMAP,PaCMAP,PaCMAP,centroid_distance,0.389,scDesign3,ATAC,dr1,22,scDesign3,other
PaCMAP,PaCMAP,PaCMAP,k-nearest,0.333,scDesign3,ATAC,dr1,22,scDesign3,other
PaCMAP,PaCMAP,PaCMAP,kmax,4179.0,scDesign3,ATAC,dr2,22,scDesign3,other
PaCMAP,PaCMAP,PaCMAP,random_triplet,0.503,scDesign3,ATAC,dr1,22,scDesign3,other
PaCMAP,PaCMAP,PaCMAP,spearman,0.003,scDesign3,ATAC,dr1,22,scDesign3,other
PaCMAP,PaCMAP,PaCMAP,svm,0.442,scDesign3,ATAC,dr1,22,scDesign3,other
PaCMAP,PaCMAP,PaCMAP,AUC,0.53,scDesign3,BATCH,dr2,22,scDesign3,other
PaCMAP,PaCMAP,PaCMAP,Pearson,0.019,scDesign3,BATCH,dr3,22,scDesign3,other
PaCMAP,PaCMAP,PaCMAP,Qglobal,0.593,scDesign3,BATCH,dr2,22,scDesign3,other
PaCMAP,PaCMAP,PaCMAP,Qlocal,0.122,scDesign3,BATCH,dr2,22,scDesign3,other
PaCMAP,PaCMAP,PaCMAP,centroid_distance,0.101,scDesign3,BATCH,dr1,22,scDesign3,other
PaCMAP,PaCMAP,PaCMAP,k-nearest,0.278,scDesign3,BATCH,dr1,22,scDesign3,other
PaCMAP,PaCMAP,PaCMAP,kmax,839.0,scDesign3,BATCH,dr2,22,scDesign3,other
PaCMAP,PaCMAP,PaCMAP,random_triplet,0.527,scDesign3,BATCH,dr1,22,scDesign3,other
PaCMAP,PaCMAP,PaCMAP,spearman,0.048,scDesign3,BATCH,dr1,22,scDesign3,other
PaCMAP,PaCMAP,PaCMAP,svm,0.392,scDesign3,BATCH,dr1,22,scDesign3,other
PaCMAP,PaCMAP,PaCMAP,AUC,0.511,scDesign3,CITE,dr2,22,scDesign3,other
PaCMAP,PaCMAP,PaCMAP,Pearson,0.018,scDesign3,CITE,dr3,22,scDesign3,other
PaCMAP,PaCMAP,PaCMAP,Qglobal,0.539,scDesign3,CITE,dr2,22,scDesign3,other
PaCMAP,PaCMAP,PaCMAP,Qlocal,0.053,scDesign3,CITE,dr2,22,scDesign3,other
PaCMAP,PaCMAP,PaCMAP,centroid_distance,0.375,scDesign3,CITE,dr1,22,scDesign3,other
PaCMAP,PaCMAP,PaCMAP,k-nearest,0.4,scDesign3,CITE,dr1,22,scDesign3,other
PaCMAP,PaCMAP,PaCMAP,kmax,488.0,scDesign3,CITE,dr2,22,scDesign3,other
PaCMAP,PaCMAP,PaCMAP,random_triplet,0.51,scDesign3,CITE,dr1,22,scDesign3,other
PaCMAP,PaCMAP,PaCMAP,spearman,0.033,scDesign3,CITE,dr1,22,scDesign3,other
PaCMAP,PaCMAP,PaCMAP,svm,0.3,scDesign3,CITE,dr1,22,scDesign3,other
PaCMAP,PaCMAP,PaCMAP,AUC,0.529,scDesign3,EMBYRO,dr2,22,scDesign3,other
PaCMAP,PaCMAP,PaCMAP,Pearson,0.077,scDesign3,EMBYRO,dr3,22,scDesign3,other
PaCMAP,PaCMAP,PaCMAP,Qglobal,0.548,scDesign3,EMBYRO,dr2,22,scDesign3,other
PaCMAP,PaCMAP,PaCMAP,Qlocal,0.051,scDesign3,EMBYRO,dr2,22,scDesign3,other
PaCMAP,PaCMAP,PaCMAP,centroid_distance,0.745,scDesign3,EMBYRO,dr1,22,scDesign3,other
PaCMAP,PaCMAP,PaCMAP,k-nearest,0.6,scDesign3,EMBYRO,dr1,22,scDesign3,other
PaCMAP,PaCMAP,PaCMAP,kmax,48.0,scDesign3,EMBYRO,dr2,22,scDesign3,other
PaCMAP,PaCMAP,PaCMAP,random_triplet,0.521,scDesign3,EMBYRO,dr1,22,scDesign3,other
PaCMAP,PaCMAP,PaCMAP,spearman,0.12,scDesign3,EMBYRO,dr1,22,scDesign3,other
PaCMAP,PaCMAP,PaCMAP,svm,0.36,scDesign3,EMBYRO,dr1,22,scDesign3,other
PaCMAP,PaCMAP,PaCMAP,AUC,0.501,scDesign3,IFNB,dr2,22,scDesign3,other
PaCMAP,PaCMAP,PaCMAP,Pearson,0.007,scDesign3,IFNB,dr3,22,scDesign3,other
PaCMAP,PaCMAP,PaCMAP,Qglobal,0.565,scDesign3,IFNB,dr2,22,scDesign3,other
PaCMAP,PaCMAP,PaCMAP,Qlocal,0.067,scDesign3,IFNB,dr2,22,scDesign3,other
PaCMAP,PaCMAP,PaCMAP,centroid_distance,0.148,scDesign3,IFNB,dr1,22,scDesign3,other
PaCMAP,PaCMAP,PaCMAP,k-nearest,0.256,scDesign3,IFNB,dr1,22,scDesign3,other
PaCMAP,PaCMAP,PaCMAP,kmax,1797.0,scDesign3,IFNB,dr2,22,scDesign3,other
PaCMAP,PaCMAP,PaCMAP,random_triplet,0.501,scDesign3,IFNB,dr1,22,scDesign3,other
PaCMAP,PaCMAP,PaCMAP,spearman,0.006,scDesign3,IFNB,dr1,22,scDesign3,other
PaCMAP,PaCMAP,PaCMAP,svm,0.311,scDesign3,IFNB,dr1,22,scDesign3,other
PaCMAP,PaCMAP,PaCMAP,AUC,0.5,scDesign3,MARROW,dr2,22,scDesign3,other
PaCMAP,PaCMAP,PaCMAP,Pearson,0.005,scDesign3,MARROW,dr3,22,scDesign3,other
PaCMAP,PaCMAP,PaCMAP,Qglobal,0.718,scDesign3,MARROW,dr2,22,scDesign3,other
PaCMAP,PaCMAP,PaCMAP,Qlocal,0.218,scDesign3,MARROW,dr2,22,scDesign3,other
PaCMAP,PaCMAP,PaCMAP,centroid_distance,0.434,scDesign3,MARROW,dr1,22,scDesign3,other
PaCMAP,PaCMAP,PaCMAP,k-nearest,0.0,scDesign3,MARROW,dr1,22,scDesign3,other
PaCMAP,PaCMAP,PaCMAP,kmax,1159.0,scDesign3,MARROW,dr2,22,scDesign3,other
PaCMAP,PaCMAP,PaCMAP,random_triplet,0.494,scDesign3,MARROW,dr1,22,scDesign3,other
PaCMAP,PaCMAP,PaCMAP,spearman,0.015,scDesign3,MARROW,dr1,22,scDesign3,other
PaCMAP,PaCMAP,PaCMAP,svm,0.435,scDesign3,MARROW,dr1,22,scDesign3,other
PaCMAP,PaCMAP,PaCMAP,AUC,0.537,scDesign3,MOBSC,dr2,22,scDesign3,other
PaCMAP,PaCMAP,PaCMAP,Pearson,0.069,scDesign3,MOBSC,dr3,22,scDesign3,other
PaCMAP,PaCMAP,PaCMAP,Qglobal,0.629,scDesign3,MOBSC,dr2,22,scDesign3,other
PaCMAP,PaCMAP,PaCMAP,Qlocal,0.162,scDesign3,MOBSC,dr2,22,scDesign3,other
PaCMAP,PaCMAP,PaCMAP,centroid_distance,0.759,scDesign3,MOBSC,dr1,22,scDesign3,other
PaCMAP,PaCMAP,PaCMAP,k-nearest,0.5,scDesign3,MOBSC,dr1,22,scDesign3,other
PaCMAP,PaCMAP,PaCMAP,kmax,2508.0,scDesign3,MOBSC,dr2,22,scDesign3,other
PaCMAP,PaCMAP,PaCMAP,random_triplet,0.538,scDesign3,MOBSC,dr1,22,scDesign3,other
PaCMAP,PaCMAP,PaCMAP,spearman,0.104,scDesign3,MOBSC,dr1,22,scDesign3,other
PaCMAP,PaCMAP,PaCMAP,svm,0.551,scDesign3,MOBSC,dr1,22,scDesign3,other
PaCMAP,PaCMAP,PaCMAP,AUC,0.5,scDesign3,OVARIAN,dr2,22,scDesign3,other
PaCMAP,PaCMAP,PaCMAP,Pearson,0.004,scDesign3,OVARIAN,dr3,22,scDesign3,other
PaCMAP,PaCMAP,PaCMAP,Qglobal,0.994,scDesign3,OVARIAN,dr2,22,scDesign3,other
PaCMAP,PaCMAP,PaCMAP,Qlocal,0.484,scDesign3,OVARIAN,dr2,22,scDesign3,other
PaCMAP,PaCMAP,PaCMAP,centroid_distance,0.184,scDesign3,OVARIAN,dr1,22,scDesign3,other
PaCMAP,PaCMAP,PaCMAP,k-nearest,0.212,scDesign3,OVARIAN,dr1,22,scDesign3,other
PaCMAP,PaCMAP,PaCMAP,kmax,3345.0,scDesign3,OVARIAN,dr2,22,scDesign3,other
PaCMAP,PaCMAP,PaCMAP,random_triplet,0.498,scDesign3,OVARIAN,dr1,22,scDesign3,other
PaCMAP,PaCMAP,PaCMAP,spearman,0.006,scDesign3,OVARIAN,dr1,22,scDesign3,other
PaCMAP,PaCMAP,PaCMAP,svm,0.129,scDesign3,OVARIAN,dr1,22,scDesign3,other
PaCMAP,PaCMAP,PaCMAP,AUC,0.5,scDesign3,PANCREAS,dr2,22,scDesign3,other
PaCMAP,PaCMAP,PaCMAP,Pearson,-0.022,scDesign3,PANCREAS,dr3,22,scDesign3,other
PaCMAP,PaCMAP,PaCMAP,Qglobal,0.776,scDesign3,PANCREAS,dr2,22,scDesign3,other
PaCMAP,PaCMAP,PaCMAP,Qlocal,0.277,scDesign3,PANCREAS,dr2,22,scDesign3,other
PaCMAP,PaCMAP,PaCMAP,centroid_distance,0.904,scDesign3,PANCREAS,dr1,22,scDesign3,other
PaCMAP,PaCMAP,PaCMAP,k-nearest,0.5,scDesign3,PANCREAS,dr1,22,scDesign3,other
PaCMAP,PaCMAP,PaCMAP,kmax,1150.0,scDesign3,PANCREAS,dr2,22,scDesign3,other
PaCMAP,PaCMAP,PaCMAP,random_triplet,0.498,scDesign3,PANCREAS,dr1,22,scDesign3,other
PaCMAP,PaCMAP,PaCMAP,spearman,-0.02,scDesign3,PANCREAS,dr1,22,scDesign3,other
PaCMAP,PaCMAP,PaCMAP,svm,0.32,scDesign3,PANCREAS,dr1,22,scDesign3,other
PaCMAP,PaCMAP,PaCMAP,AUC,0.606,scDesign3,SCGEMMETH,dr2,22,scDesign3,other
PaCMAP,PaCMAP,PaCMAP,Pearson,0.374,scDesign3,SCGEMMETH,dr3,22,scDesign3,other
PaCMAP,PaCMAP,PaCMAP,Qglobal,0.772,scDesign3,SCGEMMETH,dr2,22,scDesign3,other
PaCMAP,PaCMAP,PaCMAP,Qlocal,0.302,scDesign3,SCGEMMETH,dr2,22,scDesign3,other
PaCMAP,PaCMAP,PaCMAP,centroid_distance,0.855,scDesign3,SCGEMMETH,dr1,22,scDesign3,other
PaCMAP,PaCMAP,PaCMAP,k-nearest,1.0,scDesign3,SCGEMMETH,dr1,22,scDesign3,other
PaCMAP,PaCMAP,PaCMAP,kmax,49.0,scDesign3,SCGEMMETH,dr2,22,scDesign3,other
PaCMAP,PaCMAP,PaCMAP,random_triplet,0.648,scDesign3,SCGEMMETH,dr1,22,scDesign3,other
PaCMAP,PaCMAP,PaCMAP,spearman,0.393,scDesign3,SCGEMMETH,dr1,22,scDesign3,other
PaCMAP,PaCMAP,PaCMAP,svm,0.535,scDesign3,SCGEMMETH,dr1,22,scDesign3,other
PaCMAP,PaCMAP,PaCMAP,AUC,0.633,scDesign3,SCGEMRNA,dr2,22,scDesign3,other
PaCMAP,PaCMAP,PaCMAP,Pearson,0.41,scDesign3,SCGEMRNA,dr3,22,scDesign3,other
PaCMAP,PaCMAP,PaCMAP,Qglobal,0.792,scDesign3,SCGEMRNA,dr2,22,scDesign3,other
PaCMAP,PaCMAP,PaCMAP,Qlocal,0.362,scDesign3,SCGEMRNA,dr2,22,scDesign3,other
PaCMAP,PaCMAP,PaCMAP,centroid_distance,0.739,scDesign3,SCGEMRNA,dr1,22,scDesign3,other
PaCMAP,PaCMAP,PaCMAP,k-nearest,0.6,scDesign3,SCGEMRNA,dr1,22,scDesign3,other
PaCMAP,PaCMAP,PaCMAP,kmax,64.0,scDesign3,SCGEMRNA,dr2,22,scDesign3,other
PaCMAP,PaCMAP,PaCMAP,random_triplet,0.655,scDesign3,SCGEMRNA,dr1,22,scDesign3,other
PaCMAP,PaCMAP,PaCMAP,spearman,0.401,scDesign3,SCGEMRNA,dr1,22,scDesign3,other
PaCMAP,PaCMAP,PaCMAP,svm,0.656,scDesign3,SCGEMRNA,dr1,22,scDesign3,other
PaCMAP,PaCMAP,PaCMAP,AUC,0.498,scDesign3,SCIATAC,dr2,22,scDesign3,other
PaCMAP,PaCMAP,PaCMAP,Pearson,-0.015,scDesign3,SCIATAC,dr3,22,scDesign3,other
PaCMAP,PaCMAP,PaCMAP,Qglobal,0.541,scDesign3,SCIATAC,dr2,22,scDesign3,other
PaCMAP,PaCMAP,PaCMAP,Qlocal,0.044,scDesign3,SCIATAC,dr2,22,scDesign3,other
PaCMAP,PaCMAP,PaCMAP,centroid_distance,0.007,scDesign3,SCIATAC,dr1,22,scDesign3,other
PaCMAP,PaCMAP,PaCMAP,k-nearest,0.25,scDesign3,SCIATAC,dr1,22,scDesign3,other
PaCMAP,PaCMAP,PaCMAP,kmax,345.0,scDesign3,SCIATAC,dr2,22,scDesign3,other
PaCMAP,PaCMAP,PaCMAP,random_triplet,0.498,scDesign3,SCIATAC,dr1,22,scDesign3,other
PaCMAP,PaCMAP,PaCMAP,spearman,-0.001,scDesign3,SCIATAC,dr1,22,scDesign3,other
PaCMAP,PaCMAP,PaCMAP,svm,0.527,scDesign3,SCIATAC,dr1,22,scDesign3,other
PaCMAP,PaCMAP,PaCMAP,AUC,0.501,scDesign3,SLIDE,dr2,22,scDesign3,other
PaCMAP,PaCMAP,PaCMAP,Pearson,0.005,scDesign3,SLIDE,dr3,22,scDesign3,other
PaCMAP,PaCMAP,PaCMAP,Qglobal,0.802,scDesign3,SLIDE,dr2,22,scDesign3,other
PaCMAP,PaCMAP,PaCMAP,Qlocal,0.302,scDesign3,SLIDE,dr2,22,scDesign3,other
PaCMAP,PaCMAP,PaCMAP,centroid_distance,0.374,scDesign3,SLIDE,dr1,22,scDesign3,other
PaCMAP,PaCMAP,PaCMAP,k-nearest,0.273,scDesign3,SLIDE,dr1,22,scDesign3,other
PaCMAP,PaCMAP,PaCMAP,kmax,14094.0,scDesign3,SLIDE,dr2,22,scDesign3,other
PaCMAP,PaCMAP,PaCMAP,random_triplet,0.502,scDesign3,SLIDE,dr1,22,scDesign3,other
PaCMAP,PaCMAP,PaCMAP,spearman,0.023,scDesign3,SLIDE,dr1,22,scDesign3,other
PaCMAP,PaCMAP,PaCMAP,svm,0.51,scDesign3,SLIDE,dr1,22,scDesign3,other
PaCMAP,PaCMAP,PaCMAP,AUC,0.5,scDesign3,VISIUM,dr2,22,scDesign3,other
PaCMAP,PaCMAP,PaCMAP,Pearson,0.004,scDesign3,VISIUM,dr3,22,scDesign3,other
PaCMAP,PaCMAP,PaCMAP,Qglobal,0.535,scDesign3,VISIUM,dr2,22,scDesign3,other
PaCMAP,PaCMAP,PaCMAP,Qlocal,0.036,scDesign3,VISIUM,dr2,22,scDesign3,other
PaCMAP,PaCMAP,PaCMAP,centroid_distance,0.345,scDesign3,VISIUM,dr1,22,scDesign3,other
PaCMAP,PaCMAP,PaCMAP,k-nearest,0.283,scDesign3,VISIUM,dr1,22,scDesign3,other
PaCMAP,PaCMAP,PaCMAP,kmax,194.0,scDesign3,VISIUM,dr2,22,scDesign3,other
PaCMAP,PaCMAP,PaCMAP,random_triplet,0.495,scDesign3,VISIUM,dr1,22,scDesign3,other
PaCMAP,PaCMAP,PaCMAP,spearman,0.005,scDesign3,VISIUM,dr1,22,scDesign3,other
PaCMAP,PaCMAP,PaCMAP,svm,0.158,scDesign3,VISIUM,dr1,22,scDesign3,other
t-SNE,TSNE,t-SNE,AUC,0.57,SIMLR,Pollen,dr2,23,SIMLR,other
t-SNE,TSNE,t-SNE,Pearson,0.043,SIMLR,Pollen,dr3,23,SIMLR,other
t-SNE,TSNE,t-SNE,Qglobal,0.599,SIMLR,Pollen,dr2,23,SIMLR,other
t-SNE,TSNE,t-SNE,Qlocal,0.29,SIMLR,Pollen,dr2,23,SIMLR,other
t-SNE,TSNE,t-SNE,centroid_distance,0.344,SIMLR,Pollen,dr1,23,SIMLR,other
t-SNE,TSNE,t-SNE,k-nearest,0.576,SIMLR,Pollen,dr1,23,SIMLR,other
t-SNE,TSNE,t-SNE,kmax,23.0,SIMLR,Pollen,dr2,23,SIMLR,other
t-SNE,TSNE,t-SNE,random_triplet,0.536,SIMLR,Pollen,dr1,23,SIMLR,other
t-SNE,TSNE,t-SNE,spearman,-0.004,SIMLR,Pollen,dr1,23,SIMLR,other
t-SNE,TSNE,t-SNE,svm,0.839,SIMLR,Pollen,dr1,23,SIMLR,other
t-SNE,TSNE,t-SNE,AUC,0.531,SIMLR,Usoskin,dr2,23,SIMLR,other
t-SNE,TSNE,t-SNE,Pearson,-0.029,SIMLR,Usoskin,dr3,23,SIMLR,other
t-SNE,TSNE,t-SNE,Qglobal,0.601,SIMLR,Usoskin,dr2,23,SIMLR,other
t-SNE,TSNE,t-SNE,Qlocal,0.191,SIMLR,Usoskin,dr2,23,SIMLR,other
t-SNE,TSNE,t-SNE,centroid_distance,0.711,SIMLR,Usoskin,dr1,23,SIMLR,other
t-SNE,TSNE,t-SNE,k-nearest,0.5,SIMLR,Usoskin,dr1,23,SIMLR,other
t-SNE,TSNE,t-SNE,kmax,107.0,SIMLR,Usoskin,dr2,23,SIMLR,other
t-SNE,TSNE,t-SNE,random_triplet,0.501,SIMLR,Usoskin,dr1,23,SIMLR,other
t-SNE,TSNE,t-SNE,spearman,-0.011,SIMLR,Usoskin,dr1,23,SIMLR,other
t-SNE,TSNE,t-SNE,svm,0.918,SIMLR,Usoskin,dr1,23,SIMLR,other
t-SNE,TSNE,t-SNE,AUC,0.733,TI,DA1_horns,dr2,23,trajectory,other
t-SNE,TSNE,t-SNE,Pearson,0.519,TI,DA1_horns,dr3,23,trajectory,other
t-SNE,TSNE,t-SNE,Qglobal,0.799,TI,DA1_horns,dr2,23,trajectory,other
t-SNE,TSNE,t-SNE,Qlocal,0.383,TI,DA1_horns,dr2,23,trajectory,other
t-SNE,TSNE,t-SNE,centroid_distance,0.919,TI,DA1_horns,dr1,23,trajectory,other
t-SNE,TSNE,t-SNE,k-nearest,1.0,TI,DA1_horns,dr1,23,trajectory,other
t-SNE,TSNE,t-SNE,kmax,43.0,TI,DA1_horns,dr2,23,trajectory,other
t-SNE,TSNE,t-SNE,random_triplet,0.751,TI,DA1_horns,dr1,23,trajectory,other
t-SNE,TSNE,t-SNE,spearman,0.73,TI,DA1_horns,dr1,23,trajectory,other
t-SNE,TSNE,t-SNE,svm,0.939,TI,DA1_horns,dr1,23,trajectory,other
t-SNE,TSNE,t-SNE,AUC,0.767,TI,DC3_VA1d_horns,dr2,23,trajectory,other
t-SNE,TSNE,t-SNE,Pearson,0.505,TI,DC3_VA1d_horns,dr3,23,trajectory,other
t-SNE,TSNE,t-SNE,Qglobal,0.847,TI,DC3_VA1d_horns,dr2,23,trajectory,other
t-SNE,TSNE,t-SNE,Qlocal,0.502,TI,DC3_VA1d_horns,dr2,23,trajectory,other
t-SNE,TSNE,t-SNE,centroid_distance,0.882,TI,DC3_VA1d_horns,dr1,23,trajectory,other
t-SNE,TSNE,t-SNE,k-nearest,0.944,TI,DC3_VA1d_horns,dr1,23,trajectory,other
t-SNE,TSNE,t-SNE,kmax,37.0,TI,DC3_VA1d_horns,dr2,23,trajectory,other
t-SNE,TSNE,t-SNE,random_triplet,0.769,TI,DC3_VA1d_horns,dr1,23,trajectory,other
t-SNE,TSNE,t-SNE,spearman,0.76,TI,DC3_VA1d_horns,dr1,23,trajectory,other
t-SNE,TSNE,t-SNE,svm,0.667,TI,DC3_VA1d_horns,dr1,23,trajectory,other
t-SNE,TSNE,t-SNE,AUC,0.742,TI,ICM,dr2,23,trajectory,other
t-SNE,TSNE,t-SNE,Pearson,0.599,TI,ICM,dr3,23,trajectory,other
t-SNE,TSNE,t-SNE,Qglobal,0.763,TI,ICM,dr2,23,trajectory,other
t-SNE,TSNE,t-SNE,Qlocal,0.585,TI,ICM,dr2,23,trajectory,other
t-SNE,TSNE,t-SNE,centroid_distance,0.722,TI,ICM,dr1,23,trajectory,other
t-SNE,TSNE,t-SNE,k-nearest,0.7,TI,ICM,dr1,23,trajectory,other
t-SNE,TSNE,t-SNE,kmax,30.0,TI,ICM,dr2,23,trajectory,other
t-SNE,TSNE,t-SNE,random_triplet,0.714,TI,ICM,dr1,23,trajectory,other
t-SNE,TSNE,t-SNE,spearman,0.564,TI,ICM,dr1,23,trajectory,other
t-SNE,TSNE,t-SNE,svm,0.919,TI,ICM,dr1,23,trajectory,other
t-SNE,TSNE,t-SNE,AUC,0.669,TI,blastocyst,dr2,23,trajectory,other
t-SNE,TSNE,t-SNE,Pearson,0.248,TI,blastocyst,dr3,23,trajectory,other
t-SNE,TSNE,t-SNE,Qglobal,0.677,TI,blastocyst,dr2,23,trajectory,other
t-SNE,TSNE,t-SNE,Qlocal,0.592,TI,blastocyst,dr2,23,trajectory,other
t-SNE,TSNE,t-SNE,centroid_distance,0.416,TI,blastocyst,dr1,23,trajectory,other
t-SNE,TSNE,t-SNE,k-nearest,0.538,TI,blastocyst,dr1,23,trajectory,other
t-SNE,TSNE,t-SNE,kmax,31.0,TI,blastocyst,dr2,23,trajectory,other
t-SNE,TSNE,t-SNE,random_triplet,0.589,TI,blastocyst,dr1,23,trajectory,other
t-SNE,TSNE,t-SNE,spearman,0.145,TI,blastocyst,dr1,23,trajectory,other
t-SNE,TSNE,t-SNE,svm,0.934,TI,blastocyst,dr1,23,trajectory,other
t-SNE,TSNE,t-SNE,AUC,0.608,TI,combination-1,dr2,23,trajectory,other
t-SNE,TSNE,t-SNE,Pearson,0.357,TI,combination-1,dr3,23,trajectory,other
t-SNE,TSNE,t-SNE,Qglobal,0.676,TI,combination-1,dr2,23,trajectory,other
t-SNE,TSNE,t-SNE,Qlocal,0.199,TI,combination-1,dr2,23,trajectory,other
t-SNE,TSNE,t-SNE,centroid_distance,0.8,TI,combination-1,dr1,23,trajectory,other
t-SNE,TSNE,t-SNE,k-nearest,0.714,TI,combination-1,dr1,23,trajectory,other
t-SNE,TSNE,t-SNE,kmax,609.0,TI,combination-1,dr2,23,trajectory,other
t-SNE,TSNE,t-SNE,random_triplet,0.644,TI,combination-1,dr1,23,trajectory,other
t-SNE,TSNE,t-SNE,spearman,0.422,TI,combination-1,dr1,23,trajectory,other
t-SNE,TSNE,t-SNE,svm,0.858,TI,combination-1,dr1,23,trajectory,other
t-SNE,TSNE,t-SNE,AUC,0.59,TI,combination-2,dr2,23,trajectory,other
t-SNE,TSNE,t-SNE,Pearson,0.254,TI,combination-2,dr3,23,trajectory,other
t-SNE,TSNE,t-SNE,Qglobal,0.748,TI,combination-2,dr2,23,trajectory,other
t-SNE,TSNE,t-SNE,Qlocal,0.294,TI,combination-2,dr2,23,trajectory,other
t-SNE,TSNE,t-SNE,centroid_distance,0.649,TI,combination-2,dr1,23,trajectory,other
t-SNE,TSNE,t-SNE,k-nearest,0.694,TI,combination-2,dr1,23,trajectory,other
t-SNE,TSNE,t-SNE,kmax,1509.0,TI,combination-2,dr2,23,trajectory,other
t-SNE,TSNE,t-SNE,random_triplet,0.612,TI,combination-2,dr1,23,trajectory,other
t-SNE,TSNE,t-SNE,spearman,0.291,TI,combination-2,dr1,23,trajectory,other
t-SNE,TSNE,t-SNE,svm,0.832,TI,combination-2,dr1,23,trajectory,other
t-SNE,TSNE,t-SNE,AUC,0.618,TI,combination-3,dr2,23,trajectory,other
t-SNE,TSNE,t-SNE,Pearson,0.291,TI,combination-3,dr3,23,trajectory,other
t-SNE,TSNE,t-SNE,Qglobal,0.766,TI,combination-3,dr2,23,trajectory,other
t-SNE,TSNE,t-SNE,Qlocal,0.331,TI,combination-3,dr2,23,trajectory,other
t-SNE,TSNE,t-SNE,centroid_distance,0.756,TI,combination-3,dr1,23,trajectory,other
t-SNE,TSNE,t-SNE,k-nearest,0.643,TI,combination-3,dr1,23,trajectory,other
t-SNE,TSNE,t-SNE,kmax,772.0,TI,combination-3,dr2,23,trajectory,other
t-SNE,TSNE,t-SNE,random_triplet,0.644,TI,combination-3,dr1,23,trajectory,other
t-SNE,TSNE,t-SNE,spearman,0.366,TI,combination-3,dr1,23,trajectory,other
t-SNE,TSNE,t-SNE,svm,0.852,TI,combination-3,dr1,23,trajectory,other
t-SNE,TSNE,t-SNE,AUC,0.769,TI,epiblast,dr2,23,trajectory,other
t-SNE,TSNE,t-SNE,Pearson,0.674,TI,epiblast,dr3,23,trajectory,other
t-SNE,TSNE,t-SNE,Qglobal,0.812,TI,epiblast,dr2,23,trajectory,other
t-SNE,TSNE,t-SNE,Qlocal,0.572,TI,epiblast,dr2,23,trajectory,other
t-SNE,TSNE,t-SNE,centroid_distance,0.907,TI,epiblast,dr1,23,trajectory,other
t-SNE,TSNE,t-SNE,k-nearest,0.786,TI,epiblast,dr1,23,trajectory,other
t-SNE,TSNE,t-SNE,kmax,30.0,TI,epiblast,dr2,23,trajectory,other
t-SNE,TSNE,t-SNE,random_triplet,0.779,TI,epiblast,dr1,23,trajectory,other
t-SNE,TSNE,t-SNE,spearman,0.744,TI,epiblast,dr1,23,trajectory,other
t-SNE,TSNE,t-SNE,svm,0.945,TI,epiblast,dr1,23,trajectory,other
t-SNE,TSNE,t-SNE,AUC,0.608,TI,epidermis,dr2,23,trajectory,other
t-SNE,TSNE,t-SNE,Pearson,0.382,TI,epidermis,dr3,23,trajectory,other
t-SNE,TSNE,t-SNE,Qglobal,0.681,TI,epidermis,dr2,23,trajectory,other
t-SNE,TSNE,t-SNE,Qlocal,0.217,TI,epidermis,dr2,23,trajectory,other
t-SNE,TSNE,t-SNE,centroid_distance,0.807,TI,epidermis,dr1,23,trajectory,other
t-SNE,TSNE,t-SNE,k-nearest,1.0,TI,epidermis,dr1,23,trajectory,other
t-SNE,TSNE,t-SNE,kmax,629.0,TI,epidermis,dr2,23,trajectory,other
t-SNE,TSNE,t-SNE,random_triplet,0.634,TI,epidermis,dr1,23,trajectory,other
t-SNE,TSNE,t-SNE,spearman,0.416,TI,epidermis,dr1,23,trajectory,other
t-SNE,TSNE,t-SNE,svm,0.876,TI,epidermis,dr1,23,trajectory,other
t-SNE,TSNE,t-SNE,AUC,0.73,TI,horns,dr2,23,trajectory,other
t-SNE,TSNE,t-SNE,Pearson,0.52,TI,horns,dr3,23,trajectory,other
t-SNE,TSNE,t-SNE,Qglobal,0.793,TI,horns,dr2,23,trajectory,other
t-SNE,TSNE,t-SNE,Qlocal,0.412,TI,horns,dr2,23,trajectory,other
t-SNE,TSNE,t-SNE,centroid_distance,0.835,TI,horns,dr1,23,trajectory,other
t-SNE,TSNE,t-SNE,k-nearest,0.75,TI,horns,dr1,23,trajectory,other
t-SNE,TSNE,t-SNE,kmax,74.0,TI,horns,dr2,23,trajectory,other
t-SNE,TSNE,t-SNE,random_triplet,0.734,TI,horns,dr1,23,trajectory,other
t-SNE,TSNE,t-SNE,spearman,0.661,TI,horns,dr1,23,trajectory,other
t-SNE,TSNE,t-SNE,svm,0.921,TI,horns,dr1,23,trajectory,other
t-SNE,TSNE,t-SNE,AUC,0.584,TI,muscle,dr2,23,trajectory,other
t-SNE,TSNE,t-SNE,Pearson,0.301,TI,muscle,dr3,23,trajectory,other
t-SNE,TSNE,t-SNE,Qglobal,0.754,TI,muscle,dr2,23,trajectory,other
t-SNE,TSNE,t-SNE,Qlocal,0.274,TI,muscle,dr2,23,trajectory,other
t-SNE,TSNE,t-SNE,centroid_distance,1.0,TI,muscle,dr1,23,trajectory,other
t-SNE,TSNE,t-SNE,k-nearest,1.0,TI,muscle,dr1,23,trajectory,other
t-SNE,TSNE,t-SNE,kmax,828.0,TI,muscle,dr2,23,trajectory,other
t-SNE,TSNE,t-SNE,random_triplet,0.626,TI,muscle,dr1,23,trajectory,other
t-SNE,TSNE,t-SNE,spearman,0.324,TI,muscle,dr1,23,trajectory,other
t-SNE,TSNE,t-SNE,svm,0.785,TI,muscle,dr1,23,trajectory,other
t-SNE,TSNE,t-SNE,AUC,0.574,TI,neuron,dr2,23,trajectory,other
t-SNE,TSNE,t-SNE,Pearson,0.277,TI,neuron,dr3,23,trajectory,other
t-SNE,TSNE,t-SNE,Qglobal,0.767,TI,neuron,dr2,23,trajectory,other
t-SNE,TSNE,t-SNE,Qlocal,0.286,TI,neuron,dr2,23,trajectory,other
t-SNE,TSNE,t-SNE,centroid_distance,0.506,TI,neuron,dr1,23,trajectory,other
t-SNE,TSNE,t-SNE,k-nearest,0.429,TI,neuron,dr1,23,trajectory,other
t-SNE,TSNE,t-SNE,kmax,943.0,TI,neuron,dr2,23,trajectory,other
t-SNE,TSNE,t-SNE,random_triplet,0.604,TI,neuron,dr1,23,trajectory,other
t-SNE,TSNE,t-SNE,spearman,0.301,TI,neuron,dr1,23,trajectory,other
t-SNE,TSNE,t-SNE,svm,0.813,TI,neuron,dr1,23,trajectory,other
t-SNE,TSNE,t-SNE,AUC,0.584,TI,pair-1,dr2,23,trajectory,other
t-SNE,TSNE,t-SNE,Pearson,0.308,TI,pair-1,dr3,23,trajectory,other
t-SNE,TSNE,t-SNE,Qglobal,0.676,TI,pair-1,dr2,23,trajectory,other
t-SNE,TSNE,t-SNE,Qlocal,0.201,TI,pair-1,dr2,23,trajectory,other
t-SNE,TSNE,t-SNE,centroid_distance,0.589,TI,pair-1,dr1,23,trajectory,other
t-SNE,TSNE,t-SNE,k-nearest,0.688,TI,pair-1,dr1,23,trajectory,other
t-SNE,TSNE,t-SNE,kmax,2054.0,TI,pair-1,dr2,23,trajectory,other
t-SNE,TSNE,t-SNE,random_triplet,0.612,TI,pair-1,dr1,23,trajectory,other
t-SNE,TSNE,t-SNE,spearman,0.32,TI,pair-1,dr1,23,trajectory,other
t-SNE,TSNE,t-SNE,svm,0.925,TI,pair-1,dr1,23,trajectory,other
t-SNE,TSNE,t-SNE,AUC,0.587,TI,pair-2,dr2,23,trajectory,other
t-SNE,TSNE,t-SNE,Pearson,0.379,TI,pair-2,dr3,23,trajectory,other
t-SNE,TSNE,t-SNE,Qglobal,0.813,TI,pair-2,dr2,23,trajectory,other
t-SNE,TSNE,t-SNE,Qlocal,0.336,TI,pair-2,dr2,23,trajectory,other
t-SNE,TSNE,t-SNE,centroid_distance,0.576,TI,pair-2,dr1,23,trajectory,other
t-SNE,TSNE,t-SNE,k-nearest,0.692,TI,pair-2,dr1,23,trajectory,other
t-SNE,TSNE,t-SNE,kmax,5036.0,TI,pair-2,dr2,23,trajectory,other
t-SNE,TSNE,t-SNE,random_triplet,0.624,TI,pair-2,dr1,23,trajectory,other
t-SNE,TSNE,t-SNE,spearman,0.426,TI,pair-2,dr1,23,trajectory,other
t-SNE,TSNE,t-SNE,svm,0.885,TI,pair-2,dr1,23,trajectory,other
t-SNE,TSNE,t-SNE,AUC,0.583,TI,pair-3,dr2,23,trajectory,other
t-SNE,TSNE,t-SNE,Pearson,0.406,TI,pair-3,dr3,23,trajectory,other
t-SNE,TSNE,t-SNE,Qglobal,0.812,TI,pair-3,dr2,23,trajectory,other
t-SNE,TSNE,t-SNE,Qlocal,0.335,TI,pair-3,dr2,23,trajectory,other
t-SNE,TSNE,t-SNE,centroid_distance,0.817,TI,pair-3,dr1,23,trajectory,other
t-SNE,TSNE,t-SNE,k-nearest,0.688,TI,pair-3,dr1,23,trajectory,other
t-SNE,TSNE,t-SNE,kmax,4114.0,TI,pair-3,dr2,23,trajectory,other
t-SNE,TSNE,t-SNE,random_triplet,0.619,TI,pair-3,dr1,23,trajectory,other
t-SNE,TSNE,t-SNE,spearman,0.424,TI,pair-3,dr1,23,trajectory,other
t-SNE,TSNE,t-SNE,svm,0.935,TI,pair-3,dr1,23,trajectory,other
t-SNE,TSNE,t-SNE,AUC,0.579,TI,pair-4,dr2,23,trajectory,other
t-SNE,TSNE,t-SNE,Pearson,0.351,TI,pair-4,dr3,23,trajectory,other
t-SNE,TSNE,t-SNE,Qglobal,0.824,TI,pair-4,dr2,23,trajectory,other
t-SNE,TSNE,t-SNE,Qlocal,0.346,TI,pair-4,dr2,23,trajectory,other
t-SNE,TSNE,t-SNE,centroid_distance,0.658,TI,pair-4,dr1,23,trajectory,other
t-SNE,TSNE,t-SNE,k-nearest,0.767,TI,pair-4,dr1,23,trajectory,other
t-SNE,TSNE,t-SNE,kmax,4605.0,TI,pair-4,dr2,23,trajectory,other
t-SNE,TSNE,t-SNE,random_triplet,0.611,TI,pair-4,dr1,23,trajectory,other
t-SNE,TSNE,t-SNE,spearman,0.395,TI,pair-4,dr1,23,trajectory,other
t-SNE,TSNE,t-SNE,svm,0.899,TI,pair-4,dr1,23,trajectory,other
t-SNE,TSNE,t-SNE,AUC,0.606,TI,parenchyme,dr2,23,trajectory,other
t-SNE,TSNE,t-SNE,Pearson,0.253,TI,parenchyme,dr3,23,trajectory,other
t-SNE,TSNE,t-SNE,Qglobal,0.677,TI,parenchyme,dr2,23,trajectory,other
t-SNE,TSNE,t-SNE,Qlocal,0.204,TI,parenchyme,dr2,23,trajectory,other
t-SNE,TSNE,t-SNE,centroid_distance,0.882,TI,parenchyme,dr1,23,trajectory,other
t-SNE,TSNE,t-SNE,k-nearest,0.8,TI,parenchyme,dr1,23,trajectory,other
t-SNE,TSNE,t-SNE,kmax,298.0,TI,parenchyme,dr2,23,trajectory,other
t-SNE,TSNE,t-SNE,random_triplet,0.635,TI,parenchyme,dr1,23,trajectory,other
t-SNE,TSNE,t-SNE,spearman,0.339,TI,parenchyme,dr1,23,trajectory,other
t-SNE,TSNE,t-SNE,svm,0.892,TI,parenchyme,dr1,23,trajectory,other
t-SNE,TSNE,t-SNE,AUC,0.619,TI,phagocyte,dr2,23,trajectory,other
t-SNE,TSNE,t-SNE,Pearson,0.322,TI,phagocyte,dr3,23,trajectory,other
t-SNE,TSNE,t-SNE,Qglobal,0.701,TI,phagocyte,dr2,23,trajectory,other
t-SNE,TSNE,t-SNE,Qlocal,0.255,TI,phagocyte,dr2,23,trajectory,other
t-SNE,TSNE,t-SNE,centroid_distance,1.0,TI,phagocyte,dr1,23,trajectory,other
t-SNE,TSNE,t-SNE,k-nearest,1.0,TI,phagocyte,dr1,23,trajectory,other
t-SNE,TSNE,t-SNE,kmax,127.0,TI,phagocyte,dr2,23,trajectory,other
t-SNE,TSNE,t-SNE,random_triplet,0.636,TI,phagocyte,dr1,23,trajectory,other
t-SNE,TSNE,t-SNE,spearman,0.423,TI,phagocyte,dr1,23,trajectory,other
t-SNE,TSNE,t-SNE,svm,0.954,TI,phagocyte,dr1,23,trajectory,other
t-SNE,TSNE,t-SNE,AUC,0.616,TI,pharynx,dr2,23,trajectory,other
t-SNE,TSNE,t-SNE,Pearson,0.416,TI,pharynx,dr3,23,trajectory,other
t-SNE,TSNE,t-SNE,Qglobal,0.816,TI,pharynx,dr2,23,trajectory,other
t-SNE,TSNE,t-SNE,Qlocal,0.381,TI,pharynx,dr2,23,trajectory,other
t-SNE,TSNE,t-SNE,centroid_distance,1.0,TI,pharynx,dr1,23,trajectory,other
t-SNE,TSNE,t-SNE,k-nearest,1.0,TI,pharynx,dr1,23,trajectory,other
t-SNE,TSNE,t-SNE,kmax,133.0,TI,pharynx,dr2,23,trajectory,other
t-SNE,TSNE,t-SNE,random_triplet,0.638,TI,pharynx,dr1,23,trajectory,other
t-SNE,TSNE,t-SNE,spearman,0.422,TI,pharynx,dr1,23,trajectory,other
t-SNE,TSNE,t-SNE,svm,0.969,TI,pharynx,dr1,23,trajectory,other
t-SNE,TSNE,t-SNE,AUC,0.759,TI,trophectoderm,dr2,23,trajectory,other
t-SNE,TSNE,t-SNE,Pearson,0.599,TI,trophectoderm,dr3,23,trajectory,other
t-SNE,TSNE,t-SNE,Qglobal,0.785,TI,trophectoderm,dr2,23,trajectory,other
t-SNE,TSNE,t-SNE,Qlocal,0.479,TI,trophectoderm,dr2,23,trajectory,other
t-SNE,TSNE,t-SNE,centroid_distance,0.858,TI,trophectoderm,dr1,23,trajectory,other
t-SNE,TSNE,t-SNE,k-nearest,0.667,TI,trophectoderm,dr1,23,trajectory,other
t-SNE,TSNE,t-SNE,kmax,6.0,TI,trophectoderm,dr2,23,trajectory,other
t-SNE,TSNE,t-SNE,random_triplet,0.82,TI,trophectoderm,dr1,23,trajectory,other
t-SNE,TSNE,t-SNE,spearman,0.686,TI,trophectoderm,dr1,23,trajectory,other
t-SNE,TSNE,t-SNE,svm,0.975,TI,trophectoderm,dr1,23,trajectory,other
t-SNE,TSNE,t-SNE,AUC,0.69,VASC,Baron,dr2,23,VASC,other
t-SNE,TSNE,t-SNE,Pearson,0.527,VASC,Baron,dr3,23,VASC,other
t-SNE,TSNE,t-SNE,Qglobal,0.716,VASC,Baron,dr2,23,VASC,other
t-SNE,TSNE,t-SNE,Qlocal,0.445,VASC,Baron,dr2,23,VASC,other
t-SNE,TSNE,t-SNE,centroid_distance,0.513,VASC,Baron,dr1,23,VASC,other
t-SNE,TSNE,t-SNE,k-nearest,0.446,VASC,Baron,dr1,23,VASC,other
t-SNE,TSNE,t-SNE,kmax,800.0,VASC,Baron,dr2,23,VASC,other
t-SNE,TSNE,t-SNE,random_triplet,0.675,VASC,Baron,dr1,23,VASC,other
t-SNE,TSNE,t-SNE,spearman,0.48,VASC,Baron,dr1,23,VASC,other
t-SNE,TSNE,t-SNE,svm,0.338,VASC,Baron,dr1,23,VASC,other
t-SNE,TSNE,t-SNE,AUC,0.81,VASC,Biase,dr2,23,VASC,other
t-SNE,TSNE,t-SNE,Pearson,0.628,VASC,Biase,dr3,23,VASC,other
t-SNE,TSNE,t-SNE,Qglobal,0.85,VASC,Biase,dr2,23,VASC,other
t-SNE,TSNE,t-SNE,Qlocal,0.618,VASC,Biase,dr2,23,VASC,other
t-SNE,TSNE,t-SNE,centroid_distance,0.831,VASC,Biase,dr1,23,VASC,other
t-SNE,TSNE,t-SNE,k-nearest,0.5,VASC,Biase,dr1,23,VASC,other
t-SNE,TSNE,t-SNE,kmax,7.0,VASC,Biase,dr2,23,VASC,other
t-SNE,TSNE,t-SNE,random_triplet,0.804,VASC,Biase,dr1,23,VASC,other
t-SNE,TSNE,t-SNE,spearman,0.69,VASC,Biase,dr1,23,VASC,other
t-SNE,TSNE,t-SNE,svm,0.88,VASC,Biase,dr1,23,VASC,other
t-SNE,TSNE,t-SNE,AUC,0.805,VASC,Goolam,dr2,23,VASC,other
t-SNE,TSNE,t-SNE,Pearson,0.774,VASC,Goolam,dr3,23,VASC,other
t-SNE,TSNE,t-SNE,Qglobal,0.834,VASC,Goolam,dr2,23,VASC,other
t-SNE,TSNE,t-SNE,Qlocal,0.635,VASC,Goolam,dr2,23,VASC,other
t-SNE,TSNE,t-SNE,centroid_distance,0.932,VASC,Goolam,dr1,23,VASC,other
t-SNE,TSNE,t-SNE,k-nearest,0.6,VASC,Goolam,dr1,23,VASC,other
t-SNE,TSNE,t-SNE,kmax,15.0,VASC,Goolam,dr2,23,VASC,other
t-SNE,TSNE,t-SNE,random_triplet,0.787,VASC,Goolam,dr1,23,VASC,other
t-SNE,TSNE,t-SNE,spearman,0.752,VASC,Goolam,dr1,23,VASC,other
t-SNE,TSNE,t-SNE,svm,0.919,VASC,Goolam,dr1,23,VASC,other
t-SNE,TSNE,t-SNE,AUC,0.628,VASC,Xin,dr2,23,VASC,other
t-SNE,TSNE,t-SNE,Pearson,0.357,VASC,Xin,dr3,23,VASC,other
t-SNE,TSNE,t-SNE,Qglobal,0.755,VASC,Xin,dr2,23,VASC,other
t-SNE,TSNE,t-SNE,Qlocal,0.309,VASC,Xin,dr2,23,VASC,other
t-SNE,TSNE,t-SNE,centroid_distance,0.328,VASC,Xin,dr1,23,VASC,other
t-SNE,TSNE,t-SNE,k-nearest,0.688,VASC,Xin,dr1,23,VASC,other
t-SNE,TSNE,t-SNE,kmax,454.0,VASC,Xin,dr2,23,VASC,other
t-SNE,TSNE,t-SNE,random_triplet,0.647,VASC,Xin,dr1,23,VASC,other
t-SNE,TSNE,t-SNE,spearman,0.447,VASC,Xin,dr1,23,VASC,other
t-SNE,TSNE,t-SNE,svm,0.951,VASC,Xin,dr1,23,VASC,other
t-SNE,TSNE,t-SNE,AUC,0.617,VASC,Zeisel,dr2,23,VASC,other
t-SNE,TSNE,t-SNE,Pearson,0.119,VASC,Zeisel,dr3,23,VASC,other
t-SNE,TSNE,t-SNE,Qglobal,0.643,VASC,Zeisel,dr2,23,VASC,other
t-SNE,TSNE,t-SNE,Qlocal,0.348,VASC,Zeisel,dr2,23,VASC,other
t-SNE,TSNE,t-SNE,centroid_distance,0.38,VASC,Zeisel,dr1,23,VASC,other
t-SNE,TSNE,t-SNE,k-nearest,0.333,VASC,Zeisel,dr1,23,VASC,other
t-SNE,TSNE,t-SNE,kmax,266.0,VASC,Zeisel,dr2,23,VASC,other
t-SNE,TSNE,t-SNE,random_triplet,0.572,VASC,Zeisel,dr1,23,VASC,other
t-SNE,TSNE,t-SNE,spearman,0.117,VASC,Zeisel,dr1,23,VASC,other
t-SNE,TSNE,t-SNE,svm,0.885,VASC,Zeisel,dr1,23,VASC,other
t-SNE,TSNE,t-SNE,AUC,0.878,VASC,yan,dr2,23,VASC,other
t-SNE,TSNE,t-SNE,Pearson,0.851,VASC,yan,dr3,23,VASC,other
t-SNE,TSNE,t-SNE,Qglobal,0.906,VASC,yan,dr2,23,VASC,other
t-SNE,TSNE,t-SNE,Qlocal,0.639,VASC,yan,dr2,23,VASC,other
t-SNE,TSNE,t-SNE,centroid_distance,0.994,VASC,yan,dr1,23,VASC,other
t-SNE,TSNE,t-SNE,k-nearest,1.0,VASC,yan,dr1,23,VASC,other
t-SNE,TSNE,t-SNE,kmax,7.0,VASC,yan,dr2,23,VASC,other
t-SNE,TSNE,t-SNE,random_triplet,0.896,VASC,yan,dr1,23,VASC,other
t-SNE,TSNE,t-SNE,spearman,0.922,VASC,yan,dr1,23,VASC,other
t-SNE,TSNE,t-SNE,svm,0.878,VASC,yan,dr1,23,VASC,other
t-SNE,TSNE,t-SNE,AUC,0.655,benchmarker,Baron_mouse,dr2,23,curated,other
t-SNE,TSNE,t-SNE,Pearson,0.529,benchmarker,Baron_mouse,dr3,23,curated,other
t-SNE,TSNE,t-SNE,Qglobal,0.682,benchmarker,Baron_mouse,dr2,23,curated,other
t-SNE,TSNE,t-SNE,Qlocal,0.273,benchmarker,Baron_mouse,dr2,23,curated,other
t-SNE,TSNE,t-SNE,centroid_distance,0.332,benchmarker,Baron_mouse,dr1,23,curated,other
t-SNE,TSNE,t-SNE,k-nearest,0.385,benchmarker,Baron_mouse,dr1,23,curated,other
t-SNE,TSNE,t-SNE,kmax,126.0,benchmarker,Baron_mouse,dr2,23,curated,other
t-SNE,TSNE,t-SNE,random_triplet,0.677,benchmarker,Baron_mouse,dr1,23,curated,other
t-SNE,TSNE,t-SNE,spearman,0.498,benchmarker,Baron_mouse,dr1,23,curated,other
t-SNE,TSNE,t-SNE,svm,0.954,benchmarker,Baron_mouse,dr1,23,curated,other
t-SNE,TSNE,t-SNE,AUC,0.689,benchmarker,Darmanis,dr2,23,curated,other
t-SNE,TSNE,t-SNE,Pearson,0.384,benchmarker,Darmanis,dr3,23,curated,other
t-SNE,TSNE,t-SNE,Qglobal,0.729,benchmarker,Darmanis,dr2,23,curated,other
t-SNE,TSNE,t-SNE,Qlocal,0.435,benchmarker,Darmanis,dr2,23,curated,other
t-SNE,TSNE,t-SNE,centroid_distance,0.32,benchmarker,Darmanis,dr1,23,curated,other
t-SNE,TSNE,t-SNE,k-nearest,0.438,benchmarker,Darmanis,dr1,23,curated,other
t-SNE,TSNE,t-SNE,kmax,56.0,benchmarker,Darmanis,dr2,23,curated,other
t-SNE,TSNE,t-SNE,random_triplet,0.662,benchmarker,Darmanis,dr1,23,curated,other
t-SNE,TSNE,t-SNE,spearman,0.423,benchmarker,Darmanis,dr1,23,curated,other
t-SNE,TSNE,t-SNE,svm,0.945,benchmarker,Darmanis,dr1,23,curated,other
t-SNE,TSNE,t-SNE,AUC,0.631,benchmarker,Pancreatic,dr2,23,curated,other
t-SNE,TSNE,t-SNE,Pearson,0.467,benchmarker,Pancreatic,dr3,23,curated,other
t-SNE,TSNE,t-SNE,Qglobal,0.694,benchmarker,Pancreatic,dr2,23,curated,other
t-SNE,TSNE,t-SNE,Qlocal,0.239,benchmarker,Pancreatic,dr2,23,curated,other
t-SNE,TSNE,t-SNE,centroid_distance,0.83,benchmarker,Pancreatic,dr1,23,curated,other
t-SNE,TSNE,t-SNE,k-nearest,0.75,benchmarker,Pancreatic,dr1,23,curated,other
t-SNE,TSNE,t-SNE,kmax,8.0,benchmarker,Pancreatic,dr2,23,curated,other
t-SNE,TSNE,t-SNE,random_triplet,0.68,benchmarker,Pancreatic,dr1,23,curated,other
t-SNE,TSNE,t-SNE,spearman,0.438,benchmarker,Pancreatic,dr1,23,curated,other
t-SNE,TSNE,t-SNE,svm,0.567,benchmarker,Pancreatic,dr1,23,curated,other
t-SNE,TSNE,t-SNE,AUC,0.706,benchmarker,Silver,dr2,23,curated,other
t-SNE,TSNE,t-SNE,Pearson,0.632,benchmarker,Silver,dr3,23,curated,other
t-SNE,TSNE,t-SNE,Qglobal,0.808,benchmarker,Silver,dr2,23,curated,other
t-SNE,TSNE,t-SNE,Qlocal,0.403,benchmarker,Silver,dr2,23,curated,other
t-SNE,TSNE,t-SNE,centroid_distance,0.921,benchmarker,Silver,dr1,23,curated,other
t-SNE,TSNE,t-SNE,k-nearest,0.697,benchmarker,Silver,dr1,23,curated,other
t-SNE,TSNE,t-SNE,kmax,650.0,benchmarker,Silver,dr2,23,curated,other
t-SNE,TSNE,t-SNE,random_triplet,0.728,benchmarker,Silver,dr1,23,curated,other
t-SNE,TSNE,t-SNE,spearman,0.66,benchmarker,Silver,dr1,23,curated,other
t-SNE,TSNE,t-SNE,svm,0.518,benchmarker,Silver,dr1,23,curated,other
t-SNE,TSNE,t-SNE,AUC,0.647,benchmarker,Zhengmix4eq,dr2,23,curated,other
t-SNE,TSNE,t-SNE,Pearson,0.415,benchmarker,Zhengmix4eq,dr3,23,curated,other
t-SNE,TSNE,t-SNE,Qglobal,0.75,benchmarker,Zhengmix4eq,dr2,23,curated,other
t-SNE,TSNE,t-SNE,Qlocal,0.337,benchmarker,Zhengmix4eq,dr2,23,curated,other
t-SNE,TSNE,t-SNE,centroid_distance,0.687,benchmarker,Zhengmix4eq,dr1,23,curated,other
t-SNE,TSNE,t-SNE,k-nearest,0.5,benchmarker,Zhengmix4eq,dr1,23,curated,other
t-SNE,TSNE,t-SNE,kmax,998.0,benchmarker,Zhengmix4eq,dr2,23,curated,other
t-SNE,TSNE,t-SNE,random_triplet,0.64,benchmarker,Zhengmix4eq,dr1,23,curated,other
t-SNE,TSNE,t-SNE,spearman,0.409,benchmarker,Zhengmix4eq,dr1,23,curated,other
t-SNE,TSNE,t-SNE,svm,0.965,benchmarker,Zhengmix4eq,dr1,23,curated,other
t-SNE,TSNE,t-SNE,AUC,0.648,scDesign3,ACINAR,dr2,23,scDesign3,other
t-SNE,TSNE,t-SNE,Pearson,0.198,scDesign3,ACINAR,dr3,23,scDesign3,other
t-SNE,TSNE,t-SNE,Qglobal,0.683,scDesign3,ACINAR,dr2,23,scDesign3,other
t-SNE,TSNE,t-SNE,Qlocal,0.302,scDesign3,ACINAR,dr2,23,scDesign3,other
t-SNE,TSNE,t-SNE,centroid_distance,0.615,scDesign3,ACINAR,dr1,23,scDesign3,other
t-SNE,TSNE,t-SNE,k-nearest,0.533,scDesign3,ACINAR,dr1,23,scDesign3,other
t-SNE,TSNE,t-SNE,kmax,281.0,scDesign3,ACINAR,dr2,23,scDesign3,other
t-SNE,TSNE,t-SNE,random_triplet,0.654,scDesign3,ACINAR,dr1,23,scDesign3,other
t-SNE,TSNE,t-SNE,spearman,0.36,scDesign3,ACINAR,dr1,23,scDesign3,other
t-SNE,TSNE,t-SNE,svm,0.748,scDesign3,ACINAR,dr1,23,scDesign3,other
t-SNE,TSNE,t-SNE,AUC,0.632,scDesign3,ATAC,dr2,23,scDesign3,other
t-SNE,TSNE,t-SNE,Pearson,0.394,scDesign3,ATAC,dr3,23,scDesign3,other
t-SNE,TSNE,t-SNE,Qglobal,0.74,scDesign3,ATAC,dr2,23,scDesign3,other
t-SNE,TSNE,t-SNE,Qlocal,0.316,scDesign3,ATAC,dr2,23,scDesign3,other
t-SNE,TSNE,t-SNE,centroid_distance,0.804,scDesign3,ATAC,dr1,23,scDesign3,other
t-SNE,TSNE,t-SNE,k-nearest,0.744,scDesign3,ATAC,dr1,23,scDesign3,other
t-SNE,TSNE,t-SNE,kmax,1798.0,scDesign3,ATAC,dr2,23,scDesign3,other
t-SNE,TSNE,t-SNE,random_triplet,0.649,scDesign3,ATAC,dr1,23,scDesign3,other
t-SNE,TSNE,t-SNE,spearman,0.372,scDesign3,ATAC,dr1,23,scDesign3,other
t-SNE,TSNE,t-SNE,svm,0.932,scDesign3,ATAC,dr1,23,scDesign3,other
t-SNE,TSNE,t-SNE,AUC,0.669,scDesign3,BATCH,dr2,23,scDesign3,other
t-SNE,TSNE,t-SNE,Pearson,0.222,scDesign3,BATCH,dr3,23,scDesign3,other
t-SNE,TSNE,t-SNE,Qglobal,0.694,scDesign3,BATCH,dr2,23,scDesign3,other
t-SNE,TSNE,t-SNE,Qlocal,0.43,scDesign3,BATCH,dr2,23,scDesign3,other
t-SNE,TSNE,t-SNE,centroid_distance,0.493,scDesign3,BATCH,dr1,23,scDesign3,other
t-SNE,TSNE,t-SNE,k-nearest,0.5,scDesign3,BATCH,dr1,23,scDesign3,other
t-SNE,TSNE,t-SNE,kmax,586.0,scDesign3,BATCH,dr2,23,scDesign3,other
t-SNE,TSNE,t-SNE,random_triplet,0.639,scDesign3,BATCH,dr1,23,scDesign3,other
t-SNE,TSNE,t-SNE,spearman,0.33,scDesign3,BATCH,dr1,23,scDesign3,other
t-SNE,TSNE,t-SNE,svm,0.932,scDesign3,BATCH,dr1,23,scDesign3,other
t-SNE,TSNE,t-SNE,AUC,0.611,scDesign3,CITE,dr2,23,scDesign3,other
t-SNE,TSNE,t-SNE,Pearson,0.219,scDesign3,CITE,dr3,23,scDesign3,other
t-SNE,TSNE,t-SNE,Qglobal,0.685,scDesign3,CITE,dr2,23,scDesign3,other
t-SNE,TSNE,t-SNE,Qlocal,0.313,scDesign3,CITE,dr2,23,scDesign3,other
t-SNE,TSNE,t-SNE,centroid_distance,0.36,scDesign3,CITE,dr1,23,scDesign3,other
t-SNE,TSNE,t-SNE,k-nearest,0.4,scDesign3,CITE,dr1,23,scDesign3,other
t-SNE,TSNE,t-SNE,kmax,1730.0,scDesign3,CITE,dr2,23,scDesign3,other
t-SNE,TSNE,t-SNE,random_triplet,0.589,scDesign3,CITE,dr1,23,scDesign3,other
t-SNE,TSNE,t-SNE,spearman,0.357,scDesign3,CITE,dr1,23,scDesign3,other
t-SNE,TSNE,t-SNE,svm,0.836,scDesign3,CITE,dr1,23,scDesign3,other
t-SNE,TSNE,t-SNE,AUC,0.606,scDesign3,EMBYRO,dr2,23,scDesign3,other
t-SNE,TSNE,t-SNE,Pearson,0.157,scDesign3,EMBYRO,dr3,23,scDesign3,other
t-SNE,TSNE,t-SNE,Qglobal,0.611,scDesign3,EMBYRO,dr2,23,scDesign3,other
t-SNE,TSNE,t-SNE,Qlocal,0.268,scDesign3,EMBYRO,dr2,23,scDesign3,other
t-SNE,TSNE,t-SNE,centroid_distance,0.807,scDesign3,EMBYRO,dr1,23,scDesign3,other
t-SNE,TSNE,t-SNE,k-nearest,0.2,scDesign3,EMBYRO,dr1,23,scDesign3,other
t-SNE,TSNE,t-SNE,kmax,20.0,scDesign3,EMBYRO,dr2,23,scDesign3,other
t-SNE,TSNE,t-SNE,random_triplet,0.612,scDesign3,EMBYRO,dr1,23,scDesign3,other
t-SNE,TSNE,t-SNE,spearman,0.293,scDesign3,EMBYRO,dr1,23,scDesign3,other
t-SNE,TSNE,t-SNE,svm,0.802,scDesign3,EMBYRO,dr1,23,scDesign3,other
t-SNE,TSNE,t-SNE,AUC,0.657,scDesign3,IFNB,dr2,23,scDesign3,other
t-SNE,TSNE,t-SNE,Pearson,0.369,scDesign3,IFNB,dr3,23,scDesign3,other
t-SNE,TSNE,t-SNE,Qglobal,0.714,scDesign3,IFNB,dr2,23,scDesign3,other
t-SNE,TSNE,t-SNE,Qlocal,0.303,scDesign3,IFNB,dr2,23,scDesign3,other
t-SNE,TSNE,t-SNE,centroid_distance,0.549,scDesign3,IFNB,dr1,23,scDesign3,other
t-SNE,TSNE,t-SNE,k-nearest,0.462,scDesign3,IFNB,dr1,23,scDesign3,other
t-SNE,TSNE,t-SNE,kmax,1953.0,scDesign3,IFNB,dr2,23,scDesign3,other
t-SNE,TSNE,t-SNE,random_triplet,0.669,scDesign3,IFNB,dr1,23,scDesign3,other
t-SNE,TSNE,t-SNE,spearman,0.461,scDesign3,IFNB,dr1,23,scDesign3,other
t-SNE,TSNE,t-SNE,svm,0.916,scDesign3,IFNB,dr1,23,scDesign3,other
t-SNE,TSNE,t-SNE,AUC,0.794,scDesign3,MARROW,dr2,23,scDesign3,other
t-SNE,TSNE,t-SNE,Pearson,0.725,scDesign3,MARROW,dr3,23,scDesign3,other
t-SNE,TSNE,t-SNE,Qglobal,0.871,scDesign3,MARROW,dr2,23,scDesign3,other
t-SNE,TSNE,t-SNE,Qlocal,0.533,scDesign3,MARROW,dr2,23,scDesign3,other
t-SNE,TSNE,t-SNE,centroid_distance,0.858,scDesign3,MARROW,dr1,23,scDesign3,other
t-SNE,TSNE,t-SNE,k-nearest,0.667,scDesign3,MARROW,dr1,23,scDesign3,other
t-SNE,TSNE,t-SNE,kmax,606.0,scDesign3,MARROW,dr2,23,scDesign3,other
t-SNE,TSNE,t-SNE,random_triplet,0.839,scDesign3,MARROW,dr1,23,scDesign3,other
t-SNE,TSNE,t-SNE,spearman,0.756,scDesign3,MARROW,dr1,23,scDesign3,other
t-SNE,TSNE,t-SNE,svm,0.911,scDesign3,MARROW,dr1,23,scDesign3,other
t-SNE,TSNE,t-SNE,AUC,0.656,scDesign3,MOBSC,dr2,23,scDesign3,other
t-SNE,TSNE,t-SNE,Pearson,0.435,scDesign3,MOBSC,dr3,23,scDesign3,other
t-SNE,TSNE,t-SNE,Qglobal,0.707,scDesign3,MOBSC,dr2,23,scDesign3,other
t-SNE,TSNE,t-SNE,Qlocal,0.31,scDesign3,MOBSC,dr2,23,scDesign3,other
t-SNE,TSNE,t-SNE,centroid_distance,0.494,scDesign3,MOBSC,dr1,23,scDesign3,other
t-SNE,TSNE,t-SNE,k-nearest,0.25,scDesign3,MOBSC,dr1,23,scDesign3,other
t-SNE,TSNE,t-SNE,kmax,1614.0,scDesign3,MOBSC,dr2,23,scDesign3,other
t-SNE,TSNE,t-SNE,random_triplet,0.661,scDesign3,MOBSC,dr1,23,scDesign3,other
t-SNE,TSNE,t-SNE,spearman,0.437,scDesign3,MOBSC,dr1,23,scDesign3,other
t-SNE,TSNE,t-SNE,svm,0.903,scDesign3,MOBSC,dr1,23,scDesign3,other
t-SNE,TSNE,t-SNE,AUC,0.643,scDesign3,OVARIAN,dr2,23,scDesign3,other
t-SNE,TSNE,t-SNE,Pearson,0.141,scDesign3,OVARIAN,dr3,23,scDesign3,other
t-SNE,TSNE,t-SNE,Qglobal,0.726,scDesign3,OVARIAN,dr2,23,scDesign3,other
t-SNE,TSNE,t-SNE,Qlocal,0.342,scDesign3,OVARIAN,dr2,23,scDesign3,other
t-SNE,TSNE,t-SNE,centroid_distance,0.55,scDesign3,OVARIAN,dr1,23,scDesign3,other
t-SNE,TSNE,t-SNE,k-nearest,0.424,scDesign3,OVARIAN,dr1,23,scDesign3,other
t-SNE,TSNE,t-SNE,kmax,740.0,scDesign3,OVARIAN,dr2,23,scDesign3,other
t-SNE,TSNE,t-SNE,random_triplet,0.645,scDesign3,OVARIAN,dr1,23,scDesign3,other
t-SNE,TSNE,t-SNE,spearman,0.28,scDesign3,OVARIAN,dr1,23,scDesign3,other
t-SNE,TSNE,t-SNE,svm,0.788,scDesign3,OVARIAN,dr1,23,scDesign3,other
t-SNE,TSNE,t-SNE,AUC,0.743,scDesign3,PANCREAS,dr2,23,scDesign3,other
t-SNE,TSNE,t-SNE,Pearson,0.411,scDesign3,PANCREAS,dr3,23,scDesign3,other
t-SNE,TSNE,t-SNE,Qglobal,0.814,scDesign3,PANCREAS,dr2,23,scDesign3,other
t-SNE,TSNE,t-SNE,Qlocal,0.455,scDesign3,PANCREAS,dr2,23,scDesign3,other
t-SNE,TSNE,t-SNE,centroid_distance,0.976,scDesign3,PANCREAS,dr1,23,scDesign3,other
t-SNE,TSNE,t-SNE,k-nearest,1.0,scDesign3,PANCREAS,dr1,23,scDesign3,other
t-SNE,TSNE,t-SNE,kmax,415.0,scDesign3,PANCREAS,dr2,23,scDesign3,other
t-SNE,TSNE,t-SNE,random_triplet,0.773,scDesign3,PANCREAS,dr1,23,scDesign3,other
t-SNE,TSNE,t-SNE,spearman,0.554,scDesign3,PANCREAS,dr1,23,scDesign3,other
t-SNE,TSNE,t-SNE,svm,0.957,scDesign3,PANCREAS,dr1,23,scDesign3,other
t-SNE,TSNE,t-SNE,AUC,0.802,scDesign3,SCGEMMETH,dr2,23,scDesign3,other
t-SNE,TSNE,t-SNE,Pearson,0.86,scDesign3,SCGEMMETH,dr3,23,scDesign3,other
t-SNE,TSNE,t-SNE,Qglobal,0.811,scDesign3,SCGEMMETH,dr2,23,scDesign3,other
t-SNE,TSNE,t-SNE,Qlocal,0.513,scDesign3,SCGEMMETH,dr2,23,scDesign3,other
t-SNE,TSNE,t-SNE,centroid_distance,0.976,scDesign3,SCGEMMETH,dr1,23,scDesign3,other
t-SNE,TSNE,t-SNE,k-nearest,1.0,scDesign3,SCGEMMETH,dr1,23,scDesign3,other
t-SNE,TSNE,t-SNE,kmax,3.0,scDesign3,SCGEMMETH,dr2,23,scDesign3,other
t-SNE,TSNE,t-SNE,random_triplet,0.825,scDesign3,SCGEMMETH,dr1,23,scDesign3,other
t-SNE,TSNE,t-SNE,spearman,0.875,scDesign3,SCGEMMETH,dr1,23,scDesign3,other
t-SNE,TSNE,t-SNE,svm,0.74,scDesign3,SCGEMMETH,dr1,23,scDesign3,other
t-SNE,TSNE,t-SNE,AUC,0.795,scDesign3,SCGEMRNA,dr2,23,scDesign3,other
t-SNE,TSNE,t-SNE,Pearson,0.801,scDesign3,SCGEMRNA,dr3,23,scDesign3,other
t-SNE,TSNE,t-SNE,Qglobal,0.863,scDesign3,SCGEMRNA,dr2,23,scDesign3,other
t-SNE,TSNE,t-SNE,Qlocal,0.543,scDesign3,SCGEMRNA,dr2,23,scDesign3,other
t-SNE,TSNE,t-SNE,centroid_distance,0.956,scDesign3,SCGEMRNA,dr1,23,scDesign3,other
t-SNE,TSNE,t-SNE,k-nearest,0.8,scDesign3,SCGEMRNA,dr1,23,scDesign3,other
t-SNE,TSNE,t-SNE,kmax,36.0,scDesign3,SCGEMRNA,dr2,23,scDesign3,other
t-SNE,TSNE,t-SNE,random_triplet,0.807,scDesign3,SCGEMRNA,dr1,23,scDesign3,other
t-SNE,TSNE,t-SNE,spearman,0.825,scDesign3,SCGEMRNA,dr1,23,scDesign3,other
t-SNE,TSNE,t-SNE,svm,0.831,scDesign3,SCGEMRNA,dr1,23,scDesign3,other
t-SNE,TSNE,t-SNE,AUC,0.541,scDesign3,SCIATAC,dr2,23,scDesign3,other
t-SNE,TSNE,t-SNE,Pearson,0.251,scDesign3,SCIATAC,dr3,23,scDesign3,other
t-SNE,TSNE,t-SNE,Qglobal,0.769,scDesign3,SCIATAC,dr2,23,scDesign3,other
t-SNE,TSNE,t-SNE,Qlocal,0.272,scDesign3,SCIATAC,dr2,23,scDesign3,other
t-SNE,TSNE,t-SNE,centroid_distance,0.29,scDesign3,SCIATAC,dr1,23,scDesign3,other
t-SNE,TSNE,t-SNE,k-nearest,0.444,scDesign3,SCIATAC,dr1,23,scDesign3,other
t-SNE,TSNE,t-SNE,kmax,1841.0,scDesign3,SCIATAC,dr2,23,scDesign3,other
t-SNE,TSNE,t-SNE,random_triplet,0.576,scDesign3,SCIATAC,dr1,23,scDesign3,other
t-SNE,TSNE,t-SNE,spearman,0.263,scDesign3,SCIATAC,dr1,23,scDesign3,other
t-SNE,TSNE,t-SNE,svm,0.697,scDesign3,SCIATAC,dr1,23,scDesign3,other
t-SNE,TSNE,t-SNE,AUC,0.561,scDesign3,SLIDE,dr2,23,scDesign3,other
t-SNE,TSNE,t-SNE,Pearson,0.316,scDesign3,SLIDE,dr3,23,scDesign3,other
t-SNE,TSNE,t-SNE,Qglobal,0.877,scDesign3,SLIDE,dr2,23,scDesign3,other
t-SNE,TSNE,t-SNE,Qlocal,0.386,scDesign3,SLIDE,dr2,23,scDesign3,other
t-SNE,TSNE,t-SNE,centroid_distance,0.761,scDesign3,SLIDE,dr1,23,scDesign3,other
t-SNE,TSNE,t-SNE,k-nearest,0.667,scDesign3,SLIDE,dr1,23,scDesign3,other
t-SNE,TSNE,t-SNE,kmax,15035.0,scDesign3,SLIDE,dr2,23,scDesign3,other
t-SNE,TSNE,t-SNE,random_triplet,0.596,scDesign3,SLIDE,dr1,23,scDesign3,other
t-SNE,TSNE,t-SNE,spearman,0.452,scDesign3,SLIDE,dr1,23,scDesign3,other
t-SNE,TSNE,t-SNE,svm,0.603,scDesign3,SLIDE,dr1,23,scDesign3,other
t-SNE,TSNE,t-SNE,AUC,0.627,scDesign3,VISIUM,dr2,23,scDesign3,other
t-SNE,TSNE,t-SNE,Pearson,0.247,scDesign3,VISIUM,dr3,23,scDesign3,other
t-SNE,TSNE,t-SNE,Qglobal,0.645,scDesign3,VISIUM,dr2,23,scDesign3,other
t-SNE,TSNE,t-SNE,Qlocal,0.278,scDesign3,VISIUM,dr2,23,scDesign3,other
t-SNE,TSNE,t-SNE,centroid_distance,0.547,scDesign3,VISIUM,dr1,23,scDesign3,other
t-SNE,TSNE,t-SNE,k-nearest,0.5,scDesign3,VISIUM,dr1,23,scDesign3,other
t-SNE,TSNE,t-SNE,kmax,129.0,scDesign3,VISIUM,dr2,23,scDesign3,other
t-SNE,TSNE,t-SNE,random_triplet,0.626,scDesign3,VISIUM,dr1,23,scDesign3,other
t-SNE,TSNE,t-SNE,spearman,0.343,scDesign3,VISIUM,dr1,23,scDesign3,other
t-SNE,TSNE,t-SNE,svm,0.888,scDesign3,VISIUM,dr1,23,scDesign3,other
TriMap,TriMap,TriMap,AUC,0.57,SIMLR,Pollen,dr2,24,SIMLR,other
TriMap,TriMap,TriMap,Pearson,-0.013,SIMLR,Pollen,dr3,24,SIMLR,other
TriMap,TriMap,TriMap,Qglobal,0.599,SIMLR,Pollen,dr2,24,SIMLR,other
TriMap,TriMap,TriMap,Qlocal,0.266,SIMLR,Pollen,dr2,24,SIMLR,other
TriMap,TriMap,TriMap,centroid_distance,0.461,SIMLR,Pollen,dr1,24,SIMLR,other
TriMap,TriMap,TriMap,k-nearest,0.788,SIMLR,Pollen,dr1,24,SIMLR,other
TriMap,TriMap,TriMap,kmax,22.0,SIMLR,Pollen,dr2,24,SIMLR,other
TriMap,TriMap,TriMap,random_triplet,0.52,SIMLR,Pollen,dr1,24,SIMLR,other
TriMap,TriMap,TriMap,spearman,-0.014,SIMLR,Pollen,dr1,24,SIMLR,other
TriMap,TriMap,TriMap,svm,0.783,SIMLR,Pollen,dr1,24,SIMLR,other
TriMap,TriMap,TriMap,AUC,0.539,SIMLR,Usoskin,dr2,24,SIMLR,other
TriMap,TriMap,TriMap,Pearson,0.029,SIMLR,Usoskin,dr3,24,SIMLR,other
TriMap,TriMap,TriMap,Qglobal,0.621,SIMLR,Usoskin,dr2,24,SIMLR,other
TriMap,TriMap,TriMap,Qlocal,0.184,SIMLR,Usoskin,dr2,24,SIMLR,other
TriMap,TriMap,TriMap,centroid_distance,0.928,SIMLR,Usoskin,dr1,24,SIMLR,other
TriMap,TriMap,TriMap,k-nearest,0.5,SIMLR,Usoskin,dr1,24,SIMLR,other
TriMap,TriMap,TriMap,kmax,117.0,SIMLR,Usoskin,dr2,24,SIMLR,other
TriMap,TriMap,TriMap,random_triplet,0.518,SIMLR,Usoskin,dr1,24,SIMLR,other
TriMap,TriMap,TriMap,spearman,0.01,SIMLR,Usoskin,dr1,24,SIMLR,other
TriMap,TriMap,TriMap,svm,0.953,SIMLR,Usoskin,dr1,24,SIMLR,other
TriMap,TriMap,TriMap,AUC,0.768,TI,DA1_horns,dr2,24,trajectory,other
TriMap,TriMap,TriMap,Pearson,0.548,TI,DA1_horns,dr3,24,trajectory,other
TriMap,TriMap,TriMap,Qglobal,0.833,TI,DA1_horns,dr2,24,trajectory,other
TriMap,TriMap,TriMap,Qlocal,0.417,TI,DA1_horns,dr2,24,trajectory,other
TriMap,TriMap,TriMap,centroid_distance,0.994,TI,DA1_horns,dr1,24,trajectory,other
TriMap,TriMap,TriMap,k-nearest,1.0,TI,DA1_horns,dr1,24,trajectory,other
TriMap,TriMap,TriMap,kmax,42.0,TI,DA1_horns,dr2,24,trajectory,other
TriMap,TriMap,TriMap,random_triplet,0.822,TI,DA1_horns,dr1,24,trajectory,other
TriMap,TriMap,TriMap,spearman,0.814,TI,DA1_horns,dr1,24,trajectory,other
TriMap,TriMap,TriMap,svm,0.978,TI,DA1_horns,dr1,24,trajectory,other
TriMap,TriMap,TriMap,AUC,0.82,TI,DC3_VA1d_horns,dr2,24,trajectory,other
TriMap,TriMap,TriMap,Pearson,0.549,TI,DC3_VA1d_horns,dr3,24,trajectory,other
TriMap,TriMap,TriMap,Qglobal,0.901,TI,DC3_VA1d_horns,dr2,24,trajectory,other
TriMap,TriMap,TriMap,Qlocal,0.523,TI,DC3_VA1d_horns,dr2,24,trajectory,other
TriMap,TriMap,TriMap,centroid_distance,0.967,TI,DC3_VA1d_horns,dr1,24,trajectory,other
TriMap,TriMap,TriMap,k-nearest,0.833,TI,DC3_VA1d_horns,dr1,24,trajectory,other
TriMap,TriMap,TriMap,kmax,34.0,TI,DC3_VA1d_horns,dr2,24,trajectory,other
TriMap,TriMap,TriMap,random_triplet,0.863,TI,DC3_VA1d_horns,dr1,24,trajectory,other
TriMap,TriMap,TriMap,spearman,0.909,TI,DC3_VA1d_horns,dr1,24,trajectory,other
TriMap,TriMap,TriMap,svm,0.685,TI,DC3_VA1d_horns,dr1,24,trajectory,other
TriMap,TriMap,TriMap,AUC,0.8,TI,ICM,dr2,24,trajectory,other
TriMap,TriMap,TriMap,Pearson,0.719,TI,ICM,dr3,24,trajectory,other
TriMap,TriMap,TriMap,Qglobal,0.837,TI,ICM,dr2,24,trajectory,other
TriMap,TriMap,TriMap,Qlocal,0.549,TI,ICM,dr2,24,trajectory,other
TriMap,TriMap,TriMap,centroid_distance,0.855,TI,ICM,dr1,24,trajectory,other
TriMap,TriMap,TriMap,k-nearest,0.767,TI,ICM,dr1,24,trajectory,other
TriMap,TriMap,TriMap,kmax,32.0,TI,ICM,dr2,24,trajectory,other
TriMap,TriMap,TriMap,random_triplet,0.804,TI,ICM,dr1,24,trajectory,other
TriMap,TriMap,TriMap,spearman,0.734,TI,ICM,dr1,24,trajectory,other
TriMap,TriMap,TriMap,svm,0.868,TI,ICM,dr1,24,trajectory,other
TriMap,TriMap,TriMap,AUC,0.809,TI,blastocyst,dr2,24,trajectory,other
TriMap,TriMap,TriMap,Pearson,0.732,TI,blastocyst,dr3,24,trajectory,other
TriMap,TriMap,TriMap,Qglobal,0.837,TI,blastocyst,dr2,24,trajectory,other
TriMap,TriMap,TriMap,Qlocal,0.546,TI,blastocyst,dr2,24,trajectory,other
TriMap,TriMap,TriMap,centroid_distance,0.86,TI,blastocyst,dr1,24,trajectory,other
TriMap,TriMap,TriMap,k-nearest,0.769,TI,blastocyst,dr1,24,trajectory,other
TriMap,TriMap,TriMap,kmax,31.0,TI,blastocyst,dr2,24,trajectory,other
TriMap,TriMap,TriMap,random_triplet,0.794,TI,blastocyst,dr1,24,trajectory,other
TriMap,TriMap,TriMap,spearman,0.765,TI,blastocyst,dr1,24,trajectory,other
TriMap,TriMap,TriMap,svm,0.882,TI,blastocyst,dr1,24,trajectory,other
TriMap,TriMap,TriMap,AUC,0.616,TI,combination-1,dr2,24,trajectory,other
TriMap,TriMap,TriMap,Pearson,0.446,TI,combination-1,dr3,24,trajectory,other
TriMap,TriMap,TriMap,Qglobal,0.684,TI,combination-1,dr2,24,trajectory,other
TriMap,TriMap,TriMap,Qlocal,0.216,TI,combination-1,dr2,24,trajectory,other
TriMap,TriMap,TriMap,centroid_distance,0.764,TI,combination-1,dr1,24,trajectory,other
TriMap,TriMap,TriMap,k-nearest,0.714,TI,combination-1,dr1,24,trajectory,other
TriMap,TriMap,TriMap,kmax,627.0,TI,combination-1,dr2,24,trajectory,other
TriMap,TriMap,TriMap,random_triplet,0.647,TI,combination-1,dr1,24,trajectory,other
TriMap,TriMap,TriMap,spearman,0.499,TI,combination-1,dr1,24,trajectory,other
TriMap,TriMap,TriMap,svm,0.886,TI,combination-1,dr1,24,trajectory,other
TriMap,TriMap,TriMap,AUC,0.594,TI,combination-2,dr2,24,trajectory,other
TriMap,TriMap,TriMap,Pearson,0.231,TI,combination-2,dr3,24,trajectory,other
TriMap,TriMap,TriMap,Qglobal,0.762,TI,combination-2,dr2,24,trajectory,other
TriMap,TriMap,TriMap,Qlocal,0.317,TI,combination-2,dr2,24,trajectory,other
TriMap,TriMap,TriMap,centroid_distance,0.806,TI,combination-2,dr1,24,trajectory,other
TriMap,TriMap,TriMap,k-nearest,0.694,TI,combination-2,dr1,24,trajectory,other
TriMap,TriMap,TriMap,kmax,1632.0,TI,combination-2,dr2,24,trajectory,other
TriMap,TriMap,TriMap,random_triplet,0.61,TI,combination-2,dr1,24,trajectory,other
TriMap,TriMap,TriMap,spearman,0.266,TI,combination-2,dr1,24,trajectory,other
TriMap,TriMap,TriMap,svm,0.76,TI,combination-2,dr1,24,trajectory,other
TriMap,TriMap,TriMap,AUC,0.616,TI,combination-3,dr2,24,trajectory,other
TriMap,TriMap,TriMap,Pearson,0.256,TI,combination-3,dr3,24,trajectory,other
TriMap,TriMap,TriMap,Qglobal,0.759,TI,combination-3,dr2,24,trajectory,other
TriMap,TriMap,TriMap,Qlocal,0.331,TI,combination-3,dr2,24,trajectory,other
TriMap,TriMap,TriMap,centroid_distance,0.559,TI,combination-3,dr1,24,trajectory,other
TriMap,TriMap,TriMap,k-nearest,0.714,TI,combination-3,dr1,24,trajectory,other
TriMap,TriMap,TriMap,kmax,760.0,TI,combination-3,dr2,24,trajectory,other
TriMap,TriMap,TriMap,random_triplet,0.641,TI,combination-3,dr1,24,trajectory,other
TriMap,TriMap,TriMap,spearman,0.321,TI,combination-3,dr1,24,trajectory,other
TriMap,TriMap,TriMap,svm,0.803,TI,combination-3,dr1,24,trajectory,other
TriMap,TriMap,TriMap,AUC,0.784,TI,epiblast,dr2,24,trajectory,other
TriMap,TriMap,TriMap,Pearson,0.706,TI,epiblast,dr3,24,trajectory,other
TriMap,TriMap,TriMap,Qglobal,0.836,TI,epiblast,dr2,24,trajectory,other
TriMap,TriMap,TriMap,Qlocal,0.533,TI,epiblast,dr2,24,trajectory,other
TriMap,TriMap,TriMap,centroid_distance,0.93,TI,epiblast,dr1,24,trajectory,other
TriMap,TriMap,TriMap,k-nearest,0.643,TI,epiblast,dr1,24,trajectory,other
TriMap,TriMap,TriMap,kmax,29.0,TI,epiblast,dr2,24,trajectory,other
TriMap,TriMap,TriMap,random_triplet,0.779,TI,epiblast,dr1,24,trajectory,other
TriMap,TriMap,TriMap,spearman,0.797,TI,epiblast,dr1,24,trajectory,other
TriMap,TriMap,TriMap,svm,0.852,TI,epiblast,dr1,24,trajectory,other
TriMap,TriMap,TriMap,AUC,0.616,TI,epidermis,dr2,24,trajectory,other
TriMap,TriMap,TriMap,Pearson,0.455,TI,epidermis,dr3,24,trajectory,other
TriMap,TriMap,TriMap,Qglobal,0.676,TI,epidermis,dr2,24,trajectory,other
TriMap,TriMap,TriMap,Qlocal,0.217,TI,epidermis,dr2,24,trajectory,other
TriMap,TriMap,TriMap,centroid_distance,0.844,TI,epidermis,dr1,24,trajectory,other
TriMap,TriMap,TriMap,k-nearest,1.0,TI,epidermis,dr1,24,trajectory,other
TriMap,TriMap,TriMap,kmax,524.0,TI,epidermis,dr2,24,trajectory,other
TriMap,TriMap,TriMap,random_triplet,0.642,TI,epidermis,dr1,24,trajectory,other
TriMap,TriMap,TriMap,spearman,0.475,TI,epidermis,dr1,24,trajectory,other
TriMap,TriMap,TriMap,svm,0.898,TI,epidermis,dr1,24,trajectory,other
TriMap,TriMap,TriMap,AUC,0.771,TI,horns,dr2,24,trajectory,other
TriMap,TriMap,TriMap,Pearson,0.601,TI,horns,dr3,24,trajectory,other
TriMap,TriMap,TriMap,Qglobal,0.887,TI,horns,dr2,24,trajectory,other
TriMap,TriMap,TriMap,Qlocal,0.543,TI,horns,dr2,24,trajectory,other
TriMap,TriMap,TriMap,centroid_distance,0.904,TI,horns,dr1,24,trajectory,other
TriMap,TriMap,TriMap,k-nearest,0.804,TI,horns,dr1,24,trajectory,other
TriMap,TriMap,TriMap,kmax,151.0,TI,horns,dr2,24,trajectory,other
TriMap,TriMap,TriMap,random_triplet,0.812,TI,horns,dr1,24,trajectory,other
TriMap,TriMap,TriMap,spearman,0.795,TI,horns,dr1,24,trajectory,other
TriMap,TriMap,TriMap,svm,0.85,TI,horns,dr1,24,trajectory,other
TriMap,TriMap,TriMap,AUC,0.566,TI,muscle,dr2,24,trajectory,other
TriMap,TriMap,TriMap,Pearson,0.219,TI,muscle,dr3,24,trajectory,other
TriMap,TriMap,TriMap,Qglobal,0.731,TI,muscle,dr2,24,trajectory,other
TriMap,TriMap,TriMap,Qlocal,0.269,TI,muscle,dr2,24,trajectory,other
TriMap,TriMap,TriMap,centroid_distance,1.0,TI,muscle,dr1,24,trajectory,other
TriMap,TriMap,TriMap,k-nearest,1.0,TI,muscle,dr1,24,trajectory,other
TriMap,TriMap,TriMap,kmax,832.0,TI,muscle,dr2,24,trajectory,other
TriMap,TriMap,TriMap,random_triplet,0.588,TI,muscle,dr1,24,trajectory,other
TriMap,TriMap,TriMap,spearman,0.233,TI,muscle,dr1,24,trajectory,other
TriMap,TriMap,TriMap,svm,0.791,TI,muscle,dr1,24,trajectory,other
TriMap,TriMap,TriMap,AUC,0.573,TI,neuron,dr2,24,trajectory,other
TriMap,TriMap,TriMap,Pearson,0.268,TI,neuron,dr3,24,trajectory,other
TriMap,TriMap,TriMap,Qglobal,0.708,TI,neuron,dr2,24,trajectory,other
TriMap,TriMap,TriMap,Qlocal,0.23,TI,neuron,dr2,24,trajectory,other
TriMap,TriMap,TriMap,centroid_distance,0.899,TI,neuron,dr1,24,trajectory,other
TriMap,TriMap,TriMap,k-nearest,0.643,TI,neuron,dr1,24,trajectory,other
TriMap,TriMap,TriMap,kmax,661.0,TI,neuron,dr2,24,trajectory,other
TriMap,TriMap,TriMap,random_triplet,0.601,TI,neuron,dr1,24,trajectory,other
TriMap,TriMap,TriMap,spearman,0.261,TI,neuron,dr1,24,trajectory,other
TriMap,TriMap,TriMap,svm,0.758,TI,neuron,dr1,24,trajectory,other
TriMap,TriMap,TriMap,AUC,0.592,TI,pair-1,dr2,24,trajectory,other
TriMap,TriMap,TriMap,Pearson,0.363,TI,pair-1,dr3,24,trajectory,other
TriMap,TriMap,TriMap,Qglobal,0.669,TI,pair-1,dr2,24,trajectory,other
TriMap,TriMap,TriMap,Qlocal,0.193,TI,pair-1,dr2,24,trajectory,other
TriMap,TriMap,TriMap,centroid_distance,0.608,TI,pair-1,dr1,24,trajectory,other
TriMap,TriMap,TriMap,k-nearest,0.75,TI,pair-1,dr1,24,trajectory,other
TriMap,TriMap,TriMap,kmax,1702.0,TI,pair-1,dr2,24,trajectory,other
TriMap,TriMap,TriMap,random_triplet,0.62,TI,pair-1,dr1,24,trajectory,other
TriMap,TriMap,TriMap,spearman,0.377,TI,pair-1,dr1,24,trajectory,other
TriMap,TriMap,TriMap,svm,0.915,TI,pair-1,dr1,24,trajectory,other
TriMap,TriMap,TriMap,AUC,0.588,TI,pair-2,dr2,24,trajectory,other
TriMap,TriMap,TriMap,Pearson,0.348,TI,pair-2,dr3,24,trajectory,other
TriMap,TriMap,TriMap,Qglobal,0.817,TI,pair-2,dr2,24,trajectory,other
TriMap,TriMap,TriMap,Qlocal,0.36,TI,pair-2,dr2,24,trajectory,other
TriMap,TriMap,TriMap,centroid_distance,0.601,TI,pair-2,dr1,24,trajectory,other
TriMap,TriMap,TriMap,k-nearest,0.59,TI,pair-2,dr1,24,trajectory,other
TriMap,TriMap,TriMap,kmax,5339.0,TI,pair-2,dr2,24,trajectory,other
TriMap,TriMap,TriMap,random_triplet,0.624,TI,pair-2,dr1,24,trajectory,other
TriMap,TriMap,TriMap,spearman,0.388,TI,pair-2,dr1,24,trajectory,other
TriMap,TriMap,TriMap,svm,0.811,TI,pair-2,dr1,24,trajectory,other
TriMap,TriMap,TriMap,AUC,0.588,TI,pair-3,dr2,24,trajectory,other
TriMap,TriMap,TriMap,Pearson,0.419,TI,pair-3,dr3,24,trajectory,other
TriMap,TriMap,TriMap,Qglobal,0.879,TI,pair-3,dr2,24,trajectory,other
TriMap,TriMap,TriMap,Qlocal,0.417,TI,pair-3,dr2,24,trajectory,other
TriMap,TriMap,TriMap,centroid_distance,0.68,TI,pair-3,dr1,24,trajectory,other
TriMap,TriMap,TriMap,k-nearest,0.625,TI,pair-3,dr1,24,trajectory,other
TriMap,TriMap,TriMap,kmax,5408.0,TI,pair-3,dr2,24,trajectory,other
TriMap,TriMap,TriMap,random_triplet,0.628,TI,pair-3,dr1,24,trajectory,other
TriMap,TriMap,TriMap,spearman,0.443,TI,pair-3,dr1,24,trajectory,other
TriMap,TriMap,TriMap,svm,0.915,TI,pair-3,dr1,24,trajectory,other
TriMap,TriMap,TriMap,AUC,0.577,TI,pair-4,dr2,24,trajectory,other
TriMap,TriMap,TriMap,Pearson,0.329,TI,pair-4,dr3,24,trajectory,other
TriMap,TriMap,TriMap,Qglobal,0.672,TI,pair-4,dr2,24,trajectory,other
TriMap,TriMap,TriMap,Qlocal,0.184,TI,pair-4,dr2,24,trajectory,other
TriMap,TriMap,TriMap,centroid_distance,0.731,TI,pair-4,dr1,24,trajectory,other
TriMap,TriMap,TriMap,k-nearest,0.767,TI,pair-4,dr1,24,trajectory,other
TriMap,TriMap,TriMap,kmax,1747.0,TI,pair-4,dr2,24,trajectory,other
TriMap,TriMap,TriMap,random_triplet,0.61,TI,pair-4,dr1,24,trajectory,other
TriMap,TriMap,TriMap,spearman,0.351,TI,pair-4,dr1,24,trajectory,other
TriMap,TriMap,TriMap,svm,0.843,TI,pair-4,dr1,24,trajectory,other
TriMap,TriMap,TriMap,AUC,0.616,TI,parenchyme,dr2,24,trajectory,other
TriMap,TriMap,TriMap,Pearson,0.274,TI,parenchyme,dr3,24,trajectory,other
TriMap,TriMap,TriMap,Qglobal,0.764,TI,parenchyme,dr2,24,trajectory,other
TriMap,TriMap,TriMap,Qlocal,0.327,TI,parenchyme,dr2,24,trajectory,other
TriMap,TriMap,TriMap,centroid_distance,0.932,TI,parenchyme,dr1,24,trajectory,other
TriMap,TriMap,TriMap,k-nearest,0.4,TI,parenchyme,dr1,24,trajectory,other
TriMap,TriMap,TriMap,kmax,669.0,TI,parenchyme,dr2,24,trajectory,other
TriMap,TriMap,TriMap,random_triplet,0.645,TI,parenchyme,dr1,24,trajectory,other
TriMap,TriMap,TriMap,spearman,0.368,TI,parenchyme,dr1,24,trajectory,other
TriMap,TriMap,TriMap,svm,0.863,TI,parenchyme,dr1,24,trajectory,other
TriMap,TriMap,TriMap,AUC,0.627,TI,phagocyte,dr2,24,trajectory,other
TriMap,TriMap,TriMap,Pearson,0.387,TI,phagocyte,dr3,24,trajectory,other
TriMap,TriMap,TriMap,Qglobal,0.734,TI,phagocyte,dr2,24,trajectory,other
TriMap,TriMap,TriMap,Qlocal,0.294,TI,phagocyte,dr2,24,trajectory,other
TriMap,TriMap,TriMap,centroid_distance,1.0,TI,phagocyte,dr1,24,trajectory,other
TriMap,TriMap,TriMap,k-nearest,1.0,TI,phagocyte,dr1,24,trajectory,other
TriMap,TriMap,TriMap,kmax,169.0,TI,phagocyte,dr2,24,trajectory,other
TriMap,TriMap,TriMap,random_triplet,0.622,TI,phagocyte,dr1,24,trajectory,other
TriMap,TriMap,TriMap,spearman,0.498,TI,phagocyte,dr1,24,trajectory,other
TriMap,TriMap,TriMap,svm,0.95,TI,phagocyte,dr1,24,trajectory,other
TriMap,TriMap,TriMap,AUC,0.661,TI,pharynx,dr2,24,trajectory,other
TriMap,TriMap,TriMap,Pearson,0.585,TI,pharynx,dr3,24,trajectory,other
TriMap,TriMap,TriMap,Qglobal,0.896,TI,pharynx,dr2,24,trajectory,other
TriMap,TriMap,TriMap,Qlocal,0.445,TI,pharynx,dr2,24,trajectory,other
TriMap,TriMap,TriMap,centroid_distance,1.0,TI,pharynx,dr1,24,trajectory,other
TriMap,TriMap,TriMap,k-nearest,1.0,TI,pharynx,dr1,24,trajectory,other
TriMap,TriMap,TriMap,kmax,150.0,TI,pharynx,dr2,24,trajectory,other
TriMap,TriMap,TriMap,random_triplet,0.738,TI,pharynx,dr1,24,trajectory,other
TriMap,TriMap,TriMap,spearman,0.594,TI,pharynx,dr1,24,trajectory,other
TriMap,TriMap,TriMap,svm,0.979,TI,pharynx,dr1,24,trajectory,other
TriMap,TriMap,TriMap,AUC,0.777,TI,trophectoderm,dr2,24,trajectory,other
TriMap,TriMap,TriMap,Pearson,0.659,TI,trophectoderm,dr3,24,trajectory,other
TriMap,TriMap,TriMap,Qglobal,0.845,TI,trophectoderm,dr2,24,trajectory,other
TriMap,TriMap,TriMap,Qlocal,0.492,TI,trophectoderm,dr2,24,trajectory,other
TriMap,TriMap,TriMap,centroid_distance,0.858,TI,trophectoderm,dr1,24,trajectory,other
TriMap,TriMap,TriMap,k-nearest,0.667,TI,trophectoderm,dr1,24,trajectory,other
TriMap,TriMap,TriMap,kmax,14.0,TI,trophectoderm,dr2,24,trajectory,other
TriMap,TriMap,TriMap,random_triplet,0.812,TI,trophectoderm,dr1,24,trajectory,other
TriMap,TriMap,TriMap,spearman,0.751,TI,trophectoderm,dr1,24,trajectory,other
TriMap,TriMap,TriMap,svm,1.0,TI,trophectoderm,dr1,24,trajectory,other
TriMap,TriMap,TriMap,AUC,0.754,VASC,Baron,dr2,24,VASC,other
TriMap,TriMap,TriMap,Pearson,0.757,VASC,Baron,dr3,24,VASC,other
TriMap,TriMap,TriMap,Qglobal,0.785,VASC,Baron,dr2,24,VASC,other
TriMap,TriMap,TriMap,Qlocal,0.478,VASC,Baron,dr2,24,VASC,other
TriMap,TriMap,TriMap,centroid_distance,0.692,VASC,Baron,dr1,24,VASC,other
TriMap,TriMap,TriMap,k-nearest,0.571,VASC,Baron,dr1,24,VASC,other
TriMap,TriMap,TriMap,kmax,879.0,VASC,Baron,dr2,24,VASC,other
TriMap,TriMap,TriMap,random_triplet,0.757,VASC,Baron,dr1,24,VASC,other
TriMap,TriMap,TriMap,spearman,0.757,VASC,Baron,dr1,24,VASC,other
TriMap,TriMap,TriMap,svm,0.321,VASC,Baron,dr1,24,VASC,other
TriMap,TriMap,TriMap,AUC,0.837,VASC,Biase,dr2,24,VASC,other
TriMap,TriMap,TriMap,Pearson,0.618,VASC,Biase,dr3,24,VASC,other
TriMap,TriMap,TriMap,Qglobal,0.92,VASC,Biase,dr2,24,VASC,other
TriMap,TriMap,TriMap,Qlocal,0.724,VASC,Biase,dr2,24,VASC,other
TriMap,TriMap,TriMap,centroid_distance,0.928,VASC,Biase,dr1,24,VASC,other
TriMap,TriMap,TriMap,k-nearest,0.5,VASC,Biase,dr1,24,VASC,other
TriMap,TriMap,TriMap,kmax,19.0,VASC,Biase,dr2,24,VASC,other
TriMap,TriMap,TriMap,random_triplet,0.832,VASC,Biase,dr1,24,VASC,other
TriMap,TriMap,TriMap,spearman,0.795,VASC,Biase,dr1,24,VASC,other
TriMap,TriMap,TriMap,svm,0.98,VASC,Biase,dr1,24,VASC,other
TriMap,TriMap,TriMap,AUC,0.819,VASC,Goolam,dr2,24,VASC,other
TriMap,TriMap,TriMap,Pearson,0.773,VASC,Goolam,dr3,24,VASC,other
TriMap,TriMap,TriMap,Qglobal,0.847,VASC,Goolam,dr2,24,VASC,other
TriMap,TriMap,TriMap,Qlocal,0.611,VASC,Goolam,dr2,24,VASC,other
TriMap,TriMap,TriMap,centroid_distance,0.95,VASC,Goolam,dr1,24,VASC,other
TriMap,TriMap,TriMap,k-nearest,0.6,VASC,Goolam,dr1,24,VASC,other
TriMap,TriMap,TriMap,kmax,12.0,VASC,Goolam,dr2,24,VASC,other
TriMap,TriMap,TriMap,random_triplet,0.815,VASC,Goolam,dr1,24,VASC,other
TriMap,TriMap,TriMap,spearman,0.763,VASC,Goolam,dr1,24,VASC,other
TriMap,TriMap,TriMap,svm,0.904,VASC,Goolam,dr1,24,VASC,other
TriMap,TriMap,TriMap,AUC,0.664,VASC,Xin,dr2,24,VASC,other
TriMap,TriMap,TriMap,Pearson,0.657,VASC,Xin,dr3,24,VASC,other
TriMap,TriMap,TriMap,Qglobal,0.871,VASC,Xin,dr2,24,VASC,other
TriMap,TriMap,TriMap,Qlocal,0.448,VASC,Xin,dr2,24,VASC,other
TriMap,TriMap,TriMap,centroid_distance,0.811,VASC,Xin,dr1,24,VASC,other
TriMap,TriMap,TriMap,k-nearest,0.875,VASC,Xin,dr1,24,VASC,other
TriMap,TriMap,TriMap,kmax,781.0,VASC,Xin,dr2,24,VASC,other
TriMap,TriMap,TriMap,random_triplet,0.718,VASC,Xin,dr1,24,VASC,other
TriMap,TriMap,TriMap,spearman,0.676,VASC,Xin,dr1,24,VASC,other
TriMap,TriMap,TriMap,svm,0.959,VASC,Xin,dr1,24,VASC,other
TriMap,TriMap,TriMap,AUC,0.674,VASC,Zeisel,dr2,24,VASC,other
TriMap,TriMap,TriMap,Pearson,0.418,VASC,Zeisel,dr3,24,VASC,other
TriMap,TriMap,TriMap,Qglobal,0.745,VASC,Zeisel,dr2,24,VASC,other
TriMap,TriMap,TriMap,Qlocal,0.443,VASC,Zeisel,dr2,24,VASC,other
TriMap,TriMap,TriMap,centroid_distance,0.44,VASC,Zeisel,dr1,24,VASC,other
TriMap,TriMap,TriMap,k-nearest,0.444,VASC,Zeisel,dr1,24,VASC,other
TriMap,TriMap,TriMap,kmax,708.0,VASC,Zeisel,dr2,24,VASC,other
TriMap,TriMap,TriMap,random_triplet,0.644,VASC,Zeisel,dr1,24,VASC,other
TriMap,TriMap,TriMap,spearman,0.418,VASC,Zeisel,dr1,24,VASC,other
TriMap,TriMap,TriMap,svm,0.928,VASC,Zeisel,dr1,24,VASC,other
TriMap,TriMap,TriMap,AUC,0.864,VASC,yan,dr2,24,VASC,other
TriMap,TriMap,TriMap,Pearson,0.877,VASC,yan,dr3,24,VASC,other
TriMap,TriMap,TriMap,Qglobal,0.908,VASC,yan,dr2,24,VASC,other
TriMap,TriMap,TriMap,Qlocal,0.638,VASC,yan,dr2,24,VASC,other
TriMap,TriMap,TriMap,centroid_distance,0.973,VASC,yan,dr1,24,VASC,other
TriMap,TriMap,TriMap,k-nearest,1.0,VASC,yan,dr1,24,VASC,other
TriMap,TriMap,TriMap,kmax,12.0,VASC,yan,dr2,24,VASC,other
TriMap,TriMap,TriMap,random_triplet,0.84,VASC,yan,dr1,24,VASC,other
TriMap,TriMap,TriMap,spearman,0.888,VASC,yan,dr1,24,VASC,other
TriMap,TriMap,TriMap,svm,0.878,VASC,yan,dr1,24,VASC,other
TriMap,TriMap,TriMap,AUC,0.624,benchmarker,Baron_mouse,dr2,24,curated,other
TriMap,TriMap,TriMap,Pearson,0.537,benchmarker,Baron_mouse,dr3,24,curated,other
TriMap,TriMap,TriMap,Qglobal,0.649,benchmarker,Baron_mouse,dr2,24,curated,other
TriMap,TriMap,TriMap,Qlocal,0.287,benchmarker,Baron_mouse,dr2,24,curated,other
TriMap,TriMap,TriMap,centroid_distance,0.202,benchmarker,Baron_mouse,dr1,24,curated,other
TriMap,TriMap,TriMap,k-nearest,0.667,benchmarker,Baron_mouse,dr1,24,curated,other
TriMap,TriMap,TriMap,kmax,131.0,benchmarker,Baron_mouse,dr2,24,curated,other
TriMap,TriMap,TriMap,random_triplet,0.61,benchmarker,Baron_mouse,dr1,24,curated,other
TriMap,TriMap,TriMap,spearman,0.529,benchmarker,Baron_mouse,dr1,24,curated,other
TriMap,TriMap,TriMap,svm,0.954,benchmarker,Baron_mouse,dr1,24,curated,other
TriMap,TriMap,TriMap,AUC,0.681,benchmarker,Darmanis,dr2,24,curated,other
TriMap,TriMap,TriMap,Pearson,0.405,benchmarker,Darmanis,dr3,24,curated,other
TriMap,TriMap,TriMap,Qglobal,0.715,benchmarker,Darmanis,dr2,24,curated,other
TriMap,TriMap,TriMap,Qlocal,0.466,benchmarker,Darmanis,dr2,24,curated,other
TriMap,TriMap,TriMap,centroid_distance,0.544,benchmarker,Darmanis,dr1,24,curated,other
TriMap,TriMap,TriMap,k-nearest,0.5,benchmarker,Darmanis,dr1,24,curated,other
TriMap,TriMap,TriMap,kmax,56.0,benchmarker,Darmanis,dr2,24,curated,other
TriMap,TriMap,TriMap,random_triplet,0.639,benchmarker,Darmanis,dr1,24,curated,other
TriMap,TriMap,TriMap,spearman,0.398,benchmarker,Darmanis,dr1,24,curated,other
TriMap,TriMap,TriMap,svm,0.955,benchmarker,Darmanis,dr1,24,curated,other
TriMap,TriMap,TriMap,AUC,0.749,benchmarker,Pancreatic,dr2,24,curated,other
TriMap,TriMap,TriMap,Pearson,0.561,benchmarker,Pancreatic,dr3,24,curated,other
TriMap,TriMap,TriMap,Qglobal,0.823,benchmarker,Pancreatic,dr2,24,curated,other
TriMap,TriMap,TriMap,Qlocal,0.433,benchmarker,Pancreatic,dr2,24,curated,other
TriMap,TriMap,TriMap,centroid_distance,0.766,benchmarker,Pancreatic,dr1,24,curated,other
TriMap,TriMap,TriMap,k-nearest,0.333,benchmarker,Pancreatic,dr1,24,curated,other
TriMap,TriMap,TriMap,kmax,10.0,benchmarker,Pancreatic,dr2,24,curated,other
TriMap,TriMap,TriMap,random_triplet,0.773,benchmarker,Pancreatic,dr1,24,curated,other
TriMap,TriMap,TriMap,spearman,0.756,benchmarker,Pancreatic,dr1,24,curated,other
TriMap,TriMap,TriMap,svm,0.917,benchmarker,Pancreatic,dr1,24,curated,other
TriMap,TriMap,TriMap,AUC,0.717,benchmarker,Silver,dr2,24,curated,other
TriMap,TriMap,TriMap,Pearson,0.706,benchmarker,Silver,dr3,24,curated,other
TriMap,TriMap,TriMap,Qglobal,0.816,benchmarker,Silver,dr2,24,curated,other
TriMap,TriMap,TriMap,Qlocal,0.419,benchmarker,Silver,dr2,24,curated,other
TriMap,TriMap,TriMap,centroid_distance,0.988,benchmarker,Silver,dr1,24,curated,other
TriMap,TriMap,TriMap,k-nearest,0.909,benchmarker,Silver,dr1,24,curated,other
TriMap,TriMap,TriMap,kmax,647.0,benchmarker,Silver,dr2,24,curated,other
TriMap,TriMap,TriMap,random_triplet,0.741,benchmarker,Silver,dr1,24,curated,other
TriMap,TriMap,TriMap,spearman,0.695,benchmarker,Silver,dr1,24,curated,other
TriMap,TriMap,TriMap,svm,0.523,benchmarker,Silver,dr1,24,curated,other
TriMap,TriMap,TriMap,AUC,0.675,benchmarker,Zhengmix4eq,dr2,24,curated,other
TriMap,TriMap,TriMap,Pearson,0.552,benchmarker,Zhengmix4eq,dr3,24,curated,other
TriMap,TriMap,TriMap,Qglobal,0.781,benchmarker,Zhengmix4eq,dr2,24,curated,other
TriMap,TriMap,TriMap,Qlocal,0.359,benchmarker,Zhengmix4eq,dr2,24,curated,other
TriMap,TriMap,TriMap,centroid_distance,0.976,benchmarker,Zhengmix4eq,dr1,24,curated,other
TriMap,TriMap,TriMap,k-nearest,0.75,benchmarker,Zhengmix4eq,dr1,24,curated,other
TriMap,TriMap,TriMap,kmax,998.0,benchmarker,Zhengmix4eq,dr2,24,curated,other
TriMap,TriMap,TriMap,random_triplet,0.692,benchmarker,Zhengmix4eq,dr1,24,curated,other
TriMap,TriMap,TriMap,spearman,0.525,benchmarker,Zhengmix4eq,dr1,24,curated,other
TriMap,TriMap,TriMap,svm,0.977,benchmarker,Zhengmix4eq,dr1,24,curated,other
TriMap,TriMap,TriMap,AUC,0.816,scDesign3,ACINAR,dr2,24,scDesign3,other
TriMap,TriMap,TriMap,Pearson,0.621,scDesign3,ACINAR,dr3,24,scDesign3,other
TriMap,TriMap,TriMap,Qglobal,0.849,scDesign3,ACINAR,dr2,24,scDesign3,other
TriMap,TriMap,TriMap,Qlocal,0.558,scDesign3,ACINAR,dr2,24,scDesign3,other
TriMap,TriMap,TriMap,centroid_distance,0.846,scDesign3,ACINAR,dr1,24,scDesign3,other
TriMap,TriMap,TriMap,k-nearest,0.8,scDesign3,ACINAR,dr1,24,scDesign3,other
TriMap,TriMap,TriMap,kmax,344.0,scDesign3,ACINAR,dr2,24,scDesign3,other
TriMap,TriMap,TriMap,random_triplet,0.84,scDesign3,ACINAR,dr1,24,scDesign3,other
TriMap,TriMap,TriMap,spearman,0.787,scDesign3,ACINAR,dr1,24,scDesign3,other
TriMap,TriMap,TriMap,svm,0.548,scDesign3,ACINAR,dr1,24,scDesign3,other
TriMap,TriMap,TriMap,AUC,0.668,scDesign3,ATAC,dr2,24,scDesign3,other
TriMap,TriMap,TriMap,Pearson,0.517,scDesign3,ATAC,dr3,24,scDesign3,other
TriMap,TriMap,TriMap,Qglobal,0.805,scDesign3,ATAC,dr2,24,scDesign3,other
TriMap,TriMap,TriMap,Qlocal,0.349,scDesign3,ATAC,dr2,24,scDesign3,other
TriMap,TriMap,TriMap,centroid_distance,0.889,scDesign3,ATAC,dr1,24,scDesign3,other
TriMap,TriMap,TriMap,k-nearest,0.846,scDesign3,ATAC,dr1,24,scDesign3,other
TriMap,TriMap,TriMap,kmax,2108.0,scDesign3,ATAC,dr2,24,scDesign3,other
TriMap,TriMap,TriMap,random_triplet,0.735,scDesign3,ATAC,dr1,24,scDesign3,other
TriMap,TriMap,TriMap,spearman,0.576,scDesign3,ATAC,dr1,24,scDesign3,other
TriMap,TriMap,TriMap,svm,0.796,scDesign3,ATAC,dr1,24,scDesign3,other
TriMap,TriMap,TriMap,AUC,0.775,scDesign3,BATCH,dr2,24,scDesign3,other
TriMap,TriMap,TriMap,Pearson,0.43,scDesign3,BATCH,dr3,24,scDesign3,other
TriMap,TriMap,TriMap,Qglobal,0.791,scDesign3,BATCH,dr2,24,scDesign3,other
TriMap,TriMap,TriMap,Qlocal,0.555,scDesign3,BATCH,dr2,24,scDesign3,other
TriMap,TriMap,TriMap,centroid_distance,0.734,scDesign3,BATCH,dr1,24,scDesign3,other
TriMap,TriMap,TriMap,k-nearest,0.556,scDesign3,BATCH,dr1,24,scDesign3,other
TriMap,TriMap,TriMap,kmax,429.0,scDesign3,BATCH,dr2,24,scDesign3,other
TriMap,TriMap,TriMap,random_triplet,0.773,scDesign3,BATCH,dr1,24,scDesign3,other
TriMap,TriMap,TriMap,spearman,0.653,scDesign3,BATCH,dr1,24,scDesign3,other
TriMap,TriMap,TriMap,svm,0.865,scDesign3,BATCH,dr1,24,scDesign3,other
TriMap,TriMap,TriMap,AUC,0.881,scDesign3,CITE,dr2,24,scDesign3,other
TriMap,TriMap,TriMap,Pearson,0.749,scDesign3,CITE,dr3,24,scDesign3,other
TriMap,TriMap,TriMap,Qglobal,0.893,scDesign3,CITE,dr2,24,scDesign3,other
TriMap,TriMap,TriMap,Qlocal,0.685,scDesign3,CITE,dr2,24,scDesign3,other
TriMap,TriMap,TriMap,centroid_distance,0.901,scDesign3,CITE,dr1,24,scDesign3,other
TriMap,TriMap,TriMap,k-nearest,0.817,scDesign3,CITE,dr1,24,scDesign3,other
TriMap,TriMap,TriMap,kmax,488.0,scDesign3,CITE,dr2,24,scDesign3,other
TriMap,TriMap,TriMap,random_triplet,0.895,scDesign3,CITE,dr1,24,scDesign3,other
TriMap,TriMap,TriMap,spearman,0.917,scDesign3,CITE,dr1,24,scDesign3,other
TriMap,TriMap,TriMap,svm,0.693,scDesign3,CITE,dr1,24,scDesign3,other
TriMap,TriMap,TriMap,AUC,0.765,scDesign3,EMBYRO,dr2,24,scDesign3,other
TriMap,TriMap,TriMap,Pearson,0.945,scDesign3,EMBYRO,dr3,24,scDesign3,other
TriMap,TriMap,TriMap,Qglobal,0.788,scDesign3,EMBYRO,dr2,24,scDesign3,other
TriMap,TriMap,TriMap,Qlocal,0.477,scDesign3,EMBYRO,dr2,24,scDesign3,other
TriMap,TriMap,TriMap,centroid_distance,0.875,scDesign3,EMBYRO,dr1,24,scDesign3,other
TriMap,TriMap,TriMap,k-nearest,0.6,scDesign3,EMBYRO,dr1,24,scDesign3,other
TriMap,TriMap,TriMap,kmax,94.0,scDesign3,EMBYRO,dr2,24,scDesign3,other
TriMap,TriMap,TriMap,random_triplet,0.785,scDesign3,EMBYRO,dr1,24,scDesign3,other
TriMap,TriMap,TriMap,spearman,0.822,scDesign3,EMBYRO,dr1,24,scDesign3,other
TriMap,TriMap,TriMap,svm,0.489,scDesign3,EMBYRO,dr1,24,scDesign3,other
TriMap,TriMap,TriMap,AUC,0.815,scDesign3,IFNB,dr2,24,scDesign3,other
TriMap,TriMap,TriMap,Pearson,0.734,scDesign3,IFNB,dr3,24,scDesign3,other
TriMap,TriMap,TriMap,Qglobal,0.846,scDesign3,IFNB,dr2,24,scDesign3,other
TriMap,TriMap,TriMap,Qlocal,0.534,scDesign3,IFNB,dr2,24,scDesign3,other
TriMap,TriMap,TriMap,centroid_distance,0.91,scDesign3,IFNB,dr1,24,scDesign3,other
TriMap,TriMap,TriMap,k-nearest,0.513,scDesign3,IFNB,dr1,24,scDesign3,other
TriMap,TriMap,TriMap,kmax,1392.0,scDesign3,IFNB,dr2,24,scDesign3,other
TriMap,TriMap,TriMap,random_triplet,0.845,scDesign3,IFNB,dr1,24,scDesign3,other
TriMap,TriMap,TriMap,spearman,0.801,scDesign3,IFNB,dr1,24,scDesign3,other
TriMap,TriMap,TriMap,svm,0.705,scDesign3,IFNB,dr1,24,scDesign3,other
TriMap,TriMap,TriMap,AUC,0.839,scDesign3,MARROW,dr2,24,scDesign3,other
TriMap,TriMap,TriMap,Pearson,0.77,scDesign3,MARROW,dr3,24,scDesign3,other
TriMap,TriMap,TriMap,Qglobal,0.89,scDesign3,MARROW,dr2,24,scDesign3,other
TriMap,TriMap,TriMap,Qlocal,0.586,scDesign3,MARROW,dr2,24,scDesign3,other
TriMap,TriMap,TriMap,centroid_distance,1.0,scDesign3,MARROW,dr1,24,scDesign3,other
TriMap,TriMap,TriMap,k-nearest,1.0,scDesign3,MARROW,dr1,24,scDesign3,other
TriMap,TriMap,TriMap,kmax,441.0,scDesign3,MARROW,dr2,24,scDesign3,other
TriMap,TriMap,TriMap,random_triplet,0.872,scDesign3,MARROW,dr1,24,scDesign3,other
TriMap,TriMap,TriMap,spearman,0.824,scDesign3,MARROW,dr1,24,scDesign3,other
TriMap,TriMap,TriMap,svm,0.932,scDesign3,MARROW,dr1,24,scDesign3,other
TriMap,TriMap,TriMap,AUC,0.68,scDesign3,MOBSC,dr2,24,scDesign3,other
TriMap,TriMap,TriMap,Pearson,0.522,scDesign3,MOBSC,dr3,24,scDesign3,other
TriMap,TriMap,TriMap,Qglobal,0.735,scDesign3,MOBSC,dr2,24,scDesign3,other
TriMap,TriMap,TriMap,Qlocal,0.344,scDesign3,MOBSC,dr2,24,scDesign3,other
TriMap,TriMap,TriMap,centroid_distance,0.735,scDesign3,MOBSC,dr1,24,scDesign3,other
TriMap,TriMap,TriMap,k-nearest,0.5,scDesign3,MOBSC,dr1,24,scDesign3,other
TriMap,TriMap,TriMap,kmax,1763.0,scDesign3,MOBSC,dr2,24,scDesign3,other
TriMap,TriMap,TriMap,random_triplet,0.688,scDesign3,MOBSC,dr1,24,scDesign3,other
TriMap,TriMap,TriMap,spearman,0.548,scDesign3,MOBSC,dr1,24,scDesign3,other
TriMap,TriMap,TriMap,svm,0.88,scDesign3,MOBSC,dr1,24,scDesign3,other
TriMap,TriMap,TriMap,AUC,0.828,scDesign3,OVARIAN,dr2,24,scDesign3,other
TriMap,TriMap,TriMap,Pearson,0.568,scDesign3,OVARIAN,dr3,24,scDesign3,other
TriMap,TriMap,TriMap,Qglobal,0.855,scDesign3,OVARIAN,dr2,24,scDesign3,other
TriMap,TriMap,TriMap,Qlocal,0.585,scDesign3,OVARIAN,dr2,24,scDesign3,other
TriMap,TriMap,TriMap,centroid_distance,0.829,scDesign3,OVARIAN,dr1,24,scDesign3,other
TriMap,TriMap,TriMap,k-nearest,0.697,scDesign3,OVARIAN,dr1,24,scDesign3,other
TriMap,TriMap,TriMap,kmax,341.0,scDesign3,OVARIAN,dr2,24,scDesign3,other
TriMap,TriMap,TriMap,random_triplet,0.848,scDesign3,OVARIAN,dr1,24,scDesign3,other
TriMap,TriMap,TriMap,spearman,0.715,scDesign3,OVARIAN,dr1,24,scDesign3,other
TriMap,TriMap,TriMap,svm,0.476,scDesign3,OVARIAN,dr1,24,scDesign3,other
TriMap,TriMap,TriMap,AUC,0.824,scDesign3,PANCREAS,dr2,24,scDesign3,other
TriMap,TriMap,TriMap,Pearson,0.638,scDesign3,PANCREAS,dr3,24,scDesign3,other
TriMap,TriMap,TriMap,Qglobal,0.858,scDesign3,PANCREAS,dr2,24,scDesign3,other
TriMap,TriMap,TriMap,Qlocal,0.559,scDesign3,PANCREAS,dr2,24,scDesign3,other
TriMap,TriMap,TriMap,centroid_distance,0.976,scDesign3,PANCREAS,dr1,24,scDesign3,other
TriMap,TriMap,TriMap,k-nearest,1.0,scDesign3,PANCREAS,dr1,24,scDesign3,other
TriMap,TriMap,TriMap,kmax,241.0,scDesign3,PANCREAS,dr2,24,scDesign3,other
TriMap,TriMap,TriMap,random_triplet,0.849,scDesign3,PANCREAS,dr1,24,scDesign3,other
TriMap,TriMap,TriMap,spearman,0.794,scDesign3,PANCREAS,dr1,24,scDesign3,other
TriMap,TriMap,TriMap,svm,0.865,scDesign3,PANCREAS,dr1,24,scDesign3,other
TriMap,TriMap,TriMap,AUC,0.804,scDesign3,SCGEMMETH,dr2,24,scDesign3,other
TriMap,TriMap,TriMap,Pearson,0.856,scDesign3,SCGEMMETH,dr3,24,scDesign3,other
TriMap,TriMap,TriMap,Qglobal,0.859,scDesign3,SCGEMMETH,dr2,24,scDesign3,other
TriMap,TriMap,TriMap,Qlocal,0.453,scDesign3,SCGEMMETH,dr2,24,scDesign3,other
TriMap,TriMap,TriMap,centroid_distance,1.0,scDesign3,SCGEMMETH,dr1,24,scDesign3,other
TriMap,TriMap,TriMap,k-nearest,1.0,scDesign3,SCGEMMETH,dr1,24,scDesign3,other
TriMap,TriMap,TriMap,kmax,18.0,scDesign3,SCGEMMETH,dr2,24,scDesign3,other
TriMap,TriMap,TriMap,random_triplet,0.869,scDesign3,SCGEMMETH,dr1,24,scDesign3,other
TriMap,TriMap,TriMap,spearman,0.903,scDesign3,SCGEMMETH,dr1,24,scDesign3,other
TriMap,TriMap,TriMap,svm,0.655,scDesign3,SCGEMMETH,dr1,24,scDesign3,other
TriMap,TriMap,TriMap,AUC,0.825,scDesign3,SCGEMRNA,dr2,24,scDesign3,other
TriMap,TriMap,TriMap,Pearson,0.859,scDesign3,SCGEMRNA,dr3,24,scDesign3,other
TriMap,TriMap,TriMap,Qglobal,0.891,scDesign3,SCGEMRNA,dr2,24,scDesign3,other
TriMap,TriMap,TriMap,Qlocal,0.577,scDesign3,SCGEMRNA,dr2,24,scDesign3,other
TriMap,TriMap,TriMap,centroid_distance,0.981,scDesign3,SCGEMRNA,dr1,24,scDesign3,other
TriMap,TriMap,TriMap,k-nearest,0.8,scDesign3,SCGEMRNA,dr1,24,scDesign3,other
TriMap,TriMap,TriMap,kmax,35.0,scDesign3,SCGEMRNA,dr2,24,scDesign3,other
TriMap,TriMap,TriMap,random_triplet,0.866,scDesign3,SCGEMRNA,dr1,24,scDesign3,other
TriMap,TriMap,TriMap,spearman,0.881,scDesign3,SCGEMRNA,dr1,24,scDesign3,other
TriMap,TriMap,TriMap,svm,0.858,scDesign3,SCGEMRNA,dr1,24,scDesign3,other
TriMap,TriMap,TriMap,AUC,0.534,scDesign3,SCIATAC,dr2,24,scDesign3,other
TriMap,TriMap,TriMap,Pearson,0.417,scDesign3,SCIATAC,dr3,24,scDesign3,other
TriMap,TriMap,TriMap,Qglobal,0.882,scDesign3,SCIATAC,dr2,24,scDesign3,other
TriMap,TriMap,TriMap,Qlocal,0.371,scDesign3,SCIATAC,dr2,24,scDesign3,other
TriMap,TriMap,TriMap,centroid_distance,0.348,scDesign3,SCIATAC,dr1,24,scDesign3,other
TriMap,TriMap,TriMap,k-nearest,0.444,scDesign3,SCIATAC,dr1,24,scDesign3,other
TriMap,TriMap,TriMap,kmax,2736.0,scDesign3,SCIATAC,dr2,24,scDesign3,other
TriMap,TriMap,TriMap,random_triplet,0.563,scDesign3,SCIATAC,dr1,24,scDesign3,other
TriMap,TriMap,TriMap,spearman,0.399,scDesign3,SCIATAC,dr1,24,scDesign3,other
TriMap,TriMap,TriMap,svm,0.603,scDesign3,SCIATAC,dr1,24,scDesign3,other
TriMap,TriMap,TriMap,AUC,0.579,scDesign3,SLIDE,dr2,24,scDesign3,other
TriMap,TriMap,TriMap,Pearson,0.561,scDesign3,SLIDE,dr3,24,scDesign3,other
TriMap,TriMap,TriMap,Qglobal,0.913,scDesign3,SLIDE,dr2,24,scDesign3,other
TriMap,TriMap,TriMap,Qlocal,0.416,scDesign3,SLIDE,dr2,24,scDesign3,other
TriMap,TriMap,TriMap,centroid_distance,0.841,scDesign3,SLIDE,dr1,24,scDesign3,other
TriMap,TriMap,TriMap,k-nearest,0.697,scDesign3,SLIDE,dr1,24,scDesign3,other
TriMap,TriMap,TriMap,kmax,15729.0,scDesign3,SLIDE,dr2,24,scDesign3,other
TriMap,TriMap,TriMap,random_triplet,0.621,scDesign3,SLIDE,dr1,24,scDesign3,other
TriMap,TriMap,TriMap,spearman,0.653,scDesign3,SLIDE,dr1,24,scDesign3,other
TriMap,TriMap,TriMap,svm,0.566,scDesign3,SLIDE,dr1,24,scDesign3,other
TriMap,TriMap,TriMap,AUC,0.871,scDesign3,VISIUM,dr2,24,scDesign3,other
TriMap,TriMap,TriMap,Pearson,0.611,scDesign3,VISIUM,dr3,24,scDesign3,other
TriMap,TriMap,TriMap,Qglobal,0.895,scDesign3,VISIUM,dr2,24,scDesign3,other
TriMap,TriMap,TriMap,Qlocal,0.607,scDesign3,VISIUM,dr2,24,scDesign3,other
TriMap,TriMap,TriMap,centroid_distance,0.923,scDesign3,VISIUM,dr1,24,scDesign3,other
TriMap,TriMap,TriMap,k-nearest,0.9,scDesign3,VISIUM,dr1,24,scDesign3,other
TriMap,TriMap,TriMap,kmax,225.0,scDesign3,VISIUM,dr2,24,scDesign3,other
TriMap,TriMap,TriMap,random_triplet,0.905,scDesign3,VISIUM,dr1,24,scDesign3,other
TriMap,TriMap,TriMap,spearman,0.913,scDesign3,VISIUM,dr1,24,scDesign3,other
TriMap,TriMap,TriMap,svm,0.576,scDesign3,VISIUM,dr1,24,scDesign3,other
SQuaD-MDS,SQuaD_MDS,SQuaD-MDS,AUC,0.696,SIMLR,Pollen,dr2,25,SIMLR,other
SQuaD-MDS hybrid,SQuaD_MDS_hybrid,SQuaD-MDS,AUC,0.646,SIMLR,Pollen,dr2,25,SIMLR,other
SQuaD-MDS,SQuaD_MDS,SQuaD-MDS,Pearson,0.761,SIMLR,Pollen,dr3,25,SIMLR,other
SQuaD-MDS hybrid,SQuaD_MDS_hybrid,SQuaD-MDS,Pearson,0.353,SIMLR,Pollen,dr3,25,SIMLR,other
SQuaD-MDS,SQuaD_MDS,SQuaD-MDS,Qglobal,0.776,SIMLR,Pollen,dr2,25,SIMLR,other
SQuaD-MDS hybrid,SQuaD_MDS_hybrid,SQuaD-MDS,Qglobal,0.682,SIMLR,Pollen,dr2,25,SIMLR,other
SQuaD-MDS,SQuaD_MDS,SQuaD-MDS,Qlocal,0.301,SIMLR,Pollen,dr2,25,SIMLR,other
SQuaD-MDS hybrid,SQuaD_MDS_hybrid,SQuaD-MDS,Qlocal,0.367,SIMLR,Pollen,dr2,25,SIMLR,other
SQuaD-MDS,SQuaD_MDS,SQuaD-MDS,centroid_distance,0.845,SIMLR,Pollen,dr1,25,SIMLR,other
SQuaD-MDS hybrid,SQuaD_MDS_hybrid,SQuaD-MDS,centroid_distance,0.369,SIMLR,Pollen,dr1,25,SIMLR,other
SQuaD-MDS,SQuaD_MDS,SQuaD-MDS,k-nearest,0.758,SIMLR,Pollen,dr1,25,SIMLR,other
SQuaD-MDS hybrid,SQuaD_MDS_hybrid,SQuaD-MDS,k-nearest,0.636,SIMLR,Pollen,dr1,25,SIMLR,other
SQuaD-MDS,SQuaD_MDS,SQuaD-MDS,kmax,41.0,SIMLR,Pollen,dr2,25,SIMLR,other
SQuaD-MDS hybrid,SQuaD_MDS_hybrid,SQuaD-MDS,kmax,28.0,SIMLR,Pollen,dr2,25,SIMLR,other
SQuaD-MDS,SQuaD_MDS,SQuaD-MDS,random_triplet,0.754,SIMLR,Pollen,dr1,25,SIMLR,other
SQuaD-MDS hybrid,SQuaD_MDS_hybrid,SQuaD-MDS,random_triplet,0.629,SIMLR,Pollen,dr1,25,SIMLR,other
SQuaD-MDS,SQuaD_MDS,SQuaD-MDS,spearman,0.774,SIMLR,Pollen,dr1,25,SIMLR,other
SQuaD-MDS hybrid,SQuaD_MDS_hybrid,SQuaD-MDS,spearman,0.313,SIMLR,Pollen,dr1,25,SIMLR,other
SQuaD-MDS,SQuaD_MDS,SQuaD-MDS,svm,0.868,SIMLR,Pollen,dr1,25,SIMLR,other
SQuaD-MDS hybrid,SQuaD_MDS_hybrid,SQuaD-MDS,svm,0.799,SIMLR,Pollen,dr1,25,SIMLR,other
SQuaD-MDS,SQuaD_MDS,SQuaD-MDS,AUC,0.637,SIMLR,Usoskin,dr2,25,SIMLR,other
SQuaD-MDS hybrid,SQuaD_MDS_hybrid,SQuaD-MDS,AUC,0.599,SIMLR,Usoskin,dr2,25,SIMLR,other
SQuaD-MDS,SQuaD_MDS,SQuaD-MDS,Pearson,0.641,SIMLR,Usoskin,dr3,25,SIMLR,other
SQuaD-MDS hybrid,SQuaD_MDS_hybrid,SQuaD-MDS,Pearson,0.266,SIMLR,Usoskin,dr3,25,SIMLR,other
SQuaD-MDS,SQuaD_MDS,SQuaD-MDS,Qglobal,0.823,SIMLR,Usoskin,dr2,25,SIMLR,other
SQuaD-MDS hybrid,SQuaD_MDS_hybrid,SQuaD-MDS,Qglobal,0.688,SIMLR,Usoskin,dr2,25,SIMLR,other
SQuaD-MDS,SQuaD_MDS,SQuaD-MDS,Qlocal,0.341,SIMLR,Usoskin,dr2,25,SIMLR,other
SQuaD-MDS hybrid,SQuaD_MDS_hybrid,SQuaD-MDS,Qlocal,0.251,SIMLR,Usoskin,dr2,25,SIMLR,other
SQuaD-MDS,SQuaD_MDS,SQuaD-MDS,centroid_distance,0.855,SIMLR,Usoskin,dr1,25,SIMLR,other
SQuaD-MDS hybrid,SQuaD_MDS_hybrid,SQuaD-MDS,centroid_distance,0.59,SIMLR,Usoskin,dr1,25,SIMLR,other
SQuaD-MDS,SQuaD_MDS,SQuaD-MDS,k-nearest,0.5,SIMLR,Usoskin,dr1,25,SIMLR,other
SQuaD-MDS hybrid,SQuaD_MDS_hybrid,SQuaD-MDS,k-nearest,0.25,SIMLR,Usoskin,dr1,25,SIMLR,other
SQuaD-MDS,SQuaD_MDS,SQuaD-MDS,kmax,238.0,SIMLR,Usoskin,dr2,25,SIMLR,other
SQuaD-MDS hybrid,SQuaD_MDS_hybrid,SQuaD-MDS,kmax,126.0,SIMLR,Usoskin,dr2,25,SIMLR,other
SQuaD-MDS,SQuaD_MDS,SQuaD-MDS,random_triplet,0.712,SIMLR,Usoskin,dr1,25,SIMLR,other
SQuaD-MDS hybrid,SQuaD_MDS_hybrid,SQuaD-MDS,random_triplet,0.616,SIMLR,Usoskin,dr1,25,SIMLR,other
SQuaD-MDS,SQuaD_MDS,SQuaD-MDS,spearman,0.645,SIMLR,Usoskin,dr1,25,SIMLR,other
SQuaD-MDS hybrid,SQuaD_MDS_hybrid,SQuaD-MDS,spearman,0.276,SIMLR,Usoskin,dr1,25,SIMLR,other
SQuaD-MDS,SQuaD_MDS,SQuaD-MDS,svm,0.842,SIMLR,Usoskin,dr1,25,SIMLR,other
SQuaD-MDS hybrid,SQuaD_MDS_hybrid,SQuaD-MDS,svm,0.87,SIMLR,Usoskin,dr1,25,SIMLR,other
SQuaD-MDS,SQuaD_MDS,SQuaD-MDS,AUC,0.695,TI,DA1_horns,dr2,25,trajectory,other
SQuaD-MDS hybrid,SQuaD_MDS_hybrid,SQuaD-MDS,AUC,0.76,TI,DA1_horns,dr2,25,trajectory,other
SQuaD-MDS,SQuaD_MDS,SQuaD-MDS,Pearson,0.511,TI,DA1_horns,dr3,25,trajectory,other
SQuaD-MDS hybrid,SQuaD_MDS_hybrid,SQuaD-MDS,Pearson,0.568,TI,DA1_horns,dr3,25,trajectory,other
SQuaD-MDS,SQuaD_MDS,SQuaD-MDS,Qglobal,0.798,TI,DA1_horns,dr2,25,trajectory,other
SQuaD-MDS hybrid,SQuaD_MDS_hybrid,SQuaD-MDS,Qglobal,0.829,TI,DA1_horns,dr2,25,trajectory,other
SQuaD-MDS,SQuaD_MDS,SQuaD-MDS,Qlocal,0.344,TI,DA1_horns,dr2,25,trajectory,other
SQuaD-MDS hybrid,SQuaD_MDS_hybrid,SQuaD-MDS,Qlocal,0.417,TI,DA1_horns,dr2,25,trajectory,other
SQuaD-MDS,SQuaD_MDS,SQuaD-MDS,centroid_distance,0.9,TI,DA1_horns,dr1,25,trajectory,other
SQuaD-MDS hybrid,SQuaD_MDS_hybrid,SQuaD-MDS,centroid_distance,0.981,TI,DA1_horns,dr1,25,trajectory,other
SQuaD-MDS,SQuaD_MDS,SQuaD-MDS,k-nearest,1.0,TI,DA1_horns,dr1,25,trajectory,other
SQuaD-MDS hybrid,SQuaD_MDS_hybrid,SQuaD-MDS,k-nearest,1.0,TI,DA1_horns,dr1,25,trajectory,other
SQuaD-MDS,SQuaD_MDS,SQuaD-MDS,kmax,62.0,TI,DA1_horns,dr2,25,trajectory,other
SQuaD-MDS hybrid,SQuaD_MDS_hybrid,SQuaD-MDS,kmax,45.0,TI,DA1_horns,dr2,25,trajectory,other
SQuaD-MDS,SQuaD_MDS,SQuaD-MDS,random_triplet,0.73,TI,DA1_horns,dr1,25,trajectory,other
SQuaD-MDS hybrid,SQuaD_MDS_hybrid,SQuaD-MDS,random_triplet,0.812,TI,DA1_horns,dr1,25,trajectory,other
SQuaD-MDS,SQuaD_MDS,SQuaD-MDS,spearman,0.669,TI,DA1_horns,dr1,25,trajectory,other
SQuaD-MDS hybrid,SQuaD_MDS_hybrid,SQuaD-MDS,spearman,0.804,TI,DA1_horns,dr1,25,trajectory,other
SQuaD-MDS,SQuaD_MDS,SQuaD-MDS,svm,0.842,TI,DA1_horns,dr1,25,trajectory,other
SQuaD-MDS hybrid,SQuaD_MDS_hybrid,SQuaD-MDS,svm,0.939,TI,DA1_horns,dr1,25,trajectory,other
SQuaD-MDS,SQuaD_MDS,SQuaD-MDS,AUC,0.704,TI,DC3_VA1d_horns,dr2,25,trajectory,other
SQuaD-MDS hybrid,SQuaD_MDS_hybrid,SQuaD-MDS,AUC,0.799,TI,DC3_VA1d_horns,dr2,25,trajectory,other
SQuaD-MDS,SQuaD_MDS,SQuaD-MDS,Pearson,0.489,TI,DC3_VA1d_horns,dr3,25,trajectory,other
SQuaD-MDS hybrid,SQuaD_MDS_hybrid,SQuaD-MDS,Pearson,0.554,TI,DC3_VA1d_horns,dr3,25,trajectory,other
SQuaD-MDS,SQuaD_MDS,SQuaD-MDS,Qglobal,0.804,TI,DC3_VA1d_horns,dr2,25,trajectory,other
SQuaD-MDS hybrid,SQuaD_MDS_hybrid,SQuaD-MDS,Qglobal,0.868,TI,DC3_VA1d_horns,dr2,25,trajectory,other
SQuaD-MDS,SQuaD_MDS,SQuaD-MDS,Qlocal,0.375,TI,DC3_VA1d_horns,dr2,25,trajectory,other
SQuaD-MDS hybrid,SQuaD_MDS_hybrid,SQuaD-MDS,Qlocal,0.527,TI,DC3_VA1d_horns,dr2,25,trajectory,other
SQuaD-MDS,SQuaD_MDS,SQuaD-MDS,centroid_distance,0.879,TI,DC3_VA1d_horns,dr1,25,trajectory,other
SQuaD-MDS hybrid,SQuaD_MDS_hybrid,SQuaD-MDS,centroid_distance,0.919,TI,DC3_VA1d_horns,dr1,25,trajectory,other
SQuaD-MDS,SQuaD_MDS,SQuaD-MDS,k-nearest,0.722,TI,DC3_VA1d_horns,dr1,25,trajectory,other
SQuaD-MDS hybrid,SQuaD_MDS_hybrid,SQuaD-MDS,k-nearest,0.778,TI,DC3_VA1d_horns,dr1,25,trajectory,other
SQuaD-MDS,SQuaD_MDS,SQuaD-MDS,kmax,38.0,TI,DC3_VA1d_horns,dr2,25,trajectory,other
SQuaD-MDS hybrid,SQuaD_MDS_hybrid,SQuaD-MDS,kmax,32.0,TI,DC3_VA1d_horns,dr2,25,trajectory,other
SQuaD-MDS,SQuaD_MDS,SQuaD-MDS,random_triplet,0.763,TI,DC3_VA1d_horns,dr1,25,trajectory,other
SQuaD-MDS hybrid,SQuaD_MDS_hybrid,SQuaD-MDS,random_triplet,0.844,TI,DC3_VA1d_horns,dr1,25,trajectory,other
SQuaD-MDS,SQuaD_MDS,SQuaD-MDS,spearman,0.673,TI,DC3_VA1d_horns,dr1,25,trajectory,other
SQuaD-MDS hybrid,SQuaD_MDS_hybrid,SQuaD-MDS,spearman,0.851,TI,DC3_VA1d_horns,dr1,25,trajectory,other
SQuaD-MDS,SQuaD_MDS,SQuaD-MDS,svm,0.66,TI,DC3_VA1d_horns,dr1,25,trajectory,other
SQuaD-MDS hybrid,SQuaD_MDS_hybrid,SQuaD-MDS,svm,0.851,TI,DC3_VA1d_horns,dr1,25,trajectory,other
SQuaD-MDS,SQuaD_MDS,SQuaD-MDS,AUC,0.781,TI,ICM,dr2,25,trajectory,other
SQuaD-MDS hybrid,SQuaD_MDS_hybrid,SQuaD-MDS,AUC,0.803,TI,ICM,dr2,25,trajectory,other
SQuaD-MDS,SQuaD_MDS,SQuaD-MDS,Pearson,0.762,TI,ICM,dr3,25,trajectory,other
SQuaD-MDS hybrid,SQuaD_MDS_hybrid,SQuaD-MDS,Pearson,0.739,TI,ICM,dr3,25,trajectory,other
SQuaD-MDS,SQuaD_MDS,SQuaD-MDS,Qglobal,0.849,TI,ICM,dr2,25,trajectory,other
SQuaD-MDS hybrid,SQuaD_MDS_hybrid,SQuaD-MDS,Qglobal,0.832,TI,ICM,dr2,25,trajectory,other
SQuaD-MDS,SQuaD_MDS,SQuaD-MDS,Qlocal,0.467,TI,ICM,dr2,25,trajectory,other
SQuaD-MDS hybrid,SQuaD_MDS_hybrid,SQuaD-MDS,Qlocal,0.598,TI,ICM,dr2,25,trajectory,other
SQuaD-MDS,SQuaD_MDS,SQuaD-MDS,centroid_distance,0.898,TI,ICM,dr1,25,trajectory,other
SQuaD-MDS hybrid,SQuaD_MDS_hybrid,SQuaD-MDS,centroid_distance,0.784,TI,ICM,dr1,25,trajectory,other
SQuaD-MDS,SQuaD_MDS,SQuaD-MDS,k-nearest,0.767,TI,ICM,dr1,25,trajectory,other
SQuaD-MDS hybrid,SQuaD_MDS_hybrid,SQuaD-MDS,k-nearest,0.733,TI,ICM,dr1,25,trajectory,other
SQuaD-MDS,SQuaD_MDS,SQuaD-MDS,kmax,47.0,TI,ICM,dr2,25,trajectory,other
SQuaD-MDS hybrid,SQuaD_MDS_hybrid,SQuaD-MDS,kmax,31.0,TI,ICM,dr2,25,trajectory,other
SQuaD-MDS,SQuaD_MDS,SQuaD-MDS,random_triplet,0.832,TI,ICM,dr1,25,trajectory,other
SQuaD-MDS hybrid,SQuaD_MDS_hybrid,SQuaD-MDS,random_triplet,0.787,TI,ICM,dr1,25,trajectory,other
SQuaD-MDS,SQuaD_MDS,SQuaD-MDS,spearman,0.821,TI,ICM,dr1,25,trajectory,other
SQuaD-MDS hybrid,SQuaD_MDS_hybrid,SQuaD-MDS,spearman,0.733,TI,ICM,dr1,25,trajectory,other
SQuaD-MDS,SQuaD_MDS,SQuaD-MDS,svm,0.794,TI,ICM,dr1,25,trajectory,other
SQuaD-MDS hybrid,SQuaD_MDS_hybrid,SQuaD-MDS,svm,0.927,TI,ICM,dr1,25,trajectory,other
SQuaD-MDS,SQuaD_MDS,SQuaD-MDS,AUC,0.788,TI,blastocyst,dr2,25,trajectory,other
SQuaD-MDS hybrid,SQuaD_MDS_hybrid,SQuaD-MDS,AUC,0.824,TI,blastocyst,dr2,25,trajectory,other
SQuaD-MDS,SQuaD_MDS,SQuaD-MDS,Pearson,0.782,TI,blastocyst,dr3,25,trajectory,other
SQuaD-MDS hybrid,SQuaD_MDS_hybrid,SQuaD-MDS,Pearson,0.796,TI,blastocyst,dr3,25,trajectory,other
SQuaD-MDS,SQuaD_MDS,SQuaD-MDS,Qglobal,0.843,TI,blastocyst,dr2,25,trajectory,other
SQuaD-MDS hybrid,SQuaD_MDS_hybrid,SQuaD-MDS,Qglobal,0.848,TI,blastocyst,dr2,25,trajectory,other
SQuaD-MDS,SQuaD_MDS,SQuaD-MDS,Qlocal,0.468,TI,blastocyst,dr2,25,trajectory,other
SQuaD-MDS hybrid,SQuaD_MDS_hybrid,SQuaD-MDS,Qlocal,0.602,TI,blastocyst,dr2,25,trajectory,other
SQuaD-MDS,SQuaD_MDS,SQuaD-MDS,centroid_distance,0.878,TI,blastocyst,dr1,25,trajectory,other
SQuaD-MDS hybrid,SQuaD_MDS_hybrid,SQuaD-MDS,centroid_distance,0.88,TI,blastocyst,dr1,25,trajectory,other
SQuaD-MDS,SQuaD_MDS,SQuaD-MDS,k-nearest,0.667,TI,blastocyst,dr1,25,trajectory,other
SQuaD-MDS hybrid,SQuaD_MDS_hybrid,SQuaD-MDS,k-nearest,0.718,TI,blastocyst,dr1,25,trajectory,other
SQuaD-MDS,SQuaD_MDS,SQuaD-MDS,kmax,49.0,TI,blastocyst,dr2,25,trajectory,other
SQuaD-MDS hybrid,SQuaD_MDS_hybrid,SQuaD-MDS,kmax,31.0,TI,blastocyst,dr2,25,trajectory,other
SQuaD-MDS,SQuaD_MDS,SQuaD-MDS,random_triplet,0.836,TI,blastocyst,dr1,25,trajectory,other
SQuaD-MDS hybrid,SQuaD_MDS_hybrid,SQuaD-MDS,random_triplet,0.834,TI,blastocyst,dr1,25,trajectory,other
SQuaD-MDS,SQuaD_MDS,SQuaD-MDS,spearman,0.829,TI,blastocyst,dr1,25,trajectory,other
SQuaD-MDS hybrid,SQuaD_MDS_hybrid,SQuaD-MDS,spearman,0.83,TI,blastocyst,dr1,25,trajectory,other
SQuaD-MDS,SQuaD_MDS,SQuaD-MDS,svm,0.796,TI,blastocyst,dr1,25,trajectory,other
SQuaD-MDS hybrid,SQuaD_MDS_hybrid,SQuaD-MDS,svm,0.931,TI,blastocyst,dr1,25,trajectory,other
SQuaD-MDS,SQuaD_MDS,SQuaD-MDS,AUC,0.673,TI,combination-1,dr2,25,trajectory,other
SQuaD-MDS hybrid,SQuaD_MDS_hybrid,SQuaD-MDS,AUC,0.61,TI,combination-1,dr2,25,trajectory,other
SQuaD-MDS,SQuaD_MDS,SQuaD-MDS,Pearson,0.793,TI,combination-1,dr3,25,trajectory,other
SQuaD-MDS hybrid,SQuaD_MDS_hybrid,SQuaD-MDS,Pearson,0.4,TI,combination-1,dr3,25,trajectory,other
SQuaD-MDS,SQuaD_MDS,SQuaD-MDS,Qglobal,0.856,TI,combination-1,dr2,25,trajectory,other
SQuaD-MDS hybrid,SQuaD_MDS_hybrid,SQuaD-MDS,Qglobal,0.684,TI,combination-1,dr2,25,trajectory,other
SQuaD-MDS,SQuaD_MDS,SQuaD-MDS,Qlocal,0.38,TI,combination-1,dr2,25,trajectory,other
SQuaD-MDS hybrid,SQuaD_MDS_hybrid,SQuaD-MDS,Qlocal,0.215,TI,combination-1,dr2,25,trajectory,other
SQuaD-MDS,SQuaD_MDS,SQuaD-MDS,centroid_distance,0.869,TI,combination-1,dr1,25,trajectory,other
SQuaD-MDS hybrid,SQuaD_MDS_hybrid,SQuaD-MDS,centroid_distance,0.805,TI,combination-1,dr1,25,trajectory,other
SQuaD-MDS,SQuaD_MDS,SQuaD-MDS,k-nearest,0.857,TI,combination-1,dr1,25,trajectory,other
SQuaD-MDS hybrid,SQuaD_MDS_hybrid,SQuaD-MDS,k-nearest,0.786,TI,combination-1,dr1,25,trajectory,other
SQuaD-MDS,SQuaD_MDS,SQuaD-MDS,kmax,1650.0,TI,combination-1,dr2,25,trajectory,other
SQuaD-MDS hybrid,SQuaD_MDS_hybrid,SQuaD-MDS,kmax,677.0,TI,combination-1,dr2,25,trajectory,other
SQuaD-MDS,SQuaD_MDS,SQuaD-MDS,random_triplet,0.751,TI,combination-1,dr1,25,trajectory,other
SQuaD-MDS hybrid,SQuaD_MDS_hybrid,SQuaD-MDS,random_triplet,0.634,TI,combination-1,dr1,25,trajectory,other
SQuaD-MDS,SQuaD_MDS,SQuaD-MDS,spearman,0.753,TI,combination-1,dr1,25,trajectory,other
SQuaD-MDS hybrid,SQuaD_MDS_hybrid,SQuaD-MDS,spearman,0.414,TI,combination-1,dr1,25,trajectory,other
SQuaD-MDS,SQuaD_MDS,SQuaD-MDS,svm,0.776,TI,combination-1,dr1,25,trajectory,other
SQuaD-MDS hybrid,SQuaD_MDS_hybrid,SQuaD-MDS,svm,0.861,TI,combination-1,dr1,25,trajectory,other
SQuaD-MDS,SQuaD_MDS,SQuaD-MDS,AUC,0.676,TI,combination-2,dr2,25,trajectory,other
SQuaD-MDS hybrid,SQuaD_MDS_hybrid,SQuaD-MDS,AUC,0.597,TI,combination-2,dr2,25,trajectory,other
SQuaD-MDS,SQuaD_MDS,SQuaD-MDS,Pearson,0.813,TI,combination-2,dr3,25,trajectory,other
SQuaD-MDS hybrid,SQuaD_MDS_hybrid,SQuaD-MDS,Pearson,0.314,TI,combination-2,dr3,25,trajectory,other
SQuaD-MDS,SQuaD_MDS,SQuaD-MDS,Qglobal,0.869,TI,combination-2,dr2,25,trajectory,other
SQuaD-MDS hybrid,SQuaD_MDS_hybrid,SQuaD-MDS,Qglobal,0.75,TI,combination-2,dr2,25,trajectory,other
SQuaD-MDS,SQuaD_MDS,SQuaD-MDS,Qlocal,0.379,TI,combination-2,dr2,25,trajectory,other
SQuaD-MDS hybrid,SQuaD_MDS_hybrid,SQuaD-MDS,Qlocal,0.299,TI,combination-2,dr2,25,trajectory,other
SQuaD-MDS,SQuaD_MDS,SQuaD-MDS,centroid_distance,0.496,TI,combination-2,dr1,25,trajectory,other
SQuaD-MDS hybrid,SQuaD_MDS_hybrid,SQuaD-MDS,centroid_distance,0.818,TI,combination-2,dr1,25,trajectory,other
SQuaD-MDS,SQuaD_MDS,SQuaD-MDS,k-nearest,0.528,TI,combination-2,dr1,25,trajectory,other
SQuaD-MDS hybrid,SQuaD_MDS_hybrid,SQuaD-MDS,k-nearest,0.778,TI,combination-2,dr1,25,trajectory,other
SQuaD-MDS,SQuaD_MDS,SQuaD-MDS,kmax,1706.0,TI,combination-2,dr2,25,trajectory,other
SQuaD-MDS hybrid,SQuaD_MDS_hybrid,SQuaD-MDS,kmax,1479.0,TI,combination-2,dr2,25,trajectory,other
SQuaD-MDS,SQuaD_MDS,SQuaD-MDS,random_triplet,0.765,TI,combination-2,dr1,25,trajectory,other
SQuaD-MDS hybrid,SQuaD_MDS_hybrid,SQuaD-MDS,random_triplet,0.622,TI,combination-2,dr1,25,trajectory,other
SQuaD-MDS,SQuaD_MDS,SQuaD-MDS,spearman,0.791,TI,combination-2,dr1,25,trajectory,other
SQuaD-MDS hybrid,SQuaD_MDS_hybrid,SQuaD-MDS,spearman,0.304,TI,combination-2,dr1,25,trajectory,other
SQuaD-MDS,SQuaD_MDS,SQuaD-MDS,svm,0.513,TI,combination-2,dr1,25,trajectory,other
SQuaD-MDS hybrid,SQuaD_MDS_hybrid,SQuaD-MDS,svm,0.622,TI,combination-2,dr1,25,trajectory,other
SQuaD-MDS,SQuaD_MDS,SQuaD-MDS,AUC,0.69,TI,combination-3,dr2,25,trajectory,other
SQuaD-MDS hybrid,SQuaD_MDS_hybrid,SQuaD-MDS,AUC,0.612,TI,combination-3,dr2,25,trajectory,other
SQuaD-MDS,SQuaD_MDS,SQuaD-MDS,Pearson,0.841,TI,combination-3,dr3,25,trajectory,other
SQuaD-MDS hybrid,SQuaD_MDS_hybrid,SQuaD-MDS,Pearson,0.302,TI,combination-3,dr3,25,trajectory,other
SQuaD-MDS,SQuaD_MDS,SQuaD-MDS,Qglobal,0.875,TI,combination-3,dr2,25,trajectory,other
SQuaD-MDS hybrid,SQuaD_MDS_hybrid,SQuaD-MDS,Qglobal,0.653,TI,combination-3,dr2,25,trajectory,other
SQuaD-MDS,SQuaD_MDS,SQuaD-MDS,Qlocal,0.396,TI,combination-3,dr2,25,trajectory,other
SQuaD-MDS hybrid,SQuaD_MDS_hybrid,SQuaD-MDS,Qlocal,0.194,TI,combination-3,dr2,25,trajectory,other
SQuaD-MDS,SQuaD_MDS,SQuaD-MDS,centroid_distance,0.712,TI,combination-3,dr1,25,trajectory,other
SQuaD-MDS hybrid,SQuaD_MDS_hybrid,SQuaD-MDS,centroid_distance,0.664,TI,combination-3,dr1,25,trajectory,other
SQuaD-MDS,SQuaD_MDS,SQuaD-MDS,k-nearest,0.714,TI,combination-3,dr1,25,trajectory,other
SQuaD-MDS hybrid,SQuaD_MDS_hybrid,SQuaD-MDS,k-nearest,0.571,TI,combination-3,dr1,25,trajectory,other
SQuaD-MDS,SQuaD_MDS,SQuaD-MDS,kmax,876.0,TI,combination-3,dr2,25,trajectory,other
SQuaD-MDS hybrid,SQuaD_MDS_hybrid,SQuaD-MDS,kmax,203.0,TI,combination-3,dr2,25,trajectory,other
SQuaD-MDS,SQuaD_MDS,SQuaD-MDS,random_triplet,0.775,TI,combination-3,dr1,25,trajectory,other
SQuaD-MDS hybrid,SQuaD_MDS_hybrid,SQuaD-MDS,random_triplet,0.628,TI,combination-3,dr1,25,trajectory,other
SQuaD-MDS,SQuaD_MDS,SQuaD-MDS,spearman,0.816,TI,combination-3,dr1,25,trajectory,other
SQuaD-MDS hybrid,SQuaD_MDS_hybrid,SQuaD-MDS,spearman,0.332,TI,combination-3,dr1,25,trajectory,other
SQuaD-MDS,SQuaD_MDS,SQuaD-MDS,svm,0.659,TI,combination-3,dr1,25,trajectory,other
SQuaD-MDS hybrid,SQuaD_MDS_hybrid,SQuaD-MDS,svm,0.763,TI,combination-3,dr1,25,trajectory,other
SQuaD-MDS,SQuaD_MDS,SQuaD-MDS,AUC,0.742,TI,epiblast,dr2,25,trajectory,other
SQuaD-MDS hybrid,SQuaD_MDS_hybrid,SQuaD-MDS,AUC,0.796,TI,epiblast,dr2,25,trajectory,other
SQuaD-MDS,SQuaD_MDS,SQuaD-MDS,Pearson,0.703,TI,epiblast,dr3,25,trajectory,other
SQuaD-MDS hybrid,SQuaD_MDS_hybrid,SQuaD-MDS,Pearson,0.757,TI,epiblast,dr3,25,trajectory,other
SQuaD-MDS,SQuaD_MDS,SQuaD-MDS,Qglobal,0.818,TI,epiblast,dr2,25,trajectory,other
SQuaD-MDS hybrid,SQuaD_MDS_hybrid,SQuaD-MDS,Qglobal,0.846,TI,epiblast,dr2,25,trajectory,other
SQuaD-MDS,SQuaD_MDS,SQuaD-MDS,Qlocal,0.415,TI,epiblast,dr2,25,trajectory,other
SQuaD-MDS hybrid,SQuaD_MDS_hybrid,SQuaD-MDS,Qlocal,0.556,TI,epiblast,dr2,25,trajectory,other
SQuaD-MDS,SQuaD_MDS,SQuaD-MDS,centroid_distance,0.819,TI,epiblast,dr1,25,trajectory,other
SQuaD-MDS hybrid,SQuaD_MDS_hybrid,SQuaD-MDS,centroid_distance,0.965,TI,epiblast,dr1,25,trajectory,other
SQuaD-MDS,SQuaD_MDS,SQuaD-MDS,k-nearest,0.786,TI,epiblast,dr1,25,trajectory,other
SQuaD-MDS hybrid,SQuaD_MDS_hybrid,SQuaD-MDS,k-nearest,0.714,TI,epiblast,dr1,25,trajectory,other
SQuaD-MDS,SQuaD_MDS,SQuaD-MDS,kmax,33.0,TI,epiblast,dr2,25,trajectory,other
SQuaD-MDS hybrid,SQuaD_MDS_hybrid,SQuaD-MDS,kmax,29.0,TI,epiblast,dr2,25,trajectory,other
SQuaD-MDS,SQuaD_MDS,SQuaD-MDS,random_triplet,0.81,TI,epiblast,dr1,25,trajectory,other
SQuaD-MDS hybrid,SQuaD_MDS_hybrid,SQuaD-MDS,random_triplet,0.807,TI,epiblast,dr1,25,trajectory,other
SQuaD-MDS,SQuaD_MDS,SQuaD-MDS,spearman,0.75,TI,epiblast,dr1,25,trajectory,other
SQuaD-MDS hybrid,SQuaD_MDS_hybrid,SQuaD-MDS,spearman,0.86,TI,epiblast,dr1,25,trajectory,other
SQuaD-MDS,SQuaD_MDS,SQuaD-MDS,svm,0.841,TI,epiblast,dr1,25,trajectory,other
SQuaD-MDS hybrid,SQuaD_MDS_hybrid,SQuaD-MDS,svm,0.918,TI,epiblast,dr1,25,trajectory,other
SQuaD-MDS,SQuaD_MDS,SQuaD-MDS,AUC,0.674,TI,epidermis,dr2,25,trajectory,other
SQuaD-MDS hybrid,SQuaD_MDS_hybrid,SQuaD-MDS,AUC,0.613,TI,epidermis,dr2,25,trajectory,other
SQuaD-MDS,SQuaD_MDS,SQuaD-MDS,Pearson,0.784,TI,epidermis,dr3,25,trajectory,other
SQuaD-MDS hybrid,SQuaD_MDS_hybrid,SQuaD-MDS,Pearson,0.414,TI,epidermis,dr3,25,trajectory,other
SQuaD-MDS,SQuaD_MDS,SQuaD-MDS,Qglobal,0.854,TI,epidermis,dr2,25,trajectory,other
SQuaD-MDS hybrid,SQuaD_MDS_hybrid,SQuaD-MDS,Qglobal,0.691,TI,epidermis,dr2,25,trajectory,other
SQuaD-MDS,SQuaD_MDS,SQuaD-MDS,Qlocal,0.382,TI,epidermis,dr2,25,trajectory,other
SQuaD-MDS hybrid,SQuaD_MDS_hybrid,SQuaD-MDS,Qlocal,0.231,TI,epidermis,dr2,25,trajectory,other
SQuaD-MDS,SQuaD_MDS,SQuaD-MDS,centroid_distance,0.813,TI,epidermis,dr1,25,trajectory,other
SQuaD-MDS hybrid,SQuaD_MDS_hybrid,SQuaD-MDS,centroid_distance,0.875,TI,epidermis,dr1,25,trajectory,other
SQuaD-MDS,SQuaD_MDS,SQuaD-MDS,k-nearest,0.8,TI,epidermis,dr1,25,trajectory,other
SQuaD-MDS hybrid,SQuaD_MDS_hybrid,SQuaD-MDS,k-nearest,0.6,TI,epidermis,dr1,25,trajectory,other
SQuaD-MDS,SQuaD_MDS,SQuaD-MDS,kmax,1525.0,TI,epidermis,dr2,25,trajectory,other
SQuaD-MDS hybrid,SQuaD_MDS_hybrid,SQuaD-MDS,kmax,679.0,TI,epidermis,dr2,25,trajectory,other
SQuaD-MDS,SQuaD_MDS,SQuaD-MDS,random_triplet,0.755,TI,epidermis,dr1,25,trajectory,other
SQuaD-MDS hybrid,SQuaD_MDS_hybrid,SQuaD-MDS,random_triplet,0.641,TI,epidermis,dr1,25,trajectory,other
SQuaD-MDS,SQuaD_MDS,SQuaD-MDS,spearman,0.747,TI,epidermis,dr1,25,trajectory,other
SQuaD-MDS hybrid,SQuaD_MDS_hybrid,SQuaD-MDS,spearman,0.401,TI,epidermis,dr1,25,trajectory,other
SQuaD-MDS,SQuaD_MDS,SQuaD-MDS,svm,0.83,TI,epidermis,dr1,25,trajectory,other
SQuaD-MDS hybrid,SQuaD_MDS_hybrid,SQuaD-MDS,svm,0.867,TI,epidermis,dr1,25,trajectory,other
SQuaD-MDS,SQuaD_MDS,SQuaD-MDS,AUC,0.707,TI,horns,dr2,25,trajectory,other
SQuaD-MDS hybrid,SQuaD_MDS_hybrid,SQuaD-MDS,AUC,0.756,TI,horns,dr2,25,trajectory,other
SQuaD-MDS,SQuaD_MDS,SQuaD-MDS,Pearson,0.583,TI,horns,dr3,25,trajectory,other
SQuaD-MDS hybrid,SQuaD_MDS_hybrid,SQuaD-MDS,Pearson,0.588,TI,horns,dr3,25,trajectory,other
SQuaD-MDS,SQuaD_MDS,SQuaD-MDS,Qglobal,0.832,TI,horns,dr2,25,trajectory,other
SQuaD-MDS hybrid,SQuaD_MDS_hybrid,SQuaD-MDS,Qglobal,0.87,TI,horns,dr2,25,trajectory,other
SQuaD-MDS,SQuaD_MDS,SQuaD-MDS,Qlocal,0.405,TI,horns,dr2,25,trajectory,other
SQuaD-MDS hybrid,SQuaD_MDS_hybrid,SQuaD-MDS,Qlocal,0.538,TI,horns,dr2,25,trajectory,other
SQuaD-MDS,SQuaD_MDS,SQuaD-MDS,centroid_distance,0.708,TI,horns,dr1,25,trajectory,other
SQuaD-MDS hybrid,SQuaD_MDS_hybrid,SQuaD-MDS,centroid_distance,0.884,TI,horns,dr1,25,trajectory,other
SQuaD-MDS,SQuaD_MDS,SQuaD-MDS,k-nearest,0.679,TI,horns,dr1,25,trajectory,other
SQuaD-MDS hybrid,SQuaD_MDS_hybrid,SQuaD-MDS,k-nearest,0.75,TI,horns,dr1,25,trajectory,other
SQuaD-MDS,SQuaD_MDS,SQuaD-MDS,kmax,132.0,TI,horns,dr2,25,trajectory,other
SQuaD-MDS hybrid,SQuaD_MDS_hybrid,SQuaD-MDS,kmax,153.0,TI,horns,dr2,25,trajectory,other
SQuaD-MDS,SQuaD_MDS,SQuaD-MDS,random_triplet,0.763,TI,horns,dr1,25,trajectory,other
SQuaD-MDS hybrid,SQuaD_MDS_hybrid,SQuaD-MDS,random_triplet,0.8,TI,horns,dr1,25,trajectory,other
SQuaD-MDS,SQuaD_MDS,SQuaD-MDS,spearman,0.705,TI,horns,dr1,25,trajectory,other
SQuaD-MDS hybrid,SQuaD_MDS_hybrid,SQuaD-MDS,spearman,0.76,TI,horns,dr1,25,trajectory,other
SQuaD-MDS,SQuaD_MDS,SQuaD-MDS,svm,0.619,TI,horns,dr1,25,trajectory,other
SQuaD-MDS hybrid,SQuaD_MDS_hybrid,SQuaD-MDS,svm,0.8,TI,horns,dr1,25,trajectory,other
SQuaD-MDS,SQuaD_MDS,SQuaD-MDS,AUC,0.665,TI,muscle,dr2,25,trajectory,other
SQuaD-MDS hybrid,SQuaD_MDS_hybrid,SQuaD-MDS,AUC,0.572,TI,muscle,dr2,25,trajectory,other
SQuaD-MDS,SQuaD_MDS,SQuaD-MDS,Pearson,0.843,TI,muscle,dr3,25,trajectory,other
SQuaD-MDS hybrid,SQuaD_MDS_hybrid,SQuaD-MDS,Pearson,0.502,TI,muscle,dr3,25,trajectory,other
SQuaD-MDS,SQuaD_MDS,SQuaD-MDS,Qglobal,0.866,TI,muscle,dr2,25,trajectory,other
SQuaD-MDS hybrid,SQuaD_MDS_hybrid,SQuaD-MDS,Qglobal,0.657,TI,muscle,dr2,25,trajectory,other
SQuaD-MDS,SQuaD_MDS,SQuaD-MDS,Qlocal,0.377,TI,muscle,dr2,25,trajectory,other
SQuaD-MDS hybrid,SQuaD_MDS_hybrid,SQuaD-MDS,Qlocal,0.183,TI,muscle,dr2,25,trajectory,other
SQuaD-MDS,SQuaD_MDS,SQuaD-MDS,centroid_distance,1.0,TI,muscle,dr1,25,trajectory,other
SQuaD-MDS hybrid,SQuaD_MDS_hybrid,SQuaD-MDS,centroid_distance,1.0,TI,muscle,dr1,25,trajectory,other
SQuaD-MDS,SQuaD_MDS,SQuaD-MDS,k-nearest,1.0,TI,muscle,dr1,25,trajectory,other
SQuaD-MDS hybrid,SQuaD_MDS_hybrid,SQuaD-MDS,k-nearest,1.0,TI,muscle,dr1,25,trajectory,other
SQuaD-MDS,SQuaD_MDS,SQuaD-MDS,kmax,961.0,TI,muscle,dr2,25,trajectory,other
SQuaD-MDS hybrid,SQuaD_MDS_hybrid,SQuaD-MDS,kmax,419.0,TI,muscle,dr2,25,trajectory,other
SQuaD-MDS,SQuaD_MDS,SQuaD-MDS,random_triplet,0.762,TI,muscle,dr1,25,trajectory,other
SQuaD-MDS hybrid,SQuaD_MDS_hybrid,SQuaD-MDS,random_triplet,0.598,TI,muscle,dr1,25,trajectory,other
SQuaD-MDS,SQuaD_MDS,SQuaD-MDS,spearman,0.775,TI,muscle,dr1,25,trajectory,other
SQuaD-MDS hybrid,SQuaD_MDS_hybrid,SQuaD-MDS,spearman,0.273,TI,muscle,dr1,25,trajectory,other
SQuaD-MDS,SQuaD_MDS,SQuaD-MDS,svm,0.816,TI,muscle,dr1,25,trajectory,other
SQuaD-MDS hybrid,SQuaD_MDS_hybrid,SQuaD-MDS,svm,0.781,TI,muscle,dr1,25,trajectory,other
SQuaD-MDS,SQuaD_MDS,SQuaD-MDS,AUC,0.651,TI,neuron,dr2,25,trajectory,other
SQuaD-MDS hybrid,SQuaD_MDS_hybrid,SQuaD-MDS,AUC,0.586,TI,neuron,dr2,25,trajectory,other
SQuaD-MDS,SQuaD_MDS,SQuaD-MDS,Pearson,0.811,TI,neuron,dr3,25,trajectory,other
SQuaD-MDS hybrid,SQuaD_MDS_hybrid,SQuaD-MDS,Pearson,0.456,TI,neuron,dr3,25,trajectory,other
SQuaD-MDS,SQuaD_MDS,SQuaD-MDS,Qglobal,0.856,TI,neuron,dr2,25,trajectory,other
SQuaD-MDS hybrid,SQuaD_MDS_hybrid,SQuaD-MDS,Qglobal,0.766,TI,neuron,dr2,25,trajectory,other
SQuaD-MDS,SQuaD_MDS,SQuaD-MDS,Qlocal,0.348,TI,neuron,dr2,25,trajectory,other
SQuaD-MDS hybrid,SQuaD_MDS_hybrid,SQuaD-MDS,Qlocal,0.288,TI,neuron,dr2,25,trajectory,other
SQuaD-MDS,SQuaD_MDS,SQuaD-MDS,centroid_distance,0.419,TI,neuron,dr1,25,trajectory,other
SQuaD-MDS hybrid,SQuaD_MDS_hybrid,SQuaD-MDS,centroid_distance,0.815,TI,neuron,dr1,25,trajectory,other
SQuaD-MDS,SQuaD_MDS,SQuaD-MDS,k-nearest,0.286,TI,neuron,dr1,25,trajectory,other
SQuaD-MDS hybrid,SQuaD_MDS_hybrid,SQuaD-MDS,k-nearest,0.571,TI,neuron,dr1,25,trajectory,other
SQuaD-MDS,SQuaD_MDS,SQuaD-MDS,kmax,946.0,TI,neuron,dr2,25,trajectory,other
SQuaD-MDS hybrid,SQuaD_MDS_hybrid,SQuaD-MDS,kmax,882.0,TI,neuron,dr2,25,trajectory,other
SQuaD-MDS,SQuaD_MDS,SQuaD-MDS,random_triplet,0.742,TI,neuron,dr1,25,trajectory,other
SQuaD-MDS hybrid,SQuaD_MDS_hybrid,SQuaD-MDS,random_triplet,0.623,TI,neuron,dr1,25,trajectory,other
SQuaD-MDS,SQuaD_MDS,SQuaD-MDS,spearman,0.755,TI,neuron,dr1,25,trajectory,other
SQuaD-MDS hybrid,SQuaD_MDS_hybrid,SQuaD-MDS,spearman,0.348,TI,neuron,dr1,25,trajectory,other
SQuaD-MDS,SQuaD_MDS,SQuaD-MDS,svm,0.57,TI,neuron,dr1,25,trajectory,other
SQuaD-MDS hybrid,SQuaD_MDS_hybrid,SQuaD-MDS,svm,0.64,TI,neuron,dr1,25,trajectory,other
SQuaD-MDS,SQuaD_MDS,SQuaD-MDS,AUC,0.662,TI,pair-1,dr2,25,trajectory,other
SQuaD-MDS hybrid,SQuaD_MDS_hybrid,SQuaD-MDS,AUC,0.598,TI,pair-1,dr2,25,trajectory,other
SQuaD-MDS,SQuaD_MDS,SQuaD-MDS,Pearson,0.817,TI,pair-1,dr3,25,trajectory,other
SQuaD-MDS hybrid,SQuaD_MDS_hybrid,SQuaD-MDS,Pearson,0.485,TI,pair-1,dr3,25,trajectory,other
SQuaD-MDS,SQuaD_MDS,SQuaD-MDS,Qglobal,0.86,TI,pair-1,dr2,25,trajectory,other
SQuaD-MDS hybrid,SQuaD_MDS_hybrid,SQuaD-MDS,Qglobal,0.774,TI,pair-1,dr2,25,trajectory,other
SQuaD-MDS,SQuaD_MDS,SQuaD-MDS,Qlocal,0.365,TI,pair-1,dr2,25,trajectory,other
SQuaD-MDS hybrid,SQuaD_MDS_hybrid,SQuaD-MDS,Qlocal,0.308,TI,pair-1,dr2,25,trajectory,other
SQuaD-MDS,SQuaD_MDS,SQuaD-MDS,centroid_distance,0.615,TI,pair-1,dr1,25,trajectory,other
SQuaD-MDS hybrid,SQuaD_MDS_hybrid,SQuaD-MDS,centroid_distance,0.666,TI,pair-1,dr1,25,trajectory,other
SQuaD-MDS,SQuaD_MDS,SQuaD-MDS,k-nearest,0.562,TI,pair-1,dr1,25,trajectory,other
SQuaD-MDS hybrid,SQuaD_MDS_hybrid,SQuaD-MDS,k-nearest,0.562,TI,pair-1,dr1,25,trajectory,other
SQuaD-MDS,SQuaD_MDS,SQuaD-MDS,kmax,4230.0,TI,pair-1,dr2,25,trajectory,other
SQuaD-MDS hybrid,SQuaD_MDS_hybrid,SQuaD-MDS,kmax,3986.0,TI,pair-1,dr2,25,trajectory,other
SQuaD-MDS,SQuaD_MDS,SQuaD-MDS,random_triplet,0.751,TI,pair-1,dr1,25,trajectory,other
SQuaD-MDS hybrid,SQuaD_MDS_hybrid,SQuaD-MDS,random_triplet,0.634,TI,pair-1,dr1,25,trajectory,other
SQuaD-MDS,SQuaD_MDS,SQuaD-MDS,spearman,0.768,TI,pair-1,dr1,25,trajectory,other
SQuaD-MDS hybrid,SQuaD_MDS_hybrid,SQuaD-MDS,spearman,0.407,TI,pair-1,dr1,25,trajectory,other
SQuaD-MDS,SQuaD_MDS,SQuaD-MDS,svm,0.806,TI,pair-1,dr1,25,trajectory,other
SQuaD-MDS hybrid,SQuaD_MDS_hybrid,SQuaD-MDS,svm,0.891,TI,pair-1,dr1,25,trajectory,other
SQuaD-MDS,SQuaD_MDS,SQuaD-MDS,AUC,0.658,TI,pair-2,dr2,25,trajectory,other
SQuaD-MDS hybrid,SQuaD_MDS_hybrid,SQuaD-MDS,AUC,0.59,TI,pair-2,dr2,25,trajectory,other
SQuaD-MDS,SQuaD_MDS,SQuaD-MDS,Pearson,0.803,TI,pair-2,dr3,25,trajectory,other
SQuaD-MDS hybrid,SQuaD_MDS_hybrid,SQuaD-MDS,Pearson,0.449,TI,pair-2,dr3,25,trajectory,other
SQuaD-MDS,SQuaD_MDS,SQuaD-MDS,Qglobal,0.87,TI,pair-2,dr2,25,trajectory,other
SQuaD-MDS hybrid,SQuaD_MDS_hybrid,SQuaD-MDS,Qglobal,0.797,TI,pair-2,dr2,25,trajectory,other
SQuaD-MDS,SQuaD_MDS,SQuaD-MDS,Qlocal,0.367,TI,pair-2,dr2,25,trajectory,other
SQuaD-MDS hybrid,SQuaD_MDS_hybrid,SQuaD-MDS,Qlocal,0.318,TI,pair-2,dr2,25,trajectory,other
SQuaD-MDS,SQuaD_MDS,SQuaD-MDS,centroid_distance,0.333,TI,pair-2,dr1,25,trajectory,other
SQuaD-MDS hybrid,SQuaD_MDS_hybrid,SQuaD-MDS,centroid_distance,0.691,TI,pair-2,dr1,25,trajectory,other
SQuaD-MDS,SQuaD_MDS,SQuaD-MDS,k-nearest,0.487,TI,pair-2,dr1,25,trajectory,other
SQuaD-MDS hybrid,SQuaD_MDS_hybrid,SQuaD-MDS,k-nearest,0.615,TI,pair-2,dr1,25,trajectory,other
SQuaD-MDS,SQuaD_MDS,SQuaD-MDS,kmax,4489.0,TI,pair-2,dr2,25,trajectory,other
SQuaD-MDS hybrid,SQuaD_MDS_hybrid,SQuaD-MDS,kmax,4595.0,TI,pair-2,dr2,25,trajectory,other
SQuaD-MDS,SQuaD_MDS,SQuaD-MDS,random_triplet,0.752,TI,pair-2,dr1,25,trajectory,other
SQuaD-MDS hybrid,SQuaD_MDS_hybrid,SQuaD-MDS,random_triplet,0.629,TI,pair-2,dr1,25,trajectory,other
SQuaD-MDS,SQuaD_MDS,SQuaD-MDS,spearman,0.755,TI,pair-2,dr1,25,trajectory,other
SQuaD-MDS hybrid,SQuaD_MDS_hybrid,SQuaD-MDS,spearman,0.424,TI,pair-2,dr1,25,trajectory,other
SQuaD-MDS,SQuaD_MDS,SQuaD-MDS,svm,0.647,TI,pair-2,dr1,25,trajectory,other
SQuaD-MDS hybrid,SQuaD_MDS_hybrid,SQuaD-MDS,svm,0.712,TI,pair-2,dr1,25,trajectory,other
SQuaD-MDS,SQuaD_MDS,SQuaD-MDS,AUC,0.656,TI,pair-3,dr2,25,trajectory,other
SQuaD-MDS hybrid,SQuaD_MDS_hybrid,SQuaD-MDS,AUC,0.595,TI,pair-3,dr2,25,trajectory,other
SQuaD-MDS,SQuaD_MDS,SQuaD-MDS,Pearson,0.81,TI,pair-3,dr3,25,trajectory,other
SQuaD-MDS hybrid,SQuaD_MDS_hybrid,SQuaD-MDS,Pearson,0.487,TI,pair-3,dr3,25,trajectory,other
SQuaD-MDS,SQuaD_MDS,SQuaD-MDS,Qglobal,0.867,TI,pair-3,dr2,25,trajectory,other
SQuaD-MDS hybrid,SQuaD_MDS_hybrid,SQuaD-MDS,Qglobal,0.815,TI,pair-3,dr2,25,trajectory,other
SQuaD-MDS,SQuaD_MDS,SQuaD-MDS,Qlocal,0.36,TI,pair-3,dr2,25,trajectory,other
SQuaD-MDS hybrid,SQuaD_MDS_hybrid,SQuaD-MDS,Qlocal,0.337,TI,pair-3,dr2,25,trajectory,other
SQuaD-MDS,SQuaD_MDS,SQuaD-MDS,centroid_distance,0.508,TI,pair-3,dr1,25,trajectory,other
SQuaD-MDS hybrid,SQuaD_MDS_hybrid,SQuaD-MDS,centroid_distance,0.6,TI,pair-3,dr1,25,trajectory,other
SQuaD-MDS,SQuaD_MDS,SQuaD-MDS,k-nearest,0.5,TI,pair-3,dr1,25,trajectory,other
SQuaD-MDS hybrid,SQuaD_MDS_hybrid,SQuaD-MDS,k-nearest,0.5,TI,pair-3,dr1,25,trajectory,other
SQuaD-MDS,SQuaD_MDS,SQuaD-MDS,kmax,3567.0,TI,pair-3,dr2,25,trajectory,other
SQuaD-MDS hybrid,SQuaD_MDS_hybrid,SQuaD-MDS,kmax,3949.0,TI,pair-3,dr2,25,trajectory,other
SQuaD-MDS,SQuaD_MDS,SQuaD-MDS,random_triplet,0.749,TI,pair-3,dr1,25,trajectory,other
SQuaD-MDS hybrid,SQuaD_MDS_hybrid,SQuaD-MDS,random_triplet,0.634,TI,pair-3,dr1,25,trajectory,other
SQuaD-MDS,SQuaD_MDS,SQuaD-MDS,spearman,0.771,TI,pair-3,dr1,25,trajectory,other
SQuaD-MDS hybrid,SQuaD_MDS_hybrid,SQuaD-MDS,spearman,0.457,TI,pair-3,dr1,25,trajectory,other
SQuaD-MDS,SQuaD_MDS,SQuaD-MDS,svm,0.795,TI,pair-3,dr1,25,trajectory,other
SQuaD-MDS hybrid,SQuaD_MDS_hybrid,SQuaD-MDS,svm,0.845,TI,pair-3,dr1,25,trajectory,other
SQuaD-MDS,SQuaD_MDS,SQuaD-MDS,AUC,0.655,TI,pair-4,dr2,25,trajectory,other
SQuaD-MDS hybrid,SQuaD_MDS_hybrid,SQuaD-MDS,AUC,0.578,TI,pair-4,dr2,25,trajectory,other
SQuaD-MDS,SQuaD_MDS,SQuaD-MDS,Pearson,0.797,TI,pair-4,dr3,25,trajectory,other
SQuaD-MDS hybrid,SQuaD_MDS_hybrid,SQuaD-MDS,Pearson,0.432,TI,pair-4,dr3,25,trajectory,other
SQuaD-MDS,SQuaD_MDS,SQuaD-MDS,Qglobal,0.867,TI,pair-4,dr2,25,trajectory,other
SQuaD-MDS hybrid,SQuaD_MDS_hybrid,SQuaD-MDS,Qglobal,0.808,TI,pair-4,dr2,25,trajectory,other
SQuaD-MDS,SQuaD_MDS,SQuaD-MDS,Qlocal,0.359,TI,pair-4,dr2,25,trajectory,other
SQuaD-MDS hybrid,SQuaD_MDS_hybrid,SQuaD-MDS,Qlocal,0.33,TI,pair-4,dr2,25,trajectory,other
SQuaD-MDS,SQuaD_MDS,SQuaD-MDS,centroid_distance,0.491,TI,pair-4,dr1,25,trajectory,other
SQuaD-MDS hybrid,SQuaD_MDS_hybrid,SQuaD-MDS,centroid_distance,0.709,TI,pair-4,dr1,25,trajectory,other
SQuaD-MDS,SQuaD_MDS,SQuaD-MDS,k-nearest,0.5,TI,pair-4,dr1,25,trajectory,other
SQuaD-MDS hybrid,SQuaD_MDS_hybrid,SQuaD-MDS,k-nearest,0.7,TI,pair-4,dr1,25,trajectory,other
SQuaD-MDS,SQuaD_MDS,SQuaD-MDS,kmax,3737.0,TI,pair-4,dr2,25,trajectory,other
SQuaD-MDS hybrid,SQuaD_MDS_hybrid,SQuaD-MDS,kmax,4300.0,TI,pair-4,dr2,25,trajectory,other
SQuaD-MDS,SQuaD_MDS,SQuaD-MDS,random_triplet,0.747,TI,pair-4,dr1,25,trajectory,other
SQuaD-MDS hybrid,SQuaD_MDS_hybrid,SQuaD-MDS,random_triplet,0.613,TI,pair-4,dr1,25,trajectory,other
SQuaD-MDS,SQuaD_MDS,SQuaD-MDS,spearman,0.753,TI,pair-4,dr1,25,trajectory,other
SQuaD-MDS hybrid,SQuaD_MDS_hybrid,SQuaD-MDS,spearman,0.386,TI,pair-4,dr1,25,trajectory,other
SQuaD-MDS,SQuaD_MDS,SQuaD-MDS,svm,0.748,TI,pair-4,dr1,25,trajectory,other
SQuaD-MDS hybrid,SQuaD_MDS_hybrid,SQuaD-MDS,svm,0.741,TI,pair-4,dr1,25,trajectory,other
SQuaD-MDS,SQuaD_MDS,SQuaD-MDS,AUC,0.689,TI,parenchyme,dr2,25,trajectory,other
SQuaD-MDS hybrid,SQuaD_MDS_hybrid,SQuaD-MDS,AUC,0.612,TI,parenchyme,dr2,25,trajectory,other
SQuaD-MDS,SQuaD_MDS,SQuaD-MDS,Pearson,0.822,TI,parenchyme,dr3,25,trajectory,other
SQuaD-MDS hybrid,SQuaD_MDS_hybrid,SQuaD-MDS,Pearson,0.297,TI,parenchyme,dr3,25,trajectory,other
SQuaD-MDS,SQuaD_MDS,SQuaD-MDS,Qglobal,0.871,TI,parenchyme,dr2,25,trajectory,other
SQuaD-MDS hybrid,SQuaD_MDS_hybrid,SQuaD-MDS,Qglobal,0.737,TI,parenchyme,dr2,25,trajectory,other
SQuaD-MDS,SQuaD_MDS,SQuaD-MDS,Qlocal,0.39,TI,parenchyme,dr2,25,trajectory,other
SQuaD-MDS hybrid,SQuaD_MDS_hybrid,SQuaD-MDS,Qlocal,0.301,TI,parenchyme,dr2,25,trajectory,other
SQuaD-MDS,SQuaD_MDS,SQuaD-MDS,centroid_distance,0.944,TI,parenchyme,dr1,25,trajectory,other
SQuaD-MDS hybrid,SQuaD_MDS_hybrid,SQuaD-MDS,centroid_distance,0.795,TI,parenchyme,dr1,25,trajectory,other
SQuaD-MDS,SQuaD_MDS,SQuaD-MDS,k-nearest,0.6,TI,parenchyme,dr1,25,trajectory,other
SQuaD-MDS hybrid,SQuaD_MDS_hybrid,SQuaD-MDS,k-nearest,0.6,TI,parenchyme,dr1,25,trajectory,other
SQuaD-MDS,SQuaD_MDS,SQuaD-MDS,kmax,750.0,TI,parenchyme,dr2,25,trajectory,other
SQuaD-MDS hybrid,SQuaD_MDS_hybrid,SQuaD-MDS,kmax,569.0,TI,parenchyme,dr2,25,trajectory,other
SQuaD-MDS,SQuaD_MDS,SQuaD-MDS,random_triplet,0.77,TI,parenchyme,dr1,25,trajectory,other
SQuaD-MDS hybrid,SQuaD_MDS_hybrid,SQuaD-MDS,random_triplet,0.624,TI,parenchyme,dr1,25,trajectory,other
SQuaD-MDS,SQuaD_MDS,SQuaD-MDS,spearman,0.797,TI,parenchyme,dr1,25,trajectory,other
SQuaD-MDS hybrid,SQuaD_MDS_hybrid,SQuaD-MDS,spearman,0.337,TI,parenchyme,dr1,25,trajectory,other
SQuaD-MDS,SQuaD_MDS,SQuaD-MDS,svm,0.748,TI,parenchyme,dr1,25,trajectory,other
SQuaD-MDS hybrid,SQuaD_MDS_hybrid,SQuaD-MDS,svm,0.836,TI,parenchyme,dr1,25,trajectory,other
SQuaD-MDS,SQuaD_MDS,SQuaD-MDS,AUC,0.701,TI,phagocyte,dr2,25,trajectory,other
SQuaD-MDS hybrid,SQuaD_MDS_hybrid,SQuaD-MDS,AUC,0.639,TI,phagocyte,dr2,25,trajectory,other
SQuaD-MDS,SQuaD_MDS,SQuaD-MDS,Pearson,0.828,TI,phagocyte,dr3,25,trajectory,other
SQuaD-MDS hybrid,SQuaD_MDS_hybrid,SQuaD-MDS,Pearson,0.383,TI,phagocyte,dr3,25,trajectory,other
SQuaD-MDS,SQuaD_MDS,SQuaD-MDS,Qglobal,0.87,TI,phagocyte,dr2,25,trajectory,other
SQuaD-MDS hybrid,SQuaD_MDS_hybrid,SQuaD-MDS,Qglobal,0.743,TI,phagocyte,dr2,25,trajectory,other
SQuaD-MDS,SQuaD_MDS,SQuaD-MDS,Qlocal,0.402,TI,phagocyte,dr2,25,trajectory,other
SQuaD-MDS hybrid,SQuaD_MDS_hybrid,SQuaD-MDS,Qlocal,0.301,TI,phagocyte,dr2,25,trajectory,other
SQuaD-MDS,SQuaD_MDS,SQuaD-MDS,centroid_distance,1.0,TI,phagocyte,dr1,25,trajectory,other
SQuaD-MDS hybrid,SQuaD_MDS_hybrid,SQuaD-MDS,centroid_distance,1.0,TI,phagocyte,dr1,25,trajectory,other
SQuaD-MDS,SQuaD_MDS,SQuaD-MDS,k-nearest,1.0,TI,phagocyte,dr1,25,trajectory,other
SQuaD-MDS hybrid,SQuaD_MDS_hybrid,SQuaD-MDS,k-nearest,1.0,TI,phagocyte,dr1,25,trajectory,other
SQuaD-MDS,SQuaD_MDS,SQuaD-MDS,kmax,249.0,TI,phagocyte,dr2,25,trajectory,other
SQuaD-MDS hybrid,SQuaD_MDS_hybrid,SQuaD-MDS,kmax,162.0,TI,phagocyte,dr2,25,trajectory,other
SQuaD-MDS,SQuaD_MDS,SQuaD-MDS,random_triplet,0.791,TI,phagocyte,dr1,25,trajectory,other
SQuaD-MDS hybrid,SQuaD_MDS_hybrid,SQuaD-MDS,random_triplet,0.66,TI,phagocyte,dr1,25,trajectory,other
SQuaD-MDS,SQuaD_MDS,SQuaD-MDS,spearman,0.8,TI,phagocyte,dr1,25,trajectory,other
SQuaD-MDS hybrid,SQuaD_MDS_hybrid,SQuaD-MDS,spearman,0.5,TI,phagocyte,dr1,25,trajectory,other
SQuaD-MDS,SQuaD_MDS,SQuaD-MDS,svm,0.931,TI,phagocyte,dr1,25,trajectory,other
SQuaD-MDS hybrid,SQuaD_MDS_hybrid,SQuaD-MDS,svm,0.951,TI,phagocyte,dr1,25,trajectory,other
SQuaD-MDS,SQuaD_MDS,SQuaD-MDS,AUC,0.679,TI,pharynx,dr2,25,trajectory,other
SQuaD-MDS hybrid,SQuaD_MDS_hybrid,SQuaD-MDS,AUC,0.641,TI,pharynx,dr2,25,trajectory,other
SQuaD-MDS,SQuaD_MDS,SQuaD-MDS,Pearson,0.762,TI,pharynx,dr3,25,trajectory,other
SQuaD-MDS hybrid,SQuaD_MDS_hybrid,SQuaD-MDS,Pearson,0.513,TI,pharynx,dr3,25,trajectory,other
SQuaD-MDS,SQuaD_MDS,SQuaD-MDS,Qglobal,0.864,TI,pharynx,dr2,25,trajectory,other
SQuaD-MDS hybrid,SQuaD_MDS_hybrid,SQuaD-MDS,Qglobal,0.833,TI,pharynx,dr2,25,trajectory,other
SQuaD-MDS,SQuaD_MDS,SQuaD-MDS,Qlocal,0.389,TI,pharynx,dr2,25,trajectory,other
SQuaD-MDS hybrid,SQuaD_MDS_hybrid,SQuaD-MDS,Qlocal,0.398,TI,pharynx,dr2,25,trajectory,other
SQuaD-MDS,SQuaD_MDS,SQuaD-MDS,centroid_distance,1.0,TI,pharynx,dr1,25,trajectory,other
SQuaD-MDS hybrid,SQuaD_MDS_hybrid,SQuaD-MDS,centroid_distance,1.0,TI,pharynx,dr1,25,trajectory,other
SQuaD-MDS,SQuaD_MDS,SQuaD-MDS,k-nearest,1.0,TI,pharynx,dr1,25,trajectory,other
SQuaD-MDS hybrid,SQuaD_MDS_hybrid,SQuaD-MDS,k-nearest,1.0,TI,pharynx,dr1,25,trajectory,other
SQuaD-MDS,SQuaD_MDS,SQuaD-MDS,kmax,112.0,TI,pharynx,dr2,25,trajectory,other
SQuaD-MDS hybrid,SQuaD_MDS_hybrid,SQuaD-MDS,kmax,127.0,TI,pharynx,dr2,25,trajectory,other
SQuaD-MDS,SQuaD_MDS,SQuaD-MDS,random_triplet,0.761,TI,pharynx,dr1,25,trajectory,other
SQuaD-MDS hybrid,SQuaD_MDS_hybrid,SQuaD-MDS,random_triplet,0.661,TI,pharynx,dr1,25,trajectory,other
SQuaD-MDS,SQuaD_MDS,SQuaD-MDS,spearman,0.755,TI,pharynx,dr1,25,trajectory,other
SQuaD-MDS hybrid,SQuaD_MDS_hybrid,SQuaD-MDS,spearman,0.515,TI,pharynx,dr1,25,trajectory,other
SQuaD-MDS,SQuaD_MDS,SQuaD-MDS,svm,0.945,TI,pharynx,dr1,25,trajectory,other
SQuaD-MDS hybrid,SQuaD_MDS_hybrid,SQuaD-MDS,svm,0.942,TI,pharynx,dr1,25,trajectory,other
SQuaD-MDS,SQuaD_MDS,SQuaD-MDS,AUC,0.735,TI,trophectoderm,dr2,25,trajectory,other
SQuaD-MDS hybrid,SQuaD_MDS_hybrid,SQuaD-MDS,AUC,0.768,TI,trophectoderm,dr2,25,trajectory,other
SQuaD-MDS,SQuaD_MDS,SQuaD-MDS,Pearson,0.71,TI,trophectoderm,dr3,25,trajectory,other
SQuaD-MDS hybrid,SQuaD_MDS_hybrid,SQuaD-MDS,Pearson,0.715,TI,trophectoderm,dr3,25,trajectory,other
SQuaD-MDS,SQuaD_MDS,SQuaD-MDS,Qglobal,0.843,TI,trophectoderm,dr2,25,trajectory,other
SQuaD-MDS hybrid,SQuaD_MDS_hybrid,SQuaD-MDS,Qglobal,0.775,TI,trophectoderm,dr2,25,trajectory,other
SQuaD-MDS,SQuaD_MDS,SQuaD-MDS,Qlocal,0.43,TI,trophectoderm,dr2,25,trajectory,other
SQuaD-MDS hybrid,SQuaD_MDS_hybrid,SQuaD-MDS,Qlocal,0.5,TI,trophectoderm,dr2,25,trajectory,other
SQuaD-MDS,SQuaD_MDS,SQuaD-MDS,centroid_distance,1.0,TI,trophectoderm,dr1,25,trajectory,other
SQuaD-MDS hybrid,SQuaD_MDS_hybrid,SQuaD-MDS,centroid_distance,1.0,TI,trophectoderm,dr1,25,trajectory,other
SQuaD-MDS,SQuaD_MDS,SQuaD-MDS,k-nearest,1.0,TI,trophectoderm,dr1,25,trajectory,other
SQuaD-MDS hybrid,SQuaD_MDS_hybrid,SQuaD-MDS,k-nearest,1.0,TI,trophectoderm,dr1,25,trajectory,other
SQuaD-MDS,SQuaD_MDS,SQuaD-MDS,kmax,20.0,TI,trophectoderm,dr2,25,trajectory,other
SQuaD-MDS hybrid,SQuaD_MDS_hybrid,SQuaD-MDS,kmax,1.0,TI,trophectoderm,dr2,25,trajectory,other
SQuaD-MDS,SQuaD_MDS,SQuaD-MDS,random_triplet,0.798,TI,trophectoderm,dr1,25,trajectory,other
SQuaD-MDS hybrid,SQuaD_MDS_hybrid,SQuaD-MDS,random_triplet,0.822,TI,trophectoderm,dr1,25,trajectory,other
SQuaD-MDS,SQuaD_MDS,SQuaD-MDS,spearman,0.772,TI,trophectoderm,dr1,25,trajectory,other
SQuaD-MDS hybrid,SQuaD_MDS_hybrid,SQuaD-MDS,spearman,0.783,TI,trophectoderm,dr1,25,trajectory,other
SQuaD-MDS,SQuaD_MDS,SQuaD-MDS,svm,0.988,TI,trophectoderm,dr1,25,trajectory,other
SQuaD-MDS hybrid,SQuaD_MDS_hybrid,SQuaD-MDS,svm,1.0,TI,trophectoderm,dr1,25,trajectory,other
SQuaD-MDS,SQuaD_MDS,SQuaD-MDS,AUC,0.752,VASC,Baron,dr2,25,VASC,other
SQuaD-MDS hybrid,SQuaD_MDS_hybrid,SQuaD-MDS,AUC,0.736,VASC,Baron,dr2,25,VASC,other
SQuaD-MDS,SQuaD_MDS,SQuaD-MDS,Pearson,0.79,VASC,Baron,dr3,25,VASC,other
SQuaD-MDS hybrid,SQuaD_MDS_hybrid,SQuaD-MDS,Pearson,0.718,VASC,Baron,dr3,25,VASC,other
SQuaD-MDS,SQuaD_MDS,SQuaD-MDS,Qglobal,0.807,VASC,Baron,dr2,25,VASC,other
SQuaD-MDS hybrid,SQuaD_MDS_hybrid,SQuaD-MDS,Qglobal,0.768,VASC,Baron,dr2,25,VASC,other
SQuaD-MDS,SQuaD_MDS,SQuaD-MDS,Qlocal,0.4,VASC,Baron,dr2,25,VASC,other
SQuaD-MDS hybrid,SQuaD_MDS_hybrid,SQuaD-MDS,Qlocal,0.46,VASC,Baron,dr2,25,VASC,other
SQuaD-MDS,SQuaD_MDS,SQuaD-MDS,centroid_distance,0.756,VASC,Baron,dr1,25,VASC,other
SQuaD-MDS hybrid,SQuaD_MDS_hybrid,SQuaD-MDS,centroid_distance,0.698,VASC,Baron,dr1,25,VASC,other
SQuaD-MDS,SQuaD_MDS,SQuaD-MDS,k-nearest,0.482,VASC,Baron,dr1,25,VASC,other
SQuaD-MDS hybrid,SQuaD_MDS_hybrid,SQuaD-MDS,k-nearest,0.607,VASC,Baron,dr1,25,VASC,other
SQuaD-MDS,SQuaD_MDS,SQuaD-MDS,kmax,1162.0,VASC,Baron,dr2,25,VASC,other
SQuaD-MDS hybrid,SQuaD_MDS_hybrid,SQuaD-MDS,kmax,870.0,VASC,Baron,dr2,25,VASC,other
SQuaD-MDS,SQuaD_MDS,SQuaD-MDS,random_triplet,0.79,VASC,Baron,dr1,25,VASC,other
SQuaD-MDS hybrid,SQuaD_MDS_hybrid,SQuaD-MDS,random_triplet,0.741,VASC,Baron,dr1,25,VASC,other
SQuaD-MDS,SQuaD_MDS,SQuaD-MDS,spearman,0.807,VASC,Baron,dr1,25,VASC,other
SQuaD-MDS hybrid,SQuaD_MDS_hybrid,SQuaD-MDS,spearman,0.712,VASC,Baron,dr1,25,VASC,other
SQuaD-MDS,SQuaD_MDS,SQuaD-MDS,svm,0.319,VASC,Baron,dr1,25,VASC,other
SQuaD-MDS hybrid,SQuaD_MDS_hybrid,SQuaD-MDS,svm,0.342,VASC,Baron,dr1,25,VASC,other
SQuaD-MDS,SQuaD_MDS,SQuaD-MDS,AUC,0.803,VASC,Biase,dr2,25,VASC,other
SQuaD-MDS hybrid,SQuaD_MDS_hybrid,SQuaD-MDS,AUC,0.77,VASC,Biase,dr2,25,VASC,other
SQuaD-MDS,SQuaD_MDS,SQuaD-MDS,Pearson,0.844,VASC,Biase,dr3,25,VASC,other
SQuaD-MDS hybrid,SQuaD_MDS_hybrid,SQuaD-MDS,Pearson,0.709,VASC,Biase,dr3,25,VASC,other
SQuaD-MDS,SQuaD_MDS,SQuaD-MDS,Qglobal,0.89,VASC,Biase,dr2,25,VASC,other
SQuaD-MDS hybrid,SQuaD_MDS_hybrid,SQuaD-MDS,Qglobal,0.781,VASC,Biase,dr2,25,VASC,other
SQuaD-MDS,SQuaD_MDS,SQuaD-MDS,Qlocal,0.542,VASC,Biase,dr2,25,VASC,other
SQuaD-MDS hybrid,SQuaD_MDS_hybrid,SQuaD-MDS,Qlocal,0.625,VASC,Biase,dr2,25,VASC,other
SQuaD-MDS,SQuaD_MDS,SQuaD-MDS,centroid_distance,0.904,VASC,Biase,dr1,25,VASC,other
SQuaD-MDS hybrid,SQuaD_MDS_hybrid,SQuaD-MDS,centroid_distance,0.855,VASC,Biase,dr1,25,VASC,other
SQuaD-MDS,SQuaD_MDS,SQuaD-MDS,k-nearest,1.0,VASC,Biase,dr1,25,VASC,other
SQuaD-MDS hybrid,SQuaD_MDS_hybrid,SQuaD-MDS,k-nearest,0.5,VASC,Biase,dr1,25,VASC,other
SQuaD-MDS,SQuaD_MDS,SQuaD-MDS,kmax,12.0,VASC,Biase,dr2,25,VASC,other
SQuaD-MDS hybrid,SQuaD_MDS_hybrid,SQuaD-MDS,kmax,1.0,VASC,Biase,dr2,25,VASC,other
SQuaD-MDS,SQuaD_MDS,SQuaD-MDS,random_triplet,0.871,VASC,Biase,dr1,25,VASC,other
SQuaD-MDS hybrid,SQuaD_MDS_hybrid,SQuaD-MDS,random_triplet,0.761,VASC,Biase,dr1,25,VASC,other
SQuaD-MDS,SQuaD_MDS,SQuaD-MDS,spearman,0.875,VASC,Biase,dr1,25,VASC,other
SQuaD-MDS hybrid,SQuaD_MDS_hybrid,SQuaD-MDS,spearman,0.703,VASC,Biase,dr1,25,VASC,other
SQuaD-MDS,SQuaD_MDS,SQuaD-MDS,svm,0.98,VASC,Biase,dr1,25,VASC,other
SQuaD-MDS hybrid,SQuaD_MDS_hybrid,SQuaD-MDS,svm,0.983,VASC,Biase,dr1,25,VASC,other
SQuaD-MDS,SQuaD_MDS,SQuaD-MDS,AUC,0.789,VASC,Goolam,dr2,25,VASC,other
SQuaD-MDS hybrid,SQuaD_MDS_hybrid,SQuaD-MDS,AUC,0.832,VASC,Goolam,dr2,25,VASC,other
SQuaD-MDS,SQuaD_MDS,SQuaD-MDS,Pearson,0.856,VASC,Goolam,dr3,25,VASC,other
SQuaD-MDS hybrid,SQuaD_MDS_hybrid,SQuaD-MDS,Pearson,0.845,VASC,Goolam,dr3,25,VASC,other
SQuaD-MDS,SQuaD_MDS,SQuaD-MDS,Qglobal,0.833,VASC,Goolam,dr2,25,VASC,other
SQuaD-MDS hybrid,SQuaD_MDS_hybrid,SQuaD-MDS,Qglobal,0.837,VASC,Goolam,dr2,25,VASC,other
SQuaD-MDS,SQuaD_MDS,SQuaD-MDS,Qlocal,0.469,VASC,Goolam,dr2,25,VASC,other
SQuaD-MDS hybrid,SQuaD_MDS_hybrid,SQuaD-MDS,Qlocal,0.903,VASC,Goolam,dr2,25,VASC,other
SQuaD-MDS,SQuaD_MDS,SQuaD-MDS,centroid_distance,0.994,VASC,Goolam,dr1,25,VASC,other
SQuaD-MDS hybrid,SQuaD_MDS_hybrid,SQuaD-MDS,centroid_distance,0.981,VASC,Goolam,dr1,25,VASC,other
SQuaD-MDS,SQuaD_MDS,SQuaD-MDS,k-nearest,1.0,VASC,Goolam,dr1,25,VASC,other
SQuaD-MDS hybrid,SQuaD_MDS_hybrid,SQuaD-MDS,k-nearest,0.8,VASC,Goolam,dr1,25,VASC,other
SQuaD-MDS,SQuaD_MDS,SQuaD-MDS,kmax,14.0,VASC,Goolam,dr2,25,VASC,other
SQuaD-MDS hybrid,SQuaD_MDS_hybrid,SQuaD-MDS,kmax,1.0,VASC,Goolam,dr2,25,VASC,other
SQuaD-MDS,SQuaD_MDS,SQuaD-MDS,random_triplet,0.826,VASC,Goolam,dr1,25,VASC,other
SQuaD-MDS hybrid,SQuaD_MDS_hybrid,SQuaD-MDS,random_triplet,0.848,VASC,Goolam,dr1,25,VASC,other
SQuaD-MDS,SQuaD_MDS,SQuaD-MDS,spearman,0.851,VASC,Goolam,dr1,25,VASC,other
SQuaD-MDS hybrid,SQuaD_MDS_hybrid,SQuaD-MDS,spearman,0.822,VASC,Goolam,dr1,25,VASC,other
SQuaD-MDS,SQuaD_MDS,SQuaD-MDS,svm,0.929,VASC,Goolam,dr1,25,VASC,other
SQuaD-MDS hybrid,SQuaD_MDS_hybrid,SQuaD-MDS,svm,0.976,VASC,Goolam,dr1,25,VASC,other
SQuaD-MDS,SQuaD_MDS,SQuaD-MDS,AUC,0.653,VASC,Xin,dr2,25,VASC,other
SQuaD-MDS hybrid,SQuaD_MDS_hybrid,SQuaD-MDS,AUC,0.631,VASC,Xin,dr2,25,VASC,other
SQuaD-MDS,SQuaD_MDS,SQuaD-MDS,Pearson,0.658,VASC,Xin,dr3,25,VASC,other
SQuaD-MDS hybrid,SQuaD_MDS_hybrid,SQuaD-MDS,Pearson,0.469,VASC,Xin,dr3,25,VASC,other
SQuaD-MDS,SQuaD_MDS,SQuaD-MDS,Qglobal,0.84,VASC,Xin,dr2,25,VASC,other
SQuaD-MDS hybrid,SQuaD_MDS_hybrid,SQuaD-MDS,Qglobal,0.632,VASC,Xin,dr2,25,VASC,other
SQuaD-MDS,SQuaD_MDS,SQuaD-MDS,Qlocal,0.367,VASC,Xin,dr2,25,VASC,other
SQuaD-MDS hybrid,SQuaD_MDS_hybrid,SQuaD-MDS,Qlocal,0.311,VASC,Xin,dr2,25,VASC,other
SQuaD-MDS,SQuaD_MDS,SQuaD-MDS,centroid_distance,0.845,VASC,Xin,dr1,25,VASC,other
SQuaD-MDS hybrid,SQuaD_MDS_hybrid,SQuaD-MDS,centroid_distance,0.639,VASC,Xin,dr1,25,VASC,other
SQuaD-MDS,SQuaD_MDS,SQuaD-MDS,k-nearest,0.688,VASC,Xin,dr1,25,VASC,other
SQuaD-MDS hybrid,SQuaD_MDS_hybrid,SQuaD-MDS,k-nearest,0.812,VASC,Xin,dr1,25,VASC,other
SQuaD-MDS,SQuaD_MDS,SQuaD-MDS,kmax,630.0,VASC,Xin,dr2,25,VASC,other
SQuaD-MDS hybrid,SQuaD_MDS_hybrid,SQuaD-MDS,kmax,1.0,VASC,Xin,dr2,25,VASC,other
SQuaD-MDS,SQuaD_MDS,SQuaD-MDS,random_triplet,0.721,VASC,Xin,dr1,25,VASC,other
SQuaD-MDS hybrid,SQuaD_MDS_hybrid,SQuaD-MDS,random_triplet,0.67,VASC,Xin,dr1,25,VASC,other
SQuaD-MDS,SQuaD_MDS,SQuaD-MDS,spearman,0.67,VASC,Xin,dr1,25,VASC,other
SQuaD-MDS hybrid,SQuaD_MDS_hybrid,SQuaD-MDS,spearman,0.509,VASC,Xin,dr1,25,VASC,other
SQuaD-MDS,SQuaD_MDS,SQuaD-MDS,svm,0.895,VASC,Xin,dr1,25,VASC,other
SQuaD-MDS hybrid,SQuaD_MDS_hybrid,SQuaD-MDS,svm,0.877,VASC,Xin,dr1,25,VASC,other
SQuaD-MDS,SQuaD_MDS,SQuaD-MDS,AUC,0.729,VASC,Zeisel,dr2,25,VASC,other
SQuaD-MDS hybrid,SQuaD_MDS_hybrid,SQuaD-MDS,AUC,0.716,VASC,Zeisel,dr2,25,VASC,other
SQuaD-MDS,SQuaD_MDS,SQuaD-MDS,Pearson,0.806,VASC,Zeisel,dr3,25,VASC,other
SQuaD-MDS hybrid,SQuaD_MDS_hybrid,SQuaD-MDS,Pearson,0.586,VASC,Zeisel,dr3,25,VASC,other
SQuaD-MDS,SQuaD_MDS,SQuaD-MDS,Qglobal,0.843,VASC,Zeisel,dr2,25,VASC,other
SQuaD-MDS hybrid,SQuaD_MDS_hybrid,SQuaD-MDS,Qglobal,0.796,VASC,Zeisel,dr2,25,VASC,other
SQuaD-MDS,SQuaD_MDS,SQuaD-MDS,Qlocal,0.403,VASC,Zeisel,dr2,25,VASC,other
SQuaD-MDS hybrid,SQuaD_MDS_hybrid,SQuaD-MDS,Qlocal,0.474,VASC,Zeisel,dr2,25,VASC,other
SQuaD-MDS,SQuaD_MDS,SQuaD-MDS,centroid_distance,0.665,VASC,Zeisel,dr1,25,VASC,other
SQuaD-MDS hybrid,SQuaD_MDS_hybrid,SQuaD-MDS,centroid_distance,0.649,VASC,Zeisel,dr1,25,VASC,other
SQuaD-MDS,SQuaD_MDS,SQuaD-MDS,k-nearest,0.667,VASC,Zeisel,dr1,25,VASC,other
SQuaD-MDS hybrid,SQuaD_MDS_hybrid,SQuaD-MDS,k-nearest,0.556,VASC,Zeisel,dr1,25,VASC,other
SQuaD-MDS,SQuaD_MDS,SQuaD-MDS,kmax,774.0,VASC,Zeisel,dr2,25,VASC,other
SQuaD-MDS hybrid,SQuaD_MDS_hybrid,SQuaD-MDS,kmax,749.0,VASC,Zeisel,dr2,25,VASC,other
SQuaD-MDS,SQuaD_MDS,SQuaD-MDS,random_triplet,0.79,VASC,Zeisel,dr1,25,VASC,other
SQuaD-MDS hybrid,SQuaD_MDS_hybrid,SQuaD-MDS,random_triplet,0.732,VASC,Zeisel,dr1,25,VASC,other
SQuaD-MDS,SQuaD_MDS,SQuaD-MDS,spearman,0.826,VASC,Zeisel,dr1,25,VASC,other
SQuaD-MDS hybrid,SQuaD_MDS_hybrid,SQuaD-MDS,spearman,0.601,VASC,Zeisel,dr1,25,VASC,other
SQuaD-MDS,SQuaD_MDS,SQuaD-MDS,svm,0.794,VASC,Zeisel,dr1,25,VASC,other
SQuaD-MDS hybrid,SQuaD_MDS_hybrid,SQuaD-MDS,svm,0.871,VASC,Zeisel,dr1,25,VASC,other
SQuaD-MDS,SQuaD_MDS,SQuaD-MDS,AUC,0.836,VASC,yan,dr2,25,VASC,other
SQuaD-MDS hybrid,SQuaD_MDS_hybrid,SQuaD-MDS,AUC,0.867,VASC,yan,dr2,25,VASC,other
SQuaD-MDS,SQuaD_MDS,SQuaD-MDS,Pearson,0.868,VASC,yan,dr3,25,VASC,other
SQuaD-MDS hybrid,SQuaD_MDS_hybrid,SQuaD-MDS,Pearson,0.875,VASC,yan,dr3,25,VASC,other
SQuaD-MDS,SQuaD_MDS,SQuaD-MDS,Qglobal,0.903,VASC,yan,dr2,25,VASC,other
SQuaD-MDS hybrid,SQuaD_MDS_hybrid,SQuaD-MDS,Qglobal,0.876,VASC,yan,dr2,25,VASC,other
SQuaD-MDS,SQuaD_MDS,SQuaD-MDS,Qlocal,0.644,VASC,yan,dr2,25,VASC,other
SQuaD-MDS hybrid,SQuaD_MDS_hybrid,SQuaD-MDS,Qlocal,0.722,VASC,yan,dr2,25,VASC,other
SQuaD-MDS,SQuaD_MDS,SQuaD-MDS,centroid_distance,0.973,VASC,yan,dr1,25,VASC,other
SQuaD-MDS hybrid,SQuaD_MDS_hybrid,SQuaD-MDS,centroid_distance,0.981,VASC,yan,dr1,25,VASC,other
SQuaD-MDS,SQuaD_MDS,SQuaD-MDS,k-nearest,0.917,VASC,yan,dr1,25,VASC,other
SQuaD-MDS hybrid,SQuaD_MDS_hybrid,SQuaD-MDS,k-nearest,1.0,VASC,yan,dr1,25,VASC,other
SQuaD-MDS,SQuaD_MDS,SQuaD-MDS,kmax,20.0,VASC,yan,dr2,25,VASC,other
SQuaD-MDS hybrid,SQuaD_MDS_hybrid,SQuaD-MDS,kmax,1.0,VASC,yan,dr2,25,VASC,other
SQuaD-MDS,SQuaD_MDS,SQuaD-MDS,random_triplet,0.871,VASC,yan,dr1,25,VASC,other
SQuaD-MDS hybrid,SQuaD_MDS_hybrid,SQuaD-MDS,random_triplet,0.882,VASC,yan,dr1,25,VASC,other
SQuaD-MDS,SQuaD_MDS,SQuaD-MDS,spearman,0.864,VASC,yan,dr1,25,VASC,other
SQuaD-MDS hybrid,SQuaD_MDS_hybrid,SQuaD-MDS,spearman,0.917,VASC,yan,dr1,25,VASC,other
SQuaD-MDS,SQuaD_MDS,SQuaD-MDS,svm,0.9,VASC,yan,dr1,25,VASC,other
SQuaD-MDS hybrid,SQuaD_MDS_hybrid,SQuaD-MDS,svm,0.956,VASC,yan,dr1,25,VASC,other
SQuaD-MDS,SQuaD_MDS,SQuaD-MDS,AUC,0.691,benchmarker,Baron_mouse,dr2,25,curated,other
SQuaD-MDS hybrid,SQuaD_MDS_hybrid,SQuaD-MDS,AUC,0.676,benchmarker,Baron_mouse,dr2,25,curated,other
SQuaD-MDS,SQuaD_MDS,SQuaD-MDS,Pearson,0.783,benchmarker,Baron_mouse,dr3,25,curated,other
SQuaD-MDS hybrid,SQuaD_MDS_hybrid,SQuaD-MDS,Pearson,0.65,benchmarker,Baron_mouse,dr3,25,curated,other
SQuaD-MDS,SQuaD_MDS,SQuaD-MDS,Qglobal,0.873,benchmarker,Baron_mouse,dr2,25,curated,other
SQuaD-MDS hybrid,SQuaD_MDS_hybrid,SQuaD-MDS,Qglobal,0.702,benchmarker,Baron_mouse,dr2,25,curated,other
SQuaD-MDS,SQuaD_MDS,SQuaD-MDS,Qlocal,0.441,benchmarker,Baron_mouse,dr2,25,curated,other
SQuaD-MDS hybrid,SQuaD_MDS_hybrid,SQuaD-MDS,Qlocal,0.309,benchmarker,Baron_mouse,dr2,25,curated,other
SQuaD-MDS,SQuaD_MDS,SQuaD-MDS,centroid_distance,0.36,benchmarker,Baron_mouse,dr1,25,curated,other
SQuaD-MDS hybrid,SQuaD_MDS_hybrid,SQuaD-MDS,centroid_distance,0.548,benchmarker,Baron_mouse,dr1,25,curated,other
SQuaD-MDS,SQuaD_MDS,SQuaD-MDS,k-nearest,0.513,benchmarker,Baron_mouse,dr1,25,curated,other
SQuaD-MDS hybrid,SQuaD_MDS_hybrid,SQuaD-MDS,k-nearest,0.436,benchmarker,Baron_mouse,dr1,25,curated,other
SQuaD-MDS,SQuaD_MDS,SQuaD-MDS,kmax,790.0,benchmarker,Baron_mouse,dr2,25,curated,other
SQuaD-MDS hybrid,SQuaD_MDS_hybrid,SQuaD-MDS,kmax,123.0,benchmarker,Baron_mouse,dr2,25,curated,other
SQuaD-MDS,SQuaD_MDS,SQuaD-MDS,random_triplet,0.76,benchmarker,Baron_mouse,dr1,25,curated,other
SQuaD-MDS hybrid,SQuaD_MDS_hybrid,SQuaD-MDS,random_triplet,0.71,benchmarker,Baron_mouse,dr1,25,curated,other
SQuaD-MDS,SQuaD_MDS,SQuaD-MDS,spearman,0.786,benchmarker,Baron_mouse,dr1,25,curated,other
SQuaD-MDS hybrid,SQuaD_MDS_hybrid,SQuaD-MDS,spearman,0.643,benchmarker,Baron_mouse,dr1,25,curated,other
SQuaD-MDS,SQuaD_MDS,SQuaD-MDS,svm,0.889,benchmarker,Baron_mouse,dr1,25,curated,other
SQuaD-MDS hybrid,SQuaD_MDS_hybrid,SQuaD-MDS,svm,0.942,benchmarker,Baron_mouse,dr1,25,curated,other
SQuaD-MDS,SQuaD_MDS,SQuaD-MDS,AUC,0.697,benchmarker,Darmanis,dr2,25,curated,other
SQuaD-MDS hybrid,SQuaD_MDS_hybrid,SQuaD-MDS,AUC,0.694,benchmarker,Darmanis,dr2,25,curated,other
SQuaD-MDS,SQuaD_MDS,SQuaD-MDS,Pearson,0.647,benchmarker,Darmanis,dr3,25,curated,other
SQuaD-MDS hybrid,SQuaD_MDS_hybrid,SQuaD-MDS,Pearson,0.458,benchmarker,Darmanis,dr3,25,curated,other
SQuaD-MDS,SQuaD_MDS,SQuaD-MDS,Qglobal,0.771,benchmarker,Darmanis,dr2,25,curated,other
SQuaD-MDS hybrid,SQuaD_MDS_hybrid,SQuaD-MDS,Qglobal,0.732,benchmarker,Darmanis,dr2,25,curated,other
SQuaD-MDS,SQuaD_MDS,SQuaD-MDS,Qlocal,0.347,benchmarker,Darmanis,dr2,25,curated,other
SQuaD-MDS hybrid,SQuaD_MDS_hybrid,SQuaD-MDS,Qlocal,0.451,benchmarker,Darmanis,dr2,25,curated,other
SQuaD-MDS,SQuaD_MDS,SQuaD-MDS,centroid_distance,0.596,benchmarker,Darmanis,dr1,25,curated,other
SQuaD-MDS hybrid,SQuaD_MDS_hybrid,SQuaD-MDS,centroid_distance,0.513,benchmarker,Darmanis,dr1,25,curated,other
SQuaD-MDS,SQuaD_MDS,SQuaD-MDS,k-nearest,0.438,benchmarker,Darmanis,dr1,25,curated,other
SQuaD-MDS hybrid,SQuaD_MDS_hybrid,SQuaD-MDS,k-nearest,0.562,benchmarker,Darmanis,dr1,25,curated,other
SQuaD-MDS,SQuaD_MDS,SQuaD-MDS,kmax,72.0,benchmarker,Darmanis,dr2,25,curated,other
SQuaD-MDS hybrid,SQuaD_MDS_hybrid,SQuaD-MDS,kmax,55.0,benchmarker,Darmanis,dr2,25,curated,other
SQuaD-MDS,SQuaD_MDS,SQuaD-MDS,random_triplet,0.729,benchmarker,Darmanis,dr1,25,curated,other
SQuaD-MDS hybrid,SQuaD_MDS_hybrid,SQuaD-MDS,random_triplet,0.686,benchmarker,Darmanis,dr1,25,curated,other
SQuaD-MDS,SQuaD_MDS,SQuaD-MDS,spearman,0.674,benchmarker,Darmanis,dr1,25,curated,other
SQuaD-MDS hybrid,SQuaD_MDS_hybrid,SQuaD-MDS,spearman,0.507,benchmarker,Darmanis,dr1,25,curated,other
SQuaD-MDS,SQuaD_MDS,SQuaD-MDS,svm,0.845,benchmarker,Darmanis,dr1,25,curated,other
SQuaD-MDS hybrid,SQuaD_MDS_hybrid,SQuaD-MDS,svm,0.917,benchmarker,Darmanis,dr1,25,curated,other
SQuaD-MDS,SQuaD_MDS,SQuaD-MDS,AUC,0.713,benchmarker,Pancreatic,dr2,25,curated,other
SQuaD-MDS hybrid,SQuaD_MDS_hybrid,SQuaD-MDS,AUC,0.692,benchmarker,Pancreatic,dr2,25,curated,other
SQuaD-MDS,SQuaD_MDS,SQuaD-MDS,Pearson,0.691,benchmarker,Pancreatic,dr3,25,curated,other
SQuaD-MDS hybrid,SQuaD_MDS_hybrid,SQuaD-MDS,Pearson,0.547,benchmarker,Pancreatic,dr3,25,curated,other
SQuaD-MDS,SQuaD_MDS,SQuaD-MDS,Qglobal,0.835,benchmarker,Pancreatic,dr2,25,curated,other
SQuaD-MDS hybrid,SQuaD_MDS_hybrid,SQuaD-MDS,Qglobal,0.698,benchmarker,Pancreatic,dr2,25,curated,other
SQuaD-MDS,SQuaD_MDS,SQuaD-MDS,Qlocal,0.382,benchmarker,Pancreatic,dr2,25,curated,other
SQuaD-MDS hybrid,SQuaD_MDS_hybrid,SQuaD-MDS,Qlocal,0.383,benchmarker,Pancreatic,dr2,25,curated,other
SQuaD-MDS,SQuaD_MDS,SQuaD-MDS,centroid_distance,0.965,benchmarker,Pancreatic,dr1,25,curated,other
SQuaD-MDS hybrid,SQuaD_MDS_hybrid,SQuaD-MDS,centroid_distance,0.784,benchmarker,Pancreatic,dr1,25,curated,other
SQuaD-MDS,SQuaD_MDS,SQuaD-MDS,k-nearest,0.833,benchmarker,Pancreatic,dr1,25,curated,other
SQuaD-MDS hybrid,SQuaD_MDS_hybrid,SQuaD-MDS,k-nearest,0.5,benchmarker,Pancreatic,dr1,25,curated,other
SQuaD-MDS,SQuaD_MDS,SQuaD-MDS,kmax,15.0,benchmarker,Pancreatic,dr2,25,curated,other
SQuaD-MDS hybrid,SQuaD_MDS_hybrid,SQuaD-MDS,kmax,1.0,benchmarker,Pancreatic,dr2,25,curated,other
SQuaD-MDS,SQuaD_MDS,SQuaD-MDS,random_triplet,0.76,benchmarker,Pancreatic,dr1,25,curated,other
SQuaD-MDS hybrid,SQuaD_MDS_hybrid,SQuaD-MDS,random_triplet,0.663,benchmarker,Pancreatic,dr1,25,curated,other
SQuaD-MDS,SQuaD_MDS,SQuaD-MDS,spearman,0.755,benchmarker,Pancreatic,dr1,25,curated,other
SQuaD-MDS hybrid,SQuaD_MDS_hybrid,SQuaD-MDS,spearman,0.603,benchmarker,Pancreatic,dr1,25,curated,other
SQuaD-MDS,SQuaD_MDS,SQuaD-MDS,svm,0.617,benchmarker,Pancreatic,dr1,25,curated,other
SQuaD-MDS hybrid,SQuaD_MDS_hybrid,SQuaD-MDS,svm,0.717,benchmarker,Pancreatic,dr1,25,curated,other
SQuaD-MDS,SQuaD_MDS,SQuaD-MDS,AUC,0.707,benchmarker,Silver,dr2,25,curated,other
SQuaD-MDS hybrid,SQuaD_MDS_hybrid,SQuaD-MDS,AUC,0.706,benchmarker,Silver,dr2,25,curated,other
SQuaD-MDS,SQuaD_MDS,SQuaD-MDS,Pearson,0.754,benchmarker,Silver,dr3,25,curated,other
SQuaD-MDS hybrid,SQuaD_MDS_hybrid,SQuaD-MDS,Pearson,0.641,benchmarker,Silver,dr3,25,curated,other
SQuaD-MDS,SQuaD_MDS,SQuaD-MDS,Qglobal,0.823,benchmarker,Silver,dr2,25,curated,other
SQuaD-MDS hybrid,SQuaD_MDS_hybrid,SQuaD-MDS,Qglobal,0.807,benchmarker,Silver,dr2,25,curated,other
SQuaD-MDS,SQuaD_MDS,SQuaD-MDS,Qlocal,0.36,benchmarker,Silver,dr2,25,curated,other
SQuaD-MDS hybrid,SQuaD_MDS_hybrid,SQuaD-MDS,Qlocal,0.403,benchmarker,Silver,dr2,25,curated,other
SQuaD-MDS,SQuaD_MDS,SQuaD-MDS,centroid_distance,0.954,benchmarker,Silver,dr1,25,curated,other
SQuaD-MDS hybrid,SQuaD_MDS_hybrid,SQuaD-MDS,centroid_distance,0.978,benchmarker,Silver,dr1,25,curated,other
SQuaD-MDS,SQuaD_MDS,SQuaD-MDS,k-nearest,0.848,benchmarker,Silver,dr1,25,curated,other
SQuaD-MDS hybrid,SQuaD_MDS_hybrid,SQuaD-MDS,k-nearest,0.909,benchmarker,Silver,dr1,25,curated,other
SQuaD-MDS,SQuaD_MDS,SQuaD-MDS,kmax,649.0,benchmarker,Silver,dr2,25,curated,other
SQuaD-MDS hybrid,SQuaD_MDS_hybrid,SQuaD-MDS,kmax,646.0,benchmarker,Silver,dr2,25,curated,other
SQuaD-MDS,SQuaD_MDS,SQuaD-MDS,random_triplet,0.779,benchmarker,Silver,dr1,25,curated,other
SQuaD-MDS hybrid,SQuaD_MDS_hybrid,SQuaD-MDS,random_triplet,0.74,benchmarker,Silver,dr1,25,curated,other
SQuaD-MDS,SQuaD_MDS,SQuaD-MDS,spearman,0.76,benchmarker,Silver,dr1,25,curated,other
SQuaD-MDS hybrid,SQuaD_MDS_hybrid,SQuaD-MDS,spearman,0.647,benchmarker,Silver,dr1,25,curated,other
SQuaD-MDS,SQuaD_MDS,SQuaD-MDS,svm,0.51,benchmarker,Silver,dr1,25,curated,other
SQuaD-MDS hybrid,SQuaD_MDS_hybrid,SQuaD-MDS,svm,0.501,benchmarker,Silver,dr1,25,curated,other
SQuaD-MDS,SQuaD_MDS,SQuaD-MDS,AUC,0.715,benchmarker,Zhengmix4eq,dr2,25,curated,other
SQuaD-MDS hybrid,SQuaD_MDS_hybrid,SQuaD-MDS,AUC,0.693,benchmarker,Zhengmix4eq,dr2,25,curated,other
SQuaD-MDS,SQuaD_MDS,SQuaD-MDS,Pearson,0.802,benchmarker,Zhengmix4eq,dr3,25,curated,other
SQuaD-MDS hybrid,SQuaD_MDS_hybrid,SQuaD-MDS,Pearson,0.59,benchmarker,Zhengmix4eq,dr3,25,curated,other
SQuaD-MDS,SQuaD_MDS,SQuaD-MDS,Qglobal,0.843,benchmarker,Zhengmix4eq,dr2,25,curated,other
SQuaD-MDS hybrid,SQuaD_MDS_hybrid,SQuaD-MDS,Qglobal,0.802,benchmarker,Zhengmix4eq,dr2,25,curated,other
SQuaD-MDS,SQuaD_MDS,SQuaD-MDS,Qlocal,0.368,benchmarker,Zhengmix4eq,dr2,25,curated,other
SQuaD-MDS hybrid,SQuaD_MDS_hybrid,SQuaD-MDS,Qlocal,0.363,benchmarker,Zhengmix4eq,dr2,25,curated,other
SQuaD-MDS,SQuaD_MDS,SQuaD-MDS,centroid_distance,0.976,benchmarker,Zhengmix4eq,dr1,25,curated,other
SQuaD-MDS hybrid,SQuaD_MDS_hybrid,SQuaD-MDS,centroid_distance,1.0,benchmarker,Zhengmix4eq,dr1,25,curated,other
SQuaD-MDS,SQuaD_MDS,SQuaD-MDS,k-nearest,1.0,benchmarker,Zhengmix4eq,dr1,25,curated,other
SQuaD-MDS hybrid,SQuaD_MDS_hybrid,SQuaD-MDS,k-nearest,1.0,benchmarker,Zhengmix4eq,dr1,25,curated,other
SQuaD-MDS,SQuaD_MDS,SQuaD-MDS,kmax,1078.0,benchmarker,Zhengmix4eq,dr2,25,curated,other
SQuaD-MDS hybrid,SQuaD_MDS_hybrid,SQuaD-MDS,kmax,997.0,benchmarker,Zhengmix4eq,dr2,25,curated,other
SQuaD-MDS,SQuaD_MDS,SQuaD-MDS,random_triplet,0.789,benchmarker,Zhengmix4eq,dr1,25,curated,other
SQuaD-MDS hybrid,SQuaD_MDS_hybrid,SQuaD-MDS,random_triplet,0.725,benchmarker,Zhengmix4eq,dr1,25,curated,other
SQuaD-MDS,SQuaD_MDS,SQuaD-MDS,spearman,0.807,benchmarker,Zhengmix4eq,dr1,25,curated,other
SQuaD-MDS hybrid,SQuaD_MDS_hybrid,SQuaD-MDS,spearman,0.584,benchmarker,Zhengmix4eq,dr1,25,curated,other
SQuaD-MDS,SQuaD_MDS,SQuaD-MDS,svm,0.937,benchmarker,Zhengmix4eq,dr1,25,curated,other
SQuaD-MDS hybrid,SQuaD_MDS_hybrid,SQuaD-MDS,svm,0.896,benchmarker,Zhengmix4eq,dr1,25,curated,other
SQuaD-MDS,SQuaD_MDS,SQuaD-MDS,AUC,0.887,scDesign3,ACINAR,dr2,25,scDesign3,other
SQuaD-MDS hybrid,SQuaD_MDS_hybrid,SQuaD-MDS,AUC,0.819,scDesign3,ACINAR,dr2,25,scDesign3,other
SQuaD-MDS,SQuaD_MDS,SQuaD-MDS,Pearson,0.985,scDesign3,ACINAR,dr3,25,scDesign3,other
SQuaD-MDS hybrid,SQuaD_MDS_hybrid,SQuaD-MDS,Pearson,0.706,scDesign3,ACINAR,dr3,25,scDesign3,other
SQuaD-MDS,SQuaD_MDS,SQuaD-MDS,Qglobal,0.935,scDesign3,ACINAR,dr2,25,scDesign3,other
SQuaD-MDS hybrid,SQuaD_MDS_hybrid,SQuaD-MDS,Qglobal,0.819,scDesign3,ACINAR,dr2,25,scDesign3,other
SQuaD-MDS,SQuaD_MDS,SQuaD-MDS,Qlocal,0.622,scDesign3,ACINAR,dr2,25,scDesign3,other
SQuaD-MDS hybrid,SQuaD_MDS_hybrid,SQuaD-MDS,Qlocal,0.698,scDesign3,ACINAR,dr2,25,scDesign3,other
SQuaD-MDS,SQuaD_MDS,SQuaD-MDS,centroid_distance,0.967,scDesign3,ACINAR,dr1,25,scDesign3,other
SQuaD-MDS hybrid,SQuaD_MDS_hybrid,SQuaD-MDS,centroid_distance,0.881,scDesign3,ACINAR,dr1,25,scDesign3,other
SQuaD-MDS,SQuaD_MDS,SQuaD-MDS,k-nearest,0.933,scDesign3,ACINAR,dr1,25,scDesign3,other
SQuaD-MDS hybrid,SQuaD_MDS_hybrid,SQuaD-MDS,k-nearest,0.767,scDesign3,ACINAR,dr1,25,scDesign3,other
SQuaD-MDS,SQuaD_MDS,SQuaD-MDS,kmax,463.0,scDesign3,ACINAR,dr2,25,scDesign3,other
SQuaD-MDS hybrid,SQuaD_MDS_hybrid,SQuaD-MDS,kmax,1.0,scDesign3,ACINAR,dr2,25,scDesign3,other
SQuaD-MDS,SQuaD_MDS,SQuaD-MDS,random_triplet,0.927,scDesign3,ACINAR,dr1,25,scDesign3,other
SQuaD-MDS hybrid,SQuaD_MDS_hybrid,SQuaD-MDS,random_triplet,0.843,scDesign3,ACINAR,dr1,25,scDesign3,other
SQuaD-MDS,SQuaD_MDS,SQuaD-MDS,spearman,0.976,scDesign3,ACINAR,dr1,25,scDesign3,other
SQuaD-MDS hybrid,SQuaD_MDS_hybrid,SQuaD-MDS,spearman,0.822,scDesign3,ACINAR,dr1,25,scDesign3,other
SQuaD-MDS,SQuaD_MDS,SQuaD-MDS,svm,0.496,scDesign3,ACINAR,dr1,25,scDesign3,other
SQuaD-MDS hybrid,SQuaD_MDS_hybrid,SQuaD-MDS,svm,0.573,scDesign3,ACINAR,dr1,25,scDesign3,other
SQuaD-MDS,SQuaD_MDS,SQuaD-MDS,AUC,0.711,scDesign3,ATAC,dr2,25,scDesign3,other
SQuaD-MDS hybrid,SQuaD_MDS_hybrid,SQuaD-MDS,AUC,0.651,scDesign3,ATAC,dr2,25,scDesign3,other
SQuaD-MDS,SQuaD_MDS,SQuaD-MDS,Pearson,0.825,scDesign3,ATAC,dr3,25,scDesign3,other
SQuaD-MDS hybrid,SQuaD_MDS_hybrid,SQuaD-MDS,Pearson,0.512,scDesign3,ATAC,dr3,25,scDesign3,other
SQuaD-MDS,SQuaD_MDS,SQuaD-MDS,Qglobal,0.875,scDesign3,ATAC,dr2,25,scDesign3,other
SQuaD-MDS hybrid,SQuaD_MDS_hybrid,SQuaD-MDS,Qglobal,0.652,scDesign3,ATAC,dr2,25,scDesign3,other
SQuaD-MDS,SQuaD_MDS,SQuaD-MDS,Qlocal,0.409,scDesign3,ATAC,dr2,25,scDesign3,other
SQuaD-MDS hybrid,SQuaD_MDS_hybrid,SQuaD-MDS,Qlocal,0.285,scDesign3,ATAC,dr2,25,scDesign3,other
SQuaD-MDS,SQuaD_MDS,SQuaD-MDS,centroid_distance,0.812,scDesign3,ATAC,dr1,25,scDesign3,other
SQuaD-MDS hybrid,SQuaD_MDS_hybrid,SQuaD-MDS,centroid_distance,0.818,scDesign3,ATAC,dr1,25,scDesign3,other
SQuaD-MDS,SQuaD_MDS,SQuaD-MDS,k-nearest,0.744,scDesign3,ATAC,dr1,25,scDesign3,other
SQuaD-MDS hybrid,SQuaD_MDS_hybrid,SQuaD-MDS,k-nearest,0.744,scDesign3,ATAC,dr1,25,scDesign3,other
SQuaD-MDS,SQuaD_MDS,SQuaD-MDS,kmax,2471.0,scDesign3,ATAC,dr2,25,scDesign3,other
SQuaD-MDS hybrid,SQuaD_MDS_hybrid,SQuaD-MDS,kmax,1.0,scDesign3,ATAC,dr2,25,scDesign3,other
SQuaD-MDS,SQuaD_MDS,SQuaD-MDS,random_triplet,0.795,scDesign3,ATAC,dr1,25,scDesign3,other
SQuaD-MDS hybrid,SQuaD_MDS_hybrid,SQuaD-MDS,random_triplet,0.695,scDesign3,ATAC,dr1,25,scDesign3,other
SQuaD-MDS,SQuaD_MDS,SQuaD-MDS,spearman,0.82,scDesign3,ATAC,dr1,25,scDesign3,other
SQuaD-MDS hybrid,SQuaD_MDS_hybrid,SQuaD-MDS,spearman,0.504,scDesign3,ATAC,dr1,25,scDesign3,other
SQuaD-MDS,SQuaD_MDS,SQuaD-MDS,svm,0.709,scDesign3,ATAC,dr1,25,scDesign3,other
SQuaD-MDS hybrid,SQuaD_MDS_hybrid,SQuaD-MDS,svm,0.755,scDesign3,ATAC,dr1,25,scDesign3,other
SQuaD-MDS,SQuaD_MDS,SQuaD-MDS,AUC,0.869,scDesign3,BATCH,dr2,25,scDesign3,other
SQuaD-MDS hybrid,SQuaD_MDS_hybrid,SQuaD-MDS,AUC,0.778,scDesign3,BATCH,dr2,25,scDesign3,other
SQuaD-MDS,SQuaD_MDS,SQuaD-MDS,Pearson,0.944,scDesign3,BATCH,dr3,25,scDesign3,other
SQuaD-MDS hybrid,SQuaD_MDS_hybrid,SQuaD-MDS,Pearson,0.557,scDesign3,BATCH,dr3,25,scDesign3,other
SQuaD-MDS,SQuaD_MDS,SQuaD-MDS,Qglobal,0.902,scDesign3,BATCH,dr2,25,scDesign3,other
SQuaD-MDS hybrid,SQuaD_MDS_hybrid,SQuaD-MDS,Qglobal,0.778,scDesign3,BATCH,dr2,25,scDesign3,other
SQuaD-MDS,SQuaD_MDS,SQuaD-MDS,Qlocal,0.581,scDesign3,BATCH,dr2,25,scDesign3,other
SQuaD-MDS hybrid,SQuaD_MDS_hybrid,SQuaD-MDS,Qlocal,0.608,scDesign3,BATCH,dr2,25,scDesign3,other
SQuaD-MDS,SQuaD_MDS,SQuaD-MDS,centroid_distance,0.912,scDesign3,BATCH,dr1,25,scDesign3,other
SQuaD-MDS hybrid,SQuaD_MDS_hybrid,SQuaD-MDS,centroid_distance,0.771,scDesign3,BATCH,dr1,25,scDesign3,other
SQuaD-MDS,SQuaD_MDS,SQuaD-MDS,k-nearest,0.778,scDesign3,BATCH,dr1,25,scDesign3,other
SQuaD-MDS hybrid,SQuaD_MDS_hybrid,SQuaD-MDS,k-nearest,0.611,scDesign3,BATCH,dr1,25,scDesign3,other
SQuaD-MDS,SQuaD_MDS,SQuaD-MDS,kmax,641.0,scDesign3,BATCH,dr2,25,scDesign3,other
SQuaD-MDS hybrid,SQuaD_MDS_hybrid,SQuaD-MDS,kmax,1.0,scDesign3,BATCH,dr2,25,scDesign3,other
SQuaD-MDS,SQuaD_MDS,SQuaD-MDS,random_triplet,0.903,scDesign3,BATCH,dr1,25,scDesign3,other
SQuaD-MDS hybrid,SQuaD_MDS_hybrid,SQuaD-MDS,random_triplet,0.783,scDesign3,BATCH,dr1,25,scDesign3,other
SQuaD-MDS,SQuaD_MDS,SQuaD-MDS,spearman,0.969,scDesign3,BATCH,dr1,25,scDesign3,other
SQuaD-MDS hybrid,SQuaD_MDS_hybrid,SQuaD-MDS,spearman,0.741,scDesign3,BATCH,dr1,25,scDesign3,other
SQuaD-MDS,SQuaD_MDS,SQuaD-MDS,svm,0.797,scDesign3,BATCH,dr1,25,scDesign3,other
SQuaD-MDS hybrid,SQuaD_MDS_hybrid,SQuaD-MDS,svm,0.856,scDesign3,BATCH,dr1,25,scDesign3,other
SQuaD-MDS,SQuaD_MDS,SQuaD-MDS,AUC,0.945,scDesign3,CITE,dr2,25,scDesign3,other
SQuaD-MDS hybrid,SQuaD_MDS_hybrid,SQuaD-MDS,AUC,0.867,scDesign3,CITE,dr2,25,scDesign3,other
SQuaD-MDS,SQuaD_MDS,SQuaD-MDS,Pearson,0.96,scDesign3,CITE,dr3,25,scDesign3,other
SQuaD-MDS hybrid,SQuaD_MDS_hybrid,SQuaD-MDS,Pearson,0.696,scDesign3,CITE,dr3,25,scDesign3,other
SQuaD-MDS,SQuaD_MDS,SQuaD-MDS,Qglobal,0.962,scDesign3,CITE,dr2,25,scDesign3,other
SQuaD-MDS hybrid,SQuaD_MDS_hybrid,SQuaD-MDS,Qglobal,0.867,scDesign3,CITE,dr2,25,scDesign3,other
SQuaD-MDS,SQuaD_MDS,SQuaD-MDS,Qlocal,0.738,scDesign3,CITE,dr2,25,scDesign3,other
SQuaD-MDS hybrid,SQuaD_MDS_hybrid,SQuaD-MDS,Qlocal,0.757,scDesign3,CITE,dr2,25,scDesign3,other
SQuaD-MDS,SQuaD_MDS,SQuaD-MDS,centroid_distance,0.989,scDesign3,CITE,dr1,25,scDesign3,other
SQuaD-MDS hybrid,SQuaD_MDS_hybrid,SQuaD-MDS,centroid_distance,0.862,scDesign3,CITE,dr1,25,scDesign3,other
SQuaD-MDS,SQuaD_MDS,SQuaD-MDS,k-nearest,0.933,scDesign3,CITE,dr1,25,scDesign3,other
SQuaD-MDS hybrid,SQuaD_MDS_hybrid,SQuaD-MDS,k-nearest,0.733,scDesign3,CITE,dr1,25,scDesign3,other
SQuaD-MDS,SQuaD_MDS,SQuaD-MDS,kmax,620.0,scDesign3,CITE,dr2,25,scDesign3,other
SQuaD-MDS hybrid,SQuaD_MDS_hybrid,SQuaD-MDS,kmax,1.0,scDesign3,CITE,dr2,25,scDesign3,other
SQuaD-MDS,SQuaD_MDS,SQuaD-MDS,random_triplet,0.963,scDesign3,CITE,dr1,25,scDesign3,other
SQuaD-MDS hybrid,SQuaD_MDS_hybrid,SQuaD-MDS,random_triplet,0.876,scDesign3,CITE,dr1,25,scDesign3,other
SQuaD-MDS,SQuaD_MDS,SQuaD-MDS,spearman,0.996,scDesign3,CITE,dr1,25,scDesign3,other
SQuaD-MDS hybrid,SQuaD_MDS_hybrid,SQuaD-MDS,spearman,0.879,scDesign3,CITE,dr1,25,scDesign3,other
SQuaD-MDS,SQuaD_MDS,SQuaD-MDS,svm,0.667,scDesign3,CITE,dr1,25,scDesign3,other
SQuaD-MDS hybrid,SQuaD_MDS_hybrid,SQuaD-MDS,svm,0.699,scDesign3,CITE,dr1,25,scDesign3,other
SQuaD-MDS,SQuaD_MDS,SQuaD-MDS,AUC,0.829,scDesign3,EMBYRO,dr2,25,scDesign3,other
SQuaD-MDS hybrid,SQuaD_MDS_hybrid,SQuaD-MDS,AUC,0.766,scDesign3,EMBYRO,dr2,25,scDesign3,other
SQuaD-MDS,SQuaD_MDS,SQuaD-MDS,Pearson,0.963,scDesign3,EMBYRO,dr3,25,scDesign3,other
SQuaD-MDS hybrid,SQuaD_MDS_hybrid,SQuaD-MDS,Pearson,0.606,scDesign3,EMBYRO,dr3,25,scDesign3,other
SQuaD-MDS,SQuaD_MDS,SQuaD-MDS,Qglobal,0.881,scDesign3,EMBYRO,dr2,25,scDesign3,other
SQuaD-MDS hybrid,SQuaD_MDS_hybrid,SQuaD-MDS,Qglobal,0.766,scDesign3,EMBYRO,dr2,25,scDesign3,other
SQuaD-MDS,SQuaD_MDS,SQuaD-MDS,Qlocal,0.537,scDesign3,EMBYRO,dr2,25,scDesign3,other
SQuaD-MDS hybrid,SQuaD_MDS_hybrid,SQuaD-MDS,Qlocal,0.779,scDesign3,EMBYRO,dr2,25,scDesign3,other
SQuaD-MDS,SQuaD_MDS,SQuaD-MDS,centroid_distance,0.963,scDesign3,EMBYRO,dr1,25,scDesign3,other
SQuaD-MDS hybrid,SQuaD_MDS_hybrid,SQuaD-MDS,centroid_distance,0.932,scDesign3,EMBYRO,dr1,25,scDesign3,other
SQuaD-MDS,SQuaD_MDS,SQuaD-MDS,k-nearest,0.6,scDesign3,EMBYRO,dr1,25,scDesign3,other
SQuaD-MDS hybrid,SQuaD_MDS_hybrid,SQuaD-MDS,k-nearest,0.4,scDesign3,EMBYRO,dr1,25,scDesign3,other
SQuaD-MDS,SQuaD_MDS,SQuaD-MDS,kmax,192.0,scDesign3,EMBYRO,dr2,25,scDesign3,other
SQuaD-MDS hybrid,SQuaD_MDS_hybrid,SQuaD-MDS,kmax,1.0,scDesign3,EMBYRO,dr2,25,scDesign3,other
SQuaD-MDS,SQuaD_MDS,SQuaD-MDS,random_triplet,0.873,scDesign3,EMBYRO,dr1,25,scDesign3,other
SQuaD-MDS hybrid,SQuaD_MDS_hybrid,SQuaD-MDS,random_triplet,0.786,scDesign3,EMBYRO,dr1,25,scDesign3,other
SQuaD-MDS,SQuaD_MDS,SQuaD-MDS,spearman,0.959,scDesign3,EMBYRO,dr1,25,scDesign3,other
SQuaD-MDS hybrid,SQuaD_MDS_hybrid,SQuaD-MDS,spearman,0.767,scDesign3,EMBYRO,dr1,25,scDesign3,other
SQuaD-MDS,SQuaD_MDS,SQuaD-MDS,svm,0.47,scDesign3,EMBYRO,dr1,25,scDesign3,other
SQuaD-MDS hybrid,SQuaD_MDS_hybrid,SQuaD-MDS,svm,0.59,scDesign3,EMBYRO,dr1,25,scDesign3,other
SQuaD-MDS,SQuaD_MDS,SQuaD-MDS,AUC,0.88,scDesign3,IFNB,dr2,25,scDesign3,other
SQuaD-MDS hybrid,SQuaD_MDS_hybrid,SQuaD-MDS,AUC,0.799,scDesign3,IFNB,dr2,25,scDesign3,other
SQuaD-MDS,SQuaD_MDS,SQuaD-MDS,Pearson,0.985,scDesign3,IFNB,dr3,25,scDesign3,other
SQuaD-MDS hybrid,SQuaD_MDS_hybrid,SQuaD-MDS,Pearson,0.728,scDesign3,IFNB,dr3,25,scDesign3,other
SQuaD-MDS,SQuaD_MDS,SQuaD-MDS,Qglobal,0.937,scDesign3,IFNB,dr2,25,scDesign3,other
SQuaD-MDS hybrid,SQuaD_MDS_hybrid,SQuaD-MDS,Qglobal,0.799,scDesign3,IFNB,dr2,25,scDesign3,other
SQuaD-MDS,SQuaD_MDS,SQuaD-MDS,Qlocal,0.611,scDesign3,IFNB,dr2,25,scDesign3,other
SQuaD-MDS hybrid,SQuaD_MDS_hybrid,SQuaD-MDS,Qlocal,0.592,scDesign3,IFNB,dr2,25,scDesign3,other
SQuaD-MDS,SQuaD_MDS,SQuaD-MDS,centroid_distance,0.993,scDesign3,IFNB,dr1,25,scDesign3,other
SQuaD-MDS hybrid,SQuaD_MDS_hybrid,SQuaD-MDS,centroid_distance,0.883,scDesign3,IFNB,dr1,25,scDesign3,other
SQuaD-MDS,SQuaD_MDS,SQuaD-MDS,k-nearest,0.821,scDesign3,IFNB,dr1,25,scDesign3,other
SQuaD-MDS hybrid,SQuaD_MDS_hybrid,SQuaD-MDS,k-nearest,0.615,scDesign3,IFNB,dr1,25,scDesign3,other
SQuaD-MDS,SQuaD_MDS,SQuaD-MDS,kmax,2448.0,scDesign3,IFNB,dr2,25,scDesign3,other
SQuaD-MDS hybrid,SQuaD_MDS_hybrid,SQuaD-MDS,kmax,1.0,scDesign3,IFNB,dr2,25,scDesign3,other
SQuaD-MDS,SQuaD_MDS,SQuaD-MDS,random_triplet,0.922,scDesign3,IFNB,dr1,25,scDesign3,other
SQuaD-MDS hybrid,SQuaD_MDS_hybrid,SQuaD-MDS,random_triplet,0.824,scDesign3,IFNB,dr1,25,scDesign3,other
SQuaD-MDS,SQuaD_MDS,SQuaD-MDS,spearman,0.988,scDesign3,IFNB,dr1,25,scDesign3,other
SQuaD-MDS hybrid,SQuaD_MDS_hybrid,SQuaD-MDS,spearman,0.737,scDesign3,IFNB,dr1,25,scDesign3,other
SQuaD-MDS,SQuaD_MDS,SQuaD-MDS,svm,0.58,scDesign3,IFNB,dr1,25,scDesign3,other
SQuaD-MDS hybrid,SQuaD_MDS_hybrid,SQuaD-MDS,svm,0.721,scDesign3,IFNB,dr1,25,scDesign3,other
SQuaD-MDS,SQuaD_MDS,SQuaD-MDS,AUC,0.878,scDesign3,MARROW,dr2,25,scDesign3,other
SQuaD-MDS hybrid,SQuaD_MDS_hybrid,SQuaD-MDS,AUC,0.84,scDesign3,MARROW,dr2,25,scDesign3,other
SQuaD-MDS,SQuaD_MDS,SQuaD-MDS,Pearson,0.972,scDesign3,MARROW,dr3,25,scDesign3,other
SQuaD-MDS hybrid,SQuaD_MDS_hybrid,SQuaD-MDS,Pearson,0.835,scDesign3,MARROW,dr3,25,scDesign3,other
SQuaD-MDS,SQuaD_MDS,SQuaD-MDS,Qglobal,0.936,scDesign3,MARROW,dr2,25,scDesign3,other
SQuaD-MDS hybrid,SQuaD_MDS_hybrid,SQuaD-MDS,Qglobal,0.895,scDesign3,MARROW,dr2,25,scDesign3,other
SQuaD-MDS,SQuaD_MDS,SQuaD-MDS,Qlocal,0.619,scDesign3,MARROW,dr2,25,scDesign3,other
SQuaD-MDS hybrid,SQuaD_MDS_hybrid,SQuaD-MDS,Qlocal,0.613,scDesign3,MARROW,dr2,25,scDesign3,other
SQuaD-MDS,SQuaD_MDS,SQuaD-MDS,centroid_distance,1.0,scDesign3,MARROW,dr1,25,scDesign3,other
SQuaD-MDS hybrid,SQuaD_MDS_hybrid,SQuaD-MDS,centroid_distance,1.0,scDesign3,MARROW,dr1,25,scDesign3,other
SQuaD-MDS,SQuaD_MDS,SQuaD-MDS,k-nearest,1.0,scDesign3,MARROW,dr1,25,scDesign3,other
SQuaD-MDS hybrid,SQuaD_MDS_hybrid,SQuaD-MDS,k-nearest,1.0,scDesign3,MARROW,dr1,25,scDesign3,other
SQuaD-MDS,SQuaD_MDS,SQuaD-MDS,kmax,484.0,scDesign3,MARROW,dr2,25,scDesign3,other
SQuaD-MDS hybrid,SQuaD_MDS_hybrid,SQuaD-MDS,kmax,519.0,scDesign3,MARROW,dr2,25,scDesign3,other
SQuaD-MDS,SQuaD_MDS,SQuaD-MDS,random_triplet,0.919,scDesign3,MARROW,dr1,25,scDesign3,other
SQuaD-MDS hybrid,SQuaD_MDS_hybrid,SQuaD-MDS,random_triplet,0.861,scDesign3,MARROW,dr1,25,scDesign3,other
SQuaD-MDS,SQuaD_MDS,SQuaD-MDS,spearman,0.97,scDesign3,MARROW,dr1,25,scDesign3,other
SQuaD-MDS hybrid,SQuaD_MDS_hybrid,SQuaD-MDS,spearman,0.863,scDesign3,MARROW,dr1,25,scDesign3,other
SQuaD-MDS,SQuaD_MDS,SQuaD-MDS,svm,0.919,scDesign3,MARROW,dr1,25,scDesign3,other
SQuaD-MDS hybrid,SQuaD_MDS_hybrid,SQuaD-MDS,svm,0.941,scDesign3,MARROW,dr1,25,scDesign3,other
SQuaD-MDS,SQuaD_MDS,SQuaD-MDS,AUC,0.719,scDesign3,MOBSC,dr2,25,scDesign3,other
SQuaD-MDS hybrid,SQuaD_MDS_hybrid,SQuaD-MDS,AUC,0.687,scDesign3,MOBSC,dr2,25,scDesign3,other
SQuaD-MDS,SQuaD_MDS,SQuaD-MDS,Pearson,0.745,scDesign3,MOBSC,dr3,25,scDesign3,other
SQuaD-MDS hybrid,SQuaD_MDS_hybrid,SQuaD-MDS,Pearson,0.609,scDesign3,MOBSC,dr3,25,scDesign3,other
SQuaD-MDS,SQuaD_MDS,SQuaD-MDS,Qglobal,0.837,scDesign3,MOBSC,dr2,25,scDesign3,other
SQuaD-MDS hybrid,SQuaD_MDS_hybrid,SQuaD-MDS,Qglobal,0.687,scDesign3,MOBSC,dr2,25,scDesign3,other
SQuaD-MDS,SQuaD_MDS,SQuaD-MDS,Qlocal,0.406,scDesign3,MOBSC,dr2,25,scDesign3,other
SQuaD-MDS hybrid,SQuaD_MDS_hybrid,SQuaD-MDS,Qlocal,0.308,scDesign3,MOBSC,dr2,25,scDesign3,other
SQuaD-MDS,SQuaD_MDS,SQuaD-MDS,centroid_distance,0.855,scDesign3,MOBSC,dr1,25,scDesign3,other
SQuaD-MDS hybrid,SQuaD_MDS_hybrid,SQuaD-MDS,centroid_distance,0.807,scDesign3,MOBSC,dr1,25,scDesign3,other
SQuaD-MDS,SQuaD_MDS,SQuaD-MDS,k-nearest,0.5,scDesign3,MOBSC,dr1,25,scDesign3,other
SQuaD-MDS hybrid,SQuaD_MDS_hybrid,SQuaD-MDS,k-nearest,0.5,scDesign3,MOBSC,dr1,25,scDesign3,other
SQuaD-MDS,SQuaD_MDS,SQuaD-MDS,kmax,3460.0,scDesign3,MOBSC,dr2,25,scDesign3,other
SQuaD-MDS hybrid,SQuaD_MDS_hybrid,SQuaD-MDS,kmax,1.0,scDesign3,MOBSC,dr2,25,scDesign3,other
SQuaD-MDS,SQuaD_MDS,SQuaD-MDS,random_triplet,0.772,scDesign3,MOBSC,dr1,25,scDesign3,other
SQuaD-MDS hybrid,SQuaD_MDS_hybrid,SQuaD-MDS,random_triplet,0.717,scDesign3,MOBSC,dr1,25,scDesign3,other
SQuaD-MDS,SQuaD_MDS,SQuaD-MDS,spearman,0.765,scDesign3,MOBSC,dr1,25,scDesign3,other
SQuaD-MDS hybrid,SQuaD_MDS_hybrid,SQuaD-MDS,spearman,0.64,scDesign3,MOBSC,dr1,25,scDesign3,other
SQuaD-MDS,SQuaD_MDS,SQuaD-MDS,svm,0.794,scDesign3,MOBSC,dr1,25,scDesign3,other
SQuaD-MDS hybrid,SQuaD_MDS_hybrid,SQuaD-MDS,svm,0.835,scDesign3,MOBSC,dr1,25,scDesign3,other
SQuaD-MDS,SQuaD_MDS,SQuaD-MDS,AUC,0.911,scDesign3,OVARIAN,dr2,25,scDesign3,other
SQuaD-MDS hybrid,SQuaD_MDS_hybrid,SQuaD-MDS,AUC,0.845,scDesign3,OVARIAN,dr2,25,scDesign3,other
SQuaD-MDS,SQuaD_MDS,SQuaD-MDS,Pearson,0.988,scDesign3,OVARIAN,dr3,25,scDesign3,other
SQuaD-MDS hybrid,SQuaD_MDS_hybrid,SQuaD-MDS,Pearson,0.73,scDesign3,OVARIAN,dr3,25,scDesign3,other
SQuaD-MDS,SQuaD_MDS,SQuaD-MDS,Qglobal,0.951,scDesign3,OVARIAN,dr2,25,scDesign3,other
SQuaD-MDS hybrid,SQuaD_MDS_hybrid,SQuaD-MDS,Qglobal,0.845,scDesign3,OVARIAN,dr2,25,scDesign3,other
SQuaD-MDS,SQuaD_MDS,SQuaD-MDS,Qlocal,0.666,scDesign3,OVARIAN,dr2,25,scDesign3,other
SQuaD-MDS hybrid,SQuaD_MDS_hybrid,SQuaD-MDS,Qlocal,0.726,scDesign3,OVARIAN,dr2,25,scDesign3,other
SQuaD-MDS,SQuaD_MDS,SQuaD-MDS,centroid_distance,0.98,scDesign3,OVARIAN,dr1,25,scDesign3,other
SQuaD-MDS hybrid,SQuaD_MDS_hybrid,SQuaD-MDS,centroid_distance,0.885,scDesign3,OVARIAN,dr1,25,scDesign3,other
SQuaD-MDS,SQuaD_MDS,SQuaD-MDS,k-nearest,0.909,scDesign3,OVARIAN,dr1,25,scDesign3,other
SQuaD-MDS hybrid,SQuaD_MDS_hybrid,SQuaD-MDS,k-nearest,0.697,scDesign3,OVARIAN,dr1,25,scDesign3,other
SQuaD-MDS,SQuaD_MDS,SQuaD-MDS,kmax,481.0,scDesign3,OVARIAN,dr2,25,scDesign3,other
SQuaD-MDS hybrid,SQuaD_MDS_hybrid,SQuaD-MDS,kmax,1.0,scDesign3,OVARIAN,dr2,25,scDesign3,other
SQuaD-MDS,SQuaD_MDS,SQuaD-MDS,random_triplet,0.949,scDesign3,OVARIAN,dr1,25,scDesign3,other
SQuaD-MDS hybrid,SQuaD_MDS_hybrid,SQuaD-MDS,random_triplet,0.882,scDesign3,OVARIAN,dr1,25,scDesign3,other
SQuaD-MDS,SQuaD_MDS,SQuaD-MDS,spearman,0.988,scDesign3,OVARIAN,dr1,25,scDesign3,other
SQuaD-MDS hybrid,SQuaD_MDS_hybrid,SQuaD-MDS,spearman,0.862,scDesign3,OVARIAN,dr1,25,scDesign3,other
SQuaD-MDS,SQuaD_MDS,SQuaD-MDS,svm,0.407,scDesign3,OVARIAN,dr1,25,scDesign3,other
SQuaD-MDS hybrid,SQuaD_MDS_hybrid,SQuaD-MDS,svm,0.522,scDesign3,OVARIAN,dr1,25,scDesign3,other
SQuaD-MDS,SQuaD_MDS,SQuaD-MDS,AUC,0.854,scDesign3,PANCREAS,dr2,25,scDesign3,other
SQuaD-MDS hybrid,SQuaD_MDS_hybrid,SQuaD-MDS,AUC,0.817,scDesign3,PANCREAS,dr2,25,scDesign3,other
SQuaD-MDS,SQuaD_MDS,SQuaD-MDS,Pearson,0.971,scDesign3,PANCREAS,dr3,25,scDesign3,other
SQuaD-MDS hybrid,SQuaD_MDS_hybrid,SQuaD-MDS,Pearson,0.7,scDesign3,PANCREAS,dr3,25,scDesign3,other
SQuaD-MDS,SQuaD_MDS,SQuaD-MDS,Qglobal,0.896,scDesign3,PANCREAS,dr2,25,scDesign3,other
SQuaD-MDS hybrid,SQuaD_MDS_hybrid,SQuaD-MDS,Qglobal,0.817,scDesign3,PANCREAS,dr2,25,scDesign3,other
SQuaD-MDS,SQuaD_MDS,SQuaD-MDS,Qlocal,0.568,scDesign3,PANCREAS,dr2,25,scDesign3,other
SQuaD-MDS hybrid,SQuaD_MDS_hybrid,SQuaD-MDS,Qlocal,0.663,scDesign3,PANCREAS,dr2,25,scDesign3,other
SQuaD-MDS,SQuaD_MDS,SQuaD-MDS,centroid_distance,1.0,scDesign3,PANCREAS,dr1,25,scDesign3,other
SQuaD-MDS hybrid,SQuaD_MDS_hybrid,SQuaD-MDS,centroid_distance,0.952,scDesign3,PANCREAS,dr1,25,scDesign3,other
SQuaD-MDS,SQuaD_MDS,SQuaD-MDS,k-nearest,1.0,scDesign3,PANCREAS,dr1,25,scDesign3,other
SQuaD-MDS hybrid,SQuaD_MDS_hybrid,SQuaD-MDS,k-nearest,1.0,scDesign3,PANCREAS,dr1,25,scDesign3,other
SQuaD-MDS,SQuaD_MDS,SQuaD-MDS,kmax,269.0,scDesign3,PANCREAS,dr2,25,scDesign3,other
SQuaD-MDS hybrid,SQuaD_MDS_hybrid,SQuaD-MDS,kmax,1.0,scDesign3,PANCREAS,dr2,25,scDesign3,other
SQuaD-MDS,SQuaD_MDS,SQuaD-MDS,random_triplet,0.89,scDesign3,PANCREAS,dr1,25,scDesign3,other
SQuaD-MDS hybrid,SQuaD_MDS_hybrid,SQuaD-MDS,random_triplet,0.831,scDesign3,PANCREAS,dr1,25,scDesign3,other
SQuaD-MDS,SQuaD_MDS,SQuaD-MDS,spearman,0.967,scDesign3,PANCREAS,dr1,25,scDesign3,other
SQuaD-MDS hybrid,SQuaD_MDS_hybrid,SQuaD-MDS,spearman,0.825,scDesign3,PANCREAS,dr1,25,scDesign3,other
SQuaD-MDS,SQuaD_MDS,SQuaD-MDS,svm,0.851,scDesign3,PANCREAS,dr1,25,scDesign3,other
SQuaD-MDS hybrid,SQuaD_MDS_hybrid,SQuaD-MDS,svm,0.882,scDesign3,PANCREAS,dr1,25,scDesign3,other
SQuaD-MDS,SQuaD_MDS,SQuaD-MDS,AUC,0.779,scDesign3,SCGEMMETH,dr2,25,scDesign3,other
SQuaD-MDS hybrid,SQuaD_MDS_hybrid,SQuaD-MDS,AUC,0.801,scDesign3,SCGEMMETH,dr2,25,scDesign3,other
SQuaD-MDS,SQuaD_MDS,SQuaD-MDS,Pearson,0.844,scDesign3,SCGEMMETH,dr3,25,scDesign3,other
SQuaD-MDS hybrid,SQuaD_MDS_hybrid,SQuaD-MDS,Pearson,0.856,scDesign3,SCGEMMETH,dr3,25,scDesign3,other
SQuaD-MDS,SQuaD_MDS,SQuaD-MDS,Qglobal,0.885,scDesign3,SCGEMMETH,dr2,25,scDesign3,other
SQuaD-MDS hybrid,SQuaD_MDS_hybrid,SQuaD-MDS,Qglobal,0.805,scDesign3,SCGEMMETH,dr2,25,scDesign3,other
SQuaD-MDS,SQuaD_MDS,SQuaD-MDS,Qlocal,0.515,scDesign3,SCGEMMETH,dr2,25,scDesign3,other
SQuaD-MDS hybrid,SQuaD_MDS_hybrid,SQuaD-MDS,Qlocal,0.606,scDesign3,SCGEMMETH,dr2,25,scDesign3,other
SQuaD-MDS,SQuaD_MDS,SQuaD-MDS,centroid_distance,1.0,scDesign3,SCGEMMETH,dr1,25,scDesign3,other
SQuaD-MDS hybrid,SQuaD_MDS_hybrid,SQuaD-MDS,centroid_distance,0.952,scDesign3,SCGEMMETH,dr1,25,scDesign3,other
SQuaD-MDS,SQuaD_MDS,SQuaD-MDS,k-nearest,1.0,scDesign3,SCGEMMETH,dr1,25,scDesign3,other
SQuaD-MDS hybrid,SQuaD_MDS_hybrid,SQuaD-MDS,k-nearest,1.0,scDesign3,SCGEMMETH,dr1,25,scDesign3,other
SQuaD-MDS,SQuaD_MDS,SQuaD-MDS,kmax,39.0,scDesign3,SCGEMMETH,dr2,25,scDesign3,other
SQuaD-MDS hybrid,SQuaD_MDS_hybrid,SQuaD-MDS,kmax,1.0,scDesign3,SCGEMMETH,dr2,25,scDesign3,other
SQuaD-MDS,SQuaD_MDS,SQuaD-MDS,random_triplet,0.81,scDesign3,SCGEMMETH,dr1,25,scDesign3,other
SQuaD-MDS hybrid,SQuaD_MDS_hybrid,SQuaD-MDS,random_triplet,0.839,scDesign3,SCGEMMETH,dr1,25,scDesign3,other
SQuaD-MDS,SQuaD_MDS,SQuaD-MDS,spearman,0.853,scDesign3,SCGEMMETH,dr1,25,scDesign3,other
SQuaD-MDS hybrid,SQuaD_MDS_hybrid,SQuaD-MDS,spearman,0.881,scDesign3,SCGEMMETH,dr1,25,scDesign3,other
SQuaD-MDS,SQuaD_MDS,SQuaD-MDS,svm,0.732,scDesign3,SCGEMMETH,dr1,25,scDesign3,other
SQuaD-MDS hybrid,SQuaD_MDS_hybrid,SQuaD-MDS,svm,0.713,scDesign3,SCGEMMETH,dr1,25,scDesign3,other
SQuaD-MDS,SQuaD_MDS,SQuaD-MDS,AUC,0.838,scDesign3,SCGEMRNA,dr2,25,scDesign3,other
SQuaD-MDS hybrid,SQuaD_MDS_hybrid,SQuaD-MDS,AUC,0.831,scDesign3,SCGEMRNA,dr2,25,scDesign3,other
SQuaD-MDS,SQuaD_MDS,SQuaD-MDS,Pearson,0.919,scDesign3,SCGEMRNA,dr3,25,scDesign3,other
SQuaD-MDS hybrid,SQuaD_MDS_hybrid,SQuaD-MDS,Pearson,0.877,scDesign3,SCGEMRNA,dr3,25,scDesign3,other
SQuaD-MDS,SQuaD_MDS,SQuaD-MDS,Qglobal,0.912,scDesign3,SCGEMRNA,dr2,25,scDesign3,other
SQuaD-MDS hybrid,SQuaD_MDS_hybrid,SQuaD-MDS,Qglobal,0.835,scDesign3,SCGEMRNA,dr2,25,scDesign3,other
SQuaD-MDS,SQuaD_MDS,SQuaD-MDS,Qlocal,0.599,scDesign3,SCGEMRNA,dr2,25,scDesign3,other
SQuaD-MDS hybrid,SQuaD_MDS_hybrid,SQuaD-MDS,Qlocal,0.774,scDesign3,SCGEMRNA,dr2,25,scDesign3,other
SQuaD-MDS,SQuaD_MDS,SQuaD-MDS,centroid_distance,0.988,scDesign3,SCGEMRNA,dr1,25,scDesign3,other
SQuaD-MDS hybrid,SQuaD_MDS_hybrid,SQuaD-MDS,centroid_distance,0.994,scDesign3,SCGEMRNA,dr1,25,scDesign3,other
SQuaD-MDS,SQuaD_MDS,SQuaD-MDS,k-nearest,0.8,scDesign3,SCGEMRNA,dr1,25,scDesign3,other
SQuaD-MDS hybrid,SQuaD_MDS_hybrid,SQuaD-MDS,k-nearest,1.0,scDesign3,SCGEMRNA,dr1,25,scDesign3,other
SQuaD-MDS,SQuaD_MDS,SQuaD-MDS,kmax,39.0,scDesign3,SCGEMRNA,dr2,25,scDesign3,other
SQuaD-MDS hybrid,SQuaD_MDS_hybrid,SQuaD-MDS,kmax,1.0,scDesign3,SCGEMRNA,dr2,25,scDesign3,other
SQuaD-MDS,SQuaD_MDS,SQuaD-MDS,random_triplet,0.893,scDesign3,SCGEMRNA,dr1,25,scDesign3,other
SQuaD-MDS hybrid,SQuaD_MDS_hybrid,SQuaD-MDS,random_triplet,0.842,scDesign3,SCGEMRNA,dr1,25,scDesign3,other
SQuaD-MDS,SQuaD_MDS,SQuaD-MDS,spearman,0.93,scDesign3,SCGEMRNA,dr1,25,scDesign3,other
SQuaD-MDS hybrid,SQuaD_MDS_hybrid,SQuaD-MDS,spearman,0.885,scDesign3,SCGEMRNA,dr1,25,scDesign3,other
SQuaD-MDS,SQuaD_MDS,SQuaD-MDS,svm,0.865,scDesign3,SCGEMRNA,dr1,25,scDesign3,other
SQuaD-MDS hybrid,SQuaD_MDS_hybrid,SQuaD-MDS,svm,0.841,scDesign3,SCGEMRNA,dr1,25,scDesign3,other
SQuaD-MDS,SQuaD_MDS,SQuaD-MDS,AUC,0.67,scDesign3,SCIATAC,dr2,25,scDesign3,other
SQuaD-MDS hybrid,SQuaD_MDS_hybrid,SQuaD-MDS,AUC,0.578,scDesign3,SCIATAC,dr2,25,scDesign3,other
SQuaD-MDS,SQuaD_MDS,SQuaD-MDS,Pearson,0.816,scDesign3,SCIATAC,dr3,25,scDesign3,other
SQuaD-MDS hybrid,SQuaD_MDS_hybrid,SQuaD-MDS,Pearson,0.428,scDesign3,SCIATAC,dr3,25,scDesign3,other
SQuaD-MDS,SQuaD_MDS,SQuaD-MDS,Qglobal,0.915,scDesign3,SCIATAC,dr2,25,scDesign3,other
SQuaD-MDS hybrid,SQuaD_MDS_hybrid,SQuaD-MDS,Qglobal,0.578,scDesign3,SCIATAC,dr2,25,scDesign3,other
SQuaD-MDS,SQuaD_MDS,SQuaD-MDS,Qlocal,0.403,scDesign3,SCIATAC,dr2,25,scDesign3,other
SQuaD-MDS hybrid,SQuaD_MDS_hybrid,SQuaD-MDS,Qlocal,0.212,scDesign3,SCIATAC,dr2,25,scDesign3,other
SQuaD-MDS,SQuaD_MDS,SQuaD-MDS,centroid_distance,0.397,scDesign3,SCIATAC,dr1,25,scDesign3,other
SQuaD-MDS hybrid,SQuaD_MDS_hybrid,SQuaD-MDS,centroid_distance,0.165,scDesign3,SCIATAC,dr1,25,scDesign3,other
SQuaD-MDS,SQuaD_MDS,SQuaD-MDS,k-nearest,0.361,scDesign3,SCIATAC,dr1,25,scDesign3,other
SQuaD-MDS hybrid,SQuaD_MDS_hybrid,SQuaD-MDS,k-nearest,0.222,scDesign3,SCIATAC,dr1,25,scDesign3,other
SQuaD-MDS,SQuaD_MDS,SQuaD-MDS,kmax,1923.0,scDesign3,SCIATAC,dr2,25,scDesign3,other
SQuaD-MDS hybrid,SQuaD_MDS_hybrid,SQuaD-MDS,kmax,1.0,scDesign3,SCIATAC,dr2,25,scDesign3,other
SQuaD-MDS,SQuaD_MDS,SQuaD-MDS,random_triplet,0.771,scDesign3,SCIATAC,dr1,25,scDesign3,other
SQuaD-MDS hybrid,SQuaD_MDS_hybrid,SQuaD-MDS,random_triplet,0.627,scDesign3,SCIATAC,dr1,25,scDesign3,other
SQuaD-MDS,SQuaD_MDS,SQuaD-MDS,spearman,0.918,scDesign3,SCIATAC,dr1,25,scDesign3,other
SQuaD-MDS hybrid,SQuaD_MDS_hybrid,SQuaD-MDS,spearman,0.531,scDesign3,SCIATAC,dr1,25,scDesign3,other
SQuaD-MDS,SQuaD_MDS,SQuaD-MDS,svm,0.425,scDesign3,SCIATAC,dr1,25,scDesign3,other
SQuaD-MDS hybrid,SQuaD_MDS_hybrid,SQuaD-MDS,svm,0.45,scDesign3,SCIATAC,dr1,25,scDesign3,other
SQuaD-MDS,SQuaD_MDS,SQuaD-MDS,AUC,0.669,scDesign3,SLIDE,dr2,25,scDesign3,other
SQuaD-MDS hybrid,SQuaD_MDS_hybrid,SQuaD-MDS,AUC,0.595,scDesign3,SLIDE,dr2,25,scDesign3,other
SQuaD-MDS,SQuaD_MDS,SQuaD-MDS,Pearson,0.927,scDesign3,SLIDE,dr3,25,scDesign3,other
SQuaD-MDS hybrid,SQuaD_MDS_hybrid,SQuaD-MDS,Pearson,0.759,scDesign3,SLIDE,dr3,25,scDesign3,other
SQuaD-MDS,SQuaD_MDS,SQuaD-MDS,Qglobal,0.88,scDesign3,SLIDE,dr2,25,scDesign3,other
SQuaD-MDS hybrid,SQuaD_MDS_hybrid,SQuaD-MDS,Qglobal,0.595,scDesign3,SLIDE,dr2,25,scDesign3,other
SQuaD-MDS,SQuaD_MDS,SQuaD-MDS,Qlocal,0.378,scDesign3,SLIDE,dr2,25,scDesign3,other
SQuaD-MDS hybrid,SQuaD_MDS_hybrid,SQuaD-MDS,Qlocal,0.135,scDesign3,SLIDE,dr2,25,scDesign3,other
SQuaD-MDS,SQuaD_MDS,SQuaD-MDS,centroid_distance,0.908,scDesign3,SLIDE,dr1,25,scDesign3,other
SQuaD-MDS hybrid,SQuaD_MDS_hybrid,SQuaD-MDS,centroid_distance,0.904,scDesign3,SLIDE,dr1,25,scDesign3,other
SQuaD-MDS,SQuaD_MDS,SQuaD-MDS,k-nearest,0.727,scDesign3,SLIDE,dr1,25,scDesign3,other
SQuaD-MDS hybrid,SQuaD_MDS_hybrid,SQuaD-MDS,k-nearest,0.697,scDesign3,SLIDE,dr1,25,scDesign3,other
SQuaD-MDS,SQuaD_MDS,SQuaD-MDS,kmax,9846.0,scDesign3,SLIDE,dr2,25,scDesign3,other
SQuaD-MDS hybrid,SQuaD_MDS_hybrid,SQuaD-MDS,kmax,1.0,scDesign3,SLIDE,dr2,25,scDesign3,other
SQuaD-MDS,SQuaD_MDS,SQuaD-MDS,random_triplet,0.757,scDesign3,SLIDE,dr1,25,scDesign3,other
SQuaD-MDS hybrid,SQuaD_MDS_hybrid,SQuaD-MDS,random_triplet,0.636,scDesign3,SLIDE,dr1,25,scDesign3,other
SQuaD-MDS,SQuaD_MDS,SQuaD-MDS,spearman,0.869,scDesign3,SLIDE,dr1,25,scDesign3,other
SQuaD-MDS hybrid,SQuaD_MDS_hybrid,SQuaD-MDS,spearman,0.511,scDesign3,SLIDE,dr1,25,scDesign3,other
SQuaD-MDS,SQuaD_MDS,SQuaD-MDS,svm,0.533,scDesign3,SLIDE,dr1,25,scDesign3,other
SQuaD-MDS hybrid,SQuaD_MDS_hybrid,SQuaD-MDS,svm,0.544,scDesign3,SLIDE,dr1,25,scDesign3,other
SQuaD-MDS,SQuaD_MDS,SQuaD-MDS,AUC,0.922,scDesign3,VISIUM,dr2,25,scDesign3,other
SQuaD-MDS hybrid,SQuaD_MDS_hybrid,SQuaD-MDS,AUC,0.863,scDesign3,VISIUM,dr2,25,scDesign3,other
SQuaD-MDS,SQuaD_MDS,SQuaD-MDS,Pearson,0.996,scDesign3,VISIUM,dr3,25,scDesign3,other
SQuaD-MDS hybrid,SQuaD_MDS_hybrid,SQuaD-MDS,Pearson,0.712,scDesign3,VISIUM,dr3,25,scDesign3,other
SQuaD-MDS,SQuaD_MDS,SQuaD-MDS,Qglobal,0.959,scDesign3,VISIUM,dr2,25,scDesign3,other
SQuaD-MDS hybrid,SQuaD_MDS_hybrid,SQuaD-MDS,Qglobal,0.864,scDesign3,VISIUM,dr2,25,scDesign3,other
SQuaD-MDS,SQuaD_MDS,SQuaD-MDS,Qlocal,0.688,scDesign3,VISIUM,dr2,25,scDesign3,other
SQuaD-MDS hybrid,SQuaD_MDS_hybrid,SQuaD-MDS,Qlocal,0.786,scDesign3,VISIUM,dr2,25,scDesign3,other
SQuaD-MDS,SQuaD_MDS,SQuaD-MDS,centroid_distance,0.992,scDesign3,VISIUM,dr1,25,scDesign3,other
SQuaD-MDS hybrid,SQuaD_MDS_hybrid,SQuaD-MDS,centroid_distance,0.962,scDesign3,VISIUM,dr1,25,scDesign3,other
SQuaD-MDS,SQuaD_MDS,SQuaD-MDS,k-nearest,0.867,scDesign3,VISIUM,dr1,25,scDesign3,other
SQuaD-MDS hybrid,SQuaD_MDS_hybrid,SQuaD-MDS,k-nearest,0.867,scDesign3,VISIUM,dr1,25,scDesign3,other
SQuaD-MDS,SQuaD_MDS,SQuaD-MDS,kmax,365.0,scDesign3,VISIUM,dr2,25,scDesign3,other
SQuaD-MDS hybrid,SQuaD_MDS_hybrid,SQuaD-MDS,kmax,1.0,scDesign3,VISIUM,dr2,25,scDesign3,other
SQuaD-MDS,SQuaD_MDS,SQuaD-MDS,random_triplet,0.958,scDesign3,VISIUM,dr1,25,scDesign3,other
SQuaD-MDS hybrid,SQuaD_MDS_hybrid,SQuaD-MDS,random_triplet,0.899,scDesign3,VISIUM,dr1,25,scDesign3,other
SQuaD-MDS,SQuaD_MDS,SQuaD-MDS,spearman,0.987,scDesign3,VISIUM,dr1,25,scDesign3,other
SQuaD-MDS hybrid,SQuaD_MDS_hybrid,SQuaD-MDS,spearman,0.919,scDesign3,VISIUM,dr1,25,scDesign3,other
SQuaD-MDS,SQuaD_MDS,SQuaD-MDS,svm,0.459,scDesign3,VISIUM,dr1,25,scDesign3,other
SQuaD-MDS hybrid,SQuaD_MDS_hybrid,SQuaD-MDS,svm,0.598,scDesign3,VISIUM,dr1,25,scDesign3,other
