Method,Dataset,knn_10,knn_20,knn_30,svm,nkr_10,nkr_20,nkr_30,aji_10,aji_20,aji_30,random_triplet,spearman,k-nearest,centroid_distance,AUC,Qlocal,Qglobal,T_10,T_20,T_30,C_10,C_20,C_30,kmax,ARI,NMI,SIL,COMP,HOMO,perturbation_axis
DRA,cell_100,0.19,0.28,0.26,0.24,0.082,0.187,0.279,0.045,0.101,0.159,0.476,-0.05,0.2,0.608,0.49,0.013,0.495,0.506,0.527,0.532,0.523,0.506,0.504,2.0,0.01,0.06,0.38,0.06,0.05,cell_number
DREAM,cell_100,0.39,0.39,0.43,0.36,0.138,0.297,0.435,0.083,0.175,0.283,0.648,0.508,0.2,0.265,0.597,0.291,0.802,0.618,0.67,0.709,0.721,0.731,0.75,39.0,0.06,0.14,0.38,0.16,0.12,cell_number
EDGE,cell_100,0.42,0.46,0.47,0.46,0.128,0.242,0.342,0.07,0.139,0.207,0.556,0.144,0.4,0.533,0.534,0.309,0.802,0.575,0.593,0.606,0.575,0.594,0.601,53.0,0.05,0.14,0.32,0.14,0.14,cell_number
GLMPCA,cell_100,0.72,0.74,0.73,0.74,0.148,0.328,0.447,0.085,0.189,0.281,0.69,0.475,0.0,0.085,0.6,0.264,0.772,0.655,0.699,0.705,0.722,0.748,0.762,33.0,0.45,0.55,0.38,0.56,0.55,cell_number
PCA,cell_100,0.83,0.89,0.87,0.88,0.15,0.312,0.403,0.089,0.183,0.247,0.648,0.334,0.0,0.047,0.585,0.313,0.809,0.662,0.689,0.662,0.69,0.717,0.734,44.0,0.81,0.89,0.61,0.91,0.87,cell_number
PHATE,cell_100,0.76,0.72,0.65,0.75,0.211,0.322,0.397,0.12,0.191,0.239,0.56,0.198,0.2,0.614,0.557,0.186,0.639,0.629,0.627,0.627,0.775,0.711,0.661,18.0,0.53,0.61,0.4,0.6,0.61,cell_number
PaCMAP,cell_100,0.19,0.24,0.25,0.24,0.114,0.225,0.323,0.066,0.13,0.2,0.576,0.087,0.0,0.757,0.519,0.198,0.696,0.534,0.553,0.568,0.545,0.58,0.586,35.0,-0.02,0.04,0.49,0.04,0.04,cell_number
ParametricUMAP200,cell_100,0.89,0.89,0.82,0.89,0.18,0.27,0.345,0.092,0.142,0.194,0.566,0.077,0.0,0.396,0.532,0.138,0.595,0.618,0.614,0.61,0.612,0.578,0.553,14.0,0.72,0.75,0.44,0.74,0.75,cell_number
ParametricUMAP50,cell_100,0.9,0.91,0.78,0.91,0.176,0.279,0.354,0.091,0.149,0.205,0.572,0.096,0.0,0.402,0.536,0.14,0.6,0.633,0.622,0.615,0.605,0.589,0.567,14.0,0.54,0.66,0.41,0.66,0.67,cell_number
SAUCIE,cell_100,0.17,0.22,0.26,0.3,0.084,0.179,0.275,0.051,0.116,0.185,0.49,0.037,0.8,0.564,0.509,0.424,1.003,0.521,0.553,0.569,0.309,0.411,0.473,83.0,-0.01,0.04,0.39,0.05,0.04,cell_number
SCDRHA,cell_100,0.38,0.31,0.23,0.26,0.118,0.226,0.348,0.065,0.132,0.217,0.56,0.212,0.4,0.639,0.535,0.253,0.756,0.545,0.577,0.589,0.599,0.623,0.647,43.0,-0.0,0.08,0.55,0.08,0.07,cell_number
SIMLR,cell_100,0.95,0.92,0.85,0.95,0.148,0.301,0.405,0.089,0.178,0.251,0.602,0.219,0.0,0.253,0.562,0.185,0.676,0.671,0.661,0.66,0.642,0.667,0.657,23.0,0.89,0.89,0.72,0.9,0.89,cell_number
SPDR,cell_100,0.44,0.41,0.33,0.32,0.216,0.409,0.575,0.155,0.309,0.454,0.738,0.618,0.2,0.658,0.665,0.392,0.851,0.628,0.705,0.777,0.813,0.862,0.889,39.0,-0.02,0.08,0.62,0.09,0.07,cell_number
SQuaD_MDS,cell_100,0.61,0.63,0.65,0.63,0.135,0.327,0.479,0.088,0.211,0.319,0.702,0.547,0.0,0.079,0.617,0.318,0.827,0.649,0.704,0.736,0.76,0.8,0.818,40.0,0.36,0.44,0.29,0.44,0.44,cell_number
SQuaD_MDS_hybrid,cell_100,0.52,0.54,0.52,0.52,0.153,0.322,0.453,0.088,0.2,0.301,0.662,0.429,0.2,0.272,0.598,0.331,0.802,0.603,0.656,0.682,0.763,0.79,0.8,42.0,0.06,0.16,0.33,0.16,0.16,cell_number
SSNMDI,cell_100,0.26,0.18,0.22,0.28,0.106,0.19,0.287,0.055,0.104,0.167,0.54,-0.055,0.2,0.222,0.486,0.056,0.53,0.504,0.524,0.529,0.471,0.492,0.507,10.0,-0.01,0.04,0.51,0.04,0.04,cell_number
TSNE,cell_100,0.88,0.9,0.78,0.89,0.233,0.341,0.397,0.119,0.188,0.235,0.568,0.206,0.0,0.365,0.564,0.165,0.618,0.657,0.65,0.626,0.697,0.688,0.682,12.0,0.69,0.72,0.4,0.72,0.72,cell_number
TriMap,cell_100,0.87,0.83,0.73,0.76,0.212,0.395,0.574,0.133,0.263,0.412,0.718,0.694,0.2,0.216,0.669,0.368,0.857,0.714,0.764,0.81,0.818,0.85,0.881,37.0,0.08,0.31,0.56,0.41,0.26,cell_number
UMAP,cell_100,0.65,0.63,0.6,0.66,0.157,0.252,0.332,0.081,0.135,0.195,0.546,0.055,0.0,0.377,0.522,0.129,0.59,0.575,0.583,0.577,0.595,0.581,0.576,15.0,0.28,0.4,0.35,0.4,0.41,cell_number
VAE,cell_100,0.18,0.23,0.23,0.2,0.101,0.188,0.299,0.052,0.101,0.179,0.506,-0.028,0.4,0.539,0.489,0.16,0.653,0.508,0.515,0.544,0.508,0.519,0.524,33.0,-0.01,0.04,0.47,0.04,0.04,cell_number
ZIFA,cell_100,0.86,0.84,0.87,0.87,0.149,0.308,0.397,0.085,0.174,0.245,0.616,0.291,0.0,0.104,0.581,0.286,0.787,0.659,0.679,0.648,0.687,0.715,0.733,40.0,0.81,0.89,0.67,0.9,0.87,cell_number
ivis,cell_100,0.28,0.31,0.4,0.31,0.092,0.214,0.31,0.05,0.118,0.181,0.564,0.008,0.4,0.626,0.502,0.107,0.599,0.507,0.54,0.56,0.581,0.557,0.539,20.0,0.04,0.08,0.38,0.08,0.07,cell_number
pCMF,cell_100,0.24,0.19,0.15,0.28,0.089,0.179,0.313,0.046,0.105,0.193,0.548,0.175,0.2,0.371,0.509,0.397,0.935,0.505,0.523,0.568,0.52,0.576,0.6,77.0,-0.02,0.06,-0.87,0.08,0.05,cell_number
scGAE,cell_100,0.23,0.24,0.28,0.27,0.109,0.197,0.301,0.072,0.135,0.212,0.5,0.023,0.4,0.489,0.514,0.42,0.982,0.537,0.555,0.577,0.367,0.431,0.479,81.0,0.02,0.08,0.41,0.08,0.08,cell_number
scGBM,cell_100,0.67,0.66,0.66,0.68,0.154,0.303,0.434,0.087,0.184,0.275,0.684,0.455,0.0,0.216,0.596,0.276,0.784,0.656,0.685,0.704,0.728,0.745,0.759,36.0,0.4,0.52,0.39,0.52,0.52,cell_number
scScope,cell_100,0.32,0.22,0.16,0.23,0.095,0.22,0.337,0.049,0.129,0.203,0.524,0.121,0.6,0.658,0.523,0.188,0.692,0.537,0.564,0.587,0.517,0.575,0.598,33.0,0.01,0.08,0.36,0.08,0.08,cell_number
scvis,cell_100,0.2,0.25,0.23,0.25,0.117,0.218,0.31,0.086,0.178,0.24,0.614,0.493,0.4,0.67,0.571,0.414,0.957,0.549,0.586,0.628,0.532,0.589,0.658,69.0,0.0,0.06,0.74,0.06,0.05,cell_number
tGPLVM,cell_100,0.21,0.27,0.29,0.29,0.087,0.182,0.293,0.048,0.105,0.174,0.564,0.052,0.0,0.228,0.502,0.439,1.029,0.515,0.543,0.554,0.464,0.516,0.546,87.0,0.01,0.07,0.37,0.07,0.07,cell_number
VASC,cell_100,0.19,0.24,0.23,0.17,0.118,0.212,0.33,0.068,0.125,0.206,0.554,0.196,0.2,0.956,,,,0.542,0.561,0.585,0.595,0.607,0.613,,0.01,0.09,0.39,0.09,0.09,cell_number
DRA,cell_500,0.222,0.236,0.246,0.286,0.018,0.036,0.058,0.01,0.02,0.031,0.508,0.027,0.2,0.483,0.503,0.171,0.672,0.505,0.508,0.515,0.53,0.53,0.535,168.0,-0.0,0.01,0.33,0.01,0.01,cell_number
DREAM,cell_500,0.376,0.362,0.376,0.396,0.024,0.046,0.069,0.014,0.024,0.036,0.552,0.127,0.4,0.452,0.523,0.225,0.723,0.526,0.534,0.54,0.575,0.573,0.572,200.0,0.05,0.09,0.32,0.09,0.09,cell_number
EDGE,cell_500,0.766,0.78,0.78,0.78,0.05,0.096,0.134,0.027,0.052,0.073,0.56,0.115,0.6,0.807,0.545,0.142,0.612,0.607,0.609,0.611,0.646,0.653,0.65,71.0,0.45,0.5,0.38,0.49,0.5,cell_number
GLMPCA,cell_500,0.888,0.9,0.896,0.904,0.055,0.108,0.153,0.03,0.061,0.084,0.617,0.296,0.6,0.614,0.588,0.221,0.687,0.647,0.657,0.665,0.76,0.76,0.753,106.0,0.68,0.77,0.48,0.77,0.78,cell_number
PCA,cell_500,0.964,0.966,0.964,0.968,0.065,0.119,0.161,0.036,0.065,0.089,0.609,0.218,0.6,0.595,0.58,0.216,0.668,0.655,0.665,0.672,0.749,0.744,0.733,97.0,0.95,0.92,0.68,0.92,0.92,cell_number
PHATE,cell_500,0.994,0.996,0.996,0.996,0.068,0.138,0.195,0.04,0.079,0.114,0.575,0.162,0.8,0.682,0.575,0.198,0.637,0.672,0.69,0.702,0.774,0.764,0.749,71.0,0.99,0.99,0.78,0.99,0.99,cell_number
PaCMAP,cell_500,0.252,0.236,0.228,0.272,0.021,0.036,0.058,0.011,0.018,0.03,0.496,0.017,0.2,0.328,0.505,0.253,0.758,0.513,0.515,0.518,0.52,0.522,0.525,250.0,0.0,0.01,0.89,0.01,0.01,cell_number
ParametricUMAP200,cell_500,0.996,0.994,0.988,0.996,0.077,0.14,0.185,0.043,0.079,0.105,0.562,0.139,0.4,0.664,0.566,0.177,0.622,0.649,0.659,0.666,0.75,0.726,0.7,63.0,0.96,0.95,0.65,0.95,0.95,cell_number
ParametricUMAP50,cell_500,0.986,0.988,0.988,0.988,0.071,0.135,0.188,0.042,0.075,0.107,0.556,0.146,0.6,0.645,0.568,0.191,0.63,0.649,0.663,0.672,0.738,0.72,0.698,71.0,0.98,0.97,0.66,0.97,0.97,cell_number
SAUCIE,cell_500,0.218,0.24,0.23,0.258,0.016,0.035,0.057,0.008,0.019,0.031,0.53,0.148,0.4,0.483,0.516,0.377,0.892,0.509,0.514,0.522,0.442,0.481,0.493,363.0,0.0,0.02,0.41,0.02,0.02,cell_number
SCDRHA,cell_500,0.932,0.926,0.9,0.912,0.06,0.114,0.156,0.034,0.063,0.085,0.54,0.099,0.2,0.527,0.556,0.207,0.637,0.649,0.654,0.658,0.656,0.669,0.662,94.0,0.53,0.66,0.7,0.72,0.61,cell_number
SIMLR,cell_500,1.0,1.0,1.0,1.0,0.094,0.158,0.197,0.062,0.102,0.125,0.524,0.082,0.0,0.458,0.552,0.217,0.624,0.682,0.687,0.696,0.659,0.676,0.669,88.0,1.0,1.0,0.95,1.0,1.0,cell_number
SPDR,cell_500,1.0,1.0,1.0,1.0,0.097,0.206,0.291,0.061,0.131,0.185,0.582,0.173,0.8,0.782,0.587,0.252,0.631,0.731,0.776,0.806,0.742,0.748,0.737,57.0,1.0,1.0,0.87,1.0,1.0,cell_number
SQuaD_MDS,cell_500,0.638,0.662,0.66,0.638,0.033,0.068,0.101,0.02,0.039,0.058,0.68,0.53,0.6,0.602,0.614,0.318,0.813,0.592,0.608,0.622,0.757,0.758,0.762,200.0,0.28,0.34,0.31,0.33,0.34,cell_number
SQuaD_MDS_hybrid,cell_500,0.744,0.744,0.75,0.738,0.082,0.134,0.177,0.045,0.077,0.103,0.602,0.334,0.4,0.595,0.593,0.2,0.67,0.598,0.611,0.624,0.763,0.759,0.754,82.0,0.37,0.35,0.36,0.36,0.34,cell_number
SSNMDI,cell_500,0.264,0.288,0.306,0.316,0.02,0.04,0.06,0.01,0.021,0.031,0.502,0.013,0.2,0.353,0.503,0.101,0.6,0.504,0.509,0.513,0.49,0.502,0.512,97.0,0.0,0.01,0.84,0.01,0.01,cell_number
TSNE,cell_500,1.0,1.0,1.0,1.0,0.09,0.183,0.261,0.053,0.109,0.156,0.551,0.189,0.8,0.763,0.586,0.216,0.629,0.727,0.753,0.773,0.74,0.748,0.736,52.0,1.0,1.0,0.78,1.0,1.0,cell_number
TriMap,cell_500,0.998,0.998,0.998,0.998,0.093,0.195,0.276,0.059,0.122,0.173,0.591,0.224,0.8,0.726,0.594,0.234,0.637,0.729,0.771,0.795,0.74,0.748,0.738,54.0,1.0,0.99,0.85,0.99,0.99,cell_number
UMAP,cell_500,0.982,0.976,0.978,0.982,0.085,0.142,0.182,0.05,0.079,0.103,0.562,0.115,0.8,0.795,0.558,0.179,0.617,0.648,0.649,0.656,0.757,0.732,0.707,67.0,0.92,0.89,0.48,0.89,0.9,cell_number
VAE,cell_500,0.97,0.97,0.968,0.966,0.075,0.144,0.201,0.043,0.08,0.114,0.57,0.175,0.8,0.732,0.574,0.192,0.629,0.675,0.685,0.696,0.725,0.724,0.712,63.0,0.92,0.88,0.59,0.88,0.88,cell_number
ZIFA,cell_500,0.97,0.97,0.966,0.964,0.062,0.117,0.165,0.034,0.064,0.091,0.593,0.203,0.6,0.608,0.577,0.21,0.662,0.658,0.666,0.675,0.756,0.745,0.732,94.0,0.95,0.92,0.69,0.92,0.92,cell_number
ivis,cell_500,0.31,0.336,0.342,0.376,0.024,0.048,0.072,0.013,0.026,0.038,0.542,0.106,0.2,0.552,0.522,0.289,0.786,0.527,0.532,0.539,0.557,0.558,0.553,265.0,0.06,0.09,0.34,0.09,0.1,cell_number
pCMF,cell_500,0.198,0.208,0.242,0.294,0.019,0.04,0.061,0.011,0.021,0.032,0.492,-0.042,0.0,0.446,0.497,0.049,0.543,0.507,0.511,0.518,0.454,0.467,0.476,47.0,0.0,0.02,-0.14,0.04,0.02,cell_number
scGAE,cell_500,0.468,0.444,0.418,0.394,0.026,0.047,0.067,0.016,0.027,0.039,0.52,0.093,0.4,0.508,0.515,0.386,0.91,0.545,0.542,0.542,0.314,0.357,0.381,375.0,0.0,0.02,0.48,0.01,0.02,cell_number
scGBM,cell_500,0.848,0.862,0.854,0.868,0.054,0.107,0.151,0.029,0.06,0.084,0.598,0.265,0.6,0.62,0.583,0.205,0.672,0.639,0.651,0.66,0.759,0.755,0.747,95.0,0.69,0.79,0.52,0.78,0.79,cell_number
scScope,cell_500,0.204,0.22,0.25,0.29,0.017,0.041,0.063,0.009,0.022,0.034,0.542,0.067,0.0,0.24,0.51,0.317,0.823,0.508,0.518,0.522,0.48,0.498,0.504,308.0,0.0,0.01,0.37,0.01,0.01,cell_number
scvis,cell_500,0.256,0.274,0.272,0.288,0.019,0.038,0.058,0.01,0.022,0.035,0.554,0.485,0.2,0.402,0.541,0.382,0.917,0.509,0.514,0.52,0.36,0.383,0.402,349.0,0.0,0.01,0.81,0.02,0.01,cell_number
tGPLVM,cell_500,0.932,0.924,0.922,0.928,0.058,0.118,0.164,0.032,0.064,0.09,0.582,0.195,0.4,0.564,0.573,0.195,0.651,0.639,0.649,0.655,0.745,0.74,0.727,85.0,0.89,0.86,0.65,0.86,0.85,cell_number
VASC,cell_500,0.182,0.186,0.182,0.298,0.029,0.038,0.069,0.016,0.02,0.036,0.49,0.0,0.0,0.271,,,,0.538,0.541,0.594,0.505,0.524,0.526,,0.0,0.0,0.0,1.0,0.0,cell_number
DRA,cell_1k,0.228,0.237,0.238,0.288,0.01,0.02,0.029,0.006,0.01,0.015,0.5,0.002,0.2,0.135,0.502,0.204,0.701,0.505,0.505,0.508,0.512,0.513,0.514,400.0,0.0,0.0,0.33,0.0,0.0,cell_number
DREAM,cell_1k,0.393,0.4,0.421,0.437,0.014,0.024,0.035,0.007,0.013,0.018,0.521,0.06,0.4,0.813,0.515,0.155,0.652,0.524,0.527,0.529,0.536,0.544,0.552,275.0,0.07,0.1,0.32,0.1,0.1,cell_number
EDGE,cell_1k,0.883,0.889,0.89,0.895,0.032,0.059,0.08,0.016,0.031,0.041,0.557,0.14,0.4,0.77,0.56,0.199,0.655,0.628,0.631,0.633,0.729,0.707,0.697,208.0,0.69,0.73,0.43,0.72,0.74,cell_number
GLMPCA,cell_1k,0.844,0.852,0.856,0.859,0.03,0.055,0.077,0.015,0.028,0.04,0.586,0.208,0.4,0.819,0.574,0.221,0.674,0.623,0.634,0.641,0.751,0.735,0.728,221.0,0.73,0.78,0.48,0.77,0.78,cell_number
PCA,cell_1k,0.884,0.892,0.897,0.908,0.03,0.052,0.079,0.015,0.027,0.041,0.578,0.179,0.4,0.819,0.574,0.237,0.682,0.629,0.635,0.642,0.753,0.735,0.728,243.0,0.78,0.87,0.61,0.87,0.88,cell_number
PHATE,cell_1k,0.988,0.989,0.989,0.986,0.034,0.062,0.088,0.017,0.032,0.045,0.57,0.162,0.6,0.857,0.57,0.187,0.647,0.651,0.663,0.669,0.76,0.741,0.733,166.0,0.98,0.97,0.8,0.97,0.97,cell_number
PaCMAP,cell_1k,0.25,0.258,0.27,0.281,0.012,0.021,0.029,0.006,0.01,0.015,0.512,0.004,0.6,0.614,0.5,0.411,0.918,0.509,0.51,0.51,0.504,0.505,0.508,822.0,-0.0,0.0,0.94,0.0,0.0,cell_number
ParametricUMAP200,cell_1k,0.985,0.983,0.982,0.985,0.05,0.076,0.098,0.022,0.035,0.049,0.561,0.139,0.4,0.77,0.567,0.201,0.646,0.652,0.655,0.66,0.775,0.737,0.715,178.0,0.98,0.96,0.7,0.96,0.96,cell_number
ParametricUMAP50,cell_1k,0.979,0.98,0.982,0.981,0.043,0.07,0.094,0.019,0.034,0.047,0.578,0.141,0.2,0.658,0.566,0.2,0.646,0.643,0.653,0.658,0.773,0.732,0.709,179.0,0.97,0.95,0.71,0.95,0.95,cell_number
SAUCIE,cell_1k,0.268,0.289,0.295,0.326,0.008,0.021,0.03,0.005,0.011,0.017,0.521,0.13,0.2,0.508,0.515,0.371,0.897,0.51,0.513,0.516,0.272,0.3,0.321,724.0,0.0,0.01,0.37,0.01,0.01,cell_number
SCDRHA,cell_1k,0.979,0.974,0.968,0.98,0.031,0.055,0.079,0.016,0.029,0.043,0.546,0.109,0.4,0.496,0.549,0.153,0.618,0.651,0.656,0.658,0.645,0.623,0.615,150.0,0.55,0.69,0.51,0.7,0.68,cell_number
SIMLR,cell_1k,1.0,1.0,1.0,1.0,0.049,0.072,0.095,0.029,0.043,0.058,0.514,0.075,0.8,0.875,0.541,0.197,0.617,0.674,0.674,0.677,0.697,0.667,0.654,182.0,1.0,1.0,0.92,1.0,1.0,cell_number
SPDR,cell_1k,1.0,1.0,1.0,1.0,0.039,0.082,0.129,0.022,0.046,0.074,0.592,0.173,0.6,0.763,0.585,0.227,0.633,0.693,0.714,0.737,0.785,0.755,0.743,118.0,1.0,1.0,0.88,1.0,1.0,cell_number
SQuaD_MDS,cell_1k,0.633,0.644,0.652,0.651,0.015,0.033,0.048,0.008,0.018,0.026,0.674,0.505,0.4,0.739,0.609,0.31,0.806,0.581,0.59,0.598,0.754,0.753,0.753,397.0,0.26,0.3,0.31,0.29,0.3,cell_number
SQuaD_MDS_hybrid,cell_1k,0.914,0.918,0.918,0.92,0.047,0.074,0.106,0.017,0.036,0.056,0.592,0.214,0.6,0.851,0.582,0.202,0.642,0.639,0.646,0.653,0.793,0.767,0.755,137.0,0.84,0.77,0.47,0.77,0.77,cell_number
SSNMDI,cell_1k,0.255,0.278,0.263,0.298,0.01,0.018,0.027,0.005,0.009,0.014,0.497,-0.005,0.2,0.433,0.498,0.126,0.623,0.499,0.505,0.508,0.496,0.497,0.501,250.0,-0.0,0.0,0.68,0.0,0.0,cell_number
TSNE,cell_1k,0.999,0.999,0.999,0.999,0.041,0.076,0.112,0.021,0.041,0.061,0.578,0.171,0.6,0.813,0.578,0.201,0.629,0.696,0.71,0.723,0.785,0.747,0.731,120.0,1.0,1.0,0.84,1.0,1.0,cell_number
TriMap,cell_1k,1.0,1.0,1.0,1.0,0.042,0.078,0.119,0.023,0.043,0.068,0.577,0.197,0.6,0.863,0.589,0.221,0.639,0.7,0.718,0.736,0.79,0.761,0.747,121.0,1.0,1.0,0.86,1.0,1.0,cell_number
UMAP,cell_1k,0.978,0.978,0.979,0.98,0.045,0.072,0.095,0.022,0.036,0.049,0.555,0.137,0.2,0.57,0.564,0.194,0.643,0.647,0.65,0.652,0.78,0.738,0.714,177.0,0.97,0.95,0.56,0.95,0.95,cell_number
VAE,cell_1k,0.979,0.981,0.98,0.981,0.042,0.073,0.101,0.022,0.038,0.054,0.566,0.144,0.6,0.844,0.568,0.183,0.625,0.675,0.676,0.683,0.761,0.734,0.72,130.0,0.95,0.92,0.53,0.91,0.92,cell_number
ZIFA,cell_1k,0.88,0.897,0.899,0.884,0.03,0.056,0.078,0.015,0.028,0.04,0.584,0.162,0.4,0.832,0.569,0.235,0.678,0.627,0.631,0.636,0.745,0.727,0.719,246.0,0.76,0.85,0.6,0.84,0.86,cell_number
ivis,cell_1k,0.397,0.437,0.439,0.456,0.012,0.023,0.036,0.006,0.012,0.019,0.538,0.084,0.2,0.801,0.519,0.129,0.63,0.523,0.527,0.532,0.535,0.541,0.545,223.0,0.07,0.08,0.33,0.08,0.08,cell_number
pCMF,cell_1k,0.25,0.264,0.26,0.304,0.01,0.02,0.032,0.005,0.011,0.016,0.494,-0.05,0.6,0.639,0.498,0.346,0.851,0.508,0.506,0.51,0.484,0.484,0.485,698.0,-0.0,0.01,0.36,0.01,0.01,cell_number
scGAE,cell_1k,0.417,0.431,0.406,0.348,0.011,0.023,0.033,0.006,0.013,0.019,0.51,0.087,0.2,0.645,0.509,0.389,0.906,0.543,0.534,0.531,0.359,0.376,0.39,765.0,0.0,0.01,0.53,0.01,0.01,cell_number
scGBM,cell_1k,0.894,0.891,0.898,0.906,0.032,0.059,0.083,0.017,0.031,0.043,0.599,0.214,0.4,0.782,0.578,0.216,0.672,0.635,0.64,0.648,0.769,0.749,0.74,206.0,0.79,0.84,0.54,0.84,0.85,cell_number
scScope,cell_1k,0.25,0.253,0.269,0.302,0.01,0.022,0.032,0.006,0.011,0.017,0.527,0.079,0.2,0.334,0.513,0.268,0.772,0.505,0.508,0.511,0.519,0.526,0.531,513.0,0.0,0.01,0.35,0.01,0.01,cell_number
scvis,cell_1k,0.222,0.265,0.28,0.298,0.009,0.019,0.029,0.005,0.011,0.017,0.515,0.021,0.2,0.402,0.506,0.352,0.871,0.507,0.51,0.512,0.192,0.237,0.267,701.0,0.0,0.01,0.51,0.01,0.01,cell_number
tGPLVM,cell_1k,0.728,0.743,0.738,0.747,0.024,0.047,0.067,0.013,0.024,0.034,0.582,0.176,0.6,0.801,0.566,0.228,0.685,0.603,0.607,0.61,0.736,0.721,0.715,260.0,0.59,0.69,0.55,0.68,0.7,cell_number
VASC,cell_1k,0.177,0.184,0.184,0.299,0.002,0.003,0.01,0.001,0.002,0.005,0.494,0.0,0.6,0.508,,,,0.572,0.56,0.515,0.494,0.495,0.5,,0.0,0.0,0.0,1.0,0.0,cell_number
DRA,cell_5k,0.244,0.263,0.266,0.298,0.002,0.004,0.006,0.001,0.002,0.003,0.497,0.006,0.0,0.365,0.5,0.157,0.657,0.5,0.5,0.501,0.475,0.477,0.479,1574.0,0.0,0.0,0.33,0.0,0.0,cell_number
DREAM,cell_5k,0.301,0.328,0.336,0.352,0.003,0.005,0.007,0.001,0.002,0.003,0.509,0.004,1.0,0.832,0.506,0.146,0.646,0.505,0.505,0.506,0.518,0.528,0.531,1401.0,0.02,0.03,0.31,0.03,0.03,cell_number
EDGE,cell_5k,0.996,0.995,0.994,0.995,0.008,0.017,0.025,0.005,0.009,0.013,0.562,0.144,0.6,0.633,0.562,0.2,0.647,0.644,0.645,0.646,0.819,0.811,0.8,945.0,0.97,0.95,0.56,0.95,0.95,cell_number
GLMPCA,cell_5k,0.948,0.95,0.951,0.949,0.008,0.016,0.023,0.004,0.008,0.011,0.575,0.176,0.4,0.44,0.568,0.215,0.662,0.634,0.637,0.638,0.818,0.81,0.798,1054.0,0.93,0.9,0.62,0.9,0.9,cell_number
PCA,cell_5k,0.934,0.937,0.938,0.937,0.007,0.014,0.021,0.003,0.007,0.011,0.573,0.176,0.6,0.558,0.568,0.206,0.656,0.63,0.633,0.635,0.815,0.808,0.797,980.0,0.93,0.91,0.72,0.91,0.91,cell_number
PHATE,cell_5k,1.0,1.0,1.0,1.0,0.008,0.017,0.025,0.005,0.009,0.013,0.564,0.154,0.8,0.626,0.569,0.216,0.646,0.646,0.649,0.652,0.831,0.824,0.81,901.0,1.0,1.0,0.98,1.0,1.0,cell_number
PaCMAP,cell_5k,0.25,0.26,0.266,0.301,0.002,0.004,0.006,0.001,0.002,0.003,0.501,-0.005,0.2,0.483,0.5,0.099,0.599,0.501,0.502,0.501,0.512,0.509,0.508,989.0,-0.0,0.0,0.93,0.0,0.0,cell_number
ParametricUMAP200,cell_5k,1.0,1.0,1.0,1.0,0.01,0.019,0.026,0.005,0.009,0.013,0.566,0.182,0.4,0.739,0.57,0.212,0.657,0.644,0.647,0.648,0.837,0.819,0.801,986.0,1.0,1.0,0.82,0.99,1.0,cell_number
ParametricUMAP50,cell_5k,1.0,1.0,1.0,1.0,0.01,0.018,0.026,0.005,0.009,0.013,0.569,0.185,0.4,0.745,0.57,0.214,0.657,0.644,0.646,0.648,0.837,0.82,0.802,987.0,1.0,0.99,0.82,0.99,0.99,cell_number
SAUCIE,cell_5k,0.261,0.299,0.306,0.339,0.002,0.004,0.006,0.001,0.002,0.003,0.522,0.129,0.2,0.589,0.515,0.382,0.906,0.51,0.51,0.511,0.225,0.25,0.264,3735.0,0.0,0.0,0.43,0.0,0.0,cell_number
SCDRHA,cell_5k,0.994,0.988,0.98,0.999,0.008,0.014,0.019,0.004,0.008,0.01,0.53,0.184,0.2,0.359,0.529,0.389,0.896,0.645,0.646,0.644,0.301,0.321,0.333,3622.0,0.01,0.01,0.37,0.01,0.01,cell_number
SIMLR,cell_5k,1.0,1.0,1.0,1.0,0.011,0.023,0.031,0.007,0.014,0.019,0.496,0.037,0.4,0.67,0.53,0.217,0.628,0.657,0.657,0.656,0.758,0.749,0.734,1194.0,1.0,1.0,0.88,1.0,1.0,cell_number
SPDR,cell_5k,0.999,0.999,0.999,0.999,0.009,0.019,0.027,0.005,0.01,0.015,0.559,0.151,0.2,0.421,0.571,0.217,0.624,0.656,0.66,0.664,0.828,0.825,0.814,650.0,1.0,0.99,0.89,0.99,0.99,cell_number
SQuaD_MDS,cell_5k,0.639,0.656,0.655,0.663,0.004,0.007,0.01,0.002,0.004,0.005,0.666,0.518,0.4,0.664,0.609,0.32,0.81,0.571,0.575,0.577,0.758,0.762,0.762,2050.0,0.27,0.31,0.31,0.31,0.32,cell_number
SQuaD_MDS_hybrid,cell_5k,0.934,0.937,0.939,0.94,0.014,0.021,0.028,0.004,0.008,0.013,0.575,0.191,0.6,0.658,0.568,0.173,0.626,0.628,0.629,0.631,0.845,0.834,0.821,648.0,0.79,0.76,0.47,0.75,0.77,cell_number
SSNMDI,cell_5k,0.246,0.256,0.263,0.302,0.002,0.004,0.006,0.001,0.002,0.003,0.51,0.01,0.4,0.415,0.502,0.275,0.776,0.502,0.499,0.499,0.518,0.516,0.514,2732.0,-0.0,0.0,0.47,0.0,0.0,cell_number
TSNE,cell_5k,1.0,1.0,1.0,1.0,0.009,0.019,0.027,0.005,0.01,0.014,0.601,0.259,0.6,0.546,0.59,0.199,0.653,0.665,0.665,0.666,0.823,0.826,0.818,693.0,1.0,1.0,0.81,1.0,1.0,cell_number
TriMap,cell_5k,1.0,1.0,1.0,1.0,0.009,0.018,0.026,0.005,0.01,0.014,0.618,0.271,0.4,0.57,0.598,0.233,0.684,0.656,0.66,0.664,0.829,0.826,0.817,957.0,1.0,1.0,0.87,1.0,1.0,cell_number
UMAP,cell_5k,1.0,1.0,1.0,1.0,0.01,0.018,0.025,0.005,0.009,0.013,0.568,0.176,0.4,0.714,0.564,0.205,0.652,0.641,0.643,0.643,0.848,0.832,0.814,986.0,0.98,0.97,0.68,0.97,0.98,cell_number
VAE,cell_5k,0.991,0.992,0.993,0.992,0.009,0.018,0.027,0.005,0.01,0.014,0.541,0.066,0.4,0.527,0.549,0.183,0.608,0.663,0.661,0.662,0.797,0.794,0.783,686.0,0.92,0.91,0.5,0.9,0.92,cell_number
ZIFA,cell_5k,0.927,0.928,0.929,0.929,0.007,0.014,0.021,0.004,0.007,0.01,0.57,0.163,0.6,0.552,0.565,0.203,0.653,0.629,0.629,0.631,0.806,0.8,0.789,979.0,0.79,0.88,0.68,0.87,0.9,cell_number
ivis,cell_5k,0.883,0.887,0.884,0.874,0.005,0.011,0.016,0.003,0.006,0.008,0.571,0.161,0.4,0.396,0.562,0.211,0.666,0.622,0.623,0.622,0.762,0.771,0.772,1140.0,0.68,0.75,0.63,0.74,0.77,cell_number
pCMF,cell_5k,0.246,0.255,0.267,0.305,0.002,0.004,0.006,0.001,0.002,0.003,0.491,-0.103,0.0,0.614,0.494,0.02,0.514,0.502,0.501,0.501,0.428,0.445,0.454,196.0,-0.0,0.0,0.17,0.0,0.0,cell_number
scGAE,cell_5k,0.702,0.691,0.683,0.556,0.004,0.008,0.011,0.002,0.004,0.006,0.512,0.072,0.2,0.645,0.503,0.406,0.923,0.583,0.577,0.573,0.373,0.387,0.395,4066.0,0.0,0.0,0.45,0.0,0.0,cell_number
scGBM,cell_5k,0.906,0.909,0.91,0.916,0.007,0.014,0.021,0.004,0.007,0.01,0.576,0.188,0.4,0.527,0.57,0.206,0.66,0.627,0.631,0.632,0.814,0.808,0.798,984.0,0.78,0.87,0.58,0.86,0.89,cell_number
scScope,cell_5k,0.869,0.867,0.866,0.865,0.007,0.014,0.019,0.004,0.007,0.01,0.537,0.041,0.4,0.539,0.541,0.196,0.643,0.618,0.617,0.617,0.732,0.728,0.718,1138.0,0.7,0.74,0.48,0.73,0.76,cell_number
scvis,cell_5k,0.242,0.267,0.273,0.299,0.002,0.004,0.006,0.001,0.002,0.003,0.587,0.304,0.0,0.234,0.561,0.386,0.889,0.507,0.507,0.508,0.441,0.449,0.454,3265.0,0.01,0.0,0.82,0.0,0.0,cell_number
tGPLVM,cell_5k,0.935,0.938,0.94,0.938,0.007,0.014,0.021,0.004,0.007,0.011,0.574,0.184,0.6,0.589,0.569,0.206,0.661,0.629,0.631,0.633,0.814,0.808,0.797,1004.0,0.93,0.9,0.78,0.9,0.9,cell_number
VASC,cell_5k,0.188,0.188,0.188,0.297,0.008,0.01,0.054,0.004,0.005,0.028,0.518,0.0,0.0,0.776,,,,0.441,0.487,0.508,0.586,0.594,0.591,,0.0,0.0,0.0,1.0,0.0,cell_number
DRA,cell_1w,0.252,0.262,0.275,0.311,0.001,0.002,0.003,0.001,0.001,0.002,0.498,0.026,0.2,0.023,0.5,0.319,0.818,0.5,0.501,0.501,0.528,0.52,0.517,6361.0,0.0,0.0,0.46,0.0,0.0,cell_number
DREAM,cell_1w,0.759,0.77,0.776,0.781,0.003,0.006,0.008,0.001,0.003,0.004,0.545,0.115,0.6,0.851,0.541,0.164,0.64,0.59,0.59,0.589,0.732,0.72,0.711,2067.0,0.45,0.51,0.38,0.5,0.52,cell_number
EDGE,cell_1w,0.98,0.98,0.98,0.981,0.004,0.008,0.012,0.002,0.004,0.006,0.567,0.171,0.8,0.857,0.565,0.2,0.651,0.638,0.639,0.64,0.834,0.82,0.808,1908.0,0.94,0.9,0.52,0.9,0.9,cell_number
GLMPCA,cell_1w,0.739,0.753,0.758,0.761,0.003,0.006,0.008,0.002,0.003,0.004,0.562,0.152,0.4,0.751,0.552,0.188,0.661,0.59,0.592,0.592,0.771,0.757,0.747,2301.0,0.44,0.56,0.41,0.55,0.57,cell_number
PCA,cell_1w,0.914,0.918,0.919,0.923,0.004,0.007,0.011,0.002,0.004,0.005,0.581,0.198,0.8,0.925,0.573,0.218,0.667,0.629,0.63,0.631,0.836,0.824,0.814,2108.0,0.78,0.88,0.66,0.86,0.89,cell_number
PHATE,cell_1w,1.0,1.0,1.0,1.0,0.004,0.008,0.012,0.002,0.004,0.006,0.568,0.157,0.6,0.676,0.57,0.222,0.652,0.642,0.644,0.646,0.852,0.834,0.82,1909.0,1.0,1.0,0.99,1.0,1.0,cell_number
PaCMAP,cell_1w,0.245,0.264,0.272,0.311,0.001,0.002,0.003,0.0,0.001,0.001,0.499,0.004,0.2,0.67,0.5,0.307,0.808,0.501,0.501,0.501,0.495,0.498,0.499,6143.0,-0.0,0.0,0.91,0.0,0.0,cell_number
ParametricUMAP200,cell_1w,1.0,1.0,1.0,1.0,0.006,0.01,0.013,0.003,0.005,0.006,0.568,0.178,0.8,0.863,0.57,0.21,0.657,0.644,0.646,0.646,0.848,0.825,0.81,1939.0,1.0,1.0,0.91,1.0,1.0,cell_number
ParametricUMAP50,cell_1w,1.0,1.0,1.0,1.0,0.005,0.009,0.013,0.003,0.005,0.006,0.569,0.179,0.8,0.863,0.57,0.211,0.656,0.644,0.645,0.646,0.843,0.823,0.808,1931.0,1.0,1.0,0.91,1.0,1.0,cell_number
SAUCIE,cell_1w,0.246,0.265,0.272,0.311,0.001,0.002,0.003,0.001,0.001,0.002,0.52,0.14,0.2,0.396,0.515,0.38,0.903,0.507,0.507,0.507,0.21,0.227,0.238,7408.0,0.0,0.0,0.39,0.0,0.0,cell_number
SCDRHA,cell_1w,0.847,0.85,0.855,0.863,0.004,0.007,0.009,0.002,0.004,0.005,0.537,0.159,0.8,0.826,0.529,0.391,0.895,0.617,0.617,0.617,0.25,0.263,0.272,7256.0,0.11,0.18,0.41,0.18,0.18,cell_number
SPDR,cell_1w,1.0,1.0,1.0,1.0,0.005,0.009,0.013,0.003,0.005,0.007,0.572,0.186,1.0,0.919,0.577,0.219,0.642,0.649,0.652,0.654,0.853,0.834,0.82,1546.0,1.0,1.0,0.88,1.0,1.0,cell_number
SQuaD_MDS,cell_1w,0.637,0.654,0.653,0.658,0.002,0.003,0.005,0.001,0.002,0.002,0.669,0.522,0.6,0.826,0.61,0.316,0.808,0.573,0.575,0.576,0.76,0.76,0.76,4034.0,0.27,0.3,0.31,0.3,0.31,cell_number
SQuaD_MDS_hybrid,cell_1w,0.972,0.973,0.974,0.974,0.008,0.011,0.015,0.002,0.004,0.006,0.581,0.208,0.8,0.875,0.575,0.189,0.639,0.635,0.637,0.638,0.87,0.852,0.84,1429.0,0.94,0.89,0.57,0.89,0.9,cell_number
SSNMDI,cell_1w,0.252,0.261,0.274,0.311,0.001,0.002,0.003,0.0,0.001,0.002,0.5,0.015,0.0,0.514,0.501,0.388,0.889,0.5,0.5,0.501,0.512,0.507,0.505,7742.0,-0.0,0.0,0.41,0.0,0.0,cell_number
TSNE,cell_1w,1.0,1.0,1.0,1.0,0.005,0.009,0.013,0.003,0.005,0.007,0.608,0.236,0.2,0.483,0.591,0.219,0.674,0.653,0.654,0.656,0.842,0.829,0.819,1823.0,1.0,1.0,0.83,1.0,1.0,cell_number
TriMap,cell_1w,1.0,1.0,1.0,1.0,0.005,0.009,0.013,0.003,0.005,0.007,0.616,0.264,0.4,0.801,0.593,0.244,0.697,0.65,0.652,0.654,0.826,0.815,0.806,2308.0,1.0,1.0,0.87,1.0,1.0,cell_number
UMAP,cell_1w,1.0,1.0,1.0,1.0,0.004,0.009,0.012,0.002,0.004,0.006,0.57,0.166,0.8,0.851,0.568,0.207,0.656,0.641,0.639,0.64,0.86,0.843,0.828,1943.0,1.0,1.0,0.81,1.0,1.0,cell_number
VAE,cell_1w,0.997,0.997,0.997,0.997,0.005,0.009,0.013,0.002,0.005,0.007,0.537,0.056,0.8,0.938,0.55,0.182,0.61,0.66,0.658,0.658,0.822,0.804,0.79,1396.0,0.91,0.91,0.51,0.9,0.92,cell_number
ZIFA,cell_1w,0.91,0.917,0.919,0.916,0.004,0.007,0.011,0.002,0.004,0.006,0.572,0.183,0.8,0.907,0.57,0.218,0.666,0.629,0.629,0.631,0.835,0.823,0.812,2146.0,0.78,0.88,0.67,0.86,0.89,cell_number
ivis,cell_1w,0.996,0.996,0.997,0.996,0.004,0.008,0.012,0.002,0.004,0.006,0.585,0.211,0.8,0.919,0.579,0.219,0.661,0.645,0.647,0.649,0.842,0.832,0.825,1865.0,0.99,0.98,0.77,0.98,0.98,cell_number
pCMF,cell_1w,0.246,0.27,0.277,0.308,0.001,0.002,0.003,0.001,0.001,0.001,0.487,-0.093,0.2,0.602,0.494,0.036,0.53,0.505,0.499,0.498,0.441,0.445,0.449,729.0,-0.0,0.0,0.07,0.0,0.0,cell_number
scGAE,cell_1w,0.413,0.422,0.418,0.342,0.001,0.003,0.004,0.001,0.001,0.002,0.489,-0.055,0.2,0.577,0.497,0.46,0.967,0.53,0.526,0.523,0.366,0.369,0.372,9252.0,0.0,0.0,0.41,0.0,0.0,cell_number
scGBM,cell_1w,0.899,0.906,0.91,0.907,0.004,0.007,0.011,0.002,0.004,0.005,0.588,0.215,0.8,0.925,0.576,0.213,0.668,0.628,0.63,0.632,0.841,0.828,0.817,2022.0,0.77,0.86,0.57,0.84,0.87,cell_number
scScope,cell_1w,1.0,1.0,1.0,1.0,0.005,0.008,0.012,0.003,0.004,0.006,0.616,0.3,0.2,0.296,0.59,0.25,0.716,0.65,0.649,0.648,0.805,0.793,0.785,2705.0,1.0,1.0,0.57,1.0,1.0,cell_number
scvis,cell_1w,0.259,0.282,0.296,0.324,0.001,0.002,0.003,0.001,0.001,0.002,0.534,0.279,0.4,0.732,0.524,0.373,0.902,0.51,0.509,0.508,0.229,0.245,0.255,7145.0,0.0,0.01,0.53,0.01,0.01,cell_number
tGPLVM,cell_1w,0.957,0.957,0.957,0.956,0.004,0.008,0.011,0.002,0.004,0.006,0.584,0.197,1.0,0.869,0.575,0.205,0.663,0.633,0.635,0.635,0.831,0.818,0.808,1928.0,0.95,0.93,0.8,0.93,0.93,cell_number
VASC,cell_1w,0.184,0.184,0.2,0.317,0.024,0.02,0.019,0.012,0.01,0.01,0.494,0.0,0.2,0.0,,,,0.374,0.443,0.427,0.538,0.536,0.532,,0.0,0.0,0.0,1.0,0.0,cell_number
DRA,cell_2w,0.241,0.257,0.268,0.309,0.0,0.001,0.001,0.0,0.0,0.001,0.497,-0.013,0.2,0.489,0.5,0.406,0.907,0.499,0.5,0.5,0.493,0.496,0.497,16238.0,-0.0,0.0,0.47,0.0,0.0,cell_number
DREAM,cell_2w,0.866,0.873,0.875,0.876,0.002,0.003,0.005,0.001,0.002,0.003,0.553,0.109,0.8,0.888,0.549,0.173,0.64,0.614,0.614,0.614,0.766,0.755,0.746,3889.0,0.62,0.62,0.38,0.6,0.63,cell_number
EDGE,cell_2w,0.997,0.997,0.997,0.997,0.003,0.005,0.006,0.001,0.002,0.003,0.574,0.162,0.8,0.77,0.571,0.212,0.656,0.647,0.648,0.648,0.859,0.841,0.828,3858.0,0.99,0.98,0.64,0.98,0.98,cell_number
GLMPCA,cell_2w,0.998,0.998,0.998,0.998,0.002,0.005,0.007,0.001,0.002,0.003,0.567,0.151,0.4,0.602,0.566,0.199,0.647,0.649,0.65,0.652,0.853,0.834,0.822,3580.0,0.67,0.75,0.49,0.75,0.76,cell_number
PCA,cell_2w,0.897,0.901,0.903,0.904,0.002,0.004,0.005,0.001,0.002,0.003,0.576,0.179,0.4,0.826,0.572,0.207,0.659,0.629,0.63,0.631,0.854,0.838,0.826,3875.0,0.78,0.88,0.65,0.86,0.89,cell_number
PHATE,cell_2w,1.0,1.0,1.0,1.0,0.002,0.004,0.006,0.001,0.002,0.003,0.573,0.153,0.8,0.801,0.573,0.222,0.657,0.647,0.648,0.648,0.867,0.847,0.833,3875.0,1.0,1.0,0.99,1.0,1.0,cell_number
PaCMAP,cell_2w,0.235,0.253,0.264,0.308,0.0,0.001,0.002,0.0,0.001,0.001,0.498,0.014,0.2,0.44,0.501,0.201,0.701,0.499,0.5,0.5,0.525,0.518,0.515,8001.0,-0.0,0.0,0.91,0.0,0.0,cell_number
ParametricUMAP200,cell_2w,1.0,1.0,1.0,1.0,0.003,0.005,0.007,0.001,0.002,0.003,0.571,0.166,0.6,0.658,0.57,0.214,0.656,0.649,0.65,0.65,0.859,0.84,0.826,3870.0,1.0,1.0,0.96,1.0,1.0,cell_number
ParametricUMAP50,cell_2w,1.0,1.0,1.0,1.0,0.003,0.005,0.007,0.001,0.002,0.003,0.566,0.153,0.4,0.633,0.569,0.216,0.654,0.649,0.649,0.65,0.855,0.837,0.824,3875.0,1.0,1.0,0.96,1.0,1.0,cell_number
SAUCIE,cell_2w,0.241,0.265,0.279,0.311,0.001,0.001,0.002,0.0,0.001,0.001,0.518,0.137,0.4,0.533,0.515,0.38,0.904,0.506,0.507,0.507,0.181,0.195,0.205,14831.0,0.0,0.0,0.42,0.0,0.0,cell_number
SCDRHA,cell_2w,0.998,0.995,0.991,0.996,0.002,0.003,0.004,0.001,0.002,0.002,0.523,0.126,0.6,0.857,0.519,0.385,0.904,0.651,0.65,0.649,0.189,0.201,0.209,14851.0,-0.0,0.0,0.46,0.0,0.0,cell_number
SPDR,cell_2w,0.997,0.997,0.997,0.997,0.002,0.005,0.007,0.001,0.002,0.003,0.558,0.116,0.2,0.097,0.57,0.199,0.633,0.653,0.654,0.655,0.848,0.829,0.816,2936.0,0.99,0.98,0.89,0.99,0.98,cell_number
SQuaD_MDS,cell_2w,0.63,0.644,0.649,0.655,0.001,0.002,0.002,0.0,0.001,0.001,0.665,0.507,0.6,0.67,0.609,0.314,0.806,0.572,0.573,0.573,0.755,0.755,0.755,8026.0,0.25,0.3,0.31,0.29,0.3,cell_number
SQuaD_MDS_hybrid,cell_2w,0.986,0.986,0.985,0.985,0.005,0.006,0.008,0.001,0.002,0.003,0.584,0.191,0.6,0.689,0.578,0.219,0.66,0.644,0.645,0.645,0.894,0.876,0.862,3722.0,0.96,0.93,0.6,0.93,0.93,cell_number
SSNMDI,cell_2w,0.243,0.262,0.268,0.308,0.0,0.001,0.001,0.0,0.001,0.001,0.501,0.016,0.0,0.085,0.501,0.129,0.629,0.5,0.501,0.501,0.504,0.501,0.499,5150.0,-0.0,0.0,0.35,0.0,0.0,cell_number
TSNE,cell_2w,1.0,1.0,1.0,1.0,0.003,0.005,0.007,0.001,0.002,0.004,0.623,0.322,0.2,0.396,0.599,0.251,0.708,0.655,0.655,0.656,0.841,0.83,0.823,4784.0,1.0,1.0,0.81,1.0,1.0,cell_number
TriMap,cell_2w,1.0,1.0,1.0,1.0,0.002,0.005,0.007,0.001,0.002,0.004,0.595,0.208,0.8,0.838,0.581,0.244,0.685,0.653,0.654,0.655,0.828,0.814,0.804,4730.0,1.0,1.0,0.86,1.0,1.0,cell_number
UMAP,cell_2w,1.0,1.0,1.0,1.0,0.002,0.004,0.006,0.001,0.002,0.003,0.568,0.158,0.6,0.739,0.568,0.209,0.654,0.645,0.645,0.645,0.872,0.857,0.845,3874.0,1.0,1.0,0.84,1.0,1.0,cell_number
VAE,cell_2w,1.0,1.0,1.0,1.0,0.003,0.005,0.007,0.001,0.002,0.004,0.518,0.003,1.0,0.795,0.542,0.183,0.602,0.659,0.658,0.658,0.836,0.813,0.797,2863.0,0.94,0.94,0.53,0.93,0.95,cell_number
ZIFA,cell_2w,0.905,0.912,0.912,0.912,0.002,0.004,0.006,0.001,0.002,0.003,0.572,0.164,0.4,0.776,0.569,0.211,0.659,0.629,0.63,0.631,0.851,0.835,0.824,4003.0,0.78,0.88,0.66,0.86,0.89,cell_number
ivis,cell_2w,0.999,0.999,0.999,0.999,0.002,0.004,0.006,0.001,0.002,0.003,0.576,0.169,0.6,0.782,0.575,0.225,0.658,0.651,0.651,0.652,0.877,0.86,0.849,3837.0,0.99,0.99,0.77,0.99,0.99,cell_number
pCMF,cell_2w,0.239,0.259,0.273,0.309,0.001,0.001,0.001,0.0,0.0,0.001,0.493,-0.089,0.2,0.514,0.495,0.0,0.495,0.499,0.499,0.499,0.44,0.448,0.454,10.0,-0.0,0.0,0.08,0.0,0.0,cell_number
scGAE,cell_2w,0.455,0.469,0.472,0.397,0.001,0.002,0.002,0.0,0.001,0.001,0.498,0.017,0.0,0.564,0.496,0.4,0.922,0.543,0.539,0.537,0.331,0.336,0.34,16320.0,0.0,0.0,0.39,0.0,0.0,cell_number
scGBM,cell_2w,0.89,0.896,0.896,0.897,0.002,0.004,0.005,0.001,0.002,0.003,0.582,0.198,0.6,0.751,0.575,0.215,0.668,0.628,0.629,0.63,0.859,0.842,0.83,4110.0,0.76,0.86,0.56,0.84,0.87,cell_number
scScope,cell_2w,1.0,1.0,1.0,1.0,0.002,0.004,0.006,0.001,0.002,0.004,0.618,0.315,0.2,0.421,0.593,0.264,0.734,0.658,0.656,0.655,0.744,0.736,0.731,5990.0,0.81,0.85,0.46,0.84,0.87,cell_number
scvis,cell_2w,0.257,0.278,0.288,0.309,0.0,0.001,0.001,0.0,0.0,0.001,0.522,0.137,0.2,0.396,0.514,0.382,0.902,0.528,0.52,0.517,0.246,0.254,0.26,14930.0,0.0,0.0,0.52,0.0,0.0,cell_number
tGPLVM,cell_2w,0.92,0.924,0.925,0.927,0.002,0.004,0.005,0.001,0.002,0.003,0.576,0.174,0.6,0.776,0.571,0.203,0.659,0.63,0.631,0.632,0.86,0.845,0.833,3873.0,0.82,0.89,0.72,0.89,0.89,cell_number
VASC,cell_2w,0.2,0.2,0.2,0.295,0.062,0.055,0.045,0.033,0.028,0.023,0.492,0.0,0.2,0.141,,,,0.47,0.518,0.498,0.528,0.53,0.53,,0.0,0.0,0.0,1.0,0.0,cell_number
DRA,cell_3w,0.239,0.257,0.267,0.306,0.0,0.001,0.001,0.0,0.0,0.0,0.499,0.013,0.6,0.539,0.5,0.063,0.562,0.5,0.5,0.5,0.513,0.51,0.508,3751.0,0.0,0.0,0.5,0.0,0.0,cell_number
DREAM,cell_3w,0.774,0.785,0.788,0.794,0.001,0.002,0.003,0.001,0.001,0.001,0.547,0.119,0.8,0.919,0.544,0.17,0.642,0.595,0.595,0.595,0.742,0.732,0.725,6251.0,0.5,0.54,0.38,0.53,0.55,cell_number
EDGE,cell_3w,0.99,0.99,0.99,0.99,0.002,0.003,0.004,0.001,0.001,0.002,0.564,0.161,0.6,0.888,0.565,0.206,0.652,0.641,0.641,0.641,0.844,0.83,0.82,5862.0,0.97,0.94,0.58,0.94,0.94,cell_number
GLMPCA,cell_3w,0.944,0.946,0.945,0.946,0.001,0.003,0.004,0.001,0.001,0.002,0.593,0.222,0.8,0.969,0.579,0.211,0.668,0.634,0.635,0.636,0.863,0.85,0.841,5846.0,0.77,0.87,0.57,0.86,0.88,cell_number
PCA,cell_3w,0.961,0.963,0.963,0.964,0.001,0.003,0.004,0.001,0.001,0.002,0.579,0.197,0.8,0.975,0.574,0.221,0.668,0.637,0.637,0.638,0.857,0.846,0.838,6287.0,0.95,0.93,0.7,0.93,0.93,cell_number
PHATE,cell_3w,1.0,1.0,1.0,1.0,0.001,0.003,0.004,0.001,0.001,0.002,0.573,0.17,0.4,0.577,0.573,0.222,0.658,0.642,0.643,0.643,0.869,0.848,0.834,5862.0,1.0,1.0,0.99,1.0,1.0,cell_number
PaCMAP,cell_3w,0.242,0.259,0.27,0.306,0.0,0.001,0.001,0.0,0.0,0.001,0.5,-0.004,0.2,0.265,0.5,0.046,0.545,0.5,0.5,0.501,0.512,0.512,0.511,2745.0,0.0,0.0,0.9,0.0,0.0,cell_number
ParametricUMAP200,cell_3w,1.0,1.0,1.0,1.0,0.002,0.003,0.005,0.001,0.002,0.002,0.568,0.166,0.4,0.888,0.569,0.213,0.655,0.644,0.645,0.645,0.86,0.841,0.829,5816.0,1.0,1.0,0.96,1.0,1.0,cell_number
ParametricUMAP50,cell_3w,1.0,1.0,1.0,1.0,0.002,0.003,0.005,0.001,0.002,0.002,0.567,0.154,0.8,0.919,0.569,0.213,0.655,0.645,0.645,0.645,0.859,0.842,0.83,5857.0,1.0,1.0,0.96,1.0,1.0,cell_number
SAUCIE,cell_3w,0.303,0.332,0.348,0.372,0.0,0.001,0.001,0.0,0.0,0.001,0.522,0.142,0.0,0.633,0.516,0.378,0.9,0.513,0.513,0.513,0.181,0.196,0.205,22030.0,0.0,0.0,0.41,0.0,0.0,cell_number
SPDR,cell_3w,0.997,0.997,0.997,0.996,0.002,0.003,0.004,0.001,0.002,0.002,0.603,0.252,0.6,0.751,0.589,0.216,0.668,0.648,0.649,0.649,0.856,0.842,0.833,5280.0,0.99,0.98,0.89,0.98,0.98,cell_number
SQuaD_MDS,cell_3w,0.638,0.652,0.655,0.663,0.001,0.001,0.002,0.0,0.001,0.001,0.668,0.496,0.8,0.863,0.61,0.314,0.805,0.575,0.575,0.576,0.761,0.761,0.76,11929.0,0.26,0.31,0.31,0.3,0.32,cell_number
SQuaD_MDS_hybrid,cell_3w,0.988,0.989,0.989,0.988,0.003,0.004,0.005,0.001,0.001,0.002,0.592,0.225,0.8,0.875,0.582,0.217,0.664,0.642,0.642,0.642,0.895,0.878,0.866,5554.0,0.95,0.92,0.58,0.91,0.92,cell_number
SSNMDI,cell_3w,0.243,0.262,0.269,0.306,0.0,0.001,0.001,0.0,0.0,0.0,0.497,0.009,0.0,0.191,0.5,0.377,0.877,0.5,0.501,0.5,0.484,0.486,0.487,22618.0,-0.0,0.0,0.36,0.0,0.0,cell_number
TSNE,cell_3w,1.0,1.0,1.0,1.0,0.002,0.003,0.004,0.001,0.002,0.002,0.624,0.329,0.4,0.465,0.598,0.276,0.731,0.65,0.65,0.65,0.833,0.82,0.811,8734.0,1.0,1.0,0.79,1.0,1.0,cell_number
TriMap,cell_3w,1.0,1.0,1.0,1.0,0.002,0.003,0.004,0.001,0.002,0.002,0.586,0.2,0.8,0.888,0.573,0.204,0.663,0.648,0.648,0.649,0.823,0.811,0.802,5878.0,1.0,1.0,0.84,1.0,1.0,cell_number
UMAP,cell_3w,1.0,1.0,1.0,1.0,0.002,0.003,0.004,0.001,0.002,0.002,0.572,0.16,0.6,0.938,0.569,0.207,0.657,0.64,0.641,0.641,0.882,0.866,0.854,5879.0,1.0,1.0,0.82,1.0,1.0,cell_number
VAE,cell_3w,1.0,1.0,1.0,1.0,0.002,0.003,0.004,0.001,0.002,0.002,0.521,0.019,0.0,0.714,0.542,0.182,0.607,0.65,0.651,0.65,0.83,0.808,0.794,4575.0,0.97,0.96,0.54,0.96,0.97,cell_number
ZIFA,cell_3w,0.956,0.958,0.958,0.958,0.001,0.003,0.004,0.001,0.001,0.002,0.573,0.185,0.8,0.919,0.571,0.224,0.667,0.634,0.634,0.635,0.859,0.846,0.837,6489.0,0.95,0.92,0.71,0.92,0.92,cell_number
ivis,cell_3w,1.0,1.0,1.0,1.0,0.002,0.003,0.004,0.001,0.001,0.002,0.582,0.184,0.4,0.819,0.577,0.221,0.66,0.646,0.647,0.648,0.88,0.865,0.855,5669.0,1.0,1.0,0.86,1.0,1.0,cell_number
pCMF,cell_3w,0.251,0.254,0.268,0.306,0.0,0.001,0.001,0.0,0.0,0.0,0.492,-0.081,0.2,0.272,0.494,0.0,0.494,0.501,0.5,0.495,0.419,0.424,0.427,2.0,-0.0,0.0,0.05,0.0,0.0,cell_number
scGAE,cell_3w,0.438,0.449,0.452,0.357,0.001,0.001,0.001,0.0,0.001,0.001,0.509,0.025,0.0,0.396,0.505,0.347,0.855,0.54,0.537,0.535,0.41,0.417,0.42,20683.0,0.0,0.0,0.39,0.0,0.0,cell_number
scGBM,cell_3w,0.904,0.91,0.911,0.912,0.001,0.003,0.004,0.001,0.001,0.002,0.59,0.219,0.8,0.988,0.577,0.22,0.673,0.628,0.629,0.629,0.86,0.847,0.839,6353.0,0.76,0.85,0.55,0.84,0.86,cell_number
scScope,cell_3w,1.0,1.0,1.0,1.0,0.002,0.003,0.004,0.001,0.002,0.002,0.528,0.061,0.4,0.614,0.539,0.175,0.624,0.653,0.652,0.651,0.672,0.659,0.65,5657.0,0.75,0.77,0.43,0.76,0.79,cell_number
scvis,cell_3w,0.217,0.232,0.25,0.306,0.0,0.0,0.0,0.0,0.0,0.0,0.58,0.497,0.4,0.583,0.542,0.389,0.901,0.495,0.516,0.505,0.574,0.576,0.576,21044.0,0.0,0.0,1.0,0.0,0.0,cell_number
tGPLVM,cell_3w,0.915,0.919,0.92,0.921,0.001,0.002,0.004,0.001,0.001,0.002,0.579,0.205,0.8,0.963,0.573,0.226,0.676,0.627,0.628,0.628,0.85,0.839,0.831,6871.0,0.8,0.89,0.69,0.88,0.89,cell_number
VASC,cell_3w,0.202,0.202,0.202,0.309,0.0,0.01,0.033,0.0,0.005,0.017,0.502,0.0,0.4,0.166,,,,0.517,0.456,0.471,0.578,0.574,0.569,,0.0,0.0,0.0,1.0,0.0,cell_number
DRA,gene_5k,0.23,0.248,0.27,0.301,0.004,0.01,0.015,0.002,0.005,0.008,0.503,0.021,0.2,0.838,0.502,0.092,0.592,0.506,0.504,0.504,0.501,0.51,0.514,360.0,-0.0,0.0,0.32,0.0,0.0,gene_number
DREAM,gene_5k,0.266,0.276,0.281,0.308,0.005,0.011,0.016,0.003,0.005,0.008,0.508,0.033,0.2,0.514,0.507,0.327,0.825,0.502,0.503,0.506,0.566,0.555,0.549,1276.0,0.0,0.01,0.32,0.01,0.01,gene_number
EDGE,gene_5k,0.932,0.934,0.934,0.932,0.016,0.031,0.045,0.009,0.016,0.023,0.551,0.107,0.6,0.371,0.547,0.175,0.636,0.617,0.617,0.618,0.766,0.746,0.73,385.0,0.78,0.75,0.41,0.74,0.76,gene_number
GLMPCA,gene_5k,0.974,0.973,0.973,0.974,0.016,0.031,0.045,0.008,0.016,0.023,0.59,0.209,0.4,0.552,0.57,0.199,0.662,0.629,0.636,0.639,0.784,0.766,0.754,398.0,0.95,0.92,0.57,0.91,0.92,gene_number
PCA,gene_5k,0.927,0.928,0.928,0.935,0.016,0.029,0.042,0.008,0.015,0.022,0.571,0.159,0.4,0.44,0.561,0.194,0.652,0.62,0.623,0.627,0.774,0.755,0.742,394.0,0.93,0.91,0.71,0.91,0.91,gene_number
PHATE,gene_5k,1.0,1.0,1.0,1.0,0.017,0.032,0.048,0.009,0.017,0.025,0.564,0.142,0.8,0.676,0.558,0.206,0.657,0.637,0.638,0.64,0.769,0.748,0.734,437.0,1.0,1.0,0.89,1.0,1.0,gene_number
PaCMAP,gene_5k,0.252,0.246,0.259,0.301,0.005,0.01,0.014,0.002,0.005,0.007,0.501,-0.007,0.2,0.359,0.499,0.155,0.655,0.5,0.501,0.501,0.505,0.504,0.504,623.0,-0.0,0.0,0.94,0.0,0.0,gene_number
ParametricUMAP200,gene_5k,0.998,0.998,0.998,0.998,0.023,0.039,0.053,0.01,0.018,0.025,0.558,0.15,0.8,0.658,0.56,0.2,0.649,0.631,0.635,0.639,0.793,0.759,0.734,395.0,0.99,0.99,0.76,0.99,0.99,gene_number
ParametricUMAP50,gene_5k,1.0,1.0,1.0,1.0,0.022,0.039,0.054,0.01,0.019,0.027,0.563,0.151,0.8,0.633,0.561,0.199,0.65,0.63,0.635,0.639,0.796,0.761,0.735,394.0,1.0,1.0,0.76,1.0,1.0,gene_number
SAUCIE,gene_5k,0.278,0.29,0.304,0.323,0.006,0.01,0.015,0.003,0.006,0.008,0.519,0.127,0.4,0.521,0.514,0.384,0.908,0.509,0.51,0.512,0.245,0.268,0.282,1502.0,0.0,0.01,0.43,0.01,0.01,gene_number
SCDRHA,gene_5k,0.992,0.988,0.977,0.996,0.015,0.027,0.038,0.008,0.015,0.022,0.544,0.141,0.2,0.427,0.541,0.16,0.646,0.629,0.631,0.633,0.553,0.55,0.545,432.0,0.33,0.52,0.45,0.53,0.51,gene_number
SIMLR,gene_5k,1.0,1.0,1.0,1.0,0.022,0.041,0.056,0.013,0.025,0.036,0.497,0.019,0.4,0.334,0.526,0.176,0.613,0.65,0.649,0.649,0.691,0.666,0.649,397.0,1.0,1.0,0.87,1.0,1.0,gene_number
SPDR,gene_5k,1.0,1.0,1.0,1.0,0.022,0.041,0.06,0.011,0.022,0.034,0.559,0.123,0.2,0.178,0.568,0.213,0.619,0.658,0.668,0.677,0.798,0.774,0.758,247.0,1.0,1.0,0.88,1.0,1.0,gene_number
SQuaD_MDS,gene_5k,0.633,0.654,0.657,0.652,0.008,0.016,0.024,0.004,0.008,0.013,0.667,0.505,0.6,0.433,0.608,0.309,0.808,0.566,0.57,0.575,0.751,0.751,0.752,799.0,0.26,0.29,0.31,0.29,0.3,gene_number
SQuaD_MDS_hybrid,gene_5k,0.891,0.898,0.897,0.898,0.022,0.04,0.056,0.01,0.02,0.029,0.565,0.168,1.0,0.863,0.558,0.161,0.613,0.602,0.61,0.615,0.799,0.779,0.767,244.0,0.64,0.63,0.43,0.63,0.63,gene_number
SSNMDI,gene_5k,0.232,0.231,0.245,0.302,0.004,0.009,0.014,0.003,0.005,0.007,0.498,-0.002,0.0,0.253,0.5,0.136,0.635,0.5,0.5,0.502,0.502,0.504,0.506,544.0,0.0,0.0,0.57,0.0,0.0,gene_number
TSNE,gene_5k,1.0,1.0,1.0,1.0,0.02,0.037,0.055,0.01,0.02,0.029,0.567,0.161,0.0,0.452,0.57,0.198,0.628,0.663,0.668,0.675,0.803,0.779,0.762,267.0,1.0,1.0,0.85,1.0,1.0,gene_number
TriMap,gene_5k,1.0,1.0,1.0,1.0,0.02,0.04,0.058,0.01,0.021,0.032,0.588,0.204,1.0,0.763,0.582,0.218,0.641,0.656,0.666,0.678,0.8,0.78,0.767,278.0,1.0,1.0,0.88,1.0,1.0,gene_number
UMAP,gene_5k,0.996,0.997,0.996,0.997,0.022,0.039,0.053,0.011,0.019,0.027,0.555,0.14,0.8,0.701,0.557,0.194,0.645,0.625,0.631,0.632,0.805,0.767,0.741,389.0,0.98,0.96,0.59,0.96,0.96,gene_number
VAE,gene_5k,0.991,0.993,0.993,0.993,0.019,0.037,0.054,0.01,0.019,0.028,0.559,0.099,1.0,0.72,0.555,0.183,0.615,0.66,0.661,0.665,0.78,0.755,0.737,277.0,0.94,0.92,0.55,0.91,0.93,gene_number
ZIFA,gene_5k,0.909,0.914,0.916,0.922,0.015,0.03,0.043,0.008,0.015,0.022,0.563,0.141,0.4,0.458,0.558,0.192,0.647,0.617,0.621,0.624,0.768,0.748,0.735,391.0,0.79,0.88,0.67,0.87,0.89,gene_number
ivis,gene_5k,0.372,0.396,0.413,0.43,0.006,0.013,0.018,0.003,0.006,0.009,0.54,0.118,0.2,0.44,0.522,0.228,0.724,0.52,0.521,0.523,0.584,0.585,0.585,812.0,0.05,0.07,0.35,0.07,0.06,gene_number
pCMF,gene_5k,0.226,0.252,0.252,0.298,0.004,0.009,0.014,0.002,0.005,0.007,0.498,-0.038,0.2,0.427,0.496,0.01,0.505,0.511,0.512,0.512,0.457,0.46,0.463,40.0,0.0,0.0,0.28,0.01,0.0,gene_number
scGAE,gene_5k,0.353,0.356,0.363,0.316,0.006,0.011,0.016,0.003,0.007,0.009,0.546,0.204,0.0,0.34,0.52,0.251,0.768,0.519,0.517,0.516,0.656,0.647,0.641,958.0,0.0,0.0,0.47,0.0,0.0,gene_number
scGBM,gene_5k,0.875,0.892,0.895,0.898,0.015,0.03,0.043,0.008,0.015,0.022,0.577,0.177,0.6,0.471,0.564,0.201,0.661,0.614,0.62,0.624,0.785,0.765,0.751,420.0,0.78,0.86,0.56,0.85,0.87,gene_number
scScope,gene_5k,0.26,0.274,0.294,0.301,0.006,0.01,0.015,0.003,0.005,0.008,0.5,0.015,0.0,0.197,0.502,0.113,0.613,0.502,0.503,0.503,0.514,0.522,0.524,443.0,0.0,0.01,0.34,0.01,0.01,gene_number
scvis,gene_5k,0.292,0.312,0.319,0.366,0.004,0.009,0.012,0.002,0.005,0.007,0.518,0.171,0.6,0.639,0.516,0.366,0.898,0.514,0.515,0.516,0.182,0.21,0.23,1433.0,0.01,0.02,0.49,0.02,0.02,gene_number
tGPLVM,gene_5k,0.246,0.252,0.267,0.298,0.004,0.009,0.014,0.002,0.005,0.007,0.498,-0.019,0.6,0.72,0.495,0.002,0.495,0.499,0.5,0.502,0.465,0.472,0.476,1.0,0.0,0.0,0.31,0.0,0.0,gene_number
VASC,gene_5k,0.188,0.188,0.188,0.303,0.024,0.025,0.038,0.013,0.013,0.02,0.494,0.0,0.2,0.651,,,,0.519,0.558,0.534,0.561,0.549,0.544,,0.0,0.0,0.0,1.0,0.0,gene_number
DRA,gene_2w,0.271,0.269,0.283,0.312,0.005,0.011,0.015,0.003,0.005,0.007,0.504,0.044,0.0,0.527,0.502,0.357,0.858,0.502,0.502,0.505,0.492,0.495,0.5,1417.0,0.0,0.0,0.33,0.0,0.0,gene_number
DREAM,gene_2w,0.54,0.558,0.565,0.573,0.008,0.017,0.025,0.005,0.008,0.013,0.534,0.091,0.4,0.732,0.53,0.166,0.653,0.551,0.552,0.553,0.665,0.647,0.638,506.0,0.17,0.23,0.33,0.22,0.23,gene_number
EDGE,gene_2w,0.973,0.974,0.974,0.974,0.019,0.036,0.052,0.01,0.018,0.026,0.574,0.174,0.4,0.645,0.57,0.211,0.658,0.66,0.664,0.665,0.776,0.758,0.746,393.0,0.92,0.88,0.48,0.87,0.88,gene_number
GLMPCA,gene_2w,0.891,0.887,0.892,0.893,0.018,0.032,0.046,0.009,0.017,0.024,0.599,0.234,0.2,0.67,0.582,0.229,0.679,0.646,0.651,0.654,0.799,0.779,0.767,431.0,0.8,0.83,0.53,0.83,0.84,gene_number
PCA,gene_2w,0.941,0.946,0.943,0.947,0.018,0.033,0.047,0.009,0.017,0.025,0.587,0.227,0.6,0.907,0.58,0.247,0.685,0.655,0.657,0.661,0.797,0.778,0.766,476.0,0.91,0.9,0.67,0.9,0.89,gene_number
PHATE,gene_2w,1.0,1.0,1.0,1.0,0.02,0.036,0.051,0.01,0.018,0.027,0.59,0.198,0.6,0.869,0.579,0.226,0.664,0.672,0.674,0.678,0.802,0.782,0.771,390.0,1.0,1.0,0.9,1.0,1.0,gene_number
PaCMAP,gene_2w,0.243,0.258,0.26,0.301,0.005,0.01,0.014,0.003,0.005,0.007,0.504,-0.004,0.0,0.178,0.499,0.134,0.637,0.501,0.502,0.502,0.488,0.495,0.498,549.0,-0.0,0.0,0.93,0.0,0.0,gene_number
ParametricUMAP200,gene_2w,0.996,0.996,0.996,0.996,0.026,0.043,0.059,0.012,0.02,0.029,0.565,0.177,0.4,0.745,0.575,0.23,0.66,0.669,0.675,0.677,0.818,0.787,0.768,398.0,0.99,0.98,0.78,0.98,0.98,gene_number
ParametricUMAP50,gene_2w,0.995,0.996,0.996,0.996,0.025,0.04,0.054,0.012,0.019,0.027,0.582,0.181,0.4,0.732,0.575,0.224,0.659,0.669,0.673,0.676,0.816,0.786,0.767,387.0,0.99,0.98,0.76,0.98,0.98,gene_number
SAUCIE,gene_2w,0.266,0.276,0.285,0.303,0.005,0.01,0.015,0.003,0.006,0.008,0.512,0.065,0.0,0.67,0.51,0.397,0.913,0.511,0.512,0.513,0.258,0.283,0.301,1560.0,-0.0,0.01,0.39,0.01,0.01,gene_number
SCDRHA,gene_2w,0.982,0.971,0.959,0.964,0.018,0.03,0.043,0.009,0.016,0.024,0.542,0.142,0.4,0.751,0.542,0.186,0.655,0.668,0.669,0.668,0.585,0.586,0.587,481.0,0.31,0.49,0.51,0.49,0.5,gene_number
SIMLR,gene_2w,0.999,0.999,0.999,0.999,0.029,0.049,0.064,0.017,0.029,0.039,0.528,0.126,1.0,0.932,0.555,0.215,0.639,0.689,0.69,0.691,0.739,0.718,0.706,395.0,1.0,1.0,0.88,1.0,1.0,gene_number
SPDR,gene_2w,1.0,1.0,1.0,1.0,0.024,0.044,0.064,0.012,0.023,0.035,0.572,0.179,0.0,0.334,0.589,0.242,0.641,0.691,0.701,0.712,0.819,0.792,0.778,257.0,1.0,1.0,0.89,1.0,1.0,gene_number
SQuaD_MDS,gene_2w,0.618,0.642,0.65,0.66,0.01,0.018,0.027,0.005,0.01,0.014,0.665,0.492,0.4,0.888,0.609,0.311,0.799,0.59,0.595,0.599,0.764,0.763,0.763,778.0,0.27,0.33,0.31,0.32,0.34,gene_number
SQuaD_MDS_hybrid,gene_2w,0.928,0.933,0.932,0.931,0.029,0.044,0.06,0.01,0.019,0.028,0.583,0.237,0.4,0.875,0.582,0.201,0.64,0.649,0.654,0.66,0.824,0.803,0.792,265.0,0.8,0.75,0.46,0.74,0.76,gene_number
SSNMDI,gene_2w,0.229,0.247,0.25,0.297,0.005,0.01,0.015,0.003,0.005,0.008,0.508,0.009,0.2,0.265,0.502,0.278,0.779,0.502,0.505,0.506,0.502,0.499,0.498,1106.0,0.0,0.01,0.61,0.01,0.01,gene_number
TSNE,gene_2w,1.0,1.0,1.0,1.0,0.023,0.042,0.061,0.012,0.022,0.033,0.59,0.195,0.6,0.57,0.59,0.222,0.648,0.697,0.701,0.707,0.813,0.788,0.775,273.0,1.0,1.0,0.85,1.0,1.0,gene_number
TriMap,gene_2w,1.0,1.0,1.0,1.0,0.022,0.042,0.063,0.012,0.022,0.034,0.601,0.233,0.6,0.813,0.598,0.242,0.656,0.698,0.707,0.717,0.824,0.802,0.789,280.0,1.0,1.0,0.88,1.0,1.0,gene_number
UMAP,gene_2w,0.995,0.995,0.993,0.995,0.025,0.043,0.057,0.012,0.022,0.029,0.572,0.178,0.6,0.745,0.575,0.223,0.658,0.664,0.668,0.67,0.826,0.797,0.777,385.0,0.99,0.98,0.64,0.98,0.98,gene_number
VAE,gene_2w,0.98,0.981,0.98,0.981,0.023,0.042,0.06,0.012,0.021,0.031,0.583,0.189,0.6,0.788,0.576,0.204,0.638,0.693,0.69,0.693,0.797,0.776,0.763,287.0,0.91,0.88,0.52,0.88,0.89,gene_number
ZIFA,gene_2w,0.942,0.946,0.948,0.949,0.018,0.033,0.048,0.009,0.017,0.024,0.586,0.225,0.6,0.907,0.58,0.242,0.682,0.655,0.657,0.661,0.802,0.782,0.77,461.0,0.91,0.89,0.68,0.89,0.89,gene_number
ivis,gene_2w,0.731,0.737,0.739,0.752,0.008,0.019,0.03,0.005,0.01,0.016,0.589,0.223,0.6,0.745,0.571,0.23,0.694,0.619,0.619,0.621,0.745,0.746,0.748,529.0,0.54,0.64,0.56,0.63,0.65,gene_number
pCMF,gene_2w,0.224,0.26,0.251,0.298,0.005,0.01,0.015,0.003,0.005,0.008,0.493,-0.038,0.0,0.602,0.496,0.045,0.54,0.504,0.501,0.502,0.49,0.487,0.485,177.0,-0.01,0.0,0.12,0.0,0.0,gene_number
scGAE,gene_2w,0.692,0.701,0.696,0.661,0.011,0.02,0.029,0.006,0.011,0.016,0.52,0.064,0.6,0.894,0.521,0.394,0.897,0.608,0.603,0.6,0.329,0.343,0.355,1495.0,0.01,0.01,0.4,0.01,0.01,gene_number
scGBM,gene_2w,0.889,0.892,0.897,0.898,0.016,0.03,0.044,0.008,0.015,0.023,0.591,0.244,0.4,0.67,0.583,0.241,0.69,0.647,0.651,0.653,0.794,0.774,0.764,476.0,0.85,0.82,0.57,0.82,0.82,gene_number
scScope,gene_2w,0.529,0.563,0.562,0.56,0.009,0.018,0.025,0.005,0.009,0.014,0.539,0.067,0.6,0.776,0.526,0.184,0.678,0.558,0.558,0.559,0.472,0.478,0.483,615.0,0.15,0.17,0.37,0.17,0.18,gene_number
scvis,gene_2w,0.254,0.267,0.288,0.306,0.005,0.01,0.015,0.003,0.005,0.009,0.538,0.357,0.4,0.589,0.523,0.378,0.91,0.51,0.509,0.51,0.337,0.347,0.355,1453.0,0.01,0.01,0.86,0.02,0.01,gene_number
tGPLVM,gene_2w,1.0,1.0,1.0,1.0,0.017,0.034,0.05,0.009,0.017,0.026,0.586,0.217,0.6,0.832,0.583,0.265,0.694,0.667,0.668,0.672,0.808,0.784,0.771,520.0,1.0,1.0,0.9,1.0,1.0,gene_number
VASC,gene_2w,0.188,0.188,0.188,0.303,0.029,0.028,0.042,0.015,0.015,0.022,0.491,0.0,0.0,0.564,,,,0.518,0.539,0.528,0.533,0.54,0.542,,0.0,0.0,0.0,1.0,0.0,gene_number
DRA,gene_3w,0.25,0.264,0.263,0.291,0.004,0.01,0.015,0.002,0.005,0.007,0.514,0.05,0.4,0.633,0.503,0.402,0.903,0.502,0.505,0.505,0.528,0.524,0.524,1597.0,0.0,0.0,0.32,0.0,0.0,gene_number
DREAM,gene_3w,0.578,0.588,0.608,0.615,0.01,0.019,0.027,0.005,0.01,0.014,0.543,0.103,0.8,0.95,0.539,0.172,0.658,0.571,0.573,0.574,0.614,0.618,0.618,493.0,0.21,0.27,0.32,0.26,0.27,gene_number
EDGE,gene_3w,0.961,0.959,0.959,0.962,0.021,0.037,0.052,0.01,0.019,0.027,0.583,0.193,0.6,0.956,0.581,0.24,0.681,0.672,0.676,0.678,0.783,0.773,0.764,451.0,0.91,0.86,0.51,0.86,0.86,gene_number
GLMPCA,gene_3w,0.937,0.938,0.94,0.942,0.019,0.036,0.051,0.01,0.019,0.027,0.607,0.277,0.8,0.844,0.591,0.243,0.69,0.668,0.673,0.675,0.818,0.805,0.795,441.0,0.87,0.84,0.53,0.84,0.84,gene_number
PCA,gene_3w,0.9,0.91,0.917,0.911,0.017,0.033,0.049,0.009,0.017,0.026,0.601,0.253,0.8,0.975,0.593,0.249,0.691,0.666,0.668,0.672,0.817,0.806,0.797,444.0,0.79,0.88,0.65,0.87,0.89,gene_number
PHATE,gene_3w,0.997,0.997,0.997,0.997,0.018,0.037,0.053,0.009,0.02,0.027,0.605,0.235,0.6,0.956,0.59,0.228,0.678,0.68,0.683,0.685,0.805,0.797,0.789,389.0,1.0,0.99,0.88,0.99,0.99,gene_number
PaCMAP,gene_3w,0.236,0.251,0.257,0.301,0.005,0.01,0.015,0.003,0.005,0.008,0.498,-0.0,0.2,0.24,0.499,0.186,0.688,0.498,0.5,0.501,0.491,0.493,0.497,752.0,-0.0,0.0,0.94,0.0,0.0,gene_number
ParametricUMAP200,gene_3w,0.998,0.998,0.997,0.998,0.03,0.046,0.062,0.013,0.021,0.03,0.588,0.232,0.8,0.832,0.589,0.26,0.685,0.684,0.687,0.691,0.836,0.811,0.795,453.0,0.99,0.99,0.78,0.99,0.99,gene_number
ParametricUMAP50,gene_3w,0.996,0.995,0.995,0.996,0.028,0.044,0.059,0.013,0.021,0.029,0.584,0.224,0.6,0.838,0.586,0.234,0.673,0.681,0.686,0.689,0.832,0.809,0.793,396.0,0.99,0.98,0.78,0.98,0.98,gene_number
SAUCIE,gene_3w,0.302,0.338,0.343,0.354,0.006,0.012,0.017,0.003,0.006,0.009,0.516,0.069,0.4,0.757,0.511,0.373,0.884,0.517,0.519,0.519,0.322,0.346,0.364,1457.0,0.0,0.01,0.44,0.01,0.01,gene_number
SCDRHA,gene_3w,0.985,0.974,0.962,0.886,0.02,0.033,0.045,0.01,0.018,0.024,0.568,0.201,0.2,0.838,0.563,0.216,0.672,0.682,0.68,0.678,0.683,0.682,0.68,478.0,0.4,0.55,0.5,0.55,0.56,gene_number
SIMLR,gene_3w,1.0,1.0,1.0,1.0,0.031,0.053,0.07,0.018,0.032,0.043,0.541,0.16,0.8,0.969,0.571,0.231,0.655,0.701,0.703,0.705,0.757,0.749,0.74,396.0,1.0,1.0,0.9,1.0,1.0,gene_number
SPDR,gene_3w,1.0,1.0,1.0,1.0,0.024,0.046,0.068,0.014,0.026,0.038,0.596,0.207,1.0,0.782,0.597,0.246,0.649,0.703,0.709,0.719,0.843,0.825,0.812,257.0,1.0,1.0,0.89,1.0,1.0,gene_number
SQuaD_MDS,gene_3w,0.649,0.664,0.669,0.665,0.01,0.018,0.028,0.005,0.01,0.015,0.665,0.489,0.8,0.863,0.61,0.31,0.795,0.605,0.609,0.612,0.775,0.773,0.773,761.0,0.27,0.31,0.32,0.31,0.32,gene_number
SQuaD_MDS_hybrid,gene_3w,0.921,0.928,0.927,0.932,0.035,0.049,0.065,0.011,0.02,0.03,0.597,0.236,0.8,0.875,0.589,0.221,0.655,0.661,0.665,0.67,0.843,0.823,0.81,306.0,0.78,0.75,0.46,0.74,0.76,gene_number
SSNMDI,gene_3w,0.256,0.252,0.267,0.304,0.006,0.01,0.015,0.003,0.005,0.008,0.496,-0.002,0.2,0.39,0.5,0.044,0.543,0.501,0.502,0.504,0.515,0.512,0.511,173.0,0.0,0.0,0.57,0.0,0.0,gene_number
TSNE,gene_3w,1.0,1.0,1.0,1.0,0.024,0.045,0.064,0.013,0.024,0.034,0.588,0.196,0.4,0.508,0.589,0.231,0.65,0.708,0.71,0.715,0.83,0.809,0.795,291.0,1.0,1.0,0.84,1.0,1.0,gene_number
TriMap,gene_3w,1.0,1.0,1.0,1.0,0.024,0.046,0.067,0.012,0.025,0.036,0.595,0.256,1.0,0.938,0.605,0.248,0.664,0.708,0.718,0.728,0.844,0.83,0.819,282.0,1.0,1.0,0.88,1.0,1.0,gene_number
UMAP,gene_3w,0.993,0.995,0.994,0.994,0.028,0.046,0.06,0.014,0.023,0.03,0.576,0.196,1.0,0.851,0.579,0.231,0.667,0.679,0.68,0.683,0.838,0.811,0.793,402.0,0.99,0.98,0.62,0.98,0.98,gene_number
VAE,gene_3w,0.975,0.975,0.975,0.976,0.024,0.043,0.061,0.013,0.022,0.032,0.596,0.23,1.0,0.913,0.588,0.236,0.664,0.703,0.701,0.701,0.821,0.805,0.793,353.0,0.93,0.9,0.51,0.89,0.9,gene_number
ZIFA,gene_3w,0.914,0.912,0.912,0.907,0.017,0.033,0.049,0.009,0.017,0.025,0.609,0.244,0.8,0.938,0.591,0.254,0.692,0.664,0.667,0.672,0.818,0.806,0.796,459.0,0.79,0.88,0.66,0.87,0.89,gene_number
ivis,gene_3w,0.877,0.878,0.882,0.885,0.011,0.025,0.038,0.007,0.013,0.02,0.625,0.301,0.8,0.788,0.6,0.27,0.713,0.662,0.668,0.672,0.793,0.803,0.808,510.0,0.83,0.8,0.58,0.79,0.8,gene_number
pCMF,gene_3w,0.246,0.277,0.286,0.301,0.006,0.01,0.015,0.003,0.005,0.008,0.502,-0.02,0.2,0.265,0.5,0.339,0.842,0.503,0.504,0.504,0.434,0.449,0.458,1358.0,-0.01,0.0,0.21,0.0,0.0,gene_number
scGAE,gene_3w,0.756,0.742,0.742,0.718,0.014,0.025,0.035,0.008,0.013,0.019,0.53,0.077,0.4,0.938,0.529,0.104,0.59,0.629,0.624,0.622,0.383,0.41,0.427,251.0,0.11,0.15,0.41,0.15,0.15,gene_number
scGBM,gene_3w,0.883,0.879,0.882,0.89,0.017,0.032,0.047,0.008,0.017,0.024,0.609,0.279,0.8,0.95,0.595,0.244,0.695,0.663,0.667,0.67,0.818,0.809,0.8,441.0,0.76,0.84,0.54,0.82,0.85,gene_number
scScope,gene_3w,0.76,0.75,0.755,0.736,0.013,0.026,0.036,0.007,0.014,0.02,0.584,0.21,0.6,0.938,0.568,0.226,0.685,0.621,0.623,0.626,0.718,0.716,0.712,509.0,0.53,0.48,0.42,0.48,0.49,gene_number
scvis,gene_3w,0.264,0.282,0.291,0.293,0.004,0.009,0.014,0.003,0.005,0.008,0.515,0.153,0.2,0.546,0.512,0.361,0.881,0.513,0.515,0.516,0.248,0.277,0.299,1419.0,0.01,0.02,0.53,0.02,0.02,gene_number
tGPLVM,gene_3w,1.0,1.0,1.0,1.0,0.019,0.036,0.053,0.01,0.019,0.027,0.596,0.241,1.0,0.925,0.592,0.241,0.683,0.678,0.682,0.687,0.82,0.805,0.795,411.0,1.0,1.0,0.91,1.0,1.0,gene_number
VASC,gene_3w,0.188,0.188,0.188,0.303,0.04,0.036,0.051,0.021,0.019,0.026,0.496,0.0,0.2,0.228,,,,0.501,0.538,0.523,0.536,0.542,0.547,,0.0,0.0,0.0,1.0,0.0,gene_number
DRA,gene_4w,0.262,0.285,0.285,0.302,0.005,0.01,0.015,0.003,0.005,0.008,0.508,0.035,0.2,0.726,0.503,0.228,0.728,0.502,0.504,0.505,0.534,0.527,0.525,900.0,0.0,0.0,0.31,0.0,0.0,gene_number
DREAM,gene_4w,0.603,0.614,0.614,0.632,0.01,0.019,0.028,0.005,0.01,0.014,0.548,0.107,0.4,0.844,0.543,0.197,0.676,0.577,0.579,0.58,0.641,0.641,0.641,556.0,0.26,0.3,0.33,0.29,0.3,gene_number
EDGE,gene_4w,0.982,0.984,0.983,0.984,0.023,0.04,0.056,0.011,0.02,0.029,0.59,0.198,0.4,0.807,0.581,0.227,0.668,0.689,0.691,0.692,0.792,0.779,0.769,391.0,0.95,0.92,0.52,0.91,0.92,gene_number
GLMPCA,gene_4w,0.956,0.956,0.956,0.957,0.02,0.036,0.053,0.011,0.019,0.028,0.616,0.272,0.4,0.813,0.596,0.242,0.688,0.68,0.684,0.688,0.817,0.805,0.796,411.0,0.88,0.86,0.54,0.85,0.87,gene_number
PCA,gene_4w,0.83,0.834,0.838,0.846,0.016,0.032,0.046,0.008,0.017,0.024,0.606,0.245,0.0,0.707,0.588,0.263,0.702,0.65,0.655,0.658,0.807,0.793,0.783,520.0,0.82,0.8,0.63,0.8,0.8,gene_number
PHATE,gene_4w,0.997,0.997,0.997,0.998,0.022,0.04,0.056,0.012,0.021,0.029,0.595,0.222,0.4,0.863,0.59,0.239,0.674,0.693,0.694,0.696,0.815,0.802,0.792,382.0,1.0,0.99,0.87,0.99,0.99,gene_number
PaCMAP,gene_4w,0.222,0.252,0.261,0.301,0.005,0.01,0.016,0.003,0.005,0.008,0.497,-0.012,0.2,0.353,0.498,0.157,0.656,0.498,0.499,0.502,0.479,0.484,0.487,633.0,-0.0,0.0,0.94,0.0,0.0,gene_number
ParametricUMAP200,gene_4w,0.997,0.997,0.997,0.998,0.03,0.049,0.067,0.013,0.023,0.032,0.588,0.208,0.2,0.664,0.587,0.245,0.67,0.695,0.699,0.702,0.831,0.811,0.796,391.0,1.0,0.99,0.83,0.99,0.99,gene_number
ParametricUMAP50,gene_4w,1.0,1.0,1.0,1.0,0.028,0.045,0.062,0.013,0.022,0.031,0.59,0.204,0.4,0.62,0.586,0.242,0.671,0.693,0.695,0.698,0.83,0.81,0.794,393.0,1.0,1.0,0.83,1.0,1.0,gene_number
SAUCIE,gene_4w,0.266,0.296,0.307,0.328,0.006,0.011,0.016,0.003,0.006,0.009,0.513,0.051,0.0,0.521,0.508,0.398,0.905,0.515,0.516,0.517,0.299,0.329,0.348,1564.0,0.0,0.01,0.41,0.01,0.01,gene_number
SCDRHA,gene_4w,1.0,1.0,1.0,1.0,0.02,0.036,0.052,0.011,0.02,0.028,0.583,0.202,0.6,0.913,0.586,0.266,0.691,0.694,0.697,0.699,0.753,0.749,0.746,493.0,0.96,0.95,0.71,0.95,0.96,gene_number
SIMLR,gene_4w,1.0,1.0,1.0,1.0,0.032,0.055,0.074,0.018,0.032,0.044,0.554,0.152,0.4,0.944,0.569,0.241,0.649,0.713,0.717,0.718,0.764,0.754,0.746,393.0,1.0,1.0,0.92,1.0,1.0,gene_number
SPDR,gene_4w,1.0,1.0,1.0,1.0,0.026,0.05,0.074,0.014,0.027,0.04,0.593,0.23,0.8,0.639,0.603,0.267,0.658,0.714,0.725,0.734,0.849,0.834,0.821,280.0,1.0,1.0,0.89,1.0,1.0,gene_number
SQuaD_MDS,gene_4w,0.59,0.607,0.62,0.628,0.009,0.018,0.027,0.005,0.009,0.014,0.664,0.476,0.0,0.788,0.609,0.317,0.801,0.597,0.601,0.605,0.764,0.764,0.764,793.0,0.27,0.32,0.32,0.31,0.32,gene_number
SQuaD_MDS_hybrid,gene_4w,0.948,0.95,0.952,0.949,0.036,0.052,0.069,0.011,0.021,0.032,0.595,0.238,0.6,0.714,0.591,0.223,0.65,0.675,0.682,0.687,0.845,0.828,0.816,276.0,0.85,0.81,0.5,0.8,0.82,gene_number
SSNMDI,gene_4w,0.244,0.258,0.258,0.298,0.005,0.01,0.015,0.003,0.005,0.008,0.504,0.015,0.4,0.377,0.501,0.315,0.817,0.502,0.501,0.501,0.499,0.503,0.503,1260.0,0.0,0.0,0.64,0.0,0.0,gene_number
TSNE,gene_4w,1.0,1.0,1.0,1.0,0.025,0.048,0.069,0.013,0.026,0.037,0.588,0.18,0.0,0.197,0.59,0.236,0.65,0.716,0.72,0.725,0.847,0.827,0.812,288.0,1.0,1.0,0.86,1.0,1.0,gene_number
TriMap,gene_4w,1.0,1.0,1.0,1.0,0.027,0.049,0.072,0.014,0.026,0.039,0.602,0.241,0.6,0.795,0.605,0.267,0.663,0.718,0.727,0.736,0.845,0.83,0.819,292.0,1.0,1.0,0.88,1.0,1.0,gene_number
UMAP,gene_4w,0.999,0.998,0.997,0.999,0.03,0.048,0.065,0.014,0.023,0.032,0.582,0.2,0.4,0.514,0.583,0.238,0.667,0.688,0.691,0.694,0.84,0.818,0.8,391.0,0.99,0.98,0.69,0.98,0.99,gene_number
VAE,gene_4w,0.982,0.981,0.981,0.982,0.026,0.047,0.066,0.013,0.024,0.035,0.59,0.207,0.6,0.689,0.587,0.224,0.653,0.714,0.71,0.711,0.823,0.808,0.795,306.0,0.9,0.87,0.51,0.86,0.87,gene_number
ZIFA,gene_4w,0.815,0.822,0.83,0.839,0.016,0.032,0.047,0.009,0.017,0.024,0.597,0.251,0.2,0.72,0.588,0.263,0.703,0.649,0.653,0.656,0.811,0.795,0.784,520.0,0.67,0.77,0.52,0.76,0.77,gene_number
ivis,gene_4w,0.963,0.961,0.958,0.963,0.013,0.027,0.042,0.007,0.015,0.023,0.632,0.321,0.6,0.739,0.608,0.261,0.705,0.688,0.692,0.696,0.796,0.807,0.813,438.0,0.92,0.89,0.61,0.88,0.89,gene_number
pCMF,gene_4w,0.245,0.257,0.275,0.3,0.004,0.01,0.015,0.002,0.005,0.008,0.501,-0.064,0.0,0.651,0.498,0.001,0.498,0.502,0.502,0.503,0.477,0.485,0.489,1.0,-0.0,0.0,0.32,0.0,0.0,gene_number
scGAE,gene_4w,0.73,0.718,0.73,0.733,0.016,0.028,0.039,0.009,0.015,0.022,0.553,0.11,0.6,0.844,0.551,0.202,0.664,0.634,0.631,0.63,0.6,0.603,0.605,489.0,0.36,0.47,0.44,0.47,0.48,gene_number
scGBM,gene_4w,0.855,0.869,0.867,0.871,0.018,0.034,0.047,0.009,0.017,0.024,0.605,0.267,0.0,0.62,0.592,0.263,0.706,0.655,0.659,0.663,0.812,0.798,0.789,514.0,0.66,0.74,0.47,0.73,0.75,gene_number
scScope,gene_4w,0.718,0.721,0.72,0.722,0.012,0.026,0.037,0.007,0.015,0.021,0.557,0.175,0.6,0.633,0.556,0.21,0.681,0.612,0.613,0.615,0.648,0.649,0.649,531.0,0.46,0.46,0.42,0.45,0.47,gene_number
scvis,gene_4w,0.273,0.283,0.28,0.306,0.005,0.011,0.016,0.003,0.006,0.008,0.577,0.31,0.2,0.371,0.543,0.375,0.894,0.511,0.511,0.51,0.428,0.44,0.448,1351.0,0.0,0.01,0.57,0.01,0.01,gene_number
tGPLVM,gene_4w,1.0,1.0,1.0,1.0,0.022,0.04,0.059,0.012,0.021,0.031,0.609,0.232,0.6,0.795,0.595,0.247,0.681,0.691,0.698,0.702,0.822,0.811,0.801,394.0,1.0,1.0,0.91,1.0,1.0,gene_number
VASC,gene_4w,0.188,0.188,0.188,0.303,0.016,0.018,0.034,0.008,0.009,0.018,0.502,0.0,0.2,0.508,,,,0.529,0.552,0.511,0.543,0.548,0.549,,0.0,0.0,0.0,1.0,0.0,gene_number
DRA,gene_5w,0.226,0.25,0.268,0.312,0.005,0.01,0.015,0.002,0.005,0.008,0.52,0.062,0.2,0.851,0.505,0.32,0.821,0.5,0.503,0.504,0.522,0.52,0.521,1262.0,0.0,0.0,0.33,0.0,0.0,gene_number
DREAM,gene_5w,0.575,0.589,0.6,0.609,0.011,0.02,0.03,0.006,0.011,0.016,0.538,0.105,0.6,0.819,0.535,0.166,0.65,0.574,0.574,0.574,0.648,0.641,0.636,475.0,0.21,0.25,0.32,0.25,0.26,gene_number
EDGE,gene_5w,0.972,0.968,0.968,0.97,0.024,0.04,0.058,0.012,0.021,0.031,0.562,0.13,1.0,0.832,0.567,0.219,0.65,0.689,0.687,0.689,0.77,0.756,0.746,385.0,0.87,0.83,0.47,0.83,0.84,gene_number
GLMPCA,gene_5w,0.878,0.878,0.879,0.883,0.016,0.034,0.05,0.008,0.017,0.026,0.586,0.236,0.0,0.153,0.583,0.229,0.674,0.658,0.661,0.667,0.788,0.78,0.773,410.0,0.69,0.78,0.48,0.78,0.79,gene_number
PCA,gene_5w,0.91,0.916,0.92,0.919,0.02,0.037,0.053,0.011,0.019,0.027,0.614,0.275,0.8,0.944,0.6,0.265,0.698,0.676,0.682,0.685,0.837,0.823,0.812,453.0,0.93,0.9,0.66,0.9,0.9,gene_number
PHATE,gene_5w,0.996,0.998,0.998,0.997,0.023,0.042,0.059,0.012,0.021,0.031,0.601,0.235,0.8,0.851,0.593,0.257,0.685,0.699,0.7,0.703,0.844,0.826,0.812,430.0,1.0,0.99,0.88,0.99,0.99,gene_number
PaCMAP,gene_5w,0.234,0.26,0.258,0.301,0.004,0.009,0.015,0.002,0.005,0.007,0.497,0.003,0.4,0.626,0.5,0.143,0.644,0.502,0.503,0.503,0.513,0.51,0.509,575.0,-0.0,0.0,0.94,0.0,0.0,gene_number
ParametricUMAP200,gene_5w,0.999,0.997,0.997,0.998,0.033,0.052,0.068,0.015,0.024,0.033,0.587,0.221,0.6,0.913,0.59,0.252,0.674,0.695,0.698,0.703,0.851,0.828,0.813,398.0,1.0,0.99,0.83,0.99,0.99,gene_number
ParametricUMAP50,gene_5w,0.998,0.998,0.997,0.998,0.028,0.047,0.065,0.013,0.023,0.032,0.589,0.22,0.6,0.9,0.59,0.252,0.673,0.695,0.697,0.701,0.85,0.827,0.811,396.0,1.0,0.99,0.82,0.99,0.99,gene_number
SAUCIE,gene_5w,0.3,0.331,0.32,0.34,0.005,0.011,0.017,0.003,0.006,0.009,0.508,0.054,0.2,0.39,0.51,0.378,0.885,0.519,0.52,0.522,0.357,0.38,0.395,1478.0,0.01,0.02,0.44,0.02,0.02,gene_number
SCDRHA,gene_5w,0.843,0.834,0.828,0.856,0.017,0.031,0.045,0.009,0.016,0.024,0.55,0.135,0.2,0.384,0.549,0.153,0.619,0.643,0.643,0.643,0.713,0.705,0.697,299.0,0.39,0.61,0.65,0.66,0.57,gene_number
SIMLR,gene_5w,1.0,1.0,1.0,1.0,0.034,0.057,0.078,0.019,0.033,0.047,0.546,0.142,0.6,0.776,0.572,0.282,0.664,0.72,0.722,0.725,0.787,0.771,0.759,478.0,1.0,1.0,0.91,1.0,1.0,gene_number
SPDR,gene_5w,1.0,1.0,1.0,1.0,0.026,0.053,0.077,0.014,0.029,0.042,0.587,0.201,0.2,0.234,0.601,0.26,0.653,0.72,0.728,0.738,0.86,0.844,0.831,266.0,1.0,1.0,0.89,1.0,1.0,gene_number
SQuaD_MDS,gene_5w,0.663,0.666,0.666,0.68,0.01,0.019,0.028,0.005,0.01,0.015,0.666,0.5,0.8,0.788,0.616,0.307,0.793,0.614,0.617,0.621,0.777,0.776,0.776,726.0,0.28,0.33,0.32,0.32,0.33,gene_number
SQuaD_MDS_hybrid,gene_5w,0.959,0.964,0.965,0.964,0.044,0.055,0.072,0.013,0.022,0.033,0.596,0.25,0.8,0.882,0.596,0.242,0.66,0.687,0.693,0.697,0.86,0.842,0.829,305.0,0.9,0.86,0.53,0.86,0.87,gene_number
SSNMDI,gene_5w,0.24,0.267,0.275,0.299,0.005,0.01,0.015,0.003,0.005,0.008,0.498,0.004,0.2,0.533,0.5,0.257,0.758,0.503,0.504,0.504,0.495,0.496,0.498,1030.0,0.0,0.0,0.65,0.0,0.0,gene_number
TSNE,gene_5w,0.999,0.999,0.999,0.999,0.028,0.049,0.069,0.014,0.026,0.037,0.602,0.209,0.0,0.614,0.596,0.242,0.656,0.722,0.725,0.728,0.849,0.835,0.823,290.0,1.0,1.0,0.84,1.0,1.0,gene_number
TriMap,gene_5w,1.0,1.0,1.0,1.0,0.025,0.049,0.073,0.014,0.027,0.039,0.609,0.273,0.6,0.664,0.612,0.259,0.67,0.722,0.733,0.742,0.864,0.85,0.837,282.0,1.0,1.0,0.88,1.0,1.0,gene_number
UMAP,gene_5w,0.997,0.997,0.997,0.997,0.032,0.05,0.066,0.016,0.025,0.033,0.589,0.229,0.6,0.932,0.591,0.247,0.677,0.692,0.696,0.7,0.857,0.833,0.816,396.0,1.0,0.99,0.68,0.99,0.99,gene_number
VAE,gene_5w,0.976,0.974,0.974,0.975,0.028,0.047,0.066,0.014,0.024,0.034,0.596,0.223,0.6,0.851,0.589,0.229,0.657,0.716,0.712,0.713,0.837,0.821,0.808,317.0,0.86,0.83,0.48,0.82,0.84,gene_number
ZIFA,gene_5w,0.905,0.908,0.914,0.919,0.019,0.036,0.052,0.01,0.018,0.027,0.61,0.268,0.8,0.944,0.599,0.256,0.693,0.676,0.681,0.684,0.837,0.823,0.812,429.0,0.79,0.88,0.62,0.87,0.89,gene_number
ivis,gene_5w,0.885,0.894,0.894,0.895,0.013,0.026,0.041,0.007,0.014,0.022,0.632,0.33,0.8,0.938,0.607,0.252,0.707,0.675,0.682,0.686,0.802,0.809,0.813,439.0,0.7,0.79,0.54,0.78,0.8,gene_number
pCMF,gene_5w,0.253,0.259,0.27,0.292,0.005,0.01,0.015,0.003,0.006,0.008,0.505,-0.058,0.8,0.489,0.498,0.028,0.526,0.5,0.501,0.503,0.472,0.476,0.48,111.0,0.0,0.0,0.44,0.0,0.0,gene_number
scGAE,gene_5w,0.679,0.679,0.672,0.639,0.014,0.025,0.036,0.008,0.014,0.019,0.546,0.083,0.0,0.34,0.532,0.118,0.603,0.612,0.609,0.607,0.471,0.488,0.498,294.0,0.2,0.25,0.42,0.25,0.26,gene_number
scGBM,gene_5w,0.89,0.899,0.898,0.901,0.018,0.035,0.052,0.009,0.018,0.027,0.614,0.291,0.6,0.701,0.6,0.254,0.694,0.672,0.677,0.681,0.835,0.821,0.811,429.0,0.76,0.82,0.52,0.81,0.83,gene_number
scScope,gene_5w,0.823,0.822,0.827,0.822,0.015,0.03,0.045,0.008,0.016,0.025,0.581,0.214,0.8,0.9,0.575,0.222,0.679,0.65,0.651,0.653,0.746,0.739,0.732,453.0,0.57,0.58,0.5,0.57,0.59,gene_number
scvis,gene_5w,0.348,0.361,0.37,0.294,0.006,0.012,0.019,0.003,0.007,0.01,0.55,0.399,0.2,0.384,0.53,0.378,0.901,0.526,0.526,0.525,0.389,0.4,0.409,1416.0,0.02,0.02,0.79,0.03,0.02,gene_number
tGPLVM,gene_5w,1.0,1.0,1.0,1.0,0.023,0.042,0.061,0.012,0.022,0.032,0.606,0.251,0.2,0.707,0.601,0.254,0.687,0.696,0.7,0.704,0.839,0.826,0.815,396.0,1.0,1.0,0.89,1.0,1.0,gene_number
VASC,gene_5w,0.188,0.188,0.188,0.303,0.02,0.019,0.04,0.01,0.01,0.02,0.501,0.0,0.8,0.577,,,,0.525,0.537,0.513,0.537,0.542,0.541,,0.0,0.0,0.0,1.0,0.0,gene_number
DRA,celltype_7,0.158,0.159,0.15,0.128,0.005,0.011,0.016,0.003,0.005,0.008,0.51,0.03,0.5,0.632,0.499,0.107,0.604,0.5,0.503,0.504,0.537,0.53,0.527,422.0,-0.0,0.0,0.33,0.0,0.0,celltype_number
DREAM,celltype_7,0.136,0.143,0.15,0.176,0.005,0.01,0.015,0.002,0.005,0.008,0.504,0.022,0.214,0.433,0.503,0.168,0.668,0.501,0.503,0.505,0.478,0.489,0.496,659.0,0.0,0.01,0.32,0.01,0.01,celltype_number
EDGE,celltype_7,0.731,0.731,0.73,0.736,0.016,0.029,0.041,0.009,0.015,0.021,0.532,0.095,0.5,0.618,0.531,0.127,0.599,0.588,0.59,0.593,0.706,0.679,0.664,285.0,0.53,0.53,0.39,0.53,0.53,celltype_number
GLMPCA,celltype_7,0.713,0.727,0.728,0.742,0.017,0.03,0.041,0.009,0.015,0.021,0.559,0.163,0.429,0.601,0.549,0.148,0.625,0.599,0.602,0.606,0.74,0.716,0.702,316.0,0.55,0.65,0.39,0.65,0.65,celltype_number
PCA,celltype_7,0.828,0.834,0.837,0.841,0.018,0.033,0.045,0.009,0.017,0.023,0.554,0.109,0.429,0.527,0.543,0.148,0.609,0.615,0.617,0.62,0.701,0.677,0.665,285.0,0.73,0.78,0.55,0.78,0.78,celltype_number
PHATE,celltype_7,1.0,1.0,1.0,1.0,0.023,0.04,0.057,0.012,0.021,0.029,0.548,0.11,0.643,0.668,0.549,0.167,0.612,0.652,0.659,0.664,0.742,0.718,0.702,282.0,1.0,1.0,0.88,1.0,1.0,celltype_number
PaCMAP,celltype_7,0.152,0.156,0.165,0.159,0.006,0.01,0.015,0.003,0.005,0.007,0.488,-0.016,0.5,0.606,0.498,0.093,0.59,0.498,0.5,0.502,0.518,0.512,0.508,372.0,0.0,0.0,0.95,0.0,0.0,celltype_number
ParametricUMAP200,celltype_7,0.99,0.989,0.988,0.99,0.03,0.048,0.063,0.015,0.024,0.033,0.537,0.094,0.5,0.725,0.546,0.165,0.602,0.648,0.652,0.657,0.763,0.715,0.687,257.0,0.97,0.96,0.74,0.96,0.96,celltype_number
ParametricUMAP50,celltype_7,0.991,0.991,0.991,0.992,0.027,0.044,0.061,0.014,0.022,0.031,0.548,0.096,0.357,0.662,0.547,0.164,0.604,0.645,0.65,0.653,0.762,0.713,0.683,259.0,0.98,0.97,0.73,0.97,0.97,celltype_number
SAUCIE,celltype_7,0.148,0.146,0.154,0.178,0.006,0.01,0.015,0.003,0.006,0.008,0.516,0.115,0.286,0.447,0.512,0.376,0.902,0.509,0.509,0.51,0.241,0.262,0.277,1480.0,0.0,0.01,0.41,0.01,0.01,celltype_number
SCDRHA,celltype_7,0.981,0.971,0.954,0.978,0.018,0.031,0.043,0.01,0.016,0.023,0.54,0.108,0.286,0.457,0.532,0.126,0.598,0.648,0.648,0.65,0.579,0.567,0.558,278.0,0.45,0.63,0.46,0.64,0.62,celltype_number
SIMLR,celltype_7,1.0,1.0,1.0,1.0,0.032,0.05,0.064,0.019,0.03,0.039,0.489,0.009,0.643,0.821,0.522,0.155,0.587,0.671,0.669,0.67,0.679,0.657,0.64,300.0,1.0,1.0,0.88,1.0,1.0,celltype_number
SPDR,celltype_7,1.0,1.0,1.0,1.0,0.026,0.049,0.072,0.015,0.027,0.04,0.536,0.092,0.429,0.518,0.549,0.178,0.584,0.672,0.688,0.702,0.738,0.712,0.694,169.0,1.0,1.0,0.9,1.0,1.0,celltype_number
SQuaD_MDS,celltype_7,0.47,0.482,0.494,0.512,0.007,0.013,0.02,0.004,0.007,0.011,0.657,0.492,0.5,0.782,0.597,0.313,0.81,0.555,0.561,0.566,0.738,0.738,0.738,853.0,0.18,0.29,0.35,0.29,0.29,celltype_number
SQuaD_MDS_hybrid,celltype_7,0.676,0.691,0.697,0.697,0.026,0.043,0.057,0.012,0.021,0.029,0.551,0.145,0.429,0.544,0.545,0.122,0.592,0.579,0.581,0.585,0.758,0.731,0.717,202.0,0.39,0.41,0.36,0.43,0.39,celltype_number
SSNMDI,celltype_7,0.14,0.15,0.132,0.152,0.006,0.009,0.014,0.003,0.005,0.007,0.511,0.016,0.429,0.599,0.502,0.291,0.793,0.497,0.501,0.504,0.489,0.49,0.494,1159.0,-0.0,0.0,0.73,0.0,0.0,celltype_number
TSNE,celltype_7,1.0,1.0,1.0,1.0,0.025,0.045,0.063,0.014,0.024,0.034,0.54,0.108,0.429,0.534,0.552,0.166,0.589,0.681,0.687,0.696,0.748,0.716,0.695,175.0,1.0,1.0,0.85,1.0,1.0,celltype_number
TriMap,celltype_7,1.0,1.0,1.0,1.0,0.024,0.046,0.068,0.013,0.025,0.037,0.554,0.148,0.643,0.732,0.562,0.174,0.601,0.678,0.692,0.703,0.745,0.725,0.71,182.0,1.0,1.0,0.89,1.0,1.0,celltype_number
UMAP,celltype_7,0.976,0.975,0.976,0.976,0.028,0.046,0.061,0.014,0.023,0.031,0.539,0.09,0.357,0.697,0.544,0.16,0.604,0.64,0.643,0.646,0.768,0.72,0.69,267.0,0.92,0.91,0.56,0.91,0.91,celltype_number
VAE,celltype_7,0.988,0.989,0.988,0.989,0.027,0.044,0.062,0.014,0.023,0.032,0.548,0.121,0.357,0.619,0.551,0.16,0.593,0.675,0.677,0.681,0.751,0.714,0.694,194.0,0.97,0.96,0.58,0.96,0.96,celltype_number
ZIFA,celltype_7,0.624,0.626,0.63,0.636,0.014,0.026,0.036,0.007,0.013,0.018,0.537,0.112,0.429,0.598,0.536,0.127,0.611,0.573,0.577,0.58,0.669,0.649,0.639,310.0,0.46,0.54,0.49,0.54,0.54,celltype_number
ivis,celltype_7,0.182,0.2,0.204,0.217,0.006,0.011,0.016,0.003,0.005,0.008,0.517,0.076,0.143,0.411,0.511,0.296,0.798,0.506,0.51,0.513,0.488,0.499,0.503,1142.0,0.01,0.02,0.34,0.02,0.02,celltype_number
pCMF,celltype_7,0.16,0.145,0.156,0.156,0.005,0.009,0.014,0.003,0.005,0.007,0.49,-0.07,0.714,0.385,0.496,0.024,0.519,0.504,0.503,0.505,0.408,0.434,0.446,95.0,-0.0,0.01,0.08,0.01,0.0,celltype_number
scGAE,celltype_7,0.227,0.182,0.186,0.164,0.006,0.01,0.015,0.003,0.006,0.009,0.514,0.071,0.214,0.262,0.508,0.392,0.901,0.52,0.516,0.516,0.369,0.382,0.392,1542.0,0.0,0.01,0.5,0.01,0.01,celltype_number
scGBM,celltype_7,0.742,0.749,0.748,0.751,0.015,0.029,0.042,0.008,0.015,0.021,0.556,0.154,0.714,0.826,0.549,0.147,0.623,0.602,0.607,0.609,0.72,0.703,0.69,309.0,0.58,0.65,0.41,0.65,0.65,celltype_number
scScope,celltype_7,0.149,0.152,0.162,0.172,0.006,0.009,0.014,0.003,0.005,0.007,0.521,0.061,0.286,0.344,0.513,0.259,0.759,0.501,0.501,0.503,0.48,0.496,0.505,985.0,0.0,0.01,0.35,0.01,0.01,celltype_number
scvis,celltype_7,0.16,0.137,0.144,0.17,0.005,0.01,0.014,0.002,0.005,0.008,0.518,0.191,0.143,0.189,0.522,0.368,0.893,0.507,0.507,0.507,0.336,0.342,0.348,1411.0,0.0,0.01,0.64,0.01,0.01,celltype_number
tGPLVM,celltype_7,0.156,0.156,0.152,0.186,0.005,0.01,0.014,0.003,0.005,0.007,0.503,-0.014,0.357,0.572,0.499,0.002,0.499,0.501,0.503,0.503,0.477,0.485,0.488,2.0,0.0,0.01,0.32,0.01,0.01,celltype_number
VASC,celltype_7,0.139,0.139,0.139,0.158,0.058,0.048,0.053,0.031,0.025,0.028,0.502,0.0,0.143,-0.002,,,,0.564,0.58,0.557,0.532,0.541,0.544,,0.0,0.0,0.0,1.0,0.0,celltype_number
DRA,celltype_9,0.108,0.104,0.106,0.155,0.005,0.01,0.015,0.002,0.005,0.008,0.507,0.051,0.222,0.173,0.503,0.365,0.866,0.502,0.503,0.505,0.527,0.522,0.517,1445.0,-0.0,0.01,0.33,0.01,0.01,celltype_number
DREAM,celltype_9,0.112,0.132,0.134,0.159,0.005,0.01,0.015,0.003,0.005,0.008,0.507,0.022,0.167,0.227,0.506,0.331,0.831,0.499,0.502,0.504,0.549,0.542,0.539,1300.0,0.0,0.01,0.32,0.01,0.01,celltype_number
EDGE,celltype_9,0.684,0.686,0.684,0.702,0.017,0.03,0.041,0.008,0.015,0.02,0.522,0.058,0.444,0.737,0.526,0.102,0.575,0.59,0.59,0.592,0.665,0.647,0.636,208.0,0.47,0.5,0.38,0.5,0.5,celltype_number
GLMPCA,celltype_9,0.676,0.684,0.688,0.701,0.014,0.024,0.035,0.006,0.012,0.017,0.558,0.175,0.389,0.613,0.549,0.142,0.626,0.59,0.594,0.596,0.696,0.678,0.67,317.0,0.41,0.57,0.33,0.57,0.57,celltype_number
PCA,celltype_9,0.578,0.577,0.583,0.605,0.011,0.021,0.031,0.006,0.011,0.016,0.547,0.12,0.333,0.755,0.54,0.127,0.612,0.578,0.58,0.583,0.655,0.649,0.647,297.0,0.4,0.51,0.41,0.52,0.51,celltype_number
PHATE,celltype_9,0.994,0.995,0.995,0.995,0.022,0.04,0.056,0.011,0.02,0.028,0.532,0.099,0.556,0.721,0.545,0.138,0.59,0.657,0.661,0.665,0.702,0.683,0.672,202.0,0.99,0.99,0.8,0.99,0.99,celltype_number
PaCMAP,celltype_9,0.115,0.119,0.13,0.164,0.005,0.011,0.015,0.003,0.005,0.008,0.494,-0.014,0.056,0.083,0.499,0.052,0.551,0.5,0.502,0.503,0.516,0.512,0.512,212.0,0.0,0.01,0.95,0.01,0.01,celltype_number
ParametricUMAP200,celltype_9,0.962,0.96,0.959,0.962,0.029,0.047,0.063,0.013,0.022,0.031,0.529,0.059,0.444,0.542,0.538,0.132,0.578,0.64,0.645,0.647,0.72,0.671,0.642,178.0,0.92,0.9,0.68,0.9,0.9,celltype_number
ParametricUMAP50,celltype_9,0.956,0.957,0.957,0.957,0.027,0.045,0.062,0.013,0.022,0.031,0.533,0.049,0.222,0.445,0.536,0.129,0.576,0.642,0.645,0.649,0.72,0.672,0.644,178.0,0.91,0.9,0.66,0.9,0.9,celltype_number
SAUCIE,celltype_9,0.125,0.132,0.145,0.187,0.005,0.01,0.016,0.003,0.006,0.009,0.515,0.101,0.167,0.289,0.513,0.374,0.9,0.507,0.509,0.511,0.241,0.258,0.271,1469.0,0.0,0.01,0.35,0.01,0.01,celltype_number
SCDRHA,celltype_9,0.789,0.756,0.747,0.75,0.016,0.026,0.037,0.008,0.013,0.02,0.528,0.148,0.389,0.4,0.522,0.059,0.551,0.614,0.611,0.61,0.493,0.49,0.491,122.0,0.3,0.52,0.45,0.52,0.51,celltype_number
SIMLR,celltype_9,0.997,0.997,0.997,0.997,0.032,0.048,0.061,0.017,0.026,0.034,0.492,-0.007,0.333,0.521,0.516,0.133,0.568,0.676,0.673,0.674,0.637,0.62,0.611,236.0,0.99,0.99,0.86,0.99,0.99,celltype_number
SPDR,celltype_9,1.0,1.0,1.0,1.0,0.027,0.05,0.075,0.014,0.026,0.04,0.528,0.064,0.278,0.37,0.543,0.15,0.57,0.679,0.697,0.714,0.687,0.657,0.642,129.0,1.0,1.0,0.89,1.0,1.0,celltype_number
SQuaD_MDS,celltype_9,0.378,0.398,0.41,0.412,0.006,0.013,0.019,0.003,0.007,0.01,0.654,0.473,0.611,0.837,0.592,0.306,0.807,0.547,0.552,0.556,0.732,0.73,0.729,858.0,0.13,0.21,0.33,0.21,0.21,celltype_number
SQuaD_MDS_hybrid,celltype_9,0.74,0.744,0.744,0.742,0.028,0.045,0.064,0.01,0.02,0.031,0.559,0.178,0.556,0.802,0.547,0.105,0.578,0.595,0.601,0.607,0.729,0.712,0.704,131.0,0.49,0.5,0.37,0.51,0.48,celltype_number
SSNMDI,celltype_9,0.119,0.128,0.121,0.138,0.006,0.011,0.015,0.003,0.006,0.008,0.494,0.011,0.111,0.181,0.5,0.314,0.815,0.504,0.505,0.505,0.484,0.486,0.489,1257.0,0.0,0.01,0.65,0.01,0.01,celltype_number
TSNE,celltype_9,1.0,1.0,1.0,1.0,0.027,0.048,0.071,0.013,0.025,0.037,0.529,0.081,0.167,0.066,0.542,0.141,0.571,0.687,0.698,0.71,0.685,0.662,0.653,136.0,1.0,1.0,0.85,1.0,1.0,celltype_number
TriMap,celltype_9,1.0,1.0,1.0,1.0,0.027,0.049,0.069,0.013,0.025,0.036,0.552,0.126,0.556,0.741,0.551,0.144,0.584,0.683,0.699,0.711,0.716,0.696,0.685,148.0,1.0,1.0,0.89,1.0,1.0,celltype_number
UMAP,celltype_9,0.943,0.943,0.942,0.941,0.031,0.048,0.062,0.014,0.023,0.031,0.533,0.059,0.5,0.612,0.536,0.121,0.575,0.633,0.634,0.637,0.727,0.677,0.648,174.0,0.87,0.86,0.51,0.86,0.86,celltype_number
VAE,celltype_9,0.984,0.984,0.984,0.984,0.026,0.046,0.068,0.013,0.023,0.034,0.534,0.098,0.389,0.64,0.546,0.138,0.579,0.679,0.685,0.692,0.686,0.666,0.657,147.0,0.96,0.95,0.6,0.95,0.95,celltype_number
ZIFA,celltype_9,0.534,0.549,0.552,0.567,0.012,0.022,0.032,0.006,0.011,0.016,0.545,0.104,0.389,0.745,0.537,0.123,0.608,0.571,0.573,0.576,0.642,0.635,0.633,295.0,0.3,0.48,0.33,0.49,0.48,celltype_number
ivis,celltype_9,0.14,0.162,0.178,0.216,0.005,0.01,0.016,0.002,0.005,0.008,0.508,0.074,0.389,0.689,0.512,0.308,0.808,0.51,0.513,0.515,0.559,0.549,0.544,1182.0,0.01,0.03,0.33,0.03,0.03,celltype_number
pCMF,celltype_9,0.109,0.124,0.127,0.152,0.005,0.01,0.015,0.003,0.005,0.008,0.489,-0.106,0.167,0.11,0.491,0.001,0.492,0.498,0.503,0.506,0.44,0.448,0.452,2.0,-0.0,0.01,0.01,0.01,0.01,celltype_number
scGAE,celltype_9,0.121,0.128,0.127,0.157,0.005,0.009,0.015,0.003,0.005,0.009,0.501,-0.001,0.167,0.115,0.502,0.3,0.806,0.51,0.51,0.509,0.29,0.313,0.328,1199.0,0.0,0.01,0.5,0.01,0.01,celltype_number
scGBM,celltype_9,0.517,0.525,0.522,0.55,0.012,0.022,0.031,0.006,0.011,0.016,0.55,0.128,0.667,0.86,0.542,0.12,0.611,0.572,0.576,0.578,0.665,0.659,0.656,281.0,0.29,0.47,0.33,0.48,0.47,celltype_number
scScope,celltype_9,0.158,0.159,0.165,0.164,0.004,0.011,0.016,0.002,0.005,0.008,0.506,0.035,0.167,-0.017,0.506,0.336,0.838,0.511,0.51,0.512,0.466,0.477,0.484,1322.0,0.0,0.01,0.36,0.01,0.01,celltype_number
scvis,celltype_9,0.148,0.152,0.138,0.183,0.002,0.006,0.009,0.001,0.003,0.005,0.525,0.092,0.222,0.121,0.51,0.344,0.857,0.507,0.509,0.511,0.369,0.401,0.421,1351.0,0.01,0.03,0.44,0.03,0.03,celltype_number
tGPLVM,celltype_9,0.108,0.112,0.12,0.14,0.005,0.009,0.016,0.002,0.005,0.008,0.5,0.012,0.167,0.617,0.5,0.105,0.604,0.501,0.503,0.507,0.474,0.481,0.485,415.0,0.0,0.01,0.31,0.01,0.01,celltype_number
VASC,celltype_9,0.094,0.094,0.094,0.153,0.066,0.051,0.053,0.035,0.026,0.027,0.496,0.0,0.222,0.624,,,,0.554,0.548,0.533,0.582,0.555,0.546,,0.0,0.0,0.0,1.0,0.0,celltype_number
DRA,celltype_11,0.095,0.094,0.089,0.091,0.005,0.009,0.014,0.002,0.005,0.007,0.511,0.036,0.333,0.339,0.503,0.105,0.604,0.499,0.502,0.503,0.528,0.519,0.517,406.0,-0.0,0.01,0.32,0.01,0.01,celltype_number
DREAM,celltype_11,0.113,0.118,0.119,0.13,0.005,0.009,0.015,0.003,0.005,0.008,0.507,0.027,0.242,0.072,0.502,0.295,0.795,0.503,0.503,0.505,0.52,0.511,0.507,1168.0,0.0,0.02,0.32,0.02,0.02,celltype_number
EDGE,celltype_11,0.393,0.42,0.434,0.435,0.011,0.02,0.027,0.006,0.01,0.013,0.512,0.035,0.303,0.502,0.51,0.066,0.556,0.535,0.537,0.537,0.594,0.579,0.573,188.0,0.16,0.21,0.35,0.21,0.21,celltype_number
GLMPCA,celltype_11,0.556,0.561,0.563,0.582,0.012,0.022,0.031,0.006,0.011,0.015,0.56,0.157,0.242,0.559,0.541,0.141,0.631,0.57,0.575,0.577,0.663,0.655,0.65,368.0,0.31,0.5,0.34,0.5,0.5,celltype_number
PCA,celltype_11,0.622,0.627,0.627,0.637,0.015,0.024,0.033,0.008,0.012,0.016,0.534,0.097,0.424,0.518,0.529,0.107,0.593,0.581,0.581,0.582,0.618,0.606,0.605,262.0,0.41,0.57,0.38,0.57,0.57,celltype_number
PHATE,celltype_11,0.99,0.989,0.99,0.99,0.022,0.039,0.054,0.011,0.02,0.027,0.544,0.094,0.394,0.487,0.538,0.118,0.581,0.65,0.655,0.659,0.676,0.653,0.643,186.0,0.98,0.98,0.74,0.98,0.98,celltype_number
PaCMAP,celltype_11,0.097,0.106,0.105,0.11,0.006,0.011,0.016,0.003,0.005,0.008,0.508,-0.013,0.242,0.153,0.496,0.011,0.507,0.499,0.501,0.504,0.48,0.485,0.489,42.0,0.0,0.01,0.96,0.01,0.01,celltype_number
ParametricUMAP200,celltype_11,0.903,0.902,0.903,0.903,0.029,0.045,0.057,0.012,0.021,0.027,0.521,0.041,0.424,0.239,0.527,0.107,0.563,0.627,0.633,0.635,0.703,0.642,0.609,158.0,0.83,0.82,0.61,0.82,0.82,celltype_number
ParametricUMAP50,celltype_11,0.895,0.898,0.896,0.898,0.028,0.043,0.056,0.012,0.02,0.027,0.531,0.042,0.182,0.243,0.528,0.115,0.57,0.627,0.629,0.633,0.692,0.638,0.611,183.0,0.83,0.82,0.59,0.82,0.82,celltype_number
SAUCIE,celltype_11,0.104,0.11,0.108,0.127,0.005,0.01,0.015,0.003,0.006,0.009,0.511,0.097,0.303,0.085,0.513,0.366,0.893,0.508,0.509,0.51,0.253,0.268,0.279,1438.0,0.0,0.01,0.34,0.02,0.01,celltype_number
SCDRHA,celltype_11,0.89,0.863,0.849,0.904,0.019,0.029,0.037,0.01,0.015,0.019,0.525,0.037,0.152,-0.057,0.524,0.071,0.563,0.631,0.626,0.625,0.554,0.537,0.528,159.0,0.32,0.55,0.42,0.55,0.54,celltype_number
SIMLR,celltype_11,0.997,0.996,0.997,0.996,0.031,0.046,0.057,0.016,0.025,0.031,0.49,-0.009,0.455,0.554,0.509,0.114,0.556,0.672,0.671,0.673,0.61,0.582,0.57,215.0,0.99,0.99,0.83,0.99,0.99,celltype_number
SPDR,celltype_11,1.0,1.0,1.0,1.0,0.026,0.05,0.074,0.014,0.026,0.039,0.516,0.063,0.182,0.146,0.532,0.123,0.555,0.675,0.696,0.715,0.659,0.627,0.612,107.0,1.0,1.0,0.89,1.0,1.0,celltype_number
SQuaD_MDS,celltype_11,0.362,0.376,0.386,0.418,0.006,0.012,0.019,0.003,0.007,0.01,0.648,0.484,0.394,0.424,0.593,0.307,0.809,0.544,0.55,0.553,0.734,0.732,0.731,859.0,0.14,0.27,0.33,0.26,0.27,celltype_number
SQuaD_MDS_hybrid,celltype_11,0.649,0.662,0.671,0.662,0.033,0.046,0.057,0.01,0.018,0.025,0.551,0.167,0.485,0.507,0.54,0.083,0.569,0.578,0.584,0.588,0.718,0.689,0.678,118.0,0.35,0.4,0.37,0.42,0.38,celltype_number
SSNMDI,celltype_11,0.108,0.097,0.107,0.106,0.005,0.01,0.014,0.003,0.005,0.007,0.494,-0.002,0.242,0.038,0.5,0.237,0.739,0.5,0.503,0.503,0.545,0.539,0.534,951.0,-0.0,0.01,0.56,0.01,0.01,celltype_number
TSNE,celltype_11,1.0,1.0,1.0,1.0,0.03,0.048,0.068,0.015,0.024,0.036,0.535,0.069,0.364,0.328,0.537,0.121,0.563,0.685,0.697,0.71,0.654,0.63,0.621,116.0,1.0,1.0,0.86,1.0,1.0,celltype_number
TriMap,celltype_11,1.0,1.0,1.0,1.0,0.026,0.048,0.066,0.013,0.024,0.034,0.553,0.112,0.455,0.543,0.542,0.123,0.573,0.68,0.694,0.704,0.666,0.646,0.637,137.0,1.0,1.0,0.89,1.0,1.0,celltype_number
UMAP,celltype_11,0.855,0.856,0.856,0.858,0.029,0.046,0.058,0.014,0.021,0.028,0.525,0.057,0.333,0.151,0.526,0.096,0.561,0.61,0.615,0.618,0.701,0.645,0.615,150.0,0.72,0.73,0.46,0.73,0.74,celltype_number
VAE,celltype_11,0.974,0.974,0.974,0.973,0.029,0.047,0.065,0.014,0.024,0.033,0.536,0.093,0.394,0.373,0.538,0.115,0.568,0.674,0.681,0.688,0.696,0.658,0.639,130.0,0.95,0.94,0.58,0.94,0.94,celltype_number
ZIFA,celltype_11,0.525,0.536,0.546,0.554,0.012,0.021,0.03,0.006,0.011,0.015,0.532,0.082,0.485,0.526,0.527,0.109,0.598,0.562,0.566,0.568,0.599,0.593,0.594,293.0,0.31,0.48,0.38,0.48,0.48,celltype_number
ivis,celltype_11,0.165,0.182,0.187,0.203,0.007,0.012,0.018,0.003,0.006,0.009,0.513,0.057,0.364,0.521,0.512,0.178,0.676,0.516,0.515,0.517,0.518,0.518,0.52,660.0,0.03,0.07,0.32,0.07,0.07,celltype_number
pCMF,celltype_11,0.112,0.101,0.102,0.112,0.005,0.01,0.015,0.002,0.005,0.008,0.488,-0.058,0.333,0.328,0.497,0.423,0.93,0.515,0.51,0.509,0.492,0.484,0.482,1706.0,0.0,0.02,-0.02,0.03,0.01,celltype_number
scGAE,celltype_11,0.12,0.125,0.128,0.127,0.005,0.01,0.015,0.003,0.006,0.009,0.493,-0.006,0.273,0.03,0.501,0.436,0.943,0.513,0.513,0.514,0.341,0.353,0.361,1741.0,0.0,0.01,0.48,0.01,0.01,celltype_number
scGBM,celltype_11,0.479,0.492,0.497,0.524,0.012,0.021,0.029,0.006,0.01,0.015,0.542,0.106,0.364,0.628,0.532,0.101,0.596,0.561,0.563,0.567,0.666,0.648,0.637,257.0,0.27,0.43,0.35,0.44,0.43,celltype_number
scScope,celltype_11,0.094,0.094,0.108,0.106,0.005,0.009,0.014,0.003,0.005,0.007,0.509,0.051,0.515,0.52,0.506,0.375,0.88,0.499,0.501,0.502,0.471,0.472,0.477,1481.0,-0.0,0.01,0.34,0.01,0.01,celltype_number
scvis,celltype_11,0.116,0.102,0.12,0.116,0.005,0.01,0.015,0.003,0.005,0.009,0.549,0.49,0.182,0.137,0.535,0.37,0.901,0.505,0.507,0.509,0.37,0.375,0.379,1376.0,0.0,0.02,0.75,0.03,0.01,celltype_number
tGPLVM,celltype_11,0.11,0.11,0.105,0.116,0.005,0.01,0.015,0.003,0.005,0.008,0.503,0.029,0.545,0.736,0.501,0.328,0.831,0.499,0.502,0.503,0.508,0.507,0.507,1311.0,0.0,0.02,0.32,0.02,0.02,celltype_number
VASC,celltype_11,0.095,0.095,0.095,0.111,0.077,0.057,0.055,0.041,0.03,0.028,0.49,0.0,0.0,0.035,,,,0.54,0.558,0.534,0.484,0.507,0.52,,0.0,0.0,0.0,1.0,0.0,celltype_number
DRA,celltype_13,0.092,0.098,0.1,0.097,0.005,0.01,0.016,0.002,0.005,0.008,0.507,0.033,0.256,0.138,0.502,0.39,0.893,0.504,0.501,0.503,0.5,0.5,0.501,1554.0,-0.0,0.01,0.32,0.01,0.01,celltype_number
DREAM,celltype_13,0.08,0.1,0.095,0.116,0.005,0.011,0.015,0.002,0.005,0.007,0.516,0.044,0.205,0.385,0.508,0.214,0.715,0.504,0.507,0.507,0.516,0.509,0.508,828.0,0.0,0.02,0.31,0.02,0.01,celltype_number
EDGE,celltype_13,0.384,0.391,0.404,0.422,0.012,0.021,0.029,0.006,0.011,0.014,0.513,0.074,0.205,0.208,0.514,0.069,0.56,0.54,0.543,0.543,0.633,0.613,0.6,188.0,0.18,0.23,0.35,0.22,0.23,celltype_number
GLMPCA,celltype_13,0.48,0.484,0.492,0.506,0.01,0.02,0.029,0.005,0.01,0.015,0.553,0.169,0.308,0.469,0.537,0.16,0.652,0.561,0.566,0.569,0.669,0.637,0.626,466.0,0.22,0.43,0.33,0.43,0.42,celltype_number
PCA,celltype_13,0.57,0.581,0.574,0.594,0.012,0.024,0.035,0.006,0.013,0.018,0.54,0.088,0.308,0.25,0.53,0.09,0.577,0.577,0.581,0.583,0.695,0.66,0.644,192.0,0.37,0.54,0.35,0.54,0.54,celltype_number
PHATE,celltype_13,0.95,0.952,0.952,0.952,0.022,0.039,0.055,0.012,0.02,0.028,0.533,0.088,0.256,0.362,0.533,0.114,0.574,0.639,0.646,0.652,0.7,0.659,0.639,177.0,0.94,0.91,0.71,0.91,0.91,celltype_number
PaCMAP,celltype_13,0.084,0.106,0.103,0.119,0.005,0.011,0.015,0.003,0.005,0.008,0.512,-0.008,0.205,0.03,0.5,0.082,0.581,0.501,0.499,0.501,0.509,0.508,0.509,325.0,-0.0,0.02,0.96,0.02,0.02,celltype_number
ParametricUMAP200,celltype_13,0.828,0.83,0.825,0.825,0.028,0.044,0.056,0.013,0.021,0.028,0.524,0.064,0.256,0.301,0.528,0.111,0.571,0.609,0.615,0.617,0.695,0.635,0.605,188.0,0.74,0.74,0.55,0.74,0.75,celltype_number
ParametricUMAP50,celltype_13,0.815,0.817,0.82,0.816,0.028,0.042,0.053,0.013,0.02,0.026,0.527,0.057,0.308,0.282,0.527,0.1,0.565,0.606,0.607,0.61,0.687,0.627,0.598,167.0,0.75,0.74,0.55,0.74,0.74,celltype_number
SAUCIE,celltype_13,0.102,0.105,0.12,0.144,0.005,0.009,0.014,0.003,0.005,0.008,0.512,0.098,0.359,0.041,0.512,0.39,0.915,0.509,0.511,0.512,0.233,0.253,0.267,1532.0,0.0,0.02,0.34,0.02,0.02,celltype_number
SCDRHA,celltype_13,0.823,0.747,0.678,0.772,0.016,0.025,0.032,0.008,0.013,0.017,0.512,0.054,0.308,0.017,0.515,0.073,0.566,0.618,0.601,0.592,0.546,0.54,0.534,207.0,0.14,0.34,0.37,0.34,0.34,celltype_number
SIMLR,celltype_13,0.983,0.983,0.979,0.976,0.028,0.041,0.053,0.016,0.023,0.03,0.472,-0.087,0.256,0.217,0.497,0.115,0.543,0.673,0.668,0.668,0.605,0.568,0.553,217.0,0.96,0.95,0.77,0.95,0.95,celltype_number
SPDR,celltype_13,1.0,1.0,1.0,1.0,0.028,0.053,0.077,0.015,0.028,0.041,0.524,0.063,0.256,0.295,0.529,0.119,0.552,0.675,0.693,0.713,0.649,0.616,0.601,107.0,1.0,1.0,0.89,1.0,1.0,celltype_number
SQuaD_MDS,celltype_13,0.314,0.342,0.354,0.37,0.005,0.012,0.018,0.003,0.007,0.01,0.654,0.48,0.333,0.301,0.59,0.308,0.811,0.539,0.543,0.547,0.727,0.725,0.724,877.0,0.11,0.21,0.33,0.21,0.22,celltype_number
SQuaD_MDS_hybrid,celltype_13,0.546,0.557,0.558,0.543,0.026,0.037,0.048,0.009,0.015,0.022,0.55,0.163,0.41,0.503,0.539,0.211,0.687,0.557,0.559,0.561,0.729,0.701,0.689,622.0,0.27,0.31,0.38,0.32,0.3,celltype_number
SSNMDI,celltype_13,0.082,0.078,0.096,0.098,0.006,0.01,0.014,0.003,0.005,0.007,0.49,-0.026,0.205,0.124,0.493,0.004,0.496,0.503,0.503,0.503,0.486,0.493,0.496,13.0,-0.0,0.01,0.55,0.01,0.01,celltype_number
TSNE,celltype_13,1.0,1.0,1.0,1.0,0.029,0.05,0.073,0.015,0.027,0.038,0.534,0.071,0.308,0.448,0.535,0.116,0.56,0.686,0.703,0.715,0.643,0.617,0.609,114.0,1.0,1.0,0.86,1.0,1.0,celltype_number
TriMap,celltype_13,1.0,1.0,1.0,1.0,0.027,0.048,0.068,0.014,0.025,0.036,0.533,0.08,0.359,0.369,0.536,0.118,0.565,0.677,0.692,0.703,0.706,0.661,0.64,128.0,1.0,1.0,0.88,1.0,1.0,celltype_number
UMAP,celltype_13,0.74,0.752,0.752,0.752,0.029,0.045,0.055,0.014,0.022,0.028,0.523,0.068,0.308,0.373,0.526,0.087,0.559,0.594,0.597,0.598,0.713,0.649,0.617,141.0,0.6,0.6,0.42,0.6,0.61,celltype_number
VAE,celltype_13,0.944,0.939,0.939,0.938,0.027,0.044,0.063,0.014,0.023,0.032,0.536,0.079,0.385,0.386,0.535,0.107,0.563,0.664,0.67,0.675,0.683,0.641,0.622,123.0,0.82,0.84,0.5,0.84,0.84,celltype_number
ZIFA,celltype_13,0.503,0.52,0.532,0.543,0.012,0.023,0.032,0.006,0.012,0.016,0.521,0.068,0.513,0.261,0.526,0.088,0.574,0.565,0.569,0.571,0.682,0.652,0.636,198.0,0.28,0.5,0.33,0.5,0.5,celltype_number
ivis,celltype_13,0.106,0.114,0.12,0.145,0.006,0.011,0.016,0.003,0.006,0.008,0.523,0.1,0.385,0.461,0.514,0.244,0.747,0.507,0.511,0.512,0.546,0.542,0.541,926.0,0.01,0.03,0.33,0.03,0.03,celltype_number
pCMF,celltype_13,0.091,0.09,0.094,0.105,0.005,0.01,0.014,0.002,0.005,0.007,0.489,-0.134,0.308,0.284,0.491,0.001,0.492,0.508,0.505,0.505,0.503,0.496,0.493,5.0,-0.0,0.02,-0.13,0.03,0.01,celltype_number
scGAE,celltype_13,0.11,0.096,0.1,0.119,0.005,0.009,0.014,0.003,0.005,0.008,0.493,0.01,0.256,0.229,0.493,0.389,0.914,0.513,0.513,0.512,0.362,0.377,0.386,1599.0,0.0,0.02,0.51,0.02,0.02,celltype_number
scGBM,celltype_13,0.433,0.443,0.451,0.461,0.011,0.019,0.028,0.006,0.01,0.014,0.534,0.105,0.231,0.346,0.53,0.085,0.583,0.557,0.556,0.558,0.644,0.612,0.6,215.0,0.22,0.39,0.33,0.39,0.39,celltype_number
scScope,celltype_13,0.098,0.096,0.093,0.126,0.004,0.011,0.015,0.003,0.006,0.008,0.52,0.076,0.333,0.343,0.51,0.325,0.827,0.501,0.502,0.504,0.471,0.485,0.492,1260.0,0.0,0.02,0.35,0.02,0.02,celltype_number
scvis,celltype_13,0.092,0.088,0.094,0.118,0.005,0.01,0.015,0.003,0.006,0.009,0.624,0.44,0.231,0.477,0.579,0.359,0.868,0.507,0.507,0.508,0.499,0.506,0.511,1135.0,-0.0,0.02,0.58,0.03,0.02,celltype_number
tGPLVM,celltype_13,0.081,0.099,0.102,0.128,0.005,0.01,0.015,0.003,0.005,0.008,0.512,0.039,0.282,0.238,0.503,0.414,0.916,0.504,0.506,0.506,0.473,0.48,0.487,1640.0,0.0,0.02,0.33,0.02,0.02,celltype_number
VASC,celltype_13,0.088,0.095,0.088,0.111,0.052,0.046,0.05,0.027,0.024,0.026,0.499,0.0,0.0,0.111,,,,0.549,0.542,0.53,0.51,0.522,0.528,,0.0,0.0,0.0,1.0,0.0,celltype_number
DRA,celltype_15,0.09,0.083,0.083,0.1,0.005,0.01,0.016,0.003,0.006,0.008,0.505,0.043,0.383,0.421,0.502,0.32,0.822,0.5,0.503,0.505,0.518,0.509,0.504,1275.0,-0.0,0.02,0.32,0.02,0.02,celltype_number
DREAM,celltype_15,0.09,0.092,0.106,0.118,0.005,0.01,0.015,0.003,0.005,0.008,0.514,0.043,0.233,0.078,0.509,0.266,0.766,0.503,0.505,0.507,0.586,0.558,0.546,1027.0,0.0,0.02,0.32,0.02,0.02,celltype_number
EDGE,celltype_15,0.298,0.332,0.337,0.351,0.011,0.019,0.026,0.005,0.01,0.013,0.517,0.05,0.283,0.155,0.512,0.082,0.574,0.53,0.533,0.532,0.586,0.574,0.563,253.0,0.11,0.17,0.34,0.17,0.17,celltype_number
GLMPCA,celltype_15,0.436,0.449,0.454,0.476,0.011,0.018,0.027,0.005,0.009,0.013,0.561,0.152,0.383,0.355,0.539,0.207,0.695,0.558,0.561,0.564,0.595,0.599,0.603,640.0,0.18,0.4,0.33,0.41,0.39,celltype_number
PCA,celltype_15,0.47,0.486,0.486,0.504,0.011,0.021,0.03,0.006,0.011,0.015,0.541,0.123,0.317,0.251,0.527,0.103,0.594,0.561,0.563,0.566,0.586,0.59,0.591,273.0,0.25,0.46,0.33,0.46,0.46,celltype_number
PHATE,celltype_15,0.96,0.959,0.956,0.96,0.024,0.039,0.054,0.012,0.02,0.028,0.529,0.08,0.35,0.429,0.53,0.114,0.576,0.637,0.642,0.645,0.618,0.61,0.604,196.0,0.9,0.91,0.67,0.91,0.91,celltype_number
PaCMAP,celltype_15,0.084,0.09,0.098,0.11,0.005,0.01,0.015,0.003,0.005,0.008,0.496,0.003,0.283,0.372,0.499,0.098,0.598,0.502,0.503,0.505,0.486,0.489,0.491,395.0,-0.0,0.02,0.95,0.02,0.02,celltype_number
ParametricUMAP200,celltype_15,0.717,0.721,0.723,0.723,0.025,0.04,0.052,0.012,0.019,0.025,0.524,0.059,0.383,0.304,0.522,0.083,0.557,0.587,0.59,0.591,0.652,0.599,0.571,149.0,0.61,0.61,0.48,0.61,0.61,celltype_number
ParametricUMAP50,celltype_15,0.68,0.694,0.698,0.7,0.023,0.036,0.047,0.011,0.017,0.023,0.527,0.066,0.35,0.332,0.524,0.08,0.557,0.585,0.588,0.591,0.651,0.604,0.579,142.0,0.59,0.61,0.45,0.61,0.61,celltype_number
SAUCIE,celltype_15,0.096,0.088,0.099,0.126,0.005,0.01,0.014,0.003,0.005,0.008,0.513,0.103,0.217,-0.207,0.514,0.375,0.902,0.507,0.508,0.51,0.219,0.245,0.261,1469.0,0.0,0.02,0.34,0.02,0.02,celltype_number
SCDRHA,celltype_15,0.79,0.754,0.728,0.739,0.014,0.024,0.033,0.007,0.013,0.017,0.499,0.045,0.25,0.057,0.509,0.092,0.574,0.605,0.595,0.587,0.454,0.469,0.478,270.0,0.21,0.46,0.42,0.46,0.46,celltype_number
SIMLR,celltype_15,0.951,0.948,0.946,0.92,0.03,0.044,0.052,0.016,0.024,0.028,0.445,-0.189,0.417,0.514,0.473,0.107,0.518,0.664,0.656,0.652,0.557,0.534,0.523,218.0,0.78,0.86,0.81,0.88,0.85,celltype_number
SPDR,celltype_15,0.999,0.999,0.999,0.999,0.026,0.053,0.079,0.013,0.028,0.042,0.516,0.054,0.383,0.4,0.527,0.099,0.547,0.673,0.695,0.714,0.604,0.6,0.595,87.0,1.0,1.0,0.89,1.0,1.0,celltype_number
SQuaD_MDS,celltype_15,0.291,0.331,0.346,0.357,0.006,0.012,0.018,0.003,0.006,0.01,0.646,0.484,0.45,0.448,0.589,0.31,0.813,0.535,0.54,0.545,0.719,0.717,0.717,886.0,0.1,0.19,0.34,0.19,0.19,celltype_number
SQuaD_MDS_hybrid,celltype_15,0.39,0.416,0.428,0.424,0.022,0.031,0.038,0.008,0.013,0.017,0.557,0.164,0.367,0.516,0.537,0.204,0.688,0.536,0.539,0.541,0.711,0.702,0.697,624.0,0.19,0.22,0.36,0.22,0.21,celltype_number
SSNMDI,celltype_15,0.088,0.098,0.087,0.116,0.005,0.009,0.014,0.003,0.004,0.007,0.496,0.021,0.2,0.085,0.502,0.217,0.717,0.5,0.5,0.5,0.505,0.5,0.5,859.0,0.0,0.02,0.47,0.02,0.02,celltype_number
TSNE,celltype_15,1.0,1.0,1.0,1.0,0.028,0.053,0.076,0.015,0.028,0.041,0.525,0.047,0.283,0.456,0.531,0.099,0.551,0.687,0.703,0.717,0.591,0.59,0.587,92.0,1.0,1.0,0.85,1.0,1.0,celltype_number
TriMap,celltype_15,1.0,1.0,1.0,1.0,0.026,0.05,0.07,0.014,0.026,0.037,0.531,0.076,0.433,0.444,0.532,0.089,0.552,0.676,0.692,0.703,0.608,0.601,0.596,86.0,1.0,1.0,0.88,1.0,1.0,celltype_number
UMAP,celltype_15,0.524,0.548,0.555,0.558,0.021,0.031,0.041,0.01,0.015,0.02,0.518,0.049,0.317,0.352,0.519,0.072,0.556,0.559,0.559,0.562,0.657,0.621,0.601,152.0,0.38,0.41,0.37,0.41,0.42,celltype_number
VAE,celltype_15,0.927,0.924,0.923,0.923,0.027,0.049,0.066,0.014,0.025,0.034,0.536,0.088,0.333,0.327,0.53,0.088,0.552,0.655,0.659,0.664,0.634,0.618,0.605,96.0,0.82,0.83,0.51,0.83,0.83,celltype_number
ZIFA,celltype_15,0.391,0.398,0.412,0.426,0.009,0.019,0.027,0.005,0.01,0.014,0.526,0.112,0.267,0.239,0.525,0.117,0.609,0.548,0.55,0.55,0.571,0.58,0.584,344.0,0.18,0.38,0.33,0.39,0.38,celltype_number
ivis,celltype_15,0.116,0.134,0.128,0.151,0.005,0.01,0.016,0.003,0.006,0.008,0.518,0.089,0.4,0.275,0.514,0.227,0.728,0.509,0.511,0.513,0.55,0.558,0.558,851.0,0.01,0.05,0.33,0.05,0.05,celltype_number
pCMF,celltype_15,0.073,0.081,0.082,0.11,0.004,0.01,0.015,0.002,0.005,0.008,0.495,-0.036,0.383,0.29,0.499,0.347,0.851,0.507,0.504,0.506,0.514,0.516,0.516,1397.0,-0.0,0.02,-0.19,0.03,0.02,celltype_number
scGAE,celltype_15,0.097,0.101,0.096,0.121,0.005,0.01,0.014,0.003,0.005,0.008,0.505,0.047,0.2,0.163,0.508,0.388,0.898,0.516,0.514,0.514,0.35,0.365,0.376,1528.0,0.0,0.02,0.47,0.02,0.02,celltype_number
scGBM,celltype_15,0.407,0.415,0.416,0.426,0.01,0.021,0.029,0.006,0.011,0.015,0.541,0.129,0.383,0.418,0.536,0.244,0.725,0.559,0.56,0.563,0.6,0.597,0.598,785.0,0.2,0.37,0.34,0.38,0.37,celltype_number
scScope,celltype_15,0.086,0.096,0.102,0.112,0.004,0.01,0.016,0.002,0.005,0.008,0.5,0.011,0.35,0.477,0.498,0.442,0.95,0.502,0.502,0.505,0.489,0.489,0.49,1776.0,0.0,0.02,0.36,0.02,0.02,celltype_number
scvis,celltype_15,0.051,0.088,0.086,0.114,0.0,0.003,0.006,0.0,0.002,0.003,0.504,,0.183,0.126,0.502,0.179,0.691,0.504,0.478,0.537,0.498,0.508,0.509,740.0,0.0,0.0,1.0,0.35,0.0,celltype_number
tGPLVM,celltype_15,0.092,0.098,0.111,0.116,0.006,0.01,0.014,0.003,0.005,0.007,0.506,0.008,0.25,0.137,0.503,0.185,0.684,0.499,0.502,0.504,0.477,0.489,0.497,722.0,0.0,0.02,0.33,0.02,0.02,celltype_number
VASC,celltype_15,0.046,0.046,0.053,0.111,0.038,0.042,0.058,0.02,0.022,0.03,0.492,0.0,0.0,0.144,,,,0.552,0.567,0.535,0.571,0.555,0.548,,0.0,0.0,0.0,1.0,0.0,celltype_number
DRA,dropout_-1,0.232,0.256,0.256,0.29,0.005,0.01,0.015,0.003,0.005,0.008,0.508,0.043,0.6,0.801,0.501,0.408,0.91,0.503,0.504,0.505,0.529,0.521,0.518,1626.0,0.0,0.0,0.33,0.0,0.0,dropout
DREAM,dropout_-1,0.332,0.37,0.376,0.398,0.006,0.012,0.018,0.003,0.006,0.009,0.523,0.086,0.6,0.807,0.513,0.205,0.706,0.509,0.511,0.513,0.534,0.539,0.542,768.0,0.03,0.04,0.31,0.04,0.04,dropout
EDGE,dropout_-1,0.956,0.959,0.96,0.96,0.02,0.036,0.051,0.01,0.019,0.026,0.56,0.144,1.0,0.807,0.558,0.182,0.638,0.642,0.644,0.643,0.785,0.767,0.754,349.0,0.87,0.83,0.46,0.82,0.84,dropout
GLMPCA,dropout_-1,0.917,0.924,0.929,0.925,0.016,0.031,0.045,0.008,0.016,0.023,0.588,0.242,0.8,0.739,0.576,0.21,0.672,0.632,0.634,0.638,0.806,0.788,0.777,415.0,0.76,0.83,0.47,0.82,0.84,dropout
PCA,dropout_-1,0.957,0.958,0.959,0.961,0.018,0.033,0.048,0.01,0.017,0.024,0.577,0.183,0.8,0.745,0.569,0.207,0.659,0.635,0.64,0.643,0.79,0.771,0.758,398.0,0.95,0.93,0.67,0.93,0.93,dropout
PHATE,dropout_-1,0.997,0.997,0.997,0.998,0.019,0.035,0.052,0.01,0.018,0.027,0.57,0.155,0.8,0.813,0.564,0.199,0.649,0.647,0.65,0.654,0.801,0.775,0.76,378.0,0.99,0.99,0.86,0.99,0.99,dropout
PaCMAP,dropout_-1,0.227,0.26,0.266,0.301,0.005,0.01,0.015,0.003,0.005,0.008,0.497,0.003,0.4,0.396,0.5,0.122,0.622,0.499,0.499,0.501,0.497,0.498,0.499,488.0,-0.0,0.0,0.93,0.0,0.0,dropout
ParametricUMAP200,dropout_-1,0.998,0.997,0.996,0.998,0.029,0.044,0.058,0.013,0.02,0.028,0.558,0.163,1.0,0.938,0.565,0.208,0.651,0.648,0.65,0.653,0.812,0.78,0.758,388.0,0.99,0.98,0.75,0.98,0.98,dropout
ParametricUMAP50,dropout_-1,0.996,0.994,0.994,0.995,0.025,0.04,0.054,0.012,0.019,0.027,0.566,0.167,0.8,0.813,0.566,0.206,0.651,0.641,0.645,0.648,0.813,0.781,0.761,383.0,0.99,0.98,0.74,0.98,0.98,dropout
SAUCIE,dropout_-1,0.266,0.284,0.304,0.325,0.005,0.011,0.016,0.003,0.006,0.009,0.509,0.1,0.2,0.197,0.512,0.381,0.905,0.509,0.512,0.513,0.22,0.246,0.264,1496.0,-0.0,0.0,0.45,0.0,0.0,dropout
SCDRHA,dropout_-1,0.999,0.999,0.999,0.999,0.017,0.031,0.043,0.01,0.018,0.024,0.538,0.134,0.2,0.595,0.538,0.128,0.602,0.647,0.65,0.652,0.62,0.611,0.605,273.0,0.5,0.68,0.49,0.67,0.69,dropout
SIMLR,dropout_-1,0.999,0.999,0.999,0.999,0.028,0.046,0.061,0.015,0.027,0.037,0.496,-0.016,1.0,0.888,0.524,0.189,0.606,0.667,0.666,0.667,0.713,0.689,0.673,395.0,1.0,1.0,0.81,1.0,1.0,dropout
SPDR,dropout_-1,1.0,1.0,1.0,1.0,0.023,0.045,0.065,0.012,0.024,0.036,0.568,0.144,1.0,0.832,0.574,0.221,0.624,0.675,0.684,0.694,0.817,0.795,0.78,249.0,1.0,1.0,0.88,1.0,1.0,dropout
SQuaD_MDS,dropout_-1,0.629,0.656,0.658,0.662,0.009,0.017,0.025,0.005,0.009,0.013,0.667,0.485,0.8,0.807,0.605,0.315,0.805,0.577,0.585,0.589,0.758,0.758,0.759,817.0,0.28,0.31,0.32,0.3,0.32,dropout
SQuaD_MDS_hybrid,dropout_-1,0.93,0.928,0.929,0.924,0.032,0.047,0.06,0.01,0.018,0.027,0.579,0.195,0.8,0.857,0.568,0.187,0.631,0.628,0.631,0.634,0.815,0.791,0.777,286.0,0.79,0.74,0.45,0.73,0.75,dropout
SSNMDI,dropout_-1,0.244,0.251,0.254,0.298,0.005,0.01,0.016,0.003,0.005,0.008,0.5,0.003,0.0,0.222,0.5,0.306,0.807,0.5,0.5,0.502,0.488,0.493,0.495,1224.0,-0.0,0.0,0.6,0.0,0.01,dropout
TSNE,dropout_-1,1.0,1.0,1.0,1.0,0.023,0.042,0.061,0.012,0.023,0.033,0.575,0.211,0.4,0.763,0.579,0.201,0.639,0.677,0.678,0.684,0.811,0.789,0.775,275.0,1.0,1.0,0.84,1.0,1.0,dropout
TriMap,dropout_-1,1.0,1.0,1.0,1.0,0.022,0.043,0.061,0.012,0.023,0.034,0.612,0.243,1.0,0.851,0.591,0.237,0.666,0.673,0.68,0.688,0.817,0.799,0.788,351.0,1.0,1.0,0.87,1.0,1.0,dropout
UMAP,dropout_-1,0.992,0.992,0.992,0.992,0.027,0.044,0.058,0.013,0.021,0.029,0.573,0.152,0.8,0.832,0.562,0.201,0.647,0.637,0.642,0.644,0.819,0.786,0.765,381.0,0.97,0.95,0.59,0.95,0.95,dropout
VAE,dropout_-1,0.979,0.98,0.979,0.981,0.023,0.04,0.057,0.011,0.021,0.03,0.567,0.164,0.4,0.682,0.564,0.182,0.62,0.668,0.668,0.672,0.803,0.78,0.765,256.0,0.86,0.84,0.5,0.83,0.85,dropout
ZIFA,dropout_-1,0.975,0.976,0.976,0.976,0.021,0.033,0.046,0.01,0.017,0.024,0.563,0.168,0.8,0.763,0.565,0.219,0.664,0.637,0.643,0.645,0.775,0.758,0.746,443.0,0.97,0.95,0.71,0.95,0.95,dropout
ivis,dropout_-1,0.75,0.768,0.764,0.771,0.007,0.017,0.026,0.004,0.009,0.014,0.572,0.177,0.6,0.577,0.556,0.206,0.678,0.597,0.599,0.602,0.71,0.717,0.721,515.0,0.59,0.6,0.58,0.59,0.61,dropout
pCMF,dropout_-1,0.234,0.254,0.264,0.302,0.005,0.009,0.015,0.002,0.005,0.007,0.505,-0.023,0.2,0.776,0.501,0.321,0.822,0.502,0.499,0.501,0.468,0.477,0.483,1281.0,-0.0,0.01,0.24,0.01,0.0,dropout
scGAE,dropout_-1,0.42,0.428,0.42,0.351,0.007,0.014,0.018,0.004,0.007,0.01,0.505,0.073,0.4,0.228,0.499,0.406,0.93,0.537,0.533,0.53,0.379,0.391,0.4,1642.0,0.0,0.0,0.48,0.0,0.0,dropout
scGBM,dropout_-1,0.887,0.887,0.887,0.901,0.016,0.031,0.045,0.008,0.016,0.023,0.588,0.209,0.8,0.875,0.574,0.208,0.666,0.631,0.635,0.638,0.81,0.791,0.777,404.0,0.78,0.87,0.57,0.86,0.88,dropout
scScope,dropout_-1,0.253,0.282,0.292,0.295,0.006,0.01,0.015,0.003,0.005,0.008,0.51,0.024,0.2,0.296,0.506,0.374,0.879,0.504,0.505,0.506,0.46,0.465,0.469,1473.0,0.0,0.01,0.36,0.01,0.01,dropout
scvis,dropout_-1,0.295,0.291,0.291,0.302,0.006,0.011,0.016,0.003,0.006,0.009,0.572,0.264,0.2,0.353,0.545,0.377,0.89,0.517,0.516,0.516,0.384,0.393,0.399,1345.0,0.01,0.01,0.77,0.02,0.01,dropout
tGPLVM,dropout_-1,1.0,1.0,1.0,1.0,0.018,0.034,0.047,0.009,0.017,0.024,0.569,0.15,0.4,0.602,0.562,0.201,0.651,0.637,0.643,0.647,0.764,0.748,0.736,396.0,1.0,1.0,0.9,1.0,1.0,dropout
VASC,dropout_-1,0.188,0.188,0.188,0.303,0.018,0.02,0.042,0.01,0.01,0.022,0.505,0.0,0.2,0.421,,,,0.547,0.556,0.54,0.55,0.548,0.548,,0.0,0.0,0.0,1.0,0.0,dropout
DRA,dropout_0,0.248,0.266,0.262,0.306,0.004,0.01,0.015,0.002,0.005,0.007,0.517,0.033,0.4,0.67,0.504,0.179,0.679,0.5,0.502,0.503,0.523,0.524,0.522,701.0,-0.0,0.0,0.32,0.0,0.0,dropout
DREAM,dropout_0,0.44,0.452,0.47,0.495,0.007,0.015,0.022,0.004,0.008,0.011,0.518,0.072,0.2,0.577,0.52,0.167,0.658,0.535,0.536,0.537,0.615,0.604,0.597,564.0,0.11,0.14,0.32,0.14,0.14,dropout
EDGE,dropout_0,0.912,0.915,0.913,0.915,0.019,0.035,0.05,0.01,0.018,0.026,0.544,0.058,1.0,0.882,0.543,0.164,0.618,0.635,0.635,0.636,0.718,0.701,0.689,329.0,0.65,0.67,0.41,0.66,0.68,dropout
GLMPCA,dropout_0,0.888,0.886,0.884,0.894,0.015,0.03,0.044,0.008,0.015,0.022,0.6,0.239,0.6,0.782,0.576,0.211,0.671,0.635,0.637,0.64,0.802,0.786,0.774,410.0,0.74,0.8,0.49,0.79,0.81,dropout
PCA,dropout_0,0.918,0.912,0.911,0.918,0.019,0.034,0.047,0.01,0.017,0.024,0.58,0.192,0.8,0.795,0.57,0.221,0.667,0.638,0.643,0.645,0.798,0.779,0.765,436.0,0.79,0.88,0.59,0.87,0.89,dropout
PHATE,dropout_0,0.998,0.998,0.998,0.998,0.02,0.039,0.054,0.011,0.02,0.028,0.569,0.166,0.8,0.782,0.568,0.212,0.65,0.65,0.656,0.661,0.808,0.785,0.769,374.0,0.99,0.99,0.79,0.99,0.99,dropout
PaCMAP,dropout_0,0.253,0.272,0.291,0.301,0.006,0.01,0.015,0.003,0.005,0.008,0.503,-0.002,0.4,0.415,0.499,0.341,0.843,0.499,0.501,0.501,0.5,0.502,0.501,1368.0,-0.0,0.0,0.93,0.0,0.0,dropout
ParametricUMAP200,dropout_0,0.992,0.992,0.991,0.994,0.033,0.047,0.06,0.014,0.021,0.028,0.565,0.162,0.8,0.819,0.567,0.213,0.654,0.654,0.658,0.66,0.818,0.785,0.765,392.0,0.98,0.96,0.74,0.95,0.96,dropout
ParametricUMAP50,dropout_0,0.994,0.994,0.994,0.994,0.03,0.044,0.059,0.013,0.021,0.028,0.576,0.16,0.8,0.913,0.567,0.213,0.654,0.653,0.654,0.655,0.817,0.786,0.766,394.0,0.99,0.97,0.74,0.97,0.97,dropout
SAUCIE,dropout_0,0.24,0.258,0.268,0.324,0.004,0.01,0.016,0.003,0.006,0.008,0.514,0.075,0.4,0.552,0.513,0.38,0.9,0.515,0.515,0.516,0.25,0.276,0.293,1486.0,0.0,0.01,0.44,0.01,0.01,dropout
SCDRHA,dropout_0,0.972,0.956,0.94,0.98,0.018,0.028,0.039,0.009,0.015,0.022,0.538,0.154,0.2,0.141,0.533,0.147,0.64,0.648,0.641,0.634,0.428,0.436,0.444,436.0,0.27,0.41,0.46,0.41,0.41,dropout
SIMLR,dropout_0,0.998,0.998,0.998,0.998,0.03,0.049,0.066,0.017,0.027,0.038,0.504,-0.005,1.0,0.913,0.53,0.218,0.617,0.678,0.677,0.678,0.721,0.7,0.685,434.0,1.0,0.99,0.76,0.99,0.99,dropout
SPDR,dropout_0,1.0,1.0,1.0,1.0,0.024,0.046,0.066,0.012,0.024,0.036,0.571,0.159,1.0,0.844,0.576,0.222,0.628,0.685,0.692,0.701,0.818,0.795,0.778,258.0,1.0,1.0,0.88,1.0,1.0,dropout
SQuaD_MDS,dropout_0,0.646,0.656,0.652,0.66,0.008,0.017,0.026,0.004,0.009,0.014,0.654,0.455,0.8,0.801,0.599,0.298,0.787,0.588,0.592,0.597,0.765,0.763,0.76,770.0,0.28,0.31,0.32,0.3,0.32,dropout
SQuaD_MDS_hybrid,dropout_0,0.935,0.938,0.937,0.94,0.049,0.053,0.065,0.011,0.018,0.026,0.58,0.21,1.0,0.888,0.571,0.201,0.644,0.645,0.646,0.65,0.815,0.789,0.773,328.0,0.79,0.75,0.45,0.74,0.76,dropout
SSNMDI,dropout_0,0.244,0.265,0.268,0.302,0.004,0.01,0.015,0.002,0.006,0.008,0.499,-0.006,0.0,0.135,0.499,0.4,0.903,0.5,0.501,0.505,0.485,0.487,0.491,1603.0,0.0,0.01,0.61,0.01,0.01,dropout
TSNE,dropout_0,1.0,1.0,1.0,1.0,0.021,0.043,0.061,0.012,0.023,0.033,0.586,0.218,0.4,0.633,0.583,0.23,0.659,0.686,0.687,0.691,0.811,0.793,0.78,353.0,1.0,1.0,0.78,1.0,1.0,dropout
TriMap,dropout_0,1.0,1.0,1.0,1.0,0.023,0.044,0.061,0.013,0.023,0.033,0.606,0.253,1.0,0.9,0.591,0.22,0.664,0.681,0.686,0.69,0.816,0.798,0.785,328.0,1.0,1.0,0.87,1.0,1.0,dropout
UMAP,dropout_0,0.988,0.987,0.986,0.987,0.032,0.046,0.061,0.014,0.021,0.029,0.572,0.162,0.8,0.863,0.566,0.211,0.653,0.647,0.651,0.655,0.821,0.787,0.766,395.0,0.96,0.93,0.6,0.93,0.94,dropout
VAE,dropout_0,0.974,0.975,0.975,0.976,0.024,0.043,0.061,0.013,0.022,0.032,0.573,0.185,1.0,0.875,0.57,0.192,0.631,0.676,0.675,0.677,0.806,0.783,0.768,279.0,0.89,0.87,0.5,0.86,0.88,dropout
ZIFA,dropout_0,0.974,0.972,0.973,0.975,0.018,0.034,0.05,0.009,0.017,0.025,0.577,0.18,0.8,0.788,0.568,0.211,0.656,0.645,0.651,0.654,0.786,0.767,0.753,396.0,0.97,0.94,0.71,0.94,0.94,dropout
ivis,dropout_0,0.748,0.753,0.754,0.757,0.009,0.02,0.03,0.005,0.01,0.015,0.578,0.192,0.6,0.602,0.559,0.214,0.684,0.604,0.603,0.606,0.741,0.741,0.74,531.0,0.5,0.59,0.54,0.58,0.6,dropout
pCMF,dropout_0,0.254,0.275,0.286,0.305,0.005,0.01,0.015,0.003,0.006,0.008,0.495,-0.046,0.2,0.614,0.498,0.351,0.852,0.503,0.502,0.504,0.489,0.491,0.492,1411.0,-0.0,0.0,0.14,0.0,0.0,dropout
scGAE,dropout_0,0.539,0.514,0.489,0.446,0.008,0.015,0.021,0.004,0.008,0.011,0.514,0.046,0.4,0.62,0.509,0.355,0.863,0.56,0.552,0.549,0.367,0.383,0.393,1394.0,0.0,0.0,0.48,0.0,0.0,dropout
scGBM,dropout_0,0.884,0.888,0.89,0.899,0.017,0.03,0.045,0.008,0.015,0.023,0.594,0.228,0.6,0.844,0.576,0.213,0.668,0.636,0.642,0.645,0.809,0.792,0.78,405.0,0.78,0.87,0.56,0.86,0.88,dropout
scScope,dropout_0,0.41,0.423,0.434,0.432,0.006,0.012,0.018,0.003,0.006,0.009,0.551,0.165,0.6,0.608,0.533,0.266,0.761,0.526,0.525,0.526,0.627,0.624,0.622,920.0,0.08,0.07,0.36,0.07,0.07,dropout
scvis,dropout_0,0.294,0.32,0.312,0.302,0.005,0.011,0.015,0.003,0.006,0.008,0.556,0.484,0.4,0.483,0.534,0.378,0.909,0.518,0.518,0.519,0.363,0.376,0.385,1409.0,0.01,0.01,0.81,0.01,0.01,dropout
tGPLVM,dropout_0,0.778,0.78,0.773,0.767,0.012,0.026,0.036,0.007,0.013,0.019,0.563,0.145,0.6,0.577,0.557,0.219,0.674,0.602,0.606,0.607,0.753,0.739,0.727,512.0,0.77,0.73,0.69,0.74,0.72,dropout
VASC,dropout_0,0.188,0.188,0.188,0.303,0.022,0.024,0.05,0.012,0.012,0.026,0.492,0.0,0.2,0.458,,,,0.57,0.551,0.527,0.522,0.522,0.522,,0.0,0.0,0.0,1.0,0.0,dropout
DRA,dropout_1,0.252,0.234,0.244,0.289,0.005,0.01,0.014,0.003,0.005,0.007,0.506,0.025,0.6,0.857,0.502,0.352,0.854,0.5,0.502,0.504,0.505,0.506,0.507,1402.0,0.0,0.0,0.33,0.0,0.0,dropout
DREAM,dropout_1,0.443,0.473,0.48,0.498,0.008,0.015,0.022,0.004,0.008,0.011,0.528,0.043,0.6,0.384,0.518,0.151,0.644,0.532,0.533,0.535,0.602,0.591,0.585,510.0,0.1,0.13,0.33,0.13,0.14,dropout
EDGE,dropout_1,0.938,0.935,0.936,0.934,0.021,0.037,0.051,0.011,0.02,0.027,0.521,0.018,0.8,0.714,0.538,0.166,0.612,0.649,0.65,0.648,0.682,0.667,0.657,334.0,0.75,0.73,0.43,0.71,0.74,dropout
GLMPCA,dropout_1,0.936,0.94,0.939,0.941,0.018,0.032,0.048,0.009,0.016,0.025,0.589,0.221,0.8,0.745,0.577,0.22,0.671,0.649,0.651,0.655,0.785,0.769,0.759,416.0,0.9,0.86,0.5,0.85,0.86,dropout
PCA,dropout_1,0.903,0.905,0.906,0.906,0.017,0.031,0.046,0.009,0.016,0.024,0.581,0.19,0.8,0.695,0.572,0.214,0.666,0.644,0.645,0.648,0.763,0.749,0.739,414.0,0.77,0.85,0.53,0.84,0.87,dropout
PHATE,dropout_1,0.992,0.991,0.991,0.991,0.019,0.037,0.053,0.01,0.019,0.028,0.574,0.172,0.8,0.689,0.572,0.214,0.651,0.659,0.662,0.665,0.785,0.767,0.755,360.0,0.98,0.97,0.78,0.97,0.97,dropout
PaCMAP,dropout_1,0.254,0.248,0.262,0.301,0.005,0.01,0.015,0.003,0.005,0.007,0.497,-0.004,0.4,0.589,0.5,0.157,0.655,0.507,0.503,0.504,0.496,0.498,0.498,624.0,-0.0,0.0,0.92,0.0,0.0,dropout
ParametricUMAP200,dropout_1,0.98,0.982,0.982,0.982,0.044,0.057,0.069,0.016,0.024,0.032,0.576,0.187,0.8,0.763,0.575,0.222,0.661,0.665,0.667,0.67,0.807,0.777,0.759,390.0,0.97,0.94,0.69,0.94,0.94,dropout
ParametricUMAP50,dropout_1,0.982,0.982,0.983,0.982,0.036,0.052,0.066,0.016,0.024,0.031,0.569,0.182,0.8,0.714,0.574,0.222,0.661,0.663,0.666,0.668,0.804,0.776,0.758,394.0,0.97,0.94,0.7,0.94,0.94,dropout
SAUCIE,dropout_1,0.24,0.268,0.271,0.302,0.005,0.011,0.017,0.003,0.006,0.009,0.521,0.115,0.0,0.651,0.518,0.389,0.896,0.524,0.525,0.527,0.329,0.355,0.371,1488.0,0.0,0.0,0.42,0.0,0.0,dropout
SCDRHA,dropout_1,0.55,0.54,0.518,0.594,0.01,0.019,0.027,0.006,0.01,0.014,0.529,0.098,0.2,0.496,0.516,0.376,0.879,0.57,0.566,0.563,0.379,0.398,0.41,1442.0,0.0,0.02,0.5,0.02,0.02,dropout
SIMLR,dropout_1,0.989,0.988,0.988,0.989,0.041,0.063,0.079,0.02,0.033,0.042,0.507,-0.002,0.8,0.714,0.542,0.196,0.603,0.693,0.693,0.694,0.729,0.707,0.693,300.0,0.96,0.94,0.64,0.94,0.95,dropout
SPDR,dropout_1,1.0,1.0,1.0,1.0,0.025,0.048,0.068,0.014,0.025,0.037,0.556,0.152,0.8,0.701,0.574,0.23,0.63,0.697,0.703,0.709,0.787,0.766,0.753,283.0,1.0,1.0,0.88,1.0,1.0,dropout
SQuaD_MDS,dropout_1,0.662,0.681,0.675,0.672,0.011,0.02,0.029,0.005,0.01,0.015,0.624,0.404,0.8,0.701,0.592,0.286,0.77,0.597,0.602,0.605,0.756,0.75,0.745,738.0,0.27,0.31,0.32,0.31,0.32,dropout
SQuaD_MDS_hybrid,dropout_1,0.925,0.926,0.927,0.923,0.082,0.071,0.076,0.016,0.022,0.029,0.576,0.191,0.8,0.732,0.572,0.17,0.572,0.667,0.659,0.658,0.791,0.764,0.749,1.0,0.78,0.73,0.44,0.72,0.74,dropout
SSNMDI,dropout_1,0.24,0.258,0.257,0.295,0.004,0.009,0.015,0.002,0.005,0.008,0.5,-0.012,0.2,0.751,0.499,0.025,0.524,0.5,0.5,0.502,0.499,0.496,0.497,102.0,0.0,0.01,0.61,0.01,0.01,dropout
TSNE,dropout_1,0.996,0.996,0.996,0.996,0.029,0.047,0.067,0.014,0.024,0.035,0.537,0.1,0.6,0.714,0.559,0.208,0.625,0.7,0.695,0.696,0.752,0.73,0.717,316.0,0.99,0.98,0.67,0.98,0.98,dropout
TriMap,dropout_1,0.999,0.999,0.999,0.999,0.03,0.05,0.07,0.014,0.026,0.037,0.594,0.234,0.8,0.732,0.588,0.228,0.658,0.701,0.705,0.708,0.804,0.786,0.775,327.0,1.0,1.0,0.85,1.0,1.0,dropout
UMAP,dropout_1,0.976,0.978,0.98,0.978,0.045,0.057,0.069,0.018,0.025,0.032,0.574,0.18,0.8,0.776,0.572,0.213,0.657,0.665,0.666,0.668,0.81,0.779,0.759,383.0,0.95,0.92,0.56,0.92,0.92,dropout
VAE,dropout_1,0.947,0.948,0.948,0.945,0.026,0.044,0.061,0.013,0.023,0.031,0.579,0.203,0.2,0.265,0.572,0.196,0.642,0.684,0.677,0.674,0.779,0.763,0.751,316.0,0.81,0.76,0.46,0.75,0.77,dropout
ZIFA,dropout_1,0.952,0.956,0.956,0.956,0.02,0.036,0.05,0.01,0.018,0.025,0.584,0.18,0.6,0.564,0.57,0.238,0.675,0.647,0.65,0.652,0.764,0.749,0.738,479.0,0.92,0.89,0.66,0.89,0.89,dropout
ivis,dropout_1,0.89,0.898,0.896,0.894,0.014,0.027,0.04,0.008,0.015,0.021,0.624,0.309,0.8,0.707,0.593,0.248,0.712,0.644,0.649,0.653,0.795,0.793,0.79,511.0,0.67,0.73,0.51,0.72,0.74,dropout
pCMF,dropout_1,0.243,0.278,0.292,0.318,0.005,0.01,0.015,0.003,0.005,0.008,0.502,-0.006,0.2,0.577,0.502,0.332,0.833,0.501,0.501,0.503,0.501,0.504,0.506,1319.0,0.01,0.01,0.28,0.01,0.01,dropout
scGAE,dropout_1,0.446,0.448,0.45,0.407,0.009,0.016,0.023,0.005,0.008,0.012,0.516,0.054,0.4,0.869,0.516,0.374,0.872,0.558,0.551,0.549,0.362,0.379,0.39,1428.0,0.0,0.0,0.45,0.0,0.0,dropout
scGBM,dropout_1,0.87,0.882,0.888,0.892,0.018,0.034,0.048,0.009,0.017,0.024,0.588,0.226,0.6,0.826,0.578,0.223,0.676,0.64,0.645,0.649,0.785,0.77,0.759,432.0,0.76,0.83,0.52,0.82,0.85,dropout
scScope,dropout_1,0.414,0.426,0.427,0.446,0.008,0.014,0.022,0.004,0.007,0.011,0.523,0.102,0.0,0.353,0.523,0.162,0.662,0.533,0.534,0.535,0.544,0.545,0.548,558.0,0.1,0.1,0.36,0.09,0.1,dropout
scvis,dropout_1,0.296,0.288,0.283,0.309,0.006,0.011,0.017,0.003,0.006,0.009,0.54,0.286,0.0,0.346,0.528,0.358,0.87,0.532,0.531,0.531,0.382,0.403,0.416,1335.0,0.01,0.01,0.54,0.01,0.01,dropout
tGPLVM,dropout_1,0.248,0.264,0.268,0.291,0.006,0.01,0.015,0.003,0.005,0.008,0.506,0.036,0.0,0.259,0.502,0.386,0.889,0.503,0.502,0.504,0.501,0.504,0.508,1539.0,0.0,0.0,0.31,0.0,0.0,dropout
VASC,dropout_1,0.188,0.188,0.188,0.303,0.007,0.01,0.027,0.004,0.005,0.014,0.498,0.0,0.2,0.309,,,,0.551,0.525,0.527,0.513,0.513,0.516,,0.0,0.0,0.0,1.0,0.0,dropout
DRA,dropout_2,0.226,0.256,0.256,0.293,0.005,0.01,0.015,0.003,0.005,0.008,0.496,0.039,0.2,0.278,0.501,0.384,0.885,0.505,0.505,0.506,0.502,0.504,0.503,1529.0,0.0,0.0,0.32,0.0,0.0,dropout
DREAM,dropout_2,0.304,0.312,0.334,0.362,0.006,0.011,0.017,0.003,0.005,0.009,0.517,0.028,0.6,0.477,0.508,0.219,0.717,0.51,0.512,0.514,0.538,0.534,0.534,840.0,0.03,0.04,0.31,0.03,0.04,dropout
EDGE,dropout_2,0.754,0.761,0.768,0.774,0.018,0.032,0.042,0.009,0.016,0.022,0.536,0.067,0.4,0.483,0.539,0.166,0.634,0.612,0.613,0.611,0.68,0.665,0.657,407.0,0.4,0.4,0.35,0.4,0.41,dropout
GLMPCA,dropout_2,0.861,0.873,0.877,0.874,0.018,0.03,0.043,0.009,0.015,0.022,0.588,0.201,0.6,0.595,0.569,0.204,0.669,0.632,0.633,0.635,0.743,0.728,0.719,433.0,0.7,0.74,0.44,0.73,0.75,dropout
PCA,dropout_2,0.86,0.872,0.87,0.88,0.014,0.028,0.04,0.008,0.014,0.02,0.582,0.195,0.6,0.564,0.569,0.224,0.684,0.625,0.63,0.632,0.75,0.735,0.725,500.0,0.72,0.78,0.46,0.77,0.79,dropout
PHATE,dropout_2,0.962,0.963,0.963,0.964,0.021,0.039,0.052,0.01,0.019,0.027,0.575,0.186,0.8,0.726,0.571,0.209,0.654,0.651,0.653,0.656,0.764,0.746,0.734,376.0,0.92,0.89,0.68,0.88,0.89,dropout
PaCMAP,dropout_2,0.239,0.256,0.258,0.301,0.005,0.011,0.016,0.003,0.006,0.008,0.504,0.003,0.2,0.24,0.5,0.129,0.628,0.503,0.504,0.505,0.51,0.506,0.506,513.0,-0.0,0.0,0.84,0.0,0.0,dropout
ParametricUMAP200,dropout_2,0.939,0.938,0.938,0.938,0.054,0.066,0.077,0.021,0.029,0.035,0.568,0.149,1.0,0.795,0.566,0.207,0.649,0.665,0.665,0.666,0.782,0.751,0.733,376.0,0.86,0.81,0.58,0.8,0.81,dropout
ParametricUMAP50,dropout_2,0.943,0.944,0.945,0.945,0.042,0.057,0.069,0.017,0.025,0.032,0.567,0.155,1.0,0.751,0.566,0.227,0.663,0.659,0.659,0.66,0.778,0.747,0.73,446.0,0.86,0.82,0.58,0.81,0.82,dropout
SAUCIE,dropout_2,0.252,0.264,0.253,0.297,0.007,0.013,0.02,0.004,0.007,0.01,0.522,0.08,0.2,0.614,0.52,0.23,0.73,0.535,0.536,0.537,0.487,0.494,0.498,840.0,0.0,0.0,0.43,0.0,0.0,dropout
SCDRHA,dropout_2,0.722,0.727,0.741,0.726,0.017,0.03,0.04,0.009,0.015,0.021,0.557,0.144,0.4,0.415,0.55,0.198,0.67,0.614,0.615,0.615,0.67,0.662,0.657,505.0,0.34,0.44,0.36,0.44,0.44,dropout
SIMLR,dropout_2,0.935,0.936,0.94,0.938,0.045,0.066,0.082,0.021,0.033,0.041,0.564,0.149,0.8,0.745,0.566,0.205,0.641,0.67,0.674,0.676,0.759,0.735,0.719,342.0,0.83,0.78,0.52,0.77,0.79,dropout
SPDR,dropout_2,0.991,0.991,0.991,0.992,0.034,0.056,0.075,0.017,0.028,0.039,0.578,0.213,0.8,0.651,0.58,0.205,0.637,0.701,0.701,0.705,0.775,0.755,0.743,265.0,0.98,0.96,0.84,0.97,0.96,dropout
SQuaD_MDS,dropout_2,0.606,0.639,0.642,0.644,0.011,0.02,0.029,0.006,0.01,0.015,0.613,0.352,0.6,0.533,0.582,0.268,0.754,0.6,0.602,0.604,0.739,0.729,0.724,706.0,0.26,0.32,0.32,0.31,0.32,dropout
SQuaD_MDS_hybrid,dropout_2,0.846,0.846,0.848,0.85,0.113,0.087,0.085,0.022,0.026,0.031,0.568,0.187,0.6,0.589,0.563,0.391,0.563,0.67,0.651,0.645,0.761,0.733,0.718,1.0,0.53,0.53,0.37,0.52,0.54,dropout
SSNMDI,dropout_2,0.252,0.263,0.262,0.3,0.004,0.009,0.015,0.002,0.005,0.008,0.49,-0.008,0.0,0.377,0.498,0.006,0.504,0.499,0.501,0.502,0.495,0.497,0.499,25.0,-0.0,0.01,0.58,0.0,0.01,dropout
TSNE,dropout_2,0.97,0.968,0.968,0.97,0.031,0.05,0.063,0.015,0.025,0.032,0.558,0.137,0.8,0.77,0.563,0.197,0.638,0.69,0.68,0.679,0.739,0.722,0.71,341.0,0.87,0.84,0.52,0.83,0.85,dropout
TriMap,dropout_2,0.991,0.992,0.992,0.992,0.039,0.06,0.076,0.019,0.03,0.038,0.577,0.2,0.8,0.639,0.577,0.228,0.648,0.703,0.702,0.705,0.772,0.752,0.739,338.0,0.98,0.97,0.82,0.97,0.97,dropout
UMAP,dropout_2,0.934,0.931,0.93,0.932,0.056,0.068,0.078,0.021,0.029,0.035,0.562,0.131,0.8,0.745,0.563,0.211,0.651,0.663,0.661,0.66,0.783,0.749,0.731,399.0,0.81,0.77,0.5,0.76,0.78,dropout
VAE,dropout_2,0.891,0.889,0.893,0.89,0.025,0.04,0.054,0.012,0.02,0.027,0.563,0.184,0.6,0.745,0.561,0.183,0.643,0.673,0.66,0.655,0.719,0.705,0.696,357.0,0.67,0.64,0.42,0.63,0.65,dropout
ZIFA,dropout_2,0.898,0.905,0.902,0.912,0.016,0.027,0.039,0.008,0.014,0.02,0.579,0.193,0.6,0.689,0.565,0.218,0.68,0.624,0.625,0.626,0.74,0.725,0.715,500.0,0.86,0.84,0.62,0.84,0.85,dropout
ivis,dropout_2,0.708,0.712,0.714,0.734,0.012,0.022,0.032,0.006,0.011,0.017,0.578,0.204,0.4,0.527,0.56,0.213,0.687,0.607,0.607,0.607,0.718,0.708,0.703,536.0,0.37,0.47,0.43,0.46,0.47,dropout
pCMF,dropout_2,0.226,0.25,0.267,0.303,0.004,0.01,0.015,0.003,0.005,0.008,0.514,0.015,0.2,0.259,0.503,0.336,0.836,0.508,0.507,0.506,0.519,0.521,0.521,1333.0,0.0,0.0,0.07,0.0,0.0,dropout
scGAE,dropout_2,0.688,0.682,0.676,0.603,0.014,0.026,0.036,0.007,0.013,0.018,0.55,0.131,0.2,0.633,0.541,0.192,0.675,0.62,0.612,0.609,0.61,0.608,0.606,557.0,0.23,0.28,0.39,0.27,0.28,dropout
scGBM,dropout_2,0.864,0.876,0.876,0.876,0.016,0.029,0.041,0.008,0.015,0.021,0.583,0.221,0.6,0.539,0.572,0.219,0.682,0.625,0.63,0.633,0.755,0.74,0.73,475.0,0.73,0.77,0.47,0.76,0.78,dropout
scScope,dropout_2,0.352,0.371,0.364,0.339,0.007,0.013,0.019,0.003,0.007,0.01,0.518,0.081,0.2,0.602,0.514,0.148,0.648,0.534,0.531,0.529,0.526,0.528,0.53,538.0,0.0,0.01,0.33,0.01,0.01,dropout
scvis,dropout_2,0.248,0.255,0.261,0.296,0.006,0.011,0.016,0.003,0.006,0.008,0.555,0.29,0.2,0.57,0.529,0.385,0.894,0.517,0.518,0.518,0.459,0.468,0.475,1434.0,-0.0,0.01,0.54,0.01,0.01,dropout
tGPLVM,dropout_2,0.246,0.265,0.258,0.299,0.005,0.011,0.016,0.003,0.005,0.008,0.517,0.04,0.2,0.763,0.506,0.331,0.832,0.501,0.504,0.505,0.521,0.521,0.521,1303.0,-0.0,0.0,0.31,0.0,0.0,dropout
VASC,dropout_2,0.188,0.188,0.188,0.303,0.005,0.022,0.035,0.002,0.011,0.018,0.502,0.0,0.2,0.359,,,,0.548,0.522,0.523,0.481,0.484,0.489,,0.0,0.0,0.0,1.0,0.0,dropout
DRA,dropout_3,0.242,0.25,0.25,0.299,0.006,0.011,0.016,0.003,0.005,0.008,0.496,0.004,0.2,0.57,0.501,0.326,0.828,0.501,0.501,0.503,0.493,0.498,0.5,1304.0,-0.0,0.0,0.32,0.0,0.0,dropout
DREAM,dropout_3,0.243,0.258,0.275,0.302,0.005,0.011,0.016,0.003,0.006,0.008,0.497,0.021,0.0,0.409,0.503,0.265,0.765,0.505,0.506,0.506,0.503,0.506,0.505,1045.0,0.0,0.0,0.31,0.0,0.0,dropout
EDGE,dropout_3,0.548,0.55,0.558,0.562,0.014,0.022,0.03,0.007,0.011,0.015,0.528,0.057,0.2,0.807,0.52,0.117,0.604,0.558,0.56,0.559,0.588,0.579,0.575,348.0,0.15,0.17,0.34,0.17,0.18,dropout
GLMPCA,dropout_3,0.762,0.784,0.779,0.784,0.01,0.022,0.03,0.005,0.011,0.015,0.558,0.167,0.2,0.521,0.547,0.19,0.674,0.583,0.584,0.586,0.664,0.654,0.649,524.0,0.57,0.55,0.38,0.54,0.56,dropout
PCA,dropout_3,0.615,0.615,0.626,0.639,0.01,0.02,0.029,0.006,0.01,0.015,0.547,0.135,0.4,0.508,0.541,0.19,0.675,0.577,0.579,0.581,0.623,0.622,0.621,550.0,0.22,0.27,0.32,0.27,0.27,dropout
PHATE,dropout_3,0.692,0.691,0.699,0.69,0.017,0.026,0.036,0.008,0.013,0.018,0.562,0.18,0.4,0.57,0.553,0.186,0.668,0.587,0.587,0.59,0.687,0.674,0.666,478.0,0.37,0.4,0.35,0.39,0.4,dropout
PaCMAP,dropout_3,0.232,0.242,0.265,0.302,0.005,0.01,0.015,0.003,0.005,0.008,0.502,0.01,0.4,0.608,0.501,0.123,0.623,0.498,0.5,0.502,0.497,0.499,0.5,490.0,0.0,0.0,0.41,0.0,0.0,dropout
ParametricUMAP200,dropout_3,0.72,0.731,0.734,0.733,0.047,0.055,0.063,0.017,0.023,0.027,0.55,0.12,1.0,0.844,0.541,0.164,0.631,0.611,0.607,0.608,0.713,0.676,0.659,387.0,0.38,0.38,0.4,0.37,0.38,dropout
ParametricUMAP50,dropout_3,0.714,0.724,0.726,0.73,0.038,0.047,0.056,0.015,0.02,0.025,0.537,0.137,0.2,0.633,0.543,0.162,0.634,0.603,0.604,0.605,0.709,0.674,0.658,387.0,0.4,0.38,0.4,0.38,0.39,dropout
SAUCIE,dropout_3,0.244,0.26,0.271,0.292,0.007,0.014,0.021,0.004,0.007,0.011,0.528,0.112,0.0,0.272,0.522,0.209,0.707,0.536,0.538,0.539,0.571,0.564,0.563,743.0,0.0,0.0,0.51,0.0,0.0,dropout
SCDRHA,dropout_3,0.505,0.526,0.54,0.546,0.011,0.022,0.03,0.006,0.011,0.015,0.545,0.11,0.4,0.508,0.532,0.151,0.638,0.574,0.576,0.575,0.629,0.616,0.611,432.0,0.2,0.27,0.41,0.27,0.27,dropout
SIMLR,dropout_3,0.703,0.7,0.708,0.707,0.021,0.035,0.046,0.01,0.017,0.023,0.57,0.204,0.6,0.757,0.55,0.177,0.655,0.599,0.598,0.6,0.7,0.679,0.668,439.0,0.41,0.38,0.41,0.4,0.36,dropout
SPDR,dropout_3,0.797,0.802,0.799,0.802,0.032,0.048,0.059,0.015,0.023,0.03,0.596,0.31,0.6,0.608,0.574,0.195,0.666,0.652,0.648,0.647,0.703,0.694,0.688,387.0,0.35,0.34,0.52,0.38,0.31,dropout
SQuaD_MDS,dropout_3,0.589,0.597,0.617,0.622,0.009,0.018,0.026,0.005,0.009,0.013,0.607,0.355,0.4,0.57,0.576,0.27,0.759,0.585,0.589,0.591,0.719,0.712,0.707,746.0,0.25,0.29,0.32,0.28,0.29,dropout
SQuaD_MDS_hybrid,dropout_3,0.574,0.584,0.579,0.572,0.11,0.078,0.072,0.023,0.021,0.024,0.555,0.142,0.4,0.564,0.537,0.381,0.537,0.63,0.601,0.59,0.691,0.66,0.646,1.0,0.17,0.18,0.32,0.17,0.18,dropout
SSNMDI,dropout_3,0.236,0.249,0.259,0.295,0.005,0.01,0.015,0.002,0.005,0.008,0.507,0.024,0.2,0.228,0.502,0.13,0.631,0.504,0.504,0.505,0.494,0.499,0.502,516.0,0.0,0.0,0.47,0.0,0.0,dropout
TSNE,dropout_3,0.805,0.804,0.802,0.804,0.016,0.027,0.037,0.008,0.013,0.019,0.555,0.136,0.4,0.527,0.542,0.168,0.645,0.618,0.61,0.607,0.654,0.644,0.64,432.0,0.47,0.45,0.35,0.44,0.46,dropout
TriMap,dropout_3,0.818,0.822,0.824,0.823,0.038,0.054,0.066,0.018,0.026,0.032,0.583,0.26,0.4,0.633,0.569,0.196,0.66,0.661,0.655,0.653,0.701,0.69,0.684,391.0,0.61,0.54,0.56,0.56,0.51,dropout
UMAP,dropout_3,0.701,0.714,0.717,0.717,0.053,0.058,0.064,0.019,0.024,0.028,0.543,0.121,0.6,0.707,0.539,0.151,0.622,0.606,0.602,0.602,0.715,0.677,0.659,351.0,0.33,0.34,0.36,0.33,0.35,dropout
VAE,dropout_3,0.676,0.673,0.666,0.659,0.016,0.023,0.031,0.007,0.011,0.015,0.527,0.081,0.8,0.689,0.526,0.142,0.626,0.609,0.595,0.589,0.584,0.578,0.575,415.0,0.25,0.26,0.34,0.26,0.27,dropout
ZIFA,dropout_3,0.92,0.927,0.928,0.928,0.01,0.022,0.032,0.005,0.011,0.016,0.551,0.13,0.4,0.626,0.544,0.189,0.66,0.593,0.595,0.596,0.657,0.647,0.642,495.0,0.88,0.85,0.57,0.85,0.85,dropout
ivis,dropout_3,0.587,0.605,0.603,0.612,0.011,0.018,0.027,0.006,0.01,0.014,0.575,0.228,0.2,0.763,0.555,0.231,0.717,0.575,0.579,0.581,0.676,0.667,0.664,667.0,0.24,0.26,0.36,0.26,0.27,dropout
pCMF,dropout_3,0.466,0.466,0.485,0.488,0.007,0.014,0.02,0.004,0.007,0.01,0.524,0.054,0.4,0.427,0.516,0.145,0.638,0.537,0.536,0.537,0.558,0.556,0.554,495.0,0.13,0.17,0.34,0.17,0.18,dropout
scGAE,dropout_3,0.467,0.474,0.471,0.472,0.01,0.019,0.026,0.005,0.009,0.013,0.541,0.128,0.2,0.483,0.531,0.201,0.694,0.577,0.571,0.57,0.589,0.581,0.581,659.0,0.09,0.09,0.38,0.09,0.09,dropout
scGBM,dropout_3,0.777,0.789,0.793,0.805,0.011,0.021,0.031,0.006,0.011,0.016,0.564,0.175,0.4,0.334,0.55,0.187,0.671,0.585,0.588,0.592,0.667,0.658,0.653,502.0,0.57,0.59,0.39,0.58,0.6,dropout
scScope,dropout_3,0.448,0.45,0.452,0.426,0.007,0.015,0.02,0.004,0.007,0.011,0.536,0.108,0.4,0.651,0.523,0.227,0.721,0.545,0.544,0.541,0.553,0.554,0.556,801.0,0.13,0.11,0.37,0.11,0.12,dropout
scvis,dropout_3,0.24,0.25,0.251,0.298,0.005,0.011,0.017,0.002,0.006,0.009,0.558,0.433,0.2,0.546,0.536,0.38,0.892,0.518,0.519,0.519,0.483,0.492,0.498,1387.0,-0.0,0.01,0.87,0.01,0.0,dropout
tGPLVM,dropout_3,0.223,0.234,0.244,0.298,0.005,0.01,0.015,0.002,0.005,0.008,0.499,0.037,0.4,0.558,0.504,0.279,0.779,0.5,0.502,0.503,0.512,0.513,0.512,1098.0,0.0,0.0,0.31,0.0,0.0,dropout
VASC,dropout_3,0.188,0.188,0.188,0.303,0.002,0.011,0.027,0.001,0.006,0.014,0.488,0.0,0.0,0.377,,,,0.444,0.502,0.475,0.495,0.494,0.496,,0.0,0.0,0.0,1.0,0.0,dropout
DRA,batch_2,0.256,0.252,0.256,0.29,0.005,0.01,0.015,0.003,0.005,0.008,0.504,0.042,0.2,0.608,0.502,0.377,0.879,0.501,0.503,0.505,0.516,0.51,0.508,1502.0,-0.0,0.0,0.33,0.0,0.0,batch_number
DREAM,batch_2,0.459,0.49,0.485,0.508,0.008,0.015,0.023,0.004,0.008,0.012,0.523,0.047,0.4,0.508,0.517,0.155,0.646,0.533,0.537,0.539,0.567,0.572,0.574,524.0,0.11,0.15,0.31,0.15,0.15,batch_number
EDGE,batch_2,0.965,0.967,0.967,0.964,0.025,0.042,0.06,0.013,0.022,0.031,0.571,0.161,0.0,0.483,0.567,0.213,0.651,0.674,0.675,0.677,0.783,0.763,0.751,385.0,0.85,0.81,0.49,0.8,0.82,batch_number
GLMPCA,batch_2,0.739,0.756,0.76,0.765,0.02,0.036,0.05,0.01,0.018,0.026,0.595,0.217,0.2,0.558,0.576,0.207,0.668,0.644,0.648,0.653,0.763,0.754,0.749,399.0,0.48,0.58,0.62,0.58,0.57,batch_number
PCA,batch_2,0.76,0.776,0.773,0.769,0.02,0.035,0.049,0.01,0.017,0.025,0.592,0.199,0.2,0.533,0.575,0.205,0.663,0.649,0.654,0.655,0.769,0.759,0.753,386.0,0.51,0.63,0.77,0.63,0.63,batch_number
PHATE,batch_2,1.0,1.0,1.0,1.0,0.028,0.05,0.068,0.014,0.025,0.035,0.567,0.158,0.4,0.614,0.57,0.233,0.653,0.7,0.703,0.705,0.776,0.763,0.754,394.0,1.0,1.0,0.8,1.0,1.0,batch_number
PaCMAP,batch_2,0.234,0.251,0.264,0.299,0.006,0.012,0.016,0.003,0.006,0.008,0.514,0.025,0.2,0.178,0.505,0.292,0.792,0.517,0.517,0.515,0.519,0.517,0.517,1148.0,0.0,0.0,0.68,0.0,0.0,batch_number
ParametricUMAP200,batch_2,0.998,0.998,0.998,0.999,0.033,0.056,0.075,0.017,0.028,0.038,0.565,0.144,0.2,0.427,0.57,0.197,0.632,0.692,0.699,0.703,0.804,0.772,0.751,285.0,1.0,0.99,0.7,0.99,0.99,batch_number
ParametricUMAP50,batch_2,1.0,0.999,0.998,0.999,0.031,0.056,0.074,0.015,0.027,0.038,0.554,0.146,0.2,0.471,0.57,0.226,0.648,0.694,0.698,0.701,0.797,0.772,0.754,371.0,1.0,0.99,0.66,0.99,0.99,batch_number
SAUCIE,batch_2,0.241,0.276,0.274,0.304,0.006,0.011,0.017,0.003,0.006,0.009,0.539,0.141,0.0,0.664,0.521,0.365,0.877,0.516,0.518,0.519,0.313,0.333,0.348,1390.0,-0.0,0.0,0.37,0.0,0.0,batch_number
SCDRHA,batch_2,0.988,0.978,0.97,0.945,0.024,0.042,0.056,0.013,0.022,0.031,0.554,0.147,0.4,0.527,0.559,0.184,0.652,0.695,0.695,0.695,0.67,0.666,0.664,395.0,0.63,0.79,0.58,0.79,0.78,batch_number
SIMLR,batch_2,1.0,1.0,1.0,1.0,0.034,0.056,0.073,0.019,0.033,0.044,0.514,0.066,0.2,0.409,0.541,0.235,0.639,0.718,0.717,0.717,0.709,0.697,0.688,487.0,1.0,1.0,0.86,1.0,1.0,batch_number
SPDR,batch_2,1.0,1.0,1.0,1.0,0.031,0.062,0.094,0.017,0.034,0.052,0.571,0.153,0.6,0.552,0.577,0.208,0.615,0.722,0.737,0.751,0.786,0.763,0.75,186.0,0.64,0.75,0.7,0.74,0.76,batch_number
SQuaD_MDS,batch_2,0.576,0.59,0.586,0.593,0.008,0.017,0.024,0.004,0.009,0.013,0.68,0.516,0.6,0.689,0.615,0.316,0.806,0.593,0.599,0.603,0.759,0.76,0.761,778.0,0.24,0.27,0.31,0.27,0.28,batch_number
SQuaD_MDS_hybrid,batch_2,0.894,0.898,0.9,0.896,0.033,0.058,0.079,0.014,0.028,0.04,0.586,0.219,0.4,0.832,0.577,0.206,0.644,0.654,0.658,0.663,0.803,0.785,0.777,303.0,0.65,0.6,0.42,0.59,0.61,batch_number
SSNMDI,batch_2,0.248,0.257,0.276,0.304,0.007,0.013,0.018,0.004,0.007,0.009,0.486,0.009,0.0,0.39,0.5,0.029,0.524,0.529,0.529,0.529,0.503,0.497,0.494,101.0,0.0,0.0,0.57,0.0,0.0,batch_number
TSNE,batch_2,1.0,1.0,1.0,1.0,0.033,0.061,0.088,0.018,0.033,0.047,0.566,0.183,0.6,0.763,0.578,0.195,0.619,0.735,0.743,0.752,0.782,0.766,0.758,195.0,0.86,0.91,0.65,0.89,0.92,batch_number
TriMap,batch_2,1.0,1.0,1.0,1.0,0.031,0.06,0.086,0.017,0.032,0.046,0.597,0.233,0.6,0.801,0.592,0.198,0.636,0.726,0.738,0.748,0.805,0.791,0.784,199.0,0.74,0.79,0.68,0.79,0.8,batch_number
UMAP,batch_2,0.993,0.99,0.989,0.992,0.034,0.055,0.074,0.017,0.028,0.038,0.559,0.128,0.2,0.546,0.563,0.205,0.637,0.685,0.685,0.687,0.811,0.781,0.762,339.0,0.84,0.87,0.55,0.86,0.89,batch_number
VAE,batch_2,0.99,0.991,0.991,0.991,0.03,0.057,0.081,0.015,0.03,0.043,0.575,0.181,0.6,0.633,0.576,0.199,0.63,0.719,0.722,0.725,0.799,0.78,0.769,249.0,0.77,0.79,0.49,0.78,0.81,batch_number
ZIFA,batch_2,0.762,0.765,0.767,0.761,0.021,0.036,0.051,0.011,0.019,0.026,0.584,0.194,0.2,0.595,0.573,0.204,0.661,0.649,0.653,0.655,0.763,0.753,0.748,385.0,0.51,0.62,0.75,0.62,0.62,batch_number
ivis,batch_2,0.55,0.57,0.588,0.601,0.011,0.02,0.029,0.005,0.01,0.015,0.549,0.122,0.4,0.639,0.539,0.16,0.647,0.572,0.572,0.574,0.627,0.628,0.631,442.0,0.21,0.26,0.44,0.26,0.27,batch_number
pCMF,batch_2,0.251,0.243,0.26,0.296,0.005,0.01,0.015,0.003,0.005,0.008,0.493,-0.069,0.0,0.471,0.496,0.004,0.499,0.496,0.5,0.5,0.454,0.468,0.472,14.0,-0.0,0.0,0.1,0.01,0.0,batch_number
scGAE,batch_2,0.406,0.407,0.403,0.35,0.006,0.012,0.018,0.004,0.007,0.01,0.505,0.046,0.8,0.72,0.505,0.415,0.924,0.537,0.532,0.528,0.371,0.385,0.395,1644.0,0.0,0.01,0.51,0.01,0.01,batch_number
scGBM,batch_2,0.737,0.76,0.761,0.766,0.018,0.035,0.049,0.01,0.018,0.025,0.591,0.223,0.2,0.552,0.577,0.216,0.674,0.646,0.652,0.656,0.773,0.762,0.757,420.0,0.49,0.59,0.62,0.59,0.58,batch_number
scScope,batch_2,0.27,0.267,0.3,0.31,0.005,0.011,0.016,0.003,0.006,0.008,0.493,-0.013,0.0,0.44,0.499,0.023,0.519,0.505,0.506,0.508,0.461,0.469,0.475,83.0,0.0,0.01,0.35,0.01,0.01,batch_number
scvis,batch_2,0.289,0.31,0.32,0.336,0.003,0.008,0.013,0.002,0.004,0.007,0.514,0.111,0.4,0.458,0.512,0.389,0.902,0.513,0.515,0.516,0.343,0.368,0.381,1519.0,0.01,0.02,0.52,0.02,0.02,batch_number
tGPLVM,batch_2,0.764,0.772,0.768,0.76,0.019,0.034,0.049,0.009,0.017,0.025,0.592,0.2,0.4,0.614,0.577,0.21,0.668,0.651,0.657,0.659,0.769,0.759,0.754,396.0,0.51,0.63,0.78,0.63,0.63,batch_number
VASC,batch_2,0.188,0.188,0.188,0.301,0.0,0.003,0.007,0.0,0.001,0.004,0.505,0.0,0.4,0.645,,,,0.456,0.472,0.507,0.486,0.496,0.5,,0.0,0.0,0.0,1.0,0.0,batch_number
DRA,batch_4,0.248,0.268,0.278,0.3,0.005,0.01,0.015,0.003,0.005,0.008,0.504,0.037,0.0,0.11,0.505,0.248,0.748,0.503,0.503,0.506,0.513,0.516,0.517,969.0,0.0,0.01,0.33,0.01,0.01,batch_number
DREAM,batch_4,0.496,0.519,0.527,0.542,0.007,0.014,0.022,0.004,0.007,0.011,0.537,0.079,0.4,0.894,0.526,0.165,0.655,0.541,0.542,0.544,0.632,0.625,0.621,524.0,0.14,0.18,0.32,0.18,0.18,batch_number
EDGE,batch_4,0.915,0.917,0.917,0.92,0.025,0.044,0.058,0.013,0.022,0.03,0.562,0.132,0.4,0.645,0.556,0.189,0.64,0.654,0.654,0.655,0.76,0.736,0.72,373.0,0.66,0.68,0.42,0.67,0.69,batch_number
GLMPCA,batch_4,0.774,0.77,0.779,0.804,0.02,0.038,0.052,0.011,0.019,0.027,0.575,0.187,0.6,0.832,0.566,0.2,0.661,0.636,0.638,0.642,0.76,0.741,0.728,412.0,0.57,0.66,0.5,0.67,0.66,batch_number
PCA,batch_4,0.82,0.831,0.836,0.844,0.024,0.042,0.058,0.012,0.021,0.029,0.569,0.157,0.4,0.869,0.567,0.214,0.662,0.652,0.653,0.654,0.761,0.739,0.727,426.0,0.63,0.71,0.55,0.71,0.72,batch_number
PHATE,batch_4,1.0,1.0,1.0,1.0,0.039,0.068,0.089,0.02,0.034,0.045,0.565,0.149,0.4,0.857,0.568,0.247,0.662,0.719,0.729,0.732,0.795,0.765,0.745,451.0,0.82,0.89,0.64,0.88,0.89,batch_number
PaCMAP,batch_4,0.253,0.271,0.28,0.294,0.006,0.013,0.019,0.003,0.007,0.01,0.503,0.001,0.2,0.334,0.502,0.039,0.533,0.533,0.534,0.533,0.513,0.514,0.513,128.0,0.0,0.0,0.58,0.0,0.0,batch_number
ParametricUMAP200,batch_4,0.987,0.986,0.986,0.986,0.044,0.068,0.087,0.022,0.033,0.044,0.559,0.146,0.4,0.838,0.565,0.221,0.649,0.699,0.702,0.705,0.8,0.76,0.735,394.0,0.78,0.85,0.58,0.84,0.87,batch_number
ParametricUMAP50,batch_4,0.985,0.983,0.983,0.982,0.04,0.067,0.085,0.02,0.034,0.044,0.563,0.146,0.4,0.844,0.565,0.214,0.645,0.695,0.697,0.698,0.798,0.76,0.736,372.0,0.97,0.94,0.61,0.94,0.94,batch_number
SAUCIE,batch_4,0.259,0.292,0.302,0.33,0.006,0.01,0.015,0.003,0.005,0.008,0.514,0.087,0.8,0.801,0.513,0.38,0.903,0.511,0.512,0.513,0.258,0.278,0.292,1492.0,0.0,0.01,0.45,0.01,0.01,batch_number
SCDRHA,batch_4,0.898,0.893,0.887,0.8,0.03,0.05,0.065,0.015,0.027,0.035,0.549,0.132,0.4,0.919,0.556,0.209,0.656,0.701,0.704,0.703,0.737,0.714,0.699,446.0,0.49,0.62,0.53,0.62,0.61,batch_number
SIMLR,batch_4,1.0,1.0,1.0,1.0,0.044,0.064,0.078,0.024,0.035,0.043,0.532,0.092,0.8,0.932,0.551,0.166,0.605,0.745,0.743,0.743,0.742,0.716,0.699,245.0,1.0,1.0,0.76,1.0,1.0,batch_number
SPDR,batch_4,1.0,1.0,1.0,1.0,0.044,0.09,0.127,0.025,0.048,0.068,0.555,0.132,0.6,0.894,0.567,0.132,0.583,0.761,0.783,0.798,0.768,0.741,0.723,70.0,0.86,0.91,0.57,0.89,0.92,batch_number
SQuaD_MDS,batch_4,0.608,0.63,0.632,0.64,0.008,0.015,0.023,0.005,0.008,0.012,0.668,0.504,0.6,0.682,0.606,0.316,0.809,0.576,0.581,0.584,0.748,0.749,0.75,822.0,0.25,0.28,0.31,0.28,0.29,batch_number
SQuaD_MDS_hybrid,batch_4,0.855,0.859,0.859,0.858,0.044,0.067,0.084,0.018,0.03,0.041,0.564,0.195,0.4,0.832,0.568,0.196,0.64,0.649,0.653,0.656,0.797,0.769,0.752,324.0,0.62,0.58,0.37,0.57,0.59,batch_number
SSNMDI,batch_4,0.259,0.272,0.271,0.298,0.006,0.013,0.018,0.003,0.007,0.009,0.499,-0.012,0.2,0.465,0.499,0.036,0.529,0.529,0.527,0.527,0.533,0.53,0.527,124.0,0.0,0.0,0.52,0.0,0.0,batch_number
TSNE,batch_4,1.0,1.0,1.0,1.0,0.048,0.089,0.125,0.026,0.048,0.066,0.556,0.114,0.4,0.658,0.556,0.136,0.574,0.773,0.792,0.801,0.739,0.714,0.699,80.0,0.62,0.78,0.47,0.77,0.79,batch_number
TriMap,batch_4,1.0,1.0,1.0,1.0,0.045,0.082,0.114,0.024,0.044,0.061,0.564,0.139,0.4,0.801,0.57,0.234,0.651,0.761,0.776,0.784,0.776,0.749,0.731,388.0,0.82,0.89,0.59,0.89,0.89,batch_number
UMAP,batch_4,0.968,0.968,0.968,0.967,0.044,0.072,0.091,0.022,0.036,0.046,0.555,0.151,0.2,0.819,0.564,0.21,0.643,0.694,0.695,0.697,0.805,0.768,0.745,364.0,0.76,0.8,0.48,0.79,0.82,batch_number
VAE,batch_4,0.986,0.985,0.985,0.925,0.044,0.081,0.111,0.024,0.043,0.059,0.55,0.107,0.4,0.77,0.555,0.129,0.575,0.745,0.75,0.755,0.722,0.702,0.687,91.0,0.38,0.48,0.4,0.47,0.48,batch_number
ZIFA,batch_4,0.866,0.871,0.877,0.883,0.02,0.036,0.051,0.01,0.018,0.026,0.564,0.153,0.4,0.875,0.564,0.224,0.669,0.637,0.64,0.641,0.76,0.738,0.725,471.0,0.7,0.77,0.56,0.76,0.78,batch_number
ivis,batch_4,0.752,0.748,0.753,0.77,0.011,0.02,0.03,0.005,0.01,0.016,0.585,0.197,0.6,0.925,0.56,0.214,0.688,0.607,0.608,0.608,0.738,0.733,0.729,539.0,0.58,0.63,0.59,0.63,0.63,batch_number
pCMF,batch_4,0.249,0.277,0.275,0.311,0.005,0.01,0.015,0.003,0.005,0.007,0.497,-0.071,0.6,0.558,0.495,0.473,0.989,0.506,0.508,0.507,0.463,0.466,0.469,1910.0,0.0,0.0,0.19,0.01,0.0,batch_number
scGAE,batch_4,0.466,0.462,0.459,0.382,0.007,0.012,0.017,0.004,0.006,0.009,0.505,0.059,0.4,0.907,0.499,0.411,0.929,0.546,0.537,0.533,0.336,0.356,0.371,1658.0,0.0,0.01,0.52,0.01,0.01,batch_number
scGBM,batch_4,0.83,0.843,0.854,0.85,0.015,0.03,0.042,0.008,0.015,0.021,0.574,0.189,0.6,0.776,0.57,0.23,0.683,0.624,0.627,0.63,0.763,0.744,0.732,501.0,0.69,0.76,0.5,0.75,0.78,batch_number
scScope,batch_4,0.271,0.295,0.302,0.316,0.005,0.01,0.015,0.003,0.005,0.008,0.509,0.033,0.2,0.371,0.502,0.398,0.903,0.506,0.507,0.509,0.457,0.464,0.469,1584.0,0.0,0.01,0.36,0.01,0.01,batch_number
scvis,batch_4,0.315,0.352,0.374,0.38,0.005,0.009,0.014,0.003,0.005,0.008,0.518,0.093,0.4,0.894,0.514,0.388,0.905,0.518,0.519,0.52,0.251,0.271,0.286,1511.0,0.02,0.03,0.52,0.03,0.03,batch_number
tGPLVM,batch_4,0.981,0.983,0.984,0.977,0.017,0.032,0.046,0.009,0.017,0.024,0.564,0.159,0.6,0.9,0.562,0.196,0.652,0.639,0.641,0.642,0.752,0.733,0.72,396.0,0.98,0.96,0.8,0.96,0.96,batch_number
VASC,batch_4,0.188,0.188,0.188,0.303,0.063,0.053,0.063,0.033,0.027,0.033,0.493,0.0,0.6,0.589,,,,0.516,0.553,0.538,0.562,0.55,0.547,,0.0,0.0,0.0,1.0,0.0,batch_number
DRA,batch_6,0.256,0.266,0.274,0.291,0.005,0.01,0.016,0.003,0.006,0.008,0.504,0.032,0.4,0.365,0.501,0.032,0.532,0.504,0.505,0.505,0.535,0.525,0.523,122.0,0.0,0.0,0.32,0.0,0.0,batch_number
DREAM,batch_6,0.354,0.362,0.384,0.41,0.006,0.013,0.019,0.003,0.006,0.01,0.516,0.024,0.0,0.676,0.507,0.129,0.629,0.512,0.512,0.514,0.558,0.545,0.541,486.0,0.04,0.05,0.31,0.05,0.05,batch_number
EDGE,batch_6,0.946,0.948,0.948,0.948,0.021,0.038,0.052,0.011,0.019,0.027,0.558,0.129,0.6,0.751,0.555,0.177,0.637,0.64,0.641,0.642,0.777,0.757,0.739,358.0,0.71,0.75,0.42,0.73,0.76,batch_number
GLMPCA,batch_6,0.893,0.896,0.899,0.895,0.015,0.031,0.045,0.008,0.017,0.024,0.573,0.207,0.6,0.882,0.572,0.214,0.667,0.632,0.639,0.642,0.776,0.767,0.756,417.0,0.77,0.86,0.54,0.84,0.87,batch_number
PCA,batch_6,0.937,0.94,0.941,0.944,0.019,0.035,0.051,0.01,0.019,0.027,0.578,0.192,0.6,0.851,0.571,0.221,0.666,0.644,0.646,0.649,0.78,0.77,0.757,424.0,0.94,0.91,0.69,0.91,0.91,batch_number
PHATE,batch_6,1.0,1.0,1.0,0.999,0.035,0.062,0.085,0.018,0.032,0.044,0.568,0.157,0.4,0.795,0.569,0.205,0.643,0.709,0.712,0.716,0.774,0.766,0.754,338.0,1.0,1.0,0.84,1.0,1.0,batch_number
PaCMAP,batch_6,0.228,0.25,0.258,0.299,0.007,0.013,0.02,0.004,0.007,0.01,0.494,0.006,0.4,0.695,0.502,0.028,0.522,0.538,0.539,0.539,0.522,0.518,0.517,84.0,0.0,0.0,0.7,0.0,0.0,batch_number
ParametricUMAP200,batch_6,0.995,0.994,0.994,0.995,0.039,0.063,0.083,0.02,0.032,0.043,0.567,0.154,0.6,0.782,0.567,0.219,0.652,0.684,0.686,0.688,0.805,0.773,0.749,393.0,0.98,0.97,0.66,0.97,0.97,batch_number
ParametricUMAP50,batch_6,0.996,0.996,0.996,0.996,0.034,0.056,0.074,0.017,0.029,0.038,0.572,0.155,0.6,0.707,0.567,0.215,0.651,0.677,0.68,0.681,0.806,0.776,0.752,384.0,0.98,0.96,0.66,0.96,0.97,batch_number
SAUCIE,batch_6,0.264,0.271,0.278,0.315,0.005,0.01,0.015,0.003,0.006,0.009,0.512,0.081,0.4,0.701,0.511,0.383,0.904,0.509,0.51,0.511,0.256,0.279,0.297,1508.0,-0.0,0.0,0.43,0.0,0.0,batch_number
SCDRHA,batch_6,0.988,0.985,0.984,0.99,0.031,0.047,0.063,0.015,0.024,0.033,0.554,0.138,0.4,0.832,0.551,0.135,0.602,0.711,0.705,0.705,0.713,0.698,0.686,219.0,0.33,0.5,0.46,0.5,0.5,batch_number
SIMLR,batch_6,1.0,1.0,1.0,1.0,0.039,0.059,0.075,0.021,0.033,0.042,0.526,0.066,0.2,0.739,0.547,0.183,0.608,0.734,0.728,0.723,0.727,0.72,0.707,285.0,1.0,1.0,0.83,1.0,1.0,batch_number
SPDR,batch_6,1.0,1.0,1.0,1.0,0.051,0.098,0.139,0.028,0.054,0.075,0.571,0.145,0.6,0.745,0.569,0.228,0.646,0.773,0.796,0.804,0.779,0.764,0.749,367.0,1.0,1.0,0.69,1.0,1.0,batch_number
SQuaD_MDS,batch_6,0.639,0.662,0.659,0.662,0.009,0.017,0.025,0.005,0.009,0.013,0.669,0.505,0.4,0.676,0.608,0.311,0.804,0.582,0.585,0.59,0.76,0.761,0.761,793.0,0.28,0.33,0.32,0.33,0.34,batch_number
SQuaD_MDS_hybrid,batch_6,0.822,0.83,0.83,0.828,0.036,0.053,0.068,0.014,0.024,0.033,0.575,0.206,0.6,0.695,0.564,0.168,0.626,0.614,0.617,0.619,0.796,0.779,0.766,271.0,0.52,0.49,0.39,0.49,0.49,batch_number
SSNMDI,batch_6,0.245,0.267,0.267,0.3,0.005,0.011,0.015,0.003,0.006,0.008,0.495,-0.0,0.0,0.16,0.5,0.048,0.545,0.51,0.511,0.511,0.515,0.514,0.513,182.0,0.0,0.0,0.56,0.0,0.01,batch_number
TSNE,batch_6,1.0,1.0,1.0,1.0,0.057,0.103,0.134,0.032,0.056,0.072,0.56,0.146,0.4,0.365,0.562,0.196,0.621,0.793,0.805,0.805,0.778,0.757,0.74,278.0,0.76,0.83,0.48,0.82,0.84,batch_number
TriMap,batch_6,1.0,1.0,1.0,1.0,0.048,0.091,0.122,0.025,0.049,0.065,0.568,0.171,0.6,0.751,0.572,0.228,0.652,0.774,0.787,0.789,0.789,0.772,0.755,378.0,1.0,1.0,0.73,1.0,1.0,batch_number
UMAP,batch_6,0.986,0.986,0.987,0.988,0.038,0.061,0.079,0.019,0.03,0.04,0.561,0.135,0.6,0.739,0.563,0.215,0.652,0.676,0.678,0.68,0.808,0.778,0.754,405.0,0.94,0.92,0.51,0.91,0.92,batch_number
VAE,batch_6,0.97,0.963,0.964,0.951,0.051,0.087,0.11,0.027,0.046,0.057,0.554,0.108,0.0,0.265,0.551,0.112,0.569,0.75,0.75,0.747,0.749,0.73,0.714,77.0,0.52,0.59,0.39,0.58,0.6,batch_number
ZIFA,batch_6,0.928,0.936,0.938,0.936,0.019,0.035,0.05,0.009,0.018,0.026,0.574,0.184,0.6,0.788,0.569,0.209,0.659,0.642,0.646,0.647,0.776,0.765,0.751,396.0,0.93,0.91,0.71,0.91,0.91,batch_number
ivis,batch_6,0.483,0.515,0.492,0.524,0.008,0.017,0.025,0.005,0.009,0.013,0.548,0.124,0.2,0.819,0.534,0.185,0.674,0.552,0.555,0.556,0.636,0.629,0.626,572.0,0.19,0.24,0.33,0.23,0.24,batch_number
pCMF,batch_6,0.217,0.248,0.262,0.298,0.004,0.009,0.015,0.002,0.005,0.008,0.494,-0.068,0.0,0.477,0.497,0.372,0.878,0.505,0.503,0.505,0.422,0.444,0.451,1506.0,0.0,0.0,0.15,0.0,0.0,batch_number
scGAE,batch_6,0.39,0.386,0.388,0.33,0.007,0.012,0.017,0.004,0.006,0.009,0.507,0.056,0.4,0.533,0.506,0.418,0.928,0.533,0.528,0.527,0.396,0.41,0.42,1655.0,-0.0,0.0,0.49,0.0,0.0,batch_number
scGBM,batch_6,0.926,0.929,0.93,0.928,0.015,0.033,0.046,0.008,0.017,0.024,0.588,0.216,0.6,0.776,0.575,0.219,0.674,0.636,0.642,0.646,0.782,0.773,0.762,435.0,0.91,0.87,0.59,0.87,0.87,batch_number
scScope,batch_6,0.293,0.312,0.324,0.314,0.005,0.01,0.016,0.003,0.005,0.008,0.504,0.03,0.4,0.259,0.501,0.39,0.894,0.508,0.504,0.507,0.498,0.498,0.499,1558.0,0.0,0.01,0.36,0.01,0.01,batch_number
scvis,batch_6,0.245,0.266,0.284,0.3,0.005,0.01,0.015,0.002,0.005,0.008,0.588,0.359,0.0,0.328,0.549,0.333,0.864,0.51,0.51,0.511,0.497,0.504,0.51,1182.0,0.01,0.01,0.69,0.01,0.01,batch_number
tGPLVM,batch_6,0.917,0.921,0.919,0.916,0.018,0.033,0.048,0.009,0.017,0.025,0.577,0.179,0.4,0.795,0.569,0.223,0.672,0.637,0.638,0.641,0.779,0.767,0.753,455.0,0.92,0.9,0.79,0.9,0.9,batch_number
VASC,batch_6,0.188,0.188,0.188,0.303,0.031,0.028,0.053,0.016,0.015,0.027,0.496,0.0,0.0,0.763,,,,0.531,0.581,0.562,0.544,0.54,0.538,,0.0,0.0,0.0,1.0,0.0,batch_number
DRA,batch_8,0.23,0.272,0.284,0.299,0.005,0.01,0.015,0.003,0.005,0.007,0.514,0.047,0.6,0.707,0.503,0.243,0.744,0.5,0.501,0.505,0.483,0.489,0.492,961.0,0.0,0.0,0.32,0.0,0.0,batch_number
DREAM,batch_8,0.453,0.475,0.492,0.502,0.007,0.013,0.02,0.004,0.007,0.01,0.534,0.081,0.4,0.695,0.519,0.186,0.679,0.532,0.531,0.532,0.589,0.577,0.574,649.0,0.11,0.14,0.32,0.14,0.14,batch_number
EDGE,batch_8,0.953,0.952,0.952,0.951,0.02,0.034,0.05,0.01,0.018,0.026,0.562,0.137,0.8,0.863,0.561,0.199,0.649,0.645,0.643,0.645,0.795,0.773,0.756,390.0,0.71,0.74,0.45,0.73,0.76,batch_number
GLMPCA,batch_8,0.884,0.884,0.888,0.89,0.016,0.031,0.046,0.008,0.016,0.024,0.586,0.197,0.4,0.645,0.574,0.212,0.664,0.636,0.636,0.64,0.791,0.773,0.76,398.0,0.76,0.84,0.52,0.82,0.85,batch_number
PCA,batch_8,0.938,0.94,0.942,0.946,0.019,0.034,0.048,0.009,0.017,0.025,0.568,0.176,0.6,0.869,0.574,0.214,0.664,0.646,0.649,0.652,0.796,0.776,0.762,399.0,0.94,0.92,0.69,0.92,0.92,batch_number
PHATE,batch_8,1.0,1.0,1.0,1.0,0.035,0.057,0.076,0.017,0.028,0.038,0.571,0.159,0.6,0.875,0.572,0.223,0.656,0.708,0.711,0.713,0.806,0.775,0.757,388.0,1.0,1.0,0.87,1.0,1.0,batch_number
PaCMAP,batch_8,0.218,0.212,0.238,0.296,0.01,0.017,0.025,0.005,0.009,0.013,0.505,-0.011,0.2,0.458,0.5,0.026,0.516,0.553,0.552,0.553,0.499,0.499,0.501,64.0,-0.0,0.0,0.8,0.0,0.0,batch_number
ParametricUMAP200,batch_8,0.996,0.996,0.996,0.997,0.04,0.06,0.075,0.018,0.029,0.037,0.566,0.153,0.6,0.757,0.57,0.221,0.655,0.681,0.684,0.686,0.824,0.786,0.76,393.0,0.99,0.99,0.75,0.99,0.98,batch_number
ParametricUMAP50,batch_8,0.998,0.998,0.998,0.998,0.035,0.056,0.072,0.017,0.027,0.036,0.576,0.155,0.8,0.826,0.57,0.22,0.654,0.676,0.678,0.681,0.827,0.79,0.765,386.0,1.0,0.99,0.74,0.99,0.99,batch_number
SAUCIE,batch_8,0.257,0.285,0.291,0.316,0.005,0.011,0.016,0.003,0.006,0.008,0.514,0.095,0.2,0.222,0.512,0.374,0.896,0.514,0.516,0.516,0.264,0.288,0.305,1471.0,0.0,0.0,0.41,0.0,0.0,batch_number
SCDRHA,batch_8,0.87,0.87,0.87,0.901,0.023,0.038,0.052,0.012,0.019,0.027,0.548,0.11,0.4,0.521,0.543,0.134,0.601,0.665,0.66,0.656,0.688,0.663,0.651,245.0,0.24,0.38,0.42,0.37,0.38,batch_number
SIMLR,batch_8,0.999,0.999,0.999,0.999,0.038,0.057,0.073,0.02,0.031,0.04,0.504,0.046,0.6,0.832,0.539,0.214,0.614,0.726,0.72,0.716,0.747,0.719,0.7,376.0,1.0,1.0,0.83,1.0,1.0,batch_number
SPDR,batch_8,1.0,1.0,1.0,1.0,0.054,0.096,0.127,0.026,0.049,0.066,0.582,0.158,0.2,0.614,0.575,0.238,0.656,0.787,0.803,0.802,0.786,0.758,0.741,387.0,1.0,1.0,0.76,1.0,1.0,batch_number
SQuaD_MDS,batch_8,0.624,0.646,0.649,0.659,0.009,0.016,0.024,0.004,0.009,0.013,0.67,0.504,0.6,0.795,0.609,0.304,0.8,0.581,0.586,0.592,0.761,0.759,0.758,770.0,0.26,0.32,0.31,0.32,0.33,batch_number
SQuaD_MDS_hybrid,batch_8,0.928,0.932,0.932,0.932,0.046,0.064,0.079,0.014,0.026,0.036,0.575,0.195,0.8,0.894,0.574,0.196,0.637,0.659,0.663,0.664,0.828,0.797,0.778,286.0,0.81,0.76,0.47,0.76,0.77,batch_number
SSNMDI,batch_8,0.248,0.276,0.291,0.293,0.006,0.011,0.017,0.003,0.006,0.009,0.506,0.026,0.2,0.222,0.502,0.219,0.721,0.515,0.516,0.516,0.498,0.497,0.498,872.0,0.0,0.01,0.58,0.01,0.01,batch_number
TSNE,batch_8,1.0,1.0,1.0,1.0,0.065,0.109,0.134,0.034,0.055,0.069,0.551,0.114,0.4,0.695,0.561,0.196,0.618,0.808,0.814,0.804,0.792,0.756,0.734,270.0,0.69,0.81,0.51,0.8,0.83,batch_number
TriMap,batch_8,1.0,1.0,1.0,1.0,0.058,0.094,0.119,0.029,0.047,0.06,0.577,0.165,0.8,0.857,0.573,0.229,0.654,0.782,0.795,0.793,0.799,0.77,0.753,382.0,1.0,1.0,0.76,1.0,1.0,batch_number
UMAP,batch_8,0.992,0.992,0.992,0.992,0.038,0.058,0.073,0.018,0.028,0.036,0.565,0.139,0.6,0.888,0.565,0.216,0.648,0.674,0.677,0.678,0.829,0.792,0.766,386.0,0.98,0.96,0.59,0.96,0.96,batch_number
VAE,batch_8,0.974,0.969,0.968,0.946,0.057,0.091,0.114,0.028,0.045,0.058,0.551,0.095,0.0,0.483,0.551,0.163,0.599,0.762,0.762,0.754,0.732,0.71,0.697,220.0,0.59,0.61,0.42,0.59,0.62,batch_number
ZIFA,batch_8,0.938,0.942,0.942,0.944,0.018,0.035,0.05,0.009,0.017,0.026,0.584,0.164,0.6,0.863,0.57,0.211,0.659,0.642,0.648,0.651,0.794,0.772,0.757,397.0,0.94,0.91,0.7,0.91,0.91,batch_number
ivis,batch_8,0.738,0.739,0.747,0.748,0.01,0.019,0.028,0.005,0.01,0.015,0.57,0.175,0.4,0.533,0.559,0.21,0.68,0.604,0.603,0.604,0.736,0.735,0.734,513.0,0.56,0.65,0.59,0.64,0.65,batch_number
pCMF,batch_8,0.249,0.245,0.265,0.29,0.006,0.01,0.015,0.003,0.005,0.007,0.501,-0.051,0.0,0.346,0.498,0.419,0.925,0.519,0.518,0.512,0.459,0.465,0.47,1687.0,0.0,0.0,0.21,0.01,0.0,batch_number
scGAE,batch_8,0.595,0.585,0.573,0.476,0.009,0.014,0.02,0.004,0.008,0.011,0.519,0.073,0.6,0.676,0.506,0.437,0.946,0.563,0.556,0.551,0.393,0.404,0.412,1725.0,0.0,0.0,0.51,0.0,0.0,batch_number
scGBM,batch_8,0.896,0.906,0.912,0.912,0.017,0.031,0.045,0.009,0.016,0.023,0.572,0.195,0.6,0.689,0.574,0.213,0.667,0.635,0.638,0.643,0.8,0.78,0.767,408.0,0.88,0.85,0.61,0.85,0.85,batch_number
scScope,batch_8,0.314,0.332,0.332,0.342,0.006,0.01,0.016,0.003,0.005,0.008,0.515,0.047,0.2,0.377,0.509,0.306,0.807,0.505,0.504,0.505,0.544,0.539,0.538,1187.0,0.0,0.01,0.35,0.01,0.01,batch_number
scvis,batch_8,0.29,0.284,0.297,0.294,0.005,0.01,0.016,0.003,0.006,0.009,0.539,0.402,0.2,0.334,0.529,0.373,0.909,0.509,0.509,0.509,0.35,0.359,0.367,1417.0,0.0,0.0,0.83,0.01,0.0,batch_number
tGPLVM,batch_8,0.969,0.972,0.971,0.969,0.017,0.034,0.05,0.009,0.018,0.026,0.59,0.192,0.8,0.77,0.576,0.211,0.663,0.651,0.654,0.657,0.785,0.768,0.755,387.0,0.96,0.94,0.81,0.95,0.94,batch_number
VASC,batch_8,0.188,0.188,0.188,0.303,0.034,0.031,0.052,0.018,0.016,0.027,0.501,0.0,0.0,0.315,,,,0.514,0.541,0.532,0.546,0.547,0.546,,0.0,0.0,0.0,1.0,0.0,batch_number
DRA,batch_10,0.248,0.25,0.266,0.289,0.005,0.01,0.015,0.003,0.005,0.008,0.503,0.018,0.4,0.514,0.501,0.401,0.904,0.499,0.503,0.505,0.491,0.492,0.493,1600.0,-0.0,0.0,0.32,0.0,0.0,batch_number
DREAM,batch_10,0.403,0.43,0.443,0.462,0.006,0.012,0.019,0.004,0.007,0.01,0.516,0.046,0.8,0.869,0.511,0.185,0.68,0.523,0.523,0.524,0.533,0.537,0.539,680.0,0.07,0.09,0.32,0.09,0.09,batch_number
EDGE,batch_10,0.919,0.924,0.922,0.928,0.017,0.033,0.046,0.009,0.017,0.023,0.571,0.146,0.8,0.894,0.557,0.201,0.657,0.629,0.63,0.631,0.771,0.75,0.735,437.0,0.69,0.72,0.41,0.7,0.73,batch_number
GLMPCA,batch_10,0.909,0.91,0.911,0.914,0.014,0.028,0.043,0.008,0.014,0.022,0.595,0.234,1.0,0.844,0.576,0.227,0.68,0.628,0.634,0.638,0.781,0.764,0.754,459.0,0.71,0.79,0.48,0.78,0.8,batch_number
PCA,batch_10,0.946,0.951,0.952,0.959,0.019,0.033,0.048,0.01,0.017,0.025,0.587,0.178,1.0,0.844,0.569,0.224,0.668,0.639,0.643,0.645,0.784,0.759,0.744,446.0,0.95,0.93,0.69,0.92,0.93,batch_number
PHATE,batch_10,0.999,0.999,0.999,0.999,0.03,0.055,0.074,0.016,0.028,0.038,0.567,0.157,1.0,0.956,0.567,0.217,0.651,0.694,0.696,0.696,0.79,0.766,0.751,388.0,1.0,0.99,0.8,0.99,0.99,batch_number
PaCMAP,batch_10,0.196,0.235,0.26,0.301,0.011,0.02,0.028,0.005,0.01,0.014,0.506,0.005,0.4,0.452,0.502,0.029,0.518,0.574,0.574,0.576,0.509,0.507,0.507,65.0,-0.0,0.0,0.85,0.0,0.0,batch_number
ParametricUMAP200,batch_10,0.994,0.994,0.994,0.994,0.032,0.051,0.067,0.015,0.024,0.033,0.559,0.156,1.0,0.857,0.565,0.216,0.656,0.659,0.663,0.665,0.801,0.764,0.742,413.0,0.99,0.97,0.71,0.97,0.97,batch_number
ParametricUMAP50,batch_10,0.995,0.997,0.996,0.996,0.026,0.046,0.063,0.013,0.023,0.031,0.572,0.156,0.6,0.707,0.566,0.21,0.653,0.655,0.66,0.662,0.796,0.761,0.74,395.0,0.99,0.98,0.7,0.98,0.98,batch_number
SAUCIE,batch_10,0.27,0.294,0.304,0.326,0.004,0.01,0.015,0.003,0.006,0.008,0.518,0.112,0.0,0.303,0.514,0.387,0.91,0.511,0.511,0.513,0.239,0.269,0.288,1510.0,-0.0,0.01,0.41,0.01,0.0,batch_number
SCDRHA,batch_10,0.901,0.902,0.906,0.893,0.026,0.042,0.056,0.013,0.022,0.029,0.56,0.112,0.0,0.521,0.551,0.146,0.617,0.672,0.664,0.66,0.683,0.674,0.665,283.0,0.39,0.56,0.46,0.55,0.56,batch_number
SIMLR,batch_10,1.0,1.0,1.0,1.0,0.032,0.054,0.071,0.018,0.031,0.042,0.509,0.059,0.4,0.875,0.536,0.202,0.618,0.698,0.693,0.689,0.734,0.71,0.695,393.0,1.0,1.0,0.9,1.0,1.0,batch_number
SPDR,batch_10,0.999,0.999,0.999,0.999,0.05,0.093,0.121,0.027,0.049,0.063,0.565,0.137,0.8,0.739,0.566,0.215,0.638,0.781,0.791,0.782,0.778,0.753,0.738,337.0,1.0,1.0,0.81,1.0,1.0,batch_number
SQuaD_MDS,batch_10,0.632,0.644,0.648,0.656,0.009,0.017,0.025,0.005,0.009,0.013,0.664,0.506,0.8,0.894,0.61,0.314,0.806,0.58,0.586,0.59,0.759,0.759,0.76,798.0,0.28,0.34,0.31,0.33,0.34,batch_number
SQuaD_MDS_hybrid,batch_10,0.887,0.886,0.89,0.889,0.032,0.048,0.063,0.01,0.02,0.03,0.562,0.183,1.0,0.863,0.569,0.178,0.629,0.626,0.63,0.634,0.806,0.782,0.768,266.0,0.69,0.66,0.4,0.65,0.68,batch_number
SSNMDI,batch_10,0.242,0.248,0.259,0.298,0.006,0.011,0.017,0.003,0.006,0.009,0.496,0.018,0.0,0.122,0.501,0.01,0.51,0.512,0.512,0.513,0.525,0.517,0.514,36.0,0.0,0.01,0.6,0.01,0.01,batch_number
TSNE,batch_10,1.0,1.0,1.0,1.0,0.067,0.107,0.125,0.034,0.054,0.064,0.551,0.132,0.8,0.682,0.562,0.191,0.622,0.806,0.803,0.781,0.757,0.736,0.723,276.0,0.95,0.95,0.54,0.94,0.96,batch_number
TriMap,batch_10,1.0,1.0,1.0,1.0,0.057,0.098,0.119,0.029,0.05,0.061,0.566,0.14,0.8,0.763,0.565,0.224,0.648,0.779,0.788,0.777,0.779,0.75,0.734,390.0,1.0,1.0,0.8,1.0,1.0,batch_number
UMAP,batch_10,0.989,0.988,0.989,0.989,0.032,0.05,0.065,0.016,0.025,0.033,0.569,0.149,1.0,0.863,0.564,0.21,0.653,0.658,0.658,0.659,0.8,0.767,0.747,402.0,0.97,0.95,0.55,0.94,0.95,batch_number
VAE,batch_10,0.978,0.966,0.936,0.928,0.054,0.088,0.108,0.027,0.045,0.055,0.557,0.135,0.4,0.57,0.556,0.185,0.626,0.754,0.747,0.736,0.756,0.731,0.717,317.0,0.65,0.68,0.41,0.67,0.69,batch_number
ZIFA,batch_10,0.942,0.941,0.941,0.945,0.017,0.033,0.048,0.009,0.016,0.024,0.58,0.164,1.0,0.844,0.567,0.232,0.671,0.634,0.64,0.642,0.782,0.756,0.741,472.0,0.79,0.88,0.65,0.87,0.89,batch_number
ivis,batch_10,0.742,0.748,0.743,0.751,0.008,0.015,0.025,0.003,0.008,0.013,0.577,0.182,0.4,0.595,0.557,0.213,0.687,0.599,0.599,0.6,0.692,0.703,0.709,550.0,0.56,0.59,0.59,0.58,0.6,batch_number
pCMF,batch_10,0.238,0.246,0.245,0.29,0.005,0.01,0.015,0.003,0.005,0.007,0.495,-0.098,0.0,0.284,0.494,0.026,0.519,0.509,0.508,0.506,0.445,0.457,0.465,102.0,-0.0,0.0,0.07,0.0,0.0,batch_number
scGAE,batch_10,0.53,0.524,0.51,0.476,0.008,0.014,0.019,0.004,0.008,0.01,0.513,0.108,0.2,0.577,0.506,0.4,0.924,0.549,0.542,0.537,0.403,0.411,0.417,1591.0,0.0,0.0,0.49,0.0,0.0,batch_number
scGBM,batch_10,0.916,0.919,0.922,0.92,0.015,0.029,0.044,0.008,0.015,0.023,0.59,0.211,1.0,0.882,0.574,0.23,0.676,0.629,0.636,0.64,0.791,0.769,0.756,459.0,0.9,0.87,0.6,0.86,0.87,batch_number
scScope,batch_10,0.284,0.304,0.316,0.327,0.005,0.011,0.016,0.003,0.005,0.008,0.51,0.041,0.2,0.216,0.505,0.321,0.825,0.503,0.505,0.505,0.513,0.512,0.513,1269.0,0.0,0.01,0.36,0.01,0.01,batch_number
scvis,batch_10,0.303,0.307,0.315,0.301,0.005,0.011,0.016,0.003,0.006,0.009,0.579,0.378,0.6,0.745,0.55,0.372,0.896,0.514,0.512,0.511,0.38,0.387,0.393,1318.0,0.01,0.01,0.81,0.01,0.0,batch_number
tGPLVM,batch_10,0.928,0.938,0.939,0.938,0.018,0.033,0.047,0.01,0.017,0.024,0.574,0.187,0.6,0.664,0.57,0.226,0.672,0.638,0.639,0.641,0.781,0.761,0.747,457.0,0.93,0.9,0.78,0.9,0.9,batch_number
VASC,batch_10,0.188,0.188,0.188,0.303,0.028,0.028,0.056,0.015,0.014,0.029,0.492,0.0,0.4,0.421,,,,0.531,0.575,0.553,0.512,0.523,0.531,,0.0,0.0,0.0,1.0,0.0,batch_number
DRA,batch_0.2,0.244,0.27,0.282,0.298,0.005,0.01,0.015,0.003,0.005,0.008,0.5,0.028,0.0,0.595,0.501,0.419,0.921,0.503,0.504,0.505,0.501,0.505,0.506,1669.0,0.0,0.0,0.32,0.0,0.0,batch_strength
DREAM,batch_0.2,0.306,0.348,0.369,0.376,0.011,0.022,0.033,0.005,0.011,0.017,0.715,0.555,0.4,0.583,0.666,0.425,0.853,0.733,0.736,0.738,0.758,0.757,0.757,870.0,0.02,0.03,0.35,0.03,0.03,batch_strength
EDGE,batch_0.2,0.901,0.901,0.9,0.847,0.033,0.058,0.08,0.017,0.03,0.042,0.746,0.616,0.2,0.539,0.702,0.52,0.869,0.803,0.807,0.809,0.875,0.861,0.854,951.0,0.29,0.39,0.45,0.38,0.39,batch_strength
GLMPCA,batch_0.2,0.735,0.742,0.746,0.751,0.024,0.047,0.068,0.013,0.024,0.036,0.772,0.689,0.2,0.521,0.719,0.515,0.893,0.79,0.795,0.8,0.875,0.867,0.861,920.0,0.33,0.51,0.64,0.51,0.51,batch_strength
PCA,batch_0.2,0.751,0.755,0.764,0.773,0.026,0.048,0.068,0.013,0.024,0.035,0.77,0.677,0.2,0.546,0.717,0.521,0.889,0.79,0.795,0.799,0.877,0.868,0.862,934.0,0.34,0.55,0.73,0.55,0.55,batch_strength
PHATE,batch_0.2,0.993,0.992,0.994,0.992,0.034,0.062,0.085,0.017,0.032,0.044,0.731,0.601,0.2,0.577,0.702,0.508,0.86,0.817,0.821,0.824,0.888,0.874,0.867,891.0,0.34,0.53,0.68,0.53,0.53,batch_strength
PaCMAP,batch_0.2,0.242,0.241,0.265,0.285,0.008,0.014,0.021,0.004,0.007,0.011,0.554,0.141,0.2,0.222,0.544,0.2,0.693,0.631,0.623,0.616,0.58,0.579,0.577,604.0,0.0,0.0,0.62,0.0,0.0,batch_strength
ParametricUMAP200,batch_0.2,0.999,0.999,0.998,0.948,0.041,0.071,0.096,0.02,0.036,0.05,0.738,0.612,0.2,0.228,0.708,0.526,0.869,0.821,0.824,0.828,0.9,0.878,0.864,938.0,0.37,0.55,0.63,0.54,0.55,batch_strength
ParametricUMAP50,batch_0.2,0.996,0.996,0.996,0.954,0.041,0.071,0.096,0.021,0.036,0.05,0.743,0.616,0.2,0.39,0.708,0.536,0.87,0.817,0.823,0.826,0.899,0.876,0.862,966.0,0.37,0.55,0.62,0.54,0.55,batch_strength
SAUCIE,batch_0.2,0.25,0.272,0.279,0.332,0.009,0.017,0.023,0.005,0.009,0.012,0.546,0.149,0.4,0.483,0.532,0.224,0.707,0.61,0.612,0.613,0.308,0.335,0.353,726.0,-0.0,0.0,0.33,0.0,0.0,batch_strength
SCDRHA,batch_0.2,0.745,0.744,0.738,0.301,0.025,0.043,0.057,0.013,0.023,0.032,0.727,0.617,0.0,0.272,0.688,0.467,0.869,0.789,0.79,0.79,0.713,0.718,0.723,900.0,0.05,0.1,0.43,0.09,0.1,batch_strength
SIMLR,batch_0.2,1.0,1.0,1.0,1.0,0.048,0.08,0.102,0.029,0.049,0.063,0.667,0.451,0.8,0.875,0.659,0.449,0.816,0.831,0.833,0.836,0.849,0.827,0.814,852.0,0.3,0.51,0.74,0.53,0.5,batch_strength
SPDR,batch_0.2,1.0,1.0,1.0,1.0,0.042,0.08,0.12,0.022,0.044,0.068,0.632,0.365,0.4,0.39,0.641,0.245,0.673,0.836,0.848,0.859,0.875,0.844,0.824,149.0,0.38,0.56,0.61,0.56,0.57,batch_strength
SQuaD_MDS,batch_0.2,0.58,0.584,0.593,0.606,0.015,0.029,0.043,0.008,0.016,0.024,0.743,0.689,0.2,0.471,0.686,0.365,0.834,0.774,0.779,0.784,0.819,0.821,0.822,628.0,0.2,0.25,0.33,0.25,0.26,batch_strength
SQuaD_MDS_hybrid,batch_0.2,0.925,0.922,0.924,0.92,0.048,0.078,0.11,0.019,0.037,0.057,0.742,0.622,0.2,0.477,0.707,0.504,0.864,0.804,0.812,0.817,0.899,0.882,0.873,871.0,0.32,0.43,0.45,0.43,0.44,batch_strength
SSNMDI,batch_0.2,0.242,0.247,0.254,0.297,0.008,0.017,0.024,0.004,0.009,0.012,0.529,0.065,0.0,0.209,0.531,0.191,0.654,0.66,0.662,0.662,0.53,0.536,0.539,532.0,0.0,0.0,0.52,0.0,0.0,batch_strength
TSNE,batch_0.2,1.0,1.0,1.0,1.0,0.042,0.077,0.113,0.023,0.042,0.062,0.596,0.243,0.4,0.77,0.606,0.249,0.641,0.84,0.848,0.855,0.83,0.796,0.777,179.0,0.36,0.56,0.57,0.55,0.56,batch_strength
TriMap,batch_0.2,1.0,1.0,1.0,1.0,0.042,0.076,0.112,0.023,0.041,0.062,0.748,0.62,0.4,0.676,0.712,0.456,0.848,0.836,0.846,0.856,0.9,0.886,0.877,689.0,0.34,0.55,0.65,0.55,0.55,batch_strength
UMAP,batch_0.2,0.992,0.994,0.994,0.948,0.043,0.071,0.097,0.021,0.036,0.05,0.738,0.616,0.2,0.614,0.707,0.534,0.869,0.816,0.819,0.824,0.902,0.88,0.866,966.0,0.37,0.54,0.53,0.53,0.54,batch_strength
VAE,batch_0.2,0.997,0.997,0.997,0.997,0.042,0.076,0.108,0.022,0.04,0.058,0.674,0.435,0.4,0.521,0.655,0.258,0.706,0.837,0.839,0.844,0.871,0.845,0.83,227.0,0.35,0.5,0.49,0.49,0.5,batch_strength
ZIFA,batch_0.2,0.734,0.751,0.753,0.759,0.026,0.05,0.07,0.014,0.026,0.036,0.709,0.507,0.0,0.539,0.675,0.419,0.812,0.79,0.796,0.799,0.859,0.846,0.835,694.0,0.34,0.55,0.79,0.55,0.54,batch_strength
ivis,batch_0.2,0.608,0.63,0.632,0.645,0.018,0.034,0.05,0.01,0.018,0.027,0.758,0.644,0.4,0.57,0.703,0.495,0.872,0.771,0.775,0.777,0.844,0.842,0.843,896.0,0.23,0.33,0.59,0.33,0.33,batch_strength
pCMF,batch_0.2,0.248,0.266,0.266,0.296,0.004,0.009,0.015,0.002,0.005,0.008,0.503,-0.041,0.8,0.433,0.498,0.053,0.55,0.505,0.506,0.507,0.487,0.484,0.485,211.0,0.0,0.0,0.29,0.0,0.0,batch_strength
scGAE,batch_0.2,0.278,0.268,0.279,0.304,0.012,0.022,0.032,0.006,0.013,0.019,0.704,0.525,0.2,0.465,0.663,0.399,0.839,0.74,0.743,0.745,0.556,0.576,0.59,801.0,0.0,0.0,0.49,0.0,0.0,batch_strength
scGBM,batch_0.2,0.738,0.747,0.752,0.758,0.025,0.046,0.065,0.013,0.024,0.034,0.772,0.689,0.2,0.539,0.719,0.519,0.894,0.789,0.794,0.798,0.871,0.863,0.858,930.0,0.33,0.51,0.68,0.51,0.51,batch_strength
scScope,batch_0.2,0.29,0.292,0.295,0.308,0.01,0.02,0.031,0.005,0.011,0.016,0.726,0.611,0.0,0.16,0.68,0.451,0.867,0.737,0.74,0.743,0.756,0.763,0.767,899.0,0.0,0.01,0.4,0.01,0.01,batch_strength
scvis,batch_0.2,0.271,0.301,0.316,0.325,0.006,0.013,0.02,0.003,0.007,0.011,0.637,0.354,0.4,0.546,0.606,0.33,0.809,0.716,0.713,0.712,0.345,0.388,0.417,845.0,0.0,0.01,0.51,0.01,0.01,batch_strength
tGPLVM,batch_0.2,0.684,0.697,0.697,0.653,0.021,0.039,0.055,0.011,0.02,0.028,0.754,0.629,0.0,0.191,0.7,0.516,0.875,0.776,0.78,0.782,0.849,0.841,0.836,971.0,0.28,0.44,0.68,0.45,0.44,batch_strength
VASC,batch_0.2,0.188,0.188,0.188,0.303,0.028,0.029,0.04,0.015,0.015,0.021,0.503,0.0,0.0,0.552,,,,0.522,0.53,0.521,0.499,0.498,0.499,,0.0,0.0,0.0,1.0,0.0,batch_strength
DRA,batch_0.4,0.238,0.229,0.239,0.3,0.005,0.01,0.016,0.003,0.005,0.008,0.505,0.015,0.0,0.595,0.501,0.187,0.687,0.502,0.504,0.504,0.509,0.506,0.505,744.0,-0.0,0.0,0.32,0.0,0.01,batch_strength
DREAM,batch_0.4,0.249,0.279,0.295,0.303,0.01,0.019,0.029,0.005,0.01,0.015,0.756,0.745,0.2,0.614,0.692,0.497,0.886,0.754,0.757,0.76,0.754,0.757,0.759,994.0,0.0,0.0,0.37,0.0,0.0,batch_strength
EDGE,batch_0.4,0.917,0.919,0.919,0.866,0.031,0.054,0.074,0.016,0.028,0.038,0.763,0.749,0.0,0.328,0.711,0.541,0.882,0.805,0.809,0.811,0.854,0.84,0.834,999.0,0.3,0.38,0.42,0.37,0.38,batch_strength
GLMPCA,batch_0.4,0.269,0.285,0.294,0.316,0.011,0.022,0.032,0.006,0.011,0.016,0.791,0.812,0.0,0.583,0.713,0.512,0.915,0.761,0.763,0.766,0.763,0.765,0.768,999.0,0.0,0.0,0.49,0.0,0.0,batch_strength
PCA,batch_0.4,0.754,0.764,0.764,0.749,0.024,0.044,0.064,0.012,0.023,0.033,0.783,0.795,0.2,0.465,0.726,0.549,0.904,0.795,0.8,0.804,0.861,0.848,0.841,999.0,0.33,0.53,0.71,0.53,0.53,batch_strength
PHATE,batch_0.4,0.986,0.986,0.986,0.985,0.033,0.06,0.084,0.018,0.031,0.044,0.77,0.769,0.2,0.44,0.723,0.555,0.891,0.818,0.821,0.826,0.879,0.864,0.856,999.0,0.38,0.55,0.68,0.54,0.56,batch_strength
PaCMAP,batch_0.4,0.237,0.249,0.253,0.286,0.009,0.015,0.022,0.004,0.007,0.011,0.564,0.181,0.2,0.458,0.547,0.311,0.783,0.645,0.636,0.63,0.572,0.569,0.568,999.0,0.0,0.0,0.62,0.0,0.0,batch_strength
ParametricUMAP200,batch_0.4,0.99,0.99,0.99,0.826,0.043,0.065,0.087,0.021,0.033,0.045,0.763,0.768,0.4,0.589,0.721,0.555,0.888,0.817,0.821,0.826,0.883,0.858,0.845,999.0,0.37,0.52,0.57,0.51,0.53,batch_strength
ParametricUMAP50,batch_0.4,0.988,0.988,0.988,0.93,0.039,0.063,0.086,0.018,0.032,0.044,0.757,0.756,0.4,0.496,0.72,0.555,0.885,0.816,0.822,0.826,0.884,0.858,0.845,999.0,0.34,0.51,0.55,0.51,0.51,batch_strength
SAUCIE,batch_0.4,0.259,0.259,0.268,0.304,0.009,0.02,0.03,0.006,0.011,0.017,0.649,0.452,0.0,0.141,0.623,0.329,0.784,0.758,0.76,0.763,0.424,0.456,0.476,708.0,0.0,0.01,0.46,0.01,0.01,batch_strength
SCDRHA,batch_0.4,0.613,0.618,0.611,0.301,0.022,0.038,0.053,0.011,0.021,0.029,0.726,0.719,0.0,0.508,0.692,0.526,0.859,0.78,0.782,0.784,0.723,0.728,0.734,999.0,0.02,0.03,0.45,0.03,0.03,batch_strength
SIMLR,batch_0.4,0.999,0.998,0.998,0.998,0.048,0.077,0.096,0.028,0.047,0.059,0.755,0.754,0.2,0.558,0.706,0.525,0.888,0.831,0.832,0.835,0.839,0.822,0.813,999.0,0.34,0.54,0.74,0.54,0.54,batch_strength
SPDR,batch_0.4,1.0,1.0,1.0,1.0,0.041,0.077,0.114,0.023,0.043,0.064,0.642,0.389,0.2,0.801,0.638,0.226,0.671,0.832,0.844,0.854,0.846,0.814,0.795,150.0,0.45,0.64,0.62,0.63,0.65,batch_strength
SQuaD_MDS,batch_0.4,0.556,0.564,0.572,0.58,0.012,0.026,0.039,0.007,0.014,0.021,0.792,0.772,0.2,0.228,0.717,0.425,0.873,0.778,0.783,0.787,0.841,0.841,0.843,694.0,0.18,0.22,0.38,0.22,0.22,batch_strength
SQuaD_MDS_hybrid,batch_0.4,0.894,0.898,0.897,0.891,0.049,0.071,0.094,0.015,0.03,0.046,0.768,0.773,0.0,0.402,0.724,0.561,0.887,0.807,0.813,0.818,0.887,0.867,0.859,999.0,0.29,0.38,0.42,0.38,0.39,batch_strength
SSNMDI,batch_0.4,0.217,0.238,0.276,0.295,0.008,0.016,0.024,0.004,0.008,0.012,0.548,0.14,0.0,0.353,0.54,0.196,0.671,0.673,0.675,0.678,0.547,0.549,0.551,551.0,0.0,0.0,0.56,0.0,0.0,batch_strength
TSNE,batch_0.4,0.999,0.999,0.999,0.999,0.04,0.071,0.101,0.022,0.038,0.055,0.713,0.602,0.2,0.626,0.681,0.5,0.849,0.836,0.844,0.851,0.864,0.843,0.832,961.0,0.39,0.57,0.58,0.56,0.58,batch_strength
TriMap,batch_0.4,1.0,1.0,1.0,1.0,0.038,0.069,0.102,0.02,0.037,0.056,0.777,0.772,0.0,0.409,0.73,0.571,0.889,0.834,0.844,0.853,0.887,0.871,0.862,999.0,0.38,0.57,0.62,0.56,0.58,batch_strength
UMAP,batch_0.4,0.981,0.98,0.978,0.932,0.044,0.068,0.089,0.022,0.034,0.045,0.766,0.757,0.0,0.346,0.719,0.55,0.888,0.815,0.819,0.822,0.885,0.859,0.845,999.0,0.36,0.51,0.47,0.5,0.51,batch_strength
VAE,batch_0.4,0.986,0.986,0.986,0.986,0.04,0.069,0.096,0.02,0.036,0.052,0.687,0.52,0.4,0.477,0.658,0.429,0.815,0.831,0.836,0.84,0.852,0.82,0.803,810.0,0.28,0.44,0.44,0.44,0.45,batch_strength
ZIFA,batch_0.4,0.714,0.726,0.732,0.732,0.024,0.044,0.06,0.013,0.023,0.031,0.714,0.539,0.2,0.44,0.667,0.399,0.811,0.793,0.798,0.801,0.826,0.808,0.797,700.0,0.32,0.5,0.77,0.5,0.5,batch_strength
ivis,batch_0.4,0.316,0.346,0.351,0.313,0.011,0.021,0.033,0.006,0.011,0.017,0.762,0.78,0.2,0.658,0.706,0.516,0.897,0.761,0.763,0.767,0.779,0.779,0.782,999.0,0.03,0.04,0.47,0.04,0.04,batch_strength
pCMF,batch_0.4,0.231,0.262,0.284,0.298,0.01,0.021,0.03,0.005,0.011,0.016,0.759,0.754,0.0,0.608,0.696,0.508,0.885,0.753,0.757,0.76,0.776,0.776,0.777,999.0,0.0,0.0,0.54,0.0,0.0,batch_strength
scGAE,batch_0.4,0.252,0.25,0.257,0.304,0.009,0.019,0.03,0.005,0.011,0.017,0.726,0.67,0.0,0.296,0.678,0.454,0.865,0.758,0.759,0.762,0.62,0.633,0.643,908.0,0.0,0.0,0.46,0.0,0.0,batch_strength
scGBM,batch_0.4,0.696,0.706,0.716,0.721,0.02,0.04,0.056,0.01,0.02,0.029,0.805,0.824,0.2,0.409,0.733,0.546,0.921,0.79,0.796,0.8,0.851,0.841,0.835,999.0,0.31,0.48,0.68,0.48,0.48,batch_strength
scScope,batch_0.4,0.253,0.264,0.279,0.293,0.01,0.02,0.03,0.005,0.01,0.016,0.74,0.729,0.0,0.552,0.689,0.504,0.874,0.754,0.758,0.761,0.737,0.745,0.75,999.0,0.0,0.0,0.38,0.0,0.0,batch_strength
scvis,batch_0.4,0.862,0.866,0.868,0.844,0.023,0.044,0.063,0.013,0.024,0.035,0.794,0.821,0.2,0.346,0.739,0.584,0.891,0.808,0.81,0.813,0.882,0.873,0.869,984.0,0.25,0.38,0.56,0.4,0.37,batch_strength
tGPLVM,batch_0.4,0.571,0.592,0.599,0.534,0.016,0.032,0.045,0.008,0.017,0.024,0.774,0.777,0.0,0.658,0.712,0.527,0.897,0.775,0.778,0.782,0.814,0.806,0.802,999.0,0.2,0.24,0.39,0.24,0.24,batch_strength
VASC,batch_0.4,0.396,0.408,0.422,0.303,0.029,0.055,0.079,0.016,0.031,0.044,0.728,0.707,0.0,0.458,,,,0.772,0.778,0.785,0.729,0.738,0.749,,0.08,0.16,0.51,0.15,0.16,batch_strength
DRA,batch_0.6,0.222,0.249,0.256,0.298,0.005,0.01,0.015,0.003,0.005,0.008,0.488,0.007,0.0,0.589,0.5,0.038,0.536,0.499,0.502,0.505,0.504,0.507,0.507,148.0,0.0,0.0,0.32,0.0,0.0,batch_strength
DREAM,batch_0.6,0.242,0.269,0.284,0.316,0.01,0.02,0.031,0.006,0.011,0.016,0.755,0.739,0.6,0.795,0.694,0.497,0.888,0.754,0.757,0.76,0.767,0.767,0.767,993.0,0.0,0.0,0.41,0.0,0.0,batch_strength
EDGE,batch_0.6,0.804,0.814,0.822,0.798,0.025,0.046,0.066,0.014,0.024,0.034,0.765,0.765,0.4,0.707,0.712,0.536,0.889,0.794,0.798,0.801,0.841,0.834,0.829,999.0,0.26,0.33,0.42,0.32,0.33,batch_strength
GLMPCA,batch_0.6,0.246,0.25,0.264,0.314,0.011,0.021,0.03,0.006,0.011,0.016,0.81,0.834,0.6,0.919,0.72,0.506,0.935,0.756,0.758,0.76,0.745,0.746,0.748,999.0,0.0,0.01,0.53,0.01,0.01,batch_strength
PCA,batch_0.6,0.737,0.739,0.756,0.755,0.021,0.041,0.058,0.011,0.021,0.03,0.779,0.79,0.0,0.371,0.721,0.543,0.9,0.79,0.795,0.799,0.833,0.832,0.829,999.0,0.33,0.5,0.63,0.51,0.5,batch_strength
PHATE,batch_0.6,0.978,0.98,0.978,0.974,0.032,0.056,0.08,0.017,0.029,0.042,0.758,0.764,0.4,0.682,0.717,0.55,0.884,0.811,0.816,0.82,0.858,0.851,0.845,999.0,0.38,0.54,0.68,0.54,0.55,batch_strength
PaCMAP,batch_0.6,0.234,0.235,0.245,0.285,0.009,0.015,0.022,0.004,0.008,0.011,0.558,0.191,0.6,0.875,0.55,0.315,0.784,0.635,0.629,0.624,0.57,0.567,0.567,999.0,-0.0,0.0,0.62,0.0,0.0,batch_strength
ParametricUMAP200,batch_0.6,0.973,0.971,0.972,0.806,0.039,0.064,0.086,0.019,0.033,0.045,0.761,0.766,0.2,0.77,0.717,0.545,0.89,0.81,0.815,0.819,0.869,0.847,0.835,999.0,0.36,0.51,0.55,0.5,0.52,batch_strength
ParametricUMAP50,batch_0.6,0.976,0.978,0.978,0.822,0.04,0.063,0.084,0.02,0.032,0.044,0.762,0.749,0.4,0.695,0.716,0.546,0.886,0.812,0.816,0.82,0.869,0.848,0.835,999.0,0.37,0.53,0.55,0.52,0.53,batch_strength
SAUCIE,batch_0.6,0.274,0.282,0.276,0.315,0.011,0.02,0.029,0.006,0.011,0.016,0.759,0.762,0.4,0.533,0.703,0.515,0.892,0.758,0.761,0.765,0.647,0.663,0.674,999.0,0.0,0.01,0.49,0.01,0.01,batch_strength
SCDRHA,batch_0.6,0.807,0.806,0.802,0.432,0.027,0.046,0.062,0.015,0.026,0.034,0.758,0.755,0.8,0.938,0.707,0.529,0.886,0.798,0.801,0.803,0.785,0.786,0.785,999.0,0.25,0.44,0.7,0.45,0.43,batch_strength
SIMLR,batch_0.6,0.996,0.996,0.996,0.996,0.046,0.075,0.095,0.026,0.045,0.057,0.746,0.756,0.0,0.24,0.7,0.51,0.891,0.829,0.83,0.832,0.816,0.806,0.798,999.0,0.31,0.51,0.67,0.52,0.51,batch_strength
SPDR,batch_0.6,1.0,1.0,1.0,1.0,0.038,0.075,0.111,0.021,0.041,0.062,0.734,0.702,0.0,0.203,0.702,0.538,0.867,0.829,0.841,0.851,0.853,0.841,0.833,999.0,0.39,0.57,0.65,0.56,0.58,batch_strength
SQuaD_MDS,batch_0.6,0.491,0.512,0.522,0.541,0.012,0.025,0.038,0.006,0.013,0.02,0.814,0.837,0.0,0.172,0.74,0.483,0.907,0.774,0.779,0.784,0.85,0.851,0.852,786.0,0.16,0.17,0.41,0.17,0.18,batch_strength
SQuaD_MDS_hybrid,batch_0.6,0.814,0.824,0.822,0.809,0.048,0.067,0.088,0.018,0.031,0.043,0.769,0.78,0.2,0.334,0.724,0.56,0.889,0.797,0.801,0.805,0.877,0.867,0.862,998.0,0.25,0.3,0.38,0.29,0.3,batch_strength
SSNMDI,batch_0.6,0.215,0.244,0.251,0.294,0.007,0.017,0.026,0.004,0.009,0.013,0.563,0.164,0.4,0.869,0.552,0.258,0.719,0.678,0.68,0.682,0.579,0.578,0.578,725.0,0.0,0.0,0.47,0.0,0.0,batch_strength
TSNE,batch_0.6,0.991,0.991,0.991,0.991,0.039,0.07,0.098,0.021,0.037,0.052,0.737,0.696,0.2,0.359,0.699,0.53,0.868,0.829,0.835,0.842,0.853,0.841,0.832,999.0,0.37,0.52,0.54,0.51,0.53,batch_strength
TriMap,batch_0.6,1.0,1.0,1.0,1.0,0.037,0.071,0.103,0.02,0.038,0.057,0.754,0.77,0.0,0.11,0.725,0.562,0.888,0.83,0.842,0.85,0.861,0.852,0.846,999.0,0.36,0.55,0.59,0.55,0.56,batch_strength
UMAP,batch_0.6,0.956,0.956,0.954,0.916,0.039,0.065,0.085,0.019,0.033,0.044,0.765,0.76,0.4,0.844,0.715,0.543,0.888,0.808,0.812,0.815,0.868,0.848,0.836,999.0,0.36,0.49,0.44,0.49,0.5,batch_strength
VAE,batch_0.6,0.976,0.976,0.975,0.974,0.035,0.065,0.091,0.019,0.034,0.049,0.674,0.528,0.2,0.471,0.652,0.467,0.83,0.826,0.829,0.833,0.808,0.795,0.785,976.0,0.34,0.47,0.44,0.46,0.48,batch_strength
ZIFA,batch_0.6,0.708,0.712,0.714,0.724,0.02,0.037,0.054,0.011,0.019,0.028,0.704,0.548,0.0,0.178,0.668,0.417,0.827,0.789,0.792,0.795,0.806,0.795,0.786,771.0,0.28,0.46,0.74,0.46,0.45,batch_strength
ivis,batch_0.6,0.294,0.328,0.337,0.344,0.011,0.021,0.033,0.006,0.011,0.017,0.773,0.769,0.6,0.907,0.704,0.509,0.9,0.758,0.762,0.765,0.766,0.773,0.776,999.0,0.01,0.02,0.46,0.02,0.02,batch_strength
pCMF,batch_0.6,0.244,0.265,0.261,0.306,0.012,0.022,0.032,0.006,0.011,0.017,0.753,0.752,0.4,0.795,0.7,0.517,0.885,0.756,0.76,0.764,0.787,0.786,0.787,999.0,0.01,0.01,0.4,0.01,0.01,batch_strength
scGAE,batch_0.6,0.259,0.268,0.283,0.3,0.01,0.02,0.03,0.005,0.011,0.017,0.745,0.685,0.2,0.359,0.682,0.427,0.88,0.759,0.76,0.763,0.595,0.609,0.619,869.0,0.0,0.01,0.48,0.01,0.01,batch_strength
scGBM,batch_0.6,0.678,0.696,0.696,0.713,0.02,0.036,0.052,0.011,0.019,0.027,0.817,0.841,0.0,0.191,0.736,0.542,0.93,0.787,0.791,0.795,0.83,0.828,0.826,999.0,0.31,0.46,0.66,0.46,0.46,batch_strength
scScope,batch_0.6,0.26,0.266,0.28,0.3,0.01,0.019,0.03,0.005,0.01,0.016,0.749,0.751,0.4,0.801,0.697,0.51,0.885,0.753,0.756,0.76,0.765,0.771,0.775,999.0,-0.0,0.0,0.37,0.0,0.0,batch_strength
scvis,batch_0.6,0.504,0.512,0.501,0.548,0.02,0.046,0.056,0.01,0.025,0.025,0.77,0.753,0.2,0.296,0.715,0.543,0.888,0.783,0.8,0.794,0.818,0.815,0.814,999.0,0.13,0.27,0.78,0.29,0.25,batch_strength
tGPLVM,batch_0.6,0.286,0.303,0.333,0.302,0.011,0.022,0.034,0.006,0.012,0.017,0.792,0.811,0.6,0.925,0.713,0.513,0.913,0.756,0.76,0.764,0.75,0.757,0.761,999.0,0.03,0.03,0.34,0.03,0.03,batch_strength
VASC,batch_0.6,0.404,0.412,0.412,0.303,0.033,0.059,0.084,0.018,0.032,0.045,0.74,0.729,0.4,0.857,,,,0.769,0.775,0.784,0.744,0.755,0.765,,0.08,0.15,0.54,0.15,0.15,batch_strength
DRA,batch_0.8,0.257,0.275,0.269,0.301,0.005,0.01,0.015,0.003,0.005,0.008,0.504,0.004,0.2,0.701,0.5,0.339,0.84,0.501,0.502,0.505,0.494,0.5,0.503,1354.0,0.0,0.0,0.36,0.0,0.0,batch_strength
DREAM,batch_0.8,0.241,0.272,0.278,0.299,0.009,0.02,0.03,0.004,0.01,0.015,0.753,0.756,0.8,0.919,0.695,0.502,0.889,0.753,0.757,0.76,0.756,0.756,0.759,998.0,0.0,0.0,0.36,0.0,0.0,batch_strength
EDGE,batch_0.8,0.73,0.739,0.743,0.702,0.024,0.043,0.06,0.012,0.022,0.031,0.754,0.756,0.4,0.365,0.708,0.533,0.884,0.786,0.789,0.792,0.828,0.821,0.818,999.0,0.21,0.24,0.4,0.24,0.25,batch_strength
GLMPCA,batch_0.8,0.298,0.321,0.337,0.338,0.01,0.022,0.034,0.005,0.012,0.018,0.775,0.789,0.4,0.9,0.71,0.516,0.905,0.759,0.763,0.768,0.768,0.772,0.776,999.0,0.01,0.02,0.46,0.02,0.02,batch_strength
PCA,batch_0.8,0.72,0.727,0.73,0.744,0.019,0.037,0.053,0.01,0.019,0.028,0.771,0.781,0.0,0.409,0.716,0.538,0.894,0.788,0.791,0.796,0.83,0.818,0.814,999.0,0.32,0.46,0.57,0.46,0.46,batch_strength
PHATE,batch_0.8,0.984,0.982,0.982,0.978,0.027,0.052,0.075,0.014,0.027,0.039,0.759,0.764,0.2,0.334,0.717,0.546,0.888,0.811,0.815,0.82,0.857,0.843,0.837,999.0,0.31,0.49,0.62,0.5,0.48,batch_strength
PaCMAP,batch_0.8,0.234,0.246,0.255,0.293,0.008,0.015,0.021,0.004,0.008,0.011,0.57,0.19,0.6,0.838,0.548,0.314,0.783,0.639,0.632,0.627,0.552,0.557,0.561,999.0,-0.0,0.0,0.66,0.0,0.0,batch_strength
ParametricUMAP200,batch_0.8,0.961,0.962,0.962,0.802,0.038,0.061,0.08,0.018,0.03,0.04,0.754,0.752,0.4,0.689,0.714,0.543,0.886,0.808,0.813,0.817,0.86,0.836,0.824,999.0,0.36,0.49,0.54,0.48,0.49,batch_strength
ParametricUMAP50,batch_0.8,0.954,0.956,0.957,0.822,0.036,0.059,0.078,0.017,0.029,0.039,0.763,0.764,0.2,0.695,0.715,0.542,0.889,0.807,0.812,0.815,0.858,0.834,0.822,999.0,0.36,0.49,0.56,0.49,0.5,batch_strength
SAUCIE,batch_0.8,0.274,0.294,0.299,0.324,0.01,0.02,0.031,0.005,0.011,0.018,0.763,0.759,0.6,0.888,0.704,0.514,0.895,0.758,0.761,0.764,0.655,0.668,0.678,999.0,0.01,0.01,0.51,0.01,0.01,batch_strength
SCDRHA,batch_0.8,0.844,0.83,0.812,0.551,0.024,0.042,0.058,0.013,0.023,0.031,0.757,0.745,0.6,0.919,0.708,0.532,0.885,0.799,0.8,0.801,0.791,0.79,0.789,999.0,0.29,0.42,0.69,0.41,0.42,batch_strength
SIMLR,batch_0.8,0.994,0.995,0.995,0.995,0.042,0.066,0.084,0.023,0.039,0.05,0.738,0.73,0.2,0.359,0.692,0.505,0.879,0.824,0.826,0.829,0.807,0.791,0.784,999.0,0.28,0.49,0.65,0.51,0.48,batch_strength
SPDR,batch_0.8,1.0,1.0,1.0,1.0,0.036,0.069,0.102,0.019,0.038,0.056,0.767,0.758,0.0,0.135,0.722,0.559,0.885,0.827,0.839,0.85,0.854,0.842,0.838,999.0,0.37,0.56,0.65,0.56,0.57,batch_strength
SQuaD_MDS,batch_0.8,0.505,0.52,0.519,0.523,0.011,0.024,0.036,0.006,0.013,0.019,0.818,0.863,0.0,0.172,0.749,0.557,0.923,0.773,0.778,0.782,0.85,0.852,0.854,946.0,0.14,0.15,0.4,0.14,0.15,batch_strength
SQuaD_MDS_hybrid,batch_0.8,0.854,0.859,0.859,0.84,0.05,0.065,0.084,0.013,0.026,0.039,0.767,0.777,0.0,0.253,0.723,0.559,0.888,0.8,0.804,0.808,0.87,0.857,0.852,999.0,0.27,0.34,0.38,0.34,0.35,batch_strength
SSNMDI,batch_0.8,0.206,0.256,0.268,0.292,0.008,0.017,0.024,0.005,0.009,0.012,0.603,0.275,0.2,0.751,0.577,0.297,0.76,0.677,0.677,0.679,0.613,0.612,0.613,791.0,0.0,0.0,0.46,0.0,0.0,batch_strength
TSNE,batch_0.8,0.988,0.987,0.988,0.987,0.034,0.063,0.089,0.017,0.033,0.047,0.752,0.753,0.0,0.216,0.715,0.55,0.881,0.822,0.827,0.833,0.855,0.842,0.837,999.0,0.34,0.5,0.51,0.49,0.5,batch_strength
TriMap,batch_0.8,1.0,1.0,1.0,1.0,0.032,0.064,0.094,0.016,0.034,0.051,0.771,0.769,0.0,0.128,0.72,0.555,0.885,0.828,0.839,0.847,0.85,0.839,0.834,999.0,0.32,0.53,0.6,0.54,0.53,batch_strength
UMAP,batch_0.8,0.932,0.933,0.935,0.883,0.036,0.059,0.078,0.017,0.03,0.04,0.758,0.762,0.2,0.421,0.715,0.539,0.89,0.803,0.807,0.809,0.857,0.836,0.826,999.0,0.34,0.45,0.44,0.45,0.46,batch_strength
VAE,batch_0.8,0.958,0.957,0.956,0.959,0.032,0.057,0.083,0.016,0.029,0.043,0.689,0.52,0.0,0.172,0.652,0.459,0.83,0.821,0.823,0.827,0.806,0.788,0.777,956.0,0.35,0.47,0.43,0.46,0.48,batch_strength
ZIFA,batch_0.8,0.684,0.695,0.703,0.714,0.021,0.038,0.053,0.011,0.019,0.027,0.713,0.572,0.0,0.178,0.672,0.424,0.836,0.788,0.79,0.792,0.808,0.783,0.772,793.0,0.28,0.45,0.74,0.45,0.45,batch_strength
ivis,batch_0.8,0.302,0.32,0.34,0.351,0.011,0.022,0.032,0.005,0.011,0.016,0.771,0.769,0.6,0.894,0.707,0.513,0.901,0.758,0.761,0.765,0.762,0.767,0.771,999.0,0.01,0.02,0.42,0.02,0.02,batch_strength
pCMF,batch_0.8,0.245,0.254,0.266,0.312,0.01,0.022,0.031,0.005,0.011,0.016,0.754,0.764,0.2,0.925,0.704,0.518,0.89,0.755,0.76,0.763,0.779,0.785,0.788,999.0,0.0,0.01,0.34,0.01,0.01,batch_strength
scGAE,batch_0.8,0.253,0.282,0.29,0.314,0.01,0.021,0.032,0.005,0.011,0.018,0.698,0.532,0.4,0.527,0.646,0.379,0.822,0.758,0.761,0.763,0.549,0.562,0.572,791.0,0.01,0.01,0.51,0.01,0.01,batch_strength
scGBM,batch_0.8,0.685,0.696,0.701,0.715,0.02,0.036,0.053,0.01,0.019,0.028,0.807,0.839,0.0,0.234,0.733,0.539,0.929,0.784,0.791,0.795,0.831,0.822,0.819,999.0,0.31,0.45,0.65,0.45,0.45,batch_strength
scScope,batch_0.8,0.258,0.263,0.282,0.303,0.009,0.02,0.03,0.005,0.01,0.016,0.758,0.753,0.6,0.938,0.698,0.512,0.884,0.753,0.757,0.76,0.764,0.77,0.774,999.0,-0.0,0.0,0.37,0.0,0.0,batch_strength
scvis,batch_0.8,0.54,0.54,0.548,0.545,0.016,0.026,0.039,0.008,0.014,0.021,0.792,0.813,0.2,0.415,0.735,0.577,0.893,0.776,0.779,0.783,0.82,0.822,0.824,999.0,0.14,0.27,0.75,0.29,0.25,batch_strength
tGPLVM,batch_0.8,0.263,0.285,0.308,0.306,0.011,0.022,0.031,0.006,0.011,0.016,0.799,0.807,0.6,0.919,0.715,0.507,0.923,0.754,0.759,0.761,0.752,0.755,0.758,999.0,0.01,0.01,0.39,0.01,0.01,batch_strength
VASC,batch_0.8,0.412,0.424,0.428,0.303,0.031,0.056,0.081,0.016,0.03,0.044,0.79,0.79,0.4,0.857,,,,0.77,0.777,0.785,0.754,0.765,0.775,,0.06,0.12,0.47,0.12,0.12,batch_strength
DRA,batch_1.0,0.251,0.248,0.262,0.296,0.006,0.01,0.015,0.003,0.005,0.008,0.505,-0.003,0.2,0.689,0.5,0.06,0.559,0.5,0.501,0.502,0.497,0.498,0.499,239.0,0.0,0.0,0.35,0.0,0.0,batch_strength
DREAM,batch_1.0,0.23,0.239,0.242,0.294,0.011,0.021,0.031,0.006,0.011,0.016,0.761,0.747,0.6,0.894,0.693,0.499,0.887,0.753,0.756,0.76,0.771,0.768,0.767,998.0,-0.0,0.0,0.4,0.0,0.0,batch_strength
EDGE,batch_1.0,0.726,0.731,0.732,0.718,0.021,0.038,0.054,0.01,0.019,0.028,0.754,0.758,0.2,0.409,0.706,0.526,0.887,0.784,0.786,0.789,0.818,0.813,0.81,999.0,0.23,0.26,0.42,0.26,0.27,batch_strength
GLMPCA,batch_1.0,0.242,0.249,0.27,0.32,0.01,0.019,0.03,0.005,0.01,0.015,0.812,0.841,0.6,0.944,0.723,0.508,0.938,0.756,0.758,0.761,0.752,0.758,0.763,999.0,0.0,0.0,0.55,0.0,0.0,batch_strength
PCA,batch_1.0,0.726,0.742,0.746,0.734,0.018,0.034,0.048,0.009,0.018,0.025,0.772,0.782,0.0,0.539,0.715,0.535,0.896,0.787,0.791,0.795,0.82,0.814,0.811,999.0,0.31,0.42,0.51,0.41,0.42,batch_strength
PHATE,batch_1.0,0.99,0.988,0.988,0.979,0.028,0.052,0.075,0.014,0.027,0.039,0.767,0.768,0.2,0.29,0.717,0.545,0.89,0.811,0.816,0.821,0.852,0.84,0.834,999.0,0.38,0.55,0.66,0.54,0.56,batch_strength
PaCMAP,batch_1.0,0.245,0.254,0.268,0.287,0.008,0.016,0.023,0.004,0.008,0.012,0.56,0.185,0.4,0.819,0.546,0.312,0.78,0.639,0.635,0.629,0.558,0.565,0.566,997.0,0.0,0.0,0.61,0.0,0.0,batch_strength
ParametricUMAP200,batch_1.0,0.94,0.944,0.944,0.668,0.035,0.057,0.075,0.016,0.027,0.037,0.766,0.775,0.4,0.857,0.717,0.54,0.894,0.807,0.811,0.814,0.851,0.829,0.818,999.0,0.34,0.46,0.5,0.46,0.47,batch_strength
ParametricUMAP50,batch_1.0,0.948,0.948,0.947,0.784,0.032,0.056,0.075,0.016,0.028,0.038,0.763,0.761,0.4,0.745,0.714,0.541,0.887,0.805,0.809,0.813,0.851,0.829,0.818,999.0,0.34,0.46,0.49,0.45,0.46,batch_strength
SAUCIE,batch_1.0,0.29,0.299,0.318,0.32,0.011,0.022,0.031,0.006,0.012,0.017,0.57,0.201,0.4,0.589,0.566,0.214,0.675,0.759,0.761,0.763,0.365,0.395,0.415,474.0,0.01,0.02,0.41,0.02,0.02,batch_strength
SCDRHA,batch_1.0,0.81,0.806,0.796,0.301,0.024,0.043,0.059,0.012,0.022,0.031,0.748,0.76,0.4,0.925,0.707,0.53,0.884,0.796,0.797,0.8,0.772,0.77,0.77,999.0,0.21,0.35,0.66,0.35,0.35,batch_strength
SIMLR,batch_1.0,0.991,0.989,0.989,0.982,0.04,0.063,0.08,0.021,0.036,0.046,0.728,0.725,0.8,0.813,0.691,0.501,0.881,0.824,0.826,0.828,0.793,0.781,0.775,999.0,0.3,0.5,0.64,0.51,0.5,batch_strength
SPDR,batch_1.0,1.0,1.0,1.0,1.0,0.033,0.065,0.098,0.018,0.035,0.054,0.76,0.767,0.0,0.303,0.723,0.561,0.886,0.825,0.837,0.848,0.853,0.842,0.837,999.0,0.38,0.57,0.61,0.56,0.57,batch_strength
SQuaD_MDS,batch_1.0,0.478,0.488,0.493,0.496,0.012,0.022,0.034,0.006,0.012,0.018,0.825,0.862,0.0,0.259,0.748,0.578,0.92,0.77,0.775,0.779,0.851,0.85,0.852,999.0,0.13,0.14,0.4,0.13,0.14,batch_strength
SQuaD_MDS_hybrid,batch_1.0,0.824,0.825,0.833,0.767,0.044,0.06,0.079,0.013,0.025,0.037,0.772,0.773,0.2,0.626,0.722,0.557,0.888,0.796,0.799,0.803,0.865,0.854,0.85,999.0,0.26,0.31,0.39,0.31,0.31,batch_strength
SSNMDI,batch_1.0,0.227,0.256,0.261,0.298,0.009,0.017,0.025,0.005,0.009,0.013,0.572,0.222,0.0,0.583,0.565,0.295,0.753,0.673,0.677,0.679,0.579,0.582,0.586,821.0,-0.0,0.0,0.47,0.0,0.0,batch_strength
TSNE,batch_1.0,0.943,0.943,0.945,0.943,0.033,0.058,0.081,0.017,0.03,0.042,0.754,0.765,0.0,0.309,0.715,0.547,0.884,0.815,0.819,0.824,0.849,0.839,0.834,999.0,0.31,0.43,0.48,0.42,0.43,batch_strength
TriMap,batch_1.0,1.0,1.0,1.0,1.0,0.031,0.062,0.091,0.016,0.032,0.049,0.757,0.754,0.0,0.16,0.716,0.552,0.882,0.826,0.837,0.845,0.844,0.833,0.828,999.0,0.35,0.55,0.59,0.55,0.55,batch_strength
UMAP,batch_1.0,0.89,0.898,0.898,0.875,0.034,0.057,0.075,0.015,0.028,0.038,0.761,0.754,0.0,0.57,0.711,0.536,0.887,0.799,0.803,0.806,0.851,0.83,0.82,999.0,0.33,0.43,0.46,0.43,0.44,batch_strength
VAE,batch_1.0,0.962,0.956,0.954,0.954,0.031,0.056,0.078,0.015,0.029,0.04,0.683,0.514,0.2,0.583,0.652,0.448,0.825,0.818,0.82,0.823,0.772,0.765,0.759,915.0,0.29,0.42,0.46,0.41,0.42,batch_strength
ZIFA,batch_1.0,0.744,0.754,0.767,0.751,0.02,0.038,0.055,0.01,0.019,0.028,0.723,0.636,0.0,0.253,0.686,0.449,0.851,0.789,0.792,0.795,0.824,0.807,0.798,821.0,0.31,0.5,0.71,0.5,0.49,batch_strength
ivis,batch_1.0,0.291,0.301,0.302,0.301,0.011,0.021,0.033,0.006,0.011,0.017,0.77,0.782,0.4,0.925,0.704,0.508,0.901,0.757,0.76,0.764,0.761,0.762,0.765,999.0,0.02,0.02,0.4,0.02,0.02,batch_strength
pCMF,batch_1.0,0.307,0.331,0.355,0.353,0.01,0.02,0.029,0.005,0.01,0.015,0.738,0.747,0.2,0.633,0.694,0.503,0.886,0.755,0.759,0.762,0.737,0.747,0.752,999.0,0.02,0.02,0.34,0.02,0.02,batch_strength
scGAE,batch_1.0,0.283,0.298,0.313,0.323,0.01,0.021,0.03,0.006,0.012,0.017,0.685,0.569,0.4,0.645,0.657,0.434,0.831,0.759,0.761,0.764,0.6,0.616,0.629,875.0,0.01,0.02,0.5,0.02,0.02,batch_strength
scGBM,batch_1.0,0.691,0.704,0.705,0.713,0.019,0.036,0.053,0.01,0.019,0.027,0.812,0.839,0.0,0.284,0.733,0.537,0.929,0.785,0.789,0.792,0.833,0.826,0.822,999.0,0.3,0.41,0.62,0.4,0.41,batch_strength
scScope,batch_1.0,0.273,0.297,0.284,0.296,0.011,0.021,0.031,0.006,0.011,0.016,0.756,0.764,0.2,0.782,0.698,0.507,0.889,0.755,0.757,0.761,0.783,0.781,0.782,999.0,0.0,0.0,0.37,0.0,0.0,batch_strength
scvis,batch_1.0,0.846,0.86,0.858,0.844,0.019,0.035,0.054,0.01,0.019,0.03,0.796,0.805,0.2,0.67,0.743,0.596,0.89,0.799,0.804,0.809,0.873,0.871,0.871,997.0,0.27,0.39,0.47,0.39,0.38,batch_strength
tGPLVM,batch_1.0,0.306,0.312,0.314,0.3,0.01,0.021,0.032,0.005,0.011,0.017,0.8,0.823,0.6,0.888,0.718,0.507,0.93,0.756,0.76,0.764,0.737,0.742,0.746,999.0,0.01,0.01,0.42,0.01,0.01,batch_strength
VASC,batch_1.0,0.314,0.353,0.354,0.303,0.027,0.05,0.077,0.014,0.027,0.042,0.793,0.817,0.6,0.944,,,,0.766,0.775,0.785,0.776,0.779,0.786,,0.03,0.06,0.48,0.06,0.06,batch_strength
DRA,de_prob_0.05,0.241,0.26,0.264,0.288,0.005,0.01,0.016,0.002,0.005,0.008,0.509,0.041,0.4,0.819,0.504,0.139,0.639,0.502,0.5,0.504,0.522,0.512,0.51,541.0,-0.0,0.0,0.32,0.0,0.0,de_prob
DREAM,de_prob_0.05,0.256,0.285,0.289,0.286,0.006,0.011,0.015,0.003,0.006,0.008,0.519,0.029,0.4,0.801,0.506,0.25,0.753,0.502,0.505,0.506,0.519,0.519,0.518,980.0,0.0,0.0,0.3,0.0,0.0,de_prob
EDGE,de_prob_0.05,0.489,0.508,0.517,0.524,0.008,0.014,0.021,0.004,0.007,0.011,0.515,0.039,0.2,0.695,0.511,0.131,0.627,0.521,0.523,0.524,0.594,0.581,0.572,466.0,0.12,0.13,0.34,0.13,0.14,de_prob
GLMPCA,de_prob_0.05,0.787,0.799,0.812,0.812,0.009,0.018,0.026,0.005,0.01,0.014,0.569,0.159,0.2,0.303,0.542,0.195,0.683,0.558,0.561,0.563,0.665,0.665,0.66,580.0,0.7,0.69,0.42,0.68,0.7,de_prob
PCA,de_prob_0.05,0.95,0.952,0.951,0.947,0.01,0.021,0.03,0.005,0.011,0.016,0.546,0.108,0.0,0.353,0.535,0.155,0.633,0.571,0.574,0.577,0.68,0.664,0.65,412.0,0.94,0.91,0.64,0.91,0.91,de_prob
PHATE,de_prob_0.05,0.998,0.998,0.998,0.998,0.012,0.023,0.033,0.007,0.012,0.018,0.542,0.081,0.0,0.595,0.535,0.153,0.618,0.581,0.587,0.594,0.663,0.649,0.64,356.0,0.99,0.99,0.78,0.99,0.99,de_prob
PaCMAP,de_prob_0.05,0.25,0.249,0.256,0.301,0.005,0.011,0.016,0.003,0.005,0.008,0.496,-0.0,0.6,0.614,0.5,0.18,0.681,0.5,0.498,0.499,0.515,0.515,0.515,722.0,-0.0,0.0,0.93,0.0,0.0,de_prob
ParametricUMAP200,de_prob_0.05,0.912,0.918,0.919,0.918,0.017,0.027,0.034,0.008,0.013,0.017,0.53,0.085,0.2,0.626,0.53,0.155,0.633,0.566,0.57,0.572,0.658,0.613,0.588,433.0,0.74,0.72,0.47,0.71,0.73,de_prob
ParametricUMAP50,de_prob_0.05,0.926,0.932,0.932,0.933,0.018,0.027,0.035,0.009,0.014,0.018,0.531,0.077,0.2,0.62,0.531,0.148,0.628,0.57,0.574,0.575,0.655,0.611,0.587,403.0,0.79,0.78,0.5,0.76,0.79,de_prob
SAUCIE,de_prob_0.05,0.24,0.273,0.272,0.307,0.004,0.009,0.015,0.002,0.005,0.008,0.516,0.072,0.0,0.334,0.511,0.381,0.907,0.506,0.51,0.512,0.208,0.234,0.25,1504.0,-0.0,0.0,0.43,0.0,0.0,de_prob
SCDRHA,de_prob_0.05,0.909,0.898,0.866,0.905,0.009,0.017,0.023,0.005,0.009,0.013,0.517,0.111,0.2,0.371,0.514,0.38,0.894,0.566,0.564,0.559,0.359,0.365,0.368,1475.0,0.18,0.28,0.43,0.28,0.29,de_prob
SIMLR,de_prob_0.05,0.975,0.976,0.975,0.975,0.017,0.028,0.037,0.01,0.016,0.022,0.436,-0.228,0.2,0.633,0.47,0.049,0.491,0.593,0.593,0.593,0.477,0.464,0.454,98.0,0.66,0.69,0.5,0.68,0.7,de_prob
SPDR,de_prob_0.05,1.0,1.0,1.0,1.0,0.014,0.029,0.042,0.009,0.016,0.023,0.536,0.092,0.0,0.508,0.541,0.157,0.593,0.602,0.612,0.624,0.657,0.645,0.634,240.0,1.0,1.0,0.88,1.0,1.0,de_prob
SQuaD_MDS,de_prob_0.05,0.607,0.63,0.638,0.642,0.006,0.012,0.019,0.003,0.007,0.01,0.659,0.491,0.0,0.259,0.594,0.307,0.811,0.541,0.545,0.55,0.73,0.73,0.729,859.0,0.25,0.29,0.31,0.28,0.3,de_prob
SQuaD_MDS_hybrid,de_prob_0.05,0.566,0.577,0.581,0.587,0.017,0.024,0.031,0.006,0.011,0.015,0.568,0.217,0.4,0.745,0.545,0.221,0.706,0.527,0.528,0.532,0.71,0.709,0.709,664.0,0.08,0.09,0.32,0.09,0.09,de_prob
SSNMDI,de_prob_0.05,0.246,0.251,0.276,0.287,0.005,0.01,0.014,0.002,0.005,0.007,0.505,-0.001,0.4,0.577,0.501,0.199,0.699,0.5,0.501,0.503,0.484,0.494,0.499,792.0,0.0,0.0,0.44,0.0,0.0,de_prob
TSNE,de_prob_0.05,0.999,0.999,0.999,0.999,0.015,0.026,0.037,0.009,0.014,0.02,0.549,0.116,0.2,0.838,0.544,0.143,0.601,0.61,0.614,0.62,0.683,0.662,0.649,249.0,1.0,1.0,0.83,1.0,1.0,de_prob
TriMap,de_prob_0.05,1.0,1.0,1.0,1.0,0.013,0.025,0.039,0.008,0.014,0.021,0.542,0.131,0.0,0.508,0.546,0.151,0.602,0.602,0.615,0.627,0.662,0.65,0.639,249.0,1.0,1.0,0.86,1.0,1.0,de_prob
UMAP,de_prob_0.05,0.431,0.456,0.465,0.472,0.011,0.018,0.024,0.006,0.009,0.012,0.501,0.028,0.0,0.409,0.506,0.058,0.551,0.511,0.511,0.515,0.581,0.576,0.567,184.0,0.11,0.12,0.34,0.12,0.13,de_prob
VAE,de_prob_0.05,0.949,0.949,0.947,0.95,0.014,0.026,0.035,0.008,0.013,0.019,0.541,0.127,0.2,0.757,0.54,0.121,0.598,0.598,0.593,0.596,0.649,0.646,0.64,247.0,0.8,0.77,0.47,0.75,0.78,de_prob
ZIFA,de_prob_0.05,0.944,0.946,0.949,0.951,0.01,0.02,0.03,0.005,0.011,0.015,0.544,0.087,0.0,0.384,0.532,0.155,0.63,0.566,0.571,0.573,0.668,0.656,0.644,412.0,0.94,0.91,0.64,0.91,0.91,de_prob
ivis,de_prob_0.05,0.263,0.261,0.286,0.32,0.005,0.01,0.016,0.003,0.005,0.008,0.517,0.085,0.2,0.508,0.513,0.305,0.808,0.514,0.517,0.521,0.483,0.506,0.517,1173.0,0.0,0.01,0.51,0.01,0.01,de_prob
pCMF,de_prob_0.05,0.224,0.234,0.264,0.301,0.005,0.009,0.015,0.003,0.005,0.007,0.494,-0.076,0.0,0.577,0.495,0.097,0.591,0.507,0.505,0.506,0.481,0.493,0.498,388.0,0.0,0.0,0.01,0.01,0.0,de_prob
scGAE,de_prob_0.05,0.253,0.262,0.28,0.306,0.005,0.01,0.015,0.003,0.006,0.008,0.494,0.053,0.4,0.496,0.494,0.379,0.908,0.511,0.51,0.512,0.367,0.376,0.383,1565.0,0.0,0.0,0.48,0.0,0.01,de_prob
scGBM,de_prob_0.05,0.872,0.875,0.877,0.88,0.01,0.02,0.028,0.005,0.01,0.014,0.552,0.147,0.0,0.228,0.54,0.166,0.649,0.561,0.565,0.569,0.681,0.668,0.656,454.0,0.68,0.74,0.45,0.73,0.75,de_prob
scScope,de_prob_0.05,0.248,0.274,0.281,0.296,0.004,0.01,0.015,0.002,0.005,0.008,0.512,0.02,0.4,0.639,0.505,0.289,0.793,0.503,0.503,0.504,0.508,0.504,0.502,1144.0,0.0,0.0,0.36,0.0,0.0,de_prob
scvis,de_prob_0.05,0.22,0.249,0.269,0.301,0.005,0.01,0.015,0.003,0.006,0.009,0.601,0.344,0.2,0.377,0.568,0.356,0.868,0.506,0.506,0.507,0.459,0.465,0.47,1169.0,0.0,0.0,0.84,0.01,0.0,de_prob
tGPLVM,de_prob_0.05,0.234,0.265,0.253,0.308,0.005,0.01,0.015,0.003,0.005,0.008,0.5,0.01,0.2,0.346,0.501,0.019,0.519,0.505,0.504,0.504,0.517,0.516,0.517,73.0,0.0,0.0,0.31,0.0,0.0,de_prob
VASC,de_prob_0.05,0.188,0.188,0.188,0.303,0.046,0.04,0.057,0.024,0.021,0.029,0.493,0.0,0.0,0.465,,,,0.542,0.559,0.538,0.555,0.555,0.554,,0.0,0.0,0.0,1.0,0.0,de_prob
DRA,de_prob_0.15,0.236,0.239,0.247,0.298,0.006,0.01,0.016,0.003,0.005,0.008,0.491,0.034,0.6,0.651,0.501,0.091,0.591,0.499,0.503,0.504,0.488,0.502,0.506,359.0,-0.0,0.0,0.33,0.0,0.0,de_prob
DREAM,de_prob_0.15,0.63,0.657,0.662,0.675,0.012,0.022,0.033,0.006,0.011,0.017,0.552,0.106,0.6,0.608,0.544,0.17,0.645,0.586,0.589,0.592,0.707,0.695,0.688,425.0,0.32,0.36,0.34,0.35,0.36,de_prob
EDGE,de_prob_0.15,0.992,0.992,0.99,0.991,0.021,0.041,0.06,0.011,0.022,0.031,0.595,0.218,0.8,0.77,0.589,0.248,0.676,0.69,0.694,0.696,0.823,0.815,0.808,409.0,0.98,0.97,0.59,0.97,0.97,de_prob
GLMPCA,de_prob_0.15,0.989,0.988,0.987,0.988,0.021,0.04,0.058,0.011,0.021,0.03,0.616,0.292,0.6,0.857,0.604,0.251,0.69,0.69,0.698,0.702,0.841,0.831,0.825,391.0,0.97,0.94,0.62,0.94,0.95,de_prob
PCA,de_prob_0.15,0.925,0.928,0.93,0.928,0.02,0.037,0.054,0.01,0.019,0.028,0.601,0.23,0.4,0.77,0.593,0.243,0.678,0.673,0.677,0.679,0.837,0.827,0.82,390.0,0.79,0.88,0.69,0.87,0.89,de_prob
PHATE,de_prob_0.15,1.0,1.0,1.0,1.0,0.018,0.039,0.058,0.01,0.02,0.03,0.587,0.207,0.8,0.907,0.586,0.236,0.667,0.691,0.693,0.694,0.832,0.816,0.806,377.0,1.0,1.0,0.95,1.0,1.0,de_prob
PaCMAP,de_prob_0.15,0.253,0.252,0.266,0.301,0.006,0.01,0.014,0.003,0.005,0.007,0.497,-0.0,0.0,0.514,0.499,0.174,0.677,0.501,0.498,0.497,0.497,0.498,0.5,707.0,-0.0,0.0,0.94,0.0,0.0,de_prob
ParametricUMAP200,de_prob_0.15,1.0,1.0,0.999,1.0,0.028,0.048,0.067,0.012,0.023,0.034,0.584,0.201,1.0,0.9,0.586,0.25,0.668,0.692,0.697,0.7,0.861,0.84,0.825,392.0,1.0,1.0,0.85,1.0,1.0,de_prob
ParametricUMAP50,de_prob_0.15,1.0,1.0,1.0,1.0,0.025,0.046,0.065,0.013,0.023,0.032,0.589,0.202,1.0,0.844,0.586,0.247,0.67,0.693,0.695,0.698,0.856,0.835,0.819,396.0,1.0,1.0,0.86,1.0,1.0,de_prob
SAUCIE,de_prob_0.15,0.26,0.285,0.296,0.322,0.005,0.01,0.015,0.003,0.005,0.008,0.521,0.096,0.4,0.714,0.51,0.379,0.903,0.509,0.51,0.511,0.256,0.281,0.3,1496.0,-0.0,0.0,0.41,0.0,0.0,de_prob
SCDRHA,de_prob_0.15,0.998,0.996,0.996,1.0,0.02,0.038,0.054,0.011,0.022,0.031,0.576,0.175,0.2,0.745,0.573,0.202,0.659,0.691,0.694,0.699,0.657,0.657,0.658,377.0,0.57,0.71,0.57,0.7,0.72,de_prob
SIMLR,de_prob_0.15,1.0,1.0,1.0,1.0,0.033,0.057,0.077,0.02,0.036,0.05,0.549,0.134,0.4,0.689,0.571,0.237,0.654,0.71,0.71,0.71,0.787,0.775,0.766,396.0,1.0,1.0,0.93,1.0,1.0,de_prob
SPDR,de_prob_0.15,1.0,1.0,1.0,1.0,0.027,0.052,0.077,0.014,0.029,0.044,0.584,0.199,0.4,0.427,0.602,0.266,0.65,0.716,0.725,0.736,0.872,0.858,0.846,248.0,1.0,1.0,0.89,1.0,1.0,de_prob
SQuaD_MDS,de_prob_0.15,0.657,0.673,0.679,0.682,0.01,0.019,0.029,0.005,0.01,0.016,0.684,0.524,0.6,0.776,0.62,0.316,0.802,0.607,0.61,0.614,0.775,0.777,0.78,748.0,0.31,0.35,0.31,0.34,0.36,de_prob
SQuaD_MDS_hybrid,de_prob_0.15,0.95,0.954,0.953,0.956,0.03,0.051,0.074,0.012,0.025,0.039,0.592,0.238,0.6,0.676,0.595,0.228,0.647,0.678,0.684,0.689,0.874,0.856,0.844,250.0,0.87,0.84,0.54,0.84,0.84,de_prob
SSNMDI,de_prob_0.15,0.232,0.254,0.274,0.295,0.006,0.01,0.015,0.003,0.005,0.008,0.504,0.012,0.0,0.085,0.5,0.169,0.67,0.503,0.505,0.504,0.494,0.495,0.496,678.0,0.0,0.0,0.63,0.0,0.0,de_prob
TSNE,de_prob_0.15,1.0,1.0,1.0,1.0,0.025,0.05,0.072,0.014,0.027,0.04,0.6,0.211,0.0,0.172,0.603,0.251,0.658,0.723,0.727,0.733,0.864,0.85,0.838,270.0,1.0,1.0,0.85,1.0,1.0,de_prob
TriMap,de_prob_0.15,1.0,1.0,1.0,1.0,0.024,0.05,0.075,0.013,0.028,0.043,0.604,0.255,0.6,0.801,0.611,0.267,0.664,0.716,0.727,0.738,0.873,0.856,0.845,268.0,1.0,1.0,0.88,1.0,1.0,de_prob
UMAP,de_prob_0.15,0.998,0.997,0.997,0.997,0.028,0.048,0.064,0.014,0.025,0.033,0.586,0.21,1.0,0.894,0.587,0.25,0.67,0.687,0.692,0.694,0.864,0.843,0.827,396.0,1.0,0.99,0.77,0.99,0.99,de_prob
VAE,de_prob_0.15,0.996,0.996,0.996,0.996,0.025,0.048,0.07,0.013,0.025,0.037,0.574,0.178,0.8,0.863,0.586,0.232,0.644,0.718,0.719,0.722,0.852,0.836,0.823,284.0,0.97,0.95,0.57,0.95,0.96,de_prob
ZIFA,de_prob_0.15,0.902,0.911,0.919,0.918,0.019,0.036,0.054,0.01,0.019,0.028,0.59,0.216,0.6,0.801,0.59,0.244,0.675,0.669,0.673,0.679,0.835,0.824,0.816,396.0,0.79,0.88,0.7,0.87,0.89,de_prob
ivis,de_prob_0.15,0.904,0.906,0.906,0.909,0.012,0.027,0.041,0.007,0.015,0.022,0.615,0.28,0.6,0.813,0.599,0.244,0.694,0.673,0.674,0.677,0.792,0.802,0.81,423.0,0.72,0.8,0.6,0.79,0.81,de_prob
pCMF,de_prob_0.15,0.248,0.266,0.276,0.304,0.005,0.011,0.016,0.003,0.005,0.008,0.51,-0.021,0.0,0.645,0.501,0.283,0.784,0.508,0.507,0.507,0.489,0.488,0.489,1131.0,0.0,0.0,0.18,0.01,0.0,de_prob
scGAE,de_prob_0.15,0.921,0.908,0.898,0.863,0.018,0.034,0.046,0.01,0.02,0.027,0.55,0.098,0.4,0.639,0.546,0.138,0.61,0.674,0.671,0.668,0.49,0.502,0.513,270.0,0.25,0.38,0.45,0.38,0.39,de_prob
scGBM,de_prob_0.15,0.896,0.901,0.904,0.901,0.02,0.037,0.053,0.01,0.019,0.028,0.609,0.254,0.6,0.9,0.597,0.24,0.685,0.67,0.677,0.68,0.838,0.829,0.822,391.0,0.79,0.88,0.63,0.87,0.89,de_prob
scScope,de_prob_0.15,0.304,0.325,0.321,0.344,0.005,0.009,0.015,0.003,0.005,0.008,0.516,0.059,0.2,0.465,0.51,0.145,0.648,0.506,0.507,0.509,0.528,0.529,0.53,551.0,0.01,0.01,0.35,0.01,0.01,de_prob
scvis,de_prob_0.15,0.287,0.31,0.33,0.356,0.005,0.008,0.012,0.002,0.004,0.006,0.54,0.092,0.2,0.564,0.512,0.275,0.783,0.516,0.519,0.52,0.398,0.431,0.449,1066.0,0.01,0.02,0.35,0.02,0.02,de_prob
tGPLVM,de_prob_0.15,0.998,0.998,0.997,0.997,0.022,0.041,0.059,0.011,0.021,0.03,0.6,0.242,0.6,0.875,0.597,0.254,0.682,0.691,0.696,0.701,0.834,0.823,0.816,397.0,1.0,0.99,0.87,0.99,0.99,de_prob
VASC,de_prob_0.15,0.188,0.188,0.188,0.303,0.029,0.024,0.048,0.015,0.012,0.025,0.493,0.0,0.0,0.035,,,,0.545,0.568,0.553,0.542,0.54,0.544,,0.0,0.0,0.0,1.0,0.0,de_prob
DRA,de_prob_0.2,0.236,0.258,0.263,0.293,0.005,0.01,0.015,0.002,0.005,0.008,0.51,0.057,0.6,0.421,0.504,0.296,0.797,0.5,0.503,0.505,0.509,0.507,0.509,1168.0,-0.0,0.0,0.33,0.0,0.0,de_prob
DREAM,de_prob_0.2,0.819,0.823,0.83,0.837,0.016,0.033,0.049,0.009,0.018,0.026,0.626,0.264,0.6,0.913,0.603,0.265,0.699,0.696,0.698,0.7,0.808,0.801,0.796,440.0,0.59,0.66,0.4,0.65,0.66,de_prob
EDGE,de_prob_0.2,0.999,0.999,0.999,0.999,0.025,0.05,0.073,0.013,0.026,0.038,0.631,0.324,0.8,0.894,0.635,0.322,0.712,0.764,0.769,0.774,0.874,0.872,0.87,396.0,1.0,1.0,0.77,1.0,1.0,de_prob
GLMPCA,de_prob_0.2,0.966,0.97,0.97,0.972,0.024,0.048,0.068,0.012,0.025,0.036,0.638,0.328,0.6,0.826,0.632,0.307,0.711,0.75,0.757,0.761,0.862,0.858,0.856,393.0,0.91,0.9,0.63,0.9,0.91,de_prob
PCA,de_prob_0.2,0.965,0.963,0.965,0.968,0.021,0.043,0.065,0.011,0.023,0.034,0.654,0.347,0.6,0.944,0.64,0.318,0.72,0.751,0.756,0.76,0.876,0.871,0.868,396.0,0.96,0.93,0.76,0.93,0.93,de_prob
PHATE,de_prob_0.2,1.0,1.0,1.0,1.0,0.025,0.047,0.067,0.013,0.024,0.035,0.62,0.304,0.8,0.875,0.627,0.311,0.706,0.762,0.764,0.766,0.866,0.863,0.861,397.0,1.0,1.0,0.98,1.0,1.0,de_prob
PaCMAP,de_prob_0.2,0.245,0.259,0.256,0.301,0.005,0.01,0.014,0.003,0.005,0.007,0.501,0.001,0.2,0.365,0.499,0.303,0.806,0.506,0.503,0.503,0.495,0.493,0.495,1219.0,-0.0,0.0,0.94,0.0,0.0,de_prob
ParametricUMAP200,de_prob_0.2,1.0,1.0,1.0,1.0,0.034,0.055,0.076,0.016,0.027,0.038,0.624,0.294,0.6,0.589,0.627,0.323,0.703,0.767,0.773,0.777,0.887,0.877,0.87,400.0,1.0,1.0,0.95,1.0,1.0,de_prob
ParametricUMAP50,de_prob_0.2,1.0,1.0,1.0,1.0,0.029,0.053,0.075,0.015,0.027,0.039,0.619,0.303,0.6,0.701,0.627,0.322,0.704,0.768,0.771,0.776,0.888,0.878,0.872,399.0,1.0,1.0,0.93,1.0,1.0,de_prob
SAUCIE,de_prob_0.2,0.278,0.316,0.335,0.364,0.005,0.011,0.016,0.003,0.006,0.008,0.52,0.078,0.4,0.446,0.511,0.398,0.915,0.516,0.518,0.52,0.278,0.307,0.327,1560.0,-0.0,0.01,0.43,0.01,0.01,de_prob
SCDRHA,de_prob_0.2,0.997,0.989,0.982,0.997,0.022,0.045,0.062,0.013,0.026,0.037,0.604,0.251,0.4,0.496,0.604,0.258,0.684,0.768,0.771,0.774,0.701,0.715,0.724,375.0,0.55,0.67,0.5,0.66,0.69,de_prob
SIMLR,de_prob_0.2,1.0,1.0,1.0,1.0,0.036,0.065,0.09,0.021,0.042,0.06,0.633,0.312,0.2,0.614,0.631,0.351,0.72,0.78,0.781,0.783,0.84,0.838,0.836,478.0,1.0,1.0,0.94,1.0,1.0,de_prob
SPDR,de_prob_0.2,1.0,1.0,1.0,1.0,0.029,0.059,0.091,0.016,0.033,0.052,0.626,0.296,0.4,0.695,0.648,0.345,0.694,0.786,0.795,0.805,0.92,0.915,0.911,262.0,1.0,1.0,0.88,1.0,1.0,de_prob
SQuaD_MDS,de_prob_0.2,0.729,0.728,0.737,0.738,0.013,0.027,0.04,0.007,0.015,0.022,0.699,0.569,0.6,0.882,0.647,0.31,0.786,0.665,0.67,0.672,0.8,0.804,0.807,584.0,0.37,0.41,0.32,0.4,0.42,de_prob
SQuaD_MDS_hybrid,de_prob_0.2,0.981,0.982,0.982,0.981,0.031,0.059,0.089,0.015,0.032,0.05,0.614,0.28,0.4,0.477,0.633,0.307,0.682,0.76,0.766,0.773,0.916,0.91,0.904,260.0,0.92,0.91,0.65,0.91,0.92,de_prob
SSNMDI,de_prob_0.2,0.244,0.262,0.278,0.301,0.005,0.008,0.014,0.002,0.004,0.007,0.502,0.001,0.0,0.178,0.499,0.039,0.538,0.503,0.503,0.506,0.476,0.487,0.491,156.0,0.0,0.0,0.64,0.0,0.0,de_prob
TSNE,de_prob_0.2,1.0,1.0,1.0,1.0,0.03,0.058,0.087,0.017,0.033,0.049,0.636,0.315,0.4,0.458,0.646,0.32,0.7,0.791,0.794,0.8,0.911,0.905,0.9,283.0,1.0,1.0,0.86,1.0,1.0,de_prob
TriMap,de_prob_0.2,1.0,1.0,1.0,1.0,0.028,0.057,0.087,0.016,0.032,0.05,0.637,0.348,0.6,0.882,0.655,0.342,0.704,0.79,0.8,0.809,0.915,0.91,0.906,272.0,1.0,1.0,0.89,1.0,1.0,de_prob
UMAP,de_prob_0.2,1.0,1.0,1.0,1.0,0.032,0.054,0.075,0.016,0.028,0.039,0.614,0.29,0.6,0.57,0.624,0.32,0.699,0.763,0.768,0.771,0.897,0.885,0.876,396.0,1.0,1.0,0.88,1.0,1.0,de_prob
VAE,de_prob_0.2,0.997,0.997,0.997,0.997,0.028,0.056,0.081,0.015,0.03,0.044,0.612,0.255,0.2,0.371,0.629,0.308,0.687,0.787,0.788,0.793,0.898,0.891,0.886,305.0,1.0,0.99,0.61,0.99,0.99,de_prob
ZIFA,de_prob_0.2,0.958,0.963,0.965,0.962,0.023,0.044,0.063,0.012,0.023,0.033,0.632,0.326,0.6,0.913,0.635,0.32,0.716,0.749,0.752,0.758,0.872,0.868,0.866,407.0,0.95,0.93,0.77,0.93,0.93,de_prob
ivis,de_prob_0.2,0.989,0.988,0.989,0.989,0.016,0.039,0.06,0.009,0.021,0.033,0.652,0.367,0.6,0.882,0.645,0.324,0.722,0.766,0.769,0.773,0.816,0.836,0.85,387.0,0.98,0.96,0.72,0.96,0.96,de_prob
pCMF,de_prob_0.2,0.238,0.252,0.267,0.298,0.005,0.01,0.015,0.002,0.005,0.007,0.486,-0.051,0.0,0.489,0.495,0.001,0.495,0.506,0.505,0.504,0.515,0.51,0.506,1.0,0.0,0.01,0.28,0.01,0.0,de_prob
scGAE,de_prob_0.2,0.901,0.879,0.866,0.864,0.02,0.035,0.049,0.011,0.02,0.029,0.556,0.132,0.4,0.932,0.56,0.188,0.646,0.732,0.727,0.724,0.419,0.443,0.459,376.0,0.17,0.31,0.46,0.3,0.31,de_prob
scGBM,de_prob_0.2,0.898,0.91,0.911,0.908,0.021,0.041,0.061,0.011,0.021,0.032,0.65,0.365,0.6,0.888,0.642,0.307,0.724,0.737,0.743,0.748,0.866,0.866,0.867,396.0,0.92,0.9,0.7,0.9,0.9,de_prob
scScope,de_prob_0.2,0.461,0.48,0.474,0.471,0.007,0.016,0.023,0.004,0.008,0.012,0.537,0.125,0.8,0.975,0.53,0.197,0.687,0.549,0.55,0.551,0.546,0.563,0.568,638.0,0.09,0.1,0.35,0.09,0.1,de_prob
scvis,de_prob_0.2,0.304,0.31,0.324,0.333,0.004,0.01,0.015,0.002,0.005,0.008,0.498,-0.002,0.0,0.097,0.503,0.401,0.918,0.521,0.518,0.515,0.206,0.249,0.277,1605.0,0.02,0.03,0.52,0.03,0.03,de_prob
tGPLVM,de_prob_0.2,1.0,1.0,1.0,1.0,0.025,0.049,0.072,0.013,0.025,0.038,0.636,0.325,0.8,0.894,0.637,0.326,0.714,0.767,0.77,0.773,0.885,0.878,0.875,396.0,1.0,1.0,0.94,1.0,1.0,de_prob
VASC,de_prob_0.2,0.188,0.188,0.188,0.303,0.035,0.031,0.048,0.018,0.016,0.025,0.499,0.0,0.0,0.415,,,,0.536,0.559,0.542,0.535,0.534,0.536,,0.0,0.0,0.0,1.0,0.0,de_prob
DRA,de_prob_0.25,0.242,0.256,0.273,0.283,0.004,0.01,0.015,0.002,0.005,0.008,0.501,0.044,0.2,0.209,0.502,0.269,0.769,0.5,0.503,0.506,0.507,0.509,0.511,1067.0,0.0,0.0,0.31,0.0,0.0,de_prob
DREAM,de_prob_0.25,0.833,0.838,0.835,0.844,0.018,0.036,0.053,0.009,0.019,0.028,0.625,0.287,0.6,0.9,0.615,0.281,0.705,0.721,0.723,0.726,0.821,0.82,0.82,421.0,0.61,0.68,0.42,0.67,0.69,de_prob
EDGE,de_prob_0.25,1.0,1.0,1.0,1.0,0.027,0.053,0.079,0.015,0.028,0.042,0.63,0.329,0.6,0.732,0.645,0.346,0.718,0.793,0.798,0.8,0.896,0.895,0.894,393.0,1.0,1.0,0.86,1.0,1.0,de_prob
GLMPCA,de_prob_0.25,0.967,0.966,0.97,0.968,0.026,0.048,0.07,0.013,0.025,0.037,0.667,0.406,0.8,0.919,0.66,0.345,0.738,0.783,0.786,0.791,0.891,0.892,0.892,396.0,0.96,0.94,0.7,0.94,0.94,de_prob
PCA,de_prob_0.25,0.977,0.98,0.981,0.98,0.026,0.05,0.073,0.014,0.026,0.038,0.659,0.372,0.6,0.913,0.653,0.345,0.729,0.78,0.787,0.79,0.895,0.895,0.894,395.0,0.98,0.96,0.78,0.96,0.96,de_prob
PHATE,de_prob_0.25,1.0,1.0,1.0,1.0,0.025,0.047,0.073,0.013,0.025,0.038,0.632,0.34,1.0,0.925,0.643,0.348,0.717,0.789,0.794,0.798,0.888,0.889,0.889,397.0,1.0,1.0,0.98,1.0,1.0,de_prob
PaCMAP,de_prob_0.25,0.243,0.268,0.275,0.301,0.005,0.01,0.015,0.003,0.005,0.008,0.494,-0.004,0.4,0.272,0.499,0.199,0.699,0.501,0.5,0.503,0.497,0.499,0.499,800.0,-0.0,0.0,0.94,0.0,0.0,de_prob
ParametricUMAP200,de_prob_0.25,1.0,1.0,1.0,1.0,0.033,0.059,0.08,0.017,0.029,0.041,0.622,0.317,0.4,0.695,0.64,0.347,0.712,0.794,0.796,0.798,0.9,0.891,0.887,396.0,1.0,1.0,0.97,1.0,1.0,de_prob
ParametricUMAP50,de_prob_0.25,1.0,1.0,1.0,1.0,0.032,0.056,0.08,0.016,0.028,0.04,0.62,0.327,0.8,0.857,0.643,0.347,0.716,0.795,0.798,0.802,0.896,0.889,0.886,395.0,1.0,1.0,0.96,1.0,1.0,de_prob
SAUCIE,de_prob_0.25,0.284,0.296,0.304,0.304,0.006,0.012,0.018,0.003,0.006,0.009,0.522,0.094,0.2,0.577,0.512,0.397,0.914,0.512,0.516,0.517,0.304,0.335,0.357,1553.0,0.01,0.01,0.42,0.01,0.01,de_prob
SCDRHA,de_prob_0.25,1.0,1.0,1.0,1.0,0.025,0.047,0.069,0.014,0.027,0.041,0.624,0.315,0.6,0.826,0.641,0.337,0.716,0.797,0.802,0.807,0.844,0.848,0.85,394.0,0.99,0.99,0.73,0.98,0.99,de_prob
SIMLR,de_prob_0.25,1.0,1.0,1.0,1.0,0.037,0.068,0.096,0.023,0.045,0.064,0.64,0.323,0.4,0.564,0.649,0.351,0.722,0.807,0.807,0.809,0.858,0.861,0.862,396.0,1.0,1.0,0.94,1.0,1.0,de_prob
SPDR,de_prob_0.25,1.0,1.0,1.0,1.0,0.031,0.065,0.1,0.018,0.038,0.06,0.636,0.323,0.4,0.508,0.661,0.384,0.707,0.811,0.82,0.829,0.939,0.937,0.935,280.0,1.0,1.0,0.89,1.0,1.0,de_prob
SQuaD_MDS,de_prob_0.25,0.774,0.776,0.787,0.785,0.017,0.032,0.046,0.008,0.017,0.025,0.703,0.59,0.2,0.844,0.659,0.306,0.778,0.695,0.698,0.703,0.817,0.821,0.825,502.0,0.41,0.46,0.32,0.45,0.47,de_prob
SQuaD_MDS_hybrid,de_prob_0.25,1.0,1.0,1.0,1.0,0.034,0.061,0.092,0.014,0.031,0.05,0.634,0.329,0.6,0.707,0.656,0.353,0.704,0.795,0.804,0.811,0.934,0.934,0.933,275.0,1.0,1.0,0.79,1.0,1.0,de_prob
SSNMDI,de_prob_0.25,0.229,0.256,0.264,0.301,0.006,0.011,0.016,0.003,0.006,0.008,0.509,0.005,0.0,0.116,0.5,0.39,0.892,0.503,0.504,0.506,0.501,0.5,0.502,1558.0,0.0,0.0,0.65,0.0,0.0,de_prob
TSNE,de_prob_0.25,1.0,1.0,1.0,1.0,0.032,0.062,0.092,0.018,0.035,0.053,0.65,0.345,0.2,0.247,0.66,0.358,0.712,0.815,0.819,0.826,0.931,0.93,0.927,296.0,1.0,1.0,0.85,1.0,1.0,de_prob
TriMap,de_prob_0.25,1.0,1.0,1.0,1.0,0.031,0.061,0.095,0.018,0.034,0.055,0.658,0.388,1.0,0.963,0.672,0.381,0.722,0.812,0.821,0.832,0.933,0.932,0.931,289.0,1.0,1.0,0.89,1.0,1.0,de_prob
UMAP,de_prob_0.25,1.0,1.0,1.0,1.0,0.032,0.058,0.08,0.017,0.03,0.041,0.623,0.315,0.2,0.334,0.641,0.341,0.715,0.791,0.794,0.796,0.899,0.896,0.892,396.0,1.0,1.0,0.94,1.0,1.0,de_prob
VAE,de_prob_0.25,1.0,1.0,1.0,1.0,0.031,0.06,0.088,0.016,0.032,0.048,0.629,0.291,0.8,0.838,0.642,0.339,0.696,0.815,0.816,0.819,0.922,0.919,0.916,303.0,0.98,0.97,0.6,0.97,0.98,de_prob
ZIFA,de_prob_0.25,0.97,0.972,0.972,0.97,0.023,0.047,0.07,0.013,0.024,0.037,0.64,0.353,0.6,0.925,0.648,0.338,0.724,0.779,0.783,0.786,0.893,0.892,0.891,394.0,0.96,0.94,0.77,0.94,0.94,de_prob
ivis,de_prob_0.25,0.996,0.994,0.994,0.996,0.022,0.044,0.07,0.013,0.024,0.038,0.661,0.395,0.8,0.9,0.659,0.354,0.732,0.792,0.798,0.803,0.844,0.861,0.872,386.0,0.99,0.98,0.75,0.97,0.98,de_prob
pCMF,de_prob_0.25,0.242,0.269,0.272,0.296,0.004,0.01,0.015,0.002,0.005,0.008,0.493,-0.082,0.2,0.097,0.495,0.03,0.525,0.507,0.507,0.509,0.492,0.489,0.491,121.0,0.0,0.0,0.54,0.0,0.0,de_prob
scGAE,de_prob_0.25,0.94,0.922,0.915,0.89,0.022,0.039,0.059,0.012,0.023,0.035,0.553,0.05,0.6,0.857,0.567,0.215,0.629,0.772,0.766,0.763,0.487,0.512,0.53,302.0,0.3,0.4,0.41,0.39,0.41,de_prob
scGBM,de_prob_0.25,0.956,0.959,0.958,0.956,0.023,0.048,0.07,0.012,0.026,0.037,0.667,0.393,0.6,0.913,0.657,0.339,0.735,0.773,0.778,0.782,0.889,0.89,0.891,396.0,0.95,0.93,0.72,0.93,0.93,de_prob
scScope,de_prob_0.25,0.658,0.672,0.673,0.662,0.013,0.025,0.037,0.007,0.013,0.019,0.6,0.257,0.2,0.689,0.583,0.246,0.713,0.632,0.632,0.634,0.736,0.738,0.74,555.0,0.34,0.4,0.41,0.4,0.41,de_prob
scvis,de_prob_0.25,0.348,0.368,0.363,0.391,0.006,0.013,0.019,0.003,0.007,0.01,0.544,0.146,0.4,0.651,0.524,0.219,0.717,0.528,0.53,0.533,0.512,0.518,0.522,775.0,0.02,0.04,0.35,0.04,0.04,de_prob
tGPLVM,de_prob_0.25,1.0,1.0,1.0,1.0,0.026,0.052,0.076,0.014,0.027,0.04,0.637,0.353,0.8,0.932,0.651,0.35,0.725,0.79,0.795,0.798,0.9,0.898,0.896,395.0,1.0,1.0,0.95,1.0,1.0,de_prob
VASC,de_prob_0.25,0.188,0.188,0.188,0.303,0.017,0.017,0.041,0.009,0.009,0.021,0.491,0.0,0.0,0.135,,,,0.542,0.548,0.54,0.527,0.523,0.521,,0.0,0.0,0.0,1.0,0.0,de_prob
DRA,de_prob_0.3,0.23,0.259,0.264,0.294,0.005,0.01,0.014,0.003,0.005,0.007,0.499,0.056,0.8,0.502,0.503,0.366,0.867,0.499,0.503,0.504,0.495,0.5,0.504,1452.0,-0.0,0.0,0.32,0.0,0.0,de_prob
DREAM,de_prob_0.3,0.86,0.86,0.866,0.869,0.018,0.037,0.057,0.01,0.019,0.03,0.629,0.322,0.6,0.956,0.634,0.319,0.717,0.753,0.755,0.757,0.854,0.853,0.853,418.0,0.7,0.76,0.46,0.76,0.77,de_prob
EDGE,de_prob_0.3,1.0,1.0,1.0,1.0,0.027,0.052,0.079,0.014,0.027,0.042,0.651,0.377,1.0,0.888,0.661,0.376,0.731,0.816,0.821,0.824,0.893,0.898,0.901,396.0,1.0,1.0,0.85,1.0,1.0,de_prob
GLMPCA,de_prob_0.3,0.95,0.949,0.951,0.951,0.021,0.047,0.068,0.011,0.025,0.036,0.681,0.432,0.4,0.838,0.671,0.362,0.748,0.796,0.8,0.804,0.886,0.888,0.891,394.0,0.95,0.92,0.71,0.92,0.92,de_prob
PCA,de_prob_0.3,0.978,0.98,0.98,0.981,0.025,0.051,0.075,0.014,0.027,0.04,0.661,0.401,0.6,0.913,0.666,0.372,0.738,0.806,0.811,0.816,0.895,0.896,0.898,393.0,0.97,0.96,0.79,0.95,0.96,de_prob
PHATE,de_prob_0.3,1.0,1.0,1.0,1.0,0.026,0.05,0.074,0.014,0.026,0.039,0.643,0.378,0.8,0.863,0.656,0.365,0.728,0.815,0.818,0.821,0.888,0.889,0.891,396.0,1.0,1.0,0.98,1.0,1.0,de_prob
PaCMAP,de_prob_0.3,0.256,0.254,0.268,0.301,0.004,0.01,0.015,0.002,0.005,0.008,0.494,0.001,0.2,0.489,0.5,0.338,0.841,0.502,0.502,0.503,0.496,0.497,0.498,1355.0,-0.0,0.0,0.94,0.0,0.0,de_prob
ParametricUMAP200,de_prob_0.3,1.0,1.0,1.0,1.0,0.032,0.056,0.08,0.016,0.028,0.041,0.644,0.373,0.6,0.838,0.657,0.374,0.727,0.819,0.823,0.827,0.901,0.895,0.894,396.0,1.0,1.0,0.98,1.0,1.0,de_prob
ParametricUMAP50,de_prob_0.3,1.0,1.0,1.0,1.0,0.033,0.057,0.08,0.017,0.029,0.041,0.636,0.36,0.6,0.732,0.656,0.373,0.726,0.816,0.821,0.825,0.894,0.892,0.892,396.0,1.0,1.0,0.97,1.0,1.0,de_prob
SAUCIE,de_prob_0.3,0.395,0.405,0.412,0.45,0.006,0.013,0.019,0.003,0.007,0.01,0.524,0.116,0.4,0.602,0.514,0.396,0.91,0.549,0.55,0.549,0.28,0.317,0.342,1538.0,0.0,0.0,0.42,0.0,0.0,de_prob
SCDRHA,de_prob_0.3,0.999,0.997,0.993,0.998,0.025,0.05,0.07,0.014,0.029,0.041,0.611,0.287,0.4,0.689,0.615,0.264,0.676,0.82,0.821,0.819,0.699,0.71,0.719,297.0,0.37,0.54,0.45,0.54,0.54,de_prob
SIMLR,de_prob_0.3,1.0,1.0,1.0,1.0,0.04,0.071,0.098,0.024,0.047,0.067,0.663,0.375,0.2,0.651,0.667,0.385,0.737,0.83,0.831,0.834,0.856,0.861,0.865,396.0,1.0,1.0,0.94,1.0,1.0,de_prob
SPDR,de_prob_0.3,1.0,1.0,1.0,1.0,0.032,0.066,0.1,0.019,0.038,0.059,0.637,0.371,0.2,0.62,0.678,0.404,0.722,0.834,0.842,0.85,0.941,0.942,0.943,277.0,1.0,1.0,0.88,1.0,1.0,de_prob
SQuaD_MDS,de_prob_0.3,0.77,0.776,0.778,0.775,0.014,0.03,0.045,0.008,0.017,0.025,0.71,0.58,0.6,0.863,0.662,0.294,0.768,0.706,0.709,0.713,0.814,0.818,0.823,447.0,0.38,0.42,0.32,0.41,0.43,de_prob
SQuaD_MDS_hybrid,de_prob_0.3,1.0,1.0,1.0,1.0,0.035,0.064,0.096,0.016,0.035,0.055,0.637,0.357,0.2,0.34,0.668,0.373,0.717,0.819,0.826,0.832,0.938,0.94,0.941,281.0,1.0,1.0,0.82,1.0,1.0,de_prob
SSNMDI,de_prob_0.3,0.249,0.253,0.262,0.301,0.005,0.009,0.014,0.003,0.005,0.008,0.492,0.012,0.2,0.153,0.5,0.149,0.649,0.499,0.503,0.506,0.497,0.499,0.5,594.0,0.0,0.0,0.65,0.0,0.0,de_prob
TSNE,de_prob_0.3,1.0,1.0,1.0,1.0,0.032,0.062,0.094,0.018,0.035,0.054,0.652,0.353,0.2,0.265,0.671,0.378,0.722,0.837,0.843,0.849,0.933,0.933,0.933,292.0,1.0,1.0,0.85,1.0,1.0,de_prob
TriMap,de_prob_0.3,1.0,1.0,1.0,1.0,0.03,0.061,0.097,0.017,0.035,0.056,0.668,0.419,0.6,0.851,0.687,0.421,0.737,0.836,0.845,0.853,0.933,0.935,0.936,313.0,1.0,1.0,0.89,1.0,1.0,de_prob
UMAP,de_prob_0.3,1.0,1.0,1.0,1.0,0.031,0.056,0.08,0.017,0.029,0.042,0.637,0.349,0.4,0.539,0.655,0.373,0.725,0.816,0.819,0.822,0.903,0.903,0.902,396.0,1.0,1.0,0.95,1.0,1.0,de_prob
VAE,de_prob_0.3,1.0,1.0,1.0,1.0,0.031,0.058,0.089,0.017,0.032,0.049,0.629,0.325,0.2,0.639,0.655,0.387,0.714,0.837,0.838,0.842,0.915,0.915,0.914,357.0,1.0,1.0,0.63,1.0,1.0,de_prob
ZIFA,de_prob_0.3,0.987,0.986,0.988,0.988,0.026,0.052,0.077,0.014,0.027,0.041,0.65,0.388,0.6,0.894,0.663,0.377,0.734,0.808,0.814,0.82,0.896,0.898,0.9,396.0,0.98,0.97,0.81,0.97,0.97,de_prob
ivis,de_prob_0.3,1.0,0.999,0.999,0.999,0.022,0.045,0.071,0.012,0.024,0.039,0.665,0.408,0.6,0.826,0.671,0.393,0.74,0.818,0.823,0.828,0.846,0.866,0.879,394.0,0.99,0.99,0.77,0.99,0.99,de_prob
pCMF,de_prob_0.3,0.264,0.297,0.29,0.298,0.004,0.01,0.015,0.002,0.005,0.008,0.501,-0.071,0.0,0.402,0.497,0.013,0.509,0.515,0.509,0.508,0.469,0.474,0.478,51.0,0.0,0.0,0.1,0.0,0.0,de_prob
scGAE,de_prob_0.3,0.973,0.962,0.958,0.957,0.024,0.048,0.07,0.014,0.029,0.044,0.593,0.195,0.2,0.496,0.623,0.331,0.695,0.806,0.804,0.805,0.782,0.794,0.803,392.0,0.69,0.78,0.52,0.77,0.79,de_prob
scGBM,de_prob_0.3,0.887,0.894,0.895,0.903,0.021,0.044,0.064,0.011,0.023,0.034,0.668,0.423,0.4,0.875,0.667,0.369,0.748,0.779,0.783,0.787,0.885,0.884,0.887,426.0,0.82,0.89,0.71,0.88,0.89,de_prob
scScope,de_prob_0.3,0.792,0.796,0.796,0.798,0.016,0.033,0.049,0.009,0.018,0.026,0.611,0.329,0.6,0.863,0.62,0.319,0.723,0.708,0.711,0.713,0.802,0.807,0.809,508.0,0.58,0.58,0.47,0.57,0.59,de_prob
scvis,de_prob_0.3,0.322,0.333,0.326,0.319,0.005,0.009,0.015,0.002,0.005,0.008,0.521,0.136,0.0,0.608,0.511,0.385,0.908,0.528,0.526,0.524,0.247,0.287,0.318,1517.0,0.0,0.01,0.52,0.01,0.01,de_prob
tGPLVM,de_prob_0.3,1.0,1.0,1.0,1.0,0.027,0.053,0.078,0.015,0.028,0.041,0.653,0.372,0.2,0.57,0.661,0.376,0.732,0.817,0.823,0.827,0.896,0.898,0.899,395.0,1.0,1.0,0.95,1.0,1.0,de_prob
VASC,de_prob_0.3,0.188,0.188,0.188,0.303,0.019,0.021,0.044,0.01,0.011,0.023,0.505,0.0,0.0,0.552,,,,0.544,0.559,0.546,0.521,0.525,0.522,,0.0,0.0,0.0,1.0,0.0,de_prob
DRA,de_0.2,0.26,0.264,0.275,0.289,0.006,0.01,0.015,0.003,0.005,0.008,0.497,0.036,0.2,0.496,0.502,0.135,0.635,0.502,0.503,0.504,0.525,0.508,0.503,531.0,0.0,0.0,0.33,0.0,0.0,de_strength
DREAM,de_0.2,0.241,0.274,0.285,0.304,0.005,0.01,0.015,0.003,0.005,0.008,0.505,0.016,0.4,0.651,0.502,0.211,0.712,0.502,0.503,0.505,0.507,0.507,0.507,838.0,0.0,0.0,0.31,0.0,0.0,de_strength
EDGE,de_0.2,0.341,0.361,0.376,0.386,0.006,0.012,0.017,0.003,0.006,0.009,0.515,0.061,0.2,0.483,0.509,0.192,0.692,0.51,0.512,0.514,0.608,0.584,0.571,730.0,0.04,0.04,0.32,0.04,0.04,de_strength
GLMPCA,de_0.2,0.823,0.816,0.826,0.835,0.009,0.017,0.024,0.005,0.009,0.013,0.552,0.147,0.2,0.701,0.538,0.165,0.653,0.553,0.556,0.559,0.68,0.661,0.65,471.0,0.61,0.65,0.38,0.64,0.66,de_strength
PCA,de_0.2,0.873,0.874,0.87,0.876,0.008,0.017,0.024,0.004,0.009,0.013,0.536,0.082,0.0,0.651,0.53,0.157,0.637,0.552,0.556,0.558,0.631,0.616,0.607,446.0,0.65,0.76,0.49,0.75,0.77,de_strength
PHATE,de_0.2,0.975,0.975,0.975,0.973,0.01,0.019,0.03,0.005,0.01,0.015,0.521,0.052,0.2,0.639,0.525,0.143,0.604,0.564,0.57,0.575,0.653,0.633,0.62,344.0,0.94,0.91,0.68,0.91,0.91,de_strength
PaCMAP,de_0.2,0.234,0.257,0.26,0.301,0.005,0.01,0.014,0.003,0.005,0.007,0.502,0.007,0.2,0.44,0.5,0.158,0.66,0.503,0.503,0.502,0.481,0.49,0.495,637.0,-0.0,0.0,0.89,0.0,0.0,de_strength
ParametricUMAP200,de_0.2,0.786,0.795,0.794,0.8,0.016,0.024,0.03,0.007,0.011,0.014,0.525,0.089,0.2,0.651,0.525,0.156,0.645,0.545,0.549,0.55,0.612,0.561,0.538,491.0,0.51,0.51,0.41,0.5,0.52,de_strength
ParametricUMAP50,de_0.2,0.812,0.818,0.816,0.822,0.015,0.022,0.028,0.006,0.01,0.013,0.52,0.072,0.4,0.689,0.523,0.102,0.594,0.545,0.547,0.55,0.61,0.56,0.538,291.0,0.61,0.56,0.43,0.55,0.57,de_strength
SAUCIE,de_0.2,0.256,0.284,0.293,0.318,0.006,0.01,0.014,0.003,0.006,0.008,0.524,0.13,0.0,0.77,0.514,0.35,0.881,0.509,0.512,0.512,0.219,0.249,0.266,1382.0,0.0,0.0,0.42,0.0,0.0,de_strength
SCDRHA,de_0.2,0.84,0.839,0.821,0.83,0.008,0.015,0.02,0.004,0.008,0.011,0.528,0.051,0.4,0.863,0.519,0.344,0.845,0.55,0.55,0.551,0.45,0.451,0.453,1301.0,0.2,0.3,0.48,0.3,0.3,de_strength
SIMLR,de_0.2,0.836,0.834,0.824,0.831,0.012,0.021,0.028,0.007,0.013,0.017,0.492,-0.008,0.0,0.701,0.505,0.041,0.53,0.562,0.561,0.56,0.402,0.407,0.41,102.0,0.28,0.34,0.39,0.34,0.35,de_strength
SPDR,de_0.2,1.0,1.0,1.0,1.0,0.013,0.025,0.037,0.008,0.014,0.021,0.525,0.087,0.2,0.602,0.536,0.144,0.588,0.586,0.598,0.609,0.651,0.632,0.62,234.0,1.0,1.0,0.86,1.0,1.0,de_strength
SQuaD_MDS,de_0.2,0.599,0.623,0.631,0.637,0.006,0.011,0.018,0.003,0.006,0.01,0.648,0.482,0.4,0.664,0.591,0.305,0.81,0.538,0.542,0.546,0.72,0.722,0.722,864.0,0.24,0.28,0.31,0.27,0.28,de_strength
SQuaD_MDS_hybrid,de_0.2,0.43,0.452,0.465,0.455,0.012,0.018,0.023,0.003,0.007,0.01,0.56,0.228,0.6,0.433,0.542,0.227,0.716,0.514,0.517,0.52,0.709,0.706,0.708,713.0,0.02,0.02,0.34,0.02,0.02,de_strength
SSNMDI,de_0.2,0.237,0.256,0.259,0.296,0.005,0.01,0.016,0.002,0.005,0.008,0.49,-0.003,0.2,0.508,0.498,0.092,0.589,0.5,0.503,0.504,0.487,0.489,0.494,364.0,-0.0,0.0,0.44,0.0,0.0,de_strength
TSNE,de_0.2,0.998,0.998,0.998,0.998,0.013,0.022,0.033,0.006,0.012,0.018,0.525,0.084,0.4,0.589,0.534,0.132,0.59,0.596,0.601,0.607,0.629,0.616,0.607,245.0,1.0,0.99,0.8,0.99,0.99,de_strength
TriMap,de_0.2,0.999,0.999,0.999,0.999,0.012,0.022,0.035,0.007,0.013,0.019,0.545,0.137,0.4,0.639,0.544,0.151,0.608,0.588,0.6,0.612,0.643,0.637,0.63,278.0,1.0,0.99,0.82,0.99,0.99,de_strength
UMAP,de_0.2,0.391,0.422,0.433,0.437,0.009,0.016,0.022,0.005,0.008,0.011,0.506,0.014,0.2,0.477,0.505,0.069,0.564,0.51,0.511,0.513,0.57,0.556,0.547,239.0,0.06,0.07,0.32,0.07,0.07,de_strength
VAE,de_0.2,0.93,0.928,0.927,0.924,0.012,0.021,0.032,0.006,0.011,0.017,0.544,0.1,0.2,0.265,0.534,0.121,0.6,0.582,0.58,0.584,0.639,0.629,0.622,276.0,0.78,0.72,0.46,0.71,0.73,de_strength
ZIFA,de_0.2,0.885,0.88,0.887,0.891,0.01,0.018,0.026,0.005,0.01,0.013,0.53,0.068,0.0,0.651,0.528,0.153,0.631,0.551,0.556,0.56,0.632,0.616,0.607,433.0,0.66,0.77,0.49,0.76,0.78,de_strength
ivis,de_0.2,0.326,0.357,0.376,0.39,0.005,0.012,0.017,0.003,0.006,0.009,0.524,0.049,0.4,0.863,0.512,0.318,0.818,0.509,0.513,0.516,0.522,0.528,0.529,1224.0,0.04,0.05,0.32,0.04,0.05,de_strength
pCMF,de_0.2,0.244,0.244,0.266,0.296,0.004,0.008,0.015,0.002,0.004,0.008,0.502,-0.041,0.2,0.44,0.499,0.277,0.78,0.509,0.507,0.509,0.527,0.514,0.514,1116.0,0.0,0.0,0.11,0.01,0.0,de_strength
scGAE,de_0.2,0.266,0.287,0.288,0.29,0.005,0.01,0.014,0.003,0.006,0.008,0.513,0.041,0.6,0.826,0.505,0.353,0.861,0.513,0.513,0.513,0.359,0.381,0.395,1400.0,0.0,0.01,0.5,0.01,0.01,de_strength
scGBM,de_0.2,0.829,0.835,0.834,0.84,0.009,0.017,0.026,0.005,0.009,0.013,0.544,0.134,0.4,0.558,0.535,0.156,0.64,0.556,0.557,0.559,0.673,0.656,0.646,433.0,0.63,0.65,0.4,0.63,0.66,de_strength
scScope,de_0.2,0.257,0.266,0.267,0.286,0.006,0.01,0.015,0.003,0.005,0.008,0.51,0.054,0.2,0.446,0.508,0.291,0.791,0.503,0.502,0.505,0.51,0.513,0.518,1129.0,-0.0,0.0,0.35,0.0,0.0,de_strength
scvis,de_0.2,0.244,0.247,0.264,0.294,0.007,0.012,0.016,0.004,0.007,0.01,0.525,0.233,0.2,0.851,0.518,0.367,0.906,0.509,0.527,0.522,0.253,0.272,0.285,1436.0,0.01,0.01,0.67,0.01,0.01,de_strength
tGPLVM,de_0.2,0.222,0.26,0.272,0.294,0.004,0.009,0.015,0.002,0.005,0.008,0.5,-0.01,0.4,0.801,0.498,0.069,0.567,0.5,0.501,0.502,0.517,0.514,0.513,276.0,0.0,0.0,0.32,0.0,0.0,de_strength
VASC,de_0.2,0.188,0.188,0.188,0.303,0.047,0.041,0.049,0.025,0.021,0.025,0.493,0.0,0.4,0.751,,,,0.562,0.564,0.544,0.57,0.562,0.556,,0.0,0.0,0.0,1.0,0.0,de_strength
DRA,de_0.4,0.269,0.274,0.269,0.304,0.004,0.01,0.015,0.003,0.005,0.008,0.512,0.044,0.4,0.819,0.502,0.284,0.783,0.51,0.507,0.506,0.515,0.516,0.517,1126.0,-0.0,0.0,0.32,0.0,0.0,de_strength
DREAM,de_0.4,0.866,0.869,0.867,0.872,0.019,0.038,0.057,0.01,0.019,0.029,0.605,0.237,0.4,0.732,0.602,0.257,0.686,0.705,0.709,0.712,0.819,0.815,0.812,390.0,0.59,0.67,0.44,0.67,0.67,de_strength
EDGE,de_0.4,0.998,0.997,0.997,0.996,0.026,0.051,0.075,0.013,0.026,0.039,0.622,0.299,0.6,0.832,0.629,0.324,0.705,0.768,0.771,0.775,0.895,0.887,0.883,394.0,1.0,0.99,0.71,0.99,0.99,de_strength
GLMPCA,de_0.4,0.973,0.974,0.972,0.976,0.025,0.049,0.071,0.013,0.025,0.038,0.646,0.36,0.8,0.882,0.639,0.33,0.722,0.76,0.764,0.766,0.884,0.882,0.88,423.0,0.96,0.93,0.68,0.93,0.93,de_strength
PCA,de_0.4,0.992,0.992,0.993,0.992,0.026,0.05,0.073,0.014,0.026,0.038,0.642,0.333,0.8,0.9,0.637,0.329,0.714,0.767,0.773,0.777,0.895,0.89,0.886,396.0,0.99,0.98,0.78,0.98,0.98,de_strength
PHATE,de_0.4,1.0,1.0,1.0,1.0,0.023,0.047,0.07,0.013,0.024,0.037,0.612,0.29,1.0,0.894,0.627,0.32,0.703,0.763,0.767,0.771,0.888,0.881,0.877,398.0,1.0,1.0,0.98,1.0,1.0,de_strength
PaCMAP,de_0.4,0.224,0.228,0.241,0.301,0.005,0.01,0.015,0.003,0.005,0.008,0.497,0.002,0.4,0.645,0.499,0.282,0.783,0.499,0.5,0.5,0.492,0.491,0.494,1130.0,-0.0,0.0,0.94,0.0,0.0,de_strength
ParametricUMAP200,de_0.4,1.0,1.0,1.0,1.0,0.035,0.057,0.078,0.016,0.027,0.039,0.62,0.292,0.6,0.714,0.63,0.324,0.706,0.77,0.774,0.777,0.897,0.885,0.879,398.0,1.0,1.0,0.97,1.0,1.0,de_strength
ParametricUMAP50,de_0.4,1.0,1.0,1.0,1.0,0.032,0.055,0.076,0.015,0.027,0.038,0.62,0.29,0.6,0.826,0.628,0.325,0.703,0.771,0.776,0.779,0.892,0.884,0.878,397.0,1.0,1.0,0.96,1.0,1.0,de_strength
SAUCIE,de_0.4,0.255,0.27,0.269,0.291,0.006,0.011,0.016,0.003,0.006,0.008,0.52,0.095,0.4,0.34,0.513,0.393,0.911,0.512,0.513,0.514,0.304,0.329,0.349,1535.0,0.01,0.01,0.42,0.01,0.01,de_strength
SCDRHA,de_0.4,0.951,0.946,0.94,0.819,0.023,0.045,0.064,0.013,0.025,0.037,0.605,0.228,0.4,0.602,0.601,0.269,0.684,0.751,0.749,0.746,0.728,0.736,0.74,401.0,0.57,0.64,0.58,0.63,0.65,de_strength
SIMLR,de_0.4,1.0,1.0,1.0,1.0,0.038,0.068,0.094,0.023,0.044,0.063,0.641,0.322,0.4,0.589,0.639,0.352,0.724,0.784,0.785,0.787,0.851,0.849,0.848,457.0,1.0,1.0,0.94,1.0,1.0,de_strength
SPDR,de_0.4,1.0,1.0,1.0,1.0,0.031,0.062,0.093,0.018,0.035,0.054,0.615,0.299,1.0,0.826,0.648,0.353,0.694,0.787,0.797,0.807,0.934,0.929,0.924,271.0,1.0,1.0,0.88,1.0,1.0,de_strength
SQuaD_MDS,de_0.4,0.711,0.721,0.718,0.721,0.013,0.025,0.038,0.007,0.013,0.021,0.696,0.554,0.8,0.875,0.641,0.302,0.779,0.657,0.661,0.665,0.8,0.802,0.805,579.0,0.34,0.38,0.32,0.37,0.39,de_strength
SQuaD_MDS_hybrid,de_0.4,0.998,0.998,0.998,0.998,0.034,0.06,0.09,0.014,0.03,0.049,0.632,0.304,0.4,0.546,0.643,0.336,0.695,0.772,0.778,0.785,0.931,0.928,0.924,289.0,0.99,0.98,0.72,0.98,0.98,de_strength
SSNMDI,de_0.4,0.223,0.239,0.25,0.299,0.006,0.01,0.015,0.003,0.005,0.008,0.509,0.012,0.0,-0.002,0.5,0.049,0.549,0.501,0.502,0.504,0.489,0.497,0.5,195.0,0.0,0.0,0.64,0.0,0.0,de_strength
TSNE,de_0.4,1.0,1.0,1.0,1.0,0.03,0.061,0.089,0.017,0.034,0.051,0.641,0.324,0.4,0.421,0.649,0.347,0.706,0.794,0.798,0.804,0.926,0.92,0.915,317.0,1.0,1.0,0.84,1.0,1.0,de_strength
TriMap,de_0.4,1.0,1.0,1.0,1.0,0.029,0.059,0.089,0.016,0.033,0.051,0.634,0.313,0.4,0.77,0.65,0.351,0.699,0.793,0.802,0.813,0.929,0.924,0.92,281.0,1.0,1.0,0.89,1.0,1.0,de_strength
UMAP,de_0.4,1.0,1.0,1.0,1.0,0.031,0.056,0.078,0.016,0.029,0.041,0.611,0.295,0.8,0.695,0.627,0.318,0.704,0.763,0.767,0.771,0.902,0.891,0.885,396.0,1.0,1.0,0.93,1.0,1.0,de_strength
VAE,de_0.4,0.999,0.999,0.999,0.999,0.033,0.057,0.086,0.018,0.03,0.047,0.612,0.296,1.0,0.832,0.633,0.328,0.695,0.793,0.794,0.799,0.915,0.908,0.902,336.0,0.99,0.99,0.61,0.98,0.99,de_strength
ZIFA,de_0.4,0.982,0.982,0.983,0.984,0.026,0.049,0.072,0.014,0.025,0.038,0.627,0.319,0.8,0.875,0.632,0.328,0.71,0.761,0.765,0.769,0.892,0.887,0.883,410.0,0.97,0.95,0.76,0.95,0.95,de_strength
ivis,de_0.4,0.994,0.994,0.993,0.993,0.02,0.041,0.063,0.012,0.023,0.035,0.642,0.37,0.8,0.938,0.648,0.338,0.724,0.771,0.777,0.781,0.824,0.847,0.861,392.0,0.98,0.96,0.74,0.96,0.97,de_strength
pCMF,de_0.4,0.261,0.272,0.282,0.299,0.005,0.01,0.015,0.002,0.005,0.008,0.499,-0.064,0.4,0.514,0.497,0.458,0.968,0.506,0.505,0.506,0.488,0.488,0.488,1846.0,-0.0,0.0,0.05,0.01,0.0,de_strength
scGAE,de_0.4,0.71,0.712,0.695,0.699,0.013,0.022,0.031,0.006,0.012,0.017,0.521,0.052,0.4,0.602,0.519,0.081,0.567,0.661,0.649,0.64,0.377,0.398,0.415,199.0,0.01,0.01,0.45,0.01,0.01,de_strength
scGBM,de_0.4,0.892,0.901,0.901,0.903,0.023,0.043,0.062,0.012,0.022,0.032,0.655,0.356,0.8,0.894,0.64,0.31,0.723,0.741,0.746,0.75,0.884,0.882,0.881,397.0,0.79,0.88,0.65,0.87,0.89,de_strength
scScope,de_0.4,0.438,0.462,0.468,0.463,0.008,0.016,0.024,0.004,0.009,0.012,0.542,0.156,0.4,0.776,0.534,0.179,0.67,0.556,0.555,0.555,0.585,0.592,0.596,552.0,0.1,0.11,0.37,0.11,0.11,de_strength
scvis,de_0.4,0.251,0.249,0.281,0.297,0.004,0.01,0.016,0.002,0.005,0.008,0.534,0.269,0.0,0.091,0.521,0.375,0.906,0.505,0.506,0.506,0.344,0.361,0.374,1450.0,0.0,0.01,0.58,0.01,0.01,de_strength
tGPLVM,de_0.4,1.0,1.0,1.0,1.0,0.026,0.05,0.073,0.013,0.026,0.039,0.628,0.298,0.4,0.496,0.632,0.323,0.708,0.767,0.772,0.776,0.89,0.884,0.881,394.0,1.0,1.0,0.93,1.0,1.0,de_strength
VASC,de_0.4,0.188,0.188,0.188,0.303,0.028,0.024,0.044,0.015,0.012,0.023,0.496,0.0,0.2,0.651,,,,0.516,0.538,0.543,0.534,0.536,0.528,,0.0,0.0,0.0,1.0,0.0,de_strength
DRA,de_0.6,0.257,0.271,0.276,0.295,0.005,0.01,0.016,0.003,0.005,0.008,0.503,0.034,0.4,0.608,0.501,0.406,0.908,0.503,0.505,0.505,0.504,0.505,0.507,1619.0,-0.0,0.0,0.32,0.0,0.0,de_strength
DREAM,de_0.6,0.911,0.914,0.915,0.909,0.02,0.039,0.059,0.01,0.02,0.031,0.67,0.497,0.8,0.925,0.688,0.445,0.768,0.839,0.841,0.844,0.864,0.871,0.875,495.0,0.83,0.86,0.57,0.86,0.85,de_strength
EDGE,de_0.6,1.0,1.0,1.0,1.0,0.028,0.056,0.082,0.016,0.03,0.044,0.668,0.499,0.2,0.483,0.699,0.447,0.762,0.888,0.892,0.896,0.897,0.901,0.904,396.0,1.0,1.0,0.91,1.0,1.0,de_strength
GLMPCA,de_0.6,0.888,0.889,0.894,0.903,0.021,0.043,0.064,0.012,0.023,0.034,0.711,0.572,0.8,0.882,0.71,0.47,0.789,0.841,0.844,0.848,0.885,0.888,0.89,493.0,0.79,0.88,0.71,0.87,0.89,de_strength
PCA,de_0.6,0.979,0.98,0.981,0.981,0.025,0.052,0.078,0.014,0.027,0.041,0.71,0.563,0.8,0.894,0.712,0.483,0.782,0.875,0.879,0.883,0.898,0.899,0.902,465.0,0.98,0.96,0.81,0.96,0.96,de_strength
PHATE,de_0.6,1.0,1.0,1.0,1.0,0.026,0.051,0.077,0.014,0.027,0.041,0.682,0.54,1.0,0.875,0.708,0.443,0.774,0.886,0.89,0.894,0.892,0.897,0.901,396.0,1.0,1.0,0.98,1.0,1.0,de_strength
PaCMAP,de_0.6,0.23,0.256,0.262,0.301,0.006,0.011,0.016,0.003,0.005,0.008,0.492,-0.003,0.4,0.471,0.499,0.011,0.508,0.497,0.501,0.502,0.522,0.517,0.511,41.0,-0.0,0.0,0.93,0.0,0.0,de_strength
ParametricUMAP200,de_0.6,1.0,1.0,1.0,1.0,0.032,0.06,0.085,0.016,0.03,0.044,0.675,0.521,0.6,0.801,0.707,0.451,0.772,0.889,0.893,0.897,0.902,0.9,0.901,401.0,1.0,1.0,0.99,1.0,1.0,de_strength
ParametricUMAP50,de_0.6,1.0,1.0,1.0,1.0,0.031,0.054,0.078,0.015,0.027,0.04,0.691,0.529,0.2,0.851,0.707,0.447,0.772,0.888,0.892,0.897,0.895,0.895,0.898,396.0,1.0,1.0,0.98,1.0,1.0,de_strength
SAUCIE,de_0.6,0.304,0.316,0.325,0.348,0.006,0.012,0.018,0.003,0.006,0.01,0.513,0.077,0.2,0.265,0.509,0.417,0.928,0.52,0.521,0.522,0.292,0.338,0.367,1635.0,0.02,0.03,0.43,0.03,0.03,de_strength
SCDRHA,de_0.6,0.93,0.928,0.929,0.912,0.019,0.04,0.062,0.011,0.023,0.036,0.652,0.437,0.8,0.832,0.686,0.467,0.759,0.845,0.848,0.852,0.828,0.84,0.849,499.0,0.73,0.8,0.67,0.79,0.81,de_strength
SIMLR,de_0.6,1.0,1.0,1.0,1.0,0.038,0.071,0.099,0.024,0.047,0.068,0.704,0.552,0.4,0.583,0.719,0.461,0.783,0.893,0.897,0.9,0.859,0.867,0.874,396.0,1.0,1.0,0.94,1.0,1.0,de_strength
SPDR,de_0.6,1.0,1.0,1.0,1.0,0.031,0.065,0.104,0.019,0.038,0.063,0.681,0.511,0.6,0.602,0.723,0.533,0.768,0.895,0.901,0.907,0.943,0.945,0.948,376.0,1.0,1.0,0.89,1.0,1.0,de_strength
SQuaD_MDS,de_0.6,0.895,0.895,0.892,0.893,0.022,0.043,0.062,0.012,0.023,0.035,0.736,0.639,0.8,0.863,0.691,0.349,0.786,0.816,0.816,0.817,0.846,0.847,0.849,434.0,0.46,0.52,0.33,0.51,0.53,de_strength
SQuaD_MDS_hybrid,de_0.6,1.0,1.0,1.0,1.0,0.034,0.066,0.101,0.016,0.036,0.059,0.673,0.485,0.2,0.278,0.712,0.514,0.761,0.889,0.895,0.901,0.939,0.943,0.946,394.0,1.0,1.0,0.85,1.0,1.0,de_strength
SSNMDI,de_0.6,0.251,0.262,0.271,0.302,0.005,0.01,0.016,0.003,0.005,0.008,0.504,0.005,0.0,0.172,0.5,0.095,0.594,0.504,0.504,0.506,0.48,0.493,0.498,374.0,0.0,0.0,0.67,0.0,0.0,de_strength
TSNE,de_0.6,1.0,1.0,1.0,1.0,0.03,0.064,0.097,0.017,0.036,0.056,0.678,0.497,0.0,0.321,0.715,0.509,0.766,0.895,0.9,0.905,0.934,0.935,0.937,396.0,1.0,1.0,0.85,1.0,1.0,de_strength
TriMap,de_0.6,1.0,1.0,1.0,1.0,0.03,0.064,0.099,0.017,0.037,0.058,0.7,0.563,1.0,0.907,0.732,0.517,0.78,0.894,0.9,0.906,0.932,0.935,0.939,367.0,1.0,1.0,0.91,1.0,1.0,de_strength
UMAP,de_0.6,1.0,1.0,1.0,1.0,0.032,0.058,0.082,0.017,0.03,0.043,0.665,0.516,0.6,0.651,0.7,0.444,0.765,0.887,0.891,0.895,0.9,0.9,0.901,399.0,1.0,1.0,0.95,1.0,1.0,de_strength
VAE,de_0.6,1.0,1.0,1.0,1.0,0.033,0.061,0.091,0.017,0.033,0.05,0.697,0.544,1.0,0.863,0.715,0.48,0.773,0.896,0.899,0.903,0.92,0.921,0.924,395.0,0.99,0.99,0.61,0.99,0.99,de_strength
ZIFA,de_0.6,0.988,0.988,0.989,0.988,0.025,0.052,0.079,0.013,0.027,0.042,0.686,0.552,0.8,0.869,0.71,0.449,0.777,0.88,0.885,0.89,0.896,0.9,0.904,405.0,0.99,0.97,0.82,0.97,0.97,de_strength
ivis,de_0.6,1.0,1.0,1.0,1.0,0.026,0.053,0.083,0.015,0.029,0.045,0.691,0.55,0.4,0.732,0.717,0.475,0.777,0.889,0.894,0.9,0.913,0.917,0.921,396.0,1.0,1.0,0.87,1.0,1.0,de_strength
pCMF,de_0.6,0.259,0.276,0.294,0.298,0.005,0.01,0.015,0.003,0.005,0.008,0.502,-0.001,0.2,0.16,0.501,0.289,0.79,0.511,0.508,0.507,0.5,0.509,0.512,1153.0,0.0,0.0,0.04,0.0,0.0,de_strength
scGAE,de_0.6,0.702,0.622,0.562,0.349,0.009,0.015,0.021,0.005,0.008,0.011,0.492,-0.014,0.2,0.371,0.498,0.061,0.549,0.7,0.645,0.607,0.342,0.369,0.389,211.0,0.01,0.02,0.49,0.02,0.02,de_strength
scGBM,de_0.6,0.894,0.902,0.901,0.903,0.021,0.043,0.064,0.011,0.023,0.034,0.71,0.585,0.8,0.882,0.714,0.468,0.793,0.843,0.847,0.85,0.889,0.89,0.892,487.0,0.79,0.88,0.71,0.87,0.89,de_strength
scScope,de_0.6,0.997,0.997,0.997,0.997,0.024,0.048,0.072,0.014,0.026,0.04,0.672,0.496,0.2,0.365,0.703,0.497,0.769,0.885,0.889,0.893,0.88,0.888,0.893,479.0,0.99,0.99,0.73,0.99,0.99,de_strength
scvis,de_0.6,0.544,0.577,0.582,0.601,0.009,0.017,0.026,0.005,0.01,0.014,0.539,0.152,0.0,0.745,0.544,0.184,0.652,0.638,0.64,0.639,0.26,0.319,0.359,461.0,0.1,0.14,0.36,0.14,0.14,de_strength
tGPLVM,de_0.6,1.0,1.0,1.0,1.0,0.025,0.051,0.078,0.013,0.027,0.041,0.682,0.537,0.2,0.608,0.71,0.448,0.776,0.888,0.892,0.896,0.896,0.901,0.905,396.0,1.0,1.0,0.95,1.0,1.0,de_strength
VASC,de_0.6,0.188,0.188,0.188,0.303,0.025,0.023,0.041,0.013,0.012,0.021,0.51,0.0,0.2,0.477,,,,0.513,0.53,0.518,0.512,0.516,0.521,,0.0,0.0,0.0,1.0,0.0,de_strength
DRA,de_0.8,0.223,0.24,0.25,0.303,0.004,0.01,0.015,0.002,0.005,0.008,0.504,0.016,0.2,0.502,0.5,0.388,0.89,0.499,0.5,0.503,0.506,0.505,0.507,1549.0,-0.0,0.0,0.32,0.0,0.0,de_strength
DREAM,de_0.8,1.0,1.0,1.0,1.0,0.025,0.051,0.076,0.013,0.026,0.04,0.694,0.578,0.6,0.813,0.711,0.443,0.778,0.89,0.895,0.899,0.887,0.891,0.895,396.0,0.99,0.98,0.67,0.98,0.98,de_strength
EDGE,de_0.8,1.0,1.0,1.0,1.0,0.029,0.054,0.082,0.014,0.029,0.043,0.665,0.51,0.2,0.29,0.699,0.447,0.762,0.892,0.896,0.9,0.896,0.9,0.903,396.0,1.0,1.0,0.9,1.0,1.0,de_strength
GLMPCA,de_0.8,0.912,0.915,0.915,0.903,0.023,0.043,0.065,0.012,0.023,0.034,0.734,0.649,0.8,0.894,0.728,0.501,0.808,0.854,0.859,0.862,0.886,0.891,0.894,520.0,0.79,0.88,0.73,0.87,0.89,de_strength
PCA,de_0.8,0.972,0.975,0.976,0.974,0.025,0.05,0.076,0.013,0.027,0.04,0.724,0.634,0.8,0.9,0.727,0.438,0.799,0.88,0.884,0.888,0.892,0.897,0.901,396.0,0.97,0.95,0.82,0.95,0.95,de_strength
PHATE,de_0.8,1.0,1.0,1.0,1.0,0.026,0.05,0.077,0.013,0.027,0.04,0.696,0.591,1.0,0.875,0.717,0.527,0.784,0.89,0.895,0.899,0.894,0.899,0.902,520.0,1.0,1.0,0.98,1.0,1.0,de_strength
PaCMAP,de_0.8,0.243,0.261,0.284,0.301,0.005,0.011,0.015,0.003,0.005,0.008,0.501,0.005,0.4,0.433,0.5,0.182,0.682,0.502,0.503,0.503,0.496,0.504,0.508,729.0,-0.0,0.0,0.93,0.0,0.0,de_strength
ParametricUMAP200,de_0.8,1.0,1.0,1.0,1.0,0.036,0.06,0.085,0.017,0.029,0.043,0.701,0.598,0.2,0.851,0.717,0.453,0.782,0.892,0.897,0.901,0.903,0.9,0.902,396.0,1.0,1.0,0.99,1.0,1.0,de_strength
ParametricUMAP50,de_0.8,1.0,1.0,1.0,1.0,0.034,0.059,0.082,0.016,0.029,0.042,0.663,0.488,0.4,0.365,0.701,0.452,0.763,0.892,0.897,0.901,0.899,0.897,0.898,396.0,1.0,1.0,0.98,1.0,1.0,de_strength
SAUCIE,de_0.8,0.454,0.468,0.455,0.49,0.009,0.017,0.025,0.004,0.009,0.013,0.519,0.08,0.2,0.409,0.519,0.102,0.586,0.571,0.57,0.568,0.354,0.384,0.405,280.0,0.02,0.04,0.41,0.04,0.04,de_strength
SCDRHA,de_0.8,1.0,1.0,1.0,1.0,0.026,0.052,0.076,0.015,0.029,0.042,0.676,0.583,0.6,0.795,0.713,0.459,0.776,0.893,0.897,0.901,0.891,0.895,0.899,396.0,1.0,1.0,0.97,1.0,1.0,de_strength
SIMLR,de_0.8,1.0,1.0,1.0,1.0,0.041,0.075,0.107,0.026,0.049,0.073,0.736,0.599,0.4,0.521,0.734,0.468,0.8,0.897,0.901,0.904,0.862,0.868,0.874,396.0,1.0,1.0,0.95,1.0,1.0,de_strength
SPDR,de_0.8,1.0,1.0,1.0,1.0,0.031,0.066,0.102,0.017,0.037,0.06,0.679,0.526,0.4,0.489,0.725,0.458,0.77,0.897,0.903,0.909,0.941,0.944,0.947,284.0,1.0,1.0,0.89,1.0,1.0,de_strength
SQuaD_MDS,de_0.8,0.96,0.959,0.954,0.961,0.024,0.049,0.072,0.013,0.026,0.04,0.74,0.681,0.8,0.838,0.713,0.372,0.797,0.867,0.868,0.87,0.865,0.867,0.869,396.0,0.55,0.61,0.35,0.59,0.62,de_strength
SQuaD_MDS_hybrid,de_0.8,1.0,1.0,1.0,1.0,0.035,0.065,0.099,0.016,0.035,0.057,0.662,0.496,0.0,0.16,0.71,0.518,0.758,0.894,0.899,0.904,0.938,0.942,0.946,396.0,1.0,1.0,0.89,1.0,1.0,de_strength
SSNMDI,de_0.8,0.218,0.238,0.251,0.3,0.004,0.01,0.014,0.002,0.005,0.007,0.5,0.002,0.0,0.377,0.5,0.089,0.589,0.498,0.498,0.501,0.493,0.499,0.502,354.0,0.0,0.0,0.67,0.0,0.0,de_strength
TSNE,de_0.8,1.0,1.0,1.0,1.0,0.032,0.063,0.099,0.017,0.035,0.057,0.674,0.526,0.0,0.359,0.715,0.51,0.766,0.899,0.903,0.908,0.932,0.934,0.937,396.0,1.0,1.0,0.84,1.0,1.0,de_strength
TriMap,de_0.8,1.0,1.0,1.0,1.0,0.03,0.062,0.098,0.017,0.035,0.056,0.715,0.628,0.8,0.857,0.743,0.542,0.793,0.898,0.904,0.909,0.929,0.933,0.937,396.0,1.0,1.0,0.92,1.0,1.0,de_strength
UMAP,de_0.8,1.0,1.0,1.0,1.0,0.031,0.058,0.085,0.016,0.031,0.045,0.666,0.512,0.2,0.39,0.705,0.449,0.769,0.891,0.895,0.9,0.908,0.906,0.907,396.0,1.0,1.0,0.95,1.0,1.0,de_strength
VAE,de_0.8,1.0,1.0,1.0,1.0,0.032,0.061,0.092,0.018,0.033,0.051,0.692,0.571,0.2,0.57,0.713,0.48,0.771,0.899,0.902,0.907,0.918,0.919,0.922,396.0,1.0,1.0,0.6,1.0,1.0,de_strength
ZIFA,de_0.8,0.996,0.995,0.994,0.995,0.025,0.053,0.078,0.014,0.028,0.042,0.718,0.623,0.8,0.875,0.725,0.451,0.793,0.889,0.894,0.898,0.893,0.898,0.903,396.0,0.99,0.98,0.84,0.98,0.98,de_strength
ivis,de_0.8,1.0,1.0,1.0,1.0,0.027,0.054,0.084,0.014,0.029,0.045,0.697,0.57,0.2,0.477,0.72,0.476,0.781,0.893,0.898,0.903,0.907,0.912,0.916,396.0,1.0,1.0,0.9,1.0,1.0,de_strength
pCMF,de_0.8,0.737,0.752,0.755,0.758,0.016,0.034,0.05,0.009,0.017,0.026,0.655,0.441,0.2,0.608,0.646,0.357,0.748,0.732,0.736,0.739,0.829,0.829,0.832,520.0,0.49,0.6,0.56,0.6,0.61,de_strength
scGAE,de_0.8,1.0,1.0,1.0,1.0,0.026,0.053,0.078,0.015,0.032,0.048,0.665,0.531,0.4,0.508,0.705,0.445,0.77,0.892,0.896,0.899,0.846,0.855,0.863,396.0,1.0,1.0,0.65,1.0,1.0,de_strength
scGBM,de_0.8,0.921,0.929,0.935,0.935,0.023,0.046,0.068,0.012,0.024,0.036,0.741,0.657,0.8,0.894,0.731,0.506,0.81,0.862,0.866,0.87,0.886,0.892,0.896,520.0,0.94,0.91,0.78,0.91,0.91,de_strength
scScope,de_0.8,1.0,1.0,1.0,1.0,0.026,0.052,0.077,0.014,0.028,0.042,0.665,0.501,0.4,0.57,0.701,0.454,0.762,0.891,0.896,0.9,0.893,0.898,0.902,396.0,1.0,1.0,0.77,1.0,1.0,de_strength
scvis,de_0.8,1.0,1.0,1.0,1.0,0.031,0.065,0.103,0.018,0.039,0.064,0.701,0.541,0.2,0.39,0.742,0.515,0.78,0.898,0.905,0.912,0.942,0.947,0.952,284.0,1.0,1.0,0.8,1.0,1.0,de_strength
tGPLVM,de_0.8,1.0,1.0,1.0,1.0,0.025,0.052,0.079,0.014,0.028,0.042,0.714,0.599,0.2,0.701,0.724,0.46,0.79,0.891,0.896,0.901,0.891,0.898,0.903,396.0,1.0,1.0,0.97,1.0,1.0,de_strength
VASC,de_0.8,0.188,0.188,0.188,0.303,0.032,0.025,0.044,0.017,0.013,0.023,0.499,0.0,0.2,0.104,,,,0.527,0.543,0.531,0.537,0.53,0.526,,0.0,0.0,0.0,1.0,0.0,de_strength
DRA,de_1.0,0.226,0.248,0.263,0.294,0.005,0.01,0.015,0.003,0.005,0.007,0.506,0.028,0.2,0.315,0.502,0.385,0.887,0.499,0.502,0.503,0.505,0.51,0.515,1532.0,-0.0,0.0,0.33,0.0,0.0,de_strength
DREAM,de_1.0,1.0,1.0,1.0,1.0,0.026,0.05,0.075,0.013,0.026,0.04,0.685,0.568,0.2,0.633,0.71,0.444,0.776,0.89,0.894,0.898,0.892,0.895,0.899,396.0,1.0,1.0,0.72,1.0,1.0,de_strength
EDGE,de_1.0,1.0,1.0,1.0,1.0,0.027,0.054,0.082,0.015,0.029,0.044,0.667,0.519,0.4,0.626,0.701,0.449,0.764,0.892,0.896,0.9,0.9,0.904,0.907,396.0,1.0,1.0,0.93,1.0,1.0,de_strength
GLMPCA,de_1.0,0.992,0.992,0.993,0.993,0.027,0.052,0.08,0.015,0.027,0.043,0.747,0.687,0.8,0.932,0.746,0.451,0.819,0.888,0.893,0.897,0.895,0.899,0.903,396.0,0.99,0.98,0.84,0.98,0.98,de_strength
PCA,de_1.0,0.992,0.992,0.993,0.994,0.026,0.052,0.079,0.015,0.028,0.043,0.732,0.658,0.8,0.932,0.737,0.451,0.808,0.888,0.893,0.897,0.896,0.901,0.906,396.0,0.99,0.98,0.85,0.98,0.98,de_strength
PHATE,de_1.0,1.0,1.0,1.0,1.0,0.025,0.051,0.078,0.013,0.027,0.042,0.702,0.612,1.0,0.863,0.723,0.531,0.791,0.891,0.895,0.899,0.89,0.896,0.9,520.0,1.0,1.0,0.98,1.0,1.0,de_strength
PaCMAP,de_1.0,0.232,0.258,0.263,0.301,0.005,0.01,0.015,0.003,0.005,0.008,0.506,0.0,0.4,0.409,0.5,0.373,0.874,0.5,0.502,0.503,0.515,0.51,0.508,1488.0,-0.0,0.0,0.93,0.0,0.0,de_strength
ParametricUMAP200,de_1.0,1.0,1.0,1.0,1.0,0.033,0.06,0.084,0.016,0.03,0.043,0.707,0.618,0.4,0.857,0.725,0.535,0.792,0.893,0.897,0.901,0.903,0.899,0.9,520.0,1.0,1.0,0.99,1.0,1.0,de_strength
ParametricUMAP50,de_1.0,1.0,1.0,1.0,1.0,0.033,0.058,0.081,0.016,0.029,0.041,0.704,0.59,0.6,0.888,0.72,0.533,0.786,0.893,0.897,0.9,0.897,0.897,0.899,520.0,1.0,1.0,0.98,1.0,1.0,de_strength
SAUCIE,de_1.0,0.475,0.477,0.48,0.493,0.008,0.015,0.023,0.004,0.008,0.012,0.533,0.118,0.4,0.384,0.526,0.108,0.595,0.586,0.583,0.583,0.362,0.404,0.432,283.0,0.05,0.09,0.43,0.09,0.09,de_strength
SCDRHA,de_1.0,1.0,1.0,1.0,1.0,0.027,0.053,0.079,0.014,0.029,0.044,0.704,0.608,0.4,0.801,0.726,0.543,0.79,0.893,0.897,0.901,0.885,0.892,0.898,519.0,1.0,1.0,0.99,1.0,1.0,de_strength
SIMLR,de_1.0,1.0,1.0,1.0,1.0,0.038,0.073,0.104,0.024,0.047,0.069,0.732,0.599,0.4,0.552,0.737,0.471,0.803,0.898,0.901,0.905,0.868,0.875,0.882,396.0,1.0,1.0,0.95,1.0,1.0,de_strength
SPDR,de_1.0,1.0,1.0,1.0,1.0,0.031,0.067,0.103,0.017,0.038,0.061,0.676,0.532,0.4,0.489,0.725,0.455,0.77,0.897,0.903,0.909,0.942,0.945,0.947,284.0,1.0,1.0,0.89,1.0,1.0,de_strength
SQuaD_MDS,de_1.0,0.983,0.981,0.979,0.988,0.027,0.052,0.077,0.015,0.029,0.044,0.749,0.694,0.8,0.851,0.725,0.405,0.804,0.885,0.887,0.89,0.88,0.883,0.885,396.0,0.75,0.8,0.38,0.79,0.82,de_strength
SQuaD_MDS_hybrid,de_1.0,1.0,1.0,1.0,1.0,0.035,0.064,0.099,0.016,0.035,0.058,0.679,0.533,0.2,0.346,0.721,0.518,0.772,0.893,0.898,0.904,0.939,0.942,0.946,396.0,1.0,1.0,0.88,1.0,1.0,de_strength
SSNMDI,de_1.0,0.226,0.245,0.262,0.301,0.005,0.01,0.015,0.002,0.005,0.008,0.495,0.011,0.0,0.128,0.5,0.002,0.501,0.497,0.499,0.503,0.495,0.498,0.5,2.0,0.0,0.0,0.66,0.0,0.0,de_strength
TSNE,de_1.0,1.0,1.0,1.0,1.0,0.032,0.063,0.095,0.017,0.035,0.054,0.657,0.473,0.2,0.346,0.707,0.504,0.758,0.898,0.902,0.907,0.928,0.93,0.933,396.0,1.0,1.0,0.85,1.0,1.0,de_strength
TriMap,de_1.0,1.0,1.0,1.0,1.0,0.031,0.063,0.096,0.017,0.035,0.055,0.724,0.634,0.8,0.838,0.747,0.538,0.799,0.898,0.903,0.909,0.928,0.932,0.936,396.0,1.0,1.0,0.93,1.0,1.0,de_strength
UMAP,de_1.0,1.0,1.0,1.0,1.0,0.031,0.056,0.082,0.017,0.029,0.043,0.659,0.508,0.4,0.496,0.701,0.449,0.763,0.89,0.895,0.899,0.903,0.904,0.905,396.0,1.0,1.0,0.96,1.0,1.0,de_strength
VAE,de_1.0,1.0,1.0,1.0,1.0,0.031,0.061,0.09,0.016,0.033,0.05,0.699,0.583,0.8,0.782,0.718,0.476,0.778,0.898,0.902,0.905,0.912,0.916,0.919,396.0,0.99,0.99,0.6,0.99,0.99,de_strength
ZIFA,de_1.0,0.997,0.997,0.997,0.997,0.027,0.052,0.08,0.015,0.028,0.043,0.727,0.647,0.8,0.857,0.732,0.456,0.801,0.891,0.895,0.9,0.901,0.904,0.908,396.0,1.0,0.99,0.85,0.99,0.99,de_strength
ivis,de_1.0,1.0,1.0,1.0,1.0,0.026,0.054,0.082,0.014,0.029,0.044,0.692,0.589,0.4,0.645,0.72,0.467,0.783,0.893,0.898,0.902,0.904,0.907,0.911,396.0,1.0,1.0,0.9,1.0,1.0,de_strength
pCMF,de_1.0,0.896,0.896,0.898,0.901,0.022,0.042,0.063,0.012,0.023,0.033,0.636,0.436,0.6,0.595,0.657,0.376,0.727,0.818,0.82,0.822,0.849,0.849,0.852,396.0,0.61,0.73,0.48,0.73,0.73,de_strength
scGAE,de_1.0,1.0,1.0,1.0,1.0,0.025,0.05,0.075,0.015,0.03,0.045,0.635,0.444,0.0,0.178,0.684,0.448,0.742,0.892,0.896,0.9,0.831,0.842,0.851,396.0,1.0,1.0,0.65,1.0,1.0,de_strength
scGBM,de_1.0,0.99,0.991,0.991,0.992,0.026,0.051,0.079,0.014,0.027,0.042,0.762,0.69,0.8,0.919,0.747,0.534,0.822,0.888,0.892,0.896,0.892,0.897,0.902,520.0,0.99,0.98,0.84,0.98,0.98,de_strength
scScope,de_1.0,1.0,1.0,1.0,1.0,0.026,0.051,0.077,0.015,0.028,0.043,0.682,0.517,0.4,0.396,0.705,0.456,0.767,0.891,0.895,0.9,0.892,0.897,0.901,396.0,1.0,1.0,0.77,1.0,1.0,de_strength
scvis,de_1.0,1.0,1.0,1.0,1.0,0.03,0.064,0.106,0.017,0.037,0.065,0.705,0.57,0.4,0.558,0.747,0.517,0.785,0.898,0.905,0.912,0.942,0.948,0.952,284.0,1.0,1.0,0.8,1.0,1.0,de_strength
tGPLVM,de_1.0,1.0,1.0,1.0,1.0,0.026,0.051,0.077,0.014,0.027,0.041,0.708,0.609,0.2,0.651,0.725,0.454,0.792,0.892,0.896,0.9,0.887,0.894,0.899,396.0,1.0,1.0,0.97,1.0,1.0,de_strength
VASC,de_1.0,0.188,0.188,0.188,0.303,0.019,0.02,0.051,0.01,0.01,0.026,0.496,0.0,0.0,0.564,,,,0.555,0.553,0.546,0.542,0.524,0.521,,0.0,0.0,0.0,1.0,0.0,de_strength
DRA,out_0.1,0.263,0.256,0.259,0.294,0.006,0.011,0.016,0.003,0.006,0.008,0.5,0.025,0.4,0.583,0.501,0.063,0.563,0.504,0.505,0.505,0.494,0.496,0.5,250.0,-0.0,0.0,0.33,0.0,0.0,out
DREAM,out_0.1,0.28,0.326,0.342,0.364,0.006,0.011,0.016,0.003,0.006,0.008,0.499,0.027,0.2,0.689,0.507,0.242,0.741,0.51,0.51,0.511,0.526,0.526,0.526,938.0,0.02,0.02,0.31,0.02,0.02,out
EDGE,out_0.1,0.976,0.973,0.977,0.978,0.021,0.037,0.052,0.011,0.019,0.027,0.578,0.183,0.8,0.956,0.567,0.206,0.657,0.653,0.655,0.656,0.795,0.77,0.756,397.0,0.94,0.9,0.51,0.89,0.9,out
GLMPCA,out_0.1,0.925,0.934,0.932,0.938,0.018,0.033,0.048,0.009,0.017,0.025,0.602,0.243,0.8,0.832,0.58,0.211,0.671,0.643,0.647,0.651,0.829,0.805,0.788,397.0,0.9,0.87,0.55,0.86,0.87,out
PCA,out_0.1,0.892,0.899,0.9,0.903,0.018,0.033,0.048,0.009,0.017,0.024,0.579,0.209,0.8,0.944,0.577,0.213,0.667,0.639,0.641,0.645,0.832,0.806,0.787,396.0,0.82,0.89,0.71,0.88,0.89,out
PHATE,out_0.1,1.0,0.999,0.999,1.0,0.02,0.038,0.051,0.011,0.02,0.026,0.562,0.176,0.8,0.863,0.571,0.209,0.657,0.663,0.663,0.664,0.828,0.798,0.777,385.0,1.0,1.0,0.89,1.0,1.0,out
PaCMAP,out_0.1,0.224,0.259,0.267,0.301,0.005,0.01,0.015,0.003,0.005,0.008,0.502,-0.0,0.4,0.278,0.499,0.135,0.635,0.499,0.5,0.501,0.497,0.498,0.5,543.0,-0.0,0.0,0.93,0.0,0.0,out
ParametricUMAP200,out_0.1,0.999,0.999,0.999,0.999,0.03,0.044,0.058,0.012,0.02,0.027,0.571,0.181,0.8,0.969,0.57,0.215,0.657,0.661,0.664,0.667,0.837,0.8,0.776,394.0,1.0,1.0,0.81,1.0,1.0,out
ParametricUMAP50,out_0.1,0.998,0.998,0.998,0.998,0.026,0.043,0.057,0.013,0.02,0.028,0.57,0.177,0.8,0.969,0.57,0.217,0.657,0.659,0.662,0.664,0.83,0.795,0.773,394.0,1.0,0.99,0.81,0.99,0.99,out
SAUCIE,out_0.1,0.248,0.269,0.278,0.312,0.005,0.011,0.016,0.003,0.006,0.009,0.518,0.106,0.0,0.166,0.512,0.378,0.901,0.51,0.511,0.512,0.263,0.283,0.297,1485.0,-0.0,0.0,0.45,0.0,0.0,out
SCDRHA,out_0.1,0.997,0.996,0.992,0.994,0.019,0.032,0.043,0.01,0.018,0.024,0.565,0.146,0.2,0.502,0.554,0.176,0.647,0.658,0.66,0.663,0.653,0.641,0.633,395.0,0.59,0.76,0.6,0.75,0.77,out
SIMLR,out_0.1,1.0,1.0,1.0,1.0,0.029,0.049,0.064,0.017,0.03,0.04,0.533,0.116,0.4,0.869,0.55,0.216,0.639,0.676,0.677,0.678,0.763,0.732,0.713,421.0,1.0,1.0,0.94,1.0,1.0,out
SPDR,out_0.1,1.0,1.0,1.0,1.0,0.022,0.044,0.066,0.011,0.024,0.036,0.566,0.181,0.6,0.489,0.585,0.232,0.636,0.679,0.69,0.701,0.844,0.811,0.791,253.0,1.0,1.0,0.88,1.0,1.0,out
SQuaD_MDS,out_0.1,0.648,0.66,0.665,0.67,0.009,0.019,0.026,0.005,0.01,0.014,0.655,0.505,0.8,0.851,0.611,0.314,0.804,0.588,0.594,0.597,0.769,0.769,0.769,787.0,0.28,0.32,0.32,0.32,0.33,out
SQuaD_MDS_hybrid,out_0.1,0.964,0.967,0.965,0.965,0.037,0.047,0.061,0.009,0.017,0.026,0.571,0.207,0.8,0.9,0.578,0.199,0.639,0.652,0.656,0.662,0.849,0.818,0.799,277.0,0.9,0.86,0.51,0.86,0.87,out
SSNMDI,out_0.1,0.218,0.234,0.255,0.29,0.006,0.011,0.016,0.003,0.006,0.008,0.508,0.011,0.0,0.303,0.5,0.158,0.66,0.503,0.507,0.508,0.517,0.513,0.513,636.0,-0.0,0.01,0.61,0.01,0.01,out
TSNE,out_0.1,1.0,1.0,1.0,1.0,0.023,0.043,0.062,0.012,0.023,0.033,0.584,0.194,0.2,0.309,0.584,0.219,0.645,0.688,0.692,0.699,0.835,0.804,0.785,288.0,1.0,1.0,0.85,1.0,1.0,out
TriMap,out_0.1,1.0,1.0,1.0,1.0,0.023,0.042,0.062,0.013,0.023,0.034,0.602,0.269,0.2,0.645,0.6,0.23,0.659,0.683,0.694,0.704,0.851,0.826,0.809,278.0,1.0,1.0,0.88,1.0,1.0,out
UMAP,out_0.1,0.996,0.995,0.996,0.996,0.028,0.043,0.058,0.013,0.02,0.028,0.574,0.182,0.8,0.944,0.571,0.214,0.658,0.657,0.659,0.661,0.845,0.806,0.78,394.0,0.99,0.98,0.66,0.98,0.99,out
VAE,out_0.1,0.992,0.994,0.993,0.993,0.024,0.041,0.058,0.012,0.021,0.03,0.568,0.172,0.4,0.726,0.573,0.195,0.634,0.685,0.686,0.687,0.831,0.801,0.781,280.0,0.96,0.93,0.53,0.93,0.94,out
ZIFA,out_0.1,0.893,0.901,0.9,0.903,0.018,0.034,0.048,0.01,0.017,0.025,0.591,0.203,0.8,0.944,0.576,0.218,0.668,0.641,0.643,0.646,0.832,0.803,0.784,406.0,0.82,0.89,0.72,0.88,0.89,out
ivis,out_0.1,0.322,0.362,0.382,0.394,0.006,0.013,0.018,0.003,0.007,0.009,0.524,0.046,0.2,0.546,0.512,0.214,0.713,0.517,0.519,0.521,0.572,0.563,0.559,805.0,0.02,0.03,0.34,0.03,0.03,out
pCMF,out_0.1,0.218,0.247,0.253,0.298,0.005,0.011,0.015,0.003,0.005,0.008,0.502,-0.039,0.2,0.097,0.499,0.412,0.917,0.503,0.504,0.504,0.454,0.465,0.471,1651.0,0.0,0.0,0.02,0.0,0.0,out
scGAE,out_0.1,0.467,0.466,0.464,0.406,0.008,0.013,0.018,0.004,0.007,0.01,0.507,0.055,0.2,0.122,0.503,0.42,0.933,0.546,0.541,0.537,0.382,0.395,0.403,1673.0,-0.0,0.0,0.5,0.0,0.0,out
scGBM,out_0.1,0.885,0.889,0.892,0.892,0.017,0.032,0.046,0.008,0.017,0.024,0.592,0.235,0.8,0.844,0.58,0.221,0.678,0.635,0.642,0.646,0.827,0.806,0.79,431.0,0.76,0.84,0.55,0.83,0.85,out
scScope,out_0.1,0.303,0.328,0.331,0.346,0.006,0.011,0.017,0.003,0.006,0.009,0.5,-0.005,0.4,0.658,0.502,0.067,0.564,0.509,0.509,0.511,0.453,0.461,0.466,251.0,0.01,0.01,0.35,0.01,0.01,out
scvis,out_0.1,0.267,0.271,0.282,0.3,0.005,0.009,0.015,0.003,0.005,0.008,0.538,0.355,0.0,0.427,0.525,0.377,0.909,0.509,0.508,0.509,0.35,0.358,0.364,1442.0,0.01,0.01,0.83,0.01,0.01,out
tGPLVM,out_0.1,0.944,0.945,0.944,0.941,0.019,0.033,0.048,0.01,0.017,0.025,0.589,0.207,0.8,0.844,0.576,0.212,0.666,0.645,0.649,0.653,0.819,0.791,0.772,396.0,0.94,0.91,0.81,0.91,0.91,out
VASC,out_0.1,0.188,0.188,0.188,0.303,0.024,0.025,0.035,0.013,0.013,0.018,0.509,0.0,0.2,0.409,,,,0.547,0.55,0.529,0.535,0.528,0.527,,0.0,0.0,0.0,1.0,0.0,out
DRA,out_0.2,0.234,0.254,0.244,0.306,0.004,0.01,0.016,0.003,0.005,0.008,0.494,0.042,0.4,0.72,0.503,0.351,0.852,0.503,0.503,0.504,0.51,0.513,0.515,1392.0,0.0,0.0,0.32,0.0,0.0,out
DREAM,out_0.2,0.234,0.275,0.284,0.32,0.005,0.01,0.016,0.002,0.005,0.008,0.51,0.034,0.6,0.739,0.503,0.083,0.582,0.504,0.506,0.506,0.547,0.538,0.534,316.0,0.01,0.01,0.31,0.01,0.01,out
EDGE,out_0.2,0.999,0.999,0.998,0.999,0.023,0.044,0.063,0.012,0.023,0.032,0.581,0.178,0.4,0.514,0.582,0.246,0.663,0.697,0.702,0.705,0.831,0.815,0.804,386.0,0.99,0.98,0.62,0.97,0.98,out
GLMPCA,out_0.2,0.847,0.854,0.858,0.862,0.019,0.033,0.046,0.01,0.017,0.024,0.605,0.254,0.4,0.546,0.59,0.256,0.701,0.652,0.657,0.659,0.807,0.798,0.793,498.0,0.67,0.77,0.47,0.77,0.78,out
PCA,out_0.2,0.965,0.97,0.97,0.97,0.021,0.039,0.057,0.011,0.02,0.029,0.606,0.238,0.6,0.608,0.597,0.253,0.682,0.687,0.691,0.695,0.846,0.834,0.825,399.0,0.96,0.94,0.73,0.94,0.94,out
PHATE,out_0.2,1.0,1.0,1.0,1.0,0.022,0.041,0.058,0.012,0.021,0.03,0.589,0.2,0.6,0.639,0.588,0.245,0.673,0.695,0.697,0.701,0.819,0.809,0.8,394.0,1.0,1.0,0.96,1.0,1.0,out
PaCMAP,out_0.2,0.231,0.251,0.268,0.301,0.005,0.009,0.014,0.003,0.005,0.007,0.498,0.0,0.2,0.732,0.499,0.168,0.669,0.499,0.502,0.503,0.509,0.506,0.507,675.0,-0.0,0.0,0.93,0.0,0.0,out
ParametricUMAP200,out_0.2,1.0,1.0,1.0,1.0,0.03,0.049,0.069,0.014,0.024,0.034,0.59,0.205,0.6,0.658,0.588,0.254,0.67,0.699,0.703,0.706,0.859,0.838,0.822,396.0,1.0,1.0,0.87,1.0,1.0,out
ParametricUMAP50,out_0.2,1.0,1.0,1.0,1.0,0.03,0.049,0.067,0.014,0.024,0.034,0.583,0.202,0.6,0.614,0.586,0.25,0.669,0.698,0.701,0.705,0.857,0.836,0.82,396.0,1.0,1.0,0.86,1.0,1.0,out
SAUCIE,out_0.2,0.299,0.314,0.343,0.354,0.007,0.012,0.018,0.004,0.006,0.01,0.513,0.062,0.4,0.757,0.511,0.395,0.909,0.513,0.514,0.516,0.297,0.325,0.343,1547.0,0.0,0.01,0.36,0.01,0.01,out
SCDRHA,out_0.2,0.969,0.94,0.91,0.925,0.02,0.037,0.05,0.011,0.02,0.027,0.557,0.096,0.2,0.446,0.552,0.196,0.653,0.684,0.673,0.667,0.525,0.545,0.559,444.0,0.31,0.49,0.48,0.49,0.49,out
SIMLR,out_0.2,1.0,1.0,1.0,1.0,0.036,0.058,0.076,0.021,0.035,0.047,0.557,0.144,0.2,0.209,0.576,0.271,0.664,0.717,0.717,0.72,0.793,0.78,0.77,446.0,1.0,1.0,0.94,1.0,1.0,out
SPDR,out_0.2,1.0,1.0,1.0,1.0,0.025,0.051,0.078,0.013,0.028,0.044,0.595,0.211,0.2,0.296,0.603,0.27,0.652,0.718,0.727,0.737,0.874,0.856,0.845,258.0,1.0,1.0,0.88,1.0,1.0,out
SQuaD_MDS,out_0.2,0.664,0.667,0.672,0.671,0.009,0.018,0.027,0.005,0.01,0.014,0.665,0.504,0.4,0.539,0.615,0.313,0.798,0.606,0.61,0.615,0.765,0.767,0.769,750.0,0.29,0.34,0.32,0.33,0.35,out
SQuaD_MDS_hybrid,out_0.2,0.967,0.966,0.968,0.968,0.035,0.054,0.074,0.013,0.024,0.037,0.585,0.233,0.2,0.377,0.595,0.232,0.649,0.687,0.693,0.699,0.865,0.845,0.833,259.0,0.89,0.86,0.58,0.85,0.86,out
SSNMDI,out_0.2,0.226,0.255,0.268,0.298,0.005,0.01,0.015,0.002,0.005,0.008,0.504,-0.018,0.0,0.209,0.5,0.023,0.522,0.503,0.503,0.503,0.502,0.5,0.503,88.0,0.0,0.0,0.55,0.0,0.0,out
TSNE,out_0.2,1.0,1.0,1.0,1.0,0.025,0.049,0.072,0.013,0.026,0.039,0.607,0.234,0.4,0.645,0.604,0.251,0.661,0.726,0.729,0.735,0.861,0.843,0.833,275.0,1.0,1.0,0.84,1.0,1.0,out
TriMap,out_0.2,1.0,1.0,1.0,1.0,0.026,0.051,0.075,0.014,0.028,0.042,0.593,0.25,0.6,0.695,0.61,0.27,0.662,0.726,0.736,0.745,0.874,0.859,0.848,269.0,1.0,1.0,0.88,1.0,1.0,out
UMAP,out_0.2,0.999,0.999,0.999,0.999,0.029,0.049,0.067,0.015,0.025,0.034,0.58,0.208,0.6,0.633,0.587,0.251,0.67,0.695,0.698,0.701,0.861,0.84,0.824,396.0,1.0,1.0,0.75,1.0,1.0,out
VAE,out_0.2,0.986,0.984,0.984,0.983,0.027,0.048,0.069,0.013,0.025,0.037,0.585,0.195,0.4,0.664,0.587,0.231,0.649,0.716,0.717,0.719,0.839,0.823,0.813,296.0,0.91,0.89,0.52,0.88,0.9,out
ZIFA,out_0.2,0.952,0.949,0.95,0.948,0.019,0.04,0.057,0.01,0.02,0.029,0.603,0.227,0.6,0.577,0.594,0.25,0.681,0.683,0.687,0.69,0.842,0.83,0.822,400.0,0.95,0.92,0.73,0.92,0.93,out
ivis,out_0.2,0.532,0.545,0.55,0.573,0.01,0.02,0.03,0.005,0.011,0.015,0.553,0.101,0.4,0.589,0.537,0.179,0.659,0.566,0.568,0.57,0.671,0.667,0.662,510.0,0.17,0.25,0.37,0.25,0.25,out
pCMF,out_0.2,0.221,0.248,0.257,0.297,0.006,0.01,0.015,0.003,0.005,0.008,0.5,-0.016,0.0,0.795,0.499,0.179,0.678,0.5,0.501,0.505,0.498,0.5,0.5,716.0,0.0,0.0,0.29,0.0,0.0,out
scGAE,out_0.2,0.463,0.474,0.469,0.398,0.008,0.013,0.02,0.004,0.007,0.01,0.499,0.011,0.2,0.514,0.504,0.404,0.911,0.555,0.549,0.545,0.375,0.393,0.404,1604.0,0.0,0.01,0.51,0.01,0.01,out
scGBM,out_0.2,0.88,0.888,0.889,0.894,0.019,0.034,0.048,0.01,0.018,0.025,0.602,0.247,0.6,0.602,0.591,0.26,0.694,0.665,0.668,0.672,0.815,0.806,0.8,475.0,0.73,0.8,0.51,0.79,0.81,out
scScope,out_0.2,0.355,0.383,0.374,0.369,0.006,0.012,0.018,0.003,0.006,0.009,0.509,0.022,0.4,0.682,0.503,0.045,0.543,0.517,0.517,0.517,0.5,0.501,0.502,162.0,0.01,0.01,0.35,0.01,0.01,out
scvis,out_0.2,0.245,0.255,0.268,0.312,0.005,0.009,0.015,0.003,0.005,0.008,0.501,0.026,0.0,0.097,0.505,0.39,0.907,0.506,0.509,0.511,0.222,0.258,0.283,1551.0,0.0,0.01,0.53,0.01,0.01,out
tGPLVM,out_0.2,1.0,1.0,1.0,1.0,0.022,0.041,0.06,0.011,0.021,0.031,0.598,0.228,0.4,0.689,0.596,0.254,0.679,0.696,0.701,0.706,0.839,0.824,0.815,394.0,1.0,1.0,0.93,1.0,1.0,out
VASC,out_0.2,0.218,0.268,0.235,0.298,0.021,0.018,0.038,0.011,0.009,0.019,0.527,0.211,0.2,0.402,,,,0.598,0.559,0.555,0.574,0.579,0.583,,-0.0,0.01,0.88,0.02,0.01,out
DRA,out_0.3,0.22,0.235,0.251,0.29,0.005,0.01,0.015,0.003,0.005,0.008,0.512,0.046,0.4,0.682,0.502,0.111,0.61,0.501,0.505,0.506,0.51,0.517,0.52,435.0,-0.0,0.0,0.32,0.0,0.0,out
DREAM,out_0.3,0.278,0.305,0.332,0.348,0.005,0.01,0.016,0.003,0.005,0.008,0.504,0.026,0.4,0.682,0.505,0.211,0.71,0.503,0.507,0.51,0.506,0.512,0.515,819.0,0.01,0.02,0.31,0.02,0.02,out
EDGE,out_0.3,0.996,0.996,0.996,0.996,0.024,0.046,0.066,0.012,0.024,0.034,0.597,0.232,0.4,0.832,0.598,0.279,0.676,0.724,0.724,0.727,0.854,0.846,0.837,394.0,0.99,0.98,0.64,0.98,0.98,out
GLMPCA,out_0.3,0.952,0.946,0.947,0.948,0.022,0.042,0.06,0.012,0.022,0.032,0.623,0.328,0.6,0.857,0.616,0.271,0.701,0.704,0.709,0.712,0.867,0.856,0.848,395.0,0.73,0.81,0.52,0.8,0.82,out
PCA,out_0.3,0.914,0.921,0.925,0.922,0.018,0.04,0.059,0.01,0.021,0.031,0.626,0.299,0.6,0.9,0.614,0.274,0.698,0.698,0.703,0.706,0.869,0.859,0.851,395.0,0.79,0.88,0.68,0.87,0.89,out
PHATE,out_0.3,1.0,1.0,1.0,1.0,0.024,0.042,0.063,0.012,0.022,0.033,0.587,0.226,0.8,0.658,0.598,0.274,0.679,0.716,0.717,0.72,0.853,0.842,0.835,396.0,1.0,1.0,0.98,1.0,1.0,out
PaCMAP,out_0.3,0.238,0.254,0.26,0.301,0.005,0.01,0.015,0.003,0.005,0.008,0.497,0.003,0.2,0.639,0.5,0.133,0.634,0.499,0.499,0.501,0.495,0.499,0.501,534.0,-0.0,0.0,0.94,0.0,0.0,out
ParametricUMAP200,out_0.3,1.0,1.0,1.0,1.0,0.031,0.051,0.07,0.014,0.025,0.035,0.598,0.25,0.6,0.913,0.603,0.284,0.682,0.722,0.726,0.729,0.87,0.856,0.846,396.0,1.0,1.0,0.91,1.0,1.0,out
ParametricUMAP50,out_0.3,1.0,1.0,1.0,1.0,0.029,0.051,0.07,0.014,0.025,0.035,0.593,0.245,0.6,0.745,0.604,0.285,0.682,0.723,0.726,0.729,0.869,0.854,0.844,395.0,1.0,1.0,0.9,1.0,1.0,out
SAUCIE,out_0.3,0.257,0.286,0.297,0.349,0.005,0.01,0.015,0.002,0.005,0.008,0.516,0.087,0.6,0.514,0.513,0.388,0.903,0.509,0.51,0.513,0.329,0.353,0.368,1515.0,0.01,0.01,0.34,0.01,0.01,out
SCDRHA,out_0.3,0.994,0.992,0.987,0.998,0.022,0.042,0.059,0.012,0.023,0.033,0.569,0.191,0.4,0.371,0.562,0.229,0.667,0.721,0.724,0.725,0.702,0.702,0.702,479.0,0.35,0.51,0.46,0.5,0.51,out
SIMLR,out_0.3,1.0,1.0,1.0,1.0,0.035,0.061,0.085,0.021,0.037,0.053,0.564,0.183,0.2,0.533,0.588,0.284,0.662,0.74,0.741,0.743,0.814,0.803,0.796,392.0,1.0,1.0,0.94,1.0,1.0,out
SPDR,out_0.3,1.0,1.0,1.0,1.0,0.03,0.057,0.084,0.016,0.031,0.047,0.611,0.23,0.4,0.24,0.619,0.304,0.666,0.743,0.751,0.762,0.892,0.88,0.872,262.0,1.0,1.0,0.89,1.0,1.0,out
SQuaD_MDS,out_0.3,0.698,0.708,0.706,0.706,0.011,0.022,0.033,0.006,0.012,0.018,0.684,0.535,0.6,0.739,0.628,0.313,0.794,0.625,0.631,0.635,0.787,0.789,0.792,689.0,0.33,0.37,0.32,0.36,0.38,out
SQuaD_MDS_hybrid,out_0.3,0.969,0.97,0.97,0.973,0.03,0.057,0.082,0.013,0.029,0.044,0.601,0.257,0.8,0.875,0.611,0.263,0.659,0.709,0.717,0.725,0.896,0.886,0.877,245.0,0.9,0.87,0.59,0.86,0.87,out
SSNMDI,out_0.3,0.245,0.259,0.258,0.296,0.004,0.01,0.015,0.002,0.005,0.008,0.494,0.006,0.2,0.732,0.5,0.251,0.752,0.5,0.503,0.504,0.477,0.482,0.485,1005.0,0.0,0.0,0.57,0.0,0.0,out
TSNE,out_0.3,1.0,1.0,1.0,1.0,0.028,0.053,0.079,0.015,0.028,0.043,0.609,0.246,0.0,0.402,0.617,0.285,0.672,0.748,0.753,0.758,0.89,0.876,0.867,284.0,1.0,1.0,0.85,1.0,1.0,out
TriMap,out_0.3,1.0,1.0,1.0,1.0,0.029,0.056,0.081,0.016,0.031,0.045,0.611,0.285,0.2,0.471,0.627,0.309,0.679,0.747,0.757,0.766,0.893,0.883,0.876,278.0,1.0,1.0,0.89,1.0,1.0,out
UMAP,out_0.3,1.0,1.0,1.0,1.0,0.029,0.05,0.071,0.015,0.026,0.037,0.601,0.252,0.6,0.95,0.603,0.281,0.683,0.715,0.72,0.723,0.873,0.861,0.851,396.0,1.0,1.0,0.81,1.0,1.0,out
VAE,out_0.3,0.993,0.993,0.994,0.994,0.028,0.051,0.075,0.014,0.027,0.039,0.583,0.217,0.2,0.197,0.602,0.252,0.659,0.743,0.742,0.743,0.859,0.848,0.842,280.0,0.94,0.92,0.53,0.92,0.92,out
ZIFA,out_0.3,0.922,0.921,0.924,0.926,0.021,0.041,0.059,0.011,0.021,0.031,0.618,0.288,0.6,0.894,0.612,0.273,0.695,0.699,0.703,0.705,0.869,0.859,0.851,395.0,0.79,0.88,0.69,0.87,0.89,out
ivis,out_0.3,0.507,0.544,0.551,0.557,0.009,0.018,0.026,0.005,0.009,0.014,0.536,0.096,0.2,0.595,0.53,0.138,0.627,0.564,0.565,0.564,0.574,0.579,0.584,396.0,0.14,0.16,0.33,0.16,0.17,out
pCMF,out_0.3,0.227,0.257,0.255,0.299,0.005,0.01,0.015,0.003,0.005,0.008,0.514,0.003,0.0,0.689,0.503,0.35,0.851,0.499,0.503,0.502,0.481,0.492,0.497,1389.0,-0.0,0.0,0.13,0.0,0.0,out
scGAE,out_0.3,0.395,0.384,0.354,0.337,0.007,0.012,0.017,0.004,0.006,0.009,0.514,0.073,0.2,0.346,0.504,0.356,0.87,0.539,0.531,0.528,0.427,0.435,0.441,1420.0,0.01,0.01,0.49,0.01,0.01,out
scGBM,out_0.3,0.89,0.895,0.895,0.896,0.021,0.04,0.058,0.011,0.021,0.03,0.621,0.302,0.6,0.782,0.612,0.268,0.696,0.692,0.697,0.701,0.857,0.847,0.841,394.0,0.78,0.86,0.55,0.85,0.87,out
scScope,out_0.3,0.328,0.34,0.35,0.342,0.006,0.011,0.018,0.003,0.006,0.009,0.514,0.06,0.2,0.415,0.509,0.272,0.77,0.515,0.516,0.516,0.529,0.528,0.53,1048.0,0.02,0.02,0.34,0.02,0.02,out
scvis,out_0.3,0.301,0.326,0.339,0.374,0.004,0.008,0.013,0.002,0.005,0.007,0.507,0.012,0.0,0.222,0.502,0.393,0.901,0.521,0.522,0.522,0.322,0.359,0.379,1569.0,0.0,0.01,0.5,0.01,0.01,out
tGPLVM,out_0.3,0.968,0.967,0.968,0.968,0.02,0.041,0.061,0.011,0.021,0.032,0.621,0.294,0.6,0.9,0.616,0.278,0.699,0.712,0.717,0.721,0.861,0.853,0.848,396.0,0.96,0.94,0.82,0.94,0.94,out
VASC,out_0.3,0.188,0.188,0.188,0.303,0.015,0.014,0.028,0.008,0.007,0.014,0.503,0.0,0.0,0.29,,,,0.514,0.548,0.526,0.548,0.53,0.53,,0.0,0.0,0.0,1.0,0.0,out
DRA,out_0.4,0.242,0.245,0.259,0.298,0.004,0.01,0.015,0.002,0.005,0.008,0.506,0.026,0.2,0.234,0.502,0.21,0.711,0.503,0.503,0.504,0.502,0.504,0.507,834.0,-0.0,0.0,0.32,0.0,0.0,out
DREAM,out_0.4,0.402,0.425,0.44,0.453,0.006,0.013,0.019,0.003,0.007,0.01,0.529,0.05,0.2,0.676,0.52,0.164,0.659,0.534,0.534,0.536,0.539,0.547,0.549,560.0,0.08,0.11,0.31,0.1,0.11,out
EDGE,out_0.4,1.0,1.0,1.0,1.0,0.023,0.046,0.068,0.012,0.024,0.035,0.609,0.241,0.4,0.77,0.603,0.28,0.685,0.716,0.719,0.723,0.874,0.862,0.851,403.0,1.0,1.0,0.66,1.0,1.0,out
GLMPCA,out_0.4,0.984,0.984,0.986,0.985,0.024,0.045,0.065,0.012,0.023,0.034,0.627,0.326,0.4,0.757,0.618,0.281,0.701,0.713,0.72,0.724,0.885,0.868,0.857,395.0,0.97,0.95,0.62,0.95,0.96,out
PCA,out_0.4,0.937,0.937,0.942,0.938,0.023,0.041,0.06,0.012,0.022,0.031,0.626,0.296,0.6,0.95,0.613,0.269,0.697,0.701,0.705,0.708,0.877,0.863,0.855,395.0,0.79,0.88,0.68,0.87,0.89,out
PHATE,out_0.4,1.0,1.0,1.0,1.0,0.024,0.045,0.064,0.012,0.023,0.033,0.6,0.238,0.4,0.826,0.602,0.273,0.684,0.712,0.715,0.718,0.869,0.851,0.839,401.0,1.0,1.0,0.97,1.0,1.0,out
PaCMAP,out_0.4,0.234,0.266,0.28,0.301,0.005,0.011,0.015,0.003,0.005,0.007,0.51,-0.003,0.4,0.546,0.499,0.213,0.715,0.499,0.498,0.499,0.499,0.501,0.5,857.0,-0.0,0.0,0.93,0.0,0.0,out
ParametricUMAP200,out_0.4,1.0,1.0,1.0,1.0,0.032,0.052,0.069,0.015,0.025,0.034,0.595,0.245,0.8,0.95,0.604,0.279,0.684,0.717,0.719,0.724,0.89,0.871,0.856,395.0,1.0,1.0,0.93,1.0,1.0,out
ParametricUMAP50,out_0.4,1.0,1.0,1.0,1.0,0.028,0.05,0.069,0.014,0.025,0.035,0.602,0.246,0.4,0.863,0.605,0.28,0.685,0.718,0.724,0.727,0.887,0.869,0.854,396.0,1.0,1.0,0.93,1.0,1.0,out
SAUCIE,out_0.4,0.254,0.284,0.29,0.322,0.005,0.01,0.015,0.003,0.005,0.008,0.518,0.11,0.4,0.763,0.513,0.391,0.911,0.509,0.51,0.511,0.308,0.33,0.347,1529.0,0.0,0.0,0.38,0.0,0.0,out
SCDRHA,out_0.4,0.973,0.96,0.941,0.93,0.021,0.038,0.051,0.012,0.021,0.029,0.583,0.24,0.2,0.751,0.583,0.21,0.665,0.709,0.706,0.706,0.671,0.672,0.674,357.0,0.53,0.65,0.52,0.66,0.64,out
SIMLR,out_0.4,1.0,1.0,1.0,1.0,0.036,0.062,0.082,0.021,0.04,0.054,0.604,0.241,1.0,0.838,0.605,0.298,0.701,0.733,0.733,0.734,0.841,0.826,0.817,479.0,1.0,1.0,0.93,1.0,1.0,out
SPDR,out_0.4,1.0,1.0,1.0,1.0,0.029,0.058,0.085,0.016,0.032,0.049,0.606,0.243,0.2,0.483,0.621,0.298,0.669,0.74,0.75,0.761,0.921,0.899,0.882,258.0,1.0,1.0,0.89,1.0,1.0,out
SQuaD_MDS,out_0.4,0.668,0.693,0.695,0.702,0.011,0.021,0.032,0.006,0.011,0.017,0.691,0.56,0.6,0.851,0.633,0.325,0.805,0.626,0.63,0.636,0.789,0.79,0.792,716.0,0.3,0.35,0.31,0.35,0.36,out
SQuaD_MDS_hybrid,out_0.4,0.99,0.989,0.988,0.99,0.034,0.054,0.078,0.012,0.025,0.039,0.601,0.253,0.6,0.508,0.614,0.27,0.666,0.716,0.723,0.728,0.916,0.897,0.882,264.0,0.96,0.94,0.66,0.94,0.94,out
SSNMDI,out_0.4,0.221,0.226,0.246,0.297,0.005,0.01,0.015,0.003,0.005,0.008,0.499,-0.001,0.0,0.39,0.5,0.052,0.551,0.502,0.5,0.501,0.49,0.5,0.502,204.0,0.0,0.01,0.54,0.01,0.01,out
TSNE,out_0.4,1.0,1.0,1.0,1.0,0.028,0.053,0.077,0.015,0.029,0.043,0.619,0.267,0.4,0.732,0.619,0.273,0.673,0.744,0.747,0.755,0.913,0.892,0.876,274.0,1.0,1.0,0.84,1.0,1.0,out
TriMap,out_0.4,1.0,1.0,1.0,1.0,0.029,0.056,0.082,0.016,0.031,0.046,0.626,0.298,0.6,0.888,0.63,0.303,0.684,0.742,0.753,0.763,0.917,0.898,0.885,282.0,1.0,1.0,0.88,1.0,1.0,out
UMAP,out_0.4,1.0,1.0,1.0,1.0,0.03,0.05,0.067,0.015,0.025,0.034,0.592,0.233,0.2,0.813,0.601,0.274,0.681,0.714,0.716,0.719,0.89,0.87,0.854,395.0,1.0,1.0,0.88,1.0,1.0,out
VAE,out_0.4,0.995,0.994,0.995,0.994,0.029,0.051,0.073,0.016,0.027,0.038,0.588,0.222,0.4,0.707,0.602,0.258,0.663,0.735,0.735,0.739,0.886,0.864,0.85,301.0,0.95,0.93,0.54,0.93,0.94,out
ZIFA,out_0.4,0.922,0.932,0.932,0.93,0.02,0.041,0.06,0.011,0.021,0.031,0.615,0.275,0.6,0.932,0.608,0.265,0.692,0.697,0.701,0.705,0.873,0.86,0.852,395.0,0.93,0.9,0.73,0.9,0.91,out
ivis,out_0.4,0.749,0.747,0.749,0.754,0.011,0.024,0.036,0.006,0.013,0.019,0.605,0.243,0.2,0.689,0.591,0.267,0.706,0.647,0.646,0.647,0.777,0.786,0.792,522.0,0.58,0.67,0.63,0.66,0.68,out
pCMF,out_0.4,0.243,0.247,0.259,0.298,0.004,0.01,0.015,0.003,0.005,0.008,0.5,-0.029,0.2,0.452,0.498,0.057,0.555,0.5,0.502,0.504,0.501,0.5,0.502,228.0,0.0,0.0,0.22,0.0,0.0,out
scGAE,out_0.4,0.33,0.313,0.324,0.288,0.007,0.012,0.017,0.004,0.006,0.009,0.506,0.003,0.4,0.701,0.505,0.286,0.79,0.527,0.522,0.519,0.333,0.353,0.367,1129.0,0.0,0.0,0.49,0.0,0.0,out
scGBM,out_0.4,0.902,0.904,0.908,0.907,0.02,0.039,0.057,0.011,0.02,0.03,0.621,0.301,0.6,0.9,0.613,0.269,0.698,0.695,0.698,0.703,0.869,0.855,0.847,397.0,0.78,0.87,0.58,0.85,0.88,out
scScope,out_0.4,0.323,0.355,0.355,0.348,0.006,0.012,0.018,0.003,0.006,0.009,0.508,0.036,0.2,0.763,0.507,0.209,0.706,0.513,0.513,0.514,0.544,0.54,0.537,802.0,0.02,0.02,0.34,0.02,0.02,out
scvis,out_0.4,0.273,0.299,0.313,0.312,0.004,0.009,0.014,0.002,0.005,0.008,0.498,0.04,0.4,0.353,0.505,0.374,0.893,0.515,0.515,0.516,0.213,0.257,0.284,1493.0,0.0,0.01,0.52,0.01,0.01,out
tGPLVM,out_0.4,0.788,0.802,0.8,0.782,0.016,0.031,0.044,0.008,0.016,0.023,0.609,0.251,0.4,0.844,0.594,0.269,0.708,0.647,0.652,0.655,0.822,0.815,0.81,520.0,0.62,0.71,0.51,0.7,0.72,out
VASC,out_0.4,0.188,0.188,0.188,0.303,0.041,0.032,0.047,0.022,0.017,0.024,0.497,0.0,0.8,0.219,,,,0.589,0.568,0.558,0.521,0.515,0.515,,0.0,0.0,0.0,1.0,0.0,out
DRA,out_0.5,0.254,0.258,0.258,0.296,0.005,0.01,0.014,0.003,0.005,0.007,0.503,0.031,0.6,0.57,0.502,0.139,0.638,0.501,0.506,0.507,0.502,0.508,0.512,547.0,-0.0,0.0,0.32,0.0,0.0,out
DREAM,out_0.5,0.519,0.534,0.546,0.559,0.009,0.018,0.027,0.005,0.009,0.014,0.536,0.087,0.2,0.919,0.536,0.161,0.645,0.566,0.567,0.568,0.618,0.629,0.631,448.0,0.15,0.21,0.33,0.21,0.22,out
EDGE,out_0.5,0.998,0.998,0.999,0.998,0.026,0.05,0.073,0.014,0.026,0.038,0.617,0.258,0.8,0.944,0.612,0.29,0.691,0.726,0.731,0.734,0.887,0.878,0.871,395.0,1.0,0.99,0.68,0.99,0.99,out
GLMPCA,out_0.5,0.928,0.935,0.936,0.94,0.022,0.042,0.063,0.012,0.022,0.033,0.634,0.311,0.6,0.963,0.623,0.286,0.707,0.709,0.715,0.721,0.883,0.877,0.873,395.0,0.79,0.88,0.6,0.87,0.89,out
PCA,out_0.5,0.922,0.922,0.929,0.932,0.021,0.042,0.064,0.012,0.022,0.034,0.635,0.302,0.8,0.963,0.622,0.286,0.705,0.707,0.714,0.719,0.888,0.882,0.876,395.0,0.79,0.88,0.68,0.87,0.89,out
PHATE,out_0.5,1.0,1.0,1.0,1.0,0.024,0.046,0.068,0.012,0.024,0.035,0.603,0.245,1.0,0.882,0.609,0.288,0.688,0.722,0.726,0.73,0.879,0.872,0.865,393.0,1.0,1.0,0.98,1.0,1.0,out
PaCMAP,out_0.5,0.236,0.263,0.273,0.301,0.005,0.01,0.015,0.003,0.005,0.008,0.506,0.002,0.4,0.328,0.5,0.379,0.882,0.498,0.503,0.503,0.509,0.505,0.504,1518.0,-0.0,0.0,0.94,0.0,0.0,out
ParametricUMAP200,out_0.5,1.0,1.0,1.0,1.0,0.031,0.052,0.072,0.014,0.026,0.036,0.604,0.249,0.8,0.776,0.612,0.293,0.691,0.727,0.733,0.735,0.892,0.881,0.871,395.0,1.0,1.0,0.94,1.0,1.0,out
ParametricUMAP50,out_0.5,1.0,1.0,1.0,1.0,0.028,0.053,0.074,0.014,0.027,0.038,0.599,0.242,0.6,0.77,0.609,0.292,0.687,0.728,0.733,0.736,0.887,0.877,0.869,396.0,1.0,1.0,0.94,1.0,1.0,out
SAUCIE,out_0.5,0.31,0.334,0.333,0.363,0.005,0.011,0.016,0.003,0.006,0.009,0.526,0.144,0.2,0.795,0.518,0.395,0.912,0.517,0.519,0.52,0.306,0.334,0.353,1525.0,0.0,0.01,0.35,0.01,0.01,out
SCDRHA,out_0.5,0.986,0.983,0.983,0.986,0.022,0.043,0.061,0.013,0.025,0.035,0.59,0.245,0.4,0.77,0.589,0.281,0.697,0.727,0.731,0.733,0.766,0.766,0.766,520.0,0.54,0.7,0.57,0.7,0.7,out
SIMLR,out_0.5,1.0,1.0,1.0,1.0,0.036,0.065,0.087,0.021,0.042,0.059,0.556,0.155,0.4,0.589,0.587,0.315,0.673,0.742,0.741,0.742,0.844,0.838,0.83,479.0,1.0,1.0,0.93,1.0,1.0,out
SPDR,out_0.5,1.0,1.0,1.0,1.0,0.028,0.061,0.091,0.016,0.034,0.053,0.599,0.231,0.6,0.645,0.627,0.317,0.672,0.75,0.76,0.772,0.932,0.924,0.915,252.0,1.0,1.0,0.89,1.0,1.0,out
SQuaD_MDS,out_0.5,0.72,0.728,0.734,0.737,0.014,0.027,0.039,0.008,0.015,0.022,0.702,0.586,0.2,0.807,0.643,0.326,0.804,0.637,0.644,0.648,0.803,0.806,0.807,672.0,0.38,0.41,0.32,0.4,0.42,out
SQuaD_MDS_hybrid,out_0.5,0.996,0.995,0.994,0.996,0.034,0.057,0.085,0.014,0.028,0.045,0.6,0.25,1.0,0.807,0.618,0.279,0.666,0.729,0.734,0.741,0.923,0.914,0.907,246.0,0.97,0.95,0.67,0.95,0.96,out
SSNMDI,out_0.5,0.256,0.266,0.274,0.294,0.005,0.01,0.016,0.003,0.005,0.008,0.5,0.008,0.0,0.29,0.5,0.008,0.507,0.503,0.504,0.507,0.502,0.503,0.504,30.0,0.0,0.01,0.53,0.01,0.01,out
TSNE,out_0.5,1.0,1.0,1.0,1.0,0.029,0.056,0.083,0.016,0.031,0.046,0.603,0.254,0.2,0.265,0.622,0.289,0.676,0.751,0.756,0.763,0.918,0.908,0.896,280.0,1.0,1.0,0.85,1.0,1.0,out
TriMap,out_0.5,1.0,1.0,1.0,1.0,0.028,0.057,0.086,0.015,0.032,0.05,0.632,0.293,1.0,0.919,0.637,0.318,0.687,0.752,0.763,0.774,0.924,0.916,0.908,269.0,1.0,1.0,0.89,1.0,1.0,out
UMAP,out_0.5,1.0,1.0,1.0,1.0,0.029,0.052,0.074,0.016,0.027,0.038,0.6,0.253,0.6,0.795,0.61,0.286,0.69,0.723,0.727,0.731,0.901,0.888,0.876,396.0,1.0,1.0,0.9,1.0,1.0,out
VAE,out_0.5,0.996,0.996,0.995,0.994,0.03,0.053,0.078,0.015,0.028,0.042,0.603,0.247,1.0,0.77,0.61,0.268,0.667,0.746,0.748,0.752,0.906,0.895,0.885,285.0,0.95,0.94,0.56,0.93,0.94,out
ZIFA,out_0.5,0.921,0.924,0.922,0.922,0.02,0.041,0.062,0.011,0.022,0.033,0.616,0.269,0.6,0.894,0.615,0.283,0.697,0.704,0.709,0.713,0.886,0.88,0.875,395.0,0.79,0.88,0.7,0.87,0.89,out
ivis,out_0.5,0.851,0.855,0.856,0.858,0.015,0.028,0.042,0.008,0.015,0.023,0.614,0.264,0.6,0.807,0.604,0.3,0.711,0.685,0.684,0.683,0.797,0.811,0.82,517.0,0.8,0.76,0.7,0.76,0.77,out
pCMF,out_0.5,0.238,0.245,0.251,0.298,0.005,0.01,0.015,0.003,0.005,0.008,0.492,-0.068,0.2,0.489,0.499,0.314,0.815,0.501,0.501,0.504,0.471,0.479,0.484,1261.0,0.0,0.0,0.14,0.01,0.0,out
scGAE,out_0.5,0.469,0.452,0.439,0.414,0.007,0.014,0.02,0.004,0.008,0.011,0.493,0.02,0.2,0.782,0.496,0.437,0.954,0.555,0.543,0.538,0.372,0.389,0.401,1768.0,0.01,0.01,0.51,0.01,0.01,out
scGBM,out_0.5,0.931,0.934,0.932,0.929,0.022,0.043,0.063,0.012,0.022,0.033,0.631,0.309,0.6,0.888,0.623,0.284,0.704,0.708,0.713,0.717,0.886,0.88,0.875,386.0,0.79,0.88,0.61,0.87,0.89,out
scScope,out_0.5,0.3,0.296,0.302,0.318,0.006,0.011,0.016,0.003,0.006,0.008,0.501,-0.006,0.4,0.844,0.503,0.175,0.673,0.511,0.512,0.511,0.496,0.507,0.51,684.0,0.01,0.01,0.34,0.01,0.01,out
scvis,out_0.5,0.281,0.31,0.323,0.358,0.005,0.011,0.016,0.003,0.006,0.009,0.523,0.161,0.2,0.328,0.519,0.388,0.911,0.516,0.518,0.519,0.221,0.266,0.294,1497.0,0.02,0.03,0.33,0.03,0.03,out
tGPLVM,out_0.5,0.952,0.954,0.955,0.956,0.024,0.046,0.066,0.013,0.025,0.035,0.625,0.304,0.8,0.875,0.623,0.284,0.706,0.715,0.722,0.729,0.872,0.87,0.867,395.0,0.95,0.92,0.82,0.92,0.92,out
VASC,out_0.5,0.188,0.188,0.188,0.303,0.019,0.018,0.04,0.01,0.009,0.02,0.501,0.0,0.2,0.303,,,,0.56,0.578,0.547,0.515,0.523,0.526,,0.0,0.0,0.0,1.0,0.0,out
